character_id,name,epoch,civilization,region,active_year_start,active_year_end,primary_domain,historical_role,associated_event_id,power_index,network_centrality,legitimacy,rationality,charisma,ideological_extremity,momentum,duration_of_influence_months,actor_volatility,trigger_force,token_impact_score_tis,tim_foundation,tim_dynamics,tim_chaos,mule_clause_risk
CHR-MED-0001,Chamberlain Zhang of Umayyad Caliphate (Al-Andalus),medieval,Classic Maya & Postclassic,Mesoamerica,1077,1083,Economic,stabilizer,EVT-MED-0001,0.6471,0.732,0.8345,0.7587,0.5345,0.2158,0.482,157,0.2285,0.5811,0.485,0.8163,0.8462,0.7566,false
CHR-MED-0002,Astronomer Song of Kamakura / Muromachi Japan,medieval,Song Dynasty,East Asia,1308,1331,Scientific,wildcard,EVT-MED-0002,0.6831,0.7973,0.4456,0.203,0.3367,0.3847,0.6084,24,0.5909,0.6532,0.5851,1.0255,1.0768,1.1281,false
CHR-MED-0003,Metallurgist Lafayette of Mongol Empire / Ilkhanate,medieval,Khmer Empire,Southeast Asia,1455,1472,Scientific,architect,EVT-MED-0003,0.6799,0.7014,0.8468,0.9166,0.627,0.4008,0.6314,38,0.2421,0.6605,0.5436,0.8307,0.8611,0.7699,false
CHR-MED-0004,Poet Laureate Theodosius of Classic Maya & Postclassic,medieval,Holy Roman Empire,Central Europe,797,813,Cultural,stabilizer,EVT-MED-0004,0.6173,0.757,0.7548,0.7432,0.6158,0.3144,0.6375,164,0.2856,0.6254,0.5404,0.8299,0.8603,0.7692,false
CHR-MED-0005,Chronicler Thutmose of Khmer Empire,medieval,Holy Roman Empire,Central Europe,1047,1078,Cultural,stabilizer,EVT-MED-0005,0.7497,0.7743,0.9021,0.7297,0.4778,0.28,0.4923,216,0.2752,0.6468,0.5144,0.8235,0.8537,0.7633,false
CHR-MED-0006,Customs Director Naram-Sin of Holy Roman Empire,medieval,Kamakura / Muromachi Japan,East Asia,1231,1265,Economic,stabilizer,EVT-MED-0006,0.7414,0.586,0.722,0.8992,0.4647,0.122,0.4571,186,0.1114,0.6277,0.4627,0.8108,0.8405,0.7515,false
CHR-MED-0007,Warlord Hathor of Song Dynasty,medieval,Byzantine Empire,Eastern Mediterranean,1453,1481,Military,wildcard,EVT-MED-0007,0.6052,0.4377,0.6676,0.3446,0.245,0.7426,0.8629,40,0.699,0.7083,0.5605,1.0182,1.0691,1.12,false
CHR-MED-0008,Strategos Samudra of Holy Roman Empire,medieval,Classic Maya & Postclassic,Mesoamerica,735,759,Military,stabilizer,EVT-MED-0008,0.6049,0.7231,0.7817,0.8145,0.5299,0.2939,0.6127,164,0.2397,0.608,0.5063,0.8215,0.8516,0.7614,false
CHR-MED-0009,Physician Otto of Kingdom of England,medieval,Mongol Empire / Ilkhanate,Eurasian Steppe,777,804,Scientific,disruptor,EVT-MED-0009,0.8248,0.6939,0.4234,0.4289,0.9286,0.8999,0.862,48,0.7355,0.8397,0.8001,1.25,1.25,1.25,true
CHR-MED-0010,General Necker of Chola Dynasty,medieval,Song Dynasty,East Asia,840,852,Military,stabilizer,EVT-MED-0010,0.6735,0.7596,0.9198,0.8457,0.4991,0.3001,0.6081,181,0.2272,0.6473,0.5091,0.8222,0.8523,0.7621,false
CHR-MED-0011,Syndic Marshall of Abbasid Caliphate,medieval,Kamakura / Muromachi Japan,East Asia,525,564,Economic,disruptor,EVT-MED-0011,0.631,0.8172,0.4792,0.6281,0.7153,0.9451,0.9076,32,0.6585,0.7417,0.7362,1.2315,1.25,1.25,false
CHR-MED-0012,Marshal Colbert of Holy Roman Empire,medieval,Umayyad Caliphate (Al-Andalus),Iberia / North Africa,566,585,Military,architect,EVT-MED-0012,0.8293,0.7296,0.7974,0.7401,0.575,0.3284,0.6406,146,0.2942,0.7538,0.5816,0.8401,0.8708,0.7786,false
CHR-MED-0013,Chronicler Hathor of Mongol Empire / Ilkhanate,medieval,Song Dynasty,East Asia,680,712,Cultural,wildcard,EVT-MED-0013,0.4458,0.6606,0.5268,0.5795,0.6891,0.4247,0.852,13,0.4226,0.6083,0.5738,1.0221,1.0732,1.1243,false
CHR-MED-0014,Hierophant Chen of Song Dynasty,medieval,Mongol Empire / Ilkhanate,Eurasian Steppe,1350,1369,Religious,disruptor,EVT-MED-0014,0.9242,0.837,0.3598,0.5842,0.9351,0.7351,0.8812,6,0.5755,0.907,0.8241,1.25,1.25,1.25,true
CHR-MED-0015,Chronicler Telepinu of Song Dynasty,medieval,Classic Maya & Postclassic,Mesoamerica,685,696,Cultural,disruptor,EVT-MED-0015,0.8002,0.711,0.491,0.3691,0.7148,0.9255,0.7967,35,0.7782,0.7988,0.7547,1.2379,1.25,1.25,true
CHR-MED-0016,Archon Narmer of Kamakura / Muromachi Japan,medieval,Umayyad Caliphate (Al-Andalus),Iberia / North Africa,1134,1160,Political,catalyst,EVT-MED-0016,0.6898,0.7176,0.7057,0.6994,0.8235,0.7918,0.9013,60,0.5462,0.7744,0.702,1.1136,1.2197,1.1667,false
CHR-MED-0017,Strategos Otto of Kingdom of England,medieval,Classic Maya & Postclassic,Mesoamerica,1416,1431,Military,wildcard,EVT-MED-0017,0.4141,0.4858,0.369,0.407,0.7723,0.2807,0.571,59,0.4368,0.4769,0.5127,1.0038,1.054,1.1042,false
CHR-MED-0018,Treasurer Rimush of Abbasid Caliphate,medieval,Byzantine Empire,Eastern Mediterranean,1263,1308,Economic,disruptor,EVT-MED-0018,0.8457,0.7635,0.3094,0.6211,0.9147,0.7661,0.9306,35,0.5725,0.8796,0.8057,1.25,1.25,1.25,true
CHR-MED-0019,Rhetorician Samsi-Adad of Kingdom of England,medieval,Song Dynasty,East Asia,1237,1276,Cultural,stabilizer,EVT-MED-0019,0.7251,0.6907,0.796,0.7293,0.6859,0.2553,0.4669,115,0.263,0.6218,0.53,0.8274,0.8577,0.7668,false
CHR-MED-0020,Senator Mentuhotep of Tang Dynasty,medieval,Khmer Empire,Southeast Asia,572,612,Political,wildcard,EVT-MED-0020,0.8343,0.5572,0.4026,0.7473,0.2379,0.1766,0.7907,34,0.2146,0.8169,0.5453,1.0136,1.0643,1.115,false
CHR-MED-0021,Strategos Dara of Kamakura / Muromachi Japan,medieval,Kamakura / Muromachi Japan,East Asia,933,966,Military,architect,EVT-MED-0021,0.8536,0.8599,0.8793,0.9045,0.7249,0.2555,0.6123,138,0.1755,0.7571,0.5981,0.8441,0.875,0.7824,false
CHR-MED-0022,Synod Envoy Friedrich of Umayyad Caliphate (Al-Andalus),medieval,Mongol Empire / Ilkhanate,Eurasian Steppe,1301,1309,Religious,catalyst,EVT-MED-0022,0.5919,0.8373,0.5236,0.576,0.8967,0.5266,0.8195,12,0.4753,0.683,0.6788,1.1063,1.2117,1.159,false
CHR-MED-0023,Chamberlain Justinian of Classic Maya & Postclassic,medieval,Kievan Rus,Eastern Europe,747,771,Economic,stabilizer,EVT-MED-0023,0.826,0.6335,0.8967,0.8441,0.6609,0.162,0.5374,145,0.159,0.7106,0.5237,0.8258,0.856,0.7654,false
CHR-MED-0024,Syndic Narmer of Abbasid Caliphate,medieval,Classic Maya & Postclassic,Mesoamerica,1204,1230,Economic,catalyst,EVT-MED-0024,0.7336,0.8028,0.6523,0.5775,0.8432,0.7946,0.9224,38,0.6085,0.8091,0.7437,1.1268,1.2341,1.1804,false
CHR-MED-0025,Dramatist Sumner of Khmer Empire,medieval,Umayyad Caliphate (Al-Andalus),Iberia / North Africa,1370,1404,Cultural,stabilizer,EVT-MED-0025,0.8015,0.6159,0.8295,0.7015,0.5189,0.3465,0.4408,216,0.3225,0.6572,0.5207,0.8251,0.8553,0.7647,false
CHR-MED-0026,Metallurgist Godfrey of Classic Maya & Postclassic,medieval,Mongol Empire / Ilkhanate,Eurasian Steppe,1444,1486,Scientific,architect,EVT-MED-0026,0.7976,0.7459,0.7393,0.849,0.7061,0.2219,0.7987,109,0.1865,0.7981,0.6039,0.8456,0.8765,0.7837,false
CHR-MED-0027,Senator Samsi-Adad of Khmer Empire,medieval,Chola Dynasty,South India,981,1021,Political,stabilizer,EVT-MED-0027,0.8151,0.7286,0.7539,0.8013,0.4849,0.1521,0.477,84,0.1754,0.6799,0.5147,0.8236,0.8538,0.7634,false
CHR-MED-0028,Senator Tariq of Byzantine Empire,medieval,Holy Roman Empire,Central Europe,670,710,Political,architect,EVT-MED-0028,0.8298,0.7582,0.7453,0.8478,0.6606,0.2657,0.6276,172,0.2089,0.7489,0.5873,0.8415,0.8723,0.7799,false
CHR-MED-0029,Strategos Sherman of Abbasid Caliphate,medieval,Mali Empire,West Africa,1167,1182,Military,stabilizer,EVT-MED-0029,0.588,0.6002,0.8604,0.8587,0.5257,0.3191,0.6552,134,0.2302,0.6149,0.4831,0.8158,0.8457,0.7561,false
CHR-MED-0030,Chamberlain Ibn-Sina of Chola Dynasty,medieval,Kievan Rus,Eastern Europe,936,980,Economic,stabilizer,EVT-MED-0030,0.7405,0.6049,0.8793,0.7085,0.4701,0.3091,0.6197,47,0.3003,0.6922,0.5123,0.823,0.8531,0.7628,false
CHR-MED-0031,Merchant Prince Wilhelm of Byzantine Empire,medieval,Holy Roman Empire,Central Europe,999,1008,Economic,catalyst,EVT-MED-0031,0.7696,0.853,0.6061,0.7173,0.8261,0.5017,0.71,53,0.3922,0.7457,0.6795,1.1066,1.2119,1.1592,false
CHR-MED-0032,Scribe Puduhepa of Umayyad Caliphate (Al-Andalus),medieval,Khmer Empire,Southeast Asia,800,828,Cultural,wildcard,EVT-MED-0032,0.6082,0.6111,0.2839,0.3306,0.2751,0.7012,0.463,43,0.6853,0.5501,0.5647,1.0194,1.0704,1.1213,false
CHR-MED-0033,Alchemist Li of Mali Empire,medieval,Chola Dynasty,South India,984,1010,Scientific,catalyst,EVT-MED-0033,0.6386,0.8965,0.472,0.6153,0.752,0.7074,0.8449,12,0.5461,0.7211,0.7118,1.1167,1.2231,1.1699,false
CHR-MED-0034,Geometer Seneb of Classic Maya & Postclassic,medieval,Mongol Empire / Ilkhanate,Eurasian Steppe,1238,1243,Scientific,architect,EVT-MED-0034,0.8646,0.6071,0.717,0.7537,0.603,0.2059,0.8136,118,0.2261,0.8442,0.5912,0.8424,0.8733,0.7808,false
CHR-MED-0035,Guild Master Friedrich of Kingdom of France,medieval,Abbasid Caliphate,Middle East,1089,1114,Economic,stabilizer,EVT-MED-0035,0.7159,0.736,0.7803,0.8143,0.6221,0.1534,0.5375,238,0.1695,0.6445,0.5176,0.8243,0.8545,0.764,false
CHR-MED-0036,Rhetorician Al-Mansur of Tang Dynasty,medieval,Byzantine Empire,Eastern Mediterranean,713,737,Cultural,disruptor,EVT-MED-0036,0.9396,0.7792,0.4041,0.5367,0.7883,0.7688,0.9492,31,0.616,0.9435,0.8105,1.25,1.25,1.25,true
CHR-MED-0037,Poet Laureate Talleyrand of Classic Maya & Postclassic,medieval,Chola Dynasty,South India,742,785,Cultural,stabilizer,EVT-MED-0037,0.6698,0.7556,0.8962,0.8946,0.5225,0.2713,0.5534,78,0.1883,0.6233,0.4985,0.8196,0.8496,0.7597,false
CHR-MED-0038,Chancellor Eleanor of Mongol Empire / Ilkhanate,medieval,Kingdom of France,Western Europe,1097,1104,Political,architect,EVT-MED-0038,0.8558,0.7185,0.7706,0.7099,0.6165,0.2075,0.7211,95,0.2488,0.8019,0.5909,0.8424,0.8732,0.7807,false
CHR-MED-0039,Chancellor Chandra of Khmer Empire,medieval,Kingdom of France,Western Europe,803,833,Political,wildcard,EVT-MED-0039,0.7898,0.4695,0.1724,0.673,0.8184,0.3746,0.6866,37,0.3508,0.7485,0.6489,1.0447,1.0969,1.1491,false
CHR-MED-0040,Synod Envoy Averroes of Kamakura / Muromachi Japan,medieval,Kingdom of France,Western Europe,761,795,Religious,architect,EVT-MED-0040,0.8031,0.6006,0.8946,0.7304,0.7041,0.2862,0.6951,91,0.2779,0.7599,0.5677,0.8367,0.8673,0.7754,false
CHR-MED-0041,Customs Director Averroes of Chola Dynasty,medieval,Classic Maya & Postclassic,Mesoamerica,607,621,Economic,catalyst,EVT-MED-0041,0.5896,0.8126,0.4704,0.6877,0.8372,0.7812,0.7765,13,0.5468,0.6644,0.6971,1.1121,1.218,1.165,false
CHR-MED-0042,Marshal Khaldun of Abbasid Caliphate,medieval,Mali Empire,West Africa,1482,1500,Military,disruptor,EVT-MED-0042,0.7262,0.5521,0.3647,0.5864,0.7732,0.7149,0.7546,13,0.5643,0.7375,0.685,1.2138,1.25,1.25,false
CHR-MED-0043,Merchant Prince Hattusili of Byzantine Empire,medieval,Kingdom of England,British Isles,922,939,Economic,wildcard,EVT-MED-0043,0.8243,0.3673,0.5594,0.2584,0.6092,0.229,0.6443,35,0.4853,0.7523,0.5647,1.0194,1.0704,1.1213,false
CHR-MED-0044,Admiral Labarna of Umayyad Caliphate (Al-Andalus),medieval,Kingdom of France,Western Europe,555,589,Military,stabilizer,EVT-MED-0044,0.7678,0.7988,0.9225,0.6937,0.6839,0.1847,0.648,186,0.2455,0.7199,0.5623,0.8353,0.8659,0.7742,false
CHR-MED-0045,Hierophant Eleanor of Mongol Empire / Ilkhanate,medieval,Kievan Rus,Eastern Europe,991,1009,Religious,wildcard,EVT-MED-0045,0.4386,0.4376,0.3729,0.2692,0.7223,0.265,0.7706,54,0.4979,0.5714,0.5382,1.0115,1.062,1.1126,false
CHR-MED-0046,Master Sculptor Mirabeau of Mongol Empire / Ilkhanate,medieval,Kamakura / Muromachi Japan,East Asia,650,673,Cultural,wildcard,EVT-MED-0046,0.7521,0.4438,0.6214,0.2329,0.4047,0.1956,0.473,41,0.4814,0.6405,0.4918,0.9975,1.0474,1.0973,false
CHR-MED-0047,Viceroy Suppiluliuma of Mongol Empire / Ilkhanate,medieval,Tang Dynasty,East Asia,504,533,Political,architect,EVT-MED-0047,0.6869,0.6499,0.7528,0.8374,0.5988,0.2367,0.7356,61,0.1997,0.7064,0.5377,0.8293,0.8596,0.7686,false
CHR-MED-0048,Metallurgist Samudra of Song Dynasty,medieval,Mali Empire,West Africa,940,948,Scientific,stabilizer,EVT-MED-0048,0.6058,0.772,0.8096,0.697,0.6788,0.3064,0.4735,122,0.3047,0.5529,0.5202,0.825,0.8552,0.7646,false
CHR-MED-0049,Warlord Telepinu of Kievan Rus,medieval,Khmer Empire,Southeast Asia,583,604,Military,catalyst,EVT-MED-0049,0.7482,0.8428,0.5876,0.7196,0.8181,0.4938,0.9138,49,0.3871,0.8145,0.7026,1.1138,1.2199,1.1669,false
CHR-MED-0050,Abbess Wilhelm of Mali Empire,medieval,Chola Dynasty,South India,1046,1053,Religious,catalyst,EVT-MED-0050,0.5504,0.8591,0.6854,0.6793,0.7315,0.6336,0.8263,41,0.4771,0.6608,0.6427,1.0949,1.1992,1.1471,false
CHR-MED-0051,Pontiff Colbert of Classic Maya & Postclassic,medieval,Byzantine Empire,Eastern Mediterranean,826,866,Religious,wildcard,EVT-MED-0051,0.5605,0.8342,0.3633,0.6241,0.2009,0.5354,0.8348,35,0.4557,0.6702,0.5834,1.025,1.0763,1.1275,false
CHR-MED-0052,Master Sculptor Mazarin of Mongol Empire / Ilkhanate,medieval,Umayyad Caliphate (Al-Andalus),Iberia / North Africa,1035,1068,Cultural,stabilizer,EVT-MED-0052,0.7841,0.5601,0.8566,0.6983,0.6651,0.3457,0.4507,171,0.3237,0.6508,0.5287,0.8271,0.8573,0.7665,false
CHR-MED-0053,Minister Telepinu of Mongol Empire / Ilkhanate,medieval,Holy Roman Empire,Central Europe,1275,1319,Political,disruptor,EVT-MED-0053,0.8371,0.7248,0.3043,0.6258,0.9208,0.9178,0.7424,43,0.646,0.7992,0.7934,1.25,1.25,1.25,true
CHR-MED-0054,Dramatist Rimush of Mali Empire,medieval,Kievan Rus,Eastern Europe,1421,1434,Cultural,stabilizer,EVT-MED-0054,0.6704,0.6488,0.7908,0.7579,0.5289,0.2857,0.5185,163,0.2639,0.6097,0.4979,0.8195,0.8495,0.7595,false
CHR-MED-0055,Mint Overseer Al-Mansur of Classic Maya & Postclassic,medieval,Kingdom of England,British Isles,1436,1466,Economic,disruptor,EVT-MED-0055,0.7148,0.8334,0.3209,0.6272,0.8762,0.747,0.9565,46,0.5599,0.8115,0.7772,1.2456,1.25,1.25,true
CHR-MED-0056,Abbess Narmer of Kamakura / Muromachi Japan,medieval,Kingdom of France,Western Europe,1191,1223,Religious,catalyst,EVT-MED-0056,0.7932,0.667,0.7487,0.6028,0.769,0.466,0.7968,54,0.4316,0.7947,0.6481,1.0967,1.2011,1.1489,false
CHR-MED-0057,High Priest Al-Mansur of Holy Roman Empire,medieval,Kievan Rus,Eastern Europe,1261,1292,Religious,wildcard,EVT-MED-0057,0.5669,0.6661,0.2827,0.437,0.8035,0.696,0.8615,5,0.6295,0.6847,0.6957,1.0587,1.1116,1.1646,false
CHR-MED-0058,Alchemist Samsi-Adad of Abbasid Caliphate,medieval,Kievan Rus,Eastern Europe,769,779,Scientific,catalyst,EVT-MED-0058,0.5321,0.8619,0.5867,0.7121,0.7611,0.4599,0.7539,20,0.3739,0.6208,0.6143,1.086,1.1894,1.1377,false
CHR-MED-0059,Rhetorician Kautilya of Kievan Rus,medieval,Classic Maya & Postclassic,Mesoamerica,1147,1181,Cultural,catalyst,EVT-MED-0059,0.607,0.9008,0.531,0.5809,0.914,0.7881,0.7565,51,0.6036,0.6668,0.7235,1.1204,1.2271,1.1738,false
CHR-MED-0060,Strategos Solon of Khmer Empire,medieval,Kingdom of England,British Isles,1021,1044,Military,wildcard,EVT-MED-0060,0.4328,0.7581,0.2798,0.7495,0.633,0.5029,0.8713,52,0.3767,0.6082,0.6075,1.0323,1.0839,1.1355,false
CHR-MED-0061,Chronicler Talleyrand of Umayyad Caliphate (Al-Andalus),medieval,Song Dynasty,East Asia,954,976,Cultural,disruptor,EVT-MED-0061,0.7915,0.7123,0.4051,0.3545,0.8418,0.7552,0.7693,25,0.7003,0.7826,0.7514,1.2367,1.25,1.25,true
CHR-MED-0062,Dramatist Sun of Classic Maya & Postclassic,medieval,Kingdom of France,Western Europe,1291,1311,Cultural,wildcard,EVT-MED-0062,0.6841,0.8145,0.4479,0.2833,0.8221,0.2023,0.6837,5,0.4595,0.684,0.6405,1.0421,1.0942,1.1464,false
CHR-MED-0063,Abbess Godfrey of Holy Roman Empire,medieval,Byzantine Empire,Eastern Mediterranean,987,1001,Religious,catalyst,EVT-MED-0063,0.7455,0.9051,0.4963,0.6427,0.7307,0.5088,0.7166,32,0.433,0.734,0.6838,1.1079,1.2134,1.1607,false
CHR-MED-0064,Hierophant Telepinu of Tang Dynasty,medieval,Abbasid Caliphate,Middle East,1369,1399,Religious,disruptor,EVT-MED-0064,0.9301,0.6435,0.2695,0.581,0.7404,0.6823,0.7347,9,0.5506,0.8519,0.7467,1.2351,1.25,1.25,false
CHR-MED-0065,High Priest Telepinu of Kievan Rus,medieval,Khmer Empire,Southeast Asia,1014,1039,Religious,wildcard,EVT-MED-0065,0.5843,0.7192,0.3496,0.3603,0.2356,0.4428,0.4079,46,0.5412,0.5138,0.5139,1.0042,1.0544,1.1046,false
CHR-MED-0066,Imam Al-Mansur of Kamakura / Muromachi Japan,medieval,Kamakura / Muromachi Japan,East Asia,504,537,Religious,wildcard,EVT-MED-0066,0.4514,0.3814,0.1522,0.4582,0.3416,0.6648,0.5699,19,0.6033,0.4988,0.5184,1.0055,1.0558,1.1061,false
CHR-MED-0067,Warlord Colbert of Mongol Empire / Ilkhanate,medieval,Kievan Rus,Eastern Europe,1247,1271,Military,stabilizer,EVT-MED-0067,0.6618,0.6246,0.8086,0.6965,0.4986,0.3195,0.4525,107,0.3115,0.5781,0.484,0.8161,0.8459,0.7564,false
CHR-MED-0068,Warlord Vikram of Classic Maya & Postclassic,medieval,Mali Empire,West Africa,1353,1360,Military,architect,EVT-MED-0068,0.7953,0.6575,0.7203,0.8661,0.7498,0.4114,0.6235,52,0.2727,0.7266,0.5998,0.8446,0.8755,0.7828,false
CHR-MED-0069,Vizier Samudra of Abbasid Caliphate,medieval,Holy Roman Empire,Central Europe,1361,1378,Political,catalyst,EVT-MED-0069,0.5321,0.7717,0.5379,0.6293,0.926,0.4662,0.8631,25,0.4184,0.6645,0.6518,1.0978,1.2024,1.1501,false
CHR-MED-0070,Pontiff Justinian of Umayyad Caliphate (Al-Andalus),medieval,Tang Dynasty,East Asia,1101,1109,Religious,disruptor,EVT-MED-0070,0.7114,0.7351,0.4517,0.5192,0.8947,0.691,0.8831,9,0.5859,0.7801,0.7373,1.2319,1.25,1.25,false
CHR-MED-0071,Dramatist Song of Song Dynasty,medieval,Kamakura / Muromachi Japan,East Asia,1477,1482,Cultural,wildcard,EVT-MED-0071,0.8344,0.6187,0.5322,0.6418,0.4709,0.3267,0.6701,36,0.3424,0.7686,0.5863,1.0259,1.0772,1.1285,false
CHR-MED-0072,Legate Solon of Mali Empire,medieval,Classic Maya & Postclassic,Mesoamerica,1325,1368,Military,architect,EVT-MED-0072,0.6743,0.8273,0.8006,0.9104,0.584,0.181,0.6412,87,0.1353,0.6611,0.528,0.8269,0.8571,0.7664,false
CHR-MED-0073,Hierophant Rimush of Kamakura / Muromachi Japan,medieval,Holy Roman Empire,Central Europe,1175,1201,Religious,catalyst,EVT-MED-0073,0.5941,0.7623,0.6809,0.5613,0.9143,0.6418,0.8851,31,0.5403,0.7105,0.6829,1.1076,1.2131,1.1604,false
CHR-MED-0074,Customs Director Chen of Mongol Empire / Ilkhanate,medieval,Holy Roman Empire,Central Europe,1091,1128,Economic,catalyst,EVT-MED-0074,0.5252,0.7826,0.7216,0.7647,0.8825,0.6789,0.9338,16,0.4571,0.6887,0.6626,1.1012,1.2061,1.1536,false
CHR-MED-0075,Rhetorician Sumner of Abbasid Caliphate,medieval,Umayyad Caliphate (Al-Andalus),Iberia / North Africa,1472,1500,Cultural,disruptor,EVT-MED-0075,0.8243,0.661,0.4335,0.394,0.7234,0.8785,0.7986,44,0.7423,0.814,0.7522,1.237,1.25,1.25,true
CHR-MED-0076,Hierophant Nizam of Classic Maya & Postclassic,medieval,Kievan Rus,Eastern Europe,898,928,Religious,stabilizer,EVT-MED-0076,0.6038,0.5726,0.9395,0.855,0.4694,0.1311,0.4758,122,0.138,0.5526,0.4116,0.7982,0.8275,0.75,false
CHR-MED-0077,Guild Master Bradford of Chola Dynasty,medieval,Umayyad Caliphate (Al-Andalus),Iberia / North Africa,871,881,Economic,disruptor,EVT-MED-0077,0.863,0.6951,0.2828,0.433,0.9267,0.7962,0.748,14,0.6816,0.817,0.7907,1.25,1.25,1.25,true
CHR-MED-0078,Prefect Nizam of Mongol Empire / Ilkhanate,medieval,Holy Roman Empire,Central Europe,704,723,Political,wildcard,EVT-MED-0078,0.6495,0.6031,0.5514,0.7665,0.4075,0.7894,0.8308,9,0.5115,0.722,0.6135,1.0341,1.0858,1.1375,false
CHR-MED-0079,Treasurer Zhang of Kamakura / Muromachi Japan,medieval,Holy Roman Empire,Central Europe,1278,1304,Economic,catalyst,EVT-MED-0079,0.5149,0.6806,0.6907,0.6939,0.9166,0.4794,0.9399,57,0.3927,0.6849,0.6274,1.0901,1.194,1.1421,false
CHR-MED-0080,Arch-Engineer Sumner of Mali Empire,medieval,Holy Roman Empire,Central Europe,915,950,Scientific,disruptor,EVT-MED-0080,0.695,0.5529,0.349,0.6241,0.7418,0.8725,0.8002,12,0.6242,0.7371,0.7028,1.22,1.25,1.25,false
CHR-MED-0081,Alchemist Aurelius of Kingdom of France,medieval,Chola Dynasty,South India,1106,1124,Scientific,disruptor,EVT-MED-0081,0.7835,0.5167,0.3627,0.464,0.7842,0.8532,0.9098,12,0.6946,0.834,0.746,1.2349,1.25,1.25,false
CHR-MED-0082,Minister Narmer of Abbasid Caliphate,medieval,Chola Dynasty,South India,1398,1423,Political,wildcard,EVT-MED-0082,0.8714,0.8263,0.5323,0.446,0.3196,0.7039,0.5147,9,0.6289,0.7287,0.647,1.0441,1.0963,1.1485,false
CHR-MED-0083,Syndic Kheti of Kamakura / Muromachi Japan,medieval,Song Dynasty,East Asia,1183,1224,Economic,stabilizer,EVT-MED-0083,0.7858,0.7491,0.7701,0.7411,0.595,0.1562,0.472,84,0.2076,0.6603,0.5282,0.8269,0.8572,0.7664,false
CHR-MED-0084,Hierophant Naram-Sin of Kamakura / Muromachi Japan,medieval,Song Dynasty,East Asia,1482,1494,Religious,architect,EVT-MED-0084,0.8199,0.6992,0.7101,0.7513,0.7131,0.203,0.561,139,0.2258,0.7163,0.5728,0.8379,0.8686,0.7766,false
CHR-MED-0085,Legate Al-Mansur of Kingdom of England,medieval,Tang Dynasty,East Asia,815,841,Military,stabilizer,EVT-MED-0085,0.8269,0.6275,0.8333,0.8544,0.61,0.1617,0.4333,36,0.1536,0.6695,0.5056,0.8214,0.8514,0.7613,false
CHR-MED-0086,Guild Master Franklin of Chola Dynasty,medieval,Classic Maya & Postclassic,Mesoamerica,939,954,Economic,architect,EVT-MED-0086,0.6566,0.6883,0.8163,0.7782,0.5331,0.2916,0.6081,81,0.2567,0.6372,0.5118,0.8229,0.853,0.7627,false
CHR-MED-0087,Minister Hathor of Byzantine Empire,medieval,Mali Empire,West Africa,739,758,Political,catalyst,EVT-MED-0087,0.7287,0.6651,0.6382,0.7264,0.8119,0.5098,0.7119,43,0.3917,0.722,0.6368,1.0931,1.1972,1.1452,false
CHR-MED-0088,Centurion Heinrich of Classic Maya & Postclassic,medieval,Song Dynasty,East Asia,977,984,Military,wildcard,EVT-MED-0088,0.6004,0.5053,0.4173,0.7286,0.3964,0.3809,0.4763,46,0.3261,0.5508,0.4858,0.9957,1.0455,1.0953,false
CHR-MED-0089,Dramatist Hathor of Kamakura / Muromachi Japan,medieval,Umayyad Caliphate (Al-Andalus),Iberia / North Africa,1151,1174,Cultural,wildcard,EVT-MED-0089,0.6367,0.3583,0.4654,0.2744,0.5709,0.3694,0.738,53,0.5475,0.6773,0.5544,1.0163,1.0671,1.118,false
CHR-MED-0090,Archon Godfrey of Chola Dynasty,medieval,Byzantine Empire,Eastern Mediterranean,1279,1320,Political,architect,EVT-MED-0090,0.8143,0.6924,0.8287,0.7121,0.5529,0.222,0.6058,102,0.2549,0.7309,0.5461,0.8313,0.8617,0.7705,false
CHR-MED-0091,Senator Saladin of Abbasid Caliphate,medieval,Kingdom of England,British Isles,727,761,Political,disruptor,EVT-MED-0091,0.6282,0.7416,0.4795,0.627,0.8732,0.8187,0.8587,15,0.5959,0.7204,0.7216,1.2264,1.25,1.25,false
CHR-MED-0092,Poet Laureate Sherman of Mongol Empire / Ilkhanate,medieval,Classic Maya & Postclassic,Mesoamerica,986,1024,Cultural,stabilizer,EVT-MED-0092,0.6004,0.77,0.7369,0.738,0.5706,0.3445,0.5912,127,0.3033,0.5967,0.531,0.8276,0.8579,0.7671,false
CHR-MED-0093,Arch-Engineer Godfrey of Khmer Empire,medieval,Tang Dynasty,East Asia,556,561,Scientific,disruptor,EVT-MED-0093,0.6011,0.5317,0.2121,0.4492,0.7335,0.841,0.789,28,0.6959,0.6763,0.6909,1.2159,1.25,1.25,false
CHR-MED-0094,Philosopher Dara of Classic Maya & Postclassic,medieval,Mali Empire,West Africa,674,715,Cultural,catalyst,EVT-MED-0094,0.7589,0.9152,0.4847,0.5576,0.8842,0.6753,0.9019,24,0.5588,0.8161,0.7699,1.135,1.2431,1.1891,true
CHR-MED-0095,Syndic Wilhelm of Kamakura / Muromachi Japan,medieval,Song Dynasty,East Asia,1191,1198,Economic,catalyst,EVT-MED-0095,0.5918,0.8517,0.4765,0.7466,0.7407,0.4572,0.7699,30,0.3553,0.6631,0.6359,1.0928,1.1969,1.1448,false
CHR-MED-0096,Astronomer Narmer of Kingdom of England,medieval,Song Dynasty,East Asia,1366,1371,Scientific,disruptor,EVT-MED-0096,0.7375,0.5607,0.5087,0.3301,0.761,0.8827,0.9346,12,0.7763,0.8163,0.7379,1.2321,1.25,1.25,false
CHR-MED-0097,Chamberlain Godfrey of Mongol Empire / Ilkhanate,medieval,Tang Dynasty,East Asia,673,696,Economic,wildcard,EVT-MED-0097,0.6777,0.7025,0.6289,0.6844,0.5802,0.8252,0.4143,67,0.5704,0.5723,0.6006,1.0302,1.0817,1.1332,false
CHR-MED-0098,Physician Kheti of Abbasid Caliphate,medieval,Khmer Empire,Southeast Asia,586,591,Scientific,wildcard,EVT-MED-0098,0.895,0.6033,0.4489,0.2385,0.3694,0.678,0.4037,51,0.7198,0.6985,0.6251,1.0375,1.0894,1.1413,false
CHR-MED-0099,Consul Tiglath of Kingdom of England,medieval,Mongol Empire / Ilkhanate,Eurasian Steppe,1435,1469,Political,architect,EVT-MED-0099,0.6528,0.7469,0.8216,0.893,0.6319,0.3107,0.7906,130,0.2088,0.7079,0.5584,0.8344,0.8649,0.7733,false
CHR-MED-0100,Metallurgist Samudra of Kamakura / Muromachi Japan,medieval,Chola Dynasty,South India,1237,1265,Scientific,wildcard,EVT-MED-0100,0.5708,0.6252,0.3265,0.249,0.707,0.6601,0.5497,64,0.7055,0.5623,0.6289,1.0387,1.0906,1.1425,false
CHR-MED-0101,Consul Mursili of Byzantine Empire,medieval,Kingdom of England,British Isles,1425,1438,Political,disruptor,EVT-MED-0101,0.7512,0.5989,0.4573,0.595,0.8071,0.7582,0.7738,31,0.5816,0.7602,0.703,1.22,1.25,1.25,false
CHR-MED-0102,Warlord Sherman of Kamakura / Muromachi Japan,medieval,Umayyad Caliphate (Al-Andalus),Iberia / North Africa,750,766,Military,wildcard,EVT-MED-0102,0.7831,0.5445,0.53,0.3034,0.6201,0.579,0.8211,9,0.6378,0.7983,0.6623,1.0487,1.1011,1.1536,false
CHR-MED-0103,Commander Heinrich of Classic Maya & Postclassic,medieval,Classic Maya & Postclassic,Mesoamerica,1010,1024,Military,disruptor,EVT-MED-0103,0.6622,0.6996,0.2517,0.513,0.9414,0.6924,0.7984,48,0.5897,0.7167,0.7345,1.2309,1.25,1.25,false
CHR-MED-0104,Abbess Kautilya of Abbasid Caliphate,medieval,Tang Dynasty,East Asia,949,979,Religious,wildcard,EVT-MED-0104,0.4806,0.661,0.4498,0.5395,0.5459,0.2107,0.7304,7,0.3356,0.5805,0.5204,1.0061,1.0564,1.1067,false
CHR-MED-0105,Centurion Suppiluliuma of Classic Maya & Postclassic,medieval,Kingdom of France,Western Europe,1004,1047,Military,architect,EVT-MED-0105,0.6998,0.7389,0.7465,0.74,0.6173,0.2174,0.6714,111,0.2387,0.6884,0.5501,0.8323,0.8628,0.7714,false
CHR-MED-0106,Prefect Franklin of Kingdom of England,medieval,Mali Empire,West Africa,1146,1190,Political,wildcard,EVT-MED-0106,0.4008,0.5323,0.4982,0.5794,0.8098,0.5669,0.7667,70,0.4937,0.5472,0.5728,1.0218,1.0729,1.124,false
CHR-MED-0107,Syndic Baldwin of Umayyad Caliphate (Al-Andalus),medieval,Mali Empire,West Africa,697,719,Economic,stabilizer,EVT-MED-0107,0.8408,0.7206,0.8332,0.8592,0.6884,0.219,0.6236,119,0.1799,0.7539,0.5717,0.8376,0.8683,0.7763,false
CHR-MED-0108,Vizier Harun of Classic Maya & Postclassic,medieval,Kingdom of England,British Isles,1101,1129,Political,catalyst,EVT-MED-0108,0.6091,0.717,0.5297,0.753,0.7644,0.5727,0.9379,28,0.4098,0.7406,0.6605,1.1005,1.2054,1.153,false
CHR-MED-0109,Alchemist Sun of Mali Empire,medieval,Mongol Empire / Ilkhanate,Eurasian Steppe,811,842,Scientific,disruptor,EVT-MED-0109,0.8151,0.5939,0.4528,0.5886,0.8405,0.9084,0.8473,7,0.6599,0.828,0.7576,1.2389,1.25,1.25,true
CHR-MED-0110,Physician Valdemar of Kievan Rus,medieval,Kingdom of England,British Isles,1019,1046,Scientific,architect,EVT-MED-0110,0.8688,0.7173,0.8228,0.9131,0.6271,0.2686,0.6361,44,0.1778,0.7758,0.5766,0.8389,0.8695,0.7775,false
CHR-MED-0111,Alchemist Harun of Khmer Empire,medieval,Holy Roman Empire,Central Europe,541,562,Scientific,wildcard,EVT-MED-0111,0.8006,0.8041,0.6444,0.5916,0.2422,0.1782,0.7784,24,0.2933,0.7917,0.5566,1.017,1.0678,1.1187,false
CHR-MED-0112,Polymath Friedrich of Tang Dynasty,medieval,Khmer Empire,Southeast Asia,565,570,Scientific,catalyst,EVT-MED-0112,0.6984,0.7956,0.6081,0.7068,0.8822,0.5449,0.8329,44,0.4191,0.7522,0.6868,1.1088,1.2144,1.1616,false
CHR-MED-0113,Alchemist Labarna of Mongol Empire / Ilkhanate,medieval,Kievan Rus,Eastern Europe,518,542,Scientific,stabilizer,EVT-MED-0113,0.7891,0.7431,0.7232,0.8873,0.4779,0.1988,0.5516,133,0.1558,0.6941,0.5263,0.8265,0.8567,0.766,false
CHR-MED-0114,General Averroes of Kingdom of France,medieval,Kievan Rus,Eastern Europe,841,879,Military,architect,EVT-MED-0114,0.8005,0.8204,0.7678,0.9101,0.7129,0.3655,0.6813,123,0.2277,0.7528,0.6149,0.8483,0.8793,0.7862,false
CHR-MED-0115,Arch-Engineer Nizam of Kamakura / Muromachi Japan,medieval,Byzantine Empire,Eastern Mediterranean,832,855,Scientific,disruptor,EVT-MED-0115,0.7263,0.6911,0.348,0.4641,0.7449,0.9228,0.9364,16,0.7294,0.8103,0.7679,1.2424,1.25,1.25,true
CHR-MED-0116,Minister Narmer of Kievan Rus,medieval,Khmer Empire,Southeast Asia,1419,1458,Political,stabilizer,EVT-MED-0116,0.8467,0.764,0.823,0.8697,0.5152,0.3154,0.641,70,0.2229,0.7644,0.5712,0.8375,0.8682,0.7762,false
CHR-MED-0117,Metallurgist Labarna of Umayyad Caliphate (Al-Andalus),medieval,Kievan Rus,Eastern Europe,1033,1074,Scientific,architect,EVT-MED-0117,0.9106,0.7206,0.894,0.7063,0.6606,0.3545,0.7681,123,0.3241,0.8536,0.6285,0.8516,0.8828,0.7893,false
CHR-MED-0118,Hierophant Constantine of Tang Dynasty,medieval,Tang Dynasty,East Asia,1335,1370,Religious,stabilizer,EVT-MED-0118,0.8111,0.7887,0.8608,0.8157,0.6189,0.3035,0.5045,190,0.2439,0.6885,0.5583,0.8343,0.8649,0.7733,false
CHR-MED-0119,Rhetorician Otto of Kievan Rus,medieval,Mali Empire,West Africa,1119,1131,Cultural,disruptor,EVT-MED-0119,0.7999,0.5503,0.2167,0.5685,0.8068,0.7178,0.764,10,0.5746,0.7856,0.7257,1.2279,1.25,1.25,false
CHR-MED-0120,Cardinal Godfrey of Byzantine Empire,medieval,Chola Dynasty,South India,1055,1067,Religious,catalyst,EVT-MED-0120,0.7187,0.8682,0.607,0.6819,0.7896,0.5679,0.8619,25,0.443,0.776,0.698,1.1124,1.2183,1.1653,false
CHR-MED-0121,Merchant Prince Puduhepa of Khmer Empire,medieval,Kamakura / Muromachi Japan,East Asia,548,577,Economic,architect,EVT-MED-0121,0.8496,0.8567,0.8805,0.8727,0.6966,0.2031,0.7944,99,0.1652,0.8275,0.6133,0.8479,0.8789,0.7858,false
CHR-MED-0122,Dramatist Hattusili of Tang Dynasty,medieval,Holy Roman Empire,Central Europe,509,539,Cultural,architect,EVT-MED-0122,0.8041,0.784,0.7748,0.7501,0.5747,0.1899,0.6492,28,0.2199,0.7422,0.5657,0.8362,0.8668,0.775,false
CHR-MED-0123,Imam Sargon of Kamakura / Muromachi Japan,medieval,Kamakura / Muromachi Japan,East Asia,1199,1219,Religious,catalyst,EVT-MED-0123,0.6949,0.7847,0.5894,0.651,0.7633,0.6,0.8925,60,0.4745,0.774,0.6883,1.1093,1.215,1.1621,false
CHR-MED-0124,Warlord Kheti of Chola Dynasty,medieval,Holy Roman Empire,Central Europe,1058,1081,Military,stabilizer,EVT-MED-0124,0.633,0.6142,0.8031,0.7274,0.5806,0.1738,0.4024,173,0.2232,0.5408,0.4572,0.8095,0.8391,0.7502,false
CHR-MED-0125,Archon Song of Song Dynasty,medieval,Kamakura / Muromachi Japan,East Asia,1451,1478,Political,architect,EVT-MED-0125,0.8925,0.6429,0.7522,0.738,0.6407,0.2404,0.7277,61,0.2512,0.8266,0.5988,0.8443,0.8752,0.7825,false
CHR-MED-0126,Hierophant Theodosius of Abbasid Caliphate,medieval,Kamakura / Muromachi Japan,East Asia,565,608,Religious,wildcard,EVT-MED-0126,0.8082,0.7896,0.1991,0.3875,0.7532,0.1707,0.4534,21,0.3916,0.6663,0.6378,1.0413,1.0934,1.1455,false
CHR-MED-0127,Physician Saladin of Tang Dynasty,medieval,Song Dynasty,East Asia,1116,1125,Scientific,architect,EVT-MED-0127,0.8935,0.7846,0.8609,0.828,0.5257,0.2355,0.6062,62,0.2037,0.7786,0.5687,0.8369,0.8675,0.7757,false
CHR-MED-0128,Master Sculptor Tiglath of Classic Maya & Postclassic,medieval,Tang Dynasty,East Asia,1286,1301,Cultural,stabilizer,EVT-MED-0128,0.6517,0.6279,0.9323,0.7761,0.6657,0.187,0.435,86,0.2055,0.565,0.4682,0.8122,0.8419,0.7528,false
CHR-MED-0129,Chancellor Cao of Classic Maya & Postclassic,medieval,Kingdom of France,Western Europe,1441,1483,Political,catalyst,EVT-MED-0129,0.6579,0.7343,0.741,0.643,0.7728,0.756,0.7341,31,0.5565,0.6884,0.6578,1.0997,1.2044,1.1521,false
CHR-MED-0130,Polymath Li of Kingdom of France,medieval,Mongol Empire / Ilkhanate,Eurasian Steppe,991,1015,Scientific,wildcard,EVT-MED-0130,0.8784,0.7785,0.2414,0.5873,0.8474,0.6066,0.6394,36,0.5096,0.7828,0.7469,1.0741,1.1278,1.1815,false
CHR-MED-0131,Synod Envoy Richelieu of Mali Empire,medieval,Mongol Empire / Ilkhanate,Eurasian Steppe,1160,1194,Religious,stabilizer,EVT-MED-0131,0.6138,0.7808,0.8294,0.7939,0.4546,0.234,0.4285,133,0.22,0.5397,0.4655,0.8115,0.8412,0.7521,false
CHR-MED-0132,Abbess Labarna of Mongol Empire / Ilkhanate,medieval,Byzantine Empire,Eastern Mediterranean,858,883,Religious,stabilizer,EVT-MED-0132,0.8177,0.6333,0.8236,0.7102,0.5792,0.2375,0.5503,71,0.2636,0.7108,0.5366,0.829,0.8593,0.7683,false
CHR-MED-0133,Strategos Adams of Chola Dynasty,medieval,Kievan Rus,Eastern Europe,1426,1437,Military,architect,EVT-MED-0133,0.8733,0.8289,0.8634,0.9071,0.6087,0.2073,0.7342,128,0.1501,0.8177,0.5935,0.843,0.8738,0.7813,false
CHR-MED-0134,General Sumner of Classic Maya & Postclassic,medieval,Mongol Empire / Ilkhanate,Eurasian Steppe,537,550,Military,architect,EVT-MED-0134,0.8136,0.6211,0.7794,0.7552,0.6453,0.1883,0.7177,175,0.2165,0.7753,0.5636,0.8356,0.8662,0.7745,false
CHR-MED-0135,Patriarch Gao of Mongol Empire / Ilkhanate,medieval,Tang Dynasty,East Asia,881,917,Religious,stabilizer,EVT-MED-0135,0.6359,0.7595,0.7445,0.8635,0.4744,0.2321,0.5212,145,0.1843,0.59,0.4894,0.8174,0.8473,0.7576,false
CHR-MED-0136,Patriarch Wilhelm of Classic Maya & Postclassic,medieval,Holy Roman Empire,Central Europe,1111,1128,Religious,disruptor,EVT-MED-0136,0.6981,0.8263,0.3053,0.4739,0.9314,0.6928,0.7216,43,0.6094,0.7075,0.7461,1.2349,1.25,1.25,false
CHR-MED-0137,Guild Master Thutmose of Mali Empire,medieval,Kievan Rus,Eastern Europe,586,631,Economic,architect,EVT-MED-0137,0.7717,0.6957,0.7166,0.8091,0.7052,0.2386,0.7806,30,0.2148,0.7753,0.5938,0.8431,0.8739,0.7814,false
CHR-MED-0138,Scribe Mentuhotep of Holy Roman Empire,medieval,Tang Dynasty,East Asia,1155,1176,Cultural,wildcard,EVT-MED-0138,0.7144,0.4849,0.174,0.4422,0.5168,0.529,0.8607,23,0.5434,0.7729,0.6478,1.0443,1.0966,1.1488,false
CHR-MED-0139,Rhetorician Ramesses of Khmer Empire,medieval,Abbasid Caliphate,Middle East,1061,1069,Cultural,disruptor,EVT-MED-0139,0.7131,0.5707,0.3718,0.4413,0.8773,0.8357,0.8164,28,0.6972,0.7544,0.734,1.2307,1.25,1.25,false
CHR-MED-0140,Scribe Franklin of Khmer Empire,medieval,Mongol Empire / Ilkhanate,Eurasian Steppe,672,678,Cultural,wildcard,EVT-MED-0140,0.8772,0.8343,0.2847,0.6942,0.7087,0.6318,0.6735,72,0.4688,0.7957,0.7334,1.07,1.1235,1.177,false
CHR-MED-0141,Pontiff Mentuhotep of Khmer Empire,medieval,Byzantine Empire,Eastern Mediterranean,1305,1322,Religious,catalyst,EVT-MED-0141,0.5532,0.868,0.5895,0.5569,0.7819,0.7252,0.8158,48,0.5842,0.6583,0.6801,1.1067,1.2121,1.1594,false
CHR-MED-0142,Customs Director Belisarius of Umayyad Caliphate (Al-Andalus),medieval,Chola Dynasty,South India,1102,1131,Economic,architect,EVT-MED-0142,0.6875,0.7192,0.7298,0.8381,0.5612,0.3987,0.5548,55,0.2803,0.6344,0.5421,0.8304,0.8607,0.7696,false
CHR-MED-0143,Chronicler Otto of Kingdom of England,medieval,Kievan Rus,Eastern Europe,759,794,Cultural,architect,EVT-MED-0143,0.8932,0.6175,0.877,0.7451,0.6353,0.3363,0.6738,149,0.2956,0.8055,0.5878,0.8416,0.8724,0.78,false
CHR-MED-0144,Merchant Prince Harun of Chola Dynasty,medieval,Holy Roman Empire,Central Europe,1371,1390,Economic,disruptor,EVT-MED-0144,0.8247,0.6935,0.2293,0.6032,0.7074,0.9196,0.821,26,0.6582,0.8232,0.7743,1.2446,1.25,1.25,true
CHR-MED-0145,Guild Master Godfrey of Holy Roman Empire,medieval,Kievan Rus,Eastern Europe,1286,1305,Economic,catalyst,EVT-MED-0145,0.5081,0.7547,0.5931,0.7237,0.7778,0.6676,0.8543,23,0.472,0.6466,0.6397,1.094,1.1982,1.1461,false
CHR-MED-0146,Astronomer Thutmose of Khmer Empire,medieval,Kievan Rus,Eastern Europe,853,879,Scientific,catalyst,EVT-MED-0146,0.6603,0.8601,0.6211,0.7105,0.7843,0.6993,0.8913,49,0.4944,0.7527,0.7027,1.1138,1.2199,1.1669,false
CHR-MED-0147,Prefect Samudra of Kingdom of France,medieval,Song Dynasty,East Asia,1250,1257,Political,wildcard,EVT-MED-0147,0.7084,0.709,0.486,0.6102,0.3948,0.3641,0.5517,69,0.3769,0.6457,0.5509,1.0153,1.066,1.1168,false
CHR-MED-0148,Metallurgist Samsi-Adad of Umayyad Caliphate (Al-Andalus),medieval,Mali Empire,West Africa,1340,1350,Scientific,architect,EVT-MED-0148,0.7397,0.6127,0.7053,0.8033,0.7407,0.3891,0.588,95,0.2929,0.679,0.5738,0.8382,0.8688,0.7768,false
CHR-MED-0149,Patriarch Ramesses of Umayyad Caliphate (Al-Andalus),medieval,Kingdom of France,Western Europe,1434,1462,Religious,architect,EVT-MED-0149,0.7391,0.7415,0.7238,0.7294,0.5516,0.3926,0.7283,65,0.3316,0.7347,0.588,0.8417,0.8724,0.7801,false
CHR-MED-0150,High Priest Telepinu of Tang Dynasty,medieval,Mongol Empire / Ilkhanate,Eurasian Steppe,1129,1142,Religious,architect,EVT-MED-0150,0.7389,0.8277,0.874,0.8404,0.6368,0.281,0.6575,67,0.2203,0.7063,0.5658,0.8362,0.8668,0.775,false
CHR-MED-0151,Chancellor Li of Holy Roman Empire,medieval,Byzantine Empire,Eastern Mediterranean,1097,1125,Political,disruptor,EVT-MED-0151,0.7392,0.7506,0.2486,0.4488,0.7721,0.9464,0.9328,42,0.7488,0.8167,0.7978,1.25,1.25,1.25,true
CHR-MED-0152,Merchant Prince Khaldun of Mongol Empire / Ilkhanate,medieval,Chola Dynasty,South India,932,958,Economic,catalyst,EVT-MED-0152,0.5846,0.6652,0.6688,0.7357,0.8843,0.6484,0.8126,30,0.4563,0.6758,0.6441,1.0954,1.1997,1.1475,false
CHR-MED-0153,Cardinal Adams of Kingdom of France,medieval,Khmer Empire,Southeast Asia,931,961,Religious,disruptor,EVT-MED-0153,0.821,0.7916,0.4812,0.6096,0.9059,0.8288,0.7464,40,0.6096,0.7911,0.7676,1.2423,1.25,1.25,true
CHR-MED-0154,Commander Ramesses of Mali Empire,medieval,Byzantine Empire,Eastern Mediterranean,925,966,Military,disruptor,EVT-MED-0154,0.7707,0.5929,0.2704,0.5586,0.9281,0.7017,0.7698,17,0.5716,0.7703,0.7366,1.2316,1.25,1.25,false
CHR-MED-0155,Chancellor Wu of Umayyad Caliphate (Al-Andalus),medieval,Mali Empire,West Africa,1085,1096,Political,disruptor,EVT-MED-0155,0.7471,0.799,0.3739,0.3733,0.9073,0.6693,0.8181,31,0.648,0.7755,0.7598,1.2396,1.25,1.25,true
CHR-MED-0156,Chancellor Tariq of Song Dynasty,medieval,Song Dynasty,East Asia,744,785,Political,architect,EVT-MED-0156,0.9005,0.7249,0.8162,0.7595,0.5802,0.3897,0.6632,161,0.3151,0.8056,0.6092,0.8469,0.8779,0.7849,false
CHR-MED-0157,Chamberlain Valdemar of Byzantine Empire,medieval,Tang Dynasty,East Asia,1174,1199,Economic,catalyst,EVT-MED-0157,0.7342,0.7293,0.4538,0.7681,0.7599,0.6641,0.896,15,0.448,0.7989,0.7072,1.1153,1.2215,1.1684,false
CHR-MED-0158,Poet Laureate Hammurabi of Holy Roman Empire,medieval,Kingdom of England,British Isles,1457,1465,Cultural,disruptor,EVT-MED-0158,0.6318,0.5422,0.4864,0.4774,0.9171,0.8696,0.9273,28,0.6961,0.75,0.7239,1.2272,1.25,1.25,false
CHR-MED-0159,Viceroy Hattusili of Kingdom of England,medieval,Mali Empire,West Africa,1257,1297,Political,disruptor,EVT-MED-0159,0.639,0.5633,0.4741,0.3479,0.838,0.7168,0.7967,28,0.6844,0.7021,0.6822,1.2128,1.25,1.25,false
CHR-MED-0160,Mint Overseer Necker of Tang Dynasty,medieval,Kingdom of England,British Isles,635,675,Economic,catalyst,EVT-MED-0160,0.5197,0.7378,0.6657,0.667,0.8392,0.5043,0.7608,55,0.4186,0.6161,0.6063,1.0835,1.1867,1.1351,false
CHR-MED-0161,Customs Director Friedrich of Holy Roman Empire,medieval,Umayyad Caliphate (Al-Andalus),Iberia / North Africa,853,873,Economic,architect,EVT-MED-0161,0.8343,0.617,0.7566,0.8228,0.6369,0.3549,0.7812,111,0.266,0.8131,0.6003,0.8447,0.8756,0.7829,false
CHR-MED-0162,Syndic Wilhelm of Byzantine Empire,medieval,Kamakura / Muromachi Japan,East Asia,1226,1253,Economic,wildcard,EVT-MED-0162,0.6513,0.6569,0.4295,0.6046,0.8007,0.8005,0.5271,9,0.5979,0.6016,0.6574,1.0472,1.0996,1.152,false
CHR-MED-0163,Poet Laureate Tiglath of Mali Empire,medieval,Byzantine Empire,Eastern Mediterranean,915,920,Cultural,architect,EVT-MED-0163,0.6899,0.8782,0.7819,0.8092,0.5942,0.2886,0.6362,61,0.2397,0.6684,0.5634,0.8356,0.8662,0.7745,false
CHR-MED-0164,Governor Kheti of Holy Roman Empire,medieval,Khmer Empire,Southeast Asia,709,727,Political,stabilizer,EVT-MED-0164,0.7569,0.5635,0.7669,0.7728,0.6005,0.2817,0.5357,154,0.2545,0.6684,0.5211,0.8252,0.8554,0.7648,false
CHR-MED-0165,Pontiff Marshall of Abbasid Caliphate,medieval,Umayyad Caliphate (Al-Andalus),Iberia / North Africa,872,904,Religious,architect,EVT-MED-0165,0.8622,0.7557,0.874,0.7371,0.577,0.3872,0.6996,178,0.325,0.7972,0.6042,0.8456,0.8766,0.7838,false
CHR-MED-0166,Philosopher Sargon of Classic Maya & Postclassic,medieval,Holy Roman Empire,Central Europe,954,971,Cultural,wildcard,EVT-MED-0166,0.5689,0.4653,0.5954,0.4039,0.783,0.7734,0.6582,20,0.6847,0.6046,0.6145,1.0343,1.0861,1.1378,false
CHR-MED-0167,Consul Samudra of Kingdom of England,medieval,Khmer Empire,Southeast Asia,597,608,Political,architect,EVT-MED-0167,0.7731,0.8353,0.8969,0.9165,0.5875,0.3935,0.6468,119,0.2385,0.7226,0.5772,0.839,0.8697,0.7776,false
CHR-MED-0168,Geometer Naram-Sin of Holy Roman Empire,medieval,Abbasid Caliphate,Middle East,1319,1341,Scientific,stabilizer,EVT-MED-0168,0.8359,0.6107,0.8381,0.7149,0.6952,0.2744,0.645,108,0.2798,0.7595,0.5732,0.838,0.8687,0.7767,false
CHR-MED-0169,Warlord Necker of Mongol Empire / Ilkhanate,medieval,Holy Roman Empire,Central Europe,1399,1409,Military,architect,EVT-MED-0169,0.8102,0.7269,0.8695,0.8083,0.5802,0.2568,0.6808,75,0.2243,0.7585,0.5619,0.8352,0.8658,0.7741,false
CHR-MED-0170,Polymath Imhotep of Mali Empire,medieval,Song Dynasty,East Asia,623,652,Scientific,disruptor,EVT-MED-0170,0.7611,0.7472,0.4509,0.5667,0.9135,0.9474,0.7292,29,0.6904,0.7483,0.7674,1.2423,1.25,1.25,true
CHR-MED-0171,Philosopher Mursili of Tang Dynasty,medieval,Holy Roman Empire,Central Europe,1086,1097,Cultural,wildcard,EVT-MED-0171,0.5065,0.6093,0.328,0.4303,0.7593,0.729,0.7183,54,0.6493,0.5912,0.6447,1.0434,1.0956,1.1477,false
CHR-MED-0172,Legate Aurelius of Khmer Empire,medieval,Abbasid Caliphate,Middle East,1090,1117,Military,stabilizer,EVT-MED-0172,0.6957,0.738,0.8023,0.706,0.5365,0.2491,0.5226,216,0.2715,0.6265,0.5153,0.8238,0.8539,0.7635,false
CHR-MED-0173,Abbess Madison of Kingdom of England,medieval,Song Dynasty,East Asia,874,906,Religious,wildcard,EVT-MED-0173,0.8534,0.6875,0.6202,0.4942,0.5433,0.6836,0.6365,60,0.5947,0.7667,0.6593,1.0478,1.1002,1.1526,false
CHR-MED-0174,Prefect Rimush of Classic Maya & Postclassic,medieval,Kamakura / Muromachi Japan,East Asia,1446,1489,Political,catalyst,EVT-MED-0174,0.815,0.6571,0.7201,0.6471,0.746,0.7503,0.8099,50,0.5516,0.8129,0.6939,1.1111,1.2169,1.164,false
CHR-MED-0175,General Ramesses of Mali Empire,medieval,Kingdom of England,British Isles,1438,1444,Military,wildcard,EVT-MED-0175,0.8228,0.3883,0.4604,0.6699,0.5964,0.2898,0.7023,70,0.3099,0.7746,0.5727,1.0218,1.0729,1.124,false
CHR-MED-0176,Philosopher Tiglath of Kingdom of France,medieval,Kievan Rus,Eastern Europe,866,884,Cultural,stabilizer,EVT-MED-0176,0.806,0.7229,0.8651,0.8892,0.6102,0.1485,0.522,51,0.1296,0.6924,0.5211,0.8252,0.8554,0.7648,false
CHR-MED-0177,Astronomer Theodosius of Kingdom of England,medieval,Kingdom of France,Western Europe,943,968,Scientific,disruptor,EVT-MED-0177,0.8722,0.6379,0.3266,0.4438,0.7638,0.6543,0.8628,45,0.6053,0.8685,0.751,1.2366,1.25,1.25,true
CHR-MED-0178,Hierophant Colbert of Khmer Empire,medieval,Kingdom of France,Western Europe,941,950,Religious,architect,EVT-MED-0178,0.724,0.7192,0.8232,0.7303,0.5676,0.2789,0.7288,177,0.2743,0.7259,0.5563,0.8339,0.8644,0.7728,false
CHR-MED-0179,Senator Mursili of Classic Maya & Postclassic,medieval,Tang Dynasty,East Asia,958,969,Political,disruptor,EVT-MED-0179,0.6106,0.7843,0.2064,0.4912,0.8102,0.9041,0.9509,44,0.7064,0.7468,0.7749,1.2448,1.25,1.25,true
CHR-MED-0180,Strategos Bradford of Holy Roman Empire,medieval,Holy Roman Empire,Central Europe,752,782,Military,catalyst,EVT-MED-0180,0.5518,0.764,0.6234,0.6779,0.7331,0.5758,0.7914,16,0.449,0.6477,0.6214,1.0882,1.1919,1.14,false
CHR-MED-0181,Centurion Chen of Song Dynasty,medieval,Tang Dynasty,East Asia,541,547,Military,disruptor,EVT-MED-0181,0.7779,0.5115,0.4222,0.5208,0.943,0.6812,0.7622,22,0.5802,0.7716,0.7109,1.2228,1.25,1.25,false
CHR-MED-0182,Admiral Adams of Abbasid Caliphate,medieval,Kamakura / Muromachi Japan,East Asia,814,822,Military,disruptor,EVT-MED-0182,0.9305,0.6366,0.4706,0.6233,0.7141,0.8427,0.9094,24,0.6097,0.9221,0.7698,1.2431,1.25,1.25,true
CHR-MED-0183,Treasurer Mursili of Kievan Rus,medieval,Abbasid Caliphate,Middle East,1168,1175,Economic,stabilizer,EVT-MED-0183,0.7674,0.6183,0.8139,0.7191,0.5707,0.3403,0.5847,113,0.3106,0.6944,0.5416,0.8302,0.8606,0.7695,false
CHR-MED-0184,High Priest Wu of Byzantine Empire,medieval,Kievan Rus,Eastern Europe,1101,1130,Religious,stabilizer,EVT-MED-0184,0.7536,0.6886,0.844,0.6981,0.4594,0.2395,0.4103,113,0.2707,0.6163,0.4888,0.8172,0.8471,0.7574,false
CHR-MED-0185,High Priest Solon of Mongol Empire / Ilkhanate,medieval,Mongol Empire / Ilkhanate,Eurasian Steppe,819,825,Religious,stabilizer,EVT-MED-0185,0.7554,0.6163,0.924,0.8785,0.5585,0.1994,0.6213,73,0.1604,0.7018,0.5018,0.8205,0.8505,0.7604,false
CHR-MED-0186,Poet Laureate Harun of Byzantine Empire,medieval,Mongol Empire / Ilkhanate,Eurasian Steppe,1048,1058,Cultural,catalyst,EVT-MED-0186,0.7748,0.8269,0.6131,0.5593,0.8638,0.4716,0.7544,46,0.4561,0.7666,0.6919,1.1105,1.2162,1.1633,false
CHR-MED-0187,Guild Master Dara of Khmer Empire,medieval,Holy Roman Empire,Central Europe,878,907,Economic,catalyst,EVT-MED-0187,0.5044,0.7194,0.6329,0.6873,0.7467,0.7894,0.9154,37,0.5511,0.6688,0.6541,1.0985,1.2032,1.1508,false
CHR-MED-0188,Polymath Harsha of Tang Dynasty,medieval,Kamakura / Muromachi Japan,East Asia,537,566,Scientific,catalyst,EVT-MED-0188,0.7463,0.906,0.5404,0.7638,0.7831,0.4867,0.7997,39,0.3615,0.7676,0.6907,1.1101,1.2158,1.1629,false
CHR-MED-0189,Philosopher Richelieu of Khmer Empire,medieval,Umayyad Caliphate (Al-Andalus),Iberia / North Africa,1205,1225,Cultural,architect,EVT-MED-0189,0.6511,0.6037,0.81,0.748,0.6809,0.2612,0.6213,107,0.2566,0.6392,0.5194,0.8248,0.855,0.7644,false
CHR-MED-0190,Scribe Baldwin of Khmer Empire,medieval,Tang Dynasty,East Asia,884,920,Cultural,wildcard,EVT-MED-0190,0.466,0.4528,0.183,0.2158,0.3727,0.3256,0.7061,41,0.5549,0.562,0.516,1.0048,1.055,1.1053,false
CHR-MED-0191,Rhetorician Kautilya of Mali Empire,medieval,Song Dynasty,East Asia,1119,1157,Cultural,wildcard,EVT-MED-0191,0.608,0.7561,0.5644,0.7179,0.8306,0.5506,0.4628,51,0.4163,0.5499,0.5997,1.0299,1.0814,1.1329,false
CHR-MED-0192,Treasurer Dara of Umayyad Caliphate (Al-Andalus),medieval,Chola Dynasty,South India,892,909,Economic,disruptor,EVT-MED-0192,0.6982,0.75,0.4323,0.5666,0.8775,0.91,0.9071,31,0.6717,0.7818,0.7697,1.243,1.25,1.25,true
CHR-MED-0193,Geometer Hathor of Abbasid Caliphate,medieval,Tang Dynasty,East Asia,1373,1390,Scientific,stabilizer,EVT-MED-0193,0.7483,0.6624,0.8151,0.8491,0.6656,0.3004,0.5881,222,0.2257,0.6842,0.5456,0.8312,0.8616,0.7704,false
CHR-MED-0194,Merchant Prince Telepinu of Kingdom of England,medieval,Abbasid Caliphate,Middle East,798,834,Economic,wildcard,EVT-MED-0194,0.464,0.4885,0.7132,0.5905,0.5541,0.2099,0.8167,5,0.3097,0.6051,0.4755,0.9927,1.0423,1.0919,false
CHR-MED-0195,Consul Talleyrand of Kamakura / Muromachi Japan,medieval,Kingdom of England,British Isles,1193,1200,Political,disruptor,EVT-MED-0195,0.8021,0.5827,0.2135,0.4234,0.9313,0.861,0.7306,26,0.7188,0.7735,0.7738,1.2445,1.25,1.25,true
CHR-MED-0196,Commander Enheduanna of Chola Dynasty,medieval,Mongol Empire / Ilkhanate,Eurasian Steppe,1284,1312,Military,disruptor,EVT-MED-0196,0.6578,0.5744,0.2068,0.4635,0.8342,0.8918,0.8742,31,0.7141,0.7444,0.7468,1.2351,1.25,1.25,false
CHR-MED-0197,Geometer Nizam of Mali Empire,medieval,Classic Maya & Postclassic,Mesoamerica,1242,1256,Scientific,architect,EVT-MED-0197,0.8684,0.8795,0.7788,0.7034,0.6648,0.4122,0.6415,31,0.3544,0.7776,0.6438,0.8554,0.8867,0.7928,false
CHR-MED-0198,Arch-Engineer Harsha of Kingdom of France,medieval,Abbasid Caliphate,Middle East,524,533,Scientific,wildcard,EVT-MED-0198,0.6306,0.5274,0.1528,0.7632,0.3819,0.6343,0.4142,32,0.4356,0.5441,0.5479,1.0144,1.0651,1.1158,false
CHR-MED-0199,Metallurgist Labarna of Umayyad Caliphate (Al-Andalus),medieval,Kingdom of England,British Isles,652,693,Scientific,wildcard,EVT-MED-0199,0.6125,0.3885,0.3216,0.5206,0.2722,0.536,0.7018,53,0.5077,0.6482,0.5297,1.0089,1.0594,1.1098,false
CHR-MED-0200,Physician Mursili of Tang Dynasty,medieval,Tang Dynasty,East Asia,1079,1106,Scientific,stabilizer,EVT-MED-0200,0.759,0.5634,0.857,0.7111,0.4993,0.1599,0.6146,37,0.2244,0.7012,0.4941,0.8185,0.8485,0.7586,false
CHR-MED-0201,Warlord Zhang of Byzantine Empire,medieval,Umayyad Caliphate (Al-Andalus),Iberia / North Africa,979,1020,Military,catalyst,EVT-MED-0201,0.536,0.7393,0.7164,0.7041,0.8532,0.7441,0.9017,57,0.52,0.6823,0.6629,1.1013,1.2062,1.1538,false
CHR-MED-0202,Geometer Kautilya of Tang Dynasty,medieval,Umayyad Caliphate (Al-Andalus),Iberia / North Africa,1030,1037,Scientific,wildcard,EVT-MED-0202,0.898,0.4372,0.3374,0.2984,0.5501,0.4619,0.6922,22,0.5818,0.8157,0.6471,1.0441,1.0963,1.1485,false
CHR-MED-0203,Vizier Suppiluliuma of Chola Dynasty,medieval,Mali Empire,West Africa,1264,1273,Political,stabilizer,EVT-MED-0203,0.6165,0.5831,0.7847,0.7599,0.6769,0.2477,0.4011,145,0.2439,0.5304,0.474,0.8136,0.8434,0.7541,false
CHR-MED-0204,Geometer Marshall of Kievan Rus,medieval,Tang Dynasty,East Asia,875,904,Scientific,disruptor,EVT-MED-0204,0.6921,0.5343,0.2685,0.4081,0.7958,0.791,0.7594,27,0.6915,0.719,0.7078,1.2217,1.25,1.25,false
CHR-MED-0205,Polymath Nizam of Holy Roman Empire,medieval,Kingdom of England,British Isles,997,1010,Scientific,catalyst,EVT-MED-0205,0.6075,0.7501,0.5239,0.7098,0.913,0.5513,0.7004,49,0.4207,0.6447,0.6512,1.0976,1.2022,1.1499,false
CHR-MED-0206,Legate Madison of Abbasid Caliphate,medieval,Tang Dynasty,East Asia,573,583,Military,architect,EVT-MED-0206,0.8785,0.8019,0.7177,0.8873,0.6787,0.4427,0.5876,82,0.2777,0.7622,0.6301,0.852,0.8832,0.7897,false
CHR-MED-0207,Admiral Sumner of Kamakura / Muromachi Japan,medieval,Kievan Rus,Eastern Europe,1100,1137,Military,catalyst,EVT-MED-0207,0.5433,0.7716,0.5067,0.754,0.9373,0.591,0.8669,25,0.4185,0.6727,0.6725,1.1043,1.2095,1.1569,false
CHR-MED-0208,Patriarch Bradford of Holy Roman Empire,medieval,Song Dynasty,East Asia,530,550,Religious,architect,EVT-MED-0208,0.8403,0.7276,0.8407,0.8012,0.5106,0.3006,0.5765,177,0.2497,0.7348,0.5532,0.8331,0.8636,0.7721,false
CHR-MED-0209,Chamberlain Hamilton of Umayyad Caliphate (Al-Andalus),medieval,Holy Roman Empire,Central Europe,970,989,Economic,wildcard,EVT-MED-0209,0.6657,0.4955,0.3124,0.381,0.6053,0.1643,0.8491,8,0.3917,0.7391,0.5833,1.025,1.0762,1.1275,false
CHR-MED-0210,Admiral Wilhelm of Chola Dynasty,medieval,Kingdom of France,Western Europe,612,620,Military,wildcard,EVT-MED-0210,0.5883,0.4649,0.2347,0.6653,0.2949,0.2548,0.6904,56,0.2947,0.6292,0.4961,0.9988,1.0488,1.0987,false
CHR-MED-0211,Consul Chen of Byzantine Empire,medieval,Abbasid Caliphate,Middle East,1436,1452,Political,disruptor,EVT-MED-0211,0.6355,0.6149,0.3096,0.4659,0.7256,0.6599,0.8107,29,0.597,0.7056,0.6763,1.2108,1.25,1.25,false
CHR-MED-0212,Arch-Engineer Labarna of Holy Roman Empire,medieval,Umayyad Caliphate (Al-Andalus),Iberia / North Africa,1134,1170,Scientific,disruptor,EVT-MED-0212,0.9421,0.6705,0.314,0.5249,0.7884,0.6815,0.7396,32,0.5783,0.8611,0.7599,1.2397,1.25,1.25,true
CHR-MED-0213,Guild Master Kheti of Umayyad Caliphate (Al-Andalus),medieval,Byzantine Empire,Eastern Mediterranean,818,856,Economic,stabilizer,EVT-MED-0213,0.5801,0.6785,0.9309,0.8895,0.5592,0.1423,0.6394,142,0.1264,0.6038,0.4604,0.8103,0.8399,0.751,false
CHR-MED-0214,Imam Otto of Tang Dynasty,medieval,Kingdom of France,Western Europe,884,926,Religious,disruptor,EVT-MED-0214,0.6704,0.5653,0.2101,0.637,0.9199,0.6806,0.7312,37,0.5218,0.6947,0.6993,1.2188,1.25,1.25,false
CHR-MED-0215,Customs Director Song of Byzantine Empire,medieval,Mali Empire,West Africa,837,847,Economic,disruptor,EVT-MED-0215,0.9363,0.6102,0.3205,0.5233,0.8276,0.8403,0.7206,14,0.6585,0.85,0.7757,1.2451,1.25,1.25,true
CHR-MED-0216,Admiral Labarna of Byzantine Empire,medieval,Khmer Empire,Southeast Asia,1069,1110,Military,wildcard,EVT-MED-0216,0.56,0.7515,0.4656,0.7392,0.7018,0.6367,0.8383,59,0.4487,0.6714,0.6457,1.0437,1.0959,1.1481,false
CHR-MED-0217,Commander Cao of Kingdom of England,medieval,Kievan Rus,Eastern Europe,707,723,Military,wildcard,EVT-MED-0217,0.5471,0.7065,0.4841,0.4152,0.2223,0.7329,0.6234,12,0.6589,0.5776,0.5604,1.0181,1.069,1.1199,false
CHR-MED-0218,Senator Adams of Mongol Empire / Ilkhanate,medieval,Kingdom of France,Western Europe,1370,1412,Political,disruptor,EVT-MED-0218,0.6645,0.6143,0.4886,0.5446,0.9265,0.7117,0.9419,41,0.5835,0.7754,0.7192,1.2256,1.25,1.25,false
CHR-MED-0219,Consul Baldwin of Kamakura / Muromachi Japan,medieval,Kingdom of France,Western Europe,1071,1083,Political,disruptor,EVT-MED-0219,0.9115,0.5725,0.2523,0.401,0.8371,0.8436,0.9044,19,0.7213,0.9086,0.8062,1.25,1.25,1.25,true
CHR-MED-0220,Polymath Samsi-Adad of Classic Maya & Postclassic,medieval,Classic Maya & Postclassic,Mesoamerica,931,940,Scientific,architect,EVT-MED-0220,0.7099,0.6737,0.8834,0.8524,0.7761,0.3741,0.684,61,0.2608,0.6996,0.5727,0.8379,0.8685,0.7766,false
CHR-MED-0221,Imam Bradford of Classic Maya & Postclassic,medieval,Chola Dynasty,South India,1050,1083,Religious,disruptor,EVT-MED-0221,0.6753,0.7837,0.3801,0.4793,0.8051,0.8872,0.8399,10,0.704,0.7411,0.7542,1.2377,1.25,1.25,true
CHR-MED-0222,Mint Overseer Bradford of Classic Maya & Postclassic,medieval,Byzantine Empire,Eastern Mediterranean,1312,1339,Economic,architect,EVT-MED-0222,0.7688,0.7777,0.6936,0.8013,0.6521,0.2034,0.78,154,0.201,0.7733,0.5948,0.8433,0.8742,0.7816,false
CHR-MED-0223,Geometer Harun of Byzantine Empire,medieval,Byzantine Empire,Eastern Mediterranean,1196,1221,Scientific,architect,EVT-MED-0223,0.7352,0.6149,0.8615,0.7918,0.737,0.3836,0.5841,66,0.2959,0.6748,0.556,0.8338,0.8643,0.7728,false
CHR-MED-0224,Hierophant Bradford of Tang Dynasty,medieval,Mali Empire,West Africa,579,588,Religious,architect,EVT-MED-0224,0.7641,0.8739,0.7869,0.8435,0.7626,0.4301,0.6049,152,0.2933,0.7004,0.6209,0.8497,0.8808,0.7876,false
CHR-MED-0225,Mint Overseer Harun of Tang Dynasty,medieval,Holy Roman Empire,Central Europe,536,550,Economic,architect,EVT-MED-0225,0.87,0.8743,0.8391,0.818,0.7382,0.3919,0.5737,172,0.287,0.7515,0.6294,0.8518,0.883,0.7895,false
CHR-MED-0226,Prefect Nizam of Umayyad Caliphate (Al-Andalus),medieval,Tang Dynasty,East Asia,1185,1214,Political,architect,EVT-MED-0226,0.7398,0.6971,0.6956,0.7164,0.6002,0.3477,0.7435,147,0.3156,0.7413,0.5878,0.8416,0.8724,0.78,false
CHR-MED-0227,General Wilhelm of Kamakura / Muromachi Japan,medieval,Kingdom of England,British Isles,516,536,Military,disruptor,EVT-MED-0227,0.9202,0.5529,0.4347,0.4745,0.7712,0.9198,0.9063,34,0.7226,0.9146,0.7854,1.2485,1.25,1.25,true
CHR-MED-0228,Marshal Hathor of Kingdom of France,medieval,Chola Dynasty,South India,1104,1139,Military,architect,EVT-MED-0228,0.896,0.6864,0.7669,0.8489,0.7296,0.2662,0.6878,135,0.2086,0.8127,0.6104,0.8471,0.8781,0.7852,false
CHR-MED-0229,Treasurer Justinian of Mali Empire,medieval,Abbasid Caliphate,Middle East,1056,1075,Economic,stabilizer,EVT-MED-0229,0.6867,0.7108,0.7277,0.8959,0.6573,0.322,0.5503,110,0.213,0.6321,0.5402,0.8299,0.8602,0.7692,false
CHR-MED-0230,Poet Laureate Wilhelm of Chola Dynasty,medieval,Kievan Rus,Eastern Europe,725,733,Cultural,stabilizer,EVT-MED-0230,0.7087,0.787,0.8826,0.8004,0.492,0.335,0.5839,235,0.2673,0.6588,0.5286,0.827,0.8573,0.7665,false
CHR-MED-0231,Alchemist Kautilya of Holy Roman Empire,medieval,Chola Dynasty,South India,552,574,Scientific,catalyst,EVT-MED-0231,0.6965,0.6631,0.6032,0.7767,0.9483,0.5443,0.8604,29,0.3838,0.7621,0.6774,1.1059,1.2112,1.1585,false
CHR-MED-0232,Guild Master Theodosius of Kingdom of England,medieval,Kievan Rus,Eastern Europe,885,895,Economic,architect,EVT-MED-0232,0.9002,0.8421,0.699,0.9015,0.5209,0.2199,0.5987,76,0.1592,0.7796,0.5873,0.8415,0.8723,0.7799,false
CHR-MED-0233,Pontiff Belisarius of Mongol Empire / Ilkhanate,medieval,Khmer Empire,Southeast Asia,804,840,Religious,catalyst,EVT-MED-0233,0.6624,0.778,0.6738,0.6719,0.7457,0.5846,0.8013,28,0.4564,0.718,0.6511,1.0976,1.2021,1.1499,false
CHR-MED-0234,Treasurer Otto of Byzantine Empire,medieval,Tang Dynasty,East Asia,898,913,Economic,architect,EVT-MED-0234,0.8487,0.6487,0.7075,0.7337,0.5114,0.2891,0.566,172,0.2777,0.7357,0.557,0.834,0.8645,0.773,false
CHR-MED-0235,Chronicler Hamilton of Kingdom of England,medieval,Kievan Rus,Eastern Europe,1102,1125,Cultural,catalyst,EVT-MED-0235,0.6888,0.7967,0.4588,0.7354,0.8006,0.556,0.7008,32,0.4103,0.6936,0.6677,1.1028,1.2078,1.1553,false
CHR-MED-0236,Polymath Sun of Mali Empire,medieval,Mongol Empire / Ilkhanate,Eurasian Steppe,521,554,Scientific,wildcard,EVT-MED-0236,0.8793,0.6033,0.2969,0.6615,0.4564,0.7897,0.5126,28,0.5641,0.7326,0.6614,1.0484,1.1008,1.1532,false
CHR-MED-0237,Master Sculptor Wilhelm of Classic Maya & Postclassic,medieval,Kingdom of France,Western Europe,1181,1202,Cultural,disruptor,EVT-MED-0237,0.9339,0.6383,0.3128,0.3675,0.8756,0.9102,0.8566,10,0.7714,0.903,0.8259,1.25,1.25,1.25,true
CHR-MED-0238,Arch-Engineer Ramesses of Mongol Empire / Ilkhanate,medieval,Byzantine Empire,Eastern Mediterranean,946,976,Scientific,architect,EVT-MED-0238,0.7108,0.6027,0.7986,0.7915,0.5821,0.3567,0.7019,99,0.2826,0.7072,0.5448,0.831,0.8614,0.7702,false
CHR-MED-0239,Legate Enheduanna of Mongol Empire / Ilkhanate,medieval,Kingdom of France,Western Europe,1223,1248,Military,wildcard,EVT-MED-0239,0.5349,0.6918,0.3965,0.2098,0.8422,0.6317,0.5153,20,0.711,0.5271,0.6357,1.0407,1.0928,1.1448,false
CHR-MED-0240,Rhetorician Song of Tang Dynasty,medieval,Kingdom of France,Western Europe,855,861,Cultural,architect,EVT-MED-0240,0.8514,0.6966,0.857,0.8948,0.7021,0.2793,0.7953,129,0.1922,0.829,0.6034,0.8454,0.8764,0.7836,false
CHR-MED-0241,Geometer Franklin of Umayyad Caliphate (Al-Andalus),medieval,Tang Dynasty,East Asia,872,896,Scientific,stabilizer,EVT-MED-0241,0.7923,0.6947,0.8524,0.6878,0.6641,0.1522,0.4146,62,0.2322,0.6412,0.5173,0.8243,0.8544,0.7639,false
CHR-MED-0242,Arch-Engineer Heinrich of Mongol Empire / Ilkhanate,medieval,Abbasid Caliphate,Middle East,1346,1388,Scientific,architect,EVT-MED-0242,0.7333,0.7933,0.799,0.7244,0.6381,0.3318,0.5645,123,0.3037,0.6658,0.5664,0.8363,0.8669,0.7751,false
CHR-MED-0243,Legate Solon of Tang Dynasty,medieval,Song Dynasty,East Asia,1205,1248,Military,catalyst,EVT-MED-0243,0.6056,0.857,0.4582,0.7694,0.9005,0.5774,0.7122,32,0.404,0.6482,0.6742,1.1049,1.2101,1.1575,false
CHR-MED-0244,Consul Zhang of Khmer Empire,medieval,Tang Dynasty,East Asia,1007,1014,Political,wildcard,EVT-MED-0244,0.5393,0.7199,0.7202,0.2989,0.3617,0.5076,0.7711,36,0.6044,0.632,0.5519,1.0156,1.0664,1.1171,false
CHR-MED-0245,Governor Hammurabi of Umayyad Caliphate (Al-Andalus),medieval,Mali Empire,West Africa,786,807,Political,architect,EVT-MED-0245,0.7326,0.7256,0.7881,0.8464,0.522,0.2518,0.6033,46,0.2027,0.6809,0.5274,0.8267,0.857,0.7663,false
CHR-MED-0246,Arch-Engineer Cao of Song Dynasty,medieval,Chola Dynasty,South India,846,858,Scientific,stabilizer,EVT-MED-0246,0.742,0.7255,0.9266,0.7376,0.5644,0.1782,0.5878,175,0.2203,0.6803,0.5143,0.8235,0.8537,0.7633,false
CHR-MED-0247,High Priest Wilhelm of Classic Maya & Postclassic,medieval,Byzantine Empire,Eastern Mediterranean,598,615,Religious,wildcard,EVT-MED-0247,0.7486,0.5205,0.4508,0.323,0.7662,0.5129,0.6072,57,0.595,0.692,0.6369,1.0411,1.0931,1.1452,false
CHR-MED-0248,Metallurgist Wilhelm of Classic Maya & Postclassic,medieval,Khmer Empire,Southeast Asia,1329,1370,Scientific,stabilizer,EVT-MED-0248,0.7947,0.6254,0.7457,0.8464,0.5545,0.2566,0.537,67,0.2051,0.6916,0.5278,0.8268,0.8571,0.7663,false
CHR-MED-0249,High Priest Ashoka of Chola Dynasty,medieval,Kievan Rus,Eastern Europe,1087,1129,Religious,catalyst,EVT-MED-0249,0.5208,0.8327,0.5304,0.7218,0.7485,0.6456,0.839,18,0.4619,0.6481,0.6509,1.0975,1.2021,1.1498,false
CHR-MED-0250,Arch-Engineer Imhotep of Kamakura / Muromachi Japan,medieval,Abbasid Caliphate,Middle East,1399,1431,Scientific,catalyst,EVT-MED-0250,0.8085,0.8604,0.6883,0.583,0.7785,0.4862,0.8923,20,0.4516,0.842,0.7068,1.1151,1.2213,1.1682,false
CHR-MED-0251,Warlord Godfrey of Song Dynasty,medieval,Holy Roman Empire,Central Europe,1171,1193,Military,catalyst,EVT-MED-0251,0.6755,0.7051,0.6614,0.6896,0.8641,0.6566,0.8251,33,0.4835,0.7353,0.6759,1.1054,1.2107,1.158,false
CHR-MED-0252,Centurion Labarna of Kingdom of France,medieval,Classic Maya & Postclassic,Mesoamerica,1431,1473,Military,catalyst,EVT-MED-0252,0.7512,0.8905,0.7464,0.5636,0.932,0.4912,0.7391,31,0.4638,0.7464,0.6929,1.1108,1.2166,1.1637,false
CHR-MED-0253,Abbess Hattusili of Byzantine Empire,medieval,Holy Roman Empire,Central Europe,1203,1246,Religious,disruptor,EVT-MED-0253,0.9027,0.5653,0.3371,0.3997,0.9493,0.8246,0.7256,19,0.7124,0.8319,0.7817,1.2472,1.25,1.25,true
CHR-MED-0254,Centurion Hathor of Mongol Empire / Ilkhanate,medieval,Classic Maya & Postclassic,Mesoamerica,1262,1303,Military,disruptor,EVT-MED-0254,0.7802,0.8178,0.333,0.4124,0.7502,0.8717,0.74,44,0.7296,0.7641,0.7681,1.2425,1.25,1.25,true
CHR-MED-0255,Patriarch Ashoka of Byzantine Empire,medieval,Kamakura / Muromachi Japan,East Asia,995,1015,Religious,wildcard,EVT-MED-0255,0.5551,0.5519,0.6055,0.3481,0.6429,0.3376,0.8106,56,0.4947,0.6573,0.5623,1.0187,1.0696,1.1205,false
CHR-MED-0256,Admiral Godfrey of Classic Maya & Postclassic,medieval,Kingdom of France,Western Europe,1174,1210,Military,catalyst,EVT-MED-0256,0.8161,0.8168,0.5997,0.7163,0.8815,0.7418,0.706,16,0.5128,0.7721,0.7302,1.1225,1.2294,1.176,false
CHR-MED-0257,Merchant Prince Khaldun of Kingdom of France,medieval,Kievan Rus,Eastern Europe,808,839,Economic,stabilizer,EVT-MED-0257,0.7846,0.5877,0.8784,0.7594,0.6883,0.1542,0.5693,70,0.1974,0.6985,0.5203,0.825,0.8552,0.7646,false
CHR-MED-0258,Viceroy Harun of Byzantine Empire,medieval,Kamakura / Muromachi Japan,East Asia,910,938,Political,architect,EVT-MED-0258,0.8165,0.6905,0.7598,0.7981,0.7419,0.1896,0.6591,161,0.1957,0.7535,0.5804,0.8398,0.8705,0.7783,false
CHR-MED-0259,Minister Franklin of Song Dynasty,medieval,Kingdom of England,British Isles,1347,1372,Political,stabilizer,EVT-MED-0259,0.7581,0.6095,0.7282,0.7815,0.6788,0.2327,0.4042,104,0.2256,0.6165,0.5164,0.824,0.8542,0.7637,false
CHR-MED-0260,Scribe Telepinu of Khmer Empire,medieval,Song Dynasty,East Asia,661,678,Cultural,stabilizer,EVT-MED-0260,0.6859,0.7607,0.9036,0.8224,0.688,0.2908,0.5649,126,0.2342,0.6375,0.5357,0.8288,0.8591,0.7681,false
CHR-MED-0261,Chancellor Al-Mansur of Mali Empire,medieval,Mongol Empire / Ilkhanate,Eurasian Steppe,808,834,Political,wildcard,EVT-MED-0261,0.4226,0.846,0.234,0.5402,0.5231,0.376,0.7242,33,0.4179,0.5432,0.5756,1.0227,1.0738,1.125,false
CHR-MED-0262,Pontiff Song of Kievan Rus,medieval,Song Dynasty,East Asia,1063,1099,Religious,architect,EVT-MED-0262,0.8886,0.7429,0.7779,0.8465,0.5172,0.2122,0.7934,90,0.1828,0.8505,0.5919,0.8426,0.8734,0.781,false
CHR-MED-0263,Arch-Engineer Wu of Umayyad Caliphate (Al-Andalus),medieval,Umayyad Caliphate (Al-Andalus),Iberia / North Africa,790,808,Scientific,wildcard,EVT-MED-0263,0.6615,0.4773,0.2464,0.7023,0.4975,0.4612,0.4264,5,0.3794,0.5674,0.535,1.0105,1.061,1.1115,false
CHR-MED-0264,Mint Overseer Seneb of Tang Dynasty,medieval,Abbasid Caliphate,Middle East,1229,1262,Economic,architect,EVT-MED-0264,0.7143,0.6493,0.7743,0.916,0.5319,0.2058,0.7165,154,0.1449,0.7152,0.5209,0.8251,0.8553,0.7648,false
CHR-MED-0265,General Franklin of Khmer Empire,medieval,Holy Roman Empire,Central Europe,1369,1384,Military,disruptor,EVT-MED-0265,0.6976,0.6342,0.4992,0.5087,0.7959,0.7753,0.8952,8,0.6333,0.7766,0.7141,1.2239,1.25,1.25,false
CHR-MED-0266,Vizier Marshall of Kamakura / Muromachi Japan,medieval,Classic Maya & Postclassic,Mesoamerica,718,752,Political,disruptor,EVT-MED-0266,0.6632,0.5717,0.4312,0.3907,0.9151,0.7599,0.9512,8,0.6846,0.7784,0.7328,1.2303,1.25,1.25,false
CHR-MED-0267,Prefect Saladin of Kingdom of England,medieval,Mali Empire,West Africa,1094,1127,Political,catalyst,EVT-MED-0267,0.5247,0.7179,0.4506,0.5987,0.8785,0.6496,0.7323,56,0.5255,0.6078,0.6529,1.0982,1.2028,1.1505,false
CHR-MED-0268,Polymath Rajaraja of Kievan Rus,medieval,Abbasid Caliphate,Middle East,520,538,Scientific,disruptor,EVT-MED-0268,0.605,0.6674,0.5092,0.3613,0.9199,0.768,0.7492,46,0.7033,0.6627,0.6979,1.2183,1.25,1.25,false
CHR-MED-0269,Admiral Leonidas of Mali Empire,medieval,Mongol Empire / Ilkhanate,Eurasian Steppe,932,969,Military,wildcard,EVT-MED-0269,0.5303,0.4738,0.5116,0.4025,0.6014,0.8476,0.7372,25,0.7226,0.6131,0.6103,1.0331,1.0847,1.1364,false
CHR-MED-0270,Guild Master Godfrey of Kingdom of England,medieval,Tang Dynasty,East Asia,1088,1130,Economic,wildcard,EVT-MED-0270,0.7105,0.5461,0.4524,0.5692,0.5759,0.4318,0.5135,45,0.4313,0.6317,0.564,1.0192,1.0702,1.1211,false
CHR-MED-0271,Mint Overseer Aurelius of Tang Dynasty,medieval,Kingdom of France,Western Europe,1315,1348,Economic,stabilizer,EVT-MED-0271,0.7823,0.6191,0.8702,0.8277,0.5098,0.2478,0.599,112,0.2101,0.709,0.5135,0.8233,0.8534,0.7631,false
CHR-MED-0272,Customs Director Zhao of Abbasid Caliphate,medieval,Kamakura / Muromachi Japan,East Asia,1349,1387,Economic,architect,EVT-MED-0272,0.7743,0.8406,0.764,0.86,0.5537,0.2844,0.6489,128,0.2122,0.7241,0.5733,0.838,0.8687,0.7767,false
CHR-MED-0273,Polymath Hathor of Tang Dynasty,medieval,Byzantine Empire,Eastern Mediterranean,1144,1162,Scientific,architect,EVT-MED-0273,0.6614,0.8122,0.8757,0.7166,0.6271,0.4158,0.7004,123,0.3496,0.677,0.5753,0.8385,0.8692,0.7772,false
CHR-MED-0274,Archon Song of Holy Roman Empire,medieval,Abbasid Caliphate,Middle East,677,688,Political,stabilizer,EVT-MED-0274,0.7338,0.6269,0.7969,0.8216,0.6457,0.1439,0.5625,50,0.1612,0.6653,0.5095,0.8223,0.8524,0.7622,false
CHR-MED-0275,Strategos Zhao of Mali Empire,medieval,Holy Roman Empire,Central Europe,757,786,Military,wildcard,EVT-MED-0275,0.508,0.6636,0.495,0.532,0.8422,0.3877,0.6405,72,0.4278,0.561,0.581,1.0243,1.0755,1.1267,false
CHR-MED-0276,Strategos Chandra of Byzantine Empire,medieval,Tang Dynasty,East Asia,864,870,Military,architect,EVT-MED-0276,0.8026,0.7904,0.8692,0.8512,0.568,0.2008,0.783,53,0.1748,0.7948,0.5725,0.8378,0.8685,0.7765,false
CHR-MED-0277,Vizier Li of Mongol Empire / Ilkhanate,medieval,Khmer Empire,Southeast Asia,938,955,Political,architect,EVT-MED-0277,0.8999,0.6942,0.8545,0.7546,0.6113,0.21,0.7398,144,0.2277,0.8358,0.5901,0.8422,0.873,0.7805,false
CHR-MED-0278,Poet Laureate Cao of Kamakura / Muromachi Japan,medieval,Mongol Empire / Ilkhanate,Eurasian Steppe,1192,1213,Cultural,disruptor,EVT-MED-0278,0.8242,0.6527,0.2221,0.4266,0.7728,0.8288,0.7587,38,0.7011,0.798,0.7645,1.2412,1.25,1.25,true
CHR-MED-0279,Strategos Suppiluliuma of Classic Maya & Postclassic,medieval,Kievan Rus,Eastern Europe,944,950,Military,stabilizer,EVT-MED-0279,0.689,0.763,0.7863,0.7778,0.4663,0.1453,0.5109,167,0.1837,0.6178,0.4876,0.8169,0.8468,0.7572,false
CHR-MED-0280,Treasurer Nizam of Holy Roman Empire,medieval,Tang Dynasty,East Asia,1388,1398,Economic,stabilizer,EVT-MED-0280,0.7334,0.6876,0.9038,0.7141,0.5688,0.2845,0.505,225,0.2852,0.642,0.5142,0.8235,0.8536,0.7632,false
CHR-MED-0281,Pontiff Puduhepa of Classic Maya & Postclassic,medieval,Classic Maya & Postclassic,Mesoamerica,1466,1487,Religious,catalyst,EVT-MED-0281,0.6478,0.8272,0.6181,0.6805,0.7667,0.4582,0.8649,46,0.3889,0.7347,0.6537,1.0984,1.203,1.1507,false
CHR-MED-0282,Arch-Engineer Tariq of Kingdom of England,medieval,Kingdom of France,Western Europe,641,685,Scientific,stabilizer,EVT-MED-0282,0.7685,0.6784,0.8787,0.8843,0.4926,0.1788,0.5,78,0.1472,0.6611,0.4875,0.8169,0.8468,0.7572,false
CHR-MED-0283,Chronicler Bradford of Tang Dynasty,medieval,Mali Empire,West Africa,685,723,Cultural,disruptor,EVT-MED-0283,0.7713,0.7619,0.4347,0.38,0.9127,0.7416,0.8774,23,0.6808,0.8137,0.7744,1.2447,1.25,1.25,true
CHR-MED-0284,Commander Mursili of Kamakura / Muromachi Japan,medieval,Kingdom of France,Western Europe,560,585,Military,catalyst,EVT-MED-0284,0.8068,0.7394,0.7477,0.6718,0.8536,0.7308,0.9195,37,0.5295,0.8519,0.7298,1.1224,1.2293,1.1758,false
CHR-MED-0285,Physician Li of Mongol Empire / Ilkhanate,medieval,Abbasid Caliphate,Middle East,1170,1199,Scientific,stabilizer,EVT-MED-0285,0.7024,0.7102,0.8713,0.8988,0.669,0.16,0.4939,167,0.1306,0.619,0.4985,0.8196,0.8496,0.7597,false
CHR-MED-0286,Physician Khaldun of Kamakura / Muromachi Japan,medieval,Holy Roman Empire,Central Europe,1227,1243,Scientific,catalyst,EVT-MED-0286,0.7741,0.7918,0.635,0.7764,0.8899,0.6977,0.8934,21,0.4607,0.8218,0.7321,1.1231,1.2301,1.1766,false
CHR-MED-0287,Centurion Kheti of Umayyad Caliphate (Al-Andalus),medieval,Song Dynasty,East Asia,1010,1054,Military,wildcard,EVT-MED-0287,0.8499,0.532,0.7461,0.7114,0.8333,0.58,0.7555,48,0.4343,0.8121,0.6574,1.0472,1.0996,1.1519,false
CHR-MED-0288,Syndic Hattusili of Kingdom of France,medieval,Mali Empire,West Africa,1198,1233,Economic,stabilizer,EVT-MED-0288,0.7085,0.5831,0.7784,0.7813,0.5757,0.1405,0.6084,225,0.1796,0.6685,0.4964,0.8191,0.8491,0.7592,false
CHR-MED-0289,Synod Envoy Madison of Khmer Empire,medieval,Holy Roman Empire,Central Europe,710,717,Religious,wildcard,EVT-MED-0289,0.876,0.5812,0.704,0.6453,0.6358,0.4133,0.7611,9,0.384,0.83,0.625,1.0375,1.0894,1.1413,false
CHR-MED-0290,Alchemist Lafayette of Song Dynasty,medieval,Abbasid Caliphate,Middle East,1450,1462,Scientific,catalyst,EVT-MED-0290,0.6536,0.8406,0.5442,0.611,0.8494,0.7402,0.7949,50,0.5646,0.7101,0.7122,1.1168,1.2232,1.17,false
CHR-MED-0291,Prefect Talleyrand of Song Dynasty,medieval,Classic Maya & Postclassic,Mesoamerica,1223,1263,Political,disruptor,EVT-MED-0291,0.7091,0.849,0.3451,0.5815,0.779,0.9426,0.7827,47,0.6805,0.7385,0.7667,1.242,1.25,1.25,true
CHR-MED-0292,Pontiff Ashoka of Song Dynasty,medieval,Classic Maya & Postclassic,Mesoamerica,1434,1471,Religious,catalyst,EVT-MED-0292,0.535,0.7349,0.7019,0.7448,0.8196,0.6518,0.7906,25,0.4535,0.6372,0.6259,1.0896,1.1934,1.1415,false
CHR-MED-0293,Legate Mazarin of Umayyad Caliphate (Al-Andalus),medieval,Holy Roman Empire,Central Europe,990,1005,Military,wildcard,EVT-MED-0293,0.5295,0.622,0.3081,0.3631,0.2597,0.6353,0.4866,54,0.6361,0.5123,0.5339,1.0102,1.0607,1.1112,false
CHR-MED-0294,Pontiff Kautilya of Kingdom of France,medieval,Song Dynasty,East Asia,1047,1078,Religious,catalyst,EVT-MED-0294,0.5585,0.7963,0.637,0.7328,0.8257,0.711,0.763,24,0.4891,0.6403,0.6537,1.0984,1.203,1.1507,false
CHR-MED-0295,Rhetorician Sargon of Mongol Empire / Ilkhanate,medieval,Abbasid Caliphate,Middle East,874,880,Cultural,architect,EVT-MED-0295,0.826,0.6547,0.8419,0.8297,0.5017,0.3358,0.6193,57,0.253,0.7433,0.5476,0.8317,0.8621,0.7708,false
CHR-MED-0296,Dramatist Hattusili of Kingdom of France,medieval,Kingdom of France,Western Europe,633,668,Cultural,disruptor,EVT-MED-0296,0.6342,0.6707,0.2477,0.5967,0.9036,0.8048,0.8583,48,0.604,0.7239,0.7396,1.2326,1.25,1.25,false
CHR-MED-0297,Consul Li of Byzantine Empire,medieval,Mongol Empire / Ilkhanate,Eurasian Steppe,1193,1234,Political,architect,EVT-MED-0297,0.9001,0.7564,0.8902,0.765,0.7506,0.2985,0.6211,117,0.2667,0.7885,0.6117,0.8475,0.8785,0.7855,false
CHR-MED-0298,Cardinal Otto of Umayyad Caliphate (Al-Andalus),medieval,Kingdom of England,British Isles,984,1027,Religious,architect,EVT-MED-0298,0.8739,0.8149,0.8129,0.8866,0.6393,0.4049,0.7649,46,0.2591,0.8303,0.6365,0.8536,0.8848,0.7911,false
CHR-MED-0299,Archon Eleanor of Kingdom of France,medieval,Kingdom of France,Western Europe,745,763,Political,stabilizer,EVT-MED-0299,0.6062,0.7392,0.8766,0.6977,0.5559,0.3173,0.6514,136,0.3098,0.6243,0.5186,0.8246,0.8547,0.7642,false
CHR-MED-0300,Strategos Lafayette of Chola Dynasty,medieval,Mongol Empire / Ilkhanate,Eurasian Steppe,1366,1411,Military,stabilizer,EVT-MED-0300,0.8313,0.6781,0.9133,0.8637,0.5346,0.2138,0.499,189,0.1751,0.6984,0.5121,0.823,0.8531,0.7628,false
CHR-MED-0301,Dramatist Friedrich of Song Dynasty,medieval,Holy Roman Empire,Central Europe,745,785,Cultural,architect,EVT-MED-0301,0.8541,0.72,0.7893,0.8706,0.5237,0.2277,0.7709,162,0.1786,0.8208,0.5774,0.839,0.8697,0.7776,false
CHR-MED-0302,Vizier Qian of Kingdom of France,medieval,Chola Dynasty,South India,506,533,Political,architect,EVT-MED-0302,0.7941,0.7033,0.8045,0.9089,0.7782,0.3737,0.7209,61,0.2324,0.7648,0.609,0.8468,0.8778,0.7849,false
CHR-MED-0303,Admiral Puduhepa of Song Dynasty,medieval,Song Dynasty,East Asia,882,920,Military,catalyst,EVT-MED-0303,0.5237,0.8468,0.6013,0.631,0.7658,0.627,0.8524,19,0.498,0.6552,0.653,1.0982,1.2028,1.1505,false
CHR-MED-0304,Cardinal Dara of Abbasid Caliphate,medieval,Byzantine Empire,Eastern Mediterranean,534,545,Religious,catalyst,EVT-MED-0304,0.6112,0.7848,0.7387,0.6616,0.9381,0.4512,0.9333,34,0.3948,0.74,0.662,1.101,1.2059,1.1534,false
CHR-MED-0305,Cardinal Nizam of Tang Dynasty,medieval,Mali Empire,West Africa,1292,1314,Religious,catalyst,EVT-MED-0305,0.7558,0.7384,0.6401,0.7623,0.9306,0.702,0.919,15,0.4698,0.8211,0.7303,1.1226,1.2295,1.176,false
CHR-MED-0306,Consul Colbert of Chola Dynasty,medieval,Byzantine Empire,Eastern Mediterranean,1071,1086,Political,catalyst,EVT-MED-0306,0.7113,0.8069,0.4704,0.7509,0.8385,0.5461,0.8587,40,0.3976,0.7702,0.7008,1.1132,1.2193,1.1663,false
CHR-MED-0307,Mint Overseer Hathor of Umayyad Caliphate (Al-Andalus),medieval,Holy Roman Empire,Central Europe,586,623,Economic,architect,EVT-MED-0307,0.72,0.7148,0.7867,0.8631,0.5594,0.3042,0.5954,149,0.2206,0.6702,0.5342,0.8284,0.8587,0.7678,false
CHR-MED-0308,Astronomer Rajaraja of Khmer Empire,medieval,Kamakura / Muromachi Japan,East Asia,1198,1209,Scientific,architect,EVT-MED-0308,0.7411,0.8263,0.8088,0.8515,0.734,0.262,0.8049,65,0.2053,0.7666,0.6059,0.8461,0.877,0.7841,false
CHR-MED-0309,Prefect Otto of Mongol Empire / Ilkhanate,medieval,Mongol Empire / Ilkhanate,Eurasian Steppe,781,826,Political,disruptor,EVT-MED-0309,0.7255,0.7371,0.3164,0.3861,0.9233,0.6896,0.9292,44,0.6518,0.807,0.7723,1.2439,1.25,1.25,true
CHR-MED-0310,Marshal Averroes of Chola Dynasty,medieval,Tang Dynasty,East Asia,1429,1436,Military,stabilizer,EVT-MED-0310,0.8022,0.7724,0.9225,0.8217,0.6699,0.2651,0.4051,133,0.2217,0.6434,0.5341,0.8284,0.8587,0.7678,false
CHR-MED-0311,Syndic Nizam of Mongol Empire / Ilkhanate,medieval,Tang Dynasty,East Asia,1381,1421,Economic,architect,EVT-MED-0311,0.8066,0.6973,0.7408,0.8837,0.6659,0.4253,0.6708,69,0.2708,0.7523,0.6023,0.8452,0.8761,0.7833,false
CHR-MED-0312,Arch-Engineer Vikram of Khmer Empire,medieval,Umayyad Caliphate (Al-Andalus),Iberia / North Africa,753,761,Scientific,stabilizer,EVT-MED-0312,0.6177,0.5624,0.7601,0.8109,0.5609,0.2487,0.4093,161,0.2189,0.5343,0.4551,0.8089,0.8385,0.75,false
CHR-MED-0313,Polymath Labarna of Kingdom of England,medieval,Song Dynasty,East Asia,1352,1367,Scientific,catalyst,EVT-MED-0313,0.8152,0.691,0.7302,0.6235,0.8975,0.7043,0.7651,27,0.5404,0.7952,0.7083,1.1156,1.2219,1.1687,false
CHR-MED-0314,Poet Laureate Kheti of Chola Dynasty,medieval,Kingdom of France,Western Europe,576,590,Cultural,wildcard,EVT-MED-0314,0.8433,0.3647,0.2597,0.5217,0.3002,0.2631,0.446,34,0.3707,0.6844,0.5149,1.0045,1.0547,1.1049,false
CHR-MED-0315,Arch-Engineer Hammurabi of Song Dynasty,medieval,Classic Maya & Postclassic,Mesoamerica,1091,1130,Scientific,catalyst,EVT-MED-0315,0.5681,0.7416,0.675,0.6581,0.8857,0.5515,0.8615,47,0.4467,0.6855,0.6477,1.0965,1.2009,1.1487,false
CHR-MED-0316,Viceroy Ibn-Sina of Kamakura / Muromachi Japan,medieval,Mali Empire,West Africa,782,802,Political,disruptor,EVT-MED-0316,0.6851,0.5295,0.3399,0.5192,0.8161,0.7317,0.7803,12,0.6062,0.7232,0.69,1.2155,1.25,1.25,false
CHR-MED-0317,Physician Imhotep of Byzantine Empire,medieval,Tang Dynasty,East Asia,1445,1457,Scientific,disruptor,EVT-MED-0317,0.7683,0.7357,0.4692,0.3999,0.8391,0.6702,0.9446,31,0.6351,0.8388,0.7536,1.2375,1.25,1.25,true
CHR-MED-0318,Synod Envoy Wu of Mongol Empire / Ilkhanate,medieval,Kievan Rus,Eastern Europe,713,729,Religious,catalyst,EVT-MED-0318,0.8088,0.9163,0.4993,0.567,0.871,0.6227,0.8248,25,0.5279,0.8152,0.7591,1.1316,1.2394,1.1855,true
CHR-MED-0319,Admiral Harun of Umayyad Caliphate (Al-Andalus),medieval,Kingdom of France,Western Europe,746,782,Military,catalyst,EVT-MED-0319,0.687,0.7671,0.4584,0.7186,0.7719,0.5525,0.7709,33,0.4169,0.7205,0.6693,1.1033,1.2084,1.1559,false
CHR-MED-0320,Strategos Heinrich of Byzantine Empire,medieval,Kamakura / Muromachi Japan,East Asia,1144,1173,Military,stabilizer,EVT-MED-0320,0.6846,0.5556,0.7827,0.7601,0.66,0.1643,0.6412,199,0.2021,0.6672,0.508,0.822,0.8521,0.7618,false
CHR-MED-0321,Scribe Al-Mansur of Kievan Rus,medieval,Tang Dynasty,East Asia,734,778,Cultural,architect,EVT-MED-0321,0.8923,0.7162,0.8632,0.7397,0.6406,0.4411,0.804,50,0.3507,0.857,0.6401,0.8545,0.8857,0.7919,false
CHR-MED-0322,Mint Overseer Madison of Tang Dynasty,medieval,Mongol Empire / Ilkhanate,Eurasian Steppe,1327,1370,Economic,stabilizer,EVT-MED-0322,0.6941,0.7988,0.8134,0.6869,0.6884,0.2355,0.4533,42,0.2743,0.5978,0.5342,0.8284,0.8587,0.7678,false
CHR-MED-0323,Customs Director Theodosius of Kingdom of England,medieval,Kingdom of England,British Isles,635,640,Economic,disruptor,EVT-MED-0323,0.73,0.8249,0.3544,0.6374,0.947,0.9067,0.7234,8,0.6346,0.7274,0.7755,1.245,1.25,1.25,true
CHR-MED-0324,General Ashoka of Umayyad Caliphate (Al-Andalus),medieval,Chola Dynasty,South India,958,991,Military,architect,EVT-MED-0324,0.8017,0.6627,0.8803,0.8705,0.7137,0.2667,0.6515,137,0.1981,0.7416,0.5631,0.8355,0.8661,0.7744,false
CHR-MED-0325,Astronomer Tiglath of Classic Maya & Postclassic,medieval,Umayyad Caliphate (Al-Andalus),Iberia / North Africa,1111,1117,Scientific,wildcard,EVT-MED-0325,0.6683,0.7497,0.6936,0.5577,0.2739,0.4929,0.7057,58,0.4676,0.6832,0.5532,1.0159,1.0667,1.1175,false
CHR-MED-0326,Alchemist Puduhepa of Kievan Rus,medieval,Umayyad Caliphate (Al-Andalus),Iberia / North Africa,1168,1182,Scientific,disruptor,EVT-MED-0326,0.9058,0.6897,0.4475,0.4631,0.9158,0.7441,0.7777,48,0.6405,0.8546,0.7776,1.2458,1.25,1.25,true
CHR-MED-0327,Senator Al-Mansur of Kievan Rus,medieval,Umayyad Caliphate (Al-Andalus),Iberia / North Africa,1295,1303,Political,stabilizer,EVT-MED-0327,0.7152,0.6427,0.8819,0.8434,0.4844,0.1584,0.6185,125,0.1575,0.6765,0.484,0.8161,0.8459,0.7564,false
CHR-MED-0328,Master Sculptor Mursili of Classic Maya & Postclassic,medieval,Mali Empire,West Africa,575,611,Cultural,disruptor,EVT-MED-0328,0.602,0.6048,0.4392,0.6456,0.869,0.9228,0.854,20,0.6386,0.7028,0.7119,1.2231,1.25,1.25,false
CHR-MED-0329,Pontiff Kheti of Kamakura / Muromachi Japan,medieval,Chola Dynasty,South India,770,779,Religious,stabilizer,EVT-MED-0329,0.8366,0.6749,0.7876,0.7243,0.4865,0.3383,0.5464,125,0.307,0.7205,0.5511,0.8326,0.863,0.7716,false
CHR-MED-0330,Admiral Kautilya of Mali Empire,medieval,Song Dynasty,East Asia,1204,1225,Military,architect,EVT-MED-0330,0.6993,0.7012,0.7394,0.822,0.6267,0.262,0.5656,129,0.22,0.6458,0.5331,0.8281,0.8584,0.7675,false
CHR-MED-0331,Senator Cao of Khmer Empire,medieval,Umayyad Caliphate (Al-Andalus),Iberia / North Africa,551,591,Political,architect,EVT-MED-0331,0.6903,0.7565,0.8251,0.9007,0.515,0.3595,0.7643,127,0.2294,0.7199,0.5543,0.8334,0.8639,0.7724,false
CHR-MED-0332,Scribe Wu of Khmer Empire,medieval,Byzantine Empire,Eastern Mediterranean,594,606,Cultural,wildcard,EVT-MED-0332,0.504,0.4047,0.4388,0.439,0.3763,0.4706,0.6102,24,0.5158,0.5464,0.4894,0.9968,1.0467,1.0965,false
CHR-MED-0333,Arch-Engineer Saladin of Khmer Empire,medieval,Holy Roman Empire,Central Europe,1112,1121,Scientific,wildcard,EVT-MED-0333,0.8701,0.569,0.4706,0.7746,0.5924,0.7855,0.6502,26,0.5055,0.7821,0.6713,1.0514,1.104,1.1565,false
CHR-MED-0334,Vizier Puduhepa of Classic Maya & Postclassic,medieval,Khmer Empire,Southeast Asia,677,682,Political,disruptor,EVT-MED-0334,0.7621,0.6538,0.2718,0.6233,0.7098,0.6796,0.7873,44,0.5282,0.7722,0.7068,1.2213,1.25,1.25,false
CHR-MED-0335,Abbess Lafayette of Song Dynasty,medieval,Byzantine Empire,Eastern Mediterranean,1403,1424,Religious,wildcard,EVT-MED-0335,0.7717,0.6205,0.3758,0.535,0.4385,0.1766,0.6521,9,0.3208,0.7239,0.5618,1.0185,1.0695,1.1204,false
CHR-MED-0336,Hierophant Zhang of Kingdom of England,medieval,Kingdom of France,Western Europe,872,902,Religious,stabilizer,EVT-MED-0336,0.8252,0.741,0.7301,0.825,0.5728,0.2852,0.4631,145,0.2301,0.6803,0.5514,0.8326,0.8631,0.7717,false
CHR-MED-0337,Cardinal Hathor of Kamakura / Muromachi Japan,medieval,Kievan Rus,Eastern Europe,822,837,Religious,catalyst,EVT-MED-0337,0.6785,0.8627,0.5501,0.5677,0.8907,0.513,0.8486,58,0.4727,0.7466,0.7035,1.1141,1.2202,1.1671,false
CHR-MED-0338,Minister Marshall of Kingdom of France,medieval,Byzantine Empire,Eastern Mediterranean,1047,1082,Political,architect,EVT-MED-0338,0.6716,0.6031,0.7231,0.7663,0.5532,0.3351,0.7648,131,0.2844,0.7089,0.5457,0.8312,0.8617,0.7704,false
CHR-MED-0339,Chancellor Zhao of Kingdom of France,medieval,Mongol Empire / Ilkhanate,Eurasian Steppe,1185,1190,Political,stabilizer,EVT-MED-0339,0.8393,0.7036,0.7767,0.6838,0.6892,0.1718,0.5714,101,0.244,0.7321,0.5684,0.8368,0.8674,0.7756,false
CHR-MED-0340,Chamberlain Adams of Holy Roman Empire,medieval,Classic Maya & Postclassic,Mesoamerica,529,572,Economic,catalyst,EVT-MED-0340,0.5305,0.8185,0.638,0.7038,0.8414,0.6918,0.8165,21,0.494,0.6449,0.6589,1.1,1.2048,1.1524,false
CHR-MED-0341,Cardinal Puduhepa of Classic Maya & Postclassic,medieval,Kievan Rus,Eastern Europe,808,853,Religious,disruptor,EVT-MED-0341,0.6369,0.8402,0.4249,0.3272,0.7165,0.8987,0.769,6,0.7858,0.6897,0.734,1.2307,1.25,1.25,false
CHR-MED-0342,Syndic Dara of Kingdom of France,medieval,Kamakura / Muromachi Japan,East Asia,1065,1097,Economic,wildcard,EVT-MED-0342,0.7237,0.6308,0.7465,0.6353,0.67,0.7498,0.7708,27,0.5572,0.7426,0.6477,1.0443,1.0965,1.1487,false
CHR-MED-0343,High Priest Saladin of Umayyad Caliphate (Al-Andalus),medieval,Kamakura / Muromachi Japan,East Asia,1417,1433,Religious,wildcard,EVT-MED-0343,0.7632,0.5138,0.7058,0.7254,0.8195,0.4401,0.4341,18,0.3573,0.6316,0.5651,1.0195,1.0705,1.1215,false
CHR-MED-0344,Synod Envoy Lafayette of Kievan Rus,medieval,Khmer Empire,Southeast Asia,903,919,Religious,wildcard,EVT-MED-0344,0.4044,0.4996,0.5444,0.5458,0.7355,0.589,0.882,53,0.5216,0.5954,0.5753,1.0226,1.0737,1.1248,false
CHR-MED-0345,Syndic Richelieu of Kamakura / Muromachi Japan,medieval,Mali Empire,West Africa,1236,1281,Economic,wildcard,EVT-MED-0345,0.4672,0.6817,0.6833,0.5021,0.4144,0.2679,0.8155,39,0.3829,0.6065,0.5003,1.0001,1.0501,1.1001,false
CHR-MED-0346,Customs Director Justinian of Kingdom of France,medieval,Chola Dynasty,South India,711,717,Economic,wildcard,EVT-MED-0346,0.4148,0.7633,0.5571,0.4799,0.6585,0.3754,0.6529,30,0.4478,0.51,0.5415,1.0125,1.0631,1.1137,false
CHR-MED-0347,Mint Overseer Telepinu of Chola Dynasty,medieval,Mongol Empire / Ilkhanate,Eurasian Steppe,911,916,Economic,stabilizer,EVT-MED-0347,0.6391,0.6694,0.7758,0.8936,0.634,0.1302,0.4202,214,0.1183,0.5515,0.4656,0.8115,0.8412,0.7522,false
CHR-MED-0348,Legate Mazarin of Classic Maya & Postclassic,medieval,Kingdom of France,Western Europe,618,624,Military,disruptor,EVT-MED-0348,0.6483,0.7276,0.4633,0.5779,0.7179,0.6583,0.8816,38,0.5402,0.7416,0.6847,1.2137,1.25,1.25,false
CHR-MED-0349,Arch-Engineer Otto of Kamakura / Muromachi Japan,medieval,Umayyad Caliphate (Al-Andalus),Iberia / North Africa,547,560,Scientific,wildcard,EVT-MED-0349,0.6233,0.7423,0.383,0.4905,0.5504,0.683,0.5623,49,0.5962,0.5989,0.6237,1.0371,1.089,1.1408,false
CHR-MED-0350,Warlord Chen of Tang Dynasty,medieval,Holy Roman Empire,Central Europe,1199,1216,Military,stabilizer,EVT-MED-0350,0.6719,0.7478,0.843,0.6906,0.5636,0.257,0.6032,164,0.2832,0.6445,0.5249,0.8261,0.8563,0.7657,false
CHR-MED-0351,Vizier Tiglath of Kingdom of France,medieval,Tang Dynasty,East Asia,697,713,Political,disruptor,EVT-MED-0351,0.9023,0.5396,0.3159,0.4487,0.9338,0.8911,0.7378,33,0.7212,0.8365,0.7869,1.249,1.25,1.25,true
CHR-MED-0352,Abbess Baldwin of Abbasid Caliphate,medieval,Kievan Rus,Eastern Europe,520,557,Religious,stabilizer,EVT-MED-0352,0.6399,0.7468,0.7327,0.8854,0.5034,0.268,0.6453,79,0.1913,0.6421,0.517,0.8242,0.8543,0.7639,false
CHR-MED-0353,Philosopher Ibn-Sina of Kingdom of France,medieval,Umayyad Caliphate (Al-Andalus),Iberia / North Africa,1373,1413,Cultural,disruptor,EVT-MED-0353,0.6329,0.678,0.5036,0.3779,0.9371,0.7765,0.9024,46,0.6993,0.7407,0.7331,1.2304,1.25,1.25,false
CHR-MED-0354,Strategos Eleanor of Kingdom of France,medieval,Holy Roman Empire,Central Europe,1034,1051,Military,disruptor,EVT-MED-0354,0.9307,0.7419,0.2623,0.401,0.8343,0.8162,0.7895,10,0.7076,0.8742,0.8137,1.25,1.25,1.25,true
CHR-MED-0355,Patriarch Marshall of Mongol Empire / Ilkhanate,medieval,Mongol Empire / Ilkhanate,Eurasian Steppe,1064,1086,Religious,architect,EVT-MED-0355,0.7414,0.7488,0.8173,0.8033,0.6206,0.3503,0.7591,44,0.2735,0.7485,0.5853,0.841,0.8717,0.7794,false
CHR-MED-0356,Strategos Constantine of Kingdom of England,medieval,Abbasid Caliphate,Middle East,713,738,Military,catalyst,EVT-MED-0356,0.58,0.6692,0.614,0.7644,0.8217,0.6166,0.7204,25,0.4261,0.6362,0.6196,1.0877,1.1912,1.1395,false
CHR-MED-0357,Poet Laureate Zhang of Tang Dynasty,medieval,Mali Empire,West Africa,675,695,Cultural,stabilizer,EVT-MED-0357,0.682,0.6145,0.8448,0.6888,0.4656,0.1689,0.5296,56,0.24,0.621,0.4684,0.8122,0.8419,0.7528,false
CHR-MED-0358,Commander Mentuhotep of Khmer Empire,medieval,Classic Maya & Postclassic,Mesoamerica,934,979,Military,stabilizer,EVT-MED-0358,0.7033,0.5528,0.807,0.6981,0.643,0.1943,0.4937,55,0.2481,0.6194,0.4928,0.8182,0.8482,0.7584,false
CHR-MED-0359,Dramatist Averroes of Byzantine Empire,medieval,Classic Maya & Postclassic,Mesoamerica,576,621,Cultural,disruptor,EVT-MED-0359,0.7994,0.5982,0.4115,0.5828,0.788,0.8641,0.7496,14,0.6407,0.7795,0.7295,1.2292,1.25,1.25,false
CHR-MED-0360,Warlord Tariq of Abbasid Caliphate,medieval,Mongol Empire / Ilkhanate,Eurasian Steppe,563,578,Military,catalyst,EVT-MED-0360,0.6477,0.6801,0.6673,0.763,0.7658,0.7215,0.7151,28,0.4792,0.6746,0.6394,1.0939,1.1981,1.146,false
CHR-MED-0361,Consul Sun of Classic Maya & Postclassic,medieval,Khmer Empire,Southeast Asia,593,616,Political,wildcard,EVT-MED-0361,0.8251,0.7031,0.4443,0.6732,0.6136,0.4632,0.404,10,0.395,0.6567,0.6058,1.0317,1.0833,1.1349,false
CHR-MED-0362,Scribe Narmer of Mongol Empire / Ilkhanate,medieval,Kingdom of France,Western Europe,884,915,Cultural,wildcard,EVT-MED-0362,0.77,0.5935,0.2824,0.7002,0.3463,0.3451,0.5242,14,0.3224,0.6717,0.5506,1.0152,1.0659,1.1167,false
CHR-MED-0363,Chancellor Zhang of Classic Maya & Postclassic,medieval,Khmer Empire,Southeast Asia,1002,1040,Political,disruptor,EVT-MED-0363,0.8568,0.5554,0.3104,0.3885,0.7199,0.7975,0.7971,45,0.7045,0.8329,0.7442,1.2343,1.25,1.25,false
CHR-MED-0364,Admiral Talleyrand of Byzantine Empire,medieval,Tang Dynasty,East Asia,668,690,Military,catalyst,EVT-MED-0364,0.6106,0.8577,0.5324,0.6226,0.7609,0.4653,0.8974,15,0.4213,0.7253,0.6655,1.1021,1.2071,1.1546,false
CHR-MED-0365,Arch-Engineer Lafayette of Byzantine Empire,medieval,Byzantine Empire,Eastern Mediterranean,553,559,Scientific,wildcard,EVT-MED-0365,0.5565,0.7378,0.2795,0.4305,0.6387,0.6331,0.5104,14,0.6013,0.538,0.6176,1.0353,1.0871,1.1388,false
CHR-MED-0366,Abbess Harun of Kingdom of England,medieval,Kingdom of France,Western Europe,1109,1145,Religious,disruptor,EVT-MED-0366,0.9183,0.5364,0.5136,0.3278,0.7537,0.6641,0.8806,8,0.6681,0.9033,0.737,1.2318,1.25,1.25,false
CHR-MED-0367,Metallurgist Kautilya of Kievan Rus,medieval,Mali Empire,West Africa,1400,1444,Scientific,disruptor,EVT-MED-0367,0.6903,0.5744,0.4555,0.5808,0.7608,0.8457,0.9163,34,0.6325,0.7807,0.7126,1.2233,1.25,1.25,false
CHR-MED-0368,Imam Nizam of Mali Empire,medieval,Kingdom of England,British Isles,887,920,Religious,wildcard,EVT-MED-0368,0.7208,0.4272,0.2298,0.6498,0.4081,0.1716,0.7131,32,0.2609,0.7177,0.5327,1.0098,1.0603,1.1108,false
CHR-MED-0369,Consul Bradford of Chola Dynasty,medieval,Abbasid Caliphate,Middle East,1215,1233,Political,disruptor,EVT-MED-0369,0.8862,0.7238,0.3569,0.3326,0.8083,0.8762,0.7623,38,0.7718,0.8366,0.7948,1.25,1.25,1.25,true
CHR-MED-0370,Polymath Nizam of Mali Empire,medieval,Khmer Empire,Southeast Asia,1100,1110,Scientific,stabilizer,EVT-MED-0370,0.6689,0.5744,0.7713,0.7738,0.5269,0.2358,0.5356,210,0.231,0.6156,0.4823,0.8156,0.8455,0.756,false
CHR-MED-0371,Guild Master Aurelius of Mongol Empire / Ilkhanate,medieval,Mongol Empire / Ilkhanate,Eurasian Steppe,1074,1110,Economic,stabilizer,EVT-MED-0371,0.801,0.7353,0.8065,0.8738,0.6305,0.151,0.4878,47,0.1386,0.6757,0.5266,0.8265,0.8568,0.7661,false
CHR-MED-0372,Minister Imhotep of Holy Roman Empire,medieval,Khmer Empire,Southeast Asia,1324,1365,Political,catalyst,EVT-MED-0372,0.6084,0.8194,0.595,0.5793,0.9083,0.7085,0.9369,36,0.5646,0.7398,0.7196,1.1192,1.2258,1.1725,false
CHR-MED-0373,Governor Rajaraja of Tang Dynasty,medieval,Kingdom of England,British Isles,527,563,Political,catalyst,EVT-MED-0373,0.7131,0.8444,0.5433,0.5989,0.8156,0.6958,0.748,42,0.5484,0.7271,0.7096,1.116,1.2223,1.1692,false
CHR-MED-0374,General Seneb of Abbasid Caliphate,medieval,Mongol Empire / Ilkhanate,Eurasian Steppe,592,626,Military,architect,EVT-MED-0374,0.8157,0.8668,0.8537,0.7147,0.5901,0.3892,0.7745,154,0.3372,0.7992,0.6259,0.851,0.8821,0.7887,false
CHR-MED-0375,Guild Master Adams of Mongol Empire / Ilkhanate,medieval,Kingdom of England,British Isles,559,595,Economic,wildcard,EVT-MED-0375,0.5714,0.4961,0.6009,0.2403,0.6205,0.2393,0.7793,67,0.4995,0.6546,0.541,1.0123,1.0629,1.1135,false
CHR-MED-0376,Customs Director Ibn-Sina of Kingdom of France,medieval,Song Dynasty,East Asia,1344,1357,Economic,stabilizer,EVT-MED-0376,0.7626,0.7497,0.8873,0.8118,0.4788,0.216,0.5869,189,0.2021,0.6923,0.516,0.8239,0.8541,0.7637,false
CHR-MED-0377,Marshal Valdemar of Kievan Rus,medieval,Tang Dynasty,East Asia,628,635,Military,disruptor,EVT-MED-0377,0.7435,0.7417,0.496,0.5244,0.7944,0.9046,0.928,38,0.6901,0.8173,0.7654,1.2415,1.25,1.25,true
CHR-MED-0378,Dramatist Chen of Khmer Empire,medieval,Tang Dynasty,East Asia,552,590,Cultural,architect,EVT-MED-0378,0.8192,0.7135,0.8359,0.7482,0.5908,0.2438,0.5766,106,0.2478,0.7222,0.5525,0.8329,0.8634,0.772,false
CHR-MED-0379,Chancellor Khaldun of Mali Empire,medieval,Byzantine Empire,Eastern Mediterranean,639,678,Political,architect,EVT-MED-0379,0.6519,0.7857,0.844,0.7407,0.6112,0.1985,0.6454,81,0.2289,0.6493,0.5277,0.8268,0.8571,0.7663,false
CHR-MED-0380,Warlord Leonidas of Kingdom of England,medieval,Byzantine Empire,Eastern Mediterranean,561,605,Military,architect,EVT-MED-0380,0.6887,0.7481,0.8228,0.8239,0.7528,0.3335,0.7337,155,0.2548,0.7067,0.5839,0.8406,0.8714,0.7791,false
CHR-MED-0381,Strategos Kheti of Mali Empire,medieval,Kingdom of England,British Isles,944,955,Military,stabilizer,EVT-MED-0381,0.8099,0.6685,0.9024,0.7285,0.5309,0.294,0.4005,109,0.2828,0.6461,0.5099,0.8224,0.8525,0.7623,false
CHR-MED-0382,Astronomer Lafayette of Kamakura / Muromachi Japan,medieval,Byzantine Empire,Eastern Mediterranean,1208,1250,Scientific,wildcard,EVT-MED-0382,0.6414,0.5702,0.3303,0.4446,0.6111,0.5103,0.8615,54,0.5328,0.7294,0.6381,1.0414,1.0935,1.1456,false
CHR-MED-0383,Strategos Tiglath of Umayyad Caliphate (Al-Andalus),medieval,Khmer Empire,Southeast Asia,1356,1361,Military,disruptor,EVT-MED-0383,0.6834,0.8157,0.359,0.4263,0.8507,0.844,0.8514,38,0.7089,0.7506,0.7679,1.2424,1.25,1.25,true
CHR-MED-0384,Chamberlain Gao of Kingdom of England,medieval,Abbasid Caliphate,Middle East,803,842,Economic,architect,EVT-MED-0384,0.7795,0.8597,0.6984,0.8473,0.5346,0.4345,0.6279,130,0.2936,0.7188,0.6012,0.8449,0.8758,0.7831,false
CHR-MED-0385,Chronicler Suppiluliuma of Mali Empire,medieval,Kingdom of England,British Isles,1149,1163,Cultural,disruptor,EVT-MED-0385,0.6146,0.585,0.4467,0.3951,0.8272,0.7219,0.8833,45,0.6634,0.7221,0.6918,1.2162,1.25,1.25,false
CHR-MED-0386,Cardinal Sumner of Mali Empire,medieval,Song Dynasty,East Asia,1063,1100,Religious,wildcard,EVT-MED-0386,0.6731,0.4967,0.2244,0.4441,0.729,0.4897,0.4963,38,0.5228,0.6024,0.6054,1.0316,1.0832,1.1348,false
CHR-MED-0387,Guild Master Nizam of Kamakura / Muromachi Japan,medieval,Mongol Empire / Ilkhanate,Eurasian Steppe,1029,1058,Economic,catalyst,EVT-MED-0387,0.7282,0.7328,0.5634,0.7374,0.7531,0.7302,0.71,44,0.4964,0.7209,0.6778,1.106,1.2113,1.1587,false
CHR-MED-0388,Geometer Sumner of Kingdom of France,medieval,Kievan Rus,Eastern Europe,1191,1225,Scientific,stabilizer,EVT-MED-0388,0.7619,0.639,0.7748,0.8599,0.6924,0.2445,0.4012,124,0.1923,0.6176,0.5166,0.8241,0.8542,0.7638,false
CHR-MED-0389,Legate Madison of Holy Roman Empire,medieval,Song Dynasty,East Asia,1164,1199,Military,wildcard,EVT-MED-0389,0.5414,0.5601,0.5983,0.2617,0.4848,0.4027,0.5138,14,0.5705,0.5304,0.5066,1.002,1.0521,1.1022,false
CHR-MED-0390,Consul Narmer of Holy Roman Empire,medieval,Mali Empire,West Africa,839,862,Political,stabilizer,EVT-MED-0390,0.6964,0.6624,0.9376,0.7331,0.6214,0.1831,0.4126,56,0.225,0.5829,0.4756,0.814,0.8438,0.7544,false
CHR-MED-0391,Patriarch Qian of Umayyad Caliphate (Al-Andalus),medieval,Mali Empire,West Africa,1181,1194,Religious,wildcard,EVT-MED-0391,0.5792,0.5626,0.1565,0.3503,0.2976,0.6527,0.7931,70,0.6512,0.6648,0.6075,1.0323,1.0839,1.1355,false
CHR-MED-0392,Admiral Wilhelm of Khmer Empire,medieval,Mongol Empire / Ilkhanate,Eurasian Steppe,1089,1123,Military,catalyst,EVT-MED-0392,0.809,0.7644,0.6237,0.5861,0.9233,0.6652,0.8417,37,0.5395,0.822,0.7398,1.1255,1.2327,1.1791,false
CHR-MED-0393,Archon Aurelius of Mongol Empire / Ilkhanate,medieval,Khmer Empire,Southeast Asia,1155,1176,Political,disruptor,EVT-MED-0393,0.6443,0.7376,0.2016,0.5042,0.9166,0.7803,0.7726,8,0.6381,0.6956,0.7468,1.2351,1.25,1.25,false
CHR-MED-0394,Dramatist Imhotep of Kingdom of France,medieval,Chola Dynasty,South India,516,526,Cultural,architect,EVT-MED-0394,0.6505,0.7804,0.8902,0.7407,0.5883,0.2496,0.7844,36,0.2544,0.7041,0.547,0.8316,0.862,0.7707,false
CHR-MED-0395,Viceroy Solon of Mongol Empire / Ilkhanate,medieval,Kingdom of France,Western Europe,621,652,Political,wildcard,EVT-MED-0395,0.5755,0.3774,0.3106,0.4795,0.2008,0.7367,0.8904,57,0.6286,0.7015,0.5696,1.0209,1.0719,1.123,false
CHR-MED-0396,Physician Ashoka of Byzantine Empire,medieval,Holy Roman Empire,Central Europe,1096,1109,Scientific,catalyst,EVT-MED-0396,0.77,0.9177,0.6777,0.5699,0.8485,0.6826,0.7143,41,0.5563,0.7478,0.7207,1.1195,1.2261,1.1728,false
CHR-MED-0397,Geometer Rajaraja of Kingdom of England,medieval,Chola Dynasty,South India,548,558,Scientific,disruptor,EVT-MED-0397,0.7311,0.8296,0.2132,0.5032,0.8995,0.657,0.8351,42,0.5769,0.7727,0.7695,1.243,1.25,1.25,true
CHR-MED-0398,Hierophant Vikram of Mali Empire,medieval,Abbasid Caliphate,Middle East,1310,1329,Religious,catalyst,EVT-MED-0398,0.6193,0.8829,0.5498,0.7255,0.7247,0.4716,0.7719,23,0.373,0.6803,0.6412,1.0945,1.1987,1.1466,false
CHR-MED-0399,High Priest Seneb of Byzantine Empire,medieval,Kingdom of England,British Isles,1366,1410,Religious,stabilizer,EVT-MED-0399,0.6117,0.611,0.7795,0.8005,0.5319,0.3153,0.4213,121,0.2574,0.5355,0.4669,0.8119,0.8416,0.7524,false
CHR-MED-0400,Syndic Richelieu of Song Dynasty,medieval,Chola Dynasty,South India,1070,1109,Economic,catalyst,EVT-MED-0400,0.5154,0.6958,0.6669,0.6089,0.9352,0.6045,0.862,40,0.4978,0.6541,0.6463,1.0961,1.2005,1.1483,false
CHR-MED-0401,Philosopher Franklin of Mongol Empire / Ilkhanate,medieval,Tang Dynasty,East Asia,991,1001,Cultural,architect,EVT-MED-0401,0.6712,0.7069,0.8127,0.7674,0.6368,0.4341,0.5728,24,0.3334,0.6318,0.5508,0.8325,0.8629,0.7716,false
CHR-MED-0402,Minister Adams of Byzantine Empire,medieval,Khmer Empire,Southeast Asia,737,778,Political,wildcard,EVT-MED-0402,0.854,0.5203,0.5579,0.6495,0.4392,0.5433,0.5134,45,0.4469,0.7177,0.5777,1.0233,1.0745,1.1256,false
CHR-MED-0403,Cardinal Qian of Abbasid Caliphate,medieval,Khmer Empire,Southeast Asia,746,772,Religious,stabilizer,EVT-MED-0403,0.6703,0.6226,0.806,0.8633,0.4521,0.2786,0.6161,140,0.2076,0.6486,0.4892,0.8173,0.8473,0.7575,false
CHR-MED-0404,Chancellor Dara of Umayyad Caliphate (Al-Andalus),medieval,Kamakura / Muromachi Japan,East Asia,1116,1142,Political,catalyst,EVT-MED-0404,0.6817,0.7361,0.6468,0.68,0.7679,0.7812,0.9277,43,0.5506,0.7801,0.7037,1.1142,1.2203,1.1672,false
CHR-MED-0405,Governor Naram-Sin of Mongol Empire / Ilkhanate,medieval,Mali Empire,West Africa,1416,1456,Political,catalyst,EVT-MED-0405,0.6729,0.7638,0.6564,0.6128,0.8218,0.538,0.7861,24,0.4626,0.7182,0.6584,1.0999,1.2046,1.1523,false
CHR-MED-0406,Vizier Alexander of Khmer Empire,medieval,Kingdom of England,British Isles,504,538,Political,stabilizer,EVT-MED-0406,0.6398,0.6908,0.8975,0.717,0.4939,0.3234,0.6206,131,0.3032,0.6321,0.5037,0.8209,0.8509,0.7608,false
CHR-MED-0407,Commander Justinian of Kamakura / Muromachi Japan,medieval,Kingdom of France,Western Europe,1271,1311,Military,architect,EVT-MED-0407,0.9009,0.8077,0.7354,0.9,0.5487,0.328,0.555,165,0.214,0.7625,0.5926,0.8428,0.8736,0.7811,false
CHR-MED-0408,Minister Otto of Khmer Empire,medieval,Chola Dynasty,South India,599,617,Political,stabilizer,EVT-MED-0408,0.7533,0.5622,0.9383,0.7158,0.6545,0.219,0.5803,76,0.2516,0.6841,0.5111,0.8227,0.8528,0.7625,false
CHR-MED-0409,Metallurgist Hamilton of Abbasid Caliphate,medieval,Chola Dynasty,South India,1004,1009,Scientific,wildcard,EVT-MED-0409,0.556,0.7169,0.4755,0.3003,0.4696,0.3372,0.839,42,0.5184,0.6692,0.5808,1.0243,1.0755,1.1267,false
CHR-MED-0410,Alchemist Otto of Umayyad Caliphate (Al-Andalus),medieval,Mali Empire,West Africa,592,602,Scientific,wildcard,EVT-MED-0410,0.4891,0.4829,0.6141,0.3766,0.532,0.4336,0.5851,29,0.5285,0.5275,0.4971,0.9991,1.0491,1.099,false
CHR-MED-0411,Syndic Baldwin of Song Dynasty,medieval,Classic Maya & Postclassic,Mesoamerica,765,802,Economic,catalyst,EVT-MED-0411,0.5249,0.7569,0.6673,0.6909,0.767,0.7519,0.704,46,0.5305,0.5966,0.6269,1.09,1.1938,1.1419,false
CHR-MED-0412,Alchemist Narmer of Song Dynasty,medieval,Tang Dynasty,East Asia,1104,1137,Scientific,catalyst,EVT-MED-0412,0.743,0.7094,0.5749,0.6532,0.8253,0.5881,0.8855,56,0.4674,0.8,0.6968,1.112,1.2179,1.165,false
CHR-MED-0413,Dramatist Harsha of Classic Maya & Postclassic,medieval,Tang Dynasty,East Asia,1154,1180,Cultural,wildcard,EVT-MED-0413,0.4974,0.4709,0.5484,0.7707,0.4667,0.537,0.6335,16,0.3831,0.5518,0.4972,0.9992,1.0491,1.0991,false
CHR-MED-0414,Philosopher Thutmose of Kingdom of England,medieval,Tang Dynasty,East Asia,1231,1260,Cultural,catalyst,EVT-MED-0414,0.7854,0.7671,0.7167,0.7,0.8789,0.7126,0.8468,17,0.5063,0.8099,0.7205,1.1195,1.2261,1.1728,false
CHR-MED-0415,Strategos Enheduanna of Holy Roman Empire,medieval,Chola Dynasty,South India,1244,1266,Military,disruptor,EVT-MED-0415,0.6727,0.6053,0.498,0.3299,0.8822,0.7467,0.7717,16,0.7084,0.7123,0.7028,1.22,1.25,1.25,false
CHR-MED-0416,Treasurer Naram-Sin of Holy Roman Empire,medieval,Holy Roman Empire,Central Europe,516,531,Economic,wildcard,EVT-MED-0416,0.7301,0.8216,0.6678,0.2432,0.2453,0.5627,0.6993,51,0.6598,0.7178,0.6029,1.0309,1.0824,1.134,false
CHR-MED-0417,Imam Eleanor of Byzantine Empire,medieval,Song Dynasty,East Asia,555,584,Religious,architect,EVT-MED-0417,0.715,0.6331,0.8559,0.884,0.6916,0.4287,0.6043,113,0.2723,0.6707,0.5526,0.8329,0.8634,0.772,false
CHR-MED-0418,Chronicler Adams of Umayyad Caliphate (Al-Andalus),medieval,Kingdom of England,British Isles,922,965,Cultural,catalyst,EVT-MED-0418,0.7326,0.7316,0.6639,0.5537,0.785,0.7285,0.7959,47,0.5874,0.7579,0.6952,1.1115,1.2174,1.1644,false
CHR-MED-0419,Governor Saladin of Byzantine Empire,medieval,Song Dynasty,East Asia,1025,1032,Political,wildcard,EVT-MED-0419,0.8976,0.7272,0.2967,0.4992,0.6082,0.7555,0.5581,15,0.6282,0.7618,0.7171,1.0651,1.1184,1.1716,false
CHR-MED-0420,Poet Laureate Puduhepa of Kingdom of England,medieval,Kievan Rus,Eastern Europe,914,953,Cultural,architect,EVT-MED-0420,0.7399,0.762,0.7937,0.9051,0.737,0.1845,0.721,133,0.1397,0.7324,0.571,0.8375,0.8681,0.7762,false
CHR-MED-0421,Physician Cao of Song Dynasty,medieval,Song Dynasty,East Asia,1097,1130,Scientific,wildcard,EVT-MED-0421,0.7757,0.7429,0.7176,0.3712,0.6816,0.4549,0.6029,35,0.5419,0.7066,0.626,1.0378,1.0897,1.1416,false
CHR-MED-0422,Polymath Theodosius of Kamakura / Muromachi Japan,medieval,Classic Maya & Postclassic,Mesoamerica,1374,1382,Scientific,architect,EVT-MED-0422,0.7304,0.6999,0.6921,0.7902,0.5293,0.3601,0.7855,100,0.285,0.7524,0.5801,0.8397,0.8704,0.7783,false
CHR-MED-0423,Polymath Aurelius of Kamakura / Muromachi Japan,medieval,Classic Maya & Postclassic,Mesoamerica,645,661,Scientific,wildcard,EVT-MED-0423,0.5837,0.5021,0.3216,0.5633,0.2203,0.6258,0.5342,23,0.5312,0.5639,0.518,1.0054,1.0557,1.1059,false
CHR-MED-0424,Imam Necker of Classic Maya & Postclassic,medieval,Tang Dynasty,East Asia,675,706,Religious,architect,EVT-MED-0424,0.6547,0.8062,0.8587,0.7394,0.5644,0.4302,0.7229,80,0.3454,0.682,0.5694,0.8371,0.8677,0.7758,false
CHR-MED-0425,Strategos Zhao of Umayyad Caliphate (Al-Andalus),medieval,Holy Roman Empire,Central Europe,976,1000,Military,architect,EVT-MED-0425,0.7253,0.8569,0.7571,0.7021,0.594,0.2907,0.7271,155,0.2943,0.726,0.5908,0.8423,0.8732,0.7807,false
CHR-MED-0426,Chronicler Bradford of Chola Dynasty,medieval,Chola Dynasty,South India,595,615,Cultural,architect,EVT-MED-0426,0.7764,0.6931,0.8945,0.724,0.5625,0.3801,0.6625,175,0.328,0.7309,0.5632,0.8355,0.8661,0.7744,false
CHR-MED-0427,Dramatist Nizam of Tang Dynasty,medieval,Mali Empire,West Africa,886,926,Cultural,wildcard,EVT-MED-0427,0.6503,0.7243,0.7068,0.3124,0.4072,0.2932,0.5363,53,0.4904,0.6047,0.5204,1.0061,1.0564,1.1067,false
CHR-MED-0428,Astronomer Saladin of Holy Roman Empire,medieval,Umayyad Caliphate (Al-Andalus),Iberia / North Africa,1385,1390,Scientific,stabilizer,EVT-MED-0428,0.6347,0.6192,0.8154,0.7265,0.6782,0.3088,0.577,105,0.2911,0.6117,0.5183,0.8245,0.8547,0.7642,false
CHR-MED-0429,Dramatist Li of Kievan Rus,medieval,Umayyad Caliphate (Al-Andalus),Iberia / North Africa,605,647,Cultural,stabilizer,EVT-MED-0429,0.7487,0.6591,0.8323,0.8935,0.5683,0.2137,0.6175,223,0.1601,0.6962,0.5181,0.8244,0.8546,0.7641,false
CHR-MED-0430,Geometer Hamilton of Kamakura / Muromachi Japan,medieval,Khmer Empire,Southeast Asia,786,801,Scientific,catalyst,EVT-MED-0430,0.6129,0.7081,0.6846,0.6966,0.9399,0.6751,0.8611,57,0.4892,0.7122,0.6776,1.1059,1.2113,1.1586,false
CHR-MED-0431,Legate Bradford of Kamakura / Muromachi Japan,medieval,Classic Maya & Postclassic,Mesoamerica,807,850,Military,stabilizer,EVT-MED-0431,0.8019,0.5837,0.7843,0.7528,0.48,0.1495,0.6181,202,0.1983,0.7284,0.5091,0.8222,0.8523,0.7621,false
CHR-MED-0432,Rhetorician Mursili of Mongol Empire / Ilkhanate,medieval,Chola Dynasty,South India,929,958,Cultural,architect,EVT-MED-0432,0.8195,0.6869,0.7496,0.8494,0.7346,0.3014,0.7853,110,0.226,0.8058,0.6137,0.848,0.879,0.7859,false
CHR-MED-0433,Astronomer Aurelius of Mongol Empire / Ilkhanate,medieval,Mali Empire,West Africa,643,656,Scientific,wildcard,EVT-MED-0433,0.8203,0.6074,0.2534,0.4286,0.4655,0.3193,0.8217,16,0.4454,0.8209,0.6404,1.0421,1.0942,1.1463,false
CHR-MED-0434,Commander Godfrey of Byzantine Empire,medieval,Kingdom of England,British Isles,1435,1461,Military,wildcard,EVT-MED-0434,0.5579,0.4701,0.1716,0.6617,0.766,0.3244,0.6617,33,0.3314,0.5994,0.5726,1.0218,1.0729,1.1239,false
CHR-MED-0435,Marshal Labarna of Kamakura / Muromachi Japan,medieval,Khmer Empire,Southeast Asia,696,733,Military,catalyst,EVT-MED-0435,0.5025,0.8556,0.6754,0.6359,0.7925,0.5862,0.817,20,0.4751,0.6283,0.634,1.0922,1.1962,1.1442,false
CHR-MED-0436,Commander Ashoka of Kievan Rus,medieval,Chola Dynasty,South India,1385,1401,Military,wildcard,EVT-MED-0436,0.5412,0.4489,0.5364,0.4889,0.3278,0.7203,0.8354,14,0.6157,0.6589,0.5571,1.0171,1.068,1.1188,false
CHR-MED-0437,Vizier Baldwin of Khmer Empire,medieval,Mali Empire,West Africa,1010,1046,Political,architect,EVT-MED-0437,0.7117,0.7613,0.7534,0.8545,0.6809,0.4436,0.5989,80,0.2945,0.6666,0.5826,0.8403,0.8711,0.7788,false
CHR-MED-0438,Syndic Ashoka of Kingdom of France,medieval,Abbasid Caliphate,Middle East,1293,1304,Economic,wildcard,EVT-MED-0438,0.8858,0.7962,0.4777,0.5177,0.71,0.6298,0.4553,54,0.5561,0.7136,0.6865,1.0559,1.1087,1.1615,false
CHR-MED-0439,Physician Alexander of Chola Dynasty,medieval,Abbasid Caliphate,Middle East,1089,1094,Scientific,catalyst,EVT-MED-0439,0.8153,0.6974,0.728,0.7574,0.7279,0.5115,0.7836,44,0.377,0.8026,0.6512,1.0976,1.2022,1.1499,false
CHR-MED-0440,Dramatist Aurelius of Byzantine Empire,medieval,Holy Roman Empire,Central Europe,1132,1145,Cultural,stabilizer,EVT-MED-0440,0.6894,0.6872,0.9074,0.8489,0.558,0.1583,0.51,152,0.1547,0.6177,0.4762,0.8141,0.8439,0.7546,false
CHR-MED-0441,Cardinal Colbert of Abbasid Caliphate,medieval,Kingdom of France,Western Europe,887,905,Religious,catalyst,EVT-MED-0441,0.6088,0.729,0.5224,0.6988,0.9365,0.7736,0.7877,33,0.5374,0.6803,0.699,1.1127,1.2187,1.1657,false
CHR-MED-0442,Imam Richelieu of Kievan Rus,medieval,Abbasid Caliphate,Middle East,1325,1347,Religious,wildcard,EVT-MED-0442,0.4921,0.8037,0.3735,0.3152,0.6972,0.3795,0.8104,32,0.5321,0.6194,0.6235,1.0371,1.0889,1.1408,false
CHR-MED-0443,High Priest Leonidas of Chola Dynasty,medieval,Mali Empire,West Africa,799,821,Religious,wildcard,EVT-MED-0443,0.8656,0.4378,0.5646,0.6518,0.6271,0.7985,0.6809,30,0.5734,0.7917,0.659,1.0477,1.1001,1.1525,false
CHR-MED-0444,Merchant Prince Harsha of Umayyad Caliphate (Al-Andalus),medieval,Byzantine Empire,Eastern Mediterranean,768,802,Economic,wildcard,EVT-MED-0444,0.6431,0.4621,0.5244,0.7627,0.3538,0.1542,0.6252,35,0.1958,0.6359,0.4595,0.9878,1.0372,1.0866,false
CHR-MED-0445,Hierophant Valdemar of Tang Dynasty,medieval,Mongol Empire / Ilkhanate,Eurasian Steppe,687,726,Religious,disruptor,EVT-MED-0445,0.9419,0.7057,0.3256,0.3781,0.7748,0.845,0.773,32,0.7334,0.8743,0.7988,1.25,1.25,1.25,true
CHR-MED-0446,Guild Master Suppiluliuma of Kingdom of France,medieval,Song Dynasty,East Asia,776,816,Economic,catalyst,EVT-MED-0446,0.5217,0.7231,0.6973,0.6148,0.7497,0.7309,0.77,24,0.558,0.621,0.626,1.0897,1.1935,1.1416,false
CHR-MED-0447,Arch-Engineer Justinian of Song Dynasty,medieval,Kamakura / Muromachi Japan,East Asia,854,861,Scientific,catalyst,EVT-MED-0447,0.5871,0.8684,0.4998,0.5531,0.907,0.5655,0.8388,44,0.5062,0.6878,0.6961,1.1118,1.2177,1.1647,false
CHR-MED-0448,Scribe Dara of Umayyad Caliphate (Al-Andalus),medieval,Kingdom of France,Western Europe,1138,1163,Cultural,catalyst,EVT-MED-0448,0.5845,0.7402,0.7186,0.6973,0.847,0.4796,0.7735,48,0.3911,0.6601,0.6154,1.0864,1.1898,1.1381,false
CHR-MED-0449,Customs Director Rajaraja of Khmer Empire,medieval,Chola Dynasty,South India,1069,1093,Economic,architect,EVT-MED-0449,0.7015,0.7776,0.7975,0.8105,0.7727,0.4408,0.7722,87,0.3152,0.7298,0.6196,0.8494,0.8805,0.7873,false
CHR-MED-0450,Centurion Zhang of Khmer Empire,medieval,Chola Dynasty,South India,1105,1117,Military,catalyst,EVT-MED-0450,0.8159,0.7087,0.5884,0.6816,0.8222,0.7948,0.7985,25,0.5566,0.8089,0.7297,1.1224,1.2292,1.1758,false
CHR-MED-0451,General Vikram of Holy Roman Empire,medieval,Mali Empire,West Africa,558,574,Military,catalyst,EVT-MED-0451,0.7192,0.751,0.6671,0.5547,0.8081,0.5635,0.7234,18,0.5044,0.7209,0.6623,1.1011,1.206,1.1535,false
CHR-MED-0452,Physician Mentuhotep of Abbasid Caliphate,medieval,Mongol Empire / Ilkhanate,Eurasian Steppe,1360,1381,Scientific,stabilizer,EVT-MED-0452,0.7766,0.6097,0.907,0.8506,0.5929,0.2126,0.5325,153,0.181,0.6789,0.5031,0.8208,0.8508,0.7607,false
CHR-MED-0453,Minister Necker of Classic Maya & Postclassic,medieval,Abbasid Caliphate,Middle East,968,1000,Political,wildcard,EVT-MED-0453,0.5419,0.7773,0.5481,0.2522,0.506,0.8054,0.6486,39,0.7766,0.5846,0.6286,1.0386,1.0905,1.1425,false
CHR-MED-0454,Prefect Valdemar of Kamakura / Muromachi Japan,medieval,Umayyad Caliphate (Al-Andalus),Iberia / North Africa,1061,1084,Political,wildcard,EVT-MED-0454,0.6779,0.4665,0.2057,0.2534,0.5435,0.1512,0.5578,57,0.4489,0.6299,0.5441,1.0132,1.0639,1.1145,false
CHR-MED-0455,Arch-Engineer Richelieu of Umayyad Caliphate (Al-Andalus),medieval,Umayyad Caliphate (Al-Andalus),Iberia / North Africa,1434,1466,Scientific,wildcard,EVT-MED-0455,0.448,0.559,0.7418,0.4166,0.5223,0.219,0.4352,47,0.4012,0.4429,0.4273,0.9782,1.0271,1.076,false
CHR-MED-0456,Arch-Engineer Alexander of Kingdom of France,medieval,Khmer Empire,Southeast Asia,799,826,Scientific,wildcard,EVT-MED-0456,0.4588,0.6245,0.704,0.4953,0.6792,0.2982,0.7567,30,0.4015,0.578,0.5233,1.007,1.0573,1.1077,false
CHR-MED-0457,Consul Mentuhotep of Kievan Rus,medieval,Tang Dynasty,East Asia,550,561,Political,wildcard,EVT-MED-0457,0.8038,0.811,0.1665,0.5855,0.554,0.7618,0.8093,67,0.5882,0.806,0.7454,1.0736,1.1273,1.181,false
CHR-MED-0458,Hierophant Gao of Abbasid Caliphate,medieval,Classic Maya & Postclassic,Mesoamerica,627,667,Religious,disruptor,EVT-MED-0458,0.8235,0.5184,0.4492,0.3549,0.8121,0.7185,0.8147,18,0.6818,0.82,0.7228,1.2269,1.25,1.25,false
CHR-MED-0459,Consul Zhao of Classic Maya & Postclassic,medieval,Tang Dynasty,East Asia,1305,1350,Political,stabilizer,EVT-MED-0459,0.7643,0.7348,0.9017,0.8718,0.583,0.1409,0.595,87,0.1345,0.6966,0.5154,0.8238,0.8539,0.7635,false
CHR-MED-0460,Physician Talleyrand of Kingdom of France,medieval,Holy Roman Empire,Central Europe,1041,1061,Scientific,architect,EVT-MED-0460,0.899,0.6349,0.8558,0.7418,0.7075,0.1834,0.5608,152,0.2208,0.7637,0.5651,0.836,0.8666,0.7748,false
CHR-MED-0461,Governor Mazarin of Kamakura / Muromachi Japan,medieval,Classic Maya & Postclassic,Mesoamerica,1215,1255,Political,wildcard,EVT-MED-0461,0.6818,0.7295,0.2239,0.2782,0.3302,0.39,0.706,63,0.5559,0.6915,0.6075,1.0323,1.0839,1.1355,false
CHR-MED-0462,Polymath Nizam of Mali Empire,medieval,Kingdom of France,Western Europe,1016,1061,Scientific,wildcard,EVT-MED-0462,0.5748,0.681,0.647,0.2881,0.5393,0.3537,0.5423,47,0.5328,0.5618,0.532,1.0096,1.0601,1.1106,false
CHR-MED-0463,Metallurgist Sherman of Mali Empire,medieval,Mali Empire,West Africa,1202,1222,Scientific,catalyst,EVT-MED-0463,0.7788,0.7541,0.5593,0.6972,0.7478,0.7964,0.8023,29,0.5496,0.7882,0.719,1.119,1.2256,1.1723,false
CHR-MED-0464,Alchemist Alexander of Abbasid Caliphate,medieval,Tang Dynasty,East Asia,957,981,Scientific,disruptor,EVT-MED-0464,0.9083,0.5268,0.332,0.4911,0.8315,0.8168,0.8917,40,0.6629,0.9016,0.7793,1.2464,1.25,1.25,true
CHR-MED-0465,Pontiff Wilhelm of Abbasid Caliphate,medieval,Mongol Empire / Ilkhanate,Eurasian Steppe,663,708,Religious,disruptor,EVT-MED-0465,0.8114,0.6886,0.4233,0.5717,0.8732,0.6969,0.9487,40,0.5626,0.8663,0.763,1.2408,1.25,1.25,true
CHR-MED-0466,Hierophant Ibn-Sina of Tang Dynasty,medieval,Kingdom of England,British Isles,731,757,Religious,wildcard,EVT-MED-0466,0.4265,0.4981,0.6309,0.7923,0.4056,0.196,0.8369,60,0.2018,0.5907,0.4444,0.9833,1.0325,1.0817,false
CHR-MED-0467,Prefect Vikram of Tang Dynasty,medieval,Byzantine Empire,Eastern Mediterranean,1414,1423,Political,architect,EVT-MED-0467,0.7414,0.7833,0.8943,0.7005,0.5401,0.378,0.8092,113,0.3388,0.7685,0.5875,0.8415,0.8723,0.7799,false
CHR-MED-0468,Viceroy Wilhelm of Kamakura / Muromachi Japan,medieval,Byzantine Empire,Eastern Mediterranean,652,686,Political,wildcard,EVT-MED-0468,0.8913,0.7323,0.7187,0.426,0.3846,0.7404,0.5264,39,0.6572,0.7454,0.6372,1.0412,1.0932,1.1453,false
CHR-MED-0469,Customs Director Ashoka of Umayyad Caliphate (Al-Andalus),medieval,Classic Maya & Postclassic,Mesoamerica,788,832,Economic,architect,EVT-MED-0469,0.7122,0.7915,0.8446,0.7003,0.6476,0.2819,0.595,98,0.2908,0.6653,0.556,0.8338,0.8643,0.7728,false
CHR-MED-0470,Master Sculptor Justinian of Chola Dynasty,medieval,Umayyad Caliphate (Al-Andalus),Iberia / North Africa,1480,1500,Cultural,stabilizer,EVT-MED-0470,0.6781,0.6602,0.8316,0.8232,0.6122,0.276,0.4839,66,0.2264,0.6004,0.5,0.82,0.85,0.76,false
CHR-MED-0471,Scribe Zhao of Chola Dynasty,medieval,Umayyad Caliphate (Al-Andalus),Iberia / North Africa,506,542,Cultural,wildcard,EVT-MED-0471,0.4059,0.3971,0.3162,0.5272,0.6732,0.5075,0.5237,53,0.4902,0.453,0.5087,1.0026,1.0527,1.1029,false
CHR-MED-0472,Chamberlain Sargon of Khmer Empire,medieval,Abbasid Caliphate,Middle East,1464,1480,Economic,wildcard,EVT-MED-0472,0.6335,0.7496,0.6537,0.7486,0.4975,0.2377,0.6073,28,0.2446,0.623,0.5194,1.0058,1.0561,1.1064,false
CHR-MED-0473,Master Sculptor Sumner of Tang Dynasty,medieval,Kingdom of France,Western Europe,769,795,Cultural,catalyst,EVT-MED-0473,0.8182,0.8843,0.6064,0.6785,0.8253,0.5622,0.8988,54,0.4419,0.8504,0.7356,1.1242,1.2313,1.1777,false
CHR-MED-0474,Consul Leonidas of Abbasid Caliphate,medieval,Tang Dynasty,East Asia,1272,1287,Political,stabilizer,EVT-MED-0474,0.619,0.7577,0.7213,0.7707,0.5967,0.2361,0.6661,69,0.2327,0.6378,0.5326,0.828,0.8583,0.7674,false
CHR-MED-0475,Metallurgist Seneb of Tang Dynasty,medieval,Kamakura / Muromachi Japan,East Asia,1233,1245,Scientific,architect,EVT-MED-0475,0.6681,0.7407,0.7119,0.7234,0.5716,0.3852,0.6821,165,0.3309,0.6737,0.5666,0.8364,0.867,0.7752,false
CHR-MED-0476,Strategos Vikram of Kingdom of France,medieval,Holy Roman Empire,Central Europe,1033,1059,Military,catalyst,EVT-MED-0476,0.7635,0.6611,0.6817,0.6721,0.89,0.766,0.7512,60,0.547,0.7586,0.6993,1.1128,1.2188,1.1658,false
CHR-MED-0477,Archon Nizam of Mali Empire,medieval,Kingdom of England,British Isles,1019,1047,Political,catalyst,EVT-MED-0477,0.7233,0.6533,0.6045,0.641,0.8326,0.6419,0.8831,21,0.5005,0.7872,0.69,1.1098,1.2155,1.1627,false
CHR-MED-0478,Geometer Rimush of Song Dynasty,medieval,Kievan Rus,Eastern Europe,1321,1333,Scientific,architect,EVT-MED-0478,0.7879,0.7265,0.8135,0.8751,0.6253,0.2263,0.675,125,0.1756,0.7427,0.5598,0.8347,0.8653,0.7736,false
CHR-MED-0479,Physician Dara of Song Dynasty,medieval,Kingdom of France,Western Europe,679,700,Scientific,wildcard,EVT-MED-0479,0.8658,0.8135,0.5703,0.6636,0.4313,0.2689,0.4677,37,0.3026,0.7066,0.5735,1.022,1.0731,1.1242,false
CHR-MED-0480,Arch-Engineer Khaldun of Kamakura / Muromachi Japan,medieval,Classic Maya & Postclassic,Mesoamerica,1188,1196,Scientific,disruptor,EVT-MED-0480,0.8768,0.7101,0.4178,0.6089,0.7178,0.9282,0.9388,20,0.6597,0.9016,0.7912,1.25,1.25,1.25,true
CHR-MED-0481,Geometer Necker of Mongol Empire / Ilkhanate,medieval,Classic Maya & Postclassic,Mesoamerica,1213,1231,Scientific,catalyst,EVT-MED-0481,0.6256,0.7286,0.5926,0.7167,0.9219,0.7561,0.711,57,0.5197,0.6597,0.6789,1.1064,1.2117,1.1591,false
CHR-MED-0482,Chronicler Chandra of Kievan Rus,medieval,Kievan Rus,Eastern Europe,1117,1125,Cultural,wildcard,EVT-MED-0482,0.8132,0.6196,0.6714,0.5458,0.7192,0.5376,0.7627,48,0.4959,0.793,0.6547,1.0464,1.0987,1.1511,false
CHR-MED-0483,Hierophant Vikram of Kingdom of England,medieval,Chola Dynasty,South India,1107,1144,Religious,architect,EVT-MED-0483,0.7261,0.7864,0.7494,0.8937,0.7544,0.3632,0.7893,33,0.2347,0.7514,0.6159,0.8485,0.8796,0.7864,false
CHR-MED-0484,Centurion Aurelius of Tang Dynasty,medieval,Tang Dynasty,East Asia,1050,1089,Military,stabilizer,EVT-MED-0484,0.6768,0.7593,0.8848,0.8665,0.6115,0.1658,0.4064,149,0.1497,0.5686,0.4788,0.8148,0.8446,0.7552,false
CHR-MED-0485,Marshal Belisarius of Holy Roman Empire,medieval,Chola Dynasty,South India,1270,1284,Military,stabilizer,EVT-MED-0485,0.6826,0.5817,0.808,0.6818,0.4819,0.2035,0.4006,202,0.2608,0.5698,0.4559,0.8092,0.8388,0.75,false
CHR-MED-0486,Legate Khaldun of Khmer Empire,medieval,Abbasid Caliphate,Middle East,1379,1424,Military,architect,EVT-MED-0486,0.8406,0.7619,0.8126,0.8711,0.6282,0.39,0.7864,93,0.2595,0.8189,0.6203,0.8496,0.8807,0.7874,false
CHR-MED-0487,Master Sculptor Saladin of Byzantine Empire,medieval,Abbasid Caliphate,Middle East,1081,1122,Cultural,disruptor,EVT-MED-0487,0.6157,0.5933,0.3957,0.3257,0.7109,0.7924,0.886,27,0.7334,0.7238,0.6955,1.2174,1.25,1.25,false
CHR-MED-0488,Customs Director Samsi-Adad of Mongol Empire / Ilkhanate,medieval,Classic Maya & Postclassic,Mesoamerica,969,1012,Economic,disruptor,EVT-MED-0488,0.8681,0.6267,0.3321,0.5169,0.9265,0.9409,0.7941,8,0.712,0.8385,0.8012,1.25,1.25,1.25,true
CHR-MED-0489,Rhetorician Ibn-Sina of Tang Dynasty,medieval,Kingdom of France,Western Europe,1356,1400,Cultural,disruptor,EVT-MED-0489,0.6744,0.5673,0.3714,0.636,0.9483,0.748,0.7697,41,0.556,0.7125,0.7047,1.2206,1.25,1.25,false
CHR-MED-0490,Chamberlain Leonidas of Song Dynasty,medieval,Khmer Empire,Southeast Asia,1105,1115,Economic,architect,EVT-MED-0490,0.6537,0.6852,0.8707,0.8484,0.6377,0.2394,0.6313,115,0.1955,0.6447,0.513,0.8232,0.8533,0.763,false
CHR-MED-0491,Master Sculptor Otto of Khmer Empire,medieval,Tang Dynasty,East Asia,1384,1410,Cultural,wildcard,EVT-MED-0491,0.5986,0.6136,0.4268,0.2117,0.2915,0.8477,0.7762,64,0.818,0.6696,0.6257,1.0377,1.0896,1.1415,false
CHR-MED-0492,Chancellor Talleyrand of Chola Dynasty,medieval,Byzantine Empire,Eastern Mediterranean,558,594,Political,disruptor,EVT-MED-0492,0.7758,0.5124,0.3137,0.4924,0.8359,0.8719,0.9079,28,0.6898,0.8286,0.7572,1.2387,1.25,1.25,true
CHR-MED-0493,Customs Director Otto of Kamakura / Muromachi Japan,medieval,Abbasid Caliphate,Middle East,900,925,Economic,stabilizer,EVT-MED-0493,0.7667,0.6526,0.8036,0.7976,0.5699,0.1957,0.536,71,0.199,0.6744,0.5146,0.8236,0.8537,0.7633,false
CHR-MED-0494,Chamberlain Tiglath of Kingdom of England,medieval,Khmer Empire,Southeast Asia,521,526,Economic,disruptor,EVT-MED-0494,0.9022,0.7459,0.5109,0.5812,0.7545,0.8017,0.8734,42,0.6103,0.8907,0.7717,1.2437,1.25,1.25,true
CHR-MED-0495,Minister Zhang of Classic Maya & Postclassic,medieval,Tang Dynasty,East Asia,1073,1109,Political,catalyst,EVT-MED-0495,0.745,0.7838,0.746,0.7741,0.9109,0.7766,0.8244,40,0.5013,0.7767,0.7173,1.1184,1.225,1.1717,false
CHR-MED-0496,Vizier Telepinu of Khmer Empire,medieval,Byzantine Empire,Eastern Mediterranean,661,704,Political,disruptor,EVT-MED-0496,0.7073,0.8387,0.3639,0.4104,0.8252,0.7281,0.8898,43,0.6589,0.7803,0.7622,1.2405,1.25,1.25,true
CHR-MED-0497,Chronicler Mursili of Song Dynasty,medieval,Tang Dynasty,East Asia,560,566,Cultural,architect,EVT-MED-0497,0.8845,0.867,0.8295,0.9093,0.7357,0.2297,0.7967,79,0.1602,0.8494,0.6371,0.8537,0.885,0.7913,false
CHR-MED-0498,Minister Labarna of Chola Dynasty,medieval,Abbasid Caliphate,Middle East,1090,1112,Political,stabilizer,EVT-MED-0498,0.7473,0.5522,0.8248,0.8785,0.5011,0.2376,0.6179,96,0.1795,0.6955,0.4967,0.8192,0.8492,0.7593,false
CHR-MED-0499,General Wu of Umayyad Caliphate (Al-Andalus),medieval,Tang Dynasty,East Asia,1424,1467,Military,stabilizer,EVT-MED-0499,0.8033,0.6675,0.8431,0.7281,0.6979,0.1712,0.593,71,0.2215,0.7192,0.5495,0.8322,0.8626,0.7713,false
CHR-MED-0500,Admiral Khaldun of Mongol Empire / Ilkhanate,medieval,Classic Maya & Postclassic,Mesoamerica,1382,1400,Military,stabilizer,EVT-MED-0500,0.6255,0.6798,0.7348,0.8451,0.6926,0.2425,0.5667,85,0.1987,0.602,0.5179,0.8244,0.8546,0.7641,false
CHR-MED-0501,Legate Colbert of Mali Empire,medieval,Byzantine Empire,Eastern Mediterranean,1243,1288,Military,wildcard,EVT-MED-0501,0.4229,0.4727,0.4088,0.6019,0.5801,0.8183,0.8079,10,0.6082,0.5769,0.5866,1.026,1.0773,1.1286,false
CHR-MED-0502,Guild Master Enheduanna of Holy Roman Empire,medieval,Song Dynasty,East Asia,573,592,Economic,architect,EVT-MED-0502,0.8921,0.7982,0.7219,0.7071,0.575,0.278,0.781,55,0.2854,0.8477,0.6303,0.8521,0.8832,0.7897,false
CHR-MED-0503,Senator Ashoka of Kingdom of France,medieval,Abbasid Caliphate,Middle East,1001,1030,Political,stabilizer,EVT-MED-0503,0.7171,0.7994,0.8965,0.7546,0.6387,0.1322,0.4605,145,0.1888,0.6145,0.5065,0.8216,0.8517,0.7615,false
CHR-MED-0504,Vizier Marshall of Kingdom of France,medieval,Classic Maya & Postclassic,Mesoamerica,1102,1111,Political,catalyst,EVT-MED-0504,0.6046,0.731,0.5866,0.5734,0.8108,0.7325,0.7502,15,0.5795,0.6628,0.6675,1.1028,1.2078,1.1553,false
CHR-MED-0505,Syndic Colbert of Umayyad Caliphate (Al-Andalus),medieval,Abbasid Caliphate,Middle East,1143,1150,Economic,catalyst,EVT-MED-0505,0.7479,0.9088,0.7149,0.6424,0.8266,0.7842,0.8841,29,0.5709,0.8024,0.7439,1.1268,1.2342,1.1805,false
CHR-MED-0506,Guild Master Justinian of Mongol Empire / Ilkhanate,medieval,Kamakura / Muromachi Japan,East Asia,925,932,Economic,catalyst,EVT-MED-0506,0.6788,0.7946,0.5022,0.6547,0.8295,0.6026,0.7621,17,0.474,0.7122,0.6851,1.1083,1.2138,1.1611,false
CHR-MED-0507,Guild Master Sargon of Kingdom of England,medieval,Kamakura / Muromachi Japan,East Asia,587,616,Economic,stabilizer,EVT-MED-0507,0.846,0.7691,0.8491,0.7181,0.575,0.3186,0.4836,192,0.3002,0.7011,0.5626,0.8354,0.866,0.7743,false
CHR-MED-0508,Pontiff Solon of Song Dynasty,medieval,Mongol Empire / Ilkhanate,Eurasian Steppe,1404,1434,Religious,wildcard,EVT-MED-0508,0.5356,0.4353,0.3668,0.6364,0.5029,0.5597,0.6807,4,0.4616,0.5936,0.5422,1.0127,1.0633,1.1139,false
CHR-MED-0509,Strategos Saladin of Song Dynasty,medieval,Umayyad Caliphate (Al-Andalus),Iberia / North Africa,673,687,Military,stabilizer,EVT-MED-0509,0.8115,0.5538,0.8368,0.7041,0.5706,0.292,0.5661,113,0.2939,0.7133,0.5314,0.8277,0.858,0.7672,false
CHR-MED-0510,Mint Overseer Wu of Abbasid Caliphate,medieval,Byzantine Empire,Eastern Mediterranean,1388,1395,Economic,stabilizer,EVT-MED-0510,0.7745,0.6692,0.8819,0.833,0.4865,0.2021,0.5752,202,0.1845,0.6948,0.5037,0.8209,0.851,0.7609,false
CHR-MED-0511,Consul Li of Chola Dynasty,medieval,Chola Dynasty,South India,1212,1256,Political,wildcard,EVT-MED-0511,0.743,0.4272,0.1711,0.6845,0.7568,0.3894,0.5936,18,0.3525,0.6832,0.6095,1.0328,1.0845,1.1361,false
CHR-MED-0512,Pontiff Nizam of Mongol Empire / Ilkhanate,medieval,Kingdom of England,British Isles,1161,1188,Religious,wildcard,EVT-MED-0512,0.7704,0.4708,0.5816,0.3658,0.2824,0.5825,0.8575,71,0.6083,0.8052,0.5951,1.0285,1.08,1.1314,false
CHR-MED-0513,Patriarch Samsi-Adad of Khmer Empire,medieval,Tang Dynasty,East Asia,1479,1500,Religious,catalyst,EVT-MED-0513,0.6104,0.809,0.4868,0.551,0.9262,0.5014,0.7886,43,0.4752,0.6817,0.6802,1.1067,1.2122,1.1594,false
CHR-MED-0514,Abbess Friedrich of Holy Roman Empire,medieval,Kingdom of France,Western Europe,1451,1460,Religious,architect,EVT-MED-0514,0.8512,0.8149,0.7759,0.8161,0.7368,0.1804,0.778,77,0.1821,0.8219,0.6209,0.8497,0.8808,0.7876,false
CHR-MED-0515,Warlord Enheduanna of Kamakura / Muromachi Japan,medieval,Kamakura / Muromachi Japan,East Asia,1193,1200,Military,disruptor,EVT-MED-0515,0.7002,0.5453,0.3662,0.511,0.8762,0.7782,0.7636,25,0.6336,0.7256,0.7074,1.2215,1.25,1.25,false
CHR-MED-0516,Imam Eleanor of Mali Empire,medieval,Kievan Rus,Eastern Europe,1464,1498,Religious,catalyst,EVT-MED-0516,0.7319,0.8857,0.6642,0.6991,0.8509,0.7671,0.8879,19,0.534,0.7943,0.7403,1.1257,1.2329,1.1793,false
CHR-MED-0517,Scribe Imhotep of Chola Dynasty,medieval,Kingdom of England,British Isles,523,561,Cultural,architect,EVT-MED-0517,0.7958,0.6287,0.8241,0.8207,0.5592,0.2382,0.6635,159,0.2087,0.7428,0.5389,0.8296,0.8599,0.7689,false
CHR-MED-0518,Metallurgist Suppiluliuma of Tang Dynasty,medieval,Song Dynasty,East Asia,849,862,Scientific,stabilizer,EVT-MED-0518,0.647,0.7731,0.7385,0.8949,0.548,0.234,0.4146,240,0.1696,0.554,0.4886,0.8172,0.8471,0.7574,false
CHR-MED-0519,Pontiff Puduhepa of Kievan Rus,medieval,Abbasid Caliphate,Middle East,1067,1090,Religious,disruptor,EVT-MED-0519,0.8497,0.6223,0.4118,0.3444,0.7436,0.7424,0.8719,23,0.699,0.8586,0.7511,1.2366,1.25,1.25,true
CHR-MED-0520,Poet Laureate Harsha of Classic Maya & Postclassic,medieval,Umayyad Caliphate (Al-Andalus),Iberia / North Africa,691,708,Cultural,stabilizer,EVT-MED-0520,0.7048,0.7188,0.8917,0.8983,0.509,0.2811,0.6596,224,0.1914,0.6867,0.5174,0.8243,0.8544,0.764,false
CHR-MED-0521,High Priest Mazarin of Song Dynasty,medieval,Kamakura / Muromachi Japan,East Asia,929,949,Religious,disruptor,EVT-MED-0521,0.9477,0.5799,0.3201,0.4699,0.7452,0.7303,0.7971,7,0.6302,0.8875,0.7593,1.2395,1.25,1.25,true
CHR-MED-0522,Cardinal Colbert of Tang Dynasty,medieval,Kievan Rus,Eastern Europe,549,579,Religious,wildcard,EVT-MED-0522,0.4464,0.6436,0.5937,0.3897,0.754,0.3009,0.7182,25,0.4556,0.5551,0.5452,1.0136,1.0643,1.1149,false
CHR-MED-0523,Consul Constantine of Classic Maya & Postclassic,medieval,Umayyad Caliphate (Al-Andalus),Iberia / North Africa,630,673,Political,wildcard,EVT-MED-0523,0.4721,0.6561,0.3506,0.2782,0.6195,0.4457,0.8702,11,0.5838,0.6313,0.6078,1.0323,1.084,1.1356,false
CHR-MED-0524,Syndic Tiglath of Byzantine Empire,medieval,Kamakura / Muromachi Japan,East Asia,1414,1447,Economic,architect,EVT-MED-0524,0.7696,0.7425,0.8125,0.8559,0.7295,0.3156,0.6475,177,0.2299,0.7207,0.5836,0.8406,0.8713,0.7791,false
CHR-MED-0525,Centurion Vikram of Byzantine Empire,medieval,Khmer Empire,Southeast Asia,1139,1156,Military,disruptor,EVT-MED-0525,0.7777,0.8114,0.4497,0.5454,0.9027,0.9099,0.9355,21,0.6823,0.8408,0.8061,1.25,1.25,1.25,true
CHR-MED-0526,Customs Director Adams of Classic Maya & Postclassic,medieval,Holy Roman Empire,Central Europe,781,821,Economic,architect,EVT-MED-0526,0.7564,0.8344,0.8366,0.7156,0.6524,0.3925,0.6136,37,0.3385,0.6992,0.5936,0.843,0.8739,0.7813,false
CHR-MED-0527,Archon Wu of Abbasid Caliphate,medieval,Mali Empire,West Africa,912,941,Political,architect,EVT-MED-0527,0.6513,0.8704,0.8249,0.8836,0.7093,0.3039,0.6998,170,0.2102,0.6707,0.5737,0.8381,0.8688,0.7768,false
CHR-MED-0528,Philosopher Baldwin of Mali Empire,medieval,Abbasid Caliphate,Middle East,533,557,Cultural,disruptor,EVT-MED-0528,0.742,0.6695,0.2367,0.467,0.7655,0.6687,0.8033,15,0.6009,0.7665,0.7245,1.2275,1.25,1.25,false
CHR-MED-0529,Arch-Engineer Alexander of Kamakura / Muromachi Japan,medieval,Kamakura / Muromachi Japan,East Asia,826,863,Scientific,catalyst,EVT-MED-0529,0.543,0.7201,0.6352,0.6528,0.8017,0.7389,0.754,28,0.5431,0.6274,0.6418,1.0947,1.1989,1.1468,false
CHR-MED-0530,Chronicler Mursili of Mali Empire,medieval,Abbasid Caliphate,Middle East,1031,1064,Cultural,wildcard,EVT-MED-0530,0.6578,0.7889,0.4864,0.2091,0.2228,0.2104,0.7683,28,0.5006,0.702,0.5539,1.0162,1.067,1.1178,false
CHR-MED-0531,Hierophant Seneb of Byzantine Empire,medieval,Holy Roman Empire,Central Europe,1217,1253,Religious,architect,EVT-MED-0531,0.9126,0.798,0.6817,0.8151,0.601,0.2762,0.5975,101,0.2305,0.7866,0.6101,0.8471,0.8781,0.7851,false
CHR-MED-0532,Governor Hamilton of Tang Dynasty,medieval,Song Dynasty,East Asia,1110,1139,Political,catalyst,EVT-MED-0532,0.6087,0.9096,0.6007,0.5737,0.8938,0.5837,0.7955,52,0.505,0.6834,0.6908,1.1101,1.2158,1.163,false
CHR-MED-0533,Abbess Friedrich of Umayyad Caliphate (Al-Andalus),medieval,Holy Roman Empire,Central Europe,896,912,Religious,wildcard,EVT-MED-0533,0.4875,0.7301,0.6801,0.3246,0.4077,0.2956,0.714,52,0.4855,0.5781,0.5097,1.0029,1.0531,1.1032,false
CHR-MED-0534,Master Sculptor Sargon of Kievan Rus,medieval,Umayyad Caliphate (Al-Andalus),Iberia / North Africa,1036,1045,Cultural,wildcard,EVT-MED-0534,0.4361,0.4471,0.2074,0.3041,0.2925,0.3173,0.5388,31,0.5066,0.4772,0.4624,0.9887,1.0382,1.0876,false
CHR-MED-0535,General Valdemar of Tang Dynasty,medieval,Kingdom of France,Western Europe,1094,1099,Military,stabilizer,EVT-MED-0535,0.843,0.6463,0.7206,0.8525,0.6037,0.1896,0.6113,167,0.1686,0.7503,0.5537,0.8332,0.8637,0.7722,false
CHR-MED-0536,Cardinal Naram-Sin of Kievan Rus,medieval,Byzantine Empire,Eastern Mediterranean,539,549,Religious,catalyst,EVT-MED-0536,0.6551,0.7987,0.5099,0.7411,0.8909,0.6991,0.7663,21,0.479,0.6996,0.699,1.1127,1.2186,1.1657,false
CHR-MED-0537,High Priest Madison of Holy Roman Empire,medieval,Kingdom of France,Western Europe,530,554,Religious,wildcard,EVT-MED-0537,0.4907,0.3825,0.6454,0.6064,0.498,0.3794,0.741,31,0.3865,0.5908,0.4779,0.9934,1.0431,1.0927,false
CHR-MED-0538,Commander Wu of Song Dynasty,medieval,Byzantine Empire,Eastern Mediterranean,778,799,Military,disruptor,EVT-MED-0538,0.9247,0.6826,0.3204,0.5907,0.9333,0.8364,0.7791,38,0.6228,0.8665,0.8043,1.25,1.25,1.25,true
CHR-MED-0539,Legate Colbert of Mongol Empire / Ilkhanate,medieval,Holy Roman Empire,Central Europe,1328,1338,Military,disruptor,EVT-MED-0539,0.6651,0.7791,0.3651,0.4695,0.9225,0.871,0.8377,26,0.7007,0.7341,0.7678,1.2424,1.25,1.25,true
CHR-MED-0540,Viceroy Heinrich of Kamakura / Muromachi Japan,medieval,Abbasid Caliphate,Middle East,1390,1415,Political,stabilizer,EVT-MED-0540,0.669,0.5782,0.916,0.6861,0.6791,0.2472,0.6785,36,0.2805,0.6728,0.5188,0.8246,0.8548,0.7643,false
CHR-MED-0541,Mint Overseer Nizam of Tang Dynasty,medieval,Mongol Empire / Ilkhanate,Eurasian Steppe,1127,1145,Economic,stabilizer,EVT-MED-0541,0.838,0.5741,0.927,0.8599,0.6442,0.292,0.4594,177,0.2161,0.6865,0.5193,0.8247,0.8549,0.7644,false
CHR-MED-0542,Philosopher Godfrey of Tang Dynasty,medieval,Chola Dynasty,South India,1470,1475,Cultural,wildcard,EVT-MED-0542,0.4984,0.773,0.5773,0.488,0.6712,0.7513,0.5401,20,0.6317,0.5151,0.6028,1.0308,1.0824,1.1339,false
CHR-MED-0543,Legate Sumner of Mali Empire,medieval,Khmer Empire,Southeast Asia,974,988,Military,architect,EVT-MED-0543,0.6595,0.8776,0.8274,0.8359,0.7284,0.2736,0.7751,75,0.2188,0.7057,0.5885,0.8418,0.8726,0.7802,false
CHR-MED-0544,Master Sculptor Saladin of Khmer Empire,medieval,Kingdom of France,Western Europe,563,581,Cultural,architect,EVT-MED-0544,0.8157,0.8123,0.7924,0.7756,0.5612,0.3572,0.7703,49,0.2908,0.7976,0.6111,0.8473,0.8783,0.7853,false
CHR-MED-0545,Chamberlain Ashoka of Byzantine Empire,medieval,Kievan Rus,Eastern Europe,1375,1420,Economic,catalyst,EVT-MED-0545,0.6757,0.6575,0.7429,0.7434,0.8419,0.5488,0.7705,13,0.4027,0.7136,0.6303,1.091,1.1949,1.143,false
CHR-MED-0546,Senator Adams of Kingdom of France,medieval,Mali Empire,West Africa,630,666,Political,stabilizer,EVT-MED-0546,0.6457,0.6505,0.8658,0.8839,0.4713,0.3105,0.4748,214,0.2133,0.5774,0.4667,0.8118,0.8415,0.7524,false
CHR-MED-0547,Senator Hammurabi of Tang Dynasty,medieval,Kingdom of England,British Isles,1310,1340,Political,disruptor,EVT-MED-0547,0.6694,0.5929,0.4676,0.523,0.768,0.6713,0.8363,41,0.5742,0.7362,0.6747,1.2103,1.25,1.25,false
CHR-MED-0548,High Priest Chen of Holy Roman Empire,medieval,Mali Empire,West Africa,1122,1147,Religious,disruptor,EVT-MED-0548,0.7142,0.7963,0.2783,0.5437,0.9104,0.6569,0.7807,42,0.5566,0.7408,0.7452,1.2346,1.25,1.25,false
CHR-MED-0549,General Hathor of Khmer Empire,medieval,Mali Empire,West Africa,1193,1237,Military,catalyst,EVT-MED-0549,0.5843,0.726,0.7287,0.598,0.7711,0.798,0.7604,19,0.6,0.6548,0.6516,1.0978,1.2023,1.15,false
CHR-MED-0550,Cardinal Naram-Sin of Kingdom of France,medieval,Mali Empire,West Africa,950,981,Religious,stabilizer,EVT-MED-0550,0.7641,0.7189,0.7283,0.7208,0.6578,0.2707,0.4966,229,0.2749,0.6571,0.5538,0.8332,0.8637,0.7723,false
CHR-MED-0551,Viceroy Puduhepa of Kingdom of England,medieval,Chola Dynasty,South India,898,937,Political,catalyst,EVT-MED-0551,0.6927,0.6951,0.6412,0.5572,0.8094,0.4846,0.7944,52,0.4637,0.7334,0.6487,1.0968,1.2013,1.1491,false
CHR-MED-0552,Archon Puduhepa of Byzantine Empire,medieval,Abbasid Caliphate,Middle East,1445,1456,Political,catalyst,EVT-MED-0552,0.7262,0.917,0.6078,0.5913,0.7723,0.7664,0.7164,34,0.5876,0.7222,0.717,1.1184,1.2249,1.1716,false
CHR-MED-0553,Rhetorician Sumner of Holy Roman Empire,medieval,Kamakura / Muromachi Japan,East Asia,748,790,Cultural,stabilizer,EVT-MED-0553,0.7557,0.6826,0.7302,0.8193,0.6021,0.1654,0.5852,45,0.173,0.6875,0.5302,0.8274,0.8577,0.7669,false
CHR-MED-0554,Archon Solon of Kingdom of England,medieval,Tang Dynasty,East Asia,1426,1467,Political,stabilizer,EVT-MED-0554,0.6816,0.6504,0.9173,0.7966,0.4577,0.2845,0.6523,36,0.244,0.6699,0.4956,0.8189,0.8489,0.759,false
CHR-MED-0555,Dramatist Godfrey of Byzantine Empire,medieval,Tang Dynasty,East Asia,523,558,Cultural,wildcard,EVT-MED-0555,0.6118,0.5972,0.7169,0.6226,0.5548,0.7576,0.7803,32,0.5675,0.6792,0.6036,1.0311,1.0826,1.1342,false
CHR-MED-0556,Dramatist Lafayette of Kingdom of France,medieval,Kingdom of France,Western Europe,1145,1176,Cultural,catalyst,EVT-MED-0556,0.5781,0.6622,0.4619,0.6071,0.736,0.7301,0.7659,44,0.5615,0.6532,0.6521,1.0979,1.2025,1.1502,false
CHR-MED-0557,Viceroy Harsha of Chola Dynasty,medieval,Kamakura / Muromachi Japan,East Asia,1439,1477,Political,architect,EVT-MED-0557,0.7885,0.7954,0.8614,0.7167,0.6943,0.3028,0.6441,169,0.293,0.7307,0.5906,0.8423,0.8731,0.7807,false
CHR-MED-0558,Poet Laureate Imhotep of Kingdom of France,medieval,Mongol Empire / Ilkhanate,Eurasian Steppe,1301,1308,Cultural,wildcard,EVT-MED-0558,0.6207,0.6329,0.4794,0.4912,0.2004,0.5946,0.6865,61,0.5517,0.647,0.5498,1.015,1.0657,1.1164,false
CHR-MED-0559,Prefect Kautilya of Kamakura / Muromachi Japan,medieval,Byzantine Empire,Eastern Mediterranean,1213,1234,Political,catalyst,EVT-MED-0559,0.5286,0.7296,0.7143,0.7156,0.8058,0.4735,0.7086,58,0.3789,0.6006,0.5826,1.076,1.1785,1.1272,false
CHR-MED-0560,Mint Overseer Ibn-Sina of Kingdom of France,medieval,Tang Dynasty,East Asia,1067,1098,Economic,wildcard,EVT-MED-0560,0.7389,0.4129,0.5824,0.5201,0.401,0.4737,0.4671,29,0.4768,0.6302,0.5137,1.0041,1.0543,1.1045,false
CHR-MED-0561,Governor Hattusili of Khmer Empire,medieval,Kingdom of France,Western Europe,968,1006,Political,wildcard,EVT-MED-0561,0.8507,0.8281,0.1571,0.6495,0.6765,0.5562,0.5937,22,0.4533,0.7479,0.7127,1.0638,1.117,1.1702,false
CHR-MED-0562,Centurion Rimush of Song Dynasty,medieval,Classic Maya & Postclassic,Mesoamerica,1049,1089,Military,architect,EVT-MED-0562,0.7151,0.7129,0.802,0.8816,0.5864,0.2584,0.6172,98,0.1884,0.6759,0.5307,0.8276,0.8578,0.767,false
CHR-MED-0563,Treasurer Necker of Khmer Empire,medieval,Kingdom of France,Western Europe,1286,1296,Economic,architect,EVT-MED-0563,0.7245,0.8427,0.86,0.7916,0.7102,0.3514,0.7983,29,0.2799,0.754,0.6109,0.8473,0.8783,0.7853,false
CHR-MED-0564,Governor Heinrich of Tang Dynasty,medieval,Abbasid Caliphate,Middle East,1314,1319,Political,disruptor,EVT-MED-0564,0.9489,0.707,0.441,0.6284,0.7349,0.9176,0.7585,38,0.6446,0.8728,0.7794,1.2464,1.25,1.25,true
CHR-MED-0565,Metallurgist Suppiluliuma of Khmer Empire,medieval,Kingdom of England,British Isles,1227,1248,Scientific,stabilizer,EVT-MED-0565,0.6118,0.7321,0.853,0.7053,0.5078,0.2666,0.429,201,0.2807,0.5387,0.4727,0.8133,0.843,0.7538,false
CHR-MED-0566,Consul Imhotep of Byzantine Empire,medieval,Umayyad Caliphate (Al-Andalus),Iberia / North Africa,1391,1409,Political,stabilizer,EVT-MED-0566,0.6851,0.6498,0.879,0.8065,0.6429,0.3055,0.4185,81,0.2495,0.5785,0.4956,0.8189,0.8489,0.759,false
CHR-MED-0567,General Sumner of Holy Roman Empire,medieval,Kingdom of England,British Isles,1279,1305,Military,catalyst,EVT-MED-0567,0.7913,0.8546,0.5634,0.6372,0.9059,0.7158,0.787,37,0.5393,0.7896,0.7491,1.1285,1.2359,1.1822,false
CHR-MED-0568,Commander Justinian of Khmer Empire,medieval,Kamakura / Muromachi Japan,East Asia,1254,1295,Military,catalyst,EVT-MED-0568,0.641,0.664,0.6216,0.6882,0.7206,0.5688,0.7278,24,0.4403,0.6758,0.6159,1.0865,1.19,1.1382,false
CHR-MED-0569,Imam Valdemar of Khmer Empire,medieval,Kingdom of France,Western Europe,1396,1411,Religious,stabilizer,EVT-MED-0569,0.7729,0.7219,0.9069,0.8746,0.6858,0.336,0.4203,141,0.2307,0.6319,0.5334,0.8282,0.8585,0.7676,false
CHR-MED-0570,Syndic Theodosius of Kingdom of England,medieval,Classic Maya & Postclassic,Mesoamerica,1323,1357,Economic,catalyst,EVT-MED-0570,0.7403,0.7282,0.4839,0.5519,0.8253,0.6462,0.7991,41,0.5472,0.7638,0.7089,1.1158,1.2221,1.1689,false
CHR-MED-0571,Dramatist Samsi-Adad of Khmer Empire,medieval,Mali Empire,West Africa,989,1008,Cultural,architect,EVT-MED-0571,0.6957,0.8144,0.7752,0.7982,0.7592,0.4174,0.7022,104,0.3096,0.6983,0.6105,0.8472,0.8782,0.7852,false
CHR-MED-0572,Synod Envoy Solon of Song Dynasty,medieval,Khmer Empire,Southeast Asia,1483,1500,Religious,architect,EVT-MED-0572,0.7847,0.703,0.8695,0.9051,0.6654,0.2627,0.5535,100,0.1788,0.6922,0.5417,0.8302,0.8606,0.7695,false
CHR-MED-0573,Treasurer Valdemar of Classic Maya & Postclassic,medieval,Khmer Empire,Southeast Asia,903,921,Economic,disruptor,EVT-MED-0573,0.7724,0.7646,0.2783,0.3267,0.9184,0.6648,0.7486,32,0.669,0.7629,0.7634,1.2409,1.25,1.25,true
CHR-MED-0574,Syndic Colbert of Umayyad Caliphate (Al-Andalus),medieval,Kievan Rus,Eastern Europe,1074,1101,Economic,disruptor,EVT-MED-0574,0.754,0.5207,0.2113,0.5343,0.871,0.7033,0.9423,24,0.5845,0.8293,0.7462,1.235,1.25,1.25,false
CHR-MED-0575,Merchant Prince Averroes of Umayyad Caliphate (Al-Andalus),medieval,Mongol Empire / Ilkhanate,Eurasian Steppe,1444,1478,Economic,wildcard,EVT-MED-0575,0.6398,0.8191,0.2128,0.6224,0.6764,0.6283,0.8872,28,0.503,0.7388,0.7092,1.0628,1.1159,1.169,false
CHR-MED-0576,Metallurgist Telepinu of Song Dynasty,medieval,Holy Roman Empire,Central Europe,873,918,Scientific,architect,EVT-MED-0576,0.8957,0.782,0.8023,0.827,0.7371,0.3266,0.5809,86,0.2498,0.7698,0.6163,0.8486,0.8797,0.7865,false
CHR-MED-0577,Chancellor Harsha of Mali Empire,medieval,Abbasid Caliphate,Middle East,1393,1431,Political,catalyst,EVT-MED-0577,0.6613,0.679,0.6109,0.7189,0.7838,0.7235,0.7765,42,0.5023,0.7074,0.6627,1.1013,1.2061,1.1537,false
CHR-MED-0578,Polymath Mentuhotep of Kingdom of France,medieval,Byzantine Empire,Eastern Mediterranean,1117,1144,Scientific,wildcard,EVT-MED-0578,0.8104,0.8217,0.1792,0.364,0.2113,0.5241,0.647,54,0.58,0.7451,0.6471,1.0441,1.0963,1.1485,false
CHR-MED-0579,Metallurgist Madison of Mongol Empire / Ilkhanate,medieval,Tang Dynasty,East Asia,963,1006,Scientific,stabilizer,EVT-MED-0579,0.7198,0.6934,0.8884,0.7877,0.4774,0.1452,0.4824,172,0.1788,0.6249,0.4715,0.813,0.8427,0.7535,false
CHR-MED-0580,Master Sculptor Alexander of Khmer Empire,medieval,Khmer Empire,Southeast Asia,517,550,Cultural,wildcard,EVT-MED-0580,0.7319,0.479,0.6545,0.4616,0.8255,0.1855,0.8666,14,0.3619,0.7858,0.5979,1.0294,1.0808,1.1323,false
CHR-MED-0581,Mint Overseer Otto of Chola Dynasty,medieval,Kamakura / Muromachi Japan,East Asia,814,825,Economic,catalyst,EVT-MED-0581,0.5163,0.6942,0.6666,0.6623,0.8718,0.5197,0.9392,21,0.4287,0.6854,0.633,1.0919,1.1959,1.1439,false
CHR-MED-0582,Patriarch Colbert of Song Dynasty,medieval,Abbasid Caliphate,Middle East,1189,1225,Religious,stabilizer,EVT-MED-0582,0.717,0.657,0.9319,0.8789,0.519,0.2939,0.4712,196,0.2075,0.6187,0.4833,0.8159,0.8457,0.7562,false
CHR-MED-0583,Rhetorician Samsi-Adad of Abbasid Caliphate,medieval,Kingdom of England,British Isles,1067,1095,Cultural,wildcard,EVT-MED-0583,0.5055,0.4597,0.1726,0.4338,0.321,0.3927,0.6368,23,0.4795,0.558,0.509,1.0027,1.0528,1.103,false
CHR-MED-0584,Strategos Necker of Holy Roman Empire,medieval,Abbasid Caliphate,Middle East,765,809,Military,architect,EVT-MED-0584,0.9198,0.8247,0.713,0.8447,0.6065,0.2018,0.6126,47,0.1785,0.7969,0.6033,0.8454,0.8763,0.7835,false
CHR-MED-0585,Governor Khaldun of Song Dynasty,medieval,Byzantine Empire,Eastern Mediterranean,1305,1312,Political,disruptor,EVT-MED-0585,0.8396,0.7094,0.2155,0.648,0.8938,0.8346,0.8946,22,0.5933,0.8616,0.8058,1.25,1.25,1.25,true
CHR-MED-0586,General Al-Mansur of Kamakura / Muromachi Japan,medieval,Mali Empire,West Africa,1270,1292,Military,disruptor,EVT-MED-0586,0.7275,0.5867,0.4682,0.5895,0.8317,0.7158,0.8626,12,0.5632,0.7816,0.7051,1.2208,1.25,1.25,false
CHR-MED-0587,Rhetorician Harsha of Kingdom of England,medieval,Tang Dynasty,East Asia,569,593,Cultural,stabilizer,EVT-MED-0587,0.7786,0.7184,0.8944,0.7331,0.5355,0.3117,0.5996,101,0.2893,0.707,0.5433,0.8307,0.8611,0.7699,false
CHR-MED-0588,Archon Franklin of Mali Empire,medieval,Tang Dynasty,East Asia,1230,1241,Political,catalyst,EVT-MED-0588,0.6299,0.6889,0.5004,0.6976,0.9024,0.4967,0.7055,15,0.3995,0.6601,0.6416,1.0946,1.1988,1.1467,false
CHR-MED-0589,Chronicler Tariq of Chola Dynasty,medieval,Abbasid Caliphate,Middle East,1307,1331,Cultural,wildcard,EVT-MED-0589,0.5034,0.517,0.1577,0.328,0.6088,0.5659,0.5686,28,0.619,0.5295,0.5827,1.0248,1.0761,1.1273,false
CHR-MED-0590,Merchant Prince Otto of Kingdom of France,medieval,Byzantine Empire,Eastern Mediterranean,604,611,Economic,catalyst,EVT-MED-0590,0.6618,0.7549,0.7449,0.673,0.74,0.6424,0.7365,41,0.4847,0.6917,0.6384,1.0936,1.1977,1.1457,false
CHR-MED-0591,Alchemist Zhang of Mongol Empire / Ilkhanate,medieval,Kingdom of England,British Isles,1482,1500,Scientific,catalyst,EVT-MED-0591,0.6659,0.9157,0.496,0.5803,0.7676,0.5401,0.8108,17,0.4799,0.7239,0.693,1.1108,1.2166,1.1637,false
CHR-MED-0592,Philosopher Averroes of Kingdom of England,medieval,Abbasid Caliphate,Middle East,784,826,Cultural,wildcard,EVT-MED-0592,0.7115,0.5464,0.6479,0.2226,0.293,0.8223,0.6846,60,0.7998,0.7007,0.6039,1.0312,1.0827,1.1343,false
CHR-MED-0593,Mint Overseer Hammurabi of Kingdom of France,medieval,Song Dynasty,East Asia,1479,1500,Economic,stabilizer,EVT-MED-0593,0.7608,0.6859,0.7997,0.7589,0.5689,0.3382,0.6521,164,0.2897,0.7173,0.559,0.8345,0.8651,0.7735,false
CHR-MED-0594,Geometer Song of Chola Dynasty,medieval,Kamakura / Muromachi Japan,East Asia,650,671,Scientific,architect,EVT-MED-0594,0.7298,0.6239,0.8907,0.8833,0.6469,0.3483,0.7701,52,0.2325,0.7459,0.5576,0.8342,0.8647,0.7731,false
CHR-MED-0595,Chancellor Otto of Byzantine Empire,medieval,Mali Empire,West Africa,1140,1166,Political,catalyst,EVT-MED-0595,0.5757,0.7711,0.5974,0.6414,0.8721,0.6454,0.8009,26,0.502,0.6658,0.6655,1.1021,1.2071,1.1546,false
CHR-MED-0596,Syndic Sherman of Classic Maya & Postclassic,medieval,Kingdom of England,British Isles,517,526,Economic,stabilizer,EVT-MED-0596,0.7527,0.7773,0.7903,0.8438,0.6056,0.2493,0.5074,150,0.2027,0.6545,0.5379,0.8293,0.8597,0.7686,false
CHR-MED-0597,Commander Baldwin of Kingdom of England,medieval,Classic Maya & Postclassic,Mesoamerica,755,793,Military,disruptor,EVT-MED-0597,0.7311,0.7275,0.2301,0.6141,0.905,0.8727,0.8982,45,0.6293,0.798,0.7896,1.2499,1.25,1.25,true
CHR-MED-0598,Alchemist Naram-Sin of Song Dynasty,medieval,Kievan Rus,Eastern Europe,1144,1168,Scientific,stabilizer,EVT-MED-0598,0.6741,0.7559,0.8458,0.842,0.6141,0.2502,0.602,74,0.2041,0.6452,0.5252,0.8262,0.8564,0.7657,false
CHR-MED-0599,Synod Envoy Hattusili of Mali Empire,medieval,Kamakura / Muromachi Japan,East Asia,1063,1092,Religious,stabilizer,EVT-MED-0599,0.8005,0.7037,0.8143,0.8175,0.6587,0.3324,0.5512,176,0.2574,0.7007,0.5647,0.8359,0.8665,0.7748,false
CHR-MED-0600,Commander Godfrey of Kingdom of France,medieval,Song Dynasty,East Asia,782,823,Military,wildcard,EVT-MED-0600,0.7474,0.5017,0.1934,0.7474,0.6379,0.283,0.5142,53,0.2678,0.6541,0.5707,1.0212,1.0723,1.1233,false
CHR-MED-0601,Marshal Richelieu of Byzantine Empire,medieval,Chola Dynasty,South India,1275,1317,Military,wildcard,EVT-MED-0601,0.8368,0.5129,0.423,0.5142,0.4713,0.3523,0.6195,17,0.419,0.7499,0.5846,1.0254,1.0766,1.1279,false
CHR-MED-0602,Poet Laureate Constantine of Tang Dynasty,medieval,Holy Roman Empire,Central Europe,1082,1110,Cultural,disruptor,EVT-MED-0602,0.785,0.6186,0.483,0.4911,0.8375,0.8762,0.7819,12,0.6926,0.7838,0.7405,1.233,1.25,1.25,false
CHR-MED-0603,Prefect Hammurabi of Kievan Rus,medieval,Holy Roman Empire,Central Europe,1050,1083,Political,catalyst,EVT-MED-0603,0.6392,0.7259,0.7012,0.7,0.7447,0.7272,0.7047,31,0.5136,0.6654,0.6401,1.0941,1.1983,1.1462,false
CHR-MED-0604,Legate Vikram of Kingdom of England,medieval,Mali Empire,West Africa,1189,1220,Military,disruptor,EVT-MED-0604,0.6974,0.6525,0.4472,0.6302,0.9473,0.7534,0.748,46,0.5616,0.7176,0.7133,1.2236,1.25,1.25,false
CHR-MED-0605,Scribe Kautilya of Abbasid Caliphate,medieval,Holy Roman Empire,Central Europe,1479,1500,Cultural,architect,EVT-MED-0605,0.9114,0.7383,0.8873,0.7478,0.5762,0.221,0.7699,131,0.2366,0.8548,0.5975,0.844,0.8749,0.7822,false
CHR-MED-0606,Abbess Lafayette of Holy Roman Empire,medieval,Chola Dynasty,South India,692,702,Religious,stabilizer,EVT-MED-0606,0.8366,0.704,0.7651,0.8349,0.5807,0.3071,0.4177,217,0.2361,0.669,0.5423,0.8304,0.8608,0.7696,false
CHR-MED-0607,Governor Chandra of Song Dynasty,medieval,Kamakura / Muromachi Japan,East Asia,1143,1184,Political,disruptor,EVT-MED-0607,0.7816,0.6731,0.4686,0.5067,0.7271,0.9057,0.7944,40,0.6995,0.7867,0.7382,1.2322,1.25,1.25,false
CHR-MED-0608,Master Sculptor Talleyrand of Tang Dynasty,medieval,Khmer Empire,Southeast Asia,613,658,Cultural,architect,EVT-MED-0608,0.6849,0.7168,0.7579,0.805,0.6431,0.3899,0.6339,51,0.2924,0.6645,0.5627,0.8354,0.866,0.7743,false
CHR-MED-0609,Syndic Song of Kingdom of France,medieval,Umayyad Caliphate (Al-Andalus),Iberia / North Africa,1041,1072,Economic,catalyst,EVT-MED-0609,0.7273,0.7385,0.5408,0.5924,0.8671,0.5005,0.9267,55,0.454,0.8071,0.703,1.114,1.2201,1.167,false
CHR-MED-0610,Patriarch Baldwin of Chola Dynasty,medieval,Khmer Empire,Southeast Asia,1435,1479,Religious,catalyst,EVT-MED-0610,0.8129,0.8906,0.4782,0.5655,0.7527,0.6669,0.7059,31,0.5507,0.7701,0.7295,1.1223,1.2292,1.1757,false
CHR-MED-0611,Marshal Sumner of Khmer Empire,medieval,Abbasid Caliphate,Middle East,646,672,Military,disruptor,EVT-MED-0611,0.8607,0.6938,0.4584,0.5517,0.8796,0.6629,0.7467,26,0.5556,0.8151,0.7392,1.2325,1.25,1.25,false
CHR-MED-0612,Hierophant Dara of Umayyad Caliphate (Al-Andalus),medieval,Kingdom of France,Western Europe,1129,1167,Religious,stabilizer,EVT-MED-0612,0.6439,0.7018,0.7206,0.7731,0.5581,0.2324,0.4907,150,0.2297,0.5826,0.4977,0.8194,0.8494,0.7595,false
CHR-MED-0613,Strategos Labarna of Holy Roman Empire,medieval,Mali Empire,West Africa,866,908,Military,wildcard,EVT-MED-0613,0.6009,0.4747,0.4701,0.7321,0.216,0.3809,0.4773,38,0.3244,0.5515,0.4489,0.9847,1.0339,1.0832,false
CHR-MED-0614,Scribe Hammurabi of Chola Dynasty,medieval,Holy Roman Empire,Central Europe,1073,1080,Cultural,architect,EVT-MED-0614,0.7108,0.7817,0.7593,0.8393,0.5632,0.2607,0.6256,25,0.2107,0.6767,0.5445,0.8309,0.8613,0.7701,false
CHR-MED-0615,Archon Chandra of Umayyad Caliphate (Al-Andalus),medieval,Mali Empire,West Africa,1082,1092,Political,stabilizer,EVT-MED-0615,0.5907,0.5516,0.7999,0.8226,0.4667,0.247,0.5046,92,0.2122,0.5562,0.442,0.8057,0.8352,0.75,false
CHR-MED-0616,Polymath Rimush of Kingdom of France,medieval,Chola Dynasty,South India,1117,1132,Scientific,disruptor,EVT-MED-0616,0.894,0.7158,0.2486,0.626,0.7487,0.869,0.9404,28,0.6215,0.9125,0.8084,1.25,1.25,1.25,true
CHR-MED-0617,Centurion Otto of Byzantine Empire,medieval,Chola Dynasty,South India,1122,1140,Military,stabilizer,EVT-MED-0617,0.7404,0.783,0.914,0.688,0.4954,0.1251,0.4054,142,0.2185,0.6064,0.4806,0.8152,0.8451,0.7556,false
CHR-MED-0618,Warlord Hammurabi of Chola Dynasty,medieval,Classic Maya & Postclassic,Mesoamerica,574,607,Military,disruptor,EVT-MED-0618,0.7948,0.7188,0.2205,0.543,0.9101,0.7182,0.772,15,0.5876,0.7857,0.7674,1.2422,1.25,1.25,true
CHR-MED-0619,Treasurer Harsha of Chola Dynasty,medieval,Kievan Rus,Eastern Europe,1261,1289,Economic,wildcard,EVT-MED-0619,0.69,0.675,0.3771,0.3449,0.547,0.7228,0.5485,25,0.6889,0.6334,0.6415,1.0425,1.0946,1.1467,false
CHR-MED-0620,Chronicler Gao of Song Dynasty,medieval,Kingdom of France,Western Europe,1175,1208,Cultural,architect,EVT-MED-0620,0.7657,0.6856,0.7871,0.7856,0.6375,0.1806,0.5788,134,0.1975,0.6909,0.5358,0.8288,0.8591,0.7682,false
CHR-MED-0621,Viceroy Wu of Kingdom of England,medieval,Abbasid Caliphate,Middle East,1235,1273,Political,architect,EVT-MED-0621,0.6741,0.6836,0.8659,0.8309,0.5325,0.3918,0.6483,50,0.2805,0.6638,0.5288,0.8271,0.8573,0.7666,false
CHR-MED-0622,Dramatist Nizam of Mongol Empire / Ilkhanate,medieval,Tang Dynasty,East Asia,1154,1173,Cultural,architect,EVT-MED-0622,0.6734,0.8254,0.7931,0.8582,0.585,0.1884,0.6776,160,0.1651,0.6751,0.5376,0.8292,0.8596,0.7686,false
CHR-MED-0623,Strategos Chen of Kievan Rus,medieval,Mali Empire,West Africa,1227,1269,Military,stabilizer,EVT-MED-0623,0.7941,0.6832,0.9347,0.8051,0.6373,0.242,0.4929,230,0.2184,0.6736,0.5231,0.8257,0.8559,0.7653,false
CHR-MED-0624,Master Sculptor Kautilya of Kingdom of France,medieval,Byzantine Empire,Eastern Mediterranean,1162,1198,Cultural,stabilizer,EVT-MED-0624,0.7801,0.7462,0.9272,0.7808,0.5158,0.1329,0.4425,46,0.1761,0.6451,0.4889,0.8173,0.8472,0.7575,false
CHR-MED-0625,Senator Franklin of Umayyad Caliphate (Al-Andalus),medieval,Kievan Rus,Eastern Europe,880,908,Political,disruptor,EVT-MED-0625,0.9287,0.6827,0.2542,0.5756,0.7206,0.7792,0.7834,45,0.6018,0.8706,0.7729,1.2441,1.25,1.25,true
CHR-MED-0626,Hierophant Franklin of Byzantine Empire,medieval,Kievan Rus,Eastern Europe,1314,1352,Religious,disruptor,EVT-MED-0626,0.6629,0.6483,0.2865,0.4977,0.7458,0.8257,0.9445,47,0.664,0.7755,0.7368,1.2317,1.25,1.25,false
CHR-MED-0627,Chamberlain Telepinu of Umayyad Caliphate (Al-Andalus),medieval,Chola Dynasty,South India,1269,1292,Economic,architect,EVT-MED-0627,0.7458,0.8666,0.7959,0.9126,0.666,0.3491,0.5982,144,0.2183,0.6868,0.5832,0.8405,0.8712,0.779,false
CHR-MED-0628,Geometer Averroes of Abbasid Caliphate,medieval,Mongol Empire / Ilkhanate,Eurasian Steppe,1182,1201,Scientific,disruptor,EVT-MED-0628,0.8687,0.6451,0.4246,0.3311,0.8761,0.9179,0.856,36,0.7934,0.8636,0.8024,1.25,1.25,1.25,true
CHR-MED-0629,Poet Laureate Madison of Byzantine Empire,medieval,Song Dynasty,East Asia,961,967,Cultural,stabilizer,EVT-MED-0629,0.7001,0.5562,0.9076,0.6882,0.5965,0.1255,0.4126,142,0.2186,0.5851,0.4535,0.8086,0.8381,0.75,false
CHR-MED-0630,Syndic Otto of Kingdom of England,medieval,Mali Empire,West Africa,789,797,Economic,stabilizer,EVT-MED-0630,0.7014,0.7917,0.7513,0.7147,0.524,0.124,0.608,199,0.2046,0.664,0.5216,0.8253,0.8555,0.7649,false
CHR-MED-0631,Chancellor Franklin of Kievan Rus,medieval,Tang Dynasty,East Asia,939,975,Political,wildcard,EVT-MED-0631,0.4963,0.5783,0.5424,0.213,0.3266,0.3564,0.7935,47,0.5717,0.6152,0.5174,1.0052,1.0555,1.1057,false
CHR-MED-0632,Geometer Zhao of Byzantine Empire,medieval,Abbasid Caliphate,Middle East,601,630,Scientific,catalyst,EVT-MED-0632,0.7391,0.8673,0.5103,0.611,0.7789,0.7172,0.7273,17,0.5531,0.7343,0.7168,1.1183,1.2248,1.1715,false
CHR-MED-0633,High Priest Puduhepa of Mali Empire,medieval,Tang Dynasty,East Asia,660,702,Religious,architect,EVT-MED-0633,0.6929,0.7344,0.7111,0.7208,0.6067,0.4169,0.6259,168,0.348,0.6661,0.5737,0.8381,0.8688,0.7768,false
CHR-MED-0634,Patriarch Valdemar of Kingdom of England,medieval,Kievan Rus,Eastern Europe,548,569,Religious,architect,EVT-MED-0634,0.8554,0.6475,0.7218,0.8873,0.6988,0.3695,0.6263,167,0.2411,0.7637,0.5986,0.8443,0.8751,0.7825,false
CHR-MED-0635,Legate Chen of Kievan Rus,medieval,Classic Maya & Postclassic,Mesoamerica,1018,1051,Military,disruptor,EVT-MED-0635,0.7691,0.7952,0.2733,0.5086,0.9336,0.9424,0.8058,33,0.7169,0.7838,0.8111,1.25,1.25,1.25,true
CHR-MED-0636,Guild Master Kautilya of Holy Roman Empire,medieval,Kingdom of England,British Isles,1003,1044,Economic,disruptor,EVT-MED-0636,0.659,0.7857,0.2397,0.5021,0.8528,0.7006,0.9133,44,0.5992,0.7607,0.7535,1.2375,1.25,1.25,true
CHR-MED-0637,Syndic Hathor of Kingdom of France,medieval,Chola Dynasty,South India,1377,1388,Economic,disruptor,EVT-MED-0637,0.9089,0.7837,0.3707,0.6199,0.8182,0.8165,0.9116,21,0.5983,0.91,0.8087,1.25,1.25,1.25,true
CHR-MED-0638,Metallurgist Narmer of Kievan Rus,medieval,Classic Maya & Postclassic,Mesoamerica,818,835,Scientific,disruptor,EVT-MED-0638,0.6796,0.506,0.4311,0.3673,0.8855,0.7296,0.7661,10,0.6811,0.7142,0.6915,1.2161,1.25,1.25,false
CHR-MED-0639,Guild Master Hamilton of Kievan Rus,medieval,Tang Dynasty,East Asia,564,580,Economic,architect,EVT-MED-0639,0.8263,0.645,0.7624,0.8546,0.6238,0.2755,0.6418,45,0.2104,0.7525,0.5655,0.8361,0.8667,0.7749,false
CHR-MED-0640,Strategos Hattusili of Tang Dynasty,medieval,Tang Dynasty,East Asia,1261,1299,Military,disruptor,EVT-MED-0640,0.87,0.6957,0.3298,0.4993,0.878,0.9079,0.9372,48,0.7043,0.8969,0.8224,1.25,1.25,1.25,true
CHR-MED-0641,Pontiff Ramesses of Kievan Rus,medieval,Umayyad Caliphate (Al-Andalus),Iberia / North Africa,811,854,Religious,wildcard,EVT-MED-0641,0.734,0.4445,0.6151,0.6149,0.2757,0.7593,0.7358,26,0.5722,0.7347,0.5735,1.0221,1.0732,1.1243,false
CHR-MED-0642,Philosopher Dara of Byzantine Empire,medieval,Mongol Empire / Ilkhanate,Eurasian Steppe,1089,1115,Cultural,disruptor,EVT-MED-0642,0.6748,0.7609,0.2957,0.587,0.9399,0.8252,0.8063,23,0.6191,0.7274,0.7596,1.2396,1.25,1.25,true
CHR-MED-0643,Alchemist Sun of Abbasid Caliphate,medieval,Kingdom of France,Western Europe,853,893,Scientific,wildcard,EVT-MED-0643,0.5896,0.7031,0.4271,0.6516,0.5885,0.4096,0.6176,55,0.379,0.6008,0.5699,1.021,1.072,1.1231,false
CHR-MED-0644,Abbess Constantine of Kingdom of France,medieval,Byzantine Empire,Eastern Mediterranean,1478,1496,Religious,catalyst,EVT-MED-0644,0.6744,0.7564,0.519,0.5819,0.8927,0.743,0.9219,40,0.5805,0.7734,0.7347,1.1239,1.231,1.1775,false
CHR-MED-0645,Rhetorician Rimush of Byzantine Empire,medieval,Kingdom of England,British Isles,856,890,Cultural,stabilizer,EVT-MED-0645,0.8005,0.5596,0.91,0.8791,0.6541,0.3239,0.4633,146,0.2224,0.6656,0.5153,0.8238,0.8539,0.7635,false
CHR-MED-0646,Physician Puduhepa of Kamakura / Muromachi Japan,medieval,Mongol Empire / Ilkhanate,Eurasian Steppe,1095,1103,Scientific,wildcard,EVT-MED-0646,0.5672,0.7696,0.5879,0.7232,0.3172,0.6984,0.8611,12,0.4876,0.6848,0.5938,1.0281,1.0795,1.131,false
CHR-MED-0647,Viceroy Justinian of Song Dynasty,medieval,Byzantine Empire,Eastern Mediterranean,1435,1441,Political,architect,EVT-MED-0647,0.8088,0.6078,0.705,0.7677,0.6486,0.2379,0.7101,70,0.2351,0.7693,0.574,0.8382,0.8689,0.7769,false
CHR-MED-0648,Alchemist Narmer of Mali Empire,medieval,Kingdom of England,British Isles,1021,1046,Scientific,disruptor,EVT-MED-0648,0.855,0.8258,0.2103,0.4811,0.7426,0.7557,0.8705,8,0.6373,0.8612,0.7979,1.25,1.25,1.25,true
CHR-MED-0649,Prefect Chen of Mongol Empire / Ilkhanate,medieval,Mali Empire,West Africa,692,705,Political,wildcard,EVT-MED-0649,0.8401,0.3659,0.178,0.3565,0.413,0.7921,0.4185,70,0.7178,0.6715,0.6228,1.0368,1.0887,1.1405,false
CHR-MED-0650,Metallurgist Tariq of Mali Empire,medieval,Umayyad Caliphate (Al-Andalus),Iberia / North Africa,818,832,Scientific,architect,EVT-MED-0650,0.7724,0.6096,0.6963,0.8336,0.632,0.2447,0.6224,145,0.2056,0.7124,0.5481,0.8318,0.8623,0.771,false
CHR-MED-0651,Merchant Prince Song of Mongol Empire / Ilkhanate,medieval,Holy Roman Empire,Central Europe,1121,1149,Economic,disruptor,EVT-MED-0651,0.7599,0.8232,0.2645,0.3876,0.8554,0.7469,0.7232,45,0.6797,0.7452,0.7665,1.2419,1.25,1.25,true
CHR-MED-0652,Scribe Thutmose of Kingdom of England,medieval,Kamakura / Muromachi Japan,East Asia,1474,1500,Cultural,disruptor,EVT-MED-0652,0.884,0.5106,0.3589,0.6468,0.8656,0.9219,0.7261,9,0.6376,0.8209,0.7564,1.2385,1.25,1.25,true
CHR-MED-0653,Centurion Constantine of Holy Roman Empire,medieval,Holy Roman Empire,Central Europe,732,751,Military,wildcard,EVT-MED-0653,0.7303,0.3959,0.6423,0.6327,0.6259,0.5182,0.8648,62,0.4428,0.7841,0.5974,1.0292,1.0807,1.1322,false
CHR-MED-0654,Arch-Engineer Narmer of Abbasid Caliphate,medieval,Holy Roman Empire,Central Europe,1472,1497,Scientific,stabilizer,EVT-MED-0654,0.7649,0.6289,0.8612,0.7985,0.4876,0.2532,0.4097,68,0.2273,0.6228,0.4821,0.8156,0.8454,0.7559,false
CHR-MED-0655,Alchemist Constantine of Mali Empire,medieval,Tang Dynasty,East Asia,940,969,Scientific,stabilizer,EVT-MED-0655,0.6913,0.6602,0.9066,0.7969,0.5749,0.2086,0.4411,225,0.2059,0.5912,0.475,0.8139,0.8436,0.7543,false
CHR-MED-0656,Warlord Nizam of Mali Empire,medieval,Tang Dynasty,East Asia,723,757,Military,wildcard,EVT-MED-0656,0.6663,0.7512,0.4845,0.3769,0.3104,0.3249,0.5912,44,0.474,0.6362,0.5459,1.0138,1.0645,1.1152,false
CHR-MED-0657,Syndic Valdemar of Kamakura / Muromachi Japan,medieval,Holy Roman Empire,Central Europe,650,667,Economic,disruptor,EVT-MED-0657,0.6734,0.6369,0.4984,0.4842,0.7135,0.8078,0.955,34,0.6618,0.786,0.7113,1.2229,1.25,1.25,false
CHR-MED-0658,Marshal Harun of Kingdom of France,medieval,Kievan Rus,Eastern Europe,574,604,Military,stabilizer,EVT-MED-0658,0.6861,0.7797,0.9383,0.7771,0.6461,0.2757,0.4307,101,0.2493,0.5839,0.5087,0.8221,0.8522,0.762,false
CHR-MED-0659,General Madison of Tang Dynasty,medieval,Song Dynasty,East Asia,1183,1203,Military,architect,EVT-MED-0659,0.6852,0.8459,0.7735,0.8372,0.5126,0.2716,0.7372,174,0.2172,0.706,0.5572,0.8341,0.8646,0.773,false
CHR-MED-0660,Chancellor Necker of Kingdom of France,medieval,Kamakura / Muromachi Japan,East Asia,846,862,Political,catalyst,EVT-MED-0660,0.7821,0.8141,0.5699,0.6193,0.9235,0.5844,0.7504,47,0.4826,0.7694,0.7184,1.1188,1.2254,1.1721,false
CHR-MED-0661,Centurion Hathor of Kamakura / Muromachi Japan,medieval,Mali Empire,West Africa,1351,1379,Military,stabilizer,EVT-MED-0661,0.8038,0.6383,0.8036,0.6916,0.4572,0.3456,0.543,60,0.327,0.6995,0.5336,0.8283,0.8586,0.7677,false
CHR-MED-0662,Patriarch Ibn-Sina of Mongol Empire / Ilkhanate,medieval,Tang Dynasty,East Asia,818,848,Religious,disruptor,EVT-MED-0662,0.6673,0.6151,0.4993,0.4319,0.7477,0.848,0.8714,29,0.7081,0.7489,0.7076,1.2216,1.25,1.25,false
CHR-MED-0663,Prefect Sargon of Kievan Rus,medieval,Kievan Rus,Eastern Europe,1399,1425,Political,stabilizer,EVT-MED-0663,0.7255,0.7457,0.842,0.6952,0.547,0.2059,0.569,209,0.2554,0.6629,0.5226,0.8255,0.8558,0.7651,false
CHR-MED-0664,Poet Laureate Solon of Tang Dynasty,medieval,Kievan Rus,Eastern Europe,1206,1233,Cultural,catalyst,EVT-MED-0664,0.5311,0.6653,0.5874,0.5866,0.7775,0.6459,0.7652,56,0.5297,0.6248,0.6228,1.0887,1.1924,1.1405,false
CHR-MED-0665,Alchemist Sargon of Song Dynasty,medieval,Mali Empire,West Africa,1031,1068,Scientific,architect,EVT-MED-0665,0.669,0.782,0.7701,0.7215,0.5936,0.2352,0.5768,58,0.2569,0.6321,0.5323,0.8279,0.8582,0.7674,false
CHR-MED-0666,Cardinal Rimush of Tang Dynasty,medieval,Abbasid Caliphate,Middle East,1199,1235,Religious,architect,EVT-MED-0666,0.9057,0.6789,0.7966,0.8114,0.6225,0.424,0.8162,82,0.3063,0.8699,0.6374,0.8538,0.885,0.7913,false
CHR-MED-0667,Scribe Constantine of Abbasid Caliphate,medieval,Classic Maya & Postclassic,Mesoamerica,1385,1424,Cultural,disruptor,EVT-MED-0667,0.8848,0.8335,0.2347,0.5523,0.9269,0.928,0.7385,36,0.6879,0.8263,0.8341,1.25,1.25,1.25,true
CHR-MED-0668,Chamberlain Dara of Abbasid Caliphate,medieval,Khmer Empire,Southeast Asia,1418,1460,Economic,catalyst,EVT-MED-0668,0.7142,0.6526,0.5749,0.6115,0.9402,0.5473,0.8391,52,0.4679,0.7642,0.6874,1.109,1.2146,1.1618,false
CHR-MED-0669,Guild Master Tiglath of Byzantine Empire,medieval,Khmer Empire,Southeast Asia,1088,1132,Economic,architect,EVT-MED-0669,0.8487,0.6574,0.7941,0.8308,0.7732,0.3851,0.704,51,0.2771,0.7908,0.6192,0.8493,0.8804,0.7872,false
CHR-MED-0670,Physician Marshall of Khmer Empire,medieval,Kingdom of England,British Isles,959,985,Scientific,wildcard,EVT-MED-0670,0.7856,0.7312,0.2016,0.4808,0.7468,0.1739,0.8062,44,0.3466,0.7938,0.6709,1.0513,1.1038,1.1564,false
CHR-MED-0671,Vizier Thutmose of Holy Roman Empire,medieval,Khmer Empire,Southeast Asia,1186,1206,Political,stabilizer,EVT-MED-0671,0.6832,0.6591,0.766,0.8155,0.5086,0.2781,0.5581,216,0.2313,0.6332,0.504,0.821,0.851,0.7609,false
CHR-MED-0672,Marshal Harun of Khmer Empire,medieval,Classic Maya & Postclassic,Mesoamerica,1338,1343,Military,catalyst,EVT-MED-0672,0.6078,0.8057,0.513,0.6134,0.9383,0.5514,0.7952,30,0.469,0.6828,0.6836,1.1078,1.2133,1.1606,false
CHR-MED-0673,Arch-Engineer Telepinu of Khmer Empire,medieval,Chola Dynasty,South India,1197,1211,Scientific,wildcard,EVT-MED-0673,0.8384,0.4456,0.4224,0.6533,0.3349,0.4721,0.8996,36,0.4094,0.8629,0.6075,1.0323,1.0839,1.1355,false
CHR-MED-0674,Merchant Prince Necker of Mali Empire,medieval,Chola Dynasty,South India,572,605,Economic,catalyst,EVT-MED-0674,0.5094,0.6516,0.499,0.7795,0.943,0.7746,0.9396,24,0.4975,0.6815,0.6848,1.1082,1.2138,1.161,false
CHR-MED-0675,Dramatist Chandra of Kingdom of England,medieval,Byzantine Empire,Eastern Mediterranean,1089,1114,Cultural,catalyst,EVT-MED-0675,0.7947,0.7933,0.5186,0.5825,0.777,0.6578,0.8839,59,0.5376,0.8304,0.7345,1.1239,1.2309,1.1774,false
CHR-MED-0676,Strategos Vikram of Khmer Empire,medieval,Abbasid Caliphate,Middle East,1072,1108,Military,catalyst,EVT-MED-0676,0.5286,0.682,0.457,0.5692,0.8163,0.6586,0.7565,46,0.5447,0.6197,0.645,1.0957,1.2,1.1479,false
CHR-MED-0677,Centurion Ashoka of Abbasid Caliphate,medieval,Chola Dynasty,South India,1276,1284,Military,disruptor,EVT-MED-0677,0.8783,0.5108,0.2682,0.334,0.8338,0.7608,0.8906,41,0.7134,0.8832,0.7755,1.245,1.25,1.25,true
CHR-MED-0678,Customs Director Saladin of Classic Maya & Postclassic,medieval,Holy Roman Empire,Central Europe,761,777,Economic,architect,EVT-MED-0678,0.7406,0.7396,0.8056,0.7266,0.6793,0.3716,0.7338,122,0.3225,0.7379,0.5969,0.8438,0.8747,0.7821,false
CHR-MED-0679,Physician Kautilya of Kingdom of France,medieval,Kamakura / Muromachi Japan,East Asia,647,683,Scientific,catalyst,EVT-MED-0679,0.6142,0.8617,0.6867,0.7496,0.738,0.742,0.8516,53,0.4962,0.7091,0.6764,1.1056,1.2109,1.1582,false
CHR-MED-0680,Philosopher Godfrey of Mali Empire,medieval,Khmer Empire,Southeast Asia,971,986,Cultural,catalyst,EVT-MED-0680,0.553,0.7162,0.5372,0.7432,0.9057,0.6067,0.9062,24,0.4317,0.6942,0.6676,1.1028,1.2078,1.1553,false
CHR-MED-0681,Vizier Kautilya of Song Dynasty,medieval,Song Dynasty,East Asia,507,520,Political,wildcard,EVT-MED-0681,0.4212,0.5487,0.1756,0.3003,0.6635,0.7107,0.5402,19,0.7052,0.4688,0.5922,1.0277,1.079,1.1304,false
CHR-MED-0682,Dramatist Constantine of Song Dynasty,medieval,Umayyad Caliphate (Al-Andalus),Iberia / North Africa,521,547,Cultural,catalyst,EVT-MED-0682,0.6773,0.9132,0.5607,0.5756,0.9317,0.7147,0.7596,25,0.5695,0.7102,0.7324,1.1232,1.2302,1.1767,false
CHR-MED-0683,Polymath Kheti of Abbasid Caliphate,medieval,Khmer Empire,Southeast Asia,641,686,Scientific,disruptor,EVT-MED-0683,0.9032,0.8479,0.444,0.5284,0.7262,0.9043,0.8068,31,0.688,0.8646,0.7978,1.25,1.25,1.25,true
CHR-MED-0684,Imam Solon of Tang Dynasty,medieval,Byzantine Empire,Eastern Mediterranean,648,689,Religious,catalyst,EVT-MED-0684,0.5176,0.8707,0.659,0.7674,0.9058,0.5711,0.7671,45,0.4018,0.6174,0.6423,1.0948,1.1991,1.147,false
CHR-MED-0685,Customs Director Wu of Kamakura / Muromachi Japan,medieval,Song Dynasty,East Asia,1275,1302,Economic,disruptor,EVT-MED-0685,0.7472,0.5746,0.3408,0.3502,0.8866,0.7455,0.848,44,0.6977,0.7875,0.7434,1.234,1.25,1.25,false
CHR-MED-0686,Merchant Prince Franklin of Classic Maya & Postclassic,medieval,Holy Roman Empire,Central Europe,1065,1108,Economic,architect,EVT-MED-0686,0.8659,0.7176,0.8707,0.8085,0.5356,0.3673,0.6413,175,0.2794,0.776,0.5783,0.8392,0.87,0.7778,false
CHR-MED-0687,Guild Master Solon of Abbasid Caliphate,medieval,Abbasid Caliphate,Middle East,1115,1129,Economic,wildcard,EVT-MED-0687,0.8381,0.4544,0.3123,0.5117,0.8229,0.3757,0.6031,42,0.432,0.7441,0.6411,1.0423,1.0945,1.1466,false
CHR-MED-0688,Alchemist Saladin of Chola Dynasty,medieval,Chola Dynasty,South India,946,962,Scientific,stabilizer,EVT-MED-0688,0.7142,0.7863,0.7587,0.6905,0.5407,0.1295,0.6129,223,0.2195,0.6737,0.5286,0.827,0.8573,0.7665,false
CHR-MED-0689,Consul Heinrich of Khmer Empire,medieval,Chola Dynasty,South India,1282,1298,Political,architect,EVT-MED-0689,0.915,0.7824,0.7135,0.7061,0.7492,0.3785,0.697,75,0.3362,0.8278,0.6632,0.8601,0.8916,0.7972,false
CHR-MED-0690,Chamberlain Dara of Kingdom of France,medieval,Holy Roman Empire,Central Europe,898,915,Economic,disruptor,EVT-MED-0690,0.7525,0.5246,0.3997,0.3337,0.907,0.7693,0.921,38,0.7178,0.8199,0.7498,1.2362,1.25,1.25,false
CHR-MED-0691,Chancellor Qian of Kamakura / Muromachi Japan,medieval,Abbasid Caliphate,Middle East,1373,1412,Political,disruptor,EVT-MED-0691,0.6222,0.7542,0.4194,0.6068,0.8295,0.7091,0.8317,21,0.5511,0.706,0.7019,1.2197,1.25,1.25,false
CHR-MED-0692,Scribe Hathor of Byzantine Empire,medieval,Byzantine Empire,Eastern Mediterranean,986,1005,Cultural,stabilizer,EVT-MED-0692,0.7098,0.7972,0.9209,0.6905,0.6161,0.2432,0.6278,55,0.2763,0.677,0.5435,0.8307,0.8611,0.7699,false
CHR-MED-0693,Abbess Marshall of Kingdom of England,medieval,Byzantine Empire,Eastern Mediterranean,1432,1473,Religious,catalyst,EVT-MED-0693,0.5086,0.6864,0.5028,0.6506,0.8691,0.49,0.8535,22,0.4197,0.6466,0.6292,1.0907,1.1946,1.1426,false
CHR-MED-0694,Rhetorician Mentuhotep of Khmer Empire,medieval,Holy Roman Empire,Central Europe,739,769,Cultural,disruptor,EVT-MED-0694,0.6269,0.6435,0.344,0.5775,0.9102,0.9483,0.9324,45,0.6854,0.7491,0.7586,1.2392,1.25,1.25,true
CHR-MED-0695,Guild Master Harun of Song Dynasty,medieval,Classic Maya & Postclassic,Mesoamerica,965,984,Economic,wildcard,EVT-MED-0695,0.5774,0.3969,0.528,0.36,0.7942,0.6116,0.6449,62,0.6258,0.6044,0.5907,1.0272,1.0786,1.1299,false
CHR-MED-0696,Poet Laureate Hattusili of Tang Dynasty,medieval,Kamakura / Muromachi Japan,East Asia,1117,1130,Cultural,catalyst,EVT-MED-0696,0.5786,0.8009,0.5529,0.5717,0.7557,0.4776,0.7485,43,0.453,0.6466,0.6282,1.0904,1.1942,1.1423,false
CHR-MED-0697,Poet Laureate Kautilya of Byzantine Empire,medieval,Tang Dynasty,East Asia,908,914,Cultural,architect,EVT-MED-0697,0.6793,0.6941,0.8469,0.7071,0.7175,0.3879,0.6562,113,0.3404,0.67,0.5681,0.8368,0.8674,0.7755,false
CHR-MED-0698,Metallurgist Nizam of Kingdom of France,medieval,Mali Empire,West Africa,570,579,Scientific,catalyst,EVT-MED-0698,0.688,0.6974,0.5713,0.7764,0.7735,0.7509,0.9083,13,0.4873,0.7761,0.6956,1.1116,1.2175,1.1645,false
CHR-MED-0699,Cardinal Imhotep of Byzantine Empire,medieval,Chola Dynasty,South India,674,704,Religious,architect,EVT-MED-0699,0.9003,0.6307,0.8946,0.8209,0.6474,0.2202,0.7334,42,0.1996,0.8335,0.5793,0.8395,0.8702,0.7781,false
CHR-MED-0700,Cardinal Belisarius of Kievan Rus,medieval,Kamakura / Muromachi Japan,East Asia,953,967,Religious,stabilizer,EVT-MED-0700,0.6558,0.6789,0.7529,0.809,0.5818,0.1597,0.6629,84,0.1753,0.6586,0.5107,0.8226,0.8527,0.7624,false
CHR-MED-0701,High Priest Dara of Mongol Empire / Ilkhanate,medieval,Kievan Rus,Eastern Europe,1108,1141,Religious,architect,EVT-MED-0701,0.6575,0.6499,0.7674,0.8704,0.5785,0.2516,0.7203,118,0.1906,0.6826,0.5242,0.8259,0.8562,0.7655,false
CHR-MED-0702,Marshal Aurelius of Abbasid Caliphate,medieval,Byzantine Empire,Eastern Mediterranean,621,639,Military,stabilizer,EVT-MED-0702,0.6021,0.6378,0.8953,0.719,0.5301,0.2625,0.5187,208,0.2717,0.5688,0.4674,0.812,0.8417,0.7526,false
CHR-MED-0703,Dramatist Thutmose of Khmer Empire,medieval,Kingdom of France,Western Europe,543,576,Cultural,catalyst,EVT-MED-0703,0.5661,0.8718,0.7033,0.735,0.9464,0.5736,0.8162,37,0.4193,0.6661,0.6656,1.1022,1.2071,1.1547,false
CHR-MED-0704,Abbess Al-Mansur of Kingdom of England,medieval,Khmer Empire,Southeast Asia,1337,1344,Religious,disruptor,EVT-MED-0704,0.7139,0.8394,0.2857,0.3775,0.8807,0.8203,0.7887,39,0.7214,0.7438,0.7804,1.2467,1.25,1.25,true
CHR-MED-0705,Physician Solon of Kingdom of France,medieval,Holy Roman Empire,Central Europe,719,724,Scientific,stabilizer,EVT-MED-0705,0.8059,0.7586,0.9046,0.8728,0.5533,0.2151,0.5198,198,0.1711,0.6915,0.5244,0.826,0.8562,0.7656,false
CHR-MED-0706,Hierophant Sargon of Song Dynasty,medieval,Song Dynasty,East Asia,1365,1370,Religious,disruptor,EVT-MED-0706,0.9235,0.5607,0.2598,0.3644,0.8681,0.695,0.8258,23,0.6653,0.8844,0.7791,1.2463,1.25,1.25,true
CHR-MED-0707,Philosopher Enheduanna of Classic Maya & Postclassic,medieval,Khmer Empire,Southeast Asia,863,905,Cultural,stabilizer,EVT-MED-0707,0.815,0.6818,0.8538,0.7611,0.4922,0.1686,0.5692,175,0.2038,0.7167,0.5171,0.8242,0.8544,0.7639,false
CHR-MED-0708,Astronomer Sherman of Khmer Empire,medieval,Kingdom of France,Western Europe,1389,1418,Scientific,catalyst,EVT-MED-0708,0.6181,0.7259,0.7146,0.7241,0.9351,0.5428,0.8816,33,0.4094,0.7235,0.6597,1.1003,1.2051,1.1527,false
CHR-MED-0709,Minister Zhang of Kingdom of France,medieval,Umayyad Caliphate (Al-Andalus),Iberia / North Africa,648,673,Political,disruptor,EVT-MED-0709,0.893,0.7544,0.2259,0.5838,0.8702,0.7335,0.7462,43,0.5748,0.8343,0.7871,1.2491,1.25,1.25,true
CHR-MED-0710,Strategos Talleyrand of Kingdom of France,medieval,Song Dynasty,East Asia,566,578,Military,disruptor,EVT-MED-0710,0.855,0.5443,0.3229,0.6104,0.7263,0.8231,0.7334,6,0.6064,0.8064,0.725,1.2276,1.25,1.25,false
CHR-MED-0711,Consul Friedrich of Kingdom of France,medieval,Chola Dynasty,South India,1183,1222,Political,disruptor,EVT-MED-0711,0.8959,0.7712,0.4847,0.5933,0.7521,0.9234,0.9577,24,0.665,0.9206,0.8065,1.25,1.25,1.25,true
CHR-MED-0712,Viceroy Harun of Kamakura / Muromachi Japan,medieval,Tang Dynasty,East Asia,1459,1500,Political,catalyst,EVT-MED-0712,0.7081,0.6662,0.5782,0.6612,0.8593,0.6306,0.7273,43,0.4847,0.7158,0.6687,1.1031,1.2082,1.1557,false
CHR-MED-0713,Hierophant Rajaraja of Kingdom of France,medieval,Mali Empire,West Africa,1062,1100,Religious,stabilizer,EVT-MED-0713,0.7368,0.6822,0.8014,0.7362,0.6595,0.1599,0.4699,200,0.2118,0.6301,0.513,0.8232,0.8533,0.763,false
CHR-MED-0714,Chamberlain Lafayette of Mongol Empire / Ilkhanate,medieval,Kingdom of France,Western Europe,1163,1171,Economic,architect,EVT-MED-0714,0.7471,0.865,0.7786,0.8513,0.6923,0.2547,0.7275,57,0.2017,0.7393,0.5973,0.8439,0.8748,0.7822,false
CHR-MED-0715,Chamberlain Hammurabi of Abbasid Caliphate,medieval,Abbasid Caliphate,Middle East,1300,1316,Economic,architect,EVT-MED-0715,0.7332,0.7013,0.8033,0.7046,0.6356,0.4209,0.7774,159,0.3581,0.7509,0.598,0.8441,0.875,0.7823,false
CHR-MED-0716,Rhetorician Vikram of Kingdom of France,medieval,Holy Roman Empire,Central Europe,1161,1187,Cultural,catalyst,EVT-MED-0716,0.711,0.6952,0.6263,0.7234,0.8183,0.7373,0.7886,13,0.507,0.742,0.6849,1.1082,1.2138,1.161,false
CHR-MED-0717,Warlord Tariq of Mongol Empire / Ilkhanate,medieval,Song Dynasty,East Asia,1387,1429,Military,catalyst,EVT-MED-0717,0.7782,0.694,0.511,0.5975,0.9246,0.6817,0.8621,52,0.5421,0.8118,0.7379,1.1249,1.2321,1.1785,false
CHR-MED-0718,Polymath Tariq of Abbasid Caliphate,medieval,Kingdom of England,British Isles,1413,1427,Scientific,catalyst,EVT-MED-0718,0.798,0.817,0.6566,0.5691,0.8888,0.7562,0.9119,50,0.5936,0.8435,0.7615,1.1324,1.2402,1.1863,true
CHR-MED-0719,Geometer Hammurabi of Mali Empire,medieval,Kingdom of England,British Isles,1258,1276,Scientific,architect,EVT-MED-0719,0.8351,0.6942,0.8435,0.7074,0.6751,0.4073,0.7148,78,0.35,0.787,0.6128,0.8477,0.8788,0.7857,false
CHR-MED-0720,Strategos Eleanor of Umayyad Caliphate (Al-Andalus),medieval,Khmer Empire,Southeast Asia,1338,1381,Military,architect,EVT-MED-0720,0.6864,0.7996,0.7455,0.7478,0.5958,0.4314,0.7623,108,0.3418,0.7167,0.598,0.8441,0.875,0.7823,false
CHR-MED-0721,Astronomer Gao of Holy Roman Empire,medieval,Kingdom of England,British Isles,1297,1302,Scientific,stabilizer,EVT-MED-0721,0.7838,0.7506,0.7921,0.8702,0.4726,0.2482,0.5291,124,0.189,0.6819,0.5233,0.8257,0.8559,0.7653,false
CHR-MED-0722,Admiral Zhao of Kingdom of England,medieval,Umayyad Caliphate (Al-Andalus),Iberia / North Africa,804,824,Military,wildcard,EVT-MED-0722,0.8038,0.5391,0.5489,0.7036,0.7295,0.3232,0.7099,56,0.3098,0.7662,0.6061,1.0318,1.0834,1.135,false
CHR-MED-0723,Dramatist Nizam of Abbasid Caliphate,medieval,Kievan Rus,Eastern Europe,1346,1363,Cultural,catalyst,EVT-MED-0723,0.7093,0.919,0.6927,0.5966,0.8377,0.6948,0.9387,35,0.5491,0.8011,0.7368,1.1246,1.2317,1.1781,false
CHR-MED-0724,Cardinal Puduhepa of Mongol Empire / Ilkhanate,medieval,Kingdom of France,Western Europe,1110,1118,Religious,wildcard,EVT-MED-0724,0.4329,0.3788,0.5955,0.6638,0.5528,0.7432,0.8387,26,0.5397,0.5952,0.5425,1.0128,1.0634,1.114,false
CHR-MED-0725,General Lafayette of Kingdom of England,medieval,Kievan Rus,Eastern Europe,712,738,Military,stabilizer,EVT-MED-0725,0.7254,0.7674,0.883,0.8321,0.6863,0.3324,0.6609,102,0.2502,0.6996,0.5685,0.8368,0.8675,0.7756,false
CHR-MED-0726,Syndic Tariq of Kievan Rus,medieval,Chola Dynasty,South India,1044,1071,Economic,architect,EVT-MED-0726,0.8129,0.7989,0.721,0.916,0.7089,0.3205,0.5516,94,0.2023,0.7084,0.5923,0.8427,0.8735,0.781,false
CHR-MED-0727,Arch-Engineer Marshall of Chola Dynasty,medieval,Kievan Rus,Eastern Europe,1116,1152,Scientific,wildcard,EVT-MED-0727,0.4704,0.7947,0.3784,0.2691,0.378,0.6069,0.8728,12,0.6689,0.6314,0.6142,1.0342,1.086,1.1377,false
CHR-MED-0728,Guild Master Ashoka of Kievan Rus,medieval,Kingdom of England,British Isles,827,835,Economic,disruptor,EVT-MED-0728,0.8423,0.7839,0.3139,0.5083,0.8179,0.8963,0.8173,40,0.694,0.8323,0.8011,1.25,1.25,1.25,true
CHR-MED-0729,Senator Chandra of Khmer Empire,medieval,Classic Maya & Postclassic,Mesoamerica,784,794,Political,stabilizer,EVT-MED-0729,0.7885,0.5595,0.8716,0.7678,0.5023,0.137,0.5856,136,0.1846,0.7074,0.4892,0.8174,0.8473,0.7575,false
CHR-MED-0730,Alchemist Madison of Byzantine Empire,medieval,Mongol Empire / Ilkhanate,Eurasian Steppe,1128,1173,Scientific,architect,EVT-MED-0730,0.6993,0.6982,0.7489,0.8726,0.6667,0.1989,0.6659,84,0.1631,0.6859,0.5408,0.83,0.8604,0.7693,false
CHR-MED-0731,Physician Marshall of Kingdom of France,medieval,Tang Dynasty,East Asia,1348,1375,Scientific,architect,EVT-MED-0731,0.7371,0.8277,0.7526,0.8338,0.5815,0.2179,0.7291,83,0.1921,0.7339,0.5708,0.8374,0.868,0.7761,false
CHR-MED-0732,Synod Envoy Richelieu of Tang Dynasty,medieval,Kingdom of France,Western Europe,1088,1106,Religious,catalyst,EVT-MED-0732,0.6609,0.8753,0.697,0.5522,0.9088,0.5735,0.792,42,0.5106,0.7133,0.6904,1.11,1.2157,1.1628,false
CHR-MED-0733,Centurion Nizam of Kingdom of England,medieval,Kamakura / Muromachi Japan,East Asia,941,980,Military,wildcard,EVT-MED-0733,0.5292,0.4649,0.5521,0.7695,0.7765,0.5501,0.6398,14,0.3903,0.5734,0.5533,1.016,1.0668,1.1176,false
CHR-MED-0734,Mint Overseer Justinian of Kingdom of England,medieval,Classic Maya & Postclassic,Mesoamerica,1284,1297,Economic,architect,EVT-MED-0734,0.8281,0.6796,0.758,0.8698,0.6904,0.3209,0.6923,79,0.2255,0.7738,0.5952,0.8434,0.8743,0.7817,false
CHR-MED-0735,Pontiff Rajaraja of Kingdom of France,medieval,Kingdom of England,British Isles,1102,1136,Religious,catalyst,EVT-MED-0735,0.7002,0.8704,0.6838,0.7268,0.7644,0.748,0.8435,40,0.5106,0.7575,0.7043,1.1143,1.2205,1.1674,false
CHR-MED-0736,Marshal Solon of Chola Dynasty,medieval,Byzantine Empire,Eastern Mediterranean,765,789,Military,catalyst,EVT-MED-0736,0.5759,0.7142,0.4736,0.72,0.8426,0.5178,0.7176,48,0.3989,0.6326,0.6294,1.0908,1.1947,1.1427,false
CHR-MED-0737,Commander Qian of Tang Dynasty,medieval,Umayyad Caliphate (Al-Andalus),Iberia / North Africa,857,894,Military,catalyst,EVT-MED-0737,0.5153,0.8169,0.5792,0.6775,0.7737,0.5305,0.8097,51,0.4265,0.6331,0.6266,1.0899,1.1937,1.1418,false
CHR-MED-0738,Cardinal Saladin of Byzantine Empire,medieval,Kamakura / Muromachi Japan,East Asia,1002,1046,Religious,catalyst,EVT-MED-0738,0.6275,0.8517,0.711,0.7153,0.8506,0.7132,0.745,31,0.4989,0.6745,0.6741,1.1048,1.2101,1.1574,false
CHR-MED-0739,Minister Wilhelm of Umayyad Caliphate (Al-Andalus),medieval,Kamakura / Muromachi Japan,East Asia,667,696,Political,catalyst,EVT-MED-0739,0.7327,0.7029,0.4801,0.7647,0.9179,0.7033,0.8079,29,0.4693,0.7628,0.7167,1.1183,1.2248,1.1715,false
CHR-MED-0740,Customs Director Song of Classic Maya & Postclassic,medieval,Song Dynasty,East Asia,950,969,Economic,disruptor,EVT-MED-0740,0.9095,0.6334,0.2981,0.5374,0.9001,0.7534,0.9572,18,0.608,0.9285,0.8073,1.25,1.25,1.25,true
CHR-MED-0741,Imam Baldwin of Abbasid Caliphate,medieval,Abbasid Caliphate,Middle East,1437,1461,Religious,stabilizer,EVT-MED-0741,0.6996,0.7065,0.9329,0.8286,0.6384,0.146,0.6577,67,0.1587,0.6829,0.5125,0.8231,0.8532,0.7628,false
CHR-MED-0742,Legate Ibn-Sina of Chola Dynasty,medieval,Kingdom of England,British Isles,1001,1016,Military,disruptor,EVT-MED-0742,0.6047,0.5783,0.4142,0.5341,0.7189,0.916,0.8514,40,0.6909,0.7034,0.6927,1.2165,1.25,1.25,false
CHR-MED-0743,Scribe Samsi-Adad of Chola Dynasty,medieval,Holy Roman Empire,Central Europe,578,613,Cultural,wildcard,EVT-MED-0743,0.6769,0.6,0.6992,0.6138,0.4745,0.812,0.4842,40,0.5991,0.5998,0.5742,1.0223,1.0734,1.1245,false
CHR-MED-0744,Synod Envoy Solon of Chola Dynasty,medieval,Tang Dynasty,East Asia,1007,1018,Religious,wildcard,EVT-MED-0744,0.7417,0.7875,0.7152,0.7508,0.2425,0.1899,0.8454,51,0.2195,0.7832,0.5362,1.0108,1.0614,1.1119,false
CHR-MED-0745,Archon Madison of Khmer Empire,medieval,Kamakura / Muromachi Japan,East Asia,876,903,Political,disruptor,EVT-MED-0745,0.9484,0.8241,0.3692,0.3284,0.7506,0.8102,0.8268,14,0.7409,0.8998,0.8155,1.25,1.25,1.25,true
CHR-MED-0746,Synod Envoy Saladin of Kingdom of England,medieval,Song Dynasty,East Asia,1265,1285,Religious,disruptor,EVT-MED-0746,0.7292,0.6575,0.4598,0.5962,0.7677,0.7404,0.959,10,0.5721,0.8211,0.7252,1.2277,1.25,1.25,false
CHR-MED-0747,Synod Envoy Wu of Song Dynasty,medieval,Holy Roman Empire,Central Europe,634,679,Religious,stabilizer,EVT-MED-0747,0.6562,0.6817,0.7412,0.8722,0.5148,0.34,0.6673,82,0.2339,0.6607,0.5269,0.8266,0.8569,0.7661,false
CHR-MED-0748,Governor Al-Mansur of Tang Dynasty,medieval,Umayyad Caliphate (Al-Andalus),Iberia / North Africa,549,562,Political,stabilizer,EVT-MED-0748,0.6135,0.695,0.8672,0.8816,0.4551,0.3112,0.6222,159,0.2148,0.617,0.4851,0.8163,0.8462,0.7566,false
CHR-MED-0749,Consul Harsha of Classic Maya & Postclassic,medieval,Chola Dynasty,South India,573,618,Political,wildcard,EVT-MED-0749,0.6534,0.5705,0.5163,0.5394,0.5801,0.1895,0.8279,13,0.325,0.7232,0.5599,1.018,1.0689,1.1198,false
CHR-MED-0750,Astronomer Sargon of Kievan Rus,medieval,Holy Roman Empire,Central Europe,1036,1074,Scientific,wildcard,EVT-MED-0750,0.6898,0.5556,0.5144,0.6844,0.5062,0.5859,0.4846,11,0.4507,0.6077,0.5566,1.017,1.0678,1.1187,false
CHR-MED-0751,Synod Envoy Seneb of Mongol Empire / Ilkhanate,medieval,Kingdom of England,British Isles,877,898,Religious,stabilizer,EVT-MED-0751,0.6717,0.6309,0.8884,0.8061,0.4501,0.2221,0.4725,198,0.208,0.592,0.4551,0.809,0.8386,0.75,false
CHR-MED-0752,Master Sculptor Mursili of Kievan Rus,medieval,Kingdom of England,British Isles,1406,1419,Cultural,architect,EVT-MED-0752,0.9052,0.7697,0.773,0.7666,0.6702,0.293,0.8091,174,0.2632,0.8668,0.642,0.8549,0.8862,0.7924,false
CHR-MED-0753,Mint Overseer Madison of Abbasid Caliphate,medieval,Kamakura / Muromachi Japan,East Asia,1188,1232,Economic,catalyst,EVT-MED-0753,0.5093,0.7429,0.738,0.6669,0.7557,0.6227,0.7548,35,0.4779,0.6075,0.6016,1.082,1.1851,1.1335,false
CHR-MED-0754,Centurion Ibn-Sina of Umayyad Caliphate (Al-Andalus),medieval,Byzantine Empire,Eastern Mediterranean,787,805,Military,stabilizer,EVT-MED-0754,0.5824,0.6356,0.8553,0.7536,0.511,0.287,0.6676,210,0.2667,0.6165,0.4876,0.8169,0.8468,0.7572,false
CHR-MED-0755,Rhetorician Khaldun of Kievan Rus,medieval,Mali Empire,West Africa,610,627,Cultural,disruptor,EVT-MED-0755,0.7407,0.566,0.2944,0.361,0.8316,0.754,0.9074,41,0.6965,0.8074,0.7465,1.2351,1.25,1.25,false
CHR-MED-0756,Consul Samsi-Adad of Kingdom of England,medieval,Kievan Rus,Eastern Europe,725,770,Political,wildcard,EVT-MED-0756,0.4682,0.507,0.3824,0.7861,0.2131,0.7238,0.8507,66,0.4688,0.6212,0.5337,1.0101,1.0606,1.1111,false
CHR-MED-0757,Governor Otto of Abbasid Caliphate,medieval,Byzantine Empire,Eastern Mediterranean,668,711,Political,catalyst,EVT-MED-0757,0.7764,0.6657,0.6224,0.6224,0.8164,0.7682,0.913,57,0.5729,0.831,0.7252,1.1209,1.2277,1.1743,false
CHR-MED-0758,Physician Tiglath of Mali Empire,medieval,Abbasid Caliphate,Middle East,1240,1282,Scientific,catalyst,EVT-MED-0758,0.5869,0.847,0.6435,0.6519,0.8134,0.7083,0.8184,42,0.5282,0.6795,0.6778,1.106,1.2114,1.1587,false
CHR-MED-0759,Admiral Enheduanna of Tang Dynasty,medieval,Song Dynasty,East Asia,1358,1374,Military,wildcard,EVT-MED-0759,0.5984,0.6848,0.3338,0.2685,0.8283,0.7472,0.6355,17,0.7393,0.6133,0.6872,1.0561,1.109,1.1618,false
CHR-MED-0760,Warlord Madison of Tang Dynasty,medieval,Classic Maya & Postclassic,Mesoamerica,829,862,Military,architect,EVT-MED-0760,0.9029,0.6879,0.8994,0.7194,0.6959,0.2572,0.653,160,0.2689,0.803,0.5939,0.8431,0.8739,0.7814,false
CHR-MED-0761,Alchemist Theodosius of Kamakura / Muromachi Japan,medieval,Kievan Rus,Eastern Europe,1153,1183,Scientific,architect,EVT-MED-0761,0.8019,0.6716,0.8342,0.8534,0.5366,0.3464,0.6603,97,0.2465,0.7453,0.5566,0.8339,0.8644,0.7729,false
CHR-MED-0762,Physician Harsha of Kingdom of France,medieval,Umayyad Caliphate (Al-Andalus),Iberia / North Africa,1391,1430,Scientific,architect,EVT-MED-0762,0.7126,0.6861,0.8464,0.7896,0.5072,0.1892,0.5957,172,0.1998,0.6659,0.5008,0.8202,0.8502,0.7602,false
CHR-MED-0763,Guild Master Ibn-Sina of Byzantine Empire,medieval,Abbasid Caliphate,Middle East,943,953,Economic,stabilizer,EVT-MED-0763,0.7151,0.6911,0.8679,0.7636,0.6253,0.2125,0.5482,235,0.2244,0.6484,0.5154,0.8238,0.8539,0.7635,false
CHR-MED-0764,Centurion Tariq of Byzantine Empire,medieval,Kamakura / Muromachi Japan,East Asia,1331,1365,Military,catalyst,EVT-MED-0764,0.7673,0.7758,0.7313,0.5583,0.7979,0.5614,0.7991,36,0.5015,0.78,0.6809,1.107,1.2124,1.1597,false
CHR-MED-0765,Mint Overseer Hathor of Kingdom of France,medieval,Tang Dynasty,East Asia,1083,1125,Economic,architect,EVT-MED-0765,0.9005,0.8407,0.8641,0.836,0.5828,0.2283,0.7165,76,0.1962,0.8269,0.6022,0.8451,0.8761,0.7833,false
CHR-MED-0766,Philosopher Puduhepa of Tang Dynasty,medieval,Chola Dynasty,South India,1469,1499,Cultural,architect,EVT-MED-0766,0.6511,0.6172,0.737,0.8653,0.6175,0.2449,0.7178,122,0.1898,0.6778,0.5254,0.8263,0.8565,0.7658,false
CHR-MED-0767,Commander Richelieu of Khmer Empire,medieval,Mongol Empire / Ilkhanate,Eurasian Steppe,1383,1426,Military,wildcard,EVT-MED-0767,0.4699,0.8104,0.4586,0.2052,0.4339,0.6272,0.6031,41,0.711,0.5232,0.5825,1.0248,1.076,1.1272,false
CHR-MED-0768,Commander Qian of Abbasid Caliphate,medieval,Abbasid Caliphate,Middle East,1102,1136,Military,catalyst,EVT-MED-0768,0.683,0.8879,0.4928,0.6582,0.9223,0.6837,0.7619,48,0.5127,0.7146,0.7269,1.1215,1.2283,1.1749,false
CHR-MED-0769,Customs Director Sherman of Abbasid Caliphate,medieval,Umayyad Caliphate (Al-Andalus),Iberia / North Africa,1117,1124,Economic,wildcard,EVT-MED-0769,0.4052,0.3715,0.587,0.3733,0.3093,0.4373,0.6936,72,0.532,0.5206,0.4457,0.9837,1.0329,1.0821,false
CHR-MED-0770,Chancellor Theodosius of Khmer Empire,medieval,Mali Empire,West Africa,961,967,Political,wildcard,EVT-MED-0770,0.876,0.4636,0.5776,0.3501,0.3011,0.313,0.7689,52,0.4815,0.8332,0.5707,1.0212,1.0723,1.1233,false
CHR-MED-0771,Treasurer Leonidas of Chola Dynasty,medieval,Tang Dynasty,East Asia,993,999,Economic,disruptor,EVT-MED-0771,0.947,0.5129,0.2656,0.4311,0.9057,0.8392,0.9124,26,0.704,0.9332,0.8142,1.25,1.25,1.25,true
CHR-MED-0772,Synod Envoy Friedrich of Khmer Empire,medieval,Kamakura / Muromachi Japan,East Asia,1235,1261,Religious,architect,EVT-MED-0772,0.6865,0.8573,0.8553,0.7637,0.6441,0.2704,0.666,139,0.2533,0.6783,0.5636,0.8356,0.8662,0.7745,false
CHR-MED-0773,Centurion Ramesses of Byzantine Empire,medieval,Abbasid Caliphate,Middle East,1177,1202,Military,architect,EVT-MED-0773,0.6804,0.664,0.7621,0.7377,0.571,0.281,0.7242,53,0.2717,0.6979,0.543,0.8306,0.861,0.7698,false
CHR-MED-0774,Strategos Mursili of Mali Empire,medieval,Classic Maya & Postclassic,Mesoamerica,589,595,Military,disruptor,EVT-MED-0774,0.8416,0.6015,0.4964,0.6261,0.7127,0.6913,0.8774,26,0.5326,0.8559,0.7119,1.2231,1.25,1.25,false
CHR-MED-0775,Guild Master Otto of Byzantine Empire,medieval,Classic Maya & Postclassic,Mesoamerica,1298,1342,Economic,architect,EVT-MED-0775,0.9152,0.7288,0.7605,0.9093,0.5614,0.2981,0.7298,128,0.1944,0.8411,0.605,0.8458,0.8768,0.7839,false
CHR-MED-0776,Alchemist Hamilton of Classic Maya & Postclassic,medieval,Tang Dynasty,East Asia,1093,1110,Scientific,wildcard,EVT-MED-0776,0.7823,0.4451,0.3509,0.5863,0.6462,0.5496,0.7453,66,0.4816,0.7675,0.6391,1.0417,1.0938,1.1459,false
CHR-MED-0777,Warlord Narmer of Mali Empire,medieval,Song Dynasty,East Asia,1429,1470,Military,catalyst,EVT-MED-0777,0.7516,0.6741,0.4556,0.7748,0.7905,0.5842,0.7878,55,0.4047,0.7661,0.6791,1.1064,1.2118,1.1591,false
CHR-MED-0778,Cardinal Harsha of Holy Roman Empire,medieval,Classic Maya & Postclassic,Mesoamerica,1321,1364,Religious,disruptor,EVT-MED-0778,0.6291,0.8448,0.5072,0.3393,0.7431,0.7491,0.9031,25,0.7049,0.7387,0.7256,1.2278,1.25,1.25,false
CHR-MED-0779,Polymath Rimush of Kingdom of England,medieval,Kievan Rus,Eastern Europe,1107,1135,Scientific,catalyst,EVT-MED-0779,0.5925,0.9169,0.7109,0.7086,0.9338,0.6391,0.7479,21,0.4652,0.6547,0.6773,1.1058,1.2112,1.1585,false
CHR-MED-0780,Warlord Samsi-Adad of Kingdom of England,medieval,Holy Roman Empire,Central Europe,1276,1299,Military,catalyst,EVT-MED-0780,0.8038,0.7999,0.5824,0.7644,0.7401,0.7569,0.7128,56,0.4962,0.7674,0.7059,1.1149,1.2211,1.168,false
CHR-MED-0781,Customs Director Vikram of Kingdom of England,medieval,Mali Empire,West Africa,1299,1313,Economic,catalyst,EVT-MED-0781,0.7666,0.7979,0.4984,0.7039,0.7963,0.4507,0.8379,27,0.3734,0.7951,0.689,1.1095,1.2152,1.1624,false
CHR-MED-0782,Admiral Colbert of Mongol Empire / Ilkhanate,medieval,Holy Roman Empire,Central Europe,1412,1425,Military,architect,EVT-MED-0782,0.7161,0.6834,0.707,0.7367,0.7347,0.2981,0.7382,95,0.2807,0.725,0.5896,0.8421,0.8729,0.7804,false
CHR-MED-0783,Scribe Belisarius of Kingdom of France,medieval,Mali Empire,West Africa,1450,1492,Cultural,disruptor,EVT-MED-0783,0.7185,0.7346,0.4682,0.5306,0.846,0.8383,0.9245,22,0.6539,0.8009,0.7578,1.2389,1.25,1.25,true
CHR-MED-0784,Customs Director Solon of Abbasid Caliphate,medieval,Holy Roman Empire,Central Europe,656,683,Economic,architect,EVT-MED-0784,0.7659,0.6349,0.6912,0.877,0.6848,0.181,0.7608,129,0.152,0.7638,0.5677,0.8367,0.8673,0.7754,false
CHR-MED-0785,General Wu of Khmer Empire,medieval,Kingdom of England,British Isles,1448,1480,Military,catalyst,EVT-MED-0785,0.5975,0.8598,0.6145,0.6555,0.8545,0.4651,0.7831,58,0.4048,0.6717,0.6495,1.0971,1.2016,1.1493,false
CHR-MED-0786,Centurion Sargon of Song Dynasty,medieval,Classic Maya & Postclassic,Mesoamerica,1339,1370,Military,catalyst,EVT-MED-0786,0.6727,0.7752,0.7425,0.5563,0.8616,0.567,0.783,37,0.5053,0.7168,0.6641,1.1017,1.2066,1.1542,false
CHR-MED-0787,Scribe Kheti of Kingdom of England,medieval,Tang Dynasty,East Asia,644,662,Cultural,wildcard,EVT-MED-0787,0.8038,0.7515,0.5359,0.2804,0.24,0.597,0.5621,65,0.6583,0.7071,0.6059,1.0318,1.0834,1.135,false
CHR-MED-0788,Cardinal Li of Umayyad Caliphate (Al-Andalus),medieval,Tang Dynasty,East Asia,1309,1336,Religious,catalyst,EVT-MED-0788,0.5616,0.7197,0.5543,0.5867,0.8571,0.7834,0.7926,29,0.5983,0.654,0.6786,1.1062,1.2116,1.1589,false
CHR-MED-0789,High Priest Adams of Abbasid Caliphate,medieval,Khmer Empire,Southeast Asia,809,841,Religious,catalyst,EVT-MED-0789,0.6609,0.7039,0.5031,0.7357,0.8511,0.6497,0.7015,37,0.457,0.6771,0.6641,1.1017,1.2066,1.1541,false
CHR-MED-0790,Geometer Sargon of Kingdom of England,medieval,Chola Dynasty,South India,835,849,Scientific,wildcard,EVT-MED-0790,0.6909,0.8338,0.3453,0.5988,0.409,0.2532,0.8236,67,0.3272,0.744,0.6062,1.0319,1.0835,1.135,false
CHR-MED-0791,Philosopher Naram-Sin of Holy Roman Empire,medieval,Classic Maya & Postclassic,Mesoamerica,1199,1219,Cultural,architect,EVT-MED-0791,0.8182,0.8616,0.8796,0.8681,0.638,0.3854,0.7028,106,0.2587,0.772,0.6114,0.8474,0.8784,0.7854,false
CHR-MED-0792,Astronomer Richelieu of Byzantine Empire,medieval,Mali Empire,West Africa,630,656,Scientific,architect,EVT-MED-0792,0.7794,0.7587,0.8487,0.7324,0.5949,0.443,0.7202,80,0.3553,0.7557,0.6009,0.8448,0.8757,0.783,false
CHR-MED-0793,Chancellor Sherman of Chola Dynasty,medieval,Kievan Rus,Eastern Europe,534,578,Political,catalyst,EVT-MED-0793,0.8133,0.7821,0.5382,0.6484,0.7297,0.7641,0.7312,12,0.5578,0.7805,0.7182,1.1187,1.2253,1.172,false
CHR-MED-0794,Legate Marshall of Byzantine Empire,medieval,Holy Roman Empire,Central Europe,869,883,Military,wildcard,EVT-MED-0794,0.5178,0.6228,0.2906,0.4116,0.2154,0.3268,0.6943,18,0.4576,0.5884,0.5087,1.0026,1.0527,1.1029,false
CHR-MED-0795,Marshal Imhotep of Abbasid Caliphate,medieval,Khmer Empire,Southeast Asia,939,979,Military,stabilizer,EVT-MED-0795,0.8395,0.7656,0.8304,0.7603,0.5143,0.2197,0.6177,121,0.2297,0.7508,0.5564,0.8339,0.8644,0.7729,false
CHR-MED-0796,Synod Envoy Suppiluliuma of Byzantine Empire,medieval,Khmer Empire,Southeast Asia,1187,1229,Religious,catalyst,EVT-MED-0796,0.7492,0.8958,0.7478,0.5884,0.8534,0.6493,0.8267,30,0.5304,0.7802,0.7169,1.1183,1.2248,1.1716,false
CHR-MED-0797,Abbess Necker of Khmer Empire,medieval,Mali Empire,West Africa,1038,1060,Religious,architect,EVT-MED-0797,0.7946,0.759,0.7673,0.7619,0.5018,0.3386,0.6964,123,0.2884,0.7553,0.5782,0.8392,0.8699,0.7778,false
CHR-MED-0798,Philosopher Harun of Kingdom of England,medieval,Tang Dynasty,East Asia,682,692,Cultural,catalyst,EVT-MED-0798,0.6968,0.6993,0.4532,0.6917,0.7291,0.5465,0.7498,20,0.4274,0.718,0.653,1.0982,1.2028,1.1505,false
CHR-MED-0799,Rhetorician Tariq of Umayyad Caliphate (Al-Andalus),medieval,Byzantine Empire,Eastern Mediterranean,892,933,Cultural,catalyst,EVT-MED-0799,0.5796,0.8214,0.6148,0.5555,0.9465,0.5706,0.7982,56,0.5075,0.6671,0.6762,1.1055,1.2108,1.1581,false
CHR-MED-0800,Syndic Kheti of Abbasid Caliphate,medieval,Kamakura / Muromachi Japan,East Asia,868,885,Economic,stabilizer,EVT-MED-0800,0.804,0.6499,0.9312,0.8709,0.5155,0.2326,0.4954,96,0.1808,0.6806,0.4983,0.8196,0.8496,0.7596,false
CHR-MED-0801,Guild Master Mentuhotep of Holy Roman Empire,medieval,Mali Empire,West Africa,1007,1025,Economic,disruptor,EVT-MED-0801,0.6784,0.713,0.2744,0.5115,0.8793,0.7863,0.7963,43,0.6374,0.7256,0.7428,1.2338,1.25,1.25,false
CHR-MED-0802,Viceroy Otto of Kamakura / Muromachi Japan,medieval,Classic Maya & Postclassic,Mesoamerica,750,785,Political,stabilizer,EVT-MED-0802,0.6029,0.5785,0.7672,0.7304,0.684,0.1414,0.5659,208,0.2055,0.5881,0.483,0.8158,0.8457,0.7561,false
CHR-MED-0803,Mint Overseer Nizam of Song Dynasty,medieval,Chola Dynasty,South India,1350,1385,Economic,disruptor,EVT-MED-0803,0.6571,0.6924,0.3351,0.3458,0.8389,0.7798,0.7587,31,0.717,0.6977,0.7239,1.2273,1.25,1.25,false
CHR-MED-0804,Vizier Madison of Mali Empire,medieval,Song Dynasty,East Asia,764,793,Political,wildcard,EVT-MED-0804,0.7108,0.5472,0.6616,0.2896,0.5755,0.6646,0.6908,24,0.6875,0.7028,0.6188,1.0356,1.0874,1.1392,false
CHR-MED-0805,Syndic Mirabeau of Kingdom of France,medieval,Khmer Empire,Southeast Asia,1348,1355,Economic,catalyst,EVT-MED-0805,0.6107,0.6593,0.6893,0.7308,0.8765,0.6463,0.888,35,0.4577,0.7216,0.6577,1.0997,1.2044,1.152,false
CHR-MED-0806,Scribe Sargon of Mongol Empire / Ilkhanate,medieval,Classic Maya & Postclassic,Mesoamerica,807,812,Cultural,catalyst,EVT-MED-0806,0.5828,0.8728,0.6466,0.5998,0.8422,0.7406,0.9112,37,0.5704,0.7142,0.7061,1.1149,1.2211,1.168,false
CHR-MED-0807,Chronicler Chen of Kievan Rus,medieval,Song Dynasty,East Asia,877,883,Cultural,architect,EVT-MED-0807,0.8203,0.6433,0.8432,0.7251,0.5279,0.4193,0.8155,76,0.3471,0.8184,0.5954,0.8435,0.8743,0.7818,false
CHR-MED-0808,Philosopher Harsha of Chola Dynasty,medieval,Khmer Empire,Southeast Asia,1225,1268,Cultural,stabilizer,EVT-MED-0808,0.6863,0.6764,0.7433,0.7154,0.6923,0.2483,0.4037,198,0.2664,0.5733,0.5146,0.8236,0.8537,0.7633,false
CHR-MED-0809,Synod Envoy Dara of Khmer Empire,medieval,Byzantine Empire,Eastern Mediterranean,1242,1261,Religious,disruptor,EVT-MED-0809,0.7587,0.6813,0.3088,0.5217,0.8625,0.7164,0.8431,22,0.5973,0.7924,0.7482,1.2356,1.25,1.25,false
CHR-MED-0810,Synod Envoy Solon of Chola Dynasty,medieval,Kingdom of France,Western Europe,836,851,Religious,disruptor,EVT-MED-0810,0.6005,0.518,0.3255,0.6013,0.923,0.909,0.8301,38,0.6538,0.6924,0.7145,1.224,1.25,1.25,false
CHR-MED-0811,Strategos Narmer of Mali Empire,medieval,Mongol Empire / Ilkhanate,Eurasian Steppe,1240,1268,Military,architect,EVT-MED-0811,0.8737,0.6694,0.7638,0.9131,0.7789,0.2189,0.5706,60,0.1529,0.7524,0.5821,0.8402,0.8709,0.7787,false
CHR-MED-0812,Vizier Mursili of Abbasid Caliphate,medieval,Tang Dynasty,East Asia,878,911,Political,architect,EVT-MED-0812,0.8216,0.7662,0.7689,0.7665,0.536,0.3037,0.7251,94,0.2686,0.783,0.5898,0.8421,0.8729,0.7805,false
CHR-MED-0813,Poet Laureate Otto of Mali Empire,medieval,Song Dynasty,East Asia,1100,1110,Cultural,disruptor,EVT-MED-0813,0.7218,0.8439,0.3139,0.3257,0.8578,0.9495,0.7996,42,0.8119,0.7529,0.8004,1.25,1.25,1.25,true
CHR-MED-0814,Marshal Chen of Mongol Empire / Ilkhanate,medieval,Tang Dynasty,East Asia,1065,1108,Military,disruptor,EVT-MED-0814,0.7495,0.7724,0.4353,0.5383,0.7839,0.8955,0.9519,19,0.6786,0.8304,0.7775,1.2457,1.25,1.25,true
CHR-MED-0815,Imam Colbert of Khmer Empire,medieval,Kievan Rus,Eastern Europe,512,533,Religious,architect,EVT-MED-0815,0.6993,0.8455,0.7814,0.8604,0.7452,0.4214,0.7903,124,0.2805,0.7357,0.624,0.8505,0.8816,0.7883,false
CHR-MED-0816,Physician Puduhepa of Khmer Empire,medieval,Classic Maya & Postclassic,Mesoamerica,568,594,Scientific,catalyst,EVT-MED-0816,0.5275,0.8574,0.6546,0.6012,0.9496,0.5154,0.88,20,0.4571,0.6685,0.6667,1.1025,1.2075,1.155,false
CHR-MED-0817,Cardinal Mursili of Mongol Empire / Ilkhanate,medieval,Kamakura / Muromachi Japan,East Asia,598,627,Religious,stabilizer,EVT-MED-0817,0.602,0.7001,0.8505,0.7276,0.6697,0.2824,0.4882,109,0.2774,0.5565,0.5001,0.82,0.85,0.76,false
CHR-MED-0818,Rhetorician Harun of Kievan Rus,medieval,Mali Empire,West Africa,981,1020,Cultural,disruptor,EVT-MED-0818,0.9149,0.5843,0.2781,0.4579,0.8075,0.8214,0.7896,16,0.6818,0.8648,0.7784,1.2461,1.25,1.25,true
CHR-MED-0819,Warlord Madison of Holy Roman Empire,medieval,Abbasid Caliphate,Middle East,955,995,Military,wildcard,EVT-MED-0819,0.5853,0.5197,0.3625,0.6391,0.6014,0.2027,0.4623,15,0.2818,0.5361,0.496,0.9988,1.0488,1.0987,false
CHR-MED-0820,Master Sculptor Heinrich of Mongol Empire / Ilkhanate,medieval,Umayyad Caliphate (Al-Andalus),Iberia / North Africa,1385,1401,Cultural,architect,EVT-MED-0820,0.8483,0.7092,0.7073,0.8806,0.716,0.3813,0.7741,47,0.2503,0.8186,0.6344,0.8531,0.8843,0.7906,false
CHR-MED-0821,Syndic Khaldun of Tang Dynasty,medieval,Abbasid Caliphate,Middle East,640,653,Economic,catalyst,EVT-MED-0821,0.8057,0.8646,0.4645,0.7041,0.9264,0.5928,0.8893,41,0.4444,0.8391,0.7607,1.1321,1.24,1.186,true
CHR-MED-0822,Polymath Vikram of Kingdom of France,medieval,Umayyad Caliphate (Al-Andalus),Iberia / North Africa,1307,1352,Scientific,catalyst,EVT-MED-0822,0.5108,0.8997,0.6684,0.5836,0.9482,0.5369,0.8362,54,0.4767,0.641,0.6648,1.1019,1.2069,1.1544,false
CHR-MED-0823,Legate Mentuhotep of Umayyad Caliphate (Al-Andalus),medieval,Kievan Rus,Eastern Europe,1132,1159,Military,catalyst,EVT-MED-0823,0.602,0.6996,0.6549,0.6798,0.801,0.7566,0.8753,43,0.5384,0.7113,0.6709,1.1038,1.209,1.1564,false
CHR-MED-0824,Astronomer Narmer of Classic Maya & Postclassic,medieval,Holy Roman Empire,Central Europe,723,732,Scientific,architect,EVT-MED-0824,0.8714,0.6195,0.7162,0.7545,0.7491,0.2839,0.726,144,0.2647,0.8133,0.6153,0.8484,0.8794,0.7863,false
CHR-MED-0825,Customs Director Rimush of Song Dynasty,medieval,Kingdom of England,British Isles,1394,1425,Economic,disruptor,EVT-MED-0825,0.7826,0.5835,0.5099,0.3498,0.8107,0.7751,0.7985,31,0.7127,0.789,0.7223,1.2267,1.25,1.25,false
CHR-MED-0826,Commander Sun of Holy Roman Empire,medieval,Holy Roman Empire,Central Europe,1038,1067,Military,disruptor,EVT-MED-0826,0.8428,0.6978,0.2789,0.3598,0.7224,0.7176,0.7648,34,0.6789,0.8116,0.7502,1.2363,1.25,1.25,true
CHR-MED-0827,Chronicler Vikram of Mongol Empire / Ilkhanate,medieval,Song Dynasty,East Asia,840,854,Cultural,disruptor,EVT-MED-0827,0.6714,0.5726,0.3021,0.3408,0.8148,0.8703,0.9379,14,0.7648,0.778,0.7499,1.2362,1.25,1.25,false
CHR-MED-0828,Cardinal Telepinu of Kievan Rus,medieval,Kingdom of England,British Isles,1151,1171,Religious,disruptor,EVT-MED-0828,0.8914,0.7336,0.3563,0.6174,0.7113,0.8317,0.7747,36,0.6072,0.8447,0.764,1.2411,1.25,1.25,true
CHR-MED-0829,Metallurgist Valdemar of Classic Maya & Postclassic,medieval,Abbasid Caliphate,Middle East,1301,1341,Scientific,stabilizer,EVT-MED-0829,0.7373,0.7636,0.9072,0.7766,0.5797,0.1883,0.6116,149,0.2059,0.687,0.5263,0.8265,0.8567,0.766,false
CHR-MED-0830,Cardinal Ibn-Sina of Abbasid Caliphate,medieval,Holy Roman Empire,Central Europe,1389,1402,Religious,disruptor,EVT-MED-0830,0.9476,0.5517,0.235,0.6057,0.7098,0.6883,0.9084,26,0.5413,0.932,0.7618,1.2403,1.25,1.25,true
CHR-MED-0831,Syndic Madison of Kingdom of England,medieval,Kingdom of England,British Isles,1110,1116,Economic,stabilizer,EVT-MED-0831,0.7023,0.6646,0.8046,0.7494,0.5921,0.1981,0.4299,70,0.2244,0.5933,0.4903,0.8176,0.8475,0.7578,false
CHR-MED-0832,Physician Al-Mansur of Holy Roman Empire,medieval,Mongol Empire / Ilkhanate,Eurasian Steppe,556,591,Scientific,stabilizer,EVT-MED-0832,0.7178,0.6233,0.7266,0.7749,0.4953,0.1566,0.6299,218,0.1908,0.6826,0.5038,0.8209,0.851,0.7609,false
CHR-MED-0833,Geometer Chandra of Classic Maya & Postclassic,medieval,Tang Dynasty,East Asia,1020,1028,Scientific,architect,EVT-MED-0833,0.701,0.8282,0.7774,0.9043,0.6067,0.4126,0.5905,172,0.2542,0.6568,0.568,0.8367,0.8673,0.7755,false
CHR-MED-0834,Chronicler Tiglath of Kamakura / Muromachi Japan,medieval,Abbasid Caliphate,Middle East,862,890,Cultural,architect,EVT-MED-0834,0.7302,0.854,0.8727,0.7343,0.6146,0.4047,0.6177,72,0.3352,0.6852,0.5822,0.8402,0.871,0.7787,false
CHR-MED-0835,Chancellor Suppiluliuma of Mali Empire,medieval,Kingdom of England,British Isles,1244,1259,Political,catalyst,EVT-MED-0835,0.7376,0.7134,0.5255,0.7013,0.8487,0.6702,0.7066,19,0.4845,0.7252,0.6876,1.1091,1.2147,1.1619,false
CHR-MED-0836,Marshal Kautilya of Holy Roman Empire,medieval,Kingdom of England,British Isles,1016,1025,Military,stabilizer,EVT-MED-0836,0.8078,0.627,0.9343,0.8423,0.5724,0.1306,0.6642,130,0.1442,0.7504,0.5155,0.8238,0.854,0.7635,false
CHR-MED-0837,Astronomer Dara of Chola Dynasty,medieval,Umayyad Caliphate (Al-Andalus),Iberia / North Africa,1457,1490,Scientific,stabilizer,EVT-MED-0837,0.7537,0.6859,0.883,0.6846,0.5835,0.16,0.6337,139,0.2377,0.7057,0.5254,0.8262,0.8565,0.7658,false
CHR-MED-0838,Treasurer Baldwin of Khmer Empire,medieval,Classic Maya & Postclassic,Mesoamerica,1164,1197,Economic,architect,EVT-MED-0838,0.7092,0.6922,0.7583,0.7034,0.5047,0.3054,0.7447,98,0.301,0.7234,0.5534,0.8331,0.8636,0.7722,false
CHR-MED-0839,Vizier Sherman of Classic Maya & Postclassic,medieval,Kingdom of France,Western Europe,794,817,Political,catalyst,EVT-MED-0839,0.8198,0.6727,0.6128,0.7058,0.8495,0.7274,0.8488,13,0.5108,0.8314,0.7231,1.1203,1.227,1.1736,false
CHR-MED-0840,Viceroy Colbert of Classic Maya & Postclassic,medieval,Kingdom of England,British Isles,909,936,Political,catalyst,EVT-MED-0840,0.5228,0.7368,0.6766,0.7729,0.815,0.6311,0.7861,53,0.4291,0.6281,0.6197,1.0877,1.1913,1.1395,false
CHR-MED-0841,Commander Vikram of Kingdom of England,medieval,Byzantine Empire,Eastern Mediterranean,807,829,Military,stabilizer,EVT-MED-0841,0.7141,0.7282,0.9384,0.774,0.6332,0.2459,0.5079,78,0.236,0.6316,0.5133,0.8233,0.8534,0.763,false
CHR-MED-0842,Poet Laureate Labarna of Abbasid Caliphate,medieval,Byzantine Empire,Eastern Mediterranean,1291,1329,Cultural,architect,EVT-MED-0842,0.8185,0.6418,0.814,0.8582,0.7601,0.2881,0.7077,103,0.215,0.7742,0.59,0.8421,0.8729,0.7805,false
CHR-MED-0843,General Harun of Umayyad Caliphate (Al-Andalus),medieval,Kievan Rus,Eastern Europe,541,564,Military,stabilizer,EVT-MED-0843,0.688,0.751,0.7484,0.7264,0.6896,0.1815,0.4238,215,0.2276,0.5823,0.5177,0.8244,0.8545,0.764,false
CHR-MED-0844,Master Sculptor Cao of Khmer Empire,medieval,Byzantine Empire,Eastern Mediterranean,834,859,Cultural,catalyst,EVT-MED-0844,0.7183,0.7025,0.4674,0.671,0.868,0.4761,0.7189,47,0.4026,0.7185,0.6641,1.1017,1.2066,1.1542,false
CHR-MED-0845,Poet Laureate Mazarin of Tang Dynasty,medieval,Chola Dynasty,South India,1455,1469,Cultural,wildcard,EVT-MED-0845,0.6758,0.4729,0.5667,0.2658,0.8385,0.5322,0.7135,23,0.6332,0.6909,0.6326,1.0398,1.0918,1.1437,false
CHR-MED-0846,Rhetorician Kheti of Tang Dynasty,medieval,Classic Maya & Postclassic,Mesoamerica,1471,1496,Cultural,wildcard,EVT-MED-0846,0.7131,0.5264,0.7169,0.6747,0.501,0.3364,0.6385,17,0.3309,0.6832,0.5232,1.007,1.0573,1.1077,false
CHR-MED-0847,Hierophant Sun of Tang Dynasty,medieval,Mali Empire,West Africa,529,548,Religious,stabilizer,EVT-MED-0847,0.6804,0.6607,0.7494,0.756,0.5439,0.2908,0.6442,46,0.2674,0.6659,0.5283,0.827,0.8572,0.7665,false
CHR-MED-0848,Master Sculptor Talleyrand of Kievan Rus,medieval,Chola Dynasty,South India,649,677,Cultural,catalyst,EVT-MED-0848,0.6331,0.66,0.695,0.5631,0.7484,0.6138,0.7879,60,0.5254,0.695,0.6321,1.0916,1.1956,1.1436,false
CHR-MED-0849,Chamberlain Suppiluliuma of Tang Dynasty,medieval,Kingdom of England,British Isles,1103,1119,Economic,disruptor,EVT-MED-0849,0.9008,0.6102,0.3901,0.4126,0.8343,0.9448,0.8724,14,0.7661,0.8894,0.8048,1.25,1.25,1.25,true
CHR-MED-0850,Geometer Wu of Umayyad Caliphate (Al-Andalus),medieval,Kievan Rus,Eastern Europe,1193,1216,Scientific,wildcard,EVT-MED-0850,0.6946,0.4375,0.7036,0.2034,0.3215,0.8065,0.5439,43,0.8015,0.6343,0.5595,1.0179,1.0688,1.1196,false
CHR-MED-0851,Alchemist Necker of Khmer Empire,medieval,Mali Empire,West Africa,1048,1070,Scientific,architect,EVT-MED-0851,0.8096,0.6834,0.8841,0.7919,0.6944,0.2224,0.7342,48,0.2152,0.7794,0.5746,0.8383,0.869,0.777,false
CHR-MED-0852,Admiral Samsi-Adad of Mali Empire,medieval,Chola Dynasty,South India,1444,1476,Military,catalyst,EVT-MED-0852,0.5838,0.7067,0.5148,0.6561,0.7304,0.6947,0.8763,51,0.5193,0.7008,0.6629,1.1013,1.2062,1.1538,false
CHR-MED-0853,Geometer Hammurabi of Abbasid Caliphate,medieval,Byzantine Empire,Eastern Mediterranean,656,663,Scientific,catalyst,EVT-MED-0853,0.731,0.7427,0.6565,0.6423,0.9276,0.7725,0.8762,46,0.5651,0.7891,0.7328,1.1233,1.2303,1.1768,false
CHR-MED-0854,Merchant Prince Telepinu of Tang Dynasty,medieval,Tang Dynasty,East Asia,1178,1211,Economic,architect,EVT-MED-0854,0.6845,0.6283,0.7575,0.7853,0.7569,0.3261,0.5916,171,0.2704,0.6473,0.5515,0.8327,0.8631,0.7718,false
CHR-MED-0855,Master Sculptor Puduhepa of Abbasid Caliphate,medieval,Kievan Rus,Eastern Europe,663,680,Cultural,architect,EVT-MED-0855,0.9159,0.857,0.7094,0.7034,0.5125,0.3685,0.6755,31,0.3326,0.8197,0.6349,0.8532,0.8844,0.7908,false
CHR-MED-0856,Geometer Kautilya of Holy Roman Empire,medieval,Umayyad Caliphate (Al-Andalus),Iberia / North Africa,614,655,Scientific,stabilizer,EVT-MED-0856,0.7039,0.6308,0.8719,0.8756,0.6629,0.1243,0.6649,159,0.1243,0.6883,0.5074,0.8218,0.8519,0.7617,false
CHR-MED-0857,Strategos Seneb of Holy Roman Empire,medieval,Khmer Empire,Southeast Asia,1268,1282,Military,stabilizer,EVT-MED-0857,0.7665,0.551,0.7693,0.7206,0.6582,0.2753,0.54,191,0.2774,0.6759,0.5323,0.828,0.8582,0.7674,false
CHR-MED-0858,Treasurer Valdemar of Classic Maya & Postclassic,medieval,Mali Empire,West Africa,1408,1433,Economic,architect,EVT-MED-0858,0.6786,0.8426,0.7445,0.7464,0.7024,0.302,0.6752,154,0.2778,0.6772,0.5862,0.8412,0.872,0.7797,false
CHR-MED-0859,Philosopher Thutmose of Mongol Empire / Ilkhanate,medieval,Classic Maya & Postclassic,Mesoamerica,1142,1178,Cultural,disruptor,EVT-MED-0859,0.8553,0.5349,0.3996,0.6415,0.9017,0.8916,0.8209,41,0.625,0.8415,0.7642,1.2411,1.25,1.25,true
CHR-MED-0860,Chamberlain Enheduanna of Song Dynasty,medieval,Mali Empire,West Africa,729,760,Economic,disruptor,EVT-MED-0860,0.7739,0.583,0.496,0.5639,0.7587,0.9282,0.7232,7,0.6821,0.7536,0.7146,1.2241,1.25,1.25,false
CHR-MED-0861,Scribe Otto of Kievan Rus,medieval,Song Dynasty,East Asia,1378,1413,Cultural,wildcard,EVT-MED-0861,0.684,0.4596,0.5694,0.5548,0.4168,0.7154,0.7789,45,0.5803,0.7219,0.5919,1.0276,1.079,1.1303,false
CHR-MED-0862,Philosopher Averroes of Khmer Empire,medieval,Byzantine Empire,Eastern Mediterranean,1125,1144,Cultural,catalyst,EVT-MED-0862,0.7042,0.7733,0.4664,0.5501,0.9315,0.5538,0.905,13,0.5019,0.7845,0.7264,1.1213,1.2281,1.1747,false
CHR-MED-0863,Astronomer Hammurabi of Classic Maya & Postclassic,medieval,Holy Roman Empire,Central Europe,557,598,Scientific,disruptor,EVT-MED-0863,0.6882,0.8121,0.3664,0.4461,0.8525,0.7,0.9597,42,0.627,0.7968,0.7618,1.2403,1.25,1.25,true
CHR-MED-0864,Dramatist Sargon of Tang Dynasty,medieval,Mali Empire,West Africa,660,687,Cultural,catalyst,EVT-MED-0864,0.5367,0.6668,0.7061,0.7021,0.7515,0.5118,0.7477,13,0.4049,0.6211,0.5801,1.0752,1.1776,1.1264,false
CHR-MED-0865,Consul Theodosius of Mongol Empire / Ilkhanate,medieval,Byzantine Empire,Eastern Mediterranean,662,700,Political,disruptor,EVT-MED-0865,0.7418,0.5569,0.475,0.5952,0.8648,0.6897,0.8598,35,0.5473,0.789,0.7039,1.2203,1.25,1.25,false
CHR-MED-0866,Prefect Thutmose of Umayyad Caliphate (Al-Andalus),medieval,Classic Maya & Postclassic,Mesoamerica,803,809,Political,wildcard,EVT-MED-0866,0.4443,0.4034,0.2681,0.518,0.2489,0.8155,0.5066,45,0.6487,0.4692,0.5045,1.0014,1.0514,1.1015,false
CHR-MED-0867,Customs Director Samsi-Adad of Tang Dynasty,medieval,Khmer Empire,Southeast Asia,1168,1173,Economic,catalyst,EVT-MED-0867,0.5733,0.8098,0.5082,0.6823,0.7969,0.7022,0.9162,46,0.51,0.7105,0.6922,1.1105,1.2163,1.1634,false
CHR-MED-0868,Warlord Ramesses of Song Dynasty,medieval,Holy Roman Empire,Central Europe,513,538,Military,disruptor,EVT-MED-0868,0.7055,0.5556,0.4117,0.5031,0.8876,0.8802,0.7238,37,0.6886,0.7128,0.7171,1.2249,1.25,1.25,false
CHR-MED-0869,Prefect Naram-Sin of Chola Dynasty,medieval,Kingdom of France,Western Europe,1010,1050,Political,catalyst,EVT-MED-0869,0.6613,0.7192,0.6609,0.6361,0.7924,0.6995,0.7719,50,0.5317,0.7055,0.6649,1.1019,1.2069,1.1544,false
CHR-MED-0870,Consul Telepinu of Classic Maya & Postclassic,medieval,Mongol Empire / Ilkhanate,Eurasian Steppe,1165,1192,Political,stabilizer,EVT-MED-0870,0.5993,0.6256,0.8363,0.8614,0.4518,0.2443,0.59,202,0.1915,0.5956,0.4599,0.8101,0.8398,0.7509,false
CHR-MED-0871,Guild Master Wu of Mali Empire,medieval,Abbasid Caliphate,Middle East,556,588,Economic,architect,EVT-MED-0871,0.8087,0.8094,0.7391,0.731,0.5307,0.3571,0.5707,64,0.313,0.7135,0.5819,0.8401,0.8709,0.7787,false
CHR-MED-0872,Patriarch Mazarin of Khmer Empire,medieval,Chola Dynasty,South India,639,670,Religious,architect,EVT-MED-0872,0.7301,0.6385,0.8522,0.8252,0.6451,0.4366,0.6112,115,0.3057,0.6825,0.5558,0.8337,0.8642,0.7727,false
CHR-MED-0873,Strategos Colbert of Umayyad Caliphate (Al-Andalus),medieval,Kievan Rus,Eastern Europe,619,649,Military,architect,EVT-MED-0873,0.7624,0.6486,0.7848,0.9034,0.5155,0.4129,0.6806,154,0.2547,0.7297,0.5556,0.8337,0.8642,0.7727,false
CHR-MED-0874,Marshal Labarna of Song Dynasty,medieval,Abbasid Caliphate,Middle East,1205,1216,Military,catalyst,EVT-MED-0874,0.6444,0.8603,0.4831,0.5864,0.9002,0.6047,0.8531,22,0.5091,0.7279,0.7162,1.1181,1.2246,1.1714,false
CHR-MED-0875,Vizier Li of Chola Dynasty,medieval,Umayyad Caliphate (Al-Andalus),Iberia / North Africa,1474,1500,Political,disruptor,EVT-MED-0875,0.7765,0.5551,0.3969,0.6223,0.7791,0.7732,0.8942,32,0.5754,0.8236,0.7236,1.2271,1.25,1.25,false
CHR-MED-0876,Marshal Vikram of Kingdom of England,medieval,Mongol Empire / Ilkhanate,Eurasian Steppe,650,668,Military,disruptor,EVT-MED-0876,0.8063,0.8003,0.4887,0.3541,0.733,0.718,0.9226,15,0.6819,0.8528,0.7611,1.2401,1.25,1.25,true
CHR-MED-0877,Commander Li of Song Dynasty,medieval,Song Dynasty,East Asia,885,930,Military,architect,EVT-MED-0877,0.9049,0.8345,0.8289,0.7982,0.7479,0.219,0.8094,35,0.2104,0.8667,0.645,0.8557,0.887,0.7931,false
CHR-MED-0878,Master Sculptor Sherman of Mali Empire,medieval,Mongol Empire / Ilkhanate,Eurasian Steppe,1152,1171,Cultural,catalyst,EVT-MED-0878,0.6094,0.7908,0.5254,0.5628,0.8858,0.5483,0.875,40,0.4927,0.7157,0.6867,1.1088,1.2144,1.1616,false
CHR-MED-0879,Metallurgist Hamilton of Chola Dynasty,medieval,Kingdom of England,British Isles,1008,1022,Scientific,architect,EVT-MED-0879,0.7596,0.8431,0.7584,0.9173,0.6634,0.3619,0.6308,41,0.2223,0.7081,0.5931,0.8429,0.8737,0.7812,false
CHR-MED-0880,Rhetorician Zhang of Umayyad Caliphate (Al-Andalus),medieval,Holy Roman Empire,Central Europe,1391,1405,Cultural,wildcard,EVT-MED-0880,0.8595,0.5656,0.7225,0.6844,0.5474,0.393,0.4654,44,0.3543,0.7018,0.5541,1.0162,1.067,1.1179,false
CHR-MED-0881,Scribe Rimush of Kamakura / Muromachi Japan,medieval,Chola Dynasty,South India,1484,1497,Cultural,catalyst,EVT-MED-0881,0.5443,0.7635,0.4654,0.5849,0.7338,0.5805,0.8933,60,0.4978,0.6839,0.656,1.0991,1.2038,1.1515,false
CHR-MED-0882,Merchant Prince Chandra of Mongol Empire / Ilkhanate,medieval,Umayyad Caliphate (Al-Andalus),Iberia / North Africa,1481,1500,Economic,wildcard,EVT-MED-0882,0.454,0.7327,0.4564,0.3747,0.4513,0.8033,0.8198,70,0.7143,0.6003,0.6202,1.0361,1.0879,1.1397,false
CHR-MED-0883,Prefect Richelieu of Abbasid Caliphate,medieval,Chola Dynasty,South India,1419,1445,Political,disruptor,EVT-MED-0883,0.9391,0.5626,0.4764,0.5484,0.898,0.765,0.8392,21,0.6083,0.8992,0.7694,1.243,1.25,1.25,true
CHR-MED-0884,Geometer Puduhepa of Abbasid Caliphate,medieval,Tang Dynasty,East Asia,995,1008,Scientific,architect,EVT-MED-0884,0.7242,0.6609,0.7072,0.8277,0.7571,0.2645,0.7119,152,0.2184,0.7193,0.5781,0.8392,0.8699,0.7778,false
CHR-MED-0885,Arch-Engineer Ibn-Sina of Song Dynasty,medieval,Kievan Rus,Eastern Europe,1349,1382,Scientific,catalyst,EVT-MED-0885,0.5966,0.7432,0.6292,0.6656,0.7394,0.6638,0.7823,26,0.4991,0.6709,0.6423,1.0948,1.1991,1.1469,false
CHR-MED-0886,Scribe Puduhepa of Classic Maya & Postclassic,medieval,Kievan Rus,Eastern Europe,940,979,Cultural,disruptor,EVT-MED-0886,0.7272,0.8487,0.4235,0.6134,0.8496,0.8076,0.7457,34,0.5971,0.7346,0.7465,1.235,1.25,1.25,false
CHR-MED-0887,Governor Mursili of Chola Dynasty,medieval,Kingdom of France,Western Europe,1272,1282,Political,stabilizer,EVT-MED-0887,0.6126,0.7091,0.8871,0.8157,0.4677,0.2874,0.4751,81,0.2358,0.5576,0.4646,0.8113,0.841,0.7519,false
CHR-MED-0888,Minister Constantine of Mali Empire,medieval,Tang Dynasty,East Asia,798,819,Political,architect,EVT-MED-0888,0.8919,0.8315,0.8658,0.8258,0.703,0.2813,0.5535,79,0.2278,0.7565,0.6005,0.8447,0.8756,0.7829,false
CHR-MED-0889,Marshal Tariq of Kamakura / Muromachi Japan,medieval,Chola Dynasty,South India,647,658,Military,stabilizer,EVT-MED-0889,0.8462,0.6213,0.8435,0.7263,0.6282,0.1595,0.4417,237,0.2166,0.6844,0.5185,0.8245,0.8547,0.7642,false
CHR-MED-0890,Synod Envoy Franklin of Holy Roman Empire,medieval,Kamakura / Muromachi Japan,East Asia,1484,1500,Religious,disruptor,EVT-MED-0890,0.9404,0.8322,0.4797,0.3608,0.8059,0.7798,0.9407,14,0.7095,0.9405,0.8229,1.25,1.25,1.25,true
CHR-MED-0891,Chancellor Averroes of Mali Empire,medieval,Kievan Rus,Eastern Europe,1351,1394,Political,wildcard,EVT-MED-0891,0.4186,0.3696,0.6996,0.5592,0.7199,0.2522,0.8073,58,0.3465,0.5741,0.4791,0.9937,1.0434,1.0931,false
CHR-MED-0892,Philosopher Ashoka of Umayyad Caliphate (Al-Andalus),medieval,Khmer Empire,Southeast Asia,1400,1412,Cultural,architect,EVT-MED-0892,0.7234,0.6335,0.8564,0.7398,0.6814,0.1893,0.6536,156,0.2247,0.6955,0.5319,0.8278,0.8581,0.7673,false
CHR-MED-0893,Chancellor Averroes of Abbasid Caliphate,medieval,Classic Maya & Postclassic,Mesoamerica,777,804,Political,disruptor,EVT-MED-0893,0.9472,0.5569,0.341,0.3985,0.9376,0.8358,0.7316,17,0.7187,0.861,0.7921,1.25,1.25,1.25,true
CHR-MED-0894,Master Sculptor Tiglath of Mongol Empire / Ilkhanate,medieval,Kievan Rus,Eastern Europe,1368,1375,Cultural,catalyst,EVT-MED-0894,0.516,0.8146,0.5541,0.6696,0.7613,0.5486,0.9195,30,0.4395,0.6774,0.6467,1.0962,1.2006,1.1484,false
CHR-MED-0895,Polymath Necker of Tang Dynasty,medieval,Abbasid Caliphate,Middle East,711,755,Scientific,catalyst,EVT-MED-0895,0.5467,0.7674,0.5865,0.7166,0.8602,0.5642,0.8406,32,0.4238,0.6642,0.6471,1.0963,1.2007,1.1485,false
CHR-MED-0896,Patriarch Kheti of Kamakura / Muromachi Japan,medieval,Khmer Empire,Southeast Asia,686,698,Religious,wildcard,EVT-MED-0896,0.4708,0.4533,0.7083,0.2345,0.6087,0.1795,0.8873,18,0.4725,0.6374,0.5045,1.0013,1.0514,1.1015,false
CHR-MED-0897,Cardinal Al-Mansur of Kievan Rus,medieval,Kamakura / Muromachi Japan,East Asia,1412,1418,Religious,architect,EVT-MED-0897,0.7505,0.6422,0.8961,0.8752,0.5146,0.387,0.5813,123,0.2559,0.6829,0.523,0.8257,0.8559,0.7652,false
CHR-MED-0898,Dramatist Mursili of Mongol Empire / Ilkhanate,medieval,Mali Empire,West Africa,1068,1098,Cultural,catalyst,EVT-MED-0898,0.8071,0.7075,0.6531,0.7459,0.8197,0.7819,0.9351,22,0.518,0.8583,0.7358,1.1243,1.2314,1.1778,false
CHR-MED-0899,Rhetorician Justinian of Mali Empire,medieval,Classic Maya & Postclassic,Mesoamerica,630,657,Cultural,catalyst,EVT-MED-0899,0.5394,0.6827,0.6747,0.6261,0.8073,0.5224,0.7676,46,0.4481,0.6307,0.6031,1.0825,1.1856,1.134,false
CHR-MED-0900,Customs Director Colbert of Mongol Empire / Ilkhanate,medieval,Abbasid Caliphate,Middle East,733,751,Economic,wildcard,EVT-MED-0900,0.6473,0.5739,0.3986,0.2604,0.7592,0.4292,0.5491,46,0.5844,0.608,0.6057,1.0317,1.0833,1.1349,false
CHR-MED-0901,Archon Aurelius of Chola Dynasty,medieval,Kievan Rus,Eastern Europe,501,510,Political,wildcard,EVT-MED-0901,0.6142,0.6862,0.2602,0.4086,0.5398,0.6245,0.7388,59,0.6079,0.6641,0.6455,1.0436,1.0958,1.148,false
CHR-MED-0902,Geometer Thutmose of Mongol Empire / Ilkhanate,medieval,Abbasid Caliphate,Middle East,1304,1313,Scientific,wildcard,EVT-MED-0902,0.5579,0.4723,0.5541,0.2861,0.2021,0.5407,0.5262,6,0.6273,0.5452,0.481,0.9943,1.044,1.0937,false
CHR-MED-0903,Strategos Kheti of Abbasid Caliphate,medieval,Song Dynasty,East Asia,656,671,Military,architect,EVT-MED-0903,0.8919,0.7809,0.7723,0.7012,0.5671,0.4437,0.7802,104,0.3712,0.8472,0.6465,0.856,0.8873,0.7934,false
CHR-MED-0904,Physician Talleyrand of Khmer Empire,medieval,Abbasid Caliphate,Middle East,907,940,Scientific,wildcard,EVT-MED-0904,0.685,0.5768,0.563,0.4759,0.7101,0.399,0.4587,37,0.4616,0.5945,0.5628,1.0189,1.0698,1.1207,false
CHR-MED-0905,Merchant Prince Zhao of Mali Empire,medieval,Holy Roman Empire,Central Europe,1169,1191,Economic,wildcard,EVT-MED-0905,0.756,0.5501,0.3249,0.5625,0.2762,0.6161,0.5541,57,0.5268,0.6752,0.5779,1.0234,1.0745,1.1257,false
CHR-MED-0906,Dramatist Hattusili of Tang Dynasty,medieval,Mongol Empire / Ilkhanate,Eurasian Steppe,1073,1108,Cultural,wildcard,EVT-MED-0906,0.8913,0.5699,0.3877,0.6019,0.8212,0.4911,0.4605,28,0.4446,0.719,0.6554,1.0466,1.0989,1.1513,false
CHR-MED-0907,Vizier Averroes of Mali Empire,medieval,Tang Dynasty,East Asia,588,630,Political,stabilizer,EVT-MED-0907,0.7531,0.7519,0.7945,0.8086,0.5925,0.137,0.5397,227,0.1642,0.6677,0.5216,0.8253,0.8555,0.7649,false
CHR-MED-0908,Chamberlain Qian of Tang Dynasty,medieval,Abbasid Caliphate,Middle East,820,854,Economic,disruptor,EVT-MED-0908,0.9,0.5295,0.3399,0.4964,0.7236,0.7742,0.8267,25,0.6389,0.8707,0.7443,1.2343,1.25,1.25,false
CHR-MED-0909,Astronomer Rajaraja of Holy Roman Empire,medieval,Mali Empire,West Africa,869,912,Scientific,wildcard,EVT-MED-0909,0.4125,0.4787,0.6318,0.5166,0.7464,0.356,0.8164,55,0.4197,0.5741,0.5237,1.0071,1.0575,1.1078,false
CHR-MED-0910,Physician Saladin of Kamakura / Muromachi Japan,medieval,Umayyad Caliphate (Al-Andalus),Iberia / North Africa,602,608,Scientific,catalyst,EVT-MED-0910,0.5239,0.8617,0.4964,0.7697,0.8599,0.5767,0.7534,59,0.4035,0.6157,0.6506,1.0974,1.202,1.1497,false
CHR-MED-0911,Strategos Sun of Kingdom of England,medieval,Kingdom of England,British Isles,1454,1483,Military,stabilizer,EVT-MED-0911,0.7919,0.7134,0.8584,0.7142,0.45,0.163,0.5878,102,0.2244,0.7103,0.5136,0.8233,0.8535,0.7631,false
CHR-MED-0912,Patriarch Gao of Holy Roman Empire,medieval,Tang Dynasty,East Asia,1316,1361,Religious,architect,EVT-MED-0912,0.6757,0.7262,0.8109,0.9143,0.705,0.2675,0.6965,99,0.1766,0.684,0.5514,0.8326,0.8631,0.7717,false
CHR-MED-0913,Viceroy Qian of Kingdom of France,medieval,Holy Roman Empire,Central Europe,1248,1288,Political,wildcard,EVT-MED-0913,0.6095,0.5582,0.429,0.3979,0.8159,0.4136,0.5634,18,0.5079,0.5911,0.5922,1.0277,1.0791,1.1304,false
CHR-MED-0914,Rhetorician Solon of Classic Maya & Postclassic,medieval,Abbasid Caliphate,Middle East,1352,1388,Cultural,disruptor,EVT-MED-0914,0.9346,0.6793,0.3626,0.5754,0.8322,0.6674,0.8269,46,0.546,0.8915,0.7695,1.243,1.25,1.25,true
CHR-MED-0915,Polymath Zhao of Song Dynasty,medieval,Umayyad Caliphate (Al-Andalus),Iberia / North Africa,587,617,Scientific,stabilizer,EVT-MED-0915,0.5812,0.6704,0.8657,0.692,0.5525,0.1785,0.4191,95,0.2433,0.5164,0.4472,0.807,0.8365,0.75,false
CHR-MED-0916,Syndic Alexander of Mali Empire,medieval,Mali Empire,West Africa,529,551,Economic,architect,EVT-MED-0916,0.7238,0.8555,0.7563,0.8492,0.7491,0.2036,0.7996,132,0.1772,0.7541,0.604,0.8456,0.8765,0.7837,false
CHR-MED-0917,Dramatist Justinian of Holy Roman Empire,medieval,Kingdom of England,British Isles,1240,1271,Cultural,stabilizer,EVT-MED-0917,0.6329,0.6251,0.7805,0.784,0.6857,0.3446,0.4323,217,0.2803,0.5526,0.5041,0.821,0.8511,0.7609,false
CHR-MED-0918,High Priest Alexander of Kingdom of France,medieval,Kingdom of England,British Isles,1087,1129,Religious,disruptor,EVT-MED-0918,0.6843,0.5386,0.2853,0.3697,0.8336,0.8604,0.9424,28,0.7454,0.7876,0.7503,1.2364,1.25,1.25,true
CHR-MED-0919,Alchemist Necker of Kingdom of France,medieval,Mongol Empire / Ilkhanate,Eurasian Steppe,1480,1500,Scientific,stabilizer,EVT-MED-0919,0.6411,0.7599,0.7333,0.8712,0.6824,0.2269,0.5797,175,0.1778,0.6165,0.5307,0.8276,0.8578,0.767,false
CHR-MED-0920,Imam Aurelius of Mongol Empire / Ilkhanate,medieval,Abbasid Caliphate,Middle East,781,791,Religious,wildcard,EVT-MED-0920,0.7155,0.3902,0.2261,0.6774,0.2064,0.8182,0.5762,40,0.5704,0.6598,0.571,1.0213,1.0724,1.1234,false
CHR-MED-0921,Master Sculptor Alexander of Umayyad Caliphate (Al-Andalus),medieval,Umayyad Caliphate (Al-Andalus),Iberia / North Africa,1012,1056,Cultural,wildcard,EVT-MED-0921,0.8536,0.641,0.4378,0.6011,0.5782,0.4349,0.7868,56,0.4169,0.8269,0.6557,1.0467,1.099,1.1514,false
CHR-MED-0922,Scribe Zhao of Classic Maya & Postclassic,medieval,Kingdom of France,Western Europe,773,810,Cultural,architect,EVT-MED-0922,0.8643,0.6877,0.7877,0.779,0.6938,0.3603,0.5647,64,0.2907,0.7445,0.5943,0.8432,0.8741,0.7815,false
CHR-MED-0923,Arch-Engineer Aurelius of Kingdom of France,medieval,Mali Empire,West Africa,973,988,Scientific,wildcard,EVT-MED-0923,0.7138,0.6128,0.5675,0.4617,0.8103,0.3295,0.6956,45,0.4339,0.7065,0.6158,1.0348,1.0865,1.1382,false
CHR-MED-0924,High Priest Al-Mansur of Kingdom of France,medieval,Abbasid Caliphate,Middle East,699,724,Religious,catalyst,EVT-MED-0924,0.7104,0.87,0.6359,0.7171,0.9005,0.5995,0.9014,43,0.4412,0.7868,0.7189,1.1189,1.2255,1.1722,false
CHR-MED-0925,Marshal Otto of Abbasid Caliphate,medieval,Umayyad Caliphate (Al-Andalus),Iberia / North Africa,976,1012,Military,catalyst,EVT-MED-0925,0.6136,0.6997,0.6228,0.7521,0.9199,0.5312,0.7305,14,0.3896,0.6604,0.6357,1.0927,1.1968,1.1448,false
CHR-MED-0926,Poet Laureate Wu of Abbasid Caliphate,medieval,Kievan Rus,Eastern Europe,640,679,Cultural,architect,EVT-MED-0926,0.8467,0.6299,0.787,0.9034,0.5895,0.3376,0.6759,175,0.2171,0.7784,0.5727,0.8379,0.8685,0.7766,false
CHR-MED-0927,Metallurgist Marshall of Kingdom of England,medieval,Kingdom of England,British Isles,1081,1116,Scientific,architect,EVT-MED-0927,0.8214,0.7644,0.8319,0.8853,0.5189,0.2659,0.6491,86,0.1903,0.7525,0.5576,0.8342,0.8647,0.7731,false
CHR-MED-0928,Hierophant Cao of Umayyad Caliphate (Al-Andalus),medieval,Holy Roman Empire,Central Europe,1127,1139,Religious,disruptor,EVT-MED-0928,0.6321,0.5791,0.4433,0.3596,0.7393,0.7266,0.8755,46,0.6835,0.7295,0.6838,1.2134,1.25,1.25,false
CHR-MED-0929,Marshal Theodosius of Mali Empire,medieval,Umayyad Caliphate (Al-Andalus),Iberia / North Africa,807,822,Military,stabilizer,EVT-MED-0929,0.7396,0.62,0.7886,0.7494,0.4648,0.1809,0.4701,89,0.2158,0.6318,0.4789,0.8148,0.8446,0.7552,false
CHR-MED-0930,Consul Thutmose of Abbasid Caliphate,medieval,Classic Maya & Postclassic,Mesoamerica,1162,1202,Political,catalyst,EVT-MED-0930,0.6312,0.8459,0.695,0.6928,0.9465,0.5637,0.712,44,0.4355,0.6635,0.6639,1.1016,1.2065,1.1541,false
CHR-MED-0931,Centurion Li of Tang Dynasty,medieval,Khmer Empire,Southeast Asia,1107,1126,Military,disruptor,EVT-MED-0931,0.9237,0.6129,0.3332,0.4602,0.7489,0.8264,0.8806,35,0.6831,0.9065,0.7849,1.2483,1.25,1.25,true
CHR-MED-0932,Prefect Bradford of Abbasid Caliphate,medieval,Mongol Empire / Ilkhanate,Eurasian Steppe,1184,1191,Political,catalyst,EVT-MED-0932,0.7955,0.8321,0.6699,0.7513,0.7933,0.6043,0.7698,41,0.4265,0.7852,0.6942,1.1112,1.217,1.1641,false
CHR-MED-0933,Metallurgist Belisarius of Holy Roman Empire,medieval,Umayyad Caliphate (Al-Andalus),Iberia / North Africa,1409,1450,Scientific,architect,EVT-MED-0933,0.8975,0.6817,0.8303,0.7969,0.6841,0.3336,0.6766,37,0.2684,0.8092,0.6079,0.8465,0.8775,0.7846,false
CHR-MED-0934,Astronomer Alexander of Song Dynasty,medieval,Kingdom of England,British Isles,1088,1128,Scientific,architect,EVT-MED-0934,0.772,0.7836,0.7438,0.8039,0.6412,0.1847,0.8045,126,0.1904,0.785,0.5905,0.8423,0.8731,0.7806,false
CHR-MED-0935,Marshal Rajaraja of Tang Dynasty,medieval,Kievan Rus,Eastern Europe,602,634,Military,disruptor,EVT-MED-0935,0.7485,0.5978,0.3585,0.5743,0.8133,0.7264,0.8276,18,0.5761,0.7801,0.7173,1.225,1.25,1.25,false
CHR-MED-0936,Chancellor Samudra of Mongol Empire / Ilkhanate,medieval,Abbasid Caliphate,Middle East,1221,1235,Political,stabilizer,EVT-MED-0936,0.6857,0.7425,0.9339,0.7112,0.6282,0.1739,0.5486,46,0.2313,0.6309,0.5065,0.8216,0.8516,0.7615,false
CHR-MED-0937,Centurion Saladin of Abbasid Caliphate,medieval,Kievan Rus,Eastern Europe,978,996,Military,disruptor,EVT-MED-0937,0.9094,0.8125,0.5002,0.6387,0.8047,0.7873,0.806,28,0.5743,0.868,0.777,1.2456,1.25,1.25,true
CHR-MED-0938,Arch-Engineer Franklin of Mongol Empire / Ilkhanate,medieval,Mongol Empire / Ilkhanate,Eurasian Steppe,1386,1394,Scientific,stabilizer,EVT-MED-0938,0.774,0.7081,0.9326,0.8459,0.6864,0.1285,0.5492,130,0.1413,0.6841,0.5188,0.8246,0.8548,0.7643,false
CHR-MED-0939,Dramatist Hattusili of Kingdom of England,medieval,Mongol Empire / Ilkhanate,Eurasian Steppe,1335,1360,Cultural,catalyst,EVT-MED-0939,0.5992,0.7189,0.69,0.7147,0.7705,0.7148,0.9169,29,0.5,0.7263,0.6632,1.1014,1.2063,1.1539,false
CHR-MED-0940,Master Sculptor Telepinu of Classic Maya & Postclassic,medieval,Kievan Rus,Eastern Europe,851,861,Cultural,disruptor,EVT-MED-0940,0.9449,0.6307,0.2521,0.4254,0.7078,0.691,0.8113,46,0.6328,0.8915,0.7659,1.2417,1.25,1.25,true
CHR-MED-0941,Centurion Bradford of Umayyad Caliphate (Al-Andalus),medieval,Chola Dynasty,South India,914,942,Military,wildcard,EVT-MED-0941,0.5474,0.3529,0.4937,0.7119,0.4261,0.4964,0.7716,58,0.3923,0.6371,0.5089,1.0027,1.0528,1.1029,false
CHR-MED-0942,Imam Sargon of Song Dynasty,medieval,Khmer Empire,Southeast Asia,1299,1305,Religious,disruptor,EVT-MED-0942,0.7135,0.7242,0.2495,0.6467,0.8566,0.6529,0.8299,44,0.5031,0.76,0.7306,1.2296,1.25,1.25,false
CHR-MED-0943,Chronicler Mazarin of Kievan Rus,medieval,Abbasid Caliphate,Middle East,1377,1419,Cultural,architect,EVT-MED-0943,0.6524,0.6836,0.7794,0.7767,0.5349,0.3912,0.6814,54,0.3073,0.664,0.54,0.8298,0.8602,0.7691,false
CHR-MED-0944,Guild Master Mentuhotep of Abbasid Caliphate,medieval,Mongol Empire / Ilkhanate,Eurasian Steppe,917,936,Economic,wildcard,EVT-MED-0944,0.6222,0.6476,0.2934,0.2343,0.3405,0.7792,0.4512,15,0.7724,0.5538,0.5973,1.0292,1.0806,1.1321,false
CHR-MED-0945,Viceroy Khaldun of Song Dynasty,medieval,Mali Empire,West Africa,888,924,Political,architect,EVT-MED-0945,0.7042,0.825,0.7537,0.7693,0.6959,0.3133,0.7387,80,0.272,0.718,0.5982,0.8441,0.875,0.7824,false
CHR-MED-0946,Merchant Prince Godfrey of Classic Maya & Postclassic,medieval,Classic Maya & Postclassic,Mesoamerica,1300,1325,Economic,architect,EVT-MED-0946,0.821,0.8564,0.7713,0.91,0.5318,0.3992,0.7134,177,0.2446,0.778,0.6077,0.8465,0.8775,0.7846,false
CHR-MED-0947,Abbess Friedrich of Tang Dynasty,medieval,Kingdom of England,British Isles,1018,1033,Religious,wildcard,EVT-MED-0947,0.4986,0.7033,0.644,0.203,0.2319,0.3391,0.8485,34,0.5681,0.6386,0.5185,1.0056,1.0558,1.1061,false
CHR-MED-0948,Governor Kautilya of Mongol Empire / Ilkhanate,medieval,Byzantine Empire,Eastern Mediterranean,540,577,Political,wildcard,EVT-MED-0948,0.7788,0.7477,0.3814,0.3528,0.4992,0.5154,0.5048,67,0.5813,0.6692,0.629,1.0387,1.0906,1.1426,false
CHR-MED-0949,Imam Lafayette of Kingdom of France,medieval,Song Dynasty,East Asia,823,844,Religious,catalyst,EVT-MED-0949,0.7891,0.8414,0.5164,0.7369,0.9451,0.6313,0.8322,59,0.4472,0.8064,0.7463,1.1276,1.235,1.1813,false
CHR-MED-0950,Guild Master Gao of Song Dynasty,medieval,Abbasid Caliphate,Middle East,1125,1148,Economic,stabilizer,EVT-MED-0950,0.6503,0.7859,0.8425,0.8278,0.5063,0.2508,0.4316,37,0.2115,0.5628,0.4831,0.8158,0.8457,0.7562,false
CHR-MED-0951,Treasurer Sumner of Kievan Rus,medieval,Kingdom of England,British Isles,794,802,Economic,stabilizer,EVT-MED-0951,0.7966,0.5569,0.838,0.7399,0.4805,0.214,0.4237,224,0.2371,0.6474,0.4796,0.815,0.8448,0.7554,false
CHR-MED-0952,Abbess Godfrey of Holy Roman Empire,medieval,Song Dynasty,East Asia,1056,1085,Religious,wildcard,EVT-MED-0952,0.4821,0.6423,0.1723,0.2366,0.3339,0.3299,0.6324,46,0.5467,0.5422,0.5322,1.0097,1.0602,1.1106,false
CHR-MED-0953,Governor Mursili of Byzantine Empire,medieval,Mongol Empire / Ilkhanate,Eurasian Steppe,883,893,Political,stabilizer,EVT-MED-0953,0.8378,0.6487,0.8254,0.6928,0.6851,0.3226,0.6448,159,0.3149,0.7606,0.5875,0.8415,0.8723,0.7799,false
CHR-MED-0954,Synod Envoy Sun of Holy Roman Empire,medieval,Kamakura / Muromachi Japan,East Asia,755,767,Religious,stabilizer,EVT-MED-0954,0.5987,0.6648,0.8606,0.7717,0.4571,0.2711,0.5032,144,0.2497,0.5605,0.4595,0.81,0.8397,0.7508,false
CHR-MED-0955,Commander Kheti of Holy Roman Empire,medieval,Mali Empire,West Africa,502,515,Military,architect,EVT-MED-0955,0.6501,0.6166,0.7819,0.9171,0.7027,0.3519,0.6174,141,0.2174,0.6371,0.5318,0.8278,0.8581,0.7672,false
CHR-MED-0956,Arch-Engineer Thutmose of Tang Dynasty,medieval,Mongol Empire / Ilkhanate,Eurasian Steppe,1091,1101,Scientific,disruptor,EVT-MED-0956,0.6538,0.788,0.481,0.609,0.7364,0.8315,0.9313,45,0.6112,0.7648,0.728,1.2287,1.25,1.25,false
CHR-MED-0957,Governor Baldwin of Song Dynasty,medieval,Kingdom of France,Western Europe,1483,1500,Political,catalyst,EVT-MED-0957,0.5501,0.8618,0.6316,0.5532,0.8556,0.501,0.8186,35,0.4739,0.6575,0.6523,1.098,1.2025,1.1502,false
CHR-MED-0958,Legate Wu of Abbasid Caliphate,medieval,Kievan Rus,Eastern Europe,1406,1418,Military,stabilizer,EVT-MED-0958,0.627,0.6619,0.9339,0.8371,0.6601,0.2816,0.4027,102,0.2222,0.5373,0.4725,0.8132,0.843,0.7537,false
CHR-MED-0959,Treasurer Mursili of Mongol Empire / Ilkhanate,medieval,Mali Empire,West Africa,1172,1206,Economic,catalyst,EVT-MED-0959,0.57,0.8794,0.6677,0.6043,0.8313,0.6747,0.9023,25,0.5352,0.7029,0.6887,1.1094,1.2151,1.1623,false
CHR-MED-0960,Guild Master Seneb of Khmer Empire,medieval,Chola Dynasty,South India,504,510,Economic,architect,EVT-MED-0960,0.7756,0.7738,0.8655,0.7767,0.5621,0.2655,0.7441,136,0.2444,0.763,0.5703,0.8373,0.8679,0.776,false
CHR-MED-0961,Consul Cao of Umayyad Caliphate (Al-Andalus),medieval,Kievan Rus,Eastern Europe,1309,1353,Political,wildcard,EVT-MED-0961,0.6804,0.3749,0.3584,0.7347,0.3176,0.2383,0.6427,8,0.2518,0.6653,0.4836,0.9951,1.0448,1.0946,false
CHR-MED-0962,Viceroy Tiglath of Mali Empire,medieval,Abbasid Caliphate,Middle East,593,607,Political,wildcard,EVT-MED-0962,0.8697,0.4224,0.2194,0.4024,0.3484,0.5566,0.862,33,0.5771,0.8667,0.6538,1.0461,1.0984,1.1507,false
CHR-MED-0963,Centurion Sargon of Khmer Empire,medieval,Kingdom of England,British Isles,1121,1163,Military,disruptor,EVT-MED-0963,0.6469,0.7436,0.4228,0.4378,0.7706,0.7591,0.8553,11,0.6606,0.7303,0.7168,1.2248,1.25,1.25,false
CHR-MED-0964,Prefect Averroes of Kingdom of England,medieval,Byzantine Empire,Eastern Mediterranean,1371,1384,Political,wildcard,EVT-MED-0964,0.444,0.5193,0.2203,0.4272,0.6072,0.4253,0.6468,18,0.499,0.5251,0.5474,1.0142,1.0649,1.1156,false
CHR-MED-0965,Metallurgist Chen of Byzantine Empire,medieval,Byzantine Empire,Eastern Mediterranean,1268,1302,Scientific,stabilizer,EVT-MED-0965,0.7065,0.7036,0.8744,0.7135,0.5048,0.3238,0.4487,58,0.3051,0.6034,0.5006,0.8202,0.8502,0.7601,false
CHR-MED-0966,Dramatist Naram-Sin of Song Dynasty,medieval,Khmer Empire,Southeast Asia,1010,1027,Cultural,architect,EVT-MED-0966,0.9145,0.6101,0.8733,0.7685,0.5028,0.2929,0.6174,48,0.2622,0.7956,0.5563,0.8339,0.8644,0.7728,false
CHR-MED-0967,Archon Harsha of Khmer Empire,medieval,Song Dynasty,East Asia,886,907,Political,stabilizer,EVT-MED-0967,0.7616,0.5868,0.9392,0.886,0.5124,0.3477,0.5017,58,0.2308,0.6577,0.4945,0.8186,0.8486,0.7587,false
CHR-MED-0968,Commander Sherman of Kingdom of England,medieval,Umayyad Caliphate (Al-Andalus),Iberia / North Africa,1087,1122,Military,stabilizer,EVT-MED-0968,0.6505,0.6967,0.7495,0.7054,0.6505,0.1397,0.6707,197,0.2172,0.6586,0.526,0.8264,0.8566,0.7659,false
CHR-MED-0969,Hierophant Constantine of Umayyad Caliphate (Al-Andalus),medieval,Tang Dynasty,East Asia,541,581,Religious,disruptor,EVT-MED-0969,0.7513,0.5529,0.493,0.4879,0.8149,0.8715,0.7522,30,0.6918,0.7517,0.7129,1.2234,1.25,1.25,false
CHR-MED-0970,Alchemist Wu of Classic Maya & Postclassic,medieval,Kievan Rus,Eastern Europe,667,699,Scientific,stabilizer,EVT-MED-0970,0.6228,0.764,0.7906,0.8803,0.5132,0.2559,0.5046,39,0.1878,0.5755,0.4883,0.8171,0.847,0.7573,false
CHR-MED-0971,Chronicler Baldwin of Mali Empire,medieval,Song Dynasty,East Asia,1249,1293,Cultural,stabilizer,EVT-MED-0971,0.5831,0.8,0.8297,0.8584,0.6411,0.3406,0.5235,110,0.2411,0.5593,0.5157,0.8239,0.854,0.7636,false
CHR-MED-0972,Philosopher Hammurabi of Mongol Empire / Ilkhanate,medieval,Tang Dynasty,East Asia,1235,1243,Cultural,catalyst,EVT-MED-0972,0.6518,0.7109,0.6237,0.7704,0.8215,0.7631,0.7363,18,0.4964,0.6856,0.6668,1.1026,1.2076,1.1551,false
CHR-MED-0973,Philosopher Saladin of Holy Roman Empire,medieval,Song Dynasty,East Asia,526,546,Cultural,stabilizer,EVT-MED-0973,0.6484,0.6956,0.827,0.8831,0.6767,0.1767,0.4537,179,0.1468,0.5705,0.4856,0.8165,0.8463,0.7567,false
CHR-MED-0974,Dramatist Richelieu of Classic Maya & Postclassic,medieval,Holy Roman Empire,Central Europe,778,818,Cultural,disruptor,EVT-MED-0974,0.8067,0.7068,0.4406,0.5376,0.7685,0.8673,0.9442,41,0.6648,0.8617,0.7738,1.2444,1.25,1.25,true
CHR-MED-0975,Warlord Justinian of Khmer Empire,medieval,Tang Dynasty,East Asia,1268,1301,Military,disruptor,EVT-MED-0975,0.8022,0.606,0.3039,0.3423,0.8144,0.938,0.7794,15,0.7978,0.7931,0.7737,1.2444,1.25,1.25,true
CHR-MED-0976,Astronomer Qian of Kingdom of England,medieval,Abbasid Caliphate,Middle East,687,725,Scientific,stabilizer,EVT-MED-0976,0.706,0.6413,0.8049,0.8024,0.5716,0.2515,0.4868,67,0.2245,0.6183,0.4986,0.8196,0.8496,0.7597,false
CHR-MED-0977,Patriarch Hathor of Kievan Rus,medieval,Song Dynasty,East Asia,898,920,Religious,architect,EVT-MED-0977,0.9156,0.6228,0.7155,0.8335,0.7285,0.2406,0.664,173,0.2036,0.8149,0.6041,0.8456,0.8765,0.7837,false
CHR-MED-0978,Geometer Justinian of Tang Dynasty,medieval,Kamakura / Muromachi Japan,East Asia,831,860,Scientific,disruptor,EVT-MED-0978,0.8241,0.6665,0.434,0.4296,0.8603,0.8584,0.9165,31,0.7144,0.8611,0.7864,1.2488,1.25,1.25,true
CHR-MED-0979,Minister Otto of Mongol Empire / Ilkhanate,medieval,Kamakura / Muromachi Japan,East Asia,1232,1274,Political,stabilizer,EVT-MED-0979,0.5928,0.6384,0.9063,0.6896,0.5022,0.3341,0.5352,96,0.3223,0.5698,0.4746,0.8137,0.8435,0.7542,false
CHR-MED-0980,Senator Averroes of Holy Roman Empire,medieval,Kievan Rus,Eastern Europe,535,574,Political,disruptor,EVT-MED-0980,0.6795,0.6281,0.4369,0.5873,0.7324,0.6851,0.9492,6,0.5489,0.7874,0.696,1.2176,1.25,1.25,false
CHR-MED-0981,Imam Harun of Khmer Empire,medieval,Tang Dynasty,East Asia,589,612,Religious,stabilizer,EVT-MED-0981,0.8297,0.5677,0.9261,0.6848,0.6229,0.2891,0.442,48,0.3022,0.6746,0.5188,0.8246,0.8548,0.7643,false
CHR-MED-0982,Imam Franklin of Mongol Empire / Ilkhanate,medieval,Abbasid Caliphate,Middle East,561,604,Religious,stabilizer,EVT-MED-0982,0.8288,0.7989,0.7351,0.8898,0.4928,0.2645,0.4463,168,0.1874,0.6758,0.5396,0.8297,0.8601,0.769,false
CHR-MED-0983,Philosopher Rajaraja of Classic Maya & Postclassic,medieval,Khmer Empire,Southeast Asia,692,704,Cultural,wildcard,EVT-MED-0983,0.574,0.7,0.5625,0.3953,0.296,0.1922,0.4485,34,0.3984,0.5238,0.463,0.9889,1.0383,1.0878,false
CHR-MED-0984,Pontiff Eleanor of Kievan Rus,medieval,Kingdom of England,British Isles,1130,1146,Religious,catalyst,EVT-MED-0984,0.8185,0.8765,0.4727,0.7495,0.9071,0.7238,0.9039,18,0.4871,0.8527,0.7816,1.1387,1.2471,1.1929,true
CHR-MED-0985,Poet Laureate Vikram of Kievan Rus,medieval,Abbasid Caliphate,Middle East,754,765,Cultural,disruptor,EVT-MED-0985,0.82,0.5783,0.2192,0.6104,0.7722,0.6779,0.9481,6,0.5337,0.8713,0.749,1.2359,1.25,1.25,false
CHR-MED-0986,Arch-Engineer Ramesses of Classic Maya & Postclassic,medieval,Khmer Empire,Southeast Asia,937,946,Scientific,disruptor,EVT-MED-0986,0.7046,0.8102,0.4635,0.5832,0.933,0.9201,0.8067,27,0.6685,0.7455,0.7711,1.2435,1.25,1.25,true
CHR-MED-0987,Warlord Tariq of Classic Maya & Postclassic,medieval,Byzantine Empire,Eastern Mediterranean,1417,1435,Military,architect,EVT-MED-0987,0.8271,0.6392,0.838,0.8651,0.6832,0.3924,0.6284,140,0.2636,0.7476,0.5812,0.84,0.8707,0.7785,false
CHR-MED-0988,Warlord Madison of Chola Dynasty,medieval,Holy Roman Empire,Central Europe,1097,1123,Military,architect,EVT-MED-0988,0.7203,0.7802,0.697,0.7284,0.5645,0.1984,0.5517,49,0.235,0.6529,0.5382,0.8294,0.8597,0.7687,false
CHR-MED-0989,Archon Lafayette of Mongol Empire / Ilkhanate,medieval,Tang Dynasty,East Asia,818,843,Political,architect,EVT-MED-0989,0.8922,0.7296,0.6863,0.7316,0.6714,0.4123,0.7253,26,0.3404,0.8255,0.6486,0.8566,0.8879,0.7939,false
CHR-MED-0990,Customs Director Wu of Classic Maya & Postclassic,medieval,Byzantine Empire,Eastern Mediterranean,1200,1229,Economic,wildcard,EVT-MED-0990,0.8432,0.4164,0.3333,0.4332,0.3565,0.2464,0.4222,69,0.4066,0.6748,0.522,1.0066,1.0569,1.1073,false
CHR-MED-0991,Merchant Prince Khaldun of Chola Dynasty,medieval,Kingdom of France,Western Europe,1479,1500,Economic,disruptor,EVT-MED-0991,0.7392,0.7524,0.2196,0.4538,0.7896,0.8895,0.8432,30,0.7179,0.7808,0.7814,1.2471,1.25,1.25,true
CHR-MED-0992,Alchemist Rimush of Kamakura / Muromachi Japan,medieval,Chola Dynasty,South India,1282,1296,Scientific,stabilizer,EVT-MED-0992,0.7856,0.7727,0.8695,0.7336,0.5307,0.287,0.5926,43,0.2767,0.7084,0.5502,0.8324,0.8628,0.7715,false
CHR-MED-0993,Strategos Imhotep of Chola Dynasty,medieval,Kingdom of France,Western Europe,1441,1473,Military,catalyst,EVT-MED-0993,0.7501,0.9094,0.6267,0.5555,0.9309,0.7479,0.7771,39,0.5962,0.7609,0.7519,1.1293,1.2369,1.1831,true
CHR-MED-0994,Synod Envoy Otto of Kievan Rus,medieval,Classic Maya & Postclassic,Mesoamerica,840,853,Religious,disruptor,EVT-MED-0994,0.617,0.8397,0.2238,0.4855,0.8662,0.7147,0.7445,7,0.6146,0.668,0.7324,1.2302,1.25,1.25,false
CHR-MED-0995,Synod Envoy Eleanor of Song Dynasty,medieval,Khmer Empire,Southeast Asia,1166,1202,Religious,catalyst,EVT-MED-0995,0.5802,0.8503,0.4766,0.6942,0.7523,0.462,0.8118,37,0.3839,0.6728,0.6441,1.0954,1.1997,1.1476,false
CHR-MED-0996,Dramatist Saladin of Kamakura / Muromachi Japan,medieval,Classic Maya & Postclassic,Mesoamerica,804,819,Cultural,disruptor,EVT-MED-0996,0.7708,0.8292,0.2215,0.3566,0.7707,0.8768,0.8176,45,0.7601,0.7895,0.7969,1.25,1.25,1.25,true
CHR-MED-0997,Legate Averroes of Song Dynasty,medieval,Holy Roman Empire,Central Europe,572,581,Military,architect,EVT-MED-0997,0.8078,0.6394,0.8425,0.9164,0.6983,0.2148,0.6288,84,0.1492,0.7362,0.5491,0.8321,0.8625,0.7712,false
CHR-MED-0998,Physician Franklin of Tang Dynasty,medieval,Kievan Rus,Eastern Europe,578,621,Scientific,wildcard,EVT-MED-0998,0.5996,0.7925,0.7135,0.2963,0.2139,0.3326,0.7364,7,0.5182,0.6543,0.525,1.0075,1.0579,1.1083,false
CHR-MED-0999,Patriarch Bradford of Khmer Empire,medieval,Umayyad Caliphate (Al-Andalus),Iberia / North Africa,1015,1059,Religious,wildcard,EVT-MED-0999,0.4705,0.7247,0.4034,0.2015,0.284,0.6277,0.449,35,0.7131,0.4619,0.53,1.009,1.0595,1.1099,false
CHR-MED-1000,Astronomer Justinian of Abbasid Caliphate,medieval,Classic Maya & Postclassic,Mesoamerica,999,1034,Scientific,architect,EVT-MED-1000,0.8334,0.713,0.8284,0.8936,0.6548,0.2907,0.7999,55,0.1985,0.82,0.5996,0.8445,0.8754,0.7827,false
CHR-MED-1001,Merchant Prince Rajaraja of Mongol Empire / Ilkhanate,medieval,Tang Dynasty,East Asia,1336,1362,Economic,disruptor,EVT-MED-1001,0.8998,0.7364,0.4319,0.5622,0.885,0.6522,0.7526,25,0.545,0.841,0.7576,1.2389,1.25,1.25,true
CHR-MED-1002,Alchemist Adams of Kamakura / Muromachi Japan,medieval,Umayyad Caliphate (Al-Andalus),Iberia / North Africa,1380,1386,Scientific,catalyst,EVT-MED-1002,0.7569,0.8151,0.738,0.6972,0.807,0.677,0.7345,37,0.4899,0.7479,0.6856,1.1085,1.214,1.1612,false
CHR-MED-1003,Polymath Vikram of Khmer Empire,medieval,Holy Roman Empire,Central Europe,823,862,Scientific,wildcard,EVT-MED-1003,0.5229,0.6209,0.7108,0.4212,0.6586,0.2771,0.7052,35,0.4279,0.5958,0.5279,1.0084,1.0588,1.1092,false
CHR-MED-1004,Mint Overseer Khaldun of Kingdom of England,medieval,Umayyad Caliphate (Al-Andalus),Iberia / North Africa,1480,1487,Economic,architect,EVT-MED-1004,0.8725,0.6392,0.7209,0.9091,0.7312,0.2308,0.6196,113,0.1608,0.7713,0.5837,0.8406,0.8713,0.7791,false
CHR-MED-1005,Dramatist Wilhelm of Song Dynasty,medieval,Song Dynasty,East Asia,1186,1226,Cultural,catalyst,EVT-MED-1005,0.6282,0.7816,0.4632,0.6046,0.7242,0.4672,0.8629,60,0.4313,0.7221,0.6559,1.0991,1.2038,1.1514,false
CHR-MED-1006,Merchant Prince Song of Chola Dynasty,medieval,Mali Empire,West Africa,518,563,Economic,architect,EVT-MED-1006,0.751,0.6379,0.7781,0.8021,0.5146,0.1814,0.5911,65,0.1897,0.687,0.5086,0.8221,0.8522,0.762,false
CHR-MED-1007,Metallurgist Kheti of Umayyad Caliphate (Al-Andalus),medieval,Mali Empire,West Africa,634,656,Scientific,stabilizer,EVT-MED-1007,0.8477,0.5918,0.8845,0.8587,0.5747,0.1706,0.5268,220,0.156,0.7194,0.5101,0.8225,0.8526,0.7623,false
CHR-MED-1008,Marshal Qian of Mongol Empire / Ilkhanate,medieval,Kievan Rus,Eastern Europe,1119,1159,Military,stabilizer,EVT-MED-1008,0.7588,0.6151,0.838,0.8939,0.4608,0.3137,0.5862,227,0.2099,0.6898,0.5076,0.8219,0.8519,0.7617,false
CHR-MED-1009,Legate Alexander of Holy Roman Empire,medieval,Kingdom of France,Western Europe,783,800,Military,stabilizer,EVT-MED-1009,0.6523,0.7376,0.8176,0.8352,0.6492,0.1358,0.6789,133,0.1503,0.6629,0.5198,0.8249,0.855,0.7645,false
CHR-MED-1010,Scribe Narmer of Chola Dynasty,medieval,Mongol Empire / Ilkhanate,Eurasian Steppe,1424,1453,Cultural,stabilizer,EVT-MED-1010,0.7086,0.723,0.9305,0.7697,0.6028,0.1676,0.5643,96,0.1989,0.6509,0.5043,0.8211,0.8511,0.761,false
CHR-MED-1011,Warlord Tiglath of Tang Dynasty,medieval,Song Dynasty,East Asia,737,745,Military,stabilizer,EVT-MED-1011,0.595,0.7807,0.7713,0.8275,0.5473,0.2893,0.4912,112,0.2309,0.5534,0.4965,0.8191,0.8491,0.7592,false
CHR-MED-1012,Synod Envoy Sherman of Mongol Empire / Ilkhanate,medieval,Byzantine Empire,Eastern Mediterranean,1007,1013,Religious,catalyst,EVT-MED-1012,0.5584,0.6836,0.7231,0.7441,0.8115,0.5804,0.8586,34,0.4182,0.6785,0.6202,1.0879,1.1915,1.1397,false
CHR-MED-1013,High Priest Sun of Kamakura / Muromachi Japan,medieval,Chola Dynasty,South India,1033,1050,Religious,stabilizer,EVT-MED-1013,0.7851,0.7716,0.9226,0.8121,0.5954,0.1497,0.5154,168,0.1688,0.6772,0.5182,0.8245,0.8546,0.7642,false
CHR-MED-1014,Dramatist Dara of Song Dynasty,medieval,Byzantine Empire,Eastern Mediterranean,875,915,Cultural,stabilizer,EVT-MED-1014,0.7757,0.7417,0.7866,0.7889,0.6682,0.2072,0.5636,224,0.2091,0.6908,0.5529,0.833,0.8635,0.7721,false
CHR-MED-1015,Master Sculptor Hammurabi of Chola Dynasty,medieval,Kamakura / Muromachi Japan,East Asia,682,701,Cultural,architect,EVT-MED-1015,0.7482,0.7,0.683,0.8165,0.6418,0.4281,0.5983,138,0.3058,0.6883,0.5832,0.8405,0.8712,0.779,false
CHR-MED-1016,Master Sculptor Labarna of Kamakura / Muromachi Japan,medieval,Mali Empire,West Africa,510,543,Cultural,wildcard,EVT-MED-1016,0.7124,0.5217,0.5955,0.6292,0.4162,0.1714,0.4037,42,0.2711,0.5889,0.464,0.9892,1.0387,1.0881,false
CHR-MED-1017,Chancellor Madison of Kievan Rus,medieval,Khmer Empire,Southeast Asia,1116,1143,Political,wildcard,EVT-MED-1017,0.6144,0.6342,0.5834,0.5802,0.2822,0.5305,0.6514,36,0.4752,0.6292,0.531,1.0093,1.0598,1.1102,false
CHR-MED-1018,Dramatist Samudra of Holy Roman Empire,medieval,Kingdom of France,Western Europe,825,830,Cultural,wildcard,EVT-MED-1018,0.8915,0.3974,0.4754,0.2002,0.7873,0.7786,0.6665,50,0.7892,0.8015,0.7098,1.0629,1.1161,1.1692,false
CHR-MED-1019,Centurion Samudra of Kievan Rus,medieval,Umayyad Caliphate (Al-Andalus),Iberia / North Africa,1253,1261,Military,catalyst,EVT-MED-1019,0.53,0.7223,0.7382,0.6023,0.7731,0.5222,0.7512,15,0.46,0.6185,0.5939,1.0796,1.1824,1.131,false
CHR-MED-1020,Alchemist Sumner of Tang Dynasty,medieval,Byzantine Empire,Eastern Mediterranean,1211,1225,Scientific,disruptor,EVT-MED-1020,0.7672,0.772,0.4295,0.6453,0.8348,0.7451,0.8922,44,0.5499,0.8172,0.7532,1.2374,1.25,1.25,true
CHR-MED-1021,Syndic Hattusili of Chola Dynasty,medieval,Kievan Rus,Eastern Europe,1446,1451,Economic,stabilizer,EVT-MED-1021,0.6006,0.7299,0.796,0.8488,0.5592,0.3215,0.4261,72,0.2363,0.5308,0.4836,0.816,0.8458,0.7563,false
CHR-MED-1022,Astronomer Otto of Tang Dynasty,medieval,Holy Roman Empire,Central Europe,517,546,Scientific,disruptor,EVT-MED-1022,0.728,0.7316,0.5154,0.4679,0.7053,0.7669,0.7369,20,0.6495,0.7316,0.6982,1.2184,1.25,1.25,false
CHR-MED-1023,Scribe Leonidas of Khmer Empire,medieval,Byzantine Empire,Eastern Mediterranean,521,538,Cultural,stabilizer,EVT-MED-1023,0.7614,0.7257,0.7633,0.8671,0.4978,0.186,0.6459,193,0.1595,0.7152,0.529,0.8271,0.8574,0.7666,false
CHR-MED-1024,Metallurgist Tariq of Tang Dynasty,medieval,Khmer Empire,Southeast Asia,997,1013,Scientific,stabilizer,EVT-MED-1024,0.7099,0.684,0.8892,0.7471,0.69,0.3461,0.4152,118,0.2995,0.592,0.5215,0.8253,0.8555,0.7649,false
CHR-MED-1025,Astronomer Adams of Chola Dynasty,medieval,Abbasid Caliphate,Middle East,710,750,Scientific,catalyst,EVT-MED-1025,0.7412,0.7884,0.6112,0.5992,0.8966,0.7789,0.762,24,0.5899,0.7495,0.7281,1.1219,1.2287,1.1753,false
CHR-MED-1026,Synod Envoy Theodosius of Holy Roman Empire,medieval,Mali Empire,West Africa,1410,1428,Religious,stabilizer,EVT-MED-1026,0.6439,0.7257,0.7623,0.8149,0.6484,0.2879,0.4236,231,0.2365,0.5558,0.5068,0.8217,0.8517,0.7616,false
CHR-MED-1027,Viceroy Li of Kamakura / Muromachi Japan,medieval,Tang Dynasty,East Asia,747,768,Political,disruptor,EVT-MED-1027,0.8711,0.8358,0.2299,0.5627,0.7671,0.6799,0.9299,23,0.5586,0.8946,0.7986,1.25,1.25,1.25,true
CHR-MED-1028,Minister Harsha of Classic Maya & Postclassic,medieval,Classic Maya & Postclassic,Mesoamerica,959,993,Political,stabilizer,EVT-MED-1028,0.7484,0.7951,0.7382,0.8058,0.647,0.1267,0.5484,81,0.1605,0.6684,0.5406,0.83,0.8603,0.7692,false
CHR-MED-1029,Commander Song of Kingdom of France,medieval,Mali Empire,West Africa,800,827,Military,wildcard,EVT-MED-1029,0.7818,0.5351,0.3269,0.4606,0.6056,0.7086,0.5616,31,0.624,0.6938,0.6514,1.0454,1.0977,1.15,false
CHR-MED-1030,Metallurgist Chen of Kingdom of England,medieval,Kingdom of England,British Isles,1268,1283,Scientific,disruptor,EVT-MED-1030,0.6737,0.7461,0.5109,0.4914,0.7094,0.6635,0.891,41,0.586,0.7606,0.6943,1.217,1.25,1.25,false
CHR-MED-1031,Treasurer Kheti of Kievan Rus,medieval,Kingdom of England,British Isles,1482,1500,Economic,stabilizer,EVT-MED-1031,0.6689,0.6966,0.7802,0.7833,0.5981,0.3114,0.4427,205,0.2641,0.5784,0.5074,0.8218,0.8519,0.7617,false
CHR-MED-1032,Treasurer Averroes of Song Dynasty,medieval,Mali Empire,West Africa,1449,1482,Economic,wildcard,EVT-MED-1032,0.4725,0.7104,0.2056,0.7616,0.5023,0.6449,0.8536,57,0.4417,0.6249,0.6162,1.0348,1.0866,1.1383,false
CHR-MED-1033,Metallurgist Valdemar of Kingdom of France,medieval,Abbasid Caliphate,Middle East,897,934,Scientific,wildcard,EVT-MED-1033,0.7286,0.8327,0.6691,0.2847,0.6941,0.6853,0.8318,47,0.7003,0.7699,0.7076,1.0623,1.1154,1.1685,false
CHR-MED-1034,Senator Sargon of Chola Dynasty,medieval,Song Dynasty,East Asia,1060,1091,Political,stabilizer,EVT-MED-1034,0.621,0.6496,0.8043,0.7771,0.6552,0.2835,0.4959,135,0.2532,0.5709,0.4986,0.8197,0.8496,0.7597,false
CHR-MED-1035,Arch-Engineer Franklin of Abbasid Caliphate,medieval,Khmer Empire,Southeast Asia,551,580,Scientific,stabilizer,EVT-MED-1035,0.7183,0.6452,0.8539,0.8757,0.5856,0.3324,0.6552,68,0.2284,0.6931,0.5332,0.8282,0.8585,0.7676,false
CHR-MED-1036,Patriarch Harsha of Song Dynasty,medieval,Mongol Empire / Ilkhanate,Eurasian Steppe,1092,1121,Religious,catalyst,EVT-MED-1036,0.6709,0.8167,0.5951,0.7333,0.8772,0.631,0.7478,48,0.4489,0.7017,0.6825,1.1075,1.2129,1.1602,false
CHR-MED-1037,Dramatist Khaldun of Tang Dynasty,medieval,Holy Roman Empire,Central Europe,1413,1439,Cultural,disruptor,EVT-MED-1037,0.6828,0.5774,0.4385,0.4177,0.7453,0.7709,0.889,12,0.6766,0.7653,0.7034,1.2202,1.25,1.25,false
CHR-MED-1038,High Priest Dara of Umayyad Caliphate (Al-Andalus),medieval,Song Dynasty,East Asia,1012,1056,Religious,architect,EVT-MED-1038,0.697,0.8167,0.8421,0.8988,0.6289,0.2753,0.7152,136,0.1883,0.7043,0.5605,0.8349,0.8654,0.7738,false
CHR-MED-1039,High Priest Enheduanna of Chola Dynasty,medieval,Kingdom of England,British Isles,955,985,Religious,architect,EVT-MED-1039,0.8526,0.7094,0.7285,0.7181,0.7095,0.1968,0.7127,139,0.2393,0.7967,0.6037,0.8455,0.8764,0.7836,false
CHR-MED-1040,Marshal Adams of Classic Maya & Postclassic,medieval,Umayyad Caliphate (Al-Andalus),Iberia / North Africa,733,738,Military,catalyst,EVT-MED-1040,0.6698,0.8608,0.507,0.7349,0.8088,0.5237,0.8603,12,0.3944,0.746,0.688,1.1092,1.2149,1.1621,false
CHR-MED-1041,Synod Envoy Khaldun of Chola Dynasty,medieval,Kamakura / Muromachi Japan,East Asia,1037,1079,Religious,wildcard,EVT-MED-1041,0.6765,0.505,0.5595,0.2667,0.2926,0.5185,0.8603,34,0.6259,0.75,0.5763,1.0229,1.074,1.1252,false
CHR-MED-1042,Legate Ashoka of Khmer Empire,medieval,Kingdom of England,British Isles,614,659,Military,stabilizer,EVT-MED-1042,0.7533,0.5662,0.8503,0.8297,0.581,0.315,0.5143,153,0.2427,0.6577,0.5083,0.822,0.8521,0.7619,false
CHR-MED-1043,Chancellor Nizam of Tang Dynasty,medieval,Kievan Rus,Eastern Europe,1011,1027,Political,disruptor,EVT-MED-1043,0.8522,0.82,0.3542,0.4471,0.7226,0.7059,0.9421,13,0.6294,0.8882,0.7839,1.2479,1.25,1.25,true
CHR-MED-1044,Warlord Wu of Mali Empire,medieval,Mali Empire,West Africa,1463,1500,Military,architect,EVT-MED-1044,0.6834,0.7598,0.7672,0.8885,0.7143,0.3929,0.7732,143,0.2522,0.7193,0.5957,0.8436,0.8744,0.7818,false
CHR-MED-1045,Master Sculptor Necker of Umayyad Caliphate (Al-Andalus),medieval,Kamakura / Muromachi Japan,East Asia,675,698,Cultural,disruptor,EVT-MED-1045,0.918,0.7292,0.4156,0.3359,0.7371,0.7096,0.9211,15,0.6868,0.9192,0.7857,1.2486,1.25,1.25,true
CHR-MED-1046,Chamberlain Qian of Kingdom of England,medieval,Song Dynasty,East Asia,587,621,Economic,wildcard,EVT-MED-1046,0.4848,0.7284,0.6051,0.6779,0.7388,0.3751,0.8349,26,0.3486,0.6248,0.5784,1.0235,1.0747,1.1259,false
CHR-MED-1047,Senator Song of Khmer Empire,medieval,Umayyad Caliphate (Al-Andalus),Iberia / North Africa,1257,1266,Political,disruptor,EVT-MED-1047,0.7224,0.6746,0.2047,0.4469,0.8747,0.7955,0.9193,19,0.6743,0.8012,0.7774,1.2457,1.25,1.25,true
CHR-MED-1048,Synod Envoy Hammurabi of Mongol Empire / Ilkhanate,medieval,Song Dynasty,East Asia,674,692,Religious,disruptor,EVT-MED-1048,0.7933,0.7094,0.372,0.3544,0.7657,0.8005,0.8251,23,0.723,0.806,0.7585,1.2392,1.25,1.25,true
CHR-MED-1049,Centurion Otto of Kingdom of England,medieval,Kievan Rus,Eastern Europe,1478,1500,Military,disruptor,EVT-MED-1049,0.8992,0.8251,0.5091,0.5903,0.9384,0.8699,0.7274,27,0.6398,0.8305,0.7985,1.25,1.25,1.25,true
CHR-MED-1050,Archon Mentuhotep of Classic Maya & Postclassic,medieval,Kingdom of England,British Isles,913,936,Political,disruptor,EVT-MED-1050,0.8175,0.7048,0.2945,0.4935,0.8106,0.6949,0.8121,29,0.6007,0.8154,0.7536,1.2375,1.25,1.25,true
CHR-MED-1051,Philosopher Baldwin of Classic Maya & Postclassic,medieval,Kamakura / Muromachi Japan,East Asia,503,548,Cultural,architect,EVT-MED-1051,0.8698,0.864,0.832,0.9018,0.7668,0.2869,0.6899,64,0.1925,0.7978,0.6303,0.8521,0.8832,0.7897,false
CHR-MED-1052,Pontiff Khaldun of Holy Roman Empire,medieval,Tang Dynasty,East Asia,938,971,Religious,architect,EVT-MED-1052,0.7326,0.8025,0.7455,0.9082,0.6601,0.4098,0.6888,122,0.2508,0.7151,0.5974,0.844,0.8748,0.7822,false
CHR-MED-1053,Astronomer Zhang of Kingdom of England,medieval,Mongol Empire / Ilkhanate,Eurasian Steppe,903,946,Scientific,disruptor,EVT-MED-1053,0.6679,0.5191,0.218,0.4473,0.8409,0.8578,0.798,25,0.7052,0.7199,0.7252,1.2277,1.25,1.25,false
CHR-MED-1054,Hierophant Nizam of Byzantine Empire,medieval,Song Dynasty,East Asia,833,864,Religious,stabilizer,EVT-MED-1054,0.6101,0.6837,0.8328,0.7664,0.6205,0.3404,0.5647,237,0.287,0.592,0.5123,0.823,0.8531,0.7628,false
CHR-MED-1055,Governor Solon of Classic Maya & Postclassic,medieval,Song Dynasty,East Asia,764,807,Political,catalyst,EVT-MED-1055,0.673,0.7293,0.6396,0.5663,0.831,0.6628,0.8051,29,0.5482,0.7258,0.6802,1.1068,1.2122,1.1595,false
CHR-MED-1056,Legate Suppiluliuma of Chola Dynasty,medieval,Song Dynasty,East Asia,1127,1159,Military,disruptor,EVT-MED-1056,0.6433,0.5198,0.3957,0.3307,0.8585,0.8264,0.7964,19,0.7479,0.7045,0.7049,1.2207,1.25,1.25,false
CHR-MED-1057,Commander Chen of Chola Dynasty,medieval,Kingdom of England,British Isles,594,600,Military,disruptor,EVT-MED-1057,0.9421,0.5718,0.4214,0.6369,0.7583,0.9175,0.911,32,0.6403,0.9296,0.7853,1.2484,1.25,1.25,true
CHR-MED-1058,Mint Overseer Averroes of Kingdom of England,medieval,Classic Maya & Postclassic,Mesoamerica,824,832,Economic,catalyst,EVT-MED-1058,0.5014,0.8772,0.7409,0.5896,0.7465,0.6682,0.7889,46,0.5393,0.6164,0.6339,1.0922,1.1962,1.1442,false
CHR-MED-1059,Poet Laureate Rajaraja of Umayyad Caliphate (Al-Andalus),medieval,Kamakura / Muromachi Japan,East Asia,1345,1361,Cultural,catalyst,EVT-MED-1059,0.566,0.8793,0.5133,0.5918,0.7586,0.4709,0.7698,23,0.4395,0.6475,0.6424,1.0948,1.1991,1.147,false
CHR-MED-1060,Cardinal Sun of Abbasid Caliphate,medieval,Kingdom of France,Western Europe,1345,1354,Religious,wildcard,EVT-MED-1060,0.8974,0.829,0.5484,0.3568,0.6174,0.649,0.5817,48,0.6461,0.7711,0.7032,1.061,1.114,1.1671,false
CHR-MED-1061,Master Sculptor Sherman of Song Dynasty,medieval,Mongol Empire / Ilkhanate,Eurasian Steppe,1458,1485,Cultural,catalyst,EVT-MED-1061,0.6622,0.8668,0.7109,0.551,0.8273,0.5876,0.8843,45,0.5183,0.751,0.6918,1.1104,1.2162,1.1633,false
CHR-MED-1062,Governor Chen of Khmer Empire,medieval,Classic Maya & Postclassic,Mesoamerica,618,655,Political,architect,EVT-MED-1062,0.8968,0.8773,0.7847,0.8955,0.6565,0.2531,0.7845,180,0.1788,0.8519,0.6367,0.8536,0.8848,0.7912,false
CHR-MED-1063,High Priest Tiglath of Chola Dynasty,medieval,Umayyad Caliphate (Al-Andalus),Iberia / North Africa,809,839,Religious,wildcard,EVT-MED-1063,0.7687,0.4289,0.1798,0.7023,0.29,0.8075,0.4131,54,0.5526,0.6265,0.58,1.024,1.0752,1.1264,false
CHR-MED-1064,Legate Colbert of Khmer Empire,medieval,Tang Dynasty,East Asia,959,969,Military,stabilizer,EVT-MED-1064,0.6229,0.5595,0.9156,0.8523,0.4596,0.2297,0.5152,41,0.1887,0.5798,0.4362,0.8043,0.8337,0.75,false
CHR-MED-1065,Arch-Engineer Mursili of Holy Roman Empire,medieval,Classic Maya & Postclassic,Mesoamerica,704,716,Scientific,wildcard,EVT-MED-1065,0.5671,0.6107,0.6521,0.338,0.2127,0.5075,0.8085,46,0.5847,0.6637,0.5306,1.0092,1.0596,1.1101,false
CHR-MED-1066,Hierophant Heinrich of Umayyad Caliphate (Al-Andalus),medieval,Mongol Empire / Ilkhanate,Eurasian Steppe,1186,1231,Religious,disruptor,EVT-MED-1066,0.8467,0.7509,0.2292,0.5892,0.7203,0.7331,0.8328,22,0.572,0.8411,0.7649,1.2414,1.25,1.25,true
CHR-MED-1067,General Richelieu of Mongol Empire / Ilkhanate,medieval,Khmer Empire,Southeast Asia,925,961,Military,catalyst,EVT-MED-1067,0.5996,0.6545,0.4559,0.7509,0.8982,0.6899,0.9028,58,0.4695,0.7209,0.6886,1.1094,1.2151,1.1622,false
CHR-MED-1068,Mint Overseer Marshall of Song Dynasty,medieval,Mongol Empire / Ilkhanate,Eurasian Steppe,565,576,Economic,stabilizer,EVT-MED-1068,0.6083,0.5894,0.9338,0.8993,0.5789,0.2078,0.5332,63,0.1542,0.5783,0.4501,0.8077,0.8373,0.75,false
CHR-MED-1069,Consul Valdemar of Mali Empire,medieval,Abbasid Caliphate,Middle East,716,756,Political,catalyst,EVT-MED-1069,0.5836,0.7264,0.4771,0.6878,0.9262,0.7327,0.8843,45,0.5224,0.7039,0.7042,1.1143,1.2205,1.1674,false
CHR-MED-1070,Centurion Talleyrand of Khmer Empire,medieval,Holy Roman Empire,Central Europe,782,796,Military,catalyst,EVT-MED-1070,0.6571,0.6517,0.4875,0.66,0.9497,0.5436,0.895,45,0.4418,0.7523,0.6885,1.1094,1.215,1.1622,false
CHR-MED-1071,Legate Marshall of Chola Dynasty,medieval,Classic Maya & Postclassic,Mesoamerica,751,788,Military,wildcard,EVT-MED-1071,0.5772,0.587,0.2962,0.427,0.6589,0.8407,0.4985,19,0.7069,0.5457,0.6311,1.0393,1.0913,1.1433,false
CHR-MED-1072,Senator Valdemar of Abbasid Caliphate,medieval,Mongol Empire / Ilkhanate,Eurasian Steppe,1009,1045,Political,stabilizer,EVT-MED-1072,0.7345,0.6565,0.9063,0.8015,0.4539,0.1607,0.6292,216,0.1796,0.6924,0.488,0.817,0.8469,0.7573,false
CHR-MED-1073,Centurion Qian of Kingdom of England,medieval,Tang Dynasty,East Asia,1168,1205,Military,wildcard,EVT-MED-1073,0.5698,0.4802,0.3765,0.3942,0.429,0.2184,0.7481,27,0.4121,0.6411,0.5164,1.0049,1.0552,1.1054,false
CHR-MED-1074,Legate Chandra of Umayyad Caliphate (Al-Andalus),medieval,Song Dynasty,East Asia,867,881,Military,architect,EVT-MED-1074,0.8219,0.6264,0.7101,0.8432,0.7463,0.212,0.7616,168,0.1844,0.7978,0.5942,0.8432,0.874,0.7815,false
CHR-MED-1075,Synod Envoy Otto of Tang Dynasty,medieval,Kamakura / Muromachi Japan,East Asia,576,621,Religious,stabilizer,EVT-MED-1075,0.7267,0.7569,0.7405,0.8314,0.6531,0.2997,0.6191,72,0.2342,0.6837,0.5654,0.8361,0.8667,0.7749,false
CHR-MED-1076,Pontiff Dara of Song Dynasty,medieval,Song Dynasty,East Asia,1409,1451,Religious,stabilizer,EVT-MED-1076,0.7285,0.6012,0.8736,0.7566,0.6328,0.3189,0.6667,123,0.2812,0.7038,0.5399,0.8298,0.8602,0.7691,false
CHR-MED-1077,High Priest Ashoka of Mongol Empire / Ilkhanate,medieval,Khmer Empire,Southeast Asia,994,1016,Religious,disruptor,EVT-MED-1077,0.9049,0.8069,0.4225,0.6056,0.923,0.7833,0.9424,19,0.5888,0.9199,0.822,1.25,1.25,1.25,true
CHR-MED-1078,Physician Justinian of Classic Maya & Postclassic,medieval,Tang Dynasty,East Asia,1177,1183,Scientific,wildcard,EVT-MED-1078,0.7782,0.583,0.7117,0.4148,0.5513,0.819,0.6608,30,0.7021,0.7313,0.6448,1.0434,1.0956,1.1478,false
CHR-MED-1079,Poet Laureate Enheduanna of Umayyad Caliphate (Al-Andalus),medieval,Mongol Empire / Ilkhanate,Eurasian Steppe,938,982,Cultural,catalyst,EVT-MED-1079,0.7577,0.8188,0.5073,0.6397,0.7715,0.5403,0.8324,44,0.4503,0.7876,0.7012,1.1134,1.2194,1.1664,false
CHR-MED-1080,Patriarch Kheti of Umayyad Caliphate (Al-Andalus),medieval,Kingdom of England,British Isles,1131,1164,Religious,disruptor,EVT-MED-1080,0.6972,0.5361,0.5074,0.4964,0.7261,0.8587,0.8738,14,0.6811,0.7678,0.6979,1.2183,1.25,1.25,false
CHR-MED-1081,Alchemist Wu of Mali Empire,medieval,Umayyad Caliphate (Al-Andalus),Iberia / North Africa,1346,1369,Scientific,stabilizer,EVT-MED-1081,0.69,0.7513,0.7839,0.886,0.5176,0.157,0.4097,154,0.1355,0.5779,0.4751,0.8139,0.8437,0.7543,false
CHR-MED-1082,Warlord Li of Holy Roman Empire,medieval,Kingdom of France,Western Europe,707,747,Military,wildcard,EVT-MED-1082,0.7571,0.7783,0.4998,0.7242,0.232,0.2588,0.6068,46,0.2673,0.697,0.5345,1.0103,1.0609,1.1114,false
CHR-MED-1083,Synod Envoy Richelieu of Kingdom of England,medieval,Kingdom of France,Western Europe,646,672,Religious,catalyst,EVT-MED-1083,0.6013,0.8295,0.5725,0.6238,0.7937,0.7493,0.8692,50,0.5628,0.7085,0.6981,1.1124,1.2184,1.1654,false
CHR-MED-1084,Chronicler Mazarin of Song Dynasty,medieval,Byzantine Empire,Eastern Mediterranean,773,797,Cultural,wildcard,EVT-MED-1084,0.5222,0.8412,0.3413,0.5065,0.7383,0.2695,0.8479,61,0.3815,0.6525,0.6256,1.0377,1.0896,1.1415,false
CHR-MED-1085,Scribe Thutmose of Song Dynasty,medieval,Kingdom of France,Western Europe,667,705,Cultural,catalyst,EVT-MED-1085,0.7402,0.9114,0.6482,0.6647,0.8332,0.7337,0.9029,30,0.5345,0.8053,0.7442,1.1269,1.2342,1.1806,false
CHR-MED-1086,Mint Overseer Averroes of Abbasid Caliphate,medieval,Chola Dynasty,South India,672,687,Economic,disruptor,EVT-MED-1086,0.8186,0.5881,0.3237,0.5584,0.8808,0.753,0.7434,23,0.5973,0.7885,0.7392,1.2325,1.25,1.25,false
CHR-MED-1087,Pontiff Vikram of Chola Dynasty,medieval,Song Dynasty,East Asia,730,765,Religious,wildcard,EVT-MED-1087,0.6522,0.8472,0.6706,0.5403,0.6756,0.3328,0.7461,64,0.3962,0.6897,0.6092,1.0328,1.0844,1.136,false
CHR-MED-1088,Senator Kautilya of Khmer Empire,medieval,Mongol Empire / Ilkhanate,Eurasian Steppe,1179,1221,Political,disruptor,EVT-MED-1088,0.6662,0.8333,0.4264,0.6256,0.911,0.6622,0.9553,17,0.5183,0.7819,0.7469,1.2352,1.25,1.25,false
CHR-MED-1089,Philosopher Marshall of Holy Roman Empire,medieval,Khmer Empire,Southeast Asia,601,635,Cultural,disruptor,EVT-MED-1089,0.9332,0.6885,0.3768,0.5721,0.9032,0.7122,0.8242,13,0.5701,0.8896,0.7862,1.2487,1.25,1.25,true
CHR-MED-1090,Dramatist Sargon of Mongol Empire / Ilkhanate,medieval,Song Dynasty,East Asia,560,604,Cultural,architect,EVT-MED-1090,0.8799,0.8482,0.8794,0.8494,0.5362,0.2869,0.6744,146,0.2187,0.7977,0.5914,0.8425,0.8733,0.7808,false
CHR-MED-1091,General Mirabeau of Byzantine Empire,medieval,Mali Empire,West Africa,1480,1500,Military,wildcard,EVT-MED-1091,0.4226,0.8057,0.7147,0.4799,0.4194,0.4402,0.5069,41,0.4801,0.4563,0.486,0.9958,1.0456,1.0954,false
CHR-MED-1092,Philosopher Dara of Tang Dynasty,medieval,Classic Maya & Postclassic,Mesoamerica,1469,1500,Cultural,architect,EVT-MED-1092,0.6775,0.7045,0.7484,0.8496,0.5966,0.2629,0.6599,129,0.2067,0.6704,0.5356,0.8288,0.8591,0.7681,false
CHR-MED-1093,Scribe Talleyrand of Classic Maya & Postclassic,medieval,Kingdom of England,British Isles,1068,1097,Cultural,stabilizer,EVT-MED-1093,0.6647,0.7848,0.9319,0.7227,0.6341,0.2153,0.4353,177,0.2463,0.5729,0.4973,0.8193,0.8493,0.7594,false
CHR-MED-1094,Geometer Dara of Mongol Empire / Ilkhanate,medieval,Kingdom of England,British Isles,1092,1097,Scientific,disruptor,EVT-MED-1094,0.6032,0.5863,0.5047,0.5733,0.7214,0.7815,0.8739,8,0.6041,0.7115,0.6661,1.2073,1.25,1.25,false
CHR-MED-1095,Governor Adams of Chola Dynasty,medieval,Tang Dynasty,East Asia,1459,1492,Political,catalyst,EVT-MED-1095,0.777,0.9103,0.5252,0.6892,0.7816,0.6263,0.7527,44,0.4685,0.7673,0.7179,1.1186,1.2252,1.1719,false
CHR-MED-1096,Patriarch Kheti of Kievan Rus,medieval,Kingdom of England,British Isles,1007,1034,Religious,stabilizer,EVT-MED-1096,0.6397,0.764,0.8441,0.8827,0.6434,0.1706,0.6628,128,0.1439,0.6489,0.5175,0.8243,0.8545,0.764,false
CHR-MED-1097,Viceroy Samudra of Classic Maya & Postclassic,medieval,Khmer Empire,Southeast Asia,1249,1261,Political,architect,EVT-MED-1097,0.7546,0.8361,0.7107,0.8102,0.5052,0.3812,0.684,169,0.2855,0.7263,0.588,0.8417,0.8725,0.7801,false
CHR-MED-1098,Prefect Valdemar of Khmer Empire,medieval,Song Dynasty,East Asia,1265,1295,Political,catalyst,EVT-MED-1098,0.8079,0.668,0.625,0.6103,0.8716,0.7466,0.7064,49,0.5681,0.7673,0.7078,1.1155,1.2217,1.1686,false
CHR-MED-1099,Centurion Labarna of Umayyad Caliphate (Al-Andalus),medieval,Kamakura / Muromachi Japan,East Asia,1452,1490,Military,stabilizer,EVT-MED-1099,0.6185,0.7875,0.8671,0.8606,0.6757,0.3425,0.6549,101,0.2409,0.6331,0.544,0.8308,0.8612,0.77,false
CHR-MED-1100,Marshal Narmer of Classic Maya & Postclassic,medieval,Mali Empire,West Africa,1378,1393,Military,catalyst,EVT-MED-1100,0.5116,0.7203,0.4953,0.5616,0.9089,0.5484,0.841,25,0.4934,0.6434,0.6531,1.0982,1.2028,1.1505,false
CHR-MED-1101,High Priest Wu of Kingdom of England,medieval,Abbasid Caliphate,Middle East,572,592,Religious,stabilizer,EVT-MED-1101,0.8431,0.5933,0.8475,0.8223,0.6159,0.2956,0.5036,54,0.2367,0.7073,0.5362,0.8289,0.8592,0.7682,false
CHR-MED-1102,Mint Overseer Aurelius of Kamakura / Muromachi Japan,medieval,Mali Empire,West Africa,1305,1323,Economic,architect,EVT-MED-1102,0.8727,0.6932,0.7041,0.8514,0.5468,0.2471,0.6188,129,0.1979,0.7711,0.5711,0.8375,0.8681,0.7762,false
CHR-MED-1103,Customs Director Theodosius of Mali Empire,medieval,Mali Empire,West Africa,516,537,Economic,stabilizer,EVT-MED-1103,0.6619,0.7793,0.7897,0.724,0.668,0.2335,0.6061,213,0.2548,0.6395,0.5433,0.8307,0.8611,0.7699,false
CHR-MED-1104,High Priest Wu of Kamakura / Muromachi Japan,medieval,Song Dynasty,East Asia,1454,1485,Religious,stabilizer,EVT-MED-1104,0.6575,0.7243,0.7214,0.8376,0.5579,0.1755,0.5727,45,0.1689,0.6236,0.5049,0.8212,0.8513,0.7611,false
CHR-MED-1105,Legate Harun of Classic Maya & Postclassic,medieval,Mongol Empire / Ilkhanate,Eurasian Steppe,681,702,Military,disruptor,EVT-MED-1105,0.6445,0.5357,0.2093,0.5982,0.9317,0.7348,0.9174,34,0.5683,0.7537,0.7282,1.2287,1.25,1.25,false
CHR-MED-1106,Commander Necker of Kamakura / Muromachi Japan,medieval,Tang Dynasty,East Asia,703,743,Military,disruptor,EVT-MED-1106,0.9363,0.5981,0.229,0.5902,0.7444,0.8054,0.7712,42,0.6076,0.8703,0.7695,1.243,1.25,1.25,true
CHR-MED-1107,Alchemist Heinrich of Mali Empire,medieval,Holy Roman Empire,Central Europe,911,945,Scientific,stabilizer,EVT-MED-1107,0.5864,0.5908,0.8448,0.6974,0.4638,0.1249,0.5111,222,0.2137,0.5563,0.4308,0.803,0.8324,0.75,false
CHR-MED-1108,Marshal Leonidas of Mongol Empire / Ilkhanate,medieval,Kamakura / Muromachi Japan,East Asia,1340,1369,Military,architect,EVT-MED-1108,0.9098,0.7474,0.7494,0.8801,0.7229,0.2074,0.6955,172,0.1637,0.8241,0.6145,0.8482,0.8792,0.7861,false
CHR-MED-1109,Geometer Zhao of Tang Dynasty,medieval,Kamakura / Muromachi Japan,East Asia,511,543,Scientific,wildcard,EVT-MED-1109,0.4736,0.3762,0.4414,0.5313,0.4033,0.4061,0.4894,30,0.4374,0.4799,0.4489,0.9847,1.0339,1.0832,false
CHR-MED-1110,Astronomer Nizam of Tang Dynasty,medieval,Umayyad Caliphate (Al-Andalus),Iberia / North Africa,1165,1181,Scientific,stabilizer,EVT-MED-1110,0.846,0.6485,0.7939,0.8295,0.5768,0.2998,0.4112,153,0.2351,0.6721,0.5311,0.8276,0.8579,0.7671,false
CHR-MED-1111,Philosopher Samudra of Classic Maya & Postclassic,medieval,Tang Dynasty,East Asia,1203,1224,Cultural,catalyst,EVT-MED-1111,0.5739,0.7138,0.4626,0.5606,0.854,0.7085,0.9022,26,0.574,0.7052,0.696,1.1117,1.2176,1.1647,false
CHR-MED-1112,High Priest Naram-Sin of Kingdom of France,medieval,Song Dynasty,East Asia,1387,1403,Religious,architect,EVT-MED-1112,0.7314,0.7004,0.7926,0.8114,0.6001,0.2104,0.5815,83,0.1995,0.6714,0.5269,0.8266,0.8569,0.7661,false
CHR-MED-1113,Philosopher Madison of Khmer Empire,medieval,Kingdom of France,Western Europe,1214,1257,Cultural,architect,EVT-MED-1113,0.8083,0.7953,0.7233,0.8069,0.6614,0.2683,0.5539,59,0.2307,0.7065,0.5812,0.84,0.8707,0.7785,false
CHR-MED-1114,Senator Ibn-Sina of Byzantine Empire,medieval,Khmer Empire,Southeast Asia,701,739,Political,stabilizer,EVT-MED-1114,0.7856,0.6525,0.9191,0.7997,0.5059,0.2155,0.4342,115,0.2079,0.645,0.4857,0.8165,0.8464,0.7567,false
CHR-MED-1115,Imam Sumner of Kievan Rus,medieval,Umayyad Caliphate (Al-Andalus),Iberia / North Africa,1188,1202,Religious,architect,EVT-MED-1115,0.6775,0.8616,0.8149,0.9061,0.7335,0.2027,0.624,45,0.1483,0.6561,0.5558,0.8337,0.8642,0.7727,false
CHR-MED-1116,Rhetorician Rimush of Byzantine Empire,medieval,Kingdom of France,Western Europe,1208,1214,Cultural,catalyst,EVT-MED-1116,0.7539,0.6646,0.5342,0.5912,0.9059,0.7215,0.7871,12,0.5652,0.7672,0.7174,1.1185,1.225,1.1717,false
CHR-MED-1117,Arch-Engineer Valdemar of Abbasid Caliphate,medieval,Mali Empire,West Africa,1231,1240,Scientific,disruptor,EVT-MED-1117,0.686,0.836,0.4109,0.5199,0.8808,0.8688,0.757,23,0.6744,0.7144,0.7558,1.2383,1.25,1.25,true
CHR-MED-1118,Chancellor Saladin of Umayyad Caliphate (Al-Andalus),medieval,Classic Maya & Postclassic,Mesoamerica,525,569,Political,wildcard,EVT-MED-1118,0.6021,0.5064,0.2144,0.7623,0.6187,0.1817,0.4489,9,0.2097,0.5408,0.5043,1.0013,1.0514,1.1014,false
CHR-MED-1119,Mint Overseer Heinrich of Classic Maya & Postclassic,medieval,Kievan Rus,Eastern Europe,910,926,Economic,catalyst,EVT-MED-1119,0.5202,0.7322,0.571,0.743,0.821,0.7113,0.7338,50,0.4842,0.6057,0.6355,1.0927,1.1968,1.1447,false
CHR-MED-1120,Abbess Belisarius of Abbasid Caliphate,medieval,Kingdom of France,Western Europe,661,686,Religious,stabilizer,EVT-MED-1120,0.6281,0.7308,0.8424,0.7869,0.4727,0.3136,0.5512,193,0.2633,0.5973,0.4937,0.8184,0.8484,0.7586,false
CHR-MED-1121,Scribe Hattusili of Chola Dynasty,medieval,Mongol Empire / Ilkhanate,Eurasian Steppe,1223,1243,Cultural,wildcard,EVT-MED-1121,0.4889,0.3565,0.5217,0.2745,0.2045,0.4204,0.7367,32,0.573,0.5881,0.464,0.9892,1.0387,1.0881,false
CHR-MED-1122,Imam Mirabeau of Classic Maya & Postclassic,medieval,Kamakura / Muromachi Japan,East Asia,1112,1137,Religious,architect,EVT-MED-1122,0.725,0.6947,0.7906,0.8393,0.5941,0.3278,0.7808,131,0.2442,0.7473,0.5698,0.8372,0.8678,0.7759,false
CHR-MED-1123,Guild Master Belisarius of Mongol Empire / Ilkhanate,medieval,Byzantine Empire,Eastern Mediterranean,658,699,Economic,wildcard,EVT-MED-1123,0.7958,0.6728,0.6203,0.2535,0.3809,0.6149,0.4719,60,0.6807,0.6662,0.5953,1.0286,1.08,1.1315,false
CHR-MED-1124,Astronomer Gao of Song Dynasty,medieval,Byzantine Empire,Eastern Mediterranean,837,866,Scientific,disruptor,EVT-MED-1124,0.7555,0.7542,0.3675,0.4279,0.7993,0.7434,0.7586,40,0.6577,0.7567,0.7391,1.2325,1.25,1.25,false
CHR-MED-1125,Syndic Vikram of Holy Roman Empire,medieval,Classic Maya & Postclassic,Mesoamerica,1109,1122,Economic,catalyst,EVT-MED-1125,0.7189,0.7253,0.4727,0.6656,0.9347,0.5765,0.9154,58,0.4554,0.7975,0.722,1.1199,1.2266,1.1732,false
CHR-MED-1126,Scribe Averroes of Abbasid Caliphate,medieval,Mongol Empire / Ilkhanate,Eurasian Steppe,1211,1233,Cultural,disruptor,EVT-MED-1126,0.9487,0.84,0.4881,0.5366,0.7293,0.6643,0.8473,27,0.5638,0.9081,0.7737,1.2444,1.25,1.25,true
CHR-MED-1127,Senator Godfrey of Song Dynasty,medieval,Mongol Empire / Ilkhanate,Eurasian Steppe,969,999,Political,stabilizer,EVT-MED-1127,0.6377,0.6762,0.803,0.7403,0.5702,0.1258,0.4652,61,0.1927,0.5687,0.4677,0.8121,0.8418,0.7526,false
CHR-MED-1128,Scribe Heinrich of Abbasid Caliphate,medieval,Mongol Empire / Ilkhanate,Eurasian Steppe,1101,1123,Cultural,architect,EVT-MED-1128,0.8744,0.7886,0.8157,0.8873,0.5475,0.2977,0.8168,108,0.2052,0.8514,0.6103,0.8471,0.8781,0.7851,false
CHR-MED-1129,Metallurgist Hammurabi of Kievan Rus,medieval,Abbasid Caliphate,Middle East,1055,1071,Scientific,catalyst,EVT-MED-1129,0.6013,0.7663,0.5322,0.6543,0.7791,0.7889,0.7963,13,0.5673,0.6793,0.684,1.108,1.2135,1.1607,false
CHR-MED-1130,Treasurer Zhang of Mali Empire,medieval,Umayyad Caliphate (Al-Andalus),Iberia / North Africa,804,849,Economic,disruptor,EVT-MED-1130,0.7484,0.8319,0.3152,0.4129,0.7137,0.9266,0.843,8,0.7568,0.7862,0.7822,1.2474,1.25,1.25,true
CHR-MED-1131,Chancellor Godfrey of Classic Maya & Postclassic,medieval,Mali Empire,West Africa,654,670,Political,stabilizer,EVT-MED-1131,0.7168,0.72,0.7321,0.7309,0.5567,0.1818,0.5702,197,0.2255,0.6582,0.5238,0.8258,0.8561,0.7654,false
CHR-MED-1132,Admiral Li of Classic Maya & Postclassic,medieval,Kingdom of France,Western Europe,1065,1085,Military,catalyst,EVT-MED-1132,0.7651,0.765,0.6062,0.6554,0.7433,0.7007,0.7083,43,0.5227,0.7423,0.6855,1.1084,1.214,1.1612,false
CHR-MED-1133,Scribe Madison of Kamakura / Muromachi Japan,medieval,Kamakura / Muromachi Japan,East Asia,1475,1500,Cultural,wildcard,EVT-MED-1133,0.8383,0.5458,0.5772,0.7631,0.8389,0.6892,0.4052,64,0.4631,0.6651,0.6356,1.0407,1.0927,1.1447,false
CHR-MED-1134,Abbess Narmer of Byzantine Empire,medieval,Khmer Empire,Southeast Asia,1104,1139,Religious,catalyst,EVT-MED-1134,0.7161,0.7184,0.5075,0.5575,0.8272,0.7287,0.8053,20,0.5856,0.7518,0.7123,1.1169,1.2233,1.1701,false
CHR-MED-1135,Cardinal Gao of Tang Dynasty,medieval,Tang Dynasty,East Asia,742,786,Religious,stabilizer,EVT-MED-1135,0.6062,0.6049,0.9268,0.6904,0.6365,0.139,0.6015,69,0.2243,0.6043,0.4716,0.813,0.8428,0.7535,false
CHR-MED-1136,Metallurgist Richelieu of Holy Roman Empire,medieval,Kingdom of France,Western Europe,588,596,Scientific,wildcard,EVT-MED-1136,0.4874,0.3966,0.2517,0.6783,0.287,0.7826,0.6813,4,0.5521,0.565,0.5349,1.0105,1.061,1.1115,false
CHR-MED-1137,Chancellor Constantine of Kievan Rus,medieval,Khmer Empire,Southeast Asia,1056,1070,Political,wildcard,EVT-MED-1137,0.6081,0.5171,0.232,0.3017,0.4378,0.5566,0.7998,68,0.6275,0.6848,0.6104,1.0331,1.0848,1.1364,false
CHR-MED-1138,Mint Overseer Mentuhotep of Song Dynasty,medieval,Khmer Empire,Southeast Asia,616,637,Economic,disruptor,EVT-MED-1138,0.6401,0.5429,0.5053,0.5458,0.9295,0.814,0.7673,42,0.6341,0.6909,0.6903,1.2156,1.25,1.25,false
CHR-MED-1139,Warlord Valdemar of Abbasid Caliphate,medieval,Kievan Rus,Eastern Europe,536,581,Military,architect,EVT-MED-1139,0.8286,0.7179,0.7688,0.7129,0.5893,0.2896,0.6223,158,0.2883,0.7461,0.5775,0.8391,0.8698,0.7777,false
CHR-MED-1140,Strategos Friedrich of Kingdom of France,medieval,Kingdom of France,Western Europe,761,784,Military,catalyst,EVT-MED-1140,0.7752,0.6596,0.6745,0.7266,0.8258,0.7995,0.7205,52,0.5365,0.7533,0.6908,1.1101,1.2158,1.163,false
CHR-MED-1141,Geometer Leonidas of Holy Roman Empire,medieval,Khmer Empire,Southeast Asia,705,740,Scientific,wildcard,EVT-MED-1141,0.5186,0.6906,0.477,0.565,0.7919,0.4745,0.4472,70,0.4548,0.49,0.5643,1.0193,1.0703,1.1212,false
CHR-MED-1142,Physician Nizam of Kingdom of England,medieval,Holy Roman Empire,Central Europe,1045,1090,Scientific,wildcard,EVT-MED-1142,0.5778,0.3706,0.4245,0.3566,0.3488,0.3593,0.8624,31,0.5014,0.6916,0.5253,1.0076,1.058,1.1084,false
CHR-MED-1143,Mint Overseer Madison of Song Dynasty,medieval,Kingdom of England,British Isles,574,616,Economic,catalyst,EVT-MED-1143,0.5405,0.8746,0.4705,0.7461,0.7832,0.5992,0.7487,46,0.4266,0.6238,0.6516,1.0978,1.2023,1.15,false
CHR-MED-1144,Minister Suppiluliuma of Mongol Empire / Ilkhanate,medieval,Mali Empire,West Africa,949,977,Political,stabilizer,EVT-MED-1144,0.6132,0.766,0.8721,0.7942,0.5805,0.1781,0.5023,136,0.1919,0.5688,0.4804,0.8152,0.845,0.7555,false
CHR-MED-1145,Polymath Vikram of Song Dynasty,medieval,Holy Roman Empire,Central Europe,588,625,Scientific,stabilizer,EVT-MED-1145,0.8206,0.5764,0.7605,0.8927,0.5431,0.2883,0.5316,226,0.1978,0.705,0.5254,0.8262,0.8565,0.7658,false
CHR-MED-1146,Vizier Baldwin of Holy Roman Empire,medieval,Kamakura / Muromachi Japan,East Asia,1388,1423,Political,catalyst,EVT-MED-1146,0.5841,0.851,0.6784,0.5585,0.8271,0.6003,0.7024,29,0.5209,0.6314,0.6474,1.0964,1.2008,1.1486,false
CHR-MED-1147,Hierophant Godfrey of Kamakura / Muromachi Japan,medieval,Tang Dynasty,East Asia,651,679,Religious,architect,EVT-MED-1147,0.8308,0.6701,0.8573,0.7586,0.7782,0.3374,0.7458,155,0.2894,0.7968,0.6138,0.848,0.879,0.7859,false
CHR-MED-1148,Metallurgist Aurelius of Holy Roman Empire,medieval,Mali Empire,West Africa,764,804,Scientific,catalyst,EVT-MED-1148,0.645,0.7684,0.6549,0.6537,0.7229,0.5081,0.7996,45,0.4272,0.7069,0.6329,1.0919,1.1959,1.1439,false
CHR-MED-1149,Philosopher Mursili of Song Dynasty,medieval,Kamakura / Muromachi Japan,East Asia,1117,1135,Cultural,stabilizer,EVT-MED-1149,0.6285,0.6826,0.8412,0.7256,0.6389,0.3383,0.6103,48,0.3063,0.6212,0.5272,0.8267,0.8569,0.7662,false
CHR-MED-1150,Rhetorician Naram-Sin of Kievan Rus,medieval,Tang Dynasty,East Asia,886,899,Cultural,disruptor,EVT-MED-1150,0.9328,0.5762,0.256,0.4972,0.9363,0.8191,0.7416,28,0.661,0.8563,0.7937,1.25,1.25,1.25,true
CHR-MED-1151,Legate Hathor of Khmer Empire,medieval,Tang Dynasty,East Asia,812,817,Military,catalyst,EVT-MED-1151,0.7294,0.8456,0.6717,0.6389,0.7442,0.6475,0.7682,40,0.5043,0.745,0.6841,1.108,1.2135,1.1607,false
CHR-MED-1152,Prefect Nizam of Chola Dynasty,medieval,Abbasid Caliphate,Middle East,1051,1095,Political,architect,EVT-MED-1152,0.8093,0.8434,0.8249,0.7467,0.7446,0.3124,0.6843,73,0.2828,0.7593,0.6202,0.8496,0.8807,0.7874,false
CHR-MED-1153,Senator Imhotep of Chola Dynasty,medieval,Abbasid Caliphate,Middle East,982,1008,Political,wildcard,EVT-MED-1153,0.4775,0.4141,0.3857,0.5248,0.4052,0.8002,0.4068,61,0.6377,0.4492,0.5085,1.0026,1.0527,1.1028,false
CHR-MED-1154,Arch-Engineer Narmer of Abbasid Caliphate,medieval,Kievan Rus,Eastern Europe,1001,1011,Scientific,wildcard,EVT-MED-1154,0.7917,0.6982,0.3049,0.5209,0.3532,0.5547,0.4263,67,0.5169,0.6456,0.5962,1.0289,1.0803,1.1318,false
CHR-MED-1155,Philosopher Suppiluliuma of Umayyad Caliphate (Al-Andalus),medieval,Holy Roman Empire,Central Europe,1346,1375,Cultural,disruptor,EVT-MED-1155,0.9309,0.6931,0.2765,0.5015,0.8224,0.7426,0.8595,30,0.6205,0.9023,0.7976,1.25,1.25,1.25,true
CHR-MED-1156,Alchemist Cao of Kamakura / Muromachi Japan,medieval,Tang Dynasty,East Asia,928,962,Scientific,catalyst,EVT-MED-1156,0.6671,0.7896,0.6905,0.7117,0.7885,0.5291,0.73,38,0.4087,0.6923,0.6377,1.0934,1.1975,1.1454,false
CHR-MED-1157,Customs Director Harun of Khmer Empire,medieval,Kingdom of France,Western Europe,1087,1127,Economic,architect,EVT-MED-1157,0.682,0.6901,0.8355,0.7948,0.656,0.3784,0.7072,176,0.2918,0.6921,0.562,0.8352,0.8658,0.7741,false
CHR-MED-1158,Vizier Theodosius of Holy Roman Empire,medieval,Mali Empire,West Africa,1468,1494,Political,wildcard,EVT-MED-1158,0.5876,0.6828,0.6422,0.2333,0.3002,0.5689,0.4179,61,0.6678,0.5197,0.5165,1.0049,1.0552,1.1054,false
CHR-MED-1159,Vizier Samsi-Adad of Holy Roman Empire,medieval,Byzantine Empire,Eastern Mediterranean,818,858,Political,wildcard,EVT-MED-1159,0.541,0.4901,0.707,0.4063,0.3799,0.153,0.6827,46,0.3734,0.5977,0.4501,0.985,1.0343,1.0835,false
CHR-MED-1160,Archon Adams of Byzantine Empire,medieval,Mali Empire,West Africa,747,763,Political,wildcard,EVT-MED-1160,0.6447,0.8459,0.4786,0.2433,0.6728,0.5873,0.4302,59,0.672,0.5589,0.6316,1.0395,1.0914,1.1434,false
CHR-MED-1161,Dramatist Madison of Classic Maya & Postclassic,medieval,Khmer Empire,Southeast Asia,613,618,Cultural,wildcard,EVT-MED-1161,0.711,0.7422,0.5937,0.5529,0.3527,0.626,0.4162,35,0.5365,0.5931,0.5613,1.0184,1.0693,1.1202,false
CHR-MED-1162,Syndic Rimush of Kievan Rus,medieval,Kievan Rus,Eastern Europe,1282,1312,Economic,disruptor,EVT-MED-1162,0.8066,0.8014,0.4948,0.4432,0.892,0.6502,0.8225,41,0.6035,0.8129,0.7549,1.2379,1.25,1.25,true
CHR-MED-1163,Dramatist Mazarin of Classic Maya & Postclassic,medieval,Kievan Rus,Eastern Europe,995,1026,Cultural,architect,EVT-MED-1163,0.8938,0.7981,0.8294,0.8331,0.737,0.2043,0.6682,157,0.1856,0.8036,0.61,0.8471,0.878,0.7851,false
CHR-MED-1164,Warlord Necker of Chola Dynasty,medieval,Holy Roman Empire,Central Europe,1106,1113,Military,disruptor,EVT-MED-1164,0.9433,0.554,0.3859,0.5574,0.9137,0.7061,0.796,37,0.5743,0.8844,0.7648,1.2414,1.25,1.25,true
CHR-MED-1165,Hierophant Mentuhotep of Mongol Empire / Ilkhanate,medieval,Khmer Empire,Southeast Asia,960,1003,Religious,wildcard,EVT-MED-1165,0.6337,0.5693,0.7431,0.7849,0.4301,0.3797,0.4945,40,0.2974,0.5781,0.4759,0.9928,1.0424,1.0921,false
CHR-MED-1166,Master Sculptor Puduhepa of Mali Empire,medieval,Classic Maya & Postclassic,Mesoamerica,671,715,Cultural,architect,EVT-MED-1166,0.7966,0.675,0.8714,0.7027,0.6105,0.2909,0.7833,131,0.2941,0.7913,0.5808,0.8399,0.8706,0.7784,false
CHR-MED-1167,Patriarch Wu of Kingdom of France,medieval,Mali Empire,West Africa,936,941,Religious,catalyst,EVT-MED-1167,0.5754,0.8881,0.6339,0.6466,0.9106,0.5389,0.8555,42,0.4462,0.6874,0.6771,1.1058,1.2111,1.1584,false
CHR-MED-1168,Prefect Constantine of Song Dynasty,medieval,Kamakura / Muromachi Japan,East Asia,877,908,Political,catalyst,EVT-MED-1168,0.7354,0.6809,0.7007,0.6176,0.8632,0.6823,0.7375,24,0.5323,0.7363,0.6775,1.1059,1.2112,1.1586,false
CHR-MED-1169,Archon Telepinu of Byzantine Empire,medieval,Song Dynasty,East Asia,815,853,Political,architect,EVT-MED-1169,0.8407,0.728,0.7241,0.8766,0.5474,0.313,0.5845,125,0.2182,0.7382,0.5699,0.8372,0.8678,0.7759,false
CHR-MED-1170,Strategos Puduhepa of Mongol Empire / Ilkhanate,medieval,Kievan Rus,Eastern Europe,1097,1113,Military,wildcard,EVT-MED-1170,0.6987,0.4108,0.2862,0.6484,0.5909,0.6431,0.5172,33,0.4974,0.6261,0.5879,1.0264,1.0777,1.129,false
CHR-MED-1171,Metallurgist Chen of Umayyad Caliphate (Al-Andalus),medieval,Song Dynasty,East Asia,931,947,Scientific,disruptor,EVT-MED-1171,0.9348,0.5352,0.2328,0.3616,0.7258,0.7805,0.9351,28,0.7095,0.9349,0.7888,1.2496,1.25,1.25,true
CHR-MED-1172,Viceroy Talleyrand of Song Dynasty,medieval,Abbasid Caliphate,Middle East,1152,1196,Political,wildcard,EVT-MED-1172,0.7717,0.4664,0.4481,0.6173,0.3448,0.1893,0.446,42,0.286,0.6414,0.4842,0.9953,1.045,1.0948,false
CHR-MED-1173,Strategos Chandra of Byzantine Empire,medieval,Byzantine Empire,Eastern Mediterranean,1083,1092,Military,catalyst,EVT-MED-1173,0.705,0.7211,0.5619,0.6728,0.7627,0.5331,0.7416,38,0.4301,0.7197,0.6502,1.0973,1.2018,1.1496,false
CHR-MED-1174,Poet Laureate Suppiluliuma of Mongol Empire / Ilkhanate,medieval,Mali Empire,West Africa,1309,1339,Cultural,stabilizer,EVT-MED-1174,0.6793,0.7768,0.8962,0.8126,0.5014,0.1219,0.5893,112,0.1547,0.6433,0.488,0.817,0.8469,0.7573,false
CHR-MED-1175,Physician Richelieu of Kingdom of France,medieval,Abbasid Caliphate,Middle East,530,535,Scientific,stabilizer,EVT-MED-1175,0.8479,0.778,0.8893,0.7482,0.6499,0.3089,0.4372,119,0.2804,0.6836,0.5617,0.8352,0.8657,0.7741,false
CHR-MED-1176,Metallurgist Friedrich of Song Dynasty,medieval,Mongol Empire / Ilkhanate,Eurasian Steppe,1296,1305,Scientific,stabilizer,EVT-MED-1176,0.6456,0.58,0.9397,0.6961,0.4745,0.2615,0.6482,41,0.2827,0.6466,0.4773,0.8144,0.8442,0.7548,false
CHR-MED-1177,Scribe Leonidas of Kingdom of England,medieval,Kievan Rus,Eastern Europe,947,973,Cultural,disruptor,EVT-MED-1177,0.8878,0.6854,0.4409,0.6104,0.7394,0.9126,0.9363,14,0.6511,0.9072,0.7884,1.2495,1.25,1.25,true
CHR-MED-1178,Rhetorician Labarna of Byzantine Empire,medieval,Kingdom of England,British Isles,1287,1300,Cultural,wildcard,EVT-MED-1178,0.7593,0.5303,0.5413,0.7115,0.3787,0.6384,0.6882,6,0.4634,0.7309,0.5855,1.0256,1.0769,1.1282,false
CHR-MED-1179,Dramatist Heinrich of Chola Dynasty,medieval,Umayyad Caliphate (Al-Andalus),Iberia / North Africa,515,522,Cultural,wildcard,EVT-MED-1179,0.6599,0.407,0.4418,0.6854,0.394,0.7462,0.6791,30,0.5304,0.6676,0.5705,1.0211,1.0722,1.1233,false
CHR-MED-1180,Geometer Kheti of Chola Dynasty,medieval,Kingdom of France,Western Europe,920,945,Scientific,wildcard,EVT-MED-1180,0.7618,0.6678,0.1658,0.6959,0.8114,0.7392,0.6761,27,0.5217,0.7275,0.7233,1.067,1.1203,1.1737,false
CHR-MED-1181,Legate Narmer of Mongol Empire / Ilkhanate,medieval,Kingdom of England,British Isles,818,862,Military,catalyst,EVT-MED-1181,0.5168,0.6983,0.7011,0.7348,0.7408,0.7895,0.7328,53,0.5274,0.6032,0.6166,1.0867,1.1902,1.1385,false
CHR-MED-1182,Mint Overseer Al-Mansur of Chola Dynasty,medieval,Mongol Empire / Ilkhanate,Eurasian Steppe,1262,1289,Economic,catalyst,EVT-MED-1182,0.7445,0.776,0.4769,0.555,0.7491,0.5896,0.8376,23,0.5173,0.7818,0.7035,1.1141,1.2202,1.1672,false
CHR-MED-1183,Arch-Engineer Li of Khmer Empire,medieval,Classic Maya & Postclassic,Mesoamerica,930,954,Scientific,stabilizer,EVT-MED-1183,0.8407,0.7385,0.8024,0.8361,0.5073,0.1693,0.5742,201,0.1666,0.7341,0.5365,0.829,0.8593,0.7683,false
CHR-MED-1184,Legate Wu of Classic Maya & Postclassic,medieval,Kingdom of England,British Isles,870,905,Military,wildcard,EVT-MED-1184,0.8624,0.7954,0.4582,0.5629,0.6504,0.4908,0.5761,32,0.4639,0.7479,0.6685,1.0506,1.1031,1.1556,false
CHR-MED-1185,Metallurgist Li of Khmer Empire,medieval,Kingdom of England,British Isles,1356,1388,Scientific,architect,EVT-MED-1185,0.7535,0.7076,0.762,0.8134,0.5669,0.2705,0.8077,171,0.2285,0.7752,0.5744,0.8383,0.869,0.777,false
CHR-MED-1186,Consul Eleanor of Kamakura / Muromachi Japan,medieval,Chola Dynasty,South India,720,742,Political,wildcard,EVT-MED-1186,0.8342,0.5805,0.5539,0.7305,0.4131,0.8416,0.6773,71,0.5556,0.7715,0.6435,1.0431,1.0952,1.1474,false
CHR-MED-1187,Warlord Eleanor of Chola Dynasty,medieval,Song Dynasty,East Asia,1078,1106,Military,disruptor,EVT-MED-1187,0.6024,0.5456,0.4582,0.4352,0.8179,0.9043,0.7261,17,0.7346,0.6519,0.6821,1.2128,1.25,1.25,false
CHR-MED-1188,Chamberlain Khaldun of Khmer Empire,medieval,Khmer Empire,Southeast Asia,1249,1284,Economic,catalyst,EVT-MED-1188,0.7675,0.7163,0.6437,0.6208,0.8459,0.643,0.8918,31,0.5111,0.8172,0.711,1.1165,1.2228,1.1696,false
CHR-MED-1189,Astronomer Kheti of Mali Empire,medieval,Kingdom of England,British Isles,510,517,Scientific,stabilizer,EVT-MED-1189,0.6114,0.6921,0.7985,0.7853,0.477,0.1278,0.5905,84,0.1712,0.6031,0.4668,0.8118,0.8415,0.7524,false
CHR-MED-1190,Senator Seneb of Kingdom of England,medieval,Holy Roman Empire,Central Europe,1369,1407,Political,disruptor,EVT-MED-1190,0.8261,0.7901,0.268,0.4733,0.874,0.8273,0.8779,30,0.677,0.8468,0.8115,1.25,1.25,1.25,true
CHR-MED-1191,Pontiff Ibn-Sina of Kamakura / Muromachi Japan,medieval,Tang Dynasty,East Asia,511,554,Religious,disruptor,EVT-MED-1191,0.7995,0.7766,0.3295,0.4236,0.739,0.9321,0.8922,33,0.7543,0.8366,0.7967,1.25,1.25,1.25,true
CHR-MED-1192,Physician Otto of Mongol Empire / Ilkhanate,medieval,Holy Roman Empire,Central Europe,1424,1454,Scientific,stabilizer,EVT-MED-1192,0.7679,0.6276,0.9085,0.6986,0.6866,0.1859,0.5836,185,0.2437,0.6941,0.5288,0.8271,0.8573,0.7666,false
CHR-MED-1193,Chancellor Samsi-Adad of Holy Roman Empire,medieval,Classic Maya & Postclassic,Mesoamerica,1403,1443,Political,catalyst,EVT-MED-1193,0.7572,0.759,0.4609,0.6431,0.8241,0.583,0.9134,46,0.47,0.8197,0.723,1.1202,1.2269,1.1736,false
CHR-MED-1194,Mint Overseer Mentuhotep of Tang Dynasty,medieval,Mongol Empire / Ilkhanate,Eurasian Steppe,1220,1225,Economic,stabilizer,EVT-MED-1194,0.8394,0.6264,0.8887,0.6882,0.5247,0.2542,0.4758,148,0.283,0.6939,0.5187,0.8246,0.8548,0.7643,false
CHR-MED-1195,Treasurer Zhao of Kamakura / Muromachi Japan,medieval,Song Dynasty,East Asia,997,1017,Economic,wildcard,EVT-MED-1195,0.816,0.6161,0.1743,0.4649,0.6303,0.8017,0.8496,4,0.6684,0.8295,0.748,1.0744,1.1281,1.1818,false
CHR-MED-1196,Rhetorician Mazarin of Classic Maya & Postclassic,medieval,Classic Maya & Postclassic,Mesoamerica,1007,1043,Cultural,catalyst,EVT-MED-1196,0.8181,0.9052,0.6996,0.6269,0.8539,0.5175,0.9242,15,0.4453,0.8605,0.7333,1.1235,1.2305,1.177,false
CHR-MED-1197,Synod Envoy Chen of Chola Dynasty,medieval,Umayyad Caliphate (Al-Andalus),Iberia / North Africa,506,551,Religious,wildcard,EVT-MED-1197,0.5235,0.757,0.6953,0.3532,0.3802,0.8059,0.6031,42,0.7263,0.5553,0.5756,1.0227,1.0738,1.125,false
CHR-MED-1198,Astronomer Solon of Kingdom of England,medieval,Kamakura / Muromachi Japan,East Asia,500,526,Scientific,catalyst,EVT-MED-1198,0.7967,0.8866,0.6437,0.5792,0.8243,0.6571,0.7074,46,0.5389,0.761,0.7172,1.1184,1.2249,1.1717,false
CHR-MED-1199,Arch-Engineer Ashoka of Abbasid Caliphate,medieval,Classic Maya & Postclassic,Mesoamerica,607,652,Scientific,catalyst,EVT-MED-1199,0.5702,0.759,0.7009,0.7382,0.8624,0.6277,0.7049,47,0.4447,0.6241,0.6287,1.0905,1.1944,1.1425,false
CHR-MED-1200,Polymath Mentuhotep of Chola Dynasty,medieval,Tang Dynasty,East Asia,842,880,Scientific,architect,EVT-MED-1200,0.7768,0.6731,0.7911,0.8556,0.6113,0.1859,0.7924,73,0.1652,0.7831,0.5617,0.8352,0.8657,0.7741,false
CHR-MED-1201,Merchant Prince Nizam of Mali Empire,medieval,Umayyad Caliphate (Al-Andalus),Iberia / North Africa,1435,1466,Economic,wildcard,EVT-MED-1201,0.6489,0.8357,0.5826,0.3456,0.7442,0.5127,0.5533,23,0.5835,0.6107,0.6336,1.0401,1.0921,1.1441,false
CHR-MED-1202,Patriarch Mazarin of Kievan Rus,medieval,Umayyad Caliphate (Al-Andalus),Iberia / North Africa,669,676,Religious,stabilizer,EVT-MED-1202,0.8256,0.7442,0.81,0.7917,0.6318,0.233,0.6312,54,0.2207,0.7478,0.5718,0.8377,0.8683,0.7764,false
CHR-MED-1203,Abbess Talleyrand of Kingdom of France,medieval,Kingdom of France,Western Europe,617,625,Religious,wildcard,EVT-MED-1203,0.6046,0.7013,0.2484,0.6689,0.7903,0.5764,0.7907,31,0.4537,0.679,0.6717,1.0515,1.1041,1.1567,false
CHR-MED-1204,Philosopher Franklin of Umayyad Caliphate (Al-Andalus),medieval,Khmer Empire,Southeast Asia,1034,1064,Cultural,wildcard,EVT-MED-1204,0.4561,0.6589,0.1867,0.2612,0.5798,0.6919,0.4294,48,0.7153,0.4455,0.5863,1.0259,1.0772,1.1285,false
CHR-MED-1205,Dramatist Ramesses of Kingdom of France,medieval,Byzantine Empire,Eastern Mediterranean,1153,1169,Cultural,catalyst,EVT-MED-1205,0.7746,0.7307,0.591,0.7406,0.8666,0.5155,0.9197,42,0.3874,0.8327,0.7024,1.1138,1.2198,1.1668,false
CHR-MED-1206,Prefect Baldwin of Khmer Empire,medieval,Chola Dynasty,South India,1464,1497,Political,wildcard,EVT-MED-1206,0.661,0.5962,0.6699,0.3225,0.8095,0.4363,0.7968,71,0.5569,0.7153,0.628,1.0384,1.0903,1.1422,false
CHR-MED-1207,Archon Kheti of Umayyad Caliphate (Al-Andalus),medieval,Khmer Empire,Southeast Asia,577,590,Political,wildcard,EVT-MED-1207,0.5639,0.8385,0.5376,0.7508,0.6278,0.4467,0.4662,64,0.3479,0.5248,0.5566,1.017,1.0678,1.1187,false
CHR-MED-1208,Alchemist Tiglath of Mali Empire,medieval,Abbasid Caliphate,Middle East,948,968,Scientific,stabilizer,EVT-MED-1208,0.6234,0.7065,0.9256,0.8271,0.5963,0.2812,0.4505,134,0.2271,0.5542,0.4771,0.8144,0.8442,0.7548,false
CHR-MED-1209,Syndic Kheti of Song Dynasty,medieval,Khmer Empire,Southeast Asia,812,841,Economic,wildcard,EVT-MED-1209,0.8398,0.5847,0.3917,0.6349,0.481,0.33,0.8042,40,0.3475,0.8255,0.619,1.0357,1.0875,1.1393,false
CHR-MED-1210,Treasurer Belisarius of Kingdom of France,medieval,Kamakura / Muromachi Japan,East Asia,894,925,Economic,stabilizer,EVT-MED-1210,0.7498,0.7396,0.737,0.7879,0.488,0.2856,0.4901,224,0.2489,0.6459,0.5248,0.8261,0.8563,0.7657,false
CHR-MED-1211,Imam Sun of Chola Dynasty,medieval,Holy Roman Empire,Central Europe,1271,1284,Religious,architect,EVT-MED-1211,0.6911,0.6069,0.7139,0.7142,0.5698,0.2853,0.6238,66,0.2856,0.6642,0.5285,0.827,0.8573,0.7665,false
CHR-MED-1212,Abbess Labarna of Khmer Empire,medieval,Classic Maya & Postclassic,Mesoamerica,1183,1205,Religious,wildcard,EVT-MED-1212,0.4523,0.4228,0.6361,0.6835,0.2601,0.362,0.5374,36,0.3392,0.4863,0.4026,0.9708,1.0193,1.0679,false
CHR-MED-1213,Legate Talleyrand of Kamakura / Muromachi Japan,medieval,Byzantine Empire,Eastern Mediterranean,826,853,Military,catalyst,EVT-MED-1213,0.6164,0.7596,0.455,0.7555,0.7722,0.5521,0.8945,23,0.3983,0.7276,0.6676,1.1028,1.2078,1.1553,false
CHR-MED-1214,Master Sculptor Leonidas of Umayyad Caliphate (Al-Andalus),medieval,Byzantine Empire,Eastern Mediterranean,1159,1182,Cultural,catalyst,EVT-MED-1214,0.6102,0.8011,0.5554,0.755,0.8782,0.4678,0.7116,46,0.3564,0.6508,0.6381,1.0935,1.1976,1.1456,false
CHR-MED-1215,Viceroy Samudra of Kingdom of France,medieval,Khmer Empire,Southeast Asia,769,779,Political,architect,EVT-MED-1215,0.7335,0.8501,0.8583,0.7678,0.5872,0.2331,0.7268,169,0.2326,0.7308,0.5687,0.8369,0.8675,0.7757,false
CHR-MED-1216,Polymath Rimush of Abbasid Caliphate,medieval,Mali Empire,West Africa,611,632,Scientific,architect,EVT-MED-1216,0.8344,0.6805,0.8169,0.736,0.5136,0.2694,0.7134,109,0.2667,0.786,0.5666,0.8364,0.867,0.7752,false
CHR-MED-1217,Archon Chandra of Abbasid Caliphate,medieval,Kievan Rus,Eastern Europe,867,884,Political,wildcard,EVT-MED-1217,0.5814,0.4906,0.1851,0.5279,0.3798,0.2233,0.8981,20,0.3477,0.7081,0.5492,1.0148,1.0655,1.1162,false
CHR-MED-1218,Imam Thutmose of Kingdom of France,medieval,Tang Dynasty,East Asia,761,799,Religious,wildcard,EVT-MED-1218,0.4164,0.416,0.2986,0.3085,0.2731,0.344,0.8303,28,0.5178,0.582,0.4883,0.9965,1.0463,1.0961,false
CHR-MED-1219,Legate Sun of Kievan Rus,medieval,Byzantine Empire,Eastern Mediterranean,1333,1351,Military,disruptor,EVT-MED-1219,0.7665,0.8082,0.5159,0.6454,0.8812,0.8845,0.9544,25,0.6195,0.8417,0.787,1.249,1.25,1.25,true
CHR-MED-1220,Vizier Leonidas of Umayyad Caliphate (Al-Andalus),medieval,Holy Roman Empire,Central Europe,1308,1320,Political,catalyst,EVT-MED-1220,0.7832,0.7612,0.6166,0.6975,0.8686,0.7254,0.8641,54,0.514,0.8156,0.7322,1.1231,1.2301,1.1766,false
CHR-MED-1221,Metallurgist Belisarius of Khmer Empire,medieval,Kievan Rus,Eastern Europe,856,874,Scientific,wildcard,EVT-MED-1221,0.4891,0.609,0.4653,0.2875,0.2558,0.6814,0.7458,20,0.697,0.5918,0.5552,1.0166,1.0674,1.1182,false
CHR-MED-1222,Senator Tariq of Classic Maya & Postclassic,medieval,Song Dynasty,East Asia,1409,1447,Political,stabilizer,EVT-MED-1222,0.6633,0.7902,0.8468,0.7644,0.5108,0.2407,0.6509,72,0.2382,0.6584,0.5218,0.8254,0.8556,0.765,false
CHR-MED-1223,Merchant Prince Otto of Abbasid Caliphate,medieval,Umayyad Caliphate (Al-Andalus),Iberia / North Africa,543,562,Economic,wildcard,EVT-MED-1223,0.6891,0.6174,0.3336,0.6109,0.6021,0.3838,0.4947,51,0.3865,0.6113,0.5731,1.0219,1.073,1.1241,false
CHR-MED-1224,Scribe Hathor of Umayyad Caliphate (Al-Andalus),medieval,Abbasid Caliphate,Middle East,669,712,Cultural,stabilizer,EVT-MED-1224,0.8366,0.5822,0.7298,0.7653,0.5317,0.3318,0.4765,206,0.2832,0.6926,0.5362,0.8289,0.8592,0.7683,false
CHR-MED-1225,Poet Laureate Vikram of Holy Roman Empire,medieval,Abbasid Caliphate,Middle East,960,978,Cultural,wildcard,EVT-MED-1225,0.5809,0.7446,0.5487,0.4418,0.4661,0.5481,0.6358,20,0.5531,0.6029,0.5775,1.0232,1.0744,1.1256,false
CHR-MED-1226,Prefect Zhang of Mongol Empire / Ilkhanate,medieval,Mongol Empire / Ilkhanate,Eurasian Steppe,1111,1143,Political,disruptor,EVT-MED-1226,0.6125,0.7735,0.3269,0.5755,0.7368,0.7011,0.8503,36,0.5628,0.7076,0.7009,1.2193,1.25,1.25,false
CHR-MED-1227,Polymath Labarna of Abbasid Caliphate,medieval,Chola Dynasty,South India,1151,1157,Scientific,wildcard,EVT-MED-1227,0.7967,0.6769,0.5337,0.3447,0.4425,0.3542,0.6465,55,0.5048,0.7366,0.5966,1.029,1.0804,1.1319,false
CHR-MED-1228,Arch-Engineer Rimush of Chola Dynasty,medieval,Kievan Rus,Eastern Europe,1262,1267,Scientific,catalyst,EVT-MED-1228,0.6177,0.7308,0.6821,0.7347,0.9002,0.532,0.7928,18,0.3986,0.6877,0.6428,1.095,1.1993,1.1471,false
CHR-MED-1229,Admiral Franklin of Holy Roman Empire,medieval,Classic Maya & Postclassic,Mesoamerica,606,619,Military,disruptor,EVT-MED-1229,0.8504,0.5062,0.5113,0.4125,0.7631,0.6791,0.7588,25,0.6333,0.8137,0.6969,1.2179,1.25,1.25,false
CHR-MED-1230,Consul Saladin of Chola Dynasty,medieval,Byzantine Empire,Eastern Mediterranean,1082,1123,Political,wildcard,EVT-MED-1230,0.5642,0.6394,0.161,0.726,0.2926,0.7375,0.6194,55,0.5057,0.5863,0.582,1.0246,1.0758,1.1271,false
CHR-MED-1231,Imam Saladin of Classic Maya & Postclassic,medieval,Kingdom of England,British Isles,1231,1254,Religious,architect,EVT-MED-1231,0.798,0.6798,0.7041,0.8633,0.6731,0.2728,0.6412,178,0.2047,0.7353,0.576,0.8387,0.8694,0.7773,false
CHR-MED-1232,High Priest Seneb of Chola Dynasty,medieval,Kingdom of England,British Isles,976,983,Religious,stabilizer,EVT-MED-1232,0.8168,0.5582,0.8691,0.7981,0.6897,0.2299,0.4803,171,0.2159,0.6822,0.5211,0.8252,0.8554,0.7648,false
CHR-MED-1233,Mint Overseer Narmer of Byzantine Empire,medieval,Kievan Rus,Eastern Europe,1439,1452,Economic,stabilizer,EVT-MED-1233,0.6584,0.6441,0.7635,0.8977,0.6674,0.1561,0.6341,110,0.1292,0.6487,0.5086,0.8221,0.8522,0.762,false
CHR-MED-1234,Arch-Engineer Mursili of Khmer Empire,medieval,Abbasid Caliphate,Middle East,811,825,Scientific,architect,EVT-MED-1234,0.7988,0.7649,0.6802,0.8025,0.7228,0.2901,0.6772,74,0.2438,0.7502,0.6098,0.847,0.878,0.785,false
CHR-MED-1235,Viceroy Franklin of Byzantine Empire,medieval,Byzantine Empire,Eastern Mediterranean,1072,1113,Political,catalyst,EVT-MED-1235,0.6662,0.8462,0.4764,0.6708,0.7738,0.5998,0.8017,60,0.4645,0.7204,0.6886,1.1094,1.2151,1.1622,false
CHR-MED-1236,Alchemist Imhotep of Holy Roman Empire,medieval,Kievan Rus,Eastern Europe,900,944,Scientific,catalyst,EVT-MED-1236,0.6494,0.8364,0.7323,0.6621,0.7303,0.6784,0.8166,41,0.5081,0.7163,0.6653,1.1021,1.207,1.1545,false
CHR-MED-1237,Archon Justinian of Song Dynasty,medieval,Holy Roman Empire,Central Europe,1407,1443,Political,stabilizer,EVT-MED-1237,0.6851,0.6219,0.7938,0.8984,0.6415,0.3069,0.6299,177,0.2043,0.663,0.527,0.8266,0.8569,0.7662,false
CHR-MED-1238,Alchemist Vikram of Mali Empire,medieval,Umayyad Caliphate (Al-Andalus),Iberia / North Africa,1018,1052,Scientific,wildcard,EVT-MED-1238,0.559,0.4983,0.2424,0.5394,0.8012,0.151,0.7889,54,0.3058,0.651,0.5745,1.0223,1.0735,1.1246,false
CHR-MED-1239,Scribe Hattusili of Abbasid Caliphate,medieval,Kievan Rus,Eastern Europe,1209,1253,Cultural,stabilizer,EVT-MED-1239,0.751,0.6816,0.7634,0.7189,0.5374,0.2887,0.5964,165,0.2849,0.6892,0.5411,0.8301,0.8605,0.7694,false
CHR-MED-1240,Treasurer Hamilton of Khmer Empire,medieval,Umayyad Caliphate (Al-Andalus),Iberia / North Africa,1386,1426,Economic,wildcard,EVT-MED-1240,0.5884,0.791,0.7491,0.6831,0.5144,0.1565,0.7735,28,0.2367,0.6624,0.5233,1.007,1.0574,1.1077,false
CHR-MED-1241,Marshal Ibn-Sina of Kievan Rus,medieval,Umayyad Caliphate (Al-Andalus),Iberia / North Africa,677,705,Military,stabilizer,EVT-MED-1241,0.732,0.6563,0.8595,0.6804,0.6241,0.2068,0.5936,120,0.2632,0.6767,0.5252,0.8262,0.8564,0.7657,false
CHR-MED-1242,Strategos Wilhelm of Byzantine Empire,medieval,Mali Empire,West Africa,700,730,Military,wildcard,EVT-MED-1242,0.6467,0.5687,0.4722,0.4706,0.588,0.8477,0.7732,38,0.6886,0.6973,0.6576,1.0473,1.0996,1.152,false
CHR-MED-1243,Cardinal Marshall of Mongol Empire / Ilkhanate,medieval,Khmer Empire,Southeast Asia,1440,1464,Religious,wildcard,EVT-MED-1243,0.4337,0.5911,0.3356,0.5201,0.4248,0.6388,0.5854,4,0.5594,0.4944,0.5349,1.0105,1.061,1.1115,false
CHR-MED-1244,Physician Valdemar of Khmer Empire,medieval,Classic Maya & Postclassic,Mesoamerica,1060,1069,Scientific,disruptor,EVT-MED-1244,0.6336,0.6639,0.3711,0.6134,0.9421,0.6648,0.7398,31,0.5257,0.6761,0.6922,1.2163,1.25,1.25,false
CHR-MED-1245,Imam Chen of Mali Empire,medieval,Byzantine Empire,Eastern Mediterranean,648,675,Religious,catalyst,EVT-MED-1245,0.6965,0.8421,0.627,0.775,0.8731,0.5951,0.7653,49,0.4101,0.724,0.684,1.108,1.2135,1.1607,false
CHR-MED-1246,Warlord Constantine of Kievan Rus,medieval,Kamakura / Muromachi Japan,East Asia,1071,1092,Military,stabilizer,EVT-MED-1246,0.6317,0.7992,0.8211,0.8221,0.4824,0.1244,0.4041,124,0.1512,0.5407,0.4562,0.8092,0.8388,0.75,false
CHR-MED-1247,Polymath Kheti of Holy Roman Empire,medieval,Tang Dynasty,East Asia,823,848,Scientific,disruptor,EVT-MED-1247,0.6868,0.7247,0.3748,0.5453,0.913,0.6534,0.9317,25,0.554,0.7848,0.7404,1.2329,1.25,1.25,false
CHR-MED-1248,Abbess Adams of Tang Dynasty,medieval,Kingdom of France,Western Europe,767,787,Religious,stabilizer,EVT-MED-1248,0.6783,0.6899,0.8264,0.7655,0.5602,0.2404,0.6115,82,0.2375,0.6516,0.514,0.8234,0.8536,0.7632,false
CHR-MED-1249,Prefect Qian of Mali Empire,medieval,Umayyad Caliphate (Al-Andalus),Iberia / North Africa,993,1036,Political,wildcard,EVT-MED-1249,0.6968,0.5095,0.7204,0.2807,0.8038,0.6665,0.7194,19,0.6929,0.7058,0.643,1.0429,1.095,1.1472,false
CHR-MED-1250,Governor Sherman of Umayyad Caliphate (Al-Andalus),medieval,Khmer Empire,Southeast Asia,633,673,Political,wildcard,EVT-MED-1250,0.7883,0.4549,0.4389,0.755,0.2584,0.8117,0.6352,42,0.5284,0.7271,0.5895,1.0268,1.0782,1.1295,false
CHR-MED-1251,Warlord Suppiluliuma of Abbasid Caliphate,medieval,Kingdom of France,Western Europe,632,651,Military,architect,EVT-MED-1251,0.8801,0.6849,0.7416,0.9115,0.7095,0.3448,0.8025,117,0.2167,0.849,0.6315,0.8524,0.8835,0.79,false
CHR-MED-1252,Physician Eleanor of Classic Maya & Postclassic,medieval,Mongol Empire / Ilkhanate,Eurasian Steppe,611,638,Scientific,disruptor,EVT-MED-1252,0.6595,0.6805,0.2098,0.3871,0.7233,0.7799,0.7868,24,0.6964,0.7104,0.7201,1.2259,1.25,1.25,false
CHR-MED-1253,Physician Chen of Umayyad Caliphate (Al-Andalus),medieval,Abbasid Caliphate,Middle East,647,658,Scientific,disruptor,EVT-MED-1253,0.8813,0.7349,0.4282,0.6276,0.9477,0.7731,0.7479,27,0.5728,0.8279,0.7767,1.2454,1.25,1.25,true
CHR-MED-1254,Syndic Harsha of Kingdom of France,medieval,Kingdom of France,Western Europe,1093,1138,Economic,architect,EVT-MED-1254,0.883,0.7573,0.7707,0.7688,0.5827,0.4232,0.6178,52,0.3272,0.7769,0.6124,0.8476,0.8787,0.7856,false
CHR-MED-1255,Astronomer Mazarin of Kamakura / Muromachi Japan,medieval,Classic Maya & Postclassic,Mesoamerica,1405,1434,Scientific,disruptor,EVT-MED-1255,0.8822,0.505,0.2424,0.6355,0.7411,0.8554,0.8354,17,0.6099,0.8635,0.7551,1.238,1.25,1.25,true
CHR-MED-1256,Synod Envoy Richelieu of Khmer Empire,medieval,Mongol Empire / Ilkhanate,Eurasian Steppe,944,978,Religious,architect,EVT-MED-1256,0.8533,0.8654,0.8142,0.8062,0.6032,0.1877,0.6617,118,0.1908,0.7766,0.5893,0.842,0.8728,0.7804,false
CHR-MED-1257,Rhetorician Puduhepa of Kingdom of England,medieval,Tang Dynasty,East Asia,763,804,Cultural,catalyst,EVT-MED-1257,0.7547,0.7689,0.4872,0.5692,0.8594,0.7111,0.7672,41,0.571,0.7597,0.7275,1.1217,1.2285,1.1751,false
CHR-MED-1258,Cardinal Narmer of Kingdom of England,medieval,Abbasid Caliphate,Middle East,1448,1455,Religious,disruptor,EVT-MED-1258,0.7102,0.7761,0.2995,0.3475,0.9034,0.7284,0.8987,41,0.6905,0.7856,0.7762,1.2453,1.25,1.25,true
CHR-MED-1259,Warlord Qian of Kingdom of France,medieval,Song Dynasty,East Asia,967,975,Military,architect,EVT-MED-1259,0.7275,0.7603,0.8948,0.8109,0.6344,0.3615,0.7441,116,0.2753,0.7342,0.5769,0.8389,0.8696,0.7775,false
CHR-MED-1260,Poet Laureate Baldwin of Byzantine Empire,medieval,Byzantine Empire,Eastern Mediterranean,1378,1395,Cultural,stabilizer,EVT-MED-1260,0.7426,0.7289,0.9193,0.8177,0.6897,0.3065,0.4489,122,0.2444,0.6251,0.5289,0.8271,0.8574,0.7666,false
CHR-MED-1261,High Priest Richelieu of Kingdom of England,medieval,Umayyad Caliphate (Al-Andalus),Iberia / North Africa,766,775,Religious,stabilizer,EVT-MED-1261,0.6805,0.6874,0.8698,0.801,0.6449,0.1908,0.6674,185,0.1949,0.6753,0.5217,0.8253,0.8555,0.7649,false
CHR-MED-1262,Mint Overseer Telepinu of Abbasid Caliphate,medieval,Khmer Empire,Southeast Asia,940,968,Economic,wildcard,EVT-MED-1262,0.5232,0.7877,0.4427,0.6568,0.825,0.6075,0.6942,24,0.4753,0.5916,0.6408,1.0423,1.0944,1.1465,false
CHR-MED-1263,Governor Wu of Song Dynasty,medieval,Kievan Rus,Eastern Europe,1331,1371,Political,catalyst,EVT-MED-1263,0.731,0.6571,0.7299,0.7092,0.7949,0.5416,0.7239,56,0.4162,0.7282,0.6319,1.0916,1.1955,1.1435,false
CHR-MED-1264,Chancellor Friedrich of Kievan Rus,medieval,Mongol Empire / Ilkhanate,Eurasian Steppe,785,827,Political,stabilizer,EVT-MED-1264,0.7034,0.7825,0.9077,0.7421,0.6516,0.2423,0.6306,200,0.2501,0.6743,0.544,0.8308,0.8612,0.77,false
CHR-MED-1265,Strategos Godfrey of Kievan Rus,medieval,Khmer Empire,Southeast Asia,1318,1323,Military,stabilizer,EVT-MED-1265,0.7378,0.593,0.7487,0.7996,0.6417,0.3292,0.4607,112,0.2648,0.6269,0.5233,0.8257,0.8559,0.7653,false
CHR-MED-1266,Admiral Rajaraja of Mongol Empire / Ilkhanate,medieval,Chola Dynasty,South India,1028,1044,Military,catalyst,EVT-MED-1266,0.507,0.6654,0.6006,0.5779,0.7906,0.7835,0.8609,43,0.6028,0.6486,0.6529,1.0981,1.2027,1.1504,false
CHR-MED-1267,Prefect Marshall of Mali Empire,medieval,Umayyad Caliphate (Al-Andalus),Iberia / North Africa,817,832,Political,catalyst,EVT-MED-1267,0.7518,0.8317,0.5624,0.7471,0.8535,0.5871,0.7776,51,0.42,0.7621,0.7018,1.1136,1.2196,1.1666,false
CHR-MED-1268,Pontiff Madison of Khmer Empire,medieval,Abbasid Caliphate,Middle East,1243,1267,Religious,catalyst,EVT-MED-1268,0.5982,0.9067,0.641,0.6309,0.7439,0.5169,0.9096,56,0.443,0.7228,0.6655,1.1021,1.2071,1.1546,false
CHR-MED-1269,Legate Telepinu of Mali Empire,medieval,Kingdom of France,Western Europe,1352,1358,Military,disruptor,EVT-MED-1269,0.8569,0.7555,0.3504,0.4937,0.718,0.8344,0.8136,17,0.6703,0.8396,0.7727,1.2441,1.25,1.25,true
CHR-MED-1270,Master Sculptor Mirabeau of Chola Dynasty,medieval,Kievan Rus,Eastern Europe,1450,1462,Cultural,stabilizer,EVT-MED-1270,0.6491,0.7549,0.7559,0.7212,0.6168,0.1857,0.436,59,0.2322,0.5638,0.4996,0.8199,0.8499,0.7599,false
CHR-MED-1271,Admiral Samudra of Khmer Empire,medieval,Holy Roman Empire,Central Europe,947,985,Military,architect,EVT-MED-1271,0.7604,0.617,0.8832,0.8289,0.6049,0.2476,0.6418,50,0.2093,0.713,0.527,0.8266,0.8569,0.7662,false
CHR-MED-1272,Warlord Madison of Khmer Empire,medieval,Song Dynasty,East Asia,1130,1137,Military,catalyst,EVT-MED-1272,0.6251,0.7549,0.6572,0.7761,0.7876,0.4643,0.7207,19,0.3441,0.6633,0.6109,1.0849,1.1883,1.1366,false
CHR-MED-1273,Admiral Hattusili of Mongol Empire / Ilkhanate,medieval,Kievan Rus,Eastern Europe,1034,1075,Military,stabilizer,EVT-MED-1273,0.6807,0.7742,0.9283,0.7263,0.5626,0.2894,0.4141,110,0.2815,0.574,0.4971,0.8193,0.8493,0.7593,false
CHR-MED-1274,Scribe Khaldun of Kingdom of France,medieval,Holy Roman Empire,Central Europe,1199,1227,Cultural,catalyst,EVT-MED-1274,0.7599,0.8925,0.6093,0.6038,0.7452,0.4596,0.784,25,0.4279,0.7695,0.6811,1.107,1.2125,1.1597,false
CHR-MED-1275,Imam Chandra of Kingdom of France,medieval,Tang Dynasty,East Asia,531,552,Religious,wildcard,EVT-MED-1275,0.7825,0.8435,0.4214,0.6293,0.2574,0.3434,0.5751,9,0.357,0.6995,0.5749,1.0225,1.0736,1.1247,false
CHR-MED-1276,Geometer Kheti of Abbasid Caliphate,medieval,Kamakura / Muromachi Japan,East Asia,1045,1054,Scientific,disruptor,EVT-MED-1276,0.6694,0.5363,0.4239,0.5101,0.717,0.8244,0.8341,14,0.6572,0.7353,0.6862,1.2142,1.25,1.25,false
CHR-MED-1277,Legate Sun of Holy Roman Empire,medieval,Kamakura / Muromachi Japan,East Asia,777,801,Military,disruptor,EVT-MED-1277,0.706,0.7083,0.2184,0.5039,0.9266,0.9016,0.7254,45,0.6988,0.7138,0.7688,1.2427,1.25,1.25,true
CHR-MED-1278,Rhetorician Kheti of Abbasid Caliphate,medieval,Mali Empire,West Africa,504,547,Cultural,wildcard,EVT-MED-1278,0.8027,0.4888,0.6991,0.6714,0.8183,0.7131,0.8863,68,0.5209,0.8361,0.6832,1.055,1.1077,1.1604,false
CHR-MED-1279,Warlord Belisarius of Classic Maya & Postclassic,medieval,Umayyad Caliphate (Al-Andalus),Iberia / North Africa,599,607,Military,wildcard,EVT-MED-1279,0.5409,0.6001,0.1992,0.3997,0.4281,0.2606,0.8018,65,0.4305,0.6452,0.5589,1.0177,1.0686,1.1194,false
CHR-MED-1280,Alchemist Hammurabi of Byzantine Empire,medieval,Tang Dynasty,East Asia,846,860,Scientific,disruptor,EVT-MED-1280,0.7639,0.5723,0.3916,0.5774,0.7923,0.8192,0.7929,46,0.6209,0.7755,0.7194,1.2257,1.25,1.25,false
CHR-MED-1281,Scribe Rimush of Mongol Empire / Ilkhanate,medieval,Classic Maya & Postclassic,Mesoamerica,1242,1248,Cultural,disruptor,EVT-MED-1281,0.8014,0.8492,0.3758,0.5772,0.8739,0.8704,0.8117,22,0.6466,0.8056,0.7947,1.25,1.25,1.25,true
CHR-MED-1282,Imam Wilhelm of Tang Dynasty,medieval,Kingdom of England,British Isles,827,833,Religious,wildcard,EVT-MED-1282,0.6998,0.4469,0.6749,0.5701,0.6939,0.4949,0.8421,10,0.4624,0.7567,0.6006,1.0302,1.0817,1.1332,false
CHR-MED-1283,Treasurer Justinian of Byzantine Empire,medieval,Chola Dynasty,South India,1441,1451,Economic,catalyst,EVT-MED-1283,0.7035,0.8925,0.5056,0.7282,0.7298,0.7419,0.7962,21,0.5069,0.7406,0.713,1.1171,1.2235,1.1703,false
CHR-MED-1284,Imam Otto of Umayyad Caliphate (Al-Andalus),medieval,Khmer Empire,Southeast Asia,638,655,Religious,wildcard,EVT-MED-1284,0.4952,0.3788,0.493,0.4966,0.4532,0.8426,0.4416,45,0.673,0.4737,0.5171,1.0051,1.0554,1.1056,false
CHR-MED-1285,Chamberlain Tiglath of Kamakura / Muromachi Japan,medieval,Classic Maya & Postclassic,Mesoamerica,1362,1367,Economic,disruptor,EVT-MED-1285,0.7725,0.6846,0.3342,0.4315,0.7806,0.7963,0.8291,28,0.6824,0.7951,0.7517,1.2368,1.25,1.25,true
CHR-MED-1286,Pontiff Heinrich of Holy Roman Empire,medieval,Chola Dynasty,South India,916,956,Religious,disruptor,EVT-MED-1286,0.8832,0.5462,0.2704,0.5681,0.7882,0.7154,0.7734,9,0.5737,0.8393,0.7388,1.2324,1.25,1.25,false
CHR-MED-1287,Admiral Solon of Holy Roman Empire,medieval,Khmer Empire,Southeast Asia,634,646,Military,disruptor,EVT-MED-1287,0.864,0.7548,0.3229,0.5273,0.7733,0.7978,0.742,43,0.6353,0.8152,0.7675,1.2423,1.25,1.25,true
CHR-MED-1288,Alchemist Tariq of Kingdom of France,medieval,Tang Dynasty,East Asia,773,797,Scientific,wildcard,EVT-MED-1288,0.7017,0.4835,0.1822,0.7212,0.5716,0.2262,0.6885,41,0.2525,0.6964,0.5666,1.02,1.071,1.122,false
CHR-MED-1289,Arch-Engineer Baldwin of Abbasid Caliphate,medieval,Byzantine Empire,Eastern Mediterranean,1304,1312,Scientific,architect,EVT-MED-1289,0.8137,0.84,0.8812,0.908,0.6517,0.2911,0.7699,65,0.1916,0.7962,0.6028,0.8453,0.8762,0.7834,false
CHR-MED-1290,Senator Telepinu of Kingdom of France,medieval,Byzantine Empire,Eastern Mediterranean,753,787,Political,architect,EVT-MED-1290,0.7305,0.8317,0.6822,0.8023,0.7232,0.2763,0.6512,87,0.237,0.6988,0.5967,0.8438,0.8746,0.782,false
CHR-MED-1291,General Bradford of Byzantine Empire,medieval,Kievan Rus,Eastern Europe,935,940,Military,stabilizer,EVT-MED-1291,0.7996,0.7471,0.8411,0.8406,0.5707,0.2517,0.4215,39,0.2055,0.6484,0.5224,0.8255,0.8557,0.7651,false
CHR-MED-1292,Admiral Valdemar of Classic Maya & Postclassic,medieval,Mongol Empire / Ilkhanate,Eurasian Steppe,862,871,Military,architect,EVT-MED-1292,0.7032,0.7946,0.8404,0.7665,0.6702,0.2942,0.7654,94,0.2639,0.7281,0.5821,0.8402,0.8709,0.7787,false
CHR-MED-1293,Alchemist Kheti of Chola Dynasty,medieval,Chola Dynasty,South India,1481,1494,Scientific,architect,EVT-MED-1293,0.8439,0.8548,0.7971,0.824,0.6005,0.1988,0.6275,161,0.1874,0.7573,0.5823,0.8402,0.871,0.7788,false
CHR-MED-1294,Minister Otto of Song Dynasty,medieval,Khmer Empire,Southeast Asia,566,574,Political,disruptor,EVT-MED-1294,0.6634,0.593,0.3773,0.4128,0.8027,0.8103,0.9551,43,0.6988,0.7801,0.7316,1.2299,1.25,1.25,false
CHR-MED-1295,Imam Madison of Holy Roman Empire,medieval,Byzantine Empire,Eastern Mediterranean,1400,1434,Religious,catalyst,EVT-MED-1295,0.5769,0.6842,0.6919,0.5885,0.7754,0.7168,0.8935,59,0.5641,0.7036,0.6561,1.0992,1.2039,1.1515,false
CHR-MED-1296,Admiral Labarna of Chola Dynasty,medieval,Kamakura / Muromachi Japan,East Asia,764,804,Military,catalyst,EVT-MED-1296,0.7273,0.7721,0.6097,0.6522,0.8214,0.6891,0.7019,23,0.5185,0.7172,0.6859,1.1086,1.2141,1.1614,false
CHR-MED-1297,Vizier Otto of Byzantine Empire,medieval,Tang Dynasty,East Asia,581,609,Political,disruptor,EVT-MED-1297,0.9078,0.8005,0.2063,0.4534,0.707,0.7326,0.9475,41,0.6396,0.9237,0.8118,1.25,1.25,1.25,true
CHR-MED-1298,Rhetorician Eleanor of Kingdom of England,medieval,Khmer Empire,Southeast Asia,829,862,Cultural,disruptor,EVT-MED-1298,0.8878,0.7387,0.332,0.6415,0.8902,0.8382,0.9417,28,0.5984,0.9094,0.818,1.25,1.25,1.25,true
CHR-MED-1299,Chronicler Mursili of Chola Dynasty,medieval,Kamakura / Muromachi Japan,East Asia,1332,1362,Cultural,catalyst,EVT-MED-1299,0.7278,0.6611,0.6072,0.6137,0.823,0.45,0.9352,28,0.4182,0.8108,0.6709,1.1038,1.209,1.1564,false
CHR-MED-1300,Dramatist Bradford of Song Dynasty,medieval,Tang Dynasty,East Asia,584,614,Cultural,stabilizer,EVT-MED-1300,0.6158,0.7747,0.8626,0.7228,0.5156,0.3248,0.6018,50,0.301,0.6102,0.5141,0.8235,0.8536,0.7632,false
CHR-MED-1301,Minister Thutmose of Kingdom of England,medieval,Chola Dynasty,South India,1481,1500,Political,wildcard,EVT-MED-1301,0.5963,0.4129,0.374,0.7576,0.2356,0.2147,0.4611,61,0.2285,0.5422,0.4224,0.9767,1.0256,1.0744,false
CHR-MED-1302,Alchemist Heinrich of Kievan Rus,medieval,Song Dynasty,East Asia,1279,1308,Scientific,stabilizer,EVT-MED-1302,0.8056,0.6904,0.8068,0.8051,0.6161,0.2951,0.4967,166,0.245,0.6821,0.5452,0.8311,0.8615,0.7703,false
CHR-MED-1303,Master Sculptor Suppiluliuma of Holy Roman Empire,medieval,Holy Roman Empire,Central Europe,1269,1284,Cultural,architect,EVT-MED-1303,0.6917,0.6222,0.7516,0.8421,0.5652,0.3081,0.6981,177,0.233,0.6942,0.5347,0.8285,0.8588,0.7679,false
CHR-MED-1304,Merchant Prince Zhang of Umayyad Caliphate (Al-Andalus),medieval,Holy Roman Empire,Central Europe,673,698,Economic,catalyst,EVT-MED-1304,0.725,0.8242,0.6033,0.7115,0.8385,0.5533,0.8676,29,0.4209,0.782,0.6979,1.1123,1.2183,1.1653,false
CHR-MED-1305,Vizier Tariq of Umayyad Caliphate (Al-Andalus),medieval,Holy Roman Empire,Central Europe,1390,1397,Political,wildcard,EVT-MED-1305,0.8044,0.5421,0.6544,0.7106,0.3257,0.7337,0.5925,64,0.5116,0.7197,0.5792,1.0238,1.075,1.1261,false
CHR-MED-1306,Strategos Naram-Sin of Tang Dynasty,medieval,Holy Roman Empire,Central Europe,911,918,Military,stabilizer,EVT-MED-1306,0.6031,0.71,0.8431,0.7547,0.4974,0.1918,0.577,192,0.2186,0.5927,0.4752,0.8139,0.8437,0.7543,false
CHR-MED-1307,Dramatist Mazarin of Kamakura / Muromachi Japan,medieval,Chola Dynasty,South India,1008,1032,Cultural,stabilizer,EVT-MED-1307,0.7812,0.5597,0.7382,0.7043,0.6941,0.2635,0.5993,238,0.2796,0.7084,0.5538,0.8332,0.8637,0.7723,false
CHR-MED-1308,Poet Laureate Ashoka of Khmer Empire,medieval,Song Dynasty,East Asia,643,684,Cultural,disruptor,EVT-MED-1308,0.9189,0.6932,0.4578,0.441,0.9229,0.7696,0.9489,39,0.6643,0.9309,0.8121,1.25,1.25,1.25,true
CHR-MED-1309,Legate Qian of Kingdom of France,medieval,Song Dynasty,East Asia,721,760,Military,architect,EVT-MED-1309,0.9012,0.756,0.8821,0.7288,0.6258,0.1972,0.7015,53,0.2342,0.8213,0.5927,0.8428,0.8736,0.7811,false
CHR-MED-1310,Astronomer Sherman of Kievan Rus,medieval,Classic Maya & Postclassic,Mesoamerica,939,966,Scientific,stabilizer,EVT-MED-1310,0.7653,0.7756,0.7678,0.8583,0.6132,0.3284,0.5181,177,0.2351,0.6664,0.5569,0.834,0.8645,0.773,false
CHR-MED-1311,Dramatist Labarna of Chola Dynasty,medieval,Classic Maya & Postclassic,Mesoamerica,590,609,Cultural,catalyst,EVT-MED-1311,0.7913,0.9114,0.7254,0.7245,0.7908,0.498,0.9208,47,0.3868,0.8431,0.7072,1.1153,1.2215,1.1684,false
CHR-MED-1312,Centurion Chen of Kievan Rus,medieval,Abbasid Caliphate,Middle East,1340,1362,Military,wildcard,EVT-MED-1312,0.6478,0.7145,0.43,0.7025,0.417,0.8165,0.7747,19,0.557,0.6986,0.6422,1.0427,1.0948,1.1469,false
CHR-MED-1313,Admiral Mazarin of Kingdom of England,medieval,Tang Dynasty,East Asia,1120,1131,Military,disruptor,EVT-MED-1313,0.883,0.786,0.3133,0.6437,0.7192,0.8284,0.8944,16,0.5924,0.8876,0.7914,1.25,1.25,1.25,true
CHR-MED-1314,Viceroy Ashoka of Umayyad Caliphate (Al-Andalus),medieval,Mali Empire,West Africa,851,890,Political,architect,EVT-MED-1314,0.6506,0.7636,0.8841,0.8663,0.6743,0.2932,0.7125,96,0.2134,0.6754,0.5475,0.8317,0.8621,0.7708,false
CHR-MED-1315,Physician Ashoka of Kievan Rus,medieval,Mali Empire,West Africa,1293,1306,Scientific,wildcard,EVT-MED-1315,0.5636,0.4324,0.2719,0.7558,0.2701,0.8166,0.8367,57,0.5304,0.6728,0.5793,1.0238,1.075,1.1262,false
CHR-MED-1316,Minister Chandra of Chola Dynasty,medieval,Kingdom of France,Western Europe,895,940,Political,disruptor,EVT-MED-1316,0.7562,0.688,0.4171,0.3247,0.7087,0.9369,0.8636,43,0.8061,0.7992,0.7607,1.2399,1.25,1.25,true
CHR-MED-1317,Physician Wilhelm of Tang Dynasty,medieval,Song Dynasty,East Asia,536,558,Scientific,architect,EVT-MED-1317,0.8513,0.7644,0.7118,0.8899,0.6628,0.3126,0.6056,144,0.2113,0.753,0.599,0.8443,0.8752,0.7826,false
CHR-MED-1318,Guild Master Samsi-Adad of Song Dynasty,medieval,Khmer Empire,Southeast Asia,1369,1412,Economic,disruptor,EVT-MED-1318,0.8266,0.5599,0.3599,0.3863,0.9288,0.9432,0.7944,21,0.7784,0.8137,0.7853,1.2484,1.25,1.25,true
CHR-MED-1319,Abbess Baldwin of Abbasid Caliphate,medieval,Song Dynasty,East Asia,695,724,Religious,stabilizer,EVT-MED-1319,0.829,0.5941,0.8433,0.7242,0.5764,0.1793,0.5463,40,0.2276,0.7159,0.5211,0.8252,0.8554,0.7648,false
CHR-MED-1320,Archon Solon of Chola Dynasty,medieval,Song Dynasty,East Asia,646,680,Political,stabilizer,EVT-MED-1320,0.5806,0.6966,0.9126,0.6901,0.5591,0.2723,0.4736,67,0.2911,0.5378,0.4696,0.8125,0.8423,0.7531,false
CHR-MED-1321,Archon Imhotep of Tang Dynasty,medieval,Kievan Rus,Eastern Europe,1105,1126,Political,disruptor,EVT-MED-1321,0.7025,0.6891,0.3718,0.4815,0.8793,0.6698,0.8579,38,0.5941,0.7647,0.7288,1.2289,1.25,1.25,false
CHR-MED-1322,Merchant Prince Harun of Kamakura / Muromachi Japan,medieval,Kingdom of France,Western Europe,503,513,Economic,stabilizer,EVT-MED-1322,0.7113,0.6495,0.9385,0.7723,0.5997,0.3399,0.6616,225,0.2838,0.6914,0.533,0.8281,0.8584,0.7675,false
CHR-MED-1323,Chronicler Lafayette of Mongol Empire / Ilkhanate,medieval,Khmer Empire,Southeast Asia,564,583,Cultural,architect,EVT-MED-1323,0.8855,0.8244,0.8696,0.7923,0.7468,0.3131,0.5681,108,0.2604,0.7585,0.6127,0.8477,0.8787,0.7857,false
CHR-MED-1324,Prefect Leonidas of Abbasid Caliphate,medieval,Khmer Empire,Southeast Asia,1192,1237,Political,wildcard,EVT-MED-1324,0.7263,0.7185,0.5956,0.3993,0.3501,0.5494,0.778,53,0.5751,0.747,0.6115,1.0334,1.0851,1.1368,false
CHR-MED-1325,Chancellor Hathor of Chola Dynasty,medieval,Byzantine Empire,Eastern Mediterranean,1271,1315,Political,disruptor,EVT-MED-1325,0.6884,0.7096,0.2089,0.5912,0.8225,0.9148,0.8778,23,0.6618,0.7641,0.7704,1.2433,1.25,1.25,true
CHR-MED-1326,Mint Overseer Khaldun of Abbasid Caliphate,medieval,Holy Roman Empire,Central Europe,1439,1480,Economic,disruptor,EVT-MED-1326,0.8215,0.5876,0.4296,0.6288,0.9475,0.9446,0.7469,46,0.6579,0.7917,0.765,1.2414,1.25,1.25,true
CHR-MED-1327,Chamberlain Necker of Classic Maya & Postclassic,medieval,Song Dynasty,East Asia,944,971,Economic,stabilizer,EVT-MED-1327,0.7431,0.5718,0.7705,0.8271,0.6662,0.1994,0.668,178,0.1862,0.7131,0.5332,0.8282,0.8585,0.7676,false
CHR-MED-1328,Viceroy Puduhepa of Kamakura / Muromachi Japan,medieval,Classic Maya & Postclassic,Mesoamerica,1404,1426,Political,stabilizer,EVT-MED-1328,0.6169,0.5749,0.7671,0.7949,0.5403,0.2196,0.4953,132,0.2123,0.5683,0.4623,0.8107,0.8404,0.7514,false
CHR-MED-1329,Chamberlain Valdemar of Kievan Rus,medieval,Song Dynasty,East Asia,705,724,Economic,architect,EVT-MED-1329,0.8325,0.8621,0.7603,0.7158,0.5432,0.3838,0.6932,56,0.334,0.7767,0.6186,0.8492,0.8803,0.7871,false
CHR-MED-1330,Centurion Zhang of Byzantine Empire,medieval,Kingdom of France,Western Europe,707,712,Military,catalyst,EVT-MED-1330,0.6446,0.9101,0.5198,0.6707,0.8711,0.7758,0.8755,35,0.5526,0.7369,0.7405,1.1258,1.233,1.1794,false
CHR-MED-1331,Viceroy Averroes of Byzantine Empire,medieval,Abbasid Caliphate,Middle East,1138,1163,Political,architect,EVT-MED-1331,0.8645,0.6928,0.6878,0.7627,0.594,0.3834,0.7913,37,0.3103,0.8352,0.6284,0.8516,0.8828,0.7893,false
CHR-MED-1332,Metallurgist Mazarin of Classic Maya & Postclassic,medieval,Chola Dynasty,South India,1387,1430,Scientific,stabilizer,EVT-MED-1332,0.6999,0.5587,0.8245,0.7935,0.4548,0.1774,0.5479,157,0.192,0.6391,0.4637,0.8111,0.8407,0.7517,false
CHR-MED-1333,Merchant Prince Qian of Song Dynasty,medieval,Byzantine Empire,Eastern Mediterranean,1301,1306,Economic,architect,EVT-MED-1333,0.8835,0.8729,0.8,0.8544,0.5601,0.3815,0.6898,164,0.2635,0.806,0.6238,0.8505,0.8816,0.7882,false
CHR-MED-1334,Minister Narmer of Kievan Rus,medieval,Mongol Empire / Ilkhanate,Eurasian Steppe,1001,1025,Political,stabilizer,EVT-MED-1334,0.7304,0.5557,0.7965,0.7263,0.5543,0.3336,0.6601,200,0.3036,0.7023,0.5322,0.8279,0.8582,0.7673,false
CHR-MED-1335,Marshal Hattusili of Kingdom of England,medieval,Abbasid Caliphate,Middle East,698,735,Military,architect,EVT-MED-1335,0.7499,0.6231,0.8784,0.8884,0.6188,0.4246,0.7731,113,0.2681,0.7592,0.5712,0.8375,0.8681,0.7762,false
CHR-MED-1336,Scribe Chen of Mali Empire,medieval,Kingdom of France,Western Europe,508,540,Cultural,architect,EVT-MED-1336,0.8696,0.6427,0.8911,0.8017,0.6814,0.2535,0.5724,101,0.2259,0.7507,0.5607,0.8349,0.8655,0.7738,false
CHR-MED-1337,Senator Ramesses of Holy Roman Empire,medieval,Kamakura / Muromachi Japan,East Asia,1252,1282,Political,catalyst,EVT-MED-1337,0.6188,0.7547,0.6947,0.6474,0.818,0.5095,0.7469,33,0.431,0.67,0.6272,1.0901,1.1939,1.142,false
CHR-MED-1338,Poet Laureate Necker of Kingdom of England,medieval,Umayyad Caliphate (Al-Andalus),Iberia / North Africa,1316,1342,Cultural,disruptor,EVT-MED-1338,0.8846,0.5573,0.2392,0.4082,0.7843,0.7554,0.7425,25,0.6736,0.8277,0.7527,1.2372,1.25,1.25,true
CHR-MED-1339,High Priest Madison of Kingdom of England,medieval,Kingdom of France,Western Europe,1391,1404,Religious,stabilizer,EVT-MED-1339,0.717,0.5845,0.8741,0.7281,0.5775,0.1755,0.6675,85,0.2237,0.6972,0.5062,0.8215,0.8516,0.7614,false
CHR-MED-1340,Prefect Baldwin of Kamakura / Muromachi Japan,medieval,Holy Roman Empire,Central Europe,1335,1379,Political,wildcard,EVT-MED-1340,0.7672,0.5064,0.3613,0.6567,0.8103,0.151,0.4085,61,0.2472,0.6237,0.5543,1.0163,1.0671,1.1179,false
CHR-MED-1341,Philosopher Lafayette of Kingdom of England,medieval,Holy Roman Empire,Central Europe,973,983,Cultural,disruptor,EVT-MED-1341,0.9488,0.5342,0.4155,0.3856,0.8985,0.8269,0.8132,9,0.7206,0.8946,0.7873,1.2491,1.25,1.25,true
CHR-MED-1342,Chamberlain Franklin of Holy Roman Empire,medieval,Tang Dynasty,East Asia,895,929,Economic,stabilizer,EVT-MED-1342,0.6701,0.6429,0.9107,0.7284,0.6337,0.3097,0.6415,80,0.2906,0.6587,0.5242,0.826,0.8562,0.7655,false
CHR-MED-1343,Merchant Prince Suppiluliuma of Holy Roman Empire,medieval,Kievan Rus,Eastern Europe,1289,1329,Economic,architect,EVT-MED-1343,0.8212,0.7528,0.8019,0.8011,0.5625,0.3011,0.7473,96,0.25,0.7916,0.5896,0.842,0.8729,0.7804,false
CHR-MED-1344,Viceroy Cao of Abbasid Caliphate,medieval,Umayyad Caliphate (Al-Andalus),Iberia / North Africa,770,794,Political,disruptor,EVT-MED-1344,0.9311,0.7194,0.3881,0.3402,0.9088,0.7064,0.8623,29,0.6831,0.9036,0.8065,1.25,1.25,1.25,true
CHR-MED-1345,Astronomer Ashoka of Kamakura / Muromachi Japan,medieval,Abbasid Caliphate,Middle East,1121,1156,Scientific,catalyst,EVT-MED-1345,0.7538,0.725,0.7096,0.6051,0.8517,0.7365,0.7412,25,0.5657,0.7488,0.6954,1.1115,1.2174,1.1645,false
CHR-MED-1346,Physician Zhao of Umayyad Caliphate (Al-Andalus),medieval,Kamakura / Muromachi Japan,East Asia,1198,1234,Scientific,wildcard,EVT-MED-1346,0.6419,0.7908,0.2339,0.7057,0.3154,0.3074,0.4618,14,0.3009,0.5699,0.5331,1.0099,1.0604,1.1109,false
CHR-MED-1347,Dramatist Lafayette of Kingdom of England,medieval,Kievan Rus,Eastern Europe,683,690,Cultural,catalyst,EVT-MED-1347,0.6363,0.813,0.7001,0.7607,0.8221,0.6129,0.9047,52,0.4261,0.7437,0.6739,1.1048,1.21,1.1574,false
CHR-MED-1348,Pontiff Averroes of Byzantine Empire,medieval,Abbasid Caliphate,Middle East,889,897,Religious,catalyst,EVT-MED-1348,0.6401,0.7727,0.7052,0.6104,0.8416,0.7417,0.7776,49,0.5656,0.6951,0.679,1.1064,1.2118,1.1591,false
CHR-MED-1349,Customs Director Sumner of Umayyad Caliphate (Al-Andalus),medieval,Kingdom of France,Western Europe,633,675,Economic,stabilizer,EVT-MED-1349,0.5968,0.6376,0.8055,0.6817,0.5168,0.3317,0.6438,194,0.325,0.6156,0.504,0.821,0.851,0.7609,false
CHR-MED-1350,Archon Godfrey of Kingdom of England,medieval,Khmer Empire,Southeast Asia,975,1009,Political,wildcard,EVT-MED-1350,0.8387,0.4396,0.6008,0.296,0.5138,0.6246,0.4072,40,0.6643,0.6661,0.5826,1.0248,1.076,1.1272,false
CHR-MED-1351,High Priest Rimush of Chola Dynasty,medieval,Mongol Empire / Ilkhanate,Eurasian Steppe,1093,1112,Religious,catalyst,EVT-MED-1351,0.7593,0.8821,0.4986,0.5901,0.7893,0.6182,0.7654,21,0.5141,0.7617,0.7187,1.1189,1.2255,1.1722,false
CHR-MED-1352,Synod Envoy Bradford of Kingdom of England,medieval,Umayyad Caliphate (Al-Andalus),Iberia / North Africa,1058,1100,Religious,catalyst,EVT-MED-1352,0.6437,0.7596,0.6227,0.6683,0.8263,0.5159,0.9331,57,0.4238,0.7595,0.6705,1.1037,1.2088,1.1563,false
CHR-MED-1353,Synod Envoy Leonidas of Mongol Empire / Ilkhanate,medieval,Umayyad Caliphate (Al-Andalus),Iberia / North Africa,659,676,Religious,disruptor,EVT-MED-1353,0.7245,0.8461,0.3568,0.3911,0.8581,0.7126,0.7345,28,0.6608,0.7285,0.7486,1.2358,1.25,1.25,false
CHR-MED-1354,Rhetorician Rimush of Holy Roman Empire,medieval,Classic Maya & Postclassic,Mesoamerica,1192,1229,Cultural,catalyst,EVT-MED-1354,0.6211,0.9199,0.6782,0.6526,0.885,0.6459,0.9214,55,0.4967,0.7412,0.7107,1.1164,1.2227,1.1695,false
CHR-MED-1355,Philosopher Valdemar of Kingdom of France,medieval,Classic Maya & Postclassic,Mesoamerica,1332,1361,Cultural,architect,EVT-MED-1355,0.9101,0.6312,0.7705,0.7158,0.5491,0.4318,0.601,126,0.358,0.7865,0.5967,0.8438,0.8746,0.782,false
CHR-MED-1356,Prefect Zhao of Umayyad Caliphate (Al-Andalus),medieval,Tang Dynasty,East Asia,889,909,Political,architect,EVT-MED-1356,0.7766,0.6957,0.7783,0.7475,0.5918,0.3835,0.6983,135,0.318,0.7453,0.5843,0.8407,0.8715,0.7792,false
CHR-MED-1357,Synod Envoy Sun of Classic Maya & Postclassic,medieval,Holy Roman Empire,Central Europe,628,670,Religious,architect,EVT-MED-1357,0.7784,0.6325,0.8268,0.8813,0.6885,0.2466,0.7029,148,0.1826,0.7482,0.5584,0.8344,0.8649,0.7733,false
CHR-MED-1358,Consul Zhang of Khmer Empire,medieval,Abbasid Caliphate,Middle East,1094,1121,Political,catalyst,EVT-MED-1358,0.5325,0.7388,0.5933,0.6019,0.7659,0.6237,0.8167,14,0.5109,0.6461,0.6355,1.0927,1.1967,1.1447,false
CHR-MED-1359,Treasurer Ramesses of Kingdom of England,medieval,Kingdom of France,Western Europe,1442,1481,Economic,stabilizer,EVT-MED-1359,0.6644,0.6517,0.8747,0.8329,0.6242,0.2373,0.4148,154,0.2022,0.5646,0.4762,0.8141,0.8439,0.7546,false
CHR-MED-1360,Metallurgist Gao of Umayyad Caliphate (Al-Andalus),medieval,Abbasid Caliphate,Middle East,1226,1234,Scientific,stabilizer,EVT-MED-1360,0.6438,0.6431,0.8079,0.6837,0.467,0.1845,0.4896,240,0.2504,0.5821,0.4636,0.811,0.8407,0.7517,false
CHR-MED-1361,Abbess Rajaraja of Kamakura / Muromachi Japan,medieval,Kingdom of France,Western Europe,1199,1240,Religious,stabilizer,EVT-MED-1361,0.7078,0.7761,0.8667,0.6902,0.6112,0.315,0.5297,41,0.3124,0.6366,0.5406,0.83,0.8603,0.7692,false
CHR-MED-1362,Pontiff Zhang of Mali Empire,medieval,Umayyad Caliphate (Al-Andalus),Iberia / North Africa,1153,1186,Religious,architect,EVT-MED-1362,0.7609,0.7124,0.7816,0.76,0.6389,0.2782,0.7099,27,0.2591,0.7405,0.575,0.8384,0.8691,0.7771,false
CHR-MED-1363,Admiral Sun of Mali Empire,medieval,Chola Dynasty,South India,728,749,Military,wildcard,EVT-MED-1363,0.6672,0.372,0.3959,0.4288,0.6839,0.2558,0.6822,42,0.4135,0.6732,0.5549,1.0165,1.0673,1.1181,false
CHR-MED-1364,Master Sculptor Li of Kievan Rus,medieval,Khmer Empire,Southeast Asia,1189,1232,Cultural,stabilizer,EVT-MED-1364,0.78,0.7646,0.8559,0.8596,0.6688,0.297,0.623,235,0.2187,0.7172,0.5694,0.8371,0.8677,0.7758,false
CHR-MED-1365,Minister Suppiluliuma of Byzantine Empire,medieval,Kingdom of England,British Isles,1305,1338,Political,stabilizer,EVT-MED-1365,0.7557,0.7443,0.827,0.7556,0.4628,0.1375,0.4215,233,0.191,0.622,0.4834,0.8159,0.8458,0.7562,false
CHR-MED-1366,Consul Seneb of Umayyad Caliphate (Al-Andalus),medieval,Umayyad Caliphate (Al-Andalus),Iberia / North Africa,1106,1121,Political,disruptor,EVT-MED-1366,0.9222,0.746,0.3673,0.522,0.8062,0.7363,0.811,10,0.6072,0.8777,0.7826,1.2475,1.25,1.25,true
CHR-MED-1367,Geometer Necker of Khmer Empire,medieval,Holy Roman Empire,Central Europe,711,752,Scientific,catalyst,EVT-MED-1367,0.6777,0.804,0.4961,0.715,0.8232,0.4656,0.8617,33,0.3753,0.7513,0.6772,1.1058,1.2111,1.1585,false
CHR-MED-1368,Viceroy Naram-Sin of Kievan Rus,medieval,Chola Dynasty,South India,1127,1133,Political,stabilizer,EVT-MED-1368,0.6399,0.6524,0.838,0.8481,0.498,0.2287,0.6073,45,0.1903,0.6269,0.4817,0.8155,0.8453,0.7558,false
CHR-MED-1369,Consul Constantine of Holy Roman Empire,medieval,Chola Dynasty,South India,1114,1120,Political,catalyst,EVT-MED-1369,0.6791,0.7598,0.5617,0.6484,0.8691,0.5356,0.9356,40,0.4436,0.7817,0.6962,1.1118,1.2177,1.1647,false
CHR-MED-1370,Governor Gao of Song Dynasty,medieval,Mongol Empire / Ilkhanate,Eurasian Steppe,934,960,Political,disruptor,EVT-MED-1370,0.7732,0.8391,0.4304,0.4909,0.7131,0.8433,0.7761,41,0.6762,0.7744,0.7515,1.2368,1.25,1.25,true
CHR-MED-1371,Imam Averroes of Chola Dynasty,medieval,Kingdom of France,Western Europe,1188,1196,Religious,catalyst,EVT-MED-1371,0.6768,0.8617,0.6919,0.6743,0.7636,0.6701,0.8394,28,0.4979,0.7418,0.6865,1.1088,1.2143,1.1615,false
CHR-MED-1372,Polymath Qian of Classic Maya & Postclassic,medieval,Classic Maya & Postclassic,Mesoamerica,655,693,Scientific,wildcard,EVT-MED-1372,0.4841,0.7933,0.6537,0.3556,0.6616,0.7727,0.4828,65,0.7086,0.4836,0.5944,1.0283,1.0797,1.1312,false
CHR-MED-1373,Treasurer Hathor of Kamakura / Muromachi Japan,medieval,Byzantine Empire,Eastern Mediterranean,1038,1077,Economic,catalyst,EVT-MED-1373,0.5005,0.8435,0.6966,0.61,0.8213,0.7708,0.7009,16,0.5804,0.5807,0.6454,1.0958,1.2002,1.148,false
CHR-MED-1374,Rhetorician Necker of Classic Maya & Postclassic,medieval,Khmer Empire,Southeast Asia,865,909,Cultural,stabilizer,EVT-MED-1374,0.6471,0.5961,0.7999,0.7932,0.6242,0.1337,0.6226,37,0.1702,0.6373,0.4886,0.8172,0.8471,0.7574,false
CHR-MED-1375,Patriarch Thutmose of Tang Dynasty,medieval,Mali Empire,West Africa,1217,1224,Religious,wildcard,EVT-MED-1375,0.8763,0.7165,0.4439,0.762,0.588,0.5645,0.7681,45,0.4012,0.833,0.6822,1.0546,1.1074,1.1601,false
CHR-MED-1376,Physician Song of Kingdom of England,medieval,Kamakura / Muromachi Japan,East Asia,615,655,Scientific,stabilizer,EVT-MED-1376,0.6663,0.6499,0.8217,0.8893,0.5432,0.2976,0.4936,118,0.2041,0.5972,0.4876,0.8169,0.8468,0.7572,false
CHR-MED-1377,Abbess Wilhelm of Umayyad Caliphate (Al-Andalus),medieval,Chola Dynasty,South India,752,770,Religious,architect,EVT-MED-1377,0.6578,0.8461,0.8082,0.7121,0.6912,0.4246,0.6087,24,0.3562,0.6382,0.5836,0.8406,0.8713,0.7791,false
CHR-MED-1378,General Sherman of Mali Empire,medieval,Kievan Rus,Eastern Europe,1374,1392,Military,catalyst,EVT-MED-1378,0.6744,0.808,0.4534,0.6367,0.9329,0.5934,0.9278,44,0.4783,0.7758,0.7307,1.1227,1.2296,1.1761,false
CHR-MED-1379,Hierophant Nizam of Song Dynasty,medieval,Byzantine Empire,Eastern Mediterranean,1088,1099,Religious,architect,EVT-MED-1379,0.7667,0.8002,0.8069,0.7536,0.6541,0.4158,0.7768,155,0.3311,0.7707,0.6203,0.8496,0.8807,0.7874,false
CHR-MED-1380,Geometer Wilhelm of Umayyad Caliphate (Al-Andalus),medieval,Kingdom of England,British Isles,1114,1122,Scientific,stabilizer,EVT-MED-1380,0.7596,0.6273,0.8495,0.8428,0.5429,0.1478,0.6125,192,0.1525,0.7008,0.5024,0.8206,0.8506,0.7605,false
CHR-MED-1381,Treasurer Necker of Byzantine Empire,medieval,Abbasid Caliphate,Middle East,1161,1204,Economic,catalyst,EVT-MED-1381,0.8016,0.7356,0.6454,0.6125,0.9224,0.5465,0.9277,13,0.467,0.852,0.7251,1.1209,1.2276,1.1743,false
CHR-MED-1382,Warlord Ramesses of Mali Empire,medieval,Umayyad Caliphate (Al-Andalus),Iberia / North Africa,1211,1243,Military,wildcard,EVT-MED-1382,0.8996,0.6781,0.4349,0.2774,0.561,0.7242,0.8176,9,0.7234,0.8668,0.7347,1.0704,1.1239,1.1774,false
CHR-MED-1383,Chronicler Constantine of Chola Dynasty,medieval,Kievan Rus,Eastern Europe,1337,1380,Cultural,disruptor,EVT-MED-1383,0.9213,0.5971,0.4204,0.3359,0.745,0.8481,0.9221,44,0.7561,0.9217,0.7883,1.2495,1.25,1.25,true
CHR-MED-1384,Scribe Cao of Chola Dynasty,medieval,Tang Dynasty,East Asia,530,559,Cultural,wildcard,EVT-MED-1384,0.622,0.4629,0.5423,0.6645,0.2971,0.2811,0.5014,30,0.3083,0.5738,0.4494,0.9848,1.0341,1.0833,false
CHR-MED-1385,Chamberlain Wu of Song Dynasty,medieval,Mongol Empire / Ilkhanate,Eurasian Steppe,1445,1464,Economic,stabilizer,EVT-MED-1385,0.6596,0.7259,0.7804,0.8171,0.6467,0.1982,0.6162,63,0.1905,0.6422,0.5241,0.8259,0.8561,0.7655,false
CHR-MED-1386,Customs Director Telepinu of Holy Roman Empire,medieval,Song Dynasty,East Asia,1342,1356,Economic,architect,EVT-MED-1386,0.7783,0.6373,0.8588,0.71,0.6832,0.3602,0.7768,153,0.3251,0.7777,0.5918,0.8426,0.8734,0.7809,false
CHR-MED-1387,Metallurgist Solon of Abbasid Caliphate,medieval,Chola Dynasty,South India,774,788,Scientific,architect,EVT-MED-1387,0.8085,0.6612,0.8336,0.7412,0.7423,0.2859,0.8047,159,0.2724,0.807,0.6058,0.846,0.877,0.7841,false
CHR-MED-1388,Chamberlain Valdemar of Mongol Empire / Ilkhanate,medieval,Tang Dynasty,East Asia,1433,1471,Economic,stabilizer,EVT-MED-1388,0.6193,0.5524,0.7952,0.7798,0.5496,0.2285,0.5899,227,0.2244,0.6075,0.4744,0.8137,0.8435,0.7542,false
CHR-MED-1389,Strategos Kautilya of Chola Dynasty,medieval,Holy Roman Empire,Central Europe,1032,1058,Military,stabilizer,EVT-MED-1389,0.8196,0.7904,0.9291,0.6957,0.5521,0.2722,0.5437,150,0.2883,0.7092,0.551,0.8325,0.863,0.7716,false
CHR-MED-1390,Astronomer Sargon of Kingdom of France,medieval,Khmer Empire,Southeast Asia,1010,1035,Scientific,architect,EVT-MED-1390,0.6735,0.6003,0.7537,0.8431,0.651,0.3359,0.7124,127,0.2464,0.689,0.5458,0.8313,0.8617,0.7704,false
CHR-MED-1391,Syndic Cao of Mongol Empire / Ilkhanate,medieval,Kingdom of France,Western Europe,1416,1424,Economic,disruptor,EVT-MED-1391,0.9032,0.7053,0.4325,0.5666,0.7592,0.8772,0.8623,10,0.6553,0.8868,0.7848,1.2483,1.25,1.25,true
CHR-MED-1392,Chamberlain Belisarius of Kingdom of England,medieval,Abbasid Caliphate,Middle East,725,744,Economic,wildcard,EVT-MED-1392,0.6544,0.7353,0.5028,0.4565,0.2399,0.6581,0.6239,26,0.6008,0.6422,0.5791,1.0237,1.0749,1.1261,false
CHR-MED-1393,Chronicler Saladin of Kingdom of England,medieval,Kingdom of France,Western Europe,582,613,Cultural,catalyst,EVT-MED-1393,0.7471,0.7212,0.5775,0.7404,0.9499,0.4691,0.7593,50,0.3643,0.7519,0.6769,1.1057,1.211,1.1584,false
CHR-MED-1394,General Sun of Classic Maya & Postclassic,medieval,Kamakura / Muromachi Japan,East Asia,690,705,Military,stabilizer,EVT-MED-1394,0.6337,0.6739,0.8522,0.838,0.6445,0.2179,0.4021,166,0.1899,0.5411,0.4721,0.8131,0.8429,0.7536,false
CHR-MED-1395,Chamberlain Vikram of Kingdom of France,medieval,Abbasid Caliphate,Middle East,593,632,Economic,catalyst,EVT-MED-1395,0.6382,0.8332,0.494,0.5651,0.76,0.6929,0.8181,23,0.5639,0.7102,0.6975,1.1122,1.2181,1.1652,false
CHR-MED-1396,Physician Telepinu of Mali Empire,medieval,Kingdom of England,British Isles,1467,1475,Scientific,catalyst,EVT-MED-1396,0.6675,0.8848,0.6228,0.687,0.7959,0.7825,0.7058,46,0.5478,0.6828,0.6956,1.1116,1.2175,1.1645,false
CHR-MED-1397,Hierophant Heinrich of Khmer Empire,medieval,Khmer Empire,Southeast Asia,1001,1013,Religious,stabilizer,EVT-MED-1397,0.6476,0.5582,0.8731,0.758,0.4663,0.2539,0.4837,143,0.2479,0.582,0.451,0.8079,0.8375,0.75,false
CHR-MED-1398,Syndic Thutmose of Song Dynasty,medieval,Chola Dynasty,South India,1103,1128,Economic,disruptor,EVT-MED-1398,0.749,0.5357,0.3343,0.4103,0.7469,0.7515,0.7669,7,0.6706,0.7562,0.7035,1.2202,1.25,1.25,false
CHR-MED-1399,Treasurer Alexander of Kievan Rus,medieval,Holy Roman Empire,Central Europe,815,823,Economic,disruptor,EVT-MED-1399,0.6738,0.5151,0.3857,0.5606,0.9017,0.7672,0.8617,9,0.6033,0.749,0.7087,1.222,1.25,1.25,false
CHR-MED-1400,Geometer Valdemar of Mongol Empire / Ilkhanate,medieval,Tang Dynasty,East Asia,1053,1064,Scientific,wildcard,EVT-MED-1400,0.6141,0.8085,0.5946,0.2642,0.6208,0.4268,0.4853,39,0.5813,0.5626,0.5821,1.0246,1.0759,1.1271,false
CHR-MED-1401,Cardinal Ashoka of Kievan Rus,medieval,Kievan Rus,Eastern Europe,1468,1500,Religious,stabilizer,EVT-MED-1401,0.816,0.7855,0.7222,0.7601,0.54,0.2482,0.4683,193,0.2441,0.6769,0.5501,0.8323,0.8628,0.7714,false
CHR-MED-1402,High Priest Ashoka of Mongol Empire / Ilkhanate,medieval,Khmer Empire,Southeast Asia,1245,1270,Religious,disruptor,EVT-MED-1402,0.8209,0.6944,0.4726,0.515,0.9089,0.8575,0.8528,24,0.6712,0.8337,0.7793,1.2463,1.25,1.25,true
CHR-MED-1403,Synod Envoy Belisarius of Abbasid Caliphate,medieval,Umayyad Caliphate (Al-Andalus),Iberia / North Africa,892,921,Religious,architect,EVT-MED-1403,0.7526,0.7337,0.8778,0.8264,0.6442,0.2572,0.5739,146,0.2154,0.6811,0.5404,0.8299,0.8603,0.7692,false
CHR-MED-1404,Mint Overseer Rajaraja of Kievan Rus,medieval,Kingdom of England,British Isles,1068,1111,Economic,catalyst,EVT-MED-1404,0.7281,0.8587,0.6802,0.6331,0.8822,0.6471,0.9158,32,0.507,0.8032,0.7279,1.1218,1.2286,1.1752,false
CHR-MED-1405,Centurion Hammurabi of Umayyad Caliphate (Al-Andalus),medieval,Mongol Empire / Ilkhanate,Eurasian Steppe,1412,1437,Military,architect,EVT-MED-1405,0.7703,0.8558,0.8702,0.8799,0.749,0.327,0.795,140,0.2236,0.7801,0.6206,0.8497,0.8807,0.7875,false
CHR-MED-1406,Geometer Qian of Chola Dynasty,medieval,Umayyad Caliphate (Al-Andalus),Iberia / North Africa,1344,1380,Scientific,wildcard,EVT-MED-1406,0.8648,0.7707,0.2736,0.3167,0.2254,0.228,0.7593,42,0.4557,0.8226,0.6205,1.0362,1.088,1.1398,false
CHR-MED-1407,General Colbert of Kingdom of England,medieval,Mali Empire,West Africa,867,891,Military,catalyst,EVT-MED-1407,0.6171,0.6581,0.5178,0.7085,0.9336,0.4738,0.8047,44,0.3827,0.6922,0.6476,1.0965,1.2009,1.1487,false
CHR-MED-1408,Legate Mursili of Chola Dynasty,medieval,Holy Roman Empire,Central Europe,1369,1378,Military,architect,EVT-MED-1408,0.6814,0.7534,0.8097,0.7017,0.625,0.2351,0.6778,72,0.2667,0.6799,0.548,0.8318,0.8622,0.7709,false
CHR-MED-1409,Centurion Ramesses of Song Dynasty,medieval,Holy Roman Empire,Central Europe,505,526,Military,disruptor,EVT-MED-1409,0.6055,0.5424,0.2021,0.626,0.9269,0.757,0.8074,45,0.5655,0.6862,0.7049,1.2207,1.25,1.25,false
CHR-MED-1410,Syndic Marshall of Byzantine Empire,medieval,Umayyad Caliphate (Al-Andalus),Iberia / North Africa,888,894,Economic,catalyst,EVT-MED-1410,0.7193,0.7027,0.4627,0.7475,0.8042,0.6158,0.839,36,0.4341,0.7672,0.6904,1.11,1.2157,1.1628,false
CHR-MED-1411,Polymath Wilhelm of Byzantine Empire,medieval,Kingdom of France,Western Europe,1031,1037,Scientific,disruptor,EVT-MED-1411,0.896,0.8493,0.4983,0.4552,0.9319,0.8528,0.8001,19,0.6988,0.8577,0.8165,1.25,1.25,1.25,true
CHR-MED-1412,Legate Kheti of Umayyad Caliphate (Al-Andalus),medieval,Chola Dynasty,South India,1076,1101,Military,stabilizer,EVT-MED-1412,0.7495,0.7005,0.8063,0.8881,0.4658,0.1934,0.5133,111,0.1526,0.6551,0.4933,0.8183,0.8483,0.7585,false
CHR-MED-1413,Prefect Hamilton of Chola Dynasty,medieval,Tang Dynasty,East Asia,640,645,Political,catalyst,EVT-MED-1413,0.7837,0.9165,0.5798,0.5857,0.9315,0.47,0.9256,13,0.4422,0.8405,0.7452,1.1272,1.2346,1.1809,false
CHR-MED-1414,Commander Cao of Holy Roman Empire,medieval,Kamakura / Muromachi Japan,East Asia,599,617,Military,disruptor,EVT-MED-1414,0.7795,0.5358,0.2545,0.5207,0.8583,0.9213,0.7854,28,0.7003,0.7818,0.7585,1.2392,1.25,1.25,true
CHR-MED-1415,Hierophant Hattusili of Mali Empire,medieval,Mali Empire,West Africa,933,973,Religious,stabilizer,EVT-MED-1415,0.7814,0.7825,0.8609,0.751,0.6105,0.1884,0.6048,162,0.2187,0.7108,0.5496,0.8322,0.8627,0.7713,false
CHR-MED-1416,General Valdemar of Holy Roman Empire,medieval,Kamakura / Muromachi Japan,East Asia,540,555,Military,wildcard,EVT-MED-1416,0.6435,0.6229,0.5161,0.3951,0.8488,0.2615,0.6284,4,0.4332,0.6375,0.5938,1.0281,1.0795,1.1309,false
CHR-MED-1417,Arch-Engineer Qian of Holy Roman Empire,medieval,Classic Maya & Postclassic,Mesoamerica,998,1003,Scientific,disruptor,EVT-MED-1417,0.8136,0.5644,0.325,0.3902,0.8702,0.9379,0.7703,7,0.7738,0.7963,0.7728,1.2441,1.25,1.25,true
CHR-MED-1418,Commander Narmer of Umayyad Caliphate (Al-Andalus),medieval,Kingdom of France,Western Europe,1444,1486,Military,architect,EVT-MED-1418,0.7245,0.6834,0.8228,0.8578,0.7544,0.3904,0.6003,55,0.2663,0.6748,0.5702,0.8373,0.8679,0.776,false
CHR-MED-1419,Cardinal Saladin of Holy Roman Empire,medieval,Kamakura / Muromachi Japan,East Asia,1356,1391,Religious,disruptor,EVT-MED-1419,0.6852,0.7181,0.2712,0.4077,0.8128,0.7615,0.9191,34,0.6769,0.7787,0.7555,1.2382,1.25,1.25,true
CHR-MED-1420,Strategos Khaldun of Mali Empire,medieval,Abbasid Caliphate,Middle East,1345,1382,Military,stabilizer,EVT-MED-1420,0.6294,0.6099,0.9241,0.7999,0.6858,0.1719,0.5797,219,0.186,0.6095,0.482,0.8156,0.8454,0.7559,false
CHR-MED-1421,Poet Laureate Zhang of Chola Dynasty,medieval,Mongol Empire / Ilkhanate,Eurasian Steppe,1005,1023,Cultural,stabilizer,EVT-MED-1421,0.8468,0.7089,0.803,0.6938,0.4989,0.2644,0.6796,77,0.2853,0.7799,0.5695,0.8371,0.8677,0.7758,false
CHR-MED-1422,Chronicler Wilhelm of Mali Empire,medieval,Kingdom of France,Western Europe,695,711,Cultural,disruptor,EVT-MED-1422,0.6312,0.7687,0.4525,0.5543,0.8272,0.8674,0.95,18,0.6566,0.7587,0.7468,1.2352,1.25,1.25,false
CHR-MED-1423,Admiral Colbert of Mongol Empire / Ilkhanate,medieval,Kievan Rus,Eastern Europe,1358,1395,Military,wildcard,EVT-MED-1423,0.7824,0.4128,0.6301,0.3951,0.8404,0.5608,0.439,59,0.5829,0.645,0.6008,1.0302,1.0817,1.1333,false
CHR-MED-1424,Hierophant Suppiluliuma of Tang Dynasty,medieval,Kingdom of France,Western Europe,1378,1411,Religious,catalyst,EVT-MED-1424,0.6454,0.8644,0.5339,0.6085,0.9134,0.5442,0.7535,57,0.4678,0.6887,0.6889,1.1095,1.2152,1.1623,false
CHR-MED-1425,Astronomer Seneb of Khmer Empire,medieval,Mali Empire,West Africa,1321,1332,Scientific,catalyst,EVT-MED-1425,0.523,0.7887,0.4918,0.7607,0.8854,0.7561,0.7916,59,0.4977,0.6305,0.6768,1.1057,1.211,1.1583,false
CHR-MED-1426,Legate Bradford of Kingdom of France,medieval,Chola Dynasty,South India,796,809,Military,wildcard,EVT-MED-1426,0.5583,0.7232,0.2394,0.4167,0.2014,0.5816,0.6383,61,0.5824,0.5903,0.5665,1.0199,1.0709,1.1219,false
CHR-MED-1427,Archon Theodosius of Kievan Rus,medieval,Chola Dynasty,South India,1229,1246,Political,disruptor,EVT-MED-1427,0.9454,0.7574,0.4387,0.5966,0.7311,0.9144,0.7625,33,0.6589,0.8722,0.7875,1.2492,1.25,1.25,true
CHR-MED-1428,Merchant Prince Samudra of Mali Empire,medieval,Kingdom of England,British Isles,743,784,Economic,catalyst,EVT-MED-1428,0.5933,0.8036,0.705,0.6313,0.9233,0.5518,0.871,27,0.4602,0.7044,0.6687,1.1031,1.2082,1.1557,false
CHR-MED-1429,Marshal Chen of Chola Dynasty,medieval,Umayyad Caliphate (Al-Andalus),Iberia / North Africa,880,925,Military,wildcard,EVT-MED-1429,0.4819,0.471,0.5546,0.3412,0.6914,0.6847,0.7422,10,0.6718,0.586,0.5863,1.0259,1.0772,1.1285,false
CHR-MED-1430,Philosopher Richelieu of Khmer Empire,medieval,Kievan Rus,Eastern Europe,1485,1500,Cultural,architect,EVT-MED-1430,0.8047,0.8016,0.7985,0.853,0.5575,0.3368,0.7871,43,0.2419,0.7977,0.6011,0.8449,0.8758,0.7831,false
CHR-MED-1431,Vizier Mentuhotep of Mongol Empire / Ilkhanate,medieval,Mali Empire,West Africa,519,558,Political,catalyst,EVT-MED-1431,0.7676,0.6501,0.6546,0.6401,0.9495,0.6054,0.7185,13,0.4826,0.748,0.683,1.1076,1.2131,1.1604,false
CHR-MED-1432,Admiral Ibn-Sina of Kamakura / Muromachi Japan,medieval,Kievan Rus,Eastern Europe,778,803,Military,wildcard,EVT-MED-1432,0.8664,0.4374,0.1944,0.7947,0.5342,0.529,0.8368,32,0.3671,0.8546,0.658,1.0474,1.0998,1.1522,false
CHR-MED-1433,Polymath Lafayette of Chola Dynasty,medieval,Khmer Empire,Southeast Asia,835,859,Scientific,catalyst,EVT-MED-1433,0.7608,0.7831,0.5187,0.7184,0.7341,0.6632,0.8157,37,0.4724,0.7828,0.7018,1.1136,1.2196,1.1666,false
CHR-MED-1434,Hierophant Sargon of Abbasid Caliphate,medieval,Abbasid Caliphate,Middle East,769,774,Religious,stabilizer,EVT-MED-1434,0.7749,0.6559,0.7239,0.897,0.4965,0.3484,0.5544,181,0.2257,0.6867,0.5348,0.8286,0.8589,0.7679,false
CHR-MED-1435,Philosopher Leonidas of Umayyad Caliphate (Al-Andalus),medieval,Mongol Empire / Ilkhanate,Eurasian Steppe,996,1011,Cultural,wildcard,EVT-MED-1435,0.645,0.709,0.4379,0.6934,0.841,0.6489,0.8892,8,0.4777,0.7426,0.696,1.0588,1.1117,1.1647,false
CHR-MED-1436,Cardinal Sargon of Umayyad Caliphate (Al-Andalus),medieval,Holy Roman Empire,Central Europe,1095,1136,Religious,stabilizer,EVT-MED-1436,0.8143,0.668,0.8599,0.8047,0.5561,0.2401,0.6011,226,0.2177,0.7291,0.5371,0.8291,0.8595,0.7685,false
CHR-MED-1437,Merchant Prince Necker of Tang Dynasty,medieval,Mongol Empire / Ilkhanate,Eurasian Steppe,613,641,Economic,architect,EVT-MED-1437,0.8735,0.653,0.7462,0.7811,0.6792,0.4429,0.7118,103,0.3309,0.8088,0.6277,0.8514,0.8826,0.7891,false
CHR-MED-1438,Governor Wilhelm of Kingdom of England,medieval,Abbasid Caliphate,Middle East,851,882,Political,architect,EVT-MED-1438,0.887,0.8358,0.8771,0.867,0.5732,0.3096,0.5861,83,0.2213,0.7666,0.5864,0.8413,0.872,0.7797,false
CHR-MED-1439,Prefect Tariq of Song Dynasty,medieval,Song Dynasty,East Asia,732,761,Political,disruptor,EVT-MED-1439,0.7311,0.8277,0.2838,0.3918,0.8797,0.7629,0.7994,10,0.6856,0.7584,0.7753,1.245,1.25,1.25,true
CHR-MED-1440,Pontiff Richelieu of Khmer Empire,medieval,Holy Roman Empire,Central Europe,566,599,Religious,wildcard,EVT-MED-1440,0.818,0.6356,0.4321,0.6382,0.562,0.8386,0.6549,56,0.6002,0.7528,0.683,1.0549,1.1077,1.1604,false
CHR-MED-1441,Imam Leonidas of Classic Maya & Postclassic,medieval,Kingdom of France,Western Europe,873,897,Religious,catalyst,EVT-MED-1441,0.5812,0.7861,0.6409,0.632,0.8918,0.6848,0.7268,37,0.5264,0.6394,0.663,1.1014,1.2062,1.1538,false
CHR-MED-1442,Astronomer Mazarin of Mali Empire,medieval,Kingdom of England,British Isles,1217,1236,Scientific,stabilizer,EVT-MED-1442,0.6894,0.603,0.8812,0.8534,0.6998,0.3309,0.5435,70,0.2387,0.6311,0.5181,0.8245,0.8546,0.7641,false
CHR-MED-1443,Customs Director Belisarius of Khmer Empire,medieval,Kingdom of France,Western Europe,1003,1015,Economic,disruptor,EVT-MED-1443,0.6584,0.8337,0.3281,0.6215,0.719,0.762,0.9203,38,0.5702,0.7632,0.736,1.2314,1.25,1.25,false
CHR-MED-1444,Guild Master Alexander of Kingdom of France,medieval,Kievan Rus,Eastern Europe,1269,1307,Economic,architect,EVT-MED-1444,0.8731,0.8331,0.8476,0.7838,0.5291,0.4304,0.7554,36,0.3233,0.826,0.6265,0.8511,0.8823,0.7888,false
CHR-MED-1445,Archon Enheduanna of Abbasid Caliphate,medieval,Kingdom of England,British Isles,550,581,Political,disruptor,EVT-MED-1445,0.738,0.8011,0.2746,0.3721,0.9216,0.8794,0.8027,17,0.7537,0.7639,0.7992,1.25,1.25,1.25,true
CHR-MED-1446,Vizier Godfrey of Classic Maya & Postclassic,medieval,Tang Dynasty,East Asia,618,630,Political,catalyst,EVT-MED-1446,0.7939,0.6547,0.5513,0.5724,0.7697,0.6005,0.8982,30,0.5141,0.8356,0.7032,1.114,1.2201,1.1671,false
CHR-MED-1447,Marshal Puduhepa of Chola Dynasty,medieval,Holy Roman Empire,Central Europe,1360,1390,Military,disruptor,EVT-MED-1447,0.8779,0.6109,0.3655,0.4844,0.7468,0.9176,0.8257,43,0.7166,0.857,0.7739,1.2445,1.25,1.25,true
CHR-MED-1448,Chamberlain Friedrich of Mali Empire,medieval,Holy Roman Empire,Central Europe,596,617,Economic,stabilizer,EVT-MED-1448,0.6011,0.7666,0.9279,0.8268,0.577,0.259,0.4654,97,0.2161,0.5468,0.4763,0.8142,0.844,0.7546,false
CHR-MED-1449,Astronomer Lafayette of Mali Empire,medieval,Classic Maya & Postclassic,Mesoamerica,796,832,Scientific,stabilizer,EVT-MED-1449,0.7965,0.7826,0.7943,0.7866,0.6536,0.2506,0.6445,192,0.232,0.7357,0.5801,0.8397,0.8704,0.7783,false
CHR-MED-1450,Imam Friedrich of Khmer Empire,medieval,Umayyad Caliphate (Al-Andalus),Iberia / North Africa,1007,1026,Religious,architect,EVT-MED-1450,0.7259,0.8784,0.8494,0.9115,0.7745,0.2868,0.6746,106,0.1876,0.7054,0.5931,0.8429,0.8737,0.7812,false
CHR-MED-1451,Viceroy Tiglath of Kingdom of France,medieval,Kingdom of England,British Isles,612,644,Political,architect,EVT-MED-1451,0.7667,0.8309,0.7865,0.8776,0.6211,0.2802,0.6439,110,0.2013,0.7175,0.5756,0.8386,0.8693,0.7772,false
CHR-MED-1452,Metallurgist Baldwin of Tang Dynasty,medieval,Byzantine Empire,Eastern Mediterranean,1118,1155,Scientific,stabilizer,EVT-MED-1452,0.6018,0.6832,0.8749,0.8978,0.5654,0.2384,0.6635,53,0.1703,0.6265,0.4906,0.8177,0.8476,0.7579,false
CHR-MED-1453,Chancellor Samudra of Mongol Empire / Ilkhanate,medieval,Kingdom of France,Western Europe,1038,1075,Political,disruptor,EVT-MED-1453,0.6971,0.7232,0.3433,0.4184,0.8337,0.8434,0.8453,15,0.7125,0.7564,0.7559,1.2383,1.25,1.25,true
CHR-MED-1454,Imam Al-Mansur of Classic Maya & Postclassic,medieval,Chola Dynasty,South India,641,661,Religious,stabilizer,EVT-MED-1454,0.7442,0.582,0.7948,0.879,0.6022,0.221,0.4159,121,0.171,0.6129,0.4858,0.8165,0.8464,0.7568,false
CHR-MED-1455,Philosopher Telepinu of Classic Maya & Postclassic,medieval,Kingdom of England,British Isles,776,799,Cultural,catalyst,EVT-MED-1455,0.6626,0.7916,0.5771,0.7636,0.8217,0.6246,0.7018,18,0.4305,0.6783,0.6607,1.1006,1.2054,1.153,false
CHR-MED-1456,Scribe Saladin of Kingdom of England,medieval,Holy Roman Empire,Central Europe,721,752,Cultural,wildcard,EVT-MED-1456,0.6867,0.8212,0.7346,0.7987,0.7895,0.4373,0.473,28,0.3193,0.6012,0.5864,1.0259,1.0772,1.1285,false
CHR-MED-1457,Chancellor Alexander of Umayyad Caliphate (Al-Andalus),medieval,Mali Empire,West Africa,950,992,Political,stabilizer,EVT-MED-1457,0.8158,0.5887,0.7882,0.8585,0.5258,0.3059,0.5028,56,0.2237,0.6906,0.5207,0.8251,0.8553,0.7647,false
CHR-MED-1458,Metallurgist Telepinu of Kingdom of France,medieval,Kingdom of France,Western Europe,979,985,Scientific,disruptor,EVT-MED-1458,0.6923,0.7288,0.3941,0.5516,0.8673,0.781,0.8399,10,0.6147,0.7513,0.7386,1.2323,1.25,1.25,false
CHR-MED-1459,Philosopher Samsi-Adad of Kamakura / Muromachi Japan,medieval,Abbasid Caliphate,Middle East,1155,1171,Cultural,wildcard,EVT-MED-1459,0.7496,0.7072,0.5748,0.3193,0.2619,0.2996,0.4595,21,0.4902,0.6336,0.5232,1.007,1.0573,1.1077,false
CHR-MED-1460,Admiral Saladin of Tang Dynasty,medieval,Umayyad Caliphate (Al-Andalus),Iberia / North Africa,1482,1500,Military,wildcard,EVT-MED-1460,0.6726,0.5778,0.7138,0.5541,0.2237,0.3543,0.5806,21,0.4001,0.6358,0.4795,0.9939,1.0436,1.0932,false
CHR-MED-1461,Governor Eleanor of Kievan Rus,medieval,Mali Empire,West Africa,1437,1465,Political,architect,EVT-MED-1461,0.8905,0.8532,0.8828,0.8067,0.6747,0.2129,0.748,47,0.2031,0.8335,0.6173,0.8489,0.8799,0.7868,false
CHR-MED-1462,Scribe Alexander of Kingdom of England,medieval,Umayyad Caliphate (Al-Andalus),Iberia / North Africa,772,790,Cultural,catalyst,EVT-MED-1462,0.7758,0.6654,0.5639,0.6367,0.945,0.6301,0.9226,53,0.4967,0.8345,0.7302,1.1225,1.2294,1.176,false
CHR-MED-1463,Prefect Valdemar of Byzantine Empire,medieval,Chola Dynasty,South India,1300,1334,Political,wildcard,EVT-MED-1463,0.8658,0.821,0.7252,0.3228,0.5395,0.6431,0.7167,54,0.6602,0.8061,0.6858,1.0558,1.1085,1.1613,false
CHR-MED-1464,Hierophant Cao of Abbasid Caliphate,medieval,Tang Dynasty,East Asia,795,822,Religious,disruptor,EVT-MED-1464,0.6824,0.739,0.2113,0.6225,0.7731,0.7731,0.8038,15,0.5753,0.731,0.7317,1.2299,1.25,1.25,false
CHR-MED-1465,Chronicler Tariq of Holy Roman Empire,medieval,Khmer Empire,Southeast Asia,695,719,Cultural,wildcard,EVT-MED-1465,0.8411,0.6298,0.4677,0.2193,0.3639,0.7794,0.4979,27,0.7801,0.7038,0.6432,1.043,1.0951,1.1473,false
CHR-MED-1466,Geometer Mursili of Kievan Rus,medieval,Kievan Rus,Eastern Europe,986,1011,Scientific,stabilizer,EVT-MED-1466,0.652,0.5683,0.8781,0.725,0.601,0.1312,0.604,77,0.2031,0.6328,0.4746,0.8138,0.8435,0.7542,false
CHR-MED-1467,Centurion Valdemar of Kingdom of England,medieval,Khmer Empire,Southeast Asia,1007,1035,Military,disruptor,EVT-MED-1467,0.7338,0.5019,0.2154,0.5784,0.7257,0.7728,0.9001,35,0.5972,0.8003,0.7181,1.2252,1.25,1.25,false
CHR-MED-1468,Rhetorician Vikram of Kingdom of England,medieval,Song Dynasty,East Asia,1229,1237,Cultural,wildcard,EVT-MED-1468,0.4668,0.592,0.7171,0.4259,0.4388,0.3365,0.4613,67,0.4553,0.4646,0.448,0.9844,1.0336,1.0828,false
CHR-MED-1469,Governor Puduhepa of Chola Dynasty,medieval,Kingdom of France,Western Europe,1108,1136,Political,catalyst,EVT-MED-1469,0.7077,0.6617,0.6393,0.6452,0.7643,0.6963,0.8391,55,0.5255,0.7603,0.6749,1.1051,1.2104,1.1577,false
CHR-MED-1470,Strategos Hammurabi of Mongol Empire / Ilkhanate,medieval,Song Dynasty,East Asia,865,873,Military,architect,EVT-MED-1470,0.8101,0.7924,0.8853,0.856,0.7419,0.3595,0.6959,174,0.2518,0.7644,0.6096,0.847,0.878,0.785,false
CHR-MED-1471,Minister Bradford of Kingdom of England,medieval,Kievan Rus,Eastern Europe,1305,1348,Political,disruptor,EVT-MED-1471,0.7673,0.8333,0.2314,0.327,0.8168,0.655,0.9408,25,0.664,0.8367,0.7892,1.2498,1.25,1.25,true
CHR-MED-1472,Scribe Narmer of Chola Dynasty,medieval,Holy Roman Empire,Central Europe,671,681,Cultural,architect,EVT-MED-1472,0.9143,0.8716,0.8129,0.8362,0.557,0.3451,0.8049,64,0.2544,0.8705,0.6423,0.855,0.8863,0.7924,false
CHR-MED-1473,Polymath Constantine of Umayyad Caliphate (Al-Andalus),medieval,Kingdom of England,British Isles,1364,1370,Scientific,wildcard,EVT-MED-1473,0.5215,0.614,0.7337,0.7056,0.6553,0.3942,0.8801,24,0.3443,0.6649,0.5533,1.016,1.0668,1.1176,false
CHR-MED-1474,Strategos Sherman of Abbasid Caliphate,medieval,Mali Empire,West Africa,883,921,Military,disruptor,EVT-MED-1474,0.6715,0.5472,0.3865,0.5394,0.7812,0.7217,0.78,13,0.5912,0.7149,0.6768,1.211,1.25,1.25,false
CHR-MED-1475,Alchemist Enheduanna of Mali Empire,medieval,Holy Roman Empire,Central Europe,513,522,Scientific,stabilizer,EVT-MED-1475,0.8218,0.5702,0.8258,0.7363,0.5737,0.227,0.636,173,0.2454,0.7475,0.5371,0.8291,0.8595,0.7685,false
CHR-MED-1476,Merchant Prince Otto of Abbasid Caliphate,medieval,Kingdom of England,British Isles,1198,1226,Economic,stabilizer,EVT-MED-1476,0.7853,0.6752,0.7633,0.7997,0.6984,0.2227,0.4915,118,0.2115,0.6678,0.5432,0.8306,0.861,0.7698,false
CHR-MED-1477,Synod Envoy Suppiluliuma of Kievan Rus,medieval,Classic Maya & Postclassic,Mesoamerica,1384,1402,Religious,architect,EVT-MED-1477,0.9108,0.7223,0.8015,0.8716,0.5785,0.4225,0.7289,66,0.2754,0.838,0.6218,0.85,0.8811,0.7878,false
CHR-MED-1478,Scribe Chandra of Classic Maya & Postclassic,medieval,Umayyad Caliphate (Al-Andalus),Iberia / North Africa,775,809,Cultural,wildcard,EVT-MED-1478,0.7578,0.8007,0.4362,0.2579,0.7228,0.7781,0.898,10,0.7601,0.8139,0.7629,1.0789,1.1328,1.1867,true
CHR-MED-1479,Governor Friedrich of Chola Dynasty,medieval,Tang Dynasty,East Asia,1139,1172,Political,catalyst,EVT-MED-1479,0.6798,0.9034,0.6957,0.567,0.7926,0.7803,0.8125,19,0.6066,0.7329,0.7153,1.1178,1.2243,1.1711,false
CHR-MED-1480,Governor Friedrich of Song Dynasty,medieval,Kamakura / Muromachi Japan,East Asia,1190,1215,Political,catalyst,EVT-MED-1480,0.7296,0.8354,0.4973,0.6192,0.7613,0.4577,0.7079,49,0.4192,0.7209,0.6661,1.1023,1.2073,1.1548,false
CHR-MED-1481,Minister Imhotep of Mongol Empire / Ilkhanate,medieval,Tang Dynasty,East Asia,1333,1344,Political,wildcard,EVT-MED-1481,0.5847,0.5714,0.5199,0.7627,0.6468,0.6154,0.5312,59,0.4264,0.5633,0.5608,1.0182,1.0691,1.1201,false
CHR-MED-1482,Marshal Sherman of Abbasid Caliphate,medieval,Umayyad Caliphate (Al-Andalus),Iberia / North Africa,523,529,Military,stabilizer,EVT-MED-1482,0.8475,0.7305,0.8686,0.7412,0.5425,0.1236,0.4464,98,0.1912,0.6871,0.5144,0.8235,0.8537,0.7633,false
CHR-MED-1483,Scribe Khaldun of Kamakura / Muromachi Japan,medieval,Umayyad Caliphate (Al-Andalus),Iberia / North Africa,1008,1033,Cultural,architect,EVT-MED-1483,0.8264,0.6905,0.8964,0.7687,0.5868,0.4203,0.8195,29,0.3258,0.8236,0.6061,0.8461,0.8771,0.7842,false
CHR-MED-1484,Merchant Prince Chen of Abbasid Caliphate,medieval,Classic Maya & Postclassic,Mesoamerica,1244,1262,Economic,architect,EVT-MED-1484,0.7416,0.7088,0.7177,0.7636,0.6271,0.4066,0.5703,25,0.3215,0.6731,0.5724,0.8378,0.8685,0.7765,false
CHR-MED-1485,Viceroy Chandra of Kingdom of France,medieval,Kingdom of England,British Isles,639,662,Political,disruptor,EVT-MED-1485,0.6894,0.6639,0.412,0.4118,0.9315,0.7138,0.8602,10,0.651,0.7577,0.736,1.2314,1.25,1.25,false
CHR-MED-1486,Customs Director Zhang of Chola Dynasty,medieval,Holy Roman Empire,Central Europe,1340,1357,Economic,architect,EVT-MED-1486,0.6889,0.7631,0.7873,0.8616,0.5949,0.2394,0.6571,113,0.1889,0.6762,0.5386,0.8295,0.8598,0.7688,false
CHR-MED-1487,Consul Marshall of Holy Roman Empire,medieval,Mongol Empire / Ilkhanate,Eurasian Steppe,1148,1176,Political,stabilizer,EVT-MED-1487,0.7411,0.6207,0.7414,0.6927,0.4767,0.3484,0.6468,167,0.3278,0.7034,0.5404,0.8299,0.8603,0.7692,false
CHR-MED-1488,Chamberlain Narmer of Umayyad Caliphate (Al-Andalus),medieval,Kingdom of France,Western Europe,1219,1253,Economic,stabilizer,EVT-MED-1488,0.6786,0.7291,0.7579,0.7146,0.6398,0.2694,0.6007,47,0.2774,0.6474,0.544,0.8308,0.8612,0.77,false
CHR-MED-1489,Geometer Justinian of Mongol Empire / Ilkhanate,medieval,Kamakura / Muromachi Japan,East Asia,947,968,Scientific,disruptor,EVT-MED-1489,0.8365,0.7403,0.3399,0.3244,0.7629,0.7566,0.8888,34,0.7161,0.8574,0.7812,1.247,1.25,1.25,true
CHR-MED-1490,Archon Eleanor of Kievan Rus,medieval,Umayyad Caliphate (Al-Andalus),Iberia / North Africa,745,760,Political,disruptor,EVT-MED-1490,0.789,0.7512,0.3516,0.3991,0.7696,0.7658,0.8584,46,0.6833,0.8167,0.7639,1.241,1.25,1.25,true
CHR-MED-1491,Cardinal Colbert of Kievan Rus,medieval,Kamakura / Muromachi Japan,East Asia,865,881,Religious,architect,EVT-MED-1491,0.6686,0.6323,0.7971,0.8425,0.6644,0.2315,0.7709,115,0.1945,0.7095,0.5402,0.8299,0.8602,0.7692,false
CHR-MED-1492,High Priest Rajaraja of Kingdom of France,medieval,Holy Roman Empire,Central Europe,1219,1244,Religious,wildcard,EVT-MED-1492,0.7922,0.3651,0.3571,0.6834,0.3871,0.4674,0.6349,8,0.392,0.7293,0.5563,1.0169,1.0677,1.1186,false
CHR-MED-1493,Hierophant Heinrich of Khmer Empire,medieval,Umayyad Caliphate (Al-Andalus),Iberia / North Africa,1192,1216,Religious,stabilizer,EVT-MED-1493,0.8316,0.6801,0.9263,0.813,0.4922,0.1558,0.6647,78,0.1714,0.7648,0.5235,0.8258,0.856,0.7654,false
CHR-MED-1494,Centurion Mursili of Classic Maya & Postclassic,medieval,Abbasid Caliphate,Middle East,1429,1471,Military,wildcard,EVT-MED-1494,0.7963,0.6565,0.4154,0.6911,0.2042,0.5982,0.8217,52,0.4536,0.8064,0.6151,1.0345,1.0862,1.138,false
CHR-MED-1495,Imam Kautilya of Kievan Rus,medieval,Umayyad Caliphate (Al-Andalus),Iberia / North Africa,693,704,Religious,wildcard,EVT-MED-1495,0.8985,0.5342,0.6963,0.601,0.772,0.6206,0.7795,53,0.5098,0.8509,0.6809,1.0543,1.107,1.1597,false
CHR-MED-1496,Imam Godfrey of Byzantine Empire,medieval,Chola Dynasty,South India,611,650,Religious,architect,EVT-MED-1496,0.8758,0.8635,0.7074,0.7843,0.635,0.3155,0.5763,96,0.2656,0.756,0.6175,0.8489,0.88,0.7868,false
CHR-MED-1497,Centurion Rimush of Chola Dynasty,medieval,Tang Dynasty,East Asia,554,573,Military,catalyst,EVT-MED-1497,0.6842,0.8234,0.5734,0.7257,0.8194,0.7747,0.9125,46,0.5245,0.7755,0.7269,1.1215,1.2283,1.1749,false
CHR-MED-1498,Synod Envoy Otto of Umayyad Caliphate (Al-Andalus),medieval,Kingdom of France,Western Europe,1403,1429,Religious,wildcard,EVT-MED-1498,0.783,0.3521,0.4222,0.647,0.5835,0.401,0.6924,31,0.377,0.7467,0.5755,1.0227,1.0738,1.1249,false
CHR-MED-1499,Warlord Suppiluliuma of Holy Roman Empire,medieval,Umayyad Caliphate (Al-Andalus),Iberia / North Africa,1417,1423,Military,catalyst,EVT-MED-1499,0.6783,0.8768,0.4811,0.7701,0.8041,0.7565,0.917,19,0.4932,0.7738,0.7361,1.1244,1.2315,1.1779,false
CHR-MED-1500,Geometer Sun of Khmer Empire,medieval,Kingdom of France,Western Europe,977,985,Scientific,architect,EVT-MED-1500,0.6527,0.6864,0.7229,0.7637,0.5096,0.26,0.7152,165,0.2481,0.6777,0.5284,0.827,0.8572,0.7665,false
CHR-MED-1501,High Priest Vikram of Classic Maya & Postclassic,medieval,Mali Empire,West Africa,1417,1462,Religious,catalyst,EVT-MED-1501,0.6309,0.9134,0.5564,0.6544,0.7309,0.5322,0.7836,31,0.4389,0.692,0.6634,1.1015,1.2064,1.1539,false
CHR-MED-1502,General Puduhepa of Holy Roman Empire,medieval,Kingdom of England,British Isles,895,924,Military,wildcard,EVT-MED-1502,0.6874,0.7881,0.6402,0.5263,0.4252,0.2666,0.6191,59,0.3702,0.6601,0.5464,1.0139,1.0646,1.1153,false
CHR-MED-1503,Governor Sargon of Tang Dynasty,medieval,Kingdom of England,British Isles,1107,1151,Political,disruptor,EVT-MED-1503,0.6618,0.7023,0.275,0.5183,0.8685,0.7969,0.8889,15,0.6393,0.7526,0.7505,1.2364,1.25,1.25,true
CHR-MED-1504,Chronicler Sumner of Kingdom of France,medieval,Khmer Empire,Southeast Asia,1192,1235,Cultural,stabilizer,EVT-MED-1504,0.5921,0.611,0.828,0.7184,0.6717,0.255,0.4773,98,0.2683,0.5462,0.4816,0.8155,0.8453,0.7558,false
CHR-MED-1505,Commander Necker of Kievan Rus,medieval,Classic Maya & Postclassic,Mesoamerica,1485,1500,Military,stabilizer,EVT-MED-1505,0.7105,0.7232,0.8334,0.8748,0.5172,0.3247,0.5147,192,0.225,0.6322,0.5125,0.8231,0.8532,0.7629,false
CHR-MED-1506,Warlord Franklin of Song Dynasty,medieval,Holy Roman Empire,Central Europe,1365,1407,Military,wildcard,EVT-MED-1506,0.6914,0.5822,0.2052,0.7935,0.748,0.8083,0.5458,71,0.5074,0.6332,0.6653,1.0496,1.1021,1.1545,false
CHR-MED-1507,Alchemist Alexander of Holy Roman Empire,medieval,Chola Dynasty,South India,1039,1056,Scientific,disruptor,EVT-MED-1507,0.7861,0.8081,0.4158,0.629,0.8711,0.7857,0.9259,29,0.5784,0.842,0.7821,1.2473,1.25,1.25,true
CHR-MED-1508,Guild Master Al-Mansur of Abbasid Caliphate,medieval,Kamakura / Muromachi Japan,East Asia,1359,1372,Economic,catalyst,EVT-MED-1508,0.7976,0.6788,0.5092,0.7654,0.7733,0.5814,0.8447,52,0.408,0.8164,0.6919,1.1105,1.2162,1.1633,false
CHR-MED-1509,Pontiff Khaldun of Mongol Empire / Ilkhanate,medieval,Kamakura / Muromachi Japan,East Asia,676,704,Religious,architect,EVT-MED-1509,0.6773,0.6608,0.8759,0.8147,0.6684,0.4385,0.6564,105,0.3119,0.6689,0.5546,0.8334,0.8639,0.7725,false
CHR-MED-1510,Admiral Seneb of Classic Maya & Postclassic,medieval,Tang Dynasty,East Asia,577,600,Military,architect,EVT-MED-1510,0.7593,0.6713,0.6994,0.7232,0.7513,0.3977,0.6263,57,0.3372,0.7061,0.6007,0.8448,0.8757,0.783,false
CHR-MED-1511,Strategos Imhotep of Tang Dynasty,medieval,Kingdom of France,Western Europe,764,794,Military,stabilizer,EVT-MED-1511,0.7284,0.6237,0.7301,0.8011,0.5819,0.3391,0.4887,236,0.269,0.6325,0.524,0.8259,0.8561,0.7655,false
CHR-MED-1512,Guild Master Zhao of Kingdom of France,medieval,Byzantine Empire,Eastern Mediterranean,844,852,Economic,wildcard,EVT-MED-1512,0.8524,0.6038,0.5991,0.6355,0.533,0.7888,0.5775,65,0.5767,0.7424,0.6469,1.0441,1.0963,1.1485,false
CHR-MED-1513,Syndic Ramesses of Kievan Rus,medieval,Chola Dynasty,South India,1130,1161,Economic,wildcard,EVT-MED-1513,0.8067,0.4604,0.5858,0.2439,0.7199,0.6752,0.8387,48,0.7156,0.8195,0.685,1.0555,1.1083,1.1611,false
CHR-MED-1514,Mint Overseer Rimush of Abbasid Caliphate,medieval,Classic Maya & Postclassic,Mesoamerica,1470,1495,Economic,wildcard,EVT-MED-1514,0.8524,0.8407,0.6692,0.3005,0.5751,0.248,0.7993,6,0.4737,0.8312,0.6506,1.0452,1.0974,1.1497,false
CHR-MED-1515,Physician Franklin of Umayyad Caliphate (Al-Andalus),medieval,Khmer Empire,Southeast Asia,1064,1098,Scientific,architect,EVT-MED-1515,0.7598,0.7733,0.7285,0.7617,0.6632,0.2958,0.6258,119,0.2671,0.7062,0.5827,0.8404,0.8711,0.7789,false
CHR-MED-1516,Physician Ibn-Sina of Mali Empire,medieval,Mongol Empire / Ilkhanate,Eurasian Steppe,1231,1273,Scientific,disruptor,EVT-MED-1516,0.7604,0.6075,0.4653,0.6307,0.8051,0.8598,0.8508,13,0.6145,0.7966,0.7305,1.2295,1.25,1.25,false
CHR-MED-1517,Patriarch Labarna of Classic Maya & Postclassic,medieval,Song Dynasty,East Asia,1287,1323,Religious,disruptor,EVT-MED-1517,0.7478,0.7196,0.3666,0.4859,0.9173,0.8996,0.8843,21,0.7068,0.8024,0.7891,1.2497,1.25,1.25,true
CHR-MED-1518,Senator Labarna of Mali Empire,medieval,Kievan Rus,Eastern Europe,1316,1342,Political,disruptor,EVT-MED-1518,0.6689,0.7208,0.4345,0.5508,0.7497,0.8202,0.8347,16,0.6347,0.7352,0.715,1.2242,1.25,1.25,false
CHR-MED-1519,Marshal Puduhepa of Abbasid Caliphate,medieval,Holy Roman Empire,Central Europe,996,1028,Military,wildcard,EVT-MED-1519,0.6651,0.8004,0.3427,0.3276,0.5121,0.5485,0.4999,58,0.6105,0.599,0.6198,1.0359,1.0877,1.1395,false
CHR-MED-1520,Alchemist Necker of Kamakura / Muromachi Japan,medieval,Umayyad Caliphate (Al-Andalus),Iberia / North Africa,1392,1411,Scientific,stabilizer,EVT-MED-1520,0.6691,0.7038,0.8021,0.7313,0.6745,0.2319,0.5218,151,0.2503,0.6102,0.5203,0.825,0.8552,0.7646,false
CHR-MED-1521,Scribe Song of Tang Dynasty,medieval,Chola Dynasty,South India,821,831,Cultural,stabilizer,EVT-MED-1521,0.8444,0.7023,0.7245,0.6849,0.4661,0.1237,0.6494,69,0.2194,0.7664,0.5456,0.8312,0.8616,0.7704,false
CHR-MED-1522,Prefect Leonidas of Kingdom of France,medieval,Classic Maya & Postclassic,Mesoamerica,587,606,Political,architect,EVT-MED-1522,0.8243,0.7226,0.735,0.8046,0.5926,0.4405,0.606,159,0.3179,0.737,0.5966,0.8438,0.8746,0.782,false
CHR-MED-1523,Cardinal Marshall of Kingdom of France,medieval,Umayyad Caliphate (Al-Andalus),Iberia / North Africa,851,888,Religious,wildcard,EVT-MED-1523,0.6982,0.5692,0.5816,0.6107,0.2647,0.3688,0.7871,13,0.3791,0.7338,0.5343,1.0103,1.0608,1.1113,false
CHR-MED-1524,Poet Laureate Rimush of Song Dynasty,medieval,Song Dynasty,East Asia,1433,1449,Cultural,catalyst,EVT-MED-1524,0.663,0.864,0.6198,0.6649,0.7518,0.5463,0.8293,23,0.4407,0.7295,0.6692,1.1033,1.2084,1.1558,false
CHR-MED-1525,Guild Master Suppiluliuma of Kievan Rus,medieval,Khmer Empire,Southeast Asia,638,650,Economic,stabilizer,EVT-MED-1525,0.7923,0.6974,0.769,0.7005,0.6726,0.2041,0.6299,192,0.2518,0.7273,0.5667,0.8364,0.867,0.7752,false
CHR-MED-1526,Imam Solon of Mongol Empire / Ilkhanate,medieval,Classic Maya & Postclassic,Mesoamerica,992,1034,Religious,catalyst,EVT-MED-1526,0.7768,0.8898,0.5181,0.6696,0.9017,0.6102,0.7302,21,0.4703,0.7582,0.7287,1.122,1.2289,1.1755,false
CHR-MED-1527,General Eleanor of Khmer Empire,medieval,Mongol Empire / Ilkhanate,Eurasian Steppe,1165,1197,Military,wildcard,EVT-MED-1527,0.6661,0.7397,0.1724,0.3696,0.5711,0.7431,0.8772,37,0.6868,0.7505,0.7205,1.0661,1.1194,1.1728,false
CHR-MED-1528,Archon Alexander of Chola Dynasty,medieval,Kingdom of France,Western Europe,718,757,Political,stabilizer,EVT-MED-1528,0.6435,0.6623,0.9052,0.8761,0.5958,0.1928,0.5731,163,0.1584,0.6153,0.4802,0.8151,0.8449,0.7555,false
CHR-MED-1529,Scribe Talleyrand of Mongol Empire / Ilkhanate,medieval,Umayyad Caliphate (Al-Andalus),Iberia / North Africa,905,934,Cultural,disruptor,EVT-MED-1529,0.7383,0.5843,0.3197,0.4612,0.7255,0.7085,0.7322,12,0.6237,0.7359,0.6921,1.2163,1.25,1.25,false
CHR-MED-1530,Metallurgist Seneb of Mali Empire,medieval,Byzantine Empire,Eastern Mediterranean,540,566,Scientific,disruptor,EVT-MED-1530,0.8519,0.7509,0.4314,0.3557,0.8609,0.7767,0.8688,39,0.7105,0.8586,0.7906,1.25,1.25,1.25,true
CHR-MED-1531,Commander Marshall of Umayyad Caliphate (Al-Andalus),medieval,Mali Empire,West Africa,748,758,Military,catalyst,EVT-MED-1531,0.6646,0.8449,0.4941,0.7442,0.783,0.6641,0.9257,58,0.46,0.769,0.7122,1.1168,1.2232,1.17,false
CHR-MED-1532,Warlord Wilhelm of Mongol Empire / Ilkhanate,medieval,Kingdom of England,British Isles,833,853,Military,disruptor,EVT-MED-1532,0.9489,0.6561,0.4834,0.5862,0.9312,0.6834,0.8848,21,0.5486,0.9233,0.7829,1.2476,1.25,1.25,true
CHR-MED-1533,Imam Heinrich of Byzantine Empire,medieval,Classic Maya & Postclassic,Mesoamerica,1048,1067,Religious,wildcard,EVT-MED-1533,0.7038,0.5931,0.7335,0.7927,0.6577,0.1968,0.6026,41,0.202,0.6633,0.5205,1.0061,1.0565,1.1068,false
CHR-MED-1534,Chamberlain Aurelius of Kingdom of England,medieval,Chola Dynasty,South India,1432,1464,Economic,architect,EVT-MED-1534,0.7373,0.8545,0.6905,0.868,0.5585,0.3109,0.6385,89,0.2215,0.6978,0.5762,0.8388,0.8694,0.7774,false
CHR-MED-1535,General Godfrey of Umayyad Caliphate (Al-Andalus),medieval,Umayyad Caliphate (Al-Andalus),Iberia / North Africa,631,645,Military,catalyst,EVT-MED-1535,0.8104,0.7346,0.5012,0.6548,0.9129,0.5531,0.7437,55,0.4491,0.7837,0.7114,1.1166,1.2229,1.1698,false
CHR-MED-1536,Archon Franklin of Song Dynasty,medieval,Song Dynasty,East Asia,648,676,Political,stabilizer,EVT-MED-1536,0.7241,0.7732,0.8589,0.8771,0.4765,0.2144,0.4017,116,0.1687,0.5951,0.4812,0.8154,0.8452,0.7557,false
CHR-MED-1537,Master Sculptor Aurelius of Kingdom of England,medieval,Kingdom of England,British Isles,742,772,Cultural,wildcard,EVT-MED-1537,0.6376,0.5992,0.6086,0.7913,0.8185,0.7066,0.8798,32,0.4576,0.7345,0.6596,1.0479,1.1003,1.1527,false
CHR-MED-1538,Master Sculptor Ibn-Sina of Classic Maya & Postclassic,medieval,Byzantine Empire,Eastern Mediterranean,1184,1194,Cultural,architect,EVT-MED-1538,0.661,0.7962,0.8474,0.7574,0.5151,0.3207,0.587,44,0.2816,0.6314,0.5255,0.8263,0.8565,0.7658,false
CHR-MED-1539,Warlord Sargon of Holy Roman Empire,medieval,Umayyad Caliphate (Al-Andalus),Iberia / North Africa,1102,1118,Military,wildcard,EVT-MED-1539,0.6877,0.776,0.4381,0.4728,0.2942,0.7339,0.59,65,0.6305,0.6486,0.6136,1.0341,1.0858,1.1375,false
CHR-MED-1540,Legate Wilhelm of Chola Dynasty,medieval,Umayyad Caliphate (Al-Andalus),Iberia / North Africa,1256,1272,Military,architect,EVT-MED-1540,0.8755,0.6421,0.738,0.7127,0.5894,0.2381,0.5742,159,0.2627,0.755,0.566,0.8362,0.8668,0.7751,false
CHR-MED-1541,Merchant Prince Colbert of Mongol Empire / Ilkhanate,medieval,Classic Maya & Postclassic,Mesoamerica,892,932,Economic,architect,EVT-MED-1541,0.731,0.7961,0.8443,0.8941,0.5977,0.2996,0.5605,104,0.2028,0.6628,0.5417,0.8303,0.8606,0.7695,false
CHR-MED-1542,Scribe Talleyrand of Holy Roman Empire,medieval,Kamakura / Muromachi Japan,East Asia,517,558,Cultural,catalyst,EVT-MED-1542,0.6555,0.8057,0.6514,0.6937,0.949,0.6799,0.7445,22,0.4931,0.6911,0.6909,1.1101,1.2159,1.163,false
CHR-MED-1543,Synod Envoy Zhang of Abbasid Caliphate,medieval,Chola Dynasty,South India,726,767,Religious,disruptor,EVT-MED-1543,0.6901,0.8099,0.4232,0.4611,0.7806,0.7757,0.8362,41,0.6573,0.7485,0.7375,1.2319,1.25,1.25,false
CHR-MED-1544,Minister Richelieu of Kamakura / Muromachi Japan,medieval,Abbasid Caliphate,Middle East,1036,1067,Political,disruptor,EVT-MED-1544,0.649,0.79,0.2696,0.4658,0.7016,0.8829,0.888,14,0.7085,0.7446,0.7514,1.2367,1.25,1.25,true
CHR-MED-1545,Minister Kheti of Abbasid Caliphate,medieval,Kievan Rus,Eastern Europe,679,715,Political,catalyst,EVT-MED-1545,0.7027,0.8565,0.5002,0.6398,0.8699,0.5635,0.7524,50,0.4618,0.7226,0.7,1.113,1.219,1.166,false
CHR-MED-1546,Poet Laureate Li of Abbasid Caliphate,medieval,Mali Empire,West Africa,1385,1398,Cultural,disruptor,EVT-MED-1546,0.7831,0.5953,0.4686,0.3627,0.7254,0.7305,0.9266,15,0.6839,0.8405,0.7274,1.2285,1.25,1.25,false
CHR-MED-1547,Synod Envoy Labarna of Byzantine Empire,medieval,Umayyad Caliphate (Al-Andalus),Iberia / North Africa,1273,1312,Religious,stabilizer,EVT-MED-1547,0.6321,0.6029,0.8729,0.7265,0.6379,0.2321,0.5947,194,0.2528,0.6171,0.4945,0.8187,0.8486,0.7588,false
CHR-MED-1548,Alchemist Necker of Kamakura / Muromachi Japan,medieval,Umayyad Caliphate (Al-Andalus),Iberia / North Africa,585,591,Scientific,disruptor,EVT-MED-1548,0.9283,0.7759,0.2568,0.4678,0.9151,0.8284,0.9239,8,0.6803,0.9265,0.8495,1.25,1.25,1.25,true
CHR-MED-1549,Guild Master Sargon of Mali Empire,medieval,Byzantine Empire,Eastern Mediterranean,517,533,Economic,catalyst,EVT-MED-1549,0.5888,0.816,0.6068,0.6585,0.9188,0.4507,0.7776,36,0.3961,0.6643,0.6481,1.0966,1.2011,1.1489,false
CHR-MED-1550,Patriarch Otto of Abbasid Caliphate,medieval,Tang Dynasty,East Asia,1059,1088,Religious,catalyst,EVT-MED-1550,0.5853,0.8588,0.6224,0.6188,0.8785,0.7935,0.8921,56,0.5874,0.708,0.7166,1.1182,1.2247,1.1715,false
CHR-MED-1551,Chancellor Hamilton of Byzantine Empire,medieval,Holy Roman Empire,Central Europe,812,825,Political,catalyst,EVT-MED-1551,0.7587,0.8872,0.6285,0.7554,0.7342,0.7048,0.8111,16,0.4747,0.7797,0.7097,1.116,1.2223,1.1692,false
CHR-MED-1552,Chamberlain Hamilton of Chola Dynasty,medieval,Holy Roman Empire,Central Europe,748,757,Economic,catalyst,EVT-MED-1552,0.8098,0.6877,0.4733,0.7168,0.9093,0.5975,0.8923,29,0.4404,0.8428,0.7323,1.1232,1.2301,1.1767,false
CHR-MED-1553,Patriarch Aurelius of Holy Roman Empire,medieval,Classic Maya & Postclassic,Mesoamerica,1064,1093,Religious,architect,EVT-MED-1553,0.7267,0.7184,0.8032,0.7743,0.5678,0.2583,0.6657,39,0.242,0.7023,0.5442,0.8309,0.8613,0.7701,false
CHR-MED-1554,Senator Madison of Holy Roman Empire,medieval,Chola Dynasty,South India,998,1036,Political,stabilizer,EVT-MED-1554,0.6018,0.6287,0.8159,0.8799,0.5314,0.2746,0.6499,109,0.1974,0.621,0.4876,0.8169,0.8468,0.7572,false
CHR-MED-1555,Strategos Hammurabi of Khmer Empire,medieval,Classic Maya & Postclassic,Mesoamerica,621,639,Military,wildcard,EVT-MED-1555,0.7906,0.4418,0.6114,0.6857,0.2864,0.2055,0.6438,31,0.2599,0.7318,0.4888,0.9967,1.0465,1.0963,false
CHR-MED-1556,Rhetorician Chen of Khmer Empire,medieval,Umayyad Caliphate (Al-Andalus),Iberia / North Africa,644,679,Cultural,architect,EVT-MED-1556,0.7093,0.6679,0.7026,0.738,0.5245,0.2496,0.5683,65,0.2558,0.6529,0.5217,0.8253,0.8555,0.7649,false
CHR-MED-1557,Guild Master Eleanor of Kamakura / Muromachi Japan,medieval,Kingdom of England,British Isles,1254,1266,Economic,architect,EVT-MED-1557,0.9077,0.7714,0.7408,0.7993,0.581,0.248,0.7822,74,0.2244,0.8575,0.6203,0.8496,0.8807,0.7874,false
CHR-MED-1558,Philosopher Mazarin of Kamakura / Muromachi Japan,medieval,Byzantine Empire,Eastern Mediterranean,939,980,Cultural,architect,EVT-MED-1558,0.8065,0.707,0.7314,0.916,0.7319,0.306,0.6241,154,0.195,0.7335,0.588,0.8417,0.8724,0.7801,false
CHR-MED-1559,Strategos Suppiluliuma of Byzantine Empire,medieval,Abbasid Caliphate,Middle East,1235,1272,Military,catalyst,EVT-MED-1559,0.512,0.8323,0.7018,0.6759,0.7419,0.7054,0.8726,38,0.5147,0.6562,0.6469,1.0963,1.2007,1.1485,false
CHR-MED-1560,Guild Master Hathor of Tang Dynasty,medieval,Holy Roman Empire,Central Europe,625,632,Economic,stabilizer,EVT-MED-1560,0.8317,0.727,0.8713,0.8869,0.4738,0.2014,0.5154,75,0.1573,0.7051,0.5141,0.8235,0.8536,0.7632,false
CHR-MED-1561,Pontiff Chen of Abbasid Caliphate,medieval,Chola Dynasty,South India,1255,1289,Religious,disruptor,EVT-MED-1561,0.8943,0.7994,0.4939,0.4927,0.8903,0.7102,0.7661,12,0.6087,0.843,0.7744,1.2447,1.25,1.25,true
CHR-MED-1562,Warlord Seneb of Holy Roman Empire,medieval,Byzantine Empire,Eastern Mediterranean,863,870,Military,architect,EVT-MED-1562,0.8195,0.799,0.6859,0.8746,0.5741,0.3799,0.6401,162,0.2527,0.7477,0.6015,0.845,0.8759,0.7831,false
CHR-MED-1563,Arch-Engineer Suppiluliuma of Classic Maya & Postclassic,medieval,Mongol Empire / Ilkhanate,Eurasian Steppe,1466,1486,Scientific,wildcard,EVT-MED-1563,0.7771,0.4254,0.5567,0.7666,0.4132,0.2324,0.5792,46,0.2329,0.698,0.4978,0.9993,1.0493,1.0993,false
CHR-MED-1564,Consul Qian of Holy Roman Empire,medieval,Byzantine Empire,Eastern Mediterranean,1288,1312,Political,architect,EVT-MED-1564,0.8105,0.7109,0.7937,0.794,0.651,0.2372,0.7785,151,0.2216,0.7977,0.5902,0.8422,0.873,0.7806,false
CHR-MED-1565,Treasurer Leonidas of Kingdom of England,medieval,Mongol Empire / Ilkhanate,Eurasian Steppe,1479,1489,Economic,catalyst,EVT-MED-1565,0.7384,0.6703,0.7452,0.6688,0.8725,0.695,0.7601,51,0.5131,0.7471,0.6763,1.1055,1.2108,1.1582,false
CHR-MED-1566,Warlord Narmer of Kingdom of France,medieval,Kingdom of England,British Isles,998,1037,Military,catalyst,EVT-MED-1566,0.6085,0.7272,0.4877,0.7497,0.9389,0.492,0.8701,26,0.3711,0.7131,0.6701,1.1036,1.2087,1.1561,false
CHR-MED-1567,Warlord Mirabeau of Khmer Empire,medieval,Mongol Empire / Ilkhanate,Eurasian Steppe,1356,1368,Military,wildcard,EVT-MED-1567,0.5792,0.6792,0.3941,0.252,0.5001,0.8023,0.8275,70,0.7752,0.6785,0.6642,1.0492,1.1017,1.1542,false
CHR-MED-1568,Chronicler Wilhelm of Kingdom of England,medieval,Byzantine Empire,Eastern Mediterranean,520,548,Cultural,disruptor,EVT-MED-1568,0.9311,0.6461,0.3679,0.4135,0.7905,0.8246,0.872,7,0.7055,0.9075,0.7953,1.25,1.25,1.25,true
CHR-MED-1569,Dramatist Theodosius of Umayyad Caliphate (Al-Andalus),medieval,Kingdom of France,Western Europe,615,646,Cultural,catalyst,EVT-MED-1569,0.7298,0.7701,0.5159,0.6977,0.7772,0.6472,0.7265,49,0.4748,0.7285,0.6841,1.108,1.2135,1.1608,false
CHR-MED-1570,Master Sculptor Li of Song Dynasty,medieval,Abbasid Caliphate,Middle East,832,877,Cultural,stabilizer,EVT-MED-1570,0.601,0.6358,0.7395,0.8957,0.5644,0.2306,0.4802,57,0.1675,0.5527,0.4682,0.8122,0.8419,0.7527,false
CHR-MED-1571,Chronicler Sumner of Tang Dynasty,medieval,Umayyad Caliphate (Al-Andalus),Iberia / North Africa,1195,1221,Cultural,catalyst,EVT-MED-1571,0.6684,0.7839,0.5695,0.6216,0.8065,0.4887,0.9182,22,0.4336,0.7683,0.6787,1.1063,1.2116,1.159,false
CHR-MED-1572,Geometer Leonidas of Kievan Rus,medieval,Abbasid Caliphate,Middle East,1384,1399,Scientific,catalyst,EVT-MED-1572,0.8123,0.6856,0.7188,0.6437,0.8937,0.6128,0.7687,12,0.4845,0.7949,0.6931,1.1108,1.2166,1.1637,false
CHR-MED-1573,Scribe Zhang of Tang Dynasty,medieval,Kingdom of England,British Isles,553,586,Cultural,disruptor,EVT-MED-1573,0.6219,0.6355,0.3992,0.4396,0.706,0.9064,0.7432,38,0.7334,0.6704,0.6922,1.2163,1.25,1.25,false
CHR-MED-1574,Chancellor Godfrey of Khmer Empire,medieval,Umayyad Caliphate (Al-Andalus),Iberia / North Africa,1088,1113,Political,architect,EVT-MED-1574,0.7739,0.7029,0.8398,0.7339,0.6678,0.4363,0.6053,119,0.3512,0.7064,0.5846,0.8408,0.8716,0.7793,false
CHR-MED-1575,Governor Labarna of Mali Empire,medieval,Khmer Empire,Southeast Asia,534,578,Political,wildcard,EVT-MED-1575,0.4926,0.4555,0.3147,0.3232,0.3305,0.7396,0.6358,17,0.7082,0.5498,0.5497,1.0149,1.0657,1.1164,false
CHR-MED-1576,Metallurgist Lafayette of Byzantine Empire,medieval,Byzantine Empire,Eastern Mediterranean,1273,1305,Scientific,catalyst,EVT-MED-1576,0.7956,0.6905,0.4695,0.7683,0.7573,0.4894,0.8362,20,0.3606,0.8118,0.6795,1.1066,1.2119,1.1592,false
CHR-MED-1577,Patriarch Solon of Classic Maya & Postclassic,medieval,Byzantine Empire,Eastern Mediterranean,1461,1500,Religious,stabilizer,EVT-MED-1577,0.6691,0.6937,0.8168,0.7657,0.6358,0.3239,0.6198,191,0.2791,0.6494,0.5383,0.8294,0.8598,0.7687,false
CHR-MED-1578,Mint Overseer Song of Mali Empire,medieval,Tang Dynasty,East Asia,760,792,Economic,catalyst,EVT-MED-1578,0.6106,0.6755,0.4794,0.7026,0.8222,0.7654,0.9044,29,0.5314,0.7281,0.6947,1.1113,1.2172,1.1643,false
CHR-MED-1579,Governor Hammurabi of Mali Empire,medieval,Kingdom of England,British Isles,1142,1161,Political,wildcard,EVT-MED-1579,0.6557,0.6508,0.6944,0.5634,0.4054,0.5459,0.771,6,0.4913,0.7018,0.5723,1.0217,1.0728,1.1239,false
CHR-MED-1580,Prefect Bradford of Kingdom of France,medieval,Mali Empire,West Africa,786,799,Political,architect,EVT-MED-1580,0.7252,0.693,0.8376,0.7678,0.5768,0.1869,0.6821,52,0.2095,0.708,0.53,0.8274,0.8576,0.7668,false
CHR-MED-1581,Arch-Engineer Adams of Tang Dynasty,medieval,Mongol Empire / Ilkhanate,Eurasian Steppe,793,817,Scientific,architect,EVT-MED-1581,0.7369,0.8605,0.7171,0.8507,0.6153,0.2403,0.55,24,0.1948,0.6622,0.5599,0.8347,0.8653,0.7737,false
CHR-MED-1582,Guild Master Constantine of Khmer Empire,medieval,Song Dynasty,East Asia,1063,1107,Economic,wildcard,EVT-MED-1582,0.8265,0.6048,0.458,0.2203,0.4012,0.8236,0.8323,11,0.8017,0.8289,0.6991,1.0597,1.1127,1.1657,false
CHR-MED-1583,Rhetorician Narmer of Abbasid Caliphate,medieval,Byzantine Empire,Eastern Mediterranean,1090,1124,Cultural,disruptor,EVT-MED-1583,0.9262,0.7505,0.334,0.5177,0.7878,0.9407,0.7609,8,0.7115,0.8601,0.8083,1.25,1.25,1.25,true
CHR-MED-1584,Customs Director Ibn-Sina of Mali Empire,medieval,Song Dynasty,East Asia,766,790,Economic,catalyst,EVT-MED-1584,0.7494,0.863,0.6855,0.5807,0.728,0.784,0.7756,58,0.6017,0.7599,0.7124,1.1169,1.2233,1.1701,false
CHR-MED-1585,Customs Director Franklin of Chola Dynasty,medieval,Kamakura / Muromachi Japan,East Asia,1182,1199,Economic,architect,EVT-MED-1585,0.6743,0.7756,0.8023,0.8013,0.5795,0.363,0.7707,175,0.2808,0.7129,0.5716,0.8376,0.8683,0.7763,false
CHR-MED-1586,Polymath Colbert of Kamakura / Muromachi Japan,medieval,Kingdom of France,Western Europe,500,512,Scientific,stabilizer,EVT-MED-1586,0.6732,0.762,0.8369,0.6886,0.6407,0.1221,0.4368,226,0.2168,0.5786,0.4944,0.8186,0.8486,0.7587,false
CHR-MED-1587,Synod Envoy Ashoka of Byzantine Empire,medieval,Holy Roman Empire,Central Europe,668,689,Religious,catalyst,EVT-MED-1587,0.5395,0.8798,0.5043,0.6702,0.763,0.7967,0.8099,55,0.5633,0.6476,0.6883,1.1093,1.215,1.1622,false
CHR-MED-1588,Commander Madison of Chola Dynasty,medieval,Abbasid Caliphate,Middle East,1319,1339,Military,stabilizer,EVT-MED-1588,0.6923,0.7701,0.8202,0.7514,0.6089,0.3271,0.556,169,0.2878,0.6378,0.5428,0.8305,0.8609,0.7698,false
CHR-MED-1589,Physician Sherman of Kamakura / Muromachi Japan,medieval,Byzantine Empire,Eastern Mediterranean,576,621,Scientific,catalyst,EVT-MED-1589,0.7997,0.6738,0.6296,0.5911,0.919,0.5598,0.8349,30,0.4844,0.8138,0.7055,1.1147,1.2209,1.1678,false
CHR-MED-1590,Abbess Hathor of Kingdom of France,medieval,Kamakura / Muromachi Japan,East Asia,778,794,Religious,disruptor,EVT-MED-1590,0.7526,0.7083,0.5079,0.5522,0.8554,0.7002,0.9095,10,0.574,0.8153,0.7358,1.2313,1.25,1.25,false
CHR-MED-1591,Senator Tariq of Chola Dynasty,medieval,Kievan Rus,Eastern Europe,1397,1442,Political,disruptor,EVT-MED-1591,0.6045,0.6944,0.4612,0.6379,0.9381,0.8958,0.8529,21,0.629,0.7038,0.7303,1.2295,1.25,1.25,false
CHR-MED-1592,Chronicler Baldwin of Umayyad Caliphate (Al-Andalus),medieval,Song Dynasty,East Asia,824,830,Cultural,catalyst,EVT-MED-1592,0.6367,0.7086,0.4985,0.5571,0.8394,0.4901,0.9348,45,0.4665,0.7559,0.6774,1.1059,1.2112,1.1585,false
CHR-MED-1593,Strategos Mentuhotep of Song Dynasty,medieval,Umayyad Caliphate (Al-Andalus),Iberia / North Africa,1112,1124,Military,wildcard,EVT-MED-1593,0.6065,0.8428,0.4764,0.5306,0.7916,0.4614,0.8046,17,0.4654,0.6857,0.6625,1.0488,1.1012,1.1536,false
CHR-MED-1594,Governor Wu of Khmer Empire,medieval,Classic Maya & Postclassic,Mesoamerica,892,920,Political,stabilizer,EVT-MED-1594,0.8473,0.6716,0.9104,0.7464,0.6883,0.3069,0.4635,72,0.2803,0.6938,0.553,0.833,0.8635,0.7721,false
CHR-MED-1595,Chancellor Valdemar of Mali Empire,medieval,Abbasid Caliphate,Middle East,1104,1120,Political,disruptor,EVT-MED-1595,0.8718,0.7194,0.2628,0.57,0.707,0.918,0.878,31,0.674,0.8743,0.7965,1.25,1.25,1.25,true
CHR-MED-1596,Customs Director Imhotep of Mali Empire,medieval,Kingdom of France,Western Europe,865,904,Economic,wildcard,EVT-MED-1596,0.5512,0.6795,0.5032,0.5912,0.4456,0.2184,0.6956,54,0.3136,0.609,0.5138,1.0041,1.0543,1.1045,false
CHR-MED-1597,Polymath Alexander of Classic Maya & Postclassic,medieval,Song Dynasty,East Asia,1232,1271,Scientific,wildcard,EVT-MED-1597,0.5605,0.4714,0.6835,0.5236,0.4753,0.5939,0.5921,50,0.5351,0.5731,0.5155,1.0047,1.0549,1.1051,false
CHR-MED-1598,Legate Ashoka of Mali Empire,medieval,Song Dynasty,East Asia,1071,1098,Military,architect,EVT-MED-1598,0.6828,0.7419,0.801,0.7788,0.5209,0.3343,0.5719,169,0.2778,0.6384,0.527,0.8266,0.8569,0.7662,false
CHR-MED-1599,Patriarch Dara of Classic Maya & Postclassic,medieval,Chola Dynasty,South India,817,836,Religious,architect,EVT-MED-1599,0.8773,0.6316,0.7775,0.9185,0.5121,0.4234,0.6101,171,0.2525,0.7704,0.5722,0.8378,0.8684,0.7765,false
CHR-MED-1600,Mint Overseer Sumner of Kamakura / Muromachi Japan,medieval,Chola Dynasty,South India,1300,1321,Economic,stabilizer,EVT-MED-1600,0.7909,0.6292,0.8677,0.8642,0.4885,0.2583,0.5844,180,0.197,0.7083,0.5118,0.8229,0.853,0.7627,false
CHR-MED-1601,Minister Dara of Mongol Empire / Ilkhanate,medieval,Kingdom of France,Western Europe,610,621,Political,disruptor,EVT-MED-1601,0.8493,0.5113,0.322,0.4374,0.8651,0.8586,0.8069,18,0.7106,0.8324,0.7645,1.2413,1.25,1.25,true
CHR-MED-1602,Customs Director Labarna of Abbasid Caliphate,medieval,Kingdom of France,Western Europe,804,848,Economic,disruptor,EVT-MED-1602,0.6681,0.8123,0.3844,0.5336,0.8385,0.7459,0.7776,23,0.6062,0.7119,0.728,1.2287,1.25,1.25,false
CHR-MED-1603,Commander Puduhepa of Tang Dynasty,medieval,Umayyad Caliphate (Al-Andalus),Iberia / North Africa,825,852,Military,stabilizer,EVT-MED-1603,0.8189,0.6279,0.9244,0.6813,0.6695,0.2998,0.6648,239,0.3093,0.7573,0.5675,0.8366,0.8672,0.7754,false
CHR-MED-1604,Cardinal Enheduanna of Byzantine Empire,medieval,Abbasid Caliphate,Middle East,1250,1281,Religious,stabilizer,EVT-MED-1604,0.8101,0.6878,0.8506,0.7869,0.4601,0.2639,0.5941,191,0.2385,0.7237,0.529,0.8271,0.8574,0.7666,false
CHR-MED-1605,Centurion Eleanor of Mali Empire,medieval,Tang Dynasty,East Asia,1137,1166,Military,architect,EVT-MED-1605,0.89,0.8176,0.6837,0.8017,0.5352,0.3669,0.5684,140,0.2826,0.7614,0.6073,0.8464,0.8774,0.7845,false
CHR-MED-1606,Warlord Mazarin of Mongol Empire / Ilkhanate,medieval,Khmer Empire,Southeast Asia,811,849,Military,architect,EVT-MED-1606,0.8723,0.6357,0.8458,0.7425,0.5582,0.2294,0.777,163,0.2435,0.8342,0.5764,0.8388,0.8695,0.7774,false
CHR-MED-1607,Geometer Solon of Byzantine Empire,medieval,Chola Dynasty,South India,681,702,Scientific,wildcard,EVT-MED-1607,0.8164,0.7355,0.3159,0.4302,0.6305,0.6562,0.7892,45,0.613,0.8055,0.7227,1.0668,1.1202,1.1735,false
CHR-MED-1608,Master Sculptor Marshall of Kingdom of France,medieval,Kamakura / Muromachi Japan,East Asia,1064,1097,Cultural,architect,EVT-MED-1608,0.8539,0.872,0.8539,0.8645,0.6341,0.294,0.6735,73,0.2147,0.7818,0.6059,0.8461,0.877,0.7841,false
CHR-MED-1609,Strategos Ramesses of Holy Roman Empire,medieval,Mongol Empire / Ilkhanate,Eurasian Steppe,1009,1048,Military,architect,EVT-MED-1609,0.7587,0.6421,0.6896,0.8255,0.6608,0.4331,0.5709,29,0.3038,0.6836,0.5755,0.8386,0.8692,0.7772,false
CHR-MED-1610,Strategos Wu of Song Dynasty,medieval,Kievan Rus,Eastern Europe,1074,1094,Military,catalyst,EVT-MED-1610,0.7793,0.9061,0.4924,0.6122,0.744,0.6382,0.7652,57,0.513,0.7736,0.723,1.1202,1.2269,1.1736,false
CHR-MED-1611,Chronicler Rimush of Mali Empire,medieval,Chola Dynasty,South India,1165,1200,Cultural,disruptor,EVT-MED-1611,0.9018,0.601,0.3142,0.6378,0.8941,0.6991,0.941,43,0.5307,0.9175,0.7824,1.2474,1.25,1.25,true
CHR-MED-1612,Alchemist Godfrey of Khmer Empire,medieval,Umayyad Caliphate (Al-Andalus),Iberia / North Africa,1340,1381,Scientific,wildcard,EVT-MED-1612,0.8896,0.5695,0.7177,0.2132,0.3055,0.4941,0.8822,6,0.6405,0.8867,0.6277,1.0383,1.0902,1.1421,false
CHR-MED-1613,Archon Belisarius of Kievan Rus,medieval,Umayyad Caliphate (Al-Andalus),Iberia / North Africa,638,677,Political,stabilizer,EVT-MED-1613,0.5948,0.5686,0.9308,0.8214,0.4527,0.3489,0.4603,114,0.2638,0.541,0.4391,0.805,0.8345,0.75,false
CHR-MED-1614,Scribe Ibn-Sina of Chola Dynasty,medieval,Kingdom of England,British Isles,836,847,Cultural,catalyst,EVT-MED-1614,0.646,0.7418,0.4647,0.6428,0.8488,0.4534,0.7409,27,0.4053,0.684,0.6506,1.0974,1.202,1.1497,false
CHR-MED-1615,Marshal Enheduanna of Kingdom of England,medieval,Classic Maya & Postclassic,Mesoamerica,1336,1368,Military,architect,EVT-MED-1615,0.7581,0.8555,0.7444,0.8828,0.7378,0.3939,0.7722,51,0.2556,0.7637,0.6349,0.8532,0.8844,0.7907,false
CHR-MED-1616,General Aurelius of Chola Dynasty,medieval,Tang Dynasty,East Asia,953,996,Military,stabilizer,EVT-MED-1616,0.6512,0.5659,0.939,0.8907,0.4582,0.2546,0.5335,208,0.1819,0.6041,0.4462,0.8068,0.8363,0.75,false
CHR-MED-1617,General Vikram of Byzantine Empire,medieval,Byzantine Empire,Eastern Mediterranean,684,720,Military,architect,EVT-MED-1617,0.8923,0.8023,0.7918,0.8958,0.6934,0.3633,0.7004,66,0.2337,0.8155,0.633,0.8527,0.8839,0.7903,false
CHR-MED-1618,General Chen of Mongol Empire / Ilkhanate,medieval,Umayyad Caliphate (Al-Andalus),Iberia / North Africa,571,613,Military,stabilizer,EVT-MED-1618,0.8335,0.6845,0.728,0.7608,0.4858,0.2293,0.5188,52,0.2342,0.7076,0.5353,0.8287,0.859,0.768,false
CHR-MED-1619,Arch-Engineer Suppiluliuma of Kamakura / Muromachi Japan,medieval,Tang Dynasty,East Asia,1484,1500,Scientific,architect,EVT-MED-1619,0.6833,0.8633,0.7802,0.7713,0.7133,0.3276,0.6,37,0.2782,0.65,0.5799,0.8396,0.8704,0.7782,false
CHR-MED-1620,General Theodosius of Khmer Empire,medieval,Holy Roman Empire,Central Europe,991,1022,Military,wildcard,EVT-MED-1620,0.6988,0.453,0.224,0.4729,0.3836,0.6424,0.6534,65,0.5847,0.6806,0.5985,1.0296,1.081,1.1325,false
CHR-MED-1621,Consul Suppiluliuma of Song Dynasty,medieval,Chola Dynasty,South India,1067,1076,Political,disruptor,EVT-MED-1621,0.6813,0.6811,0.4208,0.5759,0.7295,0.6656,0.8226,24,0.5448,0.7378,0.6843,1.2136,1.25,1.25,false
CHR-MED-1622,Consul Suppiluliuma of Kievan Rus,medieval,Byzantine Empire,Eastern Mediterranean,1001,1032,Political,disruptor,EVT-MED-1622,0.9269,0.5095,0.4921,0.3811,0.8676,0.6678,0.7611,28,0.6434,0.8606,0.7344,1.2309,1.25,1.25,false
CHR-MED-1623,Philosopher Theodosius of Khmer Empire,medieval,Kingdom of France,Western Europe,1158,1194,Cultural,catalyst,EVT-MED-1623,0.8065,0.8985,0.5904,0.5568,0.8679,0.6657,0.9299,35,0.5545,0.8559,0.769,1.1347,1.2428,1.1888,true
CHR-MED-1624,Governor Chandra of Byzantine Empire,medieval,Umayyad Caliphate (Al-Andalus),Iberia / North Africa,822,835,Political,disruptor,EVT-MED-1624,0.6771,0.6667,0.4444,0.5387,0.7886,0.6793,0.9162,32,0.5703,0.7727,0.7055,1.2209,1.25,1.25,false
CHR-MED-1625,Philosopher Mirabeau of Byzantine Empire,medieval,Byzantine Empire,Eastern Mediterranean,968,994,Cultural,stabilizer,EVT-MED-1625,0.745,0.5829,0.8852,0.6823,0.4621,0.2183,0.5126,204,0.268,0.6521,0.48,0.8151,0.8449,0.7554,false
CHR-MED-1626,Polymath Belisarius of Kingdom of France,medieval,Song Dynasty,East Asia,1121,1151,Scientific,disruptor,EVT-MED-1626,0.7073,0.6902,0.4362,0.3637,0.7524,0.6917,0.9117,13,0.664,0.7891,0.7219,1.2266,1.25,1.25,false
CHR-MED-1627,Prefect Leonidas of Song Dynasty,medieval,Umayyad Caliphate (Al-Andalus),Iberia / North Africa,1142,1160,Political,catalyst,EVT-MED-1627,0.526,0.8255,0.5106,0.7303,0.9209,0.6036,0.7818,33,0.4366,0.6283,0.6637,1.1016,1.2065,1.154,false
CHR-MED-1628,Treasurer Samsi-Adad of Tang Dynasty,medieval,Umayyad Caliphate (Al-Andalus),Iberia / North Africa,1042,1087,Economic,catalyst,EVT-MED-1628,0.6988,0.8484,0.6304,0.7755,0.9362,0.5442,0.8012,43,0.3844,0.7397,0.6924,1.1106,1.2164,1.1635,false
CHR-MED-1629,Geometer Sherman of Khmer Empire,medieval,Tang Dynasty,East Asia,799,844,Scientific,disruptor,EVT-MED-1629,0.8925,0.671,0.2603,0.5037,0.8216,0.7608,0.7935,35,0.6285,0.8529,0.7789,1.2462,1.25,1.25,true
CHR-MED-1630,Warlord Zhao of Khmer Empire,medieval,Abbasid Caliphate,Middle East,1159,1177,Military,disruptor,EVT-MED-1630,0.6597,0.5251,0.463,0.5619,0.7195,0.7519,0.9468,41,0.595,0.7745,0.682,1.2128,1.25,1.25,false
CHR-MED-1631,Astronomer Hamilton of Holy Roman Empire,medieval,Kingdom of England,British Isles,1478,1492,Scientific,catalyst,EVT-MED-1631,0.7944,0.6978,0.6839,0.7052,0.739,0.6962,0.8883,27,0.4955,0.832,0.6981,1.1124,1.2184,1.1654,false
CHR-MED-1632,Abbess Al-Mansur of Classic Maya & Postclassic,medieval,Tang Dynasty,East Asia,524,553,Religious,stabilizer,EVT-MED-1632,0.7256,0.573,0.8456,0.6926,0.6957,0.3427,0.5628,226,0.325,0.6605,0.5383,0.8294,0.8598,0.7687,false
CHR-MED-1633,Polymath Enheduanna of Chola Dynasty,medieval,Chola Dynasty,South India,1221,1253,Scientific,architect,EVT-MED-1633,0.9086,0.813,0.8448,0.8378,0.6923,0.3666,0.608,101,0.2644,0.7884,0.6228,0.8502,0.8813,0.788,false
CHR-MED-1634,Syndic Godfrey of Kievan Rus,medieval,Tang Dynasty,East Asia,605,633,Economic,architect,EVT-MED-1634,0.8904,0.8374,0.8391,0.8675,0.736,0.3252,0.6842,107,0.2288,0.8079,0.6327,0.8527,0.8838,0.7903,false
CHR-MED-1635,Astronomer Alexander of Kamakura / Muromachi Japan,medieval,Chola Dynasty,South India,1472,1500,Scientific,architect,EVT-MED-1635,0.6907,0.8239,0.806,0.7086,0.5422,0.2739,0.817,140,0.2827,0.7413,0.5752,0.8385,0.8692,0.7771,false
CHR-MED-1636,Prefect Hamilton of Kievan Rus,medieval,Mali Empire,West Africa,1345,1389,Political,architect,EVT-MED-1636,0.9103,0.8542,0.8685,0.8746,0.6888,0.233,0.7688,120,0.1792,0.8537,0.6287,0.8517,0.8828,0.7893,false
CHR-MED-1637,Abbess Aurelius of Kamakura / Muromachi Japan,medieval,Umayyad Caliphate (Al-Andalus),Iberia / North Africa,1166,1173,Religious,architect,EVT-MED-1637,0.7254,0.7038,0.7746,0.8499,0.5433,0.303,0.6723,178,0.2266,0.7041,0.5448,0.831,0.8614,0.7702,false
CHR-MED-1638,Archon Hathor of Umayyad Caliphate (Al-Andalus),medieval,Chola Dynasty,South India,1164,1182,Political,disruptor,EVT-MED-1638,0.628,0.6248,0.2808,0.4,0.7804,0.9076,0.8624,30,0.7538,0.7218,0.7352,1.2311,1.25,1.25,false
CHR-MED-1639,Abbess Aurelius of Kievan Rus,medieval,Kingdom of France,Western Europe,672,703,Religious,wildcard,EVT-MED-1639,0.7503,0.3829,0.2721,0.4777,0.3347,0.5428,0.8523,41,0.5326,0.7911,0.6034,1.031,1.0826,1.1341,false
CHR-MED-1640,Arch-Engineer Sargon of Mongol Empire / Ilkhanate,medieval,Holy Roman Empire,Central Europe,899,910,Scientific,disruptor,EVT-MED-1640,0.6472,0.7777,0.4861,0.4314,0.8143,0.7113,0.9289,11,0.6399,0.7599,0.7265,1.2281,1.25,1.25,false
CHR-MED-1641,Centurion Imhotep of Chola Dynasty,medieval,Mali Empire,West Africa,803,840,Military,stabilizer,EVT-MED-1641,0.6749,0.798,0.8253,0.7753,0.6112,0.3447,0.5669,60,0.2847,0.6317,0.5455,0.8312,0.8616,0.7704,false
CHR-MED-1642,Hierophant Puduhepa of Song Dynasty,medieval,Khmer Empire,Southeast Asia,848,887,Religious,architect,EVT-MED-1642,0.8131,0.6934,0.7831,0.799,0.6629,0.3633,0.7176,97,0.2822,0.7749,0.6006,0.8447,0.8757,0.7829,false
CHR-MED-1643,Geometer Sumner of Kievan Rus,medieval,Khmer Empire,Southeast Asia,848,875,Scientific,stabilizer,EVT-MED-1643,0.7814,0.7432,0.8397,0.8524,0.608,0.2998,0.6048,204,0.2237,0.7108,0.5571,0.8341,0.8646,0.773,false
CHR-MED-1644,Treasurer Marshall of Holy Roman Empire,medieval,Kingdom of England,British Isles,770,801,Economic,disruptor,EVT-MED-1644,0.7893,0.713,0.3173,0.3496,0.706,0.7979,0.906,11,0.7242,0.8359,0.7665,1.242,1.25,1.25,true
CHR-MED-1645,Vizier Ramesses of Kamakura / Muromachi Japan,medieval,Kievan Rus,Eastern Europe,544,584,Political,wildcard,EVT-MED-1645,0.8882,0.6235,0.3851,0.7067,0.3054,0.723,0.6345,13,0.5082,0.7867,0.6412,1.0423,1.0945,1.1466,false
CHR-MED-1646,High Priest Hathor of Byzantine Empire,medieval,Kingdom of England,British Isles,870,902,Religious,wildcard,EVT-MED-1646,0.6883,0.7322,0.5589,0.7451,0.8115,0.5867,0.5087,6,0.4208,0.6164,0.6248,1.0374,1.0893,1.1412,false
CHR-MED-1647,Chamberlain Justinian of Song Dynasty,medieval,Kingdom of England,British Isles,1058,1087,Economic,wildcard,EVT-MED-1647,0.7568,0.8345,0.5799,0.2529,0.2361,0.6383,0.8599,69,0.6927,0.798,0.6539,1.0462,1.0985,1.1508,false
CHR-MED-1648,Alchemist Justinian of Chola Dynasty,medieval,Chola Dynasty,South India,815,860,Scientific,wildcard,EVT-MED-1648,0.8605,0.5819,0.2757,0.6192,0.406,0.7195,0.7929,40,0.5502,0.8335,0.6816,1.0545,1.1072,1.1599,false
CHR-MED-1649,Pontiff Marshall of Kingdom of England,medieval,Kamakura / Muromachi Japan,East Asia,1048,1071,Religious,disruptor,EVT-MED-1649,0.6721,0.5731,0.4933,0.3618,0.9404,0.8881,0.7554,28,0.7632,0.7054,0.7242,1.2273,1.25,1.25,false
CHR-MED-1650,Imam Mazarin of Kamakura / Muromachi Japan,medieval,Kamakura / Muromachi Japan,East Asia,719,745,Religious,architect,EVT-MED-1650,0.7477,0.8476,0.7791,0.7864,0.7704,0.3339,0.6232,72,0.2738,0.6979,0.606,0.8461,0.877,0.7842,false
CHR-MED-1651,Master Sculptor Valdemar of Khmer Empire,medieval,Mongol Empire / Ilkhanate,Eurasian Steppe,604,612,Cultural,catalyst,EVT-MED-1651,0.5897,0.9071,0.4779,0.7141,0.8022,0.5367,0.7407,36,0.4113,0.6501,0.6619,1.101,1.2059,1.1534,false
CHR-MED-1652,Patriarch Khaldun of Song Dynasty,medieval,Umayyad Caliphate (Al-Andalus),Iberia / North Africa,1141,1150,Religious,catalyst,EVT-MED-1652,0.5847,0.8442,0.6321,0.5648,0.8415,0.5084,0.8,36,0.4718,0.6708,0.6538,1.0985,1.2031,1.1508,false
CHR-MED-1653,Alchemist Constantine of Umayyad Caliphate (Al-Andalus),medieval,Kingdom of England,British Isles,1250,1255,Scientific,wildcard,EVT-MED-1653,0.5709,0.55,0.18,0.6451,0.5561,0.8262,0.8782,71,0.5906,0.6938,0.664,1.0492,1.1017,1.1541,false
CHR-MED-1654,Arch-Engineer Thutmose of Byzantine Empire,medieval,Byzantine Empire,Eastern Mediterranean,1116,1138,Scientific,stabilizer,EVT-MED-1654,0.735,0.5946,0.8487,0.8839,0.5685,0.268,0.6574,153,0.192,0.7039,0.518,0.8244,0.8546,0.7641,false
CHR-MED-1655,Arch-Engineer Godfrey of Abbasid Caliphate,medieval,Classic Maya & Postclassic,Mesoamerica,1010,1040,Scientific,wildcard,EVT-MED-1655,0.5866,0.4849,0.3271,0.3478,0.6336,0.5843,0.6157,28,0.6183,0.5982,0.5943,1.0283,1.0797,1.1311,false
CHR-MED-1656,Customs Director Hammurabi of Mali Empire,medieval,Abbasid Caliphate,Middle East,1111,1120,Economic,architect,EVT-MED-1656,0.8691,0.876,0.8987,0.7738,0.5282,0.3971,0.6659,93,0.3116,0.7878,0.6088,0.8468,0.8777,0.7848,false
CHR-MED-1657,Poet Laureate Solon of Abbasid Caliphate,medieval,Kievan Rus,Eastern Europe,1316,1330,Cultural,catalyst,EVT-MED-1657,0.7994,0.8643,0.4617,0.6424,0.8755,0.6771,0.8131,36,0.5173,0.8049,0.7561,1.1307,1.2383,1.1845,true
CHR-MED-1658,Centurion Rimush of Chola Dynasty,medieval,Umayyad Caliphate (Al-Andalus),Iberia / North Africa,1056,1087,Military,architect,EVT-MED-1658,0.671,0.7069,0.712,0.8728,0.6494,0.2393,0.6984,82,0.1832,0.6819,0.547,0.8316,0.862,0.7707,false
CHR-MED-1659,Philosopher Belisarius of Mali Empire,medieval,Umayyad Caliphate (Al-Andalus),Iberia / North Africa,1086,1091,Cultural,architect,EVT-MED-1659,0.6955,0.8016,0.723,0.8152,0.6022,0.2486,0.7944,119,0.2167,0.7351,0.5778,0.8391,0.8698,0.7777,false
CHR-MED-1660,Arch-Engineer Hathor of Byzantine Empire,medieval,Classic Maya & Postclassic,Mesoamerica,1326,1348,Scientific,architect,EVT-MED-1660,0.6636,0.6345,0.692,0.9007,0.7034,0.241,0.776,29,0.1701,0.7086,0.5549,0.8335,0.864,0.7725,false
CHR-MED-1661,Legate Mentuhotep of Mongol Empire / Ilkhanate,medieval,Byzantine Empire,Eastern Mediterranean,673,680,Military,disruptor,EVT-MED-1661,0.8762,0.6094,0.322,0.3426,0.7878,0.7717,0.844,19,0.7146,0.8633,0.7717,1.2437,1.25,1.25,true
CHR-MED-1662,Syndic Hammurabi of Song Dynasty,medieval,Abbasid Caliphate,Middle East,769,802,Economic,wildcard,EVT-MED-1662,0.8933,0.5903,0.4142,0.4957,0.4997,0.7973,0.8001,38,0.6508,0.856,0.7102,1.0631,1.1162,1.1694,false
CHR-MED-1663,Governor Mirabeau of Kingdom of France,medieval,Tang Dynasty,East Asia,876,894,Political,architect,EVT-MED-1663,0.6752,0.6982,0.8815,0.8392,0.5226,0.4061,0.5611,119,0.2835,0.6296,0.5169,0.8242,0.8543,0.7639,false
CHR-MED-1664,Archon Enheduanna of Byzantine Empire,medieval,Holy Roman Empire,Central Europe,656,687,Political,wildcard,EVT-MED-1664,0.7604,0.471,0.5843,0.4663,0.426,0.2784,0.8511,17,0.406,0.7967,0.5623,1.0187,1.0696,1.1206,false
CHR-MED-1665,Poet Laureate Zhang of Mongol Empire / Ilkhanate,medieval,Abbasid Caliphate,Middle East,968,1000,Cultural,architect,EVT-MED-1665,0.9077,0.6363,0.8611,0.9098,0.7317,0.1935,0.5954,164,0.1418,0.7828,0.5689,0.8369,0.8676,0.7757,false
CHR-MED-1666,Physician Zhao of Classic Maya & Postclassic,medieval,Khmer Empire,Southeast Asia,729,747,Scientific,stabilizer,EVT-MED-1666,0.7597,0.7274,0.7266,0.8611,0.6561,0.266,0.5563,237,0.2024,0.6784,0.5551,0.8335,0.864,0.7726,false
CHR-MED-1667,Mint Overseer Naram-Sin of Classic Maya & Postclassic,medieval,Holy Roman Empire,Central Europe,669,709,Economic,disruptor,EVT-MED-1667,0.8885,0.661,0.4652,0.6203,0.8735,0.7426,0.8495,47,0.5612,0.8729,0.7636,1.2409,1.25,1.25,true
CHR-MED-1668,Centurion Rajaraja of Kamakura / Muromachi Japan,medieval,Abbasid Caliphate,Middle East,1178,1210,Military,disruptor,EVT-MED-1668,0.8841,0.7459,0.2595,0.5937,0.7393,0.8533,0.753,9,0.6298,0.8317,0.7791,1.2463,1.25,1.25,true
CHR-MED-1669,Philosopher Dara of Tang Dynasty,medieval,Kingdom of England,British Isles,1133,1160,Cultural,architect,EVT-MED-1669,0.8479,0.787,0.7596,0.8143,0.6709,0.3542,0.7527,176,0.2699,0.8098,0.63,0.852,0.8832,0.7896,false
CHR-MED-1670,Consul Chen of Kingdom of France,medieval,Kamakura / Muromachi Japan,East Asia,670,696,Political,catalyst,EVT-MED-1670,0.7331,0.7997,0.667,0.7343,0.8213,0.6166,0.9309,17,0.4411,0.8122,0.7051,1.1146,1.2208,1.1677,false
CHR-MED-1671,Cardinal Khaldun of Tang Dynasty,medieval,Song Dynasty,East Asia,1002,1017,Religious,wildcard,EVT-MED-1671,0.5441,0.6475,0.4834,0.7655,0.4179,0.7496,0.5753,38,0.492,0.5566,0.558,1.0174,1.0683,1.1191,false
CHR-MED-1672,Dramatist Sun of Kamakura / Muromachi Japan,medieval,Kamakura / Muromachi Japan,East Asia,1273,1303,Cultural,stabilizer,EVT-MED-1672,0.7319,0.5789,0.9127,0.7281,0.5992,0.3407,0.4857,58,0.3063,0.6335,0.506,0.8215,0.8515,0.7614,false
CHR-MED-1673,Rhetorician Samudra of Kamakura / Muromachi Japan,medieval,Classic Maya & Postclassic,Mesoamerica,1336,1356,Cultural,catalyst,EVT-MED-1673,0.7165,0.8119,0.5235,0.66,0.8246,0.6268,0.9016,37,0.4834,0.7905,0.7185,1.1188,1.2254,1.1721,false
CHR-MED-1674,Warlord Madison of Song Dynasty,medieval,Classic Maya & Postclassic,Mesoamerica,575,603,Military,stabilizer,EVT-MED-1674,0.5907,0.7376,0.8477,0.8344,0.5443,0.3095,0.5116,128,0.2376,0.5591,0.4866,0.8167,0.8466,0.757,false
CHR-MED-1675,Hierophant Wu of Classic Maya & Postclassic,medieval,Kamakura / Muromachi Japan,East Asia,685,700,Religious,wildcard,EVT-MED-1675,0.7309,0.6271,0.7313,0.5403,0.4495,0.7935,0.7372,28,0.6266,0.7334,0.6237,1.0371,1.089,1.1408,false
CHR-MED-1676,Scribe Theodosius of Mali Empire,medieval,Chola Dynasty,South India,552,594,Cultural,architect,EVT-MED-1676,0.775,0.6954,0.7851,0.7024,0.6007,0.3231,0.6635,172,0.3103,0.7304,0.5725,0.8378,0.8685,0.7765,false
CHR-MED-1677,Prefect Tiglath of Umayyad Caliphate (Al-Andalus),medieval,Song Dynasty,East Asia,1003,1011,Political,architect,EVT-MED-1677,0.8084,0.8374,0.8932,0.874,0.6023,0.2321,0.6205,144,0.179,0.7333,0.5629,0.8355,0.866,0.7743,false
CHR-MED-1678,Abbess Mursili of Khmer Empire,medieval,Kievan Rus,Eastern Europe,672,717,Religious,architect,EVT-MED-1678,0.8427,0.6792,0.8804,0.7106,0.7664,0.2623,0.6866,144,0.2758,0.7802,0.5963,0.8437,0.8746,0.782,false
CHR-MED-1679,Mint Overseer Averroes of Khmer Empire,medieval,Umayyad Caliphate (Al-Andalus),Iberia / North Africa,748,793,Economic,catalyst,EVT-MED-1679,0.619,0.754,0.5071,0.7503,0.8281,0.5149,0.9307,54,0.3823,0.7437,0.6707,1.1038,1.2089,1.1563,false
CHR-MED-1680,General Wilhelm of Song Dynasty,medieval,Khmer Empire,Southeast Asia,846,856,Military,architect,EVT-MED-1680,0.7179,0.7369,0.8838,0.8882,0.6085,0.2178,0.7506,103,0.1648,0.731,0.5438,0.8308,0.8612,0.77,false
CHR-MED-1681,Chamberlain Nizam of Mali Empire,medieval,Classic Maya & Postclassic,Mesoamerica,795,836,Economic,architect,EVT-MED-1681,0.7892,0.764,0.7419,0.8474,0.6672,0.3209,0.574,54,0.2368,0.7031,0.5797,0.8396,0.8703,0.7782,false
CHR-MED-1682,Geometer Bradford of Holy Roman Empire,medieval,Khmer Empire,Southeast Asia,1435,1461,Scientific,disruptor,EVT-MED-1682,0.64,0.6354,0.2877,0.5232,0.8828,0.8883,0.7612,10,0.6825,0.6885,0.7302,1.2294,1.25,1.25,false
CHR-MED-1683,Warlord Thutmose of Tang Dynasty,medieval,Abbasid Caliphate,Middle East,1481,1500,Military,disruptor,EVT-MED-1683,0.6333,0.635,0.3896,0.383,0.8184,0.828,0.9387,33,0.7225,0.7554,0.7332,1.2305,1.25,1.25,false
CHR-MED-1684,Admiral Naram-Sin of Kingdom of France,medieval,Mongol Empire / Ilkhanate,Eurasian Steppe,1274,1287,Military,disruptor,EVT-MED-1684,0.9212,0.8221,0.3301,0.5352,0.9183,0.8873,0.9087,46,0.676,0.9162,0.851,1.25,1.25,1.25,true
CHR-MED-1685,Arch-Engineer Sumner of Mali Empire,medieval,Holy Roman Empire,Central Europe,631,645,Scientific,catalyst,EVT-MED-1685,0.7448,0.7138,0.5036,0.6828,0.8706,0.6446,0.8557,37,0.4809,0.7891,0.7144,1.1175,1.224,1.1708,false
CHR-MED-1686,Alchemist Godfrey of Tang Dynasty,medieval,Holy Roman Empire,Central Europe,629,640,Scientific,stabilizer,EVT-MED-1686,0.8111,0.6871,0.8255,0.7743,0.5833,0.2163,0.5494,192,0.221,0.7064,0.5369,0.8291,0.8594,0.7684,false
CHR-MED-1687,Centurion Mazarin of Chola Dynasty,medieval,Kamakura / Muromachi Japan,East Asia,1447,1455,Military,wildcard,EVT-MED-1687,0.7791,0.402,0.6284,0.2683,0.5407,0.3823,0.6373,40,0.557,0.7224,0.5629,1.0189,1.0698,1.1207,false
CHR-MED-1688,Patriarch Gao of Chola Dynasty,medieval,Kingdom of England,British Isles,1200,1215,Religious,architect,EVT-MED-1688,0.8392,0.6687,0.7575,0.821,0.5724,0.378,0.6347,133,0.2785,0.7574,0.5811,0.8399,0.8707,0.7785,false
CHR-MED-1689,Merchant Prince Harsha of Holy Roman Empire,medieval,Kievan Rus,Eastern Europe,678,715,Economic,stabilizer,EVT-MED-1689,0.8193,0.6679,0.9199,0.7295,0.5233,0.26,0.5444,187,0.2652,0.7093,0.5257,0.8263,0.8566,0.7659,false
CHR-MED-1690,Metallurgist Kautilya of Mongol Empire / Ilkhanate,medieval,Chola Dynasty,South India,1191,1204,Scientific,wildcard,EVT-MED-1690,0.8015,0.601,0.5021,0.6566,0.4763,0.5379,0.8898,22,0.4407,0.8368,0.6431,1.0429,1.0951,1.1472,false
CHR-MED-1691,Synod Envoy Averroes of Kamakura / Muromachi Japan,medieval,Mali Empire,West Africa,1431,1470,Religious,stabilizer,EVT-MED-1691,0.7253,0.6344,0.8688,0.7848,0.4505,0.313,0.6385,164,0.2641,0.6906,0.5107,0.8226,0.8527,0.7624,false
CHR-MED-1692,Chamberlain Dara of Classic Maya & Postclassic,medieval,Tang Dynasty,East Asia,1224,1255,Economic,disruptor,EVT-MED-1692,0.6316,0.6135,0.3435,0.6329,0.7591,0.7904,0.801,23,0.5788,0.6994,0.6865,1.2143,1.25,1.25,false
CHR-MED-1693,Scribe Alexander of Khmer Empire,medieval,Umayyad Caliphate (Al-Andalus),Iberia / North Africa,1348,1375,Cultural,disruptor,EVT-MED-1693,0.8385,0.5753,0.5097,0.5096,0.8294,0.7229,0.8436,8,0.6066,0.8406,0.7289,1.229,1.25,1.25,false
CHR-MED-1694,Archon Justinian of Holy Roman Empire,medieval,Mali Empire,West Africa,1380,1390,Political,wildcard,EVT-MED-1694,0.4348,0.4668,0.6934,0.2826,0.6709,0.7284,0.4735,33,0.7229,0.4503,0.5262,1.0079,1.0582,1.1086,false
CHR-MED-1695,Warlord Godfrey of Mali Empire,medieval,Song Dynasty,East Asia,1475,1484,Military,wildcard,EVT-MED-1695,0.8308,0.4172,0.3615,0.4195,0.5488,0.7127,0.6462,24,0.6466,0.757,0.6493,1.0448,1.097,1.1493,false
CHR-MED-1696,Pontiff Khaldun of Khmer Empire,medieval,Byzantine Empire,Eastern Mediterranean,1202,1208,Religious,disruptor,EVT-MED-1696,0.8889,0.5936,0.4016,0.4839,0.8873,0.8739,0.7489,6,0.695,0.8329,0.7734,1.2443,1.25,1.25,true
CHR-MED-1697,Poet Laureate Hammurabi of Holy Roman Empire,medieval,Song Dynasty,East Asia,1330,1362,Cultural,stabilizer,EVT-MED-1697,0.6346,0.7099,0.7428,0.8644,0.5957,0.1827,0.6022,236,0.1591,0.6217,0.5047,0.8212,0.8512,0.7611,false
CHR-MED-1698,Merchant Prince Suppiluliuma of Kievan Rus,medieval,Kamakura / Muromachi Japan,East Asia,682,715,Economic,wildcard,EVT-MED-1698,0.4101,0.8392,0.7474,0.3996,0.849,0.2278,0.8618,21,0.4141,0.5908,0.5745,1.0223,1.0735,1.1246,false
CHR-MED-1699,Scribe Constantine of Khmer Empire,medieval,Holy Roman Empire,Central Europe,882,895,Cultural,stabilizer,EVT-MED-1699,0.6894,0.748,0.7634,0.7062,0.4521,0.1578,0.4272,63,0.2258,0.5845,0.4785,0.8147,0.8445,0.7551,false
CHR-MED-1700,Cardinal Puduhepa of Umayyad Caliphate (Al-Andalus),medieval,Umayyad Caliphate (Al-Andalus),Iberia / North Africa,1242,1259,Religious,disruptor,EVT-MED-1700,0.9132,0.6523,0.2258,0.3512,0.9472,0.8208,0.7621,34,0.7348,0.8528,0.8155,1.25,1.25,1.25,true
CHR-MED-1701,Consul Ramesses of Chola Dynasty,medieval,Abbasid Caliphate,Middle East,544,574,Political,disruptor,EVT-MED-1701,0.8626,0.5588,0.3001,0.4776,0.9483,0.8783,0.8309,14,0.7004,0.85,0.7942,1.25,1.25,1.25,true
CHR-MED-1702,Alchemist Otto of Mongol Empire / Ilkhanate,medieval,Kingdom of England,British Isles,807,849,Scientific,stabilizer,EVT-MED-1702,0.6526,0.6054,0.8666,0.7616,0.4661,0.243,0.5252,50,0.2407,0.6016,0.4644,0.8112,0.8409,0.7519,false
CHR-MED-1703,Alchemist Valdemar of Kamakura / Muromachi Japan,medieval,Holy Roman Empire,Central Europe,1177,1209,Scientific,stabilizer,EVT-MED-1703,0.6059,0.7647,0.9032,0.751,0.5866,0.1451,0.5725,240,0.197,0.5925,0.4839,0.816,0.8459,0.7563,false
CHR-MED-1704,Geometer Mentuhotep of Classic Maya & Postclassic,medieval,Tang Dynasty,East Asia,707,734,Scientific,architect,EVT-MED-1704,0.7954,0.7226,0.7319,0.8961,0.6114,0.2306,0.6214,143,0.1673,0.7258,0.5588,0.8345,0.865,0.7734,false
CHR-MED-1705,Physician Richelieu of Tang Dynasty,medieval,Chola Dynasty,South India,1128,1135,Scientific,disruptor,EVT-MED-1705,0.9072,0.6655,0.4696,0.3876,0.8261,0.6565,0.7944,37,0.6345,0.8621,0.7518,1.2369,1.25,1.25,true
CHR-MED-1706,Guild Master Tiglath of Kievan Rus,medieval,Chola Dynasty,South India,748,755,Economic,disruptor,EVT-MED-1706,0.8379,0.7446,0.5126,0.4936,0.9475,0.7919,0.7453,22,0.6492,0.8009,0.7679,1.2424,1.25,1.25,true
CHR-MED-1707,Minister Mazarin of Song Dynasty,medieval,Kievan Rus,Eastern Europe,1168,1187,Political,catalyst,EVT-MED-1707,0.5353,0.6858,0.4893,0.7372,0.8422,0.4768,0.7598,60,0.3698,0.6251,0.6127,1.0855,1.1889,1.1372,false
CHR-MED-1708,Syndic Narmer of Holy Roman Empire,medieval,Kamakura / Muromachi Japan,East Asia,1182,1195,Economic,stabilizer,EVT-MED-1708,0.6463,0.5839,0.8915,0.743,0.6173,0.1435,0.5123,240,0.2003,0.5927,0.4638,0.8111,0.8408,0.7518,false
CHR-MED-1709,Warlord Nizam of Holy Roman Empire,medieval,Kingdom of France,Western Europe,538,583,Military,stabilizer,EVT-MED-1709,0.6842,0.6693,0.7618,0.896,0.4801,0.2622,0.4256,193,0.1831,0.5807,0.4756,0.814,0.8438,0.7544,false
CHR-MED-1710,Merchant Prince Hamilton of Mongol Empire / Ilkhanate,medieval,Kingdom of England,British Isles,735,766,Economic,disruptor,EVT-MED-1710,0.7286,0.6383,0.2759,0.4266,0.7231,0.8156,0.8486,6,0.6945,0.7766,0.7371,1.2318,1.25,1.25,false
CHR-MED-1711,Syndic Ramesses of Chola Dynasty,medieval,Khmer Empire,Southeast Asia,899,916,Economic,architect,EVT-MED-1711,0.8863,0.785,0.7272,0.8495,0.666,0.384,0.6707,94,0.2672,0.8001,0.6322,0.8525,0.8837,0.7901,false
CHR-MED-1712,Mint Overseer Telepinu of Holy Roman Empire,medieval,Holy Roman Empire,Central Europe,553,594,Economic,disruptor,EVT-MED-1712,0.8642,0.7238,0.4069,0.6266,0.8861,0.6694,0.9234,17,0.5214,0.8879,0.7744,1.2447,1.25,1.25,true
CHR-MED-1713,Syndic Ramesses of Tang Dynasty,medieval,Chola Dynasty,South India,1404,1432,Economic,wildcard,EVT-MED-1713,0.5633,0.5269,0.2114,0.2122,0.2631,0.4047,0.8405,59,0.5963,0.6742,0.5644,1.0193,1.0703,1.1212,false
CHR-MED-1714,Hierophant Aurelius of Kingdom of France,medieval,Holy Roman Empire,Central Europe,1242,1263,Religious,disruptor,EVT-MED-1714,0.8436,0.6912,0.2023,0.497,0.9347,0.8443,0.8703,48,0.6737,0.8543,0.8169,1.25,1.25,1.25,true
CHR-MED-1715,Philosopher Wu of Kingdom of England,medieval,Khmer Empire,Southeast Asia,661,701,Cultural,stabilizer,EVT-MED-1715,0.5982,0.7354,0.8201,0.7365,0.6026,0.1393,0.6548,240,0.2014,0.6208,0.5005,0.8201,0.8501,0.7601,false
CHR-MED-1716,Strategos Harun of Tang Dynasty,medieval,Mongol Empire / Ilkhanate,Eurasian Steppe,898,922,Military,disruptor,EVT-MED-1716,0.6197,0.6082,0.2069,0.5572,0.9042,0.6726,0.748,38,0.5577,0.671,0.6963,1.2177,1.25,1.25,false
CHR-MED-1717,Chamberlain Richelieu of Kamakura / Muromachi Japan,medieval,Tang Dynasty,East Asia,689,704,Economic,stabilizer,EVT-MED-1717,0.5805,0.6814,0.8468,0.8521,0.6847,0.1941,0.4012,153,0.171,0.5088,0.4621,0.8107,0.8403,0.7513,false
CHR-MED-1718,Imam Hamilton of Holy Roman Empire,medieval,Kingdom of France,Western Europe,1019,1038,Religious,stabilizer,EVT-MED-1718,0.6555,0.7093,0.7411,0.7219,0.5368,0.3238,0.5441,157,0.301,0.6109,0.5208,0.8251,0.8553,0.7647,false
CHR-MED-1719,Customs Director Tiglath of Classic Maya & Postclassic,medieval,Kievan Rus,Eastern Europe,990,1019,Economic,wildcard,EVT-MED-1719,0.7067,0.8114,0.4347,0.2791,0.6645,0.3255,0.6937,36,0.5232,0.7015,0.6435,1.0431,1.0952,1.1474,false
CHR-MED-1720,Customs Director Enheduanna of Kamakura / Muromachi Japan,medieval,Mali Empire,West Africa,595,604,Economic,wildcard,EVT-MED-1720,0.5942,0.7276,0.3533,0.6832,0.4131,0.4196,0.8855,64,0.3682,0.7107,0.5959,1.0288,1.0802,1.1317,false
CHR-MED-1721,Chronicler Thutmose of Khmer Empire,medieval,Kingdom of England,British Isles,531,566,Cultural,wildcard,EVT-MED-1721,0.8816,0.6827,0.6656,0.788,0.4601,0.7148,0.4181,6,0.4634,0.6962,0.6058,1.0317,1.0833,1.1349,false
CHR-MED-1722,Vizier Godfrey of Classic Maya & Postclassic,medieval,Song Dynasty,East Asia,1033,1068,Political,architect,EVT-MED-1722,0.9153,0.713,0.8038,0.823,0.6076,0.3536,0.7089,82,0.2653,0.8327,0.6148,0.8482,0.8793,0.7862,false
CHR-MED-1723,Guild Master Madison of Abbasid Caliphate,medieval,Kamakura / Muromachi Japan,East Asia,696,714,Economic,catalyst,EVT-MED-1723,0.7209,0.6505,0.4935,0.5827,0.7855,0.6929,0.8632,60,0.5551,0.7778,0.7006,1.1132,1.2192,1.1662,false
CHR-MED-1724,Merchant Prince Hamilton of Kingdom of France,medieval,Song Dynasty,East Asia,1229,1240,Economic,disruptor,EVT-MED-1724,0.6843,0.7933,0.2906,0.5139,0.9426,0.7987,0.8216,17,0.6424,0.7392,0.7697,1.2431,1.25,1.25,true
CHR-MED-1725,Hierophant Belisarius of Chola Dynasty,medieval,Mongol Empire / Ilkhanate,Eurasian Steppe,1344,1388,Religious,wildcard,EVT-MED-1725,0.4062,0.6981,0.419,0.545,0.5162,0.4168,0.8011,34,0.4359,0.5642,0.5472,1.0142,1.0649,1.1156,false
CHR-MED-1726,Rhetorician Sherman of Kamakura / Muromachi Japan,medieval,Tang Dynasty,East Asia,526,535,Cultural,stabilizer,EVT-MED-1726,0.8282,0.7576,0.878,0.7168,0.542,0.2452,0.5359,60,0.2642,0.7113,0.5455,0.8312,0.8616,0.7704,false
CHR-MED-1727,Syndic Al-Mansur of Mali Empire,medieval,Abbasid Caliphate,Middle East,809,819,Economic,architect,EVT-MED-1727,0.8457,0.6077,0.8096,0.7825,0.7663,0.2077,0.7223,163,0.2126,0.7964,0.5869,0.8414,0.8722,0.7798,false
CHR-MED-1728,Scribe Adams of Mongol Empire / Ilkhanate,medieval,Khmer Empire,Southeast Asia,686,702,Cultural,wildcard,EVT-MED-1728,0.5764,0.684,0.6235,0.6293,0.6464,0.2601,0.7682,63,0.3154,0.6532,0.5541,1.0162,1.067,1.1178,false
CHR-MED-1729,Mint Overseer Mentuhotep of Mongol Empire / Ilkhanate,medieval,Byzantine Empire,Eastern Mediterranean,830,841,Economic,stabilizer,EVT-MED-1729,0.6344,0.7476,0.7399,0.8514,0.5631,0.3175,0.5057,86,0.233,0.5829,0.5121,0.823,0.8531,0.7628,false
CHR-MED-1730,Mint Overseer Tariq of Abbasid Caliphate,medieval,Tang Dynasty,East Asia,959,972,Economic,catalyst,EVT-MED-1730,0.6453,0.6914,0.4863,0.7316,0.919,0.6133,0.7223,54,0.4409,0.6761,0.668,1.1029,1.208,1.1554,false
CHR-MED-1731,Mint Overseer Friedrich of Chola Dynasty,medieval,Kingdom of France,Western Europe,633,650,Economic,catalyst,EVT-MED-1731,0.626,0.7301,0.5035,0.5882,0.8564,0.5952,0.7388,50,0.5035,0.6711,0.6648,1.1019,1.2069,1.1544,false
CHR-MED-1732,Governor Aurelius of Holy Roman Empire,medieval,Holy Roman Empire,Central Europe,1043,1061,Political,stabilizer,EVT-MED-1732,0.7727,0.7013,0.7291,0.6994,0.6173,0.2054,0.5184,207,0.253,0.671,0.5417,0.8302,0.8606,0.7695,false
CHR-MED-1733,Arch-Engineer Friedrich of Kievan Rus,medieval,Byzantine Empire,Eastern Mediterranean,879,913,Scientific,catalyst,EVT-MED-1733,0.7661,0.7503,0.6847,0.5626,0.9047,0.5559,0.7209,21,0.4967,0.748,0.6847,1.1082,1.2137,1.1609,false
CHR-MED-1734,General Song of Tang Dynasty,medieval,Abbasid Caliphate,Middle East,1081,1086,Military,wildcard,EVT-MED-1734,0.5004,0.7788,0.4985,0.4699,0.6508,0.5247,0.6744,66,0.5274,0.57,0.5961,1.0288,1.0803,1.1317,false
CHR-MED-1735,Scribe Thutmose of Kingdom of England,medieval,Khmer Empire,Southeast Asia,704,726,Cultural,stabilizer,EVT-MED-1735,0.7483,0.6394,0.8377,0.7028,0.5353,0.3084,0.4563,142,0.3028,0.6315,0.5091,0.8222,0.8523,0.7621,false
CHR-MED-1736,Chronicler Hammurabi of Abbasid Caliphate,medieval,Holy Roman Empire,Central Europe,679,703,Cultural,wildcard,EVT-MED-1736,0.6813,0.4802,0.4344,0.7129,0.4343,0.422,0.5228,44,0.3546,0.6179,0.5201,1.006,1.0563,1.1066,false
CHR-MED-1737,Mint Overseer Wu of Kamakura / Muromachi Japan,medieval,Khmer Empire,Southeast Asia,674,694,Economic,stabilizer,EVT-MED-1737,0.7029,0.578,0.8897,0.7049,0.5233,0.1261,0.5417,85,0.2106,0.6384,0.4669,0.8119,0.8416,0.7524,false
CHR-MED-1738,Chronicler Samudra of Tang Dynasty,medieval,Chola Dynasty,South India,874,912,Cultural,catalyst,EVT-MED-1738,0.5077,0.8332,0.4973,0.6473,0.9317,0.4943,0.7579,50,0.4235,0.6078,0.6474,1.0964,1.2009,1.1486,false
CHR-MED-1739,Master Sculptor Cao of Khmer Empire,medieval,Mongol Empire / Ilkhanate,Eurasian Steppe,818,837,Cultural,architect,EVT-MED-1739,0.8096,0.6023,0.7968,0.7053,0.6609,0.3835,0.8082,55,0.3391,0.8091,0.6057,0.846,0.877,0.7841,false
CHR-MED-1740,Polymath Hammurabi of Khmer Empire,medieval,Byzantine Empire,Eastern Mediterranean,1179,1186,Scientific,stabilizer,EVT-MED-1740,0.685,0.6734,0.8898,0.7713,0.5631,0.2833,0.4607,196,0.256,0.5953,0.4908,0.8177,0.8476,0.7579,false
CHR-MED-1741,Alchemist Thutmose of Kievan Rus,medieval,Khmer Empire,Southeast Asia,626,633,Scientific,stabilizer,EVT-MED-1741,0.8159,0.7837,0.8421,0.8817,0.682,0.2567,0.5288,167,0.1875,0.7011,0.5634,0.8356,0.8662,0.7744,false
CHR-MED-1742,Master Sculptor Alexander of Classic Maya & Postclassic,medieval,Mongol Empire / Ilkhanate,Eurasian Steppe,567,576,Cultural,wildcard,EVT-MED-1742,0.4191,0.6508,0.2464,0.3398,0.7612,0.7563,0.8037,23,0.7083,0.5729,0.6589,1.0477,1.1001,1.1525,false
CHR-MED-1743,Abbess Ramesses of Kamakura / Muromachi Japan,medieval,Kingdom of England,British Isles,1019,1028,Religious,stabilizer,EVT-MED-1743,0.7753,0.6241,0.7835,0.6831,0.6809,0.3288,0.6458,73,0.3229,0.7235,0.5733,0.838,0.8687,0.7767,false
CHR-MED-1744,Chamberlain Constantine of Kamakura / Muromachi Japan,medieval,Abbasid Caliphate,Middle East,1415,1450,Economic,catalyst,EVT-MED-1744,0.7981,0.7621,0.711,0.6463,0.9242,0.4804,0.844,28,0.4171,0.8165,0.6977,1.1123,1.2182,1.1652,false
CHR-MED-1745,Consul Vikram of Umayyad Caliphate (Al-Andalus),medieval,Kamakura / Muromachi Japan,East Asia,1396,1441,Political,disruptor,EVT-MED-1745,0.6486,0.5044,0.4815,0.5435,0.9404,0.8957,0.7257,42,0.6761,0.6794,0.6968,1.2179,1.25,1.25,false
CHR-MED-1746,Minister Heinrich of Kievan Rus,medieval,Song Dynasty,East Asia,633,665,Political,wildcard,EVT-MED-1746,0.7035,0.781,0.2397,0.5927,0.2582,0.5912,0.4676,34,0.4992,0.6091,0.587,1.0261,1.0774,1.1287,false
CHR-MED-1747,Imam Imhotep of Kingdom of France,medieval,Kingdom of England,British Isles,612,618,Religious,disruptor,EVT-MED-1747,0.8439,0.6818,0.2575,0.4555,0.7671,0.7158,0.8797,8,0.6302,0.8582,0.7691,1.2428,1.25,1.25,true
CHR-MED-1748,Vizier Leonidas of Mali Empire,medieval,Chola Dynasty,South India,506,527,Political,architect,EVT-MED-1748,0.6987,0.708,0.8895,0.8682,0.7406,0.3204,0.7949,92,0.2261,0.7371,0.5769,0.8389,0.8696,0.7775,false
CHR-MED-1749,Admiral Justinian of Kingdom of France,medieval,Tang Dynasty,East Asia,931,959,Military,architect,EVT-MED-1749,0.7992,0.8152,0.8434,0.8885,0.7519,0.3864,0.6912,120,0.2489,0.756,0.6177,0.849,0.88,0.7868,false
CHR-MED-1750,Physician Mentuhotep of Holy Roman Empire,medieval,Chola Dynasty,South India,808,832,Scientific,wildcard,EVT-MED-1750,0.5726,0.8226,0.7104,0.6272,0.4706,0.5314,0.5811,42,0.4521,0.576,0.5516,1.0155,1.0663,1.117,false
CHR-MED-1751,Synod Envoy Bradford of Song Dynasty,medieval,Mali Empire,West Africa,1118,1152,Religious,catalyst,EVT-MED-1751,0.6403,0.711,0.698,0.7341,0.8898,0.7568,0.7647,46,0.5113,0.6901,0.6719,1.1042,1.2093,1.1567,false
CHR-MED-1752,Rhetorician Cao of Kingdom of England,medieval,Song Dynasty,East Asia,775,787,Cultural,catalyst,EVT-MED-1752,0.6196,0.6542,0.5861,0.6885,0.9059,0.541,0.9162,34,0.4263,0.7383,0.6645,1.1018,1.2067,1.1543,false
CHR-MED-1753,Scribe Eleanor of Tang Dynasty,medieval,Mali Empire,West Africa,1370,1397,Cultural,wildcard,EVT-MED-1753,0.7331,0.7875,0.3849,0.3002,0.5226,0.6706,0.6662,66,0.6852,0.7064,0.6768,1.053,1.1057,1.1583,false
CHR-MED-1754,Strategos Harsha of Kievan Rus,medieval,Kamakura / Muromachi Japan,East Asia,1074,1112,Military,wildcard,EVT-MED-1754,0.4584,0.6433,0.494,0.6079,0.7922,0.8402,0.8381,16,0.6162,0.6103,0.6519,1.0456,1.0978,1.1501,false
CHR-MED-1755,Physician Mazarin of Abbasid Caliphate,medieval,Mongol Empire / Ilkhanate,Eurasian Steppe,1348,1392,Scientific,disruptor,EVT-MED-1755,0.6437,0.5748,0.2324,0.327,0.8784,0.7456,0.9338,14,0.7093,0.7598,0.7412,1.2332,1.25,1.25,false
CHR-MED-1756,Senator Kheti of Classic Maya & Postclassic,medieval,Mongol Empire / Ilkhanate,Eurasian Steppe,848,872,Political,stabilizer,EVT-MED-1756,0.5805,0.5912,0.7329,0.7528,0.557,0.306,0.5664,58,0.2766,0.5749,0.4873,0.8169,0.8468,0.7571,false
CHR-MED-1757,Vizier Wu of Holy Roman Empire,medieval,Song Dynasty,East Asia,1155,1193,Political,architect,EVT-MED-1757,0.7262,0.6715,0.751,0.8254,0.712,0.2665,0.7869,170,0.2206,0.7505,0.5807,0.8399,0.8706,0.7784,false
CHR-MED-1758,Scribe Talleyrand of Abbasid Caliphate,medieval,Kamakura / Muromachi Japan,East Asia,673,685,Cultural,architect,EVT-MED-1758,0.6597,0.816,0.763,0.7181,0.7496,0.3364,0.635,35,0.3092,0.6498,0.5833,0.8405,0.8712,0.779,false
CHR-MED-1759,Senator Rajaraja of Kamakura / Muromachi Japan,medieval,Mali Empire,West Africa,1345,1384,Political,stabilizer,EVT-MED-1759,0.6294,0.6825,0.7476,0.7151,0.6559,0.1737,0.674,218,0.2293,0.6473,0.5247,0.8261,0.8563,0.7656,false
CHR-MED-1760,Chronicler Tiglath of Classic Maya & Postclassic,medieval,Kamakura / Muromachi Japan,East Asia,584,624,Cultural,catalyst,EVT-MED-1760,0.7571,0.9048,0.6605,0.6882,0.872,0.7706,0.76,25,0.5412,0.7583,0.7349,1.124,1.231,1.1775,false
CHR-MED-1761,Archon Al-Mansur of Khmer Empire,medieval,Kingdom of France,Western Europe,945,975,Political,wildcard,EVT-MED-1761,0.6258,0.3912,0.32,0.3664,0.8089,0.3657,0.7166,17,0.4997,0.6621,0.5985,1.0295,1.081,1.1325,false
CHR-MED-1762,Chronicler Suppiluliuma of Song Dynasty,medieval,Khmer Empire,Southeast Asia,1065,1083,Cultural,wildcard,EVT-MED-1762,0.6337,0.7174,0.6933,0.6164,0.8009,0.2909,0.683,24,0.3373,0.6534,0.5821,1.0246,1.0759,1.1271,false
CHR-MED-1763,Polymath Saladin of Mali Empire,medieval,Classic Maya & Postclassic,Mesoamerica,1400,1432,Scientific,catalyst,EVT-MED-1763,0.5926,0.7777,0.5316,0.6769,0.9382,0.646,0.7561,31,0.4845,0.658,0.6788,1.1063,1.2117,1.159,false
CHR-MED-1764,Polymath Ibn-Sina of Mongol Empire / Ilkhanate,medieval,Byzantine Empire,Eastern Mediterranean,1074,1090,Scientific,wildcard,EVT-MED-1764,0.784,0.7066,0.4904,0.3863,0.6542,0.5586,0.5905,12,0.5862,0.7066,0.6541,1.0462,1.0986,1.1509,false
CHR-MED-1765,Chronicler Rimush of Classic Maya & Postclassic,medieval,Holy Roman Empire,Central Europe,659,679,Cultural,catalyst,EVT-MED-1765,0.6525,0.8602,0.5312,0.7228,0.8442,0.7196,0.73,32,0.4984,0.6835,0.697,1.112,1.218,1.165,false
CHR-MED-1766,Polymath Vikram of Kievan Rus,medieval,Kingdom of France,Western Europe,1000,1017,Scientific,wildcard,EVT-MED-1766,0.4124,0.8313,0.7305,0.5235,0.7381,0.8342,0.7835,13,0.6554,0.5609,0.6319,1.0396,1.0916,1.1435,false
CHR-MED-1767,Physician Godfrey of Kingdom of England,medieval,Kievan Rus,Eastern Europe,1062,1068,Scientific,wildcard,EVT-MED-1767,0.5855,0.6454,0.2473,0.6712,0.3422,0.4903,0.7029,43,0.4096,0.6325,0.5652,1.0196,1.0705,1.1215,false
CHR-MED-1768,Physician Rajaraja of Abbasid Caliphate,medieval,Song Dynasty,East Asia,697,736,Scientific,stabilizer,EVT-MED-1768,0.6164,0.5708,0.7399,0.8141,0.6961,0.1344,0.6098,52,0.1601,0.6137,0.4911,0.8178,0.8477,0.758,false
CHR-MED-1769,Admiral Belisarius of Chola Dynasty,medieval,Umayyad Caliphate (Al-Andalus),Iberia / North Africa,1451,1488,Military,catalyst,EVT-MED-1769,0.7908,0.6546,0.6095,0.7118,0.794,0.4571,0.9227,40,0.3726,0.8436,0.6754,1.1053,1.2105,1.1579,false
CHR-MED-1770,Syndic Kheti of Tang Dynasty,medieval,Kingdom of France,Western Europe,1446,1463,Economic,wildcard,EVT-MED-1770,0.6864,0.4449,0.5236,0.7354,0.6346,0.3488,0.553,12,0.3067,0.633,0.5297,1.0089,1.0593,1.1098,false
CHR-MED-1771,High Priest Li of Abbasid Caliphate,medieval,Byzantine Empire,Eastern Mediterranean,1114,1149,Religious,wildcard,EVT-MED-1771,0.7022,0.6904,0.551,0.6182,0.2089,0.4656,0.5478,39,0.4237,0.6405,0.5264,1.0079,1.0583,1.1087,false
CHR-MED-1772,Chronicler Song of Kingdom of England,medieval,Chola Dynasty,South India,1037,1080,Cultural,disruptor,EVT-MED-1772,0.7374,0.8199,0.5056,0.6163,0.7524,0.906,0.8083,40,0.6448,0.7658,0.746,1.2349,1.25,1.25,false
CHR-MED-1773,Governor Justinian of Mongol Empire / Ilkhanate,medieval,Chola Dynasty,South India,775,813,Political,stabilizer,EVT-MED-1773,0.7285,0.7302,0.844,0.7012,0.5218,0.263,0.6428,217,0.2809,0.6942,0.5363,0.8289,0.8593,0.7683,false
CHR-MED-1774,Strategos Cao of Holy Roman Empire,medieval,Abbasid Caliphate,Middle East,659,700,Military,catalyst,EVT-MED-1774,0.5722,0.7585,0.5043,0.6139,0.8958,0.7114,0.8969,14,0.5487,0.7021,0.7013,1.1134,1.2195,1.1664,false
CHR-MED-1775,Prefect Otto of Holy Roman Empire,medieval,Kamakura / Muromachi Japan,East Asia,615,655,Political,catalyst,EVT-MED-1775,0.6333,0.8636,0.7238,0.636,0.9415,0.4998,0.8807,40,0.4319,0.7323,0.682,1.1073,1.2128,1.1601,false
CHR-MED-1776,Physician Tiglath of Umayyad Caliphate (Al-Andalus),medieval,Khmer Empire,Southeast Asia,966,979,Scientific,architect,EVT-MED-1776,0.726,0.6885,0.7012,0.8814,0.589,0.3709,0.685,57,0.2448,0.7096,0.5673,0.8366,0.8672,0.7753,false
CHR-MED-1777,Minister Rajaraja of Mali Empire,medieval,Mali Empire,West Africa,1264,1295,Political,architect,EVT-MED-1777,0.7721,0.6174,0.705,0.7311,0.6934,0.2848,0.5548,155,0.2768,0.6852,0.5585,0.8344,0.8649,0.7733,false
CHR-MED-1778,Abbess Thutmose of Kingdom of France,medieval,Khmer Empire,Southeast Asia,1085,1122,Religious,stabilizer,EVT-MED-1778,0.6738,0.7586,0.7643,0.7834,0.6207,0.1757,0.4554,236,0.1961,0.5864,0.5044,0.8211,0.8511,0.761,false
CHR-MED-1779,High Priest Tiglath of Umayyad Caliphate (Al-Andalus),medieval,Classic Maya & Postclassic,Mesoamerica,839,874,Religious,catalyst,EVT-MED-1779,0.6549,0.7093,0.5301,0.5851,0.9378,0.6247,0.8628,29,0.5198,0.738,0.7016,1.1135,1.2196,1.1665,false
CHR-MED-1780,Scribe Solon of Mali Empire,medieval,Kamakura / Muromachi Japan,East Asia,590,615,Cultural,architect,EVT-MED-1780,0.8633,0.782,0.8337,0.7635,0.6401,0.3488,0.7275,97,0.2926,0.809,0.619,0.8493,0.8804,0.7871,false
CHR-MED-1781,Chronicler Zhang of Khmer Empire,medieval,Kamakura / Muromachi Japan,East Asia,864,897,Cultural,catalyst,EVT-MED-1781,0.7934,0.7754,0.5034,0.6191,0.7286,0.5839,0.8692,19,0.4824,0.8237,0.7106,1.1163,1.2227,1.1695,false
CHR-MED-1782,Polymath Necker of Kingdom of England,medieval,Tang Dynasty,East Asia,1474,1480,Scientific,architect,EVT-MED-1782,0.7992,0.8722,0.7887,0.8086,0.5674,0.4218,0.7055,51,0.3066,0.7617,0.6155,0.8484,0.8795,0.7863,false
CHR-MED-1783,Treasurer Hamilton of Classic Maya & Postclassic,medieval,Mongol Empire / Ilkhanate,Eurasian Steppe,1337,1379,Economic,disruptor,EVT-MED-1783,0.8568,0.6799,0.3132,0.5246,0.7238,0.863,0.7252,36,0.6692,0.8041,0.7554,1.2381,1.25,1.25,true
CHR-MED-1784,Metallurgist Valdemar of Byzantine Empire,medieval,Kingdom of France,Western Europe,1246,1291,Scientific,disruptor,EVT-MED-1784,0.6551,0.684,0.2629,0.4652,0.7501,0.9074,0.8648,48,0.7211,0.739,0.7452,1.2346,1.25,1.25,false
CHR-MED-1785,Legate Necker of Khmer Empire,medieval,Mali Empire,West Africa,730,764,Military,wildcard,EVT-MED-1785,0.6478,0.6503,0.1529,0.3715,0.2534,0.7933,0.6523,60,0.7109,0.6496,0.6305,1.0391,1.0911,1.1431,false
CHR-MED-1786,Polymath Naram-Sin of Tang Dynasty,medieval,Kingdom of England,British Isles,821,861,Scientific,wildcard,EVT-MED-1786,0.7526,0.6255,0.2209,0.5738,0.5286,0.2082,0.5714,16,0.3172,0.6801,0.5774,1.0232,1.0744,1.1256,false
CHR-MED-1787,Physician Chandra of Holy Roman Empire,medieval,Tang Dynasty,East Asia,920,934,Scientific,stabilizer,EVT-MED-1787,0.6724,0.6681,0.7299,0.815,0.6469,0.169,0.6754,186,0.177,0.6736,0.5283,0.827,0.8572,0.7664,false
CHR-MED-1788,General Tiglath of Byzantine Empire,medieval,Kamakura / Muromachi Japan,East Asia,574,581,Military,stabilizer,EVT-MED-1788,0.8159,0.751,0.7804,0.8292,0.4775,0.3286,0.4982,124,0.2497,0.6888,0.5428,0.8305,0.8609,0.7698,false
CHR-MED-1789,Admiral Mirabeau of Chola Dynasty,medieval,Khmer Empire,Southeast Asia,1273,1302,Military,disruptor,EVT-MED-1789,0.9467,0.6376,0.229,0.3395,0.9075,0.8182,0.7779,8,0.7394,0.8791,0.818,1.25,1.25,1.25,true
CHR-MED-1790,General Zhang of Kamakura / Muromachi Japan,medieval,Kievan Rus,Eastern Europe,1327,1365,Military,architect,EVT-MED-1790,0.8983,0.7557,0.7644,0.7841,0.7226,0.2964,0.5867,148,0.2561,0.7736,0.6131,0.8478,0.8789,0.7858,false
CHR-MED-1791,Customs Director Ibn-Sina of Chola Dynasty,medieval,Tang Dynasty,East Asia,617,653,Economic,stabilizer,EVT-MED-1791,0.7788,0.5856,0.8217,0.7283,0.6136,0.2803,0.4038,198,0.276,0.6288,0.5086,0.8221,0.8522,0.762,false
CHR-MED-1792,Legate Talleyrand of Kingdom of France,medieval,Classic Maya & Postclassic,Mesoamerica,1391,1408,Military,catalyst,EVT-MED-1792,0.7168,0.8106,0.7101,0.7,0.7594,0.6329,0.7388,47,0.4665,0.7256,0.6644,1.1018,1.2067,1.1543,false
CHR-MED-1793,Abbess Al-Mansur of Kingdom of England,medieval,Khmer Empire,Southeast Asia,1182,1211,Religious,disruptor,EVT-MED-1793,0.7586,0.5052,0.2584,0.5946,0.8339,0.6864,0.9576,20,0.5459,0.8382,0.7315,1.2299,1.25,1.25,false
CHR-MED-1794,Dramatist Gao of Classic Maya & Postclassic,medieval,Holy Roman Empire,Central Europe,508,537,Cultural,architect,EVT-MED-1794,0.8012,0.6624,0.8669,0.8201,0.6894,0.4001,0.7776,32,0.29,0.7918,0.602,0.8451,0.876,0.7833,false
CHR-MED-1795,Consul Necker of Chola Dynasty,medieval,Mongol Empire / Ilkhanate,Eurasian Steppe,717,755,Political,architect,EVT-MED-1795,0.8101,0.8301,0.8952,0.8706,0.6611,0.2069,0.7693,99,0.1682,0.7938,0.5896,0.842,0.8728,0.7804,false
CHR-MED-1796,Physician Ramesses of Kingdom of England,medieval,Kievan Rus,Eastern Europe,842,873,Scientific,architect,EVT-MED-1796,0.8007,0.6725,0.715,0.7575,0.6616,0.3708,0.6982,27,0.3066,0.7597,0.6013,0.8449,0.8758,0.7831,false
CHR-MED-1797,Synod Envoy Tiglath of Holy Roman Empire,medieval,Mali Empire,West Africa,1362,1371,Religious,stabilizer,EVT-MED-1797,0.63,0.7722,0.7811,0.6948,0.626,0.2727,0.4214,117,0.289,0.5466,0.5085,0.8221,0.8522,0.7619,false
CHR-MED-1798,Rhetorician Hammurabi of Mongol Empire / Ilkhanate,medieval,Khmer Empire,Southeast Asia,1058,1074,Cultural,wildcard,EVT-MED-1798,0.5203,0.3683,0.3456,0.283,0.8286,0.4029,0.7008,21,0.5599,0.5925,0.5765,1.0229,1.0741,1.1252,false
CHR-MED-1799,Chancellor Tariq of Abbasid Caliphate,medieval,Kievan Rus,Eastern Europe,772,816,Political,disruptor,EVT-MED-1799,0.8935,0.5205,0.2686,0.6063,0.87,0.8332,0.7992,34,0.6135,0.8558,0.7696,1.243,1.25,1.25,true
CHR-MED-1800,Viceroy Saladin of Kingdom of France,medieval,Tang Dynasty,East Asia,1253,1266,Political,catalyst,EVT-MED-1800,0.7416,0.7597,0.6254,0.7008,0.897,0.6982,0.7662,48,0.4987,0.7514,0.706,1.1149,1.2211,1.168,false
CHR-MED-1801,Archon Madison of Holy Roman Empire,medieval,Classic Maya & Postclassic,Mesoamerica,995,1034,Political,catalyst,EVT-MED-1801,0.7364,0.8358,0.637,0.6595,0.7407,0.6258,0.7181,22,0.4832,0.7291,0.6755,1.1053,1.2105,1.1579,false
CHR-MED-1802,Minister Mursili of Tang Dynasty,medieval,Song Dynasty,East Asia,986,993,Political,wildcard,EVT-MED-1802,0.813,0.7163,0.6734,0.4605,0.6774,0.462,0.7998,67,0.5007,0.8077,0.6612,1.0484,1.1008,1.1532,false
CHR-MED-1803,General Marshall of Song Dynasty,medieval,Mali Empire,West Africa,578,584,Military,architect,EVT-MED-1803,0.8256,0.7822,0.6895,0.7733,0.5975,0.3602,0.757,89,0.2935,0.7982,0.6233,0.8503,0.8814,0.7881,false
CHR-MED-1804,Imam Enheduanna of Byzantine Empire,medieval,Chola Dynasty,South India,1248,1267,Religious,catalyst,EVT-MED-1804,0.7423,0.8922,0.6987,0.6039,0.8214,0.4611,0.7851,39,0.4286,0.7594,0.6795,1.1065,1.2119,1.1592,false
CHR-MED-1805,Arch-Engineer Narmer of Mali Empire,medieval,Byzantine Empire,Eastern Mediterranean,1478,1500,Scientific,catalyst,EVT-MED-1805,0.7929,0.7405,0.6648,0.5547,0.8806,0.52,0.8949,12,0.4827,0.8337,0.7094,1.116,1.2222,1.1691,false
CHR-MED-1806,Commander Vikram of Holy Roman Empire,medieval,Song Dynasty,East Asia,520,545,Military,stabilizer,EVT-MED-1806,0.6961,0.6241,0.8956,0.8907,0.5239,0.2797,0.4209,209,0.1945,0.586,0.4672,0.8119,0.8416,0.7525,false
CHR-MED-1807,Legate Puduhepa of Chola Dynasty,medieval,Kingdom of France,Western Europe,1165,1173,Military,architect,EVT-MED-1807,0.7728,0.7808,0.8091,0.757,0.5589,0.439,0.7046,42,0.341,0.7455,0.5969,0.8438,0.8747,0.7821,false
CHR-MED-1808,Dramatist Sumner of Byzantine Empire,medieval,Mongol Empire / Ilkhanate,Eurasian Steppe,686,721,Cultural,wildcard,EVT-MED-1808,0.5521,0.7712,0.6457,0.5879,0.547,0.4477,0.4238,29,0.4299,0.5008,0.5225,1.0068,1.0571,1.1074,false
CHR-MED-1809,Hierophant Theodosius of Chola Dynasty,medieval,Mali Empire,West Africa,514,520,Religious,catalyst,EVT-MED-1809,0.7454,0.6508,0.541,0.7598,0.9003,0.6496,0.787,24,0.4449,0.762,0.6924,1.1106,1.2164,1.1635,false
CHR-MED-1810,Chamberlain Baldwin of Holy Roman Empire,medieval,Kievan Rus,Eastern Europe,1121,1139,Economic,architect,EVT-MED-1810,0.7627,0.8697,0.8258,0.8063,0.5612,0.4454,0.6349,37,0.3195,0.7115,0.5945,0.8432,0.8741,0.7815,false
CHR-MED-1811,Strategos Mentuhotep of Khmer Empire,medieval,Khmer Empire,Southeast Asia,850,873,Military,architect,EVT-MED-1811,0.9007,0.6957,0.7278,0.9162,0.5409,0.2945,0.671,79,0.1892,0.8088,0.5869,0.8414,0.8722,0.7798,false
CHR-MED-1812,Physician Vikram of Mongol Empire / Ilkhanate,medieval,Abbasid Caliphate,Middle East,659,674,Scientific,catalyst,EVT-MED-1812,0.6232,0.8125,0.6782,0.7321,0.7754,0.7617,0.9084,29,0.5148,0.7373,0.6901,1.1099,1.2156,1.1627,false
CHR-MED-1813,Rhetorician Mazarin of Holy Roman Empire,medieval,Classic Maya & Postclassic,Mesoamerica,982,992,Cultural,wildcard,EVT-MED-1813,0.6974,0.4071,0.3793,0.5682,0.7539,0.6238,0.4253,52,0.5278,0.5886,0.5895,1.0269,1.0782,1.1295,false
CHR-MED-1814,Poet Laureate Rimush of Holy Roman Empire,medieval,Kievan Rus,Eastern Europe,553,580,Cultural,stabilizer,EVT-MED-1814,0.6885,0.6046,0.7807,0.6878,0.53,0.2206,0.5838,224,0.2664,0.6466,0.5005,0.8201,0.8501,0.7601,false
CHR-MED-1815,Warlord Gao of Kamakura / Muromachi Japan,medieval,Chola Dynasty,South India,1155,1189,Military,catalyst,EVT-MED-1815,0.8196,0.7274,0.6168,0.5707,0.7856,0.5377,0.7824,60,0.4835,0.8047,0.6896,1.1097,1.2154,1.1626,false
CHR-MED-1816,General Thutmose of Byzantine Empire,medieval,Tang Dynasty,East Asia,531,537,Military,stabilizer,EVT-MED-1816,0.6446,0.7466,0.7349,0.8603,0.4509,0.2761,0.5621,224,0.2079,0.6116,0.5,0.82,0.85,0.76,false
CHR-MED-1817,Abbess Tariq of Umayyad Caliphate (Al-Andalus),medieval,Tang Dynasty,East Asia,1074,1109,Religious,stabilizer,EVT-MED-1817,0.8368,0.6355,0.7639,0.864,0.6143,0.3116,0.5267,98,0.2238,0.7128,0.5528,0.833,0.8635,0.772,false
CHR-MED-1818,Arch-Engineer Al-Mansur of Khmer Empire,medieval,Kingdom of England,British Isles,769,792,Scientific,stabilizer,EVT-MED-1818,0.6469,0.7493,0.8735,0.8755,0.6169,0.2199,0.5368,217,0.1722,0.6029,0.499,0.8198,0.8498,0.7598,false
CHR-MED-1819,Scribe Marshall of Song Dynasty,medieval,Classic Maya & Postclassic,Mesoamerica,892,924,Cultural,wildcard,EVT-MED-1819,0.8208,0.4891,0.4356,0.4512,0.2051,0.764,0.6291,12,0.6564,0.7441,0.6022,1.0307,1.0822,1.1337,false
CHR-MED-1820,Treasurer Sherman of Tang Dynasty,medieval,Kievan Rus,Eastern Europe,901,923,Economic,catalyst,EVT-MED-1820,0.6139,0.7191,0.5793,0.5797,0.8386,0.5517,0.7461,48,0.486,0.6668,0.6449,1.0956,1.2,1.1478,false
CHR-MED-1821,Arch-Engineer Mursili of Khmer Empire,medieval,Khmer Empire,Southeast Asia,1205,1243,Scientific,catalyst,EVT-MED-1821,0.704,0.8145,0.5258,0.6748,0.7671,0.6607,0.7943,26,0.493,0.7401,0.6952,1.1115,1.2173,1.1644,false
CHR-MED-1822,Geometer Sargon of Holy Roman Empire,medieval,Chola Dynasty,South India,1010,1035,Scientific,architect,EVT-MED-1822,0.6689,0.7918,0.7321,0.8247,0.6621,0.3418,0.6711,146,0.2585,0.6698,0.5728,0.8379,0.8686,0.7766,false
CHR-MED-1823,Minister Talleyrand of Kamakura / Muromachi Japan,medieval,Classic Maya & Postclassic,Mesoamerica,1089,1110,Political,stabilizer,EVT-MED-1823,0.8188,0.641,0.7418,0.6922,0.6859,0.3482,0.4681,56,0.328,0.6785,0.5674,0.8366,0.8672,0.7754,false
CHR-MED-1824,Vizier Lafayette of Mongol Empire / Ilkhanate,medieval,Mongol Empire / Ilkhanate,Eurasian Steppe,641,650,Political,stabilizer,EVT-MED-1824,0.708,0.5803,0.8929,0.7614,0.6295,0.2298,0.6718,182,0.2342,0.6935,0.5163,0.824,0.8542,0.7637,false
CHR-MED-1825,Marshal Sumner of Song Dynasty,medieval,Mongol Empire / Ilkhanate,Eurasian Steppe,1049,1076,Military,wildcard,EVT-MED-1825,0.7529,0.3942,0.3229,0.7664,0.6867,0.7085,0.8737,15,0.471,0.8012,0.6671,1.0501,1.1026,1.1551,false
CHR-MED-1826,Warlord Eleanor of Song Dynasty,medieval,Mongol Empire / Ilkhanate,Eurasian Steppe,767,792,Military,wildcard,EVT-MED-1826,0.5159,0.4087,0.4219,0.7071,0.6037,0.7156,0.612,48,0.5042,0.5544,0.5524,1.0157,1.0665,1.1173,false
CHR-MED-1827,Guild Master Qian of Mali Empire,medieval,Kievan Rus,Eastern Europe,1051,1065,Economic,stabilizer,EVT-MED-1827,0.797,0.7606,0.8953,0.7541,0.6931,0.2429,0.5115,145,0.2444,0.6828,0.5532,0.8331,0.8636,0.7721,false
CHR-MED-1828,Imam Suppiluliuma of Kingdom of England,medieval,Chola Dynasty,South India,841,883,Religious,wildcard,EVT-MED-1828,0.6918,0.7211,0.3399,0.4649,0.7227,0.3178,0.6137,5,0.4265,0.6606,0.622,1.0366,1.0884,1.1403,false
CHR-MED-1829,Treasurer Dara of Umayyad Caliphate (Al-Andalus),medieval,Kievan Rus,Eastern Europe,524,543,Economic,architect,EVT-MED-1829,0.7736,0.6567,0.7468,0.8106,0.7225,0.3106,0.6691,122,0.25,0.7318,0.582,0.8402,0.8709,0.7787,false
CHR-MED-1830,Rhetorician Telepinu of Kingdom of France,medieval,Kievan Rus,Eastern Europe,760,783,Cultural,stabilizer,EVT-MED-1830,0.674,0.6949,0.7544,0.8445,0.6029,0.163,0.5548,189,0.1592,0.6263,0.5032,0.8208,0.8508,0.7607,false
CHR-MED-1831,Admiral Leonidas of Holy Roman Empire,medieval,Song Dynasty,East Asia,1314,1348,Military,architect,EVT-MED-1831,0.7921,0.6731,0.7222,0.8871,0.5628,0.3669,0.7859,66,0.2399,0.7896,0.5898,0.8421,0.8729,0.7805,false
CHR-MED-1832,Merchant Prince Mentuhotep of Holy Roman Empire,medieval,Kievan Rus,Eastern Europe,868,874,Economic,wildcard,EVT-MED-1832,0.8616,0.7147,0.4245,0.4959,0.3404,0.7302,0.5625,9,0.6171,0.7419,0.6503,1.0451,1.0974,1.1496,false
CHR-MED-1833,Vizier Gao of Byzantine Empire,medieval,Abbasid Caliphate,Middle East,784,829,Political,architect,EVT-MED-1833,0.7701,0.775,0.8001,0.9046,0.5273,0.4427,0.6711,128,0.269,0.7305,0.5797,0.8396,0.8703,0.7782,false
CHR-MED-1834,High Priest Justinian of Mongol Empire / Ilkhanate,medieval,Kingdom of England,British Isles,971,999,Religious,disruptor,EVT-MED-1834,0.6992,0.7824,0.33,0.501,0.8545,0.6835,0.7733,34,0.5912,0.7288,0.7308,1.2296,1.25,1.25,false
CHR-MED-1835,Scribe Ibn-Sina of Kamakura / Muromachi Japan,medieval,Byzantine Empire,Eastern Mediterranean,689,723,Cultural,catalyst,EVT-MED-1835,0.5732,0.7627,0.4967,0.6495,0.7381,0.7664,0.9088,32,0.5585,0.7074,0.6876,1.1091,1.2147,1.1619,false
CHR-MED-1836,Metallurgist Rajaraja of Khmer Empire,medieval,Kingdom of France,Western Europe,1320,1358,Scientific,architect,EVT-MED-1836,0.9152,0.8641,0.8766,0.9034,0.6809,0.3814,0.7325,108,0.239,0.8421,0.6448,0.8556,0.8869,0.793,false
CHR-MED-1837,Astronomer Khaldun of Kingdom of England,medieval,Kamakura / Muromachi Japan,East Asia,1256,1275,Scientific,architect,EVT-MED-1837,0.7767,0.6778,0.7927,0.7415,0.6852,0.4039,0.7649,102,0.3312,0.772,0.6076,0.8465,0.8774,0.7845,false
CHR-MED-1838,Synod Envoy Otto of Kingdom of France,medieval,Khmer Empire,Southeast Asia,642,664,Religious,wildcard,EVT-MED-1838,0.4756,0.7424,0.4573,0.6635,0.8221,0.2958,0.4352,14,0.3161,0.4595,0.5343,1.0103,1.0608,1.1113,false
CHR-MED-1839,Arch-Engineer Otto of Mali Empire,medieval,Mali Empire,West Africa,1190,1205,Scientific,wildcard,EVT-MED-1839,0.5689,0.53,0.6366,0.3022,0.3081,0.7509,0.8185,25,0.7243,0.6688,0.5746,1.0224,1.0735,1.1246,false
CHR-MED-1840,Rhetorician Rajaraja of Mongol Empire / Ilkhanate,medieval,Byzantine Empire,Eastern Mediterranean,1068,1110,Cultural,architect,EVT-MED-1840,0.785,0.7383,0.803,0.7847,0.5102,0.3801,0.7506,74,0.2977,0.7713,0.5836,0.8406,0.8713,0.7791,false
CHR-MED-1841,Warlord Valdemar of Song Dynasty,medieval,Kingdom of France,Western Europe,627,659,Military,wildcard,EVT-MED-1841,0.6913,0.5171,0.7198,0.494,0.6824,0.7564,0.6789,46,0.6312,0.6864,0.6214,1.0364,1.0882,1.1401,false
CHR-MED-1842,Merchant Prince Tariq of Classic Maya & Postclassic,medieval,Abbasid Caliphate,Middle East,1233,1267,Economic,stabilizer,EVT-MED-1842,0.6654,0.7371,0.7274,0.7227,0.4992,0.2012,0.6757,91,0.2392,0.6695,0.5245,0.826,0.8562,0.7656,false
CHR-MED-1843,Strategos Zhang of Abbasid Caliphate,medieval,Umayyad Caliphate (Al-Andalus),Iberia / North Africa,1137,1170,Military,stabilizer,EVT-MED-1843,0.7233,0.6465,0.8365,0.7682,0.5416,0.2335,0.533,154,0.2327,0.6472,0.502,0.8205,0.8505,0.7604,false
CHR-MED-1844,Abbess Valdemar of Kamakura / Muromachi Japan,medieval,Holy Roman Empire,Central Europe,1204,1216,Religious,architect,EVT-MED-1844,0.7758,0.8077,0.8205,0.8702,0.6624,0.4005,0.5606,118,0.2651,0.6897,0.5831,0.8404,0.8712,0.7789,false
CHR-MED-1845,Consul Cao of Khmer Empire,medieval,Chola Dynasty,South India,790,809,Political,architect,EVT-MED-1845,0.6734,0.6608,0.8681,0.7652,0.7363,0.2197,0.5661,140,0.2273,0.6305,0.5207,0.8251,0.8553,0.7647,false
CHR-MED-1846,Consul Sun of Holy Roman Empire,medieval,Classic Maya & Postclassic,Mesoamerica,509,534,Political,wildcard,EVT-MED-1846,0.5964,0.4416,0.618,0.7023,0.3005,0.62,0.4516,25,0.4588,0.5385,0.4742,0.9923,1.0419,1.0915,false
CHR-MED-1847,Abbess Narmer of Holy Roman Empire,medieval,Chola Dynasty,South India,1065,1093,Religious,wildcard,EVT-MED-1847,0.7668,0.3719,0.7101,0.6264,0.7257,0.8489,0.7672,7,0.6112,0.767,0.6464,1.0439,1.0961,1.1483,false
CHR-MED-1848,Alchemist Sherman of Byzantine Empire,medieval,Kievan Rus,Eastern Europe,1094,1131,Scientific,stabilizer,EVT-MED-1848,0.6122,0.6243,0.8447,0.7328,0.6296,0.1711,0.4915,195,0.2192,0.5639,0.4694,0.8125,0.8422,0.753,false
CHR-MED-1849,Scribe Ibn-Sina of Song Dynasty,medieval,Holy Roman Empire,Central Europe,925,935,Cultural,catalyst,EVT-MED-1849,0.6705,0.8118,0.5927,0.6234,0.8861,0.7949,0.9103,53,0.5857,0.7664,0.7377,1.1249,1.232,1.1784,false
CHR-MED-1850,Chamberlain Zhao of Song Dynasty,medieval,Holy Roman Empire,Central Europe,1408,1413,Economic,architect,EVT-MED-1850,0.7161,0.8309,0.8585,0.9149,0.7513,0.3257,0.7696,148,0.2054,0.7375,0.5991,0.8444,0.8753,0.7826,false
CHR-MED-1851,Legate Sun of Byzantine Empire,medieval,Khmer Empire,Southeast Asia,770,805,Military,disruptor,EVT-MED-1851,0.6433,0.5459,0.4863,0.6292,0.9184,0.8933,0.9156,42,0.632,0.7522,0.7217,1.2265,1.25,1.25,false
CHR-MED-1852,Chancellor Mazarin of Mali Empire,medieval,Umayyad Caliphate (Al-Andalus),Iberia / North Africa,1334,1342,Political,stabilizer,EVT-MED-1852,0.8362,0.5552,0.7263,0.7204,0.4862,0.2257,0.5732,143,0.2527,0.731,0.5264,0.8265,0.8567,0.766,false
CHR-MED-1853,Mint Overseer Mazarin of Mongol Empire / Ilkhanate,medieval,Kievan Rus,Eastern Europe,1445,1488,Economic,architect,EVT-MED-1853,0.8453,0.713,0.7478,0.8146,0.6068,0.435,0.775,50,0.3102,0.8172,0.6253,0.8508,0.8819,0.7886,false
CHR-MED-1854,Imam Ramesses of Song Dynasty,medieval,Classic Maya & Postclassic,Mesoamerica,1201,1237,Religious,stabilizer,EVT-MED-1854,0.8465,0.7145,0.8161,0.7101,0.6357,0.2543,0.6107,144,0.2721,0.7522,0.5768,0.8389,0.8696,0.7775,false
CHR-MED-1855,Rhetorician Marshall of Mali Empire,medieval,Khmer Empire,Southeast Asia,1284,1298,Cultural,wildcard,EVT-MED-1855,0.4638,0.6978,0.4714,0.3001,0.3241,0.584,0.4836,25,0.642,0.4717,0.5172,1.0052,1.0554,1.1057,false
CHR-MED-1856,Viceroy Ashoka of Mali Empire,medieval,Tang Dynasty,East Asia,799,834,Political,catalyst,EVT-MED-1856,0.7221,0.6562,0.7373,0.6084,0.9043,0.5479,0.7426,49,0.4698,0.7303,0.654,1.0985,1.2031,1.1508,false
CHR-MED-1857,Philosopher Nizam of Holy Roman Empire,medieval,Holy Roman Empire,Central Europe,1038,1083,Cultural,disruptor,EVT-MED-1857,0.8484,0.7809,0.2321,0.3572,0.7191,0.9014,0.7214,13,0.7721,0.7976,0.7894,1.2499,1.25,1.25,true
CHR-MED-1858,Hierophant Rimush of Abbasid Caliphate,medieval,Mali Empire,West Africa,1349,1376,Religious,catalyst,EVT-MED-1858,0.8146,0.898,0.5148,0.5712,0.7794,0.688,0.8942,38,0.5584,0.8464,0.7625,1.1327,1.2406,1.1866,true
CHR-MED-1859,Senator Aurelius of Kamakura / Muromachi Japan,medieval,Khmer Empire,Southeast Asia,922,944,Political,stabilizer,EVT-MED-1859,0.6939,0.5588,0.7702,0.8421,0.6101,0.2037,0.5376,46,0.1808,0.6314,0.4909,0.8178,0.8477,0.7579,false
CHR-MED-1860,Master Sculptor Mazarin of Abbasid Caliphate,medieval,Classic Maya & Postclassic,Mesoamerica,578,608,Cultural,stabilizer,EVT-MED-1860,0.6731,0.7158,0.8387,0.757,0.6701,0.2772,0.5445,166,0.2601,0.6216,0.5277,0.8268,0.8571,0.7663,false
CHR-MED-1861,High Priest Chandra of Umayyad Caliphate (Al-Andalus),medieval,Kievan Rus,Eastern Europe,610,643,Religious,disruptor,EVT-MED-1861,0.8779,0.5769,0.4715,0.5039,0.7781,0.8688,0.8925,31,0.6825,0.8837,0.7646,1.2413,1.25,1.25,true
CHR-MED-1862,Master Sculptor Mursili of Khmer Empire,medieval,Mongol Empire / Ilkhanate,Eurasian Steppe,600,617,Cultural,architect,EVT-MED-1862,0.8789,0.6256,0.891,0.8907,0.5731,0.4376,0.5825,46,0.2734,0.7603,0.5689,0.837,0.8676,0.7757,false
CHR-MED-1863,Prefect Al-Mansur of Umayyad Caliphate (Al-Andalus),medieval,Chola Dynasty,South India,1208,1246,Political,stabilizer,EVT-MED-1863,0.8321,0.7245,0.8507,0.7314,0.5379,0.1732,0.6064,222,0.2209,0.7418,0.5427,0.8305,0.8609,0.7697,false
CHR-MED-1864,Chancellor Baldwin of Mongol Empire / Ilkhanate,medieval,Abbasid Caliphate,Middle East,1023,1062,Political,disruptor,EVT-MED-1864,0.6488,0.6935,0.2667,0.5252,0.906,0.9264,0.8152,31,0.7006,0.7154,0.7604,1.2399,1.25,1.25,true
CHR-MED-1865,Guild Master Labarna of Abbasid Caliphate,medieval,Kievan Rus,Eastern Europe,1313,1349,Economic,catalyst,EVT-MED-1865,0.6688,0.7384,0.6901,0.6802,0.9142,0.7763,0.8315,32,0.548,0.7339,0.7032,1.114,1.2201,1.1671,false
CHR-MED-1866,Vizier Ramesses of Tang Dynasty,medieval,Classic Maya & Postclassic,Mesoamerica,909,928,Political,wildcard,EVT-MED-1866,0.6226,0.8063,0.5849,0.6413,0.7323,0.6971,0.4369,62,0.5279,0.5483,0.616,1.0348,1.0865,1.1383,false
CHR-MED-1867,Chamberlain Nizam of Tang Dynasty,medieval,Kingdom of France,Western Europe,952,969,Economic,architect,EVT-MED-1867,0.8766,0.7348,0.7913,0.8089,0.6974,0.3583,0.5785,180,0.2747,0.7574,0.6049,0.8458,0.8768,0.7839,false
CHR-MED-1868,Physician Alexander of Holy Roman Empire,medieval,Abbasid Caliphate,Middle East,759,797,Scientific,catalyst,EVT-MED-1868,0.6817,0.799,0.6446,0.6578,0.7947,0.6233,0.8998,24,0.4828,0.769,0.6906,1.11,1.2158,1.1629,false
CHR-MED-1869,Cardinal Telepinu of Kingdom of France,medieval,Classic Maya & Postclassic,Mesoamerica,602,613,Religious,stabilizer,EVT-MED-1869,0.7723,0.5622,0.8195,0.7023,0.6192,0.1222,0.489,213,0.21,0.659,0.4949,0.8187,0.8487,0.7588,false
CHR-MED-1870,Cardinal Godfrey of Byzantine Empire,medieval,Kingdom of England,British Isles,532,543,Religious,architect,EVT-MED-1870,0.8901,0.7028,0.8611,0.7489,0.5696,0.393,0.6331,97,0.322,0.7873,0.5937,0.8431,0.8739,0.7814,false
CHR-MED-1871,Abbess Kheti of Mongol Empire / Ilkhanate,medieval,Abbasid Caliphate,Middle East,1184,1225,Religious,disruptor,EVT-MED-1871,0.7981,0.6518,0.2273,0.5204,0.7826,0.7519,0.731,34,0.6158,0.7713,0.7384,1.2322,1.25,1.25,false
CHR-MED-1872,Imam Hathor of Kingdom of England,medieval,Khmer Empire,Southeast Asia,633,644,Religious,architect,EVT-MED-1872,0.7497,0.8158,0.8549,0.8187,0.5911,0.2219,0.5733,114,0.2016,0.6791,0.5413,0.8302,0.8605,0.7694,false
CHR-MED-1873,High Priest Leonidas of Umayyad Caliphate (Al-Andalus),medieval,Kingdom of France,Western Europe,1109,1115,Religious,disruptor,EVT-MED-1873,0.7399,0.6948,0.3767,0.4437,0.7162,0.8827,0.745,23,0.7195,0.7419,0.7309,1.2297,1.25,1.25,false
CHR-MED-1874,Astronomer Justinian of Kievan Rus,medieval,Byzantine Empire,Eastern Mediterranean,929,954,Scientific,disruptor,EVT-MED-1874,0.7907,0.7415,0.4604,0.3537,0.7295,0.9056,0.8902,7,0.7759,0.8305,0.774,1.2445,1.25,1.25,true
CHR-MED-1875,Legate Kheti of Abbasid Caliphate,medieval,Tang Dynasty,East Asia,1208,1252,Military,architect,EVT-MED-1875,0.8633,0.8387,0.835,0.8996,0.53,0.2362,0.62,104,0.1683,0.766,0.5711,0.8375,0.8681,0.7762,false
CHR-MED-1876,Governor Telepinu of Tang Dynasty,medieval,Khmer Empire,Southeast Asia,748,784,Political,architect,EVT-MED-1876,0.7937,0.7594,0.863,0.8615,0.505,0.4238,0.731,134,0.2811,0.7686,0.5819,0.8402,0.8709,0.7787,false
CHR-MED-1877,Merchant Prince Song of Kingdom of England,medieval,Byzantine Empire,Eastern Mediterranean,783,824,Economic,disruptor,EVT-MED-1877,0.9122,0.5957,0.2309,0.5999,0.8282,0.738,0.7756,39,0.569,0.8576,0.7656,1.2416,1.25,1.25,true
CHR-MED-1878,Astronomer Chen of Tang Dynasty,medieval,Mongol Empire / Ilkhanate,Eurasian Steppe,850,871,Scientific,stabilizer,EVT-MED-1878,0.587,0.6418,0.8313,0.7678,0.5111,0.1423,0.5166,206,0.1872,0.5588,0.447,0.807,0.8365,0.75,false
CHR-MED-1879,Merchant Prince Hamilton of Kamakura / Muromachi Japan,medieval,Abbasid Caliphate,Middle East,573,579,Economic,architect,EVT-MED-1879,0.7684,0.68,0.8969,0.916,0.5463,0.3024,0.7377,86,0.1932,0.7561,0.5466,0.8315,0.8619,0.7706,false
CHR-MED-1880,Treasurer Friedrich of Kingdom of England,medieval,Kingdom of France,Western Europe,1456,1492,Economic,wildcard,EVT-MED-1880,0.5485,0.6293,0.2666,0.321,0.749,0.8422,0.5738,7,0.7606,0.5586,0.6636,1.0491,1.1015,1.154,false
CHR-MED-1881,Strategos Vikram of Kamakura / Muromachi Japan,medieval,Byzantine Empire,Eastern Mediterranean,775,796,Military,stabilizer,EVT-MED-1881,0.78,0.7681,0.7932,0.7314,0.6441,0.3215,0.4773,231,0.2951,0.6589,0.5608,0.8349,0.8655,0.7739,false
CHR-MED-1882,Polymath Labarna of Kamakura / Muromachi Japan,medieval,Mongol Empire / Ilkhanate,Eurasian Steppe,1262,1271,Scientific,stabilizer,EVT-MED-1882,0.633,0.5834,0.9311,0.7652,0.6237,0.3268,0.6287,118,0.2808,0.6313,0.5013,0.8203,0.8503,0.7603,false
CHR-MED-1883,Marshal Otto of Kievan Rus,medieval,Classic Maya & Postclassic,Mesoamerica,1049,1093,Military,architect,EVT-MED-1883,0.8358,0.7487,0.8562,0.8471,0.7479,0.319,0.6996,89,0.2359,0.7813,0.6083,0.8466,0.8776,0.7847,false
CHR-MED-1884,Astronomer Valdemar of Holy Roman Empire,medieval,Holy Roman Empire,Central Europe,1382,1409,Scientific,stabilizer,EVT-MED-1884,0.6211,0.6996,0.8446,0.7552,0.5746,0.3303,0.4365,96,0.2875,0.5473,0.4892,0.8173,0.8472,0.7575,false
CHR-MED-1885,Chronicler Al-Mansur of Khmer Empire,medieval,Classic Maya & Postclassic,Mesoamerica,513,539,Cultural,wildcard,EVT-MED-1885,0.774,0.4881,0.6046,0.4959,0.7591,0.2115,0.431,15,0.3578,0.6368,0.5417,1.0125,1.0631,1.1138,false
CHR-MED-1886,Prefect Kautilya of Khmer Empire,medieval,Kingdom of England,British Isles,1407,1416,Political,wildcard,EVT-MED-1886,0.4855,0.8374,0.4402,0.5551,0.7115,0.7698,0.6741,41,0.6074,0.5609,0.6485,1.0446,1.0968,1.149,false
CHR-MED-1887,Synod Envoy Belisarius of Khmer Empire,medieval,Byzantine Empire,Eastern Mediterranean,707,744,Religious,stabilizer,EVT-MED-1887,0.8407,0.7092,0.7799,0.6919,0.6741,0.1384,0.4801,226,0.2233,0.6965,0.5479,0.8318,0.8622,0.7709,false
CHR-MED-1888,Treasurer Tiglath of Kingdom of England,medieval,Tang Dynasty,East Asia,1372,1407,Economic,architect,EVT-MED-1888,0.8761,0.8239,0.8742,0.8769,0.7579,0.2961,0.6262,77,0.2096,0.7761,0.6134,0.8479,0.8789,0.7858,false
CHR-MED-1889,Archon Zhao of Mongol Empire / Ilkhanate,medieval,Kievan Rus,Eastern Europe,657,679,Political,wildcard,EVT-MED-1889,0.8825,0.679,0.221,0.703,0.2122,0.6692,0.7325,64,0.4831,0.8225,0.6573,1.0472,1.0996,1.1519,false
CHR-MED-1890,Mint Overseer Gao of Mali Empire,medieval,Umayyad Caliphate (Al-Andalus),Iberia / North Africa,775,788,Economic,wildcard,EVT-MED-1890,0.5569,0.413,0.5331,0.6719,0.2574,0.8019,0.649,23,0.565,0.5937,0.5205,1.0062,1.0565,1.1068,false
CHR-MED-1891,Hierophant Hathor of Khmer Empire,medieval,Holy Roman Empire,Central Europe,823,863,Religious,architect,EVT-MED-1891,0.9059,0.8521,0.8498,0.8044,0.5221,0.2038,0.7097,107,0.1997,0.8274,0.5944,0.8432,0.8741,0.7815,false
CHR-MED-1892,Admiral Richelieu of Tang Dynasty,medieval,Mali Empire,West Africa,544,557,Military,stabilizer,EVT-MED-1892,0.6722,0.6806,0.7922,0.7873,0.5263,0.2436,0.4881,109,0.2282,0.5986,0.4903,0.8176,0.8475,0.7578,false
CHR-MED-1893,Chamberlain Bradford of Chola Dynasty,medieval,Tang Dynasty,East Asia,1126,1153,Economic,disruptor,EVT-MED-1893,0.8428,0.6541,0.3319,0.5614,0.8894,0.9204,0.8185,41,0.6795,0.8331,0.7918,1.25,1.25,1.25,true
CHR-MED-1894,Geometer Li of Classic Maya & Postclassic,medieval,Byzantine Empire,Eastern Mediterranean,1072,1091,Scientific,catalyst,EVT-MED-1894,0.5765,0.6696,0.52,0.7791,0.8157,0.5069,0.893,57,0.3639,0.7031,0.6359,1.0928,1.1969,1.1449,false
CHR-MED-1895,Geometer Otto of Mongol Empire / Ilkhanate,medieval,Byzantine Empire,Eastern Mediterranean,947,983,Scientific,disruptor,EVT-MED-1895,0.7964,0.8044,0.4949,0.4909,0.8406,0.8683,0.8209,9,0.6887,0.8062,0.7752,1.2449,1.25,1.25,true
CHR-MED-1896,Chamberlain Rimush of Kingdom of France,medieval,Kingdom of France,Western Europe,1222,1232,Economic,catalyst,EVT-MED-1896,0.7893,0.7517,0.5512,0.6746,0.7414,0.6204,0.9379,49,0.4729,0.8487,0.7162,1.1181,1.2246,1.1713,false
CHR-MED-1897,Abbess Samudra of Kievan Rus,medieval,Kievan Rus,Eastern Europe,1101,1132,Religious,catalyst,EVT-MED-1897,0.6555,0.7299,0.7157,0.7534,0.9111,0.758,0.9095,60,0.5023,0.7571,0.7009,1.1133,1.2193,1.1663,false
CHR-MED-1898,Chamberlain Ashoka of Tang Dynasty,medieval,Tang Dynasty,East Asia,1294,1334,Economic,architect,EVT-MED-1898,0.869,0.754,0.7521,0.8089,0.7345,0.438,0.7807,24,0.3146,0.8337,0.6577,0.8588,0.8902,0.7959,false
CHR-MED-1899,Warlord Rimush of Song Dynasty,medieval,Kingdom of England,British Isles,876,892,Military,wildcard,EVT-MED-1899,0.8913,0.5213,0.506,0.2123,0.6726,0.4555,0.8865,50,0.6216,0.8894,0.692,1.0576,1.1105,1.1634,false
CHR-MED-1900,Abbess Hamilton of Abbasid Caliphate,medieval,Kievan Rus,Eastern Europe,1046,1085,Religious,stabilizer,EVT-MED-1900,0.5838,0.6058,0.8508,0.7606,0.6944,0.2994,0.4909,78,0.2694,0.5467,0.4864,0.8167,0.8465,0.7569,false
CHR-MED-1901,Metallurgist Qian of Tang Dynasty,medieval,Mali Empire,West Africa,995,1025,Scientific,catalyst,EVT-MED-1901,0.5459,0.69,0.4609,0.6094,0.7761,0.5344,0.9108,41,0.4625,0.6918,0.6466,1.0962,1.2006,1.1484,false
CHR-MED-1902,Treasurer Belisarius of Khmer Empire,medieval,Classic Maya & Postclassic,Mesoamerica,683,696,Economic,catalyst,EVT-MED-1902,0.5462,0.7967,0.5193,0.7357,0.8742,0.7777,0.7687,26,0.521,0.6352,0.6804,1.1068,1.2122,1.1595,false
CHR-MED-1903,Warlord Kheti of Chola Dynasty,medieval,Holy Roman Empire,Central Europe,653,678,Military,disruptor,EVT-MED-1903,0.8237,0.6285,0.4911,0.3429,0.7506,0.9211,0.8879,34,0.7891,0.8494,0.7679,1.2424,1.25,1.25,true
CHR-MED-1904,Poet Laureate Wilhelm of Umayyad Caliphate (Al-Andalus),medieval,Song Dynasty,East Asia,859,864,Cultural,stabilizer,EVT-MED-1904,0.691,0.5931,0.7275,0.8143,0.6752,0.1584,0.5616,163,0.1721,0.6393,0.5075,0.8219,0.8519,0.7617,false
CHR-MED-1905,Cardinal Kheti of Kievan Rus,medieval,Tang Dynasty,East Asia,1468,1500,Religious,disruptor,EVT-MED-1905,0.8513,0.5594,0.3956,0.3419,0.7629,0.8896,0.8403,11,0.7739,0.8469,0.764,1.2411,1.25,1.25,true
CHR-MED-1906,Archon Constantine of Classic Maya & Postclassic,medieval,Kievan Rus,Eastern Europe,701,713,Political,stabilizer,EVT-MED-1906,0.7427,0.6221,0.8307,0.8357,0.5704,0.3455,0.6766,214,0.2549,0.7163,0.543,0.8306,0.861,0.7698,false
CHR-MED-1907,Mint Overseer Richelieu of Abbasid Caliphate,medieval,Kievan Rus,Eastern Europe,569,604,Economic,architect,EVT-MED-1907,0.7059,0.6675,0.7333,0.7004,0.7432,0.1981,0.6311,129,0.2489,0.676,0.5541,0.8333,0.8638,0.7723,false
CHR-MED-1908,Guild Master Ashoka of Mali Empire,medieval,Kamakura / Muromachi Japan,East Asia,768,794,Economic,wildcard,EVT-MED-1908,0.4422,0.6423,0.6547,0.304,0.2355,0.6047,0.5309,15,0.6503,0.4777,0.4819,0.9946,1.0443,1.094,false
CHR-MED-1909,Abbess Leonidas of Classic Maya & Postclassic,medieval,Classic Maya & Postclassic,Mesoamerica,1453,1467,Religious,architect,EVT-MED-1909,0.788,0.8192,0.8136,0.8693,0.6004,0.3462,0.5681,73,0.2385,0.7001,0.5723,0.8378,0.8684,0.7765,false
CHR-MED-1910,Consul Saladin of Classic Maya & Postclassic,medieval,Byzantine Empire,Eastern Mediterranean,1082,1117,Political,architect,EVT-MED-1910,0.8661,0.6756,0.8898,0.7486,0.5249,0.2378,0.576,180,0.2446,0.7501,0.5423,0.8304,0.8608,0.7696,false
CHR-MED-1911,Merchant Prince Song of Byzantine Empire,medieval,Holy Roman Empire,Central Europe,1159,1187,Economic,architect,EVT-MED-1911,0.8157,0.7434,0.7269,0.7889,0.7395,0.2113,0.7458,105,0.2112,0.7877,0.6078,0.8465,0.8775,0.7846,false
CHR-MED-1912,Physician Gao of Classic Maya & Postclassic,medieval,Song Dynasty,East Asia,1123,1147,Scientific,architect,EVT-MED-1912,0.7237,0.6196,0.779,0.745,0.747,0.3091,0.5881,63,0.282,0.6695,0.5553,0.8336,0.8641,0.7726,false
CHR-MED-1913,Rhetorician Harsha of Byzantine Empire,medieval,Kingdom of England,British Isles,1118,1124,Cultural,wildcard,EVT-MED-1913,0.4376,0.6806,0.3128,0.248,0.4081,0.154,0.4757,12,0.453,0.4528,0.4735,0.992,1.0416,1.0912,false
CHR-MED-1914,Customs Director Puduhepa of Umayyad Caliphate (Al-Andalus),medieval,Kievan Rus,Eastern Europe,821,833,Economic,architect,EVT-MED-1914,0.8126,0.6628,0.8212,0.8365,0.6567,0.1835,0.8198,57,0.1735,0.8155,0.5776,0.8391,0.8698,0.7777,false
CHR-MED-1915,Consul Godfrey of Umayyad Caliphate (Al-Andalus),medieval,Byzantine Empire,Eastern Mediterranean,1234,1272,Political,disruptor,EVT-MED-1915,0.6123,0.8424,0.4224,0.3574,0.8357,0.7965,0.762,20,0.7195,0.6722,0.7285,1.2288,1.25,1.25,false
CHR-MED-1916,Consul Chen of Mongol Empire / Ilkhanate,medieval,Umayyad Caliphate (Al-Andalus),Iberia / North Africa,551,567,Political,wildcard,EVT-MED-1916,0.6331,0.5944,0.477,0.2624,0.249,0.258,0.5138,41,0.4978,0.5854,0.4897,0.9969,1.0468,1.0966,false
CHR-MED-1917,Syndic Adams of Classic Maya & Postclassic,medieval,Abbasid Caliphate,Middle East,875,880,Economic,architect,EVT-MED-1917,0.707,0.8037,0.7022,0.9112,0.5394,0.3237,0.7063,145,0.2063,0.7067,0.5669,0.8365,0.8671,0.7753,false
CHR-MED-1918,Imam Friedrich of Kievan Rus,medieval,Byzantine Empire,Eastern Mediterranean,1134,1139,Religious,disruptor,EVT-MED-1918,0.6426,0.5475,0.4808,0.4625,0.7528,0.6511,0.8004,19,0.5943,0.7058,0.6522,1.2025,1.25,1.25,false
CHR-MED-1919,Centurion Sargon of Kingdom of England,medieval,Umayyad Caliphate (Al-Andalus),Iberia / North Africa,839,866,Military,stabilizer,EVT-MED-1919,0.8227,0.7219,0.898,0.7277,0.5901,0.3207,0.4278,128,0.2965,0.6647,0.5386,0.8295,0.8598,0.7688,false
CHR-MED-1920,Abbess Imhotep of Holy Roman Empire,medieval,Byzantine Empire,Eastern Mediterranean,882,910,Religious,disruptor,EVT-MED-1920,0.7412,0.8331,0.2196,0.4918,0.8442,0.7785,0.9082,47,0.6434,0.808,0.7933,1.25,1.25,1.25,true
CHR-MED-1921,Marshal Samsi-Adad of Song Dynasty,medieval,Kamakura / Muromachi Japan,East Asia,1384,1402,Military,stabilizer,EVT-MED-1921,0.8423,0.5885,0.9054,0.8166,0.4689,0.122,0.519,191,0.1527,0.713,0.484,0.8161,0.8459,0.7563,false
CHR-MED-1922,Master Sculptor Li of Byzantine Empire,medieval,Classic Maya & Postclassic,Mesoamerica,523,568,Cultural,stabilizer,EVT-MED-1922,0.7754,0.61,0.7685,0.7743,0.6027,0.1342,0.6775,107,0.18,0.7362,0.5319,0.8279,0.8581,0.7673,false
CHR-MED-1923,Imam Song of Classic Maya & Postclassic,medieval,Classic Maya & Postclassic,Mesoamerica,1247,1256,Religious,stabilizer,EVT-MED-1923,0.8178,0.7844,0.9242,0.6912,0.6471,0.1677,0.4556,135,0.2383,0.6729,0.5357,0.8288,0.8591,0.7681,false
CHR-MED-1924,Chronicler Alexander of Mongol Empire / Ilkhanate,medieval,Kingdom of France,Western Europe,1234,1248,Cultural,stabilizer,EVT-MED-1924,0.5999,0.7547,0.7602,0.7578,0.5947,0.1894,0.4907,176,0.2158,0.5562,0.4905,0.8177,0.8476,0.7578,false
CHR-MED-1925,Pontiff Rimush of Kingdom of France,medieval,Kievan Rus,Eastern Europe,594,618,Religious,wildcard,EVT-MED-1925,0.7286,0.532,0.4466,0.515,0.609,0.4993,0.4075,59,0.4922,0.6002,0.5689,1.0207,1.0717,1.1227,false
CHR-MED-1926,High Priest Sumner of Mali Empire,medieval,Kievan Rus,Eastern Europe,695,704,Religious,disruptor,EVT-MED-1926,0.6078,0.5079,0.3535,0.5297,0.844,0.7439,0.7451,31,0.6071,0.6627,0.6663,1.2074,1.25,1.25,false
CHR-MED-1927,Dramatist Harsha of Mali Empire,medieval,Umayyad Caliphate (Al-Andalus),Iberia / North Africa,1024,1030,Cultural,architect,EVT-MED-1927,0.8953,0.6773,0.8283,0.7446,0.5998,0.3639,0.6642,68,0.3096,0.8028,0.5995,0.8445,0.8754,0.7827,false
CHR-MED-1928,Strategos Ramesses of Mongol Empire / Ilkhanate,medieval,Mali Empire,West Africa,974,994,Military,architect,EVT-MED-1928,0.8435,0.7962,0.7558,0.8657,0.6467,0.1868,0.7143,39,0.1606,0.7918,0.5936,0.843,0.8739,0.7813,false
CHR-MED-1929,Chamberlain Saladin of Kievan Rus,medieval,Mali Empire,West Africa,642,652,Economic,disruptor,EVT-MED-1929,0.8873,0.5107,0.2968,0.4467,0.8392,0.7448,0.9417,43,0.6491,0.909,0.7753,1.245,1.25,1.25,true
CHR-MED-1930,Chamberlain Tariq of Tang Dynasty,medieval,Umayyad Caliphate (Al-Andalus),Iberia / North Africa,645,676,Economic,disruptor,EVT-MED-1930,0.9086,0.5765,0.4288,0.4279,0.7435,0.6902,0.7354,31,0.6312,0.8393,0.7247,1.2275,1.25,1.25,false
CHR-MED-1931,Vizier Adams of Kievan Rus,medieval,Mali Empire,West Africa,953,964,Political,architect,EVT-MED-1931,0.6928,0.7403,0.8821,0.8121,0.6805,0.3777,0.8126,172,0.2828,0.7407,0.5861,0.8412,0.8719,0.7796,false
CHR-MED-1932,Viceroy Tiglath of Chola Dynasty,medieval,Abbasid Caliphate,Middle East,699,721,Political,stabilizer,EVT-MED-1932,0.8017,0.6644,0.7708,0.7059,0.4761,0.143,0.5825,218,0.2185,0.714,0.5179,0.8244,0.8546,0.7641,false
CHR-MED-1933,Alchemist Necker of Kamakura / Muromachi Japan,medieval,Mongol Empire / Ilkhanate,Eurasian Steppe,955,970,Scientific,stabilizer,EVT-MED-1933,0.6512,0.569,0.8881,0.7152,0.6658,0.1254,0.6735,81,0.2051,0.6601,0.4933,0.8183,0.8483,0.7585,false
CHR-MED-1934,Metallurgist Harun of Byzantine Empire,medieval,Kievan Rus,Eastern Europe,603,611,Scientific,catalyst,EVT-MED-1934,0.6331,0.8697,0.5208,0.5563,0.8861,0.5026,0.8216,19,0.4731,0.7085,0.6904,1.11,1.2157,1.1628,false
CHR-MED-1935,Mint Overseer Li of Tang Dynasty,medieval,Khmer Empire,Southeast Asia,1077,1104,Economic,stabilizer,EVT-MED-1935,0.5954,0.7151,0.8925,0.6927,0.5207,0.1314,0.4833,206,0.2194,0.5506,0.4525,0.8083,0.8379,0.75,false
CHR-MED-1936,Alchemist Rimush of Holy Roman Empire,medieval,Chola Dynasty,South India,1254,1298,Scientific,disruptor,EVT-MED-1936,0.6443,0.5699,0.4485,0.3521,0.7656,0.733,0.8918,47,0.6904,0.7433,0.6927,1.2165,1.25,1.25,false
CHR-MED-1937,Pontiff Suppiluliuma of Mali Empire,medieval,Tang Dynasty,East Asia,1209,1214,Religious,disruptor,EVT-MED-1937,0.6131,0.7358,0.4004,0.3413,0.9008,0.7805,0.7798,19,0.7196,0.6798,0.7257,1.2279,1.25,1.25,false
CHR-MED-1938,Arch-Engineer Labarna of Kingdom of France,medieval,Kingdom of France,Western Europe,1042,1056,Scientific,catalyst,EVT-MED-1938,0.8167,0.6616,0.6307,0.6675,0.9012,0.5332,0.7768,25,0.4328,0.8008,0.6886,1.1094,1.2151,1.1623,false
CHR-MED-1939,Master Sculptor Sargon of Mali Empire,medieval,Kingdom of France,Western Europe,700,727,Cultural,catalyst,EVT-MED-1939,0.5901,0.664,0.6427,0.5924,0.7547,0.6499,0.7236,38,0.5287,0.6435,0.6225,1.0886,1.1923,1.1404,false
CHR-MED-1940,Warlord Labarna of Abbasid Caliphate,medieval,Holy Roman Empire,Central Europe,772,814,Military,wildcard,EVT-MED-1940,0.711,0.4938,0.2495,0.5548,0.3238,0.5397,0.5567,37,0.4924,0.6493,0.5622,1.0186,1.0696,1.1205,false
CHR-MED-1941,Merchant Prince Ashoka of Khmer Empire,medieval,Abbasid Caliphate,Middle East,1321,1361,Economic,disruptor,EVT-MED-1941,0.7555,0.5861,0.4836,0.5049,0.9204,0.8342,0.7358,42,0.6647,0.7476,0.7267,1.2282,1.25,1.25,false
CHR-MED-1942,Chamberlain Dara of Mongol Empire / Ilkhanate,medieval,Chola Dynasty,South India,712,718,Economic,wildcard,EVT-MED-1942,0.5086,0.5461,0.524,0.6815,0.3228,0.5159,0.7212,24,0.4172,0.5936,0.5066,1.002,1.0521,1.1022,false
CHR-MED-1943,Prefect Lafayette of Abbasid Caliphate,medieval,Kamakura / Muromachi Japan,East Asia,1344,1377,Political,stabilizer,EVT-MED-1943,0.7848,0.6058,0.7455,0.7848,0.5446,0.2317,0.4911,225,0.2234,0.6673,0.5134,0.8233,0.8534,0.7631,false
CHR-MED-1944,Warlord Leonidas of Chola Dynasty,medieval,Song Dynasty,East Asia,590,611,Military,architect,EVT-MED-1944,0.7977,0.6928,0.8634,0.8648,0.5927,0.2315,0.6059,160,0.1833,0.721,0.5383,0.8294,0.8598,0.7687,false
CHR-MED-1945,Cardinal Mursili of Classic Maya & Postclassic,medieval,Umayyad Caliphate (Al-Andalus),Iberia / North Africa,1460,1486,Religious,disruptor,EVT-MED-1945,0.6124,0.6631,0.4532,0.4383,0.9134,0.9121,0.7206,42,0.7369,0.6557,0.7172,1.2249,1.25,1.25,false
CHR-MED-1946,Patriarch Eleanor of Byzantine Empire,medieval,Tang Dynasty,East Asia,581,618,Religious,catalyst,EVT-MED-1946,0.8079,0.811,0.5577,0.5905,0.9482,0.5833,0.9066,47,0.4964,0.8474,0.754,1.13,1.2376,1.1838,true
CHR-MED-1947,Hierophant Sumner of Mali Empire,medieval,Kingdom of England,British Isles,834,873,Religious,architect,EVT-MED-1947,0.8295,0.8724,0.6968,0.8696,0.5968,0.2425,0.5981,37,0.1864,0.7369,0.5907,0.8423,0.8731,0.7807,false
CHR-MED-1948,Merchant Prince Hamilton of Khmer Empire,medieval,Kievan Rus,Eastern Europe,1306,1344,Economic,wildcard,EVT-MED-1948,0.5955,0.4459,0.4286,0.782,0.4447,0.6257,0.6049,58,0.4219,0.5992,0.5351,1.0105,1.0611,1.1116,false
CHR-MED-1949,Customs Director Colbert of Kingdom of England,medieval,Chola Dynasty,South India,1051,1093,Economic,architect,EVT-MED-1949,0.8156,0.6719,0.8644,0.7926,0.7026,0.39,0.7887,104,0.2987,0.8048,0.6108,0.8473,0.8783,0.7853,false
CHR-MED-1950,Astronomer Leonidas of Holy Roman Empire,medieval,Kamakura / Muromachi Japan,East Asia,876,921,Scientific,stabilizer,EVT-MED-1950,0.6717,0.7101,0.7461,0.7144,0.5789,0.2208,0.5718,109,0.2532,0.6317,0.5198,0.8249,0.8551,0.7645,false
CHR-MED-1951,Scribe Khaldun of Kingdom of France,medieval,Classic Maya & Postclassic,Mesoamerica,1185,1191,Cultural,disruptor,EVT-MED-1951,0.7494,0.6218,0.4068,0.3711,0.8706,0.7991,0.7457,22,0.714,0.7479,0.7337,1.2306,1.25,1.25,false
CHR-MED-1952,Philosopher Khaldun of Chola Dynasty,medieval,Kingdom of England,British Isles,807,843,Cultural,catalyst,EVT-MED-1952,0.7857,0.9143,0.7478,0.7578,0.7819,0.7211,0.7442,19,0.4817,0.7691,0.708,1.1155,1.2218,1.1686,false
CHR-MED-1953,Poet Laureate Sherman of Chola Dynasty,medieval,Kievan Rus,Eastern Europe,755,770,Cultural,stabilizer,EVT-MED-1953,0.6418,0.7477,0.8902,0.8913,0.6367,0.1521,0.62,103,0.1304,0.6331,0.5003,0.8201,0.8501,0.7601,false
CHR-MED-1954,Pontiff Sumner of Khmer Empire,medieval,Tang Dynasty,East Asia,1087,1109,Religious,architect,EVT-MED-1954,0.8426,0.8129,0.7815,0.8139,0.5912,0.3342,0.7627,61,0.2601,0.8106,0.617,0.8488,0.8798,0.7867,false
CHR-MED-1955,Polymath Wilhelm of Classic Maya & Postclassic,medieval,Tang Dynasty,East Asia,715,744,Scientific,architect,EVT-MED-1955,0.8448,0.7811,0.7234,0.9123,0.5752,0.2397,0.7694,87,0.1637,0.8147,0.5981,0.8441,0.875,0.7824,false
CHR-MED-1956,Guild Master Hamilton of Umayyad Caliphate (Al-Andalus),medieval,Khmer Empire,Southeast Asia,1169,1180,Economic,architect,EVT-MED-1956,0.6613,0.6149,0.8126,0.7987,0.5565,0.3087,0.5616,42,0.255,0.6214,0.5004,0.8201,0.8501,0.7601,false
CHR-MED-1957,Chamberlain Theodosius of Mongol Empire / Ilkhanate,medieval,Khmer Empire,Southeast Asia,1478,1500,Economic,stabilizer,EVT-MED-1957,0.6298,0.6728,0.851,0.7763,0.557,0.1253,0.4092,41,0.1745,0.5416,0.4482,0.8073,0.8368,0.75,false
CHR-MED-1958,Customs Director Ashoka of Umayyad Caliphate (Al-Andalus),medieval,Mali Empire,West Africa,949,956,Economic,disruptor,EVT-MED-1958,0.8441,0.6545,0.2633,0.4139,0.7602,0.9215,0.8452,34,0.7538,0.8445,0.7912,1.25,1.25,1.25,true
CHR-MED-1959,Physician Puduhepa of Tang Dynasty,medieval,Song Dynasty,East Asia,947,957,Scientific,catalyst,EVT-MED-1959,0.6523,0.7625,0.5554,0.7313,0.7738,0.6572,0.7588,12,0.463,0.6949,0.6638,1.1016,1.2065,1.1541,false
CHR-MED-1960,Master Sculptor Lafayette of Holy Roman Empire,medieval,Mongol Empire / Ilkhanate,Eurasian Steppe,772,781,Cultural,stabilizer,EVT-MED-1960,0.6009,0.5562,0.8806,0.8462,0.604,0.1284,0.6096,59,0.1411,0.6044,0.4546,0.8088,0.8384,0.75,false
CHR-MED-1961,Minister Dara of Mali Empire,medieval,Holy Roman Empire,Central Europe,1414,1450,Political,disruptor,EVT-MED-1961,0.6111,0.5108,0.3761,0.5067,0.8306,0.8722,0.7681,30,0.6828,0.6739,0.6871,1.2145,1.25,1.25,false
CHR-MED-1962,Guild Master Kautilya of Mongol Empire / Ilkhanate,medieval,Song Dynasty,East Asia,1429,1441,Economic,architect,EVT-MED-1962,0.6922,0.7173,0.7651,0.8609,0.5918,0.4004,0.6047,47,0.2698,0.6572,0.5506,0.8325,0.8629,0.7715,false
CHR-MED-1963,Metallurgist Enheduanna of Classic Maya & Postclassic,medieval,Mongol Empire / Ilkhanate,Eurasian Steppe,691,713,Scientific,catalyst,EVT-MED-1963,0.7773,0.7732,0.7443,0.6561,0.9404,0.4668,0.845,27,0.4054,0.8044,0.6909,1.1101,1.2159,1.163,false
CHR-MED-1964,Imam Eleanor of Khmer Empire,medieval,Kingdom of England,British Isles,1200,1206,Religious,stabilizer,EVT-MED-1964,0.7119,0.7386,0.7328,0.7291,0.5012,0.3398,0.488,200,0.3054,0.6223,0.5284,0.827,0.8572,0.7665,false
CHR-MED-1965,Viceroy Tiglath of Holy Roman Empire,medieval,Tang Dynasty,East Asia,977,1005,Political,wildcard,EVT-MED-1965,0.6862,0.5161,0.2313,0.3835,0.2224,0.75,0.4568,18,0.6832,0.5945,0.571,1.0213,1.0724,1.1234,false
CHR-MED-1966,Customs Director Dara of Holy Roman Empire,medieval,Classic Maya & Postclassic,Mesoamerica,784,800,Economic,disruptor,EVT-MED-1966,0.6716,0.7373,0.3081,0.4461,0.926,0.9292,0.8324,27,0.7416,0.7359,0.7785,1.2461,1.25,1.25,true
CHR-MED-1967,Strategos Al-Mansur of Chola Dynasty,medieval,Chola Dynasty,South India,977,1005,Military,disruptor,EVT-MED-1967,0.712,0.7845,0.2667,0.3435,0.7179,0.7333,0.8017,33,0.6949,0.7479,0.7398,1.2327,1.25,1.25,false
CHR-MED-1968,Commander Samsi-Adad of Holy Roman Empire,medieval,Song Dynasty,East Asia,1325,1351,Military,catalyst,EVT-MED-1968,0.5047,0.7451,0.6066,0.6652,0.9294,0.7945,0.7005,16,0.5647,0.583,0.6577,1.0997,1.2044,1.152,false
CHR-MED-1969,Centurion Tiglath of Byzantine Empire,medieval,Khmer Empire,Southeast Asia,826,856,Military,catalyst,EVT-MED-1969,0.7746,0.8035,0.4793,0.7501,0.7704,0.5148,0.9035,31,0.3823,0.8262,0.707,1.1152,1.2214,1.1683,false
CHR-MED-1970,Syndic Nizam of Kingdom of England,medieval,Byzantine Empire,Eastern Mediterranean,1459,1470,Economic,stabilizer,EVT-MED-1970,0.6357,0.6636,0.8543,0.6826,0.5842,0.1486,0.4578,194,0.233,0.5645,0.4675,0.812,0.8417,0.7526,false
CHR-MED-1971,Alchemist Narmer of Abbasid Caliphate,medieval,Byzantine Empire,Eastern Mediterranean,1108,1148,Scientific,architect,EVT-MED-1971,0.7886,0.8197,0.7691,0.9101,0.6271,0.2393,0.5915,122,0.1646,0.7098,0.5664,0.8363,0.8669,0.7751,false
CHR-MED-1972,Syndic Eleanor of Abbasid Caliphate,medieval,Kievan Rus,Eastern Europe,1253,1278,Economic,stabilizer,EVT-MED-1972,0.7542,0.5946,0.7874,0.7874,0.6813,0.1486,0.491,68,0.1806,0.6489,0.5078,0.8219,0.852,0.7618,false
CHR-MED-1973,Rhetorician Seneb of Holy Roman Empire,medieval,Umayyad Caliphate (Al-Andalus),Iberia / North Africa,880,898,Cultural,wildcard,EVT-MED-1973,0.4954,0.4312,0.4106,0.6322,0.578,0.7018,0.7641,65,0.5348,0.6029,0.5724,1.0217,1.0728,1.1239,false
CHR-MED-1974,Cardinal Suppiluliuma of Holy Roman Empire,medieval,Holy Roman Empire,Central Europe,1220,1256,Religious,stabilizer,EVT-MED-1974,0.7894,0.6083,0.7233,0.8218,0.461,0.2403,0.5554,84,0.2093,0.6958,0.5137,0.8234,0.8535,0.7631,false
CHR-MED-1975,Philosopher Ashoka of Byzantine Empire,medieval,Abbasid Caliphate,Middle East,634,675,Cultural,disruptor,EVT-MED-1975,0.7307,0.8216,0.2619,0.5509,0.7588,0.6688,0.9587,10,0.5589,0.8219,0.7601,1.2397,1.25,1.25,true
CHR-MED-1976,Arch-Engineer Tiglath of Mali Empire,medieval,Byzantine Empire,Eastern Mediterranean,1335,1342,Scientific,wildcard,EVT-MED-1976,0.7097,0.7717,0.6574,0.4008,0.6493,0.5881,0.423,31,0.5936,0.595,0.6065,1.0319,1.0835,1.1351,false
CHR-MED-1977,Strategos Kheti of Umayyad Caliphate (Al-Andalus),medieval,Classic Maya & Postclassic,Mesoamerica,1308,1329,Military,disruptor,EVT-MED-1977,0.6428,0.7754,0.3256,0.5076,0.9191,0.944,0.7991,33,0.7182,0.7053,0.7684,1.2426,1.25,1.25,true
CHR-MED-1978,Strategos Hammurabi of Kingdom of France,medieval,Kingdom of France,Western Europe,1033,1053,Military,disruptor,EVT-MED-1978,0.8719,0.7624,0.3953,0.503,0.8231,0.8009,0.9363,24,0.649,0.8976,0.8017,1.25,1.25,1.25,true
CHR-MED-1979,Guild Master Richelieu of Song Dynasty,medieval,Chola Dynasty,South India,1326,1351,Economic,disruptor,EVT-MED-1979,0.6268,0.505,0.3425,0.3669,0.8987,0.7233,0.7352,13,0.6782,0.6701,0.6834,1.2133,1.25,1.25,false
CHR-MED-1980,High Priest Tariq of Kingdom of England,medieval,Kamakura / Muromachi Japan,East Asia,1182,1212,Religious,catalyst,EVT-MED-1980,0.6364,0.7061,0.6973,0.6511,0.9273,0.7966,0.7426,36,0.5728,0.6788,0.6827,1.1076,1.213,1.1603,false
CHR-MED-1981,Abbess Zhao of Byzantine Empire,medieval,Kingdom of France,Western Europe,549,585,Religious,stabilizer,EVT-MED-1981,0.7026,0.6412,0.8231,0.7629,0.4771,0.1946,0.5338,214,0.2159,0.635,0.4822,0.8156,0.8455,0.7559,false
CHR-MED-1982,Synod Envoy Adams of Kingdom of France,medieval,Khmer Empire,Southeast Asia,1126,1153,Religious,wildcard,EVT-MED-1982,0.562,0.8446,0.5737,0.3599,0.33,0.6329,0.8417,15,0.6365,0.6739,0.6125,1.0338,1.0854,1.1371,false
CHR-MED-1983,Poet Laureate Theodosius of Byzantine Empire,medieval,Mongol Empire / Ilkhanate,Eurasian Steppe,1253,1287,Cultural,stabilizer,EVT-MED-1983,0.5934,0.5795,0.7823,0.7612,0.6407,0.2244,0.6267,78,0.2316,0.6067,0.4928,0.8182,0.8482,0.7583,false
CHR-MED-1984,Synod Envoy Saladin of Kingdom of France,medieval,Kamakura / Muromachi Japan,East Asia,654,692,Religious,stabilizer,EVT-MED-1984,0.7974,0.6454,0.759,0.7795,0.5745,0.3428,0.6749,111,0.2816,0.7484,0.5701,0.8372,0.8679,0.776,false
CHR-MED-1985,Metallurgist Labarna of Classic Maya & Postclassic,medieval,Holy Roman Empire,Central Europe,1235,1267,Scientific,architect,EVT-MED-1985,0.7142,0.6192,0.7704,0.7784,0.6491,0.3511,0.6168,37,0.2864,0.6753,0.548,0.8318,0.8622,0.7709,false
CHR-MED-1986,Chamberlain Theodosius of Umayyad Caliphate (Al-Andalus),medieval,Abbasid Caliphate,Middle East,988,1032,Economic,disruptor,EVT-MED-1986,0.8736,0.5656,0.4759,0.5031,0.8834,0.938,0.8133,25,0.7174,0.8495,0.7757,1.2451,1.25,1.25,true
CHR-MED-1987,Commander Hathor of Song Dynasty,medieval,Umayyad Caliphate (Al-Andalus),Iberia / North Africa,706,746,Military,disruptor,EVT-MED-1987,0.9394,0.6848,0.2251,0.5567,0.7049,0.8389,0.9442,39,0.6411,0.9413,0.8104,1.25,1.25,1.25,true
CHR-MED-1988,Master Sculptor Theodosius of Kievan Rus,medieval,Byzantine Empire,Eastern Mediterranean,840,865,Cultural,stabilizer,EVT-MED-1988,0.7812,0.7313,0.7395,0.7399,0.6183,0.2492,0.6722,69,0.2546,0.7376,0.575,0.8385,0.8691,0.7771,false
CHR-MED-1989,Imam Puduhepa of Khmer Empire,medieval,Kamakura / Muromachi Japan,East Asia,1314,1339,Religious,catalyst,EVT-MED-1989,0.7482,0.7369,0.5146,0.7731,0.8704,0.7904,0.9314,60,0.5087,0.8215,0.7463,1.1276,1.235,1.1813,false
CHR-MED-1990,General Talleyrand of Holy Roman Empire,medieval,Kamakura / Muromachi Japan,East Asia,1341,1374,Military,disruptor,EVT-MED-1990,0.8675,0.7903,0.4841,0.4665,0.9277,0.7817,0.8532,32,0.6576,0.8618,0.7981,1.25,1.25,1.25,true
CHR-MED-1991,Commander Hamilton of Holy Roman Empire,medieval,Tang Dynasty,East Asia,1208,1236,Military,stabilizer,EVT-MED-1991,0.7861,0.7481,0.8199,0.8503,0.6236,0.3408,0.5083,194,0.2452,0.675,0.5551,0.8336,0.8641,0.7726,false
CHR-MED-1992,High Priest Qian of Kingdom of France,medieval,Mongol Empire / Ilkhanate,Eurasian Steppe,1108,1146,Religious,catalyst,EVT-MED-1992,0.6555,0.8793,0.748,0.5613,0.92,0.4573,0.9187,26,0.448,0.7608,0.6873,1.109,1.2146,1.1618,false
CHR-MED-1993,Senator Enheduanna of Holy Roman Empire,medieval,Song Dynasty,East Asia,954,999,Political,catalyst,EVT-MED-1993,0.6981,0.8652,0.4889,0.7637,0.7723,0.6789,0.7487,40,0.4576,0.7183,0.6972,1.1121,1.218,1.1651,false
CHR-MED-1994,Chancellor Seneb of Tang Dynasty,medieval,Tang Dynasty,East Asia,1179,1223,Political,architect,EVT-MED-1994,0.6866,0.7822,0.8654,0.7458,0.7238,0.3158,0.7579,47,0.285,0.7151,0.5848,0.8409,0.8716,0.7793,false
CHR-MED-1995,Pontiff Song of Khmer Empire,medieval,Kingdom of England,British Isles,582,611,Religious,wildcard,EVT-MED-1995,0.7036,0.7044,0.3188,0.4257,0.3089,0.7683,0.5839,22,0.6713,0.6557,0.6276,1.0383,1.0902,1.1421,false
CHR-MED-1996,Scribe Wilhelm of Kingdom of England,medieval,Kamakura / Muromachi Japan,East Asia,1068,1079,Cultural,wildcard,EVT-MED-1996,0.6583,0.6571,0.4956,0.3092,0.7065,0.7425,0.8059,35,0.7167,0.7173,0.6864,1.0559,1.1087,1.1615,false
CHR-MED-1997,Polymath Cao of Byzantine Empire,medieval,Chola Dynasty,South India,567,575,Scientific,wildcard,EVT-MED-1997,0.685,0.5584,0.5404,0.3176,0.3675,0.3191,0.7945,8,0.5007,0.7288,0.5573,1.0172,1.068,1.1189,false
CHR-MED-1998,Treasurer Thutmose of Abbasid Caliphate,medieval,Kingdom of France,Western Europe,732,749,Economic,disruptor,EVT-MED-1998,0.6036,0.7228,0.2117,0.4428,0.879,0.8834,0.8811,43,0.7203,0.7146,0.7625,1.2406,1.25,1.25,true
CHR-MED-1999,Commander Otto of Kingdom of England,medieval,Song Dynasty,East Asia,844,850,Military,stabilizer,EVT-MED-1999,0.8306,0.6313,0.8702,0.8143,0.4672,0.1403,0.4917,162,0.163,0.695,0.4895,0.8174,0.8473,0.7576,false
CHR-MED-2000,High Priest Harsha of Kievan Rus,medieval,Khmer Empire,Southeast Asia,579,591,Religious,wildcard,EVT-MED-2000,0.6881,0.4149,0.6125,0.3923,0.4241,0.703,0.868,40,0.6553,0.7601,0.6027,1.0308,1.0823,1.1339,false
