event_id,name,year,epoch,category,region,civilization,primary_actor_id,gdp_per_capita_usd,gini_inequality,political_event_density,historical_epoch_score_E,average_income_score,literacy_rate_pct,social_range_score_S,life_expectancy_years,birth_rate_per_1000,age_range_score_A,population_density_sqkm,urbanization_rate_pct,population_range_score_P,cth_before,cth_prelude,cth_during,cth_transition,cth_after,cth_global,delta_cth,black_swan_index,evei,ultra_cth,prediction,certainty_bracket,alphabreak,recommend_anchor,foundation_risk,dynamics_risk,chaos_risk,temporal_risk,butterfly_risk,mule_clause_active
EVT-MED-0001,Palatial Collapse of Kievan Rus,601,medieval,collapse,Eastern Europe,Kievan Rus,CHR-MED-0001,1075.1,0.632,0.353,0.572,0.819,13.7,0.478,28.9,39.8,0.3346,64,14,0.371,0.5827,0.4752,0.2252,0.2731,0.2808,0.3674,-0.3019,0.7589,0.7751,0.585889,CMN,BRACKET_BASE,false,true,0.6167962800000001,0.38874427999999994,0.5770588200000001,,0.3548,false
EVT-MED-0002,Mechanical Power Harnessing in Kamakura / Muromachi Japan,1475,medieval,technological,East Asia,Kamakura / Muromachi Japan,CHR-MED-0002,899.3,0.671,0.118,0.5461,0.219,14.1,0.18,27.5,35.5,0.2938,16.4,12.5,0.265,0.235,0.2669,0.3116,0.4592,0.3757,0.3297,0.1407,0.3714,0.6458,0.553336,CMN,BRACKET_BASE,false,true,0.6943660500000001,0.46474688,0.62147029,,0.2809,false
EVT-MED-0003,Temple Bureaucracy Reorganization of Abbasid Caliphate,1440,medieval,religious,Middle East,Abbasid Caliphate,CHR-MED-0003,545.1,0.693,0.322,0.3076,0.534,17.5,0.3545,29.8,35.5,0.3185,30,9,0.2912,0.2793,0.2676,0.1009,0.2359,0.151,0.2069,-0.1283,0.2796,0.6221,0.742828,RMD,BRACKET_HIGH,true,false,0.41925429000000003,0.37061744,0.46432669,,0.3178,false
EVT-MED-0004,Temple Bureaucracy Reorganization of Khmer Empire,1259,medieval,religious,Southeast Asia,Khmer Empire,CHR-MED-0004,1227.2,0.687,0.653,0.5388,0.666,17.8,0.422,26.3,37.1,0.2904,41.4,10.3,0.321,0.3682,0.3321,0.162,0.3095,0.2686,0.2881,-0.0996,0.2239,0.5521,0.772532,RMD,BRACKET_HIGH,true,false,0.42300003,0.37844596999999996,0.46005851999999997,,0.3385,false
EVT-MED-0005,Agricultural Plague Wave in Kievan Rus,1416,medieval,pandemic,Eastern Europe,Kievan Rus,CHR-MED-0005,863.5,0.7,0.142,0.5129,0.766,13,0.448,28,41,0.3322,32.7,13.8,0.3214,0.4433,0.414,0,0.1501,0.1893,0.2393,-0.254,0.82,0.7782,0.590599,CMN,BRACKET_BASE,false,true,0.64900035,0.39568995,0.5550717599999999,,0.4007,false
EVT-MED-0006,Strategic Siege of Byzantine Empire,639,medieval,war,Eastern Mediterranean,Byzantine Empire,CHR-MED-0006,1241.1,0.578,0.813,0.5302,0.207,13.8,0.1725,35.5,35.1,0.3775,61.9,9.9,0.3481,0.3374,0.2518,0,0.2,0.4535,0.2485,0.1161,0.4387,0.6403,0.619101,CMN,BRACKET_BASE,false,true,0.51583096,0.38688215,0.41542919999999994,,0.4047,false
EVT-MED-0007,Silver Flotilla Currency Shock in Byzantine Empire,721,medieval,economic,Eastern Mediterranean,Byzantine Empire,CHR-MED-0007,850.8,0.74,0.892,0.2698,0.269,17.8,0.2235,30.1,39.1,0.3434,24.2,6,0.2606,0.2751,0.2008,0.0094,0.1042,0.1884,0.1556,-0.0867,0.6396,0.7112,0.718524,RMD,BRACKET_HIGH,false,false,0.6761866200000001,0.46024754999999995,0.691264,,0.3673,false
EVT-MED-0008,Bureaucratic Consolidation of Kievan Rus,1335,medieval,transformation,Eastern Europe,Kievan Rus,CHR-MED-0008,622.5,0.607,0.268,0.3869,0.778,15.6,0.467,32,44.8,0.398,46.6,7.4,0.3151,0.2963,0.3256,0.2554,0.4399,0.5806,0.3796,0.2843,0.1421,0.6313,0.624407,CMN,BRACKET_BASE,false,true,0.5201738,0.37981360000000003,0.31384908,,0.3448,false
EVT-MED-0009,Mercantile Tariff Overhaul across Song Dynasty,755,medieval,economic,East Asia,Song Dynasty,CHR-MED-0009,985.1,0.716,0.597,0.4302,0.754,13,0.442,33.7,42.7,0.4037,24.7,4.8,0.2561,0.3713,0.2896,0.0811,0.1703,0.3876,0.26,0.0163,0.5471,0.5842,0.5479,CMN,BRACKET_BASE,false,true,0.82175,0.569125,0.7442500000000001,,0.3938,true
EVT-MED-0010,Metallurgical Innovation Surge in Holy Roman Empire,830,medieval,technological,Central Europe,Holy Roman Empire,CHR-MED-0010,620.5,0.5,0.259,0.4207,0.491,8.3,0.287,31.1,39.8,0.3583,18,6.6,0.2422,0.2795,0.3,0.352,0.4706,0.4182,0.3641,0.1387,0.1627,0.5857,0.635444,RMD,BRACKET_MEDIUM,false,true,0.51831488,0.36896067,0.39126214,,0.2774,false
EVT-MED-0011,Bureaucratic Consolidation of Abbasid Caliphate,754,medieval,transformation,Middle East,Abbasid Caliphate,CHR-MED-0011,1116.8,0.745,0.733,0.4442,0.477,9.2,0.2845,25.5,36.6,0.2788,39.4,9.2,0.3119,0.2328,0.3044,0.2187,0.3474,0.4144,0.3035,0.1816,0.3385,0.6616,0.421538,CMN,BRACKET_BASE,false,true,0.86562135,0.53425,0.588125,,0.3148,true
EVT-MED-0012,Dynastic Disintegration of Chola Dynasty,641,medieval,collapse,South India,Chola Dynasty,CHR-MED-0012,576.1,0.725,0.222,0.3429,0.574,13.7,0.3555,26.5,36.9,0.2914,51.6,7,0.3204,0.4453,0.3613,0,0.09,0.1693,0.2132,-0.276,0.5043,0.7566,0.552352,CMN,BRACKET_BASE,false,true,0.52531453,0.40204836,0.5644849999999999,,0.3972,false
EVT-MED-0013,Institutional Dissolution of Kievan Rus,598,medieval,collapse,Eastern Europe,Kievan Rus,CHR-MED-0013,742.2,0.579,0.276,0.4506,0.433,8.6,0.2595,27.7,41.8,0.3337,33.3,9.7,0.3022,0.4454,0.3351,0,0.0538,0.1473,0.1963,-0.2981,0.4573,0.7487,0.545609,CMN,BRACKET_BASE,false,true,0.67795893,0.4952818,0.8117446,,0.3941,false
EVT-MED-0014,Territorial Rupture of Kievan Rus,615,medieval,collapse,Eastern Europe,Kievan Rus,CHR-MED-0014,1074.1,0.675,0.509,0.5118,0.64,6.3,0.3515,31.3,36.4,0.3401,12.6,5.1,0.2089,0.4887,0.4348,0.1352,0.1942,0.0455,0.2597,-0.4432,0.6648,0.855,0.440871,CMN,BRACKET_BASE,false,true,0.8978750000000001,0.5785,1,,0.3713,true
EVT-MED-0015,Borderlands Pacification of Umayyad Caliphate (Al-Andalus),1492,medieval,war,Iberia / North Africa,Umayyad Caliphate (Al-Andalus),CHR-MED-0015,777.4,0.589,0.334,0.4471,0.846,16.9,0.5075,28.2,39.7,0.3265,56.7,6.6,0.3253,0.3543,0.2405,0.0826,0.1827,0.1265,0.1973,-0.2278,0.4719,0.6788,0.395429,CMN,BRACKET_BASE,false,true,0.89153558,0.5475,0.8425,,0.3407,true
EVT-MED-0016,Printing & Communications Diffusion in Umayyad Caliphate (Al-Andalus),681,medieval,technological,Iberia / North Africa,Umayyad Caliphate (Al-Andalus),CHR-MED-0016,678.3,0.412,0.238,0.4813,0.584,17,0.377,27.5,38.6,0.3124,15.1,5.3,0.223,0.276,0.3333,0.3783,0.4523,0.4149,0.371,0.1389,0.4327,0.6376,0.654626,RMD,BRACKET_MEDIUM,false,true,0.7043519999999999,0.5200800800000001,0.6828695100000001,,0.2679,false
EVT-MED-0017,Urban Quarantine Emergency in Kamakura / Muromachi Japan,602,medieval,pandemic,East Asia,Kamakura / Muromachi Japan,CHR-MED-0017,704,0.716,0.297,0.3848,0.683,13.7,0.41,28.7,35.5,0.3067,26.5,9.2,0.2832,0.3911,0.3139,0.0217,0.2496,0.0358,0.2024,-0.3553,0.8142,0.8602,0.487382,CMN,BRACKET_BASE,false,true,0.78768186,0.4718758,0.83720444,,0.3808,false
EVT-MED-0018,Maritime Trade Hub Expansion in Holy Roman Empire,597,medieval,economic,Central Europe,Holy Roman Empire,CHR-MED-0018,1006.8,0.735,0.385,0.4986,0.755,12.9,0.442,33.9,43.3,0.4095,25.6,6.5,0.2672,0.4804,0.4284,0.2506,0.3799,0.3707,0.382,-0.1097,0.5948,0.6354,0.373865,CMN,BRACKET_BASE,false,true,0.701875,0.552875,0.82575,,0.3442,true
EVT-MED-0019,Respiratory Virulence Wave across Kingdom of England,1187,medieval,pandemic,British Isles,Kingdom of England,CHR-MED-0019,561.4,0.621,0.169,0.383,0.469,14,0.3045,35.4,38.6,0.3974,60.8,12.2,0.3583,0.4307,0.3612,0,0.1406,0.4758,0.2817,0.0451,0.7051,0.6679,0.639314,RMD,BRACKET_MEDIUM,false,true,0.56172186,0.41306832,0.46537092,,0.4023,false
EVT-MED-0020,Agricultural Plague Wave in Kingdom of England,738,medieval,pandemic,British Isles,Kingdom of England,CHR-MED-0020,756.8,0.525,0.149,0.5119,0.288,9.2,0.19,28,36.1,0.3028,60.7,5.5,0.3247,0.3878,0.3273,0,0.1201,0.0095,0.1689,-0.3783,0.6001,0.8336,0.416,CMN,BRACKET_BASE,false,true,0.7971964,0.47914786,0.8439435,,0.3753,false
EVT-MED-0021,Orthodoxy & Heresy Trial Wave in Kingdom of England,655,medieval,religious,British Isles,Kingdom of England,CHR-MED-0021,659,0.491,0.403,0.3988,0.336,11.2,0.224,31.4,36.7,0.343,27.2,5.3,0.2656,0.3553,0.3359,0.1892,0.2953,0.5369,0.3425,0.1816,0.3891,0.6805,0.529665,CMN,BRACKET_BASE,false,true,0.57930583,0.38876249999999996,0.38940048,,0.3746,false
EVT-MED-0022,Provincial Autonomy Insurgency against Umayyad Caliphate (Al-Andalus),617,medieval,revolution,Iberia / North Africa,Umayyad Caliphate (Al-Andalus),CHR-MED-0022,614.4,0.689,0.643,0.2459,0.778,11.5,0.4465,28.5,38.6,0.3231,41.2,6.9,0.3036,0.3417,0.2514,0,0.2724,0.0403,0.1812,-0.3014,0.6622,0.806,0.365175,CMN,BRACKET_BASE,false,true,0.8406773700000001,0.53823714,0.8456064000000001,,0.3782,true
EVT-MED-0023,Fiscal Default Crisis in Holy Roman Empire,635,medieval,collapse,Central Europe,Holy Roman Empire,CHR-MED-0023,1041.6,0.457,0.804,0.4731,0.693,8.8,0.3905,33.3,42.5,0.3982,50.1,11.8,0.3423,0.4695,0.4168,0.1238,0.1843,0.1038,0.2596,-0.3657,0.7941,0.8367,0.665186,RMD,BRACKET_MEDIUM,false,true,0.58202384,0.3897368,0.59678238,,0.362,false
EVT-MED-0024,Harbor Incursion Sickness in Umayyad Caliphate (Al-Andalus),905,medieval,pandemic,Iberia / North Africa,Umayyad Caliphate (Al-Andalus),CHR-MED-0024,965.3,0.502,0.496,0.5152,0.413,8.2,0.2475,32.1,37.6,0.3559,28.5,12.7,0.306,0.3911,0.357,0,0.138,0.1173,0.2007,-0.2738,0.7269,0.7918,0.428854,CMN,BRACKET_BASE,false,true,0.78921072,0.55768979,0.8603935599999999,,0.3831,true
EVT-MED-0025,Monastic Network Expansion of Chola Dynasty,830,medieval,religious,South India,Chola Dynasty,CHR-MED-0025,547.3,0.644,0.502,0.2694,0.396,15.5,0.2755,32.4,42.4,0.3879,17.8,12,0.2684,0.3143,0.3142,0.2115,0.3697,0.4265,0.3272,0.1122,0.3572,0.64,0.665407,RMD,BRACKET_MEDIUM,false,true,0.50199084,0.36846323999999997,0.39244404,,0.3322,false
EVT-MED-0026,Military Coup d’État in Kievan Rus,1116,medieval,revolution,Eastern Europe,Kievan Rus,CHR-MED-0026,1160,0.543,0.742,0.5229,0.531,13.3,0.332,32.7,35.3,0.3486,47,8.9,0.3232,0.4465,0.349,0,0.2766,0.3061,0.2756,-0.1404,0.6637,0.6912,0.68214,RMD,BRACKET_MEDIUM,false,false,0.55632024,0.40625775,0.5351103599999999,,0.4058,false
EVT-MED-0027,Synod Monotheistic Mandate in Abbasid Caliphate,1499,medieval,religious,Middle East,Abbasid Caliphate,CHR-MED-0027,707.8,0.688,0.702,0.2735,0.213,17.9,0.196,29.7,37.4,0.3289,9.9,4.7,0.1894,0.2163,0.1784,0.0083,0.1785,0.0888,0.1341,-0.1275,0.2229,0.6348,0.56608,CMN,BRACKET_BASE,false,true,0.6160528,0.36457259999999997,0.43597774,,0.338,false
EVT-MED-0028,Hydraulic Engineering Grid in Umayyad Caliphate (Al-Andalus),1057,medieval,technological,Iberia / North Africa,Umayyad Caliphate (Al-Andalus),CHR-MED-0028,750.6,0.464,0.525,0.4144,0.202,11.7,0.1595,29.5,43.9,0.3657,44.7,4.7,0.2986,0.2419,0.2928,0.3778,0.4944,0.5174,0.3849,0.2755,0.2933,0.7112,0.61197,CMN,BRACKET_BASE,false,true,0.43295174999999997,0.37866542999999997,0.41209916,,0.3048,false
EVT-MED-0029,Pantheon Reformation of Holy Roman Empire,1147,medieval,religious,Central Europe,Holy Roman Empire,CHR-MED-0029,625.7,0.489,0.385,0.3887,0.269,9.4,0.1815,33.6,41.1,0.3931,64.2,13.4,0.3683,0.3193,0.3499,0.2125,0.2996,0.2603,0.2883,-0.059,0.2384,0.577,0.728024,RMD,BRACKET_HIGH,false,false,0.48107726,0.3619596,0.43256481,,0.2891,false
EVT-MED-0030,Constitutional Reorganization of Kingdom of France,518,medieval,transformation,Western Europe,Kingdom of France,CHR-MED-0030,736.7,0.444,0.861,0.3129,0.223,10.7,0.165,32.3,40.9,0.3779,14.4,7.5,0.2306,0.2082,0.2352,0.1703,0.3583,0.4831,0.291,0.2749,0.2188,0.7048,0.778403,RMD,BRACKET_HIGH,true,false,0.4915779,0.37237814999999996,0.31892668,,0.341,false
EVT-MED-0031,Bureaucratic Consolidation of Mali Empire,740,medieval,transformation,West Africa,Mali Empire,CHR-MED-0031,710.3,0.61,0.507,0.3566,0.502,13,0.316,35.8,44.5,0.4372,50.5,9.7,0.3324,0.2857,0.3259,0.261,0.4476,0.5402,0.3721,0.2545,0.1376,0.6354,0.629071,CMN,BRACKET_BASE,false,true,0.49974056,0.53456909,0.46959192,,0.3355,false
EVT-MED-0032,Printing & Communications Diffusion in Byzantine Empire,735,medieval,technological,Eastern Mediterranean,Byzantine Empire,CHR-MED-0032,679.9,0.55,0.532,0.3525,0.53,17.5,0.3525,29.7,40.1,0.3451,26.1,5.2,0.2621,0.2869,0.3309,0.4093,0.4731,0.6576,0.4316,0.3707,0.1878,0.7196,0.593628,CMN,BRACKET_BASE,false,true,0.48085098000000004,0.4725816,0.50940659,,0.3332,false
EVT-MED-0033,Monastic Network Expansion of Abbasid Caliphate,816,medieval,religious,Middle East,Abbasid Caliphate,CHR-MED-0033,644.4,0.535,0.881,0.2352,0.566,4.7,0.3065,27.9,43.6,0.3467,42.1,13.5,0.3382,0.3378,0.3726,0.276,0.3551,0.5231,0.3729,0.1853,0.3898,0.6943,0.56602,CMN,BRACKET_BASE,false,true,0.6770552099999999,0.52813458,0.56588063,,0.3288,false
EVT-MED-0034,Strategic Siege of Kievan Rus,746,medieval,war,Eastern Europe,Kievan Rus,CHR-MED-0034,976.5,0.457,0.594,0.5047,0.69,13,0.41,26.6,41.3,0.3189,10.4,6.8,0.2035,0.3837,0.3387,0,0.1882,0.0872,0.1996,-0.2965,0.4974,0.7294,0.468097,CMN,BRACKET_BASE,false,true,0.59886216,0.39700218,0.5680320000000001,,0.3832,false
EVT-MED-0035,Treaty System Implementation across Abbasid Caliphate,1476,medieval,transformation,Middle East,Abbasid Caliphate,CHR-MED-0035,1216.1,0.682,0.412,0.6073,0.791,10.1,0.446,29.3,37.8,0.327,15.7,9.1,0.2448,0.305,0.3589,0.248,0.4679,0.5519,0.3863,0.2469,0.3429,0.642,0.548808,CMN,BRACKET_BASE,false,true,0.56184288,0.37999615,0.35327359999999997,,0.3452,false
EVT-MED-0036,Radical Assembly Schism in Mali Empire,1196,medieval,revolution,West Africa,Mali Empire,CHR-MED-0036,527.8,0.587,0.474,0.2855,0.507,6.3,0.285,29.3,40.2,0.3414,42.7,6.5,0.3042,0.3138,0.21,0,0.1042,0.2679,0.1792,-0.0459,0.6858,0.6895,0.379016,CMN,BRACKET_BASE,false,true,1,0.55275,0.77025,,0.391,true
EVT-MED-0037,Printing & Communications Diffusion in Tang Dynasty,901,medieval,technological,East Asia,Tang Dynasty,CHR-MED-0037,1342.7,0.714,0.372,0.6707,0.587,5.8,0.3225,25.9,42.4,0.3179,14.4,12.4,0.2551,0.3401,0.385,0.5024,0.6092,0.5063,0.4686,0.1662,0.4533,0.6364,0.647463,RMD,BRACKET_MEDIUM,false,true,0.47479428,0.37603296,0.47845906000000005,,0.2817,false
EVT-MED-0038,Peasant Rebellion against Mongol Empire / Ilkhanate,1223,medieval,revolution,Eurasian Steppe,Mongol Empire / Ilkhanate,CHR-MED-0038,1193.5,0.577,0.37,0.6405,0.828,7.9,0.4535,30,37.5,0.3327,31.5,11.8,0.3087,0.4775,0.351,0.1026,0.2122,0.2836,0.2854,-0.1939,0.4941,0.6442,0.47509,CMN,BRACKET_BASE,false,true,0.5940604800000001,0.4003622,0.5402444,,0.3872,false
EVT-MED-0039,Systemic Governance Breakdown in Kingdom of France,789,medieval,collapse,Western Europe,Kingdom of France,CHR-MED-0039,1089.7,0.52,0.575,0.5461,0.342,17,0.256,32.1,41.8,0.3811,44.6,8.3,0.3164,0.4645,0.3962,0.112,0.167,0.0318,0.2343,-0.4327,0.74,0.8712,0.435783,CMN,BRACKET_BASE,false,true,0.7920915399999999,0.50084454,0.92019928,,0.3697,false
EVT-MED-0040,Navigational Instrument Reform in Byzantine Empire,1081,medieval,technological,Eastern Mediterranean,Byzantine Empire,CHR-MED-0040,1338.9,0.745,0.599,0.5915,0.719,9.4,0.4065,28.3,40.4,0.3318,56.4,8.3,0.3334,0.3242,0.3676,0.4564,0.56,0.5711,0.4559,0.2469,0.4476,0.6758,0.758961,RMD,BRACKET_HIGH,true,false,0.39149193,0.37822953,0.43972934,,0.2959,false
EVT-MED-0041,Caravan Route Pestilence in Umayyad Caliphate (Al-Andalus),549,medieval,pandemic,Iberia / North Africa,Umayyad Caliphate (Al-Andalus),CHR-MED-0041,988.6,0.724,0.716,0.3938,0.813,12.3,0.468,35.6,44.1,0.4326,45.6,10,0.3265,0.5006,0.4501,0.0634,0.284,0.4538,0.3504,-0.0468,0.6319,0.6191,0.530288,CMN,BRACKET_BASE,false,true,0.68271819,0.5813514,0.766803,,0.406,false
EVT-MED-0042,Imperial Annexation War in Kingdom of France,973,medieval,war,Western Europe,Kingdom of France,CHR-MED-0042,646.5,0.631,0.623,0.2848,0.263,6.2,0.1625,26.1,39.3,0.3015,23.8,9,0.2744,0.2242,0.1465,0,0.1062,0,0.0954,-0.2292,0.6044,0.7925,0.507184,CMN,BRACKET_BASE,false,true,0.9848773200000001,0.523,0.7985,,0.3365,true
EVT-MED-0043,Agrarian Restructuring of Kamakura / Muromachi Japan,1306,medieval,transformation,East Asia,Kamakura / Muromachi Japan,CHR-MED-0043,1196.2,0.557,0.39,0.6418,0.587,15.1,0.369,33.1,41.6,0.3907,54,11,0.3437,0.3421,0.404,0.2581,0.4468,0.6262,0.4154,0.2841,0.2001,0.6232,0.748603,RMD,BRACKET_HIGH,true,false,0.42468204000000004,0.4838208,0.50166962,,0.3653,false
EVT-MED-0044,Silver Flotilla Currency Shock in Classic Maya & Postclassic,1474,medieval,economic,Mesoamerica,Classic Maya & Postclassic,CHR-MED-0044,1130.2,0.717,0.425,0.5515,0.433,9.7,0.265,27.8,35.2,0.2952,17.3,8.9,0.2508,0.3811,0.2863,0.1399,0.2277,0.3389,0.2748,-0.0422,0.2775,0.5554,0.672104,RMD,BRACKET_MEDIUM,false,true,0.47553629000000003,0.38454619,0.44919084000000004,,0.3646,false
EVT-MED-0045,Guild Monopoly Reform in Umayyad Caliphate (Al-Andalus),1226,medieval,economic,Iberia / North Africa,Umayyad Caliphate (Al-Andalus),CHR-MED-0045,643.5,0.434,0.109,0.4966,0.78,9.7,0.4385,26.7,40.2,0.3134,18.2,9.2,0.256,0.4369,0.4033,0.2326,0.2914,0.5868,0.3902,0.1499,0.3329,0.6069,0.537865,CMN,BRACKET_BASE,false,true,0.54570425,0.4851216,0.56709222,,0.3853,false
EVT-MED-0046,Judicial Standard Reform in Tang Dynasty,683,medieval,transformation,East Asia,Tang Dynasty,CHR-MED-0046,762.9,0.496,0.365,0.4588,0.506,6.8,0.287,30.1,38.2,0.338,51.9,8.4,0.3279,0.2836,0.3299,0.2301,0.3822,0.4721,0.3396,0.1885,0.1617,0.6096,0.853127,RMD,BRACKET_HIGH,true,false,0.52598175,0.45645692000000004,0.4839093,,0.3272,false
EVT-MED-0047,Harbor Incursion Sickness in Classic Maya & Postclassic,568,medieval,pandemic,Mesoamerica,Classic Maya & Postclassic,CHR-MED-0047,1041.9,0.537,0.591,0.5131,0.475,7.8,0.2765,26.9,41.9,0.3257,50.9,13.4,0.3515,0.4666,0.4373,0.0597,0.2888,0.1537,0.2812,-0.3129,0.7567,0.8208,0.526859,CMN,BRACKET_BASE,false,true,0.63731705,0.39404064,0.58405914,,0.3901,false
EVT-MED-0048,Caravan Route Pestilence in Umayyad Caliphate (Al-Andalus),1308,medieval,pandemic,Iberia / North Africa,Umayyad Caliphate (Al-Andalus),CHR-MED-0048,663.8,0.427,0.606,0.3594,0.275,5.8,0.1665,33.5,37.3,0.3692,60.6,10.5,0.3496,0.3997,0.3229,0,0.1783,0.1411,0.2084,-0.2586,0.6707,0.8031,0.478021,CMN,BRACKET_BASE,false,true,0.6128925,0.38321511999999996,0.55043554,,0.3881,false
EVT-MED-0049,Agrarian Restructuring of Classic Maya & Postclassic,624,medieval,transformation,Mesoamerica,Classic Maya & Postclassic,CHR-MED-0049,1332.1,0.537,0.133,0.7904,0.411,7.3,0.242,27.3,35.2,0.2898,29.6,11.1,0.3007,0.3202,0.3805,0.2926,0.4248,0.6423,0.4121,0.3221,0.1575,0.645,0.567014,CMN,BRACKET_BASE,false,true,0.6025658,0.54578326,0.4830966,,0.3494,false
EVT-MED-0050,Provincial Autonomy Insurgency against Kievan Rus,829,medieval,revolution,Eastern Europe,Kievan Rus,CHR-MED-0050,1035.2,0.467,0.184,0.653,0.586,5.8,0.322,28,35.2,0.2974,24.6,13.5,0.2993,0.3925,0.289,0,0.1192,0.5579,0.2717,0.1654,0.4949,0.6522,0.556467,CMN,BRACKET_BASE,false,true,0.6879256699999999,0.58844744,0.66715336,,0.3959,false
EVT-MED-0051,Civic Restoration Revolt in Tang Dynasty,521,medieval,revolution,East Asia,Tang Dynasty,CHR-MED-0051,1087.4,0.638,0.38,0.568,0.677,8.7,0.382,35.4,34.7,0.374,11.9,13.6,0.2473,0.468,0.2959,0,0.2136,0.5945,0.3144,0.1265,0.3588,0.5894,0.717075,RMD,BRACKET_HIGH,false,false,0.43736749999999996,0.5467604,0.6704114999999999,,0.3969,false
EVT-MED-0052,Bureaucratic Consolidation of Tang Dynasty,1361,medieval,transformation,East Asia,Tang Dynasty,CHR-MED-0052,1070.8,0.672,0.427,0.5357,0.632,9,0.361,33.8,41.6,0.3982,47.5,4.8,0.3034,0.3026,0.3727,0.3002,0.4536,0.5094,0.3877,0.2068,0.3376,0.6318,0.78502,RMD,BRACKET_HIGH,true,false,0.4771539899999999,0.37301122999999997,0.35527275,,0.3193,false
EVT-MED-0053,Systemic Governance Breakdown in Mali Empire,1173,medieval,collapse,West Africa,Mali Empire,CHR-MED-0053,574.5,0.518,0.102,0.4403,0.681,13.8,0.4095,28.3,44.8,0.3582,28.3,6.2,0.273,0.4469,0.3488,0.0576,0.0885,0.1126,0.2109,-0.3343,0.7518,0.8173,0.483776,CMN,BRACKET_BASE,false,true,0.9055000000000001,0.568375,0.94,,0.3647,true
EVT-MED-0054,Fiscal Modernization in Mongol Empire / Ilkhanate,1226,medieval,transformation,Eurasian Steppe,Mongol Empire / Ilkhanate,CHR-MED-0054,767.4,0.58,0.514,0.391,0.252,15,0.201,32.9,40.2,0.3801,52.3,6.5,0.3189,0.2204,0.2567,0.1215,0.2753,0.4636,0.2675,0.2432,0.3084,0.6926,0.501487,CMN,BRACKET_BASE,false,true,0.5646355,0.37216595,0.3472434,,0.3621,false
EVT-MED-0055,Temple Bureaucracy Reorganization of Kingdom of France,642,medieval,religious,Western Europe,Kingdom of France,CHR-MED-0055,861.5,0.706,0.362,0.4442,0.589,7.9,0.334,26.4,41.2,0.3161,14.6,11.6,0.2521,0.3562,0.3562,0.2126,0.3564,0.3329,0.3229,-0.0233,0.25,0.5409,0.42419,CMN,BRACKET_BASE,false,true,0.71908488,0.543125,0.7077500000000001,,0.3214,true
EVT-MED-0056,Frontier Fragmentation of Mali Empire,1332,medieval,collapse,West Africa,Mali Empire,CHR-MED-0056,1040.5,0.433,0.659,0.5232,0.486,12,0.303,27.1,41.8,0.3273,45.9,13.9,0.3465,0.4475,0.3735,0.0655,0.1628,0.2567,0.2612,-0.1908,0.8266,0.7667,0.566448,CMN,BRACKET_BASE,false,true,0.83919484,0.54445863,0.8033108800000001,,0.3906,false
EVT-MED-0057,Systemic Governance Breakdown in Kingdom of England,1297,medieval,collapse,British Isles,Kingdom of England,CHR-MED-0057,924.8,0.412,0.79,0.4345,0.33,16.4,0.247,33.7,36.3,0.3653,35.6,7.9,0.2981,0.4036,0.3096,0,0.0697,0.2117,0.1989,-0.1919,0.4583,0.6912,0.538758,CMN,BRACKET_BASE,false,true,0.74034891,0.508557,0.7866873000000001,,0.3979,true
EVT-MED-0058,Fiscal Modernization in Mali Empire,621,medieval,transformation,West Africa,Mali Empire,CHR-MED-0058,795.4,0.697,0.613,0.3397,0.56,17.8,0.369,31.5,35.9,0.3392,17.4,9,0.2518,0.2265,0.2715,0.1472,0.315,0.4048,0.273,0.1783,0.2895,0.6415,0.528877,CMN,BRACKET_BASE,false,true,0.7609602000000001,0.5157238399999999,0.53335376,,0.3411,false
EVT-MED-0059,Hydraulic Engineering Grid in Classic Maya & Postclassic,512,medieval,technological,Mesoamerica,Classic Maya & Postclassic,CHR-MED-0059,646.5,0.724,0.683,0.2389,0.826,12.8,0.477,31.7,37.3,0.3498,12,9.5,0.2274,0.2428,0.2825,0.3942,0.528,0.5525,0.4,0.3097,0.199,0.6871,0.785109,RMD,BRACKET_HIGH,true,false,0.50742916,0.5423782,0.59722944,,0.3152,false
EVT-MED-0060,Radical Assembly Schism in Mali Empire,725,medieval,revolution,West Africa,Mali Empire,CHR-MED-0060,670.2,0.593,0.118,0.4591,0.225,16.8,0.1965,30.2,37,0.3318,53.8,4.9,0.313,0.3553,0.2484,0.0182,0.147,0.2365,0.2011,-0.1188,0.4995,0.6709,0.495773,CMN,BRACKET_BASE,false,true,0.74604321,0.48190194000000003,0.7242219,,0.3866,false
EVT-MED-0061,Provincial Autonomy Insurgency against Kievan Rus,881,medieval,revolution,Eastern Europe,Kievan Rus,CHR-MED-0061,1038.4,0.717,0.62,0.4487,0.42,7.7,0.2485,28,36.2,0.3034,38.7,12.8,0.3286,0.3698,0.2696,0.0353,0.1988,0.215,0.2177,-0.1548,0.6628,0.7292,0.646986,RMD,BRACKET_MEDIUM,false,true,0.82599193,0.55125,0.84025,,0.3793,true
EVT-MED-0062,Systemic Governance Breakdown in Song Dynasty,1184,medieval,collapse,East Asia,Song Dynasty,CHR-MED-0062,1175.9,0.717,0.685,0.4955,0.308,9.3,0.2005,32.4,39.3,0.3693,31.2,7.2,0.285,0.4006,0.3346,0,0.0919,0.1189,0.1892,-0.2817,0.7066,0.799,0.334605,CMN,BRACKET_BASE,false,true,0.79970754,0.49403130000000006,0.83240104,,0.3824,false
EVT-MED-0063,Guild Monopoly Reform in Kievan Rus,894,medieval,economic,Eastern Europe,Kievan Rus,CHR-MED-0063,600,0.682,0.745,0.2105,0.694,6.4,0.379,30.3,44,0.3749,20.5,11.8,0.2776,0.3153,0.2571,0.061,0.1131,0.2203,0.1934,-0.095,0.2529,0.5999,0.449074,CMN,BRACKET_BASE,false,true,0.6763729500000001,0.53523074,0.6852772800000001,,0.3629,true
EVT-MED-0064,Agricultural Plague Wave in Byzantine Empire,525,medieval,pandemic,Eastern Mediterranean,Byzantine Empire,CHR-MED-0064,1017.1,0.516,0.856,0.428,0.484,5.1,0.2675,35.6,42.7,0.4242,19.1,5.8,0.2425,0.4261,0.368,0,0.1833,0.282,0.2519,-0.1441,0.7649,0.7311,0.465707,CMN,BRACKET_BASE,false,true,0.7603275600000001,0.574875,0.851,,0.4051,false
EVT-MED-0065,Systemic Governance Breakdown in Khmer Empire,589,medieval,collapse,Southeast Asia,Khmer Empire,CHR-MED-0065,587.5,0.64,0.413,0.3166,0.775,12.7,0.451,26.7,42,0.3242,19.9,5.2,0.2425,0.4531,0.3754,0.062,0.122,0.2109,0.2447,-0.2422,0.8449,0.8082,0.429205,CMN,BRACKET_BASE,false,true,0.7811671800000001,0.47911936000000005,0.79299234,,0.3867,false
EVT-MED-0066,Provincial Autonomy Insurgency against Mongol Empire / Ilkhanate,984,medieval,revolution,Eurasian Steppe,Mongol Empire / Ilkhanate,CHR-MED-0066,1002.3,0.716,0.18,0.5636,0.558,16.7,0.3625,30.9,37.8,0.3442,44.6,6,0.3049,0.4388,0.3416,0,0.1211,0.4407,0.2684,0.0019,0.6461,0.602,0.513596,CMN,BRACKET_BASE,false,true,0.76267175,0.50900118,0.6885472500000002,,0.4058,false
EVT-MED-0067,Maritime Hegemony Clash in Byzantine Empire,585,medieval,war,Eastern Mediterranean,Byzantine Empire,CHR-MED-0067,1345.1,0.639,0.703,0.595,0.407,5.6,0.2315,26.4,42.7,0.3251,28.5,11.6,0.3005,0.4273,0.3698,0.2146,0.2767,0.4457,0.3468,0.0184,0.6925,0.6403,0.711143,RMD,BRACKET_HIGH,false,false,0.53062822,0.37439533999999997,0.45898352,,0.3642,false
EVT-MED-0068,Pantheon Reformation of Abbasid Caliphate,902,medieval,religious,Middle East,Abbasid Caliphate,CHR-MED-0068,1049.8,0.674,0.339,0.5514,0.233,12.5,0.179,31.8,36.7,0.3473,26.6,8.7,0.281,0.3668,0.4165,0.2693,0.4346,0.5969,0.4168,0.2301,0.4865,0.7142,0.675556,RMD,BRACKET_MEDIUM,false,true,0.41292494,0.38627059999999996,0.38803396,,0.3582,false
EVT-MED-0069,Silver Flotilla Currency Shock in Umayyad Caliphate (Al-Andalus),965,medieval,economic,Iberia / North Africa,Umayyad Caliphate (Al-Andalus),CHR-MED-0069,752.2,0.747,0.168,0.4374,0.422,17.6,0.299,31.6,35.7,0.3391,32.3,8.9,0.296,0.3385,0.3095,0.1374,0.1893,0.4968,0.2943,0.1583,0.2583,0.6187,0.652645,RMD,BRACKET_MEDIUM,false,true,0.6435303600000001,0.54372528,0.5613638099999999,,0.3859,false
EVT-MED-0070,Fiscal Modernization in Abbasid Caliphate,858,medieval,transformation,Middle East,Abbasid Caliphate,CHR-MED-0070,906.4,0.576,0.723,0.3965,0.438,8.9,0.2635,26.7,36.3,0.29,30.7,4.5,0.2704,0.2313,0.296,0.2426,0.4119,0.5555,0.3475,0.3242,0.1672,0.7044,0.731817,RMD,BRACKET_HIGH,true,false,0.67692905,0.5497500000000001,0.50025,,0.3429,false
EVT-MED-0071,Astronomical Standardization by Mongol Empire / Ilkhanate,621,medieval,technological,Eurasian Steppe,Mongol Empire / Ilkhanate,CHR-MED-0071,1141.7,0.753,0.316,0.5789,0.439,17.2,0.3055,26.3,36,0.2838,24,4.7,0.2535,0.2766,0.3098,0.4,0.4885,0.6395,0.4229,0.3629,0.2244,0.7068,0.635899,RMD,BRACKET_MEDIUM,false,true,0.53469908,0.47623012,0.5277994500000001,,0.3315,false
EVT-MED-0072,Guild Monopoly Reform in Classic Maya & Postclassic,1431,medieval,economic,Mesoamerica,Classic Maya & Postclassic,CHR-MED-0072,548.1,0.468,0.327,0.375,0.781,9.6,0.4385,27.6,38.3,0.3116,24.3,10.5,0.2834,0.3668,0.288,0.0287,0.1795,0.1462,0.2018,-0.2206,0.3477,0.6673,0.674045,RMD,BRACKET_MEDIUM,false,true,0.5372369300000001,0.38355225,0.5124150399999999,,0.3735,false
EVT-MED-0073,Coalition Defense of Chola Dynasty,1482,medieval,war,South India,Chola Dynasty,CHR-MED-0073,1310.2,0.648,0.383,0.6715,0.71,17.1,0.4405,28.4,37.3,0.3143,17.6,5.2,0.2336,0.4789,0.3633,0.148,0.2448,0.342,0.3154,-0.1369,0.5279,0.622,0.619347,CMN,BRACKET_BASE,false,true,0.55811964,0.55208181,0.77607552,,0.3819,false
EVT-MED-0074,Systemic Governance Breakdown in Mongol Empire / Ilkhanate,1230,medieval,collapse,Eurasian Steppe,Mongol Empire / Ilkhanate,CHR-MED-0074,710,0.526,0.69,0.3268,0.687,16.5,0.426,27.9,44.9,0.3545,60.2,12,0.3566,0.4213,0.3238,0.0042,0.0891,0,0.1677,-0.4498,0.546,0.8433,0.536496,CMN,BRACKET_BASE,false,true,0.724039,0.5520319699999999,0.89369392,,0.3808,true
EVT-MED-0075,Maritime Trade Hub Expansion in Kamakura / Muromachi Japan,601,medieval,economic,East Asia,Kamakura / Muromachi Japan,CHR-MED-0075,726.7,0.46,0.546,0.3978,0.337,12,0.2285,29.1,41,0.344,47.4,12.6,0.3423,0.3204,0.2552,0.0726,0.2034,0.1205,0.1944,-0.1999,0.5618,0.7329,0.343997,CMN,BRACKET_BASE,false,true,0.9469235,0.539,0.833,,0.3365,true
EVT-MED-0076,Orthodoxy & Heresy Trial Wave in Mongol Empire / Ilkhanate,556,medieval,religious,Eurasian Steppe,Mongol Empire / Ilkhanate,CHR-MED-0076,1102.1,0.632,0.807,0.4488,0.394,11.7,0.2555,35.1,34.8,0.3714,14.8,10.1,0.2455,0.2992,0.3,0.1788,0.2729,0.1676,0.2437,-0.1316,0.5019,0.6652,0.538764,CMN,BRACKET_BASE,false,true,0.5898698,0.35160475,0.473175,,0.2977,false
EVT-MED-0077,Navigational Instrument Reform in Umayyad Caliphate (Al-Andalus),980,medieval,technological,Iberia / North Africa,Umayyad Caliphate (Al-Andalus),CHR-MED-0077,539.9,0.49,0.586,0.2868,0.785,6.8,0.4265,30.6,39,0.3482,46.9,9.9,0.328,0.2901,0.3428,0.459,0.5517,0.6089,0.4505,0.3188,0.3693,0.7353,0.673165,RMD,BRACKET_MEDIUM,false,true,0.67425,0.548375,0.6900000000000001,,0.3117,false
EVT-MED-0078,Orthodoxy & Heresy Trial Wave in Khmer Empire,773,medieval,religious,Southeast Asia,Khmer Empire,CHR-MED-0078,670.8,0.524,0.685,0.31,0.405,15.1,0.278,26.8,37.8,0.3,63,4.9,0.3244,0.2721,0.3091,0.1457,0.279,0.5182,0.3048,0.2461,0.2069,0.6814,0.504837,CMN,BRACKET_BASE,false,true,0.6418658700000001,0.48220378,0.51449125,,0.3738,false
EVT-MED-0079,Administrative Codification of Umayyad Caliphate (Al-Andalus),1201,medieval,transformation,Iberia / North Africa,Umayyad Caliphate (Al-Andalus),CHR-MED-0079,557.2,0.72,0.696,0.1931,0.736,5.5,0.3955,27.9,42.9,0.3425,13.2,10.9,0.2413,0.2378,0.3006,0.2354,0.4767,0.4034,0.3308,0.1656,0.2583,0.6443,0.70153,RMD,BRACKET_HIGH,false,false,0.6099109500000001,0.521778,0.52936335,,0.3195,false
EVT-MED-0080,Metallurgical Innovation Surge in Mali Empire,1291,medieval,technological,West Africa,Mali Empire,CHR-MED-0080,895.4,0.65,0.325,0.4884,0.829,6.9,0.449,33.3,36.3,0.361,54.9,4.7,0.3134,0.3444,0.3649,0.4814,0.5871,0.5701,0.4696,0.2257,0.2838,0.6281,0.597648,CMN,BRACKET_BASE,false,true,0.7047939999999999,0.551,0.6946249999999999,,0.29,false
EVT-MED-0081,Temple Bureaucracy Reorganization of Byzantine Empire,1141,medieval,religious,Eastern Mediterranean,Byzantine Empire,CHR-MED-0081,1033.5,0.663,0.769,0.4179,0.677,8.5,0.381,27.4,39.9,0.3191,23.8,8,0.2694,0.3556,0.3746,0.2925,0.3837,0.5232,0.3859,0.1676,0.4185,0.6574,0.449607,CMN,BRACKET_BASE,false,true,0.6500513600000001,0.54025,0.620625,,0.3237,false
EVT-MED-0082,Mechanical Power Harnessing in Mali Empire,1020,medieval,technological,West Africa,Mali Empire,CHR-MED-0082,860,0.455,0.145,0.5839,0.555,6.7,0.311,30.8,37.5,0.3413,50.8,6,0.3143,0.3379,0.3628,0.4161,0.5511,0.5526,0.4441,0.2147,0.3309,0.6432,0.595499,CMN,BRACKET_BASE,false,true,0.53990411,0.47721939,0.5958418000000001,,0.2985,false
EVT-MED-0083,Popular Uprising of Mali Empire,1164,medieval,revolution,West Africa,Mali Empire,CHR-MED-0083,1133.1,0.756,0.867,0.4086,0.825,8.4,0.4545,30.5,42.4,0.3675,31.4,12.3,0.311,0.4816,0.3941,0.1186,0.2215,0.4341,0.33,-0.0475,0.5608,0.6113,0.492455,CMN,BRACKET_BASE,false,true,0.59007584,0.39962664,0.49256528,,0.4023,false
EVT-MED-0084,Urban Quarantine Emergency in Tang Dynasty,1374,medieval,pandemic,East Asia,Tang Dynasty,CHR-MED-0084,737.7,0.74,0.225,0.4154,0.394,9.7,0.2455,28,34.7,0.2944,47.8,7.3,0.3164,0.3855,0.3284,0.0722,0.3017,0.2429,0.2661,-0.1426,0.7373,0.748,0.556558,CMN,BRACKET_BASE,false,true,0.6024501,0.3834869,0.5308061,,0.3796,false
EVT-MED-0085,Secular Legal Separation in Classic Maya & Postclassic,939,medieval,religious,Mesoamerica,Classic Maya & Postclassic,CHR-MED-0085,659.2,0.405,0.418,0.4202,0.709,17.8,0.4435,29.4,39.1,0.3358,15.2,7.5,0.2345,0.3139,0.292,0.1825,0.2338,0.3086,0.2662,-0.0053,0.3101,0.5305,0.708995,RMD,BRACKET_HIGH,false,false,0.49891836000000006,0.36703854,0.42739382,,0.3174,false
EVT-MED-0086,Fiscal Modernization in Kingdom of France,1258,medieval,transformation,Western Europe,Kingdom of France,CHR-MED-0086,892.5,0.684,0.718,0.3589,0.649,6,0.3545,29.7,42.7,0.3607,53.6,10.3,0.3397,0.2426,0.2862,0.1995,0.3494,0.3465,0.2848,0.1039,0.2324,0.5831,0.599227,CMN,BRACKET_BASE,false,true,0.51250212,0.3649987,0.37418062,,0.3004,false
EVT-MED-0087,Military Coup d’État in Classic Maya & Postclassic,1313,medieval,revolution,Mesoamerica,Classic Maya & Postclassic,CHR-MED-0087,676.8,0.603,0.526,0.3369,0.556,7.9,0.3175,26.1,44.9,0.3351,33.3,8,0.2937,0.4079,0.2424,0,0.1618,0.406,0.2436,-0.0019,0.6752,0.6514,0.541922,CMN,BRACKET_BASE,false,true,0.77194722,0.55597968,0.70074788,,0.4063,false
EVT-MED-0088,Secular Legal Separation in Chola Dynasty,1390,medieval,religious,South India,Chola Dynasty,CHR-MED-0088,846.5,0.463,0.172,0.5668,0.36,12.5,0.2425,26.4,42.3,0.3227,12.9,9,0.2301,0.3399,0.3332,0.2297,0.3433,0.409,0.331,0.0691,0.2902,0.5701,0.483656,CMN,BRACKET_BASE,false,true,0.5926406399999999,0.4509241500000001,0.57590874,,0.3239,false
EVT-MED-0089,Navigational Instrument Reform in Abbasid Caliphate,1228,medieval,technological,Middle East,Abbasid Caliphate,CHR-MED-0089,1235.7,0.685,0.417,0.6143,0.452,6.8,0.26,34.4,34.2,0.3603,50.1,10.1,0.3338,0.3009,0.344,0.3983,0.5543,0.5513,0.4298,0.2504,0.2894,0.6524,0.521797,CMN,BRACKET_BASE,false,true,0.6426064899999999,0.46803005999999997,0.5714098000000001,,0.3068,false
EVT-MED-0090,Continental Standoff of Song Dynasty,1353,medieval,war,East Asia,Song Dynasty,CHR-MED-0090,771.7,0.448,0.243,0.514,0.537,11.8,0.3275,29.9,35.3,0.3184,58.7,10.1,0.3453,0.4299,0.3293,0.1698,0.3689,0.3769,0.335,-0.053,0.5604,0.6247,0.558475,CMN,BRACKET_BASE,false,true,0.54682914,0.38311182,0.48310349999999996,,0.3694,false
EVT-MED-0091,Provincial Autonomy Insurgency against Classic Maya & Postclassic,1382,medieval,revolution,Mesoamerica,Classic Maya & Postclassic,CHR-MED-0091,1260.2,0.698,0.172,0.6957,0.786,8.2,0.434,33.2,41.4,0.3906,30.7,10.9,0.3024,0.4462,0.3563,0.1153,0.2862,0.2919,0.2992,-0.1543,0.458,0.5998,0.608206,CMN,BRACKET_BASE,false,true,0.6246055199999999,0.56825,0.8386250000000001,,0.3793,true
EVT-MED-0092,Synod Monotheistic Mandate in Holy Roman Empire,558,medieval,religious,Central Europe,Holy Roman Empire,CHR-MED-0092,1279.2,0.446,0.455,0.6956,0.333,12.3,0.228,35.2,35.6,0.3773,46,9.4,0.3241,0.3589,0.3388,0.2182,0.364,0.5031,0.3566,0.1442,0.3924,0.6108,0.526878,CMN,BRACKET_BASE,false,true,0.5135258,0.37850548,0.39237164999999996,,0.358,false
EVT-MED-0093,Mechanical Power Harnessing in Mongol Empire / Ilkhanate,899,medieval,technological,Eurasian Steppe,Mongol Empire / Ilkhanate,CHR-MED-0093,1292.5,0.697,0.521,0.6069,0.562,14.5,0.3535,34.5,43.7,0.4184,9.2,12.4,0.2226,0.3226,0.3676,0.4502,0.5324,0.6433,0.4632,0.3207,0.2447,0.6575,0.488523,CMN,BRACKET_BASE,false,true,0.7369569899999999,0.55225,0.621,,0.3199,false
EVT-MED-0094,Guild Monopoly Reform in Kingdom of England,1332,medieval,economic,British Isles,Kingdom of England,CHR-MED-0094,1334.4,0.64,0.583,0.6256,0.567,12.3,0.345,34.4,44.3,0.4209,31.6,10.8,0.3039,0.471,0.4137,0.1903,0.3371,0.5469,0.3918,0.0759,0.3047,0.5384,0.672596,RMD,BRACKET_MEDIUM,false,true,0.5362875,0.57667409,0.65376718,,0.3957,false
EVT-MED-0095,Radical Assembly Schism in Umayyad Caliphate (Al-Andalus),724,medieval,revolution,Iberia / North Africa,Umayyad Caliphate (Al-Andalus),CHR-MED-0095,644.1,0.652,0.487,0.3181,0.592,13.5,0.3635,28.5,42.6,0.3471,13.1,13.4,0.2532,0.3711,0.2889,0,0.2477,0.1233,0.2062,-0.2478,0.7034,0.7854,0.466132,CMN,BRACKET_BASE,false,true,0.7539227199999999,0.53357802,0.8201347200000001,,0.3898,false
EVT-MED-0096,Decentralization Wave across Tang Dynasty,1209,medieval,collapse,East Asia,Tang Dynasty,CHR-MED-0096,869,0.537,0.448,0.4727,0.602,14.1,0.3715,29,39.6,0.3345,56.5,13.6,0.36,0.4638,0.3924,0.0261,0.0929,0.0297,0.201,-0.4341,0.48,0.8076,0.387851,CMN,BRACKET_BASE,false,true,0.89167077,0.593625,0.9836250000000001,,0.3797,true
EVT-MED-0097,Military Coup d’État in Khmer Empire,1264,medieval,revolution,Southeast Asia,Khmer Empire,CHR-MED-0097,913.4,0.75,0.484,0.4194,0.645,5,0.3475,33.5,42,0.3974,14.2,11.4,0.249,0.4531,0.2745,0,0.2261,0.2196,0.2347,-0.2335,0.5705,0.7241,0.386123,CMN,BRACKET_BASE,false,true,0.79304796,0.49520226,0.8049119600000001,,0.4009,false
EVT-MED-0098,Maritime Trade Hub Expansion in Umayyad Caliphate (Al-Andalus),851,medieval,economic,Iberia / North Africa,Umayyad Caliphate (Al-Andalus),CHR-MED-0098,1324.1,0.73,0.733,0.5486,0.648,16,0.404,25.5,34.1,0.2638,53.1,8.4,0.3295,0.4105,0.3894,0.1094,0.2679,0.1623,0.2679,-0.2482,0.5719,0.7245,0.489286,CMN,BRACKET_BASE,false,true,0.7151487500000001,0.4883780199999999,0.81796971,,0.3545,false
EVT-MED-0099,Debt Crisis Settlement of Song Dynasty,1178,medieval,economic,East Asia,Song Dynasty,CHR-MED-0099,1253,0.505,0.762,0.5732,0.221,15.6,0.1885,28.9,35.9,0.3112,40.8,4.9,0.2929,0.3091,0.2217,0.0879,0.2614,0.0932,0.1947,-0.2159,0.6168,0.7399,0.745355,RMD,BRACKET_HIGH,true,false,0.5565448000000001,0.371907,0.5196576,,0.3377,false
EVT-MED-0100,Bureaucratic Consolidation of Holy Roman Empire,1143,medieval,transformation,Central Europe,Holy Roman Empire,CHR-MED-0100,1341.9,0.707,0.331,0.6847,0.423,7.3,0.248,35,42.3,0.4153,63.3,10.1,0.3507,0.3668,0.4252,0.3637,0.5779,0.5184,0.4504,0.1516,0.2947,0.5833,0.651602,RMD,BRACKET_MEDIUM,false,true,0.43033340999999997,0.4804093,0.55194175,,0.311,false
EVT-MED-0101,Succession Conflict of Byzantine Empire,607,medieval,war,Eastern Mediterranean,Byzantine Empire,CHR-MED-0101,1222.8,0.686,0.324,0.6357,0.731,5.2,0.3915,28.5,38.9,0.3249,30.4,10.2,0.2981,0.3803,0.3005,0.0132,0.1816,0.1477,0.2047,-0.2326,0.6317,0.7107,0.370378,CMN,BRACKET_BASE,false,true,0.935374,0.5615,0.8875,,0.3822,true
EVT-MED-0102,Printing & Communications Diffusion in Chola Dynasty,904,medieval,technological,South India,Chola Dynasty,CHR-MED-0102,780.3,0.517,0.446,0.4365,0.256,5.4,0.155,33,39.7,0.3782,51.3,6.4,0.317,0.2534,0.3017,0.3928,0.5363,0.4885,0.3945,0.2351,0.2173,0.6658,0.560448,CMN,BRACKET_BASE,false,true,0.6760968900000001,0.48349301,0.6189064,,0.2964,false
EVT-MED-0103,Agrarian Insurgency in Song Dynasty,644,medieval,revolution,East Asia,Song Dynasty,CHR-MED-0103,687.5,0.652,0.177,0.432,0.78,11.4,0.447,34.3,43.5,0.415,24.6,7.6,0.2698,0.4117,0.2839,0,0.1602,0.4298,0.2571,0.0181,0.7781,0.6402,0.540853,CMN,BRACKET_BASE,false,true,0.92982186,0.58675,0.7568750000000001,,0.4055,false
EVT-MED-0104,Synod Monotheistic Mandate in Song Dynasty,1395,medieval,religious,East Asia,Song Dynasty,CHR-MED-0104,1092.7,0.709,0.634,0.4731,0.825,10.2,0.4635,33.2,34.1,0.3468,23.6,4.6,0.2518,0.3902,0.4644,0.3091,0.3747,0.6119,0.4301,0.2217,0.2439,0.6182,0.527198,CMN,BRACKET_BASE,false,true,0.61261429,0.4732672,0.50653659,,0.354,false
EVT-MED-0105,Fiscal Default Crisis in Mali Empire,1056,medieval,collapse,West Africa,Mali Empire,CHR-MED-0105,1196.9,0.675,0.223,0.6568,0.438,6.7,0.2525,27.1,42.4,0.3309,30.6,10.2,0.2986,0.52,0.4387,0.231,0.263,0.1818,0.3269,-0.3382,0.4092,0.7289,0.720063,RMD,BRACKET_HIGH,false,false,0.51419494,0.39309168,0.5658219,,0.3456,false
EVT-MED-0106,Dynastic Disintegration of Mali Empire,1374,medieval,collapse,West Africa,Mali Empire,CHR-MED-0106,720.6,0.599,0.624,0.3298,0.265,10,0.1825,32.1,37.7,0.3565,46.6,9.7,0.3266,0.4289,0.3312,0.0781,0.1648,0.087,0.218,-0.3419,0.5844,0.8304,0.403722,CMN,BRACKET_BASE,false,true,0.77084592,0.47862068999999996,0.8354692,,0.3605,false
EVT-MED-0107,Epidemic Fever Outbreak across Kingdom of England,1180,medieval,pandemic,British Isles,Kingdom of England,CHR-MED-0107,590.1,0.68,0.134,0.3896,0.364,11.2,0.238,30.7,42.9,0.3726,63.3,5.3,0.3267,0.364,0.3007,0.0392,0.1919,0,0.1792,-0.3696,0.6487,0.8417,0.763021,RMD,BRACKET_HIGH,true,false,0.577944,0.38569886,0.58307893,,0.372,false
EVT-MED-0108,Administrative Codification of Mali Empire,1111,medieval,transformation,West Africa,Mali Empire,CHR-MED-0108,651.9,0.675,0.729,0.2424,0.559,11.2,0.3355,33.8,42.4,0.403,61.9,13.9,0.3681,0.2633,0.3078,0.2095,0.4194,0.4006,0.3201,0.1373,0.1597,0.5969,0.609726,CMN,BRACKET_BASE,false,true,0.5500299000000001,0.52507224,0.5330319,,0.3189,false
EVT-MED-0109,Epidemic Fever Outbreak across Mongol Empire / Ilkhanate,1210,medieval,pandemic,Eurasian Steppe,Mongol Empire / Ilkhanate,CHR-MED-0109,1333.5,0.546,0.74,0.6062,0.525,14.9,0.337,26.5,35.1,0.2806,33,10.4,0.3051,0.4695,0.4111,0.0231,0.2358,0.4061,0.3091,-0.0634,0.7924,0.6788,0.36067,CMN,BRACKET_BASE,false,true,0.9316528,0.588375,0.81675,,0.4066,false
EVT-MED-0110,Mercantile Tariff Overhaul across Abbasid Caliphate,1295,medieval,economic,Middle East,Abbasid Caliphate,CHR-MED-0110,916.6,0.552,0.496,0.4767,0.491,16.3,0.327,33,45,0.41,19,10.9,0.2676,0.3712,0.2863,0.09,0.2414,0.4896,0.2957,0.1184,0.5924,0.66,0.692831,RMD,BRACKET_MEDIUM,false,false,0.4706229,0.39588335,0.43291199999999996,,0.3991,false
EVT-MED-0111,Systemic Governance Breakdown in Tang Dynasty,635,medieval,collapse,East Asia,Tang Dynasty,CHR-MED-0111,1172.6,0.699,0.429,0.5761,0.794,15.4,0.474,31,36.5,0.3375,59.8,13.6,0.3641,0.5827,0.4806,0.1499,0.1764,0.2065,0.3192,-0.3762,0.6454,0.7864,0.502314,CMN,BRACKET_BASE,false,true,0.6531174,0.50859314,0.8850035700000001,,0.3712,false
EVT-MED-0112,Maritime Hegemony Clash in Umayyad Caliphate (Al-Andalus),534,medieval,war,Iberia / North Africa,Umayyad Caliphate (Al-Andalus),CHR-MED-0112,588,0.637,0.806,0.1999,0.618,16.8,0.393,35.5,34.9,0.3763,43.9,4.9,0.2982,0.2975,0.1935,0,0.0538,0.3154,0.172,0.0179,0.5246,0.6254,0.658086,RMD,BRACKET_MEDIUM,false,true,0.7280380799999999,0.54648,0.6642028799999999,,0.3972,true
EVT-MED-0113,Monastic Network Expansion of Byzantine Empire,1188,medieval,religious,Eastern Mediterranean,Byzantine Empire,CHR-MED-0113,679.5,0.72,0.224,0.3937,0.564,7.1,0.3175,33,37.3,0.3638,22.4,5.9,0.2545,0.2854,0.2667,0.1494,0.2672,0.2953,0.2528,0.0099,0.2402,0.5341,0.568876,CMN,BRACKET_BASE,false,true,0.53681175,0.36880935,0.4152486,,0.3242,false
EVT-MED-0114,Systemic Governance Breakdown in Kievan Rus,934,medieval,collapse,Eastern Europe,Kievan Rus,CHR-MED-0114,1094.4,0.759,0.633,0.4592,0.659,12.3,0.391,25.2,40.1,0.2966,58.5,6.5,0.327,0.502,0.4418,0.103,0.1567,0.0617,0.253,-0.4403,0.6286,0.8529,0.537481,CMN,BRACKET_BASE,false,true,0.5777771300000001,0.41379858,0.6372151,,0.3746,false
EVT-MED-0115,Maritime Trade Hub Expansion in Mali Empire,1157,medieval,economic,West Africa,Mali Empire,CHR-MED-0115,1207.3,0.537,0.631,0.5808,0.295,9,0.1925,29.3,35.5,0.3132,28,10.5,0.2937,0.3911,0.3681,0.1461,0.3194,0.5449,0.3539,0.1538,0.3944,0.6487,0.423482,CMN,BRACKET_BASE,false,true,0.8050752,0.5680000000000001,0.661375,,0.3933,false
EVT-MED-0116,Metallurgical Innovation Surge in Tang Dynasty,1333,medieval,technological,East Asia,Tang Dynasty,CHR-MED-0116,1010.2,0.617,0.883,0.3862,0.417,14.7,0.282,33.9,38.9,0.3831,20,11.1,0.2723,0.281,0.3306,0.4013,0.4896,0.6268,0.4259,0.3458,0.4948,0.7827,0.824867,RMD,BRACKET_HIGH,true,false,0.3281325,0.37810109999999997,0.40005347999999996,,0.3267,false
EVT-MED-0117,Guild Monopoly Reform in Kamakura / Muromachi Japan,1023,medieval,economic,East Asia,Kamakura / Muromachi Japan,CHR-MED-0117,1312.5,0.719,0.128,0.7278,0.36,14.2,0.251,29.4,38.6,0.3328,63.9,8,0.3409,0.3883,0.3503,0.0962,0.1748,0.331,0.2681,-0.0573,0.4913,0.587,0.598011,CMN,BRACKET_BASE,false,true,0.5782364000000001,0.40008496,0.49425966,,0.3836,false
EVT-MED-0118,Succession Conflict of Byzantine Empire,1052,medieval,war,Eastern Mediterranean,Byzantine Empire,CHR-MED-0118,1137.4,0.599,0.232,0.6482,0.326,11.2,0.219,33.4,39.3,0.3801,49.9,7.8,0.322,0.3804,0.2735,0,0.1415,0.2534,0.2098,-0.127,0.63,0.669,0.461744,CMN,BRACKET_BASE,false,true,0.66527082,0.39119427,0.51354853,,0.3977,false
EVT-MED-0119,Urban Quarantine Emergency in Kamakura / Muromachi Japan,1081,medieval,pandemic,East Asia,Kamakura / Muromachi Japan,CHR-MED-0119,1082.5,0.555,0.691,0.4973,0.252,11.7,0.1845,25.8,40.2,0.3037,12.1,7.1,0.216,0.3485,0.3181,0,0.2287,0.1951,0.2181,-0.1534,0.8224,0.7706,0.386851,CMN,BRACKET_BASE,false,true,0.9623052299999999,0.554125,0.848125,,0.3889,true
EVT-MED-0120,Silver Flotilla Currency Shock in Tang Dynasty,749,medieval,economic,East Asia,Tang Dynasty,CHR-MED-0120,1261.5,0.526,0.173,0.7476,0.736,13.9,0.4375,31.6,35.6,0.3385,55.1,6.8,0.3242,0.4815,0.4297,0.261,0.4083,0.658,0.4477,0.1765,0.366,0.5883,0.631418,RMD,BRACKET_MEDIUM,false,true,0.44162280000000004,0.56248911,0.60630559,,0.391,false
EVT-MED-0121,Educational Charter of Tang Dynasty,573,medieval,transformation,East Asia,Tang Dynasty,CHR-MED-0121,552,0.66,0.292,0.3298,0.479,12.1,0.3,31.9,44.8,0.397,20,10.1,0.2673,0.2556,0.2884,0.1861,0.3578,0.5706,0.3317,0.315,0.3095,0.7235,0.81084,RMD,BRACKET_HIGH,true,false,0.48296384,0.39014371000000003,0.3547887,,0.3605,false
EVT-MED-0122,Frontier Fragmentation of Song Dynasty,936,medieval,collapse,East Asia,Song Dynasty,CHR-MED-0122,1056.6,0.537,0.498,0.5481,0.573,9.6,0.3345,29.7,36.4,0.3229,38.8,9.7,0.3133,0.4988,0.4004,0.0646,0.0892,0.0624,0.2231,-0.4364,0.6569,0.8491,0.574743,CMN,BRACKET_BASE,false,true,0.6079174,0.41008308000000004,0.6182949999999999,,0.3738,false
EVT-MED-0123,Guild Monopoly Reform in Song Dynasty,1027,medieval,economic,East Asia,Song Dynasty,CHR-MED-0123,921.3,0.726,0.534,0.4154,0.412,10,0.256,27.4,43,0.3377,31.9,11.7,0.3091,0.3563,0.2601,0,0.1555,0.3098,0.2163,-0.0465,0.5147,0.6324,0.382235,CMN,BRACKET_BASE,false,true,0.84151498,0.5506380000000001,0.71771296,,0.4001,true
EVT-MED-0124,Systemic Governance Breakdown in Mali Empire,1315,medieval,collapse,West Africa,Mali Empire,CHR-MED-0124,1084,0.624,0.353,0.5787,0.735,4.7,0.391,26.9,40.1,0.3149,27.1,5.4,0.2658,0.5261,0.4371,0.1574,0.2303,0.2507,0.3203,-0.2754,0.4982,0.7106,0.741148,RMD,BRACKET_HIGH,true,false,0.45153909999999997,0.38632163999999997,0.54854624,,0.3687,false
EVT-MED-0125,Synod Monotheistic Mandate in Kingdom of England,1369,medieval,religious,British Isles,Kingdom of England,CHR-MED-0125,1181.3,0.455,0.102,0.7516,0.735,8.1,0.408,26.6,37,0.2931,64.3,9.9,0.3509,0.4959,0.4832,0.3212,0.4423,0.7091,0.4903,0.2132,0.3668,0.6189,0.668409,RMD,BRACKET_MEDIUM,false,true,0.44722571,0.40092911999999997,0.39625799999999994,,0.3819,false
EVT-MED-0126,Agrarian Insurgency in Song Dynasty,1097,medieval,revolution,East Asia,Song Dynasty,CHR-MED-0126,870.4,0.648,0.59,0.3975,0.733,12.2,0.4275,32.4,36.6,0.3531,44.6,12.5,0.3374,0.4116,0.2522,0,0.2447,0.5717,0.296,0.1601,0.3931,0.638,0.434215,CMN,BRACKET_BASE,false,true,0.71870526,0.5352193,0.6595789,,0.3905,false
EVT-MED-0127,Radical Assembly Schism in Holy Roman Empire,1233,medieval,revolution,Central Europe,Holy Roman Empire,CHR-MED-0127,908.8,0.465,0.245,0.5744,0.585,5.7,0.321,32.4,39.8,0.3723,30.7,11,0.3029,0.4554,0.2912,0.0485,0.1928,0.2462,0.2468,-0.2092,0.5749,0.6965,0.640635,RMD,BRACKET_MEDIUM,false,true,0.54080478,0.39479925000000005,0.5430675699999999,,0.3929,false
EVT-MED-0128,Fiscal Default Crisis in Holy Roman Empire,1102,medieval,collapse,Central Europe,Holy Roman Empire,CHR-MED-0128,598.3,0.521,0.474,0.3392,0.581,7.7,0.329,25.1,39.2,0.2901,50.8,13.8,0.3533,0.3836,0.3311,0.018,0.0601,0.1992,0.1984,-0.1844,0.574,0.7293,0.490709,CMN,BRACKET_BASE,false,true,0.64667364,0.3813807,0.51318376,,0.3899,false
EVT-MED-0129,Institutional Dissolution of Classic Maya & Postclassic,1072,medieval,collapse,Mesoamerica,Classic Maya & Postclassic,CHR-MED-0129,1280.7,0.493,0.792,0.5811,0.77,13.9,0.4545,31.8,39.5,0.3641,63.6,7.8,0.3396,0.5614,0.4714,0.1349,0.2192,0.1244,0.3023,-0.437,0.6713,0.8238,0.475863,CMN,BRACKET_BASE,false,true,0.7606624899999999,0.5726922,0.9397679699999999,,0.377,false
EVT-MED-0130,Frontier Fragmentation of Kamakura / Muromachi Japan,711,medieval,collapse,East Asia,Kamakura / Muromachi Japan,CHR-MED-0130,745.7,0.435,0.725,0.3608,0.453,6.9,0.261,29.6,39.5,0.3404,38.9,8.6,0.308,0.4675,0.3567,0,0.0971,0.1408,0.2124,-0.3267,0.7954,0.8609,0.432447,CMN,BRACKET_BASE,false,true,0.8981624200000001,0.5173218599999999,0.87584595,,0.3943,true
EVT-MED-0131,Strategic Siege of Holy Roman Empire,1428,medieval,war,Central Europe,Holy Roman Empire,CHR-MED-0131,1221.9,0.723,0.22,0.6554,0.432,13.5,0.2835,29.6,40.1,0.344,40.2,9.9,0.3169,0.4283,0.3253,0.0851,0.22,0.2389,0.2595,-0.1894,0.448,0.6518,0.681045,RMD,BRACKET_MEDIUM,false,false,0.4695339,0.37912883999999997,0.5087956499999999,,0.3764,false
EVT-MED-0132,Synod Monotheistic Mandate in Byzantine Empire,759,medieval,religious,Eastern Mediterranean,Byzantine Empire,CHR-MED-0132,795.8,0.518,0.242,0.5049,0.566,6,0.313,34.4,38.6,0.3867,27.7,9,0.2854,0.3614,0.4132,0.2271,0.3178,0.5766,0.3792,0.2152,0.4597,0.6804,0.653571,RMD,BRACKET_MEDIUM,false,true,0.441857,0.38470860999999995,0.3887598,,0.374,false
EVT-MED-0133,Mechanical Power Harnessing in Kamakura / Muromachi Japan,1469,medieval,technological,East Asia,Kamakura / Muromachi Japan,CHR-MED-0133,1007.8,0.515,0.396,0.5618,0.603,13.8,0.3705,27.9,44.5,0.3521,17.1,12,0.2655,0.3267,0.3758,0.4569,0.5978,0.5346,0.4584,0.2079,0.4943,0.6732,0.62723,CMN,BRACKET_BASE,false,true,0.4875069,0.3840351,0.46042009000000006,,0.2896,false
EVT-MED-0134,Agrarian Insurgency in Kingdom of France,1174,medieval,revolution,Western Europe,Kingdom of France,CHR-MED-0134,1125.2,0.548,0.124,0.6901,0.654,15.1,0.4025,32.1,42.6,0.3859,25.4,11.1,0.2896,0.5339,0.425,0.0626,0.261,0.5565,0.3678,0.0226,0.5188,0.5501,0.553707,CMN,BRACKET_BASE,false,true,0.57121616,0.43162746,0.4859987499999999,,0.3917,false
EVT-MED-0135,Decentralization Wave across Chola Dynasty,802,medieval,collapse,South India,Chola Dynasty,CHR-MED-0135,821.2,0.558,0.884,0.3126,0.783,5.3,0.418,26.8,42.9,0.3306,52.8,12.3,0.3486,0.4958,0.3931,0.0069,0.0758,0.2092,0.2362,-0.2866,0.8079,0.8276,0.552941,CMN,BRACKET_BASE,false,true,0.63945202,0.40238277,0.55403288,,0.4054,false
EVT-MED-0136,Administrative Codification of Holy Roman Empire,808,medieval,transformation,Central Europe,Holy Roman Empire,CHR-MED-0136,641.2,0.583,0.617,0.2984,0.765,5.4,0.4095,28.4,41.2,0.3377,32.4,12.6,0.3148,0.2452,0.2712,0.2073,0.3555,0.5938,0.3346,0.3486,0.1563,0.7005,0.882693,RMD,BRACKET_HIGH,true,false,0.46000025000000005,0.557625,0.5095000000000001,,0.3545,false
EVT-MED-0137,Respiratory Virulence Wave across Mali Empire,1164,medieval,pandemic,West Africa,Mali Empire,CHR-MED-0137,790.4,0.636,0.226,0.4717,0.411,5.2,0.2315,27.8,40.3,0.3258,54,11.9,0.3482,0.4255,0.3928,0.0064,0.1956,0.2631,0.2567,-0.1624,0.9457,0.7998,0.476388,CMN,BRACKET_BASE,false,true,0.68274238,0.39806145000000004,0.5343994599999999,,0.4024,false
EVT-MED-0138,Epidemic Fever Outbreak across Mali Empire,1384,medieval,pandemic,West Africa,Mali Empire,CHR-MED-0138,1119.4,0.659,0.797,0.4521,0.393,10.5,0.249,29.8,37.3,0.3293,56.3,7.5,0.3293,0.3822,0.3068,0,0.1597,0.4245,0.2546,0.0423,0.7629,0.689,0.497513,CMN,BRACKET_BASE,false,true,0.74218401,0.5066292,0.6888204800000001,,0.406,false
EVT-MED-0139,Mercantile Tariff Overhaul across Mali Empire,845,medieval,economic,West Africa,Mali Empire,CHR-MED-0139,1214.3,0.681,0.152,0.6847,0.342,6.2,0.202,34.3,42.3,0.4078,18.3,8,0.2504,0.4052,0.3347,0.1361,0.1926,0.3522,0.2842,-0.053,0.4491,0.5767,0.4679,CMN,BRACKET_BASE,false,true,0.8068469199999999,0.563125,0.769375,,0.3756,true
EVT-MED-0140,Institutional Dissolution of Mongol Empire / Ilkhanate,936,medieval,collapse,Eurasian Steppe,Mongol Empire / Ilkhanate,CHR-MED-0140,1197.6,0.583,0.461,0.6134,0.268,9.6,0.182,30.8,35.7,0.3305,9.8,5,0.1902,0.4459,0.3876,0.1024,0.1951,0.192,0.2646,-0.2539,0.5373,0.7325,0.587421,CMN,BRACKET_BASE,false,true,0.699245,0.50726025,0.8415549999999999,,0.3631,true
EVT-MED-0141,Respiratory Virulence Wave across Mongol Empire / Ilkhanate,1404,medieval,pandemic,Eurasian Steppe,Mongol Empire / Ilkhanate,CHR-MED-0141,1293.7,0.677,0.368,0.6594,0.332,9.5,0.2135,34.6,39.2,0.3924,40.7,12.7,0.3318,0.4469,0.4244,0,0.1897,0.3318,0.2786,-0.1151,0.8076,0.7043,0.652817,RMD,BRACKET_MEDIUM,false,true,0.61886664,0.56811127,0.78155154,,0.4088,false
EVT-MED-0142,Frontier Fragmentation of Chola Dynasty,609,medieval,collapse,South India,Chola Dynasty,CHR-MED-0142,1113.1,0.757,0.435,0.5282,0.399,17.4,0.2865,30.7,39.4,0.3516,33.2,13,0.3185,0.4591,0.3929,0.1344,0.198,0.0911,0.2551,-0.368,0.4252,0.7601,0.630368,RMD,BRACKET_MEDIUM,false,true,0.5464032000000001,0.39230706,0.57404464,,0.3591,false
EVT-MED-0143,Hydraulic Engineering Grid in Holy Roman Empire,1128,medieval,technological,Central Europe,Holy Roman Empire,CHR-MED-0143,756.3,0.627,0.63,0.3368,0.64,8.3,0.3615,34.9,44.8,0.4293,51.1,4.9,0.3092,0.3143,0.348,0.3957,0.5471,0.4662,0.4143,0.1519,0.2217,0.5983,0.718741,RMD,BRACKET_HIGH,false,false,0.3547344,0.38289636,0.41308799999999996,,0.2846,false
EVT-MED-0144,Educational Charter of Kamakura / Muromachi Japan,1270,medieval,transformation,East Asia,Kamakura / Muromachi Japan,CHR-MED-0144,836.9,0.467,0.173,0.5607,0.34,12.1,0.2305,34.3,34.2,0.3592,63.9,6.9,0.3354,0.318,0.3973,0.2575,0.5002,0.5174,0.3981,0.1994,0.2031,0.6159,0.438035,CMN,BRACKET_BASE,false,true,0.82044032,0.5555,0.56575,,0.3393,false
EVT-MED-0145,Fiscal Modernization in Tang Dynasty,693,medieval,transformation,East Asia,Tang Dynasty,CHR-MED-0145,791.2,0.519,0.276,0.4922,0.549,17.5,0.362,34.6,36.6,0.3768,61.4,11.7,0.3565,0.2803,0.3495,0.2245,0.3654,0.4674,0.3374,0.1871,0.1214,0.5767,0.807876,RMD,BRACKET_HIGH,true,false,0.5911976,0.52553052,0.49775123,,0.3313,false
EVT-MED-0146,Military Coup d’État in Song Dynasty,1039,medieval,revolution,East Asia,Song Dynasty,CHR-MED-0146,808.1,0.656,0.226,0.4742,0.215,11.1,0.163,27.8,44.2,0.3492,13.4,5.7,0.2164,0.341,0.233,0,0.1926,0.3881,0.2309,0.0471,0.6305,0.6651,0.570793,CMN,BRACKET_BASE,false,true,0.8188657599999999,0.55310266,0.68368671,,0.4029,false
EVT-MED-0147,Harbor Incursion Sickness in Khmer Empire,1306,medieval,pandemic,Southeast Asia,Khmer Empire,CHR-MED-0147,950,0.404,0.332,0.5864,0.426,8.9,0.2575,25.4,35.4,0.2706,39.7,5.2,0.2925,0.3887,0.3532,0.0571,0.2744,0.2912,0.2729,-0.0975,0.946,0.752,0.685399,RMD,BRACKET_MEDIUM,false,false,0.6546654400000002,0.47437,0.7379814400000001,,0.3875,false
EVT-MED-0148,Imperial Unification of Kamakura / Muromachi Japan,868,medieval,transformation,East Asia,Kamakura / Muromachi Japan,CHR-MED-0148,663.7,0.62,0.25,0.4083,0.463,17.1,0.317,35.4,43.4,0.4262,12.4,9.7,0.2307,0.2841,0.3447,0.2345,0.3854,0.5266,0.3551,0.2425,0.3686,0.6804,0.748497,RMD,BRACKET_HIGH,true,false,0.48104297999999995,0.3805344,0.35794944,,0.3393,false
EVT-MED-0149,Institutional Dissolution of Classic Maya & Postclassic,1138,medieval,collapse,Mesoamerica,Classic Maya & Postclassic,CHR-MED-0149,716.4,0.679,0.767,0.2609,0.798,15.1,0.4745,28.6,37,0.3146,30.3,5.1,0.2724,0.4735,0.3779,0.1312,0.162,0.0758,0.2441,-0.3977,0.4296,0.7947,0.610494,CMN,BRACKET_BASE,false,true,0.45847398999999994,0.39903575999999996,0.5913158000000001,,0.3616,false
EVT-MED-0150,Debt Crisis Settlement of Classic Maya & Postclassic,1395,medieval,economic,Mesoamerica,Classic Maya & Postclassic,CHR-MED-0150,729.3,0.489,0.848,0.2998,0.699,5.3,0.376,34.5,42.6,0.4118,43,10.9,0.3267,0.4175,0.3488,0.1111,0.214,0.4939,0.3171,0.0764,0.5516,0.646,0.516184,CMN,BRACKET_BASE,false,true,0.6402783400000001,0.39933476,0.4474075,,0.4014,false
EVT-MED-0151,Grain Market Price Shock across Song Dynasty,898,medieval,economic,East Asia,Song Dynasty,CHR-MED-0151,767,0.659,0.113,0.4874,0.48,7.6,0.278,34.2,36.3,0.3707,29.2,7.4,0.2812,0.4235,0.3787,0.1981,0.291,0.581,0.3745,0.1575,0.3419,0.6301,0.678637,RMD,BRACKET_MEDIUM,false,true,0.5321250000000001,0.571,0.643375,,0.3907,false
EVT-MED-0152,Military Coup d’État in Khmer Empire,914,medieval,revolution,Southeast Asia,Khmer Empire,CHR-MED-0152,1309.1,0.538,0.515,0.6644,0.414,7.1,0.2425,35.6,35.9,0.3834,31.4,8.8,0.2935,0.4321,0.2945,0,0.246,0.385,0.2715,-0.0471,0.7704,0.6545,0.453776,CMN,BRACKET_BASE,false,true,0.71978734,0.5579804700000001,0.728433,,0.4056,false
EVT-MED-0153,Mechanical Power Harnessing in Tang Dynasty,670,medieval,technological,East Asia,Tang Dynasty,CHR-MED-0153,1330.3,0.623,0.686,0.5978,0.543,8.1,0.312,26.2,38,0.2948,11.3,4.8,0.1995,0.3054,0.3412,0.4217,0.5256,0.4551,0.4098,0.1497,0.2117,0.5831,0.595745,CMN,BRACKET_BASE,false,true,0.68127732,0.5465,0.697375,,0.2752,true
EVT-MED-0154,Imperial Unification of Byzantine Empire,1201,medieval,transformation,Eastern Mediterranean,Byzantine Empire,CHR-MED-0154,1319.8,0.742,0.861,0.5045,0.423,10.1,0.262,27.9,37.1,0.3077,37,6.4,0.2934,0.2222,0.2484,0.1278,0.3481,0.4739,0.2841,0.2517,0.3917,0.7027,0.509579,CMN,BRACKET_BASE,false,true,0.8227088,0.549625,0.586375,,0.3613,false
EVT-MED-0155,Epidemic Fever Outbreak across Classic Maya & Postclassic,636,medieval,pandemic,Mesoamerica,Classic Maya & Postclassic,CHR-MED-0155,868.1,0.522,0.397,0.4921,0.357,6.3,0.21,30.8,44.4,0.3827,25.2,4.7,0.2571,0.384,0.3421,0,0.1357,0.403,0.253,0.019,0.8727,0.6957,0.399011,CMN,BRACKET_BASE,false,true,0.87738888,0.57875,0.7605000000000001,,0.4074,false
EVT-MED-0156,Harbor Incursion Sickness in Kievan Rus,1335,medieval,pandemic,Eastern Europe,Kievan Rus,CHR-MED-0156,679.1,0.542,0.341,0.4118,0.228,10.9,0.1685,31.2,44.2,0.3858,64.3,8.2,0.3424,0.4207,0.3525,0.0882,0.2168,0.2387,0.2634,-0.182,0.6473,0.7452,0.606258,CMN,BRACKET_BASE,false,true,0.58563135,0.39075329,0.5440141900000001,,0.3737,false
EVT-MED-0157,Astronomical Standardization by Holy Roman Empire,600,medieval,technological,Central Europe,Holy Roman Empire,CHR-MED-0157,1185.4,0.653,0.142,0.6822,0.585,8.5,0.335,32.8,36,0.3538,44.3,6.5,0.3069,0.3511,0.4094,0.4704,0.599,0.59,0.484,0.2389,0.2924,0.6265,0.628884,CMN,BRACKET_BASE,false,true,0.5641187400000001,0.5368492500000001,0.62696344,,0.2975,false
EVT-MED-0158,Agrarian Insurgency in Mali Empire,571,medieval,revolution,West Africa,Mali Empire,CHR-MED-0158,596.4,0.484,0.749,0.2669,0.67,10.3,0.3865,34.9,44.1,0.4251,11,5.9,0.2031,0.337,0.225,0,0.2062,0.3917,0.232,0.0547,0.5332,0.6311,0.373721,CMN,BRACKET_BASE,false,true,0.92187264,0.570625,0.718375,,0.4036,true
EVT-MED-0159,Frontier Fragmentation of Chola Dynasty,1436,medieval,collapse,South India,Chola Dynasty,CHR-MED-0159,799.2,0.66,0.791,0.2993,0.588,14.4,0.366,31.8,42,0.3791,48.3,8,0.3207,0.4233,0.32,0.0861,0.1612,0.1918,0.2365,-0.2315,0.4084,0.7005,0.778997,RMD,BRACKET_HIGH,true,false,0.612464,0.56125,0.8548749999999999,,0.3665,true
EVT-MED-0160,Agrarian Restructuring of Song Dynasty,851,medieval,transformation,East Asia,Song Dynasty,CHR-MED-0160,788,0.538,0.415,0.4433,0.496,9.6,0.296,35.9,40.4,0.4136,19.2,7.9,0.2534,0.2441,0.2798,0.1338,0.3083,0.5351,0.3002,0.291,0.294,0.6877,0.616038,CMN,BRACKET_BASE,false,true,0.6893227,0.53009889,0.5262323600000001,,0.3749,false
EVT-MED-0161,Borderlands Pacification of Kingdom of France,1136,medieval,war,Western Europe,Kingdom of France,CHR-MED-0161,997.9,0.402,0.799,0.47,0.533,15.6,0.3445,35.5,40.4,0.4093,58.4,8.5,0.3369,0.4294,0.3369,0.0164,0.102,0.2101,0.219,-0.2193,0.3349,0.6486,0.720507,RMD,BRACKET_HIGH,false,false,0.44862017000000004,0.40540280000000006,0.53323319,,0.3972,false
EVT-MED-0162,Navigational Instrument Reform in Abbasid Caliphate,632,medieval,technological,Middle East,Abbasid Caliphate,CHR-MED-0162,677.8,0.429,0.841,0.295,0.739,17.7,0.458,30.1,41.5,0.3578,16.1,7.4,0.2381,0.2596,0.3159,0.376,0.5266,0.557,0.407,0.2974,0.1816,0.6694,0.871582,RMD,BRACKET_HIGH,true,false,0.43647295999999997,0.48437379999999997,0.5549183999999999,,0.3177,false
EVT-MED-0163,Agrarian Restructuring of Kingdom of England,1277,medieval,transformation,British Isles,Kingdom of England,CHR-MED-0163,664.8,0.436,0.37,0.428,0.599,16.1,0.38,28.3,37,0.3114,29.2,14,0.3142,0.2458,0.2721,0.1909,0.4336,0.5111,0.3307,0.2653,0.3013,0.6807,0.660291,RMD,BRACKET_MEDIUM,false,true,0.55559044,0.38338012,0.3457368,,0.3459,false
EVT-MED-0164,Metallurgical Innovation Surge in Song Dynasty,673,medieval,technological,East Asia,Song Dynasty,CHR-MED-0164,1305.8,0.732,0.38,0.6451,0.366,13.5,0.2505,30.2,39.1,0.3444,55.8,8.5,0.3336,0.3206,0.3699,0.4815,0.6233,0.5355,0.4662,0.2149,0.4097,0.6625,0.812645,RMD,BRACKET_HIGH,true,false,0.28626188,0.37996868,0.45888,,0.2857,false
EVT-MED-0165,Territorial Rupture of Chola Dynasty,830,medieval,collapse,South India,Chola Dynasty,CHR-MED-0165,1122.6,0.673,0.302,0.5979,0.359,15.7,0.258,35.7,41.9,0.4205,9.3,8.3,0.2029,0.437,0.3285,0.0109,0.0544,0.168,0.1998,-0.269,0.4578,0.6983,0.420134,CMN,BRACKET_BASE,false,true,0.61990936,0.40551516000000004,0.5579088400000001,,0.3941,false
EVT-MED-0166,Caravan Route Pestilence in Holy Roman Empire,932,medieval,pandemic,Central Europe,Holy Roman Empire,CHR-MED-0166,1330.3,0.67,0.755,0.563,0.516,16.8,0.342,27.2,37,0.2995,53.4,6.2,0.3189,0.4758,0.4516,0.0427,0.2782,0.2835,0.3064,-0.1923,0.9281,0.7852,0.428139,CMN,BRACKET_BASE,false,true,0.85464209,0.50156098,0.8043108199999999,,0.4023,false
EVT-MED-0167,Pantheon Reformation of Abbasid Caliphate,551,medieval,religious,Middle East,Abbasid Caliphate,CHR-MED-0167,730.4,0.503,0.625,0.363,0.364,17.6,0.27,34,35.9,0.3662,58.8,6.4,0.3269,0.2969,0.3353,0.1643,0.3081,0.4346,0.3078,0.1377,0.3192,0.6343,0.562,CMN,BRACKET_BASE,false,true,0.6020664,0.38058072,0.39121056,,0.3575,false
EVT-MED-0168,Navigational Instrument Reform in Mali Empire,1337,medieval,technological,West Africa,Mali Empire,CHR-MED-0168,817.4,0.629,0.484,0.4094,0.565,16.7,0.366,31.9,36.3,0.346,47.3,11.3,0.3356,0.271,0.3134,0.3875,0.5427,0.5541,0.4137,0.2831,0.1553,0.6535,0.87646,RMD,BRACKET_HIGH,true,false,0.3600886,0.38344418,0.37475774999999995,,0.3137,false
EVT-MED-0169,Agrarian Insurgency in Kingdom of France,1089,medieval,revolution,Western Europe,Kingdom of France,CHR-MED-0169,1127.3,0.729,0.543,0.5111,0.805,14.4,0.4745,29.2,39.3,0.3349,51.4,12.3,0.3467,0.4748,0.3685,0.0733,0.3311,0.5257,0.3547,0.0509,0.674,0.6279,0.596788,CMN,BRACKET_BASE,false,true,0.6230592,0.40935024000000003,0.47150431,,0.4027,false
EVT-MED-0170,Palatial Collapse of Khmer Empire,1443,medieval,collapse,Southeast Asia,Khmer Empire,CHR-MED-0170,1219.5,0.636,0.197,0.6872,0.811,12.7,0.469,29.5,36.1,0.3189,31.7,11.8,0.3092,0.5295,0.4633,0.0858,0.1437,0.1334,0.2711,-0.3961,0.7176,0.802,0.436193,CMN,BRACKET_BASE,false,true,0.8958225299999999,0.5998749999999999,0.992875,,0.3737,true
EVT-MED-0171,Institutional Dissolution of Tang Dynasty,667,medieval,collapse,East Asia,Tang Dynasty,CHR-MED-0171,913.3,0.608,0.457,0.47,0.278,13.8,0.208,27.2,43.6,0.3391,43.5,11,0.3281,0.4752,0.3582,0.0713,0.1216,0.2159,0.2484,-0.2593,0.408,0.7195,0.58879,CMN,BRACKET_BASE,false,true,0.6074674800000001,0.50320908,0.8068330999999999,,0.3861,false
EVT-MED-0172,Treaty System Implementation across Song Dynasty,1410,medieval,transformation,East Asia,Song Dynasty,CHR-MED-0172,1265,0.708,0.389,0.6299,0.7,5.5,0.3775,32.5,41,0.3806,56.2,6,0.3216,0.3769,0.4396,0.352,0.5296,0.7107,0.4818,0.3338,0.1146,0.6307,0.607883,CMN,BRACKET_BASE,false,true,0.41824326,0.38656053,0.3075378,,0.3522,false
EVT-MED-0173,Succession Conflict of Song Dynasty,1191,medieval,war,East Asia,Song Dynasty,CHR-MED-0173,1037.1,0.513,0.829,0.4466,0.79,8,0.435,31.4,41.8,0.3736,56.5,12,0.352,0.42,0.379,0.048,0.2217,0.3366,0.2811,-0.0834,0.6311,0.6445,0.39891,CMN,BRACKET_BASE,false,true,0.6925958000000001,0.50675212,0.7668247800000001,,0.4012,false
EVT-MED-0174,Frontier Campaign of Mali Empire,1034,medieval,war,West Africa,Mali Empire,CHR-MED-0174,1197.4,0.629,0.353,0.6319,0.546,7,0.308,27.6,36.5,0.3008,16.4,6.7,0.236,0.3652,0.2989,0.1349,0.2715,0.2842,0.2709,-0.081,0.4905,0.6103,0.382416,CMN,BRACKET_BASE,false,true,0.79532538,0.53227206,0.7262196,,0.3506,true
EVT-MED-0175,Frontier Fragmentation of Mongol Empire / Ilkhanate,956,medieval,collapse,Eurasian Steppe,Mongol Empire / Ilkhanate,CHR-MED-0175,665.2,0.526,0.803,0.2713,0.435,15.5,0.295,26.1,41.6,0.3153,48,12.7,0.3437,0.427,0.3379,0,0.0294,0.2159,0.202,-0.2111,0.4172,0.7161,0.395987,CMN,BRACKET_BASE,false,true,0.7438704,0.4967527,0.7661184000000001,,0.4028,false
EVT-MED-0176,Bureaucratic Consolidation of Mali Empire,1056,medieval,transformation,West Africa,Mali Empire,CHR-MED-0176,1298,0.741,0.461,0.6143,0.417,16.9,0.293,31.9,36.5,0.3472,27,13.6,0.3066,0.3235,0.3598,0.2795,0.474,0.5853,0.4044,0.2618,0.3169,0.6624,0.630557,RMD,BRACKET_MEDIUM,false,true,0.50989108,0.37860004,0.34484832000000004,,0.3401,false
EVT-MED-0177,Metallurgical Innovation Surge in Mali Empire,1477,medieval,technological,West Africa,Mali Empire,CHR-MED-0177,709.4,0.415,0.868,0.3064,0.547,11,0.3285,31.1,35.4,0.3319,27.6,13.8,0.3092,0.2724,0.3259,0.3733,0.4474,0.4696,0.3777,0.1972,0.1868,0.6382,0.451005,CMN,BRACKET_BASE,false,true,0.8130645,0.535125,0.64375,,0.2842,true
EVT-MED-0178,Imperial Annexation War in Mongol Empire / Ilkhanate,502,medieval,war,Eurasian Steppe,Mongol Empire / Ilkhanate,CHR-MED-0178,847.6,0.442,0.513,0.4714,0.46,10.6,0.283,34.4,40,0.3951,63.9,9.8,0.3499,0.4466,0.3752,0.1739,0.3652,0.3812,0.3484,-0.0654,0.4824,0.6135,0.668046,RMD,BRACKET_MEDIUM,false,true,0.41127948000000003,0.38690544,0.48678672000000006,,0.3722,false
EVT-MED-0179,Silver Flotilla Currency Shock in Kingdom of France,1187,medieval,economic,Western Europe,Kingdom of France,CHR-MED-0179,792.4,0.56,0.694,0.3551,0.622,9.4,0.358,30.2,34.3,0.3156,62.2,7.3,0.3355,0.2925,0.2011,0,0.1406,0.2531,0.1775,-0.0394,0.3386,0.5816,0.331323,CMN,BRACKET_BASE,false,true,0.94816416,0.555375,0.7245,,0.3859,true
EVT-MED-0180,Pantheon Reformation of Tang Dynasty,691,medieval,religious,East Asia,Tang Dynasty,CHR-MED-0180,976.8,0.42,0.688,0.4877,0.504,13.8,0.321,32.7,36.3,0.3546,49.1,11.1,0.3373,0.3456,0.3868,0.1949,0.354,0.4168,0.3396,0.0712,0.4058,0.5954,0.575257,CMN,BRACKET_BASE,false,true,0.6918775600000001,0.52384005,0.6298499999999999,,0.3524,false
EVT-MED-0181,Metallurgical Innovation Surge in Mongol Empire / Ilkhanate,634,medieval,technological,Eurasian Steppe,Mongol Empire / Ilkhanate,CHR-MED-0181,645,0.683,0.236,0.3845,0.521,13.4,0.3275,33.1,35.9,0.3565,63.4,13.4,0.3673,0.2653,0.2953,0.3625,0.4552,0.6428,0.4042,0.3775,0.1756,0.7175,0.524364,CMN,BRACKET_BASE,false,true,0.69907476,0.553625,0.533,,0.3389,false
EVT-MED-0182,Harbor Incursion Sickness in Kamakura / Muromachi Japan,529,medieval,pandemic,East Asia,Kamakura / Muromachi Japan,CHR-MED-0182,1294.4,0.725,0.772,0.5241,0.392,5.3,0.2225,32.6,40.9,0.3811,32.3,7,0.2865,0.4284,0.3869,0.0585,0.2924,0.1181,0.2569,-0.3103,0.6529,0.7916,0.426734,CMN,BRACKET_BASE,false,true,0.9043552500000002,0.56725,0.94475,,0.3781,true
EVT-MED-0183,Navigational Instrument Reform in Kingdom of France,1230,medieval,technological,Western Europe,Kingdom of France,CHR-MED-0183,662.2,0.703,0.311,0.3643,0.593,10.7,0.35,31.2,43.6,0.3822,49.4,9.7,0.3308,0.275,0.3248,0.4218,0.5222,0.477,0.4042,0.202,0.2138,0.6281,0.677771,RMD,BRACKET_MEDIUM,false,true,0.35051044000000003,0.3765125,0.43022745,,0.2793,false
EVT-MED-0184,Territorial Rupture of Mongol Empire / Ilkhanate,1212,medieval,collapse,Eurasian Steppe,Mongol Empire / Ilkhanate,CHR-MED-0184,648.4,0.76,0.562,0.2653,0.846,10.2,0.474,33.3,42.8,0.4,47.8,10,0.3299,0.5165,0.4525,0.1198,0.2105,0.1205,0.284,-0.396,0.8365,0.8821,0.676294,RMD,BRACKET_MEDIUM,false,true,0.6110204400000001,0.39008955,0.6010726399999999,,0.3725,false
EVT-MED-0185,Metallurgical Innovation Surge in Khmer Empire,1249,medieval,technological,Southeast Asia,Khmer Empire,CHR-MED-0185,1112.1,0.503,0.43,0.6054,0.542,15.5,0.3485,31.4,43.6,0.3844,27.2,6,0.2691,0.3483,0.4007,0.4718,0.5858,0.6929,0.4999,0.3446,0.3886,0.7125,0.751283,RMD,BRACKET_HIGH,true,false,0.34854840000000004,0.37617615000000004,0.38597904,,0.3267,false
EVT-MED-0186,Pantheon Reformation of Tang Dynasty,1181,medieval,religious,East Asia,Tang Dynasty,CHR-MED-0186,932.6,0.603,0.225,0.5504,0.789,11.2,0.4505,27.8,40.7,0.3282,58.3,9.8,0.3433,0.3965,0.389,0.2758,0.3728,0.5814,0.4031,0.1849,0.271,0.5982,0.808358,RMD,BRACKET_HIGH,true,false,0.3942275,0.54230358,0.55128787,,0.3581,false
EVT-MED-0187,Guild Monopoly Reform in Mongol Empire / Ilkhanate,661,medieval,economic,Eurasian Steppe,Mongol Empire / Ilkhanate,CHR-MED-0187,1055.2,0.484,0.449,0.578,0.31,8.4,0.197,28.6,35.3,0.3044,63.7,10.6,0.3537,0.383,0.2947,0.0344,0.1167,0.1698,0.1997,-0.2132,0.2675,0.6501,0.404155,CMN,BRACKET_BASE,false,true,0.7618097500000001,0.54168064,0.74871048,,0.3753,true
EVT-MED-0188,Urban Quarantine Emergency in Kingdom of France,533,medieval,pandemic,Western Europe,Kingdom of France,CHR-MED-0188,1087,0.585,0.259,0.6201,0.748,17.7,0.4625,29.5,35.1,0.3129,58.1,5.1,0.3195,0.4796,0.4281,0.0545,0.2252,0.3948,0.3164,-0.0848,0.8585,0.6811,0.488413,CMN,BRACKET_BASE,false,true,0.8566641700000002,0.5706965199999999,0.7712352800000001,,0.4072,false
EVT-MED-0189,Orthodoxy & Heresy Trial Wave in Khmer Empire,1042,medieval,religious,Southeast Asia,Khmer Empire,CHR-MED-0189,812.7,0.429,0.581,0.4381,0.664,10,0.382,26.9,40.7,0.3185,53.8,6.1,0.319,0.3263,0.3273,0.1964,0.3371,0.3284,0.3031,0.0021,0.4127,0.5635,0.698277,RMD,BRACKET_MEDIUM,false,false,0.42262752,0.368676,0.43998864,,0.3192,false
EVT-MED-0190,Fiscal Modernization in Kingdom of England,796,medieval,transformation,British Isles,Kingdom of England,CHR-MED-0190,819.1,0.641,0.318,0.4564,0.374,16.5,0.2695,32.2,42.7,0.3876,11.3,11.7,0.234,0.2766,0.3139,0.1844,0.3536,0.4341,0.3125,0.1575,0.2307,0.6057,0.563342,CMN,BRACKET_BASE,false,true,0.6527180799999999,0.46050749999999996,0.52402273,,0.342,false
EVT-MED-0191,Agrarian Insurgency in Tang Dynasty,1367,medieval,revolution,East Asia,Tang Dynasty,CHR-MED-0191,718.8,0.563,0.759,0.2992,0.686,9.6,0.391,26.5,39.6,0.3076,13.2,4.7,0.2103,0.3832,0.2474,0,0.2126,0.1654,0.2017,-0.2178,0.367,0.6897,0.745877,RMD,BRACKET_HIGH,true,false,0.6026974800000001,0.48544045999999996,0.75813668,,0.3905,false
EVT-MED-0192,Silver Flotilla Currency Shock in Chola Dynasty,1429,medieval,economic,South India,Chola Dynasty,CHR-MED-0192,581.7,0.462,0.464,0.3519,0.794,10.2,0.448,25.9,43.8,0.3263,25.8,5.1,0.2608,0.3437,0.2886,0.011,0.1185,0.4512,0.2426,0.1075,0.6093,0.6714,0.372989,CMN,BRACKET_BASE,false,true,0.9179555000000001,0.57775,0.7161249999999999,,0.4062,true
EVT-MED-0193,Secular Legal Separation in Kingdom of France,1472,medieval,religious,Western Europe,Kingdom of France,CHR-MED-0193,683.3,0.477,0.527,0.3775,0.707,10.7,0.407,34,39.4,0.3872,25,9.7,0.2815,0.3222,0.2911,0.1476,0.3126,0.3802,0.2907,0.058,0.5168,0.6148,0.647487,RMD,BRACKET_MEDIUM,false,true,0.5612262400000001,0.37617456,0.43419744,,0.3571,false
EVT-MED-0194,Grain Market Price Shock across Kingdom of France,1388,medieval,economic,Western Europe,Kingdom of France,CHR-MED-0194,987.7,0.526,0.776,0.4348,0.289,14.5,0.217,25.8,38.7,0.2947,10.8,11.8,0.2312,0.336,0.301,0.1302,0.2559,0.3981,0.2842,0.0621,0.616,0.6756,0.455622,CMN,BRACKET_BASE,false,true,0.71494254,0.4554851,0.6256587,,0.3692,false
EVT-MED-0195,Astronomical Standardization by Mongol Empire / Ilkhanate,1431,medieval,technological,Eurasian Steppe,Mongol Empire / Ilkhanate,CHR-MED-0195,615.7,0.727,0.167,0.3779,0.291,16,0.2255,31.9,34.3,0.334,25.7,8.7,0.2785,0.2555,0.2975,0.3701,0.5229,0.5461,0.3984,0.2906,0.4052,0.7476,0.5747,CMN,BRACKET_BASE,false,true,0.7861506500000001,0.544125,0.65225,,0.3148,false
EVT-MED-0196,Agricultural Plague Wave in Mongol Empire / Ilkhanate,883,medieval,pandemic,Eurasian Steppe,Mongol Empire / Ilkhanate,CHR-MED-0196,629.6,0.607,0.763,0.2418,0.389,11.7,0.253,27.8,44.8,0.3528,31.7,6.9,0.2847,0.3318,0.2564,0,0.2196,0.1926,0.2001,-0.1392,0.7522,0.7661,0.423306,CMN,BRACKET_BASE,false,true,0.9549793200000001,0.547625,0.8342499999999999,,0.3847,true
EVT-MED-0197,Metallurgical Innovation Surge in Kingdom of France,616,medieval,technological,Western Europe,Kingdom of France,CHR-MED-0197,1195.1,0.613,0.325,0.6439,0.245,17.9,0.212,30.5,39.4,0.3495,31.7,10.7,0.3037,0.3259,0.3831,0.4734,0.6001,0.4748,0.4515,0.1489,0.4513,0.6424,0.674102,RMD,BRACKET_MEDIUM,false,true,0.49390796000000003,0.39165539,0.49454864,,0.2827,false
EVT-MED-0198,Radical Assembly Schism in Holy Roman Empire,897,medieval,revolution,Central Europe,Holy Roman Empire,CHR-MED-0198,693.9,0.727,0.55,0.3007,0.479,5,0.2645,30.9,34.5,0.3244,62.1,11.9,0.3583,0.3999,0.2932,0,0.2009,0.3979,0.2584,-0.002,0.3772,0.5919,0.475638,CMN,BRACKET_BASE,false,true,0.65824416,0.49665613,0.66546312,,0.4063,false
EVT-MED-0199,Fiscal Modernization in Mali Empire,868,medieval,transformation,West Africa,Mali Empire,CHR-MED-0199,1016.5,0.571,0.652,0.4724,0.585,12.2,0.3535,35.3,35.8,0.3796,50.8,8.2,0.3253,0.2632,0.2912,0.207,0.437,0.5204,0.3438,0.2572,0.3532,0.6764,0.75494,RMD,BRACKET_HIGH,true,false,0.5822361899999999,0.4684666799999999,0.5072895799999999,,0.3448,false
EVT-MED-0200,Educational Charter of Song Dynasty,1474,medieval,transformation,East Asia,Song Dynasty,CHR-MED-0200,560.5,0.649,0.755,0.1983,0.238,11.7,0.1775,31.7,36.2,0.3432,26.7,8.5,0.2803,0.1971,0.2309,0.1612,0.3273,0.4591,0.2751,0.262,0.1248,0.6948,0.622374,CMN,BRACKET_BASE,false,true,0.48970855,0.36833385,0.29744706000000004,,0.3381,false
EVT-MED-0201,Secular Legal Separation in Song Dynasty,506,medieval,religious,East Asia,Song Dynasty,CHR-MED-0201,819,0.436,0.688,0.4069,0.265,13.3,0.199,33.2,41.4,0.3906,36.9,9.5,0.3087,0.3446,0.3589,0.252,0.3254,0.4705,0.3503,0.1259,0.2588,0.6132,0.798111,RMD,BRACKET_HIGH,true,false,0.42950699999999997,0.5222846,0.56916954,,0.3303,false
EVT-MED-0202,Constitutional Reorganization of Kamakura / Muromachi Japan,934,medieval,transformation,East Asia,Kamakura / Muromachi Japan,CHR-MED-0202,865.5,0.575,0.425,0.4665,0.256,10.3,0.1795,35.1,43,0.4206,12.4,11.4,0.2392,0.2227,0.2925,0.1788,0.3047,0.4065,0.281,0.1838,0.1332,0.6026,0.76479,RMD,BRACKET_HIGH,true,false,0.58709743,0.47436901,0.49649655000000004,,0.3249,false
EVT-MED-0203,Mechanical Power Harnessing in Khmer Empire,982,medieval,technological,Southeast Asia,Khmer Empire,CHR-MED-0203,867,0.569,0.57,0.4255,0.517,6,0.2885,31.2,37.9,0.348,28.7,13.4,0.31,0.2625,0.3053,0.4105,0.5033,0.5318,0.4027,0.2693,0.4793,0.7359,0.645016,RMD,BRACKET_MEDIUM,false,true,0.51574104,0.36510786,0.43021405,,0.2996,false
EVT-MED-0204,Navigational Instrument Reform in Kievan Rus,1489,medieval,technological,Eastern Europe,Kievan Rus,CHR-MED-0204,638,0.572,0.21,0.4223,0.322,7.7,0.1995,33.9,44.6,0.4173,61,11.3,0.3541,0.2767,0.3244,0.4436,0.5672,0.4325,0.4089,0.1558,0.4782,0.6778,0.628403,CMN,BRACKET_BASE,false,true,0.67975388,0.55175,0.79775,,0.2859,false
EVT-MED-0205,Caravan Route Pestilence in Kamakura / Muromachi Japan,1342,medieval,pandemic,East Asia,Kamakura / Muromachi Japan,CHR-MED-0205,1037.9,0.679,0.246,0.5721,0.791,15,0.4705,26.2,35.8,0.2816,46.8,7,0.3134,0.509,0.482,0.1154,0.2295,0.4193,0.351,-0.0897,0.8717,0.6977,0.649108,RMD,BRACKET_MEDIUM,false,true,0.66229184,0.5632307,0.7725028199999999,,0.4048,false
EVT-MED-0206,Fiscal Modernization in Chola Dynasty,839,medieval,transformation,South India,Chola Dynasty,CHR-MED-0206,600.9,0.402,0.114,0.4842,0.834,9.6,0.465,35.1,43.8,0.4254,19.4,5,0.2396,0.3381,0.3984,0.2686,0.426,0.6851,0.4232,0.347,0.2468,0.6729,0.568955,CMN,BRACKET_BASE,false,true,0.5391456,0.40176768,0.35560190999999997,,0.3685,false
EVT-MED-0207,Monastic Network Expansion of Kingdom of England,1409,medieval,religious,British Isles,Kingdom of England,CHR-MED-0207,764.6,0.649,0.715,0.3087,0.514,6.7,0.2905,33.8,39.6,0.3862,26.7,5.2,0.2638,0.344,0.3518,0.2624,0.3717,0.504,0.3668,0.16,0.342,0.6541,0.771303,RMD,BRACKET_HIGH,true,false,0.4737447,0.5234716,0.5659554800000001,,0.332,false
EVT-MED-0208,Silver Flotilla Currency Shock in Byzantine Empire,781,medieval,economic,Eastern Mediterranean,Byzantine Empire,CHR-MED-0208,1017.6,0.425,0.421,0.586,0.349,8,0.2145,27,34.9,0.2848,63.9,6.8,0.3349,0.3539,0.3046,0.2,0.3688,0.3632,0.3181,0.0093,0.284,0.5432,0.796984,RMD,BRACKET_HIGH,true,false,0.41163470999999996,0.37670232,0.42774340000000005,,0.3342,false
EVT-MED-0209,Civic Restoration Revolt in Kingdom of France,1247,medieval,revolution,Western Europe,Kingdom of France,CHR-MED-0209,1085,0.59,0.104,0.6641,0.566,11.1,0.3385,30,41.9,0.3591,58.4,11.2,0.3504,0.5166,0.339,0.0668,0.3147,0.6719,0.3818,0.1553,0.3636,0.6005,0.560808,CMN,BRACKET_BASE,false,true,0.6348849999999999,0.5462791200000001,0.66578875,,0.3945,false
EVT-MED-0210,Imperial Unification of Kievan Rus,1199,medieval,transformation,Eastern Europe,Kievan Rus,CHR-MED-0210,1346.2,0.71,0.498,0.6358,0.649,9.7,0.373,30.4,40,0.352,28.1,12.2,0.3025,0.3404,0.3746,0.2746,0.4117,0.6556,0.4114,0.3152,0.3594,0.6859,0.628446,CMN,BRACKET_BASE,false,true,0.52197288,0.47049167999999997,0.51133498,,0.3585,false
EVT-MED-0211,Caravan Route Pestilence in Kingdom of England,1138,medieval,pandemic,British Isles,Kingdom of England,CHR-MED-0211,1126.7,0.628,0.105,0.6725,0.294,14.6,0.22,29.5,38.8,0.3351,49.7,12.9,0.3472,0.4355,0.3677,0.0612,0.2664,0.4252,0.3112,-0.0103,0.7777,0.6458,0.457767,CMN,BRACKET_BASE,false,true,0.83351472,0.57775,0.79025,,0.4038,false
EVT-MED-0212,Popular Uprising of Abbasid Caliphate,588,medieval,revolution,Middle East,Abbasid Caliphate,CHR-MED-0212,751.1,0.484,0.274,0.484,0.725,5.2,0.3885,30.8,37.4,0.3407,16.3,9,0.247,0.4317,0.2767,0,0.2061,0.311,0.2451,-0.1207,0.6509,0.6759,0.457825,CMN,BRACKET_BASE,false,true,0.84683907,0.575125,0.831375,,0.405,true
EVT-MED-0213,Provincial Autonomy Insurgency against Abbasid Caliphate,505,medieval,revolution,Middle East,Abbasid Caliphate,CHR-MED-0213,654.9,0.503,0.797,0.275,0.554,10.1,0.3275,32.4,44.6,0.4011,35.2,7.8,0.2968,0.319,0.1474,0,0.2028,0.4719,0.2282,0.1529,0.7773,0.7564,0.691125,RMD,BRACKET_MEDIUM,false,false,0.61112826,0.38198652,0.42146120000000004,,0.4042,false
EVT-MED-0214,Popular Uprising of Byzantine Empire,1151,medieval,revolution,Eastern Mediterranean,Byzantine Empire,CHR-MED-0214,1048.2,0.448,0.219,0.6545,0.432,16.6,0.299,25.7,41.6,0.311,14.6,5.9,0.2236,0.4706,0.353,0.0025,0.2119,0.6138,0.3304,0.1432,0.78,0.7127,0.606084,CMN,BRACKET_BASE,false,true,0.63389788,0.629875,0.764625,,0.3961,false
EVT-MED-0215,Astronomical Standardization by Umayyad Caliphate (Al-Andalus),1059,medieval,technological,Iberia / North Africa,Umayyad Caliphate (Al-Andalus),CHR-MED-0215,623.9,0.524,0.269,0.4122,0.44,8.3,0.2615,34.3,40,0.394,38.5,6.7,0.2977,0.2974,0.3335,0.417,0.5071,0.6631,0.4436,0.3657,0.3242,0.7484,0.593699,CMN,BRACKET_BASE,false,true,0.6673736000000001,0.550625,0.602,,0.3324,false
EVT-MED-0216,Educational Charter of Song Dynasty,799,medieval,transformation,East Asia,Song Dynasty,CHR-MED-0216,1233.8,0.715,0.79,0.4925,0.284,14.7,0.2155,33,40.5,0.383,57.6,7.4,0.3304,0.2786,0.309,0.1912,0.352,0.4267,0.3115,0.1481,0.1202,0.5764,0.754799,RMD,BRACKET_HIGH,true,false,0.41716689,0.47792199,0.5177931,,0.3361,false
EVT-MED-0217,Strategic Siege of Mali Empire,1428,medieval,war,West Africa,Mali Empire,CHR-MED-0217,823.7,0.596,0.119,0.5319,0.793,5.5,0.424,31.6,41.4,0.3733,64.4,12.3,0.363,0.457,0.339,0.1494,0.216,0.2573,0.2837,-0.1997,0.6068,0.6902,0.661089,RMD,BRACKET_MEDIUM,false,true,0.62755684,0.47805679999999995,0.7791144299999999,,0.3596,false
EVT-MED-0218,Provincial Autonomy Insurgency against Mali Empire,1112,medieval,revolution,West Africa,Mali Empire,CHR-MED-0218,628,0.494,0.894,0.2356,0.715,8.9,0.402,28.1,34.3,0.293,34.2,11.7,0.3142,0.3013,0.1355,0,0.1131,0.0542,0.1208,-0.2471,0.5187,0.7535,0.348569,CMN,BRACKET_BASE,false,true,1,0.5375,0.82225,,0.3498,true
EVT-MED-0219,Mechanical Power Harnessing in Mali Empire,821,medieval,technological,West Africa,Mali Empire,CHR-MED-0219,983.1,0.607,0.244,0.5679,0.294,10.2,0.198,29.6,36.3,0.3212,16.2,11.9,0.2611,0.2701,0.2957,0.4027,0.5373,0.5471,0.4106,0.277,0.4951,0.7403,0.497178,CMN,BRACKET_BASE,false,true,0.6548750000000001,0.544875,0.6956249999999999,,0.307,false
EVT-MED-0220,Strategic Siege of Kamakura / Muromachi Japan,1408,medieval,war,East Asia,Kamakura / Muromachi Japan,CHR-MED-0220,1267.8,0.676,0.861,0.4993,0.218,8.7,0.1525,35.6,37.1,0.3906,27.7,11.9,0.2999,0.3981,0.3088,0.0903,0.2213,0.1149,0.2267,-0.2832,0.3427,0.7122,0.508923,CMN,BRACKET_BASE,false,true,0.5684313599999999,0.3863088,0.53476676,,0.3533,false
EVT-MED-0221,Decentralization Wave across Kingdom of France,1285,medieval,collapse,Western Europe,Kingdom of France,CHR-MED-0221,1088.4,0.636,0.521,0.5268,0.474,7.5,0.2745,26.7,42.3,0.326,62.9,6.7,0.3333,0.4849,0.401,0.0338,0.0815,0.2788,0.256,-0.2061,0.4357,0.6811,0.394411,CMN,BRACKET_BASE,false,true,0.8803760100000001,0.59275,0.8724999999999999,,0.4071,true
EVT-MED-0222,Educational Charter of Mongol Empire / Ilkhanate,768,medieval,transformation,Eurasian Steppe,Mongol Empire / Ilkhanate,CHR-MED-0222,1339.3,0.558,0.166,0.7776,0.623,8.9,0.356,29.2,43.8,0.3619,37.9,11.8,0.3221,0.3714,0.3966,0.2782,0.4257,0.4886,0.3921,0.1172,0.1185,0.4986,0.795493,RMD,BRACKET_HIGH,true,false,0.34246413000000003,0.3859593,0.36805543999999996,,0.3311,false
EVT-MED-0223,Printing & Communications Diffusion in Classic Maya & Postclassic,1074,medieval,technological,Mesoamerica,Classic Maya & Postclassic,CHR-MED-0223,1239.8,0.453,0.647,0.6169,0.487,8,0.2835,25.8,40.4,0.3049,16.1,8.3,0.2426,0.2987,0.3572,0.4688,0.5897,0.4408,0.431,0.1421,0.1787,0.5706,0.647464,RMD,BRACKET_MEDIUM,false,true,0.47209756,0.38755212,0.46282992,,0.287,false
EVT-MED-0224,Decentralization Wave across Song Dynasty,1137,medieval,collapse,East Asia,Song Dynasty,CHR-MED-0224,1003.5,0.689,0.725,0.4088,0.35,6.8,0.209,33.5,40.3,0.3872,11,12.1,0.2341,0.4136,0.361,0,0.0534,0.0776,0.1811,-0.336,0.612,0.8137,0.461149,CMN,BRACKET_BASE,false,true,0.6678642,0.40243752,0.5908575199999999,,0.3771,false
EVT-MED-0225,Palatial Collapse of Kievan Rus,983,medieval,collapse,Eastern Europe,Kievan Rus,CHR-MED-0225,605.2,0.541,0.563,0.3099,0.21,11.2,0.161,25.1,41.8,0.3057,12.1,8.2,0.2215,0.3937,0.2747,0.0512,0.0778,0,0.1595,-0.4496,0.5004,0.8814,0.586936,CMN,BRACKET_BASE,false,true,0.62786178,0.3906392,0.5783877000000001,,0.3633,false
EVT-MED-0226,Astronomical Standardization by Kingdom of England,1451,medieval,technological,British Isles,Kingdom of England,CHR-MED-0226,829.6,0.479,0.839,0.3538,0.457,9,0.2735,27.2,40.9,0.3229,60.4,6.3,0.3283,0.2236,0.2702,0.3312,0.4339,0.5596,0.3637,0.336,0.1832,0.7147,0.755626,RMD,BRACKET_HIGH,true,false,0.35448192,0.3812388,0.353808,,0.3273,false
EVT-MED-0227,Caravan Route Pestilence in Kievan Rus,1362,medieval,pandemic,Eastern Europe,Kievan Rus,CHR-MED-0227,1240.1,0.661,0.229,0.68,0.388,8.5,0.2365,32.4,43.3,0.3933,62.5,8.9,0.3438,0.5125,0.4574,0.0786,0.2076,0.3286,0.3169,-0.1839,0.6111,0.6856,0.58397,CMN,BRACKET_BASE,false,true,0.6638274499999999,0.587375,0.891,,0.4037,true
EVT-MED-0228,Grain Market Price Shock across Tang Dynasty,1466,medieval,economic,East Asia,Tang Dynasty,CHR-MED-0228,687.7,0.554,0.324,0.4174,0.765,12.9,0.447,26.6,44.9,0.3405,43.1,7.9,0.3119,0.3852,0.3268,0.1336,0.2094,0.2249,0.256,-0.1603,0.5486,0.673,0.424324,CMN,BRACKET_BASE,false,true,0.59093696,0.38574933,0.5228646800000001,,0.3429,false
EVT-MED-0229,Fiscal Modernization in Kingdom of England,1388,medieval,transformation,British Isles,Kingdom of England,CHR-MED-0229,1125.4,0.604,0.306,0.6188,0.438,8.2,0.26,29.4,41.8,0.352,60.1,9.8,0.3455,0.3178,0.3494,0.2623,0.4548,0.5154,0.3799,0.1976,0.3195,0.632,0.749886,RMD,BRACKET_HIGH,true,false,0.48416366,0.37711168,0.36090864,,0.3298,false
EVT-MED-0230,Urban Quarantine Emergency in Mongol Empire / Ilkhanate,1243,medieval,pandemic,Eurasian Steppe,Mongol Empire / Ilkhanate,CHR-MED-0230,913.7,0.415,0.532,0.5056,0.339,16.4,0.2515,31.8,44,0.3911,32.4,13.8,0.3208,0.4225,0.358,0.0559,0.2219,0.1531,0.2423,-0.2694,0.9293,0.8356,0.539895,CMN,BRACKET_BASE,false,true,0.6738396,0.38252726,0.55701555,,0.3761,false
EVT-MED-0231,Epidemic Fever Outbreak across Mongol Empire / Ilkhanate,1240,medieval,pandemic,Eurasian Steppe,Mongol Empire / Ilkhanate,CHR-MED-0231,1204.5,0.534,0.476,0.6269,0.41,6.4,0.237,25.3,34.8,0.2659,37.6,9,0.3075,0.4359,0.38,0,0.2119,0.3104,0.2676,-0.1255,0.7176,0.7077,0.358931,CMN,BRACKET_BASE,false,true,0.7934832500000001,0.56005888,0.7836094,,0.4062,false
EVT-MED-0232,Maritime Trade Hub Expansion in Kingdom of England,539,medieval,economic,British Isles,Kingdom of England,CHR-MED-0232,1105.5,0.427,0.664,0.5549,0.5,12.2,0.311,28.8,42.5,0.3498,61.8,5.2,0.3245,0.3887,0.3272,0.0717,0.1987,0.2874,0.2547,-0.1013,0.5526,0.6405,0.567876,CMN,BRACKET_BASE,false,true,0.5771007,0.39192438999999996,0.506935,,0.3837,false
EVT-MED-0233,Sanitation & Medical Breakthrough in Classic Maya & Postclassic,1480,medieval,technological,Mesoamerica,Classic Maya & Postclassic,CHR-MED-0233,1031.8,0.687,0.337,0.5395,0.452,12.3,0.2875,33.5,42.5,0.4004,18.4,7,0.2458,0.3174,0.3559,0.4718,0.5959,0.5703,0.4623,0.2529,0.495,0.7062,0.485504,CMN,BRACKET_BASE,false,true,0.6261808,0.52820274,0.6771761099999999,,0.2961,false
EVT-MED-0234,Frontier Fragmentation of Kingdom of France,1446,medieval,collapse,Western Europe,Kingdom of France,CHR-MED-0234,1263.8,0.643,0.891,0.4983,0.357,8.9,0.223,34.7,39.8,0.3971,20.9,6,0.25,0.4256,0.3526,0.0181,0.0474,0.1104,0.1908,-0.3152,0.5916,0.7803,0.569871,CMN,BRACKET_BASE,false,true,0.6394278,0.39602745,0.5727157,,0.3794,false
EVT-MED-0235,Fiscal Modernization in Kievan Rus,1389,medieval,transformation,Eastern Europe,Kievan Rus,CHR-MED-0235,971.8,0.63,0.474,0.4865,0.438,5,0.244,25.3,36.7,0.2773,21.1,4.5,0.2432,0.2382,0.2908,0.1968,0.3445,0.3824,0.2905,0.1442,0.2758,0.6256,0.454796,CMN,BRACKET_BASE,false,true,0.72961248,0.5169384,0.55408188,,0.3113,false
EVT-MED-0236,Astronomical Standardization by Chola Dynasty,706,medieval,technological,South India,Chola Dynasty,CHR-MED-0236,1188.5,0.674,0.534,0.5598,0.739,8.3,0.411,29.2,37.3,0.3229,60,6,0.3264,0.3215,0.375,0.445,0.5769,0.6748,0.4786,0.3533,0.1923,0.6748,0.845301,RMD,BRACKET_HIGH,true,false,0.41013408,0.4904064,0.53831376,,0.3301,false
EVT-MED-0237,Maritime Trade Hub Expansion in Kievan Rus,765,medieval,economic,Eastern Europe,Kievan Rus,CHR-MED-0237,797.5,0.636,0.702,0.3323,0.776,9.2,0.434,28.9,38.3,0.3256,14.2,8.8,0.236,0.3162,0.2563,0.0335,0.1837,0.429,0.2437,0.1128,0.4163,0.6312,0.569025,CMN,BRACKET_BASE,false,true,0.7124999999999999,0.56775,0.667625,,0.4,true
EVT-MED-0238,Agrarian Restructuring of Song Dynasty,1247,medieval,transformation,East Asia,Song Dynasty,CHR-MED-0238,738.9,0.701,0.395,0.3767,0.642,17.7,0.4095,35,38.7,0.3937,61.8,10.6,0.3515,0.2918,0.3697,0.2963,0.527,0.3931,0.3756,0.1013,0.395,0.6065,0.815214,RMD,BRACKET_HIGH,true,false,0.4125084,0.37979126,0.40266056000000006,,0.3041,false
EVT-MED-0239,Systemic Governance Breakdown in Kingdom of France,792,medieval,collapse,Western Europe,Kingdom of France,CHR-MED-0239,1088.3,0.4,0.395,0.6354,0.735,11.7,0.426,31.2,36.1,0.3372,49.9,4.6,0.306,0.4936,0.3864,0.0399,0.1218,0.0839,0.2251,-0.4097,0.6231,0.7972,0.570168,CMN,BRACKET_BASE,false,true,0.62192232,0.51569232,0.90370512,,0.3772,false
EVT-MED-0240,Respiratory Virulence Wave across Holy Roman Empire,661,medieval,pandemic,Central Europe,Holy Roman Empire,CHR-MED-0240,922.4,0.447,0.313,0.5659,0.662,10,0.381,26.1,34.9,0.2751,10.3,13.6,0.2368,0.3933,0.3134,0,0.1911,0.1247,0.2045,-0.2686,0.6719,0.7597,0.544453,CMN,BRACKET_BASE,false,true,0.66203274,0.39473056,0.5690503199999999,,0.3876,false
EVT-MED-0241,Educational Charter of Holy Roman Empire,604,medieval,transformation,Central Europe,Holy Roman Empire,CHR-MED-0241,558.5,0.692,0.652,0.2154,0.705,11.5,0.41,35.9,41.6,0.4208,28.3,12.9,0.3065,0.2619,0.3007,0.1663,0.2881,0.5876,0.3209,0.3257,0.3594,0.7388,0.75966,RMD,BRACKET_HIGH,true,false,0.4890571900000001,0.38251488,0.3582691,,0.3745,false
EVT-MED-0242,Bureaucratic Consolidation of Chola Dynasty,703,medieval,transformation,South India,Chola Dynasty,CHR-MED-0242,893.8,0.553,0.595,0.4357,0.658,12.8,0.393,35,34.9,0.3709,20.5,12.2,0.2796,0.2874,0.3351,0.2697,0.393,0.511,0.3592,0.2236,0.3921,0.6688,0.796256,RMD,BRACKET_HIGH,true,false,0.39481723,0.37554107999999997,0.35778616,,0.3251,false
EVT-MED-0243,Popular Uprising of Byzantine Empire,1265,medieval,revolution,Eastern Mediterranean,Byzantine Empire,CHR-MED-0243,646.2,0.734,0.213,0.3767,0.814,17.8,0.496,27,37.1,0.298,28.5,12.9,0.307,0.4276,0.2944,0,0.2139,0.2167,0.2305,-0.2109,0.7432,0.7541,0.594495,CMN,BRACKET_BASE,false,true,0.7222731299999999,0.54890136,0.809787,,0.3983,false
EVT-MED-0244,Administrative Codification of Kamakura / Muromachi Japan,1427,medieval,transformation,East Asia,Kamakura / Muromachi Japan,CHR-MED-0244,1291,0.627,0.795,0.545,0.225,8.8,0.1565,28.9,43.3,0.3556,61.2,11.7,0.3563,0.2344,0.2948,0.1735,0.3431,0.4505,0.2993,0.2161,0.3653,0.6795,0.702506,RMD,BRACKET_HIGH,false,false,0.5525879600000001,0.46292424,0.51855782,,0.3391,false
EVT-MED-0245,Continental Standoff of Mongol Empire / Ilkhanate,1385,medieval,war,Eurasian Steppe,Mongol Empire / Ilkhanate,CHR-MED-0245,574.8,0.725,0.276,0.3261,0.548,13.5,0.3415,33,36,0.356,53.7,9.2,0.3343,0.2908,0.2007,0,0.1769,0.3638,0.2064,0.073,0.6888,0.6881,0.643597,RMD,BRACKET_MEDIUM,false,true,0.5695962999999999,0.38205059999999996,0.43617796000000003,,0.3977,false
EVT-MED-0246,Provincial Autonomy Insurgency against Kamakura / Muromachi Japan,1407,medieval,revolution,East Asia,Kamakura / Muromachi Japan,CHR-MED-0246,605.3,0.447,0.619,0.3213,0.358,6.1,0.2095,31.4,38.5,0.3538,40.7,12,0.3283,0.3137,0.1747,0,0.1638,0.0789,0.1462,-0.2348,0.4047,0.7253,0.55219,CMN,BRACKET_BASE,false,true,0.6247071000000001,0.37084728,0.49744260999999995,,0.3619,false
EVT-MED-0247,Hydraulic Engineering Grid in Holy Roman Empire,882,medieval,technological,Central Europe,Holy Roman Empire,CHR-MED-0247,1091.2,0.733,0.43,0.5264,0.37,13.9,0.2545,32,37.5,0.3542,20.1,12.4,0.2792,0.2737,0.3205,0.4187,0.5607,0.5556,0.4258,0.2819,0.3282,0.694,0.612038,CMN,BRACKET_BASE,false,true,0.5407473399999999,0.48074538,0.62081292,,0.3069,false
EVT-MED-0248,Maritime Trade Hub Expansion in Chola Dynasty,661,medieval,economic,South India,Chola Dynasty,CHR-MED-0248,675.5,0.629,0.39,0.3692,0.282,12.2,0.202,34.2,42.7,0.4091,33.2,10.4,0.3055,0.3357,0.2425,0.1321,0.259,0.2106,0.236,-0.1251,0.5651,0.6918,0.506354,CMN,BRACKET_BASE,false,true,0.60083556,0.36589599,0.48713691000000003,,0.328,false
EVT-MED-0249,Continental Standoff of Byzantine Empire,716,medieval,war,Eastern Mediterranean,Byzantine Empire,CHR-MED-0249,626.4,0.484,0.513,0.3522,0.725,7.7,0.401,35.7,38.3,0.3989,56.5,8.4,0.334,0.3855,0.3266,0.0315,0.1587,0.4554,0.2715,0.0699,0.5752,0.6387,0.375029,CMN,BRACKET_BASE,false,true,0.8152229999999999,0.5600583899999999,0.6736678199999999,,0.4064,false
EVT-MED-0250,Radical Assembly Schism in Kingdom of France,1434,medieval,revolution,Western Europe,Kingdom of France,CHR-MED-0250,840.9,0.549,0.588,0.4136,0.842,11.5,0.4785,34.1,43.7,0.414,50.1,5.5,0.3108,0.4893,0.3169,0.1116,0.2411,0.6512,0.362,0.1619,0.5151,0.6503,0.69276,RMD,BRACKET_MEDIUM,false,false,0.51930207,0.6011238600000001,0.6817615199999999,,0.3969,false
EVT-MED-0251,Orthodoxy & Heresy Trial Wave in Chola Dynasty,1098,medieval,religious,South India,Chola Dynasty,CHR-MED-0251,528.6,0.489,0.595,0.2789,0.669,14.7,0.408,33.1,44,0.4051,23.2,9.4,0.2746,0.3118,0.2896,0.1323,0.3073,0.3916,0.2865,0.0798,0.275,0.578,0.503707,CMN,BRACKET_BASE,false,true,0.65295978,0.53379763,0.6069078,,0.3644,false
EVT-MED-0252,Borderlands Pacification of Song Dynasty,1029,medieval,war,East Asia,Song Dynasty,CHR-MED-0252,610.1,0.628,0.612,0.2714,0.351,4.8,0.1995,29.9,34.8,0.3154,53.6,6.5,0.3207,0.2619,0.2035,0,0.0989,0.155,0.1439,-0.1069,0.6835,0.7407,0.375654,CMN,BRACKET_BASE,false,true,0.827546,0.51985318,0.72835983,,0.3613,true
EVT-MED-0253,Guild Monopoly Reform in Byzantine Empire,1060,medieval,economic,Eastern Mediterranean,Byzantine Empire,CHR-MED-0253,1235,0.604,0.629,0.5747,0.423,10.8,0.2655,28.2,34.4,0.2947,21.5,8.9,0.2666,0.4188,0.3934,0.1702,0.2332,0.4016,0.3234,-0.0172,0.3599,0.559,0.63204,RMD,BRACKET_MEDIUM,false,true,0.6612654400000001,0.565625,0.7418750000000001,,0.3743,true
EVT-MED-0254,Strategic Siege of Classic Maya & Postclassic,1437,medieval,war,Mesoamerica,Classic Maya & Postclassic,CHR-MED-0254,622.3,0.424,0.376,0.4093,0.377,14.8,0.2625,34.3,40.3,0.3958,52.2,5.9,0.3158,0.3591,0.2996,0.0804,0.265,0.2797,0.2568,-0.0794,0.5723,0.6558,0.366997,CMN,BRACKET_BASE,false,true,0.9082674999999999,0.551875,0.7955,,0.373,true
EVT-MED-0255,Sanitation & Medical Breakthrough in Mongol Empire / Ilkhanate,620,medieval,technological,Eurasian Steppe,Mongol Empire / Ilkhanate,CHR-MED-0255,612.9,0.48,0.416,0.376,0.424,5.3,0.2385,27,36.7,0.2956,63,13.5,0.3674,0.2286,0.2748,0.3683,0.4554,0.3535,0.3361,0.1249,0.3261,0.6425,0.488254,CMN,BRACKET_BASE,false,true,0.68314022,0.46260200000000007,0.6765579,,0.2776,false
EVT-MED-0256,Strategic Siege of Byzantine Empire,605,medieval,war,Eastern Mediterranean,Byzantine Empire,CHR-MED-0256,807.8,0.699,0.416,0.4042,0.364,17.4,0.269,28,44.5,0.3532,19.3,4.9,0.2388,0.3035,0.22,0,0.0582,0.4301,0.2024,0.1266,0.3347,0.6281,0.517318,CMN,BRACKET_BASE,false,true,0.7309720000000001,0.56589282,0.6114024,,0.406,true
EVT-MED-0257,Maritime Hegemony Clash in Mali Empire,1466,medieval,war,West Africa,Mali Empire,CHR-MED-0257,681.5,0.606,0.455,0.3595,0.648,13.2,0.39,26,40.9,0.31,33.5,11,0.3092,0.4034,0.2931,0.0852,0.2279,0.3601,0.2739,-0.0433,0.464,0.6105,0.653649,RMD,BRACKET_MEDIUM,false,true,0.558195,0.38672143999999997,0.46969377999999995,,0.3915,false
EVT-MED-0258,Popular Uprising of Chola Dynasty,998,medieval,revolution,South India,Chola Dynasty,CHR-MED-0258,1134.3,0.7,0.352,0.5804,0.614,5,0.332,35,36.2,0.3787,43,9.9,0.3217,0.4395,0.3416,0.0675,0.2379,0.5093,0.3192,0.0698,0.6365,0.6332,0.697703,RMD,BRACKET_MEDIUM,false,false,0.55779516,0.4080904,0.46472293,,0.4049,false
EVT-MED-0259,Coalition Defense of Byzantine Empire,1308,medieval,war,Eastern Mediterranean,Byzantine Empire,CHR-MED-0259,1004.2,0.522,0.436,0.5459,0.478,5,0.264,28.6,34.8,0.3014,16.7,5.4,0.2308,0.3632,0.2938,0.0331,0.1188,0.1425,0.1903,-0.2207,0.5574,0.7218,0.531907,CMN,BRACKET_BASE,false,true,0.6277232,0.3792648,0.52428005,,0.3665,false
EVT-MED-0260,Canal Infrastructure Boom in Mongol Empire / Ilkhanate,577,medieval,economic,Eurasian Steppe,Mongol Empire / Ilkhanate,CHR-MED-0260,923.5,0.698,0.106,0.5533,0.539,5.9,0.299,30.7,38,0.3432,39.9,10,0.3168,0.3528,0.3078,0.037,0.1337,0.4121,0.2487,0.0593,0.5475,0.6196,0.709303,RMD,BRACKET_HIGH,false,false,0.54269824,0.39475645,0.44557481,,0.4029,false
EVT-MED-0261,Agrarian Insurgency in Kamakura / Muromachi Japan,1349,medieval,revolution,East Asia,Kamakura / Muromachi Japan,CHR-MED-0261,1086.2,0.654,0.454,0.5405,0.394,9.2,0.243,33.5,39.8,0.3842,21.1,13.9,0.2902,0.355,0.1856,0,0.2428,0.007,0.1581,-0.348,0.4601,0.7578,0.521787,CMN,BRACKET_BASE,false,true,0.75955929,0.47859266,0.8038125,,0.3804,false
EVT-MED-0262,Epidemic Fever Outbreak across Holy Roman Empire,591,medieval,pandemic,Central Europe,Holy Roman Empire,CHR-MED-0262,1106.4,0.715,0.535,0.5076,0.349,8.6,0.2175,27.6,39,0.3158,56.9,10.9,0.347,0.3974,0.3177,0,0.2092,0.1803,0.2209,-0.2171,0.8768,0.8103,0.445021,CMN,BRACKET_BASE,false,true,0.64560012,0.39006043999999995,0.5454504,,0.3927,false
EVT-MED-0263,Educational Charter of Byzantine Empire,673,medieval,transformation,Eastern Mediterranean,Byzantine Empire,CHR-MED-0263,572.8,0.579,0.275,0.3692,0.595,17,0.3825,25.1,37.1,0.2775,29.2,12,0.3042,0.2258,0.3003,0.2468,0.4657,0.4526,0.3382,0.2268,0.119,0.6278,0.532891,CMN,BRACKET_BASE,false,true,0.65045885,0.46546069999999995,0.46516274999999996,,0.3232,false
EVT-MED-0264,Epidemic Fever Outbreak across Byzantine Empire,684,medieval,pandemic,Eastern Mediterranean,Byzantine Empire,CHR-MED-0264,1002.4,0.452,0.555,0.5304,0.818,13.4,0.476,26.6,41.9,0.3225,34.4,4.7,0.2796,0.4943,0.4531,0.0676,0.3136,0.2867,0.3231,-0.2076,0.7023,0.7183,0.668557,RMD,BRACKET_MEDIUM,false,true,0.5755072499999999,0.39831321,0.55348576,,0.4024,false
EVT-MED-0265,Printing & Communications Diffusion in Mali Empire,1466,medieval,technological,West Africa,Mali Empire,CHR-MED-0265,1336.8,0.615,0.129,0.7704,0.843,13.1,0.487,26.8,43.8,0.336,54.6,13.9,0.359,0.412,0.464,0.55,0.6449,0.748,0.5638,0.336,0.3358,0.6564,0.866195,RMD,BRACKET_HIGH,true,false,0.49274214,0.5573750000000001,0.645125,,0.3221,false
EVT-MED-0266,Radical Assembly Schism in Kingdom of England,769,medieval,revolution,British Isles,Kingdom of England,CHR-MED-0266,832.6,0.401,0.42,0.5044,0.439,12.6,0.2825,33.8,35.6,0.3622,62.9,6.1,0.3303,0.4388,0.2859,0,0.2265,0.4352,0.2773,-0.0036,0.4228,0.5653,0.530306,CMN,BRACKET_BASE,false,true,0.69105951,0.593125,0.76025,,0.4041,false
EVT-MED-0267,Metallurgical Innovation Surge in Abbasid Caliphate,755,medieval,technological,Middle East,Abbasid Caliphate,CHR-MED-0267,669.7,0.458,0.617,0.3496,0.404,15.3,0.2785,34.4,38.7,0.3873,54.9,11.3,0.3464,0.2769,0.3029,0.3989,0.527,0.4072,0.3826,0.1303,0.2726,0.6162,0.558074,CMN,BRACKET_BASE,false,true,0.66012802,0.5289914400000001,0.6691308,,0.2815,false
EVT-MED-0268,Metallurgical Innovation Surge in Kamakura / Muromachi Japan,1176,medieval,technological,East Asia,Kamakura / Muromachi Japan,CHR-MED-0268,1066.4,0.683,0.483,0.5135,0.844,9.8,0.471,34.4,36.2,0.3723,36.1,13.2,0.3256,0.3549,0.3822,0.4298,0.5716,0.7303,0.4938,0.3754,0.2858,0.7006,0.72885,RMD,BRACKET_HIGH,false,false,0.59879445,0.559875,0.5491250000000001,,0.3419,false
EVT-MED-0269,Frontier Fragmentation of Kamakura / Muromachi Japan,515,medieval,collapse,East Asia,Kamakura / Muromachi Japan,CHR-MED-0269,1334.6,0.482,0.244,0.7748,0.794,11.1,0.4525,27.4,35.7,0.2939,54.9,12.8,0.3539,0.5914,0.4798,0.2309,0.3248,0.3436,0.3941,-0.2478,0.4788,0.6553,0.539836,CMN,BRACKET_BASE,false,true,0.64413785,0.5026499799999999,0.8196853200000002,,0.37,false
EVT-MED-0270,Dynastic Disintegration of Abbasid Caliphate,1433,medieval,collapse,Middle East,Abbasid Caliphate,CHR-MED-0270,861.3,0.738,0.284,0.4579,0.785,5.4,0.4195,35,34.5,0.3685,18,6.2,0.2402,0.4976,0.4435,0.0502,0.087,0.1328,0.2422,-0.3648,0.5628,0.7808,0.343126,CMN,BRACKET_BASE,false,true,0.7794841600000001,0.51540832,0.87457011,,0.3839,false
EVT-MED-0271,Radical Assembly Schism in Classic Maya & Postclassic,1428,medieval,revolution,Mesoamerica,Classic Maya & Postclassic,CHR-MED-0271,1009,0.495,0.134,0.647,0.477,12.4,0.3005,34.1,34.9,0.3612,38.6,11.5,0.3219,0.4244,0.2719,0,0.278,0.3515,0.2652,-0.0729,0.4961,0.5971,0.504037,CMN,BRACKET_BASE,false,true,0.56058497,0.39742838,0.48998651,,0.4059,false
EVT-MED-0272,Military Coup d’État in Kingdom of England,1240,medieval,revolution,British Isles,Kingdom of England,CHR-MED-0272,1329.6,0.457,0.31,0.7601,0.304,13.7,0.2205,32.5,43.5,0.3956,34.1,11.2,0.3115,0.4208,0.2497,0,0.2681,0.4683,0.2814,0.0475,0.4628,0.5649,0.596906,CMN,BRACKET_BASE,false,true,0.5709294,0.41202441,0.45584522999999993,,0.4027,false
EVT-MED-0273,Mechanical Power Harnessing in Kievan Rus,1039,medieval,technological,Eastern Europe,Kievan Rus,CHR-MED-0273,740.5,0.554,0.141,0.4978,0.506,17.3,0.3395,29,41.5,0.3459,62.2,9.6,0.347,0.3305,0.3605,0.4081,0.5666,0.6984,0.4728,0.3679,0.4399,0.7612,0.83799,RMD,BRACKET_HIGH,true,false,0.44868135000000003,0.38514252,0.36116484,,0.3393,false
EVT-MED-0274,Pantheon Reformation of Tang Dynasty,1296,medieval,religious,East Asia,Tang Dynasty,CHR-MED-0274,687.1,0.439,0.232,0.4792,0.332,16.1,0.2465,35.6,37.6,0.3936,53.1,5.8,0.3165,0.3458,0.3784,0.2061,0.2668,0.3982,0.3191,0.0524,0.2606,0.5556,0.837704,RMD,BRACKET_HIGH,true,false,0.45456744,0.37454456,0.40884408,,0.342,false
EVT-MED-0275,Dynastic Disintegration of Byzantine Empire,1438,medieval,collapse,Eastern Mediterranean,Byzantine Empire,CHR-MED-0275,1325.2,0.423,0.33,0.7621,0.315,15,0.2325,33.4,43.2,0.4035,39.9,12.1,0.3273,0.5131,0.4378,0.093,0.1254,0.3218,0.2982,-0.1913,0.8157,0.7275,0.552232,CMN,BRACKET_BASE,false,true,0.63271011,0.5041943999999999,0.7947741800000001,,0.4023,false
EVT-MED-0276,Grain Market Price Shock across Mongol Empire / Ilkhanate,1151,medieval,economic,Eurasian Steppe,Mongol Empire / Ilkhanate,CHR-MED-0276,594,0.742,0.552,0.2475,0.268,5.1,0.1595,30.8,38.5,0.3473,21.7,13.3,0.2892,0.2223,0.1231,0,0.1149,0.2876,0.1496,0.0653,0.2986,0.6268,0.695166,RMD,BRACKET_MEDIUM,false,false,0.52940582,0.3781449,0.39127835,,0.3781,false
EVT-MED-0277,Synod Monotheistic Mandate in Tang Dynasty,545,medieval,religious,East Asia,Tang Dynasty,CHR-MED-0277,1336.1,0.593,0.859,0.5577,0.739,13.3,0.436,35.8,34.8,0.379,63.9,8.4,0.3429,0.4174,0.4295,0.2422,0.3354,0.4123,0.3674,-0.0051,0.3298,0.5093,0.604537,CMN,BRACKET_BASE,false,true,0.5640213399999999,0.38892150000000003,0.45354854999999994,,0.3449,false
EVT-MED-0278,Succession Conflict of Umayyad Caliphate (Al-Andalus),899,medieval,war,Iberia / North Africa,Umayyad Caliphate (Al-Andalus),CHR-MED-0278,1319.8,0.638,0.613,0.6101,0.812,9.9,0.4555,33,34.2,0.3452,44.9,4.5,0.2979,0.3976,0.3118,0.1131,0.1936,0.3039,0.264,-0.0937,0.5476,0.6059,0.331659,CMN,BRACKET_BASE,false,true,0.9385954400000001,0.56,0.8032499999999999,,0.3742,true
EVT-MED-0279,Respiratory Virulence Wave across Classic Maya & Postclassic,712,medieval,pandemic,Mesoamerica,Classic Maya & Postclassic,CHR-MED-0279,596.9,0.548,0.301,0.3824,0.577,13.7,0.357,28.2,37.9,0.3157,19,4.7,0.2366,0.3747,0.3318,0,0.151,0.3462,0.2407,-0.0285,0.9071,0.7139,0.536697,CMN,BRACKET_BASE,false,true,0.6710016599999999,0.38673356,0.47378004,,0.405,false
EVT-MED-0280,Fiscal Default Crisis in Kingdom of England,613,medieval,collapse,British Isles,Kingdom of England,CHR-MED-0280,538.9,0.713,0.463,0.2563,0.494,7.8,0.286,27.7,36.9,0.3043,22.4,11.7,0.2835,0.4085,0.3333,0.1294,0.177,0.1364,0.2369,-0.2721,0.6619,0.8154,0.46469,CMN,BRACKET_BASE,false,true,0.64488285,0.37396216,0.54820656,,0.3402,false
EVT-MED-0281,Hydraulic Engineering Grid in Mali Empire,1017,medieval,technological,West Africa,Mali Empire,CHR-MED-0281,746.2,0.473,0.13,0.5281,0.837,15.6,0.4965,33.5,34.9,0.3548,44.9,13.2,0.3414,0.3877,0.4383,0.5207,0.5875,0.7175,0.5303,0.3298,0.2912,0.674,0.809794,RMD,BRACKET_HIGH,true,false,0.4404584,0.5324478,0.58236927,,0.3206,false
EVT-MED-0282,Harbor Incursion Sickness in Chola Dynasty,788,medieval,pandemic,South India,Chola Dynasty,CHR-MED-0282,877.7,0.662,0.437,0.4427,0.804,12.2,0.463,35.1,34.3,0.3684,60.2,4.5,0.3191,0.4257,0.3508,0,0.2365,0.1192,0.2264,-0.3065,0.8879,0.8264,0.492385,CMN,BRACKET_BASE,false,true,0.65417352,0.38503996,0.5610852,,0.3977,false
EVT-MED-0283,Peasant Rebellion against Byzantine Empire,743,medieval,revolution,Eastern Mediterranean,Byzantine Empire,CHR-MED-0283,774.5,0.407,0.381,0.4863,0.828,7.8,0.453,28.8,42.4,0.3492,40.8,13.2,0.3344,0.3935,0.3131,0,0.182,0.2991,0.2375,-0.0944,0.5367,0.6219,0.418286,CMN,BRACKET_BASE,false,true,0.80581878,0.575625,0.817875,,0.4036,true
EVT-MED-0284,Agrarian Insurgency in Classic Maya & Postclassic,1049,medieval,revolution,Mesoamerica,Classic Maya & Postclassic,CHR-MED-0284,590.1,0.507,0.491,0.3344,0.795,10.2,0.4485,25.4,39.2,0.2934,49.8,5.1,0.3084,0.427,0.2682,0.0545,0.271,0.6165,0.3274,0.1895,0.6445,0.732,0.651787,RMD,BRACKET_MEDIUM,false,true,0.55345544,0.59104744,0.6943099,,0.3938,false
EVT-MED-0285,Urban Quarantine Emergency in Kingdom of France,1238,medieval,pandemic,Western Europe,Kingdom of France,CHR-MED-0285,1162.6,0.657,0.733,0.4927,0.523,17.1,0.347,27.9,34.6,0.2927,29.6,7.4,0.2822,0.4018,0.3607,0,0.119,0.4432,0.2649,0.0414,0.6351,0.6413,0.473599,CMN,BRACKET_BASE,false,true,0.5749494,0.40288032,0.46349297,,0.4078,false
EVT-MED-0286,Orthodoxy & Heresy Trial Wave in Mongol Empire / Ilkhanate,703,medieval,religious,Eurasian Steppe,Mongol Empire / Ilkhanate,CHR-MED-0286,777.3,0.454,0.243,0.5149,0.678,15.9,0.4185,26.7,38.5,0.3032,41.1,11.7,0.3275,0.3515,0.3628,0.2788,0.3301,0.3251,0.3297,-0.0264,0.2716,0.5267,0.496994,CMN,BRACKET_BASE,false,true,0.69598507,0.52242347,0.6625434600000001,,0.2674,true
EVT-MED-0287,Secular Legal Separation in Kingdom of France,1086,medieval,religious,Western Europe,Kingdom of France,CHR-MED-0287,577.4,0.664,0.288,0.3421,0.449,17,0.3095,26,38,0.2926,18.5,12.3,0.2727,0.3423,0.3354,0.1709,0.2626,0.5361,0.3295,0.1938,0.3688,0.6852,0.61612,CMN,BRACKET_BASE,false,true,0.5275793599999999,0.49086144,0.5721487299999999,,0.379,false
EVT-MED-0288,Grain Market Price Shock across Kingdom of England,793,medieval,economic,British Isles,Kingdom of England,CHR-MED-0288,629.5,0.495,0.267,0.4242,0.462,12.5,0.2935,30.1,39.5,0.3458,28.6,5,0.2677,0.3635,0.3068,0.0974,0.2394,0.3952,0.2805,0.0317,0.5927,0.6358,0.888293,RMD,BRACKET_HIGH,true,false,0.47360362000000006,0.37963261,0.44952232,,0.3864,false
EVT-MED-0289,Succession Conflict of Kamakura / Muromachi Japan,604,medieval,war,East Asia,Kamakura / Muromachi Japan,CHR-MED-0289,1310.1,0.507,0.313,0.7348,0.47,10.5,0.2875,29.5,41,0.3483,11.5,6.9,0.2113,0.3558,0.27,0,0.1601,0.1409,0.1854,-0.2149,0.3152,0.6193,0.439778,CMN,BRACKET_BASE,false,true,0.7453400000000001,0.49088363999999995,0.7554264700000001,,0.3801,true
EVT-MED-0290,Grain Market Price Shock across Kingdom of England,912,medieval,economic,British Isles,Kingdom of England,CHR-MED-0290,1289.3,0.456,0.848,0.5795,0.754,11.3,0.4335,28.4,34.6,0.2981,19.4,9.9,0.2641,0.4636,0.4066,0.1616,0.3338,0.433,0.3597,-0.0306,0.5755,0.5937,0.689424,RMD,BRACKET_MEDIUM,false,false,0.51104768,0.55790152,0.740259,,0.3881,false
EVT-MED-0291,Secular Legal Separation in Song Dynasty,1272,medieval,religious,East Asia,Song Dynasty,CHR-MED-0291,825.4,0.736,0.732,0.3068,0.813,6.3,0.438,26.6,38.3,0.3009,8.6,12.3,0.2172,0.3303,0.3821,0.2323,0.3334,0.5095,0.3575,0.1792,0.273,0.6382,0.515119,CMN,BRACKET_BASE,false,true,0.7473114,0.549625,0.594625,,0.3508,false
EVT-MED-0292,Succession Conflict of Kievan Rus,1450,medieval,war,Eastern Europe,Kievan Rus,CHR-MED-0292,793.4,0.516,0.865,0.3175,0.265,10.4,0.1845,27.6,43.7,0.344,61.9,7.5,0.3361,0.3622,0.3145,0.1121,0.1633,0.1211,0.2146,-0.2411,0.5537,0.7717,0.637964,RMD,BRACKET_MEDIUM,false,true,0.67326384,0.51924834,0.78478125,,0.3337,false
EVT-MED-0293,Maritime Trade Hub Expansion in Holy Roman Empire,1344,medieval,economic,Central Europe,Holy Roman Empire,CHR-MED-0293,692.3,0.502,0.535,0.3719,0.798,10.7,0.4525,27.4,42.5,0.3347,20.7,10.4,0.2713,0.3179,0.268,0,0.1031,0.1632,0.1704,-0.1547,0.5927,0.6878,0.451325,CMN,BRACKET_BASE,false,true,0.7722979,0.46978403,0.73372536,,0.3777,false
EVT-MED-0294,Epidemic Fever Outbreak across Holy Roman Empire,1023,medieval,pandemic,Central Europe,Holy Roman Empire,CHR-MED-0294,1128.1,0.659,0.808,0.453,0.567,8.7,0.327,36,34.2,0.3775,54.1,5.6,0.3169,0.4483,0.4183,0.0226,0.2542,0.1308,0.2548,-0.3175,0.8935,0.8512,0.40046,CMN,BRACKET_BASE,false,true,0.8721296000000001,0.5509740000000001,0.8672825900000001,,0.3962,false
EVT-MED-0295,Fiscal Default Crisis in Abbasid Caliphate,689,medieval,collapse,Middle East,Abbasid Caliphate,CHR-MED-0295,643.5,0.579,0.886,0.22,0.448,6.1,0.2545,26.9,36.6,0.2939,36.3,12.5,0.3225,0.335,0.2587,0.0583,0.1428,0.132,0.1854,-0.203,0.6704,0.792,0.533961,CMN,BRACKET_BASE,false,true,0.67151458,0.37130647,0.522217,,0.3443,false
EVT-MED-0296,Agrarian Insurgency in Khmer Empire,884,medieval,revolution,Southeast Asia,Khmer Empire,CHR-MED-0296,1097.1,0.474,0.288,0.6495,0.707,10.4,0.4055,30.8,39.4,0.3527,16,13,0.2657,0.5157,0.4179,0.208,0.4787,0.1869,0.3614,-0.3288,0.7266,0.778,0.413459,CMN,BRACKET_BASE,false,true,0.9211219799999999,0.5716249999999999,0.96675,,0.3727,false
EVT-MED-0297,Territorial Rupture of Classic Maya & Postclassic,1310,medieval,collapse,Mesoamerica,Classic Maya & Postclassic,CHR-MED-0297,540.1,0.44,0.867,0.2176,0.682,7.8,0.38,34.6,40.3,0.399,27,6.5,0.2711,0.4211,0.315,0,0.0477,0.1878,0.1943,-0.2333,0.7886,0.8036,0.486629,CMN,BRACKET_BASE,false,true,0.70300125,0.3997175,0.5509497,,0.398,false
EVT-MED-0298,Peasant Rebellion against Kievan Rus,898,medieval,revolution,Eastern Europe,Kievan Rus,CHR-MED-0298,1011.6,0.611,0.45,0.5186,0.771,10.4,0.4375,33.3,34.7,0.3514,13.2,4.5,0.2093,0.4368,0.3142,0.1044,0.3551,0.3582,0.3137,-0.0786,0.6181,0.6308,0.738341,RMD,BRACKET_HIGH,true,false,0.40853296000000006,0.40161072000000003,0.5157972000000001,,0.3907,false
EVT-MED-0299,Fiscal Modernization in Kievan Rus,1214,medieval,transformation,Eastern Europe,Kievan Rus,CHR-MED-0299,609.1,0.403,0.306,0.4302,0.464,10.7,0.2855,30,40.4,0.3501,36.7,12.4,0.3228,0.2764,0.3485,0.2358,0.4473,0.3962,0.3408,0.1198,0.3128,0.613,0.527308,CMN,BRACKET_BASE,false,true,0.55338906,0.37170903,0.38423976000000004,,0.3142,false
EVT-MED-0300,Hydraulic Engineering Grid in Kingdom of England,585,medieval,technological,British Isles,Kingdom of England,CHR-MED-0300,1339.3,0.523,0.891,0.5706,0.72,11.4,0.417,31.8,40.5,0.3701,33.8,8.7,0.2983,0.3267,0.348,0.4013,0.5558,0.541,0.4346,0.2143,0.209,0.5943,0.875925,RMD,BRACKET_HIGH,true,false,0.275705,0.37587586,0.37659436,,0.3027,false
EVT-MED-0301,Canal Infrastructure Boom in Mali Empire,781,medieval,economic,West Africa,Mali Empire,CHR-MED-0301,1035.4,0.588,0.882,0.4074,0.495,15.1,0.323,31.7,38.6,0.3576,16.5,7.9,0.2424,0.3699,0.3052,0.14,0.2321,0.4095,0.2913,0.0396,0.6249,0.6444,0.628245,CMN,BRACKET_BASE,false,true,0.54535,0.38545104,0.45637343999999996,,0.376,false
EVT-MED-0302,Imperial Unification of Mongol Empire / Ilkhanate,524,medieval,transformation,Eurasian Steppe,Mongol Empire / Ilkhanate,CHR-MED-0302,542,0.474,0.481,0.3241,0.258,9.5,0.1765,35.1,36.5,0.3816,16.2,11.2,0.2576,0.1819,0.2583,0.1673,0.2961,0.35,0.2507,0.1681,0.2632,0.6542,0.512168,CMN,BRACKET_BASE,false,true,0.60825644,0.37280166000000003,0.35964118,,0.3122,false
EVT-MED-0303,Orthodoxy & Heresy Trial Wave in Tang Dynasty,653,medieval,religious,East Asia,Tang Dynasty,CHR-MED-0303,897.7,0.437,0.485,0.5054,0.594,10.5,0.3495,35.2,34.8,0.3725,57.2,4.6,0.3159,0.3863,0.4647,0.3151,0.3783,0.4267,0.3942,0.0404,0.4581,0.5822,0.469936,CMN,BRACKET_BASE,false,true,0.71503802,0.5203312800000001,0.65336895,,0.2986,false
EVT-MED-0304,Fiscal Default Crisis in Holy Roman Empire,1389,medieval,collapse,Central Europe,Holy Roman Empire,CHR-MED-0304,1116.9,0.63,0.5,0.5487,0.553,17,0.3615,35,36.5,0.3805,8.4,12.8,0.218,0.4602,0.3498,0.0759,0.1613,0.2661,0.2627,-0.1941,0.7498,0.7287,0.491122,CMN,BRACKET_BASE,false,true,0.7160904,0.54904627,0.8091101,,0.3907,false
EVT-MED-0305,Judicial Standard Reform in Mali Empire,933,medieval,transformation,West Africa,Mali Empire,CHR-MED-0305,1231.1,0.555,0.762,0.5476,0.249,17.9,0.214,31,37.4,0.3429,22.2,11.8,0.2834,0.2478,0.2989,0.1554,0.3341,0.5455,0.3163,0.2977,0.2036,0.676,0.505245,CMN,BRACKET_BASE,false,true,0.73990566,0.5488488,0.5194392,,0.3693,false
EVT-MED-0306,Frontier Fragmentation of Tang Dynasty,958,medieval,collapse,East Asia,Tang Dynasty,CHR-MED-0306,1209.5,0.419,0.249,0.7319,0.786,7.4,0.43,31,38.9,0.3519,35.8,4.7,0.2825,0.5656,0.5091,0.2147,0.2567,0.1982,0.3489,-0.3674,0.4534,0.7147,0.40707,CMN,BRACKET_BASE,false,true,0.78280224,0.5718517,0.8981676299999999,,0.3596,false
EVT-MED-0307,Printing & Communications Diffusion in Khmer Empire,1292,medieval,technological,Southeast Asia,Khmer Empire,CHR-MED-0307,949.2,0.461,0.631,0.4792,0.837,4.9,0.443,33.5,41.6,0.395,26.5,10.1,0.2877,0.304,0.334,0.4003,0.5366,0.47,0.409,0.166,0.4441,0.6331,0.799881,RMD,BRACKET_HIGH,true,false,0.35960844,0.3752519,0.43933516000000006,,0.2839,false
EVT-MED-0308,Temple Bureaucracy Reorganization of Khmer Empire,781,medieval,religious,Southeast Asia,Khmer Empire,CHR-MED-0308,820.4,0.433,0.757,0.3878,0.379,5.4,0.2165,34.7,39.1,0.3929,53.9,12.7,0.3521,0.3826,0.3434,0.1651,0.2952,0.5667,0.3506,0.1841,0.3429,0.6656,0.618372,CMN,BRACKET_BASE,false,true,0.49657608999999997,0.3974564,0.39926372,,0.3908,false
EVT-MED-0309,Judicial Standard Reform in Kingdom of France,902,medieval,transformation,Western Europe,Kingdom of France,CHR-MED-0309,822.3,0.526,0.297,0.4988,0.636,6.4,0.35,25.4,40.6,0.3018,18.9,13.4,0.2797,0.277,0.3253,0.1899,0.364,0.604,0.352,0.327,0.199,0.6837,0.831869,RMD,BRACKET_HIGH,true,false,0.6560328599999999,0.56275,0.551125,,0.3713,false
EVT-MED-0310,Mechanical Power Harnessing in Abbasid Caliphate,683,medieval,technological,Middle East,Abbasid Caliphate,CHR-MED-0310,1134.6,0.426,0.855,0.5119,0.294,12.3,0.2085,33.3,39.3,0.379,16,4.6,0.2237,0.2563,0.2977,0.3845,0.4934,0.3971,0.3658,0.1408,0.3019,0.6166,0.773109,RMD,BRACKET_HIGH,true,false,0.4822944800000001,0.37456494,0.45023792000000007,,0.2785,false
EVT-MED-0311,Orthodoxy & Heresy Trial Wave in Kingdom of France,1078,medieval,religious,Western Europe,Kingdom of France,CHR-MED-0311,747.5,0.681,0.851,0.25,0.454,6.5,0.2595,31,43.8,0.3813,60.4,10.7,0.3503,0.3038,0.363,0.1921,0.3482,0.4094,0.3233,0.1056,0.4071,0.6552,0.640006,RMD,BRACKET_MEDIUM,false,true,0.44491327999999997,0.37926369,0.41475734999999997,,0.3416,false
EVT-MED-0312,Mercantile Tariff Overhaul across Chola Dynasty,1295,medieval,economic,South India,Chola Dynasty,CHR-MED-0312,534.8,0.438,0.823,0.2288,0.624,7.2,0.348,28.4,39.6,0.3281,34.9,6.8,0.2911,0.2736,0.1768,0,0.0949,0.4702,0.2031,0.1966,0.5671,0.7422,0.684713,RMD,BRACKET_MEDIUM,false,false,0.56550199,0.3800082,0.397725,,0.4034,false
EVT-MED-0313,Printing & Communications Diffusion in Kingdom of England,620,medieval,technological,British Isles,Kingdom of England,CHR-MED-0313,644,0.517,0.854,0.2485,0.744,13.7,0.4405,28.9,37.1,0.3184,64.5,13.1,0.3671,0.2608,0.3034,0.4182,0.4823,0.599,0.4127,0.3382,0.3514,0.7494,0.614184,CMN,BRACKET_BASE,false,true,0.6627779599999999,0.5342146799999999,0.61789169,,0.3194,false
EVT-MED-0314,Agrarian Restructuring of Mongol Empire / Ilkhanate,1021,medieval,transformation,Eurasian Steppe,Mongol Empire / Ilkhanate,CHR-MED-0314,576.5,0.481,0.184,0.4277,0.53,16.3,0.3465,27,43.2,0.3346,59.3,4.8,0.3195,0.2986,0.3588,0.2417,0.4398,0.6081,0.3894,0.3095,0.1455,0.6672,0.618555,CMN,BRACKET_BASE,false,true,0.6271093499999999,0.47271653999999996,0.46405799999999997,,0.3561,false
EVT-MED-0315,Peasant Rebellion against Classic Maya & Postclassic,1271,medieval,revolution,Mesoamerica,Classic Maya & Postclassic,CHR-MED-0315,689.6,0.601,0.54,0.3394,0.5,11.7,0.3085,30.1,35.4,0.3212,11.8,13.8,0.2476,0.3193,0.2354,0,0.1206,0.0442,0.1439,-0.2751,0.5085,0.7603,0.41655,CMN,BRACKET_BASE,false,true,0.8339979000000001,0.52539375,0.78892716,,0.3561,true
EVT-MED-0316,Guild Monopoly Reform in Kingdom of France,697,medieval,economic,Western Europe,Kingdom of France,CHR-MED-0316,622.2,0.633,0.79,0.2224,0.44,12.6,0.283,34.2,43.4,0.4133,48.7,4.9,0.3058,0.2745,0.1762,0,0.0777,0.0311,0.1119,-0.2434,0.3276,0.7055,0.367572,CMN,BRACKET_BASE,false,true,0.89278475,0.53925,0.7893749999999999,,0.343,true
EVT-MED-0317,Strategic Siege of Song Dynasty,831,medieval,war,East Asia,Song Dynasty,CHR-MED-0317,638.3,0.674,0.623,0.2679,0.39,11.2,0.251,32.9,41,0.3849,53.1,9.2,0.3335,0.3246,0.2705,0.1191,0.214,0.166,0.2188,-0.1586,0.6658,0.7465,0.495909,CMN,BRACKET_BASE,false,true,0.89854875,0.53175,0.824375,,0.3201,true
EVT-MED-0318,Monastic Network Expansion of Byzantine Empire,1423,medieval,religious,Eastern Mediterranean,Byzantine Empire,CHR-MED-0318,918,0.533,0.675,0.4294,0.751,16.4,0.4575,33,37,0.362,17.7,7.9,0.2475,0.4182,0.4318,0.2529,0.4183,0.6356,0.4314,0.2174,0.2211,0.6153,0.73441,RMD,BRACKET_HIGH,true,false,0.5301546,0.56417488,0.5673803000000001,,0.3817,false
EVT-MED-0319,Silver Flotilla Currency Shock in Mongol Empire / Ilkhanate,565,medieval,economic,Eurasian Steppe,Mongol Empire / Ilkhanate,CHR-MED-0319,551.2,0.535,0.748,0.2301,0.69,10.6,0.398,28.8,38.3,0.3246,61.4,12.9,0.3625,0.3976,0.3446,0.1581,0.2792,0.4014,0.3162,0.0038,0.2611,0.5544,0.371594,CMN,BRACKET_BASE,false,true,0.69695461,0.54172572,0.65273673,,0.3735,false
EVT-MED-0320,Provincial Autonomy Insurgency against Chola Dynasty,984,medieval,revolution,South India,Chola Dynasty,CHR-MED-0320,1324.2,0.601,0.119,0.7716,0.646,10.4,0.375,35.4,43,0.4238,63.8,12.3,0.3623,0.5393,0.4294,0.0437,0.2099,0.5538,0.3552,0.0145,0.4776,0.5217,0.486486,CMN,BRACKET_BASE,false,true,0.5972651999999999,0.43618999,0.48138142000000006,,0.3958,false
EVT-MED-0321,Canal Infrastructure Boom in Kingdom of England,977,medieval,economic,British Isles,Kingdom of England,CHR-MED-0321,878.8,0.625,0.812,0.3418,0.817,8,0.4485,25.5,34.6,0.2668,61.6,13.9,0.3678,0.372,0.335,0.1636,0.23,0.4979,0.3197,0.1259,0.6028,0.6901,0.742583,RMD,BRACKET_HIGH,true,false,0.5501271000000001,0.39573076,0.43380282,,0.3827,false
EVT-MED-0322,Urban Quarantine Emergency in Tang Dynasty,775,medieval,pandemic,East Asia,Tang Dynasty,CHR-MED-0322,798.8,0.756,0.474,0.3654,0.838,15.1,0.4945,31.7,35.6,0.3396,61.7,8.8,0.3424,0.4338,0.4053,0.0966,0.205,0.1952,0.2672,-0.2386,0.6575,0.7433,0.562951,CMN,BRACKET_BASE,false,true,0.57466108,0.38864762,0.5588048400000001,,0.3676,false
EVT-MED-0323,Frontier Fragmentation of Kingdom of England,1023,medieval,collapse,British Isles,Kingdom of England,CHR-MED-0323,752.3,0.429,0.321,0.487,0.351,16,0.2555,28.5,42.7,0.3477,59.4,9.8,0.3446,0.4414,0.3672,0.0073,0.0925,0.0706,0.1958,-0.3708,0.8266,0.8734,0.338011,CMN,BRACKET_BASE,false,true,0.9321315000000001,0.57175,0.95,,0.3769,true
EVT-MED-0324,Fiscal Default Crisis in Byzantine Empire,1396,medieval,collapse,Eastern Mediterranean,Byzantine Empire,CHR-MED-0324,596.8,0.639,0.671,0.244,0.715,8.9,0.402,31.4,36.5,0.3418,10.8,9,0.2172,0.4151,0.3461,0.0961,0.1373,0.0571,0.2103,-0.358,0.7446,0.8613,0.52933,CMN,BRACKET_BASE,false,true,0.6937992000000001,0.38662704000000003,0.59264832,,0.3569,false
EVT-MED-0325,Orthodoxy & Heresy Trial Wave in Khmer Empire,857,medieval,religious,Southeast Asia,Khmer Empire,CHR-MED-0325,661,0.705,0.682,0.2519,0.313,10.6,0.2095,34.2,34.2,0.3581,58.5,13.9,0.364,0.2953,0.2616,0.1333,0.2663,0.1619,0.2237,-0.1334,0.5423,0.7147,0.474957,CMN,BRACKET_BASE,false,true,0.76172182,0.45121409999999995,0.7069305,,0.3121,false
EVT-MED-0326,Canal Infrastructure Boom in Mali Empire,1068,medieval,economic,West Africa,Mali Empire,CHR-MED-0326,744,0.566,0.412,0.4146,0.211,5.3,0.132,28.9,42,0.3478,54.3,14,0.3591,0.363,0.34,0.17,0.2988,0.465,0.3274,0.102,0.3809,0.6461,0.464417,CMN,BRACKET_BASE,false,true,0.6753481800000001,0.551875,0.665375,,0.371,true
EVT-MED-0327,Metallurgical Innovation Surge in Song Dynasty,1323,medieval,technological,East Asia,Song Dynasty,CHR-MED-0327,1032.4,0.461,0.609,0.5259,0.423,16.1,0.292,27.4,39.2,0.3149,13.6,7.9,0.2284,0.2604,0.311,0.3859,0.4837,0.6389,0.416,0.3785,0.4483,0.7765,0.705848,RMD,BRACKET_HIGH,false,false,0.45358838,0.3713501,0.37714104,,0.3344,false
EVT-MED-0328,Canal Infrastructure Boom in Mongol Empire / Ilkhanate,946,medieval,economic,Eurasian Steppe,Mongol Empire / Ilkhanate,CHR-MED-0328,1210.6,0.587,0.832,0.5071,0.386,12.2,0.254,27.2,35.8,0.2923,39.8,10,0.3166,0.3822,0.2862,0.0229,0.0868,0.5266,0.2609,0.1444,0.4212,0.6553,0.575407,CMN,BRACKET_BASE,false,true,0.65974014,0.59925,0.698125,,0.4063,false
EVT-MED-0329,Popular Uprising of Tang Dynasty,1249,medieval,revolution,East Asia,Tang Dynasty,CHR-MED-0329,832.3,0.749,0.313,0.4319,0.278,6.8,0.173,26.4,42.9,0.3263,38.8,4.9,0.2893,0.3741,0.2307,0.018,0.2315,0.0767,0.1862,-0.2974,0.6864,0.8225,0.51582,CMN,BRACKET_BASE,false,true,0.67299058,0.3792022,0.5586384,,0.3709,false
EVT-MED-0330,Secular Legal Separation in Song Dynasty,1029,medieval,religious,East Asia,Song Dynasty,CHR-MED-0330,1282.4,0.712,0.229,0.6851,0.616,17,0.393,29.4,35.6,0.3148,14.6,5,0.2191,0.4195,0.4037,0.2265,0.3503,0.5434,0.3887,0.1239,0.4695,0.6053,0.608358,CMN,BRACKET_BASE,false,true,0.57072652,0.38593664,0.41506399999999993,,0.3759,false
EVT-MED-0331,Orthodoxy & Heresy Trial Wave in Kievan Rus,1161,medieval,religious,Eastern Europe,Kievan Rus,CHR-MED-0331,984.6,0.412,0.112,0.6667,0.354,14.6,0.25,28.7,36.6,0.3133,30.8,5.5,0.2756,0.3834,0.3893,0.202,0.3279,0.4742,0.3554,0.0908,0.2759,0.5635,0.754578,RMD,BRACKET_HIGH,true,false,0.46945422000000003,0.3852994,0.40720928,,0.366,false
EVT-MED-0332,Pantheon Reformation of Mali Empire,1206,medieval,religious,West Africa,Mali Empire,CHR-MED-0332,1013.1,0.73,0.305,0.5271,0.337,9.4,0.2155,25.1,43,0.3129,45,6.6,0.3085,0.3197,0.3945,0.3078,0.3586,0.2546,0.327,-0.0651,0.3868,0.6035,0.700946,RMD,BRACKET_HIGH,false,false,0.52999856,0.44788293,0.64726395,,0.272,false
EVT-MED-0333,Frontier Fragmentation of Mongol Empire / Ilkhanate,896,medieval,collapse,Eurasian Steppe,Mongol Empire / Ilkhanate,CHR-MED-0333,633.2,0.523,0.587,0.3216,0.434,16.6,0.3,30.1,37.7,0.335,11.5,5,0.2018,0.3673,0.2883,0,0.0556,0.1591,0.1741,-0.2082,0.4172,0.7032,0.446376,CMN,BRACKET_BASE,false,true,0.7579542599999999,0.49757280000000004,0.7709229,,0.3857,true
EVT-MED-0334,Temple Bureaucracy Reorganization of Kingdom of France,605,medieval,religious,Western Europe,Kingdom of France,CHR-MED-0334,1339.3,0.616,0.101,0.7797,0.79,8.1,0.4355,28,41.8,0.337,39.6,6.4,0.2983,0.4421,0.4909,0.3141,0.4809,0.6156,0.4687,0.1735,0.5378,0.6253,0.613896,CMN,BRACKET_BASE,false,true,0.6851493000000001,0.559625,0.657875,,0.3631,false
EVT-MED-0335,Canal Infrastructure Boom in Umayyad Caliphate (Al-Andalus),821,medieval,economic,Iberia / North Africa,Umayyad Caliphate (Al-Andalus),CHR-MED-0335,1294.2,0.682,0.665,0.569,0.81,13.7,0.4735,26.1,41.3,0.3135,28.6,7.2,0.2787,0.4663,0.4129,0.2713,0.3459,0.5958,0.4184,0.1295,0.4125,0.5997,0.537475,CMN,BRACKET_BASE,false,true,0.6720063000000001,0.48544604999999996,0.5921314,,0.3785,false
EVT-MED-0336,Orthodoxy & Heresy Trial Wave in Tang Dynasty,1308,medieval,religious,East Asia,Tang Dynasty,CHR-MED-0336,1042.6,0.584,0.88,0.4127,0.462,11.2,0.287,30.6,35,0.3242,24.6,10.2,0.2828,0.3275,0.3632,0.2054,0.3618,0.5245,0.3565,0.197,0.4567,0.697,0.538258,CMN,BRACKET_BASE,false,true,0.5274521,0.37941875999999997,0.38338056000000004,,0.363,false
EVT-MED-0337,Educational Charter of Holy Roman Empire,557,medieval,transformation,Central Europe,Holy Roman Empire,CHR-MED-0337,1280.6,0.54,0.472,0.663,0.31,13.5,0.2225,27.9,35.3,0.2969,20.5,11.9,0.2781,0.2562,0.2869,0.192,0.3884,0.3939,0.3035,0.1377,0.1127,0.5552,0.528994,CMN,BRACKET_BASE,false,true,0.70221723,0.5322512399999999,0.5263621,,0.321,true
EVT-MED-0338,Continental Standoff of Chola Dynasty,1376,medieval,war,South India,Chola Dynasty,CHR-MED-0338,571.1,0.477,0.499,0.3318,0.503,7,0.2865,32.3,41,0.3785,60.7,7.4,0.3342,0.3338,0.2742,0,0.0643,0.3188,0.1982,-0.015,0.5926,0.6367,0.62424,CMN,BRACKET_BASE,false,true,0.60353432,0.39284903000000004,0.46855727999999996,,0.4018,false
EVT-MED-0339,Popular Uprising of Kievan Rus,1229,medieval,revolution,Eastern Europe,Kievan Rus,CHR-MED-0339,584.9,0.673,0.551,0.2641,0.535,16.1,0.348,30.2,42.3,0.3636,59.8,10.6,0.3491,0.4026,0.2354,0.0053,0.2449,0.0534,0.1883,-0.3492,0.5228,0.8029,0.694066,RMD,BRACKET_MEDIUM,false,false,0.50994592,0.38894216,0.57138452,,0.3817,false
EVT-MED-0340,Dynastic Disintegration of Khmer Empire,1421,medieval,collapse,Southeast Asia,Khmer Empire,CHR-MED-0340,823.6,0.456,0.735,0.389,0.297,10.8,0.2025,32.6,38.2,0.3649,61.8,4.5,0.321,0.4024,0.2966,0,0.0838,0.028,0.1622,-0.3744,0.8108,0.8914,0.443753,CMN,BRACKET_BASE,false,true,0.86867,0.53746128,0.8637238000000002,,0.371,false
EVT-MED-0341,Canal Infrastructure Boom in Byzantine Empire,1010,medieval,economic,Eastern Mediterranean,Byzantine Empire,CHR-MED-0341,1339.3,0.678,0.701,0.5811,0.33,11.4,0.222,25.3,38.5,0.2881,50.7,11.7,0.3427,0.4064,0.3106,0.1046,0.2436,0.4381,0.3007,0.0317,0.6441,0.6445,0.399133,CMN,BRACKET_BASE,false,true,0.7818637099999999,0.565875,0.75075,,0.3946,false
EVT-MED-0342,Institutional Dissolution of Umayyad Caliphate (Al-Andalus),1266,medieval,collapse,Iberia / North Africa,Umayyad Caliphate (Al-Andalus),CHR-MED-0342,1222.3,0.504,0.813,0.5434,0.364,12.8,0.246,33.7,40.1,0.3881,53.8,8.5,0.331,0.4857,0.4128,0.1328,0.2179,0.1947,0.2888,-0.291,0.6554,0.7744,0.704509,RMD,BRACKET_HIGH,false,false,0.6725292,0.4971531,0.8593424700000001,,0.359,false
EVT-MED-0343,Institutional Dissolution of Kamakura / Muromachi Japan,1024,medieval,collapse,East Asia,Kamakura / Muromachi Japan,CHR-MED-0343,1242.9,0.451,0.513,0.6592,0.541,17.6,0.3585,31.1,36.8,0.3403,56.9,12.2,0.3535,0.4996,0.3973,0.0709,0.1536,0.2758,0.2794,-0.2238,0.8361,0.7562,0.445443,CMN,BRACKET_BASE,false,true,0.79959385,0.49532035,0.7998538,,0.3986,false
EVT-MED-0344,Synod Monotheistic Mandate in Abbasid Caliphate,1177,medieval,religious,Middle East,Abbasid Caliphate,CHR-MED-0344,1009.8,0.7,0.798,0.3866,0.427,16,0.2935,31.5,41.6,0.3734,42.1,12.3,0.3322,0.3336,0.3751,0.2863,0.4015,0.3385,0.347,0.0049,0.4284,0.5817,0.791996,RMD,BRACKET_HIGH,true,false,0.47100956,0.45653724000000007,0.6412484800000001,,0.2694,false
EVT-MED-0345,Caravan Route Pestilence in Classic Maya & Postclassic,1208,medieval,pandemic,Mesoamerica,Classic Maya & Postclassic,CHR-MED-0345,675.5,0.574,0.729,0.284,0.476,17.8,0.327,28.4,44.5,0.3575,30.3,9.6,0.2949,0.3412,0.2936,0.0363,0.2345,0.0024,0.1816,-0.3388,0.7992,0.8675,0.437847,CMN,BRACKET_BASE,false,true,0.7381738099999999,0.4630941,0.8249649900000001,,0.3719,false
EVT-MED-0346,Guild Monopoly Reform in Umayyad Caliphate (Al-Andalus),1182,medieval,economic,Iberia / North Africa,Umayyad Caliphate (Al-Andalus),CHR-MED-0346,1137.3,0.494,0.586,0.5735,0.242,14,0.191,33.9,36.1,0.3663,25,13,0.298,0.3464,0.2931,0.0309,0.1515,0.4072,0.2458,0.0608,0.4616,0.6086,0.498011,CMN,BRACKET_BASE,false,true,0.72120375,0.4868998,0.6336952999999999,,0.402,false
EVT-MED-0347,Synod Monotheistic Mandate in Byzantine Empire,1461,medieval,religious,Eastern Mediterranean,Byzantine Empire,CHR-MED-0347,1278.9,0.548,0.876,0.5385,0.4,17.6,0.288,29.9,36.1,0.3232,36.5,10.8,0.3144,0.3311,0.3851,0.3003,0.3704,0.5177,0.3809,0.1866,0.5042,0.6844,0.770845,RMD,BRACKET_HIGH,true,false,0.3820542,0.36146364,0.37391862,,0.318,false
EVT-MED-0348,Urban Quarantine Emergency in Tang Dynasty,782,medieval,pandemic,East Asia,Tang Dynasty,CHR-MED-0348,548.4,0.5,0.31,0.3707,0.663,9.9,0.381,35.3,34.1,0.3694,30.3,12.9,0.3114,0.3837,0.3186,0,0.1936,0.0276,0.1847,-0.3561,0.6766,0.8233,0.52769,CMN,BRACKET_BASE,false,true,0.87252893,0.5630000000000001,0.95,,0.3798,true
EVT-MED-0349,Monastic Network Expansion of Umayyad Caliphate (Al-Andalus),993,medieval,religious,Iberia / North Africa,Umayyad Caliphate (Al-Andalus),CHR-MED-0349,946.8,0.453,0.852,0.4142,0.543,6,0.3015,28.9,42.6,0.3514,37.1,5.6,0.2896,0.3627,0.4376,0.3061,0.3815,0.5359,0.4048,0.1732,0.3857,0.6599,0.767097,RMD,BRACKET_HIGH,true,false,0.50838642,0.473715,0.56423968,,0.3267,false
EVT-MED-0350,Military Coup d’État in Mali Empire,1405,medieval,revolution,West Africa,Mali Empire,CHR-MED-0350,1312.1,0.573,0.19,0.7528,0.602,15.3,0.3775,28.5,37.1,0.3141,20.6,10.2,0.27,0.4463,0.3412,0.016,0.2306,0.2561,0.258,-0.1902,0.4358,0.625,0.755357,RMD,BRACKET_HIGH,true,false,0.38446694,0.39740883,0.5285627100000001,,0.4013,false
EVT-MED-0351,Frontier Campaign of Holy Roman Empire,1171,medieval,war,Central Europe,Holy Roman Empire,CHR-MED-0351,950.9,0.573,0.143,0.5929,0.795,13.8,0.4665,29,37.8,0.3237,57.9,11.1,0.3493,0.401,0.3122,0,0.1724,0.2045,0.218,-0.1965,0.6906,0.7013,0.712344,RMD,BRACKET_HIGH,false,false,0.6602214,0.56825,0.8738750000000001,,0.3953,true
EVT-MED-0352,Grain Market Price Shock across Mongol Empire / Ilkhanate,794,medieval,economic,Eurasian Steppe,Mongol Empire / Ilkhanate,CHR-MED-0352,647.7,0.629,0.53,0.3138,0.643,9.3,0.368,25.3,41.1,0.3037,26.2,5.9,0.2659,0.3276,0.2598,0.0193,0.1562,0.1758,0.1877,-0.1518,0.354,0.6526,0.602616,CMN,BRACKET_BASE,false,true,0.5132293400000001,0.37751517,0.48339592000000003,,0.3722,false
EVT-MED-0353,Epidemic Fever Outbreak across Song Dynasty,1050,medieval,pandemic,East Asia,Song Dynasty,CHR-MED-0353,745.1,0.449,0.787,0.3377,0.321,8.5,0.203,34.5,35.7,0.3704,36.5,12.8,0.3244,0.3821,0.3459,0.0953,0.3367,0.2183,0.2757,-0.1638,0.9223,0.8124,0.360977,CMN,BRACKET_BASE,false,true,1,0.546625,0.8640000000000001,,0.3708,false
EVT-MED-0354,Maritime Hegemony Clash in Khmer Empire,876,medieval,war,Southeast Asia,Khmer Empire,CHR-MED-0354,943.9,0.745,0.39,0.4638,0.797,8.7,0.442,26,38.5,0.2956,25.8,6.2,0.2663,0.3534,0.2553,0,0.0855,0.4766,0.2342,0.1232,0.4969,0.6405,0.567081,CMN,BRACKET_BASE,false,true,0.83125,0.58825,0.705,,0.4068,true
EVT-MED-0355,Institutional Dissolution of Chola Dynasty,1096,medieval,collapse,South India,Chola Dynasty,CHR-MED-0355,794.6,0.669,0.872,0.27,0.663,13.2,0.3975,32.4,40.7,0.3777,34.7,11,0.3117,0.424,0.3473,0.038,0.097,0.075,0.1963,-0.349,0.6977,0.8361,0.522953,CMN,BRACKET_BASE,false,true,0.6840693999999999,0.39453142,0.59070726,,0.3655,false
EVT-MED-0356,Debt Crisis Settlement of Umayyad Caliphate (Al-Andalus),803,medieval,economic,Iberia / North Africa,Umayyad Caliphate (Al-Andalus),CHR-MED-0356,646.1,0.691,0.506,0.3017,0.272,14.6,0.209,28.4,44.5,0.3575,49.4,9,0.3273,0.2916,0.2681,0.0495,0.1829,0.4152,0.2415,0.1236,0.5008,0.6917,0.593505,CMN,BRACKET_BASE,false,true,0.6228170199999999,0.5298457599999999,0.6073535,,0.3913,false
EVT-MED-0357,Territorial Rupture of Kamakura / Muromachi Japan,1015,medieval,collapse,East Asia,Kamakura / Muromachi Japan,CHR-MED-0357,1151.8,0.475,0.588,0.5856,0.78,14.3,0.4615,27.9,39.7,0.3233,28.5,8.6,0.2855,0.5505,0.4704,0.1457,0.2396,0.1775,0.3167,-0.373,0.8371,0.8351,0.814774,RMD,BRACKET_HIGH,true,false,0.55034672,0.38996808,0.59200192,,0.3695,false
EVT-MED-0358,Mercantile Tariff Overhaul across Mali Empire,709,medieval,economic,West Africa,Mali Empire,CHR-MED-0358,1288.5,0.602,0.419,0.6641,0.255,15.5,0.205,31.5,38.9,0.3572,27.7,7.9,0.2799,0.4398,0.4172,0.2751,0.4419,0.4565,0.4061,0.0167,0.4565,0.5692,0.590544,CMN,BRACKET_BASE,false,true,0.5584215,0.37286872,0.44207135999999997,,0.3404,false
EVT-MED-0359,Navigational Instrument Reform in Kievan Rus,1128,medieval,technological,Eastern Europe,Kievan Rus,CHR-MED-0359,1108.7,0.559,0.809,0.4733,0.821,7.8,0.4495,27.3,40.6,0.3222,30.6,7,0.2826,0.2959,0.3277,0.4472,0.5621,0.5632,0.4392,0.2673,0.167,0.6293,0.754276,RMD,BRACKET_HIGH,true,false,0.6043976400000001,0.553375,0.654125,,0.3006,false
EVT-MED-0360,Orthodoxy & Heresy Trial Wave in Kamakura / Muromachi Japan,502,medieval,religious,East Asia,Kamakura / Muromachi Japan,CHR-MED-0360,969.7,0.509,0.271,0.5827,0.774,14.7,0.4605,25.8,38.9,0.2959,43.7,6.7,0.3069,0.4281,0.4055,0.2846,0.358,0.2782,0.3509,-0.1499,0.5478,0.647,0.681813,RMD,BRACKET_MEDIUM,false,false,0.58906515,0.51829806,0.7559016,,0.3015,false
EVT-MED-0361,Grain Market Price Shock across Umayyad Caliphate (Al-Andalus),909,medieval,economic,Iberia / North Africa,Umayyad Caliphate (Al-Andalus),CHR-MED-0361,1149.1,0.691,0.395,0.5774,0.359,11.4,0.2365,29.5,34.7,0.3105,15.9,6.1,0.2307,0.2992,0.256,0.0474,0.1169,0.4521,0.2343,0.1529,0.5098,0.6714,0.427941,CMN,BRACKET_BASE,false,true,0.71166666,0.49040990999999995,0.6011565299999999,,0.398,false
EVT-MED-0362,Navigational Instrument Reform in Mali Empire,563,medieval,technological,West Africa,Mali Empire,CHR-MED-0362,828.3,0.622,0.82,0.316,0.833,5.1,0.442,35.8,42.7,0.4264,21.9,12.5,0.2859,0.3059,0.3352,0.4309,0.5867,0.5888,0.4495,0.2829,0.3223,0.6857,0.676206,RMD,BRACKET_MEDIUM,false,true,0.50232096,0.47144757000000004,0.58604416,,0.3126,false
EVT-MED-0363,Orthodoxy & Heresy Trial Wave in Kievan Rus,1262,medieval,religious,Eastern Europe,Kievan Rus,CHR-MED-0363,706.5,0.754,0.268,0.3833,0.791,6.2,0.4265,27.2,42.2,0.3307,31.2,6.4,0.281,0.3793,0.4083,0.2308,0.4044,0.3519,0.3549,-0.0274,0.3766,0.5679,0.471764,CMN,BRACKET_BASE,false,true,0.7932846100000001,0.5485,0.740875,,0.3309,true
EVT-MED-0364,Printing & Communications Diffusion in Song Dynasty,883,medieval,technological,East Asia,Song Dynasty,CHR-MED-0364,1181.5,0.654,0.586,0.5468,0.202,10.1,0.1515,28.8,40.6,0.3384,9.1,11.3,0.2163,0.2293,0.2809,0.3757,0.5153,0.5854,0.3973,0.3561,0.2182,0.7213,0.819161,RMD,BRACKET_HIGH,true,false,0.38308996000000006,0.53305536,0.56205928,,0.3272,false
EVT-MED-0365,Orthodoxy & Heresy Trial Wave in Kingdom of England,1334,medieval,religious,British Isles,Kingdom of England,CHR-MED-0365,718.8,0.49,0.494,0.4006,0.77,12,0.445,33,37.3,0.3638,17.5,8.9,0.2517,0.3763,0.4445,0.2835,0.3941,0.2967,0.359,-0.0796,0.2934,0.5649,0.759381,RMD,BRACKET_HIGH,true,false,0.41598354000000004,0.47571495999999996,0.6817995600000001,,0.2954,false
EVT-MED-0366,Guild Monopoly Reform in Tang Dynasty,710,medieval,economic,East Asia,Tang Dynasty,CHR-MED-0366,985.4,0.461,0.67,0.485,0.34,14.7,0.2435,32.2,39.5,0.3684,39.9,9,0.3118,0.4049,0.3267,0.1856,0.3577,0.3507,0.3251,-0.0542,0.4803,0.6148,0.665571,RMD,BRACKET_MEDIUM,false,true,0.64644864,0.54825,0.7671250000000001,,0.3518,true
EVT-MED-0367,Sanitation & Medical Breakthrough in Abbasid Caliphate,1302,medieval,technological,Middle East,Abbasid Caliphate,CHR-MED-0367,1246.8,0.478,0.153,0.761,0.374,8.7,0.2305,29.8,44.1,0.3701,18.9,11.3,0.2692,0.3618,0.4132,0.4791,0.5798,0.6181,0.4904,0.2563,0.4412,0.6745,0.791333,RMD,BRACKET_HIGH,true,false,0.48087923000000005,0.5445,0.687875,,0.301,false
EVT-MED-0368,Continental Standoff of Byzantine Empire,525,medieval,war,Eastern Mediterranean,Byzantine Empire,CHR-MED-0368,1255.2,0.459,0.562,0.648,0.758,8.1,0.4195,34.5,39.8,0.395,50.2,12.1,0.344,0.4863,0.446,0.1155,0.1869,0.3521,0.3174,-0.1342,0.4829,0.6038,0.436221,CMN,BRACKET_BASE,false,true,0.7263491400000001,0.49749276000000003,0.7524559200000001,,0.3979,false
EVT-MED-0369,Printing & Communications Diffusion in Mali Empire,1075,medieval,technological,West Africa,Mali Empire,CHR-MED-0369,619,0.537,0.186,0.4308,0.501,15.9,0.33,25.1,40.6,0.2985,20.8,12.4,0.2817,0.282,0.3266,0.4455,0.5071,0.6059,0.4334,0.3239,0.4123,0.7491,0.562402,CMN,BRACKET_BASE,false,true,0.596625,0.54525,0.6884999999999999,,0.313,false
EVT-MED-0370,Frontier Campaign of Song Dynasty,938,medieval,war,East Asia,Song Dynasty,CHR-MED-0370,1148.8,0.538,0.648,0.5472,0.538,13.2,0.335,29.2,35.4,0.3115,60.8,9.4,0.3443,0.34,0.2783,0.0192,0.1511,0.29,0.2157,-0.05,0.3793,0.5728,0.549628,CMN,BRACKET_BASE,false,true,0.56692356,0.38284239999999997,0.4576068,,0.3931,false
EVT-MED-0371,Astronomical Standardization by Byzantine Empire,1418,medieval,technological,Eastern Mediterranean,Byzantine Empire,CHR-MED-0371,1259.8,0.668,0.39,0.6391,0.82,12.2,0.471,33.3,37.1,0.3658,55.8,12.5,0.3536,0.3899,0.4337,0.5416,0.636,0.6177,0.5238,0.2278,0.4627,0.6473,0.664543,RMD,BRACKET_MEDIUM,false,true,0.43432574999999995,0.37707767999999997,0.45674881999999994,,0.2851,false
EVT-MED-0372,Epidemic Fever Outbreak across Byzantine Empire,1246,medieval,pandemic,Eastern Mediterranean,Byzantine Empire,CHR-MED-0372,1130,0.562,0.324,0.6282,0.624,12.9,0.3765,32.4,38.7,0.3657,39.3,6.9,0.3002,0.5016,0.4695,0.0713,0.2462,0.186,0.2949,-0.3156,0.9305,0.8275,0.626048,CMN,BRACKET_BASE,false,true,0.6614471999999999,0.56791314,0.8899275000000001,,0.3913,false
EVT-MED-0373,Monastic Network Expansion of Mongol Empire / Ilkhanate,1065,medieval,religious,Eurasian Steppe,Mongol Empire / Ilkhanate,CHR-MED-0373,1315.3,0.58,0.548,0.6449,0.491,14.2,0.3165,31.5,43.5,0.3848,14.5,8.2,0.2346,0.3767,0.3548,0.2562,0.4268,0.4032,0.3635,0.0265,0.3495,0.5298,0.566945,CMN,BRACKET_BASE,false,true,0.7065396,0.5335339499999999,0.6515951600000001,,0.3226,true
EVT-MED-0374,Monastic Network Expansion of Abbasid Caliphate,608,medieval,religious,Middle East,Abbasid Caliphate,CHR-MED-0374,1004.4,0.693,0.366,0.5157,0.434,12.8,0.281,33.5,42.1,0.398,27.8,6.9,0.2752,0.3649,0.3783,0.2201,0.2756,0.446,0.337,0.0811,0.2129,0.5478,0.696143,RMD,BRACKET_MEDIUM,false,false,0.4511151,0.39032925,0.40578614999999996,,0.3498,false
EVT-MED-0375,Coalition Defense of Kingdom of England,1111,medieval,war,British Isles,Kingdom of England,CHR-MED-0375,706.8,0.671,0.781,0.2544,0.576,17.5,0.3755,34,43.3,0.4106,35.5,11.8,0.3174,0.3472,0.2803,0,0.1029,0.4094,0.228,0.0622,0.5621,0.648,0.450756,CMN,BRACKET_BASE,false,true,0.7751181100000001,0.4910598,0.6443824499999999,,0.4069,false
EVT-MED-0376,Harbor Incursion Sickness in Chola Dynasty,555,medieval,pandemic,South India,Chola Dynasty,CHR-MED-0376,1285.6,0.578,0.826,0.5478,0.361,13.1,0.246,34.5,40.4,0.3986,33.8,9.8,0.3038,0.432,0.4119,0.1335,0.3634,0.2265,0.3135,-0.2055,0.6997,0.737,0.644121,RMD,BRACKET_MEDIUM,false,true,0.59543253,0.3826368,0.54742016,,0.3685,false
EVT-MED-0377,Navigational Instrument Reform in Abbasid Caliphate,852,medieval,technological,Middle East,Abbasid Caliphate,CHR-MED-0377,1261.3,0.607,0.364,0.666,0.48,7.7,0.2785,30.8,39.9,0.3557,21.9,9.3,0.2699,0.3044,0.3288,0.4222,0.4908,0.4945,0.4081,0.1901,0.3085,0.6147,0.469788,CMN,BRACKET_BASE,false,true,0.7303744500000001,0.5405,0.698875,,0.2773,true
EVT-MED-0378,Guild Monopoly Reform in Classic Maya & Postclassic,521,medieval,economic,Mesoamerica,Classic Maya & Postclassic,CHR-MED-0378,971.8,0.59,0.21,0.5777,0.459,7.6,0.2675,31.4,39.6,0.3604,31.8,8.6,0.2934,0.4451,0.363,0.2271,0.2846,0.3371,0.3314,-0.108,0.6084,0.6596,0.755906,RMD,BRACKET_HIGH,true,false,0.43427405999999996,0.37696043999999995,0.5021088,,0.3363,false
EVT-MED-0379,Harbor Incursion Sickness in Song Dynasty,1361,medieval,pandemic,East Asia,Song Dynasty,CHR-MED-0379,603.5,0.41,0.853,0.2613,0.278,12.8,0.203,33.7,44.7,0.4157,30.9,12.7,0.3118,0.3917,0.3131,0,0.1179,0.1077,0.1861,-0.284,0.9102,0.8789,0.657492,RMD,BRACKET_MEDIUM,false,true,0.62530884,0.38020956,0.55005014,,0.3786,false
EVT-MED-0380,Harbor Incursion Sickness in Byzantine Empire,688,medieval,pandemic,Eastern Mediterranean,Byzantine Empire,CHR-MED-0380,639.1,0.573,0.369,0.3748,0.778,10.3,0.4405,28.9,35,0.3058,35.9,7.6,0.2972,0.4425,0.4028,0,0.1555,0.4204,0.2842,-0.0221,0.6036,0.6247,0.529184,CMN,BRACKET_BASE,false,true,0.58606632,0.41914339999999994,0.49987055999999996,,0.407,false
EVT-MED-0381,Metallurgical Innovation Surge in Umayyad Caliphate (Al-Andalus),1016,medieval,technological,Iberia / North Africa,Umayyad Caliphate (Al-Andalus),CHR-MED-0381,740.1,0.425,0.335,0.4781,0.455,15.4,0.3045,34.7,42,0.4103,20.5,9.8,0.2676,0.3062,0.3538,0.4085,0.4778,0.4303,0.3953,0.1241,0.2247,0.5743,0.76537,RMD,BRACKET_HIGH,true,false,0.46292896,0.36717175,0.42742160999999995,,0.2682,false
EVT-MED-0382,Strategic Siege of Byzantine Empire,1411,medieval,war,Eastern Mediterranean,Byzantine Empire,CHR-MED-0382,891.5,0.515,0.521,0.4682,0.369,6.9,0.219,25.2,43,0.314,57.3,4.6,0.316,0.3111,0.1967,0.0119,0.0809,0.4497,0.2101,0.1386,0.3216,0.6351,0.683509,RMD,BRACKET_MEDIUM,false,false,0.5826633000000001,0.50246325,0.58803648,,0.4052,false
EVT-MED-0383,Maritime Trade Hub Expansion in Kingdom of England,1027,medieval,economic,British Isles,Kingdom of England,CHR-MED-0383,701.6,0.412,0.284,0.4787,0.587,6.1,0.324,29.9,43.2,0.3658,17.8,9.3,0.2549,0.372,0.323,0.2007,0.26,0.1654,0.2642,-0.2066,0.6473,0.7281,0.34246,CMN,BRACKET_BASE,false,true,0.87377992,0.538125,0.854625,,0.3134,true
EVT-MED-0384,Guild Monopoly Reform in Holy Roman Empire,1165,medieval,economic,Central Europe,Holy Roman Empire,CHR-MED-0384,726.4,0.708,0.365,0.3776,0.558,14.3,0.3505,32.9,43.8,0.4017,35,9.7,0.3058,0.3687,0.2765,0.1129,0.2778,0.3013,0.2674,-0.0674,0.2778,0.5664,0.52043,CMN,BRACKET_BASE,false,true,0.5974287899999999,0.38859246,0.46469154,,0.3664,false
EVT-MED-0385,Metallurgical Innovation Surge in Chola Dynasty,1182,medieval,technological,South India,Chola Dynasty,CHR-MED-0385,1086.4,0.73,0.436,0.5232,0.304,12.2,0.213,30.5,35.8,0.3279,39.2,13.6,0.3335,0.2655,0.3075,0.3901,0.5286,0.4377,0.3859,0.1722,0.2675,0.6302,0.543626,CMN,BRACKET_BASE,false,true,0.7299632399999999,0.5485,0.704375,,0.281,false
EVT-MED-0386,Frontier Campaign of Holy Roman Empire,1204,medieval,war,Central Europe,Holy Roman Empire,CHR-MED-0386,632.2,0.586,0.765,0.2488,0.533,17,0.3515,26.2,43.1,0.3254,64,7.4,0.338,0.3531,0.2631,0,0.1242,0.1898,0.186,-0.1633,0.647,0.7411,0.478404,CMN,BRACKET_BASE,false,true,0.8180588000000001,0.4798576,0.76213168,,0.3861,false
EVT-MED-0387,Epidemic Fever Outbreak across Classic Maya & Postclassic,790,medieval,pandemic,Mesoamerica,Classic Maya & Postclassic,CHR-MED-0387,922.8,0.502,0.114,0.6093,0.728,7.1,0.3995,32.4,39.7,0.3717,43,5,0.2972,0.5141,0.4434,0.1175,0.2515,0.4541,0.3561,-0.06,0.8546,0.669,0.614718,CMN,BRACKET_BASE,false,true,0.774753,0.56773631,0.7598754600000001,,0.405,false
EVT-MED-0388,Urban Quarantine Emergency in Tang Dynasty,1141,medieval,pandemic,East Asia,Tang Dynasty,CHR-MED-0388,1266.7,0.729,0.262,0.6626,0.781,17.2,0.4765,31.8,39.6,0.3647,31.3,6.8,0.2833,0.5237,0.4805,0.1836,0.289,0.4947,0.3943,-0.029,0.8966,0.6442,0.664963,RMD,BRACKET_MEDIUM,false,true,0.5046788400000001,0.3980572,0.49540068,,0.3993,false
EVT-MED-0389,Educational Charter of Kievan Rus,581,medieval,transformation,Eastern Europe,Kievan Rus,CHR-MED-0389,936.7,0.561,0.309,0.5398,0.723,8.2,0.4025,32.1,36.4,0.3487,60.4,5.6,0.3248,0.3458,0.3707,0.2748,0.5126,0.5711,0.415,0.2253,0.146,0.5945,0.624807,CMN,BRACKET_BASE,false,true,0.5249478000000001,0.47123559000000004,0.47019852,,0.3463,false
EVT-MED-0390,Caravan Route Pestilence in Tang Dynasty,1387,medieval,pandemic,East Asia,Tang Dynasty,CHR-MED-0390,685.4,0.422,0.715,0.3386,0.828,4.8,0.438,33.7,43,0.4055,56,10.7,0.3449,0.4574,0.4247,0.0503,0.1508,0.4897,0.3146,0.0323,0.8381,0.6797,0.569477,CMN,BRACKET_BASE,false,true,0.6105813999999999,0.40654284,0.46327704,,0.4072,false
EVT-MED-0391,Decentralization Wave across Kingdom of England,1171,medieval,collapse,British Isles,Kingdom of England,CHR-MED-0391,825.3,0.542,0.31,0.4915,0.492,8.9,0.2905,32,37.2,0.3524,43.8,10.9,0.3281,0.4173,0.3226,0.0787,0.1764,0,0.199,-0.425,0.7371,0.8736,0.392766,CMN,BRACKET_BASE,false,true,0.8660996999999999,0.48656271000000006,0.8903455499999999,,0.373,false
EVT-MED-0392,Agricultural Plague Wave in Classic Maya & Postclassic,1017,medieval,pandemic,Mesoamerica,Classic Maya & Postclassic,CHR-MED-0392,636.4,0.66,0.201,0.3978,0.239,13.6,0.1875,28,41.8,0.337,41.5,7.1,0.3052,0.3358,0.2708,0,0.1059,0.3638,0.2153,0.028,0.7234,0.6876,0.506689,CMN,BRACKET_BASE,false,true,0.7567862,0.5587829099999999,0.7095823800000001,,0.4031,true
EVT-MED-0393,Frontier Campaign of Holy Roman Empire,1311,medieval,war,Central Europe,Holy Roman Empire,CHR-MED-0393,1321.1,0.504,0.8,0.5949,0.766,13.6,0.451,30.5,36.6,0.3327,49.2,12.5,0.3445,0.4557,0.3686,0.1381,0.309,0.5615,0.3666,0.1058,0.5956,0.6292,0.381429,CMN,BRACKET_BASE,false,true,0.8809968300000001,0.5815,0.72325,,0.4025,false
EVT-MED-0394,Grain Market Price Shock across Khmer Empire,1103,medieval,economic,Southeast Asia,Khmer Empire,CHR-MED-0394,1024.3,0.735,0.297,0.5334,0.624,13.3,0.3785,28.5,44,0.3555,30.2,5,0.2717,0.3681,0.3418,0.1317,0.1932,0.3744,0.2818,0.0063,0.3846,0.5394,0.600241,CMN,BRACKET_BASE,false,true,0.53455248,0.3890206,0.4493181,,0.3754,false
EVT-MED-0395,Systemic Governance Breakdown in Mali Empire,1445,medieval,collapse,West Africa,Mali Empire,CHR-MED-0395,721.5,0.581,0.672,0.3212,0.231,14.6,0.1885,34.4,37.2,0.3783,18.5,11.8,0.2702,0.3739,0.2865,0.0191,0.1002,0,0.1559,-0.3743,0.527,0.8307,0.560666,CMN,BRACKET_BASE,false,true,0.6891075,0.47731707,0.8266403,,0.369,false
EVT-MED-0396,Caravan Route Pestilence in Khmer Empire,1040,medieval,pandemic,Southeast Asia,Khmer Empire,CHR-MED-0396,876.3,0.617,0.505,0.4351,0.713,17,0.4415,34.6,34.4,0.3636,40.9,8.7,0.3121,0.4292,0.371,0.0133,0.2633,0.062,0.2278,-0.3672,0.7762,0.8363,0.328026,CMN,BRACKET_BASE,false,true,0.9130642,0.56143119,0.9062225600000001,,0.3887,true
EVT-MED-0397,Urban Quarantine Emergency in Byzantine Empire,706,medieval,pandemic,Eastern Mediterranean,Byzantine Empire,CHR-MED-0397,910.5,0.609,0.899,0.3358,0.616,12.5,0.3705,28.9,43.5,0.3568,48.7,8.3,0.3228,0.4171,0.3938,0,0.1401,0.2186,0.2339,-0.1985,0.9028,0.8034,0.476712,CMN,BRACKET_BASE,false,true,0.9604661000000001,0.57125,0.8737499999999999,,0.401,true
EVT-MED-0398,Military Coup d’État in Holy Roman Empire,827,medieval,revolution,Central Europe,Holy Roman Empire,CHR-MED-0398,857,0.413,0.525,0.481,0.25,11.1,0.1805,25.6,43.5,0.3213,52,7.2,0.322,0.3503,0.2391,0,0.1348,0.1324,0.1713,-0.2179,0.7288,0.7824,0.550424,CMN,BRACKET_BASE,false,true,0.7724981,0.5246709900000001,0.79081002,,0.3739,false
EVT-MED-0399,Maritime Trade Hub Expansion in Abbasid Caliphate,1477,medieval,economic,Middle East,Abbasid Caliphate,CHR-MED-0399,802.4,0.741,0.29,0.4268,0.657,15.6,0.4065,35.7,39.2,0.4043,9.8,6.2,0.1962,0.4262,0.341,0.2295,0.4079,0.436,0.3681,0.0098,0.3877,0.5466,0.6669,RMD,BRACKET_MEDIUM,false,true,0.5147446,0.37442784,0.43285572,,0.3567,false
EVT-MED-0400,Strategic Siege of Khmer Empire,898,medieval,war,Southeast Asia,Khmer Empire,CHR-MED-0400,1293.9,0.559,0.17,0.7543,0.594,12.9,0.3615,26,42.1,0.3172,43,5.9,0.3017,0.4872,0.3842,0.0996,0.2447,0.3179,0.3067,-0.1693,0.571,0.6492,0.564212,CMN,BRACKET_BASE,false,true,0.7741754300000001,0.55283025,0.7981833300000001,,0.3936,false
EVT-MED-0401,Navigational Instrument Reform in Chola Dynasty,538,medieval,technological,South India,Chola Dynasty,CHR-MED-0401,1116.1,0.404,0.585,0.5906,0.731,7.3,0.402,25.4,36.5,0.2772,9.1,7,0.1948,0.3212,0.3632,0.4164,0.558,0.5605,0.4439,0.2393,0.3249,0.65,0.628622,CMN,BRACKET_BASE,false,true,0.42415875,0.37717359,0.40192644,,0.303,false
EVT-MED-0402,Secular Legal Separation in Holy Roman Empire,735,medieval,religious,Central Europe,Holy Roman Empire,CHR-MED-0402,1285.9,0.465,0.171,0.7783,0.613,16.3,0.388,34.3,35.5,0.367,37.5,11.8,0.3213,0.4696,0.4622,0.3747,0.4442,0.5069,0.4515,0.0373,0.5402,0.5552,0.515388,CMN,BRACKET_BASE,false,true,0.63076212,0.4639691,0.6493586399999999,,0.3037,false
EVT-MED-0403,Institutional Dissolution of Khmer Empire,790,medieval,collapse,Southeast Asia,Khmer Empire,CHR-MED-0403,642.8,0.552,0.509,0.3409,0.515,13.8,0.3265,26.8,43.3,0.333,59.3,9.1,0.341,0.4127,0.3277,0.0824,0.138,0.041,0.2004,-0.3717,0.5286,0.8128,0.47734,CMN,BRACKET_BASE,false,true,0.56753312,0.38035297000000007,0.56562525,,0.3605,false
EVT-MED-0404,Systemic Governance Breakdown in Chola Dynasty,513,medieval,collapse,South India,Chola Dynasty,CHR-MED-0404,619,0.575,0.675,0.2727,0.226,6.3,0.1445,25.1,42.1,0.3075,13.3,5.1,0.2128,0.3612,0.2535,0,0.0653,0,0.136,-0.379,0.8285,0.9331,0.422081,CMN,BRACKET_BASE,false,true,0.9557607600000001,0.53168471,0.85544088,,0.3662,true
EVT-MED-0405,Territorial Rupture of Kievan Rus,902,medieval,collapse,Eastern Europe,Kievan Rus,CHR-MED-0405,1111,0.577,0.273,0.6298,0.416,8.3,0.2495,34.6,34.2,0.3624,58.1,6,0.324,0.4906,0.4093,0.0844,0.1157,0.0527,0.2305,-0.4379,0.7141,0.8587,0.421498,CMN,BRACKET_BASE,false,true,0.8524225000000001,0.56339142,0.9221856900000001,,0.3726,false
EVT-MED-0406,Maritime Hegemony Clash in Song Dynasty,1124,medieval,war,East Asia,Song Dynasty,CHR-MED-0406,641.5,0.662,0.605,0.2785,0.378,15.6,0.267,30.1,37.5,0.3338,32.4,12.9,0.3163,0.3433,0.3018,0.0247,0.1209,0.3661,0.2314,0.0228,0.6498,0.6729,0.667105,RMD,BRACKET_MEDIUM,false,true,0.59310025,0.38579806,0.45784944,,0.4004,false
EVT-MED-0407,Treaty System Implementation across Song Dynasty,1413,medieval,transformation,East Asia,Song Dynasty,CHR-MED-0407,836.3,0.403,0.612,0.4479,0.796,16.8,0.482,28,35.4,0.2986,24.4,4.5,0.2537,0.3146,0.3493,0.2144,0.3624,0.5576,0.3597,0.243,0.287,0.6487,0.882053,RMD,BRACKET_HIGH,true,false,0.33762568,0.38892672,0.36368016000000003,,0.363,false
EVT-MED-0408,Respiratory Virulence Wave across Holy Roman Empire,557,medieval,pandemic,Central Europe,Holy Roman Empire,CHR-MED-0408,1319.7,0.575,0.859,0.5552,0.282,4.8,0.165,26.1,40.8,0.3105,18.9,11.5,0.2702,0.3646,0.2892,0,0.1944,0.012,0.172,-0.3526,0.8464,0.8774,0.546359,CMN,BRACKET_BASE,false,true,0.66910191,0.37710815999999997,0.5680624999999999,,0.3767,false
EVT-MED-0409,Monastic Network Expansion of Kingdom of England,1018,medieval,religious,British Isles,Kingdom of England,CHR-MED-0409,1226.8,0.586,0.528,0.6064,0.319,8.3,0.201,26.5,44.1,0.3346,55.6,5.7,0.3193,0.391,0.3512,0.2146,0.3248,0.4686,0.35,0.0776,0.5492,0.6379,0.525698,CMN,BRACKET_BASE,false,true,0.64582115,0.4719294,0.6336560800000001,,0.3595,false
EVT-MED-0410,Civic Restoration Revolt in Kingdom of France,1495,medieval,revolution,Western Europe,Kingdom of France,CHR-MED-0410,683.2,0.411,0.237,0.4843,0.694,11.4,0.404,34.4,41.7,0.4053,23.7,10.7,0.2826,0.4029,0.2472,0,0.187,0.1231,0.192,-0.2798,0.7813,0.7824,0.453197,CMN,BRACKET_BASE,false,true,0.75082365,0.46915751999999994,0.7891919,,0.3877,false
EVT-MED-0411,Institutional Dissolution of Byzantine Empire,1281,medieval,collapse,Eastern Mediterranean,Byzantine Empire,CHR-MED-0411,1250.5,0.666,0.397,0.6331,0.217,7.3,0.145,26.6,37.5,0.2961,11.8,9,0.2236,0.4648,0.3759,0.1472,0.2377,0.0999,0.2651,-0.3649,0.5812,0.8112,0.621948,CMN,BRACKET_BASE,false,true,0.6952020000000001,0.5366131,0.86430411,,0.3579,false
EVT-MED-0412,Fiscal Modernization in Mali Empire,1380,medieval,transformation,West Africa,Mali Empire,CHR-MED-0412,762.5,0.491,0.795,0.3311,0.638,5.5,0.3465,25.7,41.3,0.3092,54.3,5.7,0.3176,0.274,0.3054,0.1966,0.4248,0.4431,0.3288,0.1691,0.2471,0.6351,0.423195,CMN,BRACKET_BASE,false,true,0.6504088,0.53319662,0.546152,,0.3377,false
EVT-MED-0413,Palatial Collapse of Umayyad Caliphate (Al-Andalus),1334,medieval,collapse,Iberia / North Africa,Umayyad Caliphate (Al-Andalus),CHR-MED-0413,1017.4,0.576,0.352,0.5613,0.503,13.9,0.321,25.2,43.8,0.3188,21.5,9.7,0.2706,0.4577,0.3412,0.1346,0.2326,0.2121,0.2756,-0.2456,0.7069,0.7592,0.560696,CMN,BRACKET_BASE,false,true,0.76258944,0.46632494999999996,0.79519885,,0.3554,false
EVT-MED-0414,Epidemic Fever Outbreak across Tang Dynasty,1155,medieval,pandemic,East Asia,Tang Dynasty,CHR-MED-0414,572.6,0.688,0.214,0.3547,0.323,7.8,0.2005,27.6,40.1,0.3224,47.4,4.8,0.3033,0.3518,0.2889,0.0311,0.2802,0.0143,0.1933,-0.3375,0.8186,0.8853,0.415261,CMN,BRACKET_BASE,false,true,0.8934729499999999,0.54107793,0.87655072,,0.3768,true
EVT-MED-0415,Debt Crisis Settlement of Byzantine Empire,1277,medieval,economic,Eastern Mediterranean,Byzantine Empire,CHR-MED-0415,557,0.632,0.843,0.1753,0.71,14.1,0.4255,33.8,34.5,0.3556,37.1,7.3,0.2981,0.3609,0.3314,0.0691,0.1628,0.3552,0.2559,-0.0057,0.4785,0.6092,0.713252,RMD,BRACKET_HIGH,false,false,0.607804,0.567,0.75175,,0.3919,true
EVT-MED-0416,Imperial Unification of Song Dynasty,1367,medieval,transformation,East Asia,Song Dynasty,CHR-MED-0416,587.1,0.416,0.804,0.2663,0.219,10.5,0.162,32.8,40.2,0.379,29,7.9,0.2832,0.1632,0.2298,0.1759,0.4165,0.3362,0.2643,0.173,0.2159,0.6563,0.589257,CMN,BRACKET_BASE,false,true,0.6274057399999999,0.46997807999999996,0.5138153999999999,,0.3182,false
EVT-MED-0417,Urban Quarantine Emergency in Mongol Empire / Ilkhanate,619,medieval,pandemic,Eurasian Steppe,Mongol Empire / Ilkhanate,CHR-MED-0417,900,0.608,0.52,0.4447,0.231,17.1,0.201,28.8,37.1,0.3174,23.9,8,0.2697,0.3694,0.3387,0,0.206,0.3995,0.2627,0.0301,0.7791,0.6966,0.598381,CMN,BRACKET_BASE,false,true,0.6172621899999999,0.39586889999999997,0.4709972,,0.4053,false
EVT-MED-0418,Maritime Trade Hub Expansion in Song Dynasty,1452,medieval,economic,East Asia,Song Dynasty,CHR-MED-0418,548,0.74,0.785,0.156,0.566,15.9,0.3625,26.2,38.3,0.2966,55.4,4.8,0.3146,0.3554,0.325,0.0761,0.1728,0.433,0.2725,0.0776,0.5002,0.6747,0.4423,CMN,BRACKET_BASE,false,true,0.7485952499999999,0.55075176,0.65648872,,0.3966,false
EVT-MED-0419,Agrarian Insurgency in Chola Dynasty,1172,medieval,revolution,South India,Chola Dynasty,CHR-MED-0419,1069,0.556,0.642,0.5052,0.838,9.2,0.465,29.8,39.5,0.3425,37.1,13.4,0.3286,0.4891,0.3676,0.029,0.2499,0.6737,0.3619,0.1846,0.3955,0.6317,0.570036,CMN,BRACKET_BASE,false,true,0.6667525999999999,0.5792193600000001,0.70729492,,0.3987,false
EVT-MED-0420,Frontier Campaign of Classic Maya & Postclassic,955,medieval,war,Mesoamerica,Classic Maya & Postclassic,CHR-MED-0420,1136.8,0.522,0.348,0.6363,0.403,10.1,0.252,26.9,36.6,0.2939,14.1,6.8,0.2255,0.3483,0.3053,0.0576,0.2188,0.1466,0.2153,-0.2017,0.3786,0.6562,0.664865,RMD,BRACKET_MEDIUM,false,true,0.45828,0.38491554,0.51399964,,0.3591,false
EVT-MED-0421,Secular Legal Separation in Chola Dynasty,965,medieval,religious,South India,Chola Dynasty,CHR-MED-0421,719.8,0.726,0.264,0.3993,0.54,13.4,0.337,32.2,42.7,0.3876,64.1,4.9,0.3256,0.3687,0.4085,0.2397,0.3457,0.2237,0.3173,-0.145,0.4776,0.6591,0.738633,RMD,BRACKET_HIGH,true,false,0.6188401400000001,0.47445538,0.74135504,,0.308,false
EVT-MED-0422,Agrarian Insurgency in Kamakura / Muromachi Japan,989,medieval,revolution,East Asia,Kamakura / Muromachi Japan,CHR-MED-0422,917.6,0.61,0.798,0.3692,0.57,7.6,0.323,34.9,37,0.3825,47.4,11.4,0.3363,0.3421,0.2341,0,0.1785,0.1792,0.1868,-0.1629,0.3994,0.6566,0.62034,CMN,BRACKET_BASE,false,true,0.51372846,0.38697983999999996,0.5020035,,0.3822,false
EVT-MED-0423,Institutional Dissolution of Holy Roman Empire,1036,medieval,collapse,Central Europe,Holy Roman Empire,CHR-MED-0423,718.8,0.487,0.2,0.4897,0.733,6,0.3965,28.9,37.6,0.3214,10.4,13.3,0.236,0.4372,0.3229,0.013,0.1028,0.1693,0.209,-0.2679,0.7787,0.7882,0.427745,CMN,BRACKET_BASE,false,true,0.79698058,0.4802379300000001,0.7956950500000001,,0.3919,false
EVT-MED-0424,Decentralization Wave across Kievan Rus,777,medieval,collapse,Eastern Europe,Kievan Rus,CHR-MED-0424,1108.3,0.725,0.129,0.6273,0.451,5,0.2505,26.3,44.4,0.3342,8.3,8.2,0.1942,0.4828,0.4137,0.1444,0.2202,0.2257,0.2974,-0.2571,0.4964,0.7111,0.699524,RMD,BRACKET_MEDIUM,false,false,0.49313560999999995,0.39428288000000006,0.55555038,,0.3593,false
EVT-MED-0425,Canal Infrastructure Boom in Tang Dynasty,860,medieval,economic,East Asia,Tang Dynasty,CHR-MED-0425,1243.6,0.43,0.582,0.6451,0.46,10.1,0.2805,29.4,41.5,0.3502,52.1,13.2,0.3521,0.4078,0.3733,0.2349,0.3441,0.3069,0.3334,-0.1009,0.6056,0.6445,0.603205,CMN,BRACKET_BASE,false,true,0.57436437,0.37669848,0.50386378,,0.3148,false
EVT-MED-0426,Civic Restoration Revolt in Tang Dynasty,1457,medieval,revolution,East Asia,Tang Dynasty,CHR-MED-0426,1287.1,0.486,0.148,0.7795,0.786,11.4,0.45,33.7,44.2,0.4127,17.6,8.9,0.2521,0.5523,0.4022,0.094,0.2035,0.5284,0.3561,-0.0239,0.6387,0.5563,0.740672,RMD,BRACKET_HIGH,true,false,0.4037136,0.42837305999999997,0.49476416,,0.4033,false
EVT-MED-0427,Institutional Dissolution of Mongol Empire / Ilkhanate,904,medieval,collapse,Eurasian Steppe,Mongol Empire / Ilkhanate,CHR-MED-0427,692.3,0.443,0.88,0.2861,0.714,10.8,0.411,27.7,43.6,0.3445,16.9,8.2,0.2456,0.4657,0.3772,0.1649,0.2094,0.0164,0.2467,-0.4493,0.552,0.8544,0.615772,CMN,BRACKET_BASE,false,true,0.6598003800000001,0.48203532,0.87230094,,0.3649,false
EVT-MED-0428,Synod Monotheistic Mandate in Byzantine Empire,682,medieval,religious,Eastern Mediterranean,Byzantine Empire,CHR-MED-0428,1217,0.476,0.547,0.629,0.204,16.7,0.1855,33.7,41,0.3935,31.8,13.2,0.3164,0.3657,0.4288,0.3344,0.4098,0.36,0.3797,-0.0057,0.3583,0.5415,0.53182,CMN,BRACKET_BASE,false,true,0.5527448,0.36521331,0.4336835,,0.2665,false
EVT-MED-0429,Mechanical Power Harnessing in Umayyad Caliphate (Al-Andalus),770,medieval,technological,Iberia / North Africa,Umayyad Caliphate (Al-Andalus),CHR-MED-0429,683.6,0.554,0.461,0.3743,0.64,16.7,0.4035,28.7,42.9,0.3511,42,4.6,0.2935,0.304,0.3435,0.4315,0.5347,0.6414,0.451,0.3374,0.3349,0.7266,0.902679,RMD,BRACKET_HIGH,true,false,0.41714640000000003,0.37610946,0.38472434999999994,,0.3248,false
EVT-MED-0430,Monastic Network Expansion of Song Dynasty,897,medieval,religious,East Asia,Song Dynasty,CHR-MED-0430,994.9,0.546,0.419,0.5394,0.693,14.7,0.42,33.8,37.8,0.3754,22.4,6.9,0.2595,0.4339,0.3995,0.2508,0.3567,0.6403,0.4162,0.2064,0.4608,0.6564,0.486649,CMN,BRACKET_BASE,false,true,0.6260499900000002,0.5511415000000001,0.6014292600000001,,0.3846,false
EVT-MED-0431,Imperial Unification of Mali Empire,746,medieval,transformation,West Africa,Mali Empire,CHR-MED-0431,1006.6,0.458,0.28,0.6131,0.601,6.3,0.332,31.4,40.1,0.3634,12.2,6.8,0.2151,0.2885,0.3194,0.2648,0.4163,0.4392,0.3456,0.1507,0.1299,0.5476,0.762819,RMD,BRACKET_HIGH,true,false,0.41233329999999996,0.37015389,0.34035386,,0.3068,false
EVT-MED-0432,Agricultural Plague Wave in Classic Maya & Postclassic,609,medieval,pandemic,Mesoamerica,Classic Maya & Postclassic,CHR-MED-0432,918.1,0.63,0.239,0.5312,0.801,10.8,0.4545,35.9,34.7,0.3794,64.8,5.3,0.3284,0.4482,0.3799,0,0.2164,0.2516,0.2592,-0.1966,0.7798,0.7263,0.666105,RMD,BRACKET_MEDIUM,false,true,0.5802016,0.4074165,0.5535879600000001,,0.4046,false
EVT-MED-0433,Respiratory Virulence Wave across Kingdom of England,892,medieval,pandemic,British Isles,Kingdom of England,CHR-MED-0433,971.5,0.54,0.51,0.5026,0.346,8.2,0.214,29.3,38.4,0.3306,50.3,9.2,0.3296,0.3889,0.3677,0,0.1777,0.4202,0.2709,0.0313,0.7853,0.6861,0.679219,RMD,BRACKET_MEDIUM,false,true,0.7002912000000001,0.50847474,0.7009624500000001,,0.4069,false
EVT-MED-0434,Provincial Autonomy Insurgency against Holy Roman Empire,563,medieval,revolution,Central Europe,Holy Roman Empire,CHR-MED-0434,1103,0.418,0.761,0.5273,0.421,11.8,0.2695,28.1,43.9,0.3506,60.8,12.6,0.3603,0.3981,0.2945,0,0.2696,0.1002,0.2125,-0.2979,0.6968,0.793,0.451989,CMN,BRACKET_BASE,false,true,0.76318242,0.48301957999999995,0.82730279,,0.393,false
EVT-MED-0435,Debt Crisis Settlement of Kingdom of England,1046,medieval,economic,British Isles,Kingdom of England,CHR-MED-0435,1343.7,0.574,0.533,0.6649,0.404,17.1,0.2875,34.6,37.9,0.3846,16.5,7.6,0.2409,0.4689,0.4199,0.2795,0.4443,0.395,0.4015,-0.0739,0.2723,0.5374,0.561386,CMN,BRACKET_BASE,false,true,0.63445898,0.52967736,0.6832018200000001,,0.3354,false
EVT-MED-0436,Maritime Trade Hub Expansion in Holy Roman Empire,560,medieval,economic,Central Europe,Holy Roman Empire,CHR-MED-0436,672.7,0.751,0.25,0.3733,0.782,16.8,0.475,28.7,37.9,0.3211,43.6,8.2,0.3142,0.3822,0.3594,0.1465,0.2272,0.1957,0.2622,-0.1865,0.4606,0.6704,0.40278,CMN,BRACKET_BASE,false,true,0.6779988599999999,0.47077440000000004,0.7490365999999999,,0.3297,false
EVT-MED-0437,Canal Infrastructure Boom in Chola Dynasty,1000,medieval,economic,South India,Chola Dynasty,CHR-MED-0437,529.2,0.751,0.678,0.1757,0.634,8.6,0.36,31,41,0.3645,52.9,6.7,0.3207,0.2606,0.218,0.1029,0.2206,0.4123,0.2429,0.1517,0.5675,0.7188,0.678822,RMD,BRACKET_MEDIUM,false,true,0.56165652,0.37797029,0.39921288,,0.3681,false
EVT-MED-0438,Caravan Route Pestilence in Kingdom of England,680,medieval,pandemic,British Isles,Kingdom of England,CHR-MED-0438,1033.9,0.648,0.634,0.4631,0.523,12.9,0.326,30,37.7,0.3339,45.6,5.5,0.304,0.3792,0.3098,0,0.1014,0.3244,0.223,-0.0548,0.645,0.6524,0.425269,CMN,BRACKET_BASE,false,true,0.78527283,0.51011287,0.74486995,,0.4054,false
EVT-MED-0439,Canal Infrastructure Boom in Khmer Empire,522,medieval,economic,Southeast Asia,Khmer Empire,CHR-MED-0439,592.2,0.559,0.426,0.3393,0.634,11.9,0.3765,27.4,41.2,0.3269,52.7,6.3,0.3185,0.3387,0.2728,0.0715,0.2046,0.4535,0.2682,0.1148,0.3202,0.6156,0.592812,CMN,BRACKET_BASE,false,true,0.7277087999999999,0.5461594599999999,0.59886792,,0.3969,false
EVT-MED-0440,Epidemic Fever Outbreak across Umayyad Caliphate (Al-Andalus),1138,medieval,pandemic,Iberia / North Africa,Umayyad Caliphate (Al-Andalus),CHR-MED-0440,874.9,0.454,0.362,0.5262,0.748,10.7,0.4275,30.2,43.6,0.3714,24.8,13.4,0.2994,0.5059,0.4284,0.0865,0.2053,0.4826,0.3417,-0.0233,0.885,0.6651,0.593851,CMN,BRACKET_BASE,false,true,0.58346547,0.4008525,0.47977468000000006,,0.4071,false
EVT-MED-0441,Strategic Siege of Kingdom of France,557,medieval,war,Western Europe,Kingdom of France,CHR-MED-0441,1122.2,0.487,0.555,0.5776,0.625,8.2,0.3535,31.1,38.6,0.3511,27.7,7.2,0.2764,0.4583,0.3826,0.0673,0.2475,0.4815,0.3274,0.0232,0.5714,0.593,0.426421,CMN,BRACKET_BASE,false,true,0.68887257,0.57547014,0.71981975,,0.4059,false
EVT-MED-0442,Borderlands Pacification of Mongol Empire / Ilkhanate,760,medieval,war,Eurasian Steppe,Mongol Empire / Ilkhanate,CHR-MED-0442,576.7,0.44,0.461,0.357,0.753,11.4,0.4335,31.2,36.1,0.3372,41.4,10.8,0.3235,0.3706,0.2697,0,0.0757,0.2372,0.1906,-0.1334,0.3755,0.6268,0.450385,CMN,BRACKET_BASE,false,true,0.7333334099999999,0.49632062,0.72726,,0.3975,false
EVT-MED-0443,Frontier Fragmentation of Kamakura / Muromachi Japan,800,medieval,collapse,East Asia,Kamakura / Muromachi Japan,CHR-MED-0443,1203.3,0.678,0.7,0.5159,0.638,7.4,0.356,28,43.8,0.349,39.4,7.1,0.3014,0.4718,0.3754,0.1317,0.2029,0.168,0.27,-0.3038,0.6228,0.7666,0.474186,CMN,BRACKET_BASE,false,true,0.65764129,0.49636512000000005,0.8580362500000002,,0.3537,false
EVT-MED-0444,Succession Conflict of Byzantine Empire,1398,medieval,war,Eastern Mediterranean,Byzantine Empire,CHR-MED-0444,1214.6,0.508,0.728,0.5639,0.636,11,0.373,25.2,41.5,0.305,21.8,5.1,0.2486,0.3866,0.3395,0.1712,0.2638,0.3215,0.2965,-0.0651,0.389,0.5761,0.37021,CMN,BRACKET_BASE,false,true,0.6455273,0.45647171999999997,0.66184806,,0.3479,false
EVT-MED-0445,Mercantile Tariff Overhaul across Chola Dynasty,521,medieval,economic,South India,Chola Dynasty,CHR-MED-0445,975.5,0.449,0.541,0.5225,0.67,17.4,0.422,30.5,43.8,0.3759,37.9,6.1,0.2936,0.3571,0.2664,0.1203,0.2386,0.1598,0.2284,-0.1973,0.2932,0.6118,0.536757,CMN,BRACKET_BASE,false,true,0.82175,0.548625,0.8035000000000001,,0.3331,true
EVT-MED-0446,Imperial Unification of Chola Dynasty,1306,medieval,transformation,South India,Chola Dynasty,CHR-MED-0446,765.8,0.727,0.225,0.4329,0.215,16,0.1875,32.7,38.4,0.3672,50,13.7,0.3517,0.2582,0.3368,0.2279,0.4311,0.4504,0.3409,0.1922,0.2174,0.64,0.500142,CMN,BRACKET_BASE,false,true,0.7260671099999999,0.520366,0.51451912,,0.3254,false
EVT-MED-0447,Grain Market Price Shock across Kievan Rus,1077,medieval,economic,Eastern Europe,Kievan Rus,CHR-MED-0447,609.4,0.607,0.155,0.4145,0.681,16.2,0.4215,30.7,42,0.3672,13.1,11.4,0.2432,0.3565,0.3138,0.1703,0.3127,0.1464,0.2599,-0.2101,0.2626,0.6286,0.607207,CMN,BRACKET_BASE,false,true,0.6457334399999999,0.53517915,0.7491350400000001,,0.328,true
EVT-MED-0448,Popular Uprising of Tang Dynasty,998,medieval,revolution,East Asia,Tang Dynasty,CHR-MED-0448,1137.1,0.57,0.541,0.5641,0.481,17,0.3255,29.8,43.1,0.3641,50.8,10.4,0.3363,0.3856,0.2254,0,0.1639,0.5281,0.2606,0.1425,0.4741,0.6374,0.670055,RMD,BRACKET_MEDIUM,false,true,0.66954832,0.57015216,0.64996891,,0.3997,false
EVT-MED-0449,Temple Bureaucracy Reorganization of Kamakura / Muromachi Japan,503,medieval,religious,East Asia,Kamakura / Muromachi Japan,CHR-MED-0449,1323,0.486,0.762,0.6126,0.308,5.5,0.1815,31.1,40.9,0.3649,24.2,7.6,0.2686,0.354,0.3878,0.2321,0.3102,0.5249,0.3618,0.1709,0.2126,0.6016,0.57999,CMN,BRACKET_BASE,false,true,0.52730752,0.39103004999999996,0.37144814,,0.3585,false
EVT-MED-0450,Military Coup d’État in Song Dynasty,1015,medieval,revolution,East Asia,Song Dynasty,CHR-MED-0450,662.6,0.527,0.245,0.4371,0.736,13.7,0.4365,31.5,34.9,0.3332,61.5,6.7,0.3316,0.4823,0.3593,0.0665,0.3238,0.6002,0.3664,0.1179,0.5151,0.6414,0.549038,CMN,BRACKET_BASE,false,true,0.6651342400000001,0.59480988,0.70794918,,0.3916,false
EVT-MED-0451,Dynastic Disintegration of Kievan Rus,1073,medieval,collapse,Eastern Europe,Kievan Rus,CHR-MED-0451,1125.8,0.52,0.309,0.6433,0.642,7.1,0.3565,32.8,43.6,0.3994,42,5.4,0.2975,0.5013,0.4183,0.1231,0.1666,0.1908,0.28,-0.3105,0.5426,0.7234,0.613271,CMN,BRACKET_BASE,false,true,0.7311304000000001,0.557775,0.86454825,,0.3653,false
EVT-MED-0452,Epidemic Fever Outbreak across Holy Roman Empire,869,medieval,pandemic,Central Europe,Holy Roman Empire,CHR-MED-0452,607.7,0.634,0.882,0.1875,0.761,17.1,0.466,25.8,38.1,0.2911,31.4,8.6,0.2925,0.3824,0.3324,0.0407,0.2065,0.286,0.2496,-0.0964,0.8048,0.7416,0.519835,CMN,BRACKET_BASE,false,true,0.6110856,0.38013744,0.5028227000000001,,0.3919,false
EVT-MED-0453,Monastic Network Expansion of Kingdom of France,1213,medieval,religious,Western Europe,Kingdom of France,CHR-MED-0453,647.9,0.469,0.434,0.3907,0.56,4.8,0.304,30,40.7,0.3519,14.4,4.9,0.2176,0.3571,0.4266,0.3094,0.4304,0.5706,0.4188,0.2135,0.2398,0.6482,0.653323,RMD,BRACKET_MEDIUM,false,true,0.45584154,0.47796615000000003,0.51423925,,0.3318,false
EVT-MED-0454,Hydraulic Engineering Grid in Kingdom of England,860,medieval,technological,British Isles,Kingdom of England,CHR-MED-0454,557.1,0.518,0.578,0.2891,0.523,6.7,0.295,32.3,44.6,0.4001,21.1,12,0.2807,0.2727,0.3159,0.3911,0.5488,0.4642,0.3985,0.1915,0.1888,0.633,0.755836,RMD,BRACKET_HIGH,true,false,0.41379088,0.46917990000000004,0.5946972,,0.2905,false
EVT-MED-0455,Navigational Instrument Reform in Khmer Empire,822,medieval,technological,Southeast Asia,Khmer Empire,CHR-MED-0455,1079.1,0.522,0.632,0.5232,0.739,12,0.4295,31.7,40,0.366,59.8,9.8,0.3451,0.3385,0.3871,0.4519,0.518,0.4728,0.4337,0.1343,0.3397,0.5896,0.841942,RMD,BRACKET_HIGH,true,false,0.34481549999999994,0.4438099099999999,0.631612,,0.2688,false
EVT-MED-0456,Strategic Siege of Kingdom of France,903,medieval,war,Western Europe,Kingdom of France,CHR-MED-0456,598.4,0.728,0.677,0.2163,0.531,12.4,0.3275,26.5,42.8,0.3268,52.3,9.6,0.3344,0.2681,0.1695,0,0.0958,0.302,0.1671,0.0339,0.3713,0.6105,0.455482,CMN,BRACKET_BASE,false,true,0.7459855999999999,0.4691240099999999,0.60070571,,0.3895,false
EVT-MED-0457,Monastic Network Expansion of Chola Dynasty,1358,medieval,religious,South India,Chola Dynasty,CHR-MED-0457,876.7,0.716,0.553,0.3912,0.765,15.4,0.4595,29.4,36.5,0.3202,46,12,0.3371,0.4096,0.435,0.2883,0.4561,0.626,0.443,0.2164,0.4366,0.6804,0.861503,RMD,BRACKET_HIGH,true,false,0.42858112000000004,0.50243761,0.5888466,,0.3654,false
EVT-MED-0458,Printing & Communications Diffusion in Holy Roman Empire,631,medieval,technological,Central Europe,Holy Roman Empire,CHR-MED-0458,735.1,0.506,0.471,0.4106,0.462,8.1,0.2715,29.2,42.8,0.3559,59.1,5,0.3203,0.2705,0.3082,0.3918,0.5481,0.5475,0.4132,0.277,0.3295,0.7063,0.540194,CMN,BRACKET_BASE,false,true,0.64215946,0.547875,0.654625,,0.3104,false
EVT-MED-0459,Military Coup d’État in Kingdom of England,1101,medieval,revolution,British Isles,Kingdom of England,CHR-MED-0459,657.8,0.491,0.115,0.4846,0.714,15.8,0.436,30.4,37.7,0.3382,37.3,10.3,0.3135,0.3848,0.293,0.049,0.1839,0.2234,0.2268,-0.1614,0.5918,0.6763,0.665028,RMD,BRACKET_MEDIUM,false,true,0.5993145,0.3816933,0.5155152,,0.3804,false
EVT-MED-0460,Strategic Siege of Chola Dynasty,1389,medieval,war,South India,Chola Dynasty,CHR-MED-0460,1261.3,0.698,0.51,0.5949,0.799,6.1,0.43,28,37.3,0.31,48.3,10.8,0.3347,0.4678,0.4205,0.2638,0.4412,0.5669,0.432,0.0991,0.5698,0.6257,0.532535,CMN,BRACKET_BASE,false,true,0.5636312,0.38893008,0.43698719999999996,,0.375,false
EVT-MED-0461,Grain Market Price Shock across Khmer Empire,1418,medieval,economic,Southeast Asia,Khmer Empire,CHR-MED-0461,1031,0.637,0.203,0.5943,0.46,10.7,0.2835,32.2,35.2,0.3426,27.7,11.7,0.2989,0.3339,0.2828,0.0629,0.1451,0.4828,0.2615,0.1489,0.4118,0.6303,0.602748,CMN,BRACKET_BASE,false,true,0.72405522,0.49761849,0.6034046999999999,,0.4012,false
EVT-MED-0462,Guild Monopoly Reform in Tang Dynasty,815,medieval,economic,East Asia,Tang Dynasty,CHR-MED-0462,934.2,0.6,0.314,0.5254,0.676,11.1,0.3935,30.9,42.4,0.3718,37.4,12.8,0.3261,0.4552,0.3855,0.1457,0.2196,0.4898,0.3392,0.0346,0.5633,0.5959,0.454622,CMN,BRACKET_BASE,false,true,0.58829392,0.49209842000000004,0.6674706,,0.3996,false
EVT-MED-0463,Maritime Hegemony Clash in Khmer Empire,526,medieval,war,Southeast Asia,Khmer Empire,CHR-MED-0463,583.4,0.648,0.389,0.3195,0.623,13,0.3765,25.6,44.6,0.3279,9.5,6.2,0.194,0.2959,0.2148,0.0132,0.1474,0.3291,0.2001,0.0332,0.3334,0.5777,0.546844,CMN,BRACKET_BASE,false,true,0.6399560999999999,0.5502944000000001,0.6469923699999999,,0.3929,true
EVT-MED-0464,Temple Bureaucracy Reorganization of Kievan Rus,1173,medieval,religious,Eastern Europe,Kievan Rus,CHR-MED-0464,938.1,0.583,0.42,0.5006,0.634,7.5,0.3545,26,34.1,0.2692,54,12.2,0.3497,0.3822,0.4492,0.2561,0.3964,0.4411,0.385,0.0589,0.3666,0.5848,0.534289,CMN,BRACKET_BASE,false,true,0.77114768,0.54925,0.6922499999999999,,0.3387,true
EVT-MED-0465,Military Coup d’État in Umayyad Caliphate (Al-Andalus),970,medieval,revolution,Iberia / North Africa,Umayyad Caliphate (Al-Andalus),CHR-MED-0465,524.7,0.453,0.166,0.4166,0.736,9.8,0.417,34.3,39.3,0.3898,61,4.7,0.3211,0.417,0.2969,0.0486,0.1679,0.1088,0.2078,-0.3082,0.475,0.7317,0.400954,CMN,BRACKET_BASE,false,true,0.9076451999999999,0.5635,0.903875,,0.3663,true
EVT-MED-0466,Agrarian Restructuring of Kingdom of England,920,medieval,transformation,British Isles,Kingdom of England,CHR-MED-0466,836.8,0.496,0.719,0.3882,0.275,14,0.2075,35.9,41.5,0.4202,41.3,6.3,0.3008,0.2621,0.2848,0.2092,0.391,0.4837,0.3262,0.2216,0.2733,0.6656,0.597812,CMN,BRACKET_BASE,false,true,0.64632309,0.45017,0.48049114000000004,,0.3332,false
EVT-MED-0467,Epidemic Fever Outbreak across Abbasid Caliphate,648,medieval,pandemic,Middle East,Abbasid Caliphate,CHR-MED-0467,953.5,0.404,0.149,0.643,0.628,7.6,0.352,32.8,34.3,0.3436,59.5,10.3,0.3473,0.5031,0.4431,0,0.144,0.2836,0.2748,-0.2195,0.6968,0.7219,0.551217,CMN,BRACKET_BASE,false,true,0.66688875,0.42245488999999997,0.56004619,,0.4099,false
EVT-MED-0468,Monastic Network Expansion of Classic Maya & Postclassic,798,medieval,religious,Mesoamerica,Classic Maya & Postclassic,CHR-MED-0468,1026.5,0.699,0.425,0.5069,0.283,5.9,0.171,33.1,36.2,0.3583,51.9,11.3,0.3424,0.3919,0.4685,0.3093,0.377,0.2453,0.3584,-0.1466,0.3395,0.6386,0.415337,CMN,BRACKET_BASE,false,true,0.6351319999999999,0.48068004,0.72142447,,0.2945,false
EVT-MED-0469,Metallurgical Innovation Surge in Kamakura / Muromachi Japan,1475,medieval,technological,East Asia,Kamakura / Muromachi Japan,CHR-MED-0469,1305.3,0.558,0.524,0.6539,0.298,10.8,0.203,33.8,36.1,0.3652,48.9,10.3,0.3331,0.3418,0.3688,0.4597,0.5664,0.5157,0.4505,0.1739,0.3824,0.6362,0.532997,CMN,BRACKET_BASE,false,true,0.55939642,0.37692123,0.44698752,,0.2762,false
EVT-MED-0470,Agricultural Plague Wave in Byzantine Empire,597,medieval,pandemic,Eastern Mediterranean,Byzantine Empire,CHR-MED-0470,1330.6,0.737,0.77,0.5386,0.356,11.9,0.2375,26.9,40.5,0.3173,42.8,5.3,0.2984,0.3903,0.3539,0,0.2212,0.2347,0.24,-0.1556,0.902,0.7755,0.61186,CMN,BRACKET_BASE,false,true,0.6119659999999999,0.382925,0.5168,,0.3969,false
EVT-MED-0471,Mercantile Tariff Overhaul across Tang Dynasty,545,medieval,economic,East Asia,Tang Dynasty,CHR-MED-0471,1178.8,0.663,0.503,0.5677,0.67,12,0.395,28.9,34.8,0.3046,36.3,6.7,0.2935,0.4451,0.3549,0.2405,0.3517,0.5707,0.3926,0.1256,0.6264,0.6643,0.718924,RMD,BRACKET_HIGH,false,false,0.5092205399999999,0.47255703,0.6084699299999999,,0.3799,false
EVT-MED-0472,Fiscal Modernization in Kamakura / Muromachi Japan,1077,medieval,transformation,East Asia,Kamakura / Muromachi Japan,CHR-MED-0472,1179.3,0.686,0.712,0.4983,0.418,10.6,0.262,28.8,34.6,0.3024,40.6,13.9,0.3376,0.2552,0.2832,0.1583,0.3857,0.5115,0.3188,0.2563,0.2233,0.6648,0.67265,RMD,BRACKET_MEDIUM,false,true,0.49163504,0.46901401000000004,0.49400760000000005,,0.3634,false
EVT-MED-0473,Orthodoxy & Heresy Trial Wave in Kievan Rus,716,medieval,religious,Eastern Europe,Kievan Rus,CHR-MED-0473,732.8,0.65,0.74,0.2856,0.492,13.9,0.3155,29.9,43.3,0.3664,56,8.4,0.3334,0.3145,0.3448,0.1588,0.2524,0.5471,0.3235,0.2326,0.4354,0.7193,0.75407,RMD,BRACKET_HIGH,true,false,0.57997478,0.55051423,0.59167648,,0.3825,false
EVT-MED-0474,Dynastic Disintegration of Kingdom of England,1180,medieval,collapse,British Isles,Kingdom of England,CHR-MED-0474,659,0.56,0.887,0.2329,0.737,5.3,0.395,27.3,44.5,0.3456,51.8,11.6,0.3437,0.4484,0.3578,0,0.0593,0.0292,0.1789,-0.4192,0.771,0.9031,0.473102,CMN,BRACKET_BASE,false,true,0.6753167999999999,0.40013946,0.59634654,,0.3782,false
EVT-MED-0475,Synod Monotheistic Mandate in Mongol Empire / Ilkhanate,762,medieval,religious,Eurasian Steppe,Mongol Empire / Ilkhanate,CHR-MED-0475,1311.1,0.486,0.213,0.7716,0.347,15.4,0.2505,26,36.2,0.2818,46.6,5.1,0.3036,0.4293,0.4669,0.2866,0.4567,0.5661,0.4411,0.1368,0.3117,0.5862,0.84893,RMD,BRACKET_HIGH,true,false,0.33355632,0.3871155,0.39674736000000005,,0.3603,false
EVT-MED-0476,Orthodoxy & Heresy Trial Wave in Kingdom of England,863,medieval,religious,British Isles,Kingdom of England,CHR-MED-0476,1059.7,0.408,0.222,0.6711,0.402,11.9,0.2605,26,39.1,0.2992,50,13.2,0.3492,0.3895,0.3539,0.2283,0.3935,0.6025,0.3935,0.213,0.3434,0.6462,0.902157,RMD,BRACKET_HIGH,true,false,0.51789712,0.5484600000000001,0.57322386,,0.3772,false
EVT-MED-0477,Borderlands Pacification of Kamakura / Muromachi Japan,1295,medieval,war,East Asia,Kamakura / Muromachi Japan,CHR-MED-0477,1328.2,0.584,0.507,0.6622,0.54,16,0.35,25.7,40.3,0.3032,47,12,0.3387,0.3817,0.3237,0.0442,0.1144,0.283,0.2294,-0.0987,0.3465,0.5726,0.553868,CMN,BRACKET_BASE,false,true,0.7414573799999999,0.5574283,0.7297105200000001,,0.3931,true
EVT-MED-0478,Canal Infrastructure Boom in Byzantine Empire,1484,medieval,economic,Eastern Mediterranean,Byzantine Empire,CHR-MED-0478,545.8,0.659,0.724,0.1975,0.581,11.3,0.347,30.4,40,0.352,36.1,4.9,0.2841,0.2637,0.2254,0.1132,0.1934,0.0446,0.1681,-0.2191,0.3941,0.7124,0.608523,CMN,BRACKET_BASE,false,true,0.52118668,0.36948309999999995,0.49340208,,0.3157,false
EVT-MED-0479,Epidemic Fever Outbreak across Song Dynasty,602,medieval,pandemic,East Asia,Song Dynasty,CHR-MED-0479,1119.6,0.661,0.818,0.4453,0.84,10.5,0.4725,31.4,36.6,0.3424,43.8,6.2,0.3046,0.4553,0.4227,0.0286,0.1845,0.245,0.2672,-0.2103,0.7832,0.7503,0.384011,CMN,BRACKET_BASE,false,true,0.7913346,0.49716722999999996,0.803803,,0.4013,false
EVT-MED-0480,Mechanical Power Harnessing in Holy Roman Empire,985,medieval,technological,Central Europe,Holy Roman Empire,CHR-MED-0480,1014.3,0.712,0.58,0.4506,0.625,5.8,0.3415,36,34.1,0.3769,19.6,6.5,0.2479,0.2782,0.3211,0.3879,0.4842,0.4475,0.3838,0.1693,0.2174,0.6004,0.427692,CMN,BRACKET_BASE,false,true,0.738625,0.54175,0.679875,,0.2758,true
EVT-MED-0481,Palatial Collapse of Kingdom of France,863,medieval,collapse,Western Europe,Kingdom of France,CHR-MED-0481,652.3,0.594,0.649,0.2909,0.832,11.1,0.4715,25.7,37.4,0.2858,38.9,5.5,0.2925,0.4544,0.3592,0,0.042,0.221,0.2153,-0.2334,0.715,0.7776,0.429035,CMN,BRACKET_BASE,false,true,0.8741666400000001,0.56683326,0.8220337200000001,,0.4059,false
EVT-MED-0482,Educational Charter of Khmer Empire,995,medieval,transformation,Southeast Asia,Khmer Empire,CHR-MED-0482,1063.8,0.646,0.354,0.5621,0.202,10.4,0.153,26.7,44.3,0.338,41.5,8.2,0.3107,0.2837,0.3396,0.2795,0.4774,0.5432,0.3847,0.2595,0.3875,0.709,0.610767,CMN,BRACKET_BASE,false,true,0.5425584,0.47958255,0.51373593,,0.3316,false
EVT-MED-0483,Hydraulic Engineering Grid in Kingdom of England,1090,medieval,technological,British Isles,Kingdom of England,CHR-MED-0483,947.5,0.584,0.235,0.5603,0.452,18,0.316,34.7,37,0.3803,40.7,11.2,0.3243,0.3522,0.3762,0.4606,0.5595,0.6617,0.482,0.3095,0.3204,0.6887,0.5403,CMN,BRACKET_BASE,false,true,0.41610440000000004,0.38737584,0.3928068,,0.32,false
EVT-MED-0484,Respiratory Virulence Wave across Mali Empire,584,medieval,pandemic,West Africa,Mali Empire,CHR-MED-0484,873.6,0.622,0.895,0.3153,0.441,12,0.2805,34.8,34.4,0.3658,35.6,7.2,0.2946,0.403,0.3805,0,0.1302,0.2234,0.2274,-0.1796,0.6225,0.7384,0.694467,RMD,BRACKET_MEDIUM,false,false,0.4994724,0.38674233999999996,0.52811136,,0.3999,false
EVT-MED-0485,Navigational Instrument Reform in Abbasid Caliphate,1011,medieval,technological,Middle East,Abbasid Caliphate,CHR-MED-0485,1139.8,0.464,0.362,0.6509,0.392,5.7,0.2245,33.1,41.9,0.3925,8.2,11.9,0.2118,0.3147,0.3601,0.4025,0.5131,0.4464,0.4074,0.1317,0.2516,0.5738,0.58624,CMN,BRACKET_BASE,false,true,0.40654208,0.36445859999999997,0.413025,,0.272,false
EVT-MED-0486,Hydraulic Engineering Grid in Mongol Empire / Ilkhanate,798,medieval,technological,Eurasian Steppe,Mongol Empire / Ilkhanate,CHR-MED-0486,575.4,0.423,0.378,0.3864,0.241,13.4,0.1875,32.5,43.2,0.3938,50.9,9.1,0.33,0.2315,0.2555,0.3371,0.4644,0.45,0.3477,0.2185,0.1517,0.6408,0.605851,CMN,BRACKET_BASE,false,true,0.53762688,0.38284028999999997,0.3929126,,0.2958,false
EVT-MED-0487,Silver Flotilla Currency Shock in Abbasid Caliphate,1144,medieval,economic,Middle East,Abbasid Caliphate,CHR-MED-0487,1120,0.465,0.817,0.5046,0.201,12.1,0.161,25.6,43.5,0.3213,37,7.3,0.2979,0.3336,0.3088,0.0795,0.2495,0.3613,0.2665,0.0277,0.4074,0.5988,0.569528,CMN,BRACKET_BASE,false,true,0.7663533,0.5573750000000001,0.717,,0.3817,true
EVT-MED-0488,Pantheon Reformation of Khmer Empire,1340,medieval,religious,Southeast Asia,Khmer Empire,CHR-MED-0488,1275.3,0.681,0.376,0.6469,0.301,5.2,0.1765,25.5,40.1,0.2998,15.2,13.4,0.264,0.2971,0.3372,0.1462,0.2168,0.5192,0.3033,0.2221,0.4575,0.6958,0.589322,CMN,BRACKET_BASE,false,true,0.799875,0.558125,0.627875,,0.3801,true
EVT-MED-0489,Borderlands Pacification of Khmer Empire,992,medieval,war,Southeast Asia,Khmer Empire,CHR-MED-0489,1075.6,0.538,0.89,0.4394,0.824,7.9,0.4515,25.7,35.3,0.2732,45.8,9,0.3218,0.3634,0.2447,0,0.1878,0.4697,0.2531,0.1063,0.4514,0.6256,0.474516,CMN,BRACKET_BASE,false,true,0.89921602,0.5826250000000001,0.705125,,0.4046,false
EVT-MED-0490,Agricultural Plague Wave in Kingdom of England,842,medieval,pandemic,British Isles,Kingdom of England,CHR-MED-0490,678.5,0.465,0.78,0.3029,0.387,10.6,0.2465,32,44.6,0.3968,42,13,0.3355,0.3902,0.3678,0,0.2416,0.1551,0.2309,-0.2351,0.8871,0.8368,0.641403,RMD,BRACKET_MEDIUM,false,true,0.6388855200000001,0.38321702999999996,0.5449345999999999,,0.3958,false
EVT-MED-0491,Maritime Trade Hub Expansion in Kingdom of England,760,medieval,economic,British Isles,Kingdom of England,CHR-MED-0491,1032.8,0.477,0.46,0.566,0.342,6.4,0.203,34,37.9,0.3782,20.3,13.3,0.2844,0.3608,0.2661,0.0422,0.1402,0.3634,0.2345,0.0026,0.5801,0.6043,0.416974,CMN,BRACKET_BASE,false,true,0.73448406,0.495768,0.68684055,,0.3979,false
EVT-MED-0492,Coalition Defense of Kievan Rus,1319,medieval,war,Eastern Europe,Kievan Rus,CHR-MED-0492,1324.8,0.567,0.302,0.7272,0.609,6.1,0.335,29.7,37.3,0.3283,47.8,6.8,0.3139,0.4627,0.4042,0.073,0.1708,0.5218,0.3265,0.0591,0.4776,0.5727,0.45482,CMN,BRACKET_BASE,false,true,0.8881478999999999,0.602,0.7414999999999999,,0.4078,false
EVT-MED-0493,Respiratory Virulence Wave across Mongol Empire / Ilkhanate,686,medieval,pandemic,Eurasian Steppe,Mongol Empire / Ilkhanate,CHR-MED-0493,1142.9,0.722,0.309,0.5909,0.603,8.7,0.345,28.6,44.5,0.3596,15.6,8.9,0.2434,0.4672,0.4156,0.0741,0.2798,0.2191,0.2912,-0.2481,0.6334,0.728,0.468171,CMN,BRACKET_BASE,false,true,0.56877816,0.39176293,0.56323907,,0.3904,false
EVT-MED-0494,Epidemic Fever Outbreak across Mongol Empire / Ilkhanate,1428,medieval,pandemic,Eurasian Steppe,Mongol Empire / Ilkhanate,CHR-MED-0494,534.1,0.705,0.188,0.3389,0.636,7.9,0.3575,27.8,35.8,0.2988,38.4,10,0.3141,0.3769,0.3047,0,0.2131,0.1206,0.2031,-0.2563,0.9393,0.8539,0.44106,CMN,BRACKET_BASE,false,true,1,0.553,0.888625,,0.3866,true
EVT-MED-0495,Constitutional Reorganization of Mali Empire,1249,medieval,transformation,West Africa,Mali Empire,CHR-MED-0495,915.4,0.401,0.346,0.5665,0.662,6.5,0.3635,25.9,34.8,0.2723,14.5,13.5,0.2611,0.2508,0.2944,0.2367,0.4103,0.5186,0.3422,0.2678,0.1327,0.6274,0.530496,CMN,BRACKET_BASE,false,true,0.55550928,0.5396125,0.46739112999999993,,0.3358,false
EVT-MED-0496,Fiscal Modernization in Classic Maya & Postclassic,1430,medieval,transformation,Mesoamerica,Classic Maya & Postclassic,CHR-MED-0496,724.1,0.491,0.272,0.4695,0.373,15.6,0.2645,31.6,36.2,0.3421,52.7,7.4,0.324,0.2441,0.3182,0.2143,0.3546,0.4134,0.3089,0.1693,0.2395,0.6199,0.467359,CMN,BRACKET_BASE,false,true,0.80868195,0.5385,0.57975,,0.3171,true
EVT-MED-0497,Temple Bureaucracy Reorganization of Kingdom of England,1497,medieval,religious,British Isles,Kingdom of England,CHR-MED-0497,595.2,0.556,0.321,0.3731,0.781,14.4,0.4625,35.7,42.7,0.4253,36.9,8.6,0.3042,0.4005,0.4075,0.2436,0.2962,0.5028,0.3701,0.1023,0.3355,0.58,0.503332,CMN,BRACKET_BASE,false,true,0.52937937,0.3951525,0.41804378999999997,,0.3607,false
EVT-MED-0498,Treaty System Implementation across Kamakura / Muromachi Japan,1005,medieval,transformation,East Asia,Kamakura / Muromachi Japan,CHR-MED-0498,841.2,0.735,0.56,0.3663,0.456,15.4,0.305,28.9,42.4,0.3502,15.2,12.6,0.26,0.2308,0.2792,0.1743,0.4006,0.3367,0.2843,0.1059,0.2929,0.6072,0.651249,RMD,BRACKET_MEDIUM,false,true,0.41164799999999996,0.36846787999999997,0.38094081,,0.3177,false
EVT-MED-0499,Fiscal Default Crisis in Byzantine Empire,826,medieval,collapse,Eastern Mediterranean,Byzantine Empire,CHR-MED-0499,1174.2,0.57,0.704,0.5331,0.692,14,0.416,26.5,38.8,0.3028,50.7,14,0.3542,0.5008,0.4091,0.099,0.13,0.2618,0.2801,-0.239,0.6698,0.7387,0.492157,CMN,BRACKET_BASE,false,true,0.6098361600000001,0.39964258,0.5608122299999999,,0.3908,false
EVT-MED-0500,Treaty System Implementation across Mali Empire,717,medieval,transformation,West Africa,Mali Empire,CHR-MED-0500,598.5,0.464,0.687,0.2925,0.836,6.2,0.449,33.3,35,0.3532,50.2,4.7,0.307,0.2891,0.3411,0.2146,0.3715,0.5872,0.3607,0.2981,0.2317,0.6847,0.779313,RMD,BRACKET_HIGH,true,false,0.4868082,0.3815789,0.33994809000000004,,0.3623,false
EVT-MED-0501,Agrarian Restructuring of Holy Roman Empire,1086,medieval,transformation,Central Europe,Holy Roman Empire,CHR-MED-0501,1296.9,0.631,0.536,0.6243,0.446,5.1,0.2485,28.6,43.2,0.3518,47.2,5.5,0.3065,0.3147,0.3785,0.2885,0.4844,0.6587,0.425,0.344,0.1632,0.6729,0.750778,RMD,BRACKET_HIGH,true,false,0.5162831999999999,0.48435407999999996,0.4678047,,0.3541,false
EVT-MED-0502,Secular Legal Separation in Chola Dynasty,648,medieval,religious,South India,Chola Dynasty,CHR-MED-0502,590.2,0.503,0.143,0.44,0.469,8.1,0.275,34.6,41.3,0.405,53.4,8.2,0.3289,0.3692,0.38,0.1997,0.3322,0.5869,0.3736,0.2177,0.255,0.6433,0.752413,RMD,BRACKET_HIGH,true,false,0.36802198999999997,0.39929472,0.38181994999999996,,0.3825,false
EVT-MED-0503,Dynastic Disintegration of Mali Empire,1104,medieval,collapse,West Africa,Mali Empire,CHR-MED-0503,1064.2,0.649,0.189,0.6109,0.683,12.1,0.402,33.4,34.8,0.3531,63,6.3,0.3314,0.4897,0.4282,0.1656,0.1964,0.2009,0.2962,-0.2888,0.7951,0.7798,0.582539,CMN,BRACKET_BASE,false,true,0.55326544,0.38616078000000004,0.57287645,,0.3484,false
EVT-MED-0504,Fiscal Default Crisis in Classic Maya & Postclassic,986,medieval,collapse,Mesoamerica,Classic Maya & Postclassic,CHR-MED-0504,776.9,0.64,0.398,0.4124,0.601,11.2,0.3565,28.5,39.7,0.3297,17.2,4.5,0.2284,0.4472,0.3275,0,0.0476,0.22,0.2085,-0.2272,0.4812,0.7082,0.564687,CMN,BRACKET_BASE,false,true,0.7486909199999999,0.56150622,0.80847894,,0.4042,false
EVT-MED-0505,Bureaucratic Consolidation of Kingdom of England,1129,medieval,transformation,British Isles,Kingdom of England,CHR-MED-0505,738.3,0.701,0.74,0.2729,0.734,9.5,0.4145,33.2,38.6,0.3738,24.2,9.9,0.2801,0.2533,0.2967,0.1906,0.4216,0.3631,0.3051,0.1098,0.3582,0.6197,0.463385,CMN,BRACKET_BASE,false,true,0.76126608,0.5368769999999999,0.6041799000000001,,0.3225,true
EVT-MED-0506,Agricultural Plague Wave in Holy Roman Empire,816,medieval,pandemic,Central Europe,Holy Roman Empire,CHR-MED-0506,638.6,0.407,0.134,0.4949,0.393,16.6,0.2795,34.7,38.8,0.3911,62.1,7.5,0.3363,0.4021,0.3584,0.0763,0.3002,0.1335,0.2541,-0.2686,0.9041,0.8262,0.447139,CMN,BRACKET_BASE,false,true,0.9165641,0.53965548,0.85097019,,0.3674,false
EVT-MED-0507,Territorial Rupture of Mali Empire,1274,medieval,collapse,West Africa,Mali Empire,CHR-MED-0507,1139.4,0.453,0.251,0.6873,0.432,15.8,0.295,32.4,40.2,0.3747,10.1,9.7,0.2159,0.4769,0.4232,0.0351,0.1023,0.0396,0.2154,-0.4373,0.4484,0.7747,0.742071,RMD,BRACKET_HIGH,true,false,0.53181564,0.4176718,0.6124713,,0.3804,false
EVT-MED-0508,Agrarian Restructuring of Chola Dynasty,1474,medieval,transformation,South India,Chola Dynasty,CHR-MED-0508,619.8,0.591,0.244,0.3976,0.752,17.4,0.463,26.3,42.3,0.3216,27.2,9.4,0.2861,0.2874,0.3263,0.2599,0.4698,0.6307,0.3948,0.3433,0.3689,0.7303,0.539346,CMN,BRACKET_BASE,false,true,0.6430644999999999,0.47465712,0.5019233399999999,,0.353,false
EVT-MED-0509,Caravan Route Pestilence in Abbasid Caliphate,509,medieval,pandemic,Middle East,Abbasid Caliphate,CHR-MED-0509,987,0.713,0.614,0.427,0.602,14.3,0.3725,30.5,44.5,0.3801,62.6,5.8,0.3284,0.4419,0.4052,0.0259,0.26,0.2183,0.2703,-0.2236,0.8747,0.7925,0.626583,CMN,BRACKET_BASE,false,true,0.55546947,0.3921918,0.54992896,,0.4,false
EVT-MED-0510,Popular Uprising of Holy Roman Empire,1263,medieval,revolution,Central Europe,Holy Roman Empire,CHR-MED-0510,971.3,0.537,0.293,0.5685,0.786,9,0.438,36,38.9,0.4057,59.6,7.8,0.3349,0.4865,0.3941,0.0911,0.3177,0.1699,0.2919,-0.3166,0.3734,0.6825,0.4849,CMN,BRACKET_BASE,false,true,0.57668225,0.3946087,0.5605550300000001,,0.3851,false
EVT-MED-0511,Sanitation & Medical Breakthrough in Chola Dynasty,1040,medieval,technological,South India,Chola Dynasty,CHR-MED-0511,857.3,0.627,0.892,0.3069,0.4,14.8,0.274,34.5,39.2,0.3914,28.3,11.4,0.299,0.2546,0.2829,0.3811,0.4991,0.4427,0.3721,0.1881,0.1586,0.6254,0.486444,CMN,BRACKET_BASE,false,true,0.65520832,0.4741434,0.6064501800000002,,0.2823,false
EVT-MED-0512,Imperial Unification of Mongol Empire / Ilkhanate,583,medieval,transformation,Eurasian Steppe,Mongol Empire / Ilkhanate,CHR-MED-0512,736.7,0.546,0.239,0.4689,0.307,9.8,0.2025,27.4,40.1,0.3203,15.5,11.2,0.2544,0.2608,0.3226,0.198,0.4201,0.3856,0.3174,0.1248,0.3949,0.6474,0.497477,CMN,BRACKET_BASE,false,true,0.66348535,0.46807200000000004,0.57938994,,0.3235,false
EVT-MED-0513,Maritime Trade Hub Expansion in Abbasid Caliphate,617,medieval,economic,Middle East,Abbasid Caliphate,CHR-MED-0513,984.7,0.628,0.228,0.5672,0.242,11.6,0.179,31,37.8,0.3453,32.1,5.3,0.2776,0.4113,0.3604,0.1033,0.1918,0.1727,0.2479,-0.2386,0.449,0.7074,0.406081,CMN,BRACKET_BASE,false,true,0.72898329,0.5418534,0.80207292,,0.3516,true
EVT-MED-0514,Epidemic Fever Outbreak across Song Dynasty,1194,medieval,pandemic,East Asia,Song Dynasty,CHR-MED-0514,1126.2,0.652,0.534,0.5363,0.693,11.3,0.403,30.1,44.8,0.3776,23,10.5,0.2795,0.4268,0.3705,0,0.1916,0.2115,0.2401,-0.2153,0.7862,0.7453,0.499224,CMN,BRACKET_BASE,false,true,0.6600469600000001,0.4042872,0.55911724,,0.3998,false
EVT-MED-0515,Synod Monotheistic Mandate in Kamakura / Muromachi Japan,585,medieval,religious,East Asia,Kamakura / Muromachi Japan,CHR-MED-0515,1179,0.716,0.798,0.4634,0.588,7.8,0.333,35.9,41.6,0.4208,31.3,8.5,0.2918,0.3719,0.3422,0.1452,0.2062,0.5612,0.3253,0.1893,0.3055,0.626,0.578919,CMN,BRACKET_BASE,false,true,0.7314342,0.57575,0.636,,0.3963,false
EVT-MED-0516,Provincial Autonomy Insurgency against Kingdom of France,881,medieval,revolution,Western Europe,Kingdom of France,CHR-MED-0516,651.8,0.473,0.731,0.3023,0.842,12.1,0.4815,32,36.7,0.3494,12.3,12.3,0.2432,0.3247,0.1749,0,0.1887,0.3415,0.206,0.0168,0.7216,0.6495,0.309719,CMN,BRACKET_BASE,false,true,0.9117044299999999,0.55505158,0.70510347,,0.4001,true
EVT-MED-0517,Astronomical Standardization by Abbasid Caliphate,690,medieval,technological,Middle East,Abbasid Caliphate,CHR-MED-0517,1227,0.403,0.756,0.593,0.223,6.6,0.1445,32.9,44,0.4029,36.5,11.5,0.3179,0.3196,0.3685,0.4707,0.607,0.4503,0.4432,0.1307,0.3082,0.6066,0.612375,CMN,BRACKET_BASE,false,true,0.40915872000000003,0.38403134,0.47164325999999995,,0.2864,false
EVT-MED-0518,Territorial Rupture of Byzantine Empire,1051,medieval,collapse,Eastern Mediterranean,Byzantine Empire,CHR-MED-0518,1022.9,0.455,0.133,0.666,0.382,14,0.261,29,40.6,0.3405,36.7,12.1,0.3213,0.5467,0.4644,0.1008,0.1876,0.1903,0.298,-0.3564,0.4582,0.7469,0.511531,CMN,BRACKET_BASE,false,true,0.5136102,0.40025474999999994,0.5818346799999999,,0.3809,false
EVT-MED-0519,Navigational Instrument Reform in Tang Dynasty,1131,medieval,technological,East Asia,Tang Dynasty,CHR-MED-0519,638.7,0.546,0.631,0.3041,0.611,4.5,0.328,32.8,37.1,0.3604,16,5.4,0.2277,0.2363,0.2737,0.3843,0.4865,0.4563,0.3674,0.22,0.244,0.6609,0.551619,CMN,BRACKET_BASE,false,true,0.58590108,0.5446249999999999,0.69425,,0.2857,true
EVT-MED-0520,Strategic Siege of Mongol Empire / Ilkhanate,861,medieval,war,Eurasian Steppe,Mongol Empire / Ilkhanate,CHR-MED-0520,963,0.576,0.474,0.4985,0.283,7.2,0.1775,33.8,35.5,0.3616,42.5,5.1,0.2969,0.4073,0.3571,0.165,0.3183,0.391,0.3277,-0.0163,0.4069,0.5849,0.640232,RMD,BRACKET_MEDIUM,false,true,0.54659333,0.38037888000000003,0.4547328,,0.3691,false
EVT-MED-0521,Provincial Autonomy Insurgency against Kamakura / Muromachi Japan,1346,medieval,revolution,East Asia,Kamakura / Muromachi Japan,CHR-MED-0521,1099.9,0.513,0.333,0.6257,0.845,11,0.4775,27.3,35,0.2886,60.4,9.5,0.3443,0.4696,0.3262,0,0.1377,0.15,0.2167,-0.3196,0.7907,0.7915,0.51547,CMN,BRACKET_BASE,false,true,0.94586245,0.575125,0.925,,0.3951,true
EVT-MED-0522,Succession Conflict of Holy Roman Empire,503,medieval,war,Central Europe,Holy Roman Empire,CHR-MED-0522,1299.2,0.511,0.797,0.5831,0.293,11.2,0.2025,32.5,38.6,0.3662,64.7,6.7,0.3353,0.3954,0.3056,0.0726,0.1435,0.2557,0.2346,-0.1397,0.3801,0.6277,0.517631,CMN,BRACKET_BASE,false,true,0.6365408,0.47914786,0.71487388,,0.3797,false
EVT-MED-0523,Agrarian Insurgency in Abbasid Caliphate,874,medieval,revolution,Middle East,Abbasid Caliphate,CHR-MED-0523,948.2,0.473,0.46,0.5265,0.693,8.9,0.391,31.6,38.4,0.3553,63.8,11.9,0.3603,0.4446,0.2747,0,0.1184,0.2642,0.2204,-0.1804,0.4506,0.6491,0.510945,CMN,BRACKET_BASE,false,true,0.73128132,0.5025424000000001,0.7686876399999999,,0.4051,false
EVT-MED-0524,Popular Uprising of Tang Dynasty,1210,medieval,revolution,East Asia,Tang Dynasty,CHR-MED-0524,1321.2,0.698,0.747,0.5526,0.234,7.3,0.1535,28.5,37.5,0.3165,48.8,6.5,0.3139,0.3713,0.2471,0,0.2536,0.2886,0.2321,-0.0827,0.6538,0.6847,0.497907,CMN,BRACKET_BASE,false,true,0.63372834,0.39182361,0.5039997900000001,,0.3982,false
EVT-MED-0525,Provincial Autonomy Insurgency against Umayyad Caliphate (Al-Andalus),752,medieval,revolution,Iberia / North Africa,Umayyad Caliphate (Al-Andalus),CHR-MED-0525,896.7,0.594,0.125,0.5658,0.546,12.6,0.336,29.1,41.9,0.3494,52.1,6.8,0.3201,0.4881,0.3832,0.0797,0.2689,0.191,0.2822,-0.2971,0.645,0.764,0.481322,CMN,BRACKET_BASE,false,true,0.870375,0.5715,0.938625,,0.3862,true
EVT-MED-0526,Administrative Codification of Kamakura / Muromachi Japan,536,medieval,transformation,East Asia,Kamakura / Muromachi Japan,CHR-MED-0526,808.2,0.656,0.828,0.2937,0.494,8,0.287,27.9,43.8,0.3479,49.2,10.6,0.335,0.2262,0.2921,0.225,0.372,0.3907,0.3012,0.1645,0.3496,0.6669,0.944595,RMD,BRACKET_HIGH,true,false,0.4639872,0.37210662,0.37228944999999997,,0.3063,false
EVT-MED-0527,Popular Uprising of Abbasid Caliphate,1360,medieval,revolution,Middle East,Abbasid Caliphate,CHR-MED-0527,1064.1,0.474,0.142,0.6774,0.828,17.7,0.5025,27.4,43.3,0.3395,12.3,6.8,0.2157,0.4247,0.3093,0.0551,0.2164,0.4139,0.2839,-0.0108,0.7181,0.5874,0.42534,CMN,BRACKET_BASE,false,true,0.66260186,0.40416576,0.48783040000000005,,0.4046,false
EVT-MED-0528,Strategic Siege of Abbasid Caliphate,547,medieval,war,Middle East,Abbasid Caliphate,CHR-MED-0528,697.4,0.589,0.87,0.2478,0.676,14.1,0.4085,29.9,38.4,0.337,36.6,7.3,0.2971,0.3891,0.2928,0,0.135,0.2434,0.2121,-0.1457,0.609,0.7119,0.388048,CMN,BRACKET_BASE,false,true,0.843538,0.56525,0.8411250000000001,,0.3985,true
EVT-MED-0529,Agricultural Plague Wave in Holy Roman Empire,1089,medieval,pandemic,Central Europe,Holy Roman Empire,CHR-MED-0529,822.1,0.727,0.703,0.3166,0.753,8.4,0.4185,26,40.6,0.3082,52.8,8,0.3271,0.4122,0.3909,0,0.1221,0.2259,0.2302,-0.1863,0.8461,0.7856,0.603309,CMN,BRACKET_BASE,false,true,0.72272094,0.54897631,0.79748472,,0.4018,false
EVT-MED-0530,Orthodoxy & Heresy Trial Wave in Song Dynasty,725,medieval,religious,East Asia,Song Dynasty,CHR-MED-0530,756.5,0.752,0.613,0.3045,0.565,13.8,0.3515,34.3,38.8,0.3868,30.2,9.6,0.2947,0.2912,0.2727,0.1913,0.3131,0.3067,0.275,0.0155,0.3684,0.5741,0.548815,CMN,BRACKET_BASE,false,true,0.6229306,0.45347499999999996,0.61959654,,0.3032,false
EVT-MED-0531,Palatial Collapse of Tang Dynasty,577,medieval,collapse,East Asia,Tang Dynasty,CHR-MED-0531,1179,0.663,0.412,0.5951,0.759,13.6,0.4475,27.7,39.1,0.3175,38.7,10.3,0.3161,0.5109,0.458,0.1649,0.2413,0.0748,0.29,-0.4361,0.5143,0.7901,0.461503,CMN,BRACKET_BASE,false,true,0.56493099,0.40945803,0.62658831,,0.3709,false
EVT-MED-0532,Canal Infrastructure Boom in Khmer Empire,888,medieval,economic,Southeast Asia,Khmer Empire,CHR-MED-0532,810.1,0.52,0.237,0.5127,0.209,13.6,0.1725,29.2,42.3,0.3529,25.9,12.2,0.2965,0.3826,0.3314,0.1088,0.1702,0.1886,0.2363,-0.194,0.5143,0.7076,0.473502,CMN,BRACKET_BASE,false,true,0.7641928400000001,0.5356814799999999,0.7829316000000001,,0.3448,true
EVT-MED-0533,Secular Legal Separation in Byzantine Empire,1231,medieval,religious,Eastern Mediterranean,Byzantine Empire,CHR-MED-0533,1123.9,0.618,0.203,0.6447,0.74,16.1,0.4505,28.8,39.1,0.3294,57,8,0.3326,0.429,0.4638,0.3226,0.4607,0.66,0.4672,0.231,0.3011,0.6163,0.837769,RMD,BRACKET_HIGH,true,false,0.34620108,0.4742109299999999,0.52357872,,0.3628,false
EVT-MED-0534,Caravan Route Pestilence in Holy Roman Empire,1060,medieval,pandemic,Central Europe,Holy Roman Empire,CHR-MED-0534,1100.3,0.446,0.693,0.538,0.612,12.4,0.368,31.9,43.9,0.3916,47.6,13.8,0.3486,0.4475,0.3693,0.0578,0.2603,0.4681,0.3206,0.0206,0.6372,0.6058,0.712558,RMD,BRACKET_HIGH,false,false,0.45341782,0.48816164,0.67855364,,0.4055,false
EVT-MED-0535,Dynastic Disintegration of Song Dynasty,1338,medieval,collapse,East Asia,Song Dynasty,CHR-MED-0535,959.8,0.502,0.291,0.5741,0.3,6.8,0.184,35.3,39.1,0.3994,50.4,8.1,0.3242,0.4646,0.3521,0.1393,0.2101,0.2014,0.2735,-0.2632,0.5226,0.7292,0.667992,RMD,BRACKET_MEDIUM,false,true,0.43509704000000005,0.38702397,0.5496519599999999,,0.3505,false
EVT-MED-0536,Sanitation & Medical Breakthrough in Abbasid Caliphate,1303,medieval,technological,Middle East,Abbasid Caliphate,CHR-MED-0536,1336.8,0.751,0.622,0.5817,0.708,5.8,0.383,26.7,36.9,0.2936,38.1,7.7,0.302,0.3444,0.3885,0.4855,0.5892,0.5314,0.4678,0.187,0.3946,0.6409,0.68463,RMD,BRACKET_MEDIUM,false,false,0.5861703600000001,0.53423424,0.69277551,,0.2769,false
EVT-MED-0537,Frontier Fragmentation of Byzantine Empire,821,medieval,collapse,Eastern Mediterranean,Byzantine Empire,CHR-MED-0537,1053.6,0.633,0.375,0.5548,0.63,10.6,0.368,32.2,43.4,0.3918,37.8,7.8,0.3019,0.5052,0.4092,0.1008,0.15,0.1192,0.2569,-0.386,0.772,0.8342,0.695559,RMD,BRACKET_MEDIUM,false,false,0.5294822,0.48066047999999995,0.8552562899999999,,0.3678,false
EVT-MED-0538,Debt Crisis Settlement of Umayyad Caliphate (Al-Andalus),938,medieval,economic,Iberia / North Africa,Umayyad Caliphate (Al-Andalus),CHR-MED-0538,755.8,0.459,0.232,0.5063,0.412,13.2,0.272,27.8,40.9,0.3294,62.2,13.2,0.365,0.4068,0.3244,0.0909,0.2159,0.3962,0.2868,-0.0106,0.2864,0.5412,0.470995,CMN,BRACKET_BASE,false,true,0.8015,0.574125,0.728125,,0.3954,true
EVT-MED-0539,Radical Assembly Schism in Kingdom of England,710,medieval,revolution,British Isles,Kingdom of England,CHR-MED-0539,629.8,0.543,0.191,0.4327,0.369,16.4,0.2665,27.2,35.7,0.2917,64.1,8.4,0.3431,0.3687,0.2253,0.0014,0.2491,0.0891,0.1867,-0.2796,0.4275,0.7392,0.415606,CMN,BRACKET_BASE,false,true,0.9063308,0.556875,0.865875,,0.3828,true
EVT-MED-0540,Secular Legal Separation in Holy Roman Empire,505,medieval,religious,Central Europe,Holy Roman Empire,CHR-MED-0540,644.9,0.627,0.27,0.3911,0.444,6.5,0.2545,34.9,41.4,0.4089,16.9,10.8,0.2586,0.3075,0.3241,0.1711,0.305,0.343,0.2901,0.0355,0.2584,0.5556,0.70134,RMD,BRACKET_HIGH,false,false,0.38508820000000005,0.37081224,0.41233984999999995,,0.3334,false
EVT-MED-0541,Administrative Codification of Kamakura / Muromachi Japan,1161,medieval,transformation,East Asia,Kamakura / Muromachi Japan,CHR-MED-0541,1210.5,0.487,0.392,0.6691,0.298,4.7,0.1725,31.3,37.1,0.3443,21.2,6.8,0.2551,0.3095,0.3854,0.2664,0.464,0.5967,0.4044,0.2872,0.2934,0.6806,0.7633,RMD,BRACKET_HIGH,true,false,0.39808269,0.37974658,0.34329203999999996,,0.3479,false
EVT-MED-0542,Navigational Instrument Reform in Abbasid Caliphate,1170,medieval,technological,Middle East,Abbasid Caliphate,CHR-MED-0542,935.6,0.44,0.728,0.4499,0.33,6.3,0.1965,35.4,43,0.4238,29.3,12.8,0.3085,0.2909,0.329,0.4335,0.5688,0.615,0.4474,0.3241,0.326,0.726,0.46376,CMN,BRACKET_BASE,false,true,0.61054284,0.47723016,0.5903083399999999,,0.3193,false
EVT-MED-0543,Frontier Fragmentation of Kingdom of France,594,medieval,collapse,Western Europe,Kingdom of France,CHR-MED-0543,1250.4,0.572,0.299,0.6907,0.696,12.2,0.409,26.4,44.3,0.3347,9.2,5.8,0.1896,0.5195,0.432,0.05,0.1233,0.2402,0.273,-0.2793,0.553,0.7039,0.456923,CMN,BRACKET_BASE,false,true,0.63901038,0.4179754,0.5824193000000001,,0.4029,false
EVT-MED-0544,Silver Flotilla Currency Shock in Holy Roman Empire,1377,medieval,economic,Central Europe,Holy Roman Empire,CHR-MED-0544,1043.3,0.66,0.347,0.5501,0.21,15,0.18,31.7,34.5,0.333,51.9,9.1,0.3314,0.4201,0.3359,0.0791,0.1423,0.3969,0.2749,-0.0232,0.6037,0.634,0.660453,RMD,BRACKET_MEDIUM,false,true,0.45627105,0.40410583,0.49041985000000005,,0.4005,false
EVT-MED-0545,Mechanical Power Harnessing in Kingdom of France,579,medieval,technological,Western Europe,Kingdom of France,CHR-MED-0545,746.8,0.468,0.111,0.5356,0.318,9.2,0.205,30.2,42.3,0.3636,47,11.2,0.3347,0.2889,0.3199,0.3863,0.461,0.5542,0.4021,0.2653,0.369,0.6999,0.769856,RMD,BRACKET_HIGH,true,false,0.4646569,0.51583833,0.5889879,,0.3081,false
EVT-MED-0546,Orthodoxy & Heresy Trial Wave in Classic Maya & Postclassic,1117,medieval,religious,Mesoamerica,Classic Maya & Postclassic,CHR-MED-0546,1170.9,0.758,0.819,0.4406,0.658,13.4,0.396,28.1,36.8,0.308,45.4,11.6,0.3342,0.3389,0.3358,0.1962,0.3111,0.4722,0.3308,0.1333,0.3701,0.6228,0.587074,CMN,BRACKET_BASE,false,true,0.55259226,0.3695868,0.38575548000000004,,0.3574,false
EVT-MED-0547,Civic Restoration Revolt in Holy Roman Empire,687,medieval,revolution,Central Europe,Holy Roman Empire,CHR-MED-0547,766.5,0.669,0.843,0.2652,0.73,12.8,0.429,32.7,38.5,0.3678,27.1,7.8,0.2778,0.3462,0.1743,0,0.1602,0,0.1361,-0.3464,0.3631,0.7485,0.305628,CMN,BRACKET_BASE,false,true,0.90990354,0.552625,0.86775,,0.3723,true
EVT-MED-0548,Urban Quarantine Emergency in Chola Dynasty,619,medieval,pandemic,South India,Chola Dynasty,CHR-MED-0548,1162.4,0.612,0.448,0.5916,0.328,11.8,0.223,33.6,44,0.4105,36.8,9.5,0.3085,0.4816,0.4455,0,0.1249,0.5292,0.3162,0.0476,0.6707,0.6396,0.682046,RMD,BRACKET_MEDIUM,false,false,0.5998921399999999,0.6396250000000001,0.7821250000000001,,0.3967,false
EVT-MED-0549,Urban Quarantine Emergency in Holy Roman Empire,1218,medieval,pandemic,Central Europe,Holy Roman Empire,CHR-MED-0549,1042.9,0.432,0.282,0.6378,0.817,5.9,0.438,26.3,41.1,0.3144,41,6.5,0.3013,0.4645,0.436,0.0751,0.3216,0.2065,0.3007,-0.258,0.8381,0.7703,0.471233,CMN,BRACKET_BASE,false,true,0.7438692800000001,0.55149501,0.8507699999999999,,0.3936,false
EVT-MED-0550,Guild Monopoly Reform in Holy Roman Empire,1323,medieval,economic,Central Europe,Holy Roman Empire,CHR-MED-0550,1029.5,0.588,0.192,0.6115,0.762,10.4,0.433,35.5,42.1,0.4195,47,5.9,0.3082,0.3993,0.3047,0.1407,0.1961,0.5769,0.3235,0.1776,0.5848,0.6525,0.874562,RMD,BRACKET_HIGH,true,false,0.41776648,0.40092954000000003,0.42538284,,0.4015,false
EVT-MED-0551,Caravan Route Pestilence in Kingdom of England,1430,medieval,pandemic,British Isles,Kingdom of England,CHR-MED-0551,846,0.685,0.613,0.3677,0.705,13.8,0.4215,25.1,43.7,0.3171,14.6,5.2,0.2201,0.3946,0.328,0,0.1149,0.0239,0.1723,-0.3707,0.7285,0.8464,0.501412,CMN,BRACKET_BASE,false,true,0.8575879200000001,0.5417863,0.8738905499999999,,0.3751,false
EVT-MED-0552,Coalition Defense of Mongol Empire / Ilkhanate,1071,medieval,war,Eurasian Steppe,Mongol Empire / Ilkhanate,CHR-MED-0552,610.9,0.749,0.127,0.381,0.4,15.4,0.277,30.6,35.1,0.3248,13.2,10.8,0.2408,0.2652,0.1706,0,0.1209,0.2563,0.1626,-0.0089,0.3181,0.5669,0.484453,CMN,BRACKET_BASE,false,true,0.69586848,0.54103833,0.65129244,,0.3817,true
EVT-MED-0553,Institutional Dissolution of Byzantine Empire,1388,medieval,collapse,Eastern Mediterranean,Byzantine Empire,CHR-MED-0553,1104.6,0.547,0.182,0.663,0.803,12,0.4615,35.1,37.4,0.387,35.5,5.6,0.2864,0.5965,0.5146,0.2259,0.2815,0.3225,0.3882,-0.274,0.4737,0.6697,0.690353,RMD,BRACKET_MEDIUM,false,false,0.39078102000000003,0.40217553,0.56535868,,0.3706,false
EVT-MED-0554,Maritime Hegemony Clash in Classic Maya & Postclassic,1235,medieval,war,Mesoamerica,Classic Maya & Postclassic,CHR-MED-0554,820.6,0.55,0.461,0.4416,0.203,14.3,0.173,27.5,40.9,0.3262,37.3,8.5,0.3045,0.3397,0.2433,0,0.1559,0.0636,0.1605,-0.2761,0.3217,0.7184,0.70732,RMD,BRACKET_HIGH,false,false,0.55054647,0.3752138,0.5079228,,0.3645,false
EVT-MED-0555,Dynastic Disintegration of Kamakura / Muromachi Japan,700,medieval,collapse,East Asia,Kamakura / Muromachi Japan,CHR-MED-0555,741.3,0.513,0.725,0.3353,0.596,5.5,0.3255,29.1,42.9,0.3554,24.9,10.1,0.2832,0.4651,0.4069,0.1551,0.2544,0.1841,0.2931,-0.281,0.7748,0.823,0.376552,CMN,BRACKET_BASE,false,true,0.8164249799999999,0.48197352,0.8478145000000001,,0.3503,false
EVT-MED-0556,Caravan Route Pestilence in Mali Empire,1378,medieval,pandemic,West Africa,Mali Empire,CHR-MED-0556,761.8,0.518,0.378,0.4477,0.812,10.7,0.4595,35.6,38.6,0.3996,17.5,6,0.2372,0.4846,0.4554,0.023,0.2117,0.3397,0.3029,-0.1449,0.923,0.743,0.482397,CMN,BRACKET_BASE,false,true,0.8533976700000001,0.5674597499999999,0.7897273199999999,,0.4087,false
EVT-MED-0557,Astronomical Standardization by Song Dynasty,930,medieval,technological,East Asia,Song Dynasty,CHR-MED-0557,857.3,0.667,0.561,0.3942,0.672,11.7,0.3945,34.1,34,0.3558,48.8,9.7,0.3299,0.2694,0.3086,0.3849,0.4466,0.5246,0.3868,0.2552,0.3574,0.6855,0.723671,RMD,BRACKET_HIGH,false,false,0.47884755,0.37665534,0.41595696,,0.3017,false
EVT-MED-0558,Synod Monotheistic Mandate in Song Dynasty,894,medieval,religious,East Asia,Song Dynasty,CHR-MED-0558,604.2,0.64,0.635,0.2581,0.302,9.4,0.198,27.2,40,0.3175,62.9,6.9,0.3343,0.2279,0.2383,0.0849,0.1837,0.2869,0.2043,0.059,0.3454,0.6322,0.786823,RMD,BRACKET_HIGH,true,false,0.5895119999999999,0.45494733000000004,0.58733804,,0.3421,false
EVT-MED-0559,Continental Standoff of Kingdom of England,1321,medieval,war,British Isles,Kingdom of England,CHR-MED-0559,1089.2,0.419,0.831,0.4993,0.756,16.1,0.4585,35.3,42.9,0.4222,17.5,8.6,0.2502,0.3862,0.2753,0,0.1955,0.2387,0.2191,-0.1475,0.572,0.6457,0.567955,CMN,BRACKET_BASE,false,true,0.7477124,0.5358639500000001,0.75950736,,0.3974,false
EVT-MED-0560,Urban Quarantine Emergency in Tang Dynasty,1023,medieval,pandemic,East Asia,Tang Dynasty,CHR-MED-0560,669.2,0.558,0.799,0.2648,0.626,16.2,0.394,27.6,39.7,0.32,28.4,7.4,0.2792,0.3631,0.3322,0,0.246,0.123,0.2129,-0.2401,0.6281,0.7699,0.588106,CMN,BRACKET_BASE,false,true,0.59954811,0.47306441,0.7911533500000001,,0.3899,false
EVT-MED-0561,Respiratory Virulence Wave across Kingdom of France,1252,medieval,pandemic,Western Europe,Kingdom of France,CHR-MED-0561,1324.5,0.669,0.805,0.5455,0.365,16.7,0.266,28.2,35.4,0.3007,35,9.9,0.3068,0.4508,0.3921,0,0.2249,0.2342,0.2604,-0.2166,0.6961,0.7542,0.586412,CMN,BRACKET_BASE,false,true,0.6757257600000001,0.5151604,0.83528876,,0.403,false
EVT-MED-0562,Astronomical Standardization by Mongol Empire / Ilkhanate,685,medieval,technological,Eurasian Steppe,Mongol Empire / Ilkhanate,CHR-MED-0562,1169.9,0.458,0.217,0.7107,0.824,12.3,0.4735,35.8,44.9,0.4396,31.7,10,0.3002,0.3834,0.4322,0.504,0.6418,0.6836,0.529,0.3002,0.4555,0.6624,0.766271,RMD,BRACKET_HIGH,true,false,0.40999304000000003,0.38094898,0.4113421,,0.3167,false
EVT-MED-0563,Educational Charter of Chola Dynasty,661,medieval,transformation,South India,Chola Dynasty,CHR-MED-0563,932,0.414,0.746,0.4506,0.352,13.9,0.2455,33.7,37.6,0.3731,30,4.7,0.2697,0.2597,0.3153,0.2479,0.3826,0.4872,0.3385,0.2275,0.1142,0.621,0.643745,RMD,BRACKET_MEDIUM,false,true,0.49126454,0.38223616,0.31718267,,0.3255,false
EVT-MED-0564,Imperial Unification of Song Dynasty,958,medieval,transformation,East Asia,Song Dynasty,CHR-MED-0564,605.2,0.697,0.388,0.3156,0.285,13.9,0.212,25.6,42.4,0.3147,56.8,5.5,0.3199,0.2184,0.2968,0.2369,0.4021,0.4028,0.3114,0.1844,0.1649,0.6445,0.857719,RMD,BRACKET_HIGH,true,false,0.52436048,0.536875,0.558,,0.308,true
EVT-MED-0565,Synod Monotheistic Mandate in Kingdom of England,950,medieval,religious,British Isles,Kingdom of England,CHR-MED-0565,848.7,0.624,0.173,0.5193,0.773,9,0.4315,31.5,41.1,0.3704,38.5,12.9,0.3287,0.4482,0.4816,0.3878,0.5363,0.5604,0.4829,0.1122,0.4476,0.6043,0.684656,RMD,BRACKET_MEDIUM,false,false,0.41445768000000005,0.3662835,0.39966476,,0.3087,false
EVT-MED-0566,Fiscal Default Crisis in Kingdom of France,511,medieval,collapse,Western Europe,Kingdom of France,CHR-MED-0566,907.8,0.556,0.776,0.3873,0.342,10.6,0.224,28.9,38.3,0.3256,49.4,6.3,0.3138,0.4297,0.3623,0.0065,0.0596,0.1472,0.2011,-0.2825,0.7695,0.8344,0.44565,CMN,BRACKET_BASE,false,true,0.65692158,0.38675884,0.5507304000000001,,0.3908,false
EVT-MED-0567,Borderlands Pacification of Kamakura / Muromachi Japan,898,medieval,war,East Asia,Kamakura / Muromachi Japan,CHR-MED-0567,1330.9,0.616,0.678,0.6026,0.295,16.8,0.2315,33,35,0.35,31.2,7.2,0.285,0.4432,0.3249,0.1695,0.3022,0.3025,0.3085,-0.1407,0.5954,0.6772,0.549055,CMN,BRACKET_BASE,false,true,0.7822762000000001,0.54416677,0.7858083399999999,,0.3555,true
EVT-MED-0568,Maritime Hegemony Clash in Kamakura / Muromachi Japan,1294,medieval,war,East Asia,Kamakura / Muromachi Japan,CHR-MED-0568,1013.6,0.717,0.498,0.4734,0.849,15.4,0.5015,34.4,43.9,0.4185,34.6,10.5,0.309,0.4529,0.3704,0.084,0.2836,0.2446,0.2871,-0.2083,0.4733,0.6518,0.507115,CMN,BRACKET_BASE,false,true,0.71459105,0.544782,0.79765056,,0.3878,false
EVT-MED-0569,Provincial Autonomy Insurgency against Abbasid Caliphate,1211,medieval,revolution,Middle East,Abbasid Caliphate,CHR-MED-0569,828.4,0.443,0.429,0.487,0.525,9.9,0.312,32.1,37.2,0.3535,25,13.6,0.301,0.3548,0.2736,0.0188,0.256,0.1901,0.2187,-0.1647,0.736,0.7301,0.797028,RMD,BRACKET_HIGH,true,false,0.52408496,0.38022965000000003,0.52511516,,0.386,false
EVT-MED-0570,Imperial Annexation War in Kievan Rus,1016,medieval,war,Eastern Europe,Kievan Rus,CHR-MED-0570,952.6,0.592,0.224,0.5637,0.478,15.5,0.3165,31.3,34.2,0.3269,25.3,6.8,0.2679,0.3834,0.2877,0,0.0737,0.3033,0.2096,-0.0801,0.3102,0.5697,0.52812,CMN,BRACKET_BASE,false,true,0.7180172999999999,0.56754324,0.71805527,,0.4053,true
EVT-MED-0571,Treaty System Implementation across Mali Empire,712,medieval,transformation,West Africa,Mali Empire,CHR-MED-0571,929.8,0.678,0.673,0.3922,0.619,7.3,0.346,25.4,44.4,0.3246,44.5,7.1,0.3102,0.2569,0.2976,0.1877,0.3247,0.5934,0.3321,0.3365,0.3707,0.745,0.798748,RMD,BRACKET_HIGH,true,false,0.50518536,0.39088681999999997,0.36205572,,0.3639,false
EVT-MED-0572,Epidemic Fever Outbreak across Kamakura / Muromachi Japan,814,medieval,pandemic,East Asia,Kamakura / Muromachi Japan,CHR-MED-0572,653.2,0.703,0.693,0.2454,0.722,9,0.406,27.1,41.9,0.3279,30.2,6.4,0.2787,0.3539,0.3149,0,0.1873,0.114,0.194,-0.2399,0.7214,0.793,0.491922,CMN,BRACKET_BASE,false,true,0.60413654,0.38227852,0.5495768999999999,,0.3809,false
EVT-MED-0573,Palatial Collapse of Kingdom of England,1388,medieval,collapse,British Isles,Kingdom of England,CHR-MED-0573,624.7,0.55,0.129,0.4468,0.626,7.1,0.3485,26,44.9,0.334,9.5,9.1,0.2085,0.3938,0.2986,0,0.0794,0.1464,0.1836,-0.2474,0.7061,0.7707,0.378028,CMN,BRACKET_BASE,false,true,1,0.562875,0.8865000000000001,,0.3865,true
EVT-MED-0574,Temple Bureaucracy Reorganization of Classic Maya & Postclassic,686,medieval,religious,Mesoamerica,Classic Maya & Postclassic,CHR-MED-0574,1315.8,0.48,0.636,0.6487,0.792,8.9,0.4405,29.2,41,0.3451,50.7,9.2,0.3302,0.4242,0.4026,0.2453,0.4051,0.3784,0.3711,-0.0458,0.2927,0.5128,0.635284,RMD,BRACKET_MEDIUM,false,true,0.49869300000000005,0.5535,0.7378750000000001,,0.3366,true
EVT-MED-0575,Continental Standoff of Classic Maya & Postclassic,1488,medieval,war,Mesoamerica,Classic Maya & Postclassic,CHR-MED-0575,575.6,0.429,0.825,0.2506,0.635,5.9,0.347,25.4,41.8,0.309,58.6,13.2,0.3606,0.3769,0.3039,0.0087,0.0655,0.3415,0.2193,-0.0354,0.3416,0.5985,0.344498,CMN,BRACKET_BASE,false,true,0.7482112,0.5184471399999999,0.6999972,,0.4066,true
EVT-MED-0576,Secular Legal Separation in Mali Empire,1274,medieval,religious,West Africa,Mali Empire,CHR-MED-0576,1233,0.725,0.848,0.4717,0.742,14.3,0.4425,29.6,36.4,0.3218,18.4,11,0.2658,0.3346,0.3586,0.2644,0.3701,0.2787,0.3213,-0.0559,0.383,0.5705,0.503665,CMN,BRACKET_BASE,false,true,0.54980794,0.37571987,0.46537205,,0.2781,false
EVT-MED-0577,Monastic Network Expansion of Mongol Empire / Ilkhanate,1450,medieval,religious,Eurasian Steppe,Mongol Empire / Ilkhanate,CHR-MED-0577,1335.2,0.541,0.671,0.6293,0.332,17.3,0.2525,25.7,39.3,0.2972,35.2,9.1,0.3033,0.3712,0.3416,0.1786,0.2477,0.4236,0.3125,0.0524,0.3697,0.5739,0.688931,RMD,BRACKET_MEDIUM,false,false,0.49525461,0.53526718,0.63938054,,0.3635,false
EVT-MED-0578,Respiratory Virulence Wave across Holy Roman Empire,974,medieval,pandemic,Central Europe,Holy Roman Empire,CHR-MED-0578,806.1,0.759,0.255,0.4337,0.465,5.7,0.261,29.7,43.2,0.3637,45.5,5.8,0.3053,0.3672,0.3201,0.005,0.1608,0.2296,0.2165,-0.1376,0.7693,0.7379,0.592862,CMN,BRACKET_BASE,false,true,0.7646988400000001,0.49092314,0.7728256500000001,,0.3926,false
EVT-MED-0579,Respiratory Virulence Wave across Kievan Rus,1291,medieval,pandemic,Eastern Europe,Kievan Rus,CHR-MED-0579,1107.3,0.692,0.875,0.4129,0.571,17.9,0.375,28.6,34.8,0.3014,56.8,4.9,0.3169,0.4365,0.3688,0,0.238,0.1535,0.2394,-0.283,0.7806,0.8146,0.622187,CMN,BRACKET_BASE,false,true,0.5740592999999999,0.38435547000000003,0.5541239,,0.4008,false
EVT-MED-0580,Fiscal Default Crisis in Umayyad Caliphate (Al-Andalus),733,medieval,collapse,Iberia / North Africa,Umayyad Caliphate (Al-Andalus),CHR-MED-0580,1148.5,0.454,0.614,0.5825,0.724,8.8,0.406,27.6,42.9,0.3392,46.5,8.8,0.3219,0.5115,0.4391,0.2149,0.2722,0.3001,0.3476,-0.2114,0.6998,0.72,0.779487,RMD,BRACKET_HIGH,true,false,0.5046118800000001,0.48625192,0.8145766200000001,,0.3509,false
EVT-MED-0581,Secular Legal Separation in Kingdom of England,1205,medieval,religious,British Isles,Kingdom of England,CHR-MED-0581,993.6,0.431,0.374,0.5867,0.271,9.7,0.184,27,35.3,0.2872,28.8,8,0.2832,0.294,0.3667,0.1744,0.2253,0.5137,0.3148,0.2197,0.2037,0.6409,0.507863,CMN,BRACKET_BASE,false,true,0.6181245900000001,0.53528484,0.52127523,,0.3714,false
EVT-MED-0582,Pantheon Reformation of Tang Dynasty,769,medieval,religious,East Asia,Tang Dynasty,CHR-MED-0582,1294.1,0.647,0.515,0.6245,0.353,6.2,0.2075,30.7,39.1,0.3498,33.4,7.5,0.2915,0.4077,0.418,0.2803,0.3478,0.2738,0.3455,-0.1339,0.3738,0.6185,0.543133,CMN,BRACKET_BASE,false,true,0.5032471199999999,0.36635724,0.47670847999999993,,0.2967,false
EVT-MED-0583,Administrative Codification of Mongol Empire / Ilkhanate,1202,medieval,transformation,Eurasian Steppe,Mongol Empire / Ilkhanate,CHR-MED-0583,1046.5,0.493,0.363,0.5969,0.37,9.8,0.234,33.5,42.9,0.4028,51.8,10.2,0.3367,0.2845,0.3333,0.2472,0.377,0.593,0.367,0.3085,0.1652,0.6528,0.64099,RMD,BRACKET_MEDIUM,false,true,0.49844216999999996,0.46870655999999994,0.45962010000000003,,0.3486,false
EVT-MED-0584,Navigational Instrument Reform in Song Dynasty,1400,medieval,technological,East Asia,Song Dynasty,CHR-MED-0584,974,0.44,0.408,0.5644,0.625,13.3,0.379,30.8,41.1,0.3629,53.2,11.8,0.3467,0.371,0.4075,0.5269,0.6093,0.5528,0.4935,0.1818,0.2312,0.59,0.867086,RMD,BRACKET_HIGH,true,false,0.23950182,0.38741222999999997,0.4555269,,0.2768,false
EVT-MED-0585,Borderlands Pacification of Kingdom of England,1481,medieval,war,British Isles,Kingdom of England,CHR-MED-0585,1309,0.551,0.301,0.7246,0.44,16.1,0.3005,30.9,38.3,0.3472,24.2,13.6,0.2986,0.4599,0.4008,0.1683,0.2554,0.3789,0.3327,-0.081,0.4281,0.5749,0.575205,CMN,BRACKET_BASE,false,true,0.759625,0.568875,0.79275,,0.3782,true
EVT-MED-0586,Monastic Network Expansion of Holy Roman Empire,858,medieval,religious,Central Europe,Holy Roman Empire,CHR-MED-0586,1318.2,0.606,0.721,0.5866,0.44,9.1,0.2655,31,40.8,0.3633,24.5,13.9,0.301,0.426,0.4099,0.2971,0.4533,0.5347,0.4242,0.1087,0.3925,0.6045,0.437059,CMN,BRACKET_BASE,false,true,0.76043632,0.548875,0.6608749999999999,,0.3442,false
EVT-MED-0587,Decentralization Wave across Kingdom of France,760,medieval,collapse,Western Europe,Kingdom of France,CHR-MED-0587,1125.2,0.59,0.724,0.4975,0.518,14.6,0.332,33.7,41.9,0.3989,31.8,11.1,0.3059,0.4679,0.3554,0.0923,0.1893,0.2731,0.2756,-0.1948,0.7744,0.7445,0.637699,RMD,BRACKET_MEDIUM,false,true,0.5250024,0.38999219,0.54093174,,0.3872,false
EVT-MED-0588,Respiratory Virulence Wave across Classic Maya & Postclassic,715,medieval,pandemic,Mesoamerica,Classic Maya & Postclassic,CHR-MED-0588,1246.4,0.429,0.244,0.7482,0.77,14.2,0.456,28.7,34.5,0.3007,38.4,10.8,0.3181,0.4989,0.4754,0.1215,0.3059,0.4539,0.3711,-0.045,0.734,0.6121,0.615315,CMN,BRACKET_BASE,false,true,0.58210828,0.563436,0.7570513400000001,,0.4039,false
EVT-MED-0589,Borderlands Pacification of Mali Empire,680,medieval,war,West Africa,Mali Empire,CHR-MED-0589,616.9,0.557,0.889,0.2129,0.317,9.8,0.2075,33.4,40.4,0.3867,11.4,6.3,0.2077,0.2243,0.1266,0,0.1053,0,0.0912,-0.2509,0.6469,0.8061,0.539889,CMN,BRACKET_BASE,false,true,0.7210492799999999,0.44862609000000003,0.72226111,,0.3367,true
EVT-MED-0590,Borderlands Pacification of Holy Roman Empire,1209,medieval,war,Central Europe,Holy Roman Empire,CHR-MED-0590,753.9,0.51,0.423,0.4328,0.242,5.3,0.1475,25.2,34,0.26,41.1,9.2,0.315,0.2435,0.1964,0,0.1781,0.231,0.1698,-0.0125,0.4118,0.6137,0.5081,CMN,BRACKET_BASE,false,true,0.8183408799999999,0.5209995,0.65110131,,0.3715,true
EVT-MED-0591,Strategic Siege of Tang Dynasty,609,medieval,war,East Asia,Tang Dynasty,CHR-MED-0591,1219.3,0.736,0.53,0.5572,0.253,17.9,0.216,31.3,34.9,0.3311,17.1,10.3,0.257,0.3554,0.281,0,0.0504,0.3886,0.2151,0.0332,0.697,0.6565,0.343494,CMN,BRACKET_BASE,false,true,0.8264352,0.5626774999999999,0.69822,,0.4079,false
EVT-MED-0592,Imperial Annexation War in Abbasid Caliphate,683,medieval,war,Middle East,Abbasid Caliphate,CHR-MED-0592,671.5,0.599,0.159,0.4456,0.331,14.8,0.2395,28.4,40.7,0.3347,41.2,10,0.3191,0.3745,0.3157,0.1606,0.2203,0.4268,0.2996,0.0523,0.4843,0.6263,0.448443,CMN,BRACKET_BASE,false,true,0.6680113599999999,0.4807188,0.6415600800000001,,0.3723,false
EVT-MED-0593,Agrarian Insurgency in Mali Empire,1383,medieval,revolution,West Africa,Mali Empire,CHR-MED-0593,1041.3,0.632,0.681,0.4573,0.722,7.5,0.3985,29.7,40,0.3445,46,12.6,0.3401,0.4458,0.2709,0,0.2571,0.25,0.2448,-0.1958,0.509,0.6829,0.609489,CMN,BRACKET_BASE,false,true,0.4678207,0.39777298,0.5357261,,0.403,false
EVT-MED-0594,Sanitation & Medical Breakthrough in Khmer Empire,1197,medieval,technological,Southeast Asia,Khmer Empire,CHR-MED-0594,1125.2,0.426,0.124,0.7267,0.772,5.7,0.4145,29.3,42.4,0.3546,33.6,13.8,0.3234,0.3604,0.4018,0.4449,0.5159,0.539,0.4524,0.1786,0.4526,0.6152,0.954127,RMD,BRACKET_HIGH,true,false,0.34602616,0.37173453,0.43254945,,0.281,false
EVT-MED-0595,Constitutional Reorganization of Kievan Rus,605,medieval,transformation,Eastern Europe,Kievan Rus,CHR-MED-0595,1188.7,0.415,0.842,0.5452,0.305,11,0.2075,26.7,40.2,0.3134,46.5,7.1,0.3134,0.2504,0.3032,0.221,0.3813,0.4439,0.32,0.1935,0.2096,0.627,0.729269,RMD,BRACKET_HIGH,false,false,0.5456497100000001,0.52255359,0.5142588400000001,,0.3215,false
EVT-MED-0596,Institutional Dissolution of Byzantine Empire,652,medieval,collapse,Eastern Mediterranean,Byzantine Empire,CHR-MED-0596,601.1,0.536,0.564,0.3091,0.557,10.1,0.329,32.4,41,0.3795,25.5,8.8,0.2784,0.3944,0.3106,0,0.0402,0.0711,0.1633,-0.3233,0.5794,0.7968,0.476707,CMN,BRACKET_BASE,false,true,0.65829834,0.38892828,0.5635375199999999,,0.3719,false
EVT-MED-0597,Agrarian Restructuring of Kingdom of France,924,medieval,transformation,Western Europe,Kingdom of France,CHR-MED-0597,805.8,0.487,0.659,0.3939,0.717,10.7,0.412,28.5,41.2,0.3387,16.8,13.5,0.2717,0.2794,0.3313,0.2432,0.368,0.4717,0.3387,0.1923,0.1683,0.6042,0.614091,CMN,BRACKET_BASE,false,true,0.69681925,0.54325,0.5485,,0.3231,true
EVT-MED-0598,Dynastic Disintegration of Classic Maya & Postclassic,1137,medieval,collapse,Mesoamerica,Classic Maya & Postclassic,CHR-MED-0598,1288.8,0.673,0.758,0.5412,0.323,17.5,0.249,33.5,34.2,0.3506,23.6,11.8,0.2878,0.4758,0.4093,0.0699,0.1342,0.0596,0.2298,-0.4162,0.5925,0.8318,0.710054,RMD,BRACKET_HIGH,false,false,0.55247994,0.39762652000000004,0.60605155,,0.3735,false
EVT-MED-0599,Coalition Defense of Umayyad Caliphate (Al-Andalus),957,medieval,war,Iberia / North Africa,Umayyad Caliphate (Al-Andalus),CHR-MED-0599,736.2,0.718,0.282,0.4042,0.639,8.4,0.3615,29.5,44,0.3663,38.8,10.2,0.3158,0.3505,0.2473,0,0.0565,0.257,0.1823,-0.0935,0.3873,0.6075,0.485639,CMN,BRACKET_BASE,false,true,0.635284,0.39425750000000004,0.47820656,,0.3976,false
EVT-MED-0600,Astronomical Standardization by Classic Maya & Postclassic,1055,medieval,technological,Mesoamerica,Classic Maya & Postclassic,CHR-MED-0600,1087.6,0.579,0.253,0.6239,0.536,6.6,0.301,31.7,42,0.378,13.7,11.8,0.2485,0.3256,0.3805,0.4263,0.4924,0.5491,0.4348,0.2235,0.4096,0.6577,0.849884,RMD,BRACKET_HIGH,true,false,0.5016134400000001,0.46119623,0.61276015,,0.2929,false
EVT-MED-0601,Agricultural Plague Wave in Mongol Empire / Ilkhanate,1102,medieval,pandemic,Eurasian Steppe,Mongol Empire / Ilkhanate,CHR-MED-0601,937.1,0.495,0.246,0.5787,0.531,4.8,0.2895,30.1,37.7,0.335,21.8,5.9,0.2526,0.4555,0.381,0,0.2341,0.351,0.2843,-0.1045,0.9303,0.7385,0.462739,CMN,BRACKET_BASE,false,true,0.7061929800000001,0.50018836,0.74463958,,0.4065,false
EVT-MED-0602,Maritime Hegemony Clash in Kievan Rus,723,medieval,war,Eastern Europe,Kievan Rus,CHR-MED-0602,872.5,0.439,0.167,0.5881,0.571,15.4,0.3625,32.1,41,0.3763,21.7,5.6,0.2507,0.4087,0.3288,0.1095,0.1598,0.3394,0.2692,-0.0693,0.6888,0.6406,0.456091,CMN,BRACKET_BASE,false,true,0.7695153,0.5645,0.809375,,0.3844,true
EVT-MED-0603,Caravan Route Pestilence in Chola Dynasty,1185,medieval,pandemic,South India,Chola Dynasty,CHR-MED-0603,1073.3,0.743,0.399,0.5241,0.678,15.1,0.4145,32,42.4,0.3836,58.7,11.4,0.3518,0.5111,0.4704,0.1584,0.3123,0.5091,0.3923,-0.002,0.868,0.6498,0.553892,CMN,BRACKET_BASE,false,true,0.7738569300000001,0.55924661,0.7303586400000001,,0.4023,false
EVT-MED-0604,Navigational Instrument Reform in Mongol Empire / Ilkhanate,830,medieval,technological,Eurasian Steppe,Mongol Empire / Ilkhanate,CHR-MED-0604,590.5,0.535,0.416,0.3487,0.77,10.9,0.4395,32.3,42.8,0.3893,25.7,13.8,0.304,0.2826,0.3398,0.4116,0.4941,0.5872,0.4231,0.3046,0.2209,0.6731,0.516368,CMN,BRACKET_BASE,false,true,0.7396662,0.5475,0.62325,,0.315,false
EVT-MED-0605,Continental Standoff of Song Dynasty,1466,medieval,war,East Asia,Song Dynasty,CHR-MED-0605,1033,0.744,0.88,0.36,0.237,16.1,0.199,34.6,42,0.4092,36.9,9.9,0.3107,0.31,0.2327,0,0.1298,0.3619,0.2069,0.0519,0.4316,0.6207,0.492143,CMN,BRACKET_BASE,false,true,0.5951044,0.39589225,0.43717157999999995,,0.4005,false
EVT-MED-0606,Constitutional Reorganization of Mongol Empire / Ilkhanate,1246,medieval,transformation,Eurasian Steppe,Mongol Empire / Ilkhanate,CHR-MED-0606,823.7,0.432,0.236,0.546,0.636,17.5,0.4055,32.6,35.8,0.3505,27.1,4.5,0.2613,0.283,0.3208,0.2144,0.3614,0.4038,0.3167,0.1208,0.2219,0.5554,0.849743,RMD,BRACKET_HIGH,true,false,0.45838080000000003,0.37332896,0.37579567999999997,,0.319,false
EVT-MED-0607,Coalition Defense of Classic Maya & Postclassic,953,medieval,war,Mesoamerica,Classic Maya & Postclassic,CHR-MED-0607,598.2,0.725,0.516,0.2654,0.598,4.9,0.3235,26.4,38.8,0.3017,49.8,6.7,0.3164,0.2957,0.2555,0.0714,0.1526,0.1543,0.1859,-0.1414,0.6111,0.7255,0.544295,CMN,BRACKET_BASE,false,true,0.85835052,0.5345,0.8047500000000001,,0.3332,true
EVT-MED-0608,Imperial Annexation War in Mali Empire,515,medieval,war,West Africa,Mali Empire,CHR-MED-0608,825.7,0.575,0.795,0.3363,0.736,7.6,0.406,31,44.3,0.3843,22.9,6.4,0.2586,0.3323,0.2487,0.0789,0.2073,0.0674,0.1869,-0.2649,0.667,0.7708,0.436616,CMN,BRACKET_BASE,false,true,0.64685022,0.3757574,0.54541692,,0.3453,false
EVT-MED-0609,Constitutional Reorganization of Kingdom of France,819,medieval,transformation,Western Europe,Kingdom of France,CHR-MED-0609,1306,0.739,0.443,0.6242,0.296,6.4,0.18,28.3,38.6,0.321,27.8,4.7,0.2642,0.2591,0.3341,0.2288,0.358,0.6054,0.3571,0.3463,0.3034,0.7241,0.790299,RMD,BRACKET_HIGH,true,false,0.5453030000000001,0.54196842,0.5149971000000001,,0.3552,false
EVT-MED-0610,Agrarian Restructuring of Abbasid Caliphate,675,medieval,transformation,Middle East,Abbasid Caliphate,CHR-MED-0610,586.4,0.742,0.101,0.3791,0.452,9.3,0.2725,33.9,42.7,0.4059,28.8,12.6,0.3062,0.2282,0.289,0.2354,0.466,0.3851,0.3207,0.1569,0.2361,0.6151,0.763163,RMD,BRACKET_HIGH,true,false,0.51996159,0.537775,0.55069788,,0.3142,true
EVT-MED-0611,Mercantile Tariff Overhaul across Holy Roman Empire,1055,medieval,economic,Central Europe,Holy Roman Empire,CHR-MED-0611,1069.9,0.459,0.661,0.529,0.462,10.8,0.285,34.1,41,0.3978,49.7,9.3,0.3292,0.4565,0.3879,0.1412,0.25,0.3945,0.326,-0.062,0.3249,0.5629,0.524236,CMN,BRACKET_BASE,false,true,0.803097,0.57375,0.7679999999999999,,0.3891,true
EVT-MED-0612,Systemic Governance Breakdown in Byzantine Empire,1239,medieval,collapse,Eastern Mediterranean,Byzantine Empire,CHR-MED-0612,1026.4,0.567,0.71,0.4609,0.82,4.5,0.4325,29.3,41.1,0.3468,11.8,5.8,0.2076,0.4204,0.3575,0.1322,0.1544,0.0984,0.2326,-0.322,0.7742,0.8114,0.585954,CMN,BRACKET_BASE,false,true,0.63610022,0.37900228,0.57471365,,0.3465,false
EVT-MED-0613,Coalition Defense of Kievan Rus,901,medieval,war,Eastern Europe,Kievan Rus,CHR-MED-0613,927.4,0.738,0.423,0.448,0.507,5,0.2785,32.2,36.1,0.348,14.8,6,0.225,0.2999,0.2408,0.0553,0.2433,0.396,0.2471,0.0961,0.4724,0.6388,0.644722,RMD,BRACKET_MEDIUM,false,true,0.58599497,0.46039567,0.58752768,,0.3888,false
EVT-MED-0614,Guild Monopoly Reform in Holy Roman Empire,999,medieval,economic,Central Europe,Holy Roman Empire,CHR-MED-0614,765,0.663,0.675,0.3167,0.536,6.9,0.3025,35.6,42.8,0.4248,58.9,9.2,0.341,0.3729,0.3154,0.0587,0.1378,0.3684,0.2506,-0.0045,0.4469,0.5876,0.545054,CMN,BRACKET_BASE,false,true,0.51731834,0.39490605,0.4605198,,0.398,false
EVT-MED-0615,Guild Monopoly Reform in Holy Roman Empire,1124,medieval,economic,Central Europe,Holy Roman Empire,CHR-MED-0615,1128.1,0.71,0.144,0.6369,0.637,15.8,0.3975,27.1,37.4,0.3009,33.1,6.5,0.2858,0.46,0.4092,0.2471,0.3034,0.555,0.3949,0.095,0.5203,0.6111,0.705325,RMD,BRACKET_HIGH,false,false,0.5140366,0.37851264,0.419775,,0.3795,false
EVT-MED-0616,Secular Legal Separation in Kingdom of France,1104,medieval,religious,Western Europe,Kingdom of France,CHR-MED-0616,952.5,0.67,0.297,0.5183,0.335,12,0.2275,29.3,40.9,0.3456,22.2,10.7,0.2779,0.3026,0.3732,0.2352,0.3891,0.1979,0.2996,-0.1047,0.5082,0.6499,0.378525,CMN,BRACKET_BASE,false,true,0.81575,0.54375,0.783125,,0.2959,true
EVT-MED-0617,Metallurgical Innovation Surge in Mali Empire,1378,medieval,technological,West Africa,Mali Empire,CHR-MED-0617,1167.7,0.439,0.718,0.565,0.563,6,0.3115,32.6,38.7,0.3679,16.8,8,0.2442,0.2912,0.3352,0.4545,0.5335,0.6374,0.4504,0.3462,0.3391,0.7151,0.724544,RMD,BRACKET_HIGH,false,false,0.34132424,0.37302714,0.40114804000000004,,0.3206,false
EVT-MED-0618,Bureaucratic Consolidation of Khmer Empire,1400,medieval,transformation,Southeast Asia,Khmer Empire,CHR-MED-0618,1249,0.462,0.339,0.711,0.316,10.6,0.211,30.7,43.9,0.3786,16.8,10,0.2542,0.2787,0.3229,0.2421,0.448,0.425,0.3433,0.1463,0.2861,0.5854,0.463553,CMN,BRACKET_BASE,false,true,0.65488784,0.5455,0.60625,,0.3147,true
EVT-MED-0619,Epidemic Fever Outbreak across Umayyad Caliphate (Al-Andalus),844,medieval,pandemic,Iberia / North Africa,Umayyad Caliphate (Al-Andalus),CHR-MED-0619,699.1,0.66,0.393,0.3704,0.609,10.4,0.3565,32.1,35.4,0.3427,28.7,8.4,0.285,0.3937,0.3294,0,0.1409,0.0523,0.1833,-0.3414,0.767,0.8457,0.369647,CMN,BRACKET_BASE,false,true,0.871113,0.49180377999999997,0.85933698,,0.3737,false
EVT-MED-0620,Succession Conflict of Abbasid Caliphate,694,medieval,war,Middle East,Abbasid Caliphate,CHR-MED-0620,652.2,0.726,0.702,0.2353,0.371,12.4,0.2475,29,34.7,0.3051,29.4,7.7,0.2832,0.3259,0.2764,0.0207,0.1739,0.109,0.1812,-0.2169,0.6567,0.7931,0.487788,CMN,BRACKET_BASE,false,true,0.65698976,0.37362259,0.52844478,,0.3617,false
EVT-MED-0621,Administrative Codification of Tang Dynasty,598,medieval,transformation,East Asia,Tang Dynasty,CHR-MED-0621,1285,0.51,0.342,0.7131,0.371,12,0.2455,27.7,39.1,0.3175,38.5,6.9,0.2987,0.2967,0.32,0.2108,0.3767,0.5615,0.3531,0.2648,0.3681,0.6736,0.664405,RMD,BRACKET_MEDIUM,false,true,0.5582925,0.38004109,0.36037865999999996,,0.3581,false
EVT-MED-0622,Astronomical Standardization by Abbasid Caliphate,1140,medieval,technological,Middle East,Abbasid Caliphate,CHR-MED-0622,753.5,0.508,0.218,0.4947,0.632,10.9,0.3705,25.3,38.2,0.2863,28.2,7.7,0.2802,0.2764,0.3031,0.3688,0.4295,0.5895,0.3935,0.3131,0.325,0.7076,0.844397,RMD,BRACKET_HIGH,true,false,0.333753,0.37469964,0.37046519999999994,,0.3231,false
EVT-MED-0623,Provincial Autonomy Insurgency against Kamakura / Muromachi Japan,721,medieval,revolution,East Asia,Kamakura / Muromachi Japan,CHR-MED-0623,1021.4,0.716,0.817,0.3817,0.597,4.8,0.3225,29.2,37.8,0.3259,27.3,9.9,0.2889,0.4153,0.2973,0,0.1394,0.5408,0.2786,0.1255,0.7466,0.7299,0.641695,RMD,BRACKET_MEDIUM,false,true,0.50053934,0.41417001,0.45565962000000004,,0.3939,false
EVT-MED-0624,Monastic Network Expansion of Mali Empire,679,medieval,religious,West Africa,Mali Empire,CHR-MED-0624,956.7,0.719,0.561,0.4265,0.275,9.9,0.187,32.6,43.6,0.3973,20.9,6.1,0.2505,0.3132,0.3668,0.2125,0.2845,0.254,0.2862,-0.0592,0.3322,0.5934,0.559958,CMN,BRACKET_BASE,false,true,0.52086529,0.36353351999999994,0.44578875,,0.2892,false
EVT-MED-0625,Agrarian Restructuring of Abbasid Caliphate,769,medieval,transformation,Middle East,Abbasid Caliphate,CHR-MED-0625,1051.2,0.691,0.149,0.604,0.421,14.4,0.2825,26.3,44.9,0.3372,56.5,5.5,0.3195,0.3,0.3767,0.2323,0.4196,0.407,0.3471,0.107,0.2183,0.5588,0.560986,CMN,BRACKET_BASE,false,true,0.7304111099999999,0.5469999999999999,0.62325,,0.3206,true
EVT-MED-0626,Agricultural Plague Wave in Song Dynasty,1274,medieval,pandemic,East Asia,Song Dynasty,CHR-MED-0626,613.1,0.444,0.101,0.4814,0.57,7.8,0.324,33.4,35,0.3543,61.3,7.8,0.3369,0.3962,0.3184,0,0.2016,0.3186,0.247,-0.0776,0.8689,0.7152,0.321209,CMN,BRACKET_BASE,false,true,0.98425147,0.569375,0.8075,,0.4037,false
EVT-MED-0627,Monastic Network Expansion of Umayyad Caliphate (Al-Andalus),701,medieval,religious,Iberia / North Africa,Umayyad Caliphate (Al-Andalus),CHR-MED-0627,1005.4,0.676,0.7,0.4211,0.812,17.9,0.4955,28.8,34.6,0.3024,11,12.5,0.2361,0.323,0.391,0.2279,0.2867,0.4736,0.3404,0.1506,0.2601,0.5935,0.725608,RMD,BRACKET_HIGH,false,false,0.47320149999999994,0.38437343999999996,0.3805415,,0.3461,false
EVT-MED-0628,Frontier Fragmentation of Abbasid Caliphate,773,medieval,collapse,Middle East,Abbasid Caliphate,CHR-MED-0628,597.9,0.734,0.704,0.2061,0.736,8.6,0.411,31.6,42.1,0.3775,18.5,12.9,0.2757,0.4304,0.3187,0,0.0507,0.0505,0.1701,-0.3799,0.6889,0.8582,0.455007,CMN,BRACKET_BASE,false,true,0.94625,0.570125,0.949375,,0.3715,true
EVT-MED-0629,Orthodoxy & Heresy Trial Wave in Mali Empire,1472,medieval,religious,West Africa,Mali Empire,CHR-MED-0629,772.4,0.503,0.636,0.3799,0.673,15.6,0.4145,28,39.2,0.3214,25.1,11.2,0.2893,0.3998,0.395,0.2563,0.4273,0.3076,0.3572,-0.0922,0.3976,0.6118,0.538319,CMN,BRACKET_BASE,false,true,0.53197794,0.36474112,0.46387500000000004,,0.3088,false
EVT-MED-0630,Constitutional Reorganization of Kingdom of England,519,medieval,transformation,British Isles,Kingdom of England,CHR-MED-0630,938.6,0.48,0.617,0.4726,0.375,9.2,0.2335,30,38.5,0.3387,46,12.5,0.3396,0.285,0.338,0.2289,0.3609,0.5509,0.3527,0.2659,0.1205,0.647,0.77146,RMD,BRACKET_HIGH,true,false,0.47116377,0.378131,0.31422092,,0.346,false
EVT-MED-0631,Epidemic Fever Outbreak across Holy Roman Empire,1197,medieval,pandemic,Central Europe,Holy Roman Empire,CHR-MED-0631,808,0.585,0.298,0.4739,0.502,14.6,0.324,31.9,44.4,0.3946,50.6,6.6,0.317,0.4175,0.3889,0,0.2271,0.2621,0.2591,-0.1554,0.9438,0.771,0.509975,CMN,BRACKET_BASE,false,true,0.7780248000000001,0.48278570000000004,0.75563538,,0.4032,false
EVT-MED-0632,Military Coup d’État in Song Dynasty,506,medieval,revolution,East Asia,Song Dynasty,CHR-MED-0632,984.4,0.72,0.426,0.48,0.632,14.2,0.387,33.8,41.1,0.3952,57.8,13.4,0.3607,0.4115,0.3083,0,0.2446,0.0765,0.2082,-0.335,0.7427,0.8072,0.41329,CMN,BRACKET_BASE,false,true,0.8778655000000001,0.5547119200000001,0.8802650999999999,,0.3905,true
EVT-MED-0633,Civic Restoration Revolt in Kingdom of England,695,medieval,revolution,British Isles,Kingdom of England,CHR-MED-0633,659,0.437,0.134,0.4957,0.527,10.5,0.316,25.9,34.3,0.2693,57.8,7.1,0.3292,0.4206,0.2776,0,0.2009,0.6019,0.3002,0.1813,0.7002,0.7408,0.751123,RMD,BRACKET_HIGH,true,false,0.51987343,0.42727584,0.46413800000000005,,0.3917,false
EVT-MED-0634,Mercantile Tariff Overhaul across Kamakura / Muromachi Japan,937,medieval,economic,East Asia,Kamakura / Muromachi Japan,CHR-MED-0634,690.9,0.471,0.328,0.4427,0.315,17.1,0.243,34.9,45,0.4305,47.7,9.5,0.3273,0.3878,0.2932,0.0597,0.1817,0.505,0.2855,0.1172,0.6488,0.6881,0.758977,RMD,BRACKET_HIGH,true,false,0.53140242,0.40403367,0.45095475,,0.4047,false
EVT-MED-0635,Silver Flotilla Currency Shock in Classic Maya & Postclassic,1300,medieval,economic,Mesoamerica,Classic Maya & Postclassic,CHR-MED-0635,1300,0.582,0.133,0.7614,0.375,8.6,0.2305,32,36.6,0.3488,29.9,7.4,0.2829,0.3602,0.2606,0.0574,0.1953,0.4228,0.2593,0.0626,0.3732,0.556,0.636621,RMD,BRACKET_MEDIUM,false,true,0.6407499999999999,0.573125,0.6948749999999999,,0.3994,true
EVT-MED-0636,Sanitation & Medical Breakthrough in Byzantine Empire,565,medieval,technological,Eastern Mediterranean,Byzantine Empire,CHR-MED-0636,830.9,0.455,0.854,0.3571,0.308,8.8,0.198,36,36.4,0.3907,23.3,12.7,0.2914,0.2213,0.2673,0.3342,0.4132,0.5933,0.3659,0.372,0.199,0.7388,0.606977,CMN,BRACKET_BASE,false,true,0.779625,0.54825,0.555875,,0.3349,false
EVT-MED-0637,Judicial Standard Reform in Kievan Rus,815,medieval,transformation,Eastern Europe,Kievan Rus,CHR-MED-0637,776.1,0.465,0.46,0.4459,0.635,13.3,0.384,33,37.7,0.3662,35.3,9.4,0.305,0.3219,0.3425,0.2904,0.5234,0.5525,0.4061,0.2306,0.2443,0.6362,0.550222,CMN,BRACKET_BASE,false,true,0.696625,0.5539999999999999,0.545,,0.3314,false
EVT-MED-0638,Dynastic Disintegration of Tang Dynasty,1234,medieval,collapse,East Asia,Tang Dynasty,CHR-MED-0638,984.8,0.463,0.561,0.5168,0.405,14.7,0.276,31.4,44,0.3868,58.6,4.9,0.3191,0.4609,0.4039,0.0193,0.1064,0.1264,0.2234,-0.3345,0.6295,0.7911,0.397465,CMN,BRACKET_BASE,false,true,0.9137775399999999,0.582875,0.95,,0.387,false
EVT-MED-0639,Judicial Standard Reform in Umayyad Caliphate (Al-Andalus),1244,medieval,transformation,Iberia / North Africa,Umayyad Caliphate (Al-Andalus),CHR-MED-0639,762.1,0.416,0.884,0.3267,0.488,10.9,0.2985,34.2,37.8,0.3797,56.6,13.7,0.3606,0.278,0.3238,0.2109,0.425,0.4502,0.3376,0.1722,0.2955,0.6461,0.621884,CMN,BRACKET_BASE,false,true,0.55910007,0.37831455,0.36900738000000005,,0.3333,false
EVT-MED-0640,Urban Quarantine Emergency in Kievan Rus,667,medieval,pandemic,Eastern Europe,Kievan Rus,CHR-MED-0640,1221.4,0.568,0.758,0.5402,0.702,15.1,0.4265,32,36.4,0.3476,49.3,11.3,0.3386,0.4624,0.4117,0.0048,0.2226,0.4138,0.3031,-0.0486,0.7666,0.6507,0.493188,CMN,BRACKET_BASE,false,true,0.818875,0.5952500000000001,0.8105,,0.4053,true
EVT-MED-0641,Military Coup d’État in Classic Maya & Postclassic,1173,medieval,revolution,Mesoamerica,Classic Maya & Postclassic,CHR-MED-0641,525.5,0.42,0.126,0.4389,0.315,12.3,0.219,35.4,38.7,0.398,20.6,14,0.289,0.4281,0.3287,0,0.1259,0.1496,0.2065,-0.2785,0.3556,0.7109,0.62354,CMN,BRACKET_BASE,false,true,0.61387326,0.49216951999999997,0.79015804,,0.3912,false
EVT-MED-0642,Harbor Incursion Sickness in Kamakura / Muromachi Japan,837,medieval,pandemic,East Asia,Kamakura / Muromachi Japan,CHR-MED-0642,1183.3,0.738,0.628,0.5099,0.276,10,0.188,29.4,36.5,0.3202,12.3,10.2,0.2327,0.3518,0.3006,0,0.1112,0.1033,0.1734,-0.2485,0.807,0.8132,0.459232,CMN,BRACKET_BASE,false,true,0.96763176,0.551625,0.88275,,0.3706,true
EVT-MED-0643,Bureaucratic Consolidation of Kievan Rus,1405,medieval,transformation,Eastern Europe,Kievan Rus,CHR-MED-0643,1143.6,0.5,0.832,0.5009,0.763,8.8,0.4255,33.7,38.2,0.3767,64.8,6.4,0.3339,0.2912,0.3686,0.2346,0.4025,0.4878,0.3569,0.1966,0.1137,0.5691,0.873506,RMD,BRACKET_HIGH,true,false,0.36715159999999997,0.473824,0.48248376,,0.3358,false
EVT-MED-0644,Administrative Codification of Abbasid Caliphate,1228,medieval,transformation,Middle East,Abbasid Caliphate,CHR-MED-0644,1225,0.513,0.731,0.5666,0.269,17.3,0.221,25.8,44.9,0.3319,49.9,10.5,0.3355,0.3048,0.3822,0.3165,0.5505,0.5564,0.4221,0.2516,0.2358,0.6569,0.631343,RMD,BRACKET_MEDIUM,false,true,0.5474516899999999,0.5444713000000001,0.51091725,,0.3297,false
EVT-MED-0645,Palatial Collapse of Khmer Empire,1198,medieval,collapse,Southeast Asia,Khmer Empire,CHR-MED-0645,965,0.707,0.187,0.5463,0.778,13.5,0.4565,34,39.1,0.3854,21.9,8.3,0.2649,0.5266,0.4596,0.2381,0.3366,0.3019,0.3726,-0.2247,0.7972,0.7424,0.782667,RMD,BRACKET_HIGH,true,false,0.5093555399999999,0.38271798,0.5608671,,0.3452,false
EVT-MED-0646,Agrarian Restructuring of Kingdom of France,1076,medieval,transformation,Western Europe,Kingdom of France,CHR-MED-0646,789.5,0.517,0.658,0.3774,0.548,6.4,0.306,25.1,39.6,0.2925,12.8,6.8,0.2185,0.2209,0.257,0.154,0.3629,0.439,0.2868,0.2181,0.1671,0.6432,0.513758,CMN,BRACKET_BASE,false,true,0.6138785099999999,0.4724971499999999,0.47977020000000004,,0.3426,false
EVT-MED-0647,Canal Infrastructure Boom in Khmer Empire,1390,medieval,economic,Southeast Asia,Khmer Empire,CHR-MED-0647,732.5,0.689,0.883,0.2308,0.439,13.8,0.2885,34.6,41.5,0.4062,36.1,10.8,0.3136,0.2821,0.199,0.0231,0.1114,0.2149,0.1661,-0.0672,0.6206,0.6826,0.512763,CMN,BRACKET_BASE,false,true,0.6503593799999999,0.37605992,0.47414206999999997,,0.369,false
EVT-MED-0648,Silver Flotilla Currency Shock in Abbasid Caliphate,1273,medieval,economic,Middle East,Abbasid Caliphate,CHR-MED-0648,912.5,0.645,0.692,0.3881,0.254,9,0.172,34.2,39.8,0.3917,26.2,12.6,0.2994,0.2756,0.23,0.092,0.1673,0.2226,0.1975,-0.053,0.6239,0.6718,0.495388,CMN,BRACKET_BASE,false,true,0.8928750000000001,0.530375,0.7553749999999999,,0.3338,true
EVT-MED-0649,Sanitation & Medical Breakthrough in Mongol Empire / Ilkhanate,1220,medieval,technological,Eurasian Steppe,Mongol Empire / Ilkhanate,CHR-MED-0649,1029.9,0.495,0.82,0.4512,0.445,9.3,0.269,27.8,44.4,0.3504,54.1,6.7,0.3224,0.3061,0.3657,0.4291,0.5691,0.5892,0.4518,0.2831,0.3667,0.714,0.771845,RMD,BRACKET_HIGH,true,false,0.37708416,0.47554416000000005,0.60412285,,0.31,false
EVT-MED-0650,Secular Legal Separation in Umayyad Caliphate (Al-Andalus),1086,medieval,religious,Iberia / North Africa,Umayyad Caliphate (Al-Andalus),CHR-MED-0650,1261.6,0.738,0.689,0.5293,0.74,5,0.395,31.2,39.6,0.3582,44.7,13.9,0.3446,0.398,0.3587,0.2276,0.3351,0.4658,0.357,0.0678,0.5374,0.6086,0.520395,CMN,BRACKET_BASE,false,true,0.5760215,0.37932577,0.43654020000000004,,0.3561,false
EVT-MED-0651,Fiscal Default Crisis in Chola Dynasty,1005,medieval,collapse,South India,Chola Dynasty,CHR-MED-0651,928.5,0.636,0.126,0.5683,0.706,16.8,0.437,34.8,43,0.4174,60.3,14,0.3667,0.5829,0.5074,0.2755,0.3357,0.2064,0.3816,-0.3765,0.4467,0.7316,0.591696,CMN,BRACKET_BASE,false,true,0.60517787,0.581125,0.9592499999999999,,0.3555,true
EVT-MED-0652,Hydraulic Engineering Grid in Byzantine Empire,1364,medieval,technological,Eastern Mediterranean,Byzantine Empire,CHR-MED-0652,604.9,0.516,0.627,0.298,0.419,10.3,0.261,35.2,41.6,0.4133,27.2,12.3,0.3006,0.2558,0.2982,0.3437,0.4814,0.6276,0.4013,0.3718,0.4742,0.8035,0.553286,CMN,BRACKET_BASE,false,true,0.7626683,0.5473750000000001,0.5896250000000001,,0.3385,false
EVT-MED-0653,Urban Quarantine Emergency in Byzantine Empire,1424,medieval,pandemic,Eastern Mediterranean,Byzantine Empire,CHR-MED-0653,1338.5,0.693,0.518,0.6312,0.679,10.6,0.3925,28.9,43.3,0.3556,37.7,6.4,0.2947,0.4873,0.4589,0.1992,0.3706,0.2073,0.3447,-0.28,0.7885,0.7714,0.422037,CMN,BRACKET_BASE,false,true,0.7576970399999999,0.48696342,0.8592265800000001,,0.355,false
EVT-MED-0654,Maritime Trade Hub Expansion in Umayyad Caliphate (Al-Andalus),1301,medieval,economic,Iberia / North Africa,Umayyad Caliphate (Al-Andalus),CHR-MED-0654,1253.3,0.542,0.859,0.5331,0.62,9.8,0.359,34.2,35,0.3629,37.8,10.4,0.3149,0.4371,0.4019,0.1561,0.3312,0.4336,0.352,-0.0035,0.5172,0.5729,0.529197,CMN,BRACKET_BASE,false,true,0.55468956,0.38491062,0.46351788,,0.3862,false
EVT-MED-0655,Frontier Campaign of Song Dynasty,1164,medieval,war,East Asia,Song Dynasty,CHR-MED-0655,1061.2,0.602,0.334,0.58,0.641,5.1,0.346,30.3,43.6,0.3725,36.8,11.9,0.3205,0.3642,0.3175,0.0025,0.124,0.4672,0.2551,0.103,0.4204,0.5959,0.633585,RMD,BRACKET_MEDIUM,false,true,0.55792845,0.39767304,0.42889498,,0.407,false
EVT-MED-0656,Frontier Fragmentation of Mongol Empire / Ilkhanate,1494,medieval,collapse,Eurasian Steppe,Mongol Empire / Ilkhanate,CHR-MED-0656,1167.7,0.726,0.329,0.5956,0.668,8.4,0.376,26.2,40.9,0.3122,18.1,12.7,0.2731,0.4778,0.3755,0.1019,0.1423,0.0608,0.2317,-0.417,0.708,0.8396,0.53128,CMN,BRACKET_BASE,false,true,0.68198326,0.4871152,0.8832384,,0.3678,false
EVT-MED-0657,Palatial Collapse of Kingdom of England,589,medieval,collapse,British Isles,Kingdom of England,CHR-MED-0657,1252.8,0.746,0.388,0.613,0.748,14.6,0.447,33.2,40,0.3822,59.4,7.2,0.3316,0.577,0.4589,0.1942,0.2518,0.2658,0.3495,-0.3112,0.425,0.688,0.420573,CMN,BRACKET_BASE,false,true,0.75416243,0.583375,0.9273750000000001,,0.3652,false
EVT-MED-0658,Debt Crisis Settlement of Mali Empire,631,medieval,economic,West Africa,Mali Empire,CHR-MED-0658,570.8,0.6,0.525,0.287,0.346,10.4,0.225,34.7,37.5,0.3833,37.9,13.7,0.3316,0.3719,0.3338,0.1803,0.2467,0.188,0.2641,-0.1839,0.3144,0.6736,0.588831,CMN,BRACKET_BASE,false,true,0.5434081000000001,0.36925826,0.4856988,,0.3166,false
EVT-MED-0659,Orthodoxy & Heresy Trial Wave in Kingdom of France,1008,medieval,religious,Western Europe,Kingdom of France,CHR-MED-0659,1059.7,0.631,0.382,0.5562,0.777,9.3,0.435,25.5,44.9,0.3286,32.7,10.9,0.3069,0.3653,0.3678,0.2621,0.4409,0.4716,0.3815,0.1063,0.2029,0.5402,0.650589,RMD,BRACKET_MEDIUM,false,true,0.50913464,0.38007816,0.3827896,,0.3327,false
EVT-MED-0660,Radical Assembly Schism in Mali Empire,1204,medieval,revolution,West Africa,Mali Empire,CHR-MED-0660,1238.6,0.619,0.458,0.6232,0.742,6.2,0.402,31.9,37.8,0.355,41.3,13.9,0.3388,0.4842,0.3142,0,0.2282,0.2176,0.2488,-0.2666,0.5844,0.713,0.332516,CMN,BRACKET_BASE,false,true,0.85610576,0.56932084,0.85317159,,0.4034,false
EVT-MED-0661,Treaty System Implementation across Kamakura / Muromachi Japan,555,medieval,transformation,East Asia,Kamakura / Muromachi Japan,CHR-MED-0661,797.8,0.703,0.241,0.4507,0.669,12,0.3945,33.1,42.7,0.3973,47.7,5.5,0.3073,0.3199,0.3933,0.2797,0.4074,0.619,0.4039,0.2991,0.2158,0.6591,0.550139,CMN,BRACKET_BASE,false,true,0.46666422,0.38327904,0.33302826,,0.35,false
EVT-MED-0662,Secular Legal Separation in Khmer Empire,700,medieval,religious,Southeast Asia,Khmer Empire,CHR-MED-0662,951.8,0.594,0.747,0.4058,0.777,17.6,0.4765,33.6,44.7,0.4147,18.9,13.2,0.2787,0.3634,0.3774,0.2519,0.3394,0.4259,0.3516,0.0625,0.5152,0.598,0.577674,CMN,BRACKET_BASE,false,true,0.7369912799999999,0.539875,0.702875,,0.3257,false
EVT-MED-0663,Orthodoxy & Heresy Trial Wave in Holy Roman Empire,820,medieval,religious,Central Europe,Holy Roman Empire,CHR-MED-0663,1272.2,0.403,0.181,0.7873,0.2,13.9,0.1695,29.6,37.2,0.3266,44.8,7,0.3102,0.4413,0.4393,0.3009,0.3873,0.5718,0.4281,0.1305,0.4202,0.613,0.559388,CMN,BRACKET_BASE,false,true,0.51882675,0.37894824000000005,0.40267213,,0.3539,false
EVT-MED-0664,Judicial Standard Reform in Classic Maya & Postclassic,1402,medieval,transformation,Mesoamerica,Classic Maya & Postclassic,CHR-MED-0664,765,0.428,0.27,0.5087,0.751,5.5,0.403,25.3,36.3,0.2749,40.6,9.6,0.3161,0.291,0.355,0.2428,0.4333,0.5741,0.3792,0.2831,0.3895,0.7023,0.441878,CMN,BRACKET_BASE,false,true,0.68185281,0.52751776,0.5293060500000001,,0.3477,false
EVT-MED-0665,Monastic Network Expansion of Song Dynasty,576,medieval,religious,East Asia,Song Dynasty,CHR-MED-0665,998.3,0.644,0.564,0.4681,0.808,6.3,0.4355,33.7,43.8,0.4103,42.7,7,0.3067,0.413,0.4073,0.2131,0.3301,0.5216,0.377,0.1086,0.465,0.6078,0.860787,RMD,BRACKET_HIGH,true,false,0.36518669,0.38601835999999995,0.4209189,,0.377,false
EVT-MED-0666,Hydraulic Engineering Grid in Chola Dynasty,736,medieval,technological,South India,Chola Dynasty,CHR-MED-0666,1115,0.557,0.389,0.6029,0.279,9.4,0.1865,28.2,35.6,0.3019,25.7,10,0.285,0.2645,0.2897,0.3509,0.4386,0.4985,0.3684,0.234,0.476,0.7117,0.745981,RMD,BRACKET_HIGH,true,false,0.54591972,0.378603,0.42160464000000003,,0.3008,false
EVT-MED-0667,Frontier Campaign of Kamakura / Muromachi Japan,1494,medieval,war,East Asia,Kamakura / Muromachi Japan,CHR-MED-0667,565.8,0.721,0.304,0.3146,0.527,6.3,0.295,33.8,43.2,0.4078,38.8,9.1,0.3103,0.3233,0.2147,0,0.1367,0.2714,0.1892,-0.0519,0.3612,0.5957,0.416523,CMN,BRACKET_BASE,false,true,0.9457500000000001,0.56075,0.7413749999999999,,0.3931,true
EVT-MED-0668,Silver Flotilla Currency Shock in Kingdom of England,608,medieval,economic,British Isles,Kingdom of England,CHR-MED-0668,1346.4,0.687,0.336,0.6914,0.247,9.3,0.17,33.6,41,0.3925,47.4,11.7,0.3378,0.4041,0.3768,0.2548,0.4329,0.4514,0.384,0.0473,0.3328,0.5507,0.41679,CMN,BRACKET_BASE,false,true,0.6649564,0.53430254,0.63806056,,0.3407,false
EVT-MED-0669,Maritime Hegemony Clash in Classic Maya & Postclassic,993,medieval,war,Mesoamerica,Classic Maya & Postclassic,CHR-MED-0669,542.1,0.465,0.647,0.2771,0.328,8.8,0.208,30.7,43.5,0.3762,30.1,11,0.3014,0.3171,0.239,0,0.1042,0.4296,0.218,0.1125,0.4921,0.6846,0.58766,CMN,BRACKET_BASE,false,true,0.59646339,0.40163847999999996,0.429024,,0.4049,false
EVT-MED-0670,Pantheon Reformation of Song Dynasty,990,medieval,religious,East Asia,Song Dynasty,CHR-MED-0670,1159.3,0.407,0.256,0.7092,0.776,5.2,0.414,26,41.1,0.3112,43.5,6.2,0.3041,0.4136,0.4838,0.2944,0.4091,0.2827,0.3767,-0.1309,0.4364,0.5946,0.569056,CMN,BRACKET_BASE,false,true,0.6309902599999999,0.48975605999999994,0.7471500400000001,,0.309,false
EVT-MED-0671,Civic Restoration Revolt in Tang Dynasty,625,medieval,revolution,East Asia,Tang Dynasty,CHR-MED-0671,679.8,0.491,0.5,0.3797,0.381,4.6,0.2135,30.4,36.6,0.3316,11.2,11.5,0.2324,0.2993,0.1426,0,0.1431,0.4451,0.206,0.1458,0.7296,0.7524,0.597309,CMN,BRACKET_BASE,false,true,0.6523665999999999,0.38329040000000003,0.41834282,,0.4033,false
EVT-MED-0672,Provincial Autonomy Insurgency against Tang Dynasty,627,medieval,revolution,East Asia,Tang Dynasty,CHR-MED-0672,720.6,0.503,0.414,0.4216,0.226,10.2,0.164,25.3,36.5,0.2761,14.9,10.6,0.2485,0.2945,0.2024,0,0.1457,0,0.1285,-0.3475,0.7992,0.8882,0.557345,CMN,BRACKET_BASE,false,true,0.8953239599999999,0.51710846,0.8198478400000001,,0.3587,true
EVT-MED-0673,Epidemic Fever Outbreak across Kingdom of England,883,medieval,pandemic,British Isles,Kingdom of England,CHR-MED-0673,999.7,0.567,0.181,0.6068,0.585,14.5,0.365,30.6,37.4,0.3386,32.2,6.2,0.2823,0.4664,0.4061,0.0385,0.1454,0.1255,0.2364,-0.3409,0.774,0.811,0.502888,CMN,BRACKET_BASE,false,true,0.81355563,0.49989468000000004,0.86513745,,0.3816,false
EVT-MED-0674,Dynastic Disintegration of Kingdom of France,777,medieval,collapse,Western Europe,Kingdom of France,CHR-MED-0674,895,0.712,0.321,0.4708,0.213,12.5,0.169,28.1,36.7,0.3074,24.5,11.3,0.288,0.3742,0.2967,0,0.0757,0.1222,0.1738,-0.252,0.5605,0.7641,0.504411,CMN,BRACKET_BASE,false,true,0.81042666,0.54268998,0.8109585,,0.3781,true
EVT-MED-0675,Bureaucratic Consolidation of Mongol Empire / Ilkhanate,530,medieval,transformation,Eurasian Steppe,Mongol Empire / Ilkhanate,CHR-MED-0675,949,0.409,0.481,0.5397,0.546,5.3,0.2995,30.1,44.2,0.374,61.8,4.9,0.323,0.2784,0.3072,0.2041,0.4458,0.5847,0.364,0.3063,0.3015,0.6888,0.70145,RMD,BRACKET_HIGH,false,false,0.6972675599999999,0.55181247,0.53642344,,0.362,false
EVT-MED-0676,Debt Crisis Settlement of Byzantine Empire,871,medieval,economic,Eastern Mediterranean,Byzantine Empire,CHR-MED-0676,526.4,0.648,0.384,0.2935,0.237,15.3,0.195,31.1,37.3,0.3433,26.1,9.4,0.2831,0.3348,0.2747,0.0866,0.1926,0.4565,0.269,0.1217,0.4198,0.6759,0.560848,CMN,BRACKET_BASE,false,true,0.7312701799999999,0.53832,0.60391019,,0.3925,false
EVT-MED-0677,Debt Crisis Settlement of Kamakura / Muromachi Japan,625,medieval,economic,East Asia,Kamakura / Muromachi Japan,CHR-MED-0677,669.5,0.505,0.584,0.3453,0.266,10.9,0.1875,29.9,36.3,0.3244,24.2,11.1,0.2861,0.3464,0.3079,0.0854,0.2217,0.2026,0.2328,-0.1438,0.354,0.6676,0.542658,CMN,BRACKET_BASE,false,true,0.8258085000000001,0.547125,0.78925,,0.3532,true
EVT-MED-0678,Imperial Annexation War in Kamakura / Muromachi Japan,514,medieval,war,East Asia,Kamakura / Muromachi Japan,CHR-MED-0678,964.5,0.657,0.86,0.3591,0.732,14.1,0.4365,27.4,35.3,0.2915,9.8,9.6,0.2132,0.3756,0.2837,0,0.073,0.4831,0.2431,0.1075,0.3424,0.6106,0.519019,CMN,BRACKET_BASE,false,true,0.5663585600000001,0.42020588000000003,0.43523865,,0.4069,false
EVT-MED-0679,Borderlands Pacification of Kingdom of England,705,medieval,war,British Isles,Kingdom of England,CHR-MED-0679,914.9,0.552,0.167,0.5746,0.502,12.5,0.3135,33.7,37.6,0.3731,25.3,13.1,0.2994,0.4578,0.3824,0.2019,0.3521,0.5987,0.3986,0.1409,0.4929,0.6401,0.589929,CMN,BRACKET_BASE,false,true,0.55036768,0.5554398300000001,0.6316822799999999,,0.395,false
EVT-MED-0680,Coalition Defense of Tang Dynasty,820,medieval,war,East Asia,Tang Dynasty,CHR-MED-0680,1025.1,0.634,0.401,0.5329,0.508,15.5,0.3315,34,39.2,0.386,19.4,6.3,0.2461,0.3805,0.3212,0.085,0.2171,0.4532,0.2914,0.0727,0.3915,0.5796,0.436987,CMN,BRACKET_BASE,false,true,0.7565208000000001,0.5549841,0.64592823,,0.3993,false
EVT-MED-0681,Navigational Instrument Reform in Classic Maya & Postclassic,541,medieval,technological,Mesoamerica,Classic Maya & Postclassic,CHR-MED-0681,1309.6,0.645,0.16,0.739,0.428,17.5,0.3015,29.3,44.2,0.3654,56.8,14,0.3624,0.3989,0.446,0.5016,0.6175,0.5448,0.5018,0.1459,0.1691,0.5402,0.580696,CMN,BRACKET_BASE,false,true,0.42145977000000007,0.4763785,0.60962472,,0.2742,false
EVT-MED-0682,Judicial Standard Reform in Umayyad Caliphate (Al-Andalus),1351,medieval,transformation,Iberia / North Africa,Umayyad Caliphate (Al-Andalus),CHR-MED-0682,876.6,0.733,0.158,0.5046,0.317,17.8,0.2475,32.9,45,0.4089,64.9,6,0.332,0.2722,0.2975,0.224,0.3937,0.4793,0.3333,0.2071,0.1134,0.596,0.499808,CMN,BRACKET_BASE,false,true,0.70525728,0.5390736399999999,0.48997788000000003,,0.3286,false
EVT-MED-0683,Monastic Network Expansion of Mali Empire,562,medieval,religious,West Africa,Mali Empire,CHR-MED-0683,1164.7,0.756,0.782,0.4493,0.328,13.3,0.2305,31.6,38.8,0.3577,43.9,10.8,0.3277,0.3187,0.3612,0.1918,0.3151,0.2074,0.2788,-0.1113,0.2435,0.5954,0.677896,RMD,BRACKET_MEDIUM,false,true,0.558,0.542875,0.7477499999999999,,0.3066,true
EVT-MED-0684,Military Coup d’État in Kingdom of England,1353,medieval,revolution,British Isles,Kingdom of England,CHR-MED-0684,667.7,0.601,0.602,0.3103,0.305,9.8,0.2015,34.5,40.3,0.398,15.5,11.6,0.2564,0.2719,0.1044,0,0.1958,0.218,0.158,-0.0539,0.6218,0.6781,0.496701,CMN,BRACKET_BASE,false,true,0.83347124,0.5204094,0.6828091000000001,,0.3763,true
EVT-MED-0685,Astronomical Standardization by Mali Empire,1036,medieval,technological,West Africa,Mali Empire,CHR-MED-0685,771.7,0.464,0.576,0.4093,0.687,12.8,0.4075,27.1,35.3,0.2883,9.8,12,0.2252,0.2356,0.2641,0.3649,0.5195,0.3963,0.3561,0.1607,0.1929,0.5992,0.495143,CMN,BRACKET_BASE,false,true,0.7007886,0.555,0.697125,,0.2863,true
EVT-MED-0686,Dynastic Disintegration of Tang Dynasty,1258,medieval,collapse,East Asia,Tang Dynasty,CHR-MED-0686,738.1,0.551,0.797,0.3007,0.785,7.4,0.4295,29.5,42.7,0.3585,51.9,5.6,0.3139,0.4598,0.3514,0.0348,0.1039,0.1032,0.2106,-0.3566,0.8007,0.8594,0.622458,CMN,BRACKET_BASE,false,true,0.6160567199999999,0.396285,0.5891835,,0.3742,false
EVT-MED-0687,Astronomical Standardization by Mali Empire,1462,medieval,technological,West Africa,Mali Empire,CHR-MED-0687,1242.9,0.507,0.384,0.6811,0.709,13,0.4195,35,39.7,0.3997,63.9,8.7,0.3444,0.3876,0.4413,0.488,0.6193,0.5486,0.497,0.161,0.1615,0.5323,0.651859,RMD,BRACKET_MEDIUM,false,true,0.39534439000000005,0.48562964999999997,0.6065514000000001,,0.2799,false
EVT-MED-0688,Sanitation & Medical Breakthrough in Umayyad Caliphate (Al-Andalus),935,medieval,technological,Iberia / North Africa,Umayyad Caliphate (Al-Andalus),CHR-MED-0688,1167.7,0.591,0.898,0.4654,0.796,10.7,0.4515,25.1,37.9,0.2823,16.3,6.8,0.236,0.3096,0.3329,0.4243,0.5776,0.6602,0.4609,0.3506,0.369,0.7317,0.637255,RMD,BRACKET_MEDIUM,false,true,0.39315579999999994,0.38072692999999996,0.37780785,,0.3317,false
EVT-MED-0689,Treaty System Implementation across Tang Dynasty,912,medieval,transformation,East Asia,Tang Dynasty,CHR-MED-0689,1194.5,0.524,0.74,0.5459,0.483,10.1,0.292,30.2,36.6,0.3294,13.2,8.8,0.2308,0.2538,0.3159,0.1812,0.4165,0.5156,0.3366,0.2618,0.1594,0.6361,0.890508,RMD,BRACKET_HIGH,true,false,0.34111566,0.3976536,0.3419988,,0.357,false
EVT-MED-0690,Administrative Codification of Kamakura / Muromachi Japan,691,medieval,transformation,East Asia,Kamakura / Muromachi Japan,CHR-MED-0690,1222.2,0.56,0.785,0.5349,0.201,10.8,0.1545,31.4,43,0.3808,12.2,11.4,0.2381,0.2413,0.2878,0.1911,0.3916,0.5676,0.3359,0.3263,0.3659,0.7371,0.676357,RMD,BRACKET_MEDIUM,false,true,0.77892962,0.5535,0.567625,,0.3541,false
EVT-MED-0691,Frontier Fragmentation of Byzantine Empire,1349,medieval,collapse,Eastern Mediterranean,Byzantine Empire,CHR-MED-0691,1160.1,0.574,0.812,0.4927,0.413,16.9,0.291,31.1,44,0.3835,64.8,5.9,0.3314,0.4737,0.4018,0.0113,0.0719,0.275,0.2467,-0.1987,0.8478,0.7742,0.376054,CMN,BRACKET_BASE,false,true,0.9636849700000001,0.591625,0.87225,,0.4091,false
EVT-MED-0692,Synod Monotheistic Mandate in Kingdom of France,904,medieval,religious,Western Europe,Kingdom of France,CHR-MED-0692,689.2,0.673,0.789,0.2429,0.711,16.4,0.4375,25.2,40.7,0.3002,18.4,12.5,0.2733,0.2676,0.2316,0.0345,0.1624,0.2344,0.1861,-0.0332,0.4627,0.6165,0.875339,RMD,BRACKET_HIGH,true,false,0.43586829000000005,0.37483683,0.45316314,,0.3653,false
EVT-MED-0693,Systemic Governance Breakdown in Chola Dynasty,777,medieval,collapse,South India,Chola Dynasty,CHR-MED-0693,1203.5,0.492,0.775,0.5493,0.664,9.9,0.3815,30.7,44.9,0.3846,19.7,13.5,0.2832,0.453,0.3757,0.1689,0.2084,0.2479,0.2908,-0.2051,0.5407,0.6786,0.453632,CMN,BRACKET_BASE,false,true,0.77636026,0.5351808,0.7910219800000001,,0.3474,false
EVT-MED-0694,Urban Quarantine Emergency in Khmer Empire,1171,medieval,pandemic,Southeast Asia,Khmer Empire,CHR-MED-0694,672.1,0.755,0.35,0.3418,0.314,9.3,0.2035,35.9,43.6,0.4328,12.8,13.2,0.2505,0.336,0.266,0,0.1997,0,0.1603,-0.336,0.6341,0.8233,0.482087,CMN,BRACKET_BASE,false,true,0.9380744000000001,0.5523750000000001,0.91775,,0.3755,true
EVT-MED-0695,Printing & Communications Diffusion in Abbasid Caliphate,542,medieval,technological,Middle East,Abbasid Caliphate,CHR-MED-0695,778.5,0.41,0.853,0.3457,0.549,11,0.3295,27.5,35.4,0.2932,57.7,4.8,0.3175,0.2404,0.2617,0.3056,0.3889,0.5664,0.3526,0.326,0.1799,0.7058,0.639686,RMD,BRACKET_MEDIUM,false,true,0.6287491199999999,0.47124034000000004,0.47625284999999995,,0.3312,false
EVT-MED-0696,Maritime Trade Hub Expansion in Kingdom of France,1319,medieval,economic,Western Europe,Kingdom of France,CHR-MED-0696,1126.1,0.413,0.148,0.7238,0.555,15.4,0.3545,26,40.9,0.31,24.9,7.2,0.2687,0.3854,0.3642,0.1213,0.2668,0.4086,0.3093,0.0232,0.2693,0.5016,0.407409,CMN,BRACKET_BASE,false,true,0.68717008,0.54562998,0.64756987,,0.3861,false
EVT-MED-0697,Maritime Hegemony Clash in Mongol Empire / Ilkhanate,726,medieval,war,Eurasian Steppe,Mongol Empire / Ilkhanate,CHR-MED-0697,534.1,0.416,0.567,0.3119,0.784,16.2,0.473,26.1,43.7,0.3279,50.7,10.3,0.3357,0.3815,0.2763,0.0285,0.1485,0.3205,0.2311,-0.061,0.6921,0.669,0.486195,CMN,BRACKET_BASE,false,true,0.6111150399999999,0.3929322,0.49794855,,0.3992,false
EVT-MED-0698,Temple Bureaucracy Reorganization of Byzantine Empire,1406,medieval,religious,Eastern Mediterranean,Byzantine Empire,CHR-MED-0698,893.6,0.686,0.242,0.5016,0.675,6.9,0.372,29.2,41.2,0.3463,32.2,9.5,0.2988,0.3818,0.4164,0.2986,0.4329,0.3309,0.3721,-0.0509,0.3304,0.5571,0.653593,RMD,BRACKET_MEDIUM,false,true,0.50122044,0.52729925,0.68437665,,0.2871,true
EVT-MED-0699,Maritime Hegemony Clash in Classic Maya & Postclassic,1468,medieval,war,Mesoamerica,Classic Maya & Postclassic,CHR-MED-0699,692.7,0.566,0.201,0.4531,0.336,9.4,0.215,25.3,43.5,0.3181,39.1,11.4,0.3224,0.3033,0.2071,0,0.1835,0.4526,0.2293,0.1493,0.3013,0.638,0.496567,CMN,BRACKET_BASE,false,true,0.56674645,0.39776842,0.40196645999999997,,0.4035,false
EVT-MED-0700,Popular Uprising of Holy Roman Empire,1125,medieval,revolution,Central Europe,Holy Roman Empire,CHR-MED-0700,876.7,0.629,0.503,0.4323,0.733,16.3,0.448,31.4,35.4,0.3352,13,9.6,0.2337,0.3659,0.2735,0.0367,0.1377,0.3148,0.2257,-0.0511,0.391,0.573,0.446501,CMN,BRACKET_BASE,false,true,0.6074901,0.38874593,0.46361543999999993,,0.3958,false
EVT-MED-0701,Judicial Standard Reform in Classic Maya & Postclassic,701,medieval,transformation,Mesoamerica,Classic Maya & Postclassic,CHR-MED-0701,876.3,0.692,0.781,0.3298,0.68,13.4,0.407,26.1,40.2,0.3069,26.3,11.6,0.2947,0.2777,0.3362,0.2764,0.4378,0.4214,0.3499,0.1437,0.137,0.5853,0.55816,CMN,BRACKET_BASE,false,true,0.5469935699999999,0.3698784,0.3435564,,0.3019,false
EVT-MED-0702,Printing & Communications Diffusion in Kingdom of England,808,medieval,technological,British Isles,Kingdom of England,CHR-MED-0702,1031.2,0.484,0.378,0.5878,0.608,15.7,0.3825,31.3,38.8,0.3545,19.4,12.5,0.2771,0.3209,0.3508,0.4344,0.5657,0.5119,0.4367,0.191,0.3309,0.6171,0.886827,RMD,BRACKET_HIGH,true,false,0.2972732,0.37026383,0.42115496,,0.2872,false
EVT-MED-0703,Grain Market Price Shock across Song Dynasty,1382,medieval,economic,East Asia,Song Dynasty,CHR-MED-0703,962.2,0.727,0.6,0.415,0.525,13.5,0.33,28.5,39.7,0.3297,46,12.2,0.3381,0.3202,0.2969,0.1823,0.2948,0.4462,0.3081,0.126,0.3698,0.6293,0.62104,CMN,BRACKET_BASE,false,true,0.7011094200000001,0.52665773,0.5901671700000001,,0.3536,false
EVT-MED-0704,Peasant Rebellion against Chola Dynasty,616,medieval,revolution,South India,Chola Dynasty,CHR-MED-0704,1164.5,0.704,0.158,0.652,0.569,13.6,0.3525,33.3,36.6,0.3628,55.2,6.4,0.3223,0.4186,0.3307,0.0105,0.2203,0.3017,0.2564,-0.1169,0.6532,0.6513,0.58643,CMN,BRACKET_BASE,false,true,0.7518847699999999,0.575625,0.841375,,0.4033,true
EVT-MED-0705,Secular Legal Separation in Mongol Empire / Ilkhanate,1214,medieval,religious,Eurasian Steppe,Mongol Empire / Ilkhanate,CHR-MED-0705,1064.4,0.55,0.832,0.4478,0.742,17.1,0.4565,28.1,43.2,0.3464,46.2,8.2,0.3184,0.3558,0.3677,0.2827,0.4511,0.2191,0.3353,-0.1367,0.3208,0.5964,0.603388,CMN,BRACKET_BASE,false,true,0.5406169999999999,0.37921098,0.47268143999999995,,0.2969,false
EVT-MED-0706,Civic Restoration Revolt in Holy Roman Empire,518,medieval,revolution,Central Europe,Holy Roman Empire,CHR-MED-0706,626.2,0.57,0.675,0.2777,0.51,13.4,0.322,31.3,44.8,0.3905,48.8,6.1,0.3119,0.3223,0.1815,0,0.2595,0.3972,0.2321,0.0749,0.564,0.6629,0.590154,CMN,BRACKET_BASE,false,true,0.72995791,0.567125,0.702625,,0.4029,true
EVT-MED-0707,Orthodoxy & Heresy Trial Wave in Umayyad Caliphate (Al-Andalus),1389,medieval,religious,Iberia / North Africa,Umayyad Caliphate (Al-Andalus),CHR-MED-0707,897.8,0.64,0.362,0.4815,0.844,9.5,0.4695,32.7,36.3,0.3546,15.9,8.2,0.2412,0.415,0.3968,0.2238,0.3062,0.3922,0.3468,-0.0228,0.2787,0.5161,0.687089,RMD,BRACKET_MEDIUM,false,false,0.49666292000000006,0.38020800000000005,0.44252727000000003,,0.3473,false
EVT-MED-0708,Imperial Annexation War in Kievan Rus,1419,medieval,war,Eastern Europe,Kievan Rus,CHR-MED-0708,1045.7,0.68,0.686,0.4435,0.803,10.5,0.454,31.2,44.4,0.387,9.5,12.9,0.2275,0.3505,0.2749,0.0539,0.1782,0.2218,0.2159,-0.1287,0.6129,0.66,0.558229,CMN,BRACKET_BASE,false,true,0.74215235,0.53289522,0.7580155199999999,,0.3724,true
EVT-MED-0709,Grain Market Price Shock across Byzantine Empire,1358,medieval,economic,Eastern Mediterranean,Byzantine Empire,CHR-MED-0709,706,0.757,0.496,0.3137,0.68,7.5,0.3775,34.4,38.6,0.3867,60.5,9.3,0.3435,0.393,0.3281,0.0722,0.2052,0.2774,0.2552,-0.1156,0.4143,0.6343,0.475162,CMN,BRACKET_BASE,false,true,0.8343988000000001,0.5625,0.80225,,0.3833,true
EVT-MED-0710,Orthodoxy & Heresy Trial Wave in Chola Dynasty,1284,medieval,religious,South India,Chola Dynasty,CHR-MED-0710,795.6,0.658,0.494,0.3872,0.59,14.2,0.366,35.7,44.4,0.4355,47.9,11.4,0.3371,0.3703,0.3395,0.2217,0.3418,0.2237,0.2994,-0.1466,0.3998,0.6308,0.390756,CMN,BRACKET_BASE,false,true,0.82789344,0.540125,0.7953749999999999,,0.3088,true
EVT-MED-0711,Canal Infrastructure Boom in Holy Roman Empire,1298,medieval,economic,Central Europe,Holy Roman Empire,CHR-MED-0711,824.2,0.472,0.246,0.5312,0.754,6.1,0.4075,28.8,41.7,0.345,22.9,5.5,0.2541,0.3666,0.3028,0.0249,0.153,0.2761,0.2247,-0.0905,0.3235,0.5672,0.394625,CMN,BRACKET_BASE,false,true,0.803875,0.57075,0.7766249999999999,,0.3943,true
EVT-MED-0712,Imperial Unification of Song Dynasty,1490,medieval,transformation,East Asia,Song Dynasty,CHR-MED-0712,1267.3,0.529,0.143,0.7585,0.624,16.2,0.393,30.4,36.4,0.3304,31.3,11.5,0.3068,0.3906,0.4603,0.4002,0.5378,0.5793,0.4736,0.1887,0.2463,0.5712,0.639697,RMD,BRACKET_MEDIUM,false,true,0.49661562,0.52907078,0.5365915099999999,,0.3096,false
EVT-MED-0713,Monastic Network Expansion of Kingdom of France,1268,medieval,religious,Western Europe,Kingdom of France,CHR-MED-0713,825.8,0.462,0.852,0.3532,0.619,13.1,0.375,30.4,42.9,0.3694,53.2,11.4,0.3447,0.327,0.3794,0.2582,0.425,0.2345,0.3248,-0.0925,0.2166,0.5695,0.573136,CMN,BRACKET_BASE,false,true,0.5387844,0.37553732999999995,0.4444475,,0.2952,false
EVT-MED-0714,Borderlands Pacification of Song Dynasty,827,medieval,war,East Asia,Song Dynasty,CHR-MED-0714,976.1,0.583,0.547,0.4808,0.543,5.4,0.2985,31.3,38.8,0.3545,17.2,5.9,0.2354,0.4043,0.3545,0.1197,0.277,0.2703,0.2852,-0.134,0.3372,0.6166,0.833174,RMD,BRACKET_HIGH,true,false,0.36633699,0.39077316,0.49959114000000004,,0.3654,false
EVT-MED-0715,Secular Legal Separation in Holy Roman Empire,1103,medieval,religious,Central Europe,Holy Roman Empire,CHR-MED-0715,1135.3,0.494,0.483,0.6034,0.633,16,0.3965,25,38.8,0.2866,54.6,10.1,0.34,0.3958,0.455,0.2904,0.4308,0.4689,0.4082,0.0731,0.2106,0.5291,0.536331,CMN,BRACKET_BASE,false,true,0.53017921,0.385525,0.40538786,,0.3297,false
EVT-MED-0716,Respiratory Virulence Wave across Song Dynasty,866,medieval,pandemic,East Asia,Song Dynasty,CHR-MED-0716,832.1,0.594,0.525,0.4147,0.609,9.5,0.352,35.4,41.8,0.4166,39.7,11.8,0.3255,0.4085,0.3394,0,0.1819,0.246,0.2352,-0.1625,0.839,0.75,0.38145,CMN,BRACKET_BASE,false,true,0.84821628,0.5516721,0.7926147,,0.4005,false
EVT-MED-0717,Maritime Trade Hub Expansion in Khmer Empire,1456,medieval,economic,Southeast Asia,Khmer Empire,CHR-MED-0717,1096.1,0.539,0.437,0.5848,0.75,13.1,0.4405,34.8,43.7,0.4216,49.3,5.7,0.3106,0.4616,0.4344,0.2142,0.352,0.2225,0.3369,-0.2391,0.4175,0.6465,0.400282,CMN,BRACKET_BASE,false,true,0.71599885,0.5550610500000001,0.8230644000000001,,0.3419,true
EVT-MED-0718,Popular Uprising of Khmer Empire,530,medieval,revolution,Southeast Asia,Khmer Empire,CHR-MED-0718,1336.5,0.501,0.895,0.5747,0.54,4.6,0.293,25.2,38.4,0.2864,21.5,8.7,0.2656,0.3876,0.216,0,0.2118,0.0417,0.1714,-0.3459,0.7054,0.82,0.341277,CMN,BRACKET_BASE,false,true,0.9557456000000001,0.55052478,0.8764384399999999,,0.3771,true
EVT-MED-0719,Bureaucratic Consolidation of Kingdom of England,1157,medieval,transformation,British Isles,Kingdom of England,CHR-MED-0719,809.3,0.412,0.133,0.5759,0.648,14.9,0.3985,31.1,41.7,0.3697,42,8.9,0.315,0.3239,0.3984,0.2955,0.538,0.453,0.4018,0.1291,0.3063,0.5747,0.679556,RMD,BRACKET_MEDIUM,false,true,0.48785135,0.3893084,0.39269286,,0.319,false
EVT-MED-0720,Synod Monotheistic Mandate in Kingdom of England,1142,medieval,religious,British Isles,Kingdom of England,CHR-MED-0720,1040.6,0.451,0.418,0.5902,0.321,10.7,0.214,30.7,41.3,0.363,46.3,10.4,0.3296,0.3841,0.4339,0.3522,0.4611,0.5907,0.4444,0.2066,0.4928,0.6897,0.710744,RMD,BRACKET_HIGH,false,false,0.50418093,0.37905,0.38317054,,0.3225,false
EVT-MED-0721,Monastic Network Expansion of Byzantine Empire,695,medieval,religious,Eastern Mediterranean,Byzantine Empire,CHR-MED-0721,904.5,0.656,0.31,0.4955,0.446,14,0.293,27.2,34.6,0.2851,12.3,11.3,0.2382,0.3392,0.3146,0.1403,0.2392,0.3292,0.2725,-0.01,0.5103,0.6019,0.62167,CMN,BRACKET_BASE,false,true,0.52134698,0.37385712000000004,0.45520044,,0.3525,false
EVT-MED-0722,Civic Restoration Revolt in Khmer Empire,574,medieval,revolution,Southeast Asia,Khmer Empire,CHR-MED-0722,1248.3,0.647,0.885,0.4914,0.201,11.2,0.1565,33.7,44.7,0.4157,44.2,6.3,0.3057,0.3675,0.226,0,0.2499,0.3773,0.2441,0.0098,0.3738,0.5692,0.529459,CMN,BRACKET_BASE,false,true,0.69842542,0.4998807599999999,0.6604565,,0.4046,false
EVT-MED-0723,Monastic Network Expansion of Song Dynasty,1313,medieval,religious,East Asia,Song Dynasty,CHR-MED-0723,1076.4,0.578,0.575,0.5222,0.596,7.7,0.3365,34,41.2,0.398,18.6,5.6,0.2396,0.3932,0.4591,0.3653,0.5295,0.4038,0.4302,0.0106,0.4906,0.5699,0.597622,CMN,BRACKET_BASE,false,true,0.48931346,0.53776022,0.6820020899999999,,0.2795,true
EVT-MED-0724,Pantheon Reformation of Song Dynasty,911,medieval,religious,East Asia,Song Dynasty,CHR-MED-0724,1278.8,0.729,0.771,0.5157,0.341,16.2,0.2515,30.4,40.6,0.3556,21.2,4.9,0.2456,0.35,0.3751,0.2192,0.3728,0.4119,0.3458,0.0619,0.2654,0.5614,0.529584,CMN,BRACKET_BASE,false,true,0.64535616,0.46459945999999996,0.5925366000000001,,0.3374,false
EVT-MED-0725,Provincial Autonomy Insurgency against Umayyad Caliphate (Al-Andalus),1380,medieval,revolution,Iberia / North Africa,Umayyad Caliphate (Al-Andalus),CHR-MED-0725,923.8,0.453,0.7,0.4487,0.546,13.5,0.3405,35.1,35.9,0.378,55.5,12.5,0.3532,0.4333,0.2591,0,0.1918,0.5359,0.284,0.1026,0.7634,0.7012,0.558322,CMN,BRACKET_BASE,false,true,0.58266384,0.41917600000000005,0.46140443999999997,,0.39,false
EVT-MED-0726,Agrarian Insurgency in Classic Maya & Postclassic,875,medieval,revolution,Mesoamerica,Classic Maya & Postclassic,CHR-MED-0726,1012.5,0.554,0.644,0.4779,0.828,6.4,0.446,26.4,34.5,0.2759,38.7,5.8,0.2936,0.4043,0.3003,0,0.1017,0.51,0.2633,0.1057,0.7316,0.69,0.497433,CMN,BRACKET_BASE,false,true,0.6366598499999999,0.4222499,0.46414830000000007,,0.4009,false
EVT-MED-0727,Secular Legal Separation in Chola Dynasty,595,medieval,religious,South India,Chola Dynasty,CHR-MED-0727,1049.9,0.535,0.694,0.4867,0.261,10.1,0.181,34.5,41.8,0.407,12.1,4.8,0.2045,0.2844,0.3012,0.1431,0.2165,0.228,0.2346,-0.0564,0.412,0.6023,0.374096,CMN,BRACKET_BASE,false,true,0.71732112,0.4643736,0.67545249,,0.3095,false
EVT-MED-0728,Continental Standoff of Holy Roman Empire,664,medieval,war,Central Europe,Holy Roman Empire,CHR-MED-0728,909.7,0.647,0.738,0.3723,0.411,11.9,0.265,35.9,41.9,0.4226,35.6,5.7,0.2871,0.383,0.3246,0.0926,0.2894,0.1721,0.2523,-0.2109,0.3172,0.6642,0.591173,CMN,BRACKET_BASE,false,true,0.7061249999999999,0.556875,0.8282499999999999,,0.3608,true
EVT-MED-0729,Continental Standoff of Umayyad Caliphate (Al-Andalus),513,medieval,war,Iberia / North Africa,Umayyad Caliphate (Al-Andalus),CHR-MED-0729,1230.1,0.499,0.14,0.7505,0.284,14.8,0.216,34.1,38.6,0.3834,35.8,8.3,0.3005,0.4727,0.3541,0.1029,0.1638,0.6157,0.3418,0.143,0.4001,0.6048,0.831055,RMD,BRACKET_HIGH,true,false,0.43869857999999995,0.41644795,0.43071449999999994,,0.4047,false
EVT-MED-0730,Palatial Collapse of Abbasid Caliphate,1430,medieval,collapse,Middle East,Abbasid Caliphate,CHR-MED-0730,967.2,0.602,0.793,0.397,0.713,9.1,0.402,28.5,40.4,0.3339,12.6,11.8,0.2424,0.4893,0.4169,0.1439,0.1769,0.2933,0.3041,-0.196,0.7073,0.7427,0.48302,CMN,BRACKET_BASE,false,true,0.627231,0.39191220000000004,0.54920327,,0.3786,false
EVT-MED-0731,Administrative Codification of Abbasid Caliphate,1192,medieval,transformation,Middle East,Abbasid Caliphate,CHR-MED-0731,558.9,0.563,0.376,0.337,0.636,15.1,0.3935,28.9,38.9,0.3292,27.6,8.3,0.2817,0.2757,0.3256,0.2455,0.465,0.6197,0.3863,0.344,0.2915,0.7297,0.764831,RMD,BRACKET_HIGH,true,false,0.41803007999999997,0.387562,0.34047507,,0.3545,false
EVT-MED-0732,Canal Infrastructure Boom in Chola Dynasty,862,medieval,economic,South India,Chola Dynasty,CHR-MED-0732,1079.8,0.651,0.709,0.4618,0.504,16.5,0.3345,35,35.9,0.3769,10.3,5.8,0.1978,0.4132,0.3219,0.149,0.2691,0.4244,0.3155,0.0112,0.2983,0.5346,0.592865,CMN,BRACKET_BASE,false,true,0.571095,0.5516846599999999,0.6616331999999999,,0.3836,false
EVT-MED-0733,Maritime Trade Hub Expansion in Chola Dynasty,778,medieval,economic,South India,Chola Dynasty,CHR-MED-0733,521.5,0.649,0.166,0.3562,0.706,12.2,0.414,28.8,43.8,0.3576,8.2,11.6,0.2103,0.3682,0.2794,0.1246,0.2728,0.4661,0.3022,0.0979,0.5142,0.6422,0.54439,CMN,BRACKET_BASE,false,true,0.6267704000000001,0.47909988,0.61535056,,0.389,false
EVT-MED-0734,Pantheon Reformation of Holy Roman Empire,934,medieval,religious,Central Europe,Holy Roman Empire,CHR-MED-0734,609,0.586,0.397,0.348,0.842,14.1,0.4915,33.1,40.4,0.3835,50,8.1,0.3237,0.3596,0.4068,0.2466,0.3973,0.215,0.3251,-0.1446,0.2576,0.589,0.783682,RMD,BRACKET_HIGH,true,false,0.36536088,0.38696517999999996,0.48449766,,0.3116,false
EVT-MED-0735,Systemic Governance Breakdown in Kingdom of England,810,medieval,collapse,British Isles,Kingdom of England,CHR-MED-0735,729,0.412,0.281,0.4928,0.691,17.1,0.431,29.5,35.4,0.3147,38.2,6.5,0.2962,0.4547,0.3884,0.0288,0.0689,0.2413,0.2364,-0.2134,0.7573,0.7488,0.525318,CMN,BRACKET_BASE,false,true,0.7855815,0.5675325,0.82640246,,0.4026,false
EVT-MED-0736,Temple Bureaucracy Reorganization of Mali Empire,1188,medieval,religious,West Africa,Mali Empire,CHR-MED-0736,1294.6,0.577,0.294,0.712,0.768,12.5,0.4465,31,41.6,0.3681,10.6,7.7,0.2094,0.4795,0.452,0.2892,0.3617,0.5799,0.4325,0.1004,0.229,0.5125,0.457683,CMN,BRACKET_BASE,false,true,0.5714701200000001,0.5453805500000001,0.5883762300000001,,0.3728,false
EVT-MED-0737,Imperial Unification of Classic Maya & Postclassic,1320,medieval,transformation,Mesoamerica,Classic Maya & Postclassic,CHR-MED-0737,1195.3,0.643,0.463,0.5936,0.516,8.5,0.3005,28.4,41.9,0.3419,11.5,9.6,0.2248,0.2627,0.336,0.272,0.4339,0.3971,0.3403,0.1344,0.3916,0.6151,0.481964,CMN,BRACKET_BASE,false,true,0.7445106900000001,0.51305226,0.58037694,,0.2985,false
EVT-MED-0738,Administrative Codification of Mali Empire,783,medieval,transformation,West Africa,Mali Empire,CHR-MED-0738,568.6,0.513,0.6,0.2895,0.732,14.2,0.437,30.4,40.2,0.3532,22.8,10.1,0.2768,0.2786,0.3207,0.1819,0.3445,0.3821,0.3016,0.1035,0.3819,0.6194,0.534276,CMN,BRACKET_BASE,false,true,0.6203452,0.52264219,0.60508872,,0.3322,false
EVT-MED-0739,Frontier Campaign of Umayyad Caliphate (Al-Andalus),702,medieval,war,Iberia / North Africa,Umayyad Caliphate (Al-Andalus),CHR-MED-0739,532.7,0.707,0.495,0.2455,0.747,6.7,0.407,25.4,39.6,0.2958,31.1,5.3,0.2753,0.3637,0.262,0,0.0846,0.2168,0.1854,-0.1469,0.4769,0.6863,0.469563,CMN,BRACKET_BASE,false,true,0.84375735,0.5505476,0.7605378,,0.393,true
EVT-MED-0740,Civic Restoration Revolt in Byzantine Empire,1197,medieval,revolution,Eastern Mediterranean,Byzantine Empire,CHR-MED-0740,760.8,0.749,0.771,0.26,0.309,5.2,0.1805,28.4,35.9,0.3059,45.3,7.8,0.315,0.2516,0.1533,0,0.1483,0.0233,0.1153,-0.2283,0.6661,0.8078,0.35696,CMN,BRACKET_BASE,false,true,1,0.5271250000000001,0.8225,,0.3435,true
EVT-MED-0741,Judicial Standard Reform in Song Dynasty,1207,medieval,transformation,East Asia,Song Dynasty,CHR-MED-0741,1182.5,0.742,0.765,0.4672,0.409,7.9,0.244,34.4,42.8,0.4119,63.9,5.7,0.3294,0.2903,0.3506,0.2355,0.4574,0.3909,0.3449,0.1006,0.1406,0.551,0.644833,RMD,BRACKET_MEDIUM,false,true,0.5275247900000001,0.37472543999999997,0.36553376000000004,,0.3159,false
EVT-MED-0742,Respiratory Virulence Wave across Kingdom of England,806,medieval,pandemic,British Isles,Kingdom of England,CHR-MED-0742,528,0.666,0.781,0.1698,0.729,6.4,0.3965,30.3,34.4,0.3173,8.4,9.7,0.2025,0.3005,0.2408,0,0.1018,0,0.1286,-0.3705,0.6226,0.8532,0.330451,CMN,BRACKET_BASE,false,true,0.9449772,0.540375,0.877375,,0.3585,true
EVT-MED-0743,Monastic Network Expansion of Chola Dynasty,904,medieval,religious,South India,Chola Dynasty,CHR-MED-0743,1022.8,0.673,0.835,0.3899,0.317,15.4,0.2355,28.1,37.9,0.3146,52.3,10.4,0.3384,0.3401,0.3915,0.2789,0.3425,0.2056,0.3117,-0.1345,0.27,0.6291,0.74727,RMD,BRACKET_HIGH,true,false,0.48487689,0.4647822,0.6798727000000001,,0.2822,false
EVT-MED-0744,Systemic Governance Breakdown in Holy Roman Empire,851,medieval,collapse,Central Europe,Holy Roman Empire,CHR-MED-0744,591.3,0.564,0.153,0.4193,0.831,9.2,0.4615,27.3,36.1,0.2952,53.4,12.5,0.3504,0.4963,0.3942,0.0173,0.0674,0.1924,0.2335,-0.3039,0.5472,0.7545,0.553447,CMN,BRACKET_BASE,false,true,0.7091772799999999,0.5084105999999999,0.83070049,,0.4025,false
EVT-MED-0745,Imperial Unification of Umayyad Caliphate (Al-Andalus),712,medieval,transformation,Iberia / North Africa,Umayyad Caliphate (Al-Andalus),CHR-MED-0745,952.2,0.605,0.371,0.5155,0.24,9.9,0.1695,27.8,39.4,0.3204,8.6,4.8,0.1797,0.181,0.2127,0.1481,0.2949,0.3141,0.2302,0.1331,0.2506,0.6137,0.739496,RMD,BRACKET_HIGH,true,false,0.630625,0.5305,0.587375,,0.3042,true
EVT-MED-0746,Continental Standoff of Holy Roman Empire,1353,medieval,war,Central Europe,Holy Roman Empire,CHR-MED-0746,1314,0.544,0.666,0.6197,0.613,17.2,0.3925,28.3,38.5,0.3204,52.5,6.2,0.3177,0.4681,0.3506,0.0494,0.2034,0.4949,0.3133,0.0268,0.3415,0.53,0.397185,CMN,BRACKET_BASE,false,true,0.7789756499999999,0.60075,0.737,,0.4054,false
EVT-MED-0747,Temple Bureaucracy Reorganization of Byzantine Empire,1476,medieval,religious,Eastern Mediterranean,Byzantine Empire,CHR-MED-0747,944.1,0.728,0.211,0.5227,0.511,9.7,0.304,30.1,35.3,0.3206,40,13,0.332,0.4118,0.3843,0.2995,0.41,0.278,0.3567,-0.1338,0.3367,0.6143,0.694898,RMD,BRACKET_MEDIUM,false,false,0.39288298,0.37009511,0.474982,,0.2952,false
EVT-MED-0748,Harbor Incursion Sickness in Classic Maya & Postclassic,688,medieval,pandemic,Mesoamerica,Classic Maya & Postclassic,CHR-MED-0748,687.5,0.722,0.405,0.3426,0.498,5,0.274,35,39.8,0.4003,35.6,10,0.3086,0.3941,0.3492,0.0879,0.233,0.3087,0.2746,-0.0854,0.7967,0.7228,0.541429,CMN,BRACKET_BASE,false,true,0.62046963,0.37579742,0.5008692,,0.382,false
EVT-MED-0749,Continental Standoff of Kingdom of France,842,medieval,war,Western Europe,Kingdom of France,CHR-MED-0749,1190.6,0.469,0.786,0.5467,0.821,7.3,0.447,31.2,44.6,0.3882,59,10.6,0.3481,0.4063,0.3532,0.1656,0.2575,0.4188,0.3203,0.0125,0.5614,0.5698,0.677367,RMD,BRACKET_MEDIUM,false,true,0.5767988000000001,0.48121877999999996,0.6729997999999999,,0.3766,false
EVT-MED-0750,Educational Charter of Kingdom of England,590,medieval,transformation,British Isles,Kingdom of England,CHR-MED-0750,521.5,0.745,0.43,0.2482,0.729,10.7,0.418,27.9,35.4,0.2975,37.6,5.9,0.292,0.2551,0.2986,0.1957,0.3689,0.6001,0.3437,0.345,0.2511,0.7345,0.659167,RMD,BRACKET_MEDIUM,false,true,0.6001316999999999,0.47645236,0.4899906,,0.3614,false
EVT-MED-0751,Territorial Rupture of Byzantine Empire,803,medieval,collapse,Eastern Mediterranean,Byzantine Empire,CHR-MED-0751,832,0.534,0.611,0.4069,0.479,17,0.3245,27.7,38.5,0.3139,47.9,8.7,0.3236,0.4082,0.324,0,0.0405,0.06,0.1665,-0.3482,0.7167,0.8404,0.514666,CMN,BRACKET_BASE,false,true,0.6376538,0.37963422,0.5595749999999999,,0.3709,false
EVT-MED-0752,Institutional Dissolution of Chola Dynasty,579,medieval,collapse,South India,Chola Dynasty,CHR-MED-0752,1090.5,0.602,0.149,0.6496,0.58,9.2,0.336,30.4,37.5,0.337,15,5.5,0.2235,0.4986,0.398,0.1463,0.2228,0.1729,0.2877,-0.3257,0.5544,0.7461,0.521994,CMN,BRACKET_BASE,false,true,0.60048176,0.40384134,0.59485468,,0.3574,false
EVT-MED-0753,Strategic Siege of Kingdom of France,791,medieval,war,Western Europe,Kingdom of France,CHR-MED-0753,891.1,0.521,0.365,0.513,0.249,9.9,0.174,31.9,44.5,0.3952,59.5,7.2,0.3318,0.3039,0.2176,0,0.0502,0.2566,0.1657,-0.0473,0.4554,0.6071,0.544839,CMN,BRACKET_BASE,false,true,0.7867222,0.5306877799999999,0.673299,,0.3901,false
EVT-MED-0754,Borderlands Pacification of Tang Dynasty,1109,medieval,war,East Asia,Tang Dynasty,CHR-MED-0754,1106.4,0.404,0.64,0.5694,0.387,6.1,0.224,30.9,36.1,0.334,34.8,9.5,0.3044,0.3618,0.2704,0.099,0.2929,0.2414,0.2531,-0.1204,0.3141,0.6044,0.542427,CMN,BRACKET_BASE,false,true,0.5278807799999999,0.37352348,0.46802531999999997,,0.3623,false
EVT-MED-0755,Continental Standoff of Classic Maya & Postclassic,1254,medieval,war,Mesoamerica,Classic Maya & Postclassic,CHR-MED-0755,539.4,0.498,0.722,0.2433,0.26,5.3,0.1565,29.6,38.7,0.3356,48.5,12.8,0.345,0.2972,0.1872,0.0272,0.1057,0.3226,0.188,0.0254,0.616,0.6874,0.554353,CMN,BRACKET_BASE,false,true,0.87296868,0.5505,0.715875,,0.3876,true
EVT-MED-0756,Treaty System Implementation across Khmer Empire,1342,medieval,transformation,Southeast Asia,Khmer Empire,CHR-MED-0756,1199.4,0.696,0.794,0.4804,0.845,12.8,0.4865,27.1,36.8,0.2973,40,11.1,0.3225,0.2941,0.3414,0.1959,0.3742,0.4986,0.3408,0.2045,0.3479,0.6378,0.680869,RMD,BRACKET_MEDIUM,false,false,0.58646406,0.46836096,0.5287724899999999,,0.3566,false
EVT-MED-0757,Maritime Hegemony Clash in Byzantine Empire,1246,medieval,war,Eastern Mediterranean,Byzantine Empire,CHR-MED-0757,824.9,0.543,0.44,0.452,0.78,7.6,0.428,33.3,35.4,0.3556,49.2,6.8,0.316,0.4219,0.3203,0.0685,0.1314,0.4176,0.2719,-0.0043,0.5926,0.5951,0.370951,CMN,BRACKET_BASE,false,true,0.81926581,0.57296759,0.7253651099999999,,0.4054,true
EVT-MED-0758,Judicial Standard Reform in Tang Dynasty,1214,medieval,transformation,East Asia,Tang Dynasty,CHR-MED-0758,1135.3,0.511,0.859,0.4855,0.717,6.3,0.39,25.6,36,0.2763,47.8,6.9,0.3144,0.2566,0.3275,0.2552,0.4241,0.4167,0.336,0.1601,0.207,0.5954,0.778943,RMD,BRACKET_HIGH,true,false,0.42746900000000004,0.5242939200000001,0.53242265,,0.3075,false
EVT-MED-0759,Administrative Codification of Classic Maya & Postclassic,726,medieval,transformation,Mesoamerica,Classic Maya & Postclassic,CHR-MED-0759,1073,0.757,0.35,0.5344,0.495,14.7,0.321,31,38.1,0.3471,60.2,13.8,0.3656,0.3279,0.3641,0.281,0.423,0.454,0.37,0.1261,0.3319,0.6007,0.515278,CMN,BRACKET_BASE,false,true,0.66259714,0.4777572,0.5839206800000001,,0.3058,false
EVT-MED-0760,Strategic Siege of Umayyad Caliphate (Al-Andalus),673,medieval,war,Iberia / North Africa,Umayyad Caliphate (Al-Andalus),CHR-MED-0760,1253.2,0.727,0.628,0.5468,0.734,16.7,0.4505,35.2,44.7,0.4319,59.1,7.3,0.3318,0.4337,0.3899,0.1933,0.2453,0.3609,0.3246,-0.0728,0.6039,0.6059,0.509421,CMN,BRACKET_BASE,false,true,0.52879232,0.39089546999999997,0.5032216,,0.3605,false
EVT-MED-0761,Institutional Dissolution of Kamakura / Muromachi Japan,699,medieval,collapse,East Asia,Kamakura / Muromachi Japan,CHR-MED-0761,965.1,0.565,0.24,0.573,0.201,8,0.1405,25.2,37.9,0.2834,59.8,7.3,0.3326,0.4728,0.3959,0.1871,0.2829,0.2622,0.3202,-0.2106,0.4327,0.7024,0.626646,CMN,BRACKET_BASE,false,true,0.49158405,0.3842258,0.52549471,,0.345,false
EVT-MED-0762,Synod Monotheistic Mandate in Tang Dynasty,1500,medieval,religious,East Asia,Tang Dynasty,CHR-MED-0762,1148.1,0.531,0.761,0.5151,0.543,14.3,0.343,33.9,39.8,0.3885,9.7,12.4,0.2265,0.3874,0.4114,0.215,0.3075,0.2538,0.315,-0.1336,0.5468,0.6519,0.674989,RMD,BRACKET_MEDIUM,false,true,0.46275684000000006,0.37153739999999996,0.49998353999999995,,0.3145,false
EVT-MED-0763,Coalition Defense of Holy Roman Empire,899,medieval,war,Central Europe,Holy Roman Empire,CHR-MED-0763,1078.6,0.76,0.244,0.568,0.65,16.3,0.4065,35.7,39.9,0.4085,45.1,12.8,0.3397,0.4582,0.3846,0.1892,0.3419,0.5244,0.3797,0.0662,0.6667,0.625,0.895902,RMD,BRACKET_HIGH,true,false,0.46478796,0.38895145000000003,0.45336629999999994,,0.3911,false
EVT-MED-0764,Sanitation & Medical Breakthrough in Abbasid Caliphate,1142,medieval,technological,Middle East,Abbasid Caliphate,CHR-MED-0764,721.5,0.657,0.419,0.3743,0.783,7.4,0.4285,27.5,40.7,0.325,20.2,9,0.2626,0.2607,0.3125,0.3622,0.4986,0.6245,0.4117,0.3638,0.2429,0.718,0.629134,CMN,BRACKET_BASE,false,true,0.6032043,0.53624452,0.52360455,,0.3359,false
EVT-MED-0765,Debt Crisis Settlement of Abbasid Caliphate,1205,medieval,economic,Middle East,Abbasid Caliphate,CHR-MED-0765,567.8,0.476,0.466,0.3404,0.327,4.7,0.187,26.7,39.5,0.3092,53.8,13.9,0.358,0.2711,0.246,0.1404,0.2407,0.2249,0.2246,-0.0462,0.5677,0.6714,0.600721,CMN,BRACKET_BASE,false,true,0.64388169,0.36612219,0.46622015999999994,,0.303,false
EVT-MED-0766,Canal Infrastructure Boom in Song Dynasty,566,medieval,economic,East Asia,Song Dynasty,CHR-MED-0766,1055.3,0.629,0.594,0.4911,0.6,17.6,0.388,31.4,41.3,0.3706,53.9,4.6,0.3116,0.3997,0.3691,0.0974,0.244,0.4899,0.32,0.0902,0.3558,0.5802,0.700131,RMD,BRACKET_HIGH,false,false,0.42703184000000005,0.3970734,0.42325766,,0.4016,false
EVT-MED-0767,Decentralization Wave across Kingdom of France,1225,medieval,collapse,Western Europe,Kingdom of France,CHR-MED-0767,928.5,0.507,0.504,0.4936,0.824,14.6,0.485,33.4,40.9,0.3897,64.9,10.3,0.3535,0.5436,0.4744,0.0793,0.134,0.3502,0.3163,-0.1934,0.8182,0.7337,0.441164,CMN,BRACKET_BASE,false,true,0.77331408,0.5219676,0.80008656,,0.4094,false
EVT-MED-0768,Dynastic Disintegration of Chola Dynasty,1221,medieval,collapse,South India,Chola Dynasty,CHR-MED-0768,902.8,0.413,0.239,0.5889,0.235,14.5,0.19,34.4,35.8,0.3699,54.2,12,0.349,0.52,0.4046,0.0816,0.174,0.1138,0.2588,-0.4062,0.4886,0.7992,0.483894,CMN,BRACKET_BASE,false,true,0.7657601999999999,0.57066818,0.91700945,,0.3744,true
EVT-MED-0769,Debt Crisis Settlement of Kamakura / Muromachi Japan,1246,medieval,economic,East Asia,Kamakura / Muromachi Japan,CHR-MED-0769,688,0.586,0.424,0.378,0.375,15,0.2625,29.4,40.9,0.3466,13.3,10.5,0.2398,0.2964,0.2142,0,0.0917,0.3168,0.1838,0.0204,0.649,0.6552,0.42437,CMN,BRACKET_BASE,false,true,0.7990595100000001,0.46118984999999996,0.6336777600000001,,0.3952,false
EVT-MED-0770,Borderlands Pacification of Umayyad Caliphate (Al-Andalus),1000,medieval,war,Iberia / North Africa,Umayyad Caliphate (Al-Andalus),CHR-MED-0770,1030.6,0.684,0.416,0.5161,0.415,8.5,0.25,28.9,35.8,0.3106,9.9,6.6,0.1989,0.3457,0.2444,0.0932,0.1766,0.2153,0.215,-0.1304,0.3025,0.6145,0.510718,CMN,BRACKET_BASE,false,true,0.5926023600000001,0.46870233,0.68689795,,0.3499,false
EVT-MED-0771,Decentralization Wave across Classic Maya & Postclassic,959,medieval,collapse,Mesoamerica,Classic Maya & Postclassic,CHR-MED-0771,1017.6,0.625,0.159,0.6046,0.659,11.7,0.388,31.8,38.5,0.3581,55.8,8.1,0.3316,0.5053,0.4324,0.1977,0.2682,0.1248,0.3057,-0.3805,0.6876,0.8048,0.388005,CMN,BRACKET_BASE,false,true,0.9375,0.570375,0.983875,,0.3577,true
EVT-MED-0772,Territorial Rupture of Abbasid Caliphate,609,medieval,collapse,Middle East,Abbasid Caliphate,CHR-MED-0772,982.7,0.711,0.281,0.5254,0.561,5.2,0.3065,29.5,35.4,0.3147,40.5,4.7,0.2914,0.4228,0.3116,0.0374,0.0845,0,0.1713,-0.4494,0.6257,0.8571,0.463717,CMN,BRACKET_BASE,false,true,0.6847742,0.3915224,0.601012,,0.3737,false
EVT-MED-0773,Radical Assembly Schism in Holy Roman Empire,627,medieval,revolution,Central Europe,Holy Roman Empire,CHR-MED-0773,818.8,0.557,0.198,0.5175,0.373,11.2,0.2425,33.6,42.1,0.3991,32.4,10.7,0.3053,0.3962,0.3087,0.1017,0.2341,0.0972,0.2276,-0.299,0.4345,0.7262,0.700894,RMD,BRACKET_HIGH,false,false,0.47792724000000003,0.3828006,0.54471048,,0.3538,false
EVT-MED-0774,Coalition Defense of Mongol Empire / Ilkhanate,955,medieval,war,Eurasian Steppe,Mongol Empire / Ilkhanate,CHR-MED-0774,1146.1,0.674,0.157,0.6524,0.265,5.7,0.161,33.6,36.7,0.3667,55,5.9,0.3196,0.3267,0.2742,0.0367,0.0881,0.1461,0.1744,-0.1806,0.3197,0.6304,0.408414,CMN,BRACKET_BASE,false,true,0.8639978400000001,0.554875,0.795,,0.3589,true
EVT-MED-0775,Navigational Instrument Reform in Holy Roman Empire,781,medieval,technological,Central Europe,Holy Roman Empire,CHR-MED-0775,996.6,0.709,0.709,0.4043,0.763,6.4,0.4135,33.4,44.1,0.4089,23.6,4.6,0.2518,0.3265,0.3542,0.4131,0.5498,0.4937,0.4275,0.1672,0.1596,0.5762,0.588843,CMN,BRACKET_BASE,false,true,0.42746732,0.3853536,0.40245426,,0.2863,false
EVT-MED-0776,Secular Legal Separation in Holy Roman Empire,1306,medieval,religious,Central Europe,Holy Roman Empire,CHR-MED-0776,1074.8,0.596,0.175,0.6361,0.757,6.5,0.411,30.6,38.5,0.3452,38.6,5.5,0.2919,0.3945,0.3743,0.2768,0.4348,0.3897,0.374,-0.0048,0.2887,0.4959,0.614494,CMN,BRACKET_BASE,false,true,0.58741463,0.47820936,0.6449125199999999,,0.3134,false
EVT-MED-0777,Radical Assembly Schism in Mongol Empire / Ilkhanate,581,medieval,revolution,Eurasian Steppe,Mongol Empire / Ilkhanate,CHR-MED-0777,637.5,0.659,0.357,0.3518,0.231,12.7,0.179,31.7,37.3,0.3498,52.8,5.6,0.3151,0.2869,0.1358,0,0.2479,0.4613,0.2264,0.1744,0.3616,0.6825,0.574179,CMN,BRACKET_BASE,false,true,0.7732629599999999,0.55149018,0.59206828,,0.4032,false
EVT-MED-0778,Civic Restoration Revolt in Holy Roman Empire,970,medieval,revolution,Central Europe,Holy Roman Empire,CHR-MED-0778,1346,0.627,0.34,0.708,0.661,6.8,0.3645,32.2,34.2,0.3366,19.7,10.2,0.2667,0.4633,0.2954,0.0808,0.2858,0.4923,0.3235,0.029,0.7274,0.6161,0.417763,CMN,BRACKET_BASE,false,true,0.9067303000000001,0.5850000000000001,0.761,,0.4047,false
EVT-MED-0779,Constitutional Reorganization of Kingdom of France,798,medieval,transformation,Western Europe,Kingdom of France,CHR-MED-0779,1070.6,0.495,0.613,0.5329,0.49,16.2,0.326,30.2,40.5,0.3528,48.4,10.6,0.3338,0.2952,0.3179,0.2287,0.4486,0.4753,0.3531,0.1801,0.3558,0.6344,0.530947,CMN,BRACKET_BASE,false,true,0.6665762399999999,0.53099008,0.55828115,,0.333,false
EVT-MED-0780,Institutional Dissolution of Kingdom of France,1182,medieval,collapse,Western Europe,Kingdom of France,CHR-MED-0780,1081.2,0.746,0.364,0.5375,0.328,15.5,0.2415,30.1,42.9,0.3662,57.6,12.5,0.3559,0.451,0.3343,0.0634,0.0969,0.0263,0.1944,-0.4247,0.5263,0.8191,0.557843,CMN,BRACKET_BASE,false,true,0.6919069400000001,0.5575542600000001,0.9022799999999999,,0.3699,true
EVT-MED-0781,Grain Market Price Shock across Kingdom of England,1497,medieval,economic,British Isles,Kingdom of England,CHR-MED-0781,621.5,0.442,0.67,0.3153,0.461,5.5,0.258,29.2,37.8,0.3259,35.6,5.2,0.2846,0.3083,0.2558,0.1082,0.168,0.1896,0.206,-0.1187,0.4526,0.6724,0.679456,RMD,BRACKET_MEDIUM,false,true,0.6977645499999999,0.51961952,0.71882816,,0.3245,true
EVT-MED-0782,Bureaucratic Consolidation of Song Dynasty,864,medieval,transformation,East Asia,Song Dynasty,CHR-MED-0782,1070.5,0.586,0.29,0.6025,0.378,16.7,0.2725,25.9,38.7,0.2957,45.7,10.6,0.3297,0.3101,0.3518,0.2471,0.3891,0.4826,0.3561,0.1725,0.3059,0.624,0.506083,CMN,BRACKET_BASE,false,true,0.53245983,0.37927505,0.3742018,,0.3276,false
EVT-MED-0783,Civic Restoration Revolt in Abbasid Caliphate,974,medieval,revolution,Middle East,Abbasid Caliphate,CHR-MED-0783,890.9,0.595,0.709,0.3875,0.394,4.9,0.2215,32.2,36.7,0.3516,17,10.8,0.2591,0.2923,0.1377,0,0.2488,0.3201,0.1998,0.0278,0.5063,0.6275,0.466597,CMN,BRACKET_BASE,false,true,0.9034058799999999,0.55875,0.707,,0.3943,true
EVT-MED-0784,Frontier Campaign of Holy Roman Empire,1041,medieval,war,Central Europe,Holy Roman Empire,CHR-MED-0784,1012.3,0.426,0.466,0.5697,0.685,13.9,0.412,30,36.2,0.3249,47.6,9.8,0.3286,0.3842,0.3441,0.1233,0.2069,0.476,0.3069,0.0918,0.5245,0.6147,0.642697,RMD,BRACKET_MEDIUM,false,true,0.51666225,0.39583571999999995,0.43678282,,0.3942,false
EVT-MED-0785,Imperial Unification of Chola Dynasty,938,medieval,transformation,South India,Chola Dynasty,CHR-MED-0785,1312.1,0.401,0.334,0.7612,0.245,6.4,0.1545,27.2,42.9,0.3349,8.9,8.7,0.2017,0.2602,0.3226,0.2393,0.3954,0.4192,0.3273,0.159,0.1522,0.5663,0.477685,CMN,BRACKET_BASE,false,true,0.66012507,0.52077344,0.51787458,,0.3105,false
EVT-MED-0786,Agrarian Restructuring of Byzantine Empire,822,medieval,transformation,Eastern Mediterranean,Byzantine Empire,CHR-MED-0786,540.6,0.749,0.477,0.2421,0.764,8.4,0.424,34.7,43.6,0.4199,10.3,10.1,0.2193,0.276,0.3147,0.2049,0.4169,0.4942,0.3413,0.2182,0.2419,0.6454,0.702192,RMD,BRACKET_HIGH,false,false,0.66377425,0.5321106,0.51454236,,0.3461,false
EVT-MED-0787,Harbor Incursion Sickness in Kamakura / Muromachi Japan,1294,medieval,pandemic,East Asia,Kamakura / Muromachi Japan,CHR-MED-0787,900.9,0.689,0.764,0.3477,0.299,9,0.1945,31.4,42,0.3748,39.3,6.1,0.2962,0.3725,0.3043,0,0.1535,0.1887,0.2038,-0.1838,0.855,0.8055,0.366159,CMN,BRACKET_BASE,false,true,0.8837367,0.48016287999999996,0.7750914999999999,,0.3884,false
EVT-MED-0788,Printing & Communications Diffusion in Kamakura / Muromachi Japan,1391,medieval,technological,East Asia,Kamakura / Muromachi Japan,CHR-MED-0788,1145.8,0.556,0.156,0.688,0.396,17.2,0.284,33.3,38.5,0.3742,41.2,8.8,0.3131,0.3208,0.3633,0.4277,0.4965,0.496,0.4209,0.1752,0.432,0.6307,0.550518,CMN,BRACKET_BASE,false,true,0.6223481200000001,0.51989756,0.66694695,,0.2732,false
EVT-MED-0789,Continental Standoff of Chola Dynasty,899,medieval,war,South India,Chola Dynasty,CHR-MED-0789,1215.5,0.456,0.783,0.5635,0.461,12.1,0.291,29.2,37.9,0.3265,17.2,8.4,0.2479,0.3332,0.279,0.1111,0.2217,0.1626,0.2215,-0.1706,0.3926,0.6431,0.786753,RMD,BRACKET_HIGH,true,false,0.54368895,0.52414704,0.74081679,,0.3269,true
EVT-MED-0790,Mercantile Tariff Overhaul across Tang Dynasty,1036,medieval,economic,East Asia,Tang Dynasty,CHR-MED-0790,941.7,0.63,0.634,0.424,0.788,7.9,0.4335,30.3,42.2,0.3641,45.6,8,0.3165,0.3773,0.3187,0.1573,0.2184,0.5529,0.3249,0.1756,0.5873,0.6884,0.508145,CMN,BRACKET_BASE,false,true,0.65308951,0.49245075,0.6114244999999999,,0.3928,false
EVT-MED-0791,Canal Infrastructure Boom in Abbasid Caliphate,1199,medieval,economic,Middle East,Abbasid Caliphate,CHR-MED-0791,1248.4,0.745,0.326,0.6297,0.309,14.3,0.226,34.7,39.9,0.3977,12.6,12,0.2434,0.325,0.2643,0.1614,0.3191,0.1303,0.24,-0.1947,0.4494,0.6595,0.70619,RMD,BRACKET_HIGH,false,false,0.4464103200000001,0.38131343999999995,0.5124734999999999,,0.3225,false
EVT-MED-0792,Agrarian Restructuring of Kingdom of France,1411,medieval,transformation,Western Europe,Kingdom of France,CHR-MED-0792,609.7,0.594,0.322,0.3684,0.689,11.6,0.4025,28.5,39.5,0.3285,43.5,7.2,0.3091,0.2582,0.3173,0.1943,0.4075,0.6034,0.3561,0.3452,0.3702,0.744,0.656515,RMD,BRACKET_MEDIUM,false,true,0.55359744,0.39187575,0.3626073,,0.3653,false
EVT-MED-0793,Metallurgical Innovation Surge in Mongol Empire / Ilkhanate,1432,medieval,technological,Eurasian Steppe,Mongol Empire / Ilkhanate,CHR-MED-0793,1002.6,0.65,0.388,0.5212,0.545,6.3,0.304,36,34.3,0.3781,64.4,9.6,0.3495,0.3342,0.3719,0.4848,0.6106,0.619,0.4841,0.2848,0.3798,0.6982,0.498899,CMN,BRACKET_BASE,false,true,0.5939178300000001,0.54011224,0.6509288,,0.3055,false
EVT-MED-0794,Mercantile Tariff Overhaul across Kingdom of England,505,medieval,economic,British Isles,Kingdom of England,CHR-MED-0794,950.2,0.454,0.677,0.468,0.614,5.3,0.3335,26.5,40.6,0.3136,49.2,8.4,0.324,0.3635,0.2668,0.0298,0.1667,0.5192,0.2692,0.1557,0.3261,0.6283,0.629047,CMN,BRACKET_BASE,false,true,0.6660271799999999,0.49213725,0.59468368,,0.405,false
EVT-MED-0795,Monastic Network Expansion of Khmer Empire,1089,medieval,religious,Southeast Asia,Khmer Empire,CHR-MED-0795,1051.9,0.444,0.482,0.5785,0.585,15.8,0.3715,27.2,44.1,0.3421,62,8.7,0.3422,0.3651,0.4264,0.2287,0.3383,0.3086,0.3334,-0.0565,0.4713,0.5845,0.565442,CMN,BRACKET_BASE,false,true,0.533696,0.37852076,0.47695659,,0.3152,false
EVT-MED-0796,Borderlands Pacification of Kingdom of England,865,medieval,war,British Isles,Kingdom of England,CHR-MED-0796,655.6,0.443,0.812,0.2888,0.733,10,0.4165,35.5,41.7,0.4171,27.9,9.3,0.2874,0.3355,0.2546,0.0805,0.2428,0.4783,0.2783,0.1428,0.3538,0.6272,0.47867,CMN,BRACKET_BASE,false,true,0.8045050200000001,0.5565491200000001,0.6073574399999999,,0.3969,false
EVT-MED-0797,Mechanical Power Harnessing in Kingdom of France,1104,medieval,technological,Western Europe,Kingdom of France,CHR-MED-0797,1132.6,0.586,0.111,0.6861,0.366,5,0.208,29.7,36.8,0.3253,49.6,6.1,0.3131,0.3115,0.3621,0.4204,0.5438,0.489,0.4254,0.1775,0.3883,0.64,0.577056,CMN,BRACKET_BASE,false,true,0.5230733599999999,0.37823252,0.44287932,,0.2812,false
EVT-MED-0798,Epidemic Fever Outbreak across Kamakura / Muromachi Japan,857,medieval,pandemic,East Asia,Kamakura / Muromachi Japan,CHR-MED-0798,537,0.561,0.466,0.3001,0.438,11.4,0.276,30.2,39.7,0.348,32.4,12.5,0.3143,0.3699,0.327,0,0.166,0.2332,0.2192,-0.1367,0.9424,0.8008,0.343425,CMN,BRACKET_BASE,false,true,0.88723578,0.5357271200000001,0.7660029,,0.3946,false
EVT-MED-0799,Fiscal Default Crisis in Chola Dynasty,955,medieval,collapse,South India,Chola Dynasty,CHR-MED-0799,1017.4,0.759,0.89,0.345,0.389,11.2,0.2505,28.1,35.3,0.299,62,8.7,0.3422,0.3898,0.3359,0,0.0989,0,0.1649,-0.4166,0.4613,0.8361,0.476393,CMN,BRACKET_BASE,false,true,0.8377479,0.54716052,0.8626686899999999,,0.3771,true
EVT-MED-0800,Grain Market Price Shock across Kievan Rus,923,medieval,economic,Eastern Europe,Kievan Rus,CHR-MED-0800,831.7,0.663,0.124,0.5141,0.71,7.4,0.392,34.1,38.1,0.3804,63.8,5,0.3258,0.4049,0.3595,0.2223,0.3253,0.3959,0.3416,-0.009,0.4009,0.5421,0.563838,CMN,BRACKET_BASE,false,true,0.5332317599999999,0.37407888000000006,0.44520156,,0.3448,false
EVT-MED-0801,Printing & Communications Diffusion in Kievan Rus,928,medieval,technological,Eastern Europe,Kievan Rus,CHR-MED-0801,977.8,0.666,0.225,0.5533,0.233,6.8,0.1505,26.7,36,0.2882,45,11.4,0.3325,0.273,0.2997,0.4093,0.5091,0.5582,0.4099,0.2852,0.2351,0.694,0.656467,RMD,BRACKET_MEDIUM,false,true,0.68451224,0.54575,0.64375,,0.3074,false
EVT-MED-0802,Maritime Trade Hub Expansion in Holy Roman Empire,1300,medieval,economic,Central Europe,Holy Roman Empire,CHR-MED-0802,777,0.441,0.258,0.5142,0.363,8.5,0.224,30.6,44.4,0.3806,28,13.7,0.3097,0.349,0.2663,0.0771,0.1644,0.1475,0.2009,-0.2015,0.3292,0.6533,0.773272,RMD,BRACKET_HIGH,true,false,0.44893474,0.37143144,0.48851621,,0.343,false
EVT-MED-0803,Synod Monotheistic Mandate in Tang Dynasty,1411,medieval,religious,East Asia,Tang Dynasty,CHR-MED-0803,987.5,0.549,0.297,0.5715,0.341,15.2,0.2465,27.7,43.4,0.3433,53.5,4.6,0.3111,0.3444,0.4201,0.2435,0.2975,0.3248,0.3261,-0.0196,0.4481,0.5784,0.442415,CMN,BRACKET_BASE,false,true,0.8376322500000001,0.543,0.7414999999999999,,0.301,true
EVT-MED-0804,Frontier Fragmentation of Umayyad Caliphate (Al-Andalus),1142,medieval,collapse,Iberia / North Africa,Umayyad Caliphate (Al-Andalus),CHR-MED-0804,545.4,0.493,0.174,0.4121,0.329,6.3,0.196,35.7,43,0.4271,49.3,9.6,0.3301,0.4839,0.4028,0.0532,0.1279,0.0557,0.2247,-0.4282,0.6867,0.8776,0.598504,CMN,BRACKET_BASE,false,true,0.7137355200000001,0.5070546199999999,0.90463872,,0.3773,false
EVT-MED-0805,Respiratory Virulence Wave across Kievan Rus,711,medieval,pandemic,Eastern Europe,Kievan Rus,CHR-MED-0805,1097.4,0.751,0.364,0.5438,0.768,10.6,0.437,30.3,37.6,0.3365,29.1,4.8,0.268,0.4924,0.4506,0.1916,0.308,0.1471,0.3179,-0.3453,0.6961,0.7929,0.559606,CMN,BRACKET_BASE,false,true,0.7849658599999999,0.54776112,0.8949887999999999,,0.3583,false
EVT-MED-0806,Maritime Trade Hub Expansion in Classic Maya & Postclassic,1059,medieval,economic,Mesoamerica,Classic Maya & Postclassic,CHR-MED-0806,1053.3,0.521,0.671,0.4994,0.72,15.5,0.4375,33.3,35.6,0.3568,63.6,4.9,0.3251,0.4029,0.3068,0.0271,0.1074,0.214,0.2116,-0.1889,0.2512,0.6008,0.472082,CMN,BRACKET_BASE,false,true,0.635493,0.56085123,0.7597839999999999,,0.3913,true
EVT-MED-0807,Imperial Annexation War in Holy Roman Empire,699,medieval,war,Central Europe,Holy Roman Empire,CHR-MED-0807,815.3,0.545,0.106,0.547,0.261,12.2,0.1915,28.8,34.9,0.3042,18.7,4.9,0.2365,0.3123,0.2399,0.0891,0.2525,0.2697,0.2327,-0.0426,0.4966,0.6207,0.482163,CMN,BRACKET_BASE,false,true,0.6262144,0.37953362999999996,0.46845456,,0.356,false
EVT-MED-0808,Imperial Annexation War in Kingdom of France,1079,medieval,war,Western Europe,Kingdom of France,CHR-MED-0808,1281,0.468,0.268,0.7459,0.73,6.7,0.3985,26.9,40.5,0.3173,15.9,8.4,0.2422,0.4512,0.3484,0.0079,0.0873,0.264,0.2318,-0.1872,0.5652,0.6531,0.699445,RMD,BRACKET_MEDIUM,false,false,0.5089848,0.40012919,0.5343863299999999,,0.4065,false
EVT-MED-0809,Military Coup d’État in Song Dynasty,971,medieval,revolution,East Asia,Song Dynasty,CHR-MED-0809,555.2,0.573,0.211,0.3818,0.649,17.3,0.411,33.6,34.5,0.3535,24.7,11.5,0.2896,0.3887,0.2181,0,0.1068,0.0445,0.1516,-0.3442,0.768,0.8359,0.496226,CMN,BRACKET_BASE,false,true,0.9767418,0.553125,0.9153749999999999,,0.3677,true
EVT-MED-0810,Treaty System Implementation across Kamakura / Muromachi Japan,921,medieval,transformation,East Asia,Kamakura / Muromachi Japan,CHR-MED-0810,1059.4,0.605,0.408,0.5561,0.471,7,0.2705,35.6,43.5,0.429,35.7,13.3,0.3253,0.279,0.3289,0.2492,0.456,0.4474,0.3521,0.1684,0.3472,0.6194,0.668867,RMD,BRACKET_MEDIUM,false,true,0.7067376,0.54525,0.60425,,0.3181,false
EVT-MED-0811,Civic Restoration Revolt in Kamakura / Muromachi Japan,1453,medieval,revolution,East Asia,Kamakura / Muromachi Japan,CHR-MED-0811,710.9,0.595,0.397,0.3944,0.78,12.2,0.451,32.7,42.9,0.3942,57.7,12.8,0.3575,0.3958,0.2779,0.0696,0.3187,0.3561,0.2836,-0.0397,0.4138,0.5689,0.608908,CMN,BRACKET_BASE,false,true,0.56049742,0.39765294,0.4757857,,0.3948,false
EVT-MED-0812,Constitutional Reorganization of Kingdom of France,1286,medieval,transformation,Western Europe,Kingdom of France,CHR-MED-0812,798.4,0.678,0.638,0.3394,0.344,16.8,0.256,27.6,42.3,0.3356,50.2,7.1,0.319,0.2126,0.2917,0.153,0.3271,0.5506,0.307,0.338,0.2557,0.7368,0.708376,RMD,BRACKET_HIGH,false,false,0.51250206,0.38765489,0.3423273,,0.3634,false
EVT-MED-0813,Bureaucratic Consolidation of Abbasid Caliphate,861,medieval,transformation,Middle East,Abbasid Caliphate,CHR-MED-0813,1302.4,0.559,0.698,0.6,0.783,5.4,0.4185,30.5,36.9,0.3345,11.8,9.5,0.2261,0.276,0.3181,0.2326,0.3638,0.4275,0.3236,0.1515,0.1331,0.5421,0.5209,CMN,BRACKET_BASE,false,true,0.829875,0.543125,0.563375,,0.3138,true
EVT-MED-0814,Provincial Autonomy Insurgency against Kingdom of France,730,medieval,revolution,Western Europe,Kingdom of France,CHR-MED-0814,1104.8,0.434,0.575,0.5791,0.595,9,0.3425,33.2,34.3,0.348,17.4,6.7,0.2403,0.4736,0.3873,0.0792,0.3334,0.4216,0.339,-0.052,0.578,0.6121,0.639466,RMD,BRACKET_MEDIUM,false,true,0.7922652,0.583,0.8140000000000001,,0.4038,true
EVT-MED-0815,Peasant Rebellion against Holy Roman Empire,1257,medieval,revolution,Central Europe,Holy Roman Empire,CHR-MED-0815,734.7,0.551,0.38,0.4242,0.759,10.2,0.4305,29.2,38,0.3271,28,5.9,0.2707,0.443,0.2839,0,0.2624,0.6058,0.319,0.1628,0.671,0.7084,0.803064,RMD,BRACKET_HIGH,true,false,0.4681152,0.43789072,0.47739448,,0.3937,false
EVT-MED-0816,Printing & Communications Diffusion in Umayyad Caliphate (Al-Andalus),649,medieval,technological,Iberia / North Africa,Umayyad Caliphate (Al-Andalus),CHR-MED-0816,721.2,0.547,0.854,0.2767,0.777,12.5,0.451,32.5,37.9,0.362,31.6,10.2,0.3009,0.2851,0.3287,0.4072,0.4851,0.4968,0.4006,0.2117,0.2544,0.6445,0.621757,CMN,BRACKET_BASE,false,true,0.6230227500000001,0.52151925,0.625779,,0.2851,false
EVT-MED-0817,Agrarian Restructuring of Kamakura / Muromachi Japan,769,medieval,transformation,East Asia,Kamakura / Muromachi Japan,CHR-MED-0817,1145.4,0.405,0.21,0.7169,0.229,9.6,0.1625,26.4,39.3,0.3047,21.9,9.7,0.2719,0.2833,0.3328,0.2013,0.3439,0.4693,0.3261,0.186,0.3752,0.6466,0.693163,RMD,BRACKET_MEDIUM,false,false,0.44526,0.370175,0.368828,,0.3422,false
EVT-MED-0818,Fiscal Default Crisis in Kingdom of England,948,medieval,collapse,British Isles,Kingdom of England,CHR-MED-0818,1072,0.743,0.636,0.4523,0.659,9.3,0.376,25,39,0.2878,8.8,12.3,0.2189,0.4823,0.4112,0.0418,0.0859,0.177,0.2396,-0.3053,0.5225,0.7581,0.471078,CMN,BRACKET_BASE,false,true,0.78392151,0.587375,0.9325,,0.3925,true
EVT-MED-0819,Hydraulic Engineering Grid in Holy Roman Empire,1319,medieval,technological,Central Europe,Holy Roman Empire,CHR-MED-0819,984,0.567,0.275,0.571,0.318,7.6,0.197,27,38.4,0.3058,61.6,6.5,0.3308,0.2696,0.325,0.3916,0.4637,0.4033,0.3706,0.1337,0.1775,0.5855,0.833308,RMD,BRACKET_HIGH,true,false,0.39172936,0.4525572,0.61571148,,0.2714,false
EVT-MED-0820,Silver Flotilla Currency Shock in Holy Roman Empire,1329,medieval,economic,Central Europe,Holy Roman Empire,CHR-MED-0820,996,0.721,0.271,0.5318,0.634,17,0.402,27.6,42.6,0.3374,24.1,8.6,0.2733,0.3622,0.3083,0.2082,0.3412,0.5043,0.3448,0.1421,0.4112,0.6189,0.703239,RMD,BRACKET_HIGH,false,false,0.47756537999999993,0.39165647,0.40518249999999995,,0.3645,false
EVT-MED-0821,Epidemic Fever Outbreak across Mongol Empire / Ilkhanate,504,medieval,pandemic,Eurasian Steppe,Mongol Empire / Ilkhanate,CHR-MED-0821,1016.7,0.7,0.479,0.4857,0.565,13.9,0.352,32.2,34.6,0.339,40.7,9,0.3133,0.4499,0.3971,0,0.1146,0.224,0.2371,-0.2259,0.8981,0.8,0.426475,CMN,BRACKET_BASE,false,true,0.90613284,0.573004,0.8395693999999999,,0.4043,true
EVT-MED-0822,Debt Crisis Settlement of Kingdom of England,648,medieval,economic,British Isles,Kingdom of England,CHR-MED-0822,1072.5,0.408,0.826,0.4961,0.354,12.5,0.2395,35.4,44.8,0.4346,35.1,13.4,0.3246,0.4499,0.3818,0.1253,0.2692,0.4841,0.3421,0.0342,0.4675,0.5898,0.6956,RMD,BRACKET_MEDIUM,false,false,0.46114515,0.55903608,0.6843283200000001,,0.4004,false
EVT-MED-0823,Territorial Rupture of Song Dynasty,790,medieval,collapse,East Asia,Song Dynasty,CHR-MED-0823,899.7,0.58,0.194,0.5508,0.559,11.1,0.335,34.4,41.5,0.4041,23.1,9.9,0.2768,0.54,0.439,0.1337,0.1829,0.2653,0.3122,-0.2747,0.4094,0.6872,0.382505,CMN,BRACKET_BASE,false,true,0.79517752,0.5658120000000001,0.8376961600000001,,0.3849,false
EVT-MED-0824,Military Coup d’État in Khmer Empire,766,medieval,revolution,Southeast Asia,Khmer Empire,CHR-MED-0824,557.5,0.528,0.632,0.2701,0.796,5.4,0.425,33.5,34.7,0.3536,12.9,12.6,0.2481,0.4097,0.2551,0.0408,0.1607,0.3522,0.2437,-0.0575,0.3758,0.5977,0.525282,CMN,BRACKET_BASE,false,true,0.51133068,0.40443606,0.47980026,,0.4023,false
EVT-MED-0825,Synod Monotheistic Mandate in Abbasid Caliphate,1255,medieval,religious,Middle East,Abbasid Caliphate,CHR-MED-0825,1011,0.438,0.265,0.6257,0.444,11,0.277,29.1,36.1,0.3146,41.8,13.3,0.3367,0.3888,0.398,0.2361,0.3801,0.2936,0.3393,-0.0952,0.5198,0.6288,0.565602,CMN,BRACKET_BASE,false,true,0.7686502199999999,0.542,0.794125,,0.3107,true
EVT-MED-0826,Coalition Defense of Holy Roman Empire,545,medieval,war,Central Europe,Holy Roman Empire,CHR-MED-0826,1249.2,0.47,0.483,0.6655,0.365,18,0.2725,27,38.6,0.307,25.8,7.3,0.2718,0.4277,0.3329,0.0931,0.2521,0.4438,0.3099,0.0161,0.6763,0.621,0.378174,CMN,BRACKET_BASE,false,true,0.90089181,0.57375,0.772,,0.4,false
EVT-MED-0827,Pantheon Reformation of Abbasid Caliphate,526,medieval,religious,Middle East,Abbasid Caliphate,CHR-MED-0827,1315.4,0.664,0.63,0.5951,0.331,12.1,0.226,30.7,36.1,0.3318,35.2,7.9,0.2973,0.3168,0.3188,0.1292,0.2083,0.3056,0.2557,-0.0112,0.2796,0.533,0.395658,CMN,BRACKET_BASE,false,true,0.8226910999999999,0.550125,0.71,,0.3484,true
EVT-MED-0828,Harbor Incursion Sickness in Byzantine Empire,511,medieval,pandemic,Eastern Mediterranean,Byzantine Empire,CHR-MED-0828,1333.9,0.419,0.778,0.6331,0.705,15.4,0.4295,30,34.6,0.3153,23.1,6.2,0.2583,0.4417,0.3634,0,0.168,0.1872,0.2321,-0.2545,0.9424,0.7963,0.670168,RMD,BRACKET_MEDIUM,false,true,0.75818799,0.5720000000000001,0.895375,,0.3981,true
EVT-MED-0829,Pantheon Reformation of Abbasid Caliphate,736,medieval,religious,Middle East,Abbasid Caliphate,CHR-MED-0829,530.7,0.591,0.69,0.2209,0.602,14.9,0.3755,26,36.4,0.283,32.6,7.1,0.2877,0.286,0.252,0.1285,0.2591,0.2766,0.2404,-0.0094,0.5254,0.6345,0.511682,CMN,BRACKET_BASE,false,true,0.5567304,0.36503987,0.44673120000000005,,0.3308,false
EVT-MED-0830,Popular Uprising of Kingdom of France,913,medieval,revolution,Western Europe,Kingdom of France,CHR-MED-0830,865.1,0.715,0.319,0.4561,0.39,16.4,0.277,25.9,36.9,0.2849,12.6,13.1,0.2489,0.325,0.1914,0,0.182,0.0226,0.1442,-0.3024,0.7923,0.8387,0.284953,CMN,BRACKET_BASE,false,true,1,0.54125,0.8921250000000001,,0.3648,true
EVT-MED-0831,Educational Charter of Classic Maya & Postclassic,1346,medieval,transformation,Mesoamerica,Classic Maya & Postclassic,CHR-MED-0831,621.3,0.431,0.526,0.3617,0.326,4.9,0.1875,33.2,37.5,0.3672,51.5,12,0.3453,0.2019,0.2466,0.151,0.3941,0.453,0.2893,0.2511,0.3019,0.7036,0.701074,RMD,BRACKET_HIGH,false,false,0.52702496,0.37112025000000004,0.33418980000000004,,0.3421,false
EVT-MED-0832,Maritime Trade Hub Expansion in Mongol Empire / Ilkhanate,831,medieval,economic,Eurasian Steppe,Mongol Empire / Ilkhanate,CHR-MED-0832,1314.2,0.504,0.791,0.5942,0.406,12.6,0.266,28.5,35.9,0.3069,21.8,8.2,0.2641,0.3895,0.3675,0.1779,0.348,0.2311,0.3028,-0.1584,0.4006,0.6406,0.738593,RMD,BRACKET_HIGH,true,false,0.49697286,0.37401449999999997,0.49458500000000005,,0.3303,false
EVT-MED-0833,Imperial Annexation War in Mali Empire,1194,medieval,war,West Africa,Mali Empire,CHR-MED-0833,659.9,0.634,0.739,0.2555,0.741,5.9,0.4,35,44.4,0.4279,8.5,13.7,0.2234,0.3915,0.315,0.137,0.2619,0.3027,0.2816,-0.0888,0.5937,0.6639,0.846711,RMD,BRACKET_HIGH,true,false,0.39517341,0.38065797,0.497871,,0.3611,false
EVT-MED-0834,Temple Bureaucracy Reorganization of Khmer Empire,515,medieval,religious,Southeast Asia,Khmer Empire,CHR-MED-0834,1179.8,0.521,0.873,0.4998,0.701,4.8,0.3745,29.7,35.1,0.3151,49.5,8.1,0.3229,0.3936,0.3889,0.276,0.4237,0.5563,0.4077,0.1627,0.3062,0.616,0.551474,CMN,BRACKET_BASE,false,true,0.5269734399999999,0.3844594,0.38117365,,0.3512,false
EVT-MED-0835,Borderlands Pacification of Kingdom of France,1077,medieval,war,Western Europe,Kingdom of France,CHR-MED-0835,698.3,0.416,0.315,0.4666,0.215,10.5,0.16,28.9,34.9,0.3052,59.7,5.9,0.3255,0.267,0.1869,0,0.1753,0.2785,0.1815,0.0115,0.3492,0.5837,0.605901,CMN,BRACKET_BASE,false,true,0.75119343,0.5368974,0.6456678299999999,,0.384,true
EVT-MED-0836,Succession Conflict of Byzantine Empire,1355,medieval,war,Eastern Mediterranean,Byzantine Empire,CHR-MED-0836,785.6,0.455,0.318,0.4961,0.544,8,0.312,31,36,0.3345,44.6,5.1,0.3004,0.4103,0.3236,0.1515,0.3028,0.343,0.3062,-0.0673,0.5829,0.6407,0.537924,CMN,BRACKET_BASE,false,true,0.62369898,0.3769556,0.4837536,,0.366,false
EVT-MED-0837,Caravan Route Pestilence in Tang Dynasty,1195,medieval,pandemic,East Asia,Tang Dynasty,CHR-MED-0837,1283.1,0.533,0.793,0.57,0.419,7.3,0.246,28.5,38.2,0.3207,10.9,4.8,0.1969,0.3789,0.3463,0,0.1087,0.1034,0.1875,-0.2755,0.6197,0.7632,0.558215,CMN,BRACKET_BASE,false,true,0.6506325000000001,0.38705235000000004,0.55551132,,0.3768,false
EVT-MED-0838,Secular Legal Separation in Classic Maya & Postclassic,899,medieval,religious,Mesoamerica,Classic Maya & Postclassic,CHR-MED-0838,1052.3,0.617,0.782,0.4368,0.823,14.2,0.4825,25.9,35.2,0.2747,21.5,6,0.2521,0.3776,0.3467,0.177,0.3118,0.2712,0.2969,-0.1064,0.3468,0.5951,0.81361,RMD,BRACKET_HIGH,true,false,0.45145689,0.37765228,0.47899566,,0.3331,false
EVT-MED-0839,Popular Uprising of Byzantine Empire,945,medieval,revolution,Eastern Mediterranean,Byzantine Empire,CHR-MED-0839,1132.1,0.557,0.726,0.5101,0.727,10.9,0.418,35.7,41,0.4151,63.7,11.1,0.3562,0.5049,0.3836,0.0656,0.3125,0.507,0.3547,0.0021,0.6855,0.601,0.583478,CMN,BRACKET_BASE,false,true,0.69044089,0.5867514,0.7376075999999999,,0.4016,false
EVT-MED-0840,Printing & Communications Diffusion in Mali Empire,1229,medieval,technological,West Africa,Mali Empire,CHR-MED-0840,1238.6,0.723,0.802,0.4888,0.482,8.7,0.2845,26.7,34.5,0.2792,32.5,13,0.317,0.2436,0.2961,0.3423,0.4337,0.3861,0.3404,0.1425,0.4453,0.6604,0.503746,CMN,BRACKET_BASE,false,true,0.7520357799999999,0.5071364100000001,0.6597704999999999,,0.2702,false
EVT-MED-0841,Debt Crisis Settlement of Khmer Empire,1367,medieval,economic,Southeast Asia,Khmer Empire,CHR-MED-0841,613.6,0.662,0.298,0.3571,0.666,10.4,0.385,27.5,44.8,0.3496,41.6,7.1,0.3053,0.4247,0.3891,0.2782,0.3412,0.2751,0.3417,-0.1496,0.34,0.632,0.602928,CMN,BRACKET_BASE,false,true,0.44861617000000004,0.36892482000000004,0.4813004,,0.3008,false
EVT-MED-0842,Provincial Autonomy Insurgency against Mongol Empire / Ilkhanate,654,medieval,revolution,Eurasian Steppe,Mongol Empire / Ilkhanate,CHR-MED-0842,973.2,0.727,0.317,0.5052,0.768,8.9,0.4285,26.6,35,0.2811,29.7,11.9,0.305,0.4684,0.3026,0.0173,0.1613,0.2969,0.2493,-0.1715,0.5085,0.6675,0.460782,CMN,BRACKET_BASE,false,true,0.6494275199999999,0.40537476,0.5343302999999999,,0.4054,false
EVT-MED-0843,Respiratory Virulence Wave across Kingdom of France,1087,medieval,pandemic,Western Europe,Kingdom of France,CHR-MED-0843,1096.7,0.704,0.334,0.5665,0.628,11.3,0.3705,35,39.9,0.4009,32.4,9.8,0.3008,0.456,0.4339,0,0.1295,0.2174,0.2474,-0.2386,0.6217,0.7136,0.492216,CMN,BRACKET_BASE,false,true,0.6215151600000001,0.40528935,0.5575672,,0.406,false
EVT-MED-0844,Respiratory Virulence Wave across Umayyad Caliphate (Al-Andalus),520,medieval,pandemic,Iberia / North Africa,Umayyad Caliphate (Al-Andalus),CHR-MED-0844,712.5,0.426,0.773,0.3331,0.677,8.4,0.3805,34.1,44.4,0.4182,19.8,10.2,0.2671,0.4204,0.3804,0.0402,0.1697,0.3346,0.2691,-0.0858,0.8091,0.7088,0.492798,CMN,BRACKET_BASE,false,true,0.74408818,0.5541913799999999,0.7623490999999999,,0.403,false
EVT-MED-0845,Mercantile Tariff Overhaul across Umayyad Caliphate (Al-Andalus),518,medieval,economic,Iberia / North Africa,Umayyad Caliphate (Al-Andalus),CHR-MED-0845,854.1,0.479,0.642,0.4247,0.556,6.1,0.3085,26.1,35.4,0.2781,57.3,8.3,0.3345,0.3022,0.2682,0.09,0.1445,0.0939,0.1798,-0.2083,0.2704,0.6584,0.528044,CMN,BRACKET_BASE,false,true,0.69531426,0.47395038,0.7197304099999999,,0.3249,true
EVT-MED-0846,Coalition Defense of Classic Maya & Postclassic,520,medieval,war,Mesoamerica,Classic Maya & Postclassic,CHR-MED-0846,730.2,0.727,0.601,0.3029,0.671,9.2,0.3815,34.1,44.1,0.4164,63.9,5.7,0.3294,0.3533,0.2433,0.0931,0.1724,0.4664,0.2657,0.1131,0.56,0.666,0.505704,CMN,BRACKET_BASE,false,true,0.7371239999999999,0.47885117,0.6023672599999998,,0.3964,false
EVT-MED-0847,Mercantile Tariff Overhaul across Classic Maya & Postclassic,1253,medieval,economic,Mesoamerica,Classic Maya & Postclassic,CHR-MED-0847,1110.6,0.587,0.641,0.5162,0.81,17.3,0.4915,34.9,39.4,0.3969,17.9,10.2,0.2598,0.4676,0.3924,0.28,0.4353,0.2813,0.3713,-0.1863,0.5396,0.6548,0.796181,RMD,BRACKET_HIGH,true,false,0.4687435999999999,0.37742516,0.52022355,,0.3248,false
EVT-MED-0848,Caravan Route Pestilence in Byzantine Empire,854,medieval,pandemic,Eastern Mediterranean,Byzantine Empire,CHR-MED-0848,1182.8,0.674,0.713,0.5033,0.72,13.3,0.4265,26.1,44.4,0.3321,15.4,10.5,0.2504,0.4214,0.3704,0.1138,0.2713,0.0802,0.2514,-0.3412,0.8631,0.8407,0.420057,CMN,BRACKET_BASE,false,true,0.8451167199999999,0.53491144,0.8761119599999999,,0.3642,false
EVT-MED-0849,Frontier Campaign of Mali Empire,805,medieval,war,West Africa,Mali Empire,CHR-MED-0849,678.6,0.468,0.547,0.3719,0.736,9.8,0.417,29.3,42.4,0.3546,53.9,4.7,0.3121,0.3486,0.2892,0.0472,0.1138,0.4404,0.2478,0.0918,0.4979,0.6325,0.435627,CMN,BRACKET_BASE,false,true,0.925375,0.5755,0.69575,,0.4037,true
EVT-MED-0850,Temple Bureaucracy Reorganization of Khmer Empire,1421,medieval,religious,Southeast Asia,Khmer Empire,CHR-MED-0850,1018,0.459,0.37,0.5913,0.671,5.5,0.363,26.5,38.3,0.2998,22.8,7.8,0.2653,0.3942,0.3759,0.1986,0.3111,0.4754,0.351,0.0812,0.4113,0.5886,0.554583,CMN,BRACKET_BASE,false,true,0.65369538,0.47679168,0.61667568,,0.3698,false
EVT-MED-0851,Systemic Governance Breakdown in Classic Maya & Postclassic,980,medieval,collapse,Mesoamerica,Classic Maya & Postclassic,CHR-MED-0851,1232.7,0.408,0.491,0.6738,0.583,5.9,0.321,33,40.8,0.3848,30.5,10.6,0.3004,0.4975,0.4448,0.229,0.2534,0.2783,0.3406,-0.2192,0.7828,0.7371,0.499006,CMN,BRACKET_BASE,false,true,0.5251949499999999,0.38879060000000004,0.5651898000000001,,0.3339,false
EVT-MED-0852,Guild Monopoly Reform in Mali Empire,506,medieval,economic,West Africa,Mali Empire,CHR-MED-0852,640.9,0.599,0.664,0.2794,0.809,16.8,0.4885,26.9,45,0.3443,20.8,7.6,0.2577,0.3773,0.3283,0.1724,0.2765,0.1531,0.2615,-0.2242,0.2647,0.6504,0.386275,CMN,BRACKET_BASE,false,true,0.6909556199999999,0.5303661399999999,0.7511238,,0.3287,true
EVT-MED-0853,Respiratory Virulence Wave across Classic Maya & Postclassic,866,medieval,pandemic,Mesoamerica,Classic Maya & Postclassic,CHR-MED-0853,1082,0.44,0.241,0.6665,0.692,8,0.386,35.3,35.4,0.3772,38.1,7.7,0.302,0.456,0.4157,0.0883,0.189,0.1961,0.269,-0.2599,0.9427,0.7916,0.48061,CMN,BRACKET_BASE,false,true,0.80630474,0.55917135,0.8607115200000001,,0.3742,false
EVT-MED-0854,Decentralization Wave across Chola Dynasty,807,medieval,collapse,South India,Chola Dynasty,CHR-MED-0854,1247.5,0.627,0.3,0.6725,0.485,9.2,0.2885,33.8,43.6,0.4102,16.4,12.4,0.2645,0.47,0.3985,0.0592,0.0902,0.0367,0.2109,-0.4333,0.7193,0.8381,0.523551,CMN,BRACKET_BASE,false,true,0.6871440400000001,0.40617486,0.6150474200000001,,0.3742,false
EVT-MED-0855,Navigational Instrument Reform in Umayyad Caliphate (Al-Andalus),796,medieval,technological,Iberia / North Africa,Umayyad Caliphate (Al-Andalus),CHR-MED-0855,764.6,0.752,0.183,0.4374,0.647,6.7,0.357,34.5,38.3,0.386,18.3,10.8,0.2644,0.2722,0.3291,0.4147,0.5308,0.5699,0.4233,0.2977,0.4677,0.7306,0.675892,RMD,BRACKET_MEDIUM,false,true,0.44912447999999994,0.38595216,0.43747056,,0.3107,false
EVT-MED-0856,Bureaucratic Consolidation of Kamakura / Muromachi Japan,1461,medieval,transformation,East Asia,Kamakura / Muromachi Japan,CHR-MED-0856,820.6,0.437,0.286,0.528,0.321,7.3,0.197,26.2,34.7,0.275,9.7,4.6,0.1875,0.1819,0.2345,0.1715,0.3375,0.4112,0.2673,0.2293,0.3139,0.6823,0.586701,CMN,BRACKET_BASE,false,true,0.5534823,0.366317,0.33370077000000004,,0.3258,false
EVT-MED-0857,Agrarian Restructuring of Mali Empire,1100,medieval,transformation,West Africa,Mali Empire,CHR-MED-0857,723.5,0.695,0.517,0.3345,0.74,14.3,0.4415,36,35,0.3823,35.2,12.7,0.3213,0.2833,0.3251,0.2056,0.4055,0.5892,0.3617,0.3059,0.2378,0.6809,1,RMD,BRACKET_HIGH,true,false,0.3499956,0.38481688000000003,0.34279758,,0.3647,false
EVT-MED-0858,Orthodoxy & Heresy Trial Wave in Mongol Empire / Ilkhanate,916,medieval,religious,Eurasian Steppe,Mongol Empire / Ilkhanate,CHR-MED-0858,962.7,0.439,0.336,0.5808,0.833,5.3,0.443,29.4,35.4,0.3136,45.5,9,0.3213,0.3961,0.3791,0.2006,0.2581,0.4272,0.3322,0.0311,0.4337,0.5546,0.823639,RMD,BRACKET_HIGH,true,false,0.42547896,0.3896968,0.44926314,,0.3622,false
EVT-MED-0859,Grain Market Price Shock across Kingdom of France,1243,medieval,economic,Western Europe,Kingdom of France,CHR-MED-0859,591.5,0.629,0.69,0.2388,0.766,13.4,0.45,30.6,42.9,0.3716,22.4,12.3,0.2865,0.293,0.2152,0.1122,0.2202,0.3382,0.2358,0.0452,0.3968,0.5945,0.445238,CMN,BRACKET_BASE,false,true,0.8177607900000001,0.544375,0.681625,,0.358,true
EVT-MED-0860,Mercantile Tariff Overhaul across Mali Empire,1139,medieval,economic,West Africa,Mali Empire,CHR-MED-0860,1146.2,0.529,0.121,0.7068,0.289,11.3,0.201,25.7,41.9,0.3128,56.9,9.1,0.338,0.423,0.3723,0.2015,0.346,0.4592,0.3604,0.0362,0.5253,0.5978,0.565435,CMN,BRACKET_BASE,false,true,0.6889234799999999,0.5566249999999999,0.73175,,0.3701,false
EVT-MED-0861,Printing & Communications Diffusion in Khmer Empire,505,medieval,technological,Southeast Asia,Khmer Empire,CHR-MED-0861,1084.1,0.735,0.557,0.4843,0.418,10,0.259,25.9,41.2,0.3107,19.2,10.5,0.2664,0.2577,0.3012,0.3744,0.4514,0.4769,0.3723,0.2192,0.3611,0.6805,0.747433,RMD,BRACKET_HIGH,true,false,0.5194518,0.46245939999999996,0.62121288,,0.2885,false
EVT-MED-0862,Canal Infrastructure Boom in Kingdom of England,791,medieval,economic,British Isles,Kingdom of England,CHR-MED-0862,854.9,0.735,0.473,0.399,0.627,8.1,0.354,29.5,36.9,0.3237,47.5,5.1,0.3049,0.3241,0.2407,0,0.0688,0.3169,0.1901,-0.0072,0.4384,0.582,0.474891,CMN,BRACKET_BASE,false,true,0.8255010599999999,0.56025922,0.6887266100000001,,0.4003,true
EVT-MED-0863,Agrarian Insurgency in Holy Roman Empire,758,medieval,revolution,Central Europe,Holy Roman Empire,CHR-MED-0863,1194.1,0.453,0.357,0.6819,0.446,13.2,0.289,33.9,39.4,0.3861,28,9.1,0.2867,0.4962,0.4022,0.0807,0.2587,0.5534,0.3582,0.0572,0.632,0.6153,0.355095,CMN,BRACKET_BASE,false,true,0.9395272499999999,0.5982500000000001,0.766375,,0.4022,false
EVT-MED-0864,Bureaucratic Consolidation of Kingdom of France,809,medieval,transformation,Western Europe,Kingdom of France,CHR-MED-0864,1143.6,0.714,0.595,0.5078,0.513,4.7,0.28,34.5,40.1,0.3968,14.5,12.3,0.2551,0.3053,0.3754,0.2529,0.4167,0.5492,0.3799,0.2439,0.2013,0.6343,0.653218,RMD,BRACKET_MEDIUM,false,true,0.51308544,0.52073472,0.48987136000000003,,0.3416,false
EVT-MED-0865,Frontier Campaign of Song Dynasty,760,medieval,war,East Asia,Song Dynasty,CHR-MED-0865,1299.4,0.427,0.203,0.7866,0.693,4.6,0.3695,33.5,39.1,0.38,55.6,10.2,0.3418,0.527,0.4579,0.2645,0.3178,0.3825,0.3899,-0.1445,0.5798,0.6226,0.363573,CMN,BRACKET_BASE,false,true,0.78941207,0.563625,0.8471249999999999,,0.3516,false
EVT-MED-0866,Respiratory Virulence Wave across Byzantine Empire,1186,medieval,pandemic,Eastern Mediterranean,Byzantine Empire,CHR-MED-0866,1237.4,0.519,0.418,0.6646,0.223,6.8,0.1455,32,43.2,0.3884,58.7,10.4,0.3468,0.4348,0.4111,0,0.1548,0.1848,0.2371,-0.25,0.7319,0.7682,0.554686,CMN,BRACKET_BASE,false,true,0.7394337599999999,0.48501081999999995,0.7999092999999999,,0.3983,false
EVT-MED-0867,Radical Assembly Schism in Classic Maya & Postclassic,743,medieval,revolution,Mesoamerica,Classic Maya & Postclassic,CHR-MED-0867,1197.1,0.662,0.48,0.5837,0.715,7.3,0.394,25.2,41.6,0.3056,11.1,8.6,0.2172,0.4244,0.2985,0.0622,0.2126,0.2912,0.2578,-0.1332,0.7692,0.7017,0.485947,CMN,BRACKET_BASE,false,true,0.7103868500000001,0.54721337,0.7825028399999999,,0.3911,false
EVT-MED-0868,Monastic Network Expansion of Kingdom of France,887,medieval,religious,Western Europe,Kingdom of France,CHR-MED-0868,563.3,0.671,0.295,0.3311,0.403,13.5,0.269,26.3,34.3,0.2736,32.3,7,0.2865,0.3219,0.3717,0.2372,0.2965,0.2019,0.2858,-0.12,0.3576,0.6531,0.539304,CMN,BRACKET_BASE,false,true,0.71056449,0.536,0.76525,,0.2879,true
EVT-MED-0869,Agricultural Plague Wave in Kamakura / Muromachi Japan,1454,medieval,pandemic,East Asia,Kamakura / Muromachi Japan,CHR-MED-0869,912.8,0.643,0.58,0.4224,0.683,10.1,0.392,26.9,38.5,0.3053,57,6.7,0.3261,0.4059,0.3642,0.1053,0.3126,0.2934,0.2963,-0.1125,0.651,0.6855,0.500266,CMN,BRACKET_BASE,false,true,0.6710571000000001,0.5381567100000001,0.7722936000000001,,0.3773,false
EVT-MED-0870,Monastic Network Expansion of Umayyad Caliphate (Al-Andalus),710,medieval,religious,Iberia / North Africa,Umayyad Caliphate (Al-Andalus),CHR-MED-0870,1025.3,0.498,0.164,0.6449,0.409,8.9,0.249,28.2,37,0.3103,27.4,12,0.2996,0.3824,0.3669,0.1685,0.2834,0.5277,0.3458,0.1453,0.4826,0.6485,0.635505,RMD,BRACKET_MEDIUM,false,true,0.46451134000000005,0.3783299,0.39970407,,0.3855,false
EVT-MED-0871,Decentralization Wave across Mongol Empire / Ilkhanate,1321,medieval,collapse,Eurasian Steppe,Mongol Empire / Ilkhanate,CHR-MED-0871,693.8,0.452,0.134,0.508,0.676,7.5,0.3755,35.6,38.8,0.4008,14.1,5.7,0.22,0.4401,0.3422,0,0.0416,0.1135,0.1875,-0.3266,0.5218,0.7442,0.688164,RMD,BRACKET_MEDIUM,false,false,0.51178892,0.40557813,0.5794306699999999,,0.3892,false
EVT-MED-0872,Agrarian Insurgency in Chola Dynasty,636,medieval,revolution,South India,Chola Dynasty,CHR-MED-0872,781.8,0.449,0.861,0.3332,0.443,11.5,0.279,31.8,42.2,0.3803,40.8,13.7,0.3369,0.35,0.1731,0,0.1296,0.1133,0.1532,-0.2367,0.7882,0.806,0.624864,CMN,BRACKET_BASE,false,true,0.67646418,0.37532206,0.52937677,,0.3711,false
EVT-MED-0873,Palatial Collapse of Mali Empire,647,medieval,collapse,West Africa,Mali Empire,CHR-MED-0873,785.7,0.528,0.343,0.4667,0.521,10,0.3105,32.8,42.7,0.394,43.9,10.6,0.3267,0.5091,0.4017,0.0239,0.0606,0.0661,0.2123,-0.443,0.6839,0.8645,0.685912,RMD,BRACKET_MEDIUM,false,false,0.5071397099999999,0.41879131999999997,0.6149919300000001,,0.379,false
EVT-MED-0874,Monastic Network Expansion of Abbasid Caliphate,820,medieval,religious,Middle East,Abbasid Caliphate,CHR-MED-0874,1308.2,0.639,0.53,0.6292,0.623,15.6,0.3895,32.4,37.8,0.3603,27.7,13.5,0.3079,0.3943,0.4004,0.2558,0.3875,0.4501,0.3776,0.0558,0.3685,0.5454,0.634172,RMD,BRACKET_MEDIUM,false,true,0.49688364000000007,0.53747694,0.64731564,,0.3383,false
EVT-MED-0875,Provincial Autonomy Insurgency against Khmer Empire,615,medieval,revolution,Southeast Asia,Khmer Empire,CHR-MED-0875,1346.1,0.464,0.858,0.6015,0.266,9.4,0.18,25.4,38.3,0.288,37.8,10.5,0.3154,0.4388,0.3438,0.0311,0.2666,0.3977,0.2956,-0.0411,0.5726,0.6349,0.486622,CMN,BRACKET_BASE,false,true,0.7848531599999999,0.5800000000000001,0.8005,,0.4051,false
EVT-MED-0876,Printing & Communications Diffusion in Kamakura / Muromachi Japan,981,medieval,technological,East Asia,Kamakura / Muromachi Japan,CHR-MED-0876,1294.6,0.508,0.428,0.6925,0.7,13.7,0.4185,33.8,37.8,0.3754,33.8,9.7,0.3033,0.4027,0.4259,0.5418,0.6573,0.761,0.5577,0.3583,0.3172,0.6798,0.574722,CMN,BRACKET_BASE,false,true,0.66146934,0.56125,0.6293749999999999,,0.3291,false
EVT-MED-0877,Constitutional Reorganization of Classic Maya & Postclassic,1191,medieval,transformation,Mesoamerica,Classic Maya & Postclassic,CHR-MED-0877,905.1,0.495,0.236,0.5663,0.749,7.2,0.4105,29.2,40,0.3391,50,8.5,0.3257,0.3455,0.3976,0.2485,0.4139,0.6638,0.4139,0.3183,0.2102,0.657,0.720152,RMD,BRACKET_HIGH,false,false,0.48792014000000006,0.4033189,0.35840189000000006,,0.3745,false
EVT-MED-0878,Strategic Siege of Byzantine Empire,520,medieval,war,Eastern Mediterranean,Byzantine Empire,CHR-MED-0878,1206.5,0.491,0.492,0.6359,0.677,7.4,0.3755,28,37.9,0.3136,37.4,8.5,0.3046,0.3623,0.2968,0.0968,0.2475,0.1429,0.2293,-0.2194,0.4266,0.6564,0.409343,CMN,BRACKET_BASE,false,true,0.80310384,0.53640048,0.78361536,,0.344,true
EVT-MED-0879,Succession Conflict of Abbasid Caliphate,581,medieval,war,Middle East,Abbasid Caliphate,CHR-MED-0879,1274.5,0.401,0.371,0.732,0.609,16.2,0.3855,31.2,44.5,0.3876,10.1,8.6,0.2104,0.5063,0.4292,0.1214,0.3146,0.4234,0.359,-0.0829,0.3523,0.5371,0.522936,CMN,BRACKET_BASE,false,true,0.4669666,0.4115127,0.5005929600000001,,0.4021,false
EVT-MED-0880,Mercantile Tariff Overhaul across Tang Dynasty,1434,medieval,economic,East Asia,Tang Dynasty,CHR-MED-0880,1093.1,0.676,0.154,0.6272,0.754,17.9,0.4665,29.1,37.4,0.3224,38,12.3,0.3248,0.4055,0.32,0.1163,0.2041,0.2543,0.26,-0.1512,0.454,0.6127,0.575294,CMN,BRACKET_BASE,false,true,0.66947256,0.47726909999999995,0.7352428299999999,,0.3639,false
EVT-MED-0881,Dynastic Disintegration of Kingdom of France,1460,medieval,collapse,Western Europe,Kingdom of France,CHR-MED-0881,679.1,0.708,0.862,0.2057,0.444,8.5,0.2645,33.1,38.5,0.3721,26,8.3,0.2773,0.3389,0.2469,0,0.0971,0.1097,0.1585,-0.2292,0.844,0.8384,0.462965,CMN,BRACKET_BASE,false,true,0.88191784,0.5232918599999999,0.7936138,,0.3683,false
EVT-MED-0882,Military Coup d’État in Classic Maya & Postclassic,879,medieval,revolution,Mesoamerica,Classic Maya & Postclassic,CHR-MED-0882,1303,0.634,0.344,0.6839,0.714,12.2,0.418,31.6,35.5,0.3379,56.3,13.2,0.3578,0.5162,0.3954,0.191,0.3812,0.67,0.4308,0.1538,0.7572,0.6864,0.527338,CMN,BRACKET_BASE,false,true,0.68351517,0.51066026,0.6770957699999999,,0.4021,false
EVT-MED-0883,Temple Bureaucracy Reorganization of Kingdom of England,694,medieval,religious,British Isles,Kingdom of England,CHR-MED-0883,1222.2,0.63,0.312,0.6558,0.717,11.5,0.416,29,43.6,0.3585,46.9,10.1,0.329,0.4228,0.4894,0.3619,0.4845,0.3108,0.4139,-0.112,0.4218,0.5814,0.702501,RMD,BRACKET_HIGH,false,false,0.6208785,0.553,0.7857500000000001,,0.2888,true
EVT-MED-0884,Palatial Collapse of Kievan Rus,1354,medieval,collapse,Eastern Europe,Kievan Rus,CHR-MED-0884,814.3,0.752,0.574,0.344,0.387,11.3,0.25,30.8,40.1,0.3569,39.5,7.2,0.3021,0.3718,0.2892,0,0.03,0,0.1382,-0.4135,0.5194,0.8405,0.605274,CMN,BRACKET_BASE,false,true,0.6008671999999999,0.38893229,0.5689607000000001,,0.3673,false
EVT-MED-0885,Agrarian Restructuring of Classic Maya & Postclassic,1432,medieval,transformation,Mesoamerica,Classic Maya & Postclassic,CHR-MED-0885,877,0.736,0.342,0.4486,0.376,10.6,0.241,26.3,36,0.2838,49.6,11.8,0.3416,0.2514,0.2768,0.1722,0.3139,0.4077,0.2844,0.1563,0.3861,0.6649,0.593084,CMN,BRACKET_BASE,false,true,0.76756428,0.51429399,0.56404542,,0.3317,false
EVT-MED-0886,Radical Assembly Schism in Umayyad Caliphate (Al-Andalus),723,medieval,revolution,Iberia / North Africa,Umayyad Caliphate (Al-Andalus),CHR-MED-0886,1095.8,0.478,0.735,0.5136,0.758,16.5,0.4615,27.6,36,0.2978,44.1,7.2,0.3101,0.4095,0.2953,0.0879,0.2685,0.1031,0.2329,-0.3064,0.6233,0.7603,0.342597,CMN,BRACKET_BASE,false,true,0.9502090000000001,0.557125,0.9197500000000001,,0.3632,true
EVT-MED-0887,Caravan Route Pestilence in Chola Dynasty,1027,medieval,pandemic,South India,Chola Dynasty,CHR-MED-0887,1334.1,0.724,0.39,0.6581,0.474,15.6,0.315,32.4,37.3,0.3573,39.6,10,0.3163,0.4687,0.4167,0,0.2169,0.4614,0.3127,-0.0073,0.6191,0.5892,0.651543,RMD,BRACKET_MEDIUM,false,true,0.59370934,0.41108079999999997,0.47888511,,0.3999,false
EVT-MED-0888,Orthodoxy & Heresy Trial Wave in Tang Dynasty,1041,medieval,religious,East Asia,Tang Dynasty,CHR-MED-0888,928.4,0.569,0.724,0.4089,0.534,13,0.332,28.6,39.8,0.3314,38.2,5.1,0.2892,0.3097,0.3629,0.2252,0.3725,0.4596,0.346,0.1499,0.2842,0.6212,0.970205,RMD,BRACKET_HIGH,true,false,0.40587835,0.38114868,0.38307297,,0.3366,false
EVT-MED-0889,Educational Charter of Kingdom of England,1289,medieval,transformation,British Isles,Kingdom of England,CHR-MED-0889,768.2,0.757,0.353,0.3866,0.744,13,0.437,35.9,38.3,0.401,24.5,7.6,0.2695,0.3067,0.3393,0.2838,0.5024,0.5659,0.3996,0.2592,0.2834,0.6571,0.618673,CMN,BRACKET_BASE,false,true,0.45001209999999997,0.37871757,0.33403182,,0.3364,false
EVT-MED-0890,Radical Assembly Schism in Holy Roman Empire,1121,medieval,revolution,Central Europe,Holy Roman Empire,CHR-MED-0890,1199.6,0.697,0.603,0.5375,0.749,13.6,0.4425,33.7,38,0.3755,26,4.6,0.2588,0.4586,0.3439,0,0.1419,0.6525,0.3194,0.1939,0.6026,0.682,0.687466,RMD,BRACKET_MEDIUM,false,false,0.56475,0.6543749999999999,0.76975,,0.4004,false
EVT-MED-0891,Military Coup d’État in Mongol Empire / Ilkhanate,532,medieval,revolution,Eurasian Steppe,Mongol Empire / Ilkhanate,CHR-MED-0891,1298.8,0.589,0.327,0.7005,0.501,10.1,0.301,35.3,34.3,0.3706,10.9,4.5,0.1954,0.4455,0.271,0,0.2655,0.125,0.2214,-0.3205,0.5138,0.7257,0.473929,CMN,BRACKET_BASE,false,true,0.7310650900000001,0.47839890000000007,0.80965917,,0.401,false
EVT-MED-0892,Educational Charter of Khmer Empire,1384,medieval,transformation,Southeast Asia,Khmer Empire,CHR-MED-0892,570.1,0.609,0.357,0.3343,0.261,9.4,0.1775,25.6,35.1,0.2709,14,8.5,0.2335,0.1917,0.2244,0.1234,0.2838,0.5405,0.2728,0.3488,0.3386,0.7856,0.870722,RMD,BRACKET_HIGH,true,false,0.48235906,0.37799305,0.34098812,,0.3638,false
EVT-MED-0893,Peasant Rebellion against Classic Maya & Postclassic,954,medieval,revolution,Mesoamerica,Classic Maya & Postclassic,CHR-MED-0893,822.5,0.462,0.427,0.4791,0.748,7.7,0.4125,28.9,34.5,0.3028,62.5,12.9,0.3638,0.4096,0.2675,0,0.2465,0.1232,0.2094,-0.2864,0.4474,0.7173,0.417448,CMN,BRACKET_BASE,false,true,0.8640000000000001,0.567,0.89225,,0.3947,true
EVT-MED-0894,Institutional Dissolution of Khmer Empire,502,medieval,collapse,Southeast Asia,Khmer Empire,CHR-MED-0894,1305.9,0.649,0.461,0.6457,0.8,11.2,0.456,33.8,35.9,0.364,45,5.8,0.3045,0.5656,0.4811,0.2488,0.319,0.3113,0.3852,-0.2543,0.468,0.6645,0.358855,CMN,BRACKET_BASE,false,true,0.7745749200000001,0.5509553399999999,0.8254699200000001,,0.3493,false
EVT-MED-0895,Harbor Incursion Sickness in Classic Maya & Postclassic,568,medieval,pandemic,Mesoamerica,Classic Maya & Postclassic,CHR-MED-0895,1038.5,0.547,0.796,0.447,0.734,5.6,0.395,25.5,39.5,0.2962,15.4,4.7,0.2214,0.3936,0.3146,0,0.1958,0.0222,0.1852,-0.3714,0.9193,0.8897,0.477601,CMN,BRACKET_BASE,false,true,0.87561481,0.5373132500000001,0.86861055,,0.3818,false
EVT-MED-0896,Bureaucratic Consolidation of Song Dynasty,1049,medieval,transformation,East Asia,Song Dynasty,CHR-MED-0896,993.8,0.437,0.203,0.6363,0.648,5.8,0.353,33.1,41.3,0.3889,61.7,5.9,0.3279,0.3619,0.4149,0.3323,0.4743,0.4658,0.4098,0.1039,0.3382,0.5639,0.509787,CMN,BRACKET_BASE,false,true,0.5419035600000001,0.45462536,0.56716235,,0.2956,false
EVT-MED-0897,Judicial Standard Reform in Byzantine Empire,1234,medieval,transformation,Eastern Mediterranean,Byzantine Empire,CHR-MED-0897,791.3,0.528,0.614,0.3881,0.276,6.8,0.172,32,36.3,0.347,18.6,13.1,0.2771,0.207,0.2836,0.2253,0.4518,0.438,0.3211,0.231,0.271,0.6864,0.86914,RMD,BRACKET_HIGH,true,false,0.42218040999999995,0.37257327,0.34227396,,0.3247,false
EVT-MED-0898,Administrative Codification of Byzantine Empire,549,medieval,transformation,Eastern Mediterranean,Byzantine Empire,CHR-MED-0898,894.8,0.69,0.866,0.3138,0.291,15.4,0.2225,33.1,38.1,0.3697,51,9.4,0.3316,0.2144,0.2789,0.2032,0.374,0.5395,0.322,0.3251,0.3213,0.75,0.589951,CMN,BRACKET_BASE,false,true,0.7486713700000001,0.53947634,0.50904516,,0.3477,false
EVT-MED-0899,Canal Infrastructure Boom in Kievan Rus,959,medieval,economic,Eastern Europe,Kievan Rus,CHR-MED-0899,1002.2,0.425,0.323,0.608,0.332,17.9,0.2555,35.7,40.4,0.4115,30.7,13.5,0.3154,0.4005,0.3755,0.2309,0.3367,0.3124,0.3312,-0.0881,0.5547,0.625,0.710478,RMD,BRACKET_HIGH,false,false,0.6544795,0.5124163199999999,0.7204301999999999,,0.3162,false
EVT-MED-0900,Orthodoxy & Heresy Trial Wave in Abbasid Caliphate,1457,medieval,religious,Middle East,Abbasid Caliphate,CHR-MED-0900,1241.3,0.568,0.199,0.7175,0.615,15.7,0.386,26.6,34.6,0.2787,51.3,7.5,0.3225,0.3839,0.3633,0.1959,0.2491,0.3224,0.3029,-0.0615,0.461,0.5711,0.706345,RMD,BRACKET_HIGH,false,false,0.51615951,0.47567702999999995,0.69864444,,0.3351,false
EVT-MED-0901,Military Coup d’État in Byzantine Empire,502,medieval,revolution,Eastern Mediterranean,Byzantine Empire,CHR-MED-0901,626.1,0.48,0.781,0.2728,0.242,8.8,0.165,29.9,40.7,0.3508,26.5,5.2,0.2632,0.2531,0.1084,0,0.2754,0,0.1274,-0.3356,0.3992,0.7927,0.502541,CMN,BRACKET_BASE,false,true,0.8074333200000001,0.47371434000000007,0.7308168,,0.3652,true
EVT-MED-0902,Administrative Codification of Khmer Empire,1179,medieval,transformation,Southeast Asia,Khmer Empire,CHR-MED-0902,763.2,0.63,0.501,0.3779,0.423,8.9,0.256,33.1,39.7,0.3793,63.1,10.6,0.353,0.2238,0.2827,0.1981,0.3537,0.4877,0.3092,0.2639,0.3076,0.6974,0.520514,CMN,BRACKET_BASE,false,true,0.62203408,0.4543488,0.47772815999999996,,0.3382,false
EVT-MED-0903,Imperial Unification of Kamakura / Muromachi Japan,1144,medieval,transformation,East Asia,Kamakura / Muromachi Japan,CHR-MED-0903,1320.8,0.705,0.554,0.6082,0.42,5.8,0.239,25.5,38.6,0.2908,11.9,11.5,0.2368,0.2878,0.3163,0.1939,0.3165,0.5712,0.3371,0.2834,0.3629,0.7031,0.658011,RMD,BRACKET_MEDIUM,false,true,0.5523768,0.3939612,0.37281865999999997,,0.3649,false
EVT-MED-0904,Silver Flotilla Currency Shock in Abbasid Caliphate,1014,medieval,economic,Middle East,Abbasid Caliphate,CHR-MED-0904,1210.1,0.515,0.64,0.5861,0.445,14.4,0.2945,35.3,37.4,0.3892,11.6,7.3,0.2139,0.3259,0.2661,0.0076,0.1706,0.2553,0.2051,-0.0706,0.2986,0.5523,0.456145,CMN,BRACKET_BASE,false,true,0.7132299999999999,0.4830147000000001,0.67567003,,0.3897,false
EVT-MED-0905,Strategic Siege of Tang Dynasty,1080,medieval,war,East Asia,Tang Dynasty,CHR-MED-0905,1109.7,0.497,0.236,0.6643,0.219,11.8,0.1685,27.5,41.2,0.328,22.4,8,0.265,0.3494,0.2412,0,0.1272,0.2158,0.1867,-0.1336,0.5265,0.6596,0.531057,CMN,BRACKET_BASE,false,true,0.7423743600000001,0.47933445,0.7270896299999999,,0.3884,false
EVT-MED-0906,Harbor Incursion Sickness in Kievan Rus,1271,medieval,pandemic,Eastern Europe,Kievan Rus,CHR-MED-0906,1156.9,0.467,0.121,0.7305,0.701,15.1,0.426,31.8,42.6,0.3827,39.1,7.7,0.3039,0.5353,0.4619,0.0149,0.1371,0.3034,0.2905,-0.2319,0.6123,0.6774,0.519733,CMN,BRACKET_BASE,false,true,0.72665438,0.5459335200000001,0.83872205,,0.4104,false
EVT-MED-0907,Printing & Communications Diffusion in Song Dynasty,1215,medieval,technological,East Asia,Song Dynasty,CHR-MED-0907,953.3,0.553,0.464,0.5037,0.262,12,0.191,26.6,42.6,0.3267,11.8,13.8,0.2476,0.2321,0.2545,0.3107,0.4412,0.5084,0.3494,0.2763,0.2899,0.6985,0.812606,RMD,BRACKET_HIGH,true,false,0.46357101,0.37111590000000005,0.36608114,,0.317,false
EVT-MED-0908,Palatial Collapse of Holy Roman Empire,1343,medieval,collapse,Central Europe,Holy Roman Empire,CHR-MED-0908,954,0.618,0.177,0.5707,0.321,12.2,0.2215,32.1,37.5,0.3553,50.5,12.7,0.3474,0.4672,0.3766,0.1216,0.1759,0.1466,0.2576,-0.3206,0.7426,0.8166,0.445384,CMN,BRACKET_BASE,false,true,0.9257249999999999,0.561875,0.94375,,0.3544,true
EVT-MED-0909,Radical Assembly Schism in Song Dynasty,743,medieval,revolution,East Asia,Song Dynasty,CHR-MED-0909,1280.9,0.457,0.776,0.5968,0.64,9.7,0.3685,31.1,37.9,0.3469,18.4,11,0.2658,0.4305,0.2774,0.0712,0.2002,0.4847,0.2928,0.0542,0.5981,0.612,0.625436,CMN,BRACKET_BASE,false,true,0.6588448200000001,0.4938525000000001,0.6536019999999999,,0.4057,false
EVT-MED-0910,Orthodoxy & Heresy Trial Wave in Byzantine Empire,967,medieval,religious,Eastern Mediterranean,Byzantine Empire,CHR-MED-0910,797.9,0.582,0.387,0.4432,0.819,15.7,0.488,28.3,43.5,0.3504,44,5.3,0.3004,0.3852,0.3516,0.2191,0.3391,0.5007,0.3591,0.1155,0.2779,0.5696,0.57414,CMN,BRACKET_BASE,false,true,0.6814853999999999,0.5357314,0.5865769399999999,,0.3651,false
EVT-MED-0911,Caravan Route Pestilence in Kingdom of England,878,medieval,pandemic,British Isles,Kingdom of England,CHR-MED-0911,650.6,0.639,0.311,0.3779,0.389,16.7,0.278,32,41.1,0.3758,57.6,11.8,0.3524,0.3875,0.3625,0,0.2229,0.1212,0.2188,-0.2663,0.7793,0.8139,0.793589,RMD,BRACKET_HIGH,true,false,0.52806462,0.3845871,0.5563762099999999,,0.391,false
EVT-MED-0912,Coalition Defense of Umayyad Caliphate (Al-Andalus),1495,medieval,war,Iberia / North Africa,Umayyad Caliphate (Al-Andalus),CHR-MED-0912,1029,0.586,0.799,0.4298,0.846,8,0.463,34.4,43.8,0.4179,14.2,5.3,0.2185,0.3654,0.2811,0,0.1994,0.4391,0.257,0.0737,0.5207,0.6034,0.648148,RMD,BRACKET_MEDIUM,false,true,0.60205306,0.40246352999999996,0.44712298000000006,,0.4054,false
EVT-MED-0913,Astronomical Standardization by Mali Empire,1034,medieval,technological,West Africa,Mali Empire,CHR-MED-0913,734.4,0.713,0.435,0.3589,0.722,4.8,0.385,32.4,35.5,0.3465,52.2,7,0.3213,0.2889,0.33,0.4429,0.5091,0.4614,0.4065,0.1725,0.3866,0.6562,0.534158,CMN,BRACKET_BASE,false,true,0.60295159,0.46778984999999995,0.6877353600000001,,0.2745,false
EVT-MED-0914,Harbor Incursion Sickness in Kingdom of England,664,medieval,pandemic,British Isles,Kingdom of England,CHR-MED-0914,1308.1,0.499,0.237,0.759,0.674,9.5,0.3845,33.7,35.9,0.3629,11.1,13.2,0.2402,0.4901,0.4501,0.0515,0.1713,0.1942,0.2714,-0.2959,0.9073,0.7907,0.484352,CMN,BRACKET_BASE,false,true,0.9215602,0.582375,0.933875,,0.3928,true
EVT-MED-0915,Guild Monopoly Reform in Kamakura / Muromachi Japan,646,medieval,economic,East Asia,Kamakura / Muromachi Japan,CHR-MED-0915,1318.7,0.71,0.3,0.6819,0.357,7.8,0.2175,34.6,44.9,0.4266,56,10.1,0.3419,0.411,0.3303,0.17,0.3315,0.5646,0.3615,0.1536,0.4877,0.636,0.530668,CMN,BRACKET_BASE,false,true,0.4752423,0.38136035,0.4023,,0.3932,false
EVT-MED-0916,Navigational Instrument Reform in Mongol Empire / Ilkhanate,1377,medieval,technological,Eurasian Steppe,Mongol Empire / Ilkhanate,CHR-MED-0916,603.1,0.731,0.549,0.256,0.346,12.4,0.235,33.2,43.4,0.4026,64.4,4.7,0.325,0.2553,0.2989,0.3881,0.5344,0.4204,0.3794,0.1651,0.4261,0.6916,0.63993,RMD,BRACKET_MEDIUM,false,true,0.5417759200000001,0.38346874999999997,0.46747705,,0.2837,false
EVT-MED-0917,Constitutional Reorganization of Kingdom of France,1285,medieval,transformation,Western Europe,Kingdom of France,CHR-MED-0917,969.9,0.584,0.622,0.455,0.377,5.1,0.214,31.8,39.8,0.3659,9.6,7.8,0.2027,0.2319,0.2769,0.1313,0.3589,0.3661,0.273,0.1342,0.1202,0.5773,0.672819,RMD,BRACKET_MEDIUM,false,true,0.44145169999999995,0.37312224,0.34811175,,0.3439,false
EVT-MED-0918,Civic Restoration Revolt in Abbasid Caliphate,1061,medieval,revolution,Middle East,Abbasid Caliphate,CHR-MED-0918,985.7,0.441,0.224,0.6249,0.558,14,0.349,28,38.8,0.319,56,13.7,0.3599,0.4196,0.3305,0.0435,0.1498,0.4023,0.2691,-0.0173,0.5841,0.5914,0.449147,CMN,BRACKET_BASE,false,true,0.92260168,0.583875,0.7829999999999999,,0.4064,true
EVT-MED-0919,Urban Quarantine Emergency in Byzantine Empire,807,medieval,pandemic,Eastern Mediterranean,Byzantine Empire,CHR-MED-0919,1192.9,0.726,0.77,0.4755,0.439,11.3,0.276,30,35.5,0.3207,15.6,5,0.2239,0.3549,0.3072,0,0.2442,0.1817,0.2176,-0.1732,0.8396,0.7726,0.500367,CMN,BRACKET_BASE,false,true,0.65603852,0.38094898,0.5257018,,0.3911,false
EVT-MED-0920,Civic Restoration Revolt in Kingdom of England,883,medieval,revolution,British Isles,Kingdom of England,CHR-MED-0920,1045.7,0.435,0.497,0.5737,0.804,5,0.427,32.3,35.7,0.3467,64.4,9.7,0.35,0.4845,0.3351,0.0543,0.2868,0.4064,0.3134,-0.0781,0.757,0.6593,0.532823,CMN,BRACKET_BASE,false,true,0.6701770600000001,0.50016736,0.73459126,,0.4051,false
EVT-MED-0921,Urban Quarantine Emergency in Chola Dynasty,535,medieval,pandemic,South India,Chola Dynasty,CHR-MED-0921,1008,0.683,0.741,0.408,0.831,8,0.4555,33.2,36.6,0.3618,40.2,12.7,0.3309,0.4689,0.4078,0,0.1802,0.1036,0.2321,-0.3653,0.7371,0.8277,0.398475,CMN,BRACKET_BASE,false,true,0.82207818,0.5164200999999999,0.8895716399999999,,0.3971,false
EVT-MED-0922,Caravan Route Pestilence in Mali Empire,863,medieval,pandemic,West Africa,Mali Empire,CHR-MED-0922,1110.8,0.619,0.265,0.6195,0.437,6.4,0.2505,35.9,37.5,0.3962,39.6,6.2,0.2973,0.4259,0.3812,0.0915,0.3174,0.4657,0.3363,0.0398,0.8025,0.6622,0.52636,CMN,BRACKET_BASE,false,true,0.5255665599999999,0.4012119,0.48093509999999995,,0.4011,false
EVT-MED-0923,Imperial Annexation War in Kievan Rus,959,medieval,war,Eastern Europe,Kievan Rus,CHR-MED-0923,1251.9,0.755,0.467,0.5861,0.435,16,0.2975,32.6,44.4,0.4021,31.5,4.6,0.2727,0.3768,0.32,0,0.1649,0.4474,0.2618,0.0706,0.4871,0.597,0.719165,RMD,BRACKET_HIGH,false,false,0.6858654399999999,0.5102204,0.6619771200000001,,0.4064,false
EVT-MED-0924,Territorial Rupture of Kamakura / Muromachi Japan,1458,medieval,collapse,East Asia,Kamakura / Muromachi Japan,CHR-MED-0924,1341.4,0.747,0.715,0.5573,0.638,4.6,0.342,32.2,34.1,0.336,11.4,13.8,0.2452,0.4765,0.4131,0.0937,0.1806,0.1753,0.2678,-0.3012,0.6126,0.7605,0.416013,CMN,BRACKET_BASE,false,true,0.8308951400000001,0.56189175,0.8807910799999998,,0.3701,true
EVT-MED-0925,Metallurgical Innovation Surge in Tang Dynasty,766,medieval,technological,East Asia,Tang Dynasty,CHR-MED-0925,952.5,0.567,0.178,0.5849,0.832,12.7,0.4795,34.8,34.6,0.367,24,4.7,0.2535,0.3675,0.4265,0.529,0.6674,0.6497,0.528,0.2822,0.4085,0.6698,0.716476,RMD,BRACKET_HIGH,false,false,0.38473967000000003,0.53269568,0.65459664,,0.3046,false
EVT-MED-0926,Epidemic Fever Outbreak across Kingdom of France,1014,medieval,pandemic,Western Europe,Kingdom of France,CHR-MED-0926,851.9,0.518,0.627,0.4165,0.69,5.1,0.3705,34.9,43.7,0.4227,52.6,11.9,0.3463,0.4681,0.441,0.1072,0.3257,0.0966,0.2877,-0.3715,0.6866,0.8208,0.523442,CMN,BRACKET_BASE,false,true,0.57789963,0.39942315,0.61491188,,0.3806,false
EVT-MED-0927,Administrative Codification of Abbasid Caliphate,1169,medieval,transformation,Middle East,Abbasid Caliphate,CHR-MED-0927,1115.6,0.665,0.113,0.6536,0.696,11.9,0.4075,34.9,42.4,0.4149,9.9,10.4,0.2179,0.3376,0.3961,0.3178,0.5464,0.4558,0.4107,0.1182,0.1818,0.5179,0.801982,RMD,BRACKET_HIGH,true,false,0.38398226,0.38470503,0.37008297,,0.3118,false
EVT-MED-0928,Bureaucratic Consolidation of Kamakura / Muromachi Japan,1070,medieval,transformation,East Asia,Kamakura / Muromachi Japan,CHR-MED-0928,929.2,0.417,0.195,0.6136,0.802,17.8,0.49,34.7,42.5,0.4133,59.1,13.2,0.3613,0.375,0.4538,0.3093,0.5056,0.6849,0.4657,0.3099,0.3009,0.645,0.460088,CMN,BRACKET_BASE,false,true,0.7800948600000001,0.567875,0.578875,,0.363,false
EVT-MED-0929,Popular Uprising of Chola Dynasty,1114,medieval,revolution,South India,Chola Dynasty,CHR-MED-0929,830.2,0.526,0.534,0.4315,0.415,13.8,0.2765,26.4,40.7,0.3131,37,7.1,0.2969,0.3261,0.1888,0,0.1349,0.1293,0.1558,-0.1968,0.7914,0.781,0.57035,CMN,BRACKET_BASE,false,true,0.60311496,0.3652895,0.5081740800000001,,0.3688,false
EVT-MED-0930,Monastic Network Expansion of Kingdom of France,549,medieval,religious,Western Europe,Kingdom of France,CHR-MED-0930,1044.2,0.504,0.8,0.4614,0.29,10.1,0.1955,29.6,44.3,0.3692,33.9,9.6,0.303,0.3012,0.3668,0.2646,0.3934,0.2056,0.3063,-0.0956,0.5399,0.6627,0.537019,CMN,BRACKET_BASE,false,true,0.5988297599999999,0.521208,0.71704233,,0.2851,true
EVT-MED-0931,Fiscal Modernization in Chola Dynasty,1040,medieval,transformation,South India,Chola Dynasty,CHR-MED-0931,1083,0.423,0.237,0.6733,0.82,17,0.495,31.2,44.9,0.39,28.4,6.8,0.2762,0.3736,0.4079,0.3565,0.4991,0.5755,0.4425,0.2019,0.346,0.5918,0.459778,CMN,BRACKET_BASE,false,true,0.7368714900000001,0.548375,0.584875,,0.3188,false
EVT-MED-0932,Systemic Governance Breakdown in Umayyad Caliphate (Al-Andalus),860,medieval,collapse,Iberia / North Africa,Umayyad Caliphate (Al-Andalus),CHR-MED-0932,875.4,0.727,0.636,0.3624,0.801,11.4,0.4575,31,43.4,0.3789,59.6,13.4,0.3629,0.4766,0.3699,0.0028,0.0288,0.0605,0.1877,-0.4161,0.6761,0.8439,0.447228,CMN,BRACKET_BASE,false,true,0.8395115999999999,0.5848902,0.90951133,,0.3811,true
EVT-MED-0933,Agricultural Plague Wave in Kievan Rus,999,medieval,pandemic,Eastern Europe,Kievan Rus,CHR-MED-0933,1334.7,0.617,0.414,0.6833,0.308,14.3,0.2255,25.5,43.8,0.322,14.3,12,0.2526,0.4085,0.3303,0.0561,0.2956,0.0407,0.2262,-0.3678,0.7633,0.8348,0.693657,RMD,BRACKET_MEDIUM,false,false,0.61582875,0.395226,0.6035143199999999,,0.3804,false
EVT-MED-0934,Civic Restoration Revolt in Khmer Empire,1446,medieval,revolution,Southeast Asia,Khmer Empire,CHR-MED-0934,796.6,0.606,0.693,0.3436,0.314,11.7,0.2155,31.7,39.7,0.3642,51.1,12.2,0.3457,0.4122,0.2959,0,0.2336,0.376,0.2635,-0.0362,0.6261,0.6676,0.570632,CMN,BRACKET_BASE,false,true,0.58169238,0.40267372,0.49622742000000003,,0.4054,false
EVT-MED-0935,Constitutional Reorganization of Classic Maya & Postclassic,1248,medieval,transformation,Mesoamerica,Classic Maya & Postclassic,CHR-MED-0935,1267,0.404,0.874,0.5766,0.768,9.3,0.4305,28.6,40.5,0.3356,28.5,5.3,0.269,0.2993,0.3289,0.2035,0.3943,0.6048,0.3662,0.3055,0.31,0.6711,0.644408,RMD,BRACKET_MEDIUM,false,true,0.6185025000000001,0.5630000000000001,0.58325,,0.3707,false
EVT-MED-0936,Hydraulic Engineering Grid in Tang Dynasty,903,medieval,technological,East Asia,Tang Dynasty,CHR-MED-0936,1138.6,0.697,0.648,0.4946,0.371,17,0.2705,32.5,44.7,0.4028,48.4,12.2,0.3418,0.3262,0.3522,0.4416,0.5707,0.6818,0.4745,0.3556,0.2363,0.7059,0.809829,RMD,BRACKET_HIGH,true,false,0.35443824,0.37870652,0.35630585,,0.3319,false
EVT-MED-0937,Judicial Standard Reform in Chola Dynasty,1323,medieval,transformation,South India,Chola Dynasty,CHR-MED-0937,858.2,0.542,0.828,0.352,0.832,15.5,0.4935,25.5,35.7,0.2734,19,9.4,0.2601,0.2369,0.2684,0.2074,0.3435,0.5171,0.3147,0.2802,0.1462,0.65,0.685198,RMD,BRACKET_MEDIUM,false,false,0.52365024,0.549875,0.505375,,0.3409,true
EVT-MED-0938,Palatial Collapse of Khmer Empire,1064,medieval,collapse,Southeast Asia,Khmer Empire,CHR-MED-0938,973.5,0.456,0.778,0.4484,0.662,7.5,0.3685,32,34.8,0.338,56.1,4.7,0.315,0.5169,0.4261,0.1445,0.1764,0.1056,0.2739,-0.4113,0.6713,0.8467,0.637501,RMD,BRACKET_MEDIUM,false,true,0.5920628,0.39337896,0.61059927,,0.3653,false
EVT-MED-0939,Synod Monotheistic Mandate in Mongol Empire / Ilkhanate,1332,medieval,religious,Eurasian Steppe,Mongol Empire / Ilkhanate,CHR-MED-0939,618.4,0.533,0.512,0.3339,0.218,7,0.144,29.9,44.9,0.376,49.7,8.7,0.3262,0.3031,0.3,0.1393,0.266,0.2236,0.2464,-0.0795,0.4852,0.6661,0.722034,RMD,BRACKET_HIGH,false,false,0.65687496,0.5137631699999999,0.7061867999999999,,0.3182,true
EVT-MED-0940,Agricultural Plague Wave in Kingdom of England,858,medieval,pandemic,British Isles,Kingdom of England,CHR-MED-0940,1017.8,0.701,0.704,0.4184,0.638,7.6,0.357,34.1,40.8,0.3966,32.3,7.7,0.29,0.4189,0.3721,0.0176,0.2139,0.2133,0.2472,-0.2056,0.8419,0.7757,0.472871,CMN,BRACKET_BASE,false,true,0.90383343,0.5673750000000001,0.882,,0.3944,true
EVT-MED-0941,Harbor Incursion Sickness in Tang Dynasty,1178,medieval,pandemic,East Asia,Tang Dynasty,CHR-MED-0941,834.5,0.489,0.323,0.508,0.406,15.7,0.2815,34.3,40.3,0.3958,27.6,9.9,0.2897,0.4674,0.4099,0.1412,0.2868,0.1431,0.2897,-0.3243,0.7919,0.8253,0.420376,CMN,BRACKET_BASE,false,true,0.68925598,0.47312832,0.84404937,,0.3615,false
EVT-MED-0942,Guild Monopoly Reform in Chola Dynasty,1053,medieval,economic,South India,Chola Dynasty,CHR-MED-0942,582.6,0.442,0.438,0.3662,0.782,14.5,0.4635,30.5,36.5,0.3321,44.4,4.6,0.2976,0.3806,0.2902,0.0931,0.2491,0.2608,0.2548,-0.1198,0.49,0.6429,0.413292,CMN,BRACKET_BASE,false,true,0.8256764,0.5535,0.80625,,0.3691,true
EVT-MED-0943,Pantheon Reformation of Kievan Rus,790,medieval,religious,Eastern Europe,Kievan Rus,CHR-MED-0943,1322.1,0.739,0.665,0.5654,0.555,7.8,0.3165,28,34.3,0.292,14.5,8.4,0.2356,0.3276,0.3446,0.2344,0.4101,0.5523,0.3738,0.2247,0.2965,0.6494,0.574619,CMN,BRACKET_BASE,false,true,0.50509926,0.38038044,0.35601638999999996,,0.3537,false
EVT-MED-0944,Printing & Communications Diffusion in Mali Empire,1471,medieval,technological,West Africa,Mali Empire,CHR-MED-0944,957.3,0.603,0.187,0.5737,0.687,12.5,0.406,31.7,37.1,0.3486,20.4,5.5,0.2458,0.2963,0.348,0.3925,0.4759,0.6674,0.436,0.3711,0.2363,0.6902,0.781628,RMD,BRACKET_HIGH,true,false,0.38893468,0.47946222,0.5032184500000001,,0.3372,false
EVT-MED-0945,Astronomical Standardization by Umayyad Caliphate (Al-Andalus),723,medieval,technological,Iberia / North Africa,Umayyad Caliphate (Al-Andalus),CHR-MED-0945,911.5,0.614,0.708,0.3921,0.43,9.2,0.261,30.3,40.5,0.3539,41,7.2,0.3048,0.268,0.3008,0.3981,0.4766,0.4026,0.3692,0.1346,0.1671,0.5934,0.622945,CMN,BRACKET_BASE,false,true,0.36988461999999994,0.3801875,0.44127359999999993,,0.2746,false
EVT-MED-0946,Dynastic Disintegration of Mongol Empire / Ilkhanate,823,medieval,collapse,Eurasian Steppe,Mongol Empire / Ilkhanate,CHR-MED-0946,531,0.666,0.337,0.3044,0.407,9.9,0.253,27,44.9,0.3448,28.4,8.1,0.2827,0.3839,0.3201,0.0767,0.1496,0.0392,0.1939,-0.3447,0.621,0.8361,0.545462,CMN,BRACKET_BASE,false,true,0.633182,0.3887325,0.58115322,,0.3567,false
EVT-MED-0947,Provincial Autonomy Insurgency against Tang Dynasty,783,medieval,revolution,East Asia,Tang Dynasty,CHR-MED-0947,1019.7,0.626,0.279,0.5693,0.448,7.8,0.263,32.7,35.3,0.3486,18.3,11,0.2654,0.3774,0.2294,0.012,0.1135,0.1782,0.1821,-0.1992,0.5649,0.7017,0.71597,RMD,BRACKET_HIGH,false,false,0.56484552,0.47046448,0.7466175000000002,,0.3832,false
EVT-MED-0948,Judicial Standard Reform in Song Dynasty,1160,medieval,transformation,East Asia,Song Dynasty,CHR-MED-0948,767,0.524,0.854,0.3056,0.576,8.4,0.33,32.6,36,0.3517,55.6,11.4,0.3478,0.2593,0.3008,0.1593,0.2943,0.5951,0.3218,0.3358,0.2342,0.7218,0.71559,RMD,BRACKET_HIGH,false,false,0.51145588,0.4902247,0.51222758,,0.3769,false
EVT-MED-0949,Printing & Communications Diffusion in Song Dynasty,1155,medieval,technological,East Asia,Song Dynasty,CHR-MED-0949,541.1,0.515,0.479,0.312,0.734,9.8,0.416,28.7,36,0.3097,31.5,9.3,0.2962,0.29,0.3105,0.4207,0.5241,0.5974,0.4285,0.3074,0.3485,0.7275,0.73879,RMD,BRACKET_HIGH,true,false,0.54000764,0.5410535000000001,0.6154573,,0.3165,false
EVT-MED-0950,Secular Legal Separation in Abbasid Caliphate,937,medieval,religious,Middle East,Abbasid Caliphate,CHR-MED-0950,1194.7,0.482,0.471,0.6393,0.375,10.4,0.2395,33.3,44.3,0.409,44.5,13,0.3397,0.4435,0.4726,0.301,0.4222,0.5485,0.4376,0.105,0.461,0.6088,0.790881,RMD,BRACKET_HIGH,true,false,0.37502325999999997,0.37430682,0.41333892,,0.353,false
EVT-MED-0951,Territorial Rupture of Tang Dynasty,978,medieval,collapse,East Asia,Tang Dynasty,CHR-MED-0951,1169.3,0.683,0.344,0.6048,0.786,6.9,0.4275,33.5,41.7,0.3956,46.3,4.6,0.3006,0.5144,0.4604,0.1888,0.2588,0.1853,0.3215,-0.3291,0.5574,0.7329,0.627149,CMN,BRACKET_BASE,false,true,0.5650395,0.38827008,0.574104,,0.3556,false
EVT-MED-0952,Pantheon Reformation of Chola Dynasty,1192,medieval,religious,South India,Chola Dynasty,CHR-MED-0952,1142.8,0.612,0.869,0.4558,0.551,6.7,0.309,31,36.7,0.3387,16,7.3,0.2372,0.3777,0.3447,0.1589,0.3257,0.4157,0.3245,0.038,0.5008,0.6102,0.525355,CMN,BRACKET_BASE,false,true,0.63197123,0.46988064,0.6444811800000001,,0.3706,false
EVT-MED-0953,Imperial Unification of Kamakura / Muromachi Japan,944,medieval,transformation,East Asia,Kamakura / Muromachi Japan,CHR-MED-0953,540.7,0.538,0.415,0.3241,0.493,5.1,0.272,35.2,36.3,0.3815,49.7,10.1,0.3332,0.2584,0.2995,0.2431,0.3987,0.606,0.3611,0.3476,0.2574,0.7354,0.868396,RMD,BRACKET_HIGH,true,false,0.3424905,0.38616721,0.33044363000000004,,0.3505,false
EVT-MED-0954,Military Coup d’État in Kamakura / Muromachi Japan,1053,medieval,revolution,East Asia,Kamakura / Muromachi Japan,CHR-MED-0954,1208.9,0.416,0.117,0.7721,0.516,13.6,0.326,26.7,41.3,0.32,27.2,7.6,0.2771,0.4578,0.3741,0.1557,0.3421,0.6069,0.3873,0.1491,0.5487,0.635,0.538492,CMN,BRACKET_BASE,false,true,0.447444,0.39104829,0.42630424,,0.4018,false
EVT-MED-0955,Harbor Incursion Sickness in Classic Maya & Postclassic,1351,medieval,pandemic,Mesoamerica,Classic Maya & Postclassic,CHR-MED-0955,1131.5,0.576,0.102,0.6913,0.498,13.5,0.3165,33.6,39.4,0.3829,44.9,13.2,0.3414,0.5035,0.4291,0,0.1653,0.3987,0.2993,-0.1048,0.6018,0.6284,0.570917,CMN,BRACKET_BASE,false,true,0.5769766,0.42252844,0.5177065599999999,,0.4044,false
EVT-MED-0956,Territorial Rupture of Holy Roman Empire,1153,medieval,collapse,Central Europe,Holy Roman Empire,CHR-MED-0956,643.7,0.566,0.535,0.3293,0.674,15.9,0.4165,25.5,41.1,0.3058,56.6,6.4,0.3241,0.4874,0.4149,0.073,0.1589,0.2232,0.2715,-0.2642,0.6395,0.7748,0.648773,RMD,BRACKET_MEDIUM,false,true,0.69802447,0.576125,0.922375,,0.3899,false
EVT-MED-0957,Constitutional Reorganization of Classic Maya & Postclassic,767,medieval,transformation,Mesoamerica,Classic Maya & Postclassic,CHR-MED-0957,878.2,0.683,0.45,0.4327,0.815,17.4,0.4945,32.2,40.3,0.3732,29.7,7.9,0.285,0.3098,0.3328,0.2192,0.3411,0.47,0.3346,0.1602,0.2774,0.5908,0.536973,CMN,BRACKET_BASE,false,true,0.7085394,0.5263342499999999,0.5543963999999999,,0.3407,false
EVT-MED-0958,Urban Quarantine Emergency in Kamakura / Muromachi Japan,1242,medieval,pandemic,East Asia,Kamakura / Muromachi Japan,CHR-MED-0958,940.7,0.428,0.528,0.5159,0.214,4.6,0.13,32.8,40.3,0.3796,29.9,9.9,0.2954,0.4242,0.3869,0.1122,0.2548,0.2078,0.2772,-0.2164,0.7747,0.7867,0.432142,CMN,BRACKET_BASE,false,true,0.6638151600000001,0.373449,0.54138271,,0.3616,false
EVT-MED-0959,Civic Restoration Revolt in Kamakura / Muromachi Japan,966,medieval,revolution,East Asia,Kamakura / Muromachi Japan,CHR-MED-0959,895.3,0.63,0.845,0.3384,0.663,14,0.4015,32.9,37.3,0.3627,37.2,6.5,0.2943,0.4357,0.2788,0,0.1673,0.4534,0.267,0.0177,0.4756,0.5931,0.508114,CMN,BRACKET_BASE,false,true,0.79799142,0.5783876,0.70005329,,0.403,false
EVT-MED-0960,Imperial Annexation War in Byzantine Empire,722,medieval,war,Eastern Mediterranean,Byzantine Empire,CHR-MED-0960,1234.5,0.482,0.265,0.7202,0.693,9.1,0.392,35.7,37.2,0.3923,63.8,8.9,0.3453,0.4126,0.2961,0.0607,0.1698,0.255,0.2388,-0.1576,0.4119,0.5924,0.615965,CMN,BRACKET_BASE,false,true,0.52481964,0.39532845,0.5121600000000001,,0.3868,false
EVT-MED-0961,Continental Standoff of Tang Dynasty,790,medieval,war,East Asia,Tang Dynasty,CHR-MED-0961,1100.8,0.555,0.686,0.5076,0.831,11.1,0.471,32.3,34.6,0.3401,44.6,6.1,0.3054,0.3913,0.2743,0.0345,0.2202,0.4965,0.2834,0.1052,0.6078,0.641,0.512518,CMN,BRACKET_BASE,false,true,0.69925677,0.48729471999999996,0.6384801800000001,,0.4044,false
EVT-MED-0962,Pantheon Reformation of Kingdom of France,833,medieval,religious,Western Europe,Kingdom of France,CHR-MED-0962,1034,0.451,0.217,0.6473,0.221,15.9,0.19,29.9,42.7,0.3628,25.9,11.8,0.2945,0.3354,0.4046,0.2225,0.3122,0.5439,0.3637,0.2085,0.525,0.6938,0.472185,CMN,BRACKET_BASE,false,true,0.6239986500000001,0.48626168,0.5819089900000001,,0.3646,false
EVT-MED-0963,Navigational Instrument Reform in Chola Dynasty,1067,medieval,technological,South India,Chola Dynasty,CHR-MED-0963,709.7,0.434,0.676,0.3584,0.692,8.9,0.3905,33.8,39.4,0.385,43.5,7.2,0.3091,0.2991,0.3439,0.4233,0.5066,0.4833,0.4112,0.1842,0.4616,0.6748,0.537906,CMN,BRACKET_BASE,false,true,0.68392832,0.537875,0.73575,,0.2751,false
EVT-MED-0964,Navigational Instrument Reform in Holy Roman Empire,970,medieval,technological,Central Europe,Holy Roman Empire,CHR-MED-0964,854.4,0.72,0.327,0.4471,0.798,14.5,0.4715,32.3,44,0.3965,47.9,7.6,0.3181,0.3489,0.3868,0.4772,0.5526,0.6406,0.4812,0.2917,0.2249,0.6465,0.67006,RMD,BRACKET_MEDIUM,false,true,0.50466592,0.46919493999999995,0.56493984,,0.3114,false
EVT-MED-0965,Treaty System Implementation across Kamakura / Muromachi Japan,1240,medieval,transformation,East Asia,Kamakura / Muromachi Japan,CHR-MED-0965,902.6,0.644,0.46,0.4532,0.725,4.9,0.387,29.4,43.7,0.3634,9.7,9.1,0.21,0.2565,0.2954,0.147,0.3816,0.5986,0.3358,0.3421,0.3069,0.7109,0.690407,RMD,BRACKET_MEDIUM,false,false,0.53034132,0.38505558,0.35565079,,0.3814,false
EVT-MED-0966,Pantheon Reformation of Chola Dynasty,1105,medieval,religious,South India,Chola Dynasty,CHR-MED-0966,735,0.586,0.849,0.2731,0.639,16.6,0.4025,34.9,41.5,0.4095,24.9,11.8,0.2917,0.3768,0.4497,0.2997,0.4711,0.3353,0.3865,-0.0415,0.2448,0.5508,0.608839,CMN,BRACKET_BASE,false,true,0.48883218,0.38059532,0.44219616000000006,,0.2957,false
EVT-MED-0967,Metallurgical Innovation Surge in Mongol Empire / Ilkhanate,981,medieval,technological,Eurasian Steppe,Mongol Empire / Ilkhanate,CHR-MED-0967,1030,0.488,0.646,0.5056,0.428,7.3,0.2505,28.4,34.7,0.2987,36.3,13.7,0.3285,0.2728,0.3155,0.4006,0.5508,0.5786,0.4237,0.3058,0.2226,0.6926,0.702327,RMD,BRACKET_HIGH,false,false,0.38163132,0.37389316,0.37692216000000006,,0.317,false
EVT-MED-0968,Orthodoxy & Heresy Trial Wave in Abbasid Caliphate,670,medieval,religious,Middle East,Abbasid Caliphate,CHR-MED-0968,648,0.749,0.104,0.4058,0.803,5.4,0.4285,31.9,41.1,0.3748,45.7,11.3,0.3332,0.3728,0.357,0.1824,0.2366,0.3924,0.3082,0.0196,0.2695,0.5266,0.618079,CMN,BRACKET_BASE,false,true,0.46889936000000004,0.38221492,0.42645311999999996,,0.3581,false
EVT-MED-0969,Territorial Rupture of Khmer Empire,1426,medieval,collapse,Southeast Asia,Khmer Empire,CHR-MED-0969,1029.1,0.641,0.733,0.4331,0.598,12.2,0.36,32.8,38.2,0.367,12.3,11.9,0.2412,0.4888,0.3991,0.1443,0.1719,0.0552,0.2519,-0.4336,0.4991,0.8149,0.567393,CMN,BRACKET_BASE,false,true,0.65623176,0.575625,0.97925,,0.3655,true
EVT-MED-0970,Constitutional Reorganization of Kievan Rus,1459,medieval,transformation,Eastern Europe,Kievan Rus,CHR-MED-0970,913.9,0.606,0.4,0.488,0.459,4.9,0.254,35.2,38.7,0.3959,54.2,6.3,0.3205,0.2559,0.2793,0.1582,0.407,0.373,0.2947,0.1171,0.2617,0.588,0.749577,RMD,BRACKET_HIGH,true,false,0.52114638,0.37183299999999997,0.37652956,,0.3409,false
EVT-MED-0971,Agricultural Plague Wave in Kievan Rus,675,medieval,pandemic,Eastern Europe,Kievan Rus,CHR-MED-0971,587.8,0.645,0.422,0.3126,0.721,5.5,0.388,28.1,34.9,0.2966,62.7,12.3,0.361,0.379,0.3209,0,0.1406,0.1738,0.2029,-0.2052,0.8999,0.8162,0.564446,CMN,BRACKET_BASE,false,true,0.6606854099999999,0.38037160000000003,0.52848756,,0.3883,false
EVT-MED-0972,Frontier Campaign of Kingdom of England,1359,medieval,war,British Isles,Kingdom of England,CHR-MED-0972,751.2,0.597,0.406,0.4105,0.686,13.8,0.412,33.2,38.3,0.372,60.1,11.4,0.3535,0.3463,0.2613,0,0.1871,0.4655,0.252,0.1192,0.3601,0.6052,0.616012,CMN,BRACKET_BASE,false,true,0.67721692,0.56262084,0.63634459,,0.405,false
EVT-MED-0973,Continental Standoff of Mongol Empire / Ilkhanate,641,medieval,war,Eurasian Steppe,Mongol Empire / Ilkhanate,CHR-MED-0973,766.3,0.633,0.897,0.2597,0.481,14.7,0.314,30.5,38.7,0.3453,8.2,12,0.2123,0.3308,0.2382,0.0563,0.1534,0.3798,0.2317,0.049,0.6026,0.6693,0.725126,RMD,BRACKET_HIGH,false,false,0.5302351,0.37778832000000007,0.43464848000000006,,0.392,false
EVT-MED-0974,Fiscal Default Crisis in Holy Roman Empire,922,medieval,collapse,Central Europe,Holy Roman Empire,CHR-MED-0974,1133.3,0.622,0.807,0.4669,0.385,6,0.2225,33.5,39.6,0.383,25.2,13.5,0.3011,0.4078,0.3059,0.0334,0.0764,0.1063,0.186,-0.3015,0.4882,0.754,0.368135,CMN,BRACKET_BASE,false,true,0.9571924799999999,0.564125,0.893625,,0.3664,true
EVT-MED-0975,Palatial Collapse of Chola Dynasty,985,medieval,collapse,South India,Chola Dynasty,CHR-MED-0975,560.5,0.728,0.298,0.3117,0.387,11.5,0.251,30.4,35.7,0.3262,49.4,12.9,0.3468,0.3891,0.3028,0.0873,0.1101,0,0.1779,-0.4258,0.6952,0.9004,0.478773,CMN,BRACKET_BASE,false,true,0.9213537599999999,0.552125,0.9476249999999999,,0.3586,true
EVT-MED-0976,Imperial Annexation War in Kingdom of France,1125,medieval,war,Western Europe,Kingdom of France,CHR-MED-0976,1065.7,0.726,0.565,0.4757,0.346,13.6,0.241,29.5,36.6,0.3219,8.8,7.8,0.1964,0.3497,0.2598,0.0741,0.1808,0.3293,0.2387,-0.0204,0.4418,0.5957,0.5127,CMN,BRACKET_BASE,false,true,0.60560244,0.37909152,0.44997031000000004,,0.3822,false
EVT-MED-0977,Synod Monotheistic Mandate in Abbasid Caliphate,611,medieval,religious,Middle East,Abbasid Caliphate,CHR-MED-0977,927.6,0.726,0.485,0.4331,0.469,16,0.3145,27.2,38.3,0.3073,36.9,6.6,0.2942,0.3532,0.3849,0.2229,0.3466,0.3745,0.3364,0.0213,0.4782,0.6028,0.60399,CMN,BRACKET_BASE,false,true,0.48731928,0.37899859999999996,0.45376229999999995,,0.3265,false
EVT-MED-0978,Strategic Siege of Classic Maya & Postclassic,1101,medieval,war,Mesoamerica,Classic Maya & Postclassic,CHR-MED-0978,1076.2,0.602,0.748,0.463,0.388,17.5,0.2815,28.7,35.1,0.3043,33.1,13.8,0.3223,0.3839,0.3333,0.1514,0.335,0.4444,0.3296,0.0605,0.6912,0.6782,0.416462,CMN,BRACKET_BASE,false,true,0.8163405599999999,0.553125,0.73675,,0.3784,true
EVT-MED-0979,Monastic Network Expansion of Kingdom of France,819,medieval,religious,Western Europe,Kingdom of France,CHR-MED-0979,613.5,0.498,0.134,0.4555,0.645,14,0.3925,35,42.3,0.4153,23.1,7.7,0.2658,0.4046,0.4108,0.2125,0.3788,0.3074,0.3428,-0.0972,0.4123,0.5961,0.605056,CMN,BRACKET_BASE,false,true,0.5411105,0.3721522,0.47620187999999997,,0.3359,false
EVT-MED-0980,Territorial Rupture of Chola Dynasty,1367,medieval,collapse,South India,Chola Dynasty,CHR-MED-0980,1248.7,0.55,0.663,0.5873,0.533,4.8,0.2905,32.9,41.9,0.3903,63,5.8,0.3289,0.5472,0.4866,0.1989,0.2797,0.3453,0.3715,-0.2019,0.4996,0.6737,0.550523,CMN,BRACKET_BASE,false,true,0.72167152,0.5765,0.8801249999999999,,0.3767,false
EVT-MED-0981,Palatial Collapse of Tang Dynasty,1408,medieval,collapse,East Asia,Tang Dynasty,CHR-MED-0981,703.4,0.435,0.475,0.4154,0.767,10.4,0.4355,32.8,43.5,0.3988,8.6,9.1,0.2012,0.4912,0.3956,0.0627,0.1337,0.1624,0.2491,-0.3288,0.6931,0.7934,0.539789,CMN,BRACKET_BASE,false,true,0.52263148,0.395345,0.58056228,,0.3825,false
EVT-MED-0982,Respiratory Virulence Wave across Holy Roman Empire,923,medieval,pandemic,Central Europe,Holy Roman Empire,CHR-MED-0982,1079.5,0.416,0.392,0.6272,0.508,16.1,0.3345,28.8,42,0.3468,55.9,9.2,0.3372,0.4603,0.4126,0.1074,0.3422,0.1896,0.3024,-0.2707,0.8094,0.7823,0.81652,RMD,BRACKET_HIGH,true,false,0.43542656,0.38953929000000004,0.5725974,,0.3783,false
EVT-MED-0983,Provincial Autonomy Insurgency against Kamakura / Muromachi Japan,897,medieval,revolution,East Asia,Kamakura / Muromachi Japan,CHR-MED-0983,1015.2,0.568,0.392,0.5507,0.31,15.1,0.2305,31.1,43.8,0.3823,62.1,10.1,0.3493,0.4507,0.3581,0.0694,0.3252,0.2826,0.2972,-0.1681,0.7682,0.7383,0.610606,CMN,BRACKET_BASE,false,true,0.6177658300000001,0.46972692000000005,0.7564561200000001,,0.3955,false
EVT-MED-0984,Silver Flotilla Currency Shock in Kingdom of England,999,medieval,economic,British Isles,Kingdom of England,CHR-MED-0984,995.5,0.576,0.217,0.5913,0.547,14.3,0.345,31.4,42.5,0.3778,10.4,8.2,0.2105,0.3463,0.3145,0.1067,0.2815,0.478,0.3054,0.1317,0.3101,0.5815,0.424706,CMN,BRACKET_BASE,false,true,0.74983395,0.5666822400000001,0.61613285,,0.392,true
EVT-MED-0985,Institutional Dissolution of Holy Roman Empire,1008,medieval,collapse,Central Europe,Holy Roman Empire,CHR-MED-0985,1018.8,0.753,0.671,0.4132,0.291,14.2,0.2165,29.8,37.7,0.3317,14.4,6.6,0.2261,0.3664,0.2742,0,0.0409,0.1849,0.1733,-0.1815,0.597,0.733,0.318377,CMN,BRACKET_BASE,false,true,1,0.560625,0.839625,,0.3893,true
EVT-MED-0986,Mercantile Tariff Overhaul across Abbasid Caliphate,799,medieval,economic,Middle East,Abbasid Caliphate,CHR-MED-0986,878.3,0.42,0.362,0.5381,0.602,9.3,0.3475,25.7,40.6,0.305,27.1,14,0.3088,0.4307,0.3897,0.174,0.3247,0.2274,0.3093,-0.2033,0.505,0.6874,0.509019,CMN,BRACKET_BASE,false,true,0.70120965,0.554125,0.859,,0.3406,true
EVT-MED-0987,Popular Uprising of Chola Dynasty,798,medieval,revolution,South India,Chola Dynasty,CHR-MED-0987,1164.6,0.545,0.283,0.6623,0.31,8.3,0.1965,29.3,38.4,0.3306,55.2,11.5,0.3478,0.3915,0.2481,0,0.2272,0.3537,0.2441,-0.0378,0.5215,0.6024,0.507413,CMN,BRACKET_BASE,false,true,0.593712,0.40078321,0.4836042,,0.4046,false
EVT-MED-0988,Radical Assembly Schism in Khmer Empire,841,medieval,revolution,Southeast Asia,Khmer Empire,CHR-MED-0988,1068.7,0.662,0.871,0.4045,0.81,4.8,0.429,29.1,40.5,0.341,47.5,5.6,0.3074,0.44,0.2733,0.0023,0.226,0.6367,0.3157,0.1967,0.5425,0.6957,0.823574,RMD,BRACKET_HIGH,true,false,0.46919158,0.43518014,0.46344923000000005,,0.3958,false
EVT-MED-0989,Maritime Hegemony Clash in Kamakura / Muromachi Japan,921,medieval,war,East Asia,Kamakura / Muromachi Japan,CHR-MED-0989,691.3,0.719,0.247,0.3928,0.444,15.4,0.299,32.3,41.2,0.3797,14.3,9.5,0.2401,0.3295,0.2234,0,0.0718,0.2852,0.182,-0.0443,0.5597,0.6331,0.732731,RMD,BRACKET_HIGH,true,false,0.48277976,0.40008774,0.48356449,,0.397,false
EVT-MED-0990,Institutional Dissolution of Byzantine Empire,1058,medieval,collapse,Eastern Mediterranean,Byzantine Empire,CHR-MED-0990,854.6,0.494,0.535,0.4526,0.717,6.6,0.3915,30.9,41.5,0.3664,19.2,13.7,0.2824,0.49,0.3863,0.0021,0.0643,0.1321,0.215,-0.3579,0.4728,0.7599,0.541532,CMN,BRACKET_BASE,false,true,0.7187123999999999,0.5088973499999999,0.84564501,,0.3969,false
EVT-MED-0991,Silver Flotilla Currency Shock in Song Dynasty,1385,medieval,economic,East Asia,Song Dynasty,CHR-MED-0991,846,0.495,0.188,0.5522,0.487,13.3,0.31,33.1,41.8,0.3919,38.5,8.5,0.3067,0.3468,0.2494,0.0148,0.1536,0.4198,0.2369,0.073,0.3823,0.5769,0.46001,CMN,BRACKET_BASE,false,true,0.8693534100000001,0.577625,0.6915,,0.405,true
EVT-MED-0992,Radical Assembly Schism in Byzantine Empire,1183,medieval,revolution,Eastern Mediterranean,Byzantine Empire,CHR-MED-0992,755.1,0.624,0.816,0.2813,0.413,9.2,0.2525,29,42.8,0.3537,9.1,12.7,0.2233,0.2623,0.1499,0,0.1066,0.2805,0.1599,0.0182,0.4984,0.6313,0.558043,CMN,BRACKET_BASE,false,true,0.62746312,0.37911432,0.43072845,,0.3849,false
EVT-MED-0993,Palatial Collapse of Kamakura / Muromachi Japan,540,medieval,collapse,East Asia,Kamakura / Muromachi Japan,CHR-MED-0993,937.4,0.573,0.756,0.4025,0.681,9.1,0.386,29.7,43.7,0.3667,54.5,5.7,0.3179,0.4484,0.388,0.1392,0.1722,0.1861,0.2668,-0.2623,0.8396,0.8083,0.493671,CMN,BRACKET_BASE,false,true,0.86018781,0.5521521600000001,0.8688686400000001,,0.3452,true
EVT-MED-0994,Pantheon Reformation of Khmer Empire,750,medieval,religious,Southeast Asia,Khmer Empire,CHR-MED-0994,1159.6,0.599,0.525,0.571,0.707,9.3,0.4,32.3,36.2,0.3497,57.6,13.7,0.3619,0.3714,0.3506,0.2631,0.3521,0.3802,0.3435,0.0088,0.4541,0.5502,0.404902,CMN,BRACKET_BASE,false,true,0.8843907799999999,0.536,0.71975,,0.3046,true
EVT-MED-0995,Bureaucratic Consolidation of Song Dynasty,888,medieval,transformation,East Asia,Song Dynasty,CHR-MED-0995,774,0.737,0.56,0.3333,0.42,14.2,0.281,28.5,44.8,0.3603,16.1,9.7,0.2496,0.2552,0.3074,0.1739,0.3141,0.4748,0.3051,0.2196,0.2004,0.6525,0.530161,CMN,BRACKET_BASE,false,true,0.6758618,0.5254686,0.50276356,,0.3507,false
EVT-MED-0996,Sanitation & Medical Breakthrough in Byzantine Empire,740,medieval,technological,Eastern Mediterranean,Byzantine Empire,CHR-MED-0996,920.1,0.554,0.101,0.5963,0.653,15.3,0.403,28.5,40.6,0.3351,40,6.6,0.3,0.3423,0.386,0.4997,0.6183,0.567,0.4827,0.2247,0.447,0.6629,0.636322,RMD,BRACKET_MEDIUM,false,true,0.5855,0.55225,0.74875,,0.2867,false
EVT-MED-0997,Temple Bureaucracy Reorganization of Kamakura / Muromachi Japan,1163,medieval,religious,East Asia,Kamakura / Muromachi Japan,CHR-MED-0997,786.4,0.606,0.663,0.3477,0.611,7.3,0.342,30,43.7,0.3699,9.8,4.8,0.1892,0.34,0.3889,0.1987,0.2917,0.5703,0.3579,0.2303,0.2715,0.6633,0.750027,RMD,BRACKET_HIGH,true,false,0.47621083,0.3882975,0.36878784000000003,,0.3793,false
EVT-MED-0998,Provincial Autonomy Insurgency against Classic Maya & Postclassic,1204,medieval,revolution,Mesoamerica,Classic Maya & Postclassic,CHR-MED-0998,927.4,0.582,0.692,0.4141,0.464,11.4,0.289,30,36.3,0.3255,15.5,8,0.2384,0.3047,0.1629,0,0.1261,0.2978,0.1783,-0.0069,0.7133,0.6578,0.382943,CMN,BRACKET_BASE,false,true,0.8428745000000001,0.46949602,0.6619875900000001,,0.393,false
EVT-MED-0999,Monastic Network Expansion of Kingdom of France,1210,medieval,religious,Western Europe,Kingdom of France,CHR-MED-0999,861,0.505,0.883,0.3479,0.553,15.5,0.354,34.8,44.8,0.4282,8.9,8,0.1982,0.2893,0.3265,0.1719,0.3164,0.1572,0.2523,-0.1321,0.2674,0.5987,0.607518,CMN,BRACKET_BASE,false,true,0.6824876,0.46141225,0.6748192000000001,,0.3097,false
EVT-MED-1000,Debt Crisis Settlement of Song Dynasty,512,medieval,economic,East Asia,Song Dynasty,CHR-MED-1000,1284.1,0.413,0.142,0.8017,0.426,6.5,0.2455,33.3,43.2,0.4024,30.3,9.2,0.2929,0.4875,0.4327,0.2103,0.3169,0.2827,0.346,-0.2048,0.5374,0.6575,0.561354,CMN,BRACKET_BASE,false,true,0.6127692,0.39322967999999997,0.54640287,,0.3452,false
EVT-MED-1001,Frontier Campaign of Song Dynasty,828,medieval,war,East Asia,Song Dynasty,CHR-MED-1001,1024.9,0.417,0.328,0.6198,0.772,10.7,0.4395,25.3,43.1,0.3157,31.4,8.2,0.2905,0.3922,0.3097,0,0.116,0.4913,0.2618,0.0991,0.4176,0.5817,0.333461,CMN,BRACKET_BASE,false,true,0.8946096899999999,0.6035,0.72275,,0.4043,true
EVT-MED-1002,Debt Crisis Settlement of Holy Roman Empire,917,medieval,economic,Central Europe,Holy Roman Empire,CHR-MED-1002,835.8,0.677,0.299,0.4594,0.343,17.9,0.261,28.4,39.9,0.3299,48.8,6.2,0.3124,0.4003,0.3563,0.241,0.2977,0.1974,0.2985,-0.2029,0.6357,0.7409,0.686656,RMD,BRACKET_MEDIUM,false,false,0.525429,0.5222628,0.79298348,,0.3089,false
EVT-MED-1003,Secular Legal Separation in Kingdom of France,1223,medieval,religious,Western Europe,Kingdom of France,CHR-MED-1003,653.8,0.731,0.877,0.1821,0.743,14.2,0.4425,26.6,44.9,0.3405,62.6,12.6,0.3624,0.3396,0.4186,0.2566,0.4287,0.5104,0.3908,0.1708,0.4517,0.6904,0.583224,CMN,BRACKET_BASE,false,true,0.5354604000000001,0.46237796,0.5628080799999999,,0.3437,false
EVT-MED-1004,Imperial Unification of Kamakura / Muromachi Japan,1253,medieval,transformation,East Asia,Kamakura / Muromachi Japan,CHR-MED-1004,677.2,0.756,0.192,0.3914,0.689,14.3,0.416,33.5,35.8,0.3602,48.5,12.4,0.343,0.2738,0.2984,0.1753,0.406,0.4979,0.3303,0.2241,0.2987,0.6505,0.770619,RMD,BRACKET_HIGH,true,false,0.5144472,0.38633442,0.36158031,,0.3596,false
EVT-MED-1005,Borderlands Pacification of Byzantine Empire,1419,medieval,war,Eastern Mediterranean,Byzantine Empire,CHR-MED-1005,1303.9,0.484,0.483,0.6877,0.253,10.7,0.18,33.5,37.8,0.3722,41.1,8.5,0.3115,0.4235,0.3157,0,0.1148,0.4191,0.2546,-0.0044,0.3109,0.5241,0.600875,CMN,BRACKET_BASE,false,true,0.59747076,0.5754163999999999,0.6853132799999999,,0.4086,false
EVT-MED-1006,Navigational Instrument Reform in Holy Roman Empire,672,medieval,technological,Central Europe,Holy Roman Empire,CHR-MED-1006,856.7,0.621,0.872,0.3144,0.229,15,0.1895,28.9,34.2,0.301,55.9,9.7,0.3397,0.1985,0.2473,0.3305,0.4409,0.4536,0.3342,0.2551,0.2459,0.7085,0.604267,CMN,BRACKET_BASE,false,true,0.44705797999999997,0.36721297999999997,0.39753540000000004,,0.299,false
EVT-MED-1007,Dynastic Disintegration of Mali Empire,1143,medieval,collapse,West Africa,Mali Empire,CHR-MED-1007,786.1,0.507,0.741,0.3538,0.635,15.5,0.395,27.6,41.2,0.329,18.5,8.5,0.2537,0.4381,0.385,0.0506,0.13,0.1107,0.2229,-0.3274,0.7227,0.8258,0.449824,CMN,BRACKET_BASE,false,true,0.6623592500000001,0.38776248,0.57622257,,0.368,false
EVT-MED-1008,Temple Bureaucracy Reorganization of Classic Maya & Postclassic,547,medieval,religious,Mesoamerica,Classic Maya & Postclassic,CHR-MED-1008,932.1,0.758,0.894,0.303,0.265,13.7,0.201,32.7,40.8,0.3816,36.1,4.8,0.2836,0.2435,0.2215,0.059,0.1671,0.3921,0.2166,0.1486,0.2093,0.6297,0.603199,CMN,BRACKET_BASE,false,true,0.5432759,0.37577309,0.35678028,,0.378,false
EVT-MED-1009,Orthodoxy & Heresy Trial Wave in Chola Dynasty,673,medieval,religious,South India,Chola Dynasty,CHR-MED-1009,979.4,0.474,0.734,0.459,0.533,17.6,0.3545,32.1,35.2,0.3415,49.9,12.9,0.3475,0.4051,0.4025,0.2656,0.4322,0.4081,0.3827,0.003,0.4821,0.5789,0.624543,CMN,BRACKET_BASE,false,true,0.55334292,0.3723525,0.4505963,,0.3264,false
EVT-MED-1010,Orthodoxy & Heresy Trial Wave in Chola Dynasty,951,medieval,religious,South India,Chola Dynasty,CHR-MED-1010,1015,0.435,0.584,0.5329,0.409,14.6,0.2775,34.7,34.4,0.3647,18.6,4.8,0.2356,0.3972,0.3763,0.2642,0.3321,0.2706,0.3281,-0.1266,0.4934,0.6454,0.514062,CMN,BRACKET_BASE,false,true,0.5301842700000001,0.36452613,0.48620290000000005,,0.2954,false
EVT-MED-1011,Secular Legal Separation in Tang Dynasty,1235,medieval,religious,East Asia,Tang Dynasty,CHR-MED-1011,1179.8,0.585,0.616,0.5577,0.615,17.9,0.397,27.3,41.6,0.3282,61,8.9,0.3421,0.4202,0.4171,0.2767,0.3563,0.3764,0.3693,-0.0438,0.5089,0.5884,0.571426,CMN,BRACKET_BASE,false,true,0.55838047,0.36749048,0.46538959999999996,,0.3114,false
EVT-MED-1012,Maritime Trade Hub Expansion in Classic Maya & Postclassic,738,medieval,economic,Mesoamerica,Classic Maya & Postclassic,CHR-MED-1012,1174.1,0.582,0.464,0.6014,0.535,10.6,0.3205,31.6,39.8,0.3637,55.7,9.1,0.3365,0.3798,0.3498,0.2102,0.2685,0.255,0.2927,-0.1248,0.3431,0.5903,0.790519,RMD,BRACKET_HIGH,true,false,0.60443724,0.5175876,0.70957722,,0.3053,false
EVT-MED-1013,Provincial Autonomy Insurgency against Song Dynasty,1052,medieval,revolution,East Asia,Song Dynasty,CHR-MED-1013,1181.9,0.709,0.737,0.4852,0.371,13.6,0.2535,32.7,44.8,0.4056,13.3,7.7,0.2258,0.3663,0.2681,0,0.1522,0.3239,0.2221,-0.0424,0.5627,0.6219,0.592288,CMN,BRACKET_BASE,false,true,0.6272796,0.39021036000000003,0.47693722,,0.4027,false
EVT-MED-1014,Popular Uprising of Byzantine Empire,1040,medieval,revolution,Eastern Mediterranean,Byzantine Empire,CHR-MED-1014,736.1,0.628,0.116,0.4809,0.412,16.6,0.289,31.1,41,0.3655,20.2,10.1,0.2681,0.337,0.2516,0,0.1481,0.3225,0.2118,-0.0145,0.5332,0.6008,0.472057,CMN,BRACKET_BASE,false,true,0.6548212999999999,0.39220170000000004,0.46681166,,0.3999,false
EVT-MED-1015,Decentralization Wave across Holy Roman Empire,1436,medieval,collapse,Central Europe,Holy Roman Empire,CHR-MED-1015,1066,0.403,0.461,0.6039,0.252,7.2,0.162,26.8,41.1,0.3198,50.9,5.8,0.3135,0.4494,0.3346,0,0.0487,0.0893,0.1844,-0.3601,0.6843,0.8327,0.673852,RMD,BRACKET_MEDIUM,false,true,0.52573275,0.3998808,0.5851848,,0.3826,false
EVT-MED-1016,Secular Legal Separation in Kievan Rus,1164,medieval,religious,Eastern Europe,Kievan Rus,CHR-MED-1016,1015.1,0.511,0.431,0.556,0.313,11,0.2115,31.8,37.7,0.3533,12.7,6.3,0.2155,0.3812,0.432,0.2387,0.3905,0.3329,0.3551,-0.0483,0.4497,0.6004,0.63141,RMD,BRACKET_MEDIUM,false,true,0.5926297199999999,0.45411963999999994,0.66472029,,0.3224,false
EVT-MED-1017,Dynastic Disintegration of Kamakura / Muromachi Japan,613,medieval,collapse,East Asia,Kamakura / Muromachi Japan,CHR-MED-1017,839.9,0.684,0.565,0.3795,0.547,9.1,0.319,30.3,35.4,0.3233,59.9,4.9,0.3207,0.3874,0.2914,0,0.0788,0,0.1515,-0.4359,0.5177,0.8415,0.437667,CMN,BRACKET_BASE,false,true,0.77130706,0.47510834,0.82632186,,0.374,false
EVT-MED-1018,Imperial Unification of Tang Dynasty,1419,medieval,transformation,East Asia,Tang Dynasty,CHR-MED-1018,864.8,0.719,0.621,0.3642,0.601,6.9,0.335,25.4,43.3,0.318,60.5,12.4,0.359,0.2495,0.3009,0.152,0.3182,0.5281,0.3097,0.2786,0.2259,0.6843,0.803373,RMD,BRACKET_HIGH,true,false,0.42260904,0.49610645000000003,0.52368468,,0.3689,false
EVT-MED-1019,Dynastic Disintegration of Byzantine Empire,661,medieval,collapse,Eastern Mediterranean,Byzantine Empire,CHR-MED-1019,1124.1,0.755,0.125,0.6271,0.471,15.3,0.312,34,36.9,0.3722,53.2,8.6,0.3307,0.5274,0.4642,0.1259,0.2007,0.0942,0.2825,-0.4332,0.4357,0.7762,0.527918,CMN,BRACKET_BASE,false,true,0.6893245999999998,0.5604575999999999,0.8956389,,0.3749,false
EVT-MED-1020,Astronomical Standardization by Abbasid Caliphate,1470,medieval,technological,Middle East,Abbasid Caliphate,CHR-MED-1020,655.8,0.443,0.488,0.3861,0.728,10.8,0.418,32.8,43.1,0.3964,57.7,11.9,0.353,0.3013,0.3357,0.4153,0.5483,0.4888,0.4179,0.1875,0.2388,0.6109,0.763323,RMD,BRACKET_HIGH,true,false,0.57984564,0.549875,0.6805,,0.2868,false
EVT-MED-1021,Administrative Codification of Mali Empire,1335,medieval,transformation,West Africa,Mali Empire,CHR-MED-1021,1170.5,0.499,0.135,0.7233,0.37,14.6,0.258,35.3,40.7,0.409,62.7,9.1,0.345,0.3187,0.3903,0.2489,0.4362,0.5367,0.3862,0.218,0.1721,0.5822,0.734986,RMD,BRACKET_HIGH,true,false,0.3543888,0.3768039,0.33171318,,0.3468,false
EVT-MED-1022,Harbor Incursion Sickness in Chola Dynasty,1286,medieval,pandemic,South India,Chola Dynasty,CHR-MED-1022,1029.9,0.499,0.23,0.627,0.429,16.1,0.295,25.4,43.9,0.3216,31.5,7.6,0.2877,0.4069,0.3595,0.0843,0.2897,0.0328,0.2346,-0.3741,0.6021,0.796,0.392336,CMN,BRACKET_BASE,false,true,0.89028488,0.567125,0.958,,0.3757,true
EVT-MED-1023,Harbor Incursion Sickness in Kingdom of England,862,medieval,pandemic,British Isles,Kingdom of England,CHR-MED-1023,774.6,0.546,0.403,0.438,0.842,17.5,0.5085,25.8,35.5,0.2755,41.1,9.8,0.318,0.4266,0.3587,0,0.1404,0.1633,0.2178,-0.2633,0.8294,0.7962,0.579387,CMN,BRACKET_BASE,false,true,0.57417282,0.39114588,0.55409848,,0.3941,false
EVT-MED-1024,Frontier Campaign of Khmer Empire,955,medieval,war,Southeast Asia,Khmer Empire,CHR-MED-1024,1046.7,0.638,0.567,0.4923,0.433,13.8,0.2855,26.5,44.8,0.3388,46.4,13.9,0.3473,0.3885,0.273,0.0475,0.1876,0.1217,0.2037,-0.2668,0.6662,0.7731,0.572278,CMN,BRACKET_BASE,false,true,0.62318403,0.37770325000000005,0.5484333,,0.364,false
EVT-MED-1025,Mercantile Tariff Overhaul across Holy Roman Empire,536,medieval,economic,Central Europe,Holy Roman Empire,CHR-MED-1025,984.5,0.728,0.191,0.5482,0.519,15.5,0.337,28.8,38.4,0.3252,44.9,11.7,0.3339,0.3638,0.3044,0.1288,0.2608,0.5569,0.3229,0.1931,0.5889,0.6999,0.37576,CMN,BRACKET_BASE,false,true,0.7695112099999999,0.5579526699999999,0.6378353099999999,,0.3956,false
EVT-MED-1026,Harbor Incursion Sickness in Mali Empire,1353,medieval,pandemic,West Africa,Mali Empire,CHR-MED-1026,1003.1,0.594,0.547,0.4905,0.389,12.6,0.2575,35.9,38.8,0.404,57,9.4,0.3396,0.464,0.3932,0.0921,0.3292,0.1622,0.2881,-0.3018,0.8612,0.8355,0.67721,RMD,BRACKET_MEDIUM,false,true,0.61841142,0.38437221,0.5715808,,0.3794,false
EVT-MED-1027,Guild Monopoly Reform in Kingdom of France,1116,medieval,economic,Western Europe,Kingdom of France,CHR-MED-1027,1298.3,0.674,0.468,0.6325,0.488,15.7,0.3225,29.3,41.5,0.3492,15.7,13.1,0.2648,0.4707,0.4483,0.2877,0.3787,0.4869,0.4145,0.0162,0.2874,0.515,0.633159,RMD,BRACKET_MEDIUM,false,true,0.6308750000000001,0.5585,0.7032499999999999,,0.3505,true
EVT-MED-1028,Borderlands Pacification of Byzantine Empire,1199,medieval,war,Eastern Mediterranean,Byzantine Empire,CHR-MED-1028,827,0.668,0.504,0.3964,0.629,7.8,0.3535,33.6,36,0.3625,35.6,12.8,0.3226,0.3104,0.228,0,0.0625,0.2943,0.179,-0.0161,0.6835,0.6427,0.521605,CMN,BRACKET_BASE,false,true,0.66649,0.38670485,0.46659672,,0.3961,false
EVT-MED-1029,Urban Quarantine Emergency in Kamakura / Muromachi Japan,1347,medieval,pandemic,East Asia,Kamakura / Muromachi Japan,CHR-MED-1029,1054.9,0.642,0.33,0.5662,0.317,15.4,0.2355,32.2,44.3,0.3972,19.7,6.4,0.2477,0.4042,0.3608,0.1043,0.3516,0.388,0.3218,-0.0162,0.7364,0.643,0.697683,RMD,BRACKET_MEDIUM,false,false,0.58897836,0.49561154999999996,0.7341599999999999,,0.3894,false
EVT-MED-1030,Frontier Campaign of Holy Roman Empire,1241,medieval,war,Central Europe,Holy Roman Empire,CHR-MED-1030,801.7,0.45,0.358,0.4934,0.609,13,0.3695,35.2,34.6,0.3713,51,13,0.3496,0.3947,0.3333,0.1713,0.362,0.3523,0.3227,-0.0424,0.3953,0.5666,0.440232,CMN,BRACKET_BASE,false,true,0.8178240000000001,0.554125,0.753125,,0.3584,false
EVT-MED-1031,Orthodoxy & Heresy Trial Wave in Tang Dynasty,1313,medieval,religious,East Asia,Tang Dynasty,CHR-MED-1031,764.7,0.415,0.86,0.3354,0.848,8.4,0.466,28.9,40.8,0.3406,34.3,9,0.3009,0.3335,0.3084,0.1943,0.2746,0.2179,0.2657,-0.1156,0.4721,0.6391,0.510252,CMN,BRACKET_BASE,false,true,0.59366832,0.3629094,0.47728122000000006,,0.2988,false
EVT-MED-1032,Constitutional Reorganization of Abbasid Caliphate,1454,medieval,transformation,Middle East,Abbasid Caliphate,CHR-MED-1032,1078.4,0.49,0.608,0.5397,0.574,7,0.322,27.6,42.1,0.3344,47.9,12.7,0.3436,0.3216,0.3508,0.2724,0.4685,0.5557,0.3938,0.2341,0.2313,0.6348,0.53333,CMN,BRACKET_BASE,false,true,0.48676991999999997,0.47995122,0.49720944000000006,,0.3352,false
EVT-MED-1033,Caravan Route Pestilence in Umayyad Caliphate (Al-Andalus),1362,medieval,pandemic,Iberia / North Africa,Umayyad Caliphate (Al-Andalus),CHR-MED-1033,1142.8,0.58,0.151,0.6808,0.424,10.6,0.265,25.7,39.3,0.2972,42.5,6.1,0.3019,0.4542,0.4061,0.0603,0.1786,0.1655,0.2529,-0.2887,0.8127,0.8026,0.418067,CMN,BRACKET_BASE,false,true,0.7924758000000001,0.50784162,0.8665596000000001,,0.3783,false
EVT-MED-1034,Synod Monotheistic Mandate in Classic Maya & Postclassic,1107,medieval,religious,Mesoamerica,Classic Maya & Postclassic,CHR-MED-1034,1128.6,0.548,0.4,0.6089,0.205,15.2,0.1785,26.6,41,0.3171,38.4,9,0.3091,0.3624,0.405,0.2051,0.3489,0.2386,0.312,-0.1238,0.4677,0.6481,0.630436,RMD,BRACKET_MEDIUM,false,true,0.49682016999999995,0.37093536,0.48742352,,0.3171,false
EVT-MED-1035,Grain Market Price Shock across Byzantine Empire,1216,medieval,economic,Eastern Mediterranean,Byzantine Empire,CHR-MED-1035,985,0.593,0.624,0.459,0.242,9.2,0.167,32.3,38.9,0.3659,47.8,6.7,0.3134,0.3331,0.271,0.1502,0.2155,0.2015,0.2343,-0.1316,0.5199,0.6823,0.545589,CMN,BRACKET_BASE,false,true,0.5456181600000001,0.36546345,0.48589079999999996,,0.3088,false
EVT-MED-1036,Agrarian Insurgency in Khmer Empire,527,medieval,revolution,Southeast Asia,Khmer Empire,CHR-MED-1036,917,0.446,0.285,0.572,0.76,16.8,0.464,27.5,43.5,0.3418,30.4,9.1,0.2926,0.4227,0.3026,0.0381,0.3096,0.4812,0.3108,0.0585,0.5264,0.5865,0.400224,CMN,BRACKET_BASE,false,true,0.82386925,0.5707907400000001,0.6854461599999999,,0.4043,false
EVT-MED-1037,Orthodoxy & Heresy Trial Wave in Abbasid Caliphate,936,medieval,religious,Middle East,Abbasid Caliphate,CHR-MED-1037,872.2,0.634,0.229,0.5108,0.661,9,0.3755,35.4,44.8,0.4346,16.1,12.3,0.2626,0.3929,0.4479,0.3471,0.4752,0.252,0.383,-0.1409,0.4329,0.6162,0.392446,CMN,BRACKET_BASE,false,true,0.6454858,0.555,0.796875,,0.2887,true
EVT-MED-1038,Coalition Defense of Kingdom of France,1354,medieval,war,Western Europe,Kingdom of France,CHR-MED-1038,973.7,0.685,0.82,0.3672,0.395,7.1,0.233,33.8,37.8,0.3754,60.8,8,0.3373,0.3614,0.3184,0.0615,0.2287,0.4436,0.2827,0.0822,0.545,0.6643,0.555396,CMN,BRACKET_BASE,false,true,0.6325202400000001,0.39280506,0.44145290000000004,,0.3994,false
EVT-MED-1039,Palatial Collapse of Song Dynasty,960,medieval,collapse,East Asia,Song Dynasty,CHR-MED-1039,1267.5,0.564,0.584,0.6158,0.274,13.6,0.205,28.6,42.1,0.3452,35,13.5,0.3248,0.5132,0.4045,0.1938,0.2846,0.3066,0.3405,-0.2066,0.5575,0.706,0.548459,CMN,BRACKET_BASE,false,true,0.60969005,0.39376651999999995,0.5478147600000001,,0.3608,false
EVT-MED-1040,Temple Bureaucracy Reorganization of Kamakura / Muromachi Japan,1159,medieval,religious,East Asia,Kamakura / Muromachi Japan,CHR-MED-1040,1185.1,0.665,0.849,0.4663,0.616,8.8,0.352,32.3,39.1,0.3671,35.1,6,0.2876,0.3675,0.3862,0.2837,0.346,0.3149,0.3397,-0.0526,0.4814,0.6009,0.706172,RMD,BRACKET_HIGH,false,false,0.53774016,0.51523909,0.7022570299999998,,0.2754,true
EVT-MED-1041,Metallurgical Innovation Surge in Mali Empire,775,medieval,technological,West Africa,Mali Empire,CHR-MED-1041,913.7,0.544,0.584,0.4513,0.406,17.3,0.2895,29.2,36.9,0.3205,55.3,6.3,0.322,0.2581,0.3077,0.3492,0.4406,0.6376,0.3986,0.3795,0.2124,0.7288,0.562501,CMN,BRACKET_BASE,false,true,0.63818731,0.47374140000000003,0.48237324000000004,,0.3392,false
EVT-MED-1042,Radical Assembly Schism in Song Dynasty,525,medieval,revolution,East Asia,Song Dynasty,CHR-MED-1042,1025.1,0.59,0.374,0.5542,0.236,16,0.198,30.8,37.5,0.3413,46.9,9.1,0.324,0.3484,0.2494,0,0.1424,0.0646,0.161,-0.2838,0.7265,0.8009,0.773279,RMD,BRACKET_HIGH,true,false,0.5902782,0.37398669,0.54582516,,0.3651,false
EVT-MED-1043,Peasant Rebellion against Kievan Rus,1275,medieval,revolution,Eastern Europe,Kievan Rus,CHR-MED-1043,1269.1,0.567,0.136,0.7501,0.682,13.8,0.41,35.5,34.8,0.3757,23.8,8.6,0.2724,0.5034,0.3648,0.1141,0.3128,0.3516,0.3293,-0.1518,0.7033,0.6574,0.485819,CMN,BRACKET_BASE,false,true,0.88800564,0.57475,0.865375,,0.395,true
EVT-MED-1044,Radical Assembly Schism in Classic Maya & Postclassic,1093,medieval,revolution,Mesoamerica,Classic Maya & Postclassic,CHR-MED-1044,1341.7,0.467,0.457,0.7188,0.463,11.5,0.289,31.5,40.3,0.3656,35.6,9.6,0.3066,0.513,0.4135,0.164,0.3876,0.6592,0.4275,0.1462,0.6846,0.6741,0.814833,RMD,BRACKET_HIGH,true,false,0.40315644,0.41236704,0.4694709000000001,,0.4013,false
EVT-MED-1045,Sanitation & Medical Breakthrough in Abbasid Caliphate,736,medieval,technological,Middle East,Abbasid Caliphate,CHR-MED-1045,1144,0.713,0.151,0.6415,0.675,7.2,0.3735,33.5,41.4,0.3938,12.1,13.8,0.2495,0.3158,0.3572,0.4229,0.5278,0.4501,0.4148,0.1343,0.1977,0.5406,0.532985,CMN,BRACKET_BASE,false,true,0.5978296799999999,0.5489999999999999,0.6950000000000001,,0.2748,true
EVT-MED-1046,Systemic Governance Breakdown in Kamakura / Muromachi Japan,766,medieval,collapse,East Asia,Kamakura / Muromachi Japan,CHR-MED-1046,999.6,0.629,0.186,0.5866,0.65,12.6,0.388,32.8,36.8,0.3586,35.5,8,0.2984,0.5064,0.4356,0.0423,0.0702,0.3097,0.2728,-0.1967,0.6328,0.6944,0.385775,CMN,BRACKET_BASE,false,true,0.7925984,0.52391625,0.8000645399999999,,0.4106,false
EVT-MED-1047,Popular Uprising of Umayyad Caliphate (Al-Andalus),983,medieval,revolution,Iberia / North Africa,Umayyad Caliphate (Al-Andalus),CHR-MED-1047,580.7,0.625,0.756,0.215,0.401,8.3,0.242,28.4,34.2,0.2957,58.7,6.2,0.3258,0.3431,0.2464,0,0.1644,0.1572,0.1822,-0.1859,0.7967,0.8167,0.400107,CMN,BRACKET_BASE,false,true,0.91010842,0.543625,0.846875,,0.3778,true
EVT-MED-1048,Educational Charter of Tang Dynasty,1375,medieval,transformation,East Asia,Tang Dynasty,CHR-MED-1048,588.2,0.579,0.513,0.3053,0.723,7.3,0.398,32.4,36,0.3495,63.6,7.2,0.3366,0.2416,0.2733,0.2223,0.3907,0.533,0.3322,0.2914,0.2125,0.6826,0.564591,CMN,BRACKET_BASE,false,true,0.7622319200000001,0.549625,0.5201250000000001,,0.341,false
EVT-MED-1049,Sanitation & Medical Breakthrough in Chola Dynasty,1036,medieval,technological,South India,Chola Dynasty,CHR-MED-1049,956.2,0.413,0.118,0.6509,0.706,8.8,0.397,30.5,39.8,0.3519,21.2,13.1,0.2866,0.3578,0.4003,0.4664,0.6151,0.6557,0.4991,0.2979,0.4406,0.691,0.635434,RMD,BRACKET_MEDIUM,false,true,0.542125,0.552,0.655375,,0.318,false
EVT-MED-1050,Coalition Defense of Kamakura / Muromachi Japan,1427,medieval,war,East Asia,Kamakura / Muromachi Japan,CHR-MED-1050,786.3,0.442,0.723,0.3788,0.718,4.6,0.382,25.1,41,0.3009,17.8,10.7,0.2619,0.31,0.2189,0,0.1811,0.3327,0.2085,0.0227,0.623,0.6388,0.545146,CMN,BRACKET_BASE,false,true,0.87528375,0.5605,0.737625,,0.3973,true
EVT-MED-1051,Maritime Trade Hub Expansion in Byzantine Empire,565,medieval,economic,Eastern Mediterranean,Byzantine Empire,CHR-MED-1051,1159,0.537,0.804,0.5057,0.621,5.2,0.3365,30.8,39.3,0.3521,16.5,13.5,0.2704,0.39,0.3243,0.1266,0.2814,0.5762,0.3397,0.1862,0.5144,0.68,0.516336,CMN,BRACKET_BASE,false,true,0.60618394,0.40547712,0.43157104999999996,,0.3997,false
EVT-MED-1052,Respiratory Virulence Wave across Abbasid Caliphate,564,medieval,pandemic,Middle East,Abbasid Caliphate,CHR-MED-1052,1192.7,0.651,0.665,0.5294,0.647,16.3,0.405,26.3,42,0.3198,50.8,7.1,0.3198,0.4267,0.3711,0,0.1216,0.2528,0.2344,-0.1739,0.8606,0.7509,0.644676,RMD,BRACKET_MEDIUM,false,true,0.6226188,0.4028454,0.53760606,,0.4047,false
EVT-MED-1053,Dynastic Disintegration of Chola Dynasty,1254,medieval,collapse,South India,Chola Dynasty,CHR-MED-1053,1292.1,0.483,0.64,0.6352,0.848,10.6,0.477,30.4,43.9,0.3754,11.6,9.6,0.2254,0.4874,0.4172,0.023,0.0571,0.0603,0.209,-0.4271,0.4657,0.7539,0.387183,CMN,BRACKET_BASE,false,true,0.89658931,0.61425,0.99275,,0.3786,true
EVT-MED-1054,Astronomical Standardization by Kamakura / Muromachi Japan,702,medieval,technological,East Asia,Kamakura / Muromachi Japan,CHR-MED-1054,567.2,0.613,0.807,0.1967,0.31,6.7,0.1885,26.9,36.3,0.2921,46.8,12.8,0.3424,0.1631,0.1991,0.3001,0.4359,0.3062,0.2809,0.1431,0.2615,0.6711,0.824135,RMD,BRACKET_HIGH,true,false,0.3704323,0.37075726,0.43861,,0.285,false
EVT-MED-1055,Temple Bureaucracy Reorganization of Classic Maya & Postclassic,853,medieval,religious,Mesoamerica,Classic Maya & Postclassic,CHR-MED-1055,656.7,0.576,0.812,0.2495,0.626,13.2,0.379,33.2,37.8,0.369,44.9,10.7,0.3289,0.3397,0.3922,0.3099,0.4532,0.3984,0.3787,0.0587,0.3078,0.589,0.451038,CMN,BRACKET_BASE,false,true,0.6187012000000001,0.51918526,0.6124479,,0.2848,false
EVT-MED-1056,Fiscal Modernization in Song Dynasty,872,medieval,transformation,East Asia,Song Dynasty,CHR-MED-1056,565.5,0.482,0.547,0.3132,0.295,12.4,0.2095,25.5,41.5,0.3082,32.4,8.7,0.2953,0.2,0.2615,0.1562,0.382,0.4646,0.2929,0.2646,0.2572,0.7125,0.489055,CMN,BRACKET_BASE,false,true,0.70873842,0.5465,0.5391250000000001,,0.3439,false
EVT-MED-1057,Silver Flotilla Currency Shock in Byzantine Empire,839,medieval,economic,Eastern Mediterranean,Byzantine Empire,CHR-MED-1057,706,0.628,0.604,0.32,0.335,9.2,0.2135,26.5,43.2,0.3292,16.5,11.7,0.2614,0.3132,0.2381,0.0861,0.1915,0.111,0.188,-0.2022,0.581,0.755,0.382738,CMN,BRACKET_BASE,false,true,0.9467865599999999,0.533375,0.828,,0.3298,true
EVT-MED-1058,Synod Monotheistic Mandate in Umayyad Caliphate (Al-Andalus),1396,medieval,religious,Iberia / North Africa,Umayyad Caliphate (Al-Andalus),CHR-MED-1058,1093.3,0.741,0.515,0.4995,0.477,12.5,0.301,29.7,42.9,0.3619,20.4,8.6,0.2613,0.3307,0.3002,0.1913,0.37,0.2299,0.2844,-0.1008,0.4229,0.6158,0.34892,CMN,BRACKET_BASE,false,true,0.7169200800000001,0.5167584,0.7048272000000001,,0.3099,false
EVT-MED-1059,Constitutional Reorganization of Kingdom of England,1128,medieval,transformation,British Isles,Kingdom of England,CHR-MED-1059,606.5,0.443,0.243,0.4359,0.74,12.5,0.4325,35.5,35.6,0.3805,12.9,11.4,0.2421,0.2988,0.3691,0.2761,0.5156,0.6409,0.4201,0.3421,0.3056,0.7038,0.670224,RMD,BRACKET_MEDIUM,false,true,0.5413786,0.53935518,0.5085798,,0.3554,false
EVT-MED-1060,Metallurgical Innovation Surge in Kamakura / Muromachi Japan,1456,medieval,technological,East Asia,Kamakura / Muromachi Japan,CHR-MED-1060,1173,0.495,0.191,0.7089,0.552,16.6,0.359,33.3,42.9,0.4006,10.3,4.9,0.1933,0.3647,0.3971,0.5166,0.6516,0.5699,0.5,0.2052,0.1944,0.5691,0.432179,CMN,BRACKET_BASE,false,true,0.5097044,0.5013000000000001,0.653576,,0.2849,false
EVT-MED-1061,Coalition Defense of Classic Maya & Postclassic,1011,medieval,war,Mesoamerica,Classic Maya & Postclassic,CHR-MED-1061,1219.1,0.628,0.729,0.5298,0.771,17.4,0.4725,35.9,42.3,0.425,52.5,9.5,0.3342,0.4304,0.3521,0.1124,0.274,0.261,0.286,-0.1694,0.531,0.6401,0.478657,CMN,BRACKET_BASE,false,true,0.6506944,0.54801972,0.7943012399999999,,0.3734,false
EVT-MED-1062,Administrative Codification of Kievan Rus,1169,medieval,transformation,Eastern Europe,Kievan Rus,CHR-MED-1062,525.2,0.615,0.395,0.2995,0.402,13,0.266,34.2,44.4,0.4193,43.2,13.9,0.3421,0.236,0.2805,0.1356,0.2739,0.3709,0.2594,0.1349,0.1072,0.5819,0.663423,RMD,BRACKET_MEDIUM,false,true,0.46461448,0.38426864000000005,0.35667296,,0.3422,false
EVT-MED-1063,Provincial Autonomy Insurgency against Tang Dynasty,1186,medieval,revolution,East Asia,Tang Dynasty,CHR-MED-1063,1329.6,0.587,0.516,0.6593,0.212,13.9,0.1755,29.1,37.1,0.3206,30.8,10.9,0.3026,0.3662,0.2665,0,0.1384,0.4304,0.2403,0.0642,0.5353,0.6252,0.509601,CMN,BRACKET_BASE,false,true,0.7452672,0.49846271999999997,0.64970752,,0.4064,false
EVT-MED-1064,Temple Bureaucracy Reorganization of Umayyad Caliphate (Al-Andalus),1347,medieval,religious,Iberia / North Africa,Umayyad Caliphate (Al-Andalus),CHR-MED-1064,1188.1,0.688,0.859,0.4579,0.684,7.1,0.3775,30.1,35.7,0.323,49,12.3,0.3432,0.4192,0.4002,0.2852,0.375,0.5841,0.4127,0.1649,0.5071,0.6721,0.892994,RMD,BRACKET_HIGH,true,false,0.35533974,0.36832866000000003,0.38812499999999994,,0.3589,false
EVT-MED-1065,Frontier Fragmentation of Song Dynasty,1246,medieval,collapse,East Asia,Song Dynasty,CHR-MED-1065,915.2,0.404,0.105,0.6378,0.342,16.2,0.252,26.7,42.2,0.3254,62.5,9.4,0.3463,0.4465,0.3551,0.0163,0.0412,0.1493,0.2017,-0.2972,0.4436,0.7191,0.400286,CMN,BRACKET_BASE,false,true,0.70654092,0.49197228000000004,0.8018252300000002,,0.3908,false
EVT-MED-1066,Temple Bureaucracy Reorganization of Chola Dynasty,895,medieval,religious,South India,Chola Dynasty,CHR-MED-1066,1053.3,0.574,0.839,0.4331,0.233,17.9,0.206,29.5,39,0.3363,61.7,11.2,0.3544,0.344,0.4229,0.2231,0.3264,0.431,0.3495,0.087,0.4073,0.6325,0.581115,CMN,BRACKET_BASE,false,true,0.6939426000000001,0.54625,0.679875,,0.3439,true
EVT-MED-1067,Metallurgical Innovation Surge in Khmer Empire,1160,medieval,technological,Southeast Asia,Khmer Empire,CHR-MED-1067,1295.8,0.715,0.472,0.6178,0.812,16.4,0.488,31.7,34.2,0.3312,60.4,10.5,0.3493,0.3653,0.409,0.4619,0.5872,0.5066,0.466,0.1413,0.1757,0.5347,0.79503,RMD,BRACKET_HIGH,true,false,0.35511894,0.53731722,0.6259609199999999,,0.2757,false
EVT-MED-1068,Sanitation & Medical Breakthrough in Mali Empire,749,medieval,technological,West Africa,Mali Empire,CHR-MED-1068,1189.6,0.622,0.219,0.6704,0.249,12.1,0.185,29.1,42.8,0.3548,43,9.2,0.3182,0.3169,0.3456,0.4315,0.5523,0.5711,0.4435,0.2542,0.2005,0.6359,0.70368,RMD,BRACKET_HIGH,false,false,0.37501511,0.36749097000000003,0.37979999999999997,,0.303,false
EVT-MED-1069,Strategic Siege of Kievan Rus,760,medieval,war,Eastern Europe,Kievan Rus,CHR-MED-1069,1073.7,0.511,0.442,0.5809,0.302,15.7,0.2295,28.4,35.6,0.3041,30.1,11.3,0.3029,0.4149,0.3218,0.0209,0.141,0.2896,0.2376,-0.1253,0.4714,0.6483,0.426859,CMN,BRACKET_BASE,false,true,0.81767334,0.5599654,0.7654641799999999,,0.401,true
EVT-MED-1070,Urban Quarantine Emergency in Khmer Empire,970,medieval,pandemic,Southeast Asia,Khmer Empire,CHR-MED-1070,539.7,0.731,0.853,0.1343,0.448,10.7,0.2775,35.9,37.8,0.398,47,12.5,0.3412,0.3535,0.33,0,0.1301,0.3038,0.2235,-0.0497,0.7771,0.7296,0.372722,CMN,BRACKET_BASE,false,true,0.8762041199999999,0.5488155,0.7420646999999999,,0.4013,false
EVT-MED-1071,Imperial Unification of Khmer Empire,1149,medieval,transformation,Southeast Asia,Khmer Empire,CHR-MED-1071,612.3,0.54,0.281,0.3982,0.399,5.6,0.2275,30.1,35.9,0.3242,13.9,5.3,0.217,0.2397,0.298,0.1849,0.3486,0.4507,0.3044,0.211,0.1824,0.6471,0.565178,CMN,BRACKET_BASE,false,true,0.64384635,0.47471549999999996,0.4950489,,0.3345,false
EVT-MED-1072,Frontier Fragmentation of Byzantine Empire,703,medieval,collapse,Eastern Mediterranean,Byzantine Empire,CHR-MED-1072,1013.6,0.576,0.815,0.4206,0.642,15.3,0.3975,27,44.1,0.34,42.8,8.8,0.3159,0.5005,0.3962,0.0994,0.1691,0.3117,0.2954,-0.1888,0.6785,0.7279,0.411783,CMN,BRACKET_BASE,false,true,0.5812138,0.39067497,0.5348052600000001,,0.3962,false
EVT-MED-1073,Monastic Network Expansion of Khmer Empire,672,medieval,religious,Southeast Asia,Khmer Empire,CHR-MED-1073,1057,0.731,0.528,0.4811,0.614,16.2,0.388,33.2,37.5,0.3672,50.4,5.6,0.3117,0.3726,0.3915,0.2499,0.3535,0.3705,0.3476,-0.0021,0.2736,0.5141,0.482171,CMN,BRACKET_BASE,false,true,0.59972432,0.45943407999999997,0.62156642,,0.3142,false
EVT-MED-1074,Sanitation & Medical Breakthrough in Holy Roman Empire,683,medieval,technological,Central Europe,Holy Roman Empire,CHR-MED-1074,1071.3,0.709,0.457,0.5159,0.252,14.6,0.199,25.6,39.7,0.2985,20.6,13.4,0.286,0.2442,0.2653,0.3259,0.4393,0.435,0.3419,0.1908,0.1514,0.6189,0.617603,CMN,BRACKET_BASE,false,true,0.5333239999999999,0.376694,0.3846543,,0.2897,false
EVT-MED-1075,Strategic Siege of Mongol Empire / Ilkhanate,952,medieval,war,Eurasian Steppe,Mongol Empire / Ilkhanate,CHR-MED-1075,1053.2,0.625,0.367,0.5594,0.533,12.4,0.3285,26.5,38,0.298,46.5,5.3,0.3044,0.4065,0.3613,0.0132,0.0968,0.5535,0.2863,0.147,0.4486,0.6436,0.52221,CMN,BRACKET_BASE,false,true,0.5463077399999999,0.42996987,0.45277407000000003,,0.4001,false
EVT-MED-1076,Bureaucratic Consolidation of Song Dynasty,1329,medieval,transformation,East Asia,Song Dynasty,CHR-MED-1076,903.4,0.483,0.556,0.4731,0.411,10.3,0.257,29.2,41.8,0.3499,37.6,9.7,0.311,0.2948,0.3175,0.2213,0.4293,0.4884,0.3503,0.1936,0.1469,0.6093,0.519565,CMN,BRACKET_BASE,false,true,0.46394118,0.37866004,0.33540451,,0.3393,false
EVT-MED-1077,Respiratory Virulence Wave across Umayyad Caliphate (Al-Andalus),751,medieval,pandemic,Iberia / North Africa,Umayyad Caliphate (Al-Andalus),CHR-MED-1077,859.6,0.641,0.367,0.4613,0.782,13.6,0.459,34.9,42.3,0.4143,36.2,5.7,0.2883,0.442,0.3791,0,0.1559,0.365,0.2684,-0.077,0.8452,0.6827,0.449255,CMN,BRACKET_BASE,false,true,0.8487500000000001,0.588,0.815125,,0.4082,true
EVT-MED-1078,Dynastic Disintegration of Kamakura / Muromachi Japan,1030,medieval,collapse,East Asia,Kamakura / Muromachi Japan,CHR-MED-1078,954.4,0.499,0.755,0.4331,0.29,6.8,0.179,35.7,44.3,0.4349,26.3,8.7,0.2802,0.4232,0.3186,0.0596,0.0877,0.1218,0.2022,-0.3014,0.5303,0.7683,0.454131,CMN,BRACKET_BASE,false,true,0.7654382400000002,0.4938964799999999,0.82790814,,0.361,false
EVT-MED-1079,Fiscal Default Crisis in Holy Roman Empire,1442,medieval,collapse,Central Europe,Holy Roman Empire,CHR-MED-1079,1062.1,0.639,0.547,0.5055,0.393,15.3,0.273,26.3,35.2,0.279,18.3,8.9,0.2549,0.3947,0.3438,0.0553,0.1307,0.1369,0.2123,-0.2578,0.7944,0.8092,0.382873,CMN,BRACKET_BASE,false,true,0.8913880399999999,0.54214524,0.84120768,,0.3614,true
EVT-MED-1080,Popular Uprising of Kingdom of England,1150,medieval,revolution,British Isles,Kingdom of England,CHR-MED-1080,567.1,0.569,0.577,0.2789,0.75,13.6,0.443,25,36.1,0.2704,51.6,10.1,0.3359,0.3696,0.2607,0,0.257,0.5222,0.2819,0.1526,0.7336,0.747,0.534912,CMN,BRACKET_BASE,false,true,0.85073889,0.5800000000000001,0.73525,,0.3993,false
EVT-MED-1081,Administrative Codification of Umayyad Caliphate (Al-Andalus),941,medieval,transformation,Iberia / North Africa,Umayyad Caliphate (Al-Andalus),CHR-MED-1081,724.9,0.748,0.312,0.3807,0.623,9.4,0.3585,27.3,44.1,0.3432,11.6,7.1,0.2129,0.265,0.2967,0.162,0.3939,0.5967,0.3429,0.3317,0.3042,0.7228,0.754692,RMD,BRACKET_HIGH,true,false,0.49778124,0.37991811,0.34984434,,0.377,false
EVT-MED-1082,Harbor Incursion Sickness in Song Dynasty,544,medieval,pandemic,East Asia,Song Dynasty,CHR-MED-1082,792.2,0.632,0.711,0.3283,0.8,12.7,0.4635,30.2,41.9,0.3612,57.3,8.2,0.334,0.4589,0.3895,0.0959,0.345,0.4733,0.3525,0.0144,0.8048,0.666,0.360948,CMN,BRACKET_BASE,false,true,0.7673228499999999,0.49109061,0.69473614,,0.4032,false
EVT-MED-1083,Maritime Trade Hub Expansion in Khmer Empire,1400,medieval,economic,Southeast Asia,Khmer Empire,CHR-MED-1083,964.5,0.626,0.762,0.3978,0.731,11.9,0.425,26,37.3,0.2884,23.2,5.9,0.2571,0.3636,0.2644,0.0832,0.2412,0.3503,0.2605,-0.0133,0.5562,0.6096,0.516894,CMN,BRACKET_BASE,false,true,0.7490901600000001,0.5443811199999999,0.70483392,,0.3847,true
EVT-MED-1084,Maritime Hegemony Clash in Kamakura / Muromachi Japan,1229,medieval,war,East Asia,Kamakura / Muromachi Japan,CHR-MED-1084,745,0.481,0.394,0.4459,0.674,13.9,0.4065,31.5,34.5,0.3308,52.4,11,0.3416,0.3738,0.2832,0.0602,0.1125,0.4562,0.2572,0.0824,0.4103,0.5996,0.720618,RMD,BRACKET_HIGH,false,false,0.47765331,0.5062281599999999,0.63022215,,0.4052,false
EVT-MED-1085,Guild Monopoly Reform in Tang Dynasty,1066,medieval,economic,East Asia,Tang Dynasty,CHR-MED-1085,719.4,0.685,0.655,0.2941,0.439,13.4,0.2865,29.3,36.6,0.3198,19.1,7.4,0.2505,0.3333,0.2474,0.1012,0.2641,0.4453,0.2783,0.112,0.4901,0.6779,0.420332,CMN,BRACKET_BASE,false,true,0.71839875,0.54835506,0.6322113,,0.3867,false
EVT-MED-1086,Orthodoxy & Heresy Trial Wave in Chola Dynasty,1039,medieval,religious,South India,Chola Dynasty,CHR-MED-1086,551.4,0.678,0.274,0.3295,0.805,14.4,0.4745,27.9,43.2,0.3443,13.9,11.6,0.2485,0.3586,0.4124,0.229,0.3322,0.5424,0.3749,0.1838,0.5155,0.6859,0.443462,CMN,BRACKET_BASE,false,true,0.80987575,0.55425,0.64225,,0.3673,false
EVT-MED-1087,Debt Crisis Settlement of Khmer Empire,829,medieval,economic,Southeast Asia,Khmer Empire,CHR-MED-1087,636.5,0.611,0.201,0.4125,0.211,6.7,0.139,32.2,41.1,0.378,22.2,8.8,0.2684,0.3512,0.3031,0.0484,0.1882,0.4616,0.2705,0.1104,0.319,0.6299,0.529924,CMN,BRACKET_BASE,false,true,0.6704937599999999,0.49687208,0.6023071999999999,,0.4021,false
EVT-MED-1088,Grain Market Price Shock across Umayyad Caliphate (Al-Andalus),1095,medieval,economic,Iberia / North Africa,Umayyad Caliphate (Al-Andalus),CHR-MED-1088,1308.2,0.635,0.899,0.5197,0.572,14.5,0.3585,31.4,43.6,0.3844,41.9,10.5,0.3229,0.4352,0.3783,0.2774,0.333,0.4125,0.3673,-0.0227,0.2628,0.5186,0.512645,CMN,BRACKET_BASE,false,true,0.6183411200000001,0.548375,0.709625,,0.3269,true
EVT-MED-1089,Radical Assembly Schism in Kievan Rus,1400,medieval,revolution,Eastern Europe,Kievan Rus,CHR-MED-1089,876.1,0.432,0.167,0.5919,0.215,6.7,0.141,27.9,38.3,0.3149,49,13.1,0.3472,0.4277,0.2719,0,0.1216,0.3046,0.2252,-0.1231,0.6056,0.6907,0.343554,CMN,BRACKET_BASE,false,true,0.97873106,0.573375,0.82725,,0.4052,true
EVT-MED-1090,Guild Monopoly Reform in Kamakura / Muromachi Japan,1340,medieval,economic,East Asia,Kamakura / Muromachi Japan,CHR-MED-1090,1245.6,0.56,0.476,0.6389,0.203,14.8,0.1755,25.6,41,0.3063,13.1,8.1,0.2267,0.2894,0.2011,0,0.1648,0.2286,0.1768,-0.0608,0.3746,0.5884,0.725845,RMD,BRACKET_HIGH,false,false,0.52142325,0.38556195,0.46192128000000005,,0.3802,false
EVT-MED-1091,Coalition Defense of Abbasid Caliphate,1069,medieval,war,Middle East,Abbasid Caliphate,CHR-MED-1091,1133.2,0.747,0.591,0.4941,0.379,6.4,0.2215,31.3,36.8,0.3425,50.4,12.2,0.3447,0.384,0.3117,0.0235,0.2231,0.4803,0.2845,0.0963,0.3826,0.6189,0.619084,CMN,BRACKET_BASE,false,true,0.6014632,0.48735416000000004,0.6148480199999999,,0.4049,false
EVT-MED-1092,Civic Restoration Revolt in Abbasid Caliphate,696,medieval,revolution,Middle East,Abbasid Caliphate,CHR-MED-1092,908.6,0.619,0.732,0.382,0.46,15.8,0.309,29.7,39.8,0.3433,29.9,4.5,0.2684,0.4138,0.2591,0.0279,0.1424,0.1617,0.201,-0.2521,0.3844,0.7071,0.623995,CMN,BRACKET_BASE,false,true,0.50134112,0.38633726999999995,0.52484273,,0.3803,false
EVT-MED-1093,Temple Bureaucracy Reorganization of Holy Roman Empire,1015,medieval,religious,Central Europe,Holy Roman Empire,CHR-MED-1093,1062.6,0.538,0.29,0.6131,0.23,9.4,0.162,35.3,42.4,0.4192,15.5,8.4,0.2404,0.3462,0.3426,0.2213,0.3659,0.4704,0.3493,0.1242,0.2184,0.5725,0.835551,RMD,BRACKET_HIGH,true,false,0.35107005,0.37275777000000004,0.37301728,,0.3464,false
EVT-MED-1094,Secular Legal Separation in Khmer Empire,1396,medieval,religious,Southeast Asia,Khmer Empire,CHR-MED-1094,1004.4,0.633,0.163,0.5946,0.279,4.8,0.1635,30.2,37.9,0.3372,15,11.1,0.2515,0.287,0.2704,0.1152,0.2751,0.3071,0.251,0.0201,0.4741,0.5951,0.677363,RMD,BRACKET_MEDIUM,false,true,0.73452132,0.540875,0.71425,,0.346,true
EVT-MED-1095,Judicial Standard Reform in Khmer Empire,1242,medieval,transformation,Southeast Asia,Khmer Empire,CHR-MED-1095,1237.5,0.722,0.45,0.5942,0.642,5.2,0.347,25.1,38.3,0.2847,31.4,9.9,0.299,0.306,0.3561,0.2751,0.3999,0.5562,0.3787,0.2502,0.3622,0.6718,0.662335,RMD,BRACKET_MEDIUM,false,true,0.7080738000000001,0.5359024800000001,0.53122227,,0.3345,false
EVT-MED-1096,Judicial Standard Reform in Tang Dynasty,871,medieval,transformation,East Asia,Tang Dynasty,CHR-MED-1096,915.3,0.695,0.567,0.4119,0.241,7.5,0.158,25.3,39.9,0.2965,59.6,10.7,0.3494,0.1873,0.2573,0.1973,0.3906,0.3774,0.282,0.1901,0.2352,0.6615,0.838574,RMD,BRACKET_HIGH,true,false,0.40192868,0.36734955,0.3439528,,0.314,false
EVT-MED-1097,Agrarian Insurgency in Mongol Empire / Ilkhanate,1094,medieval,revolution,Eurasian Steppe,Mongol Empire / Ilkhanate,CHR-MED-1097,769,0.61,0.252,0.4614,0.429,9.1,0.26,34.8,39.6,0.397,44.8,8.5,0.3177,0.4227,0.2486,0,0.1227,0.6184,0.2825,0.1957,0.5299,0.7004,0.63019,RMD,BRACKET_MEDIUM,false,true,0.5670532899999999,0.44253200000000004,0.45994696,,0.395,false
EVT-MED-1098,Astronomical Standardization by Abbasid Caliphate,1356,medieval,technological,Middle East,Abbasid Caliphate,CHR-MED-1098,1232.8,0.51,0.366,0.6807,0.261,5.4,0.1575,31.8,36.9,0.3485,26.3,10.4,0.2887,0.3045,0.3391,0.4356,0.5495,0.4649,0.4187,0.1604,0.4524,0.6517,0.553222,CMN,BRACKET_BASE,false,true,0.65446385,0.53351639,0.7054838200000001,,0.2782,false
EVT-MED-1099,Mechanical Power Harnessing in Kamakura / Muromachi Japan,828,medieval,technological,East Asia,Kamakura / Muromachi Japan,CHR-MED-1099,847.1,0.461,0.89,0.3523,0.48,17.1,0.3255,34.8,35.4,0.3718,15,10.5,0.2485,0.2714,0.3212,0.4306,0.5628,0.6357,0.4443,0.3643,0.2706,0.7369,0.563416,CMN,BRACKET_BASE,false,true,0.43857932,0.3819422,0.38938900000000004,,0.3277,false
EVT-MED-1100,Military Coup d’État in Kievan Rus,1060,medieval,revolution,Eastern Europe,Kievan Rus,CHR-MED-1100,812.1,0.699,0.443,0.3982,0.344,14.9,0.2465,29.8,41.6,0.3551,14.2,11.4,0.249,0.3833,0.2566,0,0.1172,0.5091,0.2532,0.1258,0.5141,0.6765,0.586118,CMN,BRACKET_BASE,false,true,0.59335746,0.57169084,0.6605020500000001,,0.4031,false
EVT-MED-1101,Borderlands Pacification of Byzantine Empire,599,medieval,war,Eastern Mediterranean,Byzantine Empire,CHR-MED-1101,878,0.537,0.596,0.4326,0.623,11.1,0.367,26.8,43.9,0.3366,45.8,5.7,0.3053,0.3562,0.2989,0.0132,0.1203,0.2965,0.217,-0.0597,0.5109,0.6195,0.50455,CMN,BRACKET_BASE,false,true,0.60459966,0.39119375999999995,0.48127729999999996,,0.3984,false
EVT-MED-1102,Decentralization Wave across Kievan Rus,1478,medieval,collapse,Eastern Europe,Kievan Rus,CHR-MED-1102,594,0.702,0.384,0.3099,0.735,8.8,0.4115,26.7,35.5,0.2852,47.5,7.2,0.3154,0.3986,0.3285,0,0.0687,0,0.1592,-0.4274,0.7438,0.8958,0.485946,CMN,BRACKET_BASE,false,true,0.69412,0.39081862,0.59433634,,0.3765,false
EVT-MED-1103,Treaty System Implementation across Tang Dynasty,1439,medieval,transformation,East Asia,Tang Dynasty,CHR-MED-1103,916.3,0.664,0.548,0.4274,0.329,11,0.2195,27.7,37.8,0.3097,13.2,6.2,0.2178,0.2186,0.2467,0.1765,0.3028,0.3771,0.2643,0.1585,0.1116,0.6,0.755085,RMD,BRACKET_HIGH,true,false,0.47208681,0.36880913,0.33159593000000004,,0.3133,false
EVT-MED-1104,Civic Restoration Revolt in Holy Roman Empire,1259,medieval,revolution,Central Europe,Holy Roman Empire,CHR-MED-1104,657,0.424,0.291,0.4515,0.614,16.1,0.3875,33.9,37.3,0.3735,29.4,8.9,0.2892,0.4455,0.3496,0.032,0.3051,0.4954,0.3255,0.0499,0.7071,0.6518,0.507047,CMN,BRACKET_BASE,false,true,0.5653962,0.40130281999999995,0.46213992,,0.4017,false
EVT-MED-1105,Palatial Collapse of Byzantine Empire,1012,medieval,collapse,Eastern Mediterranean,Byzantine Empire,CHR-MED-1105,555.7,0.654,0.819,0.1753,0.473,13,0.3015,34.3,41.7,0.4042,55.1,11.4,0.3472,0.4383,0.3536,0.0704,0.1095,0.1527,0.2249,-0.2856,0.5818,0.7975,0.335004,CMN,BRACKET_BASE,false,true,0.86684785,0.5643750000000001,0.9097500000000001,,0.368,true
EVT-MED-1106,Fiscal Modernization in Kingdom of France,984,medieval,transformation,Western Europe,Kingdom of France,CHR-MED-1106,1235,0.735,0.186,0.6683,0.809,8.7,0.448,28.7,36.2,0.3109,24.9,10.3,0.2842,0.34,0.3821,0.2598,0.4964,0.4721,0.3901,0.1321,0.291,0.56,0.736007,RMD,BRACKET_HIGH,true,false,0.45033890000000004,0.5546249999999999,0.626125,,0.3349,true
EVT-MED-1107,Astronomical Standardization by Khmer Empire,1041,medieval,technological,Southeast Asia,Khmer Empire,CHR-MED-1107,664.9,0.721,0.648,0.2591,0.515,13.3,0.324,29.3,38,0.3282,51,11.1,0.3401,0.2506,0.282,0.3708,0.4759,0.5348,0.3828,0.2842,0.247,0.7085,0.717454,RMD,BRACKET_HIGH,false,false,0.47850770000000004,0.36192752,0.37695,,0.3112,false
EVT-MED-1108,Palatial Collapse of Chola Dynasty,1422,medieval,collapse,South India,Chola Dynasty,CHR-MED-1108,683.6,0.623,0.385,0.3764,0.687,13.2,0.4095,26.3,41.3,0.3156,15.6,7.5,0.2364,0.3958,0.3372,0,0.058,0.2108,0.2004,-0.185,0.4066,0.6663,0.631656,RMD,BRACKET_MEDIUM,false,true,0.5302946399999999,0.40548703999999997,0.52778754,,0.3991,false
EVT-MED-1109,Mercantile Tariff Overhaul across Umayyad Caliphate (Al-Andalus),1026,medieval,economic,Iberia / North Africa,Umayyad Caliphate (Al-Andalus),CHR-MED-1109,870.9,0.424,0.197,0.5828,0.377,9.3,0.235,31.4,42.4,0.3772,11.2,7.7,0.2134,0.4318,0.3471,0.236,0.3543,0.2012,0.3141,-0.2306,0.3209,0.6555,0.603458,CMN,BRACKET_BASE,false,true,0.63700243,0.45522617000000004,0.7166451199999999,,0.3262,false
EVT-MED-1110,Territorial Rupture of Holy Roman Empire,1215,medieval,collapse,Central Europe,Holy Roman Empire,CHR-MED-1110,1254.1,0.526,0.79,0.559,0.81,17.4,0.492,28.5,42.9,0.3489,28.6,12,0.3027,0.555,0.4541,0.0871,0.1274,0.3307,0.3109,-0.2243,0.4451,0.6524,0.524168,CMN,BRACKET_BASE,false,true,0.56061624,0.41856941,0.55177503,,0.4081,false
EVT-MED-1111,Military Coup d’État in Tang Dynasty,1232,medieval,revolution,East Asia,Tang Dynasty,CHR-MED-1111,1276.4,0.62,0.566,0.6087,0.362,11.5,0.2385,26.1,35.4,0.2781,34.4,13.4,0.3231,0.3983,0.3103,0.0765,0.3157,0.4328,0.3067,0.0345,0.5638,0.6208,0.670024,RMD,BRACKET_MEDIUM,false,true,0.5853100499999999,0.55546912,0.6946270800000001,,0.3987,false
EVT-MED-1112,Astronomical Standardization by Classic Maya & Postclassic,832,medieval,technological,Mesoamerica,Classic Maya & Postclassic,CHR-MED-1112,779.4,0.612,0.249,0.4667,0.717,13.7,0.427,25.3,43.7,0.3193,55.1,6.7,0.3237,0.3152,0.3504,0.4051,0.5221,0.6128,0.4411,0.2976,0.4137,0.7122,0.776419,RMD,BRACKET_HIGH,true,false,0.41925152,0.37437961000000003,0.38496525,,0.3202,false
EVT-MED-1113,Metallurgical Innovation Surge in Tang Dynasty,1387,medieval,technological,East Asia,Tang Dynasty,CHR-MED-1113,1227.9,0.703,0.694,0.5221,0.575,11.8,0.3465,31.7,35.8,0.3408,24.4,5.8,0.2602,0.3191,0.3494,0.4602,0.5956,0.5256,0.45,0.2065,0.1686,0.6022,0.776682,RMD,BRACKET_HIGH,true,false,0.327852,0.38754857000000004,0.4228812,,0.2877,false
EVT-MED-1114,Territorial Rupture of Mongol Empire / Ilkhanate,697,medieval,collapse,Eurasian Steppe,Mongol Empire / Ilkhanate,CHR-MED-1114,733.6,0.653,0.842,0.2544,0.339,13.1,0.235,30.4,37.8,0.3388,35.6,5.7,0.2871,0.3986,0.3008,0,0.0518,0.2046,0.1912,-0.194,0.5364,0.7446,0.581264,CMN,BRACKET_BASE,false,true,0.59400375,0.38384240000000003,0.51387497,,0.3964,false
EVT-MED-1115,Synod Monotheistic Mandate in Tang Dynasty,1320,medieval,religious,East Asia,Tang Dynasty,CHR-MED-1115,611.8,0.635,0.5,0.3037,0.461,11.5,0.288,27.8,42.5,0.339,23.9,12.8,0.2937,0.2819,0.344,0.2,0.3607,0.2757,0.2925,-0.0062,0.2387,0.5534,0.612786,CMN,BRACKET_BASE,false,true,0.4535328,0.37385292,0.42544862,,0.3001,false
EVT-MED-1116,Imperial Annexation War in Kingdom of England,1148,medieval,war,British Isles,Kingdom of England,CHR-MED-1116,1126,0.46,0.377,0.6409,0.803,6.7,0.435,25.7,44.3,0.3272,35.1,5.5,0.2851,0.3778,0.2736,0.0671,0.1649,0.425,0.2617,0.0472,0.6453,0.6063,0.481151,CMN,BRACKET_BASE,false,true,0.79715495,0.5617850000000001,0.6927090399999999,,0.4007,false
EVT-MED-1117,Frontier Fragmentation of Kamakura / Muromachi Japan,1299,medieval,collapse,East Asia,Kamakura / Muromachi Japan,CHR-MED-1117,633.4,0.676,0.631,0.2626,0.555,7.2,0.3135,32.5,39.5,0.3716,51.7,11.5,0.3431,0.434,0.3309,0,0.0237,0.0634,0.1704,-0.3706,0.5308,0.8207,0.503221,CMN,BRACKET_BASE,false,true,0.9179517899999999,0.5775,0.9407500000000001,,0.3762,true
EVT-MED-1118,Palatial Collapse of Classic Maya & Postclassic,978,medieval,collapse,Mesoamerica,Classic Maya & Postclassic,CHR-MED-1118,731.4,0.558,0.65,0.3395,0.537,16.5,0.351,35.1,37.1,0.3852,21.4,13.8,0.2907,0.4352,0.3204,0.0845,0.1153,0.0115,0.1934,-0.4237,0.4326,0.8056,0.6158,CMN,BRACKET_BASE,false,true,0.5952728500000001,0.47817671999999994,0.8338699399999999,,0.3673,false
EVT-MED-1119,Maritime Trade Hub Expansion in Kievan Rus,1274,medieval,economic,Eastern Europe,Kievan Rus,CHR-MED-1119,1026.8,0.547,0.816,0.4353,0.788,10.6,0.447,31.5,44.5,0.3908,31.7,8.1,0.2907,0.3984,0.3018,0.1359,0.3068,0.4102,0.3106,0.0118,0.6344,0.604,0.419564,CMN,BRACKET_BASE,false,true,0.75713183,0.5370041600000001,0.69357373,,0.3829,false
EVT-MED-1120,Navigational Instrument Reform in Mali Empire,1114,medieval,technological,West Africa,Mali Empire,CHR-MED-1120,1341.9,0.663,0.878,0.5338,0.26,10.1,0.1805,35.1,41.6,0.4122,26,11,0.2908,0.2962,0.3225,0.4101,0.4998,0.5849,0.4227,0.2887,0.3978,0.7164,0.965205,RMD,BRACKET_HIGH,true,false,0.33480744,0.36896916,0.3971271,,0.3126,false
EVT-MED-1121,Epidemic Fever Outbreak across Tang Dynasty,1059,medieval,pandemic,East Asia,Tang Dynasty,CHR-MED-1121,1088.4,0.482,0.816,0.4845,0.333,9.1,0.212,35.6,36.5,0.387,16.6,5,0.2284,0.4037,0.3809,0,0.2102,0.1408,0.2271,-0.2629,0.9227,0.8401,0.43354,CMN,BRACKET_BASE,false,true,0.75456176,0.46897305,0.7873491600000001,,0.3937,false
EVT-MED-1122,Imperial Annexation War in Kievan Rus,1345,medieval,war,Eastern Europe,Kievan Rus,CHR-MED-1122,562.3,0.593,0.29,0.3555,0.717,17.2,0.4445,25.2,36.6,0.2756,54.8,10.8,0.3438,0.3823,0.3374,0.0387,0.1588,0.3534,0.2541,-0.0289,0.6795,0.6541,0.597282,CMN,BRACKET_BASE,false,true,0.60328632,0.3965846,0.49354999,,0.4008,false
EVT-MED-1123,Metallurgical Innovation Surge in Mali Empire,848,medieval,technological,West Africa,Mali Empire,CHR-MED-1123,1124.4,0.627,0.678,0.4998,0.569,15.5,0.362,29.8,36.2,0.3227,15.1,8.4,0.2385,0.2576,0.3125,0.4192,0.5202,0.5052,0.4029,0.2476,0.2661,0.6526,0.69112,RMD,BRACKET_MEDIUM,false,false,0.5770446,0.473148,0.6345451999999999,,0.2907,false
EVT-MED-1124,Territorial Rupture of Kingdom of England,1186,medieval,collapse,British Isles,Kingdom of England,CHR-MED-1124,657.5,0.621,0.209,0.4173,0.605,10.2,0.3535,29.5,37.1,0.3249,21.8,9.8,0.2721,0.4886,0.4089,0.0928,0.1896,0.1928,0.2745,-0.2958,0.7017,0.8008,0.474198,CMN,BRACKET_BASE,false,true,0.88530475,0.570625,0.93675,,0.3755,false
EVT-MED-1125,Sanitation & Medical Breakthrough in Holy Roman Empire,859,medieval,technological,Central Europe,Holy Roman Empire,CHR-MED-1125,641.2,0.437,0.208,0.4649,0.779,8.6,0.4325,30.7,35.1,0.3258,51.8,5.3,0.3122,0.3203,0.3498,0.4606,0.5453,0.492,0.4336,0.1717,0.1687,0.5814,0.783903,RMD,BRACKET_HIGH,true,false,0.46946207999999995,0.53921336,0.65558416,,0.2758,false
EVT-MED-1126,Printing & Communications Diffusion in Kamakura / Muromachi Japan,779,medieval,technological,East Asia,Kamakura / Muromachi Japan,CHR-MED-1126,565,0.624,0.235,0.364,0.483,10.8,0.2955,25.1,40.1,0.2955,43.6,8.7,0.3167,0.2339,0.2709,0.3125,0.4136,0.5121,0.3486,0.2782,0.2024,0.6876,0.533032,CMN,BRACKET_BASE,false,true,0.7615727999999999,0.54075,0.57525,,0.3165,true
EVT-MED-1127,Provincial Autonomy Insurgency against Holy Roman Empire,1407,medieval,revolution,Central Europe,Holy Roman Empire,CHR-MED-1127,584,0.571,0.327,0.3614,0.735,9,0.4125,32.9,38.6,0.3705,13,13.5,0.2532,0.3847,0.2915,0,0.2175,0.4886,0.2765,0.1039,0.4717,0.6324,0.66202,RMD,BRACKET_MEDIUM,false,true,0.4767027,0.39547764,0.43680904000000004,,0.4023,false
EVT-MED-1128,Maritime Hegemony Clash in Kamakura / Muromachi Japan,535,medieval,war,East Asia,Kamakura / Muromachi Japan,CHR-MED-1128,1028.2,0.543,0.514,0.5278,0.733,8.9,0.411,32.8,44.8,0.4066,10.6,12.8,0.2349,0.4406,0.3225,0.0106,0.1301,0.2379,0.2283,-0.2027,0.4841,0.6587,0.506475,CMN,BRACKET_BASE,false,true,0.63972992,0.40673592,0.5458800300000001,,0.4018,false
EVT-MED-1129,Frontier Campaign of Kamakura / Muromachi Japan,906,medieval,war,East Asia,Kamakura / Muromachi Japan,CHR-MED-1129,1196.3,0.484,0.82,0.5347,0.357,15.8,0.2575,26.8,35,0.2832,50.9,8.6,0.3275,0.3997,0.3291,0,0.0713,0.1225,0.1845,-0.2772,0.6434,0.7792,0.413187,CMN,BRACKET_BASE,false,true,0.8841840000000001,0.5492301,0.8409271500000001,,0.3833,true
EVT-MED-1130,Secular Legal Separation in Mongol Empire / Ilkhanate,762,medieval,religious,Eurasian Steppe,Mongol Empire / Ilkhanate,CHR-MED-1130,1161.5,0.588,0.343,0.6299,0.415,9.2,0.2535,34.8,43,0.4174,51.1,5.7,0.3132,0.394,0.3975,0.2184,0.3397,0.2646,0.3228,-0.1294,0.4671,0.6215,0.345206,CMN,BRACKET_BASE,false,true,0.82066446,0.546125,0.808125,,0.3146,true
EVT-MED-1131,Territorial Rupture of Song Dynasty,1261,medieval,collapse,East Asia,Song Dynasty,CHR-MED-1131,935.6,0.594,0.413,0.4982,0.209,15.8,0.1835,31.1,44.7,0.3877,40.9,12.1,0.3291,0.4921,0.3898,0.0053,0.0917,0.2877,0.2533,-0.2044,0.8474,0.7918,0.525265,CMN,BRACKET_BASE,false,true,0.5802896599999999,0.40467847,0.53325418,,0.4091,false
EVT-MED-1132,Debt Crisis Settlement of Byzantine Empire,1183,medieval,economic,Eastern Mediterranean,Byzantine Empire,CHR-MED-1132,1189.3,0.699,0.714,0.4987,0.824,9.7,0.4605,31.4,40.9,0.3682,47.2,4.7,0.3025,0.4758,0.4268,0.1677,0.2939,0.2445,0.3217,-0.2313,0.3059,0.6323,0.470657,CMN,BRACKET_BASE,false,true,0.7358667600000001,0.5532197999999999,0.79460916,,0.3576,false
EVT-MED-1133,Imperial Annexation War in Kamakura / Muromachi Japan,1300,medieval,war,East Asia,Kamakura / Muromachi Japan,CHR-MED-1133,772.3,0.692,0.124,0.4768,0.727,17,0.4485,34.1,39.3,0.3876,62.4,8.5,0.3417,0.4183,0.3158,0.0538,0.1628,0.346,0.2593,-0.0723,0.5503,0.6097,0.453199,CMN,BRACKET_BASE,false,true,0.76543485,0.50340689,0.73649998,,0.401,false
EVT-MED-1134,Silver Flotilla Currency Shock in Tang Dynasty,788,medieval,economic,East Asia,Tang Dynasty,CHR-MED-1134,840.2,0.568,0.44,0.4519,0.434,6.7,0.2505,34.1,35,0.3618,64,13.3,0.3675,0.4069,0.3574,0.1757,0.3062,0.2386,0.297,-0.1683,0.535,0.695,0.419802,CMN,BRACKET_BASE,false,true,0.7025301,0.53384812,0.7823288599999999,,0.3331,true
EVT-MED-1135,Institutional Dissolution of Kingdom of England,571,medieval,collapse,British Isles,Kingdom of England,CHR-MED-1135,1124.1,0.68,0.765,0.4576,0.208,15,0.179,26.9,36,0.2903,63.6,7,0.3356,0.3743,0.2561,0,0.0241,0.0769,0.1463,-0.2974,0.4079,0.7535,0.615297,CMN,BRACKET_BASE,false,true,0.5940591,0.37698444,0.5176545,,0.3678,false
EVT-MED-1136,Continental Standoff of Song Dynasty,1226,medieval,war,East Asia,Song Dynasty,CHR-MED-1136,575.1,0.665,0.289,0.3404,0.53,14.5,0.3375,34.3,34.3,0.3598,12.4,8.8,0.2262,0.2815,0.1771,0,0.1544,0.1092,0.1444,-0.1723,0.3167,0.6466,0.504385,CMN,BRACKET_BASE,false,true,0.73129885,0.4610045,0.6857955,,0.3603,false
EVT-MED-1137,Astronomical Standardization by Classic Maya & Postclassic,1332,medieval,technological,Mesoamerica,Classic Maya & Postclassic,CHR-MED-1137,696,0.478,0.675,0.3389,0.694,17.7,0.4355,31.2,42.8,0.3774,54.2,6,0.319,0.3192,0.34,0.4163,0.5055,0.658,0.4478,0.3388,0.3124,0.7183,0.85487,RMD,BRACKET_HIGH,true,false,0.36106844999999993,0.47817984,0.53785812,,0.33,false
EVT-MED-1138,Orthodoxy & Heresy Trial Wave in Classic Maya & Postclassic,691,medieval,religious,Mesoamerica,Classic Maya & Postclassic,CHR-MED-1138,884.2,0.546,0.327,0.5136,0.28,15.3,0.2165,28.5,44.5,0.3585,42.4,8.3,0.3127,0.3076,0.3628,0.2202,0.3619,0.4102,0.3325,0.1026,0.3036,0.598,0.563018,CMN,BRACKET_BASE,false,true,0.64584828,0.54075,0.6432499999999999,,0.3259,false
EVT-MED-1139,Radical Assembly Schism in Classic Maya & Postclassic,1085,medieval,revolution,Mesoamerica,Classic Maya & Postclassic,CHR-MED-1139,1028.2,0.597,0.376,0.553,0.333,5.8,0.1955,35.8,36,0.3862,31.6,14,0.3199,0.4466,0.3168,0.0876,0.2331,0.4447,0.3058,-0.0019,0.6724,0.6289,0.514877,CMN,BRACKET_BASE,false,true,0.54138732,0.40149968,0.48582918999999997,,0.4027,false
EVT-MED-1140,Silver Flotilla Currency Shock in Song Dynasty,1425,medieval,economic,East Asia,Song Dynasty,CHR-MED-1140,690,0.591,0.882,0.24,0.513,16.7,0.34,29.4,34.8,0.31,13.3,5.8,0.2163,0.3059,0.2344,0,0.1684,0.3773,0.2172,0.0714,0.2509,0.5978,0.399316,CMN,BRACKET_BASE,false,true,0.79938301,0.5519732,0.6133662,,0.4008,true
EVT-MED-1141,Urban Quarantine Emergency in Song Dynasty,1131,medieval,pandemic,East Asia,Song Dynasty,CHR-MED-1141,1162.2,0.446,0.417,0.6506,0.374,5.3,0.2135,34.2,44.1,0.4175,41.6,4.6,0.2928,0.471,0.3923,0.1394,0.3253,0.2504,0.3157,-0.2206,0.7859,0.7534,0.537633,CMN,BRACKET_BASE,false,true,0.6727380000000001,0.47917331,0.81029124,,0.3714,false
EVT-MED-1142,Respiratory Virulence Wave across Byzantine Empire,1157,medieval,pandemic,Eastern Mediterranean,Byzantine Empire,CHR-MED-1142,801.6,0.485,0.47,0.4492,0.242,10.3,0.1725,31.2,42.2,0.3738,18.4,12,0.2708,0.3991,0.3787,0.022,0.2414,0.1319,0.2346,-0.2672,0.7195,0.8048,0.564939,CMN,BRACKET_BASE,false,true,0.6638068800000001,0.4768406,0.8136764400000001,,0.3867,false
EVT-MED-1143,Systemic Governance Breakdown in Classic Maya & Postclassic,1289,medieval,collapse,Mesoamerica,Classic Maya & Postclassic,CHR-MED-1143,573.4,0.435,0.607,0.3131,0.291,6.3,0.177,26.7,37.8,0.299,41.8,11.8,0.3292,0.4059,0.325,0,0.0669,0,0.1596,-0.443,0.5391,0.8856,0.484496,CMN,BRACKET_BASE,false,true,0.8271923,0.5410349999999999,0.8696299999999999,,0.3762,false
EVT-MED-1144,Respiratory Virulence Wave across Kievan Rus,595,medieval,pandemic,Eastern Europe,Kievan Rus,CHR-MED-1144,858.3,0.461,0.27,0.5437,0.351,5.2,0.2015,29.4,38.6,0.3328,56.8,10.5,0.3449,0.4435,0.4041,0,0.2334,0.283,0.2728,-0.1605,0.8018,0.7554,0.758289,RMD,BRACKET_HIGH,true,false,0.50208168,0.3897985,0.52137055,,0.4056,false
EVT-MED-1145,Printing & Communications Diffusion in Kamakura / Muromachi Japan,821,medieval,technological,East Asia,Kamakura / Muromachi Japan,CHR-MED-1145,1122,0.736,0.17,0.6183,0.601,7.4,0.3375,35.3,40.2,0.406,46.5,5.6,0.3059,0.3464,0.3778,0.4716,0.5935,0.7183,0.5015,0.3719,0.4617,0.742,0.585238,CMN,BRACKET_BASE,false,true,0.4834922400000001,0.38088555,0.38841376,,0.334,false
EVT-MED-1146,Maritime Hegemony Clash in Khmer Empire,1010,medieval,war,Southeast Asia,Khmer Empire,CHR-MED-1146,993.4,0.707,0.784,0.3808,0.421,13.1,0.276,32.9,37.4,0.3633,20.2,5.2,0.2436,0.3915,0.3348,0.0569,0.2242,0.214,0.2443,-0.1775,0.4107,0.6755,0.540385,CMN,BRACKET_BASE,false,true,0.6984068,0.53843872,0.76508246,,0.3778,false
EVT-MED-1147,Provincial Autonomy Insurgency against Umayyad Caliphate (Al-Andalus),746,medieval,revolution,Iberia / North Africa,Umayyad Caliphate (Al-Andalus),CHR-MED-1147,548.1,0.499,0.182,0.4092,0.453,16.5,0.309,34.8,42.8,0.4162,13.2,13.1,0.2523,0.3686,0.2121,0,0.1516,0.2869,0.2038,-0.0817,0.5715,0.6468,0.576682,CMN,BRACKET_BASE,false,true,0.6138672,0.3971322,0.4971603400000001,,0.3995,false
EVT-MED-1148,Hydraulic Engineering Grid in Tang Dynasty,580,medieval,technological,East Asia,Tang Dynasty,CHR-MED-1148,1257.3,0.651,0.63,0.571,0.27,7.9,0.1745,30,44.4,0.3741,33.1,10.7,0.3068,0.2918,0.3398,0.3853,0.5372,0.6322,0.4373,0.3404,0.2073,0.6977,0.737729,RMD,BRACKET_HIGH,true,false,0.5502084100000001,0.52846821,0.5146406099999999,,0.3308,false
EVT-MED-1149,Institutional Dissolution of Song Dynasty,620,medieval,collapse,East Asia,Song Dynasty,CHR-MED-1149,1242.4,0.664,0.185,0.6934,0.264,17.8,0.221,30.1,42.7,0.365,55.7,5.5,0.3185,0.4856,0.3682,0.0766,0.1658,0.166,0.2524,-0.3196,0.561,0.7509,0.651859,RMD,BRACKET_MEDIUM,false,true,0.5076764699999999,0.39297434,0.57380718,,0.3744,false
EVT-MED-1150,Guild Monopoly Reform in Kingdom of England,1157,medieval,economic,British Isles,Kingdom of England,CHR-MED-1150,1180.5,0.512,0.769,0.534,0.214,12.4,0.169,26.1,37.4,0.2901,12.8,9,0.2295,0.2929,0.2492,0.0905,0.1639,0.1791,0.1951,-0.1138,0.516,0.6715,0.449048,CMN,BRACKET_BASE,false,true,0.908875,0.53375,0.7767499999999999,,0.3271,true
EVT-MED-1151,Agrarian Restructuring of Khmer Empire,690,medieval,transformation,Southeast Asia,Khmer Empire,CHR-MED-1151,648.9,0.511,0.369,0.3981,0.473,16.4,0.3185,27.8,42.1,0.3366,47.2,10.1,0.3295,0.2334,0.311,0.2436,0.3967,0.4529,0.3275,0.2195,0.1639,0.6315,0.63737,RMD,BRACKET_MEDIUM,false,true,0.6322248,0.5259309,0.49573497,,0.3202,false
EVT-MED-1152,Maritime Hegemony Clash in Chola Dynasty,744,medieval,war,South India,Chola Dynasty,CHR-MED-1152,614.3,0.653,0.45,0.3145,0.68,9.3,0.3865,35.2,38.3,0.3935,40,9.6,0.315,0.3583,0.262,0.0347,0.1182,0.0936,0.1734,-0.2647,0.3841,0.7048,0.525391,CMN,BRACKET_BASE,false,true,0.59251104,0.3910308,0.5355894800000001,,0.3544,true
EVT-MED-1153,Agrarian Restructuring of Chola Dynasty,552,medieval,transformation,South India,Chola Dynasty,CHR-MED-1153,586.8,0.584,0.249,0.3823,0.307,15,0.2285,27.8,38.9,0.3174,43.7,5.6,0.3014,0.2018,0.2358,0.17,0.3872,0.3192,0.2628,0.1174,0.3839,0.6501,0.677264,RMD,BRACKET_MEDIUM,false,true,0.67835916,0.45171356999999995,0.55173084,,0.3095,false
EVT-MED-1154,Epidemic Fever Outbreak across Tang Dynasty,1277,medieval,pandemic,East Asia,Tang Dynasty,CHR-MED-1154,752.3,0.598,0.427,0.4045,0.539,8.7,0.313,31.1,44.5,0.3865,62.8,6.8,0.3337,0.445,0.3962,0.1393,0.2588,0.2909,0.306,-0.1541,0.9478,0.7846,0.564319,CMN,BRACKET_BASE,false,true,0.78577093,0.47814078,0.78162108,,0.3689,false
EVT-MED-1155,Military Coup d’État in Song Dynasty,1141,medieval,revolution,East Asia,Song Dynasty,CHR-MED-1155,1277,0.705,0.537,0.5922,0.533,6.6,0.2995,29.4,39.9,0.3406,37,6.8,0.2954,0.473,0.3832,0.0404,0.2927,0.5914,0.3561,0.1184,0.4913,0.6319,0.312307,CMN,BRACKET_BASE,false,true,0.8171249999999999,0.6115,0.7585,,0.3898,false
EVT-MED-1156,Epidemic Fever Outbreak across Abbasid Caliphate,1266,medieval,pandemic,Middle East,Abbasid Caliphate,CHR-MED-1156,1056.3,0.512,0.415,0.5804,0.802,8,0.441,33.7,43.8,0.4103,60.5,4.6,0.32,0.5375,0.4761,0.0159,0.2156,0.4147,0.332,-0.1228,0.9198,0.7115,0.683344,RMD,BRACKET_MEDIUM,false,false,0.6314385,0.59264275,0.77474856,,0.4002,false
EVT-MED-1157,Constitutional Reorganization of Byzantine Empire,684,medieval,transformation,Eastern Mediterranean,Byzantine Empire,CHR-MED-1157,1113,0.488,0.439,0.6077,0.534,13.3,0.3335,27.6,40.5,0.3248,27.7,10,0.2904,0.293,0.357,0.2808,0.5075,0.5838,0.4044,0.2908,0.3313,0.68,0.752541,RMD,BRACKET_HIGH,true,false,0.45568512,0.38458836,0.34331335,,0.3426,false
EVT-MED-1158,Decentralization Wave across Kievan Rus,632,medieval,collapse,Eastern Europe,Kievan Rus,CHR-MED-1158,762.1,0.558,0.796,0.3105,0.412,15,0.281,29.6,40.1,0.344,32.5,5,0.277,0.3883,0.3006,0.0238,0.0808,0.1937,0.1974,-0.1946,0.7481,0.7818,0.515175,CMN,BRACKET_BASE,false,true,0.78824356,0.47125231999999995,0.7613995199999999,,0.3859,false
EVT-MED-1159,Navigational Instrument Reform in Byzantine Empire,1123,medieval,technological,Eastern Mediterranean,Byzantine Empire,CHR-MED-1159,878.3,0.657,0.472,0.434,0.233,10.8,0.1705,28.8,44.3,0.3606,10.4,12.4,0.2315,0.2326,0.278,0.3432,0.4618,0.4208,0.3473,0.1882,0.1625,0.6275,0.572734,CMN,BRACKET_BASE,false,true,0.5938565,0.44795533,0.5634199999999999,,0.2846,false
EVT-MED-1160,Sanitation & Medical Breakthrough in Khmer Empire,678,medieval,technological,Southeast Asia,Khmer Empire,CHR-MED-1160,1269.9,0.608,0.196,0.7202,0.448,12.3,0.2855,30.7,36.5,0.3342,22.5,7.1,0.2609,0.3381,0.3969,0.4547,0.5398,0.6581,0.4775,0.32,0.1851,0.6481,0.663948,RMD,BRACKET_MEDIUM,false,true,0.43212015000000004,0.48152567999999996,0.54357236,,0.3204,false
EVT-MED-1161,Synod Monotheistic Mandate in Kingdom of England,1077,medieval,religious,British Isles,Kingdom of England,CHR-MED-1161,1093.7,0.758,0.597,0.47,0.211,13.3,0.172,25.9,37.1,0.2861,21.9,11.1,0.2789,0.3166,0.3503,0.1593,0.3245,0.4934,0.3288,0.1768,0.3811,0.6815,0.571127,CMN,BRACKET_BASE,false,true,0.6130768,0.47230980999999994,0.5581956600000001,,0.3732,false
EVT-MED-1162,Constitutional Reorganization of Umayyad Caliphate (Al-Andalus),594,medieval,transformation,Iberia / North Africa,Umayyad Caliphate (Al-Andalus),CHR-MED-1162,865.8,0.439,0.745,0.4115,0.466,5.6,0.261,35.1,38.6,0.3942,9.9,7.1,0.2014,0.2667,0.3419,0.2783,0.5142,0.4684,0.3739,0.2017,0.1714,0.6218,0.593347,CMN,BRACKET_BASE,false,true,0.52784056,0.550625,0.550625,,0.3229,false
EVT-MED-1163,Peasant Rebellion against Classic Maya & Postclassic,761,medieval,revolution,Mesoamerica,Classic Maya & Postclassic,CHR-MED-1163,744.1,0.759,0.437,0.3492,0.647,12.8,0.3875,33.8,40.9,0.394,26.2,10.8,0.2904,0.4222,0.2862,0,0.2457,0.3223,0.2553,-0.0999,0.6233,0.6702,0.86145,RMD,BRACKET_HIGH,true,false,0.43744243999999993,0.4040556,0.5188725900000001,,0.4049,false
EVT-MED-1164,Decentralization Wave across Mali Empire,1416,medieval,collapse,West Africa,Mali Empire,CHR-MED-1164,834.2,0.54,0.106,0.5576,0.704,5,0.377,35.5,35,0.3769,21.8,7.1,0.2586,0.5311,0.4545,0.0567,0.088,0.2163,0.2693,-0.3148,0.4882,0.7253,0.640618,RMD,BRACKET_MEDIUM,false,true,0.64726596,0.611375,0.9481249999999999,,0.4009,true
EVT-MED-1165,Orthodoxy & Heresy Trial Wave in Tang Dynasty,851,medieval,religious,East Asia,Tang Dynasty,CHR-MED-1165,1100.7,0.509,0.822,0.4806,0.622,15.8,0.39,32.2,37.7,0.3576,58.4,7.3,0.3309,0.3786,0.3707,0.2273,0.3113,0.4753,0.3526,0.0967,0.4943,0.6216,0.433467,CMN,BRACKET_BASE,false,true,0.60421808,0.45782207999999996,0.59825238,,0.3538,false
EVT-MED-1166,Grain Market Price Shock across Kamakura / Muromachi Japan,764,medieval,economic,East Asia,Kamakura / Muromachi Japan,CHR-MED-1166,1306.2,0.69,0.458,0.6345,0.806,4.6,0.426,34.7,43.4,0.4187,10.1,12.8,0.2314,0.4182,0.3912,0.1304,0.2596,0.1798,0.2758,-0.2384,0.327,0.6186,0.564989,CMN,BRACKET_BASE,false,true,0.5295569499999999,0.39481710000000003,0.5347608,,0.3489,false
EVT-MED-1167,Maritime Hegemony Clash in Holy Roman Empire,1307,medieval,war,Central Europe,Holy Roman Empire,CHR-MED-1167,1178.9,0.558,0.572,0.5785,0.348,8.9,0.2185,31.8,36.2,0.3443,54.1,5.2,0.3149,0.3378,0.2376,0,0.118,0.43,0.2247,0.0922,0.4663,0.6252,0.425182,CMN,BRACKET_BASE,false,true,0.8259220199999999,0.5585593200000001,0.63920512,,0.406,false
EVT-MED-1168,Military Coup d’État in Chola Dynasty,1338,medieval,revolution,South India,Chola Dynasty,CHR-MED-1168,618.4,0.478,0.132,0.4644,0.762,7.3,0.4175,27.9,41.7,0.3353,56.3,9.1,0.3373,0.4694,0.2999,0.046,0.1539,0.3131,0.2565,-0.1563,0.5601,0.6718,0.395346,CMN,BRACKET_BASE,false,true,0.7220421100000001,0.55969552,0.7884273,,0.403,false
EVT-MED-1169,Monastic Network Expansion of Abbasid Caliphate,1060,medieval,religious,Middle East,Abbasid Caliphate,CHR-MED-1169,754.1,0.554,0.676,0.3438,0.775,10.8,0.4415,30.7,44.3,0.381,55.1,10.6,0.3432,0.4237,0.4619,0.3078,0.4263,0.3576,0.3955,-0.0661,0.3045,0.5669,0.774325,RMD,BRACKET_HIGH,true,false,0.29151304,0.37888148,0.46251399,,0.2971,false
EVT-MED-1170,Treaty System Implementation across Abbasid Caliphate,772,medieval,transformation,Middle East,Abbasid Caliphate,CHR-MED-1170,1163.6,0.68,0.657,0.5091,0.257,16.1,0.209,25.2,38.2,0.2852,10.5,12.2,0.2312,0.252,0.3187,0.2296,0.4606,0.3649,0.3252,0.1129,0.3431,0.6262,0.509567,CMN,BRACKET_BASE,false,true,0.6417052799999999,0.4685839600000001,0.5711611,,0.311,false
EVT-MED-1171,Debt Crisis Settlement of Holy Roman Empire,1393,medieval,economic,Central Europe,Holy Roman Empire,CHR-MED-1171,538.1,0.494,0.614,0.2763,0.354,8.5,0.2195,34.2,37.1,0.3755,54.4,6.2,0.3203,0.3411,0.2689,0.0293,0.1421,0.2017,0.1966,-0.1394,0.4423,0.6852,0.459422,CMN,BRACKET_BASE,false,true,0.8789686400000001,0.551625,0.797875,,0.3754,true
EVT-MED-1172,Canal Infrastructure Boom in Holy Roman Empire,1469,medieval,economic,Central Europe,Holy Roman Empire,CHR-MED-1172,943.1,0.527,0.298,0.5564,0.622,7.3,0.3475,28.2,39.1,0.3229,50.6,12.4,0.346,0.449,0.3821,0.1124,0.1892,0.3186,0.2903,-0.1304,0.6274,0.6732,0.473395,CMN,BRACKET_BASE,false,true,0.62425216,0.47505699999999995,0.74096064,,0.3862,false
EVT-MED-1173,Debt Crisis Settlement of Kamakura / Muromachi Japan,1278,medieval,economic,East Asia,Kamakura / Muromachi Japan,CHR-MED-1173,1160.6,0.468,0.564,0.5991,0.313,7.1,0.192,27.1,35.8,0.2913,11.6,7.7,0.2159,0.2886,0.2315,0.0826,0.1824,0.3774,0.2325,0.0888,0.522,0.6461,0.44224,CMN,BRACKET_BASE,false,true,0.8156230899999999,0.52747002,0.6236579999999999,,0.375,false
EVT-MED-1174,Territorial Rupture of Kamakura / Muromachi Japan,1144,medieval,collapse,East Asia,Kamakura / Muromachi Japan,CHR-MED-1174,898.9,0.721,0.388,0.4499,0.328,7.3,0.2005,28.9,38.4,0.3262,26.3,6.5,0.2692,0.4355,0.3766,0.1287,0.1675,0.0869,0.239,-0.3486,0.5892,0.8191,0.50486,CMN,BRACKET_BASE,false,true,0.5845635,0.37991934,0.56683905,,0.3524,false
EVT-MED-1175,Strategic Siege of Umayyad Caliphate (Al-Andalus),1061,medieval,war,Iberia / North Africa,Umayyad Caliphate (Al-Andalus),CHR-MED-1175,546.5,0.721,0.328,0.2981,0.658,8.4,0.371,31.3,35.2,0.3329,32.8,7.2,0.2886,0.3241,0.2348,0.0397,0.1943,0.0685,0.1723,-0.2556,0.3909,0.7154,0.536149,CMN,BRACKET_BASE,false,true,0.60192864,0.37874375,0.51849218,,0.3518,false
EVT-MED-1176,Navigational Instrument Reform in Byzantine Empire,1440,medieval,technological,Eastern Mediterranean,Byzantine Empire,CHR-MED-1176,1072.3,0.573,0.89,0.4273,0.726,12.7,0.4265,35.7,40.8,0.4139,58.4,8.9,0.3389,0.35,0.3897,0.503,0.6029,0.5445,0.478,0.1945,0.3987,0.6445,0.874796,RMD,BRACKET_HIGH,true,false,0.2801536,0.37178568,0.45454056,,0.2784,false
EVT-MED-1177,Pantheon Reformation of Abbasid Caliphate,1081,medieval,religious,Middle East,Abbasid Caliphate,CHR-MED-1177,788.9,0.591,0.211,0.489,0.51,5.9,0.2845,32.8,43.7,0.4,58.7,8,0.3348,0.3724,0.4085,0.3041,0.4135,0.3902,0.3777,0.0178,0.4937,0.587,0.535512,CMN,BRACKET_BASE,false,true,0.7639443000000001,0.533,0.721,,0.285,true
EVT-MED-1178,Succession Conflict of Kingdom of England,812,medieval,war,British Isles,Kingdom of England,CHR-MED-1178,826.2,0.753,0.418,0.3963,0.478,5.2,0.265,29.3,43.9,0.3636,61.7,10.4,0.3504,0.3933,0.2903,0.0646,0.2433,0.1738,0.2331,-0.2195,0.5351,0.7286,0.388902,CMN,BRACKET_BASE,false,true,0.72786832,0.47685132,0.77800672,,0.3708,false
EVT-MED-1179,Constitutional Reorganization of Kingdom of France,1368,medieval,transformation,Western Europe,Kingdom of France,CHR-MED-1179,767,0.474,0.437,0.4457,0.386,8.5,0.2355,35.9,34.9,0.3806,29,13.8,0.3127,0.2589,0.3118,0.1722,0.4069,0.4388,0.3177,0.1799,0.3353,0.6517,0.728107,RMD,BRACKET_HIGH,false,false,0.48267396999999995,0.47026692000000003,0.54086895,,0.347,false
EVT-MED-1180,Canal Infrastructure Boom in Classic Maya & Postclassic,1365,medieval,economic,Mesoamerica,Classic Maya & Postclassic,CHR-MED-1180,1318.3,0.647,0.481,0.6463,0.796,14.2,0.469,31.7,44.9,0.3954,28.3,9,0.287,0.5115,0.4772,0.2062,0.3306,0.6599,0.4371,0.1484,0.4398,0.5935,0.730454,RMD,BRACKET_HIGH,true,false,0.471614,0.53191844,0.6631404999999999,,0.4037,false
EVT-MED-1181,Printing & Communications Diffusion in Holy Roman Empire,840,medieval,technological,Central Europe,Holy Roman Empire,CHR-MED-1181,951.8,0.409,0.494,0.5372,0.836,18,0.508,34,38.4,0.3812,13.7,4.7,0.213,0.3392,0.3946,0.4453,0.5232,0.6063,0.4617,0.2671,0.2882,0.6323,0.758086,RMD,BRACKET_HIGH,true,false,0.48651559,0.52047446,0.5825704500000001,,0.3077,false
EVT-MED-1182,Secular Legal Separation in Holy Roman Empire,1165,medieval,religious,Central Europe,Holy Roman Empire,CHR-MED-1182,636.2,0.461,0.275,0.4352,0.674,9.9,0.3865,26.2,44.5,0.3338,14.4,4.8,0.2171,0.3675,0.3877,0.2189,0.3413,0.3985,0.3428,0.031,0.2098,0.5259,0.484323,CMN,BRACKET_BASE,false,true,0.6823862500000001,0.53664396,0.62865392,,0.3396,true
EVT-MED-1183,Frontier Fragmentation of Kievan Rus,594,medieval,collapse,Eastern Europe,Kievan Rus,CHR-MED-1183,982.8,0.5,0.831,0.4237,0.804,8.2,0.443,27.3,34.5,0.2856,15.3,13,0.2624,0.4259,0.3281,0.0666,0.1316,0.0418,0.1988,-0.3841,0.5334,0.7979,0.830186,RMD,BRACKET_HIGH,true,false,0.4561987,0.38900511,0.58206408,,0.366,false
EVT-MED-1184,Printing & Communications Diffusion in Kingdom of France,1133,medieval,technological,Western Europe,Kingdom of France,CHR-MED-1184,953.4,0.495,0.298,0.571,0.281,15.7,0.219,27.2,38.2,0.3067,15.3,12.6,0.2604,0.283,0.3047,0.3965,0.4678,0.5939,0.4092,0.3109,0.3559,0.7224,0.676389,RMD,BRACKET_MEDIUM,false,true,0.5347554,0.48051035999999997,0.5847336,,0.3186,false
EVT-MED-1185,Palatial Collapse of Abbasid Caliphate,501,medieval,collapse,Middle East,Abbasid Caliphate,CHR-MED-1185,754.5,0.734,0.728,0.2744,0.495,7.2,0.2835,34.8,35.2,0.3706,48.9,5.5,0.3091,0.3902,0.3177,0.0715,0.0985,0,0.1756,-0.3949,0.8052,0.9053,0.38706,CMN,BRACKET_BASE,false,true,0.7010702900000001,0.385836,0.5954151,,0.3623,false
EVT-MED-1186,Canal Infrastructure Boom in Mongol Empire / Ilkhanate,705,medieval,economic,Eurasian Steppe,Mongol Empire / Ilkhanate,CHR-MED-1186,1151.3,0.631,0.372,0.6033,0.757,11,0.4335,35.7,35.7,0.3833,22.8,11,0.2813,0.504,0.4216,0.17,0.3207,0.4221,0.3677,-0.0819,0.3126,0.5394,0.557286,CMN,BRACKET_BASE,false,true,0.64828665,0.50773472,0.7187313599999999,,0.3912,false
EVT-MED-1187,Institutional Dissolution of Kamakura / Muromachi Japan,1388,medieval,collapse,East Asia,Kamakura / Muromachi Japan,CHR-MED-1187,589,0.665,0.26,0.3558,0.807,16.7,0.487,35.3,35.4,0.3772,33.2,9,0.2985,0.492,0.398,0.1323,0.2181,0.2869,0.3055,-0.2051,0.8428,0.7685,0.399862,CMN,BRACKET_BASE,false,true,0.7684300800000001,0.565875,0.8901249999999999,,0.3806,false
EVT-MED-1188,Urban Quarantine Emergency in Khmer Empire,1359,medieval,pandemic,Southeast Asia,Khmer Empire,CHR-MED-1188,1094.4,0.737,0.456,0.5189,0.43,7.8,0.254,26,34.8,0.2734,25.7,6.2,0.266,0.3827,0.3235,0,0.229,0.026,0.1922,-0.3567,0.9328,0.8989,0.462501,CMN,BRACKET_BASE,false,true,0.9106174,0.5453688000000001,0.8783696,,0.3822,true
EVT-MED-1189,Bureaucratic Consolidation of Khmer Empire,1273,medieval,transformation,Southeast Asia,Khmer Empire,CHR-MED-1189,588.6,0.591,0.502,0.3052,0.79,15.8,0.474,26.5,42.6,0.3256,45.3,11.9,0.3355,0.2498,0.289,0.1713,0.3131,0.3691,0.2785,0.1193,0.205,0.58,0.612808,CMN,BRACKET_BASE,false,true,0.5377363199999999,0.36310725,0.36310823999999997,,0.3253,false
EVT-MED-1190,Succession Conflict of Kamakura / Muromachi Japan,720,medieval,war,East Asia,Kamakura / Muromachi Japan,CHR-MED-1190,569.6,0.615,0.845,0.1859,0.573,16.4,0.3685,30.4,35.5,0.325,53.8,11.5,0.346,0.3307,0.2418,0.0316,0.2151,0.3783,0.2395,0.0476,0.428,0.6308,0.428167,CMN,BRACKET_BASE,false,true,0.8132499999999999,0.562875,0.703875,,0.397,true
EVT-MED-1191,Provincial Autonomy Insurgency against Khmer Empire,1350,medieval,revolution,Southeast Asia,Khmer Empire,CHR-MED-1191,893,0.471,0.273,0.5566,0.678,9,0.384,26.5,40.4,0.3124,59.3,8.3,0.337,0.4415,0.3606,0.0521,0.3216,0.3054,0.2962,-0.1361,0.7694,0.7079,0.264336,CMN,BRACKET_BASE,false,true,0.912,0.57025,0.85425,,0.3993,true
EVT-MED-1192,Fiscal Modernization in Kingdom of England,1464,medieval,transformation,British Isles,Kingdom of England,CHR-MED-1192,1189.4,0.529,0.221,0.6976,0.324,5.2,0.188,32,41.1,0.3758,63.4,13.3,0.3668,0.3213,0.3828,0.2485,0.4095,0.6428,0.401,0.3215,0.2364,0.6735,0.666145,RMD,BRACKET_MEDIUM,false,true,0.44688213,0.38612792,0.34328348,,0.3645,false
EVT-MED-1193,Peasant Rebellion against Holy Roman Empire,1390,medieval,revolution,Central Europe,Holy Roman Empire,CHR-MED-1193,1082.7,0.729,0.135,0.612,0.494,10,0.297,25.6,37.4,0.2847,63.7,13.2,0.3667,0.4775,0.3815,0.0527,0.1688,0.6129,0.3387,0.1354,0.4061,0.6256,0.54119,CMN,BRACKET_BASE,false,true,0.6698796,0.61627187,0.69312816,,0.3921,false
EVT-MED-1194,Bureaucratic Consolidation of Byzantine Empire,533,medieval,transformation,Eastern Mediterranean,Byzantine Empire,CHR-MED-1194,903.4,0.531,0.158,0.5781,0.481,10,0.2905,35.6,43.4,0.4284,44.7,6.8,0.3091,0.3128,0.3551,0.2554,0.3805,0.4567,0.3521,0.1439,0.1009,0.5384,0.595204,CMN,BRACKET_BASE,false,true,0.49203882,0.37277828,0.34187139,,0.3177,false
EVT-MED-1195,Popular Uprising of Kingdom of England,898,medieval,revolution,British Isles,Kingdom of England,CHR-MED-1195,661.7,0.564,0.42,0.3731,0.829,4.6,0.4375,35.6,44.7,0.4362,16.4,10.8,0.2565,0.4215,0.3067,0.1003,0.3482,0.3074,0.2968,-0.1141,0.7313,0.6874,0.397737,CMN,BRACKET_BASE,false,true,0.8282549600000001,0.5053888000000001,0.79724228,,0.3868,true
EVT-MED-1196,Monastic Network Expansion of Byzantine Empire,638,medieval,religious,Eastern Mediterranean,Byzantine Empire,CHR-MED-1196,1177.8,0.754,0.203,0.6299,0.836,6,0.448,31.8,44.6,0.3947,50,8,0.3232,0.4016,0.3927,0.211,0.3535,0.6117,0.3941,0.2101,0.5155,0.6514,0.773106,RMD,BRACKET_HIGH,true,false,0.5186076,0.5601235999999999,0.6248693000000001,,0.3873,false
EVT-MED-1197,Hydraulic Engineering Grid in Song Dynasty,1383,medieval,technological,East Asia,Song Dynasty,CHR-MED-1197,1235.2,0.519,0.452,0.6534,0.567,17.9,0.373,35.7,35.2,0.3803,49.1,11.8,0.3408,0.368,0.3945,0.453,0.5573,0.6032,0.4752,0.2352,0.41,0.6485,0.503541,CMN,BRACKET_BASE,false,true,0.5652462899999999,0.46774728000000004,0.594225,,0.3025,false
EVT-MED-1198,Respiratory Virulence Wave across Chola Dynasty,1221,medieval,pandemic,South India,Chola Dynasty,CHR-MED-1198,684.2,0.736,0.69,0.2513,0.644,11.5,0.3795,30.7,37.9,0.3426,53.3,5.6,0.3158,0.385,0.3427,0,0.2084,0.0729,0.2018,-0.3121,0.7963,0.8516,0.426493,CMN,BRACKET_BASE,false,true,0.90299616,0.5493676500000001,0.87045593,,0.3828,true
EVT-MED-1199,Civic Restoration Revolt in Khmer Empire,1419,medieval,revolution,Southeast Asia,Khmer Empire,CHR-MED-1199,1192.5,0.502,0.673,0.5716,0.588,16.9,0.3785,34.4,39.6,0.3927,17,5.1,0.2306,0.4183,0.3363,0,0.1793,0.4684,0.2805,0.0501,0.4693,0.573,0.56599,CMN,BRACKET_BASE,false,true,0.6775276499999999,0.57128152,0.681844,,0.4032,false
EVT-MED-1200,Orthodoxy & Heresy Trial Wave in Byzantine Empire,653,medieval,religious,Eastern Mediterranean,Byzantine Empire,CHR-MED-1200,857.6,0.643,0.656,0.373,0.758,11.8,0.438,33.2,34.4,0.3486,45,8,0.3155,0.409,0.4439,0.258,0.4203,0.4992,0.4061,0.0902,0.3973,0.6041,0.651967,RMD,BRACKET_MEDIUM,false,true,0.5293497600000001,0.38315882,0.42211673,,0.3559,false
EVT-MED-1201,Institutional Dissolution of Mali Empire,514,medieval,collapse,West Africa,Mali Empire,CHR-MED-1201,1315.8,0.697,0.363,0.6655,0.308,11.2,0.21,26.4,38.3,0.2987,30.2,8.8,0.2907,0.4695,0.3977,0.1647,0.2126,0.2546,0.2998,-0.2149,0.4086,0.6721,0.442882,CMN,BRACKET_BASE,false,true,0.64350987,0.49253710000000006,0.78050502,,0.3542,false
EVT-MED-1202,Treaty System Implementation across Classic Maya & Postclassic,896,medieval,transformation,Mesoamerica,Classic Maya & Postclassic,CHR-MED-1202,844.9,0.533,0.765,0.3672,0.351,11.8,0.2345,30.9,35.2,0.3286,49.1,4.5,0.3043,0.1971,0.2586,0.1439,0.3621,0.5439,0.3011,0.3468,0.1816,0.7231,0.653503,RMD,BRACKET_MEDIUM,false,true,0.53059918,0.38656715999999997,0.32461284,,0.3606,false
EVT-MED-1203,Frontier Fragmentation of Classic Maya & Postclassic,1036,medieval,collapse,Mesoamerica,Classic Maya & Postclassic,CHR-MED-1203,870.6,0.438,0.885,0.3721,0.305,16.1,0.233,30.6,38.8,0.347,30.1,12.9,0.3109,0.3727,0.2944,0,0.0858,0.0871,0.168,-0.2856,0.823,0.8472,0.351937,CMN,BRACKET_BASE,false,true,0.9086011500000001,0.48878507000000004,0.8293539,,0.37,false
EVT-MED-1204,Palatial Collapse of Mongol Empire / Ilkhanate,765,medieval,collapse,Eurasian Steppe,Mongol Empire / Ilkhanate,CHR-MED-1204,646.6,0.641,0.596,0.2899,0.662,15.5,0.4085,28.2,36.7,0.3085,9,11.5,0.2165,0.4393,0.3405,0.0638,0.1616,0,0.201,-0.4414,0.7619,0.9078,0.440079,CMN,BRACKET_BASE,false,true,0.77537522,0.48678667999999997,0.8939977000000001,,0.3793,false
EVT-MED-1205,Orthodoxy & Heresy Trial Wave in Mongol Empire / Ilkhanate,1319,medieval,religious,Eurasian Steppe,Mongol Empire / Ilkhanate,CHR-MED-1205,565.1,0.706,0.537,0.2488,0.317,14.2,0.2295,32.5,35.6,0.3482,42,8,0.3105,0.2645,0.2948,0.1783,0.2321,0.123,0.2185,-0.1415,0.3731,0.6757,0.374137,CMN,BRACKET_BASE,false,true,0.82610546,0.5180490600000001,0.71303148,,0.2888,true
EVT-MED-1206,Fiscal Modernization in Abbasid Caliphate,918,medieval,transformation,Middle East,Abbasid Caliphate,CHR-MED-1206,1097.3,0.706,0.746,0.4426,0.664,5.4,0.359,26.7,36.2,0.2894,23,6.6,0.26,0.2715,0.3058,0.1788,0.3437,0.5714,0.3342,0.2999,0.3282,0.7103,0.877486,RMD,BRACKET_HIGH,true,false,0.49427839999999995,0.48561962000000003,0.5303234600000001,,0.3681,false
EVT-MED-1207,Temple Bureaucracy Reorganization of Holy Roman Empire,517,medieval,religious,Central Europe,Holy Roman Empire,CHR-MED-1207,882.8,0.726,0.847,0.3029,0.491,12.5,0.308,25.5,43.2,0.3184,57.9,5,0.3188,0.3593,0.3895,0.2281,0.3106,0.5952,0.3765,0.2359,0.342,0.7035,0.627897,CMN,BRACKET_BASE,false,true,0.5953518,0.47709304,0.5411151900000001,,0.3734,false
EVT-MED-1208,Succession Conflict of Mongol Empire / Ilkhanate,1195,medieval,war,Eurasian Steppe,Mongol Empire / Ilkhanate,CHR-MED-1208,665.5,0.669,0.275,0.3869,0.371,7.1,0.221,33.5,44.1,0.41,23.1,10.9,0.2818,0.3689,0.2669,0.0036,0.1744,0.2289,0.2085,-0.14,0.4741,0.6714,0.74748,RMD,BRACKET_HIGH,true,false,0.50134464,0.37879253999999996,0.49167672,,0.3921,false
EVT-MED-1209,Bureaucratic Consolidation of Tang Dynasty,1396,medieval,transformation,East Asia,Tang Dynasty,CHR-MED-1209,675.2,0.74,0.85,0.1978,0.524,7.8,0.301,32.7,37.5,0.3618,35.6,10.7,0.3121,0.2203,0.27,0.196,0.3454,0.516,0.3095,0.2957,0.1747,0.7043,0.824005,RMD,BRACKET_HIGH,true,false,0.40112661,0.4759987499999999,0.46380903,,0.3438,false
EVT-MED-1210,Peasant Rebellion against Mongol Empire / Ilkhanate,639,medieval,revolution,Eurasian Steppe,Mongol Empire / Ilkhanate,CHR-MED-1210,848.3,0.508,0.636,0.415,0.235,7.2,0.1535,28.4,44.1,0.3551,23,6.9,0.2615,0.2966,0.1971,0,0.1639,0.3792,0.2074,0.0826,0.3875,0.6329,0.741302,RMD,BRACKET_HIGH,true,false,0.52779529,0.38542063,0.40941979,,0.3994,false
EVT-MED-1211,Monastic Network Expansion of Tang Dynasty,1136,medieval,religious,East Asia,Tang Dynasty,CHR-MED-1211,807.9,0.416,0.753,0.388,0.274,5.4,0.164,33,36.1,0.3566,39.1,12,0.3254,0.2973,0.2832,0.1296,0.2725,0.4088,0.2783,0.1115,0.5285,0.686,0.837677,RMD,BRACKET_HIGH,true,false,0.5270471,0.37206819999999996,0.4116105,,0.3629,false
EVT-MED-1212,Frontier Fragmentation of Classic Maya & Postclassic,919,medieval,collapse,Mesoamerica,Classic Maya & Postclassic,CHR-MED-1212,1086.4,0.656,0.173,0.6243,0.741,5.6,0.3985,28.7,38.5,0.3247,63.5,11.3,0.357,0.4905,0.4149,0.0938,0.1879,0.2818,0.2938,-0.2087,0.7299,0.723,0.534317,CMN,BRACKET_BASE,false,true,0.67295856,0.4698973000000001,0.7650435600000001,,0.3925,false
EVT-MED-1213,Orthodoxy & Heresy Trial Wave in Kingdom of France,907,medieval,religious,Western Europe,Kingdom of France,CHR-MED-1213,1344.5,0.671,0.298,0.7066,0.547,8.5,0.316,34.5,43.2,0.4154,58.9,8.5,0.3375,0.4421,0.468,0.3209,0.4424,0.2932,0.3933,-0.1489,0.3572,0.584,0.436433,CMN,BRACKET_BASE,false,true,0.65859216,0.53420994,0.73916094,,0.3055,false
EVT-MED-1214,Administrative Codification of Kingdom of France,544,medieval,transformation,Western Europe,Kingdom of France,CHR-MED-1214,650.1,0.718,0.425,0.3198,0.29,12.4,0.207,30.9,39.6,0.355,21.1,7.7,0.2592,0.2274,0.2646,0.1458,0.2712,0.3595,0.2537,0.1321,0.1078,0.596,0.619525,CMN,BRACKET_BASE,false,true,0.6064550999999999,0.51472848,0.51196864,,0.3289,false
EVT-MED-1215,Judicial Standard Reform in Byzantine Empire,519,medieval,transformation,Eastern Mediterranean,Byzantine Empire,CHR-MED-1215,1187,0.743,0.438,0.5671,0.243,16.9,0.206,35.2,39.9,0.4031,25.8,12.8,0.2993,0.2976,0.3418,0.2733,0.5009,0.5913,0.401,0.2937,0.2224,0.6678,0.856018,RMD,BRACKET_HIGH,true,false,0.33191454,0.38629775,0.33013792,,0.3439,false
EVT-MED-1216,Guild Monopoly Reform in Mongol Empire / Ilkhanate,753,medieval,economic,Eurasian Steppe,Mongol Empire / Ilkhanate,CHR-MED-1216,1087.7,0.601,0.212,0.6297,0.486,13,0.308,25.2,36.1,0.2726,44.6,5.5,0.3024,0.3416,0.3118,0.059,0.2253,0.3217,0.2519,-0.0199,0.3626,0.5499,0.464265,CMN,BRACKET_BASE,false,true,0.60296076,0.391017,0.46023624,,0.3851,false
EVT-MED-1217,Pantheon Reformation of Abbasid Caliphate,1421,medieval,religious,Middle East,Abbasid Caliphate,CHR-MED-1217,965.1,0.748,0.275,0.5076,0.696,6.8,0.382,29.5,36.4,0.3207,30.2,5.6,0.2747,0.3278,0.3652,0.2203,0.2881,0.2144,0.2832,-0.1134,0.2864,0.5813,0.442961,CMN,BRACKET_BASE,false,true,0.6008630799999999,0.4610418499999999,0.6758591,,0.2944,false
EVT-MED-1218,Pantheon Reformation of Chola Dynasty,899,medieval,religious,South India,Chola Dynasty,CHR-MED-1218,1211.6,0.688,0.22,0.6609,0.48,10.4,0.292,32.4,36.4,0.3519,46.4,6.6,0.3108,0.4392,0.4621,0.377,0.5337,0.553,0.473,0.1138,0.3446,0.5819,0.545732,CMN,BRACKET_BASE,false,true,0.5765749,0.45576827999999997,0.56328579,,0.3092,false
EVT-MED-1219,Canal Infrastructure Boom in Kingdom of France,794,medieval,economic,Western Europe,Kingdom of France,CHR-MED-1219,1339.7,0.689,0.801,0.548,0.633,4.6,0.3395,27.1,35.7,0.2907,49.9,11.2,0.339,0.4197,0.342,0.0954,0.2341,0.391,0.2964,-0.0287,0.5504,0.6064,0.576505,CMN,BRACKET_BASE,false,true,0.7494000000000001,0.57025,0.779875,,0.3948,true
EVT-MED-1220,Urban Quarantine Emergency in Kingdom of France,962,medieval,pandemic,Western Europe,Kingdom of France,CHR-MED-1220,604.5,0.734,0.753,0.1946,0.381,11.4,0.2475,28.4,38.8,0.3233,57.6,8.6,0.3364,0.3397,0.308,0,0.1905,0.1476,0.1972,-0.1921,0.6237,0.7748,0.386857,CMN,BRACKET_BASE,false,true,0.89454915,0.54308915,0.8065593000000001,,0.3811,true
EVT-MED-1221,Treaty System Implementation across Mali Empire,1045,medieval,transformation,West Africa,Mali Empire,CHR-MED-1221,770.8,0.739,0.277,0.4161,0.818,16.4,0.491,33.5,44,0.4094,43.8,8.2,0.3146,0.3519,0.4084,0.3232,0.4709,0.6032,0.4315,0.2513,0.3663,0.6598,0.826394,RMD,BRACKET_HIGH,true,false,0.41589106,0.47061665999999996,0.51090558,,0.3359,false
EVT-MED-1222,Harbor Incursion Sickness in Classic Maya & Postclassic,1262,medieval,pandemic,Mesoamerica,Classic Maya & Postclassic,CHR-MED-1222,531.1,0.46,0.592,0.2897,0.631,16.3,0.397,34.6,43.4,0.4176,62.6,5.5,0.3269,0.4025,0.3608,0,0.2272,0.2378,0.2457,-0.1647,0.7646,0.7444,0.766051,RMD,BRACKET_HIGH,true,false,0.55004656,0.38964024,0.528921,,0.3997,false
EVT-MED-1223,Synod Monotheistic Mandate in Kievan Rus,561,medieval,religious,Eastern Europe,Kievan Rus,CHR-MED-1223,814.5,0.638,0.581,0.3762,0.207,14.7,0.177,32.8,34.7,0.346,25.2,5.3,0.2601,0.262,0.3071,0.2001,0.3024,0.2411,0.2625,-0.0209,0.2176,0.5608,0.540526,CMN,BRACKET_BASE,false,true,0.6001618700000001,0.4548447,0.61218486,,0.2746,false
EVT-MED-1224,Provincial Autonomy Insurgency against Kievan Rus,883,medieval,revolution,Eastern Europe,Kievan Rus,CHR-MED-1224,970.9,0.647,0.709,0.4105,0.701,16.3,0.432,30.2,36.8,0.3306,63.3,6,0.3302,0.4037,0.2696,0,0.1328,0.5416,0.2695,0.1379,0.5743,0.6721,0.836511,RMD,BRACKET_HIGH,true,false,0.39306438,0.41860224,0.45491043,,0.3949,false
EVT-MED-1225,Debt Crisis Settlement of Holy Roman Empire,1018,medieval,economic,Central Europe,Holy Roman Empire,CHR-MED-1225,1020,0.42,0.148,0.6706,0.825,5.2,0.4385,33.2,43.5,0.4032,47.9,8.1,0.3206,0.4311,0.3814,0.275,0.3814,0.3404,0.3619,-0.0907,0.3026,0.5278,0.573835,CMN,BRACKET_BASE,false,true,0.5455702400000001,0.46940536,0.68110056,,0.3083,false
EVT-MED-1226,Territorial Rupture of Umayyad Caliphate (Al-Andalus),1464,medieval,collapse,Iberia / North Africa,Umayyad Caliphate (Al-Andalus),CHR-MED-1226,704.3,0.73,0.582,0.2952,0.819,9,0.4545,34.7,38.9,0.3917,52.4,7.9,0.3261,0.452,0.3716,0.003,0.0611,0.0398,0.1855,-0.4122,0.6422,0.8419,0.44033,CMN,BRACKET_BASE,false,true,0.82948979,0.591,0.97875,,0.3779,true
EVT-MED-1227,Maritime Trade Hub Expansion in Umayyad Caliphate (Al-Andalus),507,medieval,economic,Iberia / North Africa,Umayyad Caliphate (Al-Andalus),CHR-MED-1227,623.3,0.653,0.283,0.369,0.773,10.6,0.4395,30.6,41.8,0.365,43.8,6.7,0.3071,0.3644,0.3058,0.086,0.1822,0.1489,0.2175,-0.2155,0.4319,0.6783,0.474988,CMN,BRACKET_BASE,false,true,0.6727602,0.47775288,0.7629006,,0.3454,false
EVT-MED-1228,Harbor Incursion Sickness in Khmer Empire,1305,medieval,pandemic,Southeast Asia,Khmer Empire,CHR-MED-1228,759,0.684,0.302,0.4194,0.664,14.6,0.405,31.9,39.6,0.3658,20.6,6.4,0.251,0.3804,0.3598,0,0.121,0.0442,0.1811,-0.3362,0.6925,0.8061,0.384271,CMN,BRACKET_BASE,false,true,0.8426024999999999,0.54424234,0.86640463,,0.3722,false
EVT-MED-1229,Popular Uprising of Classic Maya & Postclassic,1164,medieval,revolution,Mesoamerica,Classic Maya & Postclassic,CHR-MED-1229,1234.7,0.447,0.733,0.5904,0.427,7.8,0.2525,26.9,41.3,0.3221,29.1,6.3,0.2755,0.4379,0.3049,0,0.1183,0.5436,0.2809,0.1057,0.5099,0.6398,0.454313,CMN,BRACKET_BASE,false,true,0.81258288,0.619625,0.748125,,0.3924,false
EVT-MED-1230,Secular Legal Separation in Umayyad Caliphate (Al-Andalus),929,medieval,religious,Iberia / North Africa,Umayyad Caliphate (Al-Andalus),CHR-MED-1230,1310.4,0.4,0.6,0.6809,0.821,18,0.5005,27.9,42.3,0.3389,44.8,9.8,0.3242,0.4941,0.4884,0.3071,0.4703,0.6234,0.4767,0.1293,0.4415,0.5822,0.652129,RMD,BRACKET_MEDIUM,false,true,0.49908265999999996,0.48776772000000007,0.60592896,,0.3745,false
EVT-MED-1231,Canal Infrastructure Boom in Byzantine Empire,699,medieval,economic,Eastern Mediterranean,Byzantine Empire,CHR-MED-1231,615.2,0.584,0.434,0.3405,0.286,15.6,0.221,25.5,42.4,0.3136,14,8,0.231,0.2471,0.2045,0.0879,0.1741,0.3788,0.2185,0.1317,0.4204,0.675,0.558695,CMN,BRACKET_BASE,false,true,0.59455443,0.37705878,0.3902046,,0.3647,false
EVT-MED-1232,Epidemic Fever Outbreak across Kingdom of England,559,medieval,pandemic,British Isles,Kingdom of England,CHR-MED-1232,754.1,0.666,0.211,0.4497,0.342,11.8,0.23,32.5,44,0.3986,23.5,11,0.2835,0.3905,0.3581,0.0151,0.2136,0.2897,0.2534,-0.1008,0.6761,0.6917,0.698103,RMD,BRACKET_MEDIUM,false,false,0.5254048400000001,0.38929254,0.51188064,,0.3998,false
EVT-MED-1233,Agrarian Restructuring of Kievan Rus,906,medieval,transformation,Eastern Europe,Kievan Rus,CHR-MED-1233,957,0.551,0.642,0.4527,0.276,8.3,0.1795,30.9,38.6,0.349,31.5,13.8,0.3187,0.2225,0.2572,0.1453,0.3454,0.5721,0.3085,0.3496,0.3819,0.7671,0.684674,RMD,BRACKET_MEDIUM,false,false,0.53658467,0.37897334,0.35128200000000004,,0.3684,false
EVT-MED-1234,Astronomical Standardization by Kingdom of France,1437,medieval,technological,Western Europe,Kingdom of France,CHR-MED-1234,1306.3,0.518,0.856,0.5667,0.793,8.2,0.4375,25.7,42.4,0.3158,61.6,11.8,0.3573,0.3701,0.4215,0.476,0.5697,0.585,0.4845,0.2149,0.1641,0.5891,0.713627,RMD,BRACKET_HIGH,false,false,0.383691,0.3834226,0.39964350000000004,,0.2902,false
EVT-MED-1235,Canal Infrastructure Boom in Abbasid Caliphate,856,medieval,economic,Middle East,Abbasid Caliphate,CHR-MED-1235,1173,0.591,0.776,0.5046,0.572,12.2,0.347,27,42.3,0.3292,55.2,6.4,0.3223,0.3976,0.3688,0.1386,0.2898,0.4861,0.3362,0.0885,0.2671,0.5674,0.507915,CMN,BRACKET_BASE,false,true,0.6412332,0.55505768,0.6206148,,0.3918,false
EVT-MED-1236,Canal Infrastructure Boom in Kamakura / Muromachi Japan,600,medieval,economic,East Asia,Kamakura / Muromachi Japan,CHR-MED-1236,676.8,0.5,0.25,0.4506,0.494,8,0.287,29,42,0.3489,31.3,11.1,0.3048,0.3772,0.3183,0.2155,0.293,0.1779,0.2764,-0.1993,0.5259,0.7061,0.774826,RMD,BRACKET_HIGH,true,false,0.6227967100000001,0.5194928000000001,0.7698206,,0.3115,true
EVT-MED-1237,Agrarian Insurgency in Tang Dynasty,745,medieval,revolution,East Asia,Tang Dynasty,CHR-MED-1237,1007.3,0.753,0.6,0.4289,0.434,7.4,0.254,34.7,36.1,0.3749,33,13.7,0.3216,0.4241,0.27,0,0.2416,0.4991,0.287,0.075,0.7097,0.6893,0.746762,RMD,BRACKET_HIGH,true,false,0.52646154,0.40317145,0.45726816,,0.398,false
EVT-MED-1238,Metallurgical Innovation Surge in Kievan Rus,676,medieval,technological,Eastern Europe,Kievan Rus,CHR-MED-1238,857.1,0.481,0.562,0.4496,0.655,16.7,0.411,28,37.6,0.3118,33.8,7.9,0.2943,0.3251,0.3502,0.4577,0.5341,0.5065,0.4347,0.1814,0.4304,0.6597,0.641633,RMD,BRACKET_MEDIUM,false,true,0.5416145400000001,0.46493284999999995,0.66767502,,0.2725,false
EVT-MED-1239,Dynastic Disintegration of Umayyad Caliphate (Al-Andalus),1138,medieval,collapse,Iberia / North Africa,Umayyad Caliphate (Al-Andalus),CHR-MED-1239,1023,0.468,0.747,0.4779,0.615,12.7,0.371,31.9,34.6,0.3358,54.3,12.4,0.3511,0.4709,0.3666,0.0376,0.1348,0.1052,0.223,-0.3657,0.5573,0.7891,0.634026,RMD,BRACKET_MEDIUM,false,true,0.5951816999999999,0.3965184,0.59120696,,0.3774,false
EVT-MED-1240,Succession Conflict of Abbasid Caliphate,517,medieval,war,Middle East,Abbasid Caliphate,CHR-MED-1240,1177.4,0.451,0.101,0.7512,0.461,13.6,0.2985,25.8,38.4,0.2929,47.1,9.1,0.3243,0.3936,0.3076,0.1071,0.3006,0.3247,0.2867,-0.0689,0.6683,0.6329,0.346422,CMN,BRACKET_BASE,false,true,0.7641116,0.47064873999999995,0.7139126499999999,,0.3767,false
EVT-MED-1241,Secular Legal Separation in Kingdom of England,1386,medieval,religious,British Isles,Kingdom of England,CHR-MED-1241,1292.2,0.577,0.681,0.5947,0.634,17.9,0.4065,35.7,40,0.4091,59.5,7.4,0.3328,0.4484,0.5145,0.3975,0.5563,0.568,0.4969,0.1196,0.2603,0.5481,0.865315,RMD,BRACKET_HIGH,true,false,0.23984586000000002,0.37698728,0.38200773000000005,,0.3088,false
EVT-MED-1242,Maritime Hegemony Clash in Byzantine Empire,1226,medieval,war,Eastern Mediterranean,Byzantine Empire,CHR-MED-1242,547.9,0.529,0.144,0.4115,0.363,8.5,0.224,34.5,41.7,0.4064,34.7,10.4,0.3087,0.3145,0.2267,0.0555,0.1078,0.033,0.1475,-0.2815,0.4503,0.7383,0.498449,CMN,BRACKET_BASE,false,true,0.79668111,0.4779961199999999,0.7780608,,0.3411,true
EVT-MED-1243,Metallurgical Innovation Surge in Kievan Rus,1268,medieval,technological,Eastern Europe,Kievan Rus,CHR-MED-1243,586.4,0.501,0.283,0.3968,0.464,7.7,0.2705,29.3,39.4,0.3366,54.7,13.9,0.3592,0.257,0.3166,0.3871,0.4657,0.5538,0.396,0.2968,0.4948,0.7634,0.769129,RMD,BRACKET_HIGH,true,false,0.51606235,0.45676049999999996,0.60476715,,0.3108,false
EVT-MED-1244,Constitutional Reorganization of Holy Roman Empire,1239,medieval,transformation,Central Europe,Holy Roman Empire,CHR-MED-1244,767,0.418,0.857,0.3365,0.304,13,0.217,29.4,44,0.3652,15.6,9.6,0.2469,0.2175,0.2766,0.2098,0.3972,0.3389,0.288,0.1214,0.2554,0.6216,0.460263,CMN,BRACKET_BASE,false,true,0.827084,0.53625,0.6015,,0.3026,true
EVT-MED-1245,Treaty System Implementation across Mali Empire,912,medieval,transformation,West Africa,Mali Empire,CHR-MED-1245,540.8,0.682,0.702,0.1948,0.525,4.7,0.286,33,42.9,0.3974,18.9,9.9,0.2622,0.1941,0.2479,0.1075,0.259,0.4241,0.2465,0.23,0.106,0.649,0.516607,CMN,BRACKET_BASE,false,true,0.7088984000000002,0.5310276,0.47286918,,0.3568,false
EVT-MED-1246,Silver Flotilla Currency Shock in Kingdom of France,792,medieval,economic,Western Europe,Kingdom of France,CHR-MED-1246,608.3,0.542,0.889,0.2133,0.814,4.6,0.43,28.8,39.9,0.3342,54,14,0.3587,0.3354,0.2723,0.1246,0.1976,0.3053,0.247,-0.0301,0.2657,0.5661,0.482643,CMN,BRACKET_BASE,false,true,0.56975772,0.3682332,0.42645,,0.3553,false
EVT-MED-1247,Agricultural Plague Wave in Holy Roman Empire,1013,medieval,pandemic,Central Europe,Holy Roman Empire,CHR-MED-1247,588.8,0.617,0.887,0.182,0.673,11.8,0.3955,33.4,38.5,0.3753,26.8,11.6,0.296,0.3931,0.352,0,0.1157,0.0586,0.1839,-0.3345,0.8001,0.8677,0.356766,CMN,BRACKET_BASE,false,true,1,0.56275,0.9352499999999999,,0.374,true
EVT-MED-1248,Bureaucratic Consolidation of Kingdom of France,1407,medieval,transformation,Western Europe,Kingdom of France,CHR-MED-1248,796.5,0.47,0.697,0.3832,0.495,5.3,0.274,29.2,39.7,0.3373,39.9,9.1,0.3123,0.2567,0.3319,0.2155,0.3537,0.4209,0.3157,0.1642,0.1362,0.6035,0.609721,CMN,BRACKET_BASE,false,true,0.50688504,0.369182,0.3392424,,0.3192,false
EVT-MED-1249,Harbor Incursion Sickness in Chola Dynasty,714,medieval,pandemic,South India,Chola Dynasty,CHR-MED-1249,1071.6,0.634,0.677,0.4725,0.801,5.4,0.4275,26.2,42.1,0.3194,64.6,7.3,0.3382,0.4522,0.3803,0,0.2098,0.1421,0.2369,-0.3101,0.8282,0.8216,0.519968,CMN,BRACKET_BASE,false,true,0.76298564,0.502605,0.8550081599999999,,0.3996,false
EVT-MED-1250,Radical Assembly Schism in Umayyad Caliphate (Al-Andalus),835,medieval,revolution,Iberia / North Africa,Umayyad Caliphate (Al-Andalus),CHR-MED-1250,1332.4,0.701,0.681,0.5769,0.736,12,0.428,26.2,39.8,0.3056,28.5,11.4,0.2995,0.4562,0.36,0.1479,0.2845,0.2294,0.2956,-0.2268,0.3524,0.644,0.714563,RMD,BRACKET_HIGH,false,false,0.42858631999999997,0.48540564,0.7694154,,0.3575,false
EVT-MED-1251,Secular Legal Separation in Holy Roman Empire,1335,medieval,religious,Central Europe,Holy Roman Empire,CHR-MED-1251,789.3,0.743,0.779,0.2732,0.567,12.8,0.3475,35,35.6,0.3751,34.6,4.8,0.2805,0.2976,0.2978,0.1638,0.2918,0.2797,0.2661,-0.0179,0.4107,0.593,0.533967,CMN,BRACKET_BASE,false,true,0.62719592,0.3776079,0.457805,,0.316,false
EVT-MED-1252,Radical Assembly Schism in Kievan Rus,652,medieval,revolution,Eastern Europe,Kievan Rus,CHR-MED-1252,1091.9,0.734,0.636,0.4646,0.458,11,0.284,34.6,39.3,0.393,44.8,10.2,0.3262,0.4019,0.2262,0,0.1616,0.5731,0.2726,0.1712,0.6604,0.7163,0.566792,CMN,BRACKET_BASE,false,true,0.79168622,0.610375,0.7364999999999999,,0.3901,false
EVT-MED-1253,Popular Uprising of Abbasid Caliphate,1066,medieval,revolution,Middle East,Abbasid Caliphate,CHR-MED-1253,1144.9,0.662,0.809,0.4599,0.47,9.7,0.2835,27.3,44.1,0.3432,27.7,13.4,0.3074,0.4242,0.3161,0.0117,0.1265,0.3917,0.254,-0.0325,0.5457,0.621,0.449691,CMN,BRACKET_BASE,false,true,0.77252162,0.586,0.7866249999999999,,0.4083,true
EVT-MED-1254,Printing & Communications Diffusion in Umayyad Caliphate (Al-Andalus),929,medieval,technological,Iberia / North Africa,Umayyad Caliphate (Al-Andalus),CHR-MED-1254,1099,0.687,0.66,0.4749,0.704,17.5,0.4395,25.3,34.3,0.2629,11.4,5.9,0.2057,0.2648,0.2909,0.3923,0.5282,0.5465,0.4045,0.2817,0.4722,0.7236,0.777306,RMD,BRACKET_HIGH,true,false,0.37599536,0.38434338,0.43011599999999994,,0.3105,false
EVT-MED-1255,Borderlands Pacification of Abbasid Caliphate,746,medieval,war,Middle East,Abbasid Caliphate,CHR-MED-1255,582.7,0.749,0.509,0.2528,0.708,11.6,0.412,25.9,36,0.2795,59.8,9.1,0.3416,0.3063,0.215,0,0.0842,0.3763,0.1964,0.07,0.6236,0.6821,0.613748,CMN,BRACKET_BASE,false,true,0.8631336000000001,0.56425,0.7055,,0.4021,true
EVT-MED-1256,Astronomical Standardization by Abbasid Caliphate,760,medieval,technological,Middle East,Abbasid Caliphate,CHR-MED-1256,604.2,0.566,0.495,0.3223,0.669,6.4,0.3665,31.8,41.8,0.3779,27.8,9.9,0.2902,0.2483,0.2854,0.3454,0.4575,0.5102,0.3694,0.2619,0.1841,0.6574,0.776854,RMD,BRACKET_HIGH,true,false,0.45518519999999996,0.379668,0.37545044,,0.3096,false
EVT-MED-1257,Grain Market Price Shock across Tang Dynasty,527,medieval,economic,East Asia,Tang Dynasty,CHR-MED-1257,826.6,0.58,0.712,0.3602,0.592,16.2,0.377,25.8,34.8,0.2713,11,13.7,0.2421,0.3028,0.2484,0.0117,0.1342,0.4369,0.2268,0.1341,0.5266,0.6828,0.651306,RMD,BRACKET_MEDIUM,false,true,0.6874899299999999,0.557739,0.63937191,,0.4025,false
EVT-MED-1258,Astronomical Standardization by Kamakura / Muromachi Japan,1473,medieval,technological,East Asia,Kamakura / Muromachi Japan,CHR-MED-1258,1059.7,0.662,0.23,0.5925,0.836,15.1,0.4935,26.1,34.4,0.2721,27.2,5.3,0.2656,0.3268,0.3557,0.4109,0.5415,0.6833,0.4636,0.3565,0.1811,0.6641,0.718895,RMD,BRACKET_HIGH,false,false,0.59986101,0.558375,0.5371250000000001,,0.3368,false
EVT-MED-1259,Agrarian Insurgency in Kamakura / Muromachi Japan,690,medieval,revolution,East Asia,Kamakura / Muromachi Japan,CHR-MED-1259,940.1,0.554,0.409,0.5136,0.833,5.5,0.444,25.6,38.4,0.2907,13.2,11.4,0.2438,0.361,0.2276,0,0.1412,0.0292,0.1518,-0.3318,0.4621,0.7375,0.555405,CMN,BRACKET_BASE,false,true,0.6454496599999999,0.38740680000000005,0.5544352499999999,,0.3682,false
EVT-MED-1260,Debt Crisis Settlement of Abbasid Caliphate,1451,medieval,economic,Middle East,Abbasid Caliphate,CHR-MED-1260,1034.6,0.647,0.613,0.47,0.817,16.3,0.49,35.6,38.3,0.3978,54.4,11.2,0.3453,0.4806,0.3885,0.1265,0.1972,0.3068,0.2999,-0.1738,0.6231,0.676,0.55205,CMN,BRACKET_BASE,false,true,0.54100611,0.39260346,0.53593006,,0.3855,false
EVT-MED-1261,Territorial Rupture of Classic Maya & Postclassic,605,medieval,collapse,Mesoamerica,Classic Maya & Postclassic,CHR-MED-1261,1015.7,0.654,0.15,0.5977,0.32,11.5,0.2175,32,34.6,0.3368,29.5,6.8,0.279,0.4473,0.3962,0,0.0281,0.2354,0.2214,-0.2119,0.4695,0.689,0.739615,RMD,BRACKET_HIGH,true,false,0.46522161,0.4085868,0.53573596,,0.4079,false
EVT-MED-1262,Constitutional Reorganization of Kievan Rus,610,medieval,transformation,Eastern Europe,Kievan Rus,CHR-MED-1262,865.2,0.488,0.463,0.4811,0.395,9.9,0.247,35.8,39.7,0.4084,32.8,13.6,0.3206,0.2927,0.315,0.2605,0.4749,0.4788,0.3644,0.1861,0.3904,0.6576,0.71828,RMD,BRACKET_HIGH,false,false,0.6351776200000001,0.47693952000000006,0.54905885,,0.3199,false
EVT-MED-1263,Maritime Hegemony Clash in Khmer Empire,954,medieval,war,Southeast Asia,Khmer Empire,CHR-MED-1263,725.8,0.748,0.286,0.389,0.276,14.6,0.211,27.8,36.5,0.303,22.3,12.4,0.2867,0.3507,0.2311,0.0217,0.1181,0.0911,0.1625,-0.2596,0.5347,0.7684,0.439216,CMN,BRACKET_BASE,false,true,0.8406411599999999,0.52255305,0.78341185,,0.3567,false
EVT-MED-1264,Hydraulic Engineering Grid in Umayyad Caliphate (Al-Andalus),773,medieval,technological,Iberia / North Africa,Umayyad Caliphate (Al-Andalus),CHR-MED-1264,819.6,0.576,0.257,0.4945,0.365,11.3,0.239,26.9,37.3,0.2981,27,12,0.2986,0.2681,0.3229,0.424,0.5404,0.4071,0.3925,0.139,0.3962,0.6494,0.689038,RMD,BRACKET_MEDIUM,false,false,0.47879004000000003,0.37866964,0.48101900000000003,,0.2836,false
EVT-MED-1265,Synod Monotheistic Mandate in Holy Roman Empire,1333,medieval,religious,Central Europe,Holy Roman Empire,CHR-MED-1265,1223.1,0.662,0.579,0.5665,0.454,16.2,0.308,32.7,36.3,0.3546,18.8,10.8,0.2664,0.3394,0.3028,0.1306,0.2642,0.5018,0.3078,0.1624,0.4022,0.6339,0.570941,CMN,BRACKET_BASE,false,true,0.56510908,0.38524059,0.39313461000000005,,0.3869,false
EVT-MED-1266,Synod Monotheistic Mandate in Mongol Empire / Ilkhanate,1469,medieval,religious,Eurasian Steppe,Mongol Empire / Ilkhanate,CHR-MED-1266,722.6,0.627,0.143,0.4666,0.484,16.3,0.3235,34.2,44.9,0.4223,20.2,9.7,0.2661,0.3293,0.3144,0.1785,0.2337,0.3551,0.2822,0.0258,0.4588,0.5768,0.441864,CMN,BRACKET_BASE,false,true,0.66160525,0.52257315,0.65538288,,0.3379,false
EVT-MED-1267,Silver Flotilla Currency Shock in Kingdom of England,1457,medieval,economic,British Isles,Kingdom of England,CHR-MED-1267,553.5,0.539,0.736,0.2336,0.253,10.5,0.179,32.7,41.3,0.3846,13.4,11,0.2429,0.2518,0.1655,0.048,0.1875,0.27,0.1846,0.0182,0.3759,0.6142,0.487473,CMN,BRACKET_BASE,false,true,0.8345318399999999,0.5268672,0.63603032,,0.3615,true
EVT-MED-1268,Palatial Collapse of Holy Roman Empire,1343,medieval,collapse,Central Europe,Holy Roman Empire,CHR-MED-1268,1093.3,0.459,0.648,0.5442,0.842,9,0.466,35.1,35,0.3726,8.1,5.2,0.1774,0.531,0.4648,0.1652,0.2105,0.1649,0.3073,-0.3661,0.781,0.8155,0.457189,CMN,BRACKET_BASE,false,true,0.71327912,0.5571973600000001,0.9086702000000001,,0.3617,false
EVT-MED-1269,Bureaucratic Consolidation of Mongol Empire / Ilkhanate,692,medieval,transformation,Eurasian Steppe,Mongol Empire / Ilkhanate,CHR-MED-1269,1071,0.655,0.577,0.4959,0.643,15.4,0.3985,34.4,37.8,0.3819,64.3,12.4,0.3634,0.318,0.3623,0.251,0.3882,0.5106,0.366,0.1926,0.2114,0.5954,0.405472,CMN,BRACKET_BASE,false,true,0.75491988,0.549375,0.567875,,0.3366,true
EVT-MED-1270,Dynastic Disintegration of Song Dynasty,1065,medieval,collapse,East Asia,Song Dynasty,CHR-MED-1270,1208.3,0.653,0.866,0.476,0.813,14.7,0.48,34,41.9,0.4022,24,9.8,0.279,0.4685,0.4027,0.0802,0.1798,0.1443,0.2551,-0.3242,0.8483,0.8134,0.660344,RMD,BRACKET_MEDIUM,false,true,0.5399861399999999,0.38831931,0.57630816,,0.3703,false
EVT-MED-1271,Canal Infrastructure Boom in Byzantine Empire,920,medieval,economic,Eastern Mediterranean,Byzantine Empire,CHR-MED-1271,991.1,0.736,0.873,0.3443,0.402,15.9,0.2805,33.8,37.6,0.3742,17.3,10.1,0.2568,0.3582,0.3326,0.158,0.2265,0.3194,0.2789,-0.0388,0.6067,0.6528,0.634357,RMD,BRACKET_MEDIUM,false,true,0.5075324,0.37240873999999996,0.47266878,,0.347,false
EVT-MED-1272,Imperial Unification of Classic Maya & Postclassic,892,medieval,transformation,Mesoamerica,Classic Maya & Postclassic,CHR-MED-1272,633.1,0.687,0.757,0.2213,0.275,17,0.2225,28.4,42.8,0.3473,17,7.9,0.2446,0.2088,0.2775,0.1287,0.3581,0.3115,0.2569,0.1027,0.1685,0.6089,0.525964,CMN,BRACKET_BASE,false,true,0.69889258,0.5157221999999999,0.54522702,,0.332,false
EVT-MED-1273,Debt Crisis Settlement of Abbasid Caliphate,1060,medieval,economic,Middle East,Abbasid Caliphate,CHR-MED-1273,726,0.584,0.863,0.2652,0.596,5.2,0.324,34.1,41.5,0.4008,35.3,6.6,0.291,0.3987,0.327,0.1009,0.1707,0.2491,0.2493,-0.1496,0.396,0.6613,0.60844,CMN,BRACKET_BASE,false,true,0.56728332,0.37895766000000003,0.49157081999999996,,0.3684,false
EVT-MED-1274,Agricultural Plague Wave in Khmer Empire,511,medieval,pandemic,Southeast Asia,Khmer Empire,CHR-MED-1274,774.6,0.41,0.262,0.5211,0.527,10.6,0.3165,25.2,35,0.266,39.9,9.3,0.3133,0.4427,0.3895,0,0.1897,0.371,0.2786,-0.0717,0.8952,0.727,0.476402,CMN,BRACKET_BASE,false,true,0.7755642,0.5649037499999999,0.7521814199999999,,0.4074,false
EVT-MED-1275,Canal Infrastructure Boom in Kamakura / Muromachi Japan,1249,medieval,economic,East Asia,Kamakura / Muromachi Japan,CHR-MED-1275,1224.3,0.506,0.243,0.7147,0.341,12,0.2305,29.5,36,0.3183,16.8,6,0.2342,0.3557,0.3121,0.1183,0.172,0.5464,0.3009,0.1907,0.2631,0.6092,0.423874,CMN,BRACKET_BASE,false,true,0.6959135,0.49578848000000003,0.5641495200000001,,0.3984,false
EVT-MED-1276,Agricultural Plague Wave in Chola Dynasty,895,medieval,pandemic,South India,Chola Dynasty,CHR-MED-1276,993.5,0.647,0.601,0.4538,0.222,10.1,0.1615,30.6,40.5,0.3572,50.5,5.7,0.3124,0.4106,0.3491,0.0432,0.2597,0.4077,0.2941,-0.0029,0.6171,0.64,0.38799,CMN,BRACKET_BASE,false,true,0.8224990799999999,0.5755,0.7818749999999999,,0.4035,false
EVT-MED-1277,Guild Monopoly Reform in Umayyad Caliphate (Al-Andalus),1085,medieval,economic,Iberia / North Africa,Umayyad Caliphate (Al-Andalus),CHR-MED-1277,668.4,0.671,0.37,0.3592,0.203,9.6,0.1495,30.9,36.4,0.3358,43,4.9,0.2967,0.2384,0.2099,0,0.0789,0.0375,0.1129,-0.2009,0.2743,0.6804,0.406507,CMN,BRACKET_BASE,false,true,0.9030700899999999,0.5371250000000001,0.75625,,0.3335,true
EVT-MED-1278,Monastic Network Expansion of Khmer Empire,1358,medieval,religious,Southeast Asia,Khmer Empire,CHR-MED-1278,1050.8,0.663,0.549,0.4922,0.231,7,0.1505,33.8,43.4,0.409,45.7,9,0.3217,0.3236,0.3179,0.1908,0.2759,0.2821,0.2781,-0.0415,0.5374,0.629,0.397712,CMN,BRACKET_BASE,false,true,0.7800669999999998,0.46999711,0.6994891200000001,,0.3047,true
EVT-MED-1279,Epidemic Fever Outbreak across Umayyad Caliphate (Al-Andalus),639,medieval,pandemic,Iberia / North Africa,Umayyad Caliphate (Al-Andalus),CHR-MED-1279,1173.7,0.451,0.138,0.7383,0.251,9,0.1705,35.7,39,0.4031,52.9,9.1,0.3327,0.5103,0.4475,0.0008,0.1796,0.3079,0.2892,-0.2024,0.8239,0.7485,0.608025,CMN,BRACKET_BASE,false,true,0.70190769,0.5134622999999999,0.7911919199999999,,0.4088,false
EVT-MED-1280,Systemic Governance Breakdown in Holy Roman Empire,1223,medieval,collapse,Central Europe,Holy Roman Empire,CHR-MED-1280,909,0.479,0.572,0.4722,0.533,17,0.3515,35.8,36,0.3862,17,13.9,0.2746,0.4467,0.3676,0,0.0248,0.2051,0.2088,-0.2416,0.547,0.7157,0.392024,CMN,BRACKET_BASE,false,true,0.91412706,0.591625,0.8977499999999999,,0.4049,true
EVT-MED-1281,Constitutional Reorganization of Holy Roman Empire,678,medieval,transformation,Central Europe,Holy Roman Empire,CHR-MED-1281,577.2,0.58,0.281,0.3693,0.794,5.8,0.426,25.7,40.6,0.305,23.6,13.1,0.2943,0.2408,0.3189,0.193,0.334,0.5568,0.3287,0.316,0.3954,0.7344,0.497312,CMN,BRACKET_BASE,false,true,0.717125,0.5525,0.576375,,0.355,false
EVT-MED-1282,Caravan Route Pestilence in Chola Dynasty,1190,medieval,pandemic,South India,Chola Dynasty,CHR-MED-1282,1199.4,0.54,0.676,0.5626,0.574,12.6,0.35,34.2,39.5,0.3899,46.7,11.2,0.3342,0.5035,0.4813,0.0047,0.1606,0.2249,0.275,-0.2786,0.7541,0.7736,0.486842,CMN,BRACKET_BASE,false,true,0.71104404,0.52635522,0.84457396,,0.4082,false
EVT-MED-1283,Metallurgical Innovation Surge in Kingdom of England,744,medieval,technological,British Isles,Kingdom of England,CHR-MED-1283,1139.1,0.572,0.475,0.5843,0.523,5.6,0.2895,30.6,44.4,0.3806,63.9,13.5,0.3684,0.3623,0.3876,0.4798,0.5973,0.4922,0.4638,0.1299,0.1859,0.5585,0.726578,RMD,BRACKET_HIGH,false,false,0.33747591,0.54262225,0.6586448399999999,,0.2786,false
EVT-MED-1284,Monastic Network Expansion of Kievan Rus,1087,medieval,religious,Eastern Europe,Kievan Rus,CHR-MED-1284,755.3,0.682,0.75,0.2838,0.682,15.8,0.42,32.4,40.6,0.3771,22.4,5.1,0.2505,0.2908,0.293,0.2034,0.3724,0.3369,0.2993,0.0461,0.3346,0.5764,0.519334,CMN,BRACKET_BASE,false,true,0.6532144900000001,0.45329429999999993,0.59503392,,0.3102,false
EVT-MED-1285,Mechanical Power Harnessing in Mongol Empire / Ilkhanate,1038,medieval,technological,Eurasian Steppe,Mongol Empire / Ilkhanate,CHR-MED-1285,638.3,0.545,0.302,0.4029,0.827,11.6,0.4715,25.3,38.9,0.2905,9,12,0.219,0.2543,0.2785,0.3536,0.4243,0.6313,0.3884,0.377,0.4984,0.7834,0.524205,CMN,BRACKET_BASE,false,true,0.78017344,0.54875,0.602375,,0.3384,false
EVT-MED-1286,Grain Market Price Shock across Chola Dynasty,846,medieval,economic,South India,Chola Dynasty,CHR-MED-1286,975.2,0.66,0.485,0.4759,0.721,11.6,0.4185,27.7,42,0.3349,21.3,6.9,0.2559,0.3233,0.2247,0.1027,0.1929,0.3909,0.2469,0.0676,0.4035,0.583,0.356276,CMN,BRACKET_BASE,false,true,0.9035956799999999,0.5569999999999999,0.6779999999999999,,0.3789,true
EVT-MED-1287,Agricultural Plague Wave in Kingdom of England,1412,medieval,pandemic,British Isles,Kingdom of England,CHR-MED-1287,721.2,0.451,0.633,0.3718,0.663,9.6,0.3795,32.4,43,0.3915,30.4,8.5,0.2896,0.4335,0.4037,0.1001,0.2388,0.1763,0.2705,-0.2572,0.9345,0.8311,0.613736,CMN,BRACKET_BASE,false,true,0.79407816,0.558375,0.915,,0.3648,true
EVT-MED-1288,Secular Legal Separation in Song Dynasty,743,medieval,religious,East Asia,Song Dynasty,CHR-MED-1288,714.5,0.596,0.323,0.418,0.67,18,0.425,34.9,37.3,0.3843,38.2,14,0.3337,0.3657,0.4193,0.2718,0.3401,0.251,0.3296,-0.1147,0.2027,0.5585,0.651017,RMD,BRACKET_MEDIUM,false,true,0.604554,0.46877669999999994,0.6671412000000001,,0.2927,false
EVT-MED-1289,Military Coup d’État in Chola Dynasty,873,medieval,revolution,South India,Chola Dynasty,CHR-MED-1289,1318.8,0.522,0.466,0.6886,0.244,10.6,0.175,27.7,40.1,0.3235,40.2,5.7,0.2959,0.3808,0.2664,0.0182,0.1271,0.3167,0.2218,-0.0641,0.6482,0.6486,0.672423,RMD,BRACKET_MEDIUM,false,true,0.56280074,0.39797003999999997,0.49933915999999995,,0.3999,false
EVT-MED-1290,Caravan Route Pestilence in Kievan Rus,851,medieval,pandemic,Eastern Europe,Kievan Rus,CHR-MED-1290,802.7,0.43,0.725,0.3897,0.832,12.1,0.4765,31.7,44.6,0.3936,60.2,4.8,0.3206,0.4683,0.4341,0.0267,0.1631,0.4854,0.3155,0.0171,0.8331,0.6585,0.843078,RMD,BRACKET_HIGH,true,false,0.5457698400000001,0.42916622000000004,0.4852310000000001,,0.4029,false
EVT-MED-1291,Urban Quarantine Emergency in Song Dynasty,812,medieval,pandemic,East Asia,Song Dynasty,CHR-MED-1291,639.3,0.475,0.845,0.2615,0.397,14.3,0.27,28.8,38.3,0.3246,44.3,9.2,0.3204,0.3704,0.3337,0,0.1879,0.1298,0.2044,-0.2406,0.6446,0.7927,0.664866,RMD,BRACKET_MEDIUM,false,true,0.60368815,0.38207005,0.5465109300000001,,0.3849,false
EVT-MED-1292,Respiratory Virulence Wave across Tang Dynasty,686,medieval,pandemic,East Asia,Tang Dynasty,CHR-MED-1292,569.3,0.494,0.659,0.2779,0.514,6.8,0.291,31.1,41.3,0.3673,49.2,12.4,0.344,0.4015,0.353,0,0.1588,0.1808,0.2188,-0.2207,0.6689,0.776,0.792673,RMD,BRACKET_HIGH,true,false,0.52033586,0.39408225,0.5533442199999999,,0.3927,false
EVT-MED-1293,Guild Monopoly Reform in Song Dynasty,1260,medieval,economic,East Asia,Song Dynasty,CHR-MED-1293,1181.9,0.698,0.351,0.6043,0.618,15.7,0.3875,33.2,40,0.3822,61.2,13.2,0.3638,0.4,0.3128,0.0451,0.0963,0.5897,0.2888,0.1897,0.2779,0.5958,0.455486,CMN,BRACKET_BASE,false,true,0.54335734,0.4341935,0.42483540000000003,,0.4028,false
EVT-MED-1294,Respiratory Virulence Wave across Tang Dynasty,941,medieval,pandemic,East Asia,Tang Dynasty,CHR-MED-1294,673.6,0.751,0.569,0.278,0.505,8.6,0.2955,34.3,37.7,0.3802,34,4.6,0.2782,0.3904,0.3117,0,0.2098,0.1709,0.2166,-0.2195,0.7044,0.7816,0.411342,CMN,BRACKET_BASE,false,true,0.91590653,0.559625,0.8825,,0.3922,true
EVT-MED-1295,Metallurgical Innovation Surge in Abbasid Caliphate,1003,medieval,technological,Middle East,Abbasid Caliphate,CHR-MED-1295,1312.1,0.45,0.118,0.8113,0.262,16,0.211,29.5,42.1,0.3549,48.4,4.7,0.3043,0.3617,0.4044,0.484,0.6393,0.5982,0.4975,0.2365,0.2423,0.6117,0.602501,CMN,BRACKET_BASE,false,true,0.52464816,0.53549472,0.6112162,,0.3005,false
EVT-MED-1296,Secular Legal Separation in Mali Empire,1338,medieval,religious,West Africa,Mali Empire,CHR-MED-1296,956.3,0.563,0.568,0.471,0.751,8.1,0.416,25.1,38.1,0.2835,23.9,12,0.2897,0.3376,0.4003,0.2861,0.3837,0.3471,0.351,0.0095,0.441,0.5698,0.762428,RMD,BRACKET_HIGH,true,false,0.63844274,0.51866352,0.6655983400000001,,0.2731,true
EVT-MED-1297,Agricultural Plague Wave in Mali Empire,787,medieval,pandemic,West Africa,Mali Empire,CHR-MED-1297,819.8,0.683,0.603,0.3587,0.706,6.4,0.385,28.4,43.8,0.3533,31.6,4.9,0.2744,0.437,0.3832,0,0.129,0.239,0.2376,-0.198,0.8288,0.7796,0.440513,CMN,BRACKET_BASE,false,true,0.905,0.5755,0.8738750000000001,,0.4042,true
EVT-MED-1298,Coalition Defense of Kamakura / Muromachi Japan,772,medieval,war,East Asia,Kamakura / Muromachi Japan,CHR-MED-1298,705.6,0.431,0.854,0.3039,0.243,12.1,0.182,27.2,39.1,0.3121,22.4,8.5,0.2675,0.2608,0.1408,0,0.1736,0.3182,0.1787,0.0574,0.4038,0.6422,0.408457,CMN,BRACKET_BASE,false,true,0.915875,0.55075,0.6665,,0.3887,true
EVT-MED-1299,Guild Monopoly Reform in Holy Roman Empire,1208,medieval,economic,Central Europe,Holy Roman Empire,CHR-MED-1299,571.7,0.725,0.478,0.264,0.404,13.7,0.2705,31,44.2,0.3837,31.6,7.6,0.2879,0.2572,0.2111,0,0.1432,0.4352,0.2093,0.178,0.5943,0.737,0.48872,CMN,BRACKET_BASE,false,true,0.88116354,0.5409066,0.6169394,,0.3995,false
EVT-MED-1300,Navigational Instrument Reform in Kamakura / Muromachi Japan,1434,medieval,technological,East Asia,Kamakura / Muromachi Japan,CHR-MED-1300,1138.5,0.592,0.491,0.5732,0.694,5.9,0.3765,34.2,38.7,0.3851,34,11.6,0.3132,0.3525,0.4115,0.4871,0.5542,0.5066,0.4624,0.1541,0.3817,0.6084,0.474013,CMN,BRACKET_BASE,false,true,0.4967352,0.37063312,0.459828,,0.2712,false
EVT-MED-1301,Succession Conflict of Byzantine Empire,932,medieval,war,Eastern Mediterranean,Byzantine Empire,CHR-MED-1301,1272.6,0.556,0.655,0.5994,0.202,7.3,0.1375,27.2,38.1,0.3061,52.4,9.1,0.3321,0.414,0.3635,0.035,0.1974,0.5378,0.3095,0.1238,0.6763,0.7095,0.554345,CMN,BRACKET_BASE,false,true,0.6949220500000001,0.48162176000000007,0.64474744,,0.4032,false
EVT-MED-1302,Territorial Rupture of Tang Dynasty,1187,medieval,collapse,East Asia,Tang Dynasty,CHR-MED-1302,599.5,0.6,0.698,0.2489,0.806,15.4,0.48,33.4,35.1,0.3549,13.6,6,0.2189,0.436,0.3438,0.0319,0.0845,0.0796,0.1952,-0.3564,0.7671,0.8517,0.543682,CMN,BRACKET_BASE,false,true,0.6748532,0.39112100000000005,0.58357928,,0.3673,false
EVT-MED-1303,Coalition Defense of Mongol Empire / Ilkhanate,1379,medieval,war,Eurasian Steppe,Mongol Empire / Ilkhanate,CHR-MED-1303,565,0.571,0.33,0.3514,0.373,14.9,0.261,29.5,37.7,0.3285,56.8,9.1,0.3379,0.3278,0.2235,0.0407,0.1897,0.2102,0.1984,-0.1176,0.3772,0.6467,0.568109,CMN,BRACKET_BASE,false,true,0.608119,0.37606852,0.47333356,,0.3688,false
EVT-MED-1304,Borderlands Pacification of Tang Dynasty,633,medieval,war,East Asia,Tang Dynasty,CHR-MED-1304,1013,0.685,0.546,0.4683,0.443,15.7,0.3,26.8,39.3,0.309,9.2,4.8,0.1846,0.2708,0.1572,0,0.1384,0.2182,0.1569,-0.0526,0.4238,0.6028,0.467409,CMN,BRACKET_BASE,false,true,0.78850947,0.5326407599999999,0.67948643,,0.3757,true
EVT-MED-1305,Debt Crisis Settlement of Kievan Rus,820,medieval,economic,Eastern Europe,Kievan Rus,CHR-MED-1305,1277.7,0.529,0.315,0.712,0.583,10.3,0.343,34.2,37.2,0.3761,33,13.1,0.3186,0.4122,0.356,0.1705,0.3489,0.1964,0.2968,-0.2158,0.3643,0.6229,0.696026,RMD,BRACKET_MEDIUM,false,false,0.49848822000000004,0.47955749999999997,0.7579779100000001,,0.3421,false
EVT-MED-1306,Secular Legal Separation in Kamakura / Muromachi Japan,638,medieval,religious,East Asia,Kamakura / Muromachi Japan,CHR-MED-1306,1249.9,0.581,0.119,0.7418,0.685,13.6,0.4105,28.4,38.7,0.3227,21.3,12.5,0.2839,0.3949,0.3557,0.2685,0.4328,0.4115,0.3727,0.0166,0.4207,0.5229,0.639716,RMD,BRACKET_MEDIUM,false,true,0.41272868999999995,0.36903438,0.43093159000000003,,0.3229,false
EVT-MED-1307,Guild Monopoly Reform in Kingdom of England,827,medieval,economic,British Isles,Kingdom of England,CHR-MED-1307,899.2,0.53,0.708,0.4113,0.275,10.7,0.191,29,37.3,0.3207,24,12.7,0.2935,0.3395,0.2591,0,0.0891,0.3246,0.2025,-0.0149,0.3569,0.5888,0.493372,CMN,BRACKET_BASE,false,true,0.59082212,0.39462453,0.45063705,,0.4015,false
EVT-MED-1308,Agrarian Restructuring of Kievan Rus,1040,medieval,transformation,Eastern Europe,Kievan Rus,CHR-MED-1308,1167,0.509,0.782,0.5245,0.47,7.8,0.274,28.8,44.5,0.3618,53.6,10.9,0.3427,0.2935,0.3379,0.2068,0.3293,0.6152,0.3565,0.3217,0.1555,0.6685,0.416117,CMN,BRACKET_BASE,false,true,0.73575,0.563625,0.538125,,0.3699,false
EVT-MED-1309,Bureaucratic Consolidation of Kievan Rus,798,medieval,transformation,Eastern Europe,Kievan Rus,CHR-MED-1309,1222,0.423,0.33,0.7124,0.567,13.7,0.352,30.1,35.9,0.3242,31.8,11.9,0.3099,0.3125,0.389,0.2784,0.4191,0.4193,0.3637,0.1068,0.3933,0.5777,0.644415,RMD,BRACKET_MEDIUM,false,true,0.5638332,0.37713312,0.4085153,,0.3,false
EVT-MED-1310,Constitutional Reorganization of Khmer Empire,642,medieval,transformation,Southeast Asia,Khmer Empire,CHR-MED-1310,1181.9,0.755,0.7,0.4825,0.558,8.3,0.3205,30.4,40.4,0.3544,11.9,5.8,0.2083,0.2741,0.3359,0.2036,0.3751,0.5718,0.3521,0.2977,0.1634,0.658,0.711837,RMD,BRACKET_HIGH,false,false,0.5121593999999999,0.3866044,0.3315397,,0.361,false
EVT-MED-1311,Pantheon Reformation of Chola Dynasty,978,medieval,religious,South India,Chola Dynasty,CHR-MED-1311,946.2,0.447,0.414,0.5471,0.554,17.2,0.363,32.6,34.6,0.3433,54.2,11.4,0.346,0.3646,0.3991,0.2834,0.3722,0.22,0.3279,-0.1446,0.3026,0.5957,0.420861,CMN,BRACKET_BASE,false,true,0.66650328,0.5337955,0.7247585200000001,,0.2913,true
EVT-MED-1312,Respiratory Virulence Wave across Kamakura / Muromachi Japan,659,medieval,pandemic,East Asia,Kamakura / Muromachi Japan,CHR-MED-1312,815.3,0.453,0.166,0.5566,0.551,12.3,0.337,27.2,35.6,0.2911,39.5,7.9,0.3056,0.4348,0.378,0,0.1761,0.403,0.2784,-0.0318,0.779,0.6642,0.520962,CMN,BRACKET_BASE,false,true,0.64094769,0.51521288,0.73000185,,0.4071,false
EVT-MED-1313,Mechanical Power Harnessing in Kingdom of France,1499,medieval,technological,Western Europe,Kingdom of France,CHR-MED-1313,1124.7,0.603,0.399,0.5908,0.747,8.7,0.417,26.1,41.3,0.3135,28.9,6.8,0.2775,0.3183,0.3493,0.4113,0.4882,0.6095,0.4353,0.2912,0.2608,0.6543,0.676412,RMD,BRACKET_MEDIUM,false,true,0.5269999999999999,0.54775,0.60475,,0.3174,false
EVT-MED-1314,Monastic Network Expansion of Byzantine Empire,1345,medieval,religious,Eastern Mediterranean,Byzantine Empire,CHR-MED-1314,615.2,0.736,0.539,0.2634,0.311,14.4,0.2275,30.2,40,0.3498,19.2,7.4,0.2509,0.3136,0.3194,0.2191,0.3075,0.2404,0.28,-0.0732,0.3717,0.6363,0.708061,RMD,BRACKET_HIGH,false,false,0.46084497,0.3629441,0.45600528,,0.2826,false
EVT-MED-1315,Respiratory Virulence Wave across Khmer Empire,528,medieval,pandemic,Southeast Asia,Khmer Empire,CHR-MED-1315,1231.6,0.42,0.231,0.7476,0.426,17.6,0.301,25.4,42.1,0.3108,58.5,8.8,0.3385,0.4591,0.4105,0,0.1656,0.1315,0.2333,-0.3276,0.7386,0.7876,0.367684,CMN,BRACKET_BASE,false,true,0.7683618999999999,0.5008425,0.8518576800000001,,0.3963,false
EVT-MED-1316,Educational Charter of Kievan Rus,998,medieval,transformation,Eastern Europe,Kievan Rus,CHR-MED-1316,1125.9,0.596,0.651,0.5179,0.633,11.5,0.374,25.6,34.7,0.2685,58.9,11.2,0.351,0.3155,0.3686,0.2697,0.4614,0.5836,0.3998,0.2681,0.3577,0.6901,0.537131,CMN,BRACKET_BASE,false,true,0.6700419599999999,0.552125,0.57325,,0.3429,false
EVT-MED-1317,Institutional Dissolution of Byzantine Empire,1306,medieval,collapse,Eastern Mediterranean,Byzantine Empire,CHR-MED-1317,941,0.67,0.527,0.4438,0.299,5.1,0.175,28.6,43.4,0.353,8.1,5.6,0.1794,0.3908,0.2761,0.0024,0.0879,0.1028,0.172,-0.288,0.6367,0.7989,0.464736,CMN,BRACKET_BASE,false,true,0.7009378600000001,0.39016416,0.56331548,,0.3747,false
EVT-MED-1318,Dynastic Disintegration of Chola Dynasty,591,medieval,collapse,South India,Chola Dynasty,CHR-MED-1318,1260.7,0.669,0.713,0.5424,0.417,5.4,0.2355,32,42.9,0.3866,39.5,6.3,0.2976,0.4987,0.4142,0.0854,0.1415,0.1564,0.2592,-0.3423,0.6644,0.8063,0.623291,CMN,BRACKET_BASE,false,true,0.6379324,0.576375,0.957875,,0.3721,true
EVT-MED-1319,Territorial Rupture of Kamakura / Muromachi Japan,575,medieval,collapse,East Asia,Kamakura / Muromachi Japan,CHR-MED-1319,676.9,0.517,0.591,0.3432,0.354,4.6,0.2,27.9,44,0.3491,33.1,13.1,0.3188,0.4312,0.375,0.0994,0.1921,0.1844,0.2564,-0.2468,0.6543,0.793,0.594123,CMN,BRACKET_BASE,false,true,0.6190650400000001,0.38116624000000005,0.55073248,,0.3601,false
EVT-MED-1320,Astronomical Standardization by Tang Dynasty,1309,medieval,technological,East Asia,Tang Dynasty,CHR-MED-1320,902.6,0.667,0.451,0.449,0.545,12.5,0.335,28.4,44.7,0.3587,23.5,10,0.2785,0.2802,0.3218,0.3729,0.532,0.4508,0.3915,0.1706,0.4566,0.6649,0.570772,CMN,BRACKET_BASE,false,true,0.50635,0.36732703,0.42678177,,0.2887,false
EVT-MED-1321,Systemic Governance Breakdown in Kievan Rus,1402,medieval,collapse,Eastern Europe,Kievan Rus,CHR-MED-1321,887.5,0.648,0.612,0.3991,0.653,14.6,0.3995,32.9,37.7,0.3651,45.4,12.9,0.3407,0.436,0.3195,0,0.0562,0,0.1623,-0.4484,0.6722,0.8656,0.312976,CMN,BRACKET_BASE,false,true,0.96013957,0.57825,0.9765,,0.3807,true
EVT-MED-1322,Harbor Incursion Sickness in Abbasid Caliphate,1095,medieval,pandemic,Middle East,Abbasid Caliphate,CHR-MED-1322,958.2,0.615,0.705,0.4152,0.749,9.2,0.4205,35.9,35.1,0.3818,54.7,13.3,0.3562,0.4572,0.4149,0.0815,0.2747,0.2697,0.2996,-0.1875,0.6163,0.7027,0.715538,RMD,BRACKET_HIGH,false,false,0.4480021,0.39288968,0.54561575,,0.39,false
EVT-MED-1323,Temple Bureaucracy Reorganization of Khmer Empire,507,medieval,religious,Southeast Asia,Khmer Empire,CHR-MED-1323,784.4,0.583,0.5,0.4025,0.489,17.3,0.331,28.2,43.7,0.3505,15.2,12,0.257,0.3096,0.3529,0.176,0.3432,0.306,0.2975,-0.0036,0.223,0.5251,0.769897,RMD,BRACKET_HIGH,true,false,0.38883999,0.3848706,0.43582778999999994,,0.3293,false
EVT-MED-1324,Silver Flotilla Currency Shock in Kingdom of France,1205,medieval,economic,Western Europe,Kingdom of France,CHR-MED-1324,846.2,0.688,0.873,0.2889,0.812,5.7,0.4345,28.5,42.2,0.3447,20.8,9.4,0.2667,0.3539,0.2911,0.0598,0.1556,0.183,0.2087,-0.1709,0.6446,0.7232,0.57287,CMN,BRACKET_BASE,false,true,0.7561387800000001,0.47668443,0.76813576,,0.3624,false
EVT-MED-1325,Agricultural Plague Wave in Byzantine Empire,816,medieval,pandemic,Eastern Mediterranean,Byzantine Empire,CHR-MED-1325,534.5,0.41,0.544,0.3208,0.648,7.9,0.3635,35.3,40.4,0.4072,57.4,9.7,0.3417,0.4403,0.3722,0.0374,0.1523,0.3849,0.2774,-0.0554,0.7694,0.6885,0.677794,RMD,BRACKET_MEDIUM,false,true,0.7704730100000001,0.5820000000000001,0.8083750000000001,,0.4074,true
EVT-MED-1326,Secular Legal Separation in Mongol Empire / Ilkhanate,550,medieval,religious,Eurasian Steppe,Mongol Empire / Ilkhanate,CHR-MED-1326,724.3,0.61,0.418,0.3901,0.47,17.1,0.3205,29.2,36.2,0.3163,34.4,6.9,0.2906,0.3551,0.3862,0.2665,0.3287,0.4606,0.3594,0.1055,0.2352,0.5917,0.673212,RMD,BRACKET_MEDIUM,false,true,0.71591538,0.541625,0.6251249999999999,,0.3245,true
EVT-MED-1327,Borderlands Pacification of Kamakura / Muromachi Japan,686,medieval,war,East Asia,Kamakura / Muromachi Japan,CHR-MED-1327,670,0.453,0.884,0.2712,0.773,14.8,0.4605,28.8,41.5,0.3438,14.3,6.3,0.2241,0.3397,0.2705,0.0765,0.233,0.0671,0.1974,-0.2726,0.6207,0.7711,0.569479,CMN,BRACKET_BASE,false,true,0.61858258,0.37525035,0.54392136,,0.3512,false
EVT-MED-1328,Judicial Standard Reform in Song Dynasty,624,medieval,transformation,East Asia,Song Dynasty,CHR-MED-1328,1287,0.621,0.831,0.534,0.503,6.8,0.2855,32.5,38.5,0.3656,30,9.8,0.2952,0.311,0.3565,0.2697,0.4529,0.4377,0.3656,0.1267,0.1688,0.5629,0.559678,CMN,BRACKET_BASE,false,true,0.5207936799999999,0.36616228,0.35451052,,0.3088,false
EVT-MED-1329,Astronomical Standardization by Kievan Rus,1149,medieval,technological,Eastern Europe,Kievan Rus,CHR-MED-1329,592.2,0.454,0.108,0.4662,0.341,15.2,0.2465,34.1,40.3,0.3936,17.4,11.4,0.2638,0.2493,0.2727,0.3634,0.472,0.4071,0.3529,0.1578,0.1821,0.5948,0.589017,CMN,BRACKET_BASE,false,true,0.53423172,0.3838108,0.42794626999999996,,0.2764,false
EVT-MED-1330,Metallurgical Innovation Surge in Mongol Empire / Ilkhanate,829,medieval,technological,Eurasian Steppe,Mongol Empire / Ilkhanate,CHR-MED-1330,1323.7,0.516,0.23,0.7635,0.211,17.1,0.191,31.3,43.4,0.3821,63.5,5.5,0.328,0.3177,0.3411,0.3863,0.4625,0.526,0.4067,0.2083,0.4146,0.6456,0.708722,RMD,BRACKET_HIGH,false,false,0.58721728,0.5296968,0.6197747,,0.296,false
EVT-MED-1331,Caravan Route Pestilence in Kievan Rus,1247,medieval,pandemic,Eastern Europe,Kievan Rus,CHR-MED-1331,1087.8,0.658,0.574,0.504,0.794,13.8,0.466,34.2,41.1,0.3995,23.9,10,0.2797,0.5047,0.4806,0.1465,0.3752,0.3479,0.371,-0.1568,0.7271,0.691,0.714483,RMD,BRACKET_HIGH,false,false,0.47859920000000006,0.40635284,0.56016621,,0.3913,false
EVT-MED-1332,Palatial Collapse of Kievan Rus,1398,medieval,collapse,Eastern Europe,Kievan Rus,CHR-MED-1332,897.9,0.68,0.592,0.4005,0.551,16.6,0.3585,29.6,41.8,0.3542,8.4,5.7,0.1825,0.4019,0.3153,0.031,0.103,0.1635,0.2029,-0.2384,0.6987,0.7664,0.618166,CMN,BRACKET_BASE,false,true,0.60272841,0.37764243999999997,0.5352104,,0.3801,false
EVT-MED-1333,Judicial Standard Reform in Kingdom of England,879,medieval,transformation,British Isles,Kingdom of England,CHR-MED-1333,740.4,0.695,0.585,0.3222,0.247,14,0.1935,25.2,41.7,0.3062,35.8,7.2,0.295,0.194,0.2472,0.1022,0.29,0.3894,0.2446,0.1954,0.1574,0.6516,0.587026,CMN,BRACKET_BASE,false,true,0.5392170000000001,0.38314336,0.33987184000000004,,0.3516,false
EVT-MED-1334,Fiscal Modernization in Byzantine Empire,594,medieval,transformation,Eastern Mediterranean,Byzantine Empire,CHR-MED-1334,709.1,0.627,0.313,0.4091,0.76,9.8,0.429,34.6,44.4,0.4236,19.7,12.9,0.2802,0.2698,0.3482,0.2489,0.4,0.5735,0.3681,0.3037,0.3237,0.6857,0.635471,RMD,BRACKET_MEDIUM,false,true,0.5035287799999999,0.38001096,0.34167868999999995,,0.3478,false
EVT-MED-1335,Civic Restoration Revolt in Mongol Empire / Ilkhanate,540,medieval,revolution,Eurasian Steppe,Mongol Empire / Ilkhanate,CHR-MED-1335,936.2,0.501,0.489,0.5036,0.244,15.3,0.1985,32.7,42.9,0.3942,56,13,0.3564,0.3677,0.2109,0,0.2754,0.4191,0.2546,0.0514,0.6841,0.6643,0.588158,CMN,BRACKET_BASE,false,true,0.5425325000000001,0.39871832999999995,0.45912230000000004,,0.405,false
EVT-MED-1336,Educational Charter of Kamakura / Muromachi Japan,882,medieval,transformation,East Asia,Kamakura / Muromachi Japan,CHR-MED-1336,783,0.458,0.482,0.4447,0.344,8.7,0.2155,30.2,39,0.3438,61.8,9.5,0.346,0.2291,0.3001,0.2325,0.4136,0.4009,0.3152,0.1718,0.1018,0.5976,0.728365,RMD,BRACKET_HIGH,false,false,0.5035281899999999,0.3749346,0.32994832,,0.3105,false
EVT-MED-1337,Epidemic Fever Outbreak across Byzantine Empire,1457,medieval,pandemic,Eastern Mediterranean,Byzantine Empire,CHR-MED-1337,1163.3,0.543,0.521,0.5908,0.535,11,0.3225,34.4,38.4,0.3855,59,8.4,0.3371,0.4411,0.3727,0.0089,0.1259,0.2306,0.2358,-0.2105,0.6338,0.7073,0.435811,CMN,BRACKET_BASE,false,true,0.8341445200000001,0.55325326,0.8116193999999999,,0.4023,false
EVT-MED-1338,Navigational Instrument Reform in Mongol Empire / Ilkhanate,953,medieval,technological,Eurasian Steppe,Mongol Empire / Ilkhanate,CHR-MED-1338,567,0.515,0.659,0.2705,0.442,15.8,0.3,34.5,40.6,0.3998,59.2,11.1,0.3509,0.2495,0.2815,0.3515,0.4763,0.5177,0.3753,0.2682,0.3762,0.7233,0.799401,RMD,BRACKET_HIGH,true,false,0.6407458800000001,0.54125,0.6455,,0.3105,false
EVT-MED-1339,Administrative Codification of Mongol Empire / Ilkhanate,1019,medieval,transformation,Eurasian Steppe,Mongol Empire / Ilkhanate,CHR-MED-1339,655.2,0.631,0.619,0.2902,0.318,5.8,0.188,35.6,41.8,0.4188,47.6,10.2,0.3306,0.2058,0.2379,0.1478,0.3186,0.4736,0.2767,0.2678,0.3861,0.7366,0.772235,RMD,BRACKET_HIGH,true,false,0.4960217,0.37010536,0.34460964,,0.3463,false
EVT-MED-1340,Synod Monotheistic Mandate in Abbasid Caliphate,1404,medieval,religious,Middle East,Abbasid Caliphate,CHR-MED-1340,1117,0.504,0.491,0.5892,0.262,14,0.201,30.7,43.7,0.3774,29,8.2,0.2847,0.3318,0.4099,0.2792,0.3884,0.5567,0.3932,0.2249,0.3494,0.6637,0.601868,CMN,BRACKET_BASE,false,true,0.61435335,0.4681367699999999,0.5203824499999999,,0.3368,false
EVT-MED-1341,Sanitation & Medical Breakthrough in Khmer Empire,563,medieval,technological,Southeast Asia,Khmer Empire,CHR-MED-1341,724,0.719,0.774,0.2504,0.259,8.5,0.172,32.5,44.9,0.404,36.6,4.6,0.2836,0.2279,0.2642,0.3746,0.4772,0.5551,0.3798,0.3272,0.3704,0.7753,0.484383,CMN,BRACKET_BASE,false,true,0.8405193900000001,0.543625,0.6557499999999999,,0.3185,false
EVT-MED-1342,Continental Standoff of Kievan Rus,1002,medieval,war,Eastern Europe,Kievan Rus,CHR-MED-1342,530.3,0.524,0.25,0.3728,0.695,5.6,0.3755,28.9,34.5,0.3028,51,6.8,0.3186,0.3371,0.2908,0.1141,0.223,0.4608,0.2852,0.1237,0.5834,0.685,0.672156,RMD,BRACKET_MEDIUM,false,true,0.5211234,0.3814371,0.41650855,,0.3863,false
EVT-MED-1343,Temple Bureaucracy Reorganization of Kingdom of England,624,medieval,religious,British Isles,Kingdom of England,CHR-MED-1343,569.2,0.674,0.2,0.3615,0.736,10.6,0.421,35.4,35.5,0.3788,10,12.5,0.2292,0.3137,0.2938,0.199,0.3418,0.3094,0.2915,-0.0043,0.2141,0.5117,0.534074,CMN,BRACKET_BASE,false,true,0.5799696,0.37691822,0.42523996000000003,,0.3107,false
EVT-MED-1344,Coalition Defense of Classic Maya & Postclassic,502,medieval,war,Mesoamerica,Classic Maya & Postclassic,CHR-MED-1344,955.8,0.737,0.522,0.4323,0.226,15.9,0.1925,26.7,39.7,0.3104,46.7,5.4,0.3052,0.3501,0.2677,0.0024,0.1983,0.085,0.1807,-0.2651,0.5707,0.7755,0.373754,CMN,BRACKET_BASE,false,true,0.99075,0.5515,0.87825,,0.3734,true
EVT-MED-1345,Mechanical Power Harnessing in Kamakura / Muromachi Japan,1252,medieval,technological,East Asia,Kamakura / Muromachi Japan,CHR-MED-1345,686.9,0.544,0.504,0.366,0.827,12.2,0.4745,34,42.3,0.4046,53.5,11.4,0.3451,0.3265,0.3637,0.4233,0.578,0.4526,0.4288,0.1261,0.4733,0.6297,0.574974,CMN,BRACKET_BASE,false,true,0.6826832999999999,0.5367516600000001,0.69299395,,0.2813,false
EVT-MED-1346,Silver Flotilla Currency Shock in Byzantine Empire,1382,medieval,economic,Eastern Mediterranean,Byzantine Empire,CHR-MED-1346,1159,0.674,0.416,0.581,0.232,11.3,0.1725,33,35.3,0.3518,46.8,7.6,0.3164,0.3197,0.2742,0.1712,0.2802,0.4826,0.3056,0.1629,0.3279,0.6341,0.828795,RMD,BRACKET_HIGH,true,false,0.43385303999999997,0.46774244,0.54178593,,0.3653,false
EVT-MED-1347,Pantheon Reformation of Song Dynasty,954,medieval,religious,East Asia,Song Dynasty,CHR-MED-1347,700.3,0.674,0.452,0.3491,0.21,4.9,0.1295,26.9,34.2,0.2795,11.1,13.7,0.2427,0.2363,0.249,0.1526,0.3122,0.4777,0.2856,0.2414,0.2713,0.7145,0.521623,CMN,BRACKET_BASE,false,true,0.72938896,0.525987,0.5121495,,0.3511,false
EVT-MED-1348,Institutional Dissolution of Khmer Empire,1196,medieval,collapse,Southeast Asia,Khmer Empire,CHR-MED-1348,1258.3,0.566,0.408,0.6636,0.756,14.4,0.45,34,34.4,0.3572,27.4,13.5,0.3071,0.5278,0.4428,0.2038,0.2934,0.2949,0.3525,-0.2329,0.8326,0.7433,0.428618,CMN,BRACKET_BASE,false,true,0.77436936,0.5477336,0.8488089299999999,,0.3582,false
EVT-MED-1349,Orthodoxy & Heresy Trial Wave in Classic Maya & Postclassic,853,medieval,religious,Mesoamerica,Classic Maya & Postclassic,CHR-MED-1349,695.2,0.693,0.415,0.352,0.473,8.2,0.2775,33,36.1,0.3566,53.3,13.6,0.3558,0.33,0.3688,0.2175,0.3916,0.5556,0.3727,0.2256,0.5279,0.7359,0.750214,RMD,BRACKET_HIGH,true,false,0.4912864,0.3742698,0.38242834000000003,,0.3641,false
EVT-MED-1350,Territorial Rupture of Khmer Empire,1196,medieval,collapse,Southeast Asia,Khmer Empire,CHR-MED-1350,1305.8,0.493,0.807,0.5887,0.632,7.5,0.3535,26.6,43.8,0.3339,10.4,5.8,0.1985,0.5047,0.3871,0.0761,0.1283,0.17,0.2532,-0.3347,0.5239,0.7503,0.533127,CMN,BRACKET_BASE,false,true,0.67267872,0.4996944,0.85205048,,0.3801,false
EVT-MED-1351,Synod Monotheistic Mandate in Kamakura / Muromachi Japan,777,medieval,religious,East Asia,Kamakura / Muromachi Japan,CHR-MED-1351,1310.7,0.694,0.684,0.5677,0.561,5.2,0.3065,25.7,39.5,0.2984,51.3,6,0.315,0.3317,0.3737,0.2087,0.2816,0.5431,0.3478,0.2114,0.2142,0.6218,0.679679,RMD,BRACKET_MEDIUM,false,true,0.58003776,0.5485338,0.5396808799999999,,0.3682,false
EVT-MED-1352,Canal Infrastructure Boom in Abbasid Caliphate,764,medieval,economic,Middle East,Abbasid Caliphate,CHR-MED-1352,574.7,0.692,0.651,0.2235,0.836,5.7,0.4465,25.8,37.4,0.2869,45.5,11.3,0.3328,0.3235,0.2904,0.0106,0.0816,0.5221,0.2456,0.1986,0.3461,0.6802,0.473426,CMN,BRACKET_BASE,false,true,0.7593455999999998,0.5736964800000001,0.6186205000000001,,0.406,false
EVT-MED-1353,Strategic Siege of Kingdom of England,848,medieval,war,British Isles,Kingdom of England,CHR-MED-1353,1308.6,0.642,0.114,0.7532,0.501,4.6,0.2735,27.4,44.2,0.3449,44.3,12.4,0.3364,0.3892,0.2761,0.1251,0.2144,0.3059,0.2621,-0.0833,0.6128,0.6224,0.430618,CMN,BRACKET_BASE,false,true,0.89422488,0.55225,0.7957500000000001,,0.3658,true
EVT-MED-1354,Temple Bureaucracy Reorganization of Chola Dynasty,899,medieval,religious,South India,Chola Dynasty,CHR-MED-1354,592.8,0.475,0.619,0.3069,0.828,14.5,0.4865,29.5,43,0.3603,11,11,0.2286,0.337,0.4062,0.2602,0.3607,0.4177,0.3564,0.0807,0.4704,0.6181,0.406238,CMN,BRACKET_BASE,false,true,0.71483092,0.52661689,0.6415877,,0.315,false
EVT-MED-1355,Military Coup d’État in Classic Maya & Postclassic,672,medieval,revolution,Mesoamerica,Classic Maya & Postclassic,CHR-MED-1355,1154.7,0.647,0.343,0.6089,0.52,17.8,0.349,35,44,0.4255,18.6,12.6,0.2746,0.4781,0.3018,0.0271,0.3029,0.6593,0.3538,0.1812,0.4027,0.621,0.663319,RMD,BRACKET_MEDIUM,false,true,0.47421560000000007,0.44683314,0.46568100000000007,,0.3966,false
EVT-MED-1356,Palatial Collapse of Kamakura / Muromachi Japan,772,medieval,collapse,East Asia,Kamakura / Muromachi Japan,CHR-MED-1356,1285.8,0.505,0.203,0.7567,0.705,15.8,0.4315,25.9,39.4,0.2999,46.6,11.4,0.3351,0.516,0.4556,0.1042,0.1599,0.1359,0.2743,-0.3801,0.7925,0.8102,0.77483,RMD,BRACKET_HIGH,true,false,0.58025114,0.40838490000000005,0.61260704,,0.3692,false
EVT-MED-1357,Epidemic Fever Outbreak across Kievan Rus,1110,medieval,pandemic,Eastern Europe,Kievan Rus,CHR-MED-1357,1051.8,0.619,0.701,0.4603,0.64,17.4,0.407,31.9,43.3,0.388,44.7,12.2,0.3361,0.4211,0.3843,0.0233,0.1749,0.0928,0.2193,-0.3283,0.6816,0.7894,0.697543,RMD,BRACKET_MEDIUM,false,false,0.538188,0.39560525999999996,0.58778533,,0.3796,false
EVT-MED-1358,Territorial Rupture of Kamakura / Muromachi Japan,1019,medieval,collapse,East Asia,Kamakura / Muromachi Japan,CHR-MED-1358,1330.7,0.593,0.324,0.7156,0.395,6.8,0.2315,29.6,37.8,0.3302,45.3,6,0.306,0.4917,0.4059,0.1912,0.2738,0.1965,0.3118,-0.2952,0.5393,0.7326,0.445827,CMN,BRACKET_BASE,false,true,0.6260078299999999,0.53815599,0.83689017,,0.3472,false
EVT-MED-1359,Synod Monotheistic Mandate in Kievan Rus,854,medieval,religious,Eastern Europe,Kievan Rus,CHR-MED-1359,584.4,0.675,0.601,0.2482,0.557,11.8,0.3375,33.8,34.8,0.3574,42.3,7.3,0.3076,0.3543,0.3986,0.2712,0.3415,0.2865,0.3304,-0.0678,0.3307,0.6078,0.661216,RMD,BRACKET_MEDIUM,false,true,0.4970080500000001,0.36076725,0.44649682,,0.2818,false
EVT-MED-1360,Military Coup d’État in Umayyad Caliphate (Al-Andalus),1334,medieval,revolution,Iberia / North Africa,Umayyad Caliphate (Al-Andalus),CHR-MED-1360,1324.7,0.549,0.643,0.6302,0.297,5.3,0.175,29.3,43.2,0.3594,51,11.5,0.3421,0.4172,0.2519,0,0.2777,0.4141,0.2722,-0.0031,0.6983,0.6316,0.609982,CMN,BRACKET_BASE,false,true,0.5685921,0.39168212999999996,0.46334788,,0.4052,false
EVT-MED-1361,Civic Restoration Revolt in Holy Roman Empire,1191,medieval,revolution,Central Europe,Holy Roman Empire,CHR-MED-1361,1035.6,0.718,0.647,0.439,0.706,9.4,0.4,30.3,37.3,0.3347,60,8.3,0.3379,0.4175,0.3228,0.0718,0.2067,0.168,0.2374,-0.2495,0.3584,0.6783,0.543976,CMN,BRACKET_BASE,false,true,0.510284,0.38773720999999994,0.52944036,,0.3692,false
EVT-MED-1362,Debt Crisis Settlement of Tang Dynasty,825,medieval,economic,East Asia,Tang Dynasty,CHR-MED-1362,1101.9,0.69,0.124,0.6362,0.497,17.9,0.338,29.8,43.6,0.3671,36.2,13.6,0.3278,0.4366,0.3939,0.2555,0.3114,0.3283,0.3451,-0.1083,0.5101,0.6148,0.595547,CMN,BRACKET_BASE,false,true,0.57396864,0.37875378,0.49804339000000003,,0.3147,false
EVT-MED-1363,Agrarian Insurgency in Song Dynasty,1476,medieval,revolution,East Asia,Song Dynasty,CHR-MED-1363,1093.6,0.701,0.862,0.4075,0.548,5.5,0.3015,28.5,36.5,0.3105,33.3,7.9,0.2932,0.381,0.2786,0.0584,0.3262,0.5216,0.3132,0.1406,0.3871,0.6498,0.59361,CMN,BRACKET_BASE,false,true,0.6500517499999999,0.49362625,0.61115346,,0.4033,false
EVT-MED-1364,Printing & Communications Diffusion in Umayyad Caliphate (Al-Andalus),834,medieval,technological,Iberia / North Africa,Umayyad Caliphate (Al-Andalus),CHR-MED-1364,1299.8,0.583,0.676,0.5981,0.476,8.7,0.2815,29.9,42.9,0.364,34.9,5.5,0.2846,0.3406,0.3787,0.4946,0.6163,0.5073,0.4675,0.1667,0.332,0.6165,0.610361,CMN,BRACKET_BASE,false,true,0.48627138999999997,0.38595296,0.46897110000000003,,0.283,false
EVT-MED-1365,Frontier Campaign of Tang Dynasty,590,medieval,war,East Asia,Tang Dynasty,CHR-MED-1365,535.5,0.687,0.478,0.258,0.544,7,0.307,35.3,39.6,0.4024,61,8.4,0.3396,0.3314,0.2612,0.0462,0.1768,0.1883,0.2008,-0.1431,0.6038,0.7131,0.529659,CMN,BRACKET_BASE,false,true,0.5752910899999999,0.36859964,0.495311,,0.3638,false
EVT-MED-1366,Hydraulic Engineering Grid in Byzantine Empire,1299,medieval,technological,Eastern Mediterranean,Byzantine Empire,CHR-MED-1366,634.2,0.525,0.378,0.3841,0.607,17.6,0.3915,33.4,39.5,0.3813,56.7,12.5,0.3548,0.2974,0.3448,0.4288,0.5477,0.6476,0.4533,0.3502,0.2506,0.7082,0.672509,RMD,BRACKET_MEDIUM,false,true,0.57073125,0.553375,0.607375,,0.3281,false
EVT-MED-1367,Imperial Annexation War in Kamakura / Muromachi Japan,950,medieval,war,East Asia,Kamakura / Muromachi Japan,CHR-MED-1367,559.6,0.749,0.181,0.3401,0.232,8.5,0.1585,28.3,40.3,0.3312,12.5,8.1,0.2233,0.3349,0.2786,0,0.0678,0.3469,0.2056,0.012,0.443,0.6228,0.482025,CMN,BRACKET_BASE,false,true,0.78556032,0.55444158,0.6748262500000001,,0.4036,false
EVT-MED-1368,Maritime Hegemony Clash in Song Dynasty,607,medieval,war,East Asia,Song Dynasty,CHR-MED-1368,704.6,0.721,0.291,0.3854,0.708,8.3,0.3955,28.5,38,0.3195,60.8,5.6,0.3253,0.3675,0.322,0.1376,0.3218,0.442,0.3182,0.0745,0.3204,0.5853,0.635755,RMD,BRACKET_MEDIUM,false,true,0.56033005,0.37911705,0.40911454,,0.3814,false
EVT-MED-1369,Provincial Autonomy Insurgency against Kingdom of France,1152,medieval,revolution,Western Europe,Kingdom of France,CHR-MED-1369,1153.4,0.406,0.726,0.5657,0.807,16.5,0.486,35.8,39.4,0.4066,56.9,8.2,0.3335,0.5397,0.4563,0.2102,0.3554,0.6598,0.4443,0.1201,0.6483,0.6382,0.751471,RMD,BRACKET_HIGH,true,false,0.43349082,0.57585033,0.6922976800000001,,0.4033,false
EVT-MED-1370,Metallurgical Innovation Surge in Byzantine Empire,1003,medieval,technological,Eastern Mediterranean,Byzantine Empire,CHR-MED-1370,1170.8,0.518,0.637,0.5671,0.346,14.3,0.2445,29.1,45,0.368,45.5,7,0.3113,0.2978,0.3241,0.4126,0.5437,0.5314,0.4219,0.2336,0.3481,0.6662,0.674518,RMD,BRACKET_MEDIUM,false,true,0.6111028799999999,0.54625,0.6779999999999999,,0.2981,false
EVT-MED-1371,Peasant Rebellion against Byzantine Empire,1104,medieval,revolution,Eastern Mediterranean,Byzantine Empire,CHR-MED-1371,1082.1,0.467,0.178,0.6774,0.211,8.7,0.149,25.7,35.1,0.272,45.4,12.3,0.3377,0.3661,0.2192,0,0.1025,0.1138,0.1603,-0.2523,0.5455,0.7379,0.484495,CMN,BRACKET_BASE,false,true,0.8154115200000001,0.53659917,0.7966728499999999,,0.3721,true
EVT-MED-1372,Silver Flotilla Currency Shock in Chola Dynasty,1293,medieval,economic,South India,Chola Dynasty,CHR-MED-1372,1100.6,0.666,0.532,0.5204,0.648,6.5,0.3565,31.7,41.2,0.3732,42.1,9.3,0.3172,0.3994,0.3093,0.2087,0.2829,0.1736,0.2748,-0.2258,0.6162,0.7185,0.625504,CMN,BRACKET_BASE,false,true,0.66664689,0.4678340100000001,0.7806411200000001,,0.3205,false
EVT-MED-1373,Debt Crisis Settlement of Song Dynasty,1034,medieval,economic,East Asia,Song Dynasty,CHR-MED-1373,874,0.453,0.253,0.5588,0.773,13.6,0.4545,29,36.2,0.3141,31.1,7.6,0.2868,0.4466,0.3931,0.13,0.1929,0.2898,0.2905,-0.1568,0.3817,0.611,0.654722,RMD,BRACKET_MEDIUM,false,true,0.67358826,0.54813134,0.7596315999999999,,0.3759,false
EVT-MED-1374,Administrative Codification of Holy Roman Empire,744,medieval,transformation,Central Europe,Holy Roman Empire,CHR-MED-1374,608.7,0.421,0.518,0.361,0.324,4.9,0.1865,32,43.8,0.392,59.2,13.3,0.3619,0.2466,0.3195,0.1962,0.4287,0.3952,0.3172,0.1486,0.3694,0.6617,0.530998,CMN,BRACKET_BASE,false,true,0.51262956,0.36798024,0.37604909999999997,,0.3241,false
EVT-MED-1375,Astronomical Standardization by Tang Dynasty,1188,medieval,technological,East Asia,Tang Dynasty,CHR-MED-1375,874.2,0.713,0.643,0.3639,0.769,10,0.4345,32.3,36.8,0.3533,43,12.8,0.3362,0.2888,0.3246,0.4153,0.4889,0.4253,0.3886,0.1365,0.2262,0.5875,0.770313,RMD,BRACKET_HIGH,true,false,0.49313096,0.48116529999999996,0.66752154,,0.2731,false
EVT-MED-1376,Grain Market Price Shock across Kingdom of France,866,medieval,economic,Western Europe,Kingdom of France,CHR-MED-1376,1161.4,0.76,0.194,0.6229,0.261,6,0.1605,32,39.9,0.3686,25.3,9.1,0.2794,0.3627,0.327,0.1107,0.2375,0.2186,0.2513,-0.1441,0.3365,0.6191,0.677615,RMD,BRACKET_MEDIUM,false,true,0.52289769,0.37335412,0.48021623999999996,,0.3486,false
EVT-MED-1377,Grain Market Price Shock across Classic Maya & Postclassic,904,medieval,economic,Mesoamerica,Classic Maya & Postclassic,CHR-MED-1377,1036.2,0.43,0.632,0.5302,0.639,12.2,0.3805,31.3,41.2,0.3689,35.7,12.2,0.3198,0.3941,0.3417,0.1271,0.1961,0.3476,0.2813,-0.0465,0.3635,0.554,0.488124,CMN,BRACKET_BASE,false,true,0.5577381,0.39391473,0.47127759,,0.3771,false
EVT-MED-1378,Educational Charter of Kingdom of France,1090,medieval,transformation,Western Europe,Kingdom of France,CHR-MED-1378,1206.8,0.401,0.267,0.7306,0.596,16,0.378,29.2,41.3,0.3469,13.7,6.2,0.2205,0.3302,0.402,0.3327,0.5624,0.5716,0.4398,0.2414,0.3571,0.6313,0.624365,CMN,BRACKET_BASE,false,true,0.66868012,0.54618832,0.53465506,,0.3296,false
EVT-MED-1379,Guild Monopoly Reform in Kamakura / Muromachi Japan,1057,medieval,economic,East Asia,Kamakura / Muromachi Japan,CHR-MED-1379,799.8,0.42,0.806,0.367,0.471,7.6,0.2735,27.8,40.8,0.3288,43.9,8.1,0.3142,0.3745,0.2914,0.019,0.1052,0.5272,0.2635,0.1527,0.5802,0.7121,0.568404,CMN,BRACKET_BASE,false,true,0.6299784,0.41762794000000003,0.45306996,,0.4049,false
EVT-MED-1380,Navigational Instrument Reform in Song Dynasty,571,medieval,technological,East Asia,Song Dynasty,CHR-MED-1380,1049.7,0.755,0.603,0.4479,0.41,17.4,0.292,27.3,40.6,0.3222,62.3,11,0.3541,0.256,0.312,0.3874,0.5355,0.6098,0.4201,0.3538,0.388,0.7587,0.700882,RMD,BRACKET_HIGH,false,false,0.39815512000000003,0.37417894,0.38488904999999995,,0.3288,false
EVT-MED-1381,Respiratory Virulence Wave across Mali Empire,1307,medieval,pandemic,West Africa,Mali Empire,CHR-MED-1381,1305.5,0.727,0.858,0.5031,0.268,6.3,0.1655,28.9,36.3,0.3136,9.9,5.9,0.1954,0.3657,0.3276,0,0.168,0.1135,0.195,-0.2522,0.6319,0.7768,0.630971,RMD,BRACKET_MEDIUM,false,true,0.7510030000000001,0.54800064,0.8384501999999999,,0.3797,true
EVT-MED-1382,Imperial Annexation War in Mongol Empire / Ilkhanate,1145,medieval,war,Eurasian Steppe,Mongol Empire / Ilkhanate,CHR-MED-1382,1199.9,0.478,0.638,0.5929,0.716,15,0.433,31.2,37.7,0.3468,46.9,10.5,0.331,0.3802,0.3145,0.083,0.2303,0.3475,0.2711,-0.0327,0.3825,0.5374,0.514099,CMN,BRACKET_BASE,false,true,0.73472256,0.51103733,0.71185604,,0.3883,true
EVT-MED-1383,Continental Standoff of Byzantine Empire,1067,medieval,war,Eastern Mediterranean,Byzantine Empire,CHR-MED-1383,746.8,0.417,0.274,0.502,0.61,6.1,0.3355,32,41.6,0.3788,11.8,10.2,0.2296,0.3704,0.2773,0.0551,0.1999,0.0968,0.1999,-0.2736,0.3452,0.6816,0.503127,CMN,BRACKET_BASE,false,true,0.7174629000000001,0.5569999999999999,0.856,,0.3563,true
EVT-MED-1384,Educational Charter of Mongol Empire / Ilkhanate,1241,medieval,transformation,Eurasian Steppe,Mongol Empire / Ilkhanate,CHR-MED-1384,602.2,0.57,0.205,0.4071,0.838,13.6,0.487,31.6,39.8,0.3637,13.5,4.9,0.2129,0.2613,0.319,0.1822,0.417,0.3816,0.3122,0.1203,0.2584,0.5709,0.724818,RMD,BRACKET_HIGH,false,false,0.45428824,0.45531423000000004,0.53937507,,0.3352,false
EVT-MED-1385,Mechanical Power Harnessing in Classic Maya & Postclassic,1342,medieval,technological,Mesoamerica,Classic Maya & Postclassic,CHR-MED-1385,1102.5,0.555,0.498,0.5648,0.841,15.8,0.4995,33,37,0.362,48.5,6.1,0.3115,0.3576,0.4067,0.524,0.6769,0.6418,0.5214,0.2842,0.2062,0.6211,0.725685,RMD,BRACKET_HIGH,false,false,0.30450933,0.38601549,0.4121452,,0.3075,false
EVT-MED-1386,Continental Standoff of Umayyad Caliphate (Al-Andalus),1165,medieval,war,Iberia / North Africa,Umayyad Caliphate (Al-Andalus),CHR-MED-1386,964.7,0.469,0.329,0.5749,0.301,7.3,0.187,31.7,34.2,0.3312,26.5,7.5,0.2747,0.3349,0.2529,0,0.0663,0.1401,0.1588,-0.1948,0.361,0.6615,0.484463,CMN,BRACKET_BASE,false,true,0.62841108,0.3890997,0.50375859,,0.375,false
EVT-MED-1387,Territorial Rupture of Mali Empire,1471,medieval,collapse,West Africa,Mali Empire,CHR-MED-1387,1075.7,0.757,0.209,0.578,0.233,15.3,0.193,29.4,37.5,0.3262,20.1,12.8,0.2812,0.4034,0.3206,0,0.0953,0.0401,0.1719,-0.3633,0.5861,0.8081,0.552305,CMN,BRACKET_BASE,false,true,0.6261245999999999,0.39657939999999997,0.58932956,,0.3714,false
EVT-MED-1388,Silver Flotilla Currency Shock in Mongol Empire / Ilkhanate,735,medieval,economic,Eurasian Steppe,Mongol Empire / Ilkhanate,CHR-MED-1388,906.9,0.554,0.109,0.5876,0.378,9.9,0.2385,32.2,35.2,0.3426,37.6,8.9,0.307,0.4182,0.3459,0.197,0.3728,0.3918,0.3451,-0.0264,0.2762,0.538,0.676696,RMD,BRACKET_MEDIUM,false,true,0.39716696999999995,0.37544185,0.43577676,,0.3585,false
EVT-MED-1389,Dynastic Disintegration of Kingdom of England,1111,medieval,collapse,British Isles,Kingdom of England,CHR-MED-1389,1249.6,0.628,0.757,0.5361,0.427,6.9,0.248,28,36.2,0.3034,29.5,10.9,0.2995,0.445,0.3789,0,0.0537,0.0611,0.1877,-0.3839,0.6726,0.8423,0.478758,CMN,BRACKET_BASE,false,true,0.66475125,0.4036251,0.5925888,,0.3771,false
EVT-MED-1390,Maritime Trade Hub Expansion in Mali Empire,882,medieval,economic,West Africa,Mali Empire,CHR-MED-1390,640.1,0.536,0.612,0.3135,0.513,11.4,0.3135,26.4,37,0.2909,47.3,4.9,0.3036,0.3596,0.2993,0.1329,0.2528,0.1942,0.2478,-0.1654,0.4003,0.6817,0.671685,RMD,BRACKET_MEDIUM,false,true,0.5026039800000001,0.37337461000000005,0.49505903999999995,,0.3308,false
EVT-MED-1391,Bureaucratic Consolidation of Khmer Empire,1377,medieval,transformation,Southeast Asia,Khmer Empire,CHR-MED-1391,1348.5,0.541,0.748,0.6126,0.49,14.1,0.3155,29.2,39.1,0.3337,56,14,0.3614,0.2937,0.3646,0.281,0.524,0.4688,0.3864,0.1751,0.3938,0.6337,0.67591,RMD,BRACKET_MEDIUM,false,true,0.5910700499999999,0.55,0.6102500000000001,,0.323,true
EVT-MED-1392,Debt Crisis Settlement of Classic Maya & Postclassic,1494,medieval,economic,Mesoamerica,Classic Maya & Postclassic,CHR-MED-1392,803.2,0.666,0.317,0.4416,0.537,8.8,0.3125,25.6,36.4,0.2787,26,11.7,0.2943,0.3868,0.3325,0.0594,0.1838,0.2974,0.252,-0.0894,0.3142,0.6019,0.417693,CMN,BRACKET_BASE,false,true,0.70655774,0.48735966000000003,0.69626763,,0.3892,false
EVT-MED-1393,Orthodoxy & Heresy Trial Wave in Kingdom of England,574,medieval,religious,British Isles,Kingdom of England,CHR-MED-1393,634.9,0.606,0.338,0.3722,0.641,7.3,0.357,28,34.9,0.2956,37.7,12.3,0.3242,0.3729,0.4099,0.2842,0.3914,0.5377,0.3992,0.1648,0.4674,0.6821,0.778952,RMD,BRACKET_HIGH,true,false,0.49988697,0.5263006,0.5908998400000001,,0.3394,false
EVT-MED-1394,Strategic Siege of Khmer Empire,649,medieval,war,Southeast Asia,Khmer Empire,CHR-MED-1394,1172.2,0.698,0.599,0.5252,0.528,6.1,0.2945,29,36.5,0.3159,15.8,13.9,0.2693,0.3026,0.2381,0,0.1966,0.1319,0.1738,-0.1707,0.5517,0.6898,0.629392,CMN,BRACKET_BASE,false,true,0.60697915,0.36935878,0.49601952000000005,,0.3722,false
EVT-MED-1395,Epidemic Fever Outbreak across Kamakura / Muromachi Japan,559,medieval,pandemic,East Asia,Kamakura / Muromachi Japan,CHR-MED-1395,1201.7,0.644,0.441,0.603,0.756,13.4,0.445,29.4,38.7,0.3334,61.3,4.6,0.3209,0.4747,0.4147,0.1321,0.3204,0.3324,0.3349,-0.1423,0.9002,0.7247,0.430493,CMN,BRACKET_BASE,false,true,0.81980262,0.55021577,0.8041045200000001,,0.3844,false
EVT-MED-1396,Judicial Standard Reform in Khmer Empire,1423,medieval,transformation,Southeast Asia,Khmer Empire,CHR-MED-1396,795.5,0.59,0.18,0.5018,0.747,7.1,0.409,26.7,39.3,0.308,21.9,5.7,0.2519,0.2729,0.2989,0.1992,0.4399,0.6065,0.3635,0.3336,0.1119,0.6553,0.906639,RMD,BRACKET_HIGH,true,false,0.53123364,0.55140575,0.48035625,,0.3662,false
EVT-MED-1397,Imperial Unification of Kamakura / Muromachi Japan,759,medieval,transformation,East Asia,Kamakura / Muromachi Japan,CHR-MED-1397,1161.1,0.601,0.81,0.4857,0.787,5.6,0.4215,26.1,41,0.3117,11.7,12.7,0.2415,0.3042,0.3479,0.2404,0.3716,0.4714,0.3471,0.1672,0.1705,0.5801,0.742806,RMD,BRACKET_HIGH,true,false,0.3482049,0.3656525,0.34185,,0.3281,false
EVT-MED-1398,Temple Bureaucracy Reorganization of Abbasid Caliphate,757,medieval,religious,Middle East,Abbasid Caliphate,CHR-MED-1398,1041.6,0.657,0.372,0.5427,0.737,6.5,0.401,34.6,42.6,0.4128,22.4,9.6,0.273,0.4171,0.465,0.3612,0.5184,0.5272,0.4578,0.1101,0.5352,0.6198,0.582203,CMN,BRACKET_BASE,false,true,0.6326736999999999,0.542125,0.678375,,0.307,false
EVT-MED-1399,Metallurgical Innovation Surge in Classic Maya & Postclassic,668,medieval,technological,Mesoamerica,Classic Maya & Postclassic,CHR-MED-1399,963.9,0.506,0.501,0.5118,0.399,12.6,0.2625,27.8,39.8,0.3228,39.2,11.4,0.3225,0.2643,0.3165,0.3914,0.522,0.4329,0.3854,0.1686,0.2143,0.6101,0.492513,CMN,BRACKET_BASE,false,true,0.7895342,0.548625,0.69675,,0.2802,false
EVT-MED-1400,Institutional Dissolution of Mongol Empire / Ilkhanate,608,medieval,collapse,Eurasian Steppe,Mongol Empire / Ilkhanate,CHR-MED-1400,1344.6,0.735,0.813,0.533,0.367,13.7,0.252,35.5,39.5,0.4039,24.5,7.6,0.2695,0.4761,0.387,0.1265,0.1795,0.0928,0.2524,-0.3833,0.4304,0.7662,0.491011,CMN,BRACKET_BASE,false,true,0.61947316,0.49265461,0.8502842399999999,,0.3621,false
EVT-MED-1401,Caravan Route Pestilence in Kingdom of England,1480,medieval,pandemic,British Isles,Kingdom of England,CHR-MED-1401,1253.6,0.62,0.336,0.6667,0.221,13.3,0.177,31.6,39.3,0.3607,20.6,5,0.244,0.4403,0.4026,0.1137,0.2253,0.34,0.3044,-0.1003,0.7934,0.7019,0.578891,CMN,BRACKET_BASE,false,true,0.55722485,0.3895542,0.5191522000000001,,0.3864,false
EVT-MED-1402,Canal Infrastructure Boom in Mongol Empire / Ilkhanate,541,medieval,economic,Eurasian Steppe,Mongol Empire / Ilkhanate,CHR-MED-1402,1057.9,0.657,0.622,0.4755,0.59,4.8,0.319,26.2,39.6,0.3044,26.6,13.1,0.303,0.3719,0.2956,0.0389,0.2046,0.1683,0.2159,-0.2036,0.5823,0.7207,0.50727,CMN,BRACKET_BASE,false,true,0.89696211,0.55425,0.8599999999999999,,0.374,true
EVT-MED-1403,Maritime Trade Hub Expansion in Umayyad Caliphate (Al-Andalus),629,medieval,economic,Iberia / North Africa,Umayyad Caliphate (Al-Andalus),CHR-MED-1403,656.1,0.739,0.85,0.1889,0.678,13.4,0.406,32.3,44.7,0.4007,19,13.5,0.2806,0.3897,0.3383,0.1246,0.2025,0.2229,0.2556,-0.1668,0.3021,0.6463,0.569662,CMN,BRACKET_BASE,false,true,0.47038731999999994,0.38145702,0.49259568,,0.3492,false
EVT-MED-1404,Popular Uprising of Classic Maya & Postclassic,593,medieval,revolution,Mesoamerica,Classic Maya & Postclassic,CHR-MED-1404,973.1,0.561,0.221,0.5838,0.62,13.6,0.378,26.5,44.2,0.3352,48.6,7.1,0.3166,0.4976,0.3376,0,0.1362,0.403,0.2749,-0.0946,0.5447,0.6227,0.752138,RMD,BRACKET_HIGH,true,false,0.6394259999999999,0.59685388,0.77645464,,0.4036,false
EVT-MED-1405,Synod Monotheistic Mandate in Kamakura / Muromachi Japan,1002,medieval,religious,East Asia,Kamakura / Muromachi Japan,CHR-MED-1405,738.9,0.598,0.484,0.3809,0.606,9.3,0.3495,33.1,39.5,0.3781,25.7,10.3,0.2865,0.3305,0.3472,0.2153,0.3899,0.3052,0.3176,-0.0253,0.4947,0.6011,0.715176,RMD,BRACKET_HIGH,false,false,0.53769016,0.37984591,0.4698225,,0.312,false
EVT-MED-1406,Peasant Rebellion against Mali Empire,1132,medieval,revolution,West Africa,Mali Empire,CHR-MED-1406,764.1,0.567,0.437,0.4164,0.556,7.2,0.314,35.3,34.1,0.3694,15.6,6.8,0.2329,0.4293,0.2795,0,0.1332,0.4088,0.2502,-0.0205,0.6825,0.6467,0.815126,RMD,BRACKET_HIGH,true,false,0.58265526,0.5104896,0.7089555999999999,,0.4067,false
EVT-MED-1407,Maritime Hegemony Clash in Chola Dynasty,1296,medieval,war,South India,Chola Dynasty,CHR-MED-1407,1201.4,0.736,0.754,0.4814,0.801,15.5,0.478,32.1,39.4,0.3667,20.4,10.3,0.2698,0.3855,0.3217,0.0541,0.1055,0.468,0.267,0.0825,0.6963,0.6497,0.486209,CMN,BRACKET_BASE,false,true,0.76919475,0.56058012,0.6746315100000001,,0.4073,false
EVT-MED-1408,Monastic Network Expansion of Mongol Empire / Ilkhanate,1193,medieval,religious,Eurasian Steppe,Mongol Empire / Ilkhanate,CHR-MED-1408,653.4,0.474,0.851,0.2668,0.433,7.8,0.2555,26.7,40.7,0.3164,9.2,9.9,0.2101,0.2587,0.2983,0.1288,0.1964,0.4672,0.2699,0.2085,0.5196,0.7467,0.752607,RMD,BRACKET_HIGH,true,false,0.5400877399999999,0.37738493999999995,0.38244349,,0.3701,false
EVT-MED-1409,Monastic Network Expansion of Classic Maya & Postclassic,1315,medieval,religious,Mesoamerica,Classic Maya & Postclassic,CHR-MED-1409,1105.1,0.475,0.581,0.5652,0.532,15.8,0.345,30.4,35,0.322,49.8,5.1,0.3084,0.4182,0.4386,0.2767,0.4393,0.45,0.4046,0.0318,0.2276,0.5192,0.546181,CMN,BRACKET_BASE,false,true,0.6833478599999999,0.5523750000000001,0.677625,,0.3354,false
EVT-MED-1410,Orthodoxy & Heresy Trial Wave in Kievan Rus,958,medieval,religious,Eastern Europe,Kievan Rus,CHR-MED-1410,911.3,0.62,0.662,0.404,0.327,6,0.1935,28.1,41.2,0.3344,43.9,13.5,0.3412,0.339,0.4093,0.3268,0.5042,0.4361,0.4031,0.0971,0.2165,0.5968,0.71071,RMD,BRACKET_HIGH,false,false,0.45954,0.5261549600000001,0.57360924,,0.2961,false
EVT-MED-1411,Grain Market Price Shock across Umayyad Caliphate (Al-Andalus),637,medieval,economic,Iberia / North Africa,Umayyad Caliphate (Al-Andalus),CHR-MED-1411,1085.9,0.687,0.225,0.5991,0.514,14.4,0.329,27.8,41.8,0.3348,8.8,4.7,0.1809,0.3389,0.3189,0.1422,0.1996,0.1113,0.2222,-0.2276,0.3057,0.6399,0.413189,CMN,BRACKET_BASE,false,true,0.878125,0.5495,0.818,,0.324,true
EVT-MED-1412,Fiscal Modernization in Byzantine Empire,1092,medieval,transformation,Eastern Mediterranean,Byzantine Empire,CHR-MED-1412,1240.4,0.681,0.729,0.5242,0.466,17.1,0.3185,35.2,41.6,0.4133,45.5,8,0.3163,0.3206,0.3542,0.2611,0.5092,0.5892,0.4069,0.2686,0.1433,0.6225,0.599911,CMN,BRACKET_BASE,false,true,0.50268169,0.38131085000000003,0.31925264999999997,,0.3497,false
EVT-MED-1413,Metallurgical Innovation Surge in Mongol Empire / Ilkhanate,931,medieval,technological,Eurasian Steppe,Mongol Empire / Ilkhanate,CHR-MED-1413,1128.8,0.619,0.713,0.4938,0.479,6,0.2695,34.5,38,0.3842,36.2,7.9,0.2993,0.2892,0.3467,0.3981,0.5039,0.5998,0.4275,0.3106,0.4317,0.7335,0.565861,CMN,BRACKET_BASE,false,true,0.63145744,0.5371744599999999,0.60733687,,0.3194,false
EVT-MED-1414,Popular Uprising of Holy Roman Empire,1374,medieval,revolution,Central Europe,Holy Roman Empire,CHR-MED-1414,941.7,0.46,0.492,0.5176,0.475,13.5,0.305,30.2,37.2,0.333,31.4,10.6,0.3025,0.4026,0.3101,0.094,0.3628,0.4823,0.3304,0.0797,0.4199,0.6047,0.688848,RMD,BRACKET_MEDIUM,false,false,0.57709544,0.574875,0.7005,,0.4004,false
EVT-MED-1415,Provincial Autonomy Insurgency against Kingdom of France,1014,medieval,revolution,Western Europe,Kingdom of France,CHR-MED-1415,1013.2,0.614,0.188,0.5971,0.325,14.7,0.236,35.6,41.4,0.4164,13.7,12.8,0.2535,0.468,0.3676,0.0913,0.2685,0.2168,0.2824,-0.2512,0.7291,0.7605,0.536567,CMN,BRACKET_BASE,false,true,0.61199988,0.38950905,0.5629718699999999,,0.3812,false
EVT-MED-1416,Printing & Communications Diffusion in Chola Dynasty,702,medieval,technological,South India,Chola Dynasty,CHR-MED-1416,832.5,0.541,0.308,0.4959,0.545,11.7,0.331,30.6,39.3,0.35,26.8,9.1,0.2835,0.2935,0.3304,0.3842,0.497,0.54,0.409,0.2465,0.1705,0.6292,0.644971,RMD,BRACKET_MEDIUM,false,true,0.6049340400000001,0.47066199999999997,0.54520689,,0.3055,false
EVT-MED-1417,Radical Assembly Schism in Kingdom of England,1400,medieval,revolution,British Isles,Kingdom of England,CHR-MED-1417,1345,0.445,0.253,0.7882,0.541,6.5,0.303,30.7,42.6,0.3708,63.2,10.7,0.3536,0.4553,0.304,0.0957,0.3493,0.4664,0.3341,0.0111,0.5347,0.5504,0.548008,CMN,BRACKET_BASE,false,true,0.68475264,0.584,0.7605000000000001,,0.4034,true
EVT-MED-1418,Civic Restoration Revolt in Khmer Empire,995,medieval,revolution,Southeast Asia,Khmer Empire,CHR-MED-1418,543.9,0.451,0.709,0.2635,0.645,6.1,0.353,34.8,35.2,0.3706,10.6,13.9,0.2404,0.3248,0.2164,0,0.1651,0.068,0.1549,-0.2568,0.4668,0.7373,0.548355,CMN,BRACKET_BASE,false,true,0.55320411,0.38040057000000005,0.5264384,,0.3641,false
EVT-MED-1419,Debt Crisis Settlement of Kingdom of England,1331,medieval,economic,British Isles,Kingdom of England,CHR-MED-1419,1079.1,0.603,0.394,0.5703,0.358,5,0.204,25.6,42.6,0.3159,28.7,13.7,0.3115,0.3599,0.2759,0.0496,0.1324,0.1189,0.1873,-0.241,0.3159,0.6756,0.552347,CMN,BRACKET_BASE,false,true,0.7894763199999999,0.5543750000000001,0.82625,,0.3518,true
EVT-MED-1420,Borderlands Pacification of Kamakura / Muromachi Japan,1020,medieval,war,East Asia,Kamakura / Muromachi Japan,CHR-MED-1420,816.2,0.62,0.562,0.3881,0.551,11.5,0.333,33.7,36.3,0.3653,23,11.4,0.284,0.3138,0.2218,0.0423,0.1078,0.4501,0.2272,0.1363,0.4672,0.6574,0.830038,RMD,BRACKET_HIGH,true,false,0.49123587999999996,0.3850797,0.39926638000000003,,0.4012,false
EVT-MED-1421,Peasant Rebellion against Kievan Rus,935,medieval,revolution,Eastern Europe,Kievan Rus,CHR-MED-1421,1161.2,0.736,0.608,0.5058,0.747,7.7,0.412,28.6,41.9,0.344,54.4,9,0.3343,0.4466,0.3479,0.1041,0.3325,0.4076,0.3277,-0.039,0.505,0.588,0.767303,RMD,BRACKET_HIGH,true,false,0.40406817,0.39896846,0.48766788000000005,,0.3972,false
EVT-MED-1422,Secular Legal Separation in Kingdom of England,628,medieval,religious,British Isles,Kingdom of England,CHR-MED-1422,1274,0.664,0.822,0.5176,0.541,5.9,0.3,25.1,42.4,0.3093,46.6,6.1,0.3086,0.35,0.3678,0.2139,0.3759,0.2284,0.3072,-0.1216,0.293,0.5999,0.374896,CMN,BRACKET_BASE,false,true,0.88427968,0.545375,0.766125,,0.3113,true
EVT-MED-1423,Popular Uprising of Classic Maya & Postclassic,1137,medieval,revolution,Mesoamerica,Classic Maya & Postclassic,CHR-MED-1423,934.3,0.428,0.666,0.4715,0.315,7.9,0.197,31.6,45,0.3949,8.6,10.8,0.2097,0.3584,0.2756,0,0.2467,0.506,0.2773,0.1476,0.552,0.6882,0.663357,RMD,BRACKET_MEDIUM,false,true,0.6546921,0.5020169700000001,0.65312079,,0.4021,false
EVT-MED-1424,Imperial Annexation War in Song Dynasty,1462,medieval,war,East Asia,Song Dynasty,CHR-MED-1424,1336.5,0.737,0.876,0.5096,0.701,15.8,0.4295,27.9,36.9,0.3065,55.2,11.8,0.3493,0.424,0.3474,0.1273,0.2651,0.4054,0.3138,-0.0186,0.547,0.59,0.367309,CMN,BRACKET_BASE,false,true,0.7355985,0.55194384,0.71818517,,0.3888,false
EVT-MED-1425,Caravan Route Pestilence in Mali Empire,854,medieval,pandemic,West Africa,Mali Empire,CHR-MED-1425,844.9,0.514,0.261,0.5241,0.378,11.5,0.2465,35.6,43.6,0.4296,21.7,12.5,0.2852,0.4482,0.3812,0.0991,0.3198,0.1649,0.2826,-0.2833,0.9014,0.8283,0.508061,CMN,BRACKET_BASE,false,true,0.80893012,0.542528,0.8588794500000001,,0.3724,false
EVT-MED-1426,Strategic Siege of Holy Roman Empire,892,medieval,war,Central Europe,Holy Roman Empire,CHR-MED-1426,1123,0.58,0.735,0.4961,0.353,5.8,0.2055,25,41,0.2998,32.4,12.4,0.3138,0.3895,0.2894,0.1143,0.3113,0.1582,0.2525,-0.2313,0.5582,0.7442,0.652108,RMD,BRACKET_MEDIUM,false,true,0.6554897300000001,0.46937547,0.7750085199999999,,0.3494,false
EVT-MED-1427,Guild Monopoly Reform in Byzantine Empire,933,medieval,economic,Eastern Mediterranean,Byzantine Empire,CHR-MED-1427,1155.9,0.413,0.872,0.521,0.564,10.7,0.3355,26.3,37.4,0.2922,10.1,8,0.2074,0.4073,0.3095,0.0791,0.1688,0.551,0.3031,0.1437,0.2921,0.6083,0.476035,CMN,BRACKET_BASE,false,true,0.7325308800000001,0.588625,0.67,,0.4061,true
EVT-MED-1428,Mercantile Tariff Overhaul across Classic Maya & Postclassic,918,medieval,economic,Mesoamerica,Classic Maya & Postclassic,CHR-MED-1428,1169.3,0.704,0.655,0.5052,0.554,13.6,0.345,27.3,38,0.3066,24.7,5.6,0.2601,0.3082,0.2425,0.0535,0.2243,0.2229,0.2103,-0.0853,0.319,0.5823,0.474139,CMN,BRACKET_BASE,false,true,0.7341130499999999,0.53088308,0.69399785,,0.3628,true
EVT-MED-1429,Systemic Governance Breakdown in Tang Dynasty,722,medieval,collapse,East Asia,Tang Dynasty,CHR-MED-1429,902.8,0.603,0.818,0.3582,0.599,10.2,0.3505,26.6,41.1,0.3177,64.4,9.2,0.3475,0.4515,0.3686,0.1146,0.1877,0.0913,0.2427,-0.3602,0.4724,0.7886,0.495731,CMN,BRACKET_BASE,false,true,0.6911488299999999,0.48732527999999997,0.8416353000000001,,0.3604,false
EVT-MED-1430,Popular Uprising of Umayyad Caliphate (Al-Andalus),886,medieval,revolution,Iberia / North Africa,Umayyad Caliphate (Al-Andalus),CHR-MED-1430,847,0.512,0.186,0.5482,0.697,13.6,0.4165,30.2,40.1,0.3504,39.9,12.6,0.3298,0.4743,0.3194,0.0733,0.2771,0.2788,0.2846,-0.1955,0.4801,0.6583,0.538463,CMN,BRACKET_BASE,false,true,0.61905823,0.40129156,0.54135703,,0.393,false
EVT-MED-1431,Caravan Route Pestilence in Holy Roman Empire,1270,medieval,pandemic,Central Europe,Holy Roman Empire,CHR-MED-1431,941.1,0.454,0.805,0.4252,0.656,17.7,0.4165,35.5,41,0.4129,21.7,13.1,0.2882,0.4372,0.3739,0,0.2388,0.3762,0.2852,-0.061,0.843,0.6855,0.353133,CMN,BRACKET_BASE,false,true,0.9064598399999999,0.56724556,0.75147504,,0.4065,false
EVT-MED-1432,Guild Monopoly Reform in Umayyad Caliphate (Al-Andalus),509,medieval,economic,Iberia / North Africa,Umayyad Caliphate (Al-Andalus),CHR-MED-1432,585.4,0.46,0.8,0.2535,0.802,10.8,0.455,34.5,42.8,0.413,47.3,13.6,0.3471,0.3841,0.2989,0.1815,0.3248,0.1553,0.2689,-0.2288,0.4781,0.7049,0.399467,CMN,BRACKET_BASE,false,true,0.7090898000000001,0.48050262000000005,0.78257424,,0.3323,false
EVT-MED-1433,Caravan Route Pestilence in Kamakura / Muromachi Japan,1401,medieval,pandemic,East Asia,Kamakura / Muromachi Japan,CHR-MED-1433,704.3,0.616,0.524,0.3468,0.616,5.8,0.337,28.8,42.3,0.3486,52.1,6.5,0.3186,0.4283,0.3739,0.0361,0.1692,0.2589,0.2533,-0.1694,0.613,0.7199,0.504712,CMN,BRACKET_BASE,false,true,0.75078912,0.55723524,0.8109036600000001,,0.3968,false
EVT-MED-1434,Territorial Rupture of Mongol Empire / Ilkhanate,522,medieval,collapse,Eurasian Steppe,Mongol Empire / Ilkhanate,CHR-MED-1434,1246.8,0.757,0.595,0.5447,0.361,8.1,0.221,35.4,40.3,0.4076,31.5,5.5,0.2772,0.4454,0.3642,0.0919,0.1136,0.1261,0.2282,-0.3193,0.6909,0.7992,0.774838,RMD,BRACKET_HIGH,true,false,0.5361042,0.38830869,0.57753759,,0.3555,false
EVT-MED-1435,Provincial Autonomy Insurgency against Mongol Empire / Ilkhanate,1406,medieval,revolution,Eurasian Steppe,Mongol Empire / Ilkhanate,CHR-MED-1435,719.3,0.667,0.562,0.3273,0.829,10,0.4645,35,41.6,0.4111,13.5,7.6,0.2264,0.4136,0.2526,0,0.1657,0.1882,0.204,-0.2254,0.593,0.7195,0.532453,CMN,BRACKET_BASE,false,true,0.7091842399999999,0.50282191,0.8193664500000001,,0.3938,true
EVT-MED-1436,Military Coup d’État in Mongol Empire / Ilkhanate,768,medieval,revolution,Eurasian Steppe,Mongol Empire / Ilkhanate,CHR-MED-1436,1017.7,0.727,0.585,0.4463,0.355,6.8,0.2115,31.4,42.4,0.3772,8.9,13.4,0.2252,0.3868,0.2327,0.009,0.1778,0.3672,0.2347,-0.0196,0.5301,0.6179,0.407403,CMN,BRACKET_BASE,false,true,0.61759659,0.39459645000000004,0.46809334999999996,,0.4046,false
EVT-MED-1437,Hydraulic Engineering Grid in Kingdom of England,1402,medieval,technological,British Isles,Kingdom of England,CHR-MED-1437,903.1,0.6,0.745,0.3811,0.463,17.1,0.317,25.1,43.2,0.3141,10.1,5.6,0.1954,0.2247,0.2703,0.3681,0.4765,0.4566,0.3592,0.2319,0.2852,0.6747,0.778891,RMD,BRACKET_HIGH,true,false,0.4682700000000001,0.38331318000000003,0.43629338999999995,,0.2905,false
EVT-MED-1438,Military Coup d’État in Umayyad Caliphate (Al-Andalus),1379,medieval,revolution,Iberia / North Africa,Umayyad Caliphate (Al-Andalus),CHR-MED-1438,667.7,0.751,0.551,0.2806,0.688,8.8,0.388,26.6,40,0.3111,39,5.5,0.2927,0.327,0.2214,0,0.1876,0.408,0.2288,0.081,0.667,0.6935,0.576959,CMN,BRACKET_BASE,false,true,0.60649317,0.3947544,0.44598839999999995,,0.4031,false
EVT-MED-1439,Navigational Instrument Reform in Holy Roman Empire,590,medieval,technological,Central Europe,Holy Roman Empire,CHR-MED-1439,1059.3,0.425,0.605,0.5509,0.501,6.2,0.2815,31.6,39.8,0.3637,9.7,9.3,0.211,0.3077,0.3608,0.4118,0.5575,0.5845,0.4445,0.2768,0.2733,0.6684,0.598844,CMN,BRACKET_BASE,false,true,0.5235225,0.548375,0.627125,,0.3124,false
EVT-MED-1440,Secular Legal Separation in Mali Empire,1254,medieval,religious,West Africa,Mali Empire,CHR-MED-1440,533.8,0.714,0.871,0.1312,0.247,13.2,0.1895,35.2,36.7,0.3839,22.6,6,0.2557,0.255,0.3342,0.1622,0.2148,0.3556,0.2644,0.1006,0.5295,0.711,0.47983,CMN,BRACKET_BASE,false,true,0.77197582,0.47276636,0.62267064,,0.3322,false
EVT-MED-1441,Continental Standoff of Kingdom of England,1231,medieval,war,British Isles,Kingdom of England,CHR-MED-1441,1135.8,0.716,0.712,0.4684,0.295,14.3,0.219,30.3,42.2,0.3641,21.8,5.5,0.2506,0.3146,0.2463,0,0.1495,0.2644,0.195,-0.0502,0.3773,0.5937,0.622618,CMN,BRACKET_BASE,false,true,0.58957942,0.54025698,0.6895108799999999,,0.3906,true
EVT-MED-1442,Printing & Communications Diffusion in Umayyad Caliphate (Al-Andalus),1181,medieval,technological,Iberia / North Africa,Umayyad Caliphate (Al-Andalus),CHR-MED-1442,541.9,0.533,0.386,0.3349,0.272,17.9,0.2255,29.1,40.4,0.3404,44.9,7.7,0.3139,0.2342,0.2655,0.3377,0.4867,0.5838,0.3816,0.3496,0.3601,0.7737,0.815414,RMD,BRACKET_HIGH,true,false,0.40384010000000004,0.3743148,0.36478134,,0.3322,false
EVT-MED-1443,Silver Flotilla Currency Shock in Kamakura / Muromachi Japan,1261,medieval,economic,East Asia,Kamakura / Muromachi Japan,CHR-MED-1443,1075.3,0.482,0.9,0.453,0.303,16.8,0.2355,33.4,42.5,0.3993,58.2,10.9,0.3487,0.4203,0.3801,0.1608,0.2523,0.4004,0.3228,-0.0199,0.4903,0.6002,0.556224,CMN,BRACKET_BASE,false,true,0.66938904,0.5622499999999999,0.762625,,0.377,true
EVT-MED-1444,Civic Restoration Revolt in Abbasid Caliphate,803,medieval,revolution,Middle East,Abbasid Caliphate,CHR-MED-1444,923.9,0.654,0.794,0.3603,0.709,13.6,0.4225,26.5,35.7,0.2842,63.2,13.5,0.3676,0.3944,0.2427,0,0.2754,0.3466,0.2518,-0.0478,0.631,0.6535,0.394893,CMN,BRACKET_BASE,false,true,0.62598405,0.40444631999999997,0.50215008,,0.4044,false
EVT-MED-1445,Printing & Communications Diffusion in Classic Maya & Postclassic,634,medieval,technological,Mesoamerica,Classic Maya & Postclassic,CHR-MED-1445,1284.3,0.673,0.799,0.5267,0.532,7.9,0.3055,29.4,43.1,0.3598,13.6,5.4,0.2159,0.2543,0.3031,0.3518,0.4432,0.3925,0.349,0.1382,0.4467,0.6375,0.461234,CMN,BRACKET_BASE,false,true,0.7084999999999999,0.5345,0.727625,,0.2704,true
EVT-MED-1446,Monastic Network Expansion of Khmer Empire,1275,medieval,religious,Southeast Asia,Khmer Empire,CHR-MED-1446,1269.2,0.482,0.268,0.7361,0.82,17.4,0.497,28.5,41.4,0.3399,14.2,9.2,0.238,0.4578,0.4873,0.3134,0.4004,0.6873,0.4692,0.2295,0.5194,0.6478,0.761793,RMD,BRACKET_HIGH,true,false,0.530821,0.55599957,0.60782568,,0.3781,false
EVT-MED-1447,Provincial Autonomy Insurgency against Umayyad Caliphate (Al-Andalus),699,medieval,revolution,Iberia / North Africa,Umayyad Caliphate (Al-Andalus),CHR-MED-1447,571.2,0.462,0.313,0.3922,0.678,10.7,0.3925,29.5,41.8,0.3531,42.8,12,0.3319,0.4548,0.282,0,0.1531,0.5822,0.2944,0.1274,0.6272,0.6849,0.4673,CMN,BRACKET_BASE,false,true,0.81253405,0.6281249999999999,0.7565,,0.3954,false
EVT-MED-1448,Imperial Unification of Holy Roman Empire,938,medieval,transformation,Central Europe,Holy Roman Empire,CHR-MED-1448,918,0.468,0.87,0.3904,0.651,16.5,0.408,31.8,41.4,0.3755,32.2,6.8,0.2853,0.2559,0.309,0.2544,0.4533,0.5321,0.3609,0.2762,0.1122,0.6311,0.826802,RMD,BRACKET_HIGH,true,false,0.44325048,0.3735544,0.29414308,,0.3369,false
EVT-MED-1449,Caravan Route Pestilence in Abbasid Caliphate,930,medieval,pandemic,Middle East,Abbasid Caliphate,CHR-MED-1449,686.2,0.733,0.431,0.3309,0.834,6.9,0.4515,26.1,37.5,0.2907,30.3,10.3,0.2984,0.3987,0.3776,0.0064,0.1652,0.1358,0.2167,-0.2629,0.9165,0.8401,0.536436,CMN,BRACKET_BASE,false,true,0.7208824500000001,0.39255039999999997,0.5631000500000001,,0.3871,false
EVT-MED-1450,Printing & Communications Diffusion in Kingdom of France,696,medieval,technological,Western Europe,Kingdom of France,CHR-MED-1450,822.1,0.756,0.448,0.3844,0.383,14.3,0.263,26.8,34.2,0.2784,27.1,4.7,0.2623,0.2364,0.282,0.3971,0.5313,0.6067,0.4107,0.3703,0.4766,0.8102,0.849403,RMD,BRACKET_HIGH,true,false,0.38950409,0.38346693000000004,0.41708268000000004,,0.3282,false
EVT-MED-1451,Popular Uprising of Mongol Empire / Ilkhanate,949,medieval,revolution,Eurasian Steppe,Mongol Empire / Ilkhanate,CHR-MED-1451,1242.6,0.555,0.855,0.5252,0.66,5.2,0.356,28.9,43,0.3538,40.2,6.9,0.3019,0.4676,0.313,0.1109,0.3364,0.1406,0.2737,-0.327,0.6464,0.7829,0.557255,CMN,BRACKET_BASE,false,true,0.58903264,0.39179350999999996,0.5860865199999999,,0.3722,false
EVT-MED-1452,Sanitation & Medical Breakthrough in Classic Maya & Postclassic,1128,medieval,technological,Mesoamerica,Classic Maya & Postclassic,CHR-MED-1452,888.5,0.736,0.848,0.3024,0.535,14.1,0.338,27.1,42.8,0.3333,36.7,9.5,0.3083,0.2645,0.2846,0.3817,0.5346,0.634,0.4199,0.3695,0.2979,0.7579,0.793686,RMD,BRACKET_HIGH,true,false,0.36951863,0.37565632,0.35750143,,0.336,false
EVT-MED-1453,Radical Assembly Schism in Kievan Rus,836,medieval,revolution,Eastern Europe,Kievan Rus,CHR-MED-1453,676.9,0.44,0.113,0.5097,0.642,11.7,0.3795,28,41.4,0.3346,27.9,12.6,0.3039,0.4376,0.3314,0,0.1543,0.5191,0.2885,0.0815,0.6398,0.6504,0.48842,CMN,BRACKET_BASE,false,true,0.8098482,0.61075,0.76025,,0.3939,false
EVT-MED-1454,Sanitation & Medical Breakthrough in Kingdom of England,698,medieval,technological,British Isles,Kingdom of England,CHR-MED-1454,1198.4,0.509,0.505,0.6227,0.329,14.5,0.237,34.7,43.4,0.4187,18.2,10.6,0.263,0.3086,0.3484,0.3917,0.454,0.5299,0.4065,0.2213,0.3113,0.6356,0.895937,RMD,BRACKET_HIGH,true,false,0.2962262,0.3643752,0.39050880000000004,,0.2968,false
EVT-MED-1455,Astronomical Standardization by Umayyad Caliphate (Al-Andalus),1036,medieval,technological,Iberia / North Africa,Umayyad Caliphate (Al-Andalus),CHR-MED-1455,802.2,0.583,0.758,0.3337,0.603,12.5,0.364,34.3,38.4,0.3844,53.6,7.8,0.3272,0.2756,0.3122,0.4104,0.5277,0.5822,0.4216,0.3066,0.3037,0.7092,0.635633,RMD,BRACKET_MEDIUM,false,true,0.58089668,0.5291706,0.5966775,,0.3158,false
EVT-MED-1456,Metallurgical Innovation Surge in Abbasid Caliphate,921,medieval,technological,Middle East,Abbasid Caliphate,CHR-MED-1456,609.2,0.688,0.856,0.1798,0.644,4.6,0.345,28.8,42.9,0.3522,58,11.4,0.3509,0.241,0.2716,0.3163,0.3775,0.5505,0.3514,0.3095,0.4177,0.77,0.517781,CMN,BRACKET_BASE,false,true,0.73649361,0.46395004,0.53953585,,0.3248,false
EVT-MED-1457,Bureaucratic Consolidation of Byzantine Empire,1473,medieval,transformation,Eastern Mediterranean,Byzantine Empire,CHR-MED-1457,1110.4,0.662,0.456,0.5491,0.24,8.6,0.163,25.8,40.5,0.3055,48.7,8.1,0.3218,0.2539,0.2807,0.1427,0.3039,0.5486,0.306,0.2947,0.1138,0.6649,0.849392,RMD,BRACKET_HIGH,true,false,0.4232763,0.38274674999999997,0.32209164,,0.3737,false
EVT-MED-1458,Caravan Route Pestilence in Holy Roman Empire,849,medieval,pandemic,Central Europe,Holy Roman Empire,CHR-MED-1458,659.6,0.679,0.221,0.3973,0.641,5.5,0.348,25.9,43.4,0.3239,13.5,11.8,0.2474,0.4255,0.3989,0.1007,0.2892,0.1031,0.2635,-0.3224,0.9209,0.8739,0.368224,CMN,BRACKET_BASE,false,true,0.9826360199999999,0.5585,0.9481249999999999,,0.3675,true
EVT-MED-1459,Radical Assembly Schism in Chola Dynasty,795,medieval,revolution,South India,Chola Dynasty,CHR-MED-1459,661,0.437,0.58,0.3629,0.43,13.8,0.284,26.6,37.2,0.2943,25.5,10.9,0.2889,0.3463,0.2241,0,0.1696,0.0636,0.1607,-0.2827,0.7192,0.8213,0.42784,CMN,BRACKET_BASE,false,true,0.8220141,0.46129999,0.7903439499999999,,0.3668,false
EVT-MED-1460,Temple Bureaucracy Reorganization of Kingdom of England,1157,medieval,religious,British Isles,Kingdom of England,CHR-MED-1460,898.7,0.643,0.164,0.5404,0.601,6.5,0.333,33.3,45,0.4132,17.6,9.7,0.2561,0.429,0.4774,0.3592,0.4557,0.4775,0.4398,0.0485,0.2031,0.514,0.575852,CMN,BRACKET_BASE,false,true,0.5846119799999999,0.45333984000000005,0.56988516,,0.2961,false
EVT-MED-1461,Epidemic Fever Outbreak across Mali Empire,1458,medieval,pandemic,West Africa,Mali Empire,CHR-MED-1461,808.5,0.595,0.102,0.5299,0.833,15.5,0.494,27.8,42.9,0.3414,61.8,13.5,0.366,0.5291,0.4763,0,0.245,0.3625,0.3226,-0.1666,0.6115,0.668,0.810286,RMD,BRACKET_HIGH,true,false,0.52521443,0.43493457,0.5550874,,0.4041,false
EVT-MED-1462,Navigational Instrument Reform in Abbasid Caliphate,1051,medieval,technological,Middle East,Abbasid Caliphate,CHR-MED-1462,535.4,0.506,0.126,0.4178,0.491,10.3,0.297,32.2,38.1,0.36,58.8,5.3,0.3214,0.3002,0.3205,0.4219,0.5564,0.4269,0.4052,0.1267,0.4405,0.6473,0.814227,RMD,BRACKET_HIGH,true,false,0.465613,0.54105894,0.7165367999999999,,0.2824,false
EVT-MED-1463,Hydraulic Engineering Grid in Holy Roman Empire,847,medieval,technological,Central Europe,Holy Roman Empire,CHR-MED-1463,697.1,0.605,0.314,0.4096,0.762,13.4,0.448,27.5,44.6,0.3484,17.5,5.4,0.2342,0.3007,0.3428,0.3985,0.5132,0.5586,0.4228,0.2579,0.3919,0.6863,0.655819,RMD,BRACKET_MEDIUM,false,true,0.51554714,0.48164325,0.6080566799999999,,0.3075,false
EVT-MED-1464,Mechanical Power Harnessing in Kingdom of France,765,medieval,technological,Western Europe,Kingdom of France,CHR-MED-1464,1094.8,0.562,0.116,0.6736,0.298,12.7,0.2125,32.9,43.1,0.3975,14.1,5.5,0.219,0.2761,0.3302,0.4332,0.5573,0.4484,0.409,0.1723,0.4871,0.6523,0.632142,RMD,BRACKET_MEDIUM,false,true,0.68653018,0.550875,0.780875,,0.2835,false
EVT-MED-1465,Printing & Communications Diffusion in Chola Dynasty,1272,medieval,technological,South India,Chola Dynasty,CHR-MED-1465,1300.8,0.549,0.22,0.7456,0.347,16.6,0.2565,26.4,35.8,0.2837,19,6.8,0.2471,0.2908,0.3381,0.4344,0.5207,0.5659,0.43,0.2751,0.1818,0.6311,0.413599,CMN,BRACKET_BASE,false,true,0.6021239,0.48052988,0.59292464,,0.3023,false
EVT-MED-1466,Agrarian Restructuring of Mongol Empire / Ilkhanate,1104,medieval,transformation,Eurasian Steppe,Mongol Empire / Ilkhanate,CHR-MED-1466,797.4,0.401,0.749,0.3887,0.441,17,0.3055,28.2,35.2,0.2995,15.9,9.2,0.2462,0.2168,0.2539,0.1687,0.4134,0.3975,0.2901,0.1807,0.3956,0.6774,0.677476,RMD,BRACKET_MEDIUM,false,true,0.52555204,0.3665851,0.36111096,,0.3275,false
EVT-MED-1467,Systemic Governance Breakdown in Mongol Empire / Ilkhanate,511,medieval,collapse,Eurasian Steppe,Mongol Empire / Ilkhanate,CHR-MED-1467,1329.9,0.513,0.104,0.8052,0.758,11.2,0.435,25.7,38.6,0.293,60.8,7.3,0.3338,0.5328,0.4432,0.0753,0.1084,0.1441,0.2608,-0.3887,0.5084,0.737,0.530096,CMN,BRACKET_BASE,false,true,0.7936845600000001,0.606125,0.984375,,0.3799,true
EVT-MED-1468,Bureaucratic Consolidation of Tang Dynasty,861,medieval,transformation,East Asia,Tang Dynasty,CHR-MED-1468,1115.4,0.517,0.367,0.6217,0.571,8.3,0.327,29.3,40.8,0.345,58.8,12,0.3549,0.3438,0.4206,0.2897,0.4748,0.4682,0.3994,0.1244,0.3644,0.5942,0.611322,CMN,BRACKET_BASE,false,true,0.48904992,0.45188992,0.55742544,,0.3152,false
EVT-MED-1469,Synod Monotheistic Mandate in Byzantine Empire,1309,medieval,religious,Eastern Mediterranean,Byzantine Empire,CHR-MED-1469,978.2,0.543,0.276,0.5751,0.647,5.8,0.3525,29.5,37.5,0.3273,10.5,8.2,0.2112,0.3334,0.3625,0.216,0.3783,0.2426,0.3066,-0.0908,0.422,0.5963,0.525254,CMN,BRACKET_BASE,false,true,0.74837372,0.5259187999999999,0.7146482099999999,,0.3051,true
EVT-MED-1470,Strategic Siege of Kievan Rus,652,medieval,war,Eastern Europe,Kievan Rus,CHR-MED-1470,1145,0.43,0.618,0.5868,0.797,14.5,0.471,30.6,44.1,0.3788,46.3,7.7,0.3161,0.4087,0.3344,0.0341,0.185,0.538,0.3,0.1293,0.6139,0.6378,0.702811,RMD,BRACKET_HIGH,false,false,0.4679675,0.4195962,0.46895900000000007,,0.4022,false
EVT-MED-1471,Radical Assembly Schism in Khmer Empire,728,medieval,revolution,Southeast Asia,Khmer Empire,CHR-MED-1471,955.4,0.413,0.53,0.5269,0.362,7.9,0.2205,26.3,41.1,0.3144,51,11.3,0.3411,0.3386,0.1702,0,0.1502,0.1769,0.1672,-0.1617,0.4056,0.6594,0.521912,CMN,BRACKET_BASE,false,true,0.88998258,0.551375,0.7897500000000001,,0.3797,true
EVT-MED-1472,Bureaucratic Consolidation of Kingdom of England,1146,medieval,transformation,British Isles,Kingdom of England,CHR-MED-1472,1294.8,0.68,0.148,0.725,0.234,7.5,0.1545,34.3,35.3,0.3658,22.6,12.3,0.2872,0.2716,0.3075,0.1771,0.3361,0.608,0.3401,0.3364,0.3599,0.7148,0.70624,RMD,BRACKET_HIGH,false,false,0.503253,0.39812596,0.372428,,0.3735,false
EVT-MED-1473,Maritime Trade Hub Expansion in Kievan Rus,1292,medieval,economic,Eastern Europe,Kievan Rus,CHR-MED-1473,1020.6,0.659,0.349,0.5389,0.46,10.1,0.2805,27.1,36.9,0.2979,13.6,10.8,0.2429,0.3817,0.2884,0.1877,0.3084,0.2639,0.286,-0.1178,0.536,0.66,0.367139,CMN,BRACKET_BASE,false,true,0.6899656000000001,0.45851064,0.71146416,,0.3231,false
EVT-MED-1474,Canal Infrastructure Boom in Byzantine Empire,653,medieval,economic,Eastern Mediterranean,Byzantine Empire,CHR-MED-1474,1314.7,0.719,0.434,0.6371,0.594,12.9,0.3615,32.3,44.3,0.3983,49.6,11.2,0.3386,0.4206,0.3496,0.1028,0.1682,0.3954,0.2873,-0.0252,0.4969,0.5583,0.62972,CMN,BRACKET_BASE,false,true,0.6432832,0.578125,0.77225,,0.3966,false
EVT-MED-1475,Guild Monopoly Reform in Abbasid Caliphate,1259,medieval,economic,Middle East,Abbasid Caliphate,CHR-MED-1475,1076,0.754,0.287,0.5557,0.466,9,0.278,25.6,40.9,0.3057,17.4,10.1,0.2573,0.3606,0.3067,0.0393,0.0938,0.2183,0.2037,-0.1423,0.3477,0.6229,0.564519,CMN,BRACKET_BASE,false,true,0.59504507,0.3878064,0.488766,,0.3809,false
EVT-MED-1476,Debt Crisis Settlement of Kamakura / Muromachi Japan,829,medieval,economic,East Asia,Kamakura / Muromachi Japan,CHR-MED-1476,866.4,0.697,0.516,0.403,0.486,10.6,0.296,29.8,42,0.3575,63.5,12.9,0.365,0.3441,0.2942,0.1596,0.2135,0.3853,0.2793,0.0412,0.4623,0.6093,0.470377,CMN,BRACKET_BASE,false,true,0.58715114,0.37772069999999996,0.43347438000000005,,0.3582,false
EVT-MED-1477,Pantheon Reformation of Abbasid Caliphate,962,medieval,religious,Middle East,Abbasid Caliphate,CHR-MED-1477,673.7,0.568,0.697,0.2946,0.43,7.5,0.2525,32.2,39.1,0.366,59.5,11,0.3508,0.2765,0.342,0.1832,0.3072,0.4854,0.3189,0.2089,0.5298,0.7383,0.843952,RMD,BRACKET_HIGH,true,false,0.47863500000000003,0.38292606,0.38893686,,0.3551,false
EVT-MED-1478,Agrarian Insurgency in Mongol Empire / Ilkhanate,691,medieval,revolution,Eurasian Steppe,Mongol Empire / Ilkhanate,CHR-MED-1478,1169.3,0.436,0.275,0.6996,0.523,15.9,0.341,28.8,35.8,0.3096,43.3,13.3,0.3392,0.4953,0.3625,0.1526,0.4273,0.2191,0.3314,-0.2762,0.478,0.6961,0.626828,CMN,BRACKET_BASE,false,true,0.6463689899999999,0.51734976,0.8565600600000001,,0.3758,true
EVT-MED-1479,Educational Charter of Kievan Rus,725,medieval,transformation,Eastern Europe,Kievan Rus,CHR-MED-1479,955.9,0.628,0.401,0.5014,0.54,13.9,0.3395,32.9,35.6,0.3525,28.8,8.2,0.2842,0.253,0.3279,0.2621,0.4521,0.4447,0.348,0.1917,0.1449,0.5907,0.553896,CMN,BRACKET_BASE,false,true,0.5745492,0.53514153,0.5115364800000001,,0.3152,false
EVT-MED-1480,Canal Infrastructure Boom in Umayyad Caliphate (Al-Andalus),566,medieval,economic,Iberia / North Africa,Umayyad Caliphate (Al-Andalus),CHR-MED-1480,1146.7,0.559,0.51,0.5813,0.602,17.6,0.389,35.5,36.6,0.3865,52.1,11.7,0.3446,0.4551,0.3923,0.2349,0.3855,0.5118,0.3959,0.0567,0.4799,0.5771,0.739021,RMD,BRACKET_HIGH,true,false,0.5009953500000001,0.54316427,0.661123,,0.3745,false
EVT-MED-1481,Imperial Annexation War in Tang Dynasty,1233,medieval,war,East Asia,Tang Dynasty,CHR-MED-1481,1161.4,0.407,0.645,0.5935,0.772,11.5,0.4435,28,36.1,0.3028,56.8,13.7,0.3609,0.4044,0.3146,0.1016,0.2795,0.4245,0.3049,0.0201,0.5875,0.5868,0.41455,CMN,BRACKET_BASE,false,true,0.72709662,0.4875096,0.6764283900000001,,0.3948,false
EVT-MED-1482,Hydraulic Engineering Grid in Kievan Rus,779,medieval,technological,Eastern Europe,Kievan Rus,CHR-MED-1482,1332.8,0.755,0.843,0.5123,0.282,6.9,0.1755,34.7,36.2,0.3755,8.4,12.7,0.2175,0.2599,0.2975,0.3581,0.5042,0.3853,0.361,0.1254,0.4224,0.6438,0.643437,RMD,BRACKET_MEDIUM,false,true,0.5727442500000001,0.37195709,0.44660682999999995,,0.2801,false
EVT-MED-1483,Pantheon Reformation of Khmer Empire,1285,medieval,religious,Southeast Asia,Khmer Empire,CHR-MED-1483,1189.9,0.585,0.415,0.6228,0.588,16.8,0.378,34.7,42.4,0.4127,37,11.7,0.3199,0.4205,0.4169,0.275,0.3756,0.5727,0.4121,0.1522,0.2915,0.573,0.581649,CMN,BRACKET_BASE,false,true,0.52102838,0.39311621999999996,0.39006108,,0.3628,false
EVT-MED-1484,Silver Flotilla Currency Shock in Byzantine Empire,1141,medieval,economic,Eastern Mediterranean,Byzantine Empire,CHR-MED-1484,596.2,0.473,0.364,0.3856,0.828,7.9,0.4535,30.8,37,0.3383,59.9,13,0.3612,0.3823,0.2945,0.0596,0.1632,0.5616,0.2922,0.1793,0.3349,0.6339,0.606004,CMN,BRACKET_BASE,false,true,0.55906394,0.4114953,0.42000885000000004,,0.4048,false
EVT-MED-1485,Palatial Collapse of Kingdom of England,1210,medieval,collapse,British Isles,Kingdom of England,CHR-MED-1485,1204.5,0.588,0.695,0.545,0.708,11.9,0.4135,31.7,40,0.366,8.6,11.8,0.2147,0.5274,0.4673,0.1949,0.2929,0.3123,0.359,-0.2151,0.4687,0.6647,0.319496,CMN,BRACKET_BASE,false,true,0.7522622600000001,0.57325,0.8802500000000001,,0.3678,false
EVT-MED-1486,Civic Restoration Revolt in Classic Maya & Postclassic,1489,medieval,revolution,Mesoamerica,Classic Maya & Postclassic,CHR-MED-1486,1193.2,0.714,0.824,0.463,0.507,16,0.3335,35,43.3,0.4213,19.9,9,0.2615,0.4019,0.2483,0,0.1103,0.5408,0.2603,0.1389,0.7814,0.7177,0.702716,RMD,BRACKET_HIGH,false,false,0.5824749,0.41820672,0.45074744000000005,,0.3957,false
EVT-MED-1487,Dynastic Disintegration of Abbasid Caliphate,988,medieval,collapse,Middle East,Abbasid Caliphate,CHR-MED-1487,921.3,0.406,0.892,0.404,0.792,12.8,0.46,29.5,44.6,0.3699,31.8,12.5,0.3129,0.5208,0.4612,0.1092,0.138,0.2273,0.2913,-0.2935,0.5958,0.7524,0.479078,CMN,BRACKET_BASE,false,true,0.6454962200000001,0.40339466999999996,0.58220748,,0.3856,false
EVT-MED-1488,Civic Restoration Revolt in Kingdom of England,884,medieval,revolution,British Isles,Kingdom of England,CHR-MED-1488,676.4,0.609,0.307,0.4006,0.595,14.7,0.371,28.3,43.5,0.3504,58.2,7.6,0.3322,0.3514,0.2531,0,0.1858,0.5036,0.2588,0.1522,0.6255,0.7003,0.706605,RMD,BRACKET_HIGH,false,false,0.52207472,0.39942456,0.44529100000000005,,0.4028,false
EVT-MED-1489,Agricultural Plague Wave in Kamakura / Muromachi Japan,765,medieval,pandemic,East Asia,Kamakura / Muromachi Japan,CHR-MED-1489,525.8,0.737,0.73,0.1627,0.639,10.2,0.3705,34.9,34.9,0.3699,63.7,8.5,0.3432,0.3375,0.287,0,0.1693,0.279,0.2146,-0.0585,0.6904,0.6987,0.590937,CMN,BRACKET_BASE,false,true,0.8644204000000001,0.5589999999999999,0.8,,0.3959,true
EVT-MED-1490,Urban Quarantine Emergency in Kievan Rus,518,medieval,pandemic,Eastern Europe,Kievan Rus,CHR-MED-1490,1264,0.552,0.159,0.7453,0.727,12.9,0.428,29.4,40.9,0.3466,12.1,11.4,0.2375,0.5131,0.4474,0.0726,0.3014,0.4698,0.3609,-0.0433,0.9246,0.6565,0.529862,CMN,BRACKET_BASE,false,true,0.8379232000000001,0.593625,0.8073750000000001,,0.405,false
EVT-MED-1491,Fiscal Default Crisis in Khmer Empire,1110,medieval,collapse,Southeast Asia,Khmer Empire,CHR-MED-1491,1042.9,0.565,0.45,0.5475,0.824,15,0.487,34,35,0.3608,40.2,10.7,0.3209,0.5659,0.4462,0.143,0.2404,0.2373,0.3266,-0.3286,0.6594,0.763,0.740678,RMD,BRACKET_HIGH,true,false,0.44125782999999996,0.40068116,0.59243784,,0.3781,false
EVT-MED-1492,Grain Market Price Shock across Abbasid Caliphate,1052,medieval,economic,Middle East,Abbasid Caliphate,CHR-MED-1492,963.7,0.555,0.482,0.5027,0.506,8.1,0.2935,29,43,0.3549,8.1,8.2,0.1924,0.4043,0.3657,0.2116,0.3058,0.1764,0.2928,-0.2279,0.5616,0.7208,0.439003,CMN,BRACKET_BASE,false,true,0.7322696899999999,0.46626459000000003,0.77384748,,0.3241,false
EVT-MED-1493,Grain Market Price Shock across Kamakura / Muromachi Japan,582,medieval,economic,East Asia,Kamakura / Muromachi Japan,CHR-MED-1493,538.6,0.573,0.225,0.3696,0.318,10.5,0.2115,26.1,35,0.2757,25.3,11.5,0.2914,0.3574,0.2855,0.1201,0.2864,0.3243,0.2747,-0.0331,0.37,0.6119,0.820332,RMD,BRACKET_HIGH,true,false,0.35790172,0.3756984,0.45020827999999996,,0.3637,false
EVT-MED-1494,Pantheon Reformation of Abbasid Caliphate,1074,medieval,religious,Middle East,Abbasid Caliphate,CHR-MED-1494,1331.1,0.545,0.106,0.7956,0.579,10.5,0.342,28.8,39.9,0.3342,25.7,13,0.3,0.4287,0.4395,0.3281,0.442,0.3636,0.4004,-0.0651,0.2505,0.507,0.526495,CMN,BRACKET_BASE,false,true,0.5002842,0.47293148,0.6629988,,0.2875,false
EVT-MED-1495,Fiscal Default Crisis in Umayyad Caliphate (Al-Andalus),1005,medieval,collapse,Iberia / North Africa,Umayyad Caliphate (Al-Andalus),CHR-MED-1495,1021.2,0.663,0.509,0.4899,0.323,15.7,0.24,27.9,41,0.3311,28,11.1,0.2967,0.4522,0.3772,0.0885,0.1817,0.101,0.2401,-0.3512,0.5367,0.7947,0.614901,CMN,BRACKET_BASE,false,true,0.61729265,0.5018031,0.8727902200000001,,0.3641,false
EVT-MED-1496,Agrarian Insurgency in Kievan Rus,657,medieval,revolution,Eastern Europe,Kievan Rus,CHR-MED-1496,1196.1,0.609,0.538,0.5817,0.437,5.7,0.247,29.3,42.7,0.3564,56.5,5.3,0.3185,0.4099,0.31,0.0482,0.1764,0.1321,0.2153,-0.2778,0.5939,0.7507,0.464865,CMN,BRACKET_BASE,false,true,0.61613162,0.393976,0.5681482800000001,,0.3691,false
EVT-MED-1497,Hydraulic Engineering Grid in Kingdom of France,835,medieval,technological,Western Europe,Kingdom of France,CHR-MED-1497,753.2,0.58,0.121,0.5021,0.785,4.9,0.417,26.2,44.7,0.335,10.8,5.3,0.1987,0.3036,0.3342,0.4433,0.5772,0.6083,0.4533,0.3047,0.2871,0.6782,0.499099,CMN,BRACKET_BASE,false,true,0.62276895,0.54438256,0.61282784,,0.3152,false
EVT-MED-1498,Secular Legal Separation in Byzantine Empire,646,medieval,religious,Eastern Mediterranean,Byzantine Empire,CHR-MED-1498,961.6,0.728,0.689,0.3877,0.607,9.1,0.349,26.9,40.3,0.3161,31.9,12.4,0.3126,0.2982,0.3196,0.2166,0.3409,0.2243,0.2799,-0.0739,0.4048,0.6132,0.829845,RMD,BRACKET_HIGH,true,false,0.55297389,0.45743880000000003,0.67246522,,0.2863,false
EVT-MED-1499,Fiscal Modernization in Khmer Empire,1290,medieval,transformation,Southeast Asia,Khmer Empire,CHR-MED-1499,1262.4,0.497,0.727,0.5906,0.246,12.6,0.186,31,35.7,0.3327,8.2,5.5,0.1798,0.2489,0.2992,0.212,0.4153,0.474,0.3299,0.2251,0.3664,0.6768,0.529239,CMN,BRACKET_BASE,false,true,0.7696518,0.5366877,0.54042052,,0.332,false
EVT-MED-1500,Respiratory Virulence Wave across Kingdom of England,1491,medieval,pandemic,British Isles,Kingdom of England,CHR-MED-1500,745.5,0.617,0.819,0.2779,0.571,10.1,0.336,35.3,37.5,0.3898,53.5,5.5,0.3156,0.362,0.2859,0,0.133,0.3229,0.2208,-0.0391,0.8027,0.7012,0.584085,CMN,BRACKET_BASE,false,true,0.6440676,0.3883116,0.48128535,,0.4027,false
EVT-MED-1501,Palatial Collapse of Byzantine Empire,938,medieval,collapse,Eastern Mediterranean,Byzantine Empire,CHR-MED-1501,1263.2,0.425,0.679,0.627,0.421,12.9,0.275,27.2,37.1,0.3001,32.8,7.5,0.2901,0.463,0.3776,0.1333,0.2321,0.0984,0.2609,-0.3646,0.7197,0.8265,0.567146,CMN,BRACKET_BASE,false,true,0.6877765999999998,0.5430006399999999,0.8947340599999999,,0.3611,false
EVT-MED-1502,Military Coup d’État in Kamakura / Muromachi Japan,1075,medieval,revolution,East Asia,Kamakura / Muromachi Japan,CHR-MED-1502,855.7,0.528,0.407,0.4813,0.442,10.8,0.275,31.6,43.1,0.3835,36.8,10.8,0.315,0.3856,0.2828,0.0554,0.2293,0.5273,0.2961,0.1417,0.5682,0.6776,0.486016,CMN,BRACKET_BASE,false,true,0.6444348400000001,0.4929098,0.63494029,,0.4039,false
EVT-MED-1503,Continental Standoff of Holy Roman Empire,1384,medieval,war,Central Europe,Holy Roman Empire,CHR-MED-1503,735.5,0.484,0.329,0.46,0.398,11.8,0.258,32.4,41.3,0.3813,42.4,5.8,0.3002,0.3036,0.2376,0,0.1931,0.1064,0.1681,-0.1972,0.6816,0.742,0.518426,CMN,BRACKET_BASE,false,true,0.7972307200000001,0.5446249999999999,0.849375,,0.3688,true
EVT-MED-1504,Provincial Autonomy Insurgency against Khmer Empire,1297,medieval,revolution,Southeast Asia,Khmer Empire,CHR-MED-1504,1159.2,0.451,0.887,0.5066,0.648,10,0.374,31,34.4,0.3249,13.9,13,0.2555,0.3618,0.2242,0,0.2209,0.1912,0.1996,-0.1706,0.6394,0.7011,0.757067,RMD,BRACKET_HIGH,true,false,0.49941220000000003,0.3761585,0.51084522,,0.3895,false
EVT-MED-1505,Harbor Incursion Sickness in Kingdom of England,1028,medieval,pandemic,British Isles,Kingdom of England,CHR-MED-1505,1131.2,0.712,0.176,0.6282,0.348,16.7,0.2575,25.6,36.4,0.2787,52.4,9.3,0.3331,0.4453,0.3969,0.1283,0.3736,0.163,0.3014,-0.2823,0.9272,0.8396,0.787098,RMD,BRACKET_HIGH,true,false,0.54151749,0.38086848,0.56767389,,0.3663,false
EVT-MED-1506,Frontier Fragmentation of Khmer Empire,975,medieval,collapse,Southeast Asia,Khmer Empire,CHR-MED-1506,1242.6,0.615,0.817,0.5186,0.779,11.1,0.445,27.8,36.6,0.3036,45.8,4.9,0.3013,0.5329,0.4436,0.1796,0.2576,0.3347,0.3497,-0.1982,0.6092,0.6992,0.429606,CMN,BRACKET_BASE,false,true,0.7709312000000001,0.50487201,0.8215422000000001,,0.379,false
EVT-MED-1507,Imperial Annexation War in Tang Dynasty,728,medieval,war,East Asia,Tang Dynasty,CHR-MED-1507,526.9,0.432,0.703,0.2628,0.336,15,0.243,25,38.7,0.286,12.1,8.9,0.225,0.2482,0.2001,0,0.0503,0,0.0997,-0.2624,0.5727,0.7961,0.634031,RMD,BRACKET_MEDIUM,false,true,0.8501596800000001,0.531625,0.8182499999999999,,0.3399,true
EVT-MED-1508,Strategic Siege of Chola Dynasty,1372,medieval,war,South India,Chola Dynasty,CHR-MED-1508,1017,0.546,0.126,0.6379,0.659,15.2,0.4055,34.9,34.3,0.3663,27.5,6,0.2699,0.4413,0.324,0.1481,0.3068,0.4984,0.3437,0.0571,0.4657,0.5658,0.508642,CMN,BRACKET_BASE,false,true,0.75947095,0.5600601,0.66785053,,0.3965,false
EVT-MED-1509,Succession Conflict of Khmer Empire,1104,medieval,war,Southeast Asia,Khmer Empire,CHR-MED-1509,960.9,0.438,0.35,0.5761,0.757,7.6,0.4165,33.9,43.2,0.4089,14.1,7.1,0.227,0.4314,0.333,0.1533,0.3499,0.3877,0.3311,-0.0437,0.6057,0.5948,0.673865,RMD,BRACKET_MEDIUM,false,true,0.47503799999999996,0.38858222,0.48829724999999996,,0.3791,false
EVT-MED-1510,Metallurgical Innovation Surge in Classic Maya & Postclassic,919,medieval,technological,Mesoamerica,Classic Maya & Postclassic,CHR-MED-1510,1198.5,0.42,0.436,0.6702,0.759,13.7,0.448,32.2,36,0.3474,49.8,5,0.3079,0.3494,0.3876,0.4872,0.6013,0.5875,0.4826,0.2381,0.1823,0.5843,0.646837,RMD,BRACKET_MEDIUM,false,true,0.47933952,0.38863566,0.4153815,,0.2942,false
EVT-MED-1511,Civic Restoration Revolt in Kingdom of England,1204,medieval,revolution,British Isles,Kingdom of England,CHR-MED-1511,966.1,0.753,0.865,0.3296,0.577,16.2,0.3695,25.4,38.3,0.288,16.3,13.2,0.268,0.4113,0.262,0,0.1081,0.3685,0.23,-0.0428,0.5691,0.6473,0.504192,CMN,BRACKET_BASE,false,true,0.63363048,0.39757284,0.48004505,,0.4078,false
EVT-MED-1512,Administrative Codification of Holy Roman Empire,1033,medieval,transformation,Central Europe,Holy Roman Empire,CHR-MED-1512,782.3,0.642,0.561,0.3655,0.545,4.6,0.2955,33.3,44.7,0.4114,13.8,11.7,0.2485,0.2605,0.3052,0.2021,0.429,0.5642,0.3522,0.3037,0.2953,0.707,0.534086,CMN,BRACKET_BASE,false,true,0.61946453,0.48785350000000005,0.5151022500000001,,0.3554,false
EVT-MED-1513,Institutional Dissolution of Khmer Empire,997,medieval,collapse,Southeast Asia,Khmer Empire,CHR-MED-1513,720.6,0.621,0.673,0.3085,0.471,5.3,0.262,25.9,35.8,0.2783,15,6.6,0.229,0.3645,0.2914,0.0282,0.088,0.109,0.1762,-0.2555,0.6846,0.8118,0.431172,CMN,BRACKET_BASE,false,true,0.79954125,0.48809532000000005,0.82171047,,0.3607,true
EVT-MED-1514,Caravan Route Pestilence in Mongol Empire / Ilkhanate,955,medieval,pandemic,Eurasian Steppe,Mongol Empire / Ilkhanate,CHR-MED-1514,1311.1,0.657,0.208,0.7218,0.753,11.4,0.4335,26.1,40.5,0.3087,41.3,5.4,0.2963,0.4744,0.3991,0.0224,0.174,0.3432,0.2826,-0.1312,0.6578,0.6457,0.508265,CMN,BRACKET_BASE,false,true,0.6016171199999999,0.5185215,0.78593492,,0.4083,false
EVT-MED-1515,Orthodoxy & Heresy Trial Wave in Mongol Empire / Ilkhanate,563,medieval,religious,Eurasian Steppe,Mongol Empire / Ilkhanate,CHR-MED-1515,921,0.625,0.756,0.379,0.578,9.7,0.3375,29.1,42.6,0.3536,45,9,0.3205,0.3051,0.3453,0.1942,0.3444,0.5238,0.3426,0.2187,0.346,0.6741,0.730186,RMD,BRACKET_HIGH,true,false,0.4218808,0.38467776,0.37184686,,0.3633,false
EVT-MED-1516,Educational Charter of Byzantine Empire,718,medieval,transformation,Eastern Mediterranean,Byzantine Empire,CHR-MED-1516,670.1,0.732,0.219,0.387,0.517,6.8,0.2925,29.4,38.6,0.3328,21.2,12.9,0.2856,0.2685,0.3233,0.2242,0.3976,0.5289,0.3485,0.2604,0.2682,0.6858,0.44518,CMN,BRACKET_BASE,false,true,0.6924544,0.548375,0.549875,,0.3412,false
EVT-MED-1517,Radical Assembly Schism in Kamakura / Muromachi Japan,589,medieval,revolution,East Asia,Kamakura / Muromachi Japan,CHR-MED-1517,689.3,0.508,0.537,0.3681,0.494,15.6,0.325,34.2,34.2,0.3581,35,9.6,0.3053,0.3888,0.2983,0.0264,0.1666,0.0698,0.19,-0.319,0.7875,0.8415,0.419154,CMN,BRACKET_BASE,false,true,1,0.55425,0.923625,,0.3662,true
EVT-MED-1518,Systemic Governance Breakdown in Khmer Empire,1344,medieval,collapse,Southeast Asia,Khmer Empire,CHR-MED-1518,702.8,0.505,0.555,0.3701,0.538,11.4,0.326,31.3,37.5,0.3467,21.6,10,0.2724,0.4397,0.3521,0.0561,0.1372,0.2305,0.2431,-0.2092,0.5226,0.7172,0.333982,CMN,BRACKET_BASE,false,true,0.9013784599999999,0.5695,0.870375,,0.3889,true
EVT-MED-1519,Popular Uprising of Mongol Empire / Ilkhanate,925,medieval,revolution,Eurasian Steppe,Mongol Empire / Ilkhanate,CHR-MED-1519,599.4,0.605,0.395,0.3383,0.499,13.4,0.3165,30.2,40.3,0.3516,41.5,10.4,0.3217,0.381,0.2731,0,0.1707,0.2903,0.223,-0.0907,0.6876,0.6999,0.411152,CMN,BRACKET_BASE,false,true,0.8196040800000001,0.49109654999999997,0.7421563499999999,,0.4007,false
EVT-MED-1520,Radical Assembly Schism in Khmer Empire,692,medieval,revolution,Southeast Asia,Khmer Empire,CHR-MED-1520,1323.5,0.754,0.788,0.5246,0.513,11.5,0.314,34.3,40,0.394,12.5,5,0.2078,0.3698,0.233,0,0.1442,0.2274,0.1949,-0.1424,0.6024,0.6726,0.664717,RMD,BRACKET_MEDIUM,false,true,0.5746125,0.3835572,0.5056299799999999,,0.3932,false
EVT-MED-1521,Astronomical Standardization by Khmer Empire,956,medieval,technological,Southeast Asia,Khmer Empire,CHR-MED-1521,1155.5,0.613,0.648,0.528,0.783,11.8,0.4505,30.4,35.9,0.3274,33.8,5.1,0.2803,0.3403,0.3669,0.427,0.5047,0.576,0.443,0.2357,0.3741,0.6549,0.796872,RMD,BRACKET_HIGH,true,false,0.39581744,0.37333128000000004,0.40299624,,0.3017,false
EVT-MED-1522,Mechanical Power Harnessing in Mali Empire,600,medieval,technological,West Africa,Mali Empire,CHR-MED-1522,1214.9,0.417,0.666,0.61,0.569,13.8,0.3535,34.2,42.2,0.4061,35.9,6.9,0.2937,0.3275,0.3868,0.4381,0.5335,0.7022,0.4776,0.3747,0.2992,0.7017,0.669755,RMD,BRACKET_MEDIUM,false,true,0.45843654,0.38858478,0.3658978,,0.3358,false
EVT-MED-1523,Civic Restoration Revolt in Kingdom of France,606,medieval,revolution,Western Europe,Kingdom of France,CHR-MED-1523,1098.8,0.427,0.633,0.5609,0.272,9.3,0.1825,26,42.6,0.3202,58.9,9.1,0.3405,0.37,0.2521,0.0483,0.1499,0.5162,0.2673,0.1462,0.5859,0.6959,0.454004,CMN,BRACKET_BASE,false,true,0.73367986,0.48977136,0.6227725199999999,,0.4052,false
EVT-MED-1524,Temple Bureaucracy Reorganization of Khmer Empire,593,medieval,religious,Southeast Asia,Khmer Empire,CHR-MED-1524,697.7,0.665,0.696,0.2773,0.749,17.3,0.461,26,35.5,0.2776,36.3,5.8,0.289,0.3117,0.327,0.1598,0.2611,0.3428,0.2805,0.0311,0.4992,0.6192,0.486179,CMN,BRACKET_BASE,false,true,0.8252684,0.52227048,0.66238898,,0.3411,false
EVT-MED-1525,Peasant Rebellion against Chola Dynasty,1355,medieval,revolution,South India,Chola Dynasty,CHR-MED-1525,855.5,0.63,0.71,0.3597,0.416,5.4,0.235,34.9,35.6,0.3741,41.8,6.1,0.3007,0.3619,0.1943,0,0.1993,0.4395,0.239,0.0776,0.5142,0.6551,0.60133,CMN,BRACKET_BASE,false,true,0.54123444,0.39925350000000004,0.43488720000000003,,0.4052,false
EVT-MED-1526,Coalition Defense of Classic Maya & Postclassic,1226,medieval,war,Mesoamerica,Classic Maya & Postclassic,CHR-MED-1526,1047.5,0.742,0.457,0.4945,0.579,16.5,0.372,28.1,35.4,0.2996,55.8,8,0.3311,0.4434,0.3593,0.1115,0.1984,0.2538,0.2733,-0.1896,0.6246,0.7136,0.486628,CMN,BRACKET_BASE,false,true,0.788205,0.5516532100000001,0.81873575,,0.3728,true
EVT-MED-1527,Educational Charter of Abbasid Caliphate,867,medieval,transformation,Middle East,Abbasid Caliphate,CHR-MED-1527,796.5,0.743,0.335,0.4099,0.742,13,0.436,32.2,43.5,0.3924,55.6,7.2,0.3268,0.301,0.3593,0.2238,0.4682,0.5764,0.3857,0.2754,0.3971,0.6922,0.685863,RMD,BRACKET_MEDIUM,false,false,0.63848729,0.5007076199999999,0.55930832,,0.3617,false
EVT-MED-1528,Bureaucratic Consolidation of Abbasid Caliphate,1298,medieval,transformation,Middle East,Abbasid Caliphate,CHR-MED-1528,677.9,0.513,0.156,0.4754,0.254,16.8,0.211,35.5,40.1,0.4075,39.9,9.2,0.3128,0.2411,0.315,0.2349,0.4039,0.519,0.3428,0.2779,0.2478,0.6779,0.77226,RMD,BRACKET_HIGH,true,false,0.35081904,0.37015069,0.32010535,,0.3381,false
EVT-MED-1529,Temple Bureaucracy Reorganization of Kingdom of England,1227,medieval,religious,British Isles,Kingdom of England,CHR-MED-1529,986.4,0.514,0.285,0.5851,0.468,15.6,0.312,33.1,44.4,0.4075,53.6,7.3,0.3247,0.3574,0.4119,0.302,0.3698,0.2422,0.3367,-0.1152,0.3121,0.5745,0.656345,RMD,BRACKET_MEDIUM,false,true,0.70338629,0.5446249999999999,0.76075,,0.279,true
EVT-MED-1530,Mechanical Power Harnessing in Mongol Empire / Ilkhanate,716,medieval,technological,Eurasian Steppe,Mongol Empire / Ilkhanate,CHR-MED-1530,1032.9,0.479,0.234,0.6333,0.28,14.4,0.212,27,44.2,0.3406,58.2,4.9,0.3187,0.3189,0.3713,0.4361,0.5704,0.5652,0.4524,0.2463,0.4823,0.7057,0.468298,CMN,BRACKET_BASE,false,true,0.771625,0.54325,0.69825,,0.2996,false
EVT-MED-1531,Hydraulic Engineering Grid in Tang Dynasty,1349,medieval,technological,East Asia,Tang Dynasty,CHR-MED-1531,1327.1,0.442,0.148,0.812,0.707,5.5,0.381,35.2,42,0.4157,31.9,13.9,0.3201,0.3823,0.4294,0.5417,0.6168,0.6981,0.5337,0.3158,0.225,0.6155,0.562439,CMN,BRACKET_BASE,false,true,0.5659942400000001,0.54591416,0.611676,,0.3124,false
EVT-MED-1532,Bureaucratic Consolidation of Classic Maya & Postclassic,855,medieval,transformation,Mesoamerica,Classic Maya & Postclassic,CHR-MED-1532,645,0.526,0.108,0.47,0.849,14.5,0.497,31.2,35,0.3306,23.5,6.3,0.26,0.3066,0.3556,0.2811,0.413,0.5884,0.3889,0.2818,0.3515,0.6754,0.739641,RMD,BRACKET_HIGH,true,false,0.50877128,0.5515,0.562875,,0.341,false
EVT-MED-1533,Astronomical Standardization by Khmer Empire,644,medieval,technological,Southeast Asia,Khmer Empire,CHR-MED-1533,1084.4,0.52,0.322,0.6194,0.597,9.1,0.344,32.1,36.9,0.3517,62.3,5.6,0.3271,0.3322,0.3618,0.4446,0.5485,0.4656,0.4305,0.1334,0.2176,0.5592,0.75197,RMD,BRACKET_HIGH,true,false,0.33664106,0.4644374,0.62467792,,0.2755,false
EVT-MED-1534,Institutional Dissolution of Holy Roman Empire,720,medieval,collapse,Central Europe,Holy Roman Empire,CHR-MED-1534,1273.5,0.559,0.502,0.6448,0.616,6.4,0.34,28.4,36.4,0.3089,36.1,10.7,0.3131,0.4665,0.3601,0.1065,0.1372,0.2773,0.2695,-0.1892,0.7715,0.731,0.579069,CMN,BRACKET_BASE,false,true,0.65736756,0.39531617999999996,0.54418,,0.3846,false
EVT-MED-1535,Constitutional Reorganization of Classic Maya & Postclassic,1245,medieval,transformation,Mesoamerica,Classic Maya & Postclassic,CHR-MED-1535,1244,0.652,0.86,0.4953,0.798,15.5,0.4765,32.2,34.1,0.336,25.7,7.7,0.2735,0.312,0.3894,0.2669,0.4699,0.5526,0.3982,0.2406,0.1962,0.6128,0.676075,RMD,BRACKET_MEDIUM,false,true,0.60218238,0.5444350800000001,0.5073422599999999,,0.3411,false
EVT-MED-1536,Borderlands Pacification of Kingdom of England,1462,medieval,war,British Isles,Kingdom of England,CHR-MED-1536,1060.2,0.634,0.405,0.5486,0.822,6.4,0.443,28.7,44.5,0.3607,48.1,9.1,0.3259,0.4329,0.3901,0.174,0.2947,0.2201,0.3024,-0.2128,0.5471,0.6788,0.605526,CMN,BRACKET_BASE,false,true,0.5475411,0.37602947999999997,0.5272518900000001,,0.3389,false
EVT-MED-1537,Grain Market Price Shock across Mongol Empire / Ilkhanate,858,medieval,economic,Eurasian Steppe,Mongol Empire / Ilkhanate,CHR-MED-1537,659.4,0.751,0.643,0.249,0.673,5.2,0.3625,27.7,35.9,0.2983,17,9.4,0.2521,0.2836,0.2122,0.0418,0.2027,0.4507,0.2382,0.1671,0.3887,0.6809,0.56344,CMN,BRACKET_BASE,false,true,0.65189859,0.49359458,0.58683957,,0.3957,false
EVT-MED-1538,Peasant Rebellion against Tang Dynasty,1450,medieval,revolution,East Asia,Tang Dynasty,CHR-MED-1538,945,0.679,0.554,0.4349,0.281,11.1,0.196,28.4,34.3,0.2963,32.6,13.8,0.3212,0.3698,0.2375,0,0.1515,0.5566,0.2631,0.1868,0.6989,0.7665,0.617229,CMN,BRACKET_BASE,false,true,0.5648586800000001,0.40649490000000005,0.44546586,,0.3983,false
EVT-MED-1539,Guild Monopoly Reform in Holy Roman Empire,531,medieval,economic,Central Europe,Holy Roman Empire,CHR-MED-1539,1318.2,0.745,0.53,0.6022,0.561,7.5,0.318,26.6,40.9,0.3165,11.8,8.7,0.2221,0.3457,0.2801,0.1246,0.2847,0.4488,0.2968,0.1031,0.2915,0.573,0.660538,RMD,BRACKET_MEDIUM,false,true,0.54745254,0.48763278000000004,0.5911587500000001,,0.3827,false
EVT-MED-1540,Agrarian Restructuring of Tang Dynasty,711,medieval,transformation,East Asia,Tang Dynasty,CHR-MED-1540,1338.1,0.731,0.37,0.664,0.353,11.5,0.234,25.4,40.3,0.3,25.9,7.1,0.271,0.2631,0.2848,0.2213,0.3442,0.4926,0.3212,0.2295,0.39,0.6717,0.659096,RMD,BRACKET_MEDIUM,false,true,0.5535644000000001,0.37584448,0.35484077999999997,,0.33,false
EVT-MED-1541,Constitutional Reorganization of Tang Dynasty,887,medieval,transformation,East Asia,Tang Dynasty,CHR-MED-1541,762.2,0.515,0.865,0.3027,0.724,5.6,0.39,31.4,36.3,0.3406,11,12.7,0.2371,0.2435,0.3031,0.1571,0.341,0.3954,0.288,0.1519,0.3826,0.6527,0.741162,RMD,BRACKET_HIGH,true,false,0.47268979000000005,0.37281192,0.38359574999999996,,0.3405,false
EVT-MED-1542,Agrarian Restructuring of Kingdom of England,708,medieval,transformation,British Isles,Kingdom of England,CHR-MED-1542,992.4,0.743,0.288,0.5184,0.562,17.5,0.3685,26.7,44.5,0.3392,19.3,8.1,0.2548,0.2591,0.3084,0.2521,0.4773,0.3847,0.3363,0.1256,0.1521,0.5519,0.63733,RMD,BRACKET_MEDIUM,false,true,0.5750318000000001,0.5356039499999999,0.5380038,,0.3092,true
EVT-MED-1543,Palatial Collapse of Mali Empire,765,medieval,collapse,West Africa,Mali Empire,CHR-MED-1543,814,0.525,0.379,0.4705,0.655,9.2,0.3735,34.8,44.5,0.4264,50.9,12.1,0.345,0.4672,0.3998,0.157,0.1993,0.2785,0.3004,-0.1887,0.4001,0.6414,0.661535,RMD,BRACKET_MEDIUM,false,true,0.54129686,0.568875,0.844625,,0.366,true
EVT-MED-1544,Navigational Instrument Reform in Tang Dynasty,611,medieval,technological,East Asia,Tang Dynasty,CHR-MED-1544,553.7,0.531,0.27,0.3759,0.678,8.2,0.38,29.9,37.2,0.3298,34.4,6.5,0.2886,0.2517,0.301,0.4146,0.5431,0.6202,0.4261,0.3685,0.2029,0.7169,0.71272,RMD,BRACKET_HIGH,false,false,0.57556018,0.55575,0.616,,0.3286,false
EVT-MED-1545,Civic Restoration Revolt in Khmer Empire,1304,medieval,revolution,Southeast Asia,Khmer Empire,CHR-MED-1545,698.7,0.735,0.452,0.33,0.465,5.1,0.258,34.4,39.1,0.3897,56.5,8.7,0.3355,0.333,0.1755,0,0.1972,0.2927,0.1997,-0.0403,0.4076,0.607,0.356545,CMN,BRACKET_BASE,false,true,0.8121561,0.5475748,0.6899221999999999,,0.3959,true
EVT-MED-1546,Orthodoxy & Heresy Trial Wave in Mali Empire,1142,medieval,religious,West Africa,Mali Empire,CHR-MED-1546,523.8,0.432,0.267,0.3921,0.552,13.4,0.343,30,41.6,0.3573,24.6,8.8,0.2758,0.3619,0.4073,0.279,0.4374,0.4919,0.3955,0.13,0.2805,0.6065,0.596785,CMN,BRACKET_BASE,false,true,0.6808347,0.545125,0.62375,,0.3298,false
EVT-MED-1547,Epidemic Fever Outbreak across Byzantine Empire,1278,medieval,pandemic,Eastern Mediterranean,Byzantine Empire,CHR-MED-1547,811.9,0.566,0.825,0.3234,0.75,16.9,0.4595,32.9,43.5,0.3999,20,7.8,0.2558,0.3856,0.3512,0.0369,0.2288,0.3027,0.261,-0.0829,0.827,0.7041,0.458974,CMN,BRACKET_BASE,false,true,0.60567426,0.3835672,0.49997332000000005,,0.3961,false
EVT-MED-1548,Silver Flotilla Currency Shock in Abbasid Caliphate,1095,medieval,economic,Middle East,Abbasid Caliphate,CHR-MED-1548,608.7,0.509,0.836,0.2392,0.525,8.5,0.305,29.2,38.3,0.3289,24.9,9.8,0.2817,0.2873,0.1983,0,0.1376,0.4489,0.2144,0.1616,0.6031,0.7371,0.472942,CMN,BRACKET_BASE,false,true,0.814875,0.563625,0.6779999999999999,,0.4025,true
EVT-MED-1549,Popular Uprising of Kamakura / Muromachi Japan,652,medieval,revolution,East Asia,Kamakura / Muromachi Japan,CHR-MED-1549,1083.8,0.521,0.186,0.6596,0.454,17.9,0.3165,30.2,44.8,0.3786,10.8,12,0.2322,0.4507,0.2718,0.0265,0.1695,0.5639,0.2965,0.1132,0.6456,0.6493,0.591131,CMN,BRACKET_BASE,false,true,0.62681656,0.5894998800000001,0.68842088,,0.3928,false
EVT-MED-1550,Coalition Defense of Kievan Rus,566,medieval,war,Eastern Europe,Kievan Rus,CHR-MED-1550,1155.7,0.582,0.886,0.466,0.667,10.3,0.385,32.4,35,0.3435,18.8,11.6,0.2704,0.3906,0.3208,0.1531,0.3094,0.2253,0.2798,-0.1653,0.4723,0.6582,0.645291,RMD,BRACKET_MEDIUM,false,true,0.69149488,0.5366635399999999,0.77260425,,0.3404,true
EVT-MED-1551,Pantheon Reformation of Mali Empire,793,medieval,religious,West Africa,Mali Empire,CHR-MED-1551,972.7,0.68,0.46,0.4762,0.807,11.4,0.4605,26,41.5,0.3136,39.4,12.5,0.3284,0.4411,0.506,0.3196,0.4305,0.4969,0.4388,0.0558,0.3841,0.5686,0.602669,CMN,BRACKET_BASE,false,true,0.6170364,0.53988991,0.65334896,,0.3353,false
EVT-MED-1552,Printing & Communications Diffusion in Chola Dynasty,1015,medieval,technological,South India,Chola Dynasty,CHR-MED-1552,896.6,0.458,0.575,0.4716,0.727,7.7,0.402,29.5,35.4,0.3147,39.1,5.8,0.2944,0.2809,0.3324,0.4191,0.5016,0.4722,0.4012,0.1913,0.2907,0.6277,0.596541,CMN,BRACKET_BASE,false,true,0.61708608,0.5338634,0.6729547300000001,,0.2746,false
EVT-MED-1553,Debt Crisis Settlement of Mongol Empire / Ilkhanate,1161,medieval,economic,Eurasian Steppe,Mongol Empire / Ilkhanate,CHR-MED-1553,563.7,0.706,0.342,0.3067,0.618,6.6,0.342,32.6,41,0.3817,62.5,8.8,0.3433,0.3374,0.2684,0,0.1609,0.1774,0.1888,-0.16,0.4651,0.6781,0.552844,CMN,BRACKET_BASE,false,true,0.61420128,0.38302010999999997,0.50395344,,0.3821,false
EVT-MED-1554,Orthodoxy & Heresy Trial Wave in Chola Dynasty,1500,medieval,religious,South India,Chola Dynasty,CHR-MED-1554,567.7,0.429,0.868,0.2339,0.744,12.7,0.4355,28.9,44.9,0.3652,47.2,9.9,0.3285,0.3524,0.4241,0.2489,0.3196,0.5751,0.384,0.2227,0.3501,0.6826,0.84007,RMD,BRACKET_HIGH,true,false,0.3725064,0.37750343999999997,0.36413748,,0.3649,false
EVT-MED-1555,Frontier Campaign of Kingdom of England,780,medieval,war,British Isles,Kingdom of England,CHR-MED-1555,1246.7,0.511,0.54,0.6349,0.563,7.8,0.3205,31.1,42.1,0.3721,44.8,12,0.3352,0.4503,0.3334,0.0438,0.139,0.3374,0.2608,-0.1129,0.4574,0.6062,0.56191,CMN,BRACKET_BASE,false,true,0.67446689,0.48829690000000003,0.71851502,,0.4049,false
EVT-MED-1556,Judicial Standard Reform in Kievan Rus,851,medieval,transformation,Eastern Europe,Kievan Rus,CHR-MED-1556,1106.8,0.547,0.408,0.5963,0.724,9.7,0.4105,29.5,35.8,0.3171,61.3,11.9,0.3574,0.3363,0.3916,0.2581,0.434,0.6456,0.4131,0.3093,0.3246,0.6796,0.713537,RMD,BRACKET_HIGH,false,false,0.47958183,0.3851461,0.35690234000000004,,0.3654,false
EVT-MED-1557,Astronomical Standardization by Khmer Empire,672,medieval,technological,Southeast Asia,Khmer Empire,CHR-MED-1557,1134.3,0.594,0.647,0.5237,0.465,4.8,0.2565,28.9,38.1,0.3244,34.8,8.2,0.2979,0.2972,0.3335,0.4127,0.4971,0.5825,0.4246,0.2853,0.3539,0.7068,0.885341,RMD,BRACKET_HIGH,true,false,0.41774832,0.38257608000000004,0.40929052000000005,,0.3108,false
EVT-MED-1558,Silver Flotilla Currency Shock in Umayyad Caliphate (Al-Andalus),1235,medieval,economic,Iberia / North Africa,Umayyad Caliphate (Al-Andalus),CHR-MED-1558,727.2,0.7,0.321,0.3936,0.566,5.5,0.3105,25.7,44.8,0.3302,33.5,13.4,0.3212,0.3699,0.303,0.1027,0.2441,0.3936,0.2827,0.0237,0.4206,0.5928,0.558789,CMN,BRACKET_BASE,false,true,0.56713746,0.39196931999999995,0.45058576,,0.3858,false
EVT-MED-1559,Agrarian Insurgency in Song Dynasty,1072,medieval,revolution,East Asia,Song Dynasty,CHR-MED-1559,1149.4,0.648,0.198,0.6495,0.671,6.4,0.3675,29.1,44.3,0.3638,46.3,10.7,0.3311,0.4916,0.3757,0.0287,0.1599,0.4889,0.309,-0.0027,0.5914,0.5722,0.60601,CMN,BRACKET_BASE,false,true,0.5698567400000001,0.5923053100000001,0.7232104500000001,,0.401,false
EVT-MED-1560,Provincial Autonomy Insurgency against Kingdom of France,622,medieval,revolution,Western Europe,Kingdom of France,CHR-MED-1560,794.7,0.527,0.571,0.403,0.784,5.7,0.4205,32.8,40.5,0.3808,19.3,6.5,0.2468,0.4383,0.307,0.0859,0.2862,0.2373,0.2709,-0.201,0.7511,0.7457,0.618275,CMN,BRACKET_BASE,false,true,0.62363655,0.38104704,0.5376744,,0.3821,false
EVT-MED-1561,Orthodoxy & Heresy Trial Wave in Kievan Rus,972,medieval,religious,Eastern Europe,Kievan Rus,CHR-MED-1561,670.2,0.525,0.13,0.4759,0.299,16.8,0.2335,32.7,36.9,0.3582,53.3,13.7,0.3563,0.386,0.412,0.3268,0.4936,0.4347,0.4106,0.0487,0.5361,0.6302,0.480475,CMN,BRACKET_BASE,false,true,0.76623732,0.535875,0.707875,,0.2934,true
EVT-MED-1562,Borderlands Pacification of Classic Maya & Postclassic,1080,medieval,war,Mesoamerica,Classic Maya & Postclassic,CHR-MED-1562,836.4,0.67,0.215,0.487,0.474,7.8,0.276,30.2,41.3,0.3576,56.3,6.1,0.3223,0.4192,0.3591,0.1664,0.2722,0.3158,0.3065,-0.1034,0.4386,0.6274,0.514793,CMN,BRACKET_BASE,false,true,0.6035835,0.38741057,0.49719019000000003,,0.3562,false
EVT-MED-1563,Monastic Network Expansion of Umayyad Caliphate (Al-Andalus),562,medieval,religious,Iberia / North Africa,Umayyad Caliphate (Al-Andalus),CHR-MED-1563,1050.6,0.49,0.542,0.5461,0.643,4.5,0.344,34.9,42.8,0.4173,9.6,5.7,0.1922,0.3267,0.3264,0.1839,0.2833,0.2089,0.2658,-0.1178,0.2111,0.5503,0.544186,CMN,BRACKET_BASE,false,true,0.62176446,0.4550814099999999,0.6551828,,0.3036,false
EVT-MED-1564,Canal Infrastructure Boom in Kingdom of France,730,medieval,economic,Western Europe,Kingdom of France,CHR-MED-1564,1149,0.714,0.511,0.5356,0.487,7.3,0.28,31.2,40.3,0.3624,61.2,8.1,0.3383,0.4044,0.3332,0.0776,0.2005,0.2194,0.247,-0.185,0.5072,0.68,0.574884,CMN,BRACKET_BASE,false,true,0.54743,0.3907548,0.53010546,,0.3719,false
EVT-MED-1565,Mercantile Tariff Overhaul across Kievan Rus,925,medieval,economic,Eastern Europe,Kievan Rus,CHR-MED-1565,1285.5,0.656,0.731,0.5528,0.294,6.9,0.1815,25.3,34,0.2611,63.9,7.7,0.3394,0.2974,0.2645,0.0169,0.1347,0.3785,0.2184,0.0811,0.2953,0.5983,0.590629,CMN,BRACKET_BASE,false,true,0.7113892499999999,0.54764484,0.61430928,,0.3969,false
EVT-MED-1566,Military Coup d’État in Kamakura / Muromachi Japan,614,medieval,revolution,East Asia,Kamakura / Muromachi Japan,CHR-MED-1566,876.7,0.424,0.696,0.4359,0.49,5.1,0.2705,34.4,37.4,0.3795,38.3,12.4,0.3259,0.404,0.2783,0,0.1071,0.1146,0.1808,-0.2894,0.5047,0.7496,0.441351,CMN,BRACKET_BASE,false,true,0.74183992,0.54488196,0.82476174,,0.3805,true
EVT-MED-1567,Strategic Siege of Chola Dynasty,1017,medieval,war,South India,Chola Dynasty,CHR-MED-1567,1004.2,0.442,0.846,0.4469,0.62,9,0.355,28.5,41.4,0.3399,15,10.1,0.2465,0.3871,0.3037,0,0.075,0.441,0.2414,0.0539,0.5116,0.6157,0.48365,CMN,BRACKET_BASE,false,true,0.7673848799999999,0.52242614,0.6752069999999999,,0.4088,false
EVT-MED-1568,Mechanical Power Harnessing in Kamakura / Muromachi Japan,722,medieval,technological,East Asia,Kamakura / Muromachi Japan,CHR-MED-1568,1321.6,0.555,0.731,0.6005,0.462,16.3,0.3125,27.6,44.5,0.3488,53.1,9,0.3325,0.3546,0.4053,0.4473,0.5748,0.7157,0.4995,0.3611,0.3345,0.7193,0.630338,RMD,BRACKET_MEDIUM,false,true,0.6869999999999999,0.5539999999999999,0.581875,,0.3348,false
EVT-MED-1569,Silver Flotilla Currency Shock in Kingdom of England,1095,medieval,economic,British Isles,Kingdom of England,CHR-MED-1569,937,0.476,0.36,0.5502,0.291,11.3,0.202,33.2,40.6,0.3858,36.1,10.4,0.3116,0.3987,0.3496,0.1567,0.2798,0.5896,0.3549,0.1909,0.5091,0.6897,0.49756,CMN,BRACKET_BASE,false,true,0.6920568000000001,0.5543268,0.62648376,,0.3965,false
EVT-MED-1570,Monastic Network Expansion of Tang Dynasty,1082,medieval,religious,East Asia,Tang Dynasty,CHR-MED-1570,1158.4,0.583,0.881,0.4685,0.472,16.8,0.32,25.9,43.2,0.3227,20.9,12,0.28,0.3215,0.3869,0.2206,0.3866,0.4723,0.3576,0.1508,0.3562,0.6338,0.634737,RMD,BRACKET_MEDIUM,false,true,0.51201088,0.36883638999999996,0.37981242000000004,,0.3471,false
EVT-MED-1571,Civic Restoration Revolt in Tang Dynasty,1298,medieval,revolution,East Asia,Tang Dynasty,CHR-MED-1571,1151,0.545,0.611,0.5573,0.495,15.9,0.327,32.3,34.6,0.3401,58.5,5.7,0.323,0.424,0.262,0,0.104,0.6095,0.2799,0.1855,0.4753,0.6653,0.822003,RMD,BRACKET_HIGH,true,false,0.6137752399999999,0.6174313600000001,0.6795217000000001,,0.3956,false
EVT-MED-1572,Treaty System Implementation across Holy Roman Empire,1206,medieval,transformation,Central Europe,Holy Roman Empire,CHR-MED-1572,974.7,0.414,0.103,0.664,0.205,13.7,0.171,34,42.4,0.4052,48.9,6.8,0.3156,0.3142,0.3858,0.3183,0.4742,0.4273,0.384,0.1131,0.1062,0.5316,0.813468,RMD,BRACKET_HIGH,true,false,0.41021844,0.52849104,0.53611659,,0.2934,false
EVT-MED-1573,Continental Standoff of Kingdom of England,781,medieval,war,British Isles,Kingdom of England,CHR-MED-1573,626.3,0.404,0.51,0.377,0.773,6.6,0.4195,27.1,40.3,0.3183,20.4,7,0.2533,0.3964,0.3455,0.0989,0.1895,0.4103,0.2881,0.0139,0.3231,0.5511,0.642687,RMD,BRACKET_MEDIUM,false,true,0.5935543999999999,0.575125,0.722375,,0.3954,false
EVT-MED-1574,Palatial Collapse of Classic Maya & Postclassic,1263,medieval,collapse,Mesoamerica,Classic Maya & Postclassic,CHR-MED-1574,925.6,0.479,0.577,0.4787,0.724,8.8,0.406,31.5,38.9,0.3572,48.7,12.2,0.3423,0.5306,0.4531,0.1488,0.2369,0.1755,0.309,-0.3551,0.5715,0.7783,0.844459,RMD,BRACKET_HIGH,true,false,0.42199752,0.40276636000000005,0.60411336,,0.3653,false
EVT-MED-1575,Maritime Hegemony Clash in Chola Dynasty,557,medieval,war,South India,Chola Dynasty,CHR-MED-1575,1295.5,0.404,0.683,0.6476,0.486,10.4,0.295,27.4,38.5,0.3107,64.8,11,0.3569,0.46,0.4184,0.0839,0.1759,0.5012,0.3279,0.0412,0.4557,0.5782,0.487523,CMN,BRACKET_BASE,false,true,0.71286576,0.50791262,0.66738392,,0.4085,false
EVT-MED-1576,Silver Flotilla Currency Shock in Khmer Empire,1406,medieval,economic,Southeast Asia,Khmer Empire,CHR-MED-1576,995.4,0.741,0.794,0.3686,0.597,5,0.3235,32.3,36.7,0.3527,21.3,8.1,0.2619,0.4014,0.3362,0.1586,0.2654,0.3357,0.2995,-0.0657,0.5886,0.6559,0.737493,RMD,BRACKET_HIGH,true,false,0.66373868,0.5320241,0.7326144,,0.36,false
EVT-MED-1577,Silver Flotilla Currency Shock in Umayyad Caliphate (Al-Andalus),624,medieval,economic,Iberia / North Africa,Umayyad Caliphate (Al-Andalus),CHR-MED-1577,835.4,0.473,0.885,0.3446,0.404,4.8,0.226,26.9,42.3,0.3281,41.2,7.1,0.3046,0.3438,0.2902,0.0466,0.1161,0.1018,0.1797,-0.242,0.4062,0.7274,0.642506,RMD,BRACKET_MEDIUM,false,true,0.59202572,0.37882788,0.51549022,,0.3457,false
EVT-MED-1578,Military Coup d’État in Mongol Empire / Ilkhanate,1457,medieval,revolution,Eurasian Steppe,Mongol Empire / Ilkhanate,CHR-MED-1578,929.6,0.524,0.556,0.4734,0.678,10.4,0.391,26.7,39.1,0.3068,11.2,12.1,0.2354,0.4133,0.2506,0,0.2778,0.2151,0.2314,-0.1982,0.7435,0.7472,0.483869,CMN,BRACKET_BASE,false,true,0.7824663299999999,0.54932236,0.80464773,,0.4022,false
EVT-MED-1579,Monastic Network Expansion of Classic Maya & Postclassic,1184,medieval,religious,Mesoamerica,Classic Maya & Postclassic,CHR-MED-1579,784.7,0.624,0.83,0.2914,0.26,14,0.2,35.2,43.2,0.4229,18.1,7.3,0.2461,0.2889,0.3236,0.2237,0.2753,0.3807,0.2984,0.0918,0.3945,0.6411,0.661022,RMD,BRACKET_MEDIUM,false,true,0.52076049,0.45443807999999997,0.58757492,,0.3053,false
EVT-MED-1580,Radical Assembly Schism in Kingdom of England,1089,medieval,revolution,British Isles,Kingdom of England,CHR-MED-1580,1168.6,0.491,0.348,0.6609,0.367,7,0.2185,35.9,42.5,0.4262,8.4,14,0.224,0.4236,0.2809,0.0228,0.2738,0.5517,0.3106,0.1281,0.4549,0.6171,0.776294,RMD,BRACKET_HIGH,true,false,0.38598210000000005,0.4103616,0.44650764000000004,,0.3969,false
EVT-MED-1581,Institutional Dissolution of Song Dynasty,1216,medieval,collapse,East Asia,Song Dynasty,CHR-MED-1581,877.8,0.504,0.153,0.5753,0.645,14.9,0.397,25.9,39.6,0.3011,47.4,9,0.3243,0.544,0.4785,0.1192,0.2127,0.3621,0.3433,-0.1819,0.4966,0.6614,0.540199,CMN,BRACKET_BASE,false,true,0.55916553,0.40911383999999995,0.5452263900000001,,0.4029,false
EVT-MED-1582,Fiscal Modernization in Umayyad Caliphate (Al-Andalus),1410,medieval,transformation,Iberia / North Africa,Umayyad Caliphate (Al-Andalus),CHR-MED-1582,984.4,0.588,0.62,0.4614,0.621,17.4,0.3975,28.8,37,0.3168,32.8,10.9,0.3071,0.2883,0.3595,0.3028,0.4519,0.5361,0.3877,0.2478,0.3933,0.6858,0.545762,CMN,BRACKET_BASE,false,true,0.64461551,0.48335688000000004,0.53750427,,0.325,false
EVT-MED-1583,Synod Monotheistic Mandate in Tang Dynasty,554,medieval,religious,East Asia,Tang Dynasty,CHR-MED-1583,856.1,0.72,0.139,0.5043,0.378,10,0.239,27.7,37.6,0.3085,11.5,8.3,0.2183,0.3602,0.4294,0.2405,0.3503,0.5986,0.3958,0.2384,0.4562,0.715,0.67421,RMD,BRACKET_MEDIUM,false,true,0.540125,0.5573750000000001,0.62575,,0.372,false
EVT-MED-1584,Imperial Unification of Mali Empire,848,medieval,transformation,West Africa,Mali Empire,CHR-MED-1584,1282,0.661,0.252,0.6933,0.646,9.8,0.372,26.2,34.2,0.272,18.1,10.1,0.2601,0.2974,0.331,0.2739,0.5192,0.5745,0.3992,0.2771,0.1953,0.6279,0.589852,CMN,BRACKET_BASE,false,true,0.53566524,0.54730442,0.4915590099999999,,0.3408,false
EVT-MED-1585,Educational Charter of Umayyad Caliphate (Al-Andalus),1386,medieval,transformation,Iberia / North Africa,Umayyad Caliphate (Al-Andalus),CHR-MED-1585,944.4,0.542,0.501,0.4916,0.832,12.6,0.479,25.7,36,0.2774,47.4,12.3,0.3408,0.3317,0.3941,0.2576,0.4209,0.5212,0.3851,0.1895,0.2497,0.6076,0.73626,RMD,BRACKET_HIGH,true,false,0.36452352,0.3829203,0.36229921,,0.3417,false
EVT-MED-1586,Agrarian Restructuring of Mongol Empire / Ilkhanate,1324,medieval,transformation,Eurasian Steppe,Mongol Empire / Ilkhanate,CHR-MED-1586,1154.6,0.68,0.506,0.55,0.496,6,0.278,35.9,35.9,0.3866,19.8,9.4,0.2631,0.2625,0.3222,0.2013,0.4349,0.4063,0.3254,0.1438,0.1647,0.5666,0.728788,RMD,BRACKET_HIGH,false,false,0.49910042,0.37389316,0.35340246000000003,,0.3287,false
EVT-MED-1587,Popular Uprising of Chola Dynasty,892,medieval,revolution,South India,Chola Dynasty,CHR-MED-1587,1036,0.731,0.445,0.4959,0.246,11,0.178,30.2,41.5,0.3588,32.9,10.6,0.3059,0.3338,0.1705,0,0.1832,0.4332,0.2241,0.0994,0.5712,0.6716,0.458977,CMN,BRACKET_BASE,false,true,0.83818708,0.5542830000000001,0.6425803799999998,,0.4047,false
EVT-MED-1588,Silver Flotilla Currency Shock in Mongol Empire / Ilkhanate,972,medieval,economic,Eurasian Steppe,Mongol Empire / Ilkhanate,CHR-MED-1588,720.2,0.571,0.53,0.3662,0.687,4.8,0.3675,28.1,45,0.3572,18.4,12.6,0.2738,0.3366,0.2728,0.026,0.1728,0.1033,0.1823,-0.2333,0.295,0.6661,0.493026,CMN,BRACKET_BASE,false,true,0.6158157500000001,0.3822396,0.50675934,,0.3615,false
EVT-MED-1589,Epidemic Fever Outbreak across Khmer Empire,1076,medieval,pandemic,Southeast Asia,Khmer Empire,CHR-MED-1589,1022.3,0.75,0.283,0.5322,0.382,7.5,0.2285,32.8,43.1,0.3964,50,8.3,0.3247,0.4547,0.4048,0.0206,0.1928,0.1075,0.2361,-0.3472,0.6915,0.8168,0.335547,CMN,BRACKET_BASE,false,true,0.87470509,0.56173609,0.89488514,,0.3884,false
EVT-MED-1590,Radical Assembly Schism in Kingdom of England,1280,medieval,revolution,British Isles,Kingdom of England,CHR-MED-1590,1322.1,0.588,0.851,0.5549,0.422,10.4,0.263,25.9,41.6,0.3131,11.6,8.9,0.2219,0.3758,0.2592,0,0.2481,0.5001,0.2766,0.1243,0.62,0.6825,0.381008,CMN,BRACKET_BASE,false,true,0.9162103300000001,0.5815,0.733375,,0.402,false
EVT-MED-1591,Respiratory Virulence Wave across Song Dynasty,773,medieval,pandemic,East Asia,Song Dynasty,CHR-MED-1591,1300.2,0.594,0.368,0.6874,0.559,10.1,0.33,33.7,36.4,0.3659,61.4,12,0.358,0.5183,0.4423,0.1234,0.3203,0.5212,0.3851,0.0029,0.6198,0.579,0.639266,RMD,BRACKET_MEDIUM,false,true,0.6576595500000001,0.59375,0.7957500000000001,,0.4053,false
EVT-MED-1592,Bureaucratic Consolidation of Byzantine Empire,1400,medieval,transformation,Eastern Mediterranean,Byzantine Empire,CHR-MED-1592,945.9,0.53,0.497,0.4972,0.513,13.5,0.324,26.4,34.6,0.2765,11.4,7.9,0.2157,0.2518,0.2788,0.1522,0.2841,0.4992,0.2932,0.2474,0.3116,0.6768,0.470939,CMN,BRACKET_BASE,false,true,0.69273576,0.53365472,0.5345319000000001,,0.3622,false
EVT-MED-1593,Canal Infrastructure Boom in Abbasid Caliphate,989,medieval,economic,Middle East,Abbasid Caliphate,CHR-MED-1593,1029.3,0.429,0.841,0.4644,0.301,8.3,0.192,35.8,40.4,0.4126,23.8,12.1,0.2899,0.3895,0.3152,0.1801,0.2844,0.2413,0.2821,-0.1482,0.2895,0.6221,0.485863,CMN,BRACKET_BASE,false,true,0.71224008,0.47913211999999994,0.71800064,,0.3231,true
EVT-MED-1594,Civic Restoration Revolt in Classic Maya & Postclassic,707,medieval,revolution,Mesoamerica,Classic Maya & Postclassic,CHR-MED-1594,729.2,0.636,0.875,0.2475,0.552,16.2,0.357,33.7,42.4,0.4019,27.9,8.4,0.2829,0.3285,0.2186,0,0.1676,0.0329,0.1495,-0.2956,0.7151,0.8174,0.60555,CMN,BRACKET_BASE,false,true,0.6014259999999999,0.37648600000000004,0.55498548,,0.3641,false
EVT-MED-1595,Frontier Campaign of Khmer Empire,1073,medieval,war,Southeast Asia,Khmer Empire,CHR-MED-1595,1165.6,0.746,0.551,0.522,0.837,6.4,0.4505,28.3,43.5,0.3504,33.6,10.5,0.3069,0.3922,0.2782,0,0.1009,0.5285,0.26,0.1363,0.3918,0.6031,0.437478,CMN,BRACKET_BASE,false,true,0.87975,0.613625,0.713625,,0.3997,true
EVT-MED-1596,Bureaucratic Consolidation of Tang Dynasty,1473,medieval,transformation,East Asia,Tang Dynasty,CHR-MED-1596,530.6,0.467,0.42,0.339,0.404,11.4,0.259,27,42.3,0.3292,34.9,13.9,0.3266,0.2513,0.3142,0.1885,0.4335,0.4743,0.3324,0.223,0.2857,0.6828,0.785486,RMD,BRACKET_HIGH,true,false,0.45877328999999994,0.46347028,0.49801905,,0.3444,false
EVT-MED-1597,Pantheon Reformation of Classic Maya & Postclassic,1417,medieval,religious,Mesoamerica,Classic Maya & Postclassic,CHR-MED-1597,907.5,0.581,0.197,0.5533,0.834,6.2,0.448,32.1,38.7,0.3625,38.9,12.5,0.3275,0.4633,0.4516,0.2614,0.3413,0.32,0.3675,-0.1433,0.5343,0.6364,0.520018,CMN,BRACKET_BASE,false,true,0.7129351199999999,0.46605482,0.7371017,,0.3199,false
EVT-MED-1598,Pantheon Reformation of Umayyad Caliphate (Al-Andalus),739,medieval,religious,Iberia / North Africa,Umayyad Caliphate (Al-Andalus),CHR-MED-1598,957.5,0.411,0.797,0.4484,0.671,5.8,0.3645,33.8,40.4,0.391,63.4,9.7,0.3488,0.3803,0.4139,0.3222,0.3843,0.5684,0.4138,0.1881,0.2319,0.609,0.792676,RMD,BRACKET_HIGH,true,false,0.42636028000000004,0.37592202999999996,0.3516858,,0.3282,false
EVT-MED-1599,Astronomical Standardization by Kingdom of France,1419,medieval,technological,Western Europe,Kingdom of France,CHR-MED-1599,1197.7,0.689,0.873,0.458,0.398,15.5,0.2765,34.1,36.5,0.3708,53.9,12.9,0.3531,0.2809,0.3328,0.4076,0.5129,0.5263,0.4121,0.2454,0.3996,0.6966,0.593683,CMN,BRACKET_BASE,false,true,0.44579338,0.37575667999999995,0.42994804999999997,,0.2963,false
EVT-MED-1600,Sanitation & Medical Breakthrough in Holy Roman Empire,1491,medieval,technological,Central Europe,Holy Roman Empire,CHR-MED-1600,827.5,0.427,0.61,0.4371,0.301,12.5,0.213,35.7,37,0.3911,61.1,9,0.3427,0.3003,0.357,0.409,0.5591,0.6434,0.4538,0.3431,0.3245,0.7402,0.645,RMD,BRACKET_MEDIUM,false,true,0.37071645,0.3754053,0.36868918,,0.3289,false
EVT-MED-1601,Debt Crisis Settlement of Holy Roman Empire,939,medieval,economic,Central Europe,Holy Roman Empire,CHR-MED-1601,1285.3,0.495,0.101,0.79,0.748,14.7,0.4475,27.8,44.7,0.3522,32.7,12.6,0.3154,0.4459,0.3532,0.2033,0.3727,0.641,0.4032,0.1951,0.5454,0.6332,0.627779,CMN,BRACKET_BASE,false,true,0.54555135,0.57875,0.683,,0.3973,false
EVT-MED-1602,Secular Legal Separation in Kievan Rus,581,medieval,religious,Eastern Europe,Kievan Rus,CHR-MED-1602,1075.7,0.661,0.443,0.5366,0.747,10.3,0.425,34.9,36.7,0.3807,32.9,8.3,0.2944,0.4455,0.5107,0.3563,0.4259,0.5796,0.4636,0.1341,0.4245,0.6072,0.580298,CMN,BRACKET_BASE,false,true,0.72444152,0.551875,0.6555,,0.3365,false
EVT-MED-1603,Caravan Route Pestilence in Kingdom of France,1420,medieval,pandemic,Western Europe,Kingdom of France,CHR-MED-1603,1007.7,0.623,0.249,0.5734,0.805,5,0.4275,28.9,42.9,0.3532,38,9.9,0.3128,0.5061,0.4534,0.0861,0.3078,0.2004,0.3108,-0.3057,0.7933,0.7903,0.524524,CMN,BRACKET_BASE,false,true,0.65020552,0.40125343999999996,0.58953662,,0.3936,false
EVT-MED-1604,Territorial Rupture of Mongol Empire / Ilkhanate,1292,medieval,collapse,Eurasian Steppe,Mongol Empire / Ilkhanate,CHR-MED-1604,745.1,0.631,0.295,0.4307,0.417,13.1,0.274,32.3,43.9,0.3959,62.2,10.1,0.3495,0.4627,0.3757,0.1427,0.1812,0.1026,0.253,-0.3601,0.6472,0.8212,0.535348,CMN,BRACKET_BASE,false,true,0.60452739,0.3862587,0.5859123799999999,,0.3546,false
EVT-MED-1605,Palatial Collapse of Mongol Empire / Ilkhanate,896,medieval,collapse,Eurasian Steppe,Mongol Empire / Ilkhanate,CHR-MED-1605,544.1,0.527,0.317,0.3584,0.622,9.9,0.3605,29.1,40.6,0.3416,20.9,5.5,0.2475,0.4485,0.3491,0.124,0.198,0.1851,0.2609,-0.2634,0.6909,0.7859,0.584779,CMN,BRACKET_BASE,false,true,0.61931088,0.39035526,0.57197895,,0.3513,false
EVT-MED-1606,Monastic Network Expansion of Mongol Empire / Ilkhanate,1239,medieval,religious,Eurasian Steppe,Mongol Empire / Ilkhanate,CHR-MED-1606,1282.3,0.714,0.865,0.4937,0.541,11.4,0.3275,30.8,38.3,0.3461,61,10.6,0.3506,0.3464,0.3752,0.1787,0.2302,0.4171,0.3095,0.0707,0.4042,0.5941,0.417823,CMN,BRACKET_BASE,false,true,0.55436292,0.3857102,0.42896931999999993,,0.3611,false
EVT-MED-1607,Grain Market Price Shock across Mali Empire,1240,medieval,economic,West Africa,Mali Empire,CHR-MED-1607,1299.9,0.54,0.177,0.7608,0.281,10.2,0.1915,28.6,38.5,0.3236,48.4,8.4,0.3228,0.4453,0.3537,0.0785,0.2156,0.5263,0.3239,0.081,0.5229,0.6131,0.443507,CMN,BRACKET_BASE,false,true,0.77599032,0.5271661200000001,0.68379845,,0.4057,false
EVT-MED-1608,Harbor Incursion Sickness in Song Dynasty,1346,medieval,pandemic,East Asia,Song Dynasty,CHR-MED-1608,787.2,0.693,0.404,0.3997,0.603,12.5,0.364,27.6,40.1,0.3224,15,11.8,0.255,0.4145,0.365,0,0.1441,0.4359,0.2719,0.0214,0.74,0.6636,0.470128,CMN,BRACKET_BASE,false,true,0.60200015,0.4137686,0.48206468,,0.4067,false
EVT-MED-1609,Secular Legal Separation in Holy Roman Empire,819,medieval,religious,Central Europe,Holy Roman Empire,CHR-MED-1609,935.2,0.646,0.635,0.4158,0.353,16.4,0.2585,34.7,35.7,0.3725,50.9,13.6,0.3525,0.3341,0.3604,0.1993,0.3074,0.3356,0.3074,0.0015,0.3081,0.5508,0.499652,CMN,BRACKET_BASE,false,true,0.5517988,0.3772328,0.43919572,,0.3237,false
EVT-MED-1610,Fiscal Modernization in Mali Empire,1222,medieval,transformation,West Africa,Mali Empire,CHR-MED-1610,868.8,0.418,0.825,0.3952,0.477,11.9,0.298,35.6,38.8,0.4008,37.1,6.1,0.2921,0.236,0.2966,0.207,0.3893,0.3426,0.2943,0.1066,0.3298,0.6059,0.562572,CMN,BRACKET_BASE,false,true,0.6866826,0.52744431,0.5931374399999999,,0.3041,true
EVT-MED-1611,Fiscal Default Crisis in Khmer Empire,1305,medieval,collapse,Southeast Asia,Khmer Empire,CHR-MED-1611,1137.5,0.611,0.643,0.5214,0.546,12.6,0.336,26.9,37.7,0.3005,25.5,6.1,0.2649,0.4508,0.3572,0.034,0.0858,0.1613,0.2178,-0.2895,0.7678,0.8046,0.435527,CMN,BRACKET_BASE,false,true,0.9536373,0.570875,0.915125,,0.3865,true
EVT-MED-1612,Printing & Communications Diffusion in Byzantine Empire,1093,medieval,technological,Eastern Mediterranean,Byzantine Empire,CHR-MED-1612,1044.2,0.541,0.204,0.6291,0.744,7.1,0.4075,32.8,39.7,0.376,27.9,7.3,0.2774,0.3765,0.3991,0.4458,0.5495,0.7055,0.4953,0.329,0.2576,0.6602,0.747498,RMD,BRACKET_HIGH,true,false,0.50970147,0.48437586,0.51017607,,0.3314,false
EVT-MED-1613,Constitutional Reorganization of Chola Dynasty,1237,medieval,transformation,South India,Chola Dynasty,CHR-MED-1613,908.4,0.611,0.107,0.5718,0.729,17.3,0.451,27.2,43.9,0.3409,64.7,12.9,0.3663,0.3565,0.4248,0.333,0.5651,0.5913,0.4541,0.2348,0.1319,0.5852,0.846505,RMD,BRACKET_HIGH,true,false,0.242627,0.373856,0.3096,,0.3346,false
EVT-MED-1614,Institutional Dissolution of Tang Dynasty,1080,medieval,collapse,East Asia,Tang Dynasty,CHR-MED-1614,606.1,0.558,0.169,0.4234,0.259,5.5,0.157,25.7,36.6,0.281,53.8,13.2,0.3545,0.3663,0.2648,0,0.0524,0.1389,0.1645,-0.2274,0.8381,0.8331,0.455865,CMN,BRACKET_BASE,false,true,0.7969318799999999,0.5292406000000001,0.78995887,,0.3794,false
EVT-MED-1615,Mechanical Power Harnessing in Chola Dynasty,1187,medieval,technological,South India,Chola Dynasty,CHR-MED-1615,893.1,0.686,0.35,0.469,0.641,5.2,0.3465,33.4,35.3,0.3561,30.2,12.8,0.3107,0.3218,0.355,0.4618,0.5788,0.5051,0.4445,0.1833,0.2081,0.6053,0.83622,RMD,BRACKET_HIGH,true,false,0.28130004,0.39108168,0.44421525999999995,,0.28,false
EVT-MED-1616,Debt Crisis Settlement of Mali Empire,516,medieval,economic,West Africa,Mali Empire,CHR-MED-1616,1266.7,0.665,0.32,0.6644,0.704,17.4,0.439,33.5,42.4,0.3998,48.1,6.1,0.3109,0.5322,0.4895,0.3637,0.4979,0.6147,0.4996,0.0825,0.6022,0.5996,0.588213,CMN,BRACKET_BASE,false,true,0.53353684,0.37307343000000004,0.42945,,0.3575,false
EVT-MED-1617,Canal Infrastructure Boom in Kingdom of England,528,medieval,economic,British Isles,Kingdom of England,CHR-MED-1617,821.6,0.548,0.783,0.346,0.255,4.8,0.1515,35.9,39.5,0.4082,22.5,9.1,0.2709,0.31,0.2394,0.0197,0.1885,0.1858,0.1887,-0.1242,0.3604,0.6513,0.62167,CMN,BRACKET_BASE,false,true,0.51494553,0.38741337000000003,0.48832637,,0.3697,true
EVT-MED-1618,Peasant Rebellion against Abbasid Caliphate,882,medieval,revolution,Middle East,Abbasid Caliphate,CHR-MED-1618,774.4,0.483,0.732,0.3581,0.342,8.7,0.2145,34.6,35.2,0.3684,53.2,9.9,0.3372,0.3668,0.275,0,0.2102,0.3326,0.2369,-0.0342,0.4997,0.6322,0.537951,CMN,BRACKET_BASE,false,true,0.61274078,0.3912745,0.4733184,,0.4022,false
EVT-MED-1619,Astronomical Standardization by Holy Roman Empire,971,medieval,technological,Central Europe,Holy Roman Empire,CHR-MED-1619,806.9,0.416,0.684,0.4083,0.48,8.6,0.283,32.8,41.2,0.385,16.5,10,0.2529,0.2519,0.3035,0.4028,0.5566,0.586,0.4202,0.3341,0.3964,0.7481,0.696228,RMD,BRACKET_MEDIUM,false,false,0.42047168,0.38367232,0.41462496000000004,,0.3214,false
EVT-MED-1620,Navigational Instrument Reform in Byzantine Empire,1183,medieval,technological,Eastern Mediterranean,Byzantine Empire,CHR-MED-1620,570.1,0.459,0.887,0.2203,0.459,12.4,0.2915,26.1,41,0.3117,46.6,8.2,0.3191,0.1962,0.2177,0.3228,0.3857,0.4693,0.3183,0.2731,0.4091,0.7562,0.671349,RMD,BRACKET_MEDIUM,false,true,0.5393044800000001,0.46277609999999997,0.6040755,,0.3056,false
EVT-MED-1621,Hydraulic Engineering Grid in Byzantine Empire,746,medieval,technological,Eastern Mediterranean,Byzantine Empire,CHR-MED-1621,1269.2,0.756,0.233,0.6644,0.665,6.9,0.367,32.7,37.2,0.36,27.1,13.8,0.3078,0.3553,0.3947,0.4977,0.6554,0.705,0.5216,0.3497,0.3822,0.7057,0.688523,RMD,BRACKET_MEDIUM,false,false,0.54866856,0.55925,0.6507499999999999,,0.3271,false
EVT-MED-1622,Navigational Instrument Reform in Song Dynasty,994,medieval,technological,East Asia,Song Dynasty,CHR-MED-1622,1203.5,0.424,0.415,0.6777,0.485,12.4,0.3045,31.3,41.1,0.3683,40.1,6.1,0.2977,0.3306,0.3653,0.4278,0.5709,0.6189,0.4627,0.2883,0.4854,0.7045,0.472262,CMN,BRACKET_BASE,false,true,0.70001283,0.54825,0.65525,,0.3169,false
EVT-MED-1623,Coalition Defense of Kamakura / Muromachi Japan,638,medieval,war,East Asia,Kamakura / Muromachi Japan,CHR-MED-1623,1052.5,0.488,0.177,0.6571,0.702,10.4,0.403,32.3,35.7,0.3467,48.7,13.1,0.3468,0.5064,0.4482,0.1857,0.2408,0.5905,0.3943,0.0841,0.6971,0.6387,0.506128,CMN,BRACKET_BASE,false,true,0.79678634,0.58585592,0.71221008,,0.4047,false
EVT-MED-1624,Guild Monopoly Reform in Kingdom of France,1223,medieval,economic,Western Europe,Kingdom of France,CHR-MED-1624,1166.9,0.743,0.562,0.5203,0.578,13.7,0.3575,34.9,41.8,0.4113,51.7,7.8,0.3246,0.396,0.352,0.2464,0.3635,0.5522,0.382,0.1562,0.5671,0.6628,0.438838,CMN,BRACKET_BASE,false,true,0.87672829,0.55325,0.658625,,0.3647,false
EVT-MED-1625,Guild Monopoly Reform in Holy Roman Empire,582,medieval,economic,Central Europe,Holy Roman Empire,CHR-MED-1625,863.1,0.41,0.562,0.4737,0.258,7.5,0.1665,33.9,34,0.3537,29.4,5.1,0.2702,0.2773,0.2471,0.0719,0.1274,0.0622,0.1572,-0.2151,0.3404,0.6822,0.499579,CMN,BRACKET_BASE,false,true,0.5355207000000001,0.36423638999999997,0.47915021999999996,,0.3247,false
EVT-MED-1626,Agrarian Insurgency in Holy Roman Empire,773,medieval,revolution,Central Europe,Holy Roman Empire,CHR-MED-1626,769.9,0.551,0.27,0.4741,0.816,11.6,0.466,30.2,42.3,0.3636,14.8,5.4,0.222,0.4701,0.3094,0,0.223,0.3158,0.2637,-0.1543,0.4149,0.6215,0.468951,CMN,BRACKET_BASE,false,true,0.8142170799999999,0.58725,0.8436250000000001,,0.4064,true
EVT-MED-1627,Silver Flotilla Currency Shock in Holy Roman Empire,1284,medieval,economic,Central Europe,Holy Roman Empire,CHR-MED-1627,1120.7,0.553,0.875,0.4611,0.462,17.6,0.319,26.3,36.3,0.2856,12.1,10.2,0.2315,0.3573,0.3281,0.127,0.2252,0.2411,0.2557,-0.1162,0.5601,0.6729,0.477764,CMN,BRACKET_BASE,false,true,0.75723984,0.52518945,0.7451378,,0.3428,false
EVT-MED-1628,Systemic Governance Breakdown in Mali Empire,1012,medieval,collapse,West Africa,Mali Empire,CHR-MED-1628,810.6,0.404,0.738,0.3974,0.758,6.4,0.411,31.9,34.5,0.3352,45.8,8.3,0.3183,0.4428,0.3726,0.074,0.1354,0.1063,0.2262,-0.3365,0.4145,0.7438,0.399476,CMN,BRACKET_BASE,false,true,0.7845278400000001,0.55662464,0.8547071,,0.362,true
EVT-MED-1629,Caravan Route Pestilence in Abbasid Caliphate,897,medieval,pandemic,Middle East,Abbasid Caliphate,CHR-MED-1629,1338.9,0.674,0.173,0.7406,0.541,8.2,0.3115,33.9,41.5,0.3987,25.2,12.5,0.2961,0.4597,0.4395,0.1431,0.283,0.4273,0.3505,-0.0324,0.8296,0.6373,0.433789,CMN,BRACKET_BASE,false,true,0.92443116,0.573,0.81375,,0.3932,true
EVT-MED-1630,Borderlands Pacification of Song Dynasty,1028,medieval,war,East Asia,Song Dynasty,CHR-MED-1630,642.5,0.479,0.626,0.3275,0.597,16.1,0.379,25.3,42.7,0.3133,43.3,5.4,0.2997,0.2902,0.1821,0.0255,0.0792,0.1105,0.1375,-0.1797,0.5542,0.7126,0.476806,CMN,BRACKET_BASE,false,true,0.8910441600000001,0.537375,0.801,,0.3453,true
EVT-MED-1631,Astronomical Standardization by Chola Dynasty,1187,medieval,technological,South India,Chola Dynasty,CHR-MED-1631,684.7,0.659,0.188,0.4253,0.837,10.4,0.4705,27.3,43.1,0.3372,44.1,13,0.3391,0.3291,0.3645,0.4523,0.5611,0.5463,0.4507,0.2172,0.4422,0.6729,0.636588,RMD,BRACKET_MEDIUM,false,true,0.62783856,0.53036952,0.66649226,,0.2894,false
EVT-MED-1632,Sanitation & Medical Breakthrough in Mongol Empire / Ilkhanate,504,medieval,technological,Eurasian Steppe,Mongol Empire / Ilkhanate,CHR-MED-1632,1172.6,0.621,0.294,0.64,0.799,15.1,0.475,35.7,37.1,0.3917,37.3,13.2,0.328,0.3668,0.4125,0.5179,0.6186,0.5575,0.4947,0.1907,0.1674,0.5488,0.686179,RMD,BRACKET_MEDIUM,false,false,0.32860828000000003,0.3834708,0.4304720000000001,,0.2789,false
EVT-MED-1633,Mercantile Tariff Overhaul across Holy Roman Empire,1483,medieval,economic,Central Europe,Holy Roman Empire,CHR-MED-1633,675.7,0.52,0.402,0.3984,0.431,6.3,0.247,27.9,41.5,0.3341,9.3,7.5,0.1989,0.3678,0.2778,0.0397,0.1148,0.3758,0.2352,0.008,0.5388,0.6221,0.5364,CMN,BRACKET_BASE,false,true,0.6104436,0.40301848999999995,0.47004200000000007,,0.4011,false
EVT-MED-1634,Astronomical Standardization by Classic Maya & Postclassic,1359,medieval,technological,Mesoamerica,Classic Maya & Postclassic,CHR-MED-1634,836.6,0.462,0.899,0.3443,0.468,5.9,0.2635,26.8,43.1,0.3318,45.8,7.8,0.3158,0.2638,0.3101,0.3999,0.4782,0.5474,0.3999,0.2836,0.4264,0.7488,0.590354,CMN,BRACKET_BASE,false,true,0.53813897,0.38109456,0.43150380000000005,,0.3059,false
EVT-MED-1635,Debt Crisis Settlement of Mali Empire,1058,medieval,economic,West Africa,Mali Empire,CHR-MED-1635,1001.6,0.47,0.414,0.5669,0.218,9.7,0.1575,32.4,38.1,0.3621,22.5,7.1,0.2609,0.3839,0.3526,0.119,0.2112,0.4913,0.3116,0.1074,0.5902,0.6726,0.900682,RMD,BRACKET_HIGH,true,false,0.42402945000000003,0.39444295999999995,0.43766272000000006,,0.3951,false
EVT-MED-1636,Frontier Campaign of Holy Roman Empire,1484,medieval,war,Central Europe,Holy Roman Empire,CHR-MED-1636,650.4,0.69,0.826,0.208,0.753,17.5,0.464,30,35.8,0.3225,64.7,7.9,0.3413,0.3175,0.2084,0,0.0533,0.4663,0.2091,0.1488,0.5664,0.7028,0.566939,CMN,BRACKET_BASE,false,true,0.63460167,0.408295,0.43387821,,0.407,false
EVT-MED-1637,Systemic Governance Breakdown in Kievan Rus,982,medieval,collapse,Eastern Europe,Kievan Rus,CHR-MED-1637,779,0.681,0.879,0.2568,0.571,9.3,0.332,29.4,41.3,0.349,55.9,12.8,0.3552,0.397,0.2775,0.0154,0.0571,0.1104,0.1715,-0.2866,0.4884,0.7662,0.614892,CMN,BRACKET_BASE,false,true,0.6191781,0.38702702,0.54237484,,0.3739,false
EVT-MED-1638,Monastic Network Expansion of Chola Dynasty,744,medieval,religious,South India,Chola Dynasty,CHR-MED-1638,595.5,0.578,0.324,0.3658,0.42,10.6,0.263,29.1,37.2,0.3212,33.9,9.8,0.304,0.3036,0.2731,0.1227,0.2895,0.2064,0.2391,-0.0972,0.4327,0.6482,0.537603,CMN,BRACKET_BASE,false,true,0.78802711,0.536625,0.7668750000000001,,0.3283,true
EVT-MED-1639,Canal Infrastructure Boom in Kievan Rus,991,medieval,economic,Eastern Europe,Kievan Rus,CHR-MED-1639,1130.4,0.416,0.325,0.6719,0.747,11.4,0.4305,35.1,41.7,0.4128,49.8,4.9,0.3074,0.5104,0.4728,0.2565,0.3905,0.4157,0.4092,-0.0947,0.3443,0.5399,0.53286,CMN,BRACKET_BASE,false,true,0.5825149999999999,0.49117562,0.71482323,,0.3599,false
EVT-MED-1640,Metallurgical Innovation Surge in Kamakura / Muromachi Japan,1190,medieval,technological,East Asia,Kamakura / Muromachi Japan,CHR-MED-1640,904.6,0.508,0.884,0.3677,0.394,7.7,0.2355,27.4,40.2,0.3209,17.5,6.1,0.2377,0.1928,0.2374,0.2859,0.4071,0.5048,0.3256,0.312,0.2776,0.7293,0.537057,CMN,BRACKET_BASE,false,true,0.64057696,0.541625,0.586,,0.3237,false
EVT-MED-1641,Debt Crisis Settlement of Mali Empire,1142,medieval,economic,West Africa,Mali Empire,CHR-MED-1641,867.6,0.629,0.129,0.5401,0.796,15.9,0.4775,26.1,36.8,0.2865,47.4,7.3,0.3158,0.4318,0.3884,0.1948,0.3105,0.3871,0.3425,-0.0447,0.4398,0.5685,0.7301,RMD,BRACKET_HIGH,true,false,0.5021279200000001,0.38496288,0.4734108,,0.3629,false
EVT-MED-1642,Astronomical Standardization by Mali Empire,963,medieval,technological,West Africa,Mali Empire,CHR-MED-1642,873.3,0.437,0.237,0.5681,0.239,12.6,0.1825,27.9,40.7,0.3293,64.2,11.1,0.3568,0.2627,0.2851,0.3507,0.5104,0.5124,0.3843,0.2497,0.2681,0.6699,0.71555,RMD,BRACKET_HIGH,false,false,0.38442297000000003,0.38250576000000003,0.38941446,,0.3087,false
EVT-MED-1643,Palatial Collapse of Kingdom of England,930,medieval,collapse,British Isles,Kingdom of England,CHR-MED-1643,884.6,0.661,0.595,0.3989,0.787,7,0.4285,33.2,43.4,0.4026,14.5,11.8,0.2526,0.432,0.3645,0.0555,0.1174,0.2476,0.2434,-0.1844,0.4855,0.6665,0.596303,CMN,BRACKET_BASE,false,true,0.54208159,0.39823476,0.5306645,,0.3929,false
EVT-MED-1644,Mercantile Tariff Overhaul across Kingdom of England,1077,medieval,economic,British Isles,Kingdom of England,CHR-MED-1644,1018.1,0.413,0.363,0.6072,0.295,10,0.1975,35.4,44.6,0.4334,29.8,9.8,0.2947,0.3432,0.272,0.1631,0.3284,0.1923,0.2598,-0.1509,0.427,0.6325,0.471649,CMN,BRACKET_BASE,false,true,0.6985008,0.5415,0.7957500000000001,,0.3216,true
EVT-MED-1645,Treaty System Implementation across Kingdom of England,813,medieval,transformation,British Isles,Kingdom of England,CHR-MED-1645,1040.3,0.551,0.484,0.5402,0.619,9.7,0.358,29.4,41.1,0.3478,19,10.5,0.2656,0.2868,0.326,0.1804,0.3488,0.5811,0.3446,0.2943,0.1737,0.6454,0.596286,CMN,BRACKET_BASE,false,true,0.6806219,0.49351005000000003,0.50817312,,0.3741,false
EVT-MED-1646,Peasant Rebellion against Holy Roman Empire,738,medieval,revolution,Central Europe,Holy Roman Empire,CHR-MED-1646,761.8,0.552,0.759,0.3232,0.222,10.4,0.163,31.8,40.6,0.3707,40.8,13.6,0.3364,0.2899,0.1186,0,0.1208,0.2894,0.1637,-0.0005,0.7972,0.701,0.555662,CMN,BRACKET_BASE,false,true,0.7142499000000001,0.47787590999999996,0.67193856,,0.3897,false
EVT-MED-1647,Mechanical Power Harnessing in Holy Roman Empire,685,medieval,technological,Central Europe,Holy Roman Empire,CHR-MED-1647,1065.8,0.41,0.671,0.5387,0.602,12.4,0.363,29.4,36.6,0.3208,26.5,9.8,0.2862,0.333,0.3541,0.4028,0.4706,0.6807,0.4482,0.3477,0.3088,0.7116,0.612639,CMN,BRACKET_BASE,false,true,0.59696172,0.48498775,0.51394728,,0.3349,false
EVT-MED-1648,Agrarian Restructuring of Holy Roman Empire,674,medieval,transformation,Central Europe,Holy Roman Empire,CHR-MED-1648,688.1,0.656,0.389,0.3675,0.409,10.3,0.256,35.2,34.7,0.3719,46.8,8.4,0.3204,0.2329,0.2754,0.1989,0.3327,0.4271,0.2934,0.1942,0.1161,0.6146,0.505038,CMN,BRACKET_BASE,false,true,0.6891157499999999,0.47842112,0.48518616999999997,,0.3222,false
EVT-MED-1649,Institutional Dissolution of Mali Empire,1375,medieval,collapse,West Africa,Mali Empire,CHR-MED-1649,859,0.621,0.602,0.3965,0.408,10.2,0.255,31.2,36.4,0.339,44.2,12.3,0.3357,0.4237,0.3105,0.0424,0.09,0.0658,0.1865,-0.3579,0.7708,0.8674,0.450023,CMN,BRACKET_BASE,false,true,0.9437937000000001,0.5589999999999999,0.9385,,0.3629,true
EVT-MED-1650,Institutional Dissolution of Mali Empire,689,medieval,collapse,West Africa,Mali Empire,CHR-MED-1650,662.6,0.526,0.111,0.4776,0.766,14.3,0.4545,26.9,41.1,0.3209,30.2,12.7,0.3102,0.4883,0.4289,0.1826,0.203,0.125,0.2856,-0.3633,0.6663,0.8048,0.466605,CMN,BRACKET_BASE,false,true,0.6258601699999999,0.3996489,0.6085392000000001,,0.3524,false
EVT-MED-1651,Treaty System Implementation across Holy Roman Empire,806,medieval,transformation,Central Europe,Holy Roman Empire,CHR-MED-1651,860.8,0.479,0.857,0.3634,0.482,6.5,0.2735,33.8,34.3,0.3544,61.1,10,0.3477,0.2472,0.2871,0.1834,0.3039,0.3577,0.2759,0.1105,0.2484,0.6031,0.602402,CMN,BRACKET_BASE,false,true,0.7392114,0.51443694,0.56678076,,0.3117,false
EVT-MED-1652,Fiscal Default Crisis in Kingdom of France,785,medieval,collapse,Western Europe,Kingdom of France,CHR-MED-1652,871.4,0.726,0.217,0.4864,0.723,5.3,0.388,32.9,44.5,0.4059,33.1,13.4,0.3203,0.5113,0.4246,0.039,0.0881,0.2592,0.2644,-0.2521,0.6546,0.7377,0.4898,CMN,BRACKET_BASE,false,true,0.7846585500000001,0.5791723400000001,0.8405443200000001,,0.4068,false
EVT-MED-1653,Mercantile Tariff Overhaul across Kamakura / Muromachi Japan,501,medieval,economic,East Asia,Kamakura / Muromachi Japan,CHR-MED-1653,1236.9,0.727,0.671,0.5261,0.438,17.2,0.305,31.5,36.9,0.3452,27.7,11.9,0.2999,0.4351,0.3528,0.0867,0.2206,0.4582,0.3107,0.0231,0.2511,0.5288,0.654291,RMD,BRACKET_MEDIUM,false,true,0.4739236399999999,0.5165871299999999,0.6566828999999998,,0.4043,false
EVT-MED-1654,Systemic Governance Breakdown in Song Dynasty,1463,medieval,collapse,East Asia,Song Dynasty,CHR-MED-1654,1141.5,0.433,0.191,0.7123,0.252,7.8,0.165,31.7,44.7,0.3942,52.5,11.2,0.3427,0.5201,0.4207,0.0628,0.1004,0.2539,0.2716,-0.2662,0.4647,0.6992,0.605015,CMN,BRACKET_BASE,false,true,0.56232324,0.40644776000000005,0.55634121,,0.4015,false
EVT-MED-1655,Maritime Hegemony Clash in Tang Dynasty,854,medieval,war,East Asia,Tang Dynasty,CHR-MED-1655,793.7,0.645,0.419,0.4127,0.594,6.8,0.331,26.7,37,0.2942,14.2,8.2,0.233,0.318,0.233,0,0.1362,0.2598,0.1894,-0.0582,0.3463,0.5923,0.641066,RMD,BRACKET_MEDIUM,false,true,0.59044986,0.48370560000000007,0.6731176099999999,,0.3908,false
EVT-MED-1656,Canal Infrastructure Boom in Kamakura / Muromachi Japan,515,medieval,economic,East Asia,Kamakura / Muromachi Japan,CHR-MED-1656,1298.1,0.648,0.104,0.7494,0.216,7.2,0.144,35.2,44.7,0.4319,23.4,12.4,0.2902,0.4751,0.4415,0.2781,0.394,0.6288,0.4435,0.1537,0.6107,0.6669,0.601394,CMN,BRACKET_BASE,false,true,0.5534684799999999,0.39575493000000006,0.42763752000000005,,0.3801,false
EVT-MED-1657,Dynastic Disintegration of Classic Maya & Postclassic,1451,medieval,collapse,Mesoamerica,Classic Maya & Postclassic,CHR-MED-1657,696,0.657,0.801,0.2474,0.376,9.5,0.2355,32.5,34.8,0.3434,14.5,10.2,0.2446,0.3259,0.2285,0,0.0258,0,0.116,-0.3505,0.6408,0.8555,0.472924,CMN,BRACKET_BASE,false,true,0.8922353700000001,0.5387843299999999,0.8389813500000001,,0.3565,true
EVT-MED-1658,Decentralization Wave across Abbasid Caliphate,653,medieval,collapse,Middle East,Abbasid Caliphate,CHR-MED-1658,718.9,0.705,0.667,0.2843,0.566,4.5,0.3055,29.4,41.3,0.349,41.7,11,0.325,0.3973,0.3459,0,0.0394,0.1955,0.1956,-0.2018,0.8097,0.8006,0.653581,RMD,BRACKET_MEDIUM,false,true,0.61363764,0.3916928,0.5333244,,0.3972,false
EVT-MED-1659,Monastic Network Expansion of Khmer Empire,867,medieval,religious,Southeast Asia,Khmer Empire,CHR-MED-1659,740.8,0.657,0.28,0.4253,0.322,13.5,0.2285,30.1,34,0.3128,10.5,5,0.1952,0.2443,0.2959,0.1726,0.2411,0.2272,0.2362,-0.0171,0.4503,0.6068,0.513018,CMN,BRACKET_BASE,false,true,0.59366325,0.3657509,0.44624425999999995,,0.2762,false
EVT-MED-1660,Synod Monotheistic Mandate in Holy Roman Empire,860,medieval,religious,Central Europe,Holy Roman Empire,CHR-MED-1660,1118.1,0.674,0.881,0.4217,0.295,8.8,0.1915,25.4,36.6,0.2778,28.3,13.6,0.31,0.2729,0.2572,0.1658,0.2608,0.4358,0.2785,0.1629,0.4763,0.7034,0.602471,CMN,BRACKET_BASE,false,true,0.5802827,0.3714336,0.38501399999999997,,0.3454,false
EVT-MED-1661,Orthodoxy & Heresy Trial Wave in Khmer Empire,1286,medieval,religious,Southeast Asia,Khmer Empire,CHR-MED-1661,1335.2,0.512,0.476,0.6965,0.597,14.8,0.3725,34.4,35.4,0.3675,40.1,12.6,0.3302,0.4306,0.461,0.3216,0.3758,0.3964,0.3971,-0.0342,0.4123,0.5361,0.454574,CMN,BRACKET_BASE,false,true,0.68540307,0.544125,0.7466250000000001,,0.2947,true
EVT-MED-1662,Judicial Standard Reform in Chola Dynasty,1366,medieval,transformation,South India,Chola Dynasty,CHR-MED-1662,1042.4,0.613,0.813,0.424,0.486,11.8,0.302,33,44.5,0.407,49.7,10.5,0.3352,0.2672,0.3403,0.2717,0.4344,0.3801,0.3387,0.1129,0.1181,0.5505,0.503403,CMN,BRACKET_BASE,false,true,0.6679457299999999,0.48320298000000006,0.54096444,,0.2954,true
EVT-MED-1663,Temple Bureaucracy Reorganization of Holy Roman Empire,1073,medieval,religious,Central Europe,Holy Roman Empire,CHR-MED-1663,984.1,0.569,0.7,0.443,0.215,15.6,0.1855,29.5,36.2,0.3195,31,4.8,0.2726,0.2837,0.3557,0.234,0.3282,0.2632,0.293,-0.0205,0.4393,0.6087,0.809339,RMD,BRACKET_HIGH,true,false,0.37657698,0.36239406,0.44290922,,0.2728,false
EVT-MED-1664,Orthodoxy & Heresy Trial Wave in Umayyad Caliphate (Al-Andalus),832,medieval,religious,Iberia / North Africa,Umayyad Caliphate (Al-Andalus),CHR-MED-1664,852,0.597,0.753,0.355,0.841,10.6,0.4735,29,39.4,0.3333,51.3,13.5,0.3525,0.4038,0.3775,0.2565,0.3184,0.4165,0.3545,0.0127,0.2313,0.5204,0.655844,RMD,BRACKET_MEDIUM,false,true,0.5989956,0.46923352,0.61308026,,0.3317,false
EVT-MED-1665,Mechanical Power Harnessing in Tang Dynasty,708,medieval,technological,East Asia,Tang Dynasty,CHR-MED-1665,1049.4,0.448,0.76,0.4927,0.421,15.1,0.286,25.4,34.8,0.267,47.5,6.3,0.3109,0.248,0.2756,0.3432,0.4146,0.4633,0.3489,0.2153,0.4668,0.7061,0.662155,RMD,BRACKET_MEDIUM,false,true,0.57269067,0.36925056,0.42345463,,0.2924,false
EVT-MED-1666,Temple Bureaucracy Reorganization of Classic Maya & Postclassic,530,medieval,religious,Mesoamerica,Classic Maya & Postclassic,CHR-MED-1666,697.5,0.555,0.521,0.3627,0.267,9.8,0.1825,29,35.9,0.3123,47.9,12.4,0.3421,0.2741,0.2639,0.1031,0.2348,0.3702,0.2492,0.0961,0.405,0.6545,0.557056,CMN,BRACKET_BASE,false,true,0.53969125,0.37471679999999996,0.40708294,,0.3618,false
EVT-MED-1667,Urban Quarantine Emergency in Holy Roman Empire,1137,medieval,pandemic,Central Europe,Holy Roman Empire,CHR-MED-1667,1207.1,0.439,0.536,0.6386,0.72,13.5,0.4275,33,39.7,0.3782,42.3,6.5,0.3036,0.534,0.4715,0.0785,0.2533,0.2148,0.3104,-0.3192,0.8364,0.7948,0.393529,CMN,BRACKET_BASE,false,true,0.9945813499999999,0.585125,0.9542499999999999,,0.3956,false
EVT-MED-1668,Epidemic Fever Outbreak across Mongol Empire / Ilkhanate,1374,medieval,pandemic,Eurasian Steppe,Mongol Empire / Ilkhanate,CHR-MED-1668,704.5,0.694,0.492,0.3331,0.54,11.8,0.329,30.5,41,0.3591,31.1,5.5,0.2763,0.3836,0.3358,0,0.1262,0.1704,0.2032,-0.2132,0.8188,0.7966,0.343239,CMN,BRACKET_BASE,false,true,1,0.560875,0.874625,,0.3892,true
EVT-MED-1669,Metallurgical Innovation Surge in Abbasid Caliphate,1430,medieval,technological,Middle East,Abbasid Caliphate,CHR-MED-1669,1036.6,0.76,0.752,0.3954,0.847,6.2,0.4545,25.2,43.4,0.3164,62.8,12.6,0.3627,0.287,0.335,0.4131,0.5555,0.5691,0.4319,0.2821,0.2021,0.6579,0.784494,RMD,BRACKET_HIGH,true,false,0.4668108,0.3894912,0.39701088,,0.3109,false
EVT-MED-1670,Institutional Dissolution of Kingdom of England,1342,medieval,collapse,British Isles,Kingdom of England,CHR-MED-1670,627.8,0.493,0.14,0.4621,0.571,7.1,0.321,28.9,38.7,0.328,56.1,10.3,0.343,0.4437,0.3519,0,0.0508,0.1553,0.2003,-0.2884,0.6362,0.7781,0.365965,CMN,BRACKET_BASE,false,true,0.7752043000000001,0.56352128,0.85417255,,0.3961,true
EVT-MED-1671,Agrarian Restructuring of Song Dynasty,503,medieval,transformation,East Asia,Song Dynasty,CHR-MED-1671,843.5,0.642,0.851,0.308,0.491,16.5,0.328,26,34.8,0.2734,61.1,12.2,0.3587,0.2496,0.317,0.2559,0.5041,0.5179,0.3689,0.2683,0.3202,0.7185,0.721409,RMD,BRACKET_HIGH,false,false,0.41336962000000005,0.46951785,0.48524175999999997,,0.3348,false
EVT-MED-1672,Institutional Dissolution of Holy Roman Empire,524,medieval,collapse,Central Europe,Holy Roman Empire,CHR-MED-1672,1298.4,0.652,0.327,0.6814,0.372,8.6,0.229,34.3,36.7,0.3742,49.6,10.4,0.3346,0.5498,0.4616,0.1273,0.2182,0.2317,0.3177,-0.3181,0.4827,0.7298,0.744859,RMD,BRACKET_HIGH,true,false,0.3708251,0.39807625,0.57379104,,0.3803,false
EVT-MED-1673,Orthodoxy & Heresy Trial Wave in Chola Dynasty,1235,medieval,religious,South India,Chola Dynasty,CHR-MED-1673,566.8,0.525,0.756,0.2383,0.682,10.5,0.3935,27.4,34.9,0.2891,42.9,10.9,0.3266,0.2725,0.3028,0.1098,0.2056,0.3527,0.2487,0.0802,0.2639,0.6011,0.607482,CMN,BRACKET_BASE,false,true,0.70014504,0.53635758,0.60796827,,0.3604,true
EVT-MED-1674,Decentralization Wave across Holy Roman Empire,1409,medieval,collapse,Central Europe,Holy Roman Empire,CHR-MED-1674,1176.9,0.661,0.565,0.5488,0.546,5.6,0.301,35.8,39.9,0.4096,37.6,10.9,0.317,0.4995,0.4377,0.1293,0.1689,0.0683,0.2607,-0.4312,0.7545,0.8626,0.512002,CMN,BRACKET_BASE,false,true,0.65131825,0.39256842000000003,0.6103691,,0.3695,false
EVT-MED-1675,Secular Legal Separation in Chola Dynasty,612,medieval,religious,South India,Chola Dynasty,CHR-MED-1675,1076.3,0.51,0.685,0.5096,0.491,14.6,0.3185,26,41.6,0.3142,58.6,12.7,0.3581,0.389,0.4351,0.2913,0.4026,0.433,0.3902,0.044,0.3781,0.5769,0.480616,CMN,BRACKET_BASE,false,true,0.6504691199999999,0.4713192,0.63451296,,0.3137,false
EVT-MED-1676,Fiscal Default Crisis in Byzantine Empire,592,medieval,collapse,Eastern Mediterranean,Byzantine Empire,CHR-MED-1676,640.7,0.474,0.897,0.2469,0.798,14,0.469,26,43.4,0.325,22.2,13.2,0.2904,0.4534,0.3981,0.0604,0.1205,0.2257,0.2516,-0.2277,0.6766,0.766,0.492111,CMN,BRACKET_BASE,false,true,0.624161,0.39864150000000004,0.5597788499999999,,0.391,false
EVT-MED-1677,Caravan Route Pestilence in Holy Roman Empire,1184,medieval,pandemic,Central Europe,Holy Roman Empire,CHR-MED-1677,995.3,0.667,0.881,0.3647,0.487,4.9,0.268,28.1,38.9,0.3206,17.2,10.8,0.2599,0.3375,0.2619,0,0.1681,0.073,0.1681,-0.2645,0.9499,0.8673,0.650847,RMD,BRACKET_MEDIUM,false,true,0.61634835,0.3761904,0.5457266399999999,,0.3677,false
EVT-MED-1678,Navigational Instrument Reform in Tang Dynasty,1498,medieval,technological,East Asia,Tang Dynasty,CHR-MED-1678,856.8,0.66,0.43,0.4353,0.633,8.6,0.3595,26.4,37,0.2909,35.8,6,0.289,0.2658,0.3027,0.3461,0.5045,0.4475,0.3733,0.1817,0.1953,0.6141,0.517652,CMN,BRACKET_BASE,false,true,0.49474568,0.38228766000000003,0.39709960000000005,,0.2942,false
EVT-MED-1679,Frontier Fragmentation of Kingdom of England,1057,medieval,collapse,British Isles,Kingdom of England,CHR-MED-1679,694.7,0.674,0.143,0.4391,0.738,12.8,0.433,33.7,39.1,0.3821,17.4,8.7,0.2503,0.5173,0.4079,0.0958,0.1432,0.2161,0.2761,-0.3012,0.4222,0.7101,0.385731,CMN,BRACKET_BASE,false,true,0.74870754,0.5651607500000001,0.85022739,,0.3858,false
EVT-MED-1680,Guild Monopoly Reform in Abbasid Caliphate,1303,medieval,economic,Middle East,Abbasid Caliphate,CHR-MED-1680,1264,0.622,0.782,0.5374,0.297,15.6,0.2265,33.9,42.2,0.4029,35.8,10.4,0.311,0.4377,0.3432,0.2249,0.3801,0.452,0.3676,0.0143,0.3264,0.5443,0.561919,CMN,BRACKET_BASE,false,true,0.46524800000000005,0.38443968,0.435512,,0.3634,false
EVT-MED-1681,Guild Monopoly Reform in Khmer Empire,604,medieval,economic,Southeast Asia,Khmer Empire,CHR-MED-1681,540.1,0.481,0.74,0.2434,0.304,12.7,0.2155,32.7,43.9,0.4002,19.8,7.4,0.2531,0.3363,0.2877,0.1639,0.3219,0.5069,0.3233,0.1706,0.3703,0.6858,0.46198,CMN,BRACKET_BASE,false,true,0.54817484,0.38510774999999997,0.38349696,,0.3754,false
EVT-MED-1682,Monastic Network Expansion of Holy Roman Empire,961,medieval,religious,Central Europe,Holy Roman Empire,CHR-MED-1682,1341.7,0.717,0.222,0.7143,0.273,8,0.1765,27,40.8,0.3202,16.5,6.1,0.2334,0.3739,0.3863,0.2781,0.3538,0.5983,0.3981,0.2244,0.2248,0.6257,0.72475,RMD,BRACKET_HIGH,false,false,0.52544556,0.5559999999999999,0.563875,,0.3537,false
EVT-MED-1683,Guild Monopoly Reform in Byzantine Empire,958,medieval,economic,Eastern Mediterranean,Byzantine Empire,CHR-MED-1683,630.3,0.534,0.626,0.3052,0.783,13.4,0.4585,34.9,39.6,0.3981,19.3,5.3,0.2408,0.3792,0.3067,0.1404,0.2893,0.5666,0.3364,0.1874,0.6121,0.71,0.43813,CMN,BRACKET_BASE,false,true,0.841662,0.56825,0.685,,0.3963,false
EVT-MED-1684,Maritime Trade Hub Expansion in Umayyad Caliphate (Al-Andalus),1162,medieval,economic,Iberia / North Africa,Umayyad Caliphate (Al-Andalus),CHR-MED-1684,1022.4,0.521,0.17,0.6348,0.427,13.7,0.282,29.8,42,0.3575,11.7,9.9,0.2275,0.3572,0.3184,0.1811,0.2597,0.2927,0.2818,-0.0645,0.5154,0.6025,0.371777,CMN,BRACKET_BASE,false,true,0.875,0.5397500000000001,0.76975,,0.3257,true
EVT-MED-1685,Institutional Dissolution of Mongol Empire / Ilkhanate,805,medieval,collapse,Eurasian Steppe,Mongol Empire / Ilkhanate,CHR-MED-1685,559.8,0.516,0.534,0.3042,0.707,6.9,0.388,26.9,44,0.3383,64.7,6.9,0.3363,0.3917,0.2807,0,0.0686,0.0937,0.1669,-0.298,0.6015,0.7867,0.485039,CMN,BRACKET_BASE,false,true,0.767052,0.5494536,0.8468396400000001,,0.3755,true
EVT-MED-1686,Fiscal Default Crisis in Chola Dynasty,1225,medieval,collapse,South India,Chola Dynasty,CHR-MED-1686,985.7,0.69,0.171,0.5661,0.326,8.3,0.2045,25.8,40.4,0.3049,36.6,5.1,0.2861,0.3918,0.3319,0,0.0798,0.1465,0.19,-0.2453,0.7661,0.7927,0.42021,CMN,BRACKET_BASE,false,true,0.64611763,0.38707376000000004,0.54494928,,0.3863,false
EVT-MED-1687,Mercantile Tariff Overhaul across Kingdom of France,1121,medieval,economic,Western Europe,Kingdom of France,CHR-MED-1687,664.8,0.712,0.152,0.4106,0.229,11.4,0.1715,33.7,35.8,0.3623,21.5,12.6,0.2851,0.3637,0.2868,0.1573,0.2181,0.3828,0.2817,0.0191,0.4595,0.6135,0.509577,CMN,BRACKET_BASE,false,true,0.6694173,0.47049804000000006,0.64193696,,0.3624,false
EVT-MED-1688,Pantheon Reformation of Holy Roman Empire,528,medieval,religious,Central Europe,Holy Roman Empire,CHR-MED-1688,985.8,0.433,0.377,0.5815,0.666,8.5,0.3755,28.3,43.8,0.3522,56.3,11.5,0.3493,0.3711,0.3731,0.1872,0.3517,0.5064,0.3579,0.1353,0.4349,0.6154,0.620844,CMN,BRACKET_BASE,false,true,0.54912662,0.38911583000000005,0.4123714499999999,,0.3748,false
EVT-MED-1689,Military Coup d’État in Kievan Rus,683,medieval,revolution,Eastern Europe,Kievan Rus,CHR-MED-1689,1117.2,0.645,0.829,0.4456,0.623,13.7,0.38,29,42.9,0.3543,30.9,12.5,0.3108,0.379,0.2051,0,0.2373,0.542,0.2727,0.163,0.7652,0.7323,0.546978,CMN,BRACKET_BASE,false,true,0.6653367600000001,0.40551444,0.44560062,,0.3966,false
EVT-MED-1690,Printing & Communications Diffusion in Kingdom of France,929,medieval,technological,Western Europe,Kingdom of France,CHR-MED-1690,868.3,0.429,0.548,0.4748,0.696,17.8,0.437,25.8,34.3,0.2683,59.5,12.3,0.3573,0.2955,0.3384,0.4221,0.4837,0.5011,0.4082,0.2056,0.3046,0.6402,0.614146,CMN,BRACKET_BASE,false,true,0.6447207799999999,0.47198809999999997,0.64002288,,0.2804,false
EVT-MED-1691,Canal Infrastructure Boom in Song Dynasty,760,medieval,economic,East Asia,Song Dynasty,CHR-MED-1691,1056.8,0.682,0.393,0.5362,0.259,6.1,0.16,31.7,36.2,0.3432,24.2,14,0.3006,0.3359,0.2411,0,0.1346,0.4155,0.2254,0.0796,0.319,0.5968,0.625046,CMN,BRACKET_BASE,false,true,0.54234018,0.39266835,0.41062863999999993,,0.4053,false
EVT-MED-1692,Maritime Trade Hub Expansion in Mali Empire,1106,medieval,economic,West Africa,Mali Empire,CHR-MED-1692,1010,0.602,0.377,0.5424,0.25,5.3,0.1515,30.8,39.7,0.3545,35.3,5,0.283,0.375,0.3098,0.2025,0.3114,0.4107,0.3219,0.0357,0.4249,0.5982,0.471186,CMN,BRACKET_BASE,false,true,0.8105452499999999,0.545125,0.702375,,0.3487,false
EVT-MED-1693,Coalition Defense of Tang Dynasty,640,medieval,war,East Asia,Tang Dynasty,CHR-MED-1693,1169.6,0.667,0.882,0.4484,0.483,15.9,0.321,26.4,37.2,0.2921,23.6,11.5,0.2863,0.3836,0.289,0.0921,0.2378,0.4907,0.2986,0.1071,0.5602,0.6687,0.590887,CMN,BRACKET_BASE,false,true,0.6674699000000001,0.569,0.695875,,0.3996,false
EVT-MED-1694,Agrarian Restructuring of Mali Empire,593,medieval,transformation,West Africa,Mali Empire,CHR-MED-1694,1102.1,0.467,0.405,0.6189,0.69,17.7,0.4335,29.9,37.7,0.3328,9.1,6.4,0.1918,0.3325,0.3867,0.3122,0.4668,0.5451,0.4087,0.2126,0.3894,0.6344,0.503823,CMN,BRACKET_BASE,false,true,0.57117693,0.4624334,0.52203974,,0.3241,false
EVT-MED-1695,Guild Monopoly Reform in Khmer Empire,843,medieval,economic,Southeast Asia,Khmer Empire,CHR-MED-1695,1293.3,0.506,0.583,0.646,0.234,5.1,0.1425,27.9,41.2,0.3323,32.3,7.9,0.291,0.3985,0.3776,0.1046,0.1751,0.3002,0.2712,-0.0983,0.6011,0.6652,0.472887,CMN,BRACKET_BASE,false,true,0.7564352,0.492553,0.7516422,,0.3769,false
EVT-MED-1696,Coalition Defense of Kievan Rus,869,medieval,war,Eastern Europe,Kievan Rus,CHR-MED-1696,1071.2,0.693,0.466,0.5179,0.335,6,0.1975,35.9,40,0.4112,48.8,9.3,0.3279,0.3409,0.2591,0.0613,0.1856,0.2451,0.2184,-0.0958,0.6667,0.6794,0.362339,CMN,BRACKET_BASE,false,true,0.9462901499999999,0.547125,0.8035000000000001,,0.3701,true
EVT-MED-1697,Maritime Trade Hub Expansion in Umayyad Caliphate (Al-Andalus),1491,medieval,economic,Iberia / North Africa,Umayyad Caliphate (Al-Andalus),CHR-MED-1697,677.3,0.722,0.438,0.3278,0.588,13.9,0.3635,31.5,39.2,0.359,23.2,11.3,0.2841,0.323,0.2943,0.0801,0.2418,0.0814,0.2041,-0.2416,0.5689,0.7451,0.76734,RMD,BRACKET_HIGH,true,false,0.53558664,0.37180416,0.52645287,,0.3458,false
EVT-MED-1698,Frontier Campaign of Tang Dynasty,915,medieval,war,East Asia,Tang Dynasty,CHR-MED-1698,1031.7,0.726,0.593,0.4509,0.745,6.4,0.4045,25.5,44,0.3232,39.4,11.1,0.3214,0.4075,0.3218,0.1116,0.2575,0.1537,0.2504,-0.2538,0.6959,0.7642,0.52543,CMN,BRACKET_BASE,false,true,0.67625145,0.47341349999999993,0.81162382,,0.3503,false
EVT-MED-1699,Urban Quarantine Emergency in Byzantine Empire,1349,medieval,pandemic,Eastern Mediterranean,Byzantine Empire,CHR-MED-1699,829.9,0.663,0.107,0.5183,0.406,16.6,0.286,27.6,38.1,0.3104,28.6,12,0.3027,0.4448,0.4219,0.1208,0.2361,0.2401,0.2927,-0.2047,0.6378,0.7328,0.443913,CMN,BRACKET_BASE,false,true,0.58788752,0.38044725,0.5364230400000001,,0.367,false
EVT-MED-1700,Borderlands Pacification of Khmer Empire,633,medieval,war,Southeast Asia,Khmer Empire,CHR-MED-1700,934.7,0.457,0.198,0.6034,0.62,11.3,0.3665,31.7,37.1,0.3486,26.2,13.2,0.3024,0.4717,0.3765,0.1628,0.3036,0.4187,0.3467,-0.053,0.6286,0.618,0.525425,CMN,BRACKET_BASE,false,true,0.71075,0.5675,0.8047500000000001,,0.3866,true
EVT-MED-1701,Imperial Unification of Kamakura / Muromachi Japan,1271,medieval,transformation,East Asia,Kamakura / Muromachi Japan,CHR-MED-1701,1294.9,0.751,0.455,0.6116,0.306,10.1,0.2035,30.9,44.6,0.385,44.1,6.1,0.3046,0.2768,0.3331,0.2752,0.435,0.5503,0.3741,0.2735,0.3694,0.69,0.44854,CMN,BRACKET_BASE,false,true,0.84575,0.5463749999999999,0.55375,,0.3338,false
EVT-MED-1702,Succession Conflict of Khmer Empire,1048,medieval,war,Southeast Asia,Khmer Empire,CHR-MED-1702,560.8,0.725,0.31,0.3092,0.364,17,0.267,30.7,43,0.3732,42.8,7.2,0.3079,0.3725,0.296,0.0129,0.1549,0.3141,0.2301,-0.0584,0.3316,0.602,0.56308,CMN,BRACKET_BASE,false,true,0.5666232,0.38445947999999996,0.45655367999999996,,0.4006,false
EVT-MED-1703,Orthodoxy & Heresy Trial Wave in Mongol Empire / Ilkhanate,985,medieval,religious,Eurasian Steppe,Mongol Empire / Ilkhanate,CHR-MED-1703,1079.6,0.442,0.545,0.5736,0.566,13.7,0.3515,28.7,38.7,0.3259,18.3,6.3,0.2419,0.3771,0.4397,0.3082,0.3638,0.4058,0.3789,0.0287,0.2663,0.5244,0.53906,CMN,BRACKET_BASE,false,true,0.45320639999999995,0.36610552,0.41120030999999996,,0.2908,false
EVT-MED-1704,Military Coup d’État in Mongol Empire / Ilkhanate,765,medieval,revolution,Eurasian Steppe,Mongol Empire / Ilkhanate,CHR-MED-1704,895,0.493,0.344,0.5296,0.337,6.1,0.199,31.2,36.6,0.3402,36.7,8.7,0.3043,0.3975,0.276,0.0435,0.2794,0.2127,0.2418,-0.1848,0.4365,0.6786,0.555075,CMN,BRACKET_BASE,false,true,0.52348185,0.38752000000000003,0.5163218399999999,,0.3872,false
EVT-MED-1705,Succession Conflict of Tang Dynasty,1132,medieval,war,East Asia,Tang Dynasty,CHR-MED-1705,861.8,0.441,0.867,0.3723,0.676,12.2,0.399,34.7,35.4,0.3707,43.7,5,0.2984,0.3977,0.3412,0.1271,0.3224,0.3578,0.3092,-0.0399,0.4722,0.5983,0.46429,CMN,BRACKET_BASE,false,true,0.7751652300000001,0.55975,0.7706250000000001,,0.3774,true
EVT-MED-1706,Borderlands Pacification of Kingdom of England,1491,medieval,war,British Isles,Kingdom of England,CHR-MED-1706,885.1,0.568,0.597,0.4265,0.328,9.5,0.2115,32.1,36.9,0.3517,56.6,9.7,0.3406,0.3219,0.2356,0.0514,0.2431,0.4458,0.2596,0.1239,0.3323,0.6315,0.662286,RMD,BRACKET_MEDIUM,false,true,0.6266665599999999,0.56525,0.644625,,0.3972,true
EVT-MED-1707,Mechanical Power Harnessing in Byzantine Empire,1173,medieval,technological,Eastern Mediterranean,Byzantine Empire,CHR-MED-1707,649.3,0.573,0.569,0.3197,0.806,8,0.443,33.8,44.8,0.4174,46.4,6,0.3078,0.3194,0.357,0.4607,0.586,0.4921,0.443,0.1727,0.3903,0.6438,0.486489,CMN,BRACKET_BASE,false,true,0.6499974,0.52501824,0.6825474399999999,,0.2817,false
EVT-MED-1708,Borderlands Pacification of Abbasid Caliphate,766,medieval,war,Middle East,Abbasid Caliphate,CHR-MED-1708,720.4,0.626,0.391,0.3915,0.669,14.3,0.406,30.1,37.5,0.3338,17.3,9.4,0.2533,0.371,0.3018,0,0.1222,0.3056,0.2201,-0.0654,0.4767,0.6148,0.716559,RMD,BRACKET_HIGH,false,false,0.48998551,0.3863476,0.47325809999999996,,0.4035,false
EVT-MED-1709,Mercantile Tariff Overhaul across Tang Dynasty,728,medieval,economic,East Asia,Tang Dynasty,CHR-MED-1709,1182.6,0.499,0.857,0.5125,0.754,16.6,0.46,29.7,36.1,0.3211,31.8,6.7,0.2839,0.4248,0.3759,0.1288,0.285,0.5534,0.3536,0.1286,0.3255,0.5868,0.487846,CMN,BRACKET_BASE,false,true,0.5402518,0.3932108,0.407376,,0.402,false
EVT-MED-1710,Respiratory Virulence Wave across Holy Roman Empire,1424,medieval,pandemic,Central Europe,Holy Roman Empire,CHR-MED-1710,620.8,0.641,0.432,0.3267,0.447,12.5,0.286,25.6,38.6,0.2919,49.3,11.6,0.3401,0.3855,0.3391,0,0.1607,0.1871,0.2145,-0.1984,0.9456,0.8378,0.45917,CMN,BRACKET_BASE,false,true,0.88307742,0.5567500000000001,0.8624999999999999,,0.3907,false
EVT-MED-1711,Institutional Dissolution of Holy Roman Empire,1328,medieval,collapse,Central Europe,Holy Roman Empire,CHR-MED-1711,929.2,0.691,0.471,0.4486,0.397,7.1,0.234,29.8,35.6,0.3191,49.6,6.5,0.3151,0.4445,0.3529,0.0709,0.1549,0.02,0.2086,-0.4245,0.5057,0.8354,0.712203,RMD,BRACKET_HIGH,false,false,0.46878975000000006,0.40208350000000004,0.60956215,,0.3734,false
EVT-MED-1712,Imperial Unification of Abbasid Caliphate,710,medieval,transformation,Middle East,Abbasid Caliphate,CHR-MED-1712,782.8,0.716,0.137,0.4708,0.628,13.5,0.3815,28.8,42.7,0.351,27.5,12.6,0.3029,0.2575,0.3015,0.1993,0.4317,0.4295,0.3239,0.172,0.1111,0.5702,0.524909,CMN,BRACKET_BASE,false,true,0.7779375,0.551875,0.54425,,0.3302,true
EVT-MED-1713,Printing & Communications Diffusion in Classic Maya & Postclassic,786,medieval,technological,Mesoamerica,Classic Maya & Postclassic,CHR-MED-1713,658.4,0.755,0.137,0.3991,0.346,7.4,0.21,25.2,35.2,0.2672,50.2,9.2,0.3295,0.2466,0.2732,0.3571,0.4198,0.4883,0.357,0.2417,0.1737,0.6725,0.609501,CMN,BRACKET_BASE,false,true,0.6381837300000001,0.46012197,0.55734852,,0.2979,false
EVT-MED-1714,Orthodoxy & Heresy Trial Wave in Umayyad Caliphate (Al-Andalus),618,medieval,religious,Iberia / North Africa,Umayyad Caliphate (Al-Andalus),CHR-MED-1714,960.6,0.541,0.853,0.3941,0.586,7,0.328,27.7,44,0.3469,32.2,12.8,0.3153,0.3502,0.387,0.2718,0.4324,0.3073,0.3497,-0.0429,0.2396,0.5527,0.587214,CMN,BRACKET_BASE,false,true,0.660625,0.54325,0.70875,,0.2894,true
EVT-MED-1715,Fiscal Modernization in Chola Dynasty,749,medieval,transformation,South India,Chola Dynasty,CHR-MED-1715,1168.9,0.692,0.513,0.5512,0.622,13.7,0.3795,34,35.3,0.3626,43.7,13.9,0.3429,0.3417,0.4019,0.2715,0.4096,0.4422,0.3734,0.1005,0.2668,0.557,0.481925,CMN,BRACKET_BASE,false,true,0.5084620000000001,0.36987851,0.38810706000000006,,0.3156,false
EVT-MED-1716,Popular Uprising of Classic Maya & Postclassic,773,medieval,revolution,Mesoamerica,Classic Maya & Postclassic,CHR-MED-1716,1263.9,0.506,0.509,0.654,0.68,17.7,0.4285,25.1,40.8,0.2997,49.4,12.7,0.3458,0.4221,0.3255,0,0.1826,0.2224,0.2305,-0.1997,0.4619,0.646,0.474972,CMN,BRACKET_BASE,false,true,0.8115970499999999,0.57625,0.8652500000000001,,0.3997,true
EVT-MED-1717,Provincial Autonomy Insurgency against Abbasid Caliphate,759,medieval,revolution,Middle East,Abbasid Caliphate,CHR-MED-1717,804.6,0.427,0.722,0.3925,0.455,6.1,0.258,33,35.3,0.3518,44.6,11.1,0.3304,0.3372,0.2238,0,0.133,0.4453,0.2279,0.1081,0.4037,0.639,0.778313,RMD,BRACKET_HIGH,true,false,0.42026687999999995,0.38737830000000006,0.40788077,,0.4058,false
EVT-MED-1718,Secular Legal Separation in Kievan Rus,1274,medieval,religious,Eastern Europe,Kievan Rus,CHR-MED-1718,1324.9,0.758,0.759,0.5328,0.466,14,0.303,32.5,35.4,0.347,34.3,10.8,0.3099,0.3782,0.3469,0.2436,0.35,0.5298,0.3697,0.1516,0.4244,0.6405,0.630316,RMD,BRACKET_MEDIUM,false,true,0.47525759999999995,0.37658859,0.39014994000000003,,0.3568,false
EVT-MED-1719,Mercantile Tariff Overhaul across Umayyad Caliphate (Al-Andalus),654,medieval,economic,Iberia / North Africa,Umayyad Caliphate (Al-Andalus),CHR-MED-1719,560.2,0.748,0.694,0.1868,0.745,8.7,0.416,30.7,39.6,0.3528,21.4,5.4,0.2487,0.2588,0.1668,0.0488,0.2226,0.1585,0.1711,-0.1003,0.5073,0.6676,0.411301,CMN,BRACKET_BASE,false,true,0.8073594,0.46732184,0.69716024,,0.3442,true
EVT-MED-1720,Synod Monotheistic Mandate in Kingdom of England,1340,medieval,religious,British Isles,Kingdom of England,CHR-MED-1720,1341.4,0.629,0.543,0.6443,0.617,5.5,0.336,28.4,35.8,0.3053,14,7,0.226,0.3452,0.4225,0.2848,0.4121,0.5732,0.4076,0.228,0.4209,0.6655,0.701711,RMD,BRACKET_HIGH,false,false,0.42664335999999997,0.47582810000000003,0.5401604099999999,,0.3423,false
EVT-MED-1721,Canal Infrastructure Boom in Kamakura / Muromachi Japan,757,medieval,economic,East Asia,Kamakura / Muromachi Japan,CHR-MED-1721,1120.5,0.573,0.877,0.4544,0.736,10.5,0.4205,34.7,41.4,0.4067,10.6,12,0.2309,0.3417,0.2936,0.1681,0.2597,0.1452,0.2417,-0.1965,0.6451,0.7051,0.407271,CMN,BRACKET_BASE,false,true,0.7691323500000001,0.46625232,0.7693487099999999,,0.3175,false
EVT-MED-1722,Agrarian Insurgency in Abbasid Caliphate,1383,medieval,revolution,Middle East,Abbasid Caliphate,CHR-MED-1722,1211.8,0.61,0.206,0.6886,0.443,5.3,0.248,30.9,44,0.3814,59.3,6.7,0.329,0.4792,0.35,0.0082,0.2849,0.6536,0.3552,0.1744,0.7259,0.708,0.849512,RMD,BRACKET_HIGH,true,false,0.40849311999999993,0.44686025999999995,0.48390610000000006,,0.3973,false
EVT-MED-1723,Mechanical Power Harnessing in Mongol Empire / Ilkhanate,1165,medieval,technological,Eurasian Steppe,Mongol Empire / Ilkhanate,CHR-MED-1723,985.7,0.574,0.104,0.621,0.449,16.6,0.3075,35.5,40.6,0.4105,35.2,7.9,0.2973,0.3309,0.3867,0.4875,0.5697,0.5932,0.4736,0.2623,0.2724,0.6389,0.430447,CMN,BRACKET_BASE,false,true,0.6660275600000001,0.5353507200000001,0.64525846,,0.2947,false
EVT-MED-1724,Mechanical Power Harnessing in Khmer Empire,1416,medieval,technological,Southeast Asia,Khmer Empire,CHR-MED-1724,1301.3,0.487,0.468,0.69,0.446,6.1,0.2535,26.6,38.9,0.3045,10.3,5.4,0.1958,0.2773,0.3273,0.388,0.5215,0.4591,0.3946,0.1818,0.2075,0.5928,0.506576,CMN,BRACKET_BASE,false,true,0.65349767,0.548,0.671875,,0.2846,true
EVT-MED-1725,Civic Restoration Revolt in Kingdom of France,1160,medieval,revolution,Western Europe,Kingdom of France,CHR-MED-1725,972.4,0.547,0.332,0.5543,0.589,15.5,0.372,35.7,44.3,0.4349,9.1,11,0.2148,0.4662,0.3296,0.068,0.3287,0.3165,0.3018,-0.1497,0.388,0.6037,0.640174,RMD,BRACKET_MEDIUM,false,true,0.58154228,0.49283572,0.7424318,,0.3995,false
EVT-MED-1726,Orthodoxy & Heresy Trial Wave in Chola Dynasty,504,medieval,religious,South India,Chola Dynasty,CHR-MED-1726,921,0.442,0.857,0.4036,0.394,13.5,0.2645,25.5,39.5,0.2962,44.9,11.7,0.3339,0.2747,0.3431,0.176,0.3385,0.2427,0.275,-0.032,0.3621,0.5932,0.668646,RMD,BRACKET_MEDIUM,false,true,0.525734,0.37229736,0.44752536,,0.3053,false
EVT-MED-1727,Succession Conflict of Abbasid Caliphate,1281,medieval,war,Middle East,Abbasid Caliphate,CHR-MED-1727,978.5,0.429,0.672,0.4907,0.816,13.1,0.4735,30.2,34.8,0.3186,37.9,11.1,0.3186,0.4623,0.4106,0.2396,0.3145,0.4135,0.3681,-0.0488,0.6454,0.6253,0.484308,CMN,BRACKET_BASE,false,true,0.63458388,0.38647181999999997,0.49657664000000007,,0.3552,false
EVT-MED-1728,Agrarian Insurgency in Mali Empire,1339,medieval,revolution,West Africa,Mali Empire,CHR-MED-1728,766.4,0.695,0.225,0.4427,0.22,15.3,0.1865,29.2,36.8,0.3199,22.7,7.2,0.262,0.3747,0.2875,0.0413,0.2848,0.3311,0.2639,-0.0436,0.4497,0.6236,0.661518,RMD,BRACKET_MEDIUM,false,true,0.6214063000000001,0.48196389999999995,0.6864409799999999,,0.3945,false
EVT-MED-1729,Systemic Governance Breakdown in Byzantine Empire,592,medieval,collapse,Eastern Mediterranean,Byzantine Empire,CHR-MED-1729,800.3,0.533,0.857,0.3181,0.244,13.3,0.1885,32.8,35.4,0.3502,62.5,6.8,0.3333,0.3853,0.3204,0.0151,0.0402,0,0.1522,-0.3973,0.45,0.8285,0.469723,CMN,BRACKET_BASE,false,true,0.6403763,0.38466279000000003,0.55966636,,0.3682,false
EVT-MED-1730,Frontier Fragmentation of Kingdom of England,1032,medieval,collapse,British Isles,Kingdom of England,CHR-MED-1730,668.9,0.7,0.61,0.2788,0.524,12.4,0.324,34.6,41,0.4032,32,8.5,0.2934,0.4093,0.3287,0.007,0.0979,0.1899,0.2066,-0.2194,0.5027,0.7233,0.317834,CMN,BRACKET_BASE,false,true,0.7908895899999999,0.5509688,0.80334962,,0.3941,false
EVT-MED-1731,Provincial Autonomy Insurgency against Kingdom of France,1148,medieval,revolution,Western Europe,Kingdom of France,CHR-MED-1731,696.6,0.695,0.283,0.3917,0.635,8,0.3575,31.5,38,0.3518,42.2,12.8,0.3349,0.3846,0.2379,0.0326,0.2637,0.4072,0.2652,0.0226,0.7135,0.6554,0.389444,CMN,BRACKET_BASE,false,true,0.8247721500000001,0.5513119200000001,0.7000281600000001,,0.4031,false
EVT-MED-1732,Popular Uprising of Mongol Empire / Ilkhanate,1012,medieval,revolution,Eurasian Steppe,Mongol Empire / Ilkhanate,CHR-MED-1732,550.8,0.588,0.564,0.2692,0.748,7.7,0.4125,35.9,44.6,0.4388,33.6,8.1,0.2949,0.4536,0.3063,0.0354,0.2473,0.2294,0.2544,-0.2242,0.7058,0.7594,0.84504,RMD,BRACKET_HIGH,true,false,0.44000600000000006,0.3902821,0.5464219499999999,,0.3958,false
EVT-MED-1733,Monastic Network Expansion of Byzantine Empire,1178,medieval,religious,Eastern Mediterranean,Byzantine Empire,CHR-MED-1733,974.4,0.738,0.869,0.3369,0.334,11,0.222,33.1,39.1,0.3757,10.3,12,0.2288,0.3329,0.3609,0.2105,0.3762,0.3955,0.3352,0.0626,0.477,0.6429,0.612189,CMN,BRACKET_BASE,false,true,0.6641442600000002,0.52334744,0.64731784,,0.333,false
EVT-MED-1734,Imperial Annexation War in Song Dynasty,1331,medieval,war,East Asia,Song Dynasty,CHR-MED-1734,1145.4,0.672,0.446,0.566,0.276,17.9,0.2275,33.3,37.1,0.3658,20.5,8.6,0.2616,0.3261,0.2361,0.0615,0.2597,0.3003,0.2367,-0.0258,0.4034,0.5709,0.470763,CMN,BRACKET_BASE,false,true,0.7408388799999999,0.48008532000000004,0.66736349,,0.3775,false
EVT-MED-1735,Dynastic Disintegration of Kamakura / Muromachi Japan,1159,medieval,collapse,East Asia,Kamakura / Muromachi Japan,CHR-MED-1735,572.4,0.528,0.456,0.3301,0.572,17.6,0.374,30.8,42.1,0.3689,29.3,12.4,0.3065,0.4367,0.3784,0.068,0.1479,0,0.2062,-0.4409,0.8244,0.9132,0.565591,CMN,BRACKET_BASE,false,true,0.5840908800000001,0.38822265,0.60617434,,0.3783,false
EVT-MED-1736,Urban Quarantine Emergency in Song Dynasty,1156,medieval,pandemic,East Asia,Song Dynasty,CHR-MED-1736,916.2,0.462,0.454,0.5161,0.792,5.1,0.4215,25.3,42.7,0.3133,37.1,6.4,0.2936,0.4424,0.3702,0.1106,0.3599,0.3826,0.3331,-0.0598,0.8152,0.6785,0.659322,RMD,BRACKET_MEDIUM,false,true,0.5403226,0.47839827,0.7257082800000001,,0.3923,false
EVT-MED-1737,Printing & Communications Diffusion in Kingdom of England,1257,medieval,technological,British Isles,Kingdom of England,CHR-MED-1737,986.6,0.489,0.576,0.5054,0.56,10,0.33,35.9,37.4,0.3956,49.5,13.8,0.3514,0.3424,0.3927,0.4967,0.5855,0.6756,0.4986,0.3332,0.4719,0.7433,0.562212,CMN,BRACKET_BASE,false,true,0.48746476,0.3698832,0.41404572,,0.3178,false
EVT-MED-1738,Fiscal Modernization in Classic Maya & Postclassic,1344,medieval,transformation,Mesoamerica,Classic Maya & Postclassic,CHR-MED-1738,1295.1,0.476,0.133,0.7908,0.758,14.5,0.4515,28.9,37.9,0.3232,32.5,12.8,0.316,0.3689,0.4048,0.3154,0.5433,0.506,0.4277,0.1371,0.384,0.5652,0.663021,RMD,BRACKET_MEDIUM,false,true,0.49710776000000007,0.53187861,0.58509684,,0.32,false
EVT-MED-1739,Radical Assembly Schism in Tang Dynasty,695,medieval,revolution,East Asia,Tang Dynasty,CHR-MED-1739,575.9,0.508,0.369,0.3638,0.613,10,0.3565,31.3,41.5,0.3707,24.6,7.7,0.2703,0.323,0.2393,0,0.2454,0.32,0.2255,-0.003,0.6715,0.6358,0.760253,RMD,BRACKET_HIGH,true,false,0.4630158,0.39491309999999996,0.48018284000000006,,0.3977,false
EVT-MED-1740,Imperial Unification of Tang Dynasty,1306,medieval,transformation,East Asia,Tang Dynasty,CHR-MED-1740,833.6,0.662,0.742,0.3299,0.813,16.3,0.488,29.1,43.5,0.359,32.1,9.3,0.2976,0.2762,0.3421,0.267,0.5063,0.4826,0.3748,0.2064,0.1545,0.6035,0.78826,RMD,BRACKET_HIGH,true,false,0.32781593,0.37540204000000005,0.32369908999999997,,0.3277,false
EVT-MED-1741,Constitutional Reorganization of Classic Maya & Postclassic,966,medieval,transformation,Mesoamerica,Classic Maya & Postclassic,CHR-MED-1741,1038.8,0.584,0.732,0.4552,0.797,5.8,0.4275,30.3,34.1,0.3155,14.6,13.6,0.2621,0.2959,0.3722,0.2774,0.5108,0.5429,0.3998,0.247,0.1258,0.6151,0.720517,RMD,BRACKET_HIGH,false,false,0.4290806,0.38580548,0.31355456,,0.337,false
EVT-MED-1742,Provincial Autonomy Insurgency against Chola Dynasty,536,medieval,revolution,South India,Chola Dynasty,CHR-MED-1742,937.5,0.639,0.428,0.4811,0.702,16.1,0.4315,26.8,39.1,0.3078,60.9,12.9,0.3619,0.4828,0.3747,0.1002,0.2967,0.4408,0.339,-0.042,0.6605,0.6347,0.555725,CMN,BRACKET_BASE,false,true,0.6872912000000001,0.5105564100000001,0.7483182500000001,,0.4029,false
EVT-MED-1743,Monastic Network Expansion of Kievan Rus,537,medieval,religious,Eastern Europe,Kievan Rus,CHR-MED-1743,597.1,0.623,0.42,0.3243,0.403,15.7,0.28,33.5,36.2,0.3626,28.2,7,0.2767,0.2648,0.2274,0.1151,0.2907,0.3033,0.2403,0.0385,0.2422,0.5663,0.668016,RMD,BRACKET_MEDIUM,false,true,0.4364304,0.37588648999999996,0.40854419999999997,,0.3408,false
EVT-MED-1744,Agrarian Insurgency in Kingdom of England,535,medieval,revolution,British Isles,Kingdom of England,CHR-MED-1744,573.2,0.532,0.202,0.4054,0.739,4.5,0.392,27,37.3,0.2992,24,13.6,0.298,0.3534,0.2493,0,0.1044,0.1959,0.1806,-0.1575,0.6772,0.7199,0.441492,CMN,BRACKET_BASE,false,true,0.81843034,0.54124626,0.78103356,,0.3874,true
EVT-MED-1745,Harbor Incursion Sickness in Mali Empire,1378,medieval,pandemic,West Africa,Mali Empire,CHR-MED-1745,827.2,0.453,0.699,0.4024,0.381,14.2,0.2615,35.6,37.4,0.3924,30.4,14,0.3171,0.4288,0.3593,0.019,0.1252,0.2053,0.2275,-0.2235,0.8411,0.8025,0.64194,RMD,BRACKET_MEDIUM,false,true,0.75826454,0.567125,0.882125,,0.3946,false
EVT-MED-1746,Dynastic Disintegration of Byzantine Empire,1284,medieval,collapse,Eastern Mediterranean,Byzantine Empire,CHR-MED-1746,1105,0.502,0.809,0.4886,0.799,7.3,0.436,33.6,38.4,0.3769,52,4.9,0.3105,0.4723,0.4048,0.0945,0.126,0.1554,0.2506,-0.3169,0.547,0.7427,0.491543,CMN,BRACKET_BASE,false,true,0.68492175,0.49743557999999993,0.84641213,,0.3651,false
EVT-MED-1747,Metallurgical Innovation Surge in Abbasid Caliphate,1269,medieval,technological,Middle East,Abbasid Caliphate,CHR-MED-1747,1001.5,0.488,0.307,0.5935,0.547,8,0.3135,25.1,36.4,0.2733,17.1,10.4,0.2575,0.298,0.3571,0.4412,0.5912,0.525,0.4425,0.227,0.3758,0.6695,0.393795,CMN,BRACKET_BASE,false,true,0.7917878799999999,0.551375,0.717375,,0.2939,false
EVT-MED-1748,Caravan Route Pestilence in Chola Dynasty,1157,medieval,pandemic,South India,Chola Dynasty,CHR-MED-1748,1020.1,0.695,0.709,0.4198,0.206,14.4,0.175,32.2,35.9,0.3468,18.3,13.3,0.2769,0.35,0.3252,0.0173,0.1673,0.2562,0.2232,-0.0938,0.837,0.7487,0.644062,RMD,BRACKET_MEDIUM,false,true,0.5811899199999999,0.38627632,0.509107,,0.3898,false
EVT-MED-1749,Bureaucratic Consolidation of Song Dynasty,1104,medieval,transformation,East Asia,Song Dynasty,CHR-MED-1749,1320.4,0.502,0.898,0.5657,0.543,12,0.3315,25.8,39.5,0.2995,53.3,6.6,0.3208,0.3107,0.3795,0.2612,0.4982,0.4767,0.3853,0.166,0.1274,0.572,0.790769,RMD,BRACKET_HIGH,true,false,0.4552338,0.390104,0.35138488,,0.3271,false
EVT-MED-1750,Printing & Communications Diffusion in Mongol Empire / Ilkhanate,1052,medieval,technological,Eurasian Steppe,Mongol Empire / Ilkhanate,CHR-MED-1750,997,0.406,0.373,0.5962,0.239,13.7,0.188,36,34.5,0.3793,28.2,7.5,0.2792,0.3031,0.3446,0.4576,0.5746,0.5843,0.4528,0.2812,0.2603,0.6724,0.66385,RMD,BRACKET_MEDIUM,false,true,0.4851043500000001,0.46959852,0.6022864,,0.303,false
EVT-MED-1751,Decentralization Wave across Tang Dynasty,1187,medieval,collapse,East Asia,Tang Dynasty,CHR-MED-1751,958.2,0.501,0.828,0.4125,0.53,9.6,0.313,32.2,34.8,0.3402,22.4,5.7,0.2535,0.4033,0.2967,0.0915,0.1239,0.1368,0.2104,-0.2665,0.5033,0.7399,0.552689,CMN,BRACKET_BASE,false,true,0.7766942800000001,0.53705013,0.80830196,,0.3453,true
EVT-MED-1752,Guild Monopoly Reform in Kingdom of England,858,medieval,economic,British Isles,Kingdom of England,CHR-MED-1752,792.1,0.668,0.88,0.2667,0.759,13.2,0.4455,30.2,35.5,0.3228,63.7,12.8,0.3647,0.3366,0.26,0.0329,0.18,0.3741,0.2367,0.0375,0.3306,0.5776,0.578848,CMN,BRACKET_BASE,false,true,0.65083326,0.5489278300000001,0.64606171,,0.3982,false
EVT-MED-1753,Institutional Dissolution of Chola Dynasty,542,medieval,collapse,South India,Chola Dynasty,CHR-MED-1753,595,0.648,0.541,0.2794,0.217,8.1,0.149,31,40.2,0.3597,50,4.6,0.3062,0.372,0.3094,0.0884,0.1807,0.1357,0.2172,-0.2363,0.4149,0.7431,0.428435,CMN,BRACKET_BASE,false,true,0.7625825999999999,0.48484944999999996,0.7798833900000001,,0.342,true
EVT-MED-1754,Imperial Annexation War in Kievan Rus,1000,medieval,war,Eastern Europe,Kievan Rus,CHR-MED-1754,615.1,0.454,0.147,0.4655,0.642,13.7,0.3895,29.7,43.8,0.3673,15,12.3,0.2575,0.3638,0.3084,0.0907,0.1605,0.5086,0.2864,0.1448,0.6814,0.6952,0.448239,CMN,BRACKET_BASE,false,true,0.8315656800000001,0.50268262,0.6481963599999999,,0.4014,false
EVT-MED-1755,Decentralization Wave across Holy Roman Empire,549,medieval,collapse,Central Europe,Holy Roman Empire,CHR-MED-1755,650.6,0.601,0.365,0.3731,0.753,8.5,0.419,25.4,43.1,0.3168,12,4.8,0.2039,0.4508,0.3927,0.0768,0.1375,0.0593,0.2234,-0.3915,0.637,0.8343,0.447201,CMN,BRACKET_BASE,false,true,0.8797648800000001,0.5715,0.9786250000000001,,0.3689,true
EVT-MED-1756,Educational Charter of Byzantine Empire,1036,medieval,transformation,Eastern Mediterranean,Byzantine Empire,CHR-MED-1756,744.7,0.517,0.106,0.5214,0.594,5.1,0.3225,35.1,44.9,0.432,15.1,9.1,0.242,0.2866,0.3306,0.2675,0.5147,0.3999,0.3599,0.1133,0.3395,0.5847,0.649843,RMD,BRACKET_MEDIUM,false,true,0.40738802999999996,0.37437028,0.38316831,,0.3123,false
EVT-MED-1757,Dynastic Disintegration of Mongol Empire / Ilkhanate,1187,medieval,collapse,Eurasian Steppe,Mongol Empire / Ilkhanate,CHR-MED-1757,731.4,0.556,0.13,0.4961,0.255,5.4,0.1545,33.7,34.2,0.3527,9.6,6.4,0.1957,0.3522,0.2957,0.0688,0.1136,0.0762,0.1813,-0.276,0.6962,0.8026,0.60081,CMN,BRACKET_BASE,false,true,0.64873876,0.38053926,0.5548435199999999,,0.343,false
EVT-MED-1758,Mechanical Power Harnessing in Byzantine Empire,843,medieval,technological,Eastern Mediterranean,Byzantine Empire,CHR-MED-1758,922.3,0.609,0.441,0.4789,0.212,14.2,0.177,33,36.8,0.3608,21.2,5.8,0.2501,0.2486,0.2695,0.3875,0.5392,0.6271,0.4144,0.3785,0.215,0.7356,0.682883,RMD,BRACKET_MEDIUM,false,false,0.49959320000000007,0.38803248,0.36620790000000003,,0.3351,false
EVT-MED-1759,Maritime Trade Hub Expansion in Abbasid Caliphate,1184,medieval,economic,Middle East,Abbasid Caliphate,CHR-MED-1759,1234.2,0.525,0.464,0.6475,0.758,12.4,0.441,32.2,44.1,0.396,10.4,9.5,0.217,0.4457,0.36,0.1095,0.2463,0.3185,0.296,-0.1272,0.616,0.63,0.565765,CMN,BRACKET_BASE,false,true,0.61040529,0.38927397999999996,0.5175456,,0.3859,false
EVT-MED-1760,Provincial Autonomy Insurgency against Classic Maya & Postclassic,1292,medieval,revolution,Mesoamerica,Classic Maya & Postclassic,CHR-MED-1760,754,0.547,0.735,0.3282,0.506,5.6,0.281,33.6,40,0.3865,13.1,11.8,0.2452,0.2939,0.1157,0,0.2474,0.3921,0.2098,0.0982,0.388,0.6307,0.474276,CMN,BRACKET_BASE,false,true,0.802536,0.5582585000000001,0.61335975,,0.4018,true
EVT-MED-1761,Grain Market Price Shock across Mongol Empire / Ilkhanate,668,medieval,economic,Eurasian Steppe,Mongol Empire / Ilkhanate,CHR-MED-1761,649.1,0.695,0.804,0.2125,0.742,8.6,0.414,35.2,36.9,0.3851,28.8,6.2,0.2742,0.3749,0.3218,0.1901,0.3455,0.3844,0.3233,0.0095,0.5551,0.6222,0.772273,RMD,BRACKET_HIGH,true,false,0.62521535,0.4712079,0.6702135,,0.3502,false
EVT-MED-1762,Borderlands Pacification of Mali Empire,1108,medieval,war,West Africa,Mali Empire,CHR-MED-1762,1045.8,0.501,0.683,0.4982,0.795,9.2,0.4435,30.9,34.2,0.3226,48.9,5.5,0.3091,0.4507,0.367,0.1613,0.2943,0.5829,0.3712,0.1322,0.6169,0.666,0.479997,CMN,BRACKET_BASE,false,true,0.57008744,0.49695821,0.64233429,,0.4008,false
EVT-MED-1763,Sanitation & Medical Breakthrough in Kingdom of England,757,medieval,technological,British Isles,Kingdom of England,CHR-MED-1763,764.9,0.59,0.682,0.3364,0.823,6.6,0.4445,33.7,36.9,0.3689,44.5,12.1,0.3352,0.2798,0.3308,0.4161,0.5561,0.6405,0.4447,0.3607,0.154,0.6908,0.53625,CMN,BRACKET_BASE,false,true,0.6106776,0.53993352,0.5368488,,0.3311,false
EVT-MED-1764,Treaty System Implementation across Mongol Empire / Ilkhanate,1335,medieval,transformation,Eurasian Steppe,Mongol Empire / Ilkhanate,CHR-MED-1764,1266,0.688,0.321,0.6568,0.239,10.2,0.1705,28.8,38.6,0.3264,13,10.2,0.2367,0.2872,0.3255,0.2527,0.4924,0.6067,0.3929,0.3195,0.1626,0.6701,0.62995,CMN,BRACKET_BASE,false,true,0.53031878,0.49228266,0.47624242,,0.3502,false
EVT-MED-1765,Secular Legal Separation in Umayyad Caliphate (Al-Andalus),1465,medieval,religious,Iberia / North Africa,Umayyad Caliphate (Al-Andalus),CHR-MED-1765,597.6,0.543,0.838,0.2231,0.294,6.9,0.1815,35.5,40.3,0.4087,36.9,9.1,0.3067,0.2588,0.2816,0.1433,0.3171,0.3549,0.2711,0.0961,0.2455,0.6213,0.570059,CMN,BRACKET_BASE,false,true,0.6788760000000001,0.5248362,0.584131,,0.3383,true
EVT-MED-1766,Temple Bureaucracy Reorganization of Kingdom of France,1112,medieval,religious,Western Europe,Kingdom of France,CHR-MED-1766,551.6,0.657,0.57,0.2471,0.588,16,0.374,33.5,38,0.3734,13,7.2,0.2217,0.3194,0.3651,0.1969,0.2703,0.3923,0.3088,0.0729,0.2034,0.571,0.622756,CMN,BRACKET_BASE,false,true,0.54932464,0.47692004,0.5866155,,0.3395,false
EVT-MED-1767,Caravan Route Pestilence in Holy Roman Empire,1267,medieval,pandemic,Central Europe,Holy Roman Empire,CHR-MED-1767,1129.3,0.584,0.699,0.5087,0.608,15.2,0.38,35.3,34.5,0.3718,31.6,10.1,0.3004,0.4818,0.4176,0.0873,0.2797,0.2917,0.3116,-0.1901,0.8323,0.7517,0.450889,CMN,BRACKET_BASE,false,true,0.8200642800000001,0.48911144999999995,0.7942463000000001,,0.393,false
EVT-MED-1768,Military Coup d’État in Mongol Empire / Ilkhanate,766,medieval,revolution,Eurasian Steppe,Mongol Empire / Ilkhanate,CHR-MED-1768,729.1,0.616,0.491,0.3687,0.339,10.5,0.222,26,43.1,0.3232,13.4,11.6,0.2459,0.3323,0.2451,0,0.1946,0.4468,0.2438,0.1145,0.6052,0.706,0.545683,CMN,BRACKET_BASE,false,true,0.5916783,0.38595781,0.428649,,0.404,false
EVT-MED-1769,Guild Monopoly Reform in Classic Maya & Postclassic,1425,medieval,economic,Mesoamerica,Classic Maya & Postclassic,CHR-MED-1769,1070,0.429,0.16,0.6884,0.532,11,0.321,33.2,34.4,0.3486,54.2,10,0.339,0.4796,0.4061,0.2541,0.3295,0.3082,0.3555,-0.1714,0.2717,0.5868,0.617392,CMN,BRACKET_BASE,false,true,0.53861269,0.5381883,0.7405928399999999,,0.3232,false
EVT-MED-1770,Canal Infrastructure Boom in Kievan Rus,1304,medieval,economic,Eastern Europe,Kievan Rus,CHR-MED-1770,915.7,0.459,0.783,0.4181,0.703,9.4,0.3985,33.4,43.9,0.4077,30.5,8.2,0.2884,0.3748,0.3077,0.1223,0.2573,0.372,0.2868,-0.0028,0.6023,0.5984,0.678474,RMD,BRACKET_MEDIUM,false,true,0.5485389299999999,0.47255372999999995,0.6747583999999999,,0.3775,false
EVT-MED-1771,Navigational Instrument Reform in Kievan Rus,531,medieval,technological,Eastern Europe,Kievan Rus,CHR-MED-1771,544.8,0.649,0.669,0.2166,0.427,12.4,0.2755,28.3,40.4,0.3318,26.2,4.6,0.2594,0.2135,0.2468,0.3055,0.3658,0.5038,0.3271,0.2903,0.3815,0.7586,0.55476,CMN,BRACKET_BASE,false,true,0.7062355300000001,0.45305823,0.54725432,,0.3167,false
EVT-MED-1772,Frontier Campaign of Tang Dynasty,1493,medieval,war,East Asia,Tang Dynasty,CHR-MED-1772,984.6,0.629,0.759,0.4075,0.722,8.6,0.404,25.3,38.5,0.2881,30.9,5.1,0.2738,0.2989,0.1952,0,0.1693,0.3815,0.209,0.0826,0.5935,0.658,0.475927,CMN,BRACKET_BASE,false,true,0.8829535000000001,0.5622499999999999,0.69675,,0.4002,true
EVT-MED-1773,Military Coup d’État in Mongol Empire / Ilkhanate,557,medieval,revolution,Eurasian Steppe,Mongol Empire / Ilkhanate,CHR-MED-1773,687.8,0.652,0.793,0.2474,0.248,15.3,0.2005,25.7,36,0.2774,11.2,11.7,0.2334,0.2678,0.1324,0,0.2325,0.3953,0.2056,0.1275,0.5382,0.7246,0.64445,RMD,BRACKET_MEDIUM,false,true,0.60401943,0.38178698999999994,0.40013064000000004,,0.3973,false
EVT-MED-1774,Civic Restoration Revolt in Tang Dynasty,808,medieval,revolution,East Asia,Tang Dynasty,CHR-MED-1774,525.1,0.47,0.895,0.193,0.616,8.6,0.351,31.2,35.1,0.3312,18.9,10.1,0.2632,0.3405,0.2201,0,0.1547,0.3199,0.207,-0.0206,0.744,0.6958,0.471659,CMN,BRACKET_BASE,false,true,0.77314496,0.5458482,0.7174526400000001,,0.3991,false
EVT-MED-1775,Maritime Hegemony Clash in Abbasid Caliphate,743,medieval,war,Middle East,Abbasid Caliphate,CHR-MED-1775,1184.9,0.505,0.619,0.5832,0.45,11.1,0.2805,25.9,35.5,0.2765,58.4,11.2,0.3504,0.3981,0.2914,0.1133,0.228,0.4522,0.2966,0.0541,0.5579,0.6277,0.608035,CMN,BRACKET_BASE,false,true,0.77212029,0.5497622400000001,0.67123386,,0.3938,false
EVT-MED-1776,Epidemic Fever Outbreak across Umayyad Caliphate (Al-Andalus),744,medieval,pandemic,Iberia / North Africa,Umayyad Caliphate (Al-Andalus),CHR-MED-1776,524.5,0.549,0.237,0.3664,0.343,9.8,0.2205,32.2,39.9,0.3708,17.7,9.4,0.255,0.4006,0.3245,0,0.2019,0.2774,0.2409,-0.1232,0.8754,0.7717,0.599024,CMN,BRACKET_BASE,false,true,0.58528536,0.39093375999999996,0.51417896,,0.401,false
EVT-MED-1777,Caravan Route Pestilence in Mali Empire,730,medieval,pandemic,West Africa,Mali Empire,CHR-MED-1777,1139.5,0.574,0.893,0.4585,0.344,10.1,0.2225,32.8,44.4,0.4042,48.7,9.4,0.3283,0.3998,0.3702,0,0.1656,0.0462,0.1964,-0.3536,0.9262,0.8897,0.485831,CMN,BRACKET_BASE,false,true,0.71499736,0.38998341000000003,0.58376417,,0.3782,false
EVT-MED-1778,Imperial Annexation War in Khmer Empire,1283,medieval,war,Southeast Asia,Khmer Empire,CHR-MED-1778,987.4,0.683,0.304,0.5292,0.625,9.7,0.361,28.5,44.9,0.3609,62.3,7.8,0.3381,0.3487,0.2556,0,0.165,0.101,0.1741,-0.2477,0.5346,0.7097,0.526909,CMN,BRACKET_BASE,false,true,0.5973502500000001,0.37831395,0.5287428,,0.3746,false
EVT-MED-1779,Debt Crisis Settlement of Byzantine Empire,1372,medieval,economic,Eastern Mediterranean,Byzantine Empire,CHR-MED-1779,1103.7,0.676,0.656,0.4817,0.468,13.4,0.301,31,39.3,0.3543,8.7,12.1,0.2171,0.3323,0.2408,0.0586,0.1901,0.2494,0.2142,-0.0829,0.6293,0.6615,0.414016,CMN,BRACKET_BASE,false,true,0.8228764999999999,0.533575,0.7369947000000001,,0.3704,true
EVT-MED-1780,Urban Quarantine Emergency in Song Dynasty,928,medieval,pandemic,East Asia,Song Dynasty,CHR-MED-1780,557.9,0.456,0.759,0.2538,0.542,17.7,0.3595,25.4,43.3,0.318,51,8,0.3246,0.4109,0.3608,0,0.1728,0.3069,0.2503,-0.104,0.7559,0.7354,0.878259,RMD,BRACKET_HIGH,true,false,0.4900461,0.40348732,0.52271311,,0.4054,false
EVT-MED-1781,Judicial Standard Reform in Mali Empire,1225,medieval,transformation,West Africa,Mali Empire,CHR-MED-1781,898.4,0.52,0.287,0.5403,0.463,16.6,0.3145,30.7,37.6,0.3408,13.5,11.8,0.2474,0.285,0.3069,0.2088,0.3918,0.5021,0.3389,0.2171,0.2173,0.6222,0.821367,RMD,BRACKET_HIGH,true,false,0.6011275500000001,0.5387216199999999,0.5166851,,0.3453,false
EVT-MED-1782,Treaty System Implementation across Khmer Empire,1461,medieval,transformation,Southeast Asia,Khmer Empire,CHR-MED-1782,1239.3,0.694,0.241,0.6662,0.32,11.1,0.2155,29.3,39.9,0.3396,54.9,6.3,0.3214,0.3033,0.3364,0.246,0.4581,0.4998,0.3687,0.1965,0.2621,0.6184,0.677977,RMD,BRACKET_MEDIUM,false,true,0.49359912,0.3868041,0.36185526,,0.3314,false
EVT-MED-1783,Sanitation & Medical Breakthrough in Tang Dynasty,965,medieval,technological,East Asia,Tang Dynasty,CHR-MED-1783,1260.3,0.49,0.798,0.5704,0.418,10.9,0.2635,34.9,41.5,0.4095,33.9,6,0.285,0.2979,0.3407,0.419,0.503,0.4744,0.407,0.1765,0.2777,0.6082,0.711234,RMD,BRACKET_HIGH,false,false,0.52260201,0.542,0.7032499999999999,,0.2735,true
EVT-MED-1784,Succession Conflict of Kingdom of France,817,medieval,war,Western Europe,Kingdom of France,CHR-MED-1784,890.2,0.687,0.377,0.4592,0.533,6.2,0.2975,30.3,42.5,0.3659,49.4,7.2,0.3183,0.4399,0.3434,0.029,0.1655,0.2727,0.2501,-0.1672,0.5773,0.6962,0.318972,CMN,BRACKET_BASE,false,true,0.96891408,0.573375,0.8616250000000001,,0.4001,true
EVT-MED-1785,Frontier Fragmentation of Kingdom of England,1301,medieval,collapse,British Isles,Kingdom of England,CHR-MED-1785,1154.2,0.721,0.38,0.5753,0.285,5.8,0.1715,34.9,43.5,0.4215,11.4,10.9,0.2307,0.4242,0.3379,0.0989,0.169,0.0636,0.2187,-0.3606,0.4291,0.7568,0.576799,CMN,BRACKET_BASE,false,true,0.70689973,0.49241343,0.83926402,,0.359,false
EVT-MED-1786,Maritime Trade Hub Expansion in Classic Maya & Postclassic,970,medieval,economic,Mesoamerica,Classic Maya & Postclassic,CHR-MED-1786,965.4,0.725,0.289,0.5105,0.468,7.4,0.271,35.6,34.6,0.3756,54.9,10.4,0.3419,0.4378,0.3792,0.1915,0.3035,0.3941,0.3412,-0.0437,0.42,0.585,0.453454,CMN,BRACKET_BASE,false,true,0.66057792,0.4797196,0.68684112,,0.3661,false
EVT-MED-1787,Territorial Rupture of Chola Dynasty,647,medieval,collapse,South India,Chola Dynasty,CHR-MED-1787,550.7,0.628,0.19,0.3694,0.717,8.6,0.4015,31.1,37.8,0.3463,23.8,12.8,0.2934,0.4659,0.3969,0.1916,0.251,0.17,0.2951,-0.2959,0.4278,0.7292,0.496662,CMN,BRACKET_BASE,false,true,0.5103417,0.38479708,0.54843584,,0.343,false
EVT-MED-1788,Astronomical Standardization by Mongol Empire / Ilkhanate,787,medieval,technological,Eurasian Steppe,Mongol Empire / Ilkhanate,CHR-MED-1788,1011.2,0.417,0.758,0.4842,0.293,6.2,0.1775,33.8,39.7,0.3868,58.9,10.8,0.349,0.3078,0.3446,0.4242,0.5705,0.6221,0.4538,0.3143,0.4332,0.7507,0.710941,RMD,BRACKET_HIGH,false,false,0.3632607,0.37724638,0.4000650600000001,,0.3204,false
EVT-MED-1789,Monastic Network Expansion of Mali Empire,1200,medieval,religious,West Africa,Mali Empire,CHR-MED-1789,1121.7,0.651,0.74,0.4727,0.376,5.4,0.215,35.5,41.6,0.4165,17.4,5.7,0.2353,0.3814,0.4249,0.2671,0.3308,0.626,0.406,0.2446,0.4012,0.6968,0.564861,CMN,BRACKET_BASE,false,true,0.686625,0.560125,0.612375,,0.3693,false
EVT-MED-1790,Grain Market Price Shock across Song Dynasty,1311,medieval,economic,East Asia,Song Dynasty,CHR-MED-1790,1023.8,0.705,0.639,0.4396,0.243,16.8,0.2055,35.9,41.4,0.4196,56,5,0.3164,0.3636,0.3272,0.1978,0.3752,0.3546,0.3237,-0.009,0.3615,0.5655,0.610092,CMN,BRACKET_BASE,false,true,0.43848216,0.38372774,0.45309228,,0.338,false
EVT-MED-1791,Provincial Autonomy Insurgency against Mali Empire,1366,medieval,revolution,West Africa,Mali Empire,CHR-MED-1791,933.7,0.495,0.518,0.4955,0.329,8.9,0.209,28.4,36.6,0.3101,55.6,5,0.3158,0.3629,0.2361,0,0.1083,0.5119,0.2438,0.149,0.4106,0.6609,0.840269,RMD,BRACKET_HIGH,true,false,0.51948499,0.40351669999999995,0.4208526,,0.4047,false
EVT-MED-1792,Popular Uprising of Tang Dynasty,1110,medieval,revolution,East Asia,Tang Dynasty,CHR-MED-1792,1241.1,0.72,0.215,0.667,0.282,4.6,0.164,26.4,39.4,0.3053,50.5,6,0.3139,0.4253,0.2964,0.0172,0.1209,0.2278,0.2175,-0.1975,0.7893,0.7635,0.335674,CMN,BRACKET_BASE,false,true,0.8822112599999998,0.5443423700000001,0.7938121100000001,,0.3951,false
EVT-MED-1793,Peasant Rebellion against Kievan Rus,1264,medieval,revolution,Eastern Europe,Kievan Rus,CHR-MED-1793,764.1,0.407,0.427,0.4674,0.278,6,0.169,31.4,34.5,0.3298,35.9,4.6,0.2822,0.4022,0.227,0.0261,0.2415,0.5252,0.2844,0.123,0.7421,0.737,0.39337,CMN,BRACKET_BASE,false,true,0.91898128,0.579,0.727375,,0.4022,false
EVT-MED-1794,Navigational Instrument Reform in Kamakura / Muromachi Japan,1069,medieval,technological,East Asia,Kamakura / Muromachi Japan,CHR-MED-1794,1225.7,0.448,0.731,0.5864,0.767,10.7,0.437,34.4,41.8,0.4059,11,9.5,0.2211,0.3136,0.3533,0.439,0.5332,0.652,0.4582,0.3384,0.3037,0.6743,0.849618,RMD,BRACKET_HIGH,true,false,0.27786888,0.3884184,0.38984841,,0.3259,false
EVT-MED-1795,Systemic Governance Breakdown in Song Dynasty,1165,medieval,collapse,East Asia,Song Dynasty,CHR-MED-1795,953.6,0.542,0.184,0.5912,0.397,7.1,0.234,30.5,36,0.3291,12.5,7.5,0.2203,0.416,0.3463,0.048,0.1135,0,0.1848,-0.445,0.6404,0.8573,0.58519,CMN,BRACKET_BASE,false,true,0.6451404,0.39502928000000004,0.6076974799999999,,0.3737,false
EVT-MED-1796,Agricultural Plague Wave in Abbasid Caliphate,509,medieval,pandemic,Middle East,Abbasid Caliphate,CHR-MED-1796,656.1,0.432,0.313,0.4421,0.576,17.6,0.376,33.9,37.2,0.3729,14.1,6.4,0.2235,0.416,0.3813,0,0.1886,0.3161,0.2604,-0.0999,0.9125,0.7334,0.657381,RMD,BRACKET_MEDIUM,false,true,0.61550965,0.40365622,0.51715924,,0.4066,false
EVT-MED-1797,Provincial Autonomy Insurgency against Tang Dynasty,1082,medieval,revolution,East Asia,Tang Dynasty,CHR-MED-1797,959.7,0.439,0.367,0.5701,0.781,17,0.4755,25.1,35.8,0.2697,36.3,12.8,0.324,0.5001,0.3713,0.1157,0.229,0.2553,0.2943,-0.2448,0.4253,0.6712,0.517289,CMN,BRACKET_BASE,false,true,0.49926133,0.39124502,0.53820616,,0.3808,false
EVT-MED-1798,Judicial Standard Reform in Mali Empire,766,medieval,transformation,West Africa,Mali Empire,CHR-MED-1798,1008.8,0.495,0.317,0.592,0.741,6.2,0.4015,26.2,38.6,0.2984,41.4,9.1,0.315,0.2897,0.3681,0.2863,0.4227,0.4397,0.3613,0.15,0.1885,0.5643,0.548265,CMN,BRACKET_BASE,false,true,0.57507438,0.46508530000000003,0.52141768,,0.3036,false
EVT-MED-1799,Strategic Siege of Chola Dynasty,1063,medieval,war,South India,Chola Dynasty,CHR-MED-1799,991.4,0.704,0.448,0.4816,0.62,6.3,0.3415,27.4,39.1,0.3143,21,9.6,0.2684,0.3327,0.2672,0.0231,0.1829,0.1765,0.1965,-0.1562,0.4392,0.6535,0.381149,CMN,BRACKET_BASE,false,true,0.9032881,0.553125,0.810375,,0.3722,true
EVT-MED-1800,Agrarian Insurgency in Byzantine Empire,1497,medieval,revolution,Eastern Mediterranean,Byzantine Empire,CHR-MED-1800,1166.7,0.631,0.599,0.5427,0.232,14,0.186,33.9,43.7,0.4119,61.5,6.2,0.3291,0.4027,0.253,0,0.1729,0.0948,0.1847,-0.3079,0.3749,0.7189,0.532304,CMN,BRACKET_BASE,false,true,0.79035261,0.55047188,0.8221551999999999,,0.3823,true
EVT-MED-1801,Dynastic Disintegration of Kamakura / Muromachi Japan,841,medieval,collapse,East Asia,Kamakura / Muromachi Japan,CHR-MED-1801,1305.7,0.745,0.858,0.4978,0.557,13.5,0.346,31.3,35.6,0.3353,45.1,9.6,0.3237,0.491,0.427,0.1343,0.1969,0.049,0.2596,-0.442,0.8236,0.8977,0.573234,CMN,BRACKET_BASE,false,true,0.751604,0.5551353,0.9354674099999999,,0.3713,false
EVT-MED-1802,Sanitation & Medical Breakthrough in Mali Empire,914,medieval,technological,West Africa,Mali Empire,CHR-MED-1802,1277.6,0.71,0.374,0.6399,0.624,8.2,0.353,26.6,39.5,0.3081,42.1,13.4,0.3377,0.3321,0.3642,0.4646,0.5428,0.6686,0.4745,0.3365,0.2004,0.6667,0.737939,RMD,BRACKET_HIGH,true,false,0.5668698799999999,0.48798464,0.5582641199999999,,0.3232,false
EVT-MED-1803,Sanitation & Medical Breakthrough in Chola Dynasty,1298,medieval,technological,South India,Chola Dynasty,CHR-MED-1803,620.8,0.576,0.115,0.4413,0.45,16.4,0.307,35.6,37.4,0.3924,14,11.6,0.249,0.2931,0.327,0.371,0.4944,0.5563,0.4084,0.2632,0.3863,0.6976,0.888628,RMD,BRACKET_HIGH,true,false,0.45389014,0.38235132,0.39625668000000003,,0.3129,false
EVT-MED-1804,Sanitation & Medical Breakthrough in Umayyad Caliphate (Al-Andalus),1191,medieval,technological,Iberia / North Africa,Umayyad Caliphate (Al-Andalus),CHR-MED-1804,775.9,0.468,0.166,0.5331,0.428,17.5,0.3015,32.1,36.7,0.3505,39.4,8.1,0.3064,0.3051,0.3351,0.4417,0.6003,0.5064,0.4377,0.2013,0.3729,0.6542,0.585552,CMN,BRACKET_BASE,false,true,0.535546,0.53832598,0.67210416,,0.29,false
EVT-MED-1805,Orthodoxy & Heresy Trial Wave in Umayyad Caliphate (Al-Andalus),1304,medieval,religious,Iberia / North Africa,Umayyad Caliphate (Al-Andalus),CHR-MED-1805,940.9,0.71,0.485,0.4443,0.291,8.1,0.186,34,36.5,0.3698,46.4,12.9,0.3423,0.3003,0.3416,0.1721,0.2515,0.2725,0.2676,-0.0278,0.3276,0.5769,0.359553,CMN,BRACKET_BASE,false,true,0.7413588000000001,0.52664598,0.6734015999999999,,0.3128,true
EVT-MED-1806,Agrarian Insurgency in Kingdom of England,1165,medieval,revolution,British Isles,Kingdom of England,CHR-MED-1806,915.6,0.694,0.722,0.3659,0.841,14.7,0.494,32.7,37.1,0.3594,11.5,11.9,0.2363,0.4585,0.3378,0.0316,0.2034,0.1443,0.2351,-0.3142,0.6639,0.7827,0.575429,CMN,BRACKET_BASE,false,true,0.54973749,0.38419040000000004,0.5638482499999999,,0.3893,false
EVT-MED-1807,Navigational Instrument Reform in Mongol Empire / Ilkhanate,1015,medieval,technological,Eurasian Steppe,Mongol Empire / Ilkhanate,CHR-MED-1807,1027.5,0.601,0.36,0.5563,0.406,12.2,0.264,31.3,34.3,0.3275,47.2,7.6,0.317,0.293,0.3407,0.414,0.5608,0.4879,0.4193,0.1949,0.3509,0.6508,0.797456,RMD,BRACKET_HIGH,true,false,0.43894476,0.38390583,0.44227755,,0.2884,false
EVT-MED-1808,Popular Uprising of Byzantine Empire,629,medieval,revolution,Eastern Mediterranean,Byzantine Empire,CHR-MED-1808,746.5,0.687,0.218,0.4377,0.827,16.8,0.4975,34,43.9,0.4142,48.5,13.1,0.3465,0.4935,0.3161,0.1118,0.3666,0.5874,0.3751,0.0939,0.4096,0.5807,0.537922,CMN,BRACKET_BASE,false,true,0.5648148000000001,0.5047652499999999,0.63597982,,0.4024,false
EVT-MED-1809,Mechanical Power Harnessing in Chola Dynasty,1085,medieval,technological,South India,Chola Dynasty,CHR-MED-1809,1338.4,0.5,0.549,0.6797,0.263,10.3,0.183,27.2,38.7,0.3097,44.6,12.5,0.3374,0.3245,0.3574,0.4451,0.5282,0.4484,0.4207,0.1239,0.4187,0.6257,0.551068,CMN,BRACKET_BASE,false,true,0.68668398,0.52706612,0.7063608499999999,,0.273,false
EVT-MED-1810,Judicial Standard Reform in Abbasid Caliphate,645,medieval,transformation,Middle East,Abbasid Caliphate,CHR-MED-1810,767,0.743,0.165,0.4466,0.397,7,0.2335,29.6,40.6,0.347,60.8,5.8,0.3263,0.2268,0.2569,0.194,0.4349,0.5694,0.3364,0.3426,0.1098,0.6884,0.636946,RMD,BRACKET_MEDIUM,false,true,0.49445247999999997,0.39115975000000003,0.30689505,,0.354,false
EVT-MED-1811,Agrarian Insurgency in Byzantine Empire,678,medieval,revolution,Eastern Mediterranean,Byzantine Empire,CHR-MED-1811,752.5,0.713,0.672,0.2965,0.305,8.8,0.1965,26.8,44.3,0.339,45.5,11.7,0.3348,0.2842,0.1614,0,0.2327,0.4523,0.2261,0.1681,0.7192,0.7758,0.734476,RMD,BRACKET_HIGH,true,false,0.58544612,0.39057116,0.42881202000000007,,0.4014,false
EVT-MED-1812,Dynastic Disintegration of Tang Dynasty,781,medieval,collapse,East Asia,Tang Dynasty,CHR-MED-1812,987.2,0.67,0.358,0.5168,0.837,5,0.4435,28,44.5,0.3532,28.5,7.5,0.28,0.5346,0.434,0.1631,0.2591,0.3432,0.3468,-0.1914,0.4858,0.6578,0.50692,CMN,BRACKET_BASE,false,true,0.6725994000000001,0.56185032,0.81098325,,0.3866,false
EVT-MED-1813,Coalition Defense of Song Dynasty,1145,medieval,war,East Asia,Song Dynasty,CHR-MED-1813,1092.4,0.714,0.875,0.3992,0.285,5.6,0.1705,35.2,40.8,0.4085,27,5.7,0.2671,0.2692,0.1655,0,0.1805,0.3403,0.1911,0.0711,0.6996,0.6966,0.523043,CMN,BRACKET_BASE,false,true,0.78054669,0.4749471,0.63489195,,0.3922,false
EVT-MED-1814,Pantheon Reformation of Khmer Empire,849,medieval,religious,Southeast Asia,Khmer Empire,CHR-MED-1814,708.2,0.727,0.404,0.3514,0.54,12.2,0.331,25.6,40.3,0.3021,34.5,12.9,0.3208,0.3244,0.3367,0.209,0.3461,0.2387,0.291,-0.0857,0.2128,0.5818,0.568695,CMN,BRACKET_BASE,false,true,0.44646244,0.36605306,0.43956583000000005,,0.2981,false
EVT-MED-1815,Navigational Instrument Reform in Kingdom of France,752,medieval,technological,Western Europe,Kingdom of France,CHR-MED-1815,622,0.565,0.711,0.2664,0.443,8.9,0.266,29.2,36.8,0.3199,9.3,10.3,0.2129,0.2133,0.2641,0.375,0.4685,0.376,0.3394,0.1627,0.3113,0.6678,0.448933,CMN,BRACKET_BASE,false,true,0.7305155099999999,0.5278482200000001,0.70000146,,0.2806,false
EVT-MED-1816,Frontier Campaign of Byzantine Empire,781,medieval,war,Eastern Mediterranean,Byzantine Empire,CHR-MED-1816,1333.8,0.445,0.737,0.6376,0.729,13.6,0.4325,27.8,41.8,0.3348,61.8,9.3,0.345,0.4526,0.3596,0.0504,0.1697,0.5424,0.3149,0.0898,0.4233,0.5736,0.539473,CMN,BRACKET_BASE,false,true,0.503316,0.41463,0.44642400000000004,,0.4029,false
EVT-MED-1817,Synod Monotheistic Mandate in Mongol Empire / Ilkhanate,680,medieval,religious,Eurasian Steppe,Mongol Empire / Ilkhanate,CHR-MED-1817,1156.8,0.648,0.313,0.6186,0.627,7.3,0.35,33.6,38.2,0.3757,36,9.5,0.3069,0.4042,0.3994,0.233,0.3553,0.5077,0.3799,0.1035,0.4769,0.6035,0.544957,CMN,BRACKET_BASE,false,true,0.49072029999999994,0.38348035,0.42321040000000004,,0.3638,false
EVT-MED-1818,Agricultural Plague Wave in Kingdom of England,687,medieval,pandemic,British Isles,Kingdom of England,CHR-MED-1818,531.7,0.505,0.762,0.2255,0.695,16.7,0.431,35.2,34.2,0.3689,62.1,12.2,0.3598,0.407,0.3534,0.0316,0.1377,0.1198,0.2099,-0.2872,0.8251,0.8376,0.531568,CMN,BRACKET_BASE,false,true,0.6333774799999999,0.38139024,0.55723732,,0.3734,false
EVT-MED-1819,Administrative Codification of Khmer Empire,1459,medieval,transformation,Southeast Asia,Khmer Empire,CHR-MED-1819,731.3,0.485,0.658,0.3589,0.222,12.8,0.175,28.5,38.7,0.3237,12.5,10.9,0.2373,0.1999,0.2342,0.153,0.3356,0.5076,0.2861,0.3077,0.2175,0.7219,0.675808,RMD,BRACKET_MEDIUM,false,true,0.61316343,0.47497758,0.47592725999999996,,0.3494,false
EVT-MED-1820,Decentralization Wave across Khmer Empire,1074,medieval,collapse,Southeast Asia,Khmer Empire,CHR-MED-1820,879.5,0.524,0.802,0.3755,0.331,10.4,0.2175,32.8,42.3,0.3916,41.4,5.2,0.2955,0.4659,0.3474,0.0195,0.1161,0.067,0.2032,-0.3989,0.5378,0.8322,0.345235,CMN,BRACKET_BASE,false,true,0.86892036,0.55152,0.88690506,,0.3763,false
EVT-MED-1821,Radical Assembly Schism in Mongol Empire / Ilkhanate,821,medieval,revolution,Eurasian Steppe,Mongol Empire / Ilkhanate,CHR-MED-1821,1015.7,0.709,0.192,0.5686,0.801,9.4,0.4475,34.6,37.6,0.3828,61.6,10.5,0.3508,0.5292,0.4108,0.1505,0.2867,0.673,0.41,0.1438,0.5707,0.6405,0.660198,RMD,BRACKET_MEDIUM,false,true,0.6239960999999999,0.59489451,0.6967769600000001,,0.3989,false
EVT-MED-1822,Caravan Route Pestilence in Khmer Empire,557,medieval,pandemic,Southeast Asia,Khmer Empire,CHR-MED-1822,637.2,0.496,0.545,0.3442,0.715,13.2,0.4235,32.8,35,0.3478,8.2,5.7,0.1808,0.411,0.3388,0.0157,0.1723,0.2391,0.2354,-0.1719,0.7412,0.7408,0.488889,CMN,BRACKET_BASE,false,true,0.6693145199999999,0.39391010000000004,0.53616464,,0.3969,false
EVT-MED-1823,Frontier Fragmentation of Classic Maya & Postclassic,656,medieval,collapse,Mesoamerica,Classic Maya & Postclassic,CHR-MED-1823,778.8,0.627,0.859,0.2789,0.619,14.7,0.383,34,41.1,0.3974,23.6,6.3,0.2603,0.4704,0.3873,0.1391,0.2199,0.028,0.2489,-0.4424,0.604,0.861,0.62373,CMN,BRACKET_BASE,false,true,0.55207234,0.3963104,0.61814888,,0.371,false
EVT-MED-1824,Imperial Unification of Classic Maya & Postclassic,1500,medieval,transformation,Mesoamerica,Classic Maya & Postclassic,CHR-MED-1824,995.2,0.406,0.793,0.4693,0.311,6.9,0.19,25.8,37.3,0.2863,41.2,9,0.3141,0.2295,0.3001,0.2475,0.4331,0.5666,0.3554,0.3371,0.3277,0.7521,0.851081,RMD,BRACKET_HIGH,true,false,0.4957184,0.37465212,0.32984203,,0.3442,false
EVT-MED-1825,Navigational Instrument Reform in Kamakura / Muromachi Japan,815,medieval,technological,East Asia,Kamakura / Muromachi Japan,CHR-MED-1825,1335.9,0.496,0.437,0.7133,0.388,9.3,0.2405,33.2,40.5,0.3852,48.6,7.6,0.3191,0.33,0.3657,0.4616,0.5762,0.647,0.4761,0.317,0.4155,0.7042,0.723095,RMD,BRACKET_HIGH,false,false,0.49071173,0.48602608,0.61301157,,0.3182,false
EVT-MED-1826,Agricultural Plague Wave in Classic Maya & Postclassic,546,medieval,pandemic,Mesoamerica,Classic Maya & Postclassic,CHR-MED-1826,1218.6,0.441,0.49,0.6574,0.272,8.8,0.18,32.6,38.1,0.3643,21.7,5.2,0.2487,0.3967,0.3312,0,0.1701,0.12,0.2036,-0.2767,0.6671,0.7659,0.76775,RMD,BRACKET_HIGH,true,false,0.59865358,0.48131145,0.81507035,,0.3855,false
EVT-MED-1827,Military Coup d’État in Kievan Rus,1124,medieval,revolution,Eastern Europe,Kievan Rus,CHR-MED-1827,1142.9,0.528,0.132,0.7022,0.744,6.8,0.406,25.2,39.9,0.2954,52,10.8,0.34,0.5247,0.3643,0.042,0.1622,0.5659,0.3318,0.0412,0.6965,0.6158,0.596549,CMN,BRACKET_BASE,false,true,0.58333662,0.43749976000000007,0.47538197000000004,,0.395,false
EVT-MED-1828,Imperial Annexation War in Tang Dynasty,516,medieval,war,East Asia,Tang Dynasty,CHR-MED-1828,1290.1,0.646,0.298,0.6879,0.203,5.7,0.13,35.8,35.2,0.3814,62.2,7.5,0.3365,0.3532,0.2396,0,0.0666,0.2358,0.179,-0.1174,0.6199,0.6685,0.370984,CMN,BRACKET_BASE,false,true,0.84804246,0.48858276000000006,0.7367478300000001,,0.3932,false
EVT-MED-1829,Pantheon Reformation of Tang Dynasty,626,medieval,religious,East Asia,Tang Dynasty,CHR-MED-1829,638.1,0.438,0.627,0.3374,0.365,14.3,0.254,27.9,43.4,0.3455,43.2,8.1,0.3131,0.2941,0.3205,0.1829,0.2377,0.2522,0.2575,-0.0419,0.2387,0.5718,0.631198,RMD,BRACKET_MEDIUM,false,true,0.5717561,0.3718743,0.43801874999999996,,0.2939,false
EVT-MED-1830,Succession Conflict of Kingdom of England,1122,medieval,war,British Isles,Kingdom of England,CHR-MED-1830,1335.5,0.564,0.536,0.663,0.632,12.1,0.3765,26.6,39.7,0.3093,10.3,5.1,0.1943,0.4177,0.3542,0.2004,0.2549,0.3133,0.3081,-0.1044,0.3369,0.5683,0.888456,RMD,BRACKET_HIGH,true,false,0.37362816,0.3760536,0.47102544,,0.3388,false
EVT-MED-1831,Harbor Incursion Sickness in Abbasid Caliphate,817,medieval,pandemic,Middle East,Abbasid Caliphate,CHR-MED-1831,643.3,0.674,0.342,0.3546,0.404,17.1,0.2875,29.6,36.3,0.3212,51,13.4,0.3516,0.4282,0.3526,0,0.2146,0.4598,0.291,0.0316,0.7125,0.6807,0.499427,CMN,BRACKET_BASE,false,true,0.56563857,0.410263,0.47665135,,0.4027,false
EVT-MED-1832,Judicial Standard Reform in Song Dynasty,1073,medieval,transformation,East Asia,Song Dynasty,CHR-MED-1832,1206.9,0.529,0.438,0.6409,0.475,7.5,0.275,29.9,35.7,0.3208,10.4,13,0.2345,0.283,0.3594,0.2987,0.527,0.4755,0.3887,0.1925,0.3929,0.6467,0.498867,CMN,BRACKET_BASE,false,true,0.54470612,0.48099042,0.56192448,,0.3188,false
EVT-MED-1833,Pantheon Reformation of Chola Dynasty,1102,medieval,religious,South India,Chola Dynasty,CHR-MED-1833,1122,0.487,0.871,0.4827,0.367,6.2,0.2145,27.1,44.2,0.3417,60.5,5.8,0.326,0.3009,0.3132,0.1415,0.2033,0.2664,0.2451,-0.0345,0.337,0.577,0.489454,CMN,BRACKET_BASE,false,true,0.5870483200000001,0.37657881,0.45088908,,0.3277,false
EVT-MED-1834,Canal Infrastructure Boom in Song Dynasty,917,medieval,economic,East Asia,Song Dynasty,CHR-MED-1834,1123.2,0.459,0.141,0.7107,0.629,10.4,0.3665,28.6,36.8,0.3134,41.7,9.4,0.317,0.5006,0.4369,0.2184,0.2941,0.4825,0.3865,-0.0181,0.5554,0.57,0.654989,RMD,BRACKET_MEDIUM,false,true,0.4961436,0.574125,0.7789999999999999,,0.3851,false
EVT-MED-1835,Navigational Instrument Reform in Mali Empire,876,medieval,technological,West Africa,Mali Empire,CHR-MED-1835,1244.8,0.547,0.214,0.721,0.569,5.7,0.313,32.9,37.4,0.3633,51.6,5.3,0.3119,0.3806,0.4132,0.4872,0.5895,0.7566,0.5254,0.376,0.4934,0.7468,0.54926,CMN,BRACKET_BASE,false,true,0.63063426,0.5393268,0.5752566899999999,,0.336,false
EVT-MED-1836,Caravan Route Pestilence in Classic Maya & Postclassic,841,medieval,pandemic,Mesoamerica,Classic Maya & Postclassic,CHR-MED-1836,1067.6,0.731,0.396,0.5258,0.5,11.8,0.309,28.9,34.8,0.3046,30.9,10.7,0.3018,0.4417,0.4109,0.1122,0.2503,0.2911,0.3012,-0.1506,0.625,0.6967,0.432998,CMN,BRACKET_BASE,false,true,0.6476892000000001,0.40043535,0.545584,,0.3796,false
EVT-MED-1837,Navigational Instrument Reform in Mali Empire,1147,medieval,technological,West Africa,Mali Empire,CHR-MED-1837,806.7,0.681,0.819,0.2882,0.414,15.7,0.2855,29.6,43.4,0.3638,10.8,13.3,0.2387,0.2212,0.2556,0.3607,0.5071,0.5467,0.3783,0.3255,0.3453,0.7515,0.768205,RMD,BRACKET_HIGH,true,false,0.5327871,0.38491538,0.40511579999999997,,0.3214,false
EVT-MED-1838,Pantheon Reformation of Holy Roman Empire,1485,medieval,religious,Central Europe,Holy Roman Empire,CHR-MED-1838,645.6,0.463,0.409,0.3989,0.209,13.8,0.1735,28.5,36.8,0.3123,38.7,7.1,0.3001,0.3088,0.2721,0.1585,0.2446,0.184,0.2336,-0.1248,0.4889,0.6869,0.460453,CMN,BRACKET_BASE,false,true,0.7640898899999999,0.44755152,0.6926732899999999,,0.3021,false
EVT-MED-1839,Orthodoxy & Heresy Trial Wave in Holy Roman Empire,1442,medieval,religious,Central Europe,Holy Roman Empire,CHR-MED-1839,1118.6,0.686,0.797,0.4436,0.311,17.4,0.2425,28.6,39.9,0.332,44.6,10.6,0.3279,0.2867,0.272,0.0862,0.1394,0.2814,0.2131,-0.0053,0.376,0.5741,0.484548,CMN,BRACKET_BASE,false,true,0.69809472,0.47083709999999995,0.64192168,,0.3569,false
EVT-MED-1840,Caravan Route Pestilence in Kingdom of England,813,medieval,pandemic,British Isles,Kingdom of England,CHR-MED-1840,739.3,0.671,0.829,0.2557,0.706,6.6,0.386,29.6,44,0.3674,32.2,6.8,0.2853,0.3512,0.2791,0,0.1359,0.2764,0.2085,-0.0748,0.6249,0.6753,0.508271,CMN,BRACKET_BASE,false,true,0.64045314,0.39243352,0.49901355,,0.3977,false
EVT-MED-1841,Debt Crisis Settlement of Kingdom of France,571,medieval,economic,Western Europe,Kingdom of France,CHR-MED-1841,816.6,0.522,0.857,0.3292,0.26,14.2,0.201,26.6,35,0.2811,37.1,12.4,0.3236,0.3047,0.2209,0,0.1657,0.3675,0.2118,0.0628,0.3977,0.6416,0.529217,CMN,BRACKET_BASE,false,true,0.7291074,0.4891459,0.6243187599999999,,0.399,false
EVT-MED-1842,Strategic Siege of Khmer Empire,1103,medieval,war,Southeast Asia,Khmer Empire,CHR-MED-1842,719.6,0.64,0.233,0.4343,0.416,10.7,0.2615,33.3,35.6,0.3568,57.2,7.9,0.3324,0.3134,0.1979,0,0.1035,0.1109,0.1451,-0.2025,0.3281,0.6635,0.74748,RMD,BRACKET_HIGH,true,false,0.5495378,0.3754437,0.48516072,,0.3629,false
EVT-MED-1843,Harbor Incursion Sickness in Song Dynasty,575,medieval,pandemic,East Asia,Song Dynasty,CHR-MED-1843,845.8,0.553,0.329,0.4924,0.638,16.7,0.4025,27.5,44,0.3448,55.7,6.4,0.323,0.4182,0.3803,0,0.171,0.0706,0.208,-0.3476,0.6679,0.7987,0.534209,CMN,BRACKET_BASE,false,true,0.6671485500000001,0.39029445,0.58162996,,0.3855,false
EVT-MED-1844,Treaty System Implementation across Byzantine Empire,1491,medieval,transformation,Eastern Mediterranean,Byzantine Empire,CHR-MED-1844,941,0.491,0.519,0.4999,0.454,11.1,0.2825,35.1,42.2,0.4158,35.5,8.5,0.3009,0.2765,0.3448,0.2366,0.376,0.3945,0.3257,0.118,0.3071,0.5908,0.696907,RMD,BRACKET_MEDIUM,false,false,0.5445792,0.37470312,0.39131936,,0.305,false
EVT-MED-1845,Harbor Incursion Sickness in Khmer Empire,528,medieval,pandemic,Southeast Asia,Khmer Empire,CHR-MED-1845,1238.4,0.691,0.213,0.675,0.659,13.5,0.397,32.1,34.7,0.3385,32.6,13,0.3172,0.4753,0.3961,0.04,0.1684,0.3004,0.276,-0.1749,0.897,0.7371,0.746626,RMD,BRACKET_HIGH,true,false,0.47624772,0.39677366999999997,0.52901946,,0.4045,false
EVT-MED-1846,Military Coup d’État in Mongol Empire / Ilkhanate,1023,medieval,revolution,Eurasian Steppe,Mongol Empire / Ilkhanate,CHR-MED-1846,1289.3,0.541,0.518,0.653,0.537,11.2,0.3245,25.4,43.6,0.3198,55.4,7.8,0.3296,0.504,0.4091,0.0181,0.2152,0.2257,0.2744,-0.2783,0.5929,0.7339,0.380284,CMN,BRACKET_BASE,false,true,0.7406527199999999,0.48844272,0.8102204499999999,,0.403,false
EVT-MED-1847,Frontier Campaign of Song Dynasty,827,medieval,war,East Asia,Song Dynasty,CHR-MED-1847,1272,0.625,0.536,0.6141,0.484,12.4,0.304,31.3,42.5,0.3767,16.6,5.5,0.2309,0.4094,0.3337,0.0701,0.142,0.2809,0.2472,-0.1285,0.4025,0.6058,0.669237,RMD,BRACKET_MEDIUM,false,true,0.64857507,0.50036965,0.74352425,,0.3883,false
EVT-MED-1848,Harbor Incursion Sickness in Mali Empire,1141,medieval,pandemic,West Africa,Mali Empire,CHR-MED-1848,796.4,0.406,0.772,0.3798,0.241,10.3,0.172,34.9,36,0.3765,39.2,11.8,0.3245,0.3775,0.3111,0,0.2386,0.3238,0.2502,-0.0537,0.6484,0.6819,0.6938,RMD,BRACKET_MEDIUM,false,false,0.5483562500000001,0.38269568,0.4850826,,0.4024,false
EVT-MED-1849,Navigational Instrument Reform in Kingdom of England,725,medieval,technological,British Isles,Kingdom of England,CHR-MED-1849,686,0.654,0.422,0.3572,0.692,7,0.381,28.2,38.5,0.3193,30.6,12.8,0.3116,0.2927,0.3228,0.4231,0.5543,0.4414,0.4069,0.1487,0.3686,0.6438,0.715497,RMD,BRACKET_HIGH,false,false,0.52172862,0.5422032,0.70303344,,0.2821,false
EVT-MED-1850,Maritime Trade Hub Expansion in Khmer Empire,745,medieval,economic,Southeast Asia,Khmer Empire,CHR-MED-1850,604.6,0.433,0.311,0.4176,0.437,16.5,0.301,32.8,43.8,0.4006,16.9,11.3,0.2611,0.3458,0.3249,0.0542,0.2165,0.5193,0.2921,0.1735,0.5572,0.6951,0.637008,RMD,BRACKET_MEDIUM,false,true,0.59167108,0.40220035,0.4390386,,0.4028,false
EVT-MED-1851,Peasant Rebellion against Mongol Empire / Ilkhanate,1249,medieval,revolution,Eurasian Steppe,Mongol Empire / Ilkhanate,CHR-MED-1851,783.8,0.68,0.107,0.491,0.787,12.9,0.458,28.3,36.1,0.306,20.5,6.4,0.2506,0.4586,0.3691,0.1114,0.2322,0.4434,0.3229,-0.0152,0.3638,0.5409,0.559895,CMN,BRACKET_BASE,false,true,0.7248614999999999,0.5843750000000001,0.7545000000000001,,0.4018,false
EVT-MED-1852,Temple Bureaucracy Reorganization of Kingdom of France,872,medieval,religious,Western Europe,Kingdom of France,CHR-MED-1852,1216.4,0.708,0.33,0.6242,0.734,15.4,0.444,30.8,43.3,0.3761,38,6.2,0.2943,0.4572,0.4789,0.3622,0.5058,0.4877,0.4584,0.0305,0.214,0.4833,0.645899,RMD,BRACKET_MEDIUM,false,true,0.32092994999999996,0.37651965,0.4084312,,0.3085,false
EVT-MED-1853,Continental Standoff of Holy Roman Empire,813,medieval,war,Central Europe,Holy Roman Empire,CHR-MED-1853,803.2,0.519,0.474,0.4386,0.335,12.4,0.2295,35.8,39.2,0.4054,36.6,6.6,0.2936,0.3121,0.2123,0.0504,0.1331,0.0801,0.1576,-0.232,0.5057,0.7207,0.592729,CMN,BRACKET_BASE,false,true,0.62797548,0.38089261,0.52378812,,0.338,true
EVT-MED-1854,Monastic Network Expansion of Abbasid Caliphate,1190,medieval,religious,Middle East,Abbasid Caliphate,CHR-MED-1854,1158.6,0.498,0.867,0.4983,0.692,17.6,0.434,25.5,35.5,0.2722,47.4,12.8,0.3433,0.4135,0.4424,0.3394,0.4153,0.6567,0.4535,0.2432,0.4579,0.6951,0.770322,RMD,BRACKET_HIGH,true,false,0.49595767999999996,0.38505888000000005,0.37623225,,0.3482,false
EVT-MED-1855,Decentralization Wave across Mali Empire,901,medieval,collapse,West Africa,Mali Empire,CHR-MED-1855,810,0.722,0.17,0.4722,0.293,7.3,0.183,30.1,37.9,0.3362,22.2,9.5,0.2719,0.3832,0.3208,0,0.0477,0.0258,0.1555,-0.3574,0.6832,0.8451,0.412053,CMN,BRACKET_BASE,false,true,0.8123021200000001,0.47398013999999994,0.8275058799999999,,0.3663,false
EVT-MED-1856,Maritime Hegemony Clash in Mongol Empire / Ilkhanate,1497,medieval,war,Eurasian Steppe,Mongol Empire / Ilkhanate,CHR-MED-1856,664,0.401,0.512,0.3955,0.432,13.7,0.2845,35.6,37.7,0.3942,53.1,8.9,0.332,0.3439,0.2788,0,0.0521,0.397,0.2144,0.0531,0.5738,0.641,0.366148,CMN,BRACKET_BASE,false,true,0.83211375,0.55739623,0.66838464,,0.4079,false
EVT-MED-1857,Popular Uprising of Mongol Empire / Ilkhanate,649,medieval,revolution,Eurasian Steppe,Mongol Empire / Ilkhanate,CHR-MED-1857,544.6,0.534,0.508,0.2993,0.75,6.7,0.4085,27.9,44.8,0.3539,54.3,11.6,0.3471,0.4415,0.2982,0.0558,0.3305,0.6401,0.3532,0.1986,0.7776,0.7724,0.320905,CMN,BRACKET_BASE,false,true,0.8886788999999999,0.60425,0.7442500000000001,,0.3869,false
EVT-MED-1858,Grain Market Price Shock across Abbasid Caliphate,874,medieval,economic,Middle East,Abbasid Caliphate,CHR-MED-1858,1151.3,0.677,0.306,0.6093,0.407,14.3,0.275,25,41.7,0.304,25,12,0.293,0.3487,0.2715,0,0.136,0.205,0.1922,-0.1437,0.3854,0.6257,0.369667,CMN,BRACKET_BASE,false,true,0.83151507,0.5576497,0.7604919400000001,,0.3879,true
EVT-MED-1859,Maritime Hegemony Clash in Song Dynasty,1154,medieval,war,East Asia,Song Dynasty,CHR-MED-1859,1173.5,0.663,0.332,0.6164,0.661,6,0.3605,28.2,34.9,0.2977,56.2,9.5,0.3391,0.4637,0.371,0.0458,0.1467,0.4569,0.2968,-0.0068,0.576,0.5865,0.488817,CMN,BRACKET_BASE,false,true,0.52895304,0.40486152000000003,0.47778015999999995,,0.4083,false
EVT-MED-1860,Imperial Annexation War in Mongol Empire / Ilkhanate,1420,medieval,war,Eurasian Steppe,Mongol Empire / Ilkhanate,CHR-MED-1860,769.8,0.432,0.542,0.4282,0.376,7.6,0.226,34.9,37.3,0.3843,45,10.3,0.327,0.4008,0.3192,0.1686,0.2712,0.4166,0.3153,0.0158,0.3112,0.5606,0.584419,CMN,BRACKET_BASE,false,true,0.54147132,0.38329512,0.43173342,,0.3721,false
EVT-MED-1861,Metallurgical Innovation Surge in Khmer Empire,1332,medieval,technological,Southeast Asia,Khmer Empire,CHR-MED-1861,972.4,0.647,0.747,0.3998,0.799,6.6,0.4325,31.3,44.3,0.3875,43.1,7.2,0.3084,0.3197,0.3753,0.4653,0.6082,0.6033,0.4744,0.2836,0.1917,0.6481,0.545498,CMN,BRACKET_BASE,false,true,0.6751430700000001,0.554875,0.6461250000000001,,0.3079,false
EVT-MED-1862,Bureaucratic Consolidation of Mongol Empire / Ilkhanate,1460,medieval,transformation,Eurasian Steppe,Mongol Empire / Ilkhanate,CHR-MED-1862,1089.4,0.734,0.886,0.3884,0.615,5.4,0.3345,25.7,40,0.3014,49.4,8.5,0.3248,0.2266,0.259,0.1779,0.3446,0.3858,0.2788,0.1592,0.2185,0.6169,0.687619,RMD,BRACKET_MEDIUM,false,false,0.41900220000000005,0.37358856,0.35697713999999997,,0.3172,false
EVT-MED-1863,Palatial Collapse of Abbasid Caliphate,1318,medieval,collapse,Middle East,Abbasid Caliphate,CHR-MED-1863,1153.1,0.689,0.881,0.4341,0.249,5.7,0.153,35.8,40.1,0.4108,61.9,7,0.3336,0.4788,0.4235,0.1651,0.2616,0.1056,0.2869,-0.3732,0.5066,0.8085,0.824135,RMD,BRACKET_HIGH,true,false,0.38859095,0.39093469000000003,0.58451018,,0.3604,false
EVT-MED-1864,Monastic Network Expansion of Mali Empire,1053,medieval,religious,West Africa,Mali Empire,CHR-MED-1864,1293.7,0.674,0.778,0.5373,0.474,10.1,0.2875,30,39.1,0.3423,50.1,9.3,0.3298,0.3674,0.3881,0.2875,0.357,0.2605,0.3321,-0.1069,0.2411,0.5729,0.467275,CMN,BRACKET_BASE,false,true,0.80940672,0.538375,0.74,,0.2813,true
EVT-MED-1865,Maritime Hegemony Clash in Chola Dynasty,1194,medieval,war,South India,Chola Dynasty,CHR-MED-1865,842.2,0.509,0.163,0.5537,0.757,9.8,0.4275,31.4,35.6,0.3364,18.3,6.6,0.2434,0.4221,0.3586,0.1292,0.2717,0.2892,0.2942,-0.1329,0.6673,0.671,0.578964,CMN,BRACKET_BASE,false,true,0.6735244000000001,0.54331053,0.79036012,,0.3684,false
EVT-MED-1866,Printing & Communications Diffusion in Umayyad Caliphate (Al-Andalus),1262,medieval,technological,Iberia / North Africa,Umayyad Caliphate (Al-Andalus),CHR-MED-1866,556.3,0.498,0.735,0.2476,0.469,13.5,0.302,32.9,42.9,0.3963,44,6.9,0.3084,0.2319,0.2861,0.3806,0.4905,0.5967,0.3972,0.3648,0.3359,0.7691,0.537358,CMN,BRACKET_BASE,false,true,0.6500613599999999,0.47664755,0.5751829900000001,,0.3288,false
EVT-MED-1867,Caravan Route Pestilence in Kievan Rus,1416,medieval,pandemic,Eastern Europe,Kievan Rus,CHR-MED-1867,743.6,0.419,0.539,0.4204,0.355,14.1,0.248,34.4,43.3,0.4149,17.8,9.3,0.2549,0.3682,0.3083,0,0.1636,0,0.168,-0.3743,0.9089,0.8969,0.476879,CMN,BRACKET_BASE,false,true,0.66843574,0.38938688,0.58980636,,0.379,false
EVT-MED-1868,Respiratory Virulence Wave across Byzantine Empire,1460,medieval,pandemic,Eastern Mediterranean,Byzantine Empire,CHR-MED-1868,658.1,0.426,0.596,0.36,0.745,11.3,0.429,27.8,44.6,0.3516,40,5.5,0.2945,0.394,0.3197,0,0.1382,0.2018,0.2107,-0.1922,0.9004,0.7878,0.456387,CMN,BRACKET_BASE,false,true,0.8739030000000001,0.54662368,0.79961004,,0.3945,false
EVT-MED-1869,Educational Charter of Abbasid Caliphate,1170,medieval,transformation,Middle East,Abbasid Caliphate,CHR-MED-1869,811.1,0.402,0.364,0.5105,0.361,16.8,0.2645,31,44.9,0.3879,59.3,12,0.3555,0.2923,0.326,0.2472,0.4807,0.5118,0.3716,0.2195,0.1253,0.6054,0.580462,CMN,BRACKET_BASE,false,true,0.532155,0.37631358000000004,0.31573668000000005,,0.3332,false
EVT-MED-1870,Maritime Trade Hub Expansion in Mali Empire,599,medieval,economic,West Africa,Mali Empire,CHR-MED-1870,1065.7,0.754,0.47,0.4958,0.287,7.6,0.1815,30.8,39.4,0.3527,12.3,11.8,0.2407,0.2823,0.2506,0.0562,0.1273,0.156,0.1745,-0.1263,0.4276,0.6506,0.779586,RMD,BRACKET_HIGH,true,false,0.54455829,0.37743741000000003,0.48298334,,0.3391,false
EVT-MED-1871,Metallurgical Innovation Surge in Chola Dynasty,1126,medieval,technological,South India,Chola Dynasty,CHR-MED-1871,960.5,0.406,0.145,0.647,0.377,17.4,0.2755,28.5,44,0.3555,16.3,12.7,0.2655,0.3019,0.3601,0.4569,0.5897,0.5612,0.454,0.2593,0.4488,0.6905,0.470752,CMN,BRACKET_BASE,false,true,0.74634354,0.549875,0.7252500000000001,,0.2984,false
EVT-MED-1872,Mechanical Power Harnessing in Mongol Empire / Ilkhanate,1246,medieval,technological,Eurasian Steppe,Mongol Empire / Ilkhanate,CHR-MED-1872,1053.5,0.749,0.271,0.5511,0.818,7.6,0.447,34.8,36.8,0.3802,45.8,8.5,0.3193,0.3457,0.3713,0.4123,0.4854,0.7228,0.4675,0.3771,0.2552,0.6907,0.99968,RMD,BRACKET_HIGH,true,false,0.32684974,0.38455745,0.33222692,,0.3423,false
EVT-MED-1873,Caravan Route Pestilence in Classic Maya & Postclassic,1213,medieval,pandemic,Mesoamerica,Classic Maya & Postclassic,CHR-MED-1873,1106.7,0.752,0.374,0.5449,0.543,5.3,0.298,25.5,36.6,0.2788,10.2,8.4,0.2101,0.3554,0.312,0,0.1505,0.2277,0.2091,-0.1277,0.6399,0.6907,0.378806,CMN,BRACKET_BASE,false,true,0.8696438400000001,0.5616249999999999,0.8332499999999999,,0.3923,true
EVT-MED-1874,Synod Monotheistic Mandate in Abbasid Caliphate,1091,medieval,religious,Middle East,Abbasid Caliphate,CHR-MED-1874,1237.9,0.63,0.16,0.709,0.305,10.6,0.2055,25.8,40.5,0.3055,15.3,10.6,0.2504,0.3736,0.3403,0.179,0.2663,0.3612,0.3041,-0.0124,0.3298,0.5361,0.61976,CMN,BRACKET_BASE,false,true,0.7357483999999999,0.5515,0.72225,,0.3495,true
EVT-MED-1875,Treaty System Implementation across Kievan Rus,1215,medieval,transformation,Eastern Europe,Kievan Rus,CHR-MED-1875,582.8,0.653,0.464,0.2952,0.756,8.2,0.419,33.2,34.9,0.3516,39.8,7.2,0.3026,0.2741,0.3496,0.2278,0.4656,0.5274,0.3689,0.2533,0.2738,0.6754,0.785939,RMD,BRACKET_HIGH,true,false,0.5030862500000001,0.38474191999999996,0.3461852,,0.3446,false
EVT-MED-1876,Epidemic Fever Outbreak across Classic Maya & Postclassic,904,medieval,pandemic,Mesoamerica,Classic Maya & Postclassic,CHR-MED-1876,725.2,0.587,0.368,0.4124,0.271,6.7,0.169,25.2,37.6,0.2816,18.7,12.5,0.2745,0.3802,0.3261,0.0025,0.2375,0.0633,0.2019,-0.3169,0.902,0.8972,0.450945,CMN,BRACKET_BASE,false,true,0.72584878,0.38615706,0.5735904199999999,,0.3798,false
EVT-MED-1877,Palatial Collapse of Kamakura / Muromachi Japan,681,medieval,collapse,East Asia,Kamakura / Muromachi Japan,CHR-MED-1877,944.9,0.518,0.213,0.5855,0.211,14.9,0.18,31,34.7,0.3267,34.1,9.2,0.3015,0.4384,0.3489,0.1218,0.2043,0.0787,0.2384,-0.3597,0.7718,0.8534,0.389747,CMN,BRACKET_BASE,false,true,0.9678272,0.5565,0.9582499999999999,,0.3574,true
EVT-MED-1878,Peasant Rebellion against Abbasid Caliphate,1240,medieval,revolution,Middle East,Abbasid Caliphate,CHR-MED-1878,627.4,0.738,0.649,0.2357,0.405,17.8,0.2915,27,44.3,0.3412,32.3,13.7,0.32,0.3707,0.1946,0,0.2202,0.3285,0.2228,-0.0422,0.7104,0.7001,0.653243,RMD,BRACKET_MEDIUM,false,true,0.5753103,0.37675960000000003,0.46695000000000003,,0.4017,false
EVT-MED-1879,Provincial Autonomy Insurgency against Abbasid Caliphate,985,medieval,revolution,Middle East,Abbasid Caliphate,CHR-MED-1879,1043,0.623,0.106,0.6333,0.269,16.4,0.2165,29.1,37.5,0.323,11.1,8.9,0.2187,0.3365,0.2473,0,0.2723,0.1886,0.2089,-0.1479,0.7183,0.7135,0.841214,RMD,BRACKET_HIGH,true,false,0.4416928,0.38199407999999996,0.51946146,,0.3907,false
EVT-MED-1880,Treaty System Implementation across Kievan Rus,1117,medieval,transformation,Eastern Europe,Kievan Rus,CHR-MED-1880,1076.8,0.653,0.411,0.5491,0.611,12.2,0.3665,32.9,35.1,0.3495,52.8,10.4,0.3391,0.3165,0.382,0.262,0.4629,0.6245,0.4096,0.308,0.15,0.6441,0.711407,RMD,BRACKET_HIGH,false,false,0.50346309,0.49589529999999993,0.4880266,,0.3554,false
EVT-MED-1881,Sanitation & Medical Breakthrough in Kievan Rus,865,medieval,technological,Eastern Europe,Kievan Rus,CHR-MED-1881,720.3,0.605,0.153,0.4691,0.351,17.6,0.2635,33.5,41.1,0.392,9.7,10.2,0.2155,0.2475,0.3065,0.3573,0.4238,0.5465,0.3763,0.299,0.3881,0.7198,0.828753,RMD,BRACKET_HIGH,true,false,0.41260758,0.373896,0.39584985,,0.3155,false
EVT-MED-1882,Secular Legal Separation in Tang Dynasty,944,medieval,religious,East Asia,Tang Dynasty,CHR-MED-1882,1346.7,0.549,0.29,0.7467,0.406,7.3,0.2395,27.5,37.5,0.3058,53.7,11.9,0.3478,0.4205,0.4785,0.3075,0.3579,0.3276,0.3784,-0.0929,0.4536,0.5998,0.518642,CMN,BRACKET_BASE,false,true,0.50432044,0.37166613,0.47769649,,0.2937,false
EVT-MED-1883,Educational Charter of Umayyad Caliphate (Al-Andalus),546,medieval,transformation,Iberia / North Africa,Umayyad Caliphate (Al-Andalus),CHR-MED-1883,675.6,0.602,0.541,0.3321,0.361,10.4,0.2325,31.6,40.2,0.3661,20,5.9,0.2463,0.2314,0.2589,0.1641,0.3307,0.558,0.3086,0.3266,0.2714,0.7346,0.612266,CMN,BRACKET_BASE,false,true,0.5993928,0.38877680000000003,0.34518952999999997,,0.3605,false
EVT-MED-1884,Maritime Trade Hub Expansion in Classic Maya & Postclassic,742,medieval,economic,Mesoamerica,Classic Maya & Postclassic,CHR-MED-1884,826.6,0.73,0.343,0.4259,0.766,15.7,0.4615,25.7,37.4,0.2858,14.2,8.8,0.236,0.4289,0.3505,0.1265,0.2416,0.5427,0.338,0.1138,0.4104,0.6181,0.671268,RMD,BRACKET_MEDIUM,false,true,0.52045664,0.39360912,0.4161705,,0.4026,false
EVT-MED-1885,Temple Bureaucracy Reorganization of Kamakura / Muromachi Japan,1078,medieval,religious,East Asia,Kamakura / Muromachi Japan,CHR-MED-1885,731.3,0.506,0.342,0.4474,0.633,10.2,0.3675,32.8,43.9,0.4012,44.4,11.2,0.3306,0.413,0.4873,0.3588,0.4716,0.577,0.4615,0.164,0.2731,0.6044,0.848829,RMD,BRACKET_HIGH,true,false,0.31751999999999997,0.46627566,0.53674022,,0.323,false
EVT-MED-1886,Coalition Defense of Khmer Empire,765,medieval,war,Southeast Asia,Khmer Empire,CHR-MED-1886,988.4,0.531,0.724,0.4492,0.665,12.3,0.394,30.5,41.3,0.3609,27.1,10.9,0.2933,0.374,0.3325,0.0791,0.174,0.4135,0.2746,0.0395,0.6888,0.6429,0.409724,CMN,BRACKET_BASE,false,true,0.78052512,0.49926336,0.6933066000000001,,0.3971,false
EVT-MED-1887,Mercantile Tariff Overhaul across Tang Dynasty,960,medieval,economic,East Asia,Tang Dynasty,CHR-MED-1887,1236.2,0.452,0.6,0.6296,0.788,11,0.449,29.6,35.3,0.3152,17.3,8.2,0.2473,0.3819,0.2921,0.1121,0.2172,0.4467,0.29,0.0648,0.3498,0.5434,0.50184,CMN,BRACKET_BASE,false,true,0.5273612,0.39454272,0.42545971,,0.3934,false
EVT-MED-1888,Guild Monopoly Reform in Tang Dynasty,1466,medieval,economic,East Asia,Tang Dynasty,CHR-MED-1888,1116.2,0.585,0.528,0.5534,0.211,6.2,0.1365,34.4,35.1,0.3657,30,10.7,0.2997,0.2975,0.263,0.1547,0.3258,0.3611,0.2804,0.0636,0.4084,0.6081,0.530397,CMN,BRACKET_BASE,false,true,0.52154329,0.37986058,0.42566786,,0.3416,false
EVT-MED-1889,Continental Standoff of Tang Dynasty,982,medieval,war,East Asia,Tang Dynasty,CHR-MED-1889,1200.3,0.638,0.875,0.474,0.483,10.9,0.296,33.2,36.5,0.3612,62.3,4.6,0.3221,0.405,0.2934,0,0.1721,0.2503,0.2242,-0.1547,0.3697,0.6363,0.403543,CMN,BRACKET_BASE,false,true,0.73440136,0.50328692,0.7547248799999999,,0.3999,false
EVT-MED-1890,Dynastic Disintegration of Kievan Rus,1089,medieval,collapse,Eastern Europe,Kievan Rus,CHR-MED-1890,1267.2,0.572,0.336,0.6877,0.292,16.3,0.2275,33.9,38.4,0.3801,33.4,7.9,0.2935,0.4846,0.3905,0.0967,0.1305,0.0969,0.2398,-0.3877,0.5951,0.7938,0.624563,CMN,BRACKET_BASE,false,true,0.5823885599999999,0.48599000000000003,0.8608690400000001,,0.365,false
EVT-MED-1891,Constitutional Reorganization of Abbasid Caliphate,537,medieval,transformation,Middle East,Abbasid Caliphate,CHR-MED-1891,847.8,0.484,0.651,0.4175,0.257,7.4,0.1655,34.6,43.9,0.4206,47.3,4.8,0.3031,0.2412,0.3133,0.2258,0.4737,0.4353,0.3379,0.1941,0.3532,0.6726,0.850413,RMD,BRACKET_HIGH,true,false,0.35026527999999996,0.38215652,0.3671487,,0.3273,false
EVT-MED-1892,Sanitation & Medical Breakthrough in Byzantine Empire,1358,medieval,technological,Eastern Mediterranean,Byzantine Empire,CHR-MED-1892,860.2,0.404,0.23,0.5738,0.617,6.2,0.3395,25.9,35.9,0.2789,53.9,6.8,0.3226,0.3221,0.3421,0.3919,0.5089,0.6508,0.4432,0.3287,0.4356,0.7376,0.750405,RMD,BRACKET_HIGH,true,false,0.47919535999999996,0.37179825,0.35987922,,0.3307,false
EVT-MED-1893,Temple Bureaucracy Reorganization of Chola Dynasty,1074,medieval,religious,South India,Chola Dynasty,CHR-MED-1893,1084.8,0.548,0.221,0.6415,0.511,9.7,0.304,28.5,38.5,0.3225,29.6,10.9,0.2997,0.379,0.4289,0.3176,0.4505,0.5532,0.4258,0.1742,0.3075,0.6107,0.616491,CMN,BRACKET_BASE,false,true,0.56075,0.547125,0.602875,,0.3274,false
EVT-MED-1894,Popular Uprising of Tang Dynasty,514,medieval,revolution,East Asia,Tang Dynasty,CHR-MED-1894,567.5,0.722,0.642,0.2137,0.202,13.5,0.1685,34.8,35.3,0.3712,57.9,8.2,0.3348,0.3451,0.1766,0,0.2525,0.3581,0.2265,0.013,0.4457,0.6354,0.514206,CMN,BRACKET_BASE,false,true,0.7376400000000001,0.54303353,0.66014934,,0.4021,false
EVT-MED-1895,Military Coup d’État in Kingdom of England,866,medieval,revolution,British Isles,Kingdom of England,CHR-MED-1895,852.7,0.636,0.829,0.3208,0.295,10.5,0.2,33.2,43.5,0.4032,52.1,6.2,0.3171,0.315,0.1615,0,0.124,0.4444,0.209,0.1294,0.3841,0.6573,0.629854,CMN,BRACKET_BASE,false,true,0.7119583099999999,0.572125,0.65425,,0.4052,true
EVT-MED-1896,Silver Flotilla Currency Shock in Khmer Empire,818,medieval,economic,Southeast Asia,Khmer Empire,CHR-MED-1896,846,0.693,0.301,0.4589,0.334,14.1,0.2375,30.6,37.1,0.3368,47.5,13.4,0.3464,0.3779,0.3082,0.1252,0.2839,0.1844,0.2559,-0.1935,0.3128,0.6577,0.505574,CMN,BRACKET_BASE,false,true,0.76243239,0.5382117,0.75806536,,0.3414,true
EVT-MED-1897,Debt Crisis Settlement of Mali Empire,1495,medieval,economic,West Africa,Mali Empire,CHR-MED-1897,854.6,0.593,0.461,0.4451,0.344,8.4,0.214,35.7,44.9,0.4385,58.2,6.8,0.3282,0.421,0.3599,0.1997,0.355,0.2664,0.3204,-0.1546,0.5453,0.6852,0.592355,CMN,BRACKET_BASE,false,true,0.71896914,0.53185866,0.77500635,,0.3334,false
EVT-MED-1898,Orthodoxy & Heresy Trial Wave in Holy Roman Empire,1096,medieval,religious,Central Europe,Holy Roman Empire,CHR-MED-1898,1042.9,0.651,0.617,0.4716,0.839,14,0.4895,28.2,37.3,0.3121,46.7,8.8,0.3222,0.3662,0.3449,0.2168,0.3838,0.33,0.3283,-0.0362,0.2019,0.509,0.741828,RMD,BRACKET_HIGH,true,false,0.47508816000000004,0.39008563999999996,0.44841006000000005,,0.3256,true
EVT-MED-1899,Palatial Collapse of Chola Dynasty,1328,medieval,collapse,South India,Chola Dynasty,CHR-MED-1899,1140.3,0.733,0.322,0.5824,0.366,17.2,0.269,33.7,34.3,0.3533,63.5,8.6,0.3435,0.506,0.4539,0.2172,0.2384,0.0788,0.2989,-0.4272,0.7426,0.8656,0.488692,CMN,BRACKET_BASE,false,true,0.7010830400000001,0.50872005,0.93979452,,0.3567,false
EVT-MED-1900,Epidemic Fever Outbreak across Khmer Empire,645,medieval,pandemic,Southeast Asia,Khmer Empire,CHR-MED-1900,1263.5,0.612,0.827,0.5266,0.21,5.7,0.1335,29.4,38.3,0.331,48.9,13.8,0.3506,0.3785,0.3579,0.0693,0.2492,0.0624,0.2235,-0.3161,0.7603,0.8421,0.648367,RMD,BRACKET_MEDIUM,false,true,0.52791488,0.37559205,0.5688860400000001,,0.3643,false
EVT-MED-1901,Mercantile Tariff Overhaul across Mongol Empire / Ilkhanate,594,medieval,economic,Eurasian Steppe,Mongol Empire / Ilkhanate,CHR-MED-1901,1337.4,0.708,0.857,0.5244,0.777,17.9,0.478,34.9,42.2,0.4137,41.5,11.4,0.3267,0.5055,0.4465,0.3181,0.3918,0.6112,0.4546,0.1057,0.4429,0.5854,0.555119,CMN,BRACKET_BASE,false,true,0.6505947000000001,0.54363168,0.62323668,,0.372,false
EVT-MED-1902,Maritime Trade Hub Expansion in Kingdom of France,1296,medieval,economic,Western Europe,Kingdom of France,CHR-MED-1902,530.9,0.414,0.631,0.2918,0.821,6.3,0.442,33,42.4,0.3944,41,12.6,0.3318,0.3908,0.3081,0.1929,0.2481,0.5736,0.3427,0.1828,0.3515,0.6474,0.392545,CMN,BRACKET_BASE,false,true,0.76900464,0.55203588,0.5806776,,0.3883,false
EVT-MED-1903,Maritime Hegemony Clash in Kingdom of France,1185,medieval,war,Western Europe,Kingdom of France,CHR-MED-1903,1054,0.717,0.883,0.3773,0.341,9.2,0.2165,29.5,44.4,0.3687,14.1,13.1,0.257,0.2965,0.221,0,0.1825,0.2117,0.1823,-0.0848,0.6512,0.6942,0.367195,CMN,BRACKET_BASE,false,true,0.8547711999999998,0.545625,0.788125,,0.3789,true
EVT-MED-1904,Guild Monopoly Reform in Abbasid Caliphate,1206,medieval,economic,Middle East,Abbasid Caliphate,CHR-MED-1904,800.4,0.611,0.653,0.3559,0.431,14.6,0.2885,29.5,42.3,0.3561,42.6,5.5,0.2991,0.2889,0.2422,0.0415,0.1547,0.1653,0.1785,-0.1236,0.6135,0.7,0.49348,CMN,BRACKET_BASE,false,true,0.64362989,0.36682813999999997,0.48634545,,0.3509,false
EVT-MED-1905,Fiscal Modernization in Abbasid Caliphate,921,medieval,transformation,Middle East,Abbasid Caliphate,CHR-MED-1905,901.3,0.411,0.616,0.4757,0.767,5.5,0.411,26.4,35.3,0.2807,27.3,10.1,0.2899,0.3127,0.3472,0.2953,0.5382,0.4607,0.3908,0.148,0.2745,0.6034,0.504268,CMN,BRACKET_BASE,false,true,0.7239336300000001,0.5515,0.59875,,0.3163,true
EVT-MED-1906,Civic Restoration Revolt in Song Dynasty,749,medieval,revolution,East Asia,Song Dynasty,CHR-MED-1906,1171.2,0.548,0.212,0.6858,0.304,15.4,0.229,27,43.8,0.3382,24.8,6.6,0.2654,0.4082,0.2816,0.0183,0.2039,0.1516,0.2127,-0.2566,0.7422,0.7662,0.577751,CMN,BRACKET_BASE,false,true,0.63657184,0.3849531,0.5506379400000001,,0.3852,false
EVT-MED-1907,Temple Bureaucracy Reorganization of Mali Empire,512,medieval,religious,West Africa,Mali Empire,CHR-MED-1907,783.5,0.53,0.375,0.4555,0.61,11.2,0.361,29,38.8,0.3297,13.4,10.5,0.2404,0.3028,0.3145,0.1682,0.3397,0.2681,0.2787,-0.0347,0.2228,0.5325,0.469998,CMN,BRACKET_BASE,false,true,0.5491447,0.37558024,0.43526828,,0.3205,false
EVT-MED-1908,Orthodoxy & Heresy Trial Wave in Byzantine Empire,951,medieval,religious,Eastern Mediterranean,Byzantine Empire,CHR-MED-1908,658.5,0.617,0.342,0.379,0.727,6.9,0.398,25.4,41.6,0.3078,14.9,7,0.2305,0.3751,0.4075,0.3017,0.4046,0.244,0.3466,-0.1311,0.4686,0.6552,0.414593,CMN,BRACKET_BASE,false,true,0.60014164,0.45197304000000005,0.695237,,0.288,false
EVT-MED-1909,Palatial Collapse of Chola Dynasty,547,medieval,collapse,South India,Chola Dynasty,CHR-MED-1909,922.7,0.714,0.751,0.3546,0.749,5.8,0.4035,25.2,42.1,0.3086,43.3,6.3,0.3042,0.4041,0.3145,0,0.035,0,0.1507,-0.4304,0.7473,0.8892,0.598146,CMN,BRACKET_BASE,false,true,0.66755904,0.39303783999999997,0.59316835,,0.3742,false
EVT-MED-1910,Succession Conflict of Kingdom of France,1211,medieval,war,Western Europe,Kingdom of France,CHR-MED-1910,1256.7,0.69,0.476,0.6052,0.697,16.6,0.4315,27.1,34.3,0.2823,48.2,9.1,0.326,0.4812,0.432,0.1547,0.3054,0.5371,0.3821,0.0559,0.5349,0.5961,0.559894,CMN,BRACKET_BASE,false,true,0.5898331200000001,0.40182144,0.45845072,,0.4019,false
EVT-MED-1911,Agricultural Plague Wave in Kingdom of England,534,medieval,pandemic,British Isles,Kingdom of England,CHR-MED-1911,841,0.558,0.714,0.3731,0.675,15.1,0.413,25.6,34.3,0.2661,62.8,11.2,0.3557,0.3787,0.3196,0,0.1947,0.1126,0.2011,-0.2661,0.7899,0.8133,0.455462,CMN,BRACKET_BASE,false,true,0.6794009,0.39154049999999996,0.56632428,,0.3849,false
EVT-MED-1912,Civic Restoration Revolt in Kievan Rus,756,medieval,revolution,Eastern Europe,Kievan Rus,CHR-MED-1912,1289.3,0.538,0.693,0.6014,0.833,8.4,0.4585,27.7,34,0.2869,21.3,12.4,0.2834,0.4162,0.2516,0.036,0.2006,0.2851,0.2379,-0.1311,0.4697,0.6162,0.719388,RMD,BRACKET_HIGH,false,false,0.43297184,0.39385677999999996,0.50435328,,0.3966,false
EVT-MED-1913,Synod Monotheistic Mandate in Kamakura / Muromachi Japan,924,medieval,religious,East Asia,Kamakura / Muromachi Japan,CHR-MED-1913,642.5,0.735,0.715,0.224,0.537,15.4,0.3455,34.4,37.3,0.3789,38.8,6.3,0.2963,0.3373,0.4015,0.2652,0.3856,0.5117,0.3803,0.1744,0.4716,0.6998,0.54415,CMN,BRACKET_BASE,false,true,0.5587936,0.45111696,0.5505104,,0.3357,false
EVT-MED-1914,Military Coup d’État in Song Dynasty,1284,medieval,revolution,East Asia,Song Dynasty,CHR-MED-1914,961.9,0.649,0.669,0.4176,0.307,14.9,0.228,25.4,38.9,0.2916,61.9,10.3,0.3501,0.3255,0.2109,0,0.1953,0.0624,0.1588,-0.2631,0.4417,0.7419,0.483667,CMN,BRACKET_BASE,false,true,0.6393942,0.3809724,0.52533635,,0.3649,false
EVT-MED-1915,Urban Quarantine Emergency in Chola Dynasty,1150,medieval,pandemic,South India,Chola Dynasty,CHR-MED-1915,750.4,0.68,0.423,0.3801,0.483,15.9,0.321,30.2,37.5,0.3348,26.8,6.2,0.269,0.3756,0.3066,0,0.1758,0.046,0.1808,-0.3296,0.8396,0.8625,0.560816,CMN,BRACKET_BASE,false,true,0.7955251199999999,0.5555,0.925875,,0.3733,true
EVT-MED-1916,Hydraulic Engineering Grid in Song Dynasty,818,medieval,technological,East Asia,Song Dynasty,CHR-MED-1916,603,0.609,0.359,0.3496,0.229,16.3,0.196,26.1,34.8,0.2745,54.2,8.3,0.3305,0.2071,0.2509,0.3259,0.44,0.5193,0.3486,0.3122,0.2975,0.7499,0.78707,RMD,BRACKET_HIGH,true,false,0.55507392,0.45315972,0.54237836,,0.3189,false
EVT-MED-1917,Mercantile Tariff Overhaul across Kingdom of England,659,medieval,economic,British Isles,Kingdom of England,CHR-MED-1917,904.4,0.653,0.109,0.5567,0.356,13.5,0.2455,30.7,40.5,0.3582,52.6,6.9,0.3213,0.42,0.3404,0.1806,0.2339,0.2166,0.2783,-0.2034,0.4858,0.6872,0.498717,CMN,BRACKET_BASE,false,true,0.5567744,0.38031006,0.52286232,,0.3262,false
EVT-MED-1918,Canal Infrastructure Boom in Kingdom of France,796,medieval,economic,Western Europe,Kingdom of France,CHR-MED-1918,1341,0.448,0.849,0.6066,0.612,15.1,0.3815,35.1,43.1,0.4212,54.6,12.3,0.351,0.4494,0.4259,0.19,0.2788,0.2433,0.3175,-0.2061,0.3768,0.6241,0.466446,CMN,BRACKET_BASE,false,true,0.7301579999999999,0.56325,0.848875,,0.3373,false
EVT-MED-1919,Peasant Rebellion against Mongol Empire / Ilkhanate,709,medieval,revolution,Eurasian Steppe,Mongol Empire / Ilkhanate,CHR-MED-1919,775.1,0.438,0.558,0.4241,0.463,15.7,0.31,33.1,37.4,0.3655,61.4,11.9,0.3575,0.4149,0.2545,0,0.2232,0.1125,0.201,-0.3024,0.6779,0.7978,0.628128,CMN,BRACKET_BASE,false,true,0.5635623,0.38553432000000004,0.56145464,,0.3913,false
EVT-MED-1920,Borderlands Pacification of Byzantine Empire,1099,medieval,war,Eastern Mediterranean,Byzantine Empire,CHR-MED-1920,950.4,0.639,0.308,0.5233,0.238,13.4,0.186,30.4,36.5,0.331,20.2,7.7,0.2561,0.3688,0.2692,0.0969,0.189,0.3152,0.2478,-0.0536,0.6708,0.6706,0.521842,CMN,BRACKET_BASE,false,true,0.776,0.55025,0.783625,,0.3743,true
EVT-MED-1921,Palatial Collapse of Classic Maya & Postclassic,922,medieval,collapse,Mesoamerica,Classic Maya & Postclassic,CHR-MED-1921,782.8,0.75,0.737,0.2806,0.747,5.4,0.4005,31.4,37.6,0.3484,47.5,13.3,0.3459,0.3987,0.2975,0,0.0541,0.0818,0.1664,-0.3169,0.5631,0.7875,0.722899,RMD,BRACKET_HIGH,false,false,0.5047578500000001,0.38226221,0.55172085,,0.3748,false
EVT-MED-1922,Imperial Unification of Kievan Rus,931,medieval,transformation,Eastern Europe,Kievan Rus,CHR-MED-1922,1096.6,0.558,0.554,0.5443,0.316,9.1,0.2035,27.6,36.1,0.2984,14.2,5.3,0.2185,0.2408,0.3001,0.2077,0.4268,0.5796,0.351,0.3388,0.1889,0.7032,0.944377,RMD,BRACKET_HIGH,true,false,0.34175711999999997,0.38254098,0.32057794,,0.3546,false
EVT-MED-1923,Peasant Rebellion against Kingdom of England,1327,medieval,revolution,British Isles,Kingdom of England,CHR-MED-1923,758.8,0.748,0.22,0.4247,0.298,16.7,0.2325,25.1,38.5,0.2859,62.7,11.7,0.358,0.4081,0.3123,0.0445,0.2542,0.2308,0.25,-0.1773,0.5119,0.7123,0.743607,RMD,BRACKET_HIGH,true,false,0.5331670399999999,0.38479089,0.5199268899999999,,0.387,false
EVT-MED-1924,Decentralization Wave across Chola Dynasty,547,medieval,collapse,South India,Chola Dynasty,CHR-MED-1924,849.1,0.527,0.653,0.4046,0.659,14.8,0.4035,30,44.1,0.3723,42.2,13,0.3359,0.5234,0.4675,0.1086,0.1622,0.2559,0.3035,-0.2675,0.6445,0.7585,0.526088,CMN,BRACKET_BASE,false,true,0.62913838,0.39608348,0.5656977000000001,,0.3906,false
EVT-MED-1925,Provincial Autonomy Insurgency against Khmer Empire,1368,medieval,revolution,Southeast Asia,Khmer Empire,CHR-MED-1925,1199.6,0.438,0.506,0.6443,0.46,6.5,0.2625,29.3,34,0.3042,61.1,9.1,0.3432,0.4869,0.3614,0,0.2543,0.2039,0.2613,-0.283,0.683,0.7719,0.635597,RMD,BRACKET_MEDIUM,false,true,0.6362023099999999,0.49608993,0.82552131,,0.4063,false
EVT-MED-1926,Sanitation & Medical Breakthrough in Kingdom of France,1474,medieval,technological,Western Europe,Kingdom of France,CHR-MED-1926,806,0.453,0.288,0.5155,0.66,11.8,0.389,30.4,41,0.358,46.2,5.9,0.3069,0.3078,0.3334,0.3895,0.4989,0.6451,0.4349,0.3373,0.3494,0.7101,0.612072,CMN,BRACKET_BASE,false,true,0.5787068200000001,0.551125,0.584625,,0.3318,false
EVT-MED-1927,Astronomical Standardization by Mongol Empire / Ilkhanate,1280,medieval,technological,Eurasian Steppe,Mongol Empire / Ilkhanate,CHR-MED-1927,1147.5,0.45,0.412,0.6438,0.53,15.5,0.3425,35,40.2,0.4027,20.8,10,0.2697,0.3705,0.4036,0.4989,0.6285,0.7324,0.5268,0.3619,0.2017,0.6675,0.706166,RMD,BRACKET_HIGH,false,false,0.35376105,0.39296706,0.36755592,,0.3318,false
EVT-MED-1928,Respiratory Virulence Wave across Holy Roman Empire,581,medieval,pandemic,Central Europe,Holy Roman Empire,CHR-MED-1928,748.4,0.557,0.404,0.4218,0.213,12.1,0.167,30.2,41.9,0.3612,58.8,7.9,0.3344,0.3472,0.3257,0,0.1771,0.2735,0.2247,-0.0737,0.8323,0.7354,0.727998,RMD,BRACKET_HIGH,false,false,0.6089832000000001,0.39089546999999997,0.50534484,,0.396,false
EVT-MED-1929,Territorial Rupture of Song Dynasty,771,medieval,collapse,East Asia,Song Dynasty,CHR-MED-1929,782.1,0.527,0.453,0.4323,0.756,18,0.468,34.6,35.4,0.3696,28.9,6.4,0.2755,0.4984,0.4015,0.1388,0.1845,0.1191,0.2685,-0.3793,0.7471,0.8311,0.229511,CMN,BRACKET_BASE,false,true,0.9458265000000001,0.57075,0.980625,,0.362,true
EVT-MED-1930,Maritime Trade Hub Expansion in Kievan Rus,774,medieval,economic,Eastern Europe,Kievan Rus,CHR-MED-1930,1260.4,0.506,0.862,0.5464,0.78,6.5,0.4225,31.9,38.4,0.3586,30.3,9.3,0.2934,0.4407,0.3599,0.1746,0.2545,0.4357,0.3331,-0.005,0.4539,0.5471,0.640008,RMD,BRACKET_MEDIUM,false,true,0.6046665,0.5695,0.7495,,0.3827,true
EVT-MED-1931,Succession Conflict of Song Dynasty,1294,medieval,war,East Asia,Song Dynasty,CHR-MED-1931,683.9,0.549,0.86,0.2563,0.844,13.8,0.491,26.1,42.7,0.3219,40.9,6.9,0.3031,0.4175,0.3575,0.1408,0.3264,0.1341,0.2753,-0.2834,0.331,0.7054,0.802258,RMD,BRACKET_HIGH,true,false,0.37374515999999997,0.39122153,0.5429914,,0.3563,false
EVT-MED-1932,Silver Flotilla Currency Shock in Classic Maya & Postclassic,571,medieval,economic,Mesoamerica,Classic Maya & Postclassic,CHR-MED-1932,878.1,0.441,0.46,0.5023,0.428,8.3,0.2555,33.7,36.4,0.3659,44.1,9.5,0.3216,0.4348,0.387,0.1882,0.3063,0.6347,0.3902,0.1999,0.6393,0.7292,0.692936,RMD,BRACKET_MEDIUM,false,false,0.5150851200000001,0.39140680000000005,0.42682626,,0.3974,false
EVT-MED-1933,Silver Flotilla Currency Shock in Classic Maya & Postclassic,785,medieval,economic,Mesoamerica,Classic Maya & Postclassic,CHR-MED-1933,966.2,0.547,0.793,0.413,0.613,13.2,0.3725,27,38.9,0.3088,14.4,7.2,0.2291,0.3356,0.2417,0,0.1049,0.2718,0.1908,-0.0638,0.5476,0.6372,0.468903,CMN,BRACKET_BASE,false,true,0.64653883,0.38139568,0.4707251,,0.3955,false
EVT-MED-1934,Debt Crisis Settlement of Umayyad Caliphate (Al-Andalus),1310,medieval,economic,Iberia / North Africa,Umayyad Caliphate (Al-Andalus),CHR-MED-1934,1040.3,0.478,0.631,0.518,0.391,15.3,0.272,32.5,34.9,0.344,31.2,4.7,0.2725,0.42,0.3922,0.1824,0.3187,0.6029,0.3832,0.1829,0.4385,0.6683,0.590346,CMN,BRACKET_BASE,false,true,0.5960700000000001,0.5561827500000001,0.6207026400000001,,0.3947,false
EVT-MED-1935,Popular Uprising of Tang Dynasty,754,medieval,revolution,East Asia,Tang Dynasty,CHR-MED-1935,1238.4,0.646,0.154,0.7062,0.761,9.4,0.4275,28.9,34.5,0.3028,62.5,8,0.3393,0.4362,0.3412,0.1203,0.3056,0.6353,0.3677,0.1991,0.6445,0.6832,0.627291,CMN,BRACKET_BASE,false,true,0.50122683,0.39314268,0.435525,,0.4017,false
EVT-MED-1936,Orthodoxy & Heresy Trial Wave in Kamakura / Muromachi Japan,1299,medieval,religious,East Asia,Kamakura / Muromachi Japan,CHR-MED-1936,971.5,0.47,0.8,0.4366,0.484,16,0.322,34,37.9,0.3782,23.2,11.3,0.2841,0.3322,0.2924,0.1571,0.3243,0.2524,0.2717,-0.0798,0.3312,0.5854,0.411212,CMN,BRACKET_BASE,false,true,0.7780733999999999,0.542,0.7489999999999999,,0.3294,true
EVT-MED-1937,Epidemic Fever Outbreak across Abbasid Caliphate,1499,medieval,pandemic,Middle East,Abbasid Caliphate,CHR-MED-1937,1032.7,0.704,0.463,0.497,0.674,7,0.372,29.4,44.5,0.3682,60,9.1,0.3419,0.4559,0.387,0.0579,0.2396,0.0875,0.2456,-0.3684,0.7943,0.8419,0.351489,CMN,BRACKET_BASE,false,true,0.9546922499999999,0.56975,0.9683750000000001,,0.3787,true
EVT-MED-1938,Sanitation & Medical Breakthrough in Mongol Empire / Ilkhanate,918,medieval,technological,Eurasian Steppe,Mongol Empire / Ilkhanate,CHR-MED-1938,1145.5,0.527,0.466,0.6035,0.624,11.7,0.3705,35.9,34.2,0.3764,16,4.5,0.2232,0.3318,0.3528,0.4053,0.4846,0.67,0.4489,0.3382,0.4211,0.7153,0.640055,RMD,BRACKET_MEDIUM,false,true,0.48713754,0.5353730600000001,0.5486056,,0.3325,false
EVT-MED-1939,Astronomical Standardization by Mali Empire,1153,medieval,technological,West Africa,Mali Empire,CHR-MED-1939,569.3,0.563,0.224,0.3877,0.81,15.8,0.484,29.1,37.5,0.323,64.1,7.2,0.3371,0.3137,0.3594,0.471,0.5597,0.622,0.4652,0.3083,0.2615,0.6827,0.701276,RMD,BRACKET_HIGH,false,false,0.41530090000000003,0.52568507,0.60406988,,0.311,false
EVT-MED-1940,Coalition Defense of Holy Roman Empire,638,medieval,war,Central Europe,Holy Roman Empire,CHR-MED-1940,1072.8,0.676,0.592,0.486,0.525,16.8,0.3465,35,42.3,0.4153,36.5,12.7,0.3239,0.459,0.3978,0.244,0.3339,0.3126,0.3495,-0.1464,0.5414,0.6572,0.769747,RMD,BRACKET_HIGH,true,false,0.60678002,0.46859176,0.74412405,,0.3254,false
EVT-MED-1941,Dynastic Disintegration of Tang Dynasty,715,medieval,collapse,East Asia,Tang Dynasty,CHR-MED-1941,1324.7,0.454,0.462,0.713,0.758,16.7,0.4625,35.6,43.7,0.4302,23,5.1,0.2525,0.5699,0.5123,0.2989,0.3309,0.1555,0.3735,-0.4144,0.6152,0.7667,0.35875,CMN,BRACKET_BASE,false,true,0.767625,0.5835,1,,0.3533,false
EVT-MED-1942,Secular Legal Separation in Kamakura / Muromachi Japan,1099,medieval,religious,East Asia,Kamakura / Muromachi Japan,CHR-MED-1942,640.4,0.695,0.891,0.1822,0.473,7.4,0.2735,31.3,35.8,0.3365,12.6,4.8,0.2074,0.2641,0.2833,0.1408,0.2471,0.2122,0.2295,-0.0519,0.4385,0.6488,0.546274,CMN,BRACKET_BASE,false,true,0.7223418,0.4439862,0.6491958,,0.3019,false
EVT-MED-1943,Borderlands Pacification of Kievan Rus,1302,medieval,war,Eastern Europe,Kievan Rus,CHR-MED-1943,1325.7,0.484,0.318,0.7477,0.474,15.6,0.315,28,35.4,0.2986,14.4,5.1,0.2186,0.3912,0.3092,0,0.1412,0.4757,0.2635,0.0845,0.361,0.5617,0.565443,CMN,BRACKET_BASE,false,true,0.6054548200000001,0.40604772,0.43511962000000004,,0.4058,false
EVT-MED-1944,Epidemic Fever Outbreak across Song Dynasty,935,medieval,pandemic,East Asia,Song Dynasty,CHR-MED-1944,1184,0.47,0.569,0.6083,0.602,15.2,0.377,27.2,34.8,0.2863,53.2,9,0.3327,0.4437,0.3766,0.0735,0.1847,0.1593,0.2476,-0.2844,0.6703,0.7604,0.733737,RMD,BRACKET_HIGH,true,false,0.559845,0.3899193,0.5716821900000001,,0.3706,false
EVT-MED-1945,Educational Charter of Tang Dynasty,1114,medieval,transformation,East Asia,Tang Dynasty,CHR-MED-1945,730.7,0.566,0.276,0.4489,0.651,8.4,0.3675,29.8,44.8,0.3743,62.9,11.1,0.3553,0.2906,0.3207,0.2581,0.3809,0.4995,0.35,0.2089,0.23,0.6217,0.809613,RMD,BRACKET_HIGH,true,false,0.65348415,0.54375,0.553125,,0.3241,false
EVT-MED-1946,Caravan Route Pestilence in Mongol Empire / Ilkhanate,971,medieval,pandemic,Eurasian Steppe,Mongol Empire / Ilkhanate,CHR-MED-1946,676.2,0.647,0.827,0.2331,0.791,9.8,0.4445,27.5,44.5,0.3478,28,13.4,0.3082,0.3662,0.3247,0,0.1796,0.0513,0.1844,-0.3149,0.8316,0.8541,0.593522,CMN,BRACKET_BASE,false,true,0.8293069999999999,0.55159832,0.87613038,,0.373,true
EVT-MED-1947,Continental Standoff of Kingdom of England,1120,medieval,war,British Isles,Kingdom of England,CHR-MED-1947,897.7,0.585,0.281,0.5222,0.425,9.4,0.2595,28.2,34.5,0.2953,43.3,13.2,0.3387,0.3626,0.254,0.006,0.0827,0.0736,0.1558,-0.289,0.3477,0.7114,0.498624,CMN,BRACKET_BASE,false,true,0.60738253,0.38966452999999995,0.53111021,,0.3618,false
EVT-MED-1948,Civic Restoration Revolt in Song Dynasty,814,medieval,revolution,East Asia,Song Dynasty,CHR-MED-1948,1036.1,0.612,0.806,0.4233,0.765,5.3,0.409,29,38.7,0.3291,18.4,9.4,0.2578,0.3507,0.2368,0,0.275,0.5095,0.2744,0.1588,0.698,0.716,0.834048,RMD,BRACKET_HIGH,true,false,0.60700735,0.49118318999999994,0.6501748399999999,,0.4015,false
EVT-MED-1949,Navigational Instrument Reform in Kamakura / Muromachi Japan,741,medieval,technological,East Asia,Kamakura / Muromachi Japan,CHR-MED-1949,1284.3,0.497,0.854,0.563,0.37,6.8,0.219,34.6,41.8,0.408,8.2,7.6,0.1903,0.3009,0.3388,0.4074,0.5251,0.5968,0.4338,0.2959,0.1938,0.6597,0.786757,RMD,BRACKET_HIGH,true,false,0.37374403,0.38610068,0.37576604999999996,,0.3171,false
EVT-MED-1950,Monastic Network Expansion of Tang Dynasty,747,medieval,religious,East Asia,Tang Dynasty,CHR-MED-1950,1265.1,0.486,0.386,0.6975,0.641,12.2,0.3815,30,34.3,0.3135,35.1,9.3,0.3041,0.4205,0.456,0.3498,0.4757,0.6267,0.4657,0.2062,0.3736,0.6259,0.69811,RMD,BRACKET_MEDIUM,false,false,0.43917675999999994,0.3779542,0.36619549999999995,,0.3392,false
EVT-MED-1951,Temple Bureaucracy Reorganization of Classic Maya & Postclassic,1042,medieval,religious,Mesoamerica,Classic Maya & Postclassic,CHR-MED-1951,802.9,0.452,0.317,0.5056,0.45,17.4,0.312,29.2,43.3,0.3589,8.2,8.5,0.1948,0.3842,0.3649,0.1691,0.3363,0.4876,0.3484,0.1034,0.3086,0.5865,0.485583,CMN,BRACKET_BASE,false,true,0.6727690199999999,0.5622499999999999,0.66075,,0.3804,false
EVT-MED-1952,Synod Monotheistic Mandate in Tang Dynasty,1417,medieval,religious,East Asia,Tang Dynasty,CHR-MED-1952,646.1,0.409,0.831,0.2888,0.83,16.9,0.4995,28.8,39.3,0.3306,61.9,10,0.3486,0.3557,0.3538,0.2734,0.4179,0.267,0.3336,-0.0887,0.4456,0.6215,0.578878,CMN,BRACKET_BASE,false,true,0.6434203999999999,0.52684016,0.7162349400000001,,0.2884,true
EVT-MED-1953,Frontier Fragmentation of Abbasid Caliphate,1469,medieval,collapse,Middle East,Abbasid Caliphate,CHR-MED-1953,572,0.639,0.654,0.2372,0.845,11.9,0.482,35,36.3,0.3793,63.8,8,0.3408,0.4601,0.4086,0.1744,0.2435,0.0865,0.2746,-0.3736,0.6922,0.84,0.680335,RMD,BRACKET_MEDIUM,false,false,0.50698582,0.38416019,0.5924979499999999,,0.356,false
EVT-MED-1954,Metallurgical Innovation Surge in Holy Roman Empire,844,medieval,technological,Central Europe,Holy Roman Empire,CHR-MED-1954,1116.3,0.648,0.742,0.4704,0.835,5.8,0.4465,29.9,43,0.3646,59.9,13.5,0.3637,0.35,0.4035,0.5217,0.6528,0.5921,0.504,0.2421,0.1545,0.6071,0.817543,RMD,BRACKET_HIGH,true,false,0.23681520000000003,0.39476626,0.43213430999999997,,0.2917,false
EVT-MED-1955,Agrarian Insurgency in Kingdom of England,1337,medieval,revolution,British Isles,Kingdom of England,CHR-MED-1955,630.9,0.554,0.631,0.2979,0.263,15.2,0.2075,30.9,37.8,0.3442,40.8,11.6,0.3264,0.3206,0.1452,0,0.2095,0.4014,0.2153,0.0808,0.7745,0.7398,0.420232,CMN,BRACKET_BASE,false,true,0.6541775,0.39235000000000003,0.44213424,,0.4024,false
EVT-MED-1956,Borderlands Pacification of Abbasid Caliphate,1286,medieval,war,Middle East,Abbasid Caliphate,CHR-MED-1956,867.3,0.483,0.42,0.4965,0.45,10,0.275,29.9,41.1,0.3532,53.4,11.9,0.3474,0.3394,0.2786,0.0447,0.2358,0.485,0.2767,0.1456,0.5918,0.6879,0.738345,RMD,BRACKET_HIGH,true,false,0.52773435,0.38722055,0.42527595,,0.4017,false
EVT-MED-1957,Sanitation & Medical Breakthrough in Abbasid Caliphate,1371,medieval,technological,Middle East,Abbasid Caliphate,CHR-MED-1957,983.6,0.712,0.22,0.5438,0.235,14.7,0.191,27.4,35.3,0.2915,33.4,8.7,0.2975,0.274,0.3105,0.3725,0.4407,0.5597,0.3915,0.2857,0.3031,0.7061,0.568476,CMN,BRACKET_BASE,false,true,0.44377280999999996,0.36174864,0.371625,,0.3134,false
EVT-MED-1958,Bureaucratic Consolidation of Kingdom of France,976,medieval,transformation,Western Europe,Kingdom of France,CHR-MED-1958,1090.3,0.421,0.722,0.5319,0.465,4.5,0.255,30.8,36.8,0.3371,22.1,7.2,0.2601,0.2712,0.3169,0.2282,0.4215,0.6148,0.3705,0.3436,0.252,0.7099,0.854033,RMD,BRACKET_HIGH,true,false,0.507375,0.5585,0.5439999999999999,,0.3555,false
EVT-MED-1959,Astronomical Standardization by Chola Dynasty,892,medieval,technological,South India,Chola Dynasty,CHR-MED-1959,706.4,0.48,0.518,0.3904,0.787,17.1,0.479,26.2,36,0.2828,25,9.6,0.281,0.3092,0.3582,0.4704,0.5926,0.5105,0.4482,0.2013,0.1815,0.6112,0.813795,RMD,BRACKET_HIGH,true,false,0.32695488,0.5366511999999999,0.65241273,,0.2833,false
EVT-MED-1960,Orthodoxy & Heresy Trial Wave in Byzantine Empire,1383,medieval,religious,Eastern Mediterranean,Byzantine Empire,CHR-MED-1960,861.2,0.579,0.395,0.4722,0.316,10.3,0.2095,29.6,39.8,0.3422,45,6.4,0.3075,0.3106,0.3873,0.2915,0.4644,0.4047,0.3717,0.0941,0.2339,0.5857,0.826834,RMD,BRACKET_HIGH,true,false,0.36711432,0.362608,0.3747,,0.2976,false
EVT-MED-1961,Navigational Instrument Reform in Mali Empire,1183,medieval,technological,West Africa,Mali Empire,CHR-MED-1961,1142.6,0.461,0.592,0.5841,0.791,4.6,0.4185,25.8,41.3,0.3103,57.4,11,0.3482,0.3298,0.3562,0.4633,0.5991,0.5763,0.4649,0.2465,0.3742,0.6597,0.518791,CMN,BRACKET_BASE,false,true,0.71594775,0.55225,0.6975,,0.2999,false
EVT-MED-1962,Dynastic Disintegration of Mongol Empire / Ilkhanate,853,medieval,collapse,Eurasian Steppe,Mongol Empire / Ilkhanate,CHR-MED-1962,1248.1,0.486,0.357,0.698,0.276,11.6,0.196,34.6,37,0.3792,15.9,13.9,0.2697,0.4726,0.3964,0.07,0.1167,0.1713,0.2454,-0.3013,0.4599,0.7167,0.795762,RMD,BRACKET_HIGH,true,false,0.4923405,0.39969528,0.5648922999999999,,0.3788,false
EVT-MED-1963,Coalition Defense of Byzantine Empire,1256,medieval,war,Eastern Mediterranean,Byzantine Empire,CHR-MED-1963,1319.8,0.687,0.711,0.566,0.415,12.1,0.268,30.3,43.7,0.3731,17.1,7.5,0.243,0.349,0.2797,0.0146,0.0838,0.0934,0.1641,-0.2556,0.4475,0.6988,0.555253,CMN,BRACKET_BASE,false,true,0.8142583500000001,0.54277776,0.7965386999999999,,0.3611,true
EVT-MED-1964,Popular Uprising of Khmer Empire,991,medieval,revolution,Southeast Asia,Khmer Empire,CHR-MED-1964,1244.1,0.4,0.581,0.6547,0.221,15.9,0.19,29.3,41.7,0.3504,16.7,4.5,0.2263,0.3823,0.2991,0,0.2,0.3198,0.2402,-0.0625,0.4158,0.5884,0.626151,CMN,BRACKET_BASE,false,true,0.5368056999999999,0.394312,0.47883255,,0.4032,false
EVT-MED-1965,Printing & Communications Diffusion in Holy Roman Empire,1246,medieval,technological,Central Europe,Holy Roman Empire,CHR-MED-1965,625.5,0.585,0.232,0.4057,0.374,11.4,0.244,26.4,40.7,0.3131,14.4,8,0.2331,0.221,0.2769,0.3667,0.5193,0.4192,0.3606,0.1982,0.2602,0.6577,0.701459,RMD,BRACKET_HIGH,false,false,0.6063458100000001,0.47207048,0.63550738,,0.2859,false
EVT-MED-1966,Urban Quarantine Emergency in Chola Dynasty,1334,medieval,pandemic,South India,Chola Dynasty,CHR-MED-1966,767.1,0.568,0.221,0.4824,0.308,8.1,0.1945,30,42.1,0.3603,29.2,10.6,0.2972,0.4074,0.3639,0,0.1831,0.3253,0.2559,-0.0821,0.8897,0.7412,0.329639,CMN,BRACKET_BASE,false,true,1,0.572125,0.813625,,0.4054,true
EVT-MED-1967,Urban Quarantine Emergency in Abbasid Caliphate,983,medieval,pandemic,Middle East,Abbasid Caliphate,CHR-MED-1967,691.7,0.532,0.16,0.4751,0.418,13.6,0.277,33.9,36,0.3657,44.1,10,0.3241,0.3953,0.3453,0,0.1842,0.035,0.192,-0.3603,0.6315,0.8148,0.506192,CMN,BRACKET_BASE,false,true,0.90307602,0.5667500000000001,0.9557499999999999,,0.38,true
EVT-MED-1968,Canal Infrastructure Boom in Tang Dynasty,1460,medieval,economic,East Asia,Tang Dynasty,CHR-MED-1968,1118.9,0.704,0.248,0.603,0.346,7.3,0.2095,32.5,35.7,0.3488,35.3,8.8,0.302,0.4455,0.3681,0.2303,0.3597,0.2926,0.3392,-0.1529,0.4773,0.6577,0.402232,CMN,BRACKET_BASE,false,true,0.7352594199999999,0.5257206,0.7546752,,0.3265,false
EVT-MED-1969,Provincial Autonomy Insurgency against Abbasid Caliphate,640,medieval,revolution,Middle East,Abbasid Caliphate,CHR-MED-1969,1153,0.504,0.156,0.7071,0.75,13.4,0.442,32.2,43.7,0.3936,45.2,6.9,0.3104,0.4599,0.2895,0,0.1747,0.4537,0.2756,-0.0062,0.3595,0.4918,0.530816,CMN,BRACKET_BASE,false,true,0.6295303999999999,0.59616534,0.70974225,,0.4009,false
EVT-MED-1970,Caravan Route Pestilence in Song Dynasty,1143,medieval,pandemic,East Asia,Song Dynasty,CHR-MED-1970,1073.6,0.637,0.813,0.4318,0.796,5.4,0.425,30.1,44.7,0.377,44.5,9.3,0.3212,0.4549,0.4067,0.0601,0.1942,0.4302,0.3092,-0.0247,0.7918,0.6562,0.608792,CMN,BRACKET_BASE,false,true,0.5848836000000001,0.39509398,0.4812877,,0.4072,false
EVT-MED-1971,Urban Quarantine Emergency in Song Dynasty,583,medieval,pandemic,East Asia,Song Dynasty,CHR-MED-1971,682.6,0.548,0.236,0.4432,0.676,14.8,0.412,32.8,38,0.3658,9.7,11.8,0.2235,0.3837,0.3585,0,0.1777,0.1909,0.2222,-0.1928,0.8046,0.7521,0.526542,CMN,BRACKET_BASE,false,true,0.67389054,0.39253232,0.54225996,,0.3929,false
EVT-MED-1972,Agrarian Restructuring of Kamakura / Muromachi Japan,1052,medieval,transformation,East Asia,Kamakura / Muromachi Japan,CHR-MED-1972,652.9,0.569,0.18,0.4393,0.532,18,0.356,25.1,37.2,0.2781,15.3,8,0.2374,0.2271,0.2875,0.204,0.3843,0.4023,0.301,0.1752,0.3133,0.6419,0.578809,CMN,BRACKET_BASE,false,true,0.54064582,0.3673824,0.35819836,,0.317,false
EVT-MED-1973,Pantheon Reformation of Kamakura / Muromachi Japan,1410,medieval,religious,East Asia,Kamakura / Muromachi Japan,CHR-MED-1973,916.5,0.45,0.749,0.4314,0.604,5.3,0.3285,33.8,34.2,0.3538,58.2,4.9,0.3187,0.3309,0.3371,0.1436,0.2738,0.4686,0.3108,0.1377,0.4419,0.6478,0.578354,CMN,BRACKET_BASE,false,true,0.61496123,0.47664503999999996,0.5906094499999999,,0.3771,false
EVT-MED-1974,Synod Monotheistic Mandate in Classic Maya & Postclassic,521,medieval,religious,Mesoamerica,Classic Maya & Postclassic,CHR-MED-1974,1131.1,0.541,0.797,0.4931,0.548,5.7,0.3025,32.5,35.6,0.3482,60,6.1,0.3269,0.3554,0.3898,0.2514,0.3144,0.3739,0.337,0.0185,0.5085,0.5955,0.635422,RMD,BRACKET_MEDIUM,false,true,0.489923,0.3664929,0.44297955,,0.3092,false
EVT-MED-1975,Hydraulic Engineering Grid in Abbasid Caliphate,627,medieval,technological,Middle East,Abbasid Caliphate,CHR-MED-1975,1250.4,0.504,0.737,0.5797,0.237,11,0.1735,26.1,44.2,0.3309,51.9,13.7,0.3544,0.2674,0.3099,0.3961,0.5466,0.5327,0.4105,0.2653,0.3949,0.7094,0.495515,CMN,BRACKET_BASE,false,true,0.65840467,0.546625,0.681625,,0.3057,false
EVT-MED-1976,Systemic Governance Breakdown in Mongol Empire / Ilkhanate,1357,medieval,collapse,Eurasian Steppe,Mongol Empire / Ilkhanate,CHR-MED-1976,1145.9,0.487,0.104,0.7243,0.313,8.5,0.199,30.4,35.3,0.3238,47.6,12.5,0.3421,0.5173,0.4085,0.0916,0.1798,0.2087,0.2812,-0.3086,0.6817,0.78,0.451804,CMN,BRACKET_BASE,false,true,0.7236714700000001,0.49927679999999997,0.85348169,,0.3827,false
EVT-MED-1977,Caravan Route Pestilence in Chola Dynasty,1041,medieval,pandemic,South India,Chola Dynasty,CHR-MED-1977,1327.5,0.7,0.37,0.6682,0.511,8.8,0.2995,32.3,42.6,0.3881,21,11.4,0.2774,0.4448,0.3685,0.0578,0.2081,0.0807,0.232,-0.3641,0.907,0.85,0.472174,CMN,BRACKET_BASE,false,true,0.8498141399999999,0.565625,0.957,,0.3737,true
EVT-MED-1978,Printing & Communications Diffusion in Byzantine Empire,1414,medieval,technological,Eastern Mediterranean,Byzantine Empire,CHR-MED-1978,587.1,0.575,0.358,0.3524,0.202,14.9,0.1755,30.3,34.3,0.3167,35.7,10.7,0.3123,0.2226,0.2428,0.2936,0.3645,0.3728,0.2993,0.1502,0.2622,0.65,0.657561,RMD,BRACKET_MEDIUM,false,true,0.677875,0.526625,0.65125,,0.2745,true
EVT-MED-1979,Maritime Trade Hub Expansion in Abbasid Caliphate,784,medieval,economic,Middle East,Abbasid Caliphate,CHR-MED-1979,553.4,0.667,0.304,0.3248,0.443,7.2,0.2575,31.6,35.9,0.3403,58.5,13.2,0.3605,0.3359,0.3047,0.1037,0.196,0.447,0.2775,0.1111,0.5309,0.6843,0.451779,CMN,BRACKET_BASE,false,true,0.81388164,0.55775,0.6819999999999999,,0.3876,false
EVT-MED-1980,Popular Uprising of Khmer Empire,1021,medieval,revolution,Southeast Asia,Khmer Empire,CHR-MED-1980,554.7,0.542,0.624,0.2669,0.653,8.4,0.3685,31.1,35,0.3295,57,7.6,0.3306,0.421,0.2944,0,0.2467,0.2089,0.2342,-0.2121,0.6963,0.7739,0.563364,CMN,BRACKET_BASE,false,true,0.80710812,0.5474269,0.81406648,,0.4,false
EVT-MED-1981,Systemic Governance Breakdown in Kingdom of France,648,medieval,collapse,Western Europe,Kingdom of France,CHR-MED-1981,860.3,0.57,0.418,0.4676,0.493,16.2,0.3275,27.8,41,0.33,8.6,11.7,0.2142,0.4316,0.3145,0.0128,0.0787,0.0731,0.1821,-0.3585,0.7317,0.8377,0.681716,RMD,BRACKET_MEDIUM,false,false,0.517906,0.38284239999999997,0.56805885,,0.3713,false
EVT-MED-1982,Metallurgical Innovation Surge in Kingdom of England,1037,medieval,technological,British Isles,Kingdom of England,CHR-MED-1982,963.7,0.552,0.894,0.38,0.34,11.8,0.229,31.6,44.3,0.3907,13.5,11.9,0.2479,0.2371,0.293,0.3369,0.4275,0.5103,0.361,0.2732,0.4119,0.7305,0.723976,RMD,BRACKET_HIGH,false,false,0.5239298400000001,0.46585368,0.5873121499999999,,0.3103,false
EVT-MED-1983,Urban Quarantine Emergency in Kievan Rus,864,medieval,pandemic,Eastern Europe,Kievan Rus,CHR-MED-1983,1204.5,0.498,0.412,0.6569,0.753,4.7,0.4,27.1,36.7,0.2967,25.9,11.5,0.293,0.4619,0.4341,0.1303,0.3691,0.3442,0.3479,-0.1177,0.6228,0.6462,0.661627,RMD,BRACKET_MEDIUM,false,true,0.4266913,0.3872033,0.51647813,,0.3881,false
EVT-MED-1984,Strategic Siege of Byzantine Empire,768,medieval,war,Eastern Mediterranean,Byzantine Empire,CHR-MED-1984,903.1,0.623,0.591,0.4204,0.729,5.3,0.391,31.3,42.8,0.3785,12.8,6.4,0.2165,0.3278,0.2694,0.1062,0.2423,0.1552,0.2202,-0.1726,0.514,0.6732,0.471092,CMN,BRACKET_BASE,false,true,0.6504206800000001,0.3758007,0.5095216,,0.3302,false
EVT-MED-1985,Urban Quarantine Emergency in Byzantine Empire,508,medieval,pandemic,Eastern Mediterranean,Byzantine Empire,CHR-MED-1985,667.4,0.619,0.15,0.4403,0.82,9,0.455,32,42.3,0.383,16.6,7.3,0.2399,0.4213,0.3429,0,0.1949,0.2488,0.2416,-0.1725,0.7304,0.714,0.4247,CMN,BRACKET_BASE,false,true,0.64747312,0.39549113999999996,0.53361698,,0.4023,false
EVT-MED-1986,Harbor Incursion Sickness in Mongol Empire / Ilkhanate,974,medieval,pandemic,Eurasian Steppe,Mongol Empire / Ilkhanate,CHR-MED-1986,1089.9,0.431,0.498,0.596,0.229,11.4,0.1715,33,34.2,0.3452,47.1,9.6,0.3268,0.458,0.4314,0,0.2218,0.1471,0.2517,-0.3109,0.9266,0.8626,0.333845,CMN,BRACKET_BASE,false,true,1,0.5755,0.93275,,0.4017,true
EVT-MED-1987,Decentralization Wave across Umayyad Caliphate (Al-Andalus),1149,medieval,collapse,Iberia / North Africa,Umayyad Caliphate (Al-Andalus),CHR-MED-1987,979.6,0.58,0.34,0.5455,0.289,14.1,0.215,35.7,42.6,0.4247,49.4,9.3,0.3288,0.4391,0.362,0.1039,0.1399,0.2573,0.2604,-0.1818,0.7954,0.7492,0.425644,CMN,BRACKET_BASE,false,true,0.8785,0.5622499999999999,0.87175,,0.3772,true
EVT-MED-1988,Constitutional Reorganization of Kingdom of France,945,medieval,transformation,Western Europe,Kingdom of France,CHR-MED-1988,1058.5,0.745,0.249,0.5613,0.801,12.2,0.4615,34.9,37.6,0.3861,49.7,10.3,0.3342,0.3796,0.4463,0.3609,0.5545,0.5094,0.4501,0.1298,0.1105,0.5164,0.703836,RMD,BRACKET_HIGH,false,false,0.37942125000000004,0.38457675,0.35280340000000004,,0.3087,false
EVT-MED-1989,Maritime Trade Hub Expansion in Kamakura / Muromachi Japan,880,medieval,economic,East Asia,Kamakura / Muromachi Japan,CHR-MED-1989,1206,0.419,0.744,0.5817,0.651,5.9,0.355,32.8,43.5,0.3988,21,5.9,0.2499,0.4396,0.411,0.162,0.2263,0.2776,0.3033,-0.162,0.3989,0.6169,0.54409,CMN,BRACKET_BASE,false,true,0.7226788399999999,0.5580965000000001,0.7840288099999999,,0.3573,true
EVT-MED-1990,Epidemic Fever Outbreak across Song Dynasty,1118,medieval,pandemic,East Asia,Song Dynasty,CHR-MED-1990,614.9,0.605,0.856,0.2074,0.498,11.4,0.306,30.7,43.9,0.3786,47.7,12,0.3398,0.3603,0.2898,0,0.1881,0.1366,0.195,-0.2237,0.6279,0.774,0.636461,RMD,BRACKET_MEDIUM,false,true,0.789625,0.55425,0.8751249999999999,,0.3831,true
EVT-MED-1991,Borderlands Pacification of Mongol Empire / Ilkhanate,552,medieval,war,Eurasian Steppe,Mongol Empire / Ilkhanate,CHR-MED-1991,1271.9,0.403,0.296,0.7527,0.75,11.5,0.4325,28.7,37.2,0.3169,8.7,7.6,0.1946,0.4155,0.3547,0.0862,0.2069,0.3455,0.2818,-0.07,0.6473,0.6043,0.629946,CMN,BRACKET_BASE,false,true,0.5318368,0.39472088,0.50473958,,0.3926,false
EVT-MED-1992,Educational Charter of Song Dynasty,1090,medieval,transformation,East Asia,Song Dynasty,CHR-MED-1992,849.8,0.696,0.693,0.3422,0.254,15.2,0.203,31.9,35.1,0.3388,43.1,6.1,0.3029,0.2219,0.256,0.1084,0.2326,0.3255,0.2289,0.1036,0.3419,0.6388,0.702733,RMD,BRACKET_HIGH,false,false,0.561154,0.51948442,0.5904267599999999,,0.3396,true
EVT-MED-1993,Succession Conflict of Holy Roman Empire,1279,medieval,war,Central Europe,Holy Roman Empire,CHR-MED-1993,858.7,0.555,0.69,0.3897,0.311,6.5,0.188,31.5,35.7,0.338,36.9,12.7,0.3247,0.3052,0.2481,0.0625,0.2141,0.1708,0.2001,-0.1344,0.5687,0.7074,0.527603,CMN,BRACKET_BASE,false,true,0.8022689400000002,0.5236182,0.7465960800000001,,0.3484,true
EVT-MED-1994,Decentralization Wave across Khmer Empire,1093,medieval,collapse,Southeast Asia,Khmer Empire,CHR-MED-1994,746.8,0.412,0.601,0.4054,0.256,7.4,0.165,33.1,40.8,0.3859,64.2,10.1,0.3518,0.4253,0.3686,0.0311,0.0569,0.2347,0.2233,-0.1906,0.7288,0.7717,0.53497,CMN,BRACKET_BASE,false,true,0.6547247399999999,0.39893132000000003,0.54200315,,0.3971,false
EVT-MED-1995,Military Coup d’État in Kingdom of France,1427,medieval,revolution,Western Europe,Kingdom of France,CHR-MED-1995,1219.2,0.489,0.495,0.6418,0.643,16.2,0.4025,33.7,43.8,0.4103,45.7,13.1,0.3422,0.5471,0.405,0.026,0.135,0.6866,0.3599,0.1395,0.4631,0.6029,0.626324,CMN,BRACKET_BASE,false,true,0.60512124,0.5968845,0.7229492999999999,,0.4075,false
EVT-MED-1996,Synod Monotheistic Mandate in Kamakura / Muromachi Japan,1235,medieval,religious,East Asia,Kamakura / Muromachi Japan,CHR-MED-1996,1211.6,0.507,0.785,0.5457,0.252,8.6,0.169,26.1,39.1,0.3003,19.1,11.1,0.269,0.2866,0.3003,0.2135,0.3733,0.3182,0.2984,0.0316,0.3261,0.5763,0.646713,RMD,BRACKET_MEDIUM,false,true,0.68717972,0.47352577,0.6293006999999999,,0.2967,true
EVT-MED-1997,Peasant Rebellion against Classic Maya & Postclassic,621,medieval,revolution,Mesoamerica,Classic Maya & Postclassic,CHR-MED-1997,1100.7,0.682,0.796,0.4365,0.816,8.9,0.4525,30.3,44.7,0.3791,57.7,6.4,0.3255,0.3841,0.2691,0,0.2317,0.4026,0.2575,0.0185,0.3919,0.5477,0.65367,RMD,BRACKET_MEDIUM,false,true,0.6368689200000001,0.49982400000000005,0.65981533,,0.406,false
EVT-MED-1998,Epidemic Fever Outbreak across Holy Roman Empire,1012,medieval,pandemic,Central Europe,Holy Roman Empire,CHR-MED-1998,698.9,0.695,0.764,0.2485,0.716,7.4,0.395,30,37.2,0.3309,50.2,13.7,0.352,0.3633,0.3369,0.0134,0.2625,0.0473,0.2047,-0.316,0.7999,0.8545,0.348182,CMN,BRACKET_BASE,false,true,1,0.55875,0.9343750000000001,,0.3789,true
EVT-MED-1999,Maritime Trade Hub Expansion in Kingdom of England,1036,medieval,economic,British Isles,Kingdom of England,CHR-MED-1999,1250.7,0.582,0.169,0.7268,0.214,10.1,0.1575,28.4,44,0.3545,42.2,9.8,0.3199,0.3967,0.307,0.0619,0.1489,0.4664,0.2762,0.0697,0.6181,0.6363,0.501761,CMN,BRACKET_BASE,false,true,0.62727276,0.39238463,0.44251416,,0.4051,false
EVT-MED-2000,Monastic Network Expansion of Holy Roman Empire,951,medieval,religious,Central Europe,Holy Roman Empire,CHR-MED-2000,1015.2,0.413,0.846,0.461,0.408,17.6,0.292,28,38.4,0.3166,59.7,7,0.331,0.3237,0.2919,0.1513,0.2649,0.5327,0.3129,0.209,0.4622,0.698,0.763109,RMD,BRACKET_HIGH,true,false,0.6070381199999999,0.4827058,0.57341323,,0.3813,false
