character_id,name,epoch,civilization,region,active_year_start,active_year_end,primary_domain,historical_role,associated_event_id,power_index,network_centrality,legitimacy,rationality,charisma,ideological_extremity,momentum,duration_of_influence_months,actor_volatility,trigger_force,token_impact_score_tis,tim_foundation,tim_dynamics,tim_chaos,mule_clause_risk
CHR-CLA-0001,Centurion Saladin of Achaemenid Empire,classical_antiquity,Qin & Han Dynasties,East Asia,-18,6,Military,stabilizer,EVT-CLA-0001,0.6072,0.6753,0.8316,0.7482,0.4579,0.1519,0.4545,195,0.2019,0.5461,0.4422,0.8058,0.8353,0.75,false
CHR-CLA-0002,Imam Franklin of Ptolemaic Kingdom,classical_antiquity,Kushan Empire,Central & South Asia,-224,-181,Religious,catalyst,EVT-CLA-0002,0.635,0.7867,0.7461,0.6668,0.7744,0.5318,0.7003,38,0.4325,0.6611,0.6198,1.0877,1.1913,1.1395,false
CHR-CLA-0003,Imam Zhao of Kushan Empire,classical_antiquity,Roman Republic,Mediterranean,-380,-362,Religious,stabilizer,EVT-CLA-0003,0.7233,0.7149,0.9376,0.8467,0.6559,0.2283,0.5881,109,0.1908,0.6692,0.5228,0.8256,0.8558,0.7652,false
CHR-CLA-0004,Centurion Samsi-Adad of Carthaginian Republic,classical_antiquity,Parthian Empire,Persia,229,257,Military,catalyst,EVT-CLA-0004,0.5129,0.8641,0.6283,0.7023,0.9094,0.7929,0.832,17,0.5453,0.6406,0.69,1.1099,1.2156,1.1627,false
CHR-CLA-0005,Poet Laureate Colbert of Ptolemaic Kingdom,classical_antiquity,Seleucid Empire,Near East / Central Asia,-540,-529,Cultural,stabilizer,EVT-CLA-0005,0.6068,0.6018,0.8276,0.7252,0.6386,0.293,0.5859,62,0.2839,0.5984,0.5006,0.8201,0.8501,0.7601,false
CHR-CLA-0006,Synod Envoy Harsha of Carthaginian Republic,classical_antiquity,Ptolemaic Kingdom,Egypt / Levant,-210,-173,Religious,stabilizer,EVT-CLA-0006,0.7703,0.7339,0.8916,0.7502,0.6844,0.2812,0.5508,167,0.2655,0.6825,0.5534,0.8331,0.8636,0.7722,false
CHR-CLA-0007,Polymath Richelieu of Kingdom of Aksum,classical_antiquity,Parthian Empire,Persia,354,397,Scientific,wildcard,EVT-CLA-0007,0.4076,0.753,0.6325,0.4665,0.7256,0.6575,0.4043,33,0.5955,0.4063,0.5464,1.0139,1.0646,1.1153,false
CHR-CLA-0008,Chronicler Gao of Seleucid Empire,classical_antiquity,Kushan Empire,Central & South Asia,-719,-700,Cultural,disruptor,EVT-CLA-0008,0.8321,0.6763,0.5017,0.3503,0.7572,0.8814,0.7274,21,0.7656,0.7902,0.7467,1.2351,1.25,1.25,false
CHR-CLA-0009,Scribe Ashoka of Maurya Empire,classical_antiquity,Kingdom of Aksum,Horn of Africa,-122,-90,Cultural,disruptor,EVT-CLA-0009,0.6233,0.7218,0.3388,0.4544,0.8999,0.9193,0.8392,47,0.7324,0.7097,0.7563,1.2384,1.25,1.25,true
CHR-CLA-0010,Geometer Necker of Kushan Empire,classical_antiquity,Achaemenid Empire,Persia / Near East,105,146,Scientific,disruptor,EVT-CLA-0010,0.86,0.7741,0.2587,0.5618,0.7434,0.7499,0.7306,47,0.5941,0.8082,0.7607,1.24,1.25,1.25,true
CHR-CLA-0011,Senator Valdemar of Maurya Empire,classical_antiquity,Gupta Empire,South Asia,47,56,Political,architect,EVT-CLA-0011,0.8173,0.7075,0.8077,0.737,0.6031,0.3267,0.7852,157,0.2948,0.8045,0.6001,0.8446,0.8755,0.7828,false
CHR-CLA-0012,Mint Overseer Colbert of Roman Empire (Principate/Dominate),classical_antiquity,Parthian Empire,Persia,390,432,Economic,stabilizer,EVT-CLA-0012,0.6741,0.7438,0.7874,0.7099,0.4694,0.187,0.5535,133,0.2386,0.6259,0.4973,0.8193,0.8493,0.7594,false
CHR-CLA-0013,Legate Labarna of Ptolemaic Kingdom,classical_antiquity,Seleucid Empire,Near East / Central Asia,-396,-391,Military,wildcard,EVT-CLA-0013,0.7087,0.4829,0.2401,0.7644,0.8398,0.6409,0.8149,43,0.4383,0.7512,0.6817,1.0545,1.1072,1.16,false
CHR-CLA-0014,Pontiff Justinian of Roman Empire (Principate/Dominate),classical_antiquity,Parthian Empire,Persia,134,172,Religious,disruptor,EVT-CLA-0014,0.7621,0.5689,0.4621,0.4306,0.7185,0.7457,0.8322,21,0.6576,0.7901,0.7026,1.2199,1.25,1.25,false
CHR-CLA-0015,Senator Puduhepa of Achaemenid Empire,classical_antiquity,Classical Greece (Polis),Mediterranean,443,487,Political,stabilizer,EVT-CLA-0015,0.7374,0.551,0.8854,0.6975,0.6863,0.1606,0.4063,43,0.2316,0.6049,0.4816,0.8155,0.8453,0.7558,false
CHR-CLA-0016,Guild Master Samsi-Adad of Maurya Empire,classical_antiquity,Kushan Empire,Central & South Asia,-84,-43,Economic,architect,EVT-CLA-0016,0.8249,0.6785,0.885,0.8113,0.5348,0.4104,0.733,91,0.2996,0.7882,0.5807,0.8398,0.8706,0.7784,false
CHR-CLA-0017,Chancellor Wilhelm of Sasanian Empire,classical_antiquity,Sasanian Empire,Persia,-100,-77,Political,disruptor,EVT-CLA-0017,0.8155,0.7936,0.4234,0.3463,0.7941,0.8118,0.7324,27,0.7328,0.7823,0.764,1.2411,1.25,1.25,true
CHR-CLA-0018,Consul Sumner of Kingdom of Aksum,classical_antiquity,Seleucid Empire,Near East / Central Asia,-388,-369,Political,disruptor,EVT-CLA-0018,0.6148,0.771,0.3788,0.6379,0.7046,0.6792,0.7222,45,0.5207,0.6578,0.6655,1.2071,1.25,1.25,false
CHR-CLA-0019,Dramatist Ibn-Sina of Classical Greece (Polis),classical_antiquity,Seleucid Empire,Near East / Central Asia,-250,-210,Cultural,disruptor,EVT-CLA-0019,0.7381,0.6842,0.2012,0.5105,0.7579,0.6877,0.8339,33,0.5886,0.7764,0.7334,1.2305,1.25,1.25,false
CHR-CLA-0020,Dramatist Narmer of Classical Greece (Polis),classical_antiquity,Carthaginian Republic,Western Mediterranean,-318,-302,Cultural,catalyst,EVT-CLA-0020,0.6163,0.9043,0.545,0.5877,0.806,0.4571,0.7587,34,0.4347,0.6733,0.6591,1.1001,1.2049,1.1525,false
CHR-CLA-0021,Viceroy Nizam of Sasanian Empire,classical_antiquity,Maurya Empire,South Asia,-221,-197,Political,stabilizer,EVT-CLA-0021,0.6275,0.6345,0.8052,0.7567,0.5232,0.1287,0.624,145,0.186,0.6261,0.4751,0.8139,0.8436,0.7543,false
CHR-CLA-0022,Polymath Baldwin of Roman Republic,classical_antiquity,Seleucid Empire,Near East / Central Asia,-118,-89,Scientific,catalyst,EVT-CLA-0022,0.7903,0.8021,0.6075,0.7119,0.8665,0.5748,0.7287,13,0.4314,0.7656,0.697,1.1121,1.218,1.165,false
CHR-CLA-0023,Marshal Rajaraja of Kingdom of Aksum,classical_antiquity,Roman Empire (Principate/Dominate),Mediterranean / Europe,355,379,Military,catalyst,EVT-CLA-0023,0.7541,0.6665,0.5311,0.6215,0.7591,0.4997,0.8177,41,0.4391,0.7796,0.6658,1.1022,1.2072,1.1547,false
CHR-CLA-0024,Syndic Hamilton of Kushan Empire,classical_antiquity,Parthian Empire,Persia,-735,-721,Economic,catalyst,EVT-CLA-0024,0.675,0.9019,0.5122,0.624,0.7388,0.6622,0.7776,13,0.5191,0.716,0.6984,1.1125,1.2184,1.1655,false
CHR-CLA-0025,Arch-Engineer Labarna of Seleucid Empire,classical_antiquity,Gupta Empire,South Asia,-141,-100,Scientific,disruptor,EVT-CLA-0025,0.8317,0.8496,0.4487,0.4923,0.7753,0.6716,0.9509,36,0.5897,0.8794,0.7756,1.2451,1.25,1.25,true
CHR-CLA-0026,Viceroy Sherman of Ptolemaic Kingdom,classical_antiquity,Ptolemaic Kingdom,Egypt / Levant,36,77,Political,catalyst,EVT-CLA-0026,0.735,0.8827,0.4769,0.7557,0.9062,0.4623,0.8196,24,0.3533,0.7689,0.7089,1.1158,1.2221,1.1689,false
CHR-CLA-0027,Treasurer Samsi-Adad of Gupta Empire,classical_antiquity,Classical Greece (Polis),Mediterranean,-177,-145,Economic,catalyst,EVT-CLA-0027,0.7465,0.9117,0.6708,0.5914,0.9391,0.5292,0.84,15,0.4689,0.7839,0.723,1.1202,1.2269,1.1736,false
CHR-CLA-0028,Philosopher Zhang of Roman Republic,classical_antiquity,Qin & Han Dynasties,East Asia,-156,-143,Cultural,catalyst,EVT-CLA-0028,0.6599,0.8326,0.6304,0.6515,0.8929,0.686,0.7575,55,0.5173,0.699,0.6947,1.1113,1.2172,1.1643,false
CHR-CLA-0029,Merchant Prince Talleyrand of Qin & Han Dynasties,classical_antiquity,Seleucid Empire,Near East / Central Asia,-206,-175,Economic,wildcard,EVT-CLA-0029,0.7442,0.5034,0.5565,0.5746,0.3422,0.6881,0.7379,25,0.5567,0.7417,0.5924,1.0277,1.0791,1.1305,false
CHR-CLA-0030,Pontiff Song of Sasanian Empire,classical_antiquity,Seleucid Empire,Near East / Central Asia,-512,-476,Religious,stabilizer,EVT-CLA-0030,0.7017,0.6045,0.9125,0.7067,0.6166,0.1939,0.4269,132,0.2436,0.5918,0.4751,0.8139,0.8437,0.7543,false
CHR-CLA-0031,Treasurer Mentuhotep of Maurya Empire,classical_antiquity,Classical Greece (Polis),Mediterranean,-101,-73,Economic,catalyst,EVT-CLA-0031,0.6802,0.8824,0.7007,0.6269,0.7251,0.6703,0.8236,34,0.5217,0.7375,0.6838,1.1079,1.2134,1.1607,false
CHR-CLA-0032,Strategos Heinrich of Roman Empire (Principate/Dominate),classical_antiquity,Sasanian Empire,Persia,352,395,Military,architect,EVT-CLA-0032,0.859,0.8364,0.844,0.7517,0.5391,0.3253,0.7036,178,0.2868,0.7968,0.6034,0.8454,0.8764,0.7836,false
CHR-CLA-0033,Merchant Prince Al-Mansur of Parthian Empire,classical_antiquity,Sasanian Empire,Persia,-438,-431,Economic,architect,EVT-CLA-0033,0.6822,0.8791,0.7125,0.9046,0.5316,0.316,0.6388,165,0.2057,0.6649,0.5589,0.8345,0.865,0.7734,false
CHR-CLA-0034,Synod Envoy Mursili of Classical Greece (Polis),classical_antiquity,Achaemenid Empire,Persia / Near East,-743,-736,Religious,architect,EVT-CLA-0034,0.713,0.7201,0.8456,0.7488,0.6643,0.3565,0.5805,145,0.3038,0.66,0.5545,0.8334,0.8639,0.7724,false
CHR-CLA-0035,Legate Telepinu of Sasanian Empire,classical_antiquity,Gupta Empire,South Asia,76,105,Military,disruptor,EVT-CLA-0035,0.8313,0.7086,0.2811,0.3769,0.7176,0.9057,0.7917,24,0.7644,0.8155,0.7794,1.2464,1.25,1.25,true
CHR-CLA-0036,Master Sculptor Adams of Roman Republic,classical_antiquity,Seleucid Empire,Near East / Central Asia,40,58,Cultural,stabilizer,EVT-CLA-0036,0.6262,0.6401,0.7502,0.8261,0.5125,0.2951,0.4381,153,0.2345,0.551,0.4731,0.8134,0.8431,0.7539,false
CHR-CLA-0037,Centurion Eleanor of Achaemenid Empire,classical_antiquity,Roman Republic,Mediterranean,-541,-513,Military,catalyst,EVT-CLA-0037,0.5222,0.6648,0.5991,0.7715,0.7893,0.7659,0.8341,24,0.4972,0.6469,0.6402,1.0942,1.1984,1.1463,false
CHR-CLA-0038,Dramatist Averroes of Carthaginian Republic,classical_antiquity,Sasanian Empire,Persia,-598,-559,Cultural,disruptor,EVT-CLA-0038,0.7779,0.6902,0.4704,0.4133,0.7502,0.8662,0.9598,28,0.7264,0.8507,0.7667,1.242,1.25,1.25,true
CHR-CLA-0039,Viceroy Marshall of Maurya Empire,classical_antiquity,Roman Republic,Mediterranean,170,188,Political,architect,EVT-CLA-0039,0.867,0.6799,0.8834,0.7758,0.5113,0.3545,0.6032,168,0.2894,0.7615,0.562,0.8352,0.8658,0.7741,false
CHR-CLA-0040,High Priest Baldwin of Maurya Empire,classical_antiquity,Carthaginian Republic,Western Mediterranean,-229,-200,Religious,stabilizer,EVT-CLA-0040,0.7807,0.6494,0.8352,0.887,0.5345,0.1561,0.4045,59,0.1346,0.6302,0.479,0.8148,0.8446,0.7552,false
CHR-CLA-0041,Astronomer Hattusili of Sasanian Empire,classical_antiquity,Carthaginian Republic,Western Mediterranean,105,110,Scientific,wildcard,EVT-CLA-0041,0.8511,0.7078,0.3214,0.4992,0.4281,0.739,0.5268,31,0.6199,0.7214,0.6659,1.0498,1.1023,1.1548,false
CHR-CLA-0042,Mint Overseer Kheti of Kushan Empire,classical_antiquity,Seleucid Empire,Near East / Central Asia,299,322,Economic,wildcard,EVT-CLA-0042,0.8765,0.7793,0.4644,0.5846,0.4525,0.4726,0.6272,24,0.444,0.7768,0.6432,1.043,1.0951,1.1473,false
CHR-CLA-0043,Chronicler Aurelius of Sasanian Empire,classical_antiquity,Kingdom of Aksum,Horn of Africa,318,351,Cultural,disruptor,EVT-CLA-0043,0.9431,0.6012,0.2106,0.5673,0.731,0.6536,0.8934,8,0.5431,0.9232,0.7682,1.2425,1.25,1.25,true
CHR-CLA-0044,Senator Qian of Carthaginian Republic,classical_antiquity,Carthaginian Republic,Western Mediterranean,-562,-551,Political,stabilizer,EVT-CLA-0044,0.7939,0.6445,0.9182,0.7959,0.677,0.3014,0.5497,107,0.2528,0.6962,0.5428,0.8305,0.8609,0.7697,false
CHR-CLA-0045,Rhetorician Zhao of Kingdom of Aksum,classical_antiquity,Sasanian Empire,Persia,-131,-112,Cultural,wildcard,EVT-CLA-0045,0.5162,0.5825,0.3437,0.5363,0.2516,0.4626,0.6754,49,0.4631,0.5799,0.5137,1.0041,1.0543,1.1045,false
CHR-CLA-0046,Minister Qian of Parthian Empire,classical_antiquity,Seleucid Empire,Near East / Central Asia,77,99,Political,wildcard,EVT-CLA-0046,0.6469,0.8113,0.3972,0.7299,0.3818,0.1939,0.6148,70,0.232,0.6341,0.5358,1.0107,1.0613,1.1118,false
CHR-CLA-0047,Consul Wu of Kushan Empire,classical_antiquity,Qin & Han Dynasties,East Asia,-309,-271,Political,wildcard,EVT-CLA-0047,0.6151,0.4589,0.1582,0.5221,0.6967,0.2903,0.7192,24,0.3841,0.6567,0.5866,1.026,1.0773,1.1286,false
CHR-CLA-0048,Minister Necker of Carthaginian Republic,classical_antiquity,Sasanian Empire,Persia,-740,-704,Political,architect,EVT-CLA-0048,0.8847,0.873,0.7938,0.7296,0.7002,0.442,0.6219,61,0.3562,0.7796,0.6509,0.8571,0.8885,0.7944,false
CHR-CLA-0049,Abbess Leonidas of Achaemenid Empire,classical_antiquity,Ptolemaic Kingdom,Egypt / Levant,12,51,Religious,wildcard,EVT-CLA-0049,0.8621,0.369,0.5508,0.454,0.5601,0.2156,0.8191,41,0.3808,0.8449,0.5823,1.0247,1.0759,1.1272,false
CHR-CLA-0050,Guild Master Kheti of Maurya Empire,classical_antiquity,Roman Empire (Principate/Dominate),Mediterranean / Europe,-244,-215,Economic,disruptor,EVT-CLA-0050,0.7076,0.6866,0.3218,0.5994,0.7635,0.9394,0.7499,33,0.67,0.7245,0.7357,1.2313,1.25,1.25,false
CHR-CLA-0051,Polymath Qian of Parthian Empire,classical_antiquity,Classical Greece (Polis),Mediterranean,357,364,Scientific,wildcard,EVT-CLA-0051,0.7213,0.8157,0.4806,0.2637,0.6243,0.6489,0.8783,23,0.6926,0.7841,0.7142,1.0642,1.1175,1.1707,false
CHR-CLA-0052,Astronomer Theodosius of Carthaginian Republic,classical_antiquity,Roman Republic,Mediterranean,-225,-208,Scientific,catalyst,EVT-CLA-0052,0.7484,0.68,0.7107,0.7169,0.8958,0.5427,0.7089,13,0.4129,0.7326,0.6543,1.0986,1.2032,1.1509,false
CHR-CLA-0053,Geometer Mentuhotep of Gupta Empire,classical_antiquity,Roman Empire (Principate/Dominate),Mediterranean / Europe,-454,-449,Scientific,architect,EVT-CLA-0053,0.6748,0.7176,0.8188,0.8346,0.5258,0.2904,0.7534,156,0.2279,0.7062,0.5382,0.8294,0.8597,0.7687,false
CHR-CLA-0054,Patriarch Kautilya of Gupta Empire,classical_antiquity,Roman Republic,Mediterranean,-606,-599,Religious,wildcard,EVT-CLA-0054,0.8105,0.7191,0.4814,0.5708,0.8121,0.7487,0.8948,49,0.589,0.8442,0.7521,1.0756,1.1294,1.1832,true
CHR-CLA-0055,Imam Kautilya of Seleucid Empire,classical_antiquity,Ptolemaic Kingdom,Egypt / Levant,-442,-434,Religious,wildcard,EVT-CLA-0055,0.5783,0.6204,0.4978,0.2641,0.6761,0.3598,0.8702,68,0.5479,0.695,0.6106,1.0332,1.0848,1.1365,false
CHR-CLA-0056,Rhetorician Hammurabi of Classical Greece (Polis),classical_antiquity,Roman Republic,Mediterranean,-728,-723,Cultural,wildcard,EVT-CLA-0056,0.6826,0.8298,0.5722,0.507,0.4018,0.4902,0.8608,16,0.4916,0.7539,0.6255,1.0376,1.0895,1.1414,false
CHR-CLA-0057,Vizier Alexander of Qin & Han Dynasties,classical_antiquity,Kushan Empire,Central & South Asia,377,407,Political,wildcard,EVT-CLA-0057,0.4498,0.7733,0.6128,0.7398,0.3699,0.3377,0.4919,46,0.299,0.4666,0.4601,0.988,1.0374,1.0868,false
CHR-CLA-0058,Scribe Qian of Classical Greece (Polis),classical_antiquity,Maurya Empire,South Asia,-633,-623,Cultural,architect,EVT-CLA-0058,0.8419,0.834,0.7458,0.8176,0.5623,0.3617,0.7457,123,0.2721,0.8035,0.6206,0.8497,0.8807,0.7875,false
CHR-CLA-0059,Chronicler Rimush of Ptolemaic Kingdom,classical_antiquity,Gupta Empire,South Asia,3,39,Cultural,stabilizer,EVT-CLA-0059,0.7316,0.6515,0.7825,0.7764,0.4989,0.3414,0.4286,118,0.2825,0.6104,0.5039,0.821,0.851,0.7609,false
CHR-CLA-0060,Metallurgist Necker of Parthian Empire,classical_antiquity,Kingdom of Aksum,Horn of Africa,218,235,Scientific,stabilizer,EVT-CLA-0060,0.7252,0.7858,0.7239,0.8901,0.6646,0.2804,0.4686,125,0.1951,0.6226,0.5443,0.8309,0.8613,0.7701,false
CHR-CLA-0061,Dramatist Rimush of Sasanian Empire,classical_antiquity,Roman Republic,Mediterranean,-413,-382,Cultural,architect,EVT-CLA-0061,0.8017,0.8248,0.8777,0.7686,0.7461,0.3953,0.6222,47,0.3133,0.7299,0.6125,0.8477,0.8787,0.7856,false
CHR-CLA-0062,Merchant Prince Belisarius of Carthaginian Republic,classical_antiquity,Sasanian Empire,Persia,375,394,Economic,catalyst,EVT-CLA-0062,0.7893,0.7508,0.5228,0.592,0.772,0.6621,0.7673,32,0.5351,0.7805,0.7083,1.1156,1.2219,1.1687,false
CHR-CLA-0063,Guild Master Enheduanna of Gupta Empire,classical_antiquity,Roman Empire (Principate/Dominate),Mediterranean / Europe,-421,-407,Economic,stabilizer,EVT-CLA-0063,0.7142,0.5843,0.7418,0.7349,0.571,0.339,0.4573,60,0.302,0.6114,0.5104,0.8225,0.8526,0.7624,false
CHR-CLA-0064,Geometer Madison of Carthaginian Republic,classical_antiquity,Sasanian Empire,Persia,258,300,Scientific,stabilizer,EVT-CLA-0064,0.6464,0.7336,0.733,0.8488,0.4907,0.1688,0.5632,192,0.16,0.6131,0.4893,0.8174,0.8473,0.7576,false
CHR-CLA-0065,Patriarch Hathor of Kushan Empire,classical_antiquity,Gupta Empire,South Asia,-276,-256,Religious,catalyst,EVT-CLA-0065,0.6096,0.6566,0.4716,0.5782,0.7228,0.5804,0.7941,59,0.5011,0.6834,0.6394,1.0939,1.1981,1.146,false
CHR-CLA-0066,Commander Rimush of Qin & Han Dynasties,classical_antiquity,Achaemenid Empire,Persia / Near East,-418,-390,Military,wildcard,EVT-CLA-0066,0.6886,0.4245,0.3034,0.4397,0.4164,0.2153,0.8284,10,0.3878,0.7445,0.5525,1.0158,1.0665,1.1173,false
CHR-CLA-0067,Arch-Engineer Wu of Roman Republic,classical_antiquity,Roman Republic,Mediterranean,351,391,Scientific,wildcard,EVT-CLA-0067,0.7258,0.6476,0.5752,0.7645,0.3892,0.6886,0.5304,55,0.462,0.6477,0.5741,1.0222,1.0733,1.1244,false
CHR-CLA-0068,Chancellor Hathor of Ptolemaic Kingdom,classical_antiquity,Roman Republic,Mediterranean,-68,-32,Political,wildcard,EVT-CLA-0068,0.6454,0.4782,0.3445,0.7463,0.3489,0.5656,0.7801,31,0.4097,0.6993,0.5655,1.0197,1.0706,1.1216,false
CHR-CLA-0069,Merchant Prince Alexander of Kushan Empire,classical_antiquity,Carthaginian Republic,Western Mediterranean,-201,-183,Economic,architect,EVT-CLA-0069,0.8001,0.739,0.8124,0.8884,0.7739,0.3473,0.6027,162,0.2295,0.7212,0.5938,0.8431,0.8739,0.7814,false
CHR-CLA-0070,Synod Envoy Saladin of Kingdom of Aksum,classical_antiquity,Sasanian Empire,Persia,-384,-345,Religious,architect,EVT-CLA-0070,0.6924,0.659,0.7811,0.7599,0.5482,0.4022,0.7941,29,0.3212,0.7331,0.5675,0.8366,0.8672,0.7754,false
CHR-CLA-0071,Polymath Cao of Carthaginian Republic,classical_antiquity,Qin & Han Dynasties,East Asia,-437,-420,Scientific,disruptor,EVT-CLA-0071,0.8678,0.8115,0.2154,0.3731,0.8396,0.6996,0.848,14,0.6633,0.8599,0.8066,1.25,1.25,1.25,true
CHR-CLA-0072,Polymath Vikram of Maurya Empire,classical_antiquity,Kingdom of Aksum,Horn of Africa,99,106,Scientific,disruptor,EVT-CLA-0072,0.7137,0.7387,0.3793,0.5169,0.7779,0.8468,0.9245,40,0.665,0.798,0.7578,1.239,1.25,1.25,true
CHR-CLA-0073,Merchant Prince Eleanor of Kingdom of Aksum,classical_antiquity,Kushan Empire,Central & South Asia,433,448,Economic,disruptor,EVT-CLA-0073,0.7984,0.6589,0.215,0.4148,0.7862,0.7744,0.8556,45,0.6798,0.8213,0.7686,1.2427,1.25,1.25,true
CHR-CLA-0074,Minister Averroes of Sasanian Empire,classical_antiquity,Sasanian Empire,Persia,-431,-406,Political,wildcard,EVT-CLA-0074,0.5603,0.778,0.2863,0.2824,0.6057,0.6635,0.461,62,0.6906,0.5206,0.6236,1.0371,1.0889,1.1408,false
CHR-CLA-0075,Viceroy Gao of Parthian Empire,classical_antiquity,Kushan Empire,Central & South Asia,-76,-53,Political,architect,EVT-CLA-0075,0.8732,0.707,0.7463,0.878,0.6341,0.2181,0.6942,124,0.17,0.8016,0.5878,0.8416,0.8724,0.78,false
CHR-CLA-0076,Astronomer Otto of Carthaginian Republic,classical_antiquity,Classical Greece (Polis),Mediterranean,-631,-617,Scientific,catalyst,EVT-CLA-0076,0.5158,0.7672,0.6794,0.6162,0.9306,0.6118,0.7442,47,0.4978,0.6072,0.6383,1.0936,1.1977,1.1456,false
CHR-CLA-0077,High Priest Eleanor of Seleucid Empire,classical_antiquity,Sasanian Empire,Persia,-7,3,Religious,disruptor,EVT-CLA-0077,0.9462,0.6341,0.2695,0.4653,0.9324,0.9151,0.8732,21,0.7249,0.917,0.8396,1.25,1.25,1.25,true
CHR-CLA-0078,Metallurgist Harsha of Kushan Empire,classical_antiquity,Maurya Empire,South Asia,140,149,Scientific,architect,EVT-CLA-0078,0.9185,0.7772,0.7196,0.828,0.7292,0.1837,0.6746,80,0.1778,0.8209,0.621,0.8498,0.8808,0.7876,false
CHR-CLA-0079,Alchemist Labarna of Maurya Empire,classical_antiquity,Seleucid Empire,Near East / Central Asia,-680,-659,Scientific,catalyst,EVT-CLA-0079,0.5242,0.8341,0.7211,0.5582,0.8337,0.7815,0.7065,35,0.6117,0.5971,0.6544,1.0986,1.2033,1.151,false
CHR-CLA-0080,Master Sculptor Godfrey of Gupta Empire,classical_antiquity,Sasanian Empire,Persia,-754,-709,Cultural,catalyst,EVT-CLA-0080,0.5693,0.7,0.5051,0.7099,0.903,0.564,0.7794,17,0.4271,0.6533,0.6483,1.0967,1.2012,1.1489,false
CHR-CLA-0081,Poet Laureate Harun of Achaemenid Empire,classical_antiquity,Achaemenid Empire,Persia / Near East,-259,-244,Cultural,architect,EVT-CLA-0081,0.8354,0.6052,0.7179,0.8297,0.7238,0.2886,0.7669,145,0.2294,0.808,0.6033,0.8454,0.8763,0.7835,false
CHR-CLA-0082,Imam Otto of Sasanian Empire,classical_antiquity,Kushan Empire,Central & South Asia,-221,-196,Religious,wildcard,EVT-CLA-0082,0.5776,0.5196,0.264,0.4659,0.2881,0.2212,0.461,52,0.3777,0.531,0.4682,0.9905,1.04,1.0895,false
CHR-CLA-0083,Strategos Constantine of Gupta Empire,classical_antiquity,Qin & Han Dynasties,East Asia,-183,-156,Military,disruptor,EVT-CLA-0083,0.6004,0.7273,0.3725,0.3988,0.7745,0.6755,0.7257,23,0.6383,0.6505,0.6784,1.2115,1.25,1.25,false
CHR-CLA-0084,Chronicler Averroes of Gupta Empire,classical_antiquity,Kushan Empire,Central & South Asia,269,285,Cultural,disruptor,EVT-CLA-0084,0.8197,0.8005,0.3009,0.5779,0.9392,0.8931,0.7483,15,0.6576,0.7911,0.8031,1.25,1.25,1.25,true
CHR-CLA-0085,Treasurer Zhang of Roman Empire (Principate/Dominate),classical_antiquity,Classical Greece (Polis),Mediterranean,-24,-15,Economic,wildcard,EVT-CLA-0085,0.7873,0.523,0.283,0.3558,0.3767,0.5678,0.7489,67,0.606,0.7719,0.6332,1.04,1.092,1.144,false
CHR-CLA-0086,Hierophant Vikram of Roman Empire (Principate/Dominate),classical_antiquity,Kushan Empire,Central & South Asia,-172,-137,Religious,wildcard,EVT-CLA-0086,0.8148,0.3614,0.3778,0.6845,0.3331,0.6303,0.6772,17,0.4729,0.7598,0.582,1.0246,1.0758,1.1271,false
CHR-CLA-0087,Customs Director Tiglath of Qin & Han Dynasties,classical_antiquity,Kushan Empire,Central & South Asia,-55,-27,Economic,architect,EVT-CLA-0087,0.7424,0.7107,0.7113,0.7152,0.7328,0.2625,0.7627,70,0.2736,0.7505,0.599,0.8444,0.8752,0.7826,false
CHR-CLA-0088,Chronicler Godfrey of Kushan Empire,classical_antiquity,Parthian Empire,Persia,-561,-545,Cultural,catalyst,EVT-CLA-0088,0.6071,0.8193,0.7218,0.7244,0.8704,0.7053,0.8489,37,0.4904,0.7038,0.68,1.1067,1.2121,1.1594,false
CHR-CLA-0089,Alchemist Friedrich of Classical Greece (Polis),classical_antiquity,Seleucid Empire,Near East / Central Asia,31,55,Scientific,disruptor,EVT-CLA-0089,0.8158,0.7102,0.496,0.3941,0.9286,0.753,0.7703,42,0.6794,0.7976,0.759,1.2393,1.25,1.25,true
CHR-CLA-0090,Imam Hamilton of Kushan Empire,classical_antiquity,Achaemenid Empire,Persia / Near East,-621,-611,Religious,disruptor,EVT-CLA-0090,0.6332,0.8436,0.2387,0.3241,0.9265,0.8617,0.83,26,0.7688,0.7119,0.7875,1.2492,1.25,1.25,true
CHR-CLA-0091,Alchemist Baldwin of Sasanian Empire,classical_antiquity,Kushan Empire,Central & South Asia,-160,-144,Scientific,disruptor,EVT-CLA-0091,0.6309,0.598,0.4873,0.4603,0.7718,0.8328,0.9195,20,0.6863,0.7464,0.7043,1.2205,1.25,1.25,false
CHR-CLA-0092,Imam Enheduanna of Roman Empire (Principate/Dominate),classical_antiquity,Parthian Empire,Persia,-776,-752,Religious,stabilizer,EVT-CLA-0092,0.7527,0.7783,0.9297,0.6993,0.548,0.1536,0.4458,188,0.2272,0.6299,0.4991,0.8198,0.8498,0.7598,false
CHR-CLA-0093,Synod Envoy Hattusili of Kushan Empire,classical_antiquity,Sasanian Empire,Persia,-441,-422,Religious,catalyst,EVT-CLA-0093,0.7646,0.7223,0.4775,0.6671,0.8451,0.7187,0.8142,54,0.5258,0.7844,0.7251,1.1209,1.2277,1.1743,false
CHR-CLA-0094,Rhetorician Marshall of Classical Greece (Polis),classical_antiquity,Roman Republic,Mediterranean,418,434,Cultural,stabilizer,EVT-CLA-0094,0.6008,0.7409,0.7279,0.8217,0.5424,0.2001,0.6197,114,0.1892,0.6084,0.5018,0.8204,0.8505,0.7604,false
CHR-CLA-0095,Imam Necker of Seleucid Empire,classical_antiquity,Seleucid Empire,Near East / Central Asia,-40,0,Religious,disruptor,EVT-CLA-0095,0.7676,0.8198,0.2769,0.4707,0.7269,0.7244,0.9401,47,0.6269,0.8366,0.7724,1.244,1.25,1.25,true
CHR-CLA-0096,Abbess Ibn-Sina of Maurya Empire,classical_antiquity,Gupta Empire,South Asia,-158,-132,Religious,architect,EVT-CLA-0096,0.6753,0.7092,0.8348,0.8059,0.7591,0.2811,0.6371,158,0.2376,0.66,0.553,0.833,0.8635,0.7721,false
CHR-CLA-0097,Commander Richelieu of Sasanian Empire,classical_antiquity,Achaemenid Empire,Persia / Near East,-176,-131,Military,architect,EVT-CLA-0097,0.7229,0.6233,0.8519,0.7853,0.564,0.2463,0.7888,101,0.2305,0.7492,0.5396,0.8297,0.8601,0.769,false
CHR-CLA-0098,Pontiff Telepinu of Achaemenid Empire,classical_antiquity,Roman Empire (Principate/Dominate),Mediterranean / Europe,107,152,Religious,architect,EVT-CLA-0098,0.9075,0.6465,0.8992,0.8188,0.7729,0.1942,0.7479,25,0.1877,0.8436,0.6002,0.8447,0.8756,0.7829,false
CHR-CLA-0099,Rhetorician Samsi-Adad of Maurya Empire,classical_antiquity,Parthian Empire,Persia,-199,-166,Cultural,disruptor,EVT-CLA-0099,0.601,0.5549,0.4734,0.5058,0.9464,0.8666,0.734,40,0.6804,0.6542,0.6929,1.2166,1.25,1.25,false
CHR-CLA-0100,Centurion Necker of Classical Greece (Polis),classical_antiquity,Kingdom of Aksum,Horn of Africa,-741,-721,Military,wildcard,EVT-CLA-0100,0.6496,0.8403,0.543,0.7408,0.3689,0.8341,0.8614,10,0.5467,0.7343,0.6568,1.047,1.0994,1.1517,false
CHR-CLA-0101,Rhetorician Adams of Kingdom of Aksum,classical_antiquity,Kingdom of Aksum,Horn of Africa,-163,-121,Cultural,disruptor,EVT-CLA-0101,0.6209,0.5111,0.2971,0.4468,0.7714,0.771,0.7376,28,0.6621,0.6676,0.6718,1.2093,1.25,1.25,false
CHR-CLA-0102,Polymath Necker of Qin & Han Dynasties,classical_antiquity,Kingdom of Aksum,Horn of Africa,-211,-194,Scientific,catalyst,EVT-CLA-0102,0.5483,0.7141,0.4874,0.731,0.8009,0.6276,0.8808,47,0.4483,0.6813,0.6553,1.0989,1.2036,1.1512,false
CHR-CLA-0103,Centurion Chen of Kingdom of Aksum,classical_antiquity,Sasanian Empire,Persia,462,483,Military,catalyst,EVT-CLA-0103,0.628,0.6823,0.6524,0.6405,0.9185,0.7238,0.8241,50,0.5417,0.7064,0.682,1.1073,1.2128,1.1601,false
CHR-CLA-0104,Chronicler Sargon of Kingdom of Aksum,classical_antiquity,Seleucid Empire,Near East / Central Asia,-378,-363,Cultural,wildcard,EVT-CLA-0104,0.8538,0.7787,0.4821,0.5357,0.6223,0.688,0.4195,67,0.5762,0.6801,0.6647,1.0494,1.1019,1.1544,false
CHR-CLA-0105,Dramatist Sargon of Roman Empire (Principate/Dominate),classical_antiquity,Maurya Empire,South Asia,216,256,Cultural,stabilizer,EVT-CLA-0105,0.7315,0.6372,0.7679,0.7402,0.5204,0.1469,0.6604,37,0.2033,0.703,0.5138,0.8234,0.8535,0.7631,false
CHR-CLA-0106,Patriarch Ashoka of Qin & Han Dynasties,classical_antiquity,Maurya Empire,South Asia,-158,-129,Religious,wildcard,EVT-CLA-0106,0.5729,0.4877,0.6257,0.6331,0.4474,0.6058,0.6734,11,0.4864,0.6131,0.5311,1.0093,1.0598,1.1103,false
CHR-CLA-0107,Philosopher Sumner of Carthaginian Republic,classical_antiquity,Gupta Empire,South Asia,-491,-451,Cultural,disruptor,EVT-CLA-0107,0.8306,0.5569,0.4834,0.5998,0.9331,0.7791,0.9135,9,0.5896,0.8637,0.7567,1.2386,1.25,1.25,true
CHR-CLA-0108,High Priest Kheti of Kushan Empire,classical_antiquity,Gupta Empire,South Asia,-459,-430,Religious,stabilizer,EVT-CLA-0108,0.7476,0.6608,0.8073,0.8819,0.6,0.3067,0.6791,52,0.2124,0.7202,0.5491,0.8321,0.8625,0.7712,false
CHR-CLA-0109,General Tiglath of Gupta Empire,classical_antiquity,Roman Republic,Mediterranean,-668,-628,Military,wildcard,EVT-CLA-0109,0.5938,0.6101,0.3503,0.2482,0.2227,0.5085,0.6961,19,0.6301,0.6347,0.5566,1.017,1.0678,1.1187,false
CHR-CLA-0110,Strategos Wilhelm of Gupta Empire,classical_antiquity,Qin & Han Dynasties,East Asia,-320,-299,Military,disruptor,EVT-CLA-0110,0.7627,0.7897,0.3993,0.6274,0.7478,0.8516,0.735,7,0.6121,0.7517,0.738,1.2321,1.25,1.25,false
CHR-CLA-0111,Governor Zhao of Maurya Empire,classical_antiquity,Roman Republic,Mediterranean,-27,-14,Political,architect,EVT-CLA-0111,0.6552,0.8509,0.8828,0.7166,0.6782,0.4275,0.7358,38,0.3555,0.6874,0.5935,0.843,0.8739,0.7813,false
CHR-CLA-0112,Polymath Bradford of Roman Empire (Principate/Dominate),classical_antiquity,Achaemenid Empire,Persia / Near East,-768,-760,Scientific,architect,EVT-CLA-0112,0.7013,0.7152,0.775,0.8513,0.7423,0.2934,0.6502,109,0.221,0.6809,0.5654,0.8361,0.8667,0.7749,false
CHR-CLA-0113,Dramatist Ashoka of Qin & Han Dynasties,classical_antiquity,Kingdom of Aksum,Horn of Africa,-269,-258,Cultural,wildcard,EVT-CLA-0113,0.602,0.4903,0.5767,0.2471,0.598,0.8255,0.6238,52,0.7892,0.6107,0.6111,1.0333,1.085,1.1367,false
CHR-CLA-0114,Alchemist Solon of Kingdom of Aksum,classical_antiquity,Parthian Empire,Persia,323,350,Scientific,wildcard,EVT-CLA-0114,0.7426,0.6962,0.4422,0.3517,0.3058,0.156,0.6508,45,0.4022,0.7059,0.5452,1.0135,1.0642,1.1149,false
CHR-CLA-0115,Senator Bradford of Achaemenid Empire,classical_antiquity,Achaemenid Empire,Persia / Near East,60,99,Political,architect,EVT-CLA-0115,0.9119,0.6504,0.7829,0.8046,0.6867,0.3805,0.5976,102,0.288,0.7862,0.6067,0.8463,0.8772,0.7843,false
CHR-CLA-0116,Abbess Kautilya of Parthian Empire,classical_antiquity,Sasanian Empire,Persia,-766,-734,Religious,wildcard,EVT-CLA-0116,0.6089,0.6923,0.2433,0.6993,0.4932,0.2598,0.8936,41,0.2803,0.7228,0.5938,1.0281,1.0795,1.1309,false
CHR-CLA-0117,Guild Master Marshall of Carthaginian Republic,classical_antiquity,Maurya Empire,South Asia,425,441,Economic,wildcard,EVT-CLA-0117,0.7621,0.658,0.5456,0.6756,0.4155,0.2211,0.467,22,0.2727,0.6441,0.5164,1.0049,1.0552,1.1054,false
CHR-CLA-0118,General Harsha of Gupta Empire,classical_antiquity,Parthian Empire,Persia,-743,-734,Military,wildcard,EVT-CLA-0118,0.6167,0.8086,0.4543,0.6637,0.8019,0.3946,0.5569,14,0.3655,0.5928,0.6099,1.033,1.0846,1.1363,false
CHR-CLA-0119,Astronomer Madison of Kushan Empire,classical_antiquity,Carthaginian Republic,Western Mediterranean,-413,-393,Scientific,stabilizer,EVT-CLA-0119,0.6477,0.5814,0.8207,0.8334,0.6916,0.2715,0.5492,78,0.2191,0.6083,0.5022,0.8206,0.8506,0.7605,false
CHR-CLA-0120,Marshal Friedrich of Ptolemaic Kingdom,classical_antiquity,Parthian Empire,Persia,409,436,Military,wildcard,EVT-CLA-0120,0.5778,0.5677,0.339,0.5373,0.5976,0.7353,0.8602,42,0.599,0.6907,0.6478,1.0443,1.0966,1.1488,false
CHR-CLA-0121,Legate Zhao of Achaemenid Empire,classical_antiquity,Kingdom of Aksum,Horn of Africa,-538,-494,Military,architect,EVT-CLA-0121,0.8424,0.8132,0.8423,0.9194,0.7127,0.3954,0.6955,169,0.238,0.7837,0.6229,0.8502,0.8813,0.788,false
CHR-CLA-0122,Minister Sun of Roman Empire (Principate/Dominate),classical_antiquity,Carthaginian Republic,Western Mediterranean,-569,-547,Political,disruptor,EVT-CLA-0122,0.7352,0.7799,0.2177,0.5934,0.7901,0.8399,0.7678,18,0.6233,0.7482,0.759,1.2394,1.25,1.25,true
CHR-CLA-0123,Marshal Hammurabi of Roman Empire (Principate/Dominate),classical_antiquity,Roman Republic,Mediterranean,-23,11,Military,catalyst,EVT-CLA-0123,0.7722,0.6749,0.4732,0.6973,0.8874,0.6833,0.765,31,0.493,0.7693,0.7125,1.1169,1.2233,1.1701,false
CHR-CLA-0124,Senator Al-Mansur of Qin & Han Dynasties,classical_antiquity,Gupta Empire,South Asia,78,89,Political,catalyst,EVT-CLA-0124,0.5976,0.6734,0.7222,0.6282,0.916,0.6324,0.819,26,0.5021,0.6862,0.6519,1.0978,1.2024,1.1501,false
CHR-CLA-0125,Warlord Justinian of Ptolemaic Kingdom,classical_antiquity,Classical Greece (Polis),Mediterranean,355,369,Military,architect,EVT-CLA-0125,0.9156,0.6566,0.8464,0.8576,0.7,0.2285,0.7661,177,0.1854,0.8558,0.6041,0.8456,0.8765,0.7837,false
CHR-CLA-0126,Alchemist Thutmose of Gupta Empire,classical_antiquity,Achaemenid Empire,Persia / Near East,258,264,Scientific,architect,EVT-CLA-0126,0.777,0.8487,0.8458,0.7014,0.6668,0.1928,0.5792,162,0.2457,0.6979,0.5677,0.8367,0.8673,0.7754,false
CHR-CLA-0127,Strategos Labarna of Classical Greece (Polis),classical_antiquity,Carthaginian Republic,Western Mediterranean,402,447,Military,wildcard,EVT-CLA-0127,0.4045,0.6954,0.606,0.4728,0.4552,0.1615,0.4762,35,0.3444,0.4332,0.4351,0.9805,1.0296,1.0786,false
CHR-CLA-0128,Pontiff Colbert of Roman Empire (Principate/Dominate),classical_antiquity,Seleucid Empire,Near East / Central Asia,-253,-239,Religious,disruptor,EVT-CLA-0128,0.8863,0.6091,0.2576,0.6096,0.9319,0.8075,0.7892,38,0.599,0.8475,0.786,1.2487,1.25,1.25,true
CHR-CLA-0129,Strategos Telepinu of Qin & Han Dynasties,classical_antiquity,Gupta Empire,South Asia,-780,-762,Military,wildcard,EVT-CLA-0129,0.6008,0.6868,0.6148,0.335,0.3709,0.586,0.5528,71,0.6255,0.5816,0.5514,1.0154,1.0662,1.117,false
CHR-CLA-0130,Admiral Lafayette of Kushan Empire,classical_antiquity,Classical Greece (Polis),Mediterranean,188,225,Military,catalyst,EVT-CLA-0130,0.776,0.9147,0.5924,0.5831,0.7228,0.4612,0.7578,12,0.439,0.7687,0.6841,1.108,1.2135,1.1607,false
CHR-CLA-0131,Philosopher Hathor of Kushan Empire,classical_antiquity,Sasanian Empire,Persia,355,382,Cultural,stabilizer,EVT-CLA-0131,0.638,0.7454,0.762,0.7985,0.6135,0.1682,0.4534,50,0.1849,0.5642,0.4904,0.8177,0.8476,0.7578,false
CHR-CLA-0132,Syndic Hathor of Roman Empire (Principate/Dominate),classical_antiquity,Qin & Han Dynasties,East Asia,-48,-16,Economic,architect,EVT-CLA-0132,0.838,0.6093,0.8185,0.73,0.736,0.2912,0.5834,48,0.2806,0.7361,0.5741,0.8382,0.8689,0.7769,false
CHR-CLA-0133,High Priest Ibn-Sina of Roman Empire (Principate/Dominate),classical_antiquity,Achaemenid Empire,Persia / Near East,215,252,Religious,disruptor,EVT-CLA-0133,0.6281,0.5564,0.2326,0.3356,0.8807,0.8761,0.8862,35,0.7703,0.7314,0.7469,1.2352,1.25,1.25,false
CHR-CLA-0134,Syndic Valdemar of Roman Empire (Principate/Dominate),classical_antiquity,Gupta Empire,South Asia,-722,-687,Economic,wildcard,EVT-CLA-0134,0.8948,0.4121,0.3537,0.3965,0.3558,0.342,0.4238,7,0.4728,0.7064,0.5486,1.0146,1.0653,1.116,false
CHR-CLA-0135,Scribe Narmer of Maurya Empire,classical_antiquity,Gupta Empire,South Asia,-348,-340,Cultural,catalyst,EVT-CLA-0135,0.5664,0.7782,0.5413,0.6748,0.8244,0.7991,0.8556,19,0.5621,0.6821,0.6923,1.1106,1.2164,1.1635,false
CHR-CLA-0136,Vizier Madison of Gupta Empire,classical_antiquity,Classical Greece (Polis),Mediterranean,270,303,Political,stabilizer,EVT-CLA-0136,0.8477,0.6559,0.7207,0.7524,0.6631,0.3488,0.4215,236,0.2982,0.6772,0.5656,0.8361,0.8667,0.775,false
CHR-CLA-0137,Geometer Ramesses of Roman Republic,classical_antiquity,Seleucid Empire,Near East / Central Asia,100,119,Scientific,disruptor,EVT-CLA-0137,0.7345,0.8151,0.2954,0.636,0.8652,0.7845,0.9238,13,0.5743,0.8102,0.7806,1.2468,1.25,1.25,true
CHR-CLA-0138,Consul Hattusili of Kingdom of Aksum,classical_antiquity,Seleucid Empire,Near East / Central Asia,476,489,Political,stabilizer,EVT-CLA-0138,0.7227,0.7043,0.8786,0.8768,0.4895,0.2841,0.464,157,0.2037,0.6192,0.4903,0.8176,0.8475,0.7578,false
CHR-CLA-0139,Philosopher Enheduanna of Parthian Empire,classical_antiquity,Kushan Empire,Central & South Asia,-284,-262,Cultural,wildcard,EVT-CLA-0139,0.8883,0.4155,0.3212,0.4192,0.8402,0.4162,0.419,63,0.4985,0.7006,0.6326,1.0398,1.0918,1.1438,false
CHR-CLA-0140,Patriarch Song of Sasanian Empire,classical_antiquity,Seleucid Empire,Near East / Central Asia,-691,-656,Religious,catalyst,EVT-CLA-0140,0.5017,0.8947,0.5394,0.7609,0.8261,0.568,0.8135,58,0.4035,0.6264,0.6488,1.0969,1.2013,1.1491,false
CHR-CLA-0141,Chronicler Mentuhotep of Qin & Han Dynasties,classical_antiquity,Maurya Empire,South Asia,-185,-179,Cultural,wildcard,EVT-CLA-0141,0.864,0.5381,0.2533,0.7881,0.7819,0.7326,0.8562,53,0.4722,0.8609,0.7376,1.0713,1.1248,1.1784,false
CHR-CLA-0142,Astronomer Sherman of Ptolemaic Kingdom,classical_antiquity,Maurya Empire,South Asia,-661,-625,Scientific,architect,EVT-CLA-0142,0.7595,0.6021,0.733,0.7949,0.751,0.3251,0.7481,100,0.2651,0.7549,0.5908,0.8423,0.8731,0.7807,false
CHR-CLA-0143,Commander Tiglath of Maurya Empire,classical_antiquity,Ptolemaic Kingdom,Egypt / Levant,-280,-245,Military,architect,EVT-CLA-0143,0.8554,0.7009,0.8049,0.7344,0.693,0.3445,0.583,120,0.305,0.7465,0.5948,0.8433,0.8742,0.7816,false
CHR-CLA-0144,Abbess Godfrey of Gupta Empire,classical_antiquity,Maurya Empire,South Asia,-141,-115,Religious,architect,EVT-CLA-0144,0.7283,0.643,0.8474,0.8347,0.6189,0.3832,0.7895,30,0.2742,0.7528,0.5708,0.8374,0.8681,0.7761,false
CHR-CLA-0145,Warlord Zhao of Qin & Han Dynasties,classical_antiquity,Sasanian Empire,Persia,-662,-654,Military,architect,EVT-CLA-0145,0.8053,0.6908,0.8526,0.7858,0.638,0.2561,0.6231,157,0.2352,0.7324,0.558,0.8343,0.8648,0.7732,false
CHR-CLA-0146,Treasurer Sumner of Roman Republic,classical_antiquity,Qin & Han Dynasties,East Asia,-540,-525,Economic,architect,EVT-CLA-0146,0.8654,0.626,0.8497,0.8706,0.734,0.23,0.7561,155,0.1797,0.8217,0.5898,0.8421,0.8729,0.7805,false
CHR-CLA-0147,Mint Overseer Cao of Gupta Empire,classical_antiquity,Kushan Empire,Central & South Asia,443,464,Economic,wildcard,EVT-CLA-0147,0.4249,0.3618,0.6521,0.3894,0.3688,0.28,0.857,9,0.4453,0.5977,0.4517,0.9855,1.0348,1.0841,false
CHR-CLA-0148,Imam Leonidas of Qin & Han Dynasties,classical_antiquity,Kushan Empire,Central & South Asia,-113,-68,Religious,stabilizer,EVT-CLA-0148,0.7546,0.5722,0.9157,0.7629,0.6369,0.305,0.4405,135,0.271,0.629,0.5021,0.8205,0.8505,0.7605,false
CHR-CLA-0149,Marshal Song of Gupta Empire,classical_antiquity,Carthaginian Republic,Western Mediterranean,251,256,Military,catalyst,EVT-CLA-0149,0.641,0.8471,0.5832,0.7134,0.8974,0.598,0.8348,30,0.4423,0.7185,0.6929,1.1107,1.2165,1.1636,false
CHR-CLA-0150,Legate Richelieu of Roman Republic,classical_antiquity,Seleucid Empire,Near East / Central Asia,-391,-357,Military,stabilizer,EVT-CLA-0150,0.6157,0.7803,0.8156,0.683,0.6014,0.1993,0.6149,240,0.2582,0.6154,0.5176,0.8243,0.8545,0.764,false
CHR-CLA-0151,Geometer Labarna of Roman Republic,classical_antiquity,Roman Republic,Mediterranean,415,422,Scientific,stabilizer,EVT-CLA-0151,0.7373,0.6077,0.7259,0.7882,0.6095,0.3179,0.5892,70,0.2648,0.6781,0.541,0.8301,0.8604,0.7693,false
CHR-CLA-0152,Customs Director Theodosius of Kushan Empire,classical_antiquity,Parthian Empire,Persia,252,269,Economic,architect,EVT-CLA-0152,0.6845,0.8477,0.7746,0.793,0.6916,0.2627,0.6367,143,0.2349,0.6653,0.5698,0.8372,0.8678,0.7759,false
CHR-CLA-0153,Physician Khaldun of Kingdom of Aksum,classical_antiquity,Roman Empire (Principate/Dominate),Mediterranean / Europe,-685,-657,Scientific,architect,EVT-CLA-0153,0.8899,0.832,0.8363,0.8578,0.5834,0.2154,0.7316,73,0.1788,0.8265,0.6003,0.8447,0.8756,0.7829,false
CHR-CLA-0154,Imam Hamilton of Classical Greece (Polis),classical_antiquity,Kushan Empire,Central & South Asia,165,189,Religious,stabilizer,EVT-CLA-0154,0.603,0.7475,0.8525,0.7862,0.4714,0.3397,0.5251,152,0.2768,0.5718,0.4887,0.8172,0.8471,0.7574,false
CHR-CLA-0155,Warlord Valdemar of Maurya Empire,classical_antiquity,Seleucid Empire,Near East / Central Asia,-228,-201,Military,wildcard,EVT-CLA-0155,0.5744,0.521,0.3434,0.5509,0.2111,0.5938,0.8602,7,0.5215,0.6887,0.5596,1.0179,1.0688,1.1197,false
CHR-CLA-0156,Poet Laureate Friedrich of Ptolemaic Kingdom,classical_antiquity,Achaemenid Empire,Persia / Near East,-435,-393,Cultural,wildcard,EVT-CLA-0156,0.4171,0.8319,0.3783,0.327,0.6809,0.3754,0.7705,45,0.5242,0.5585,0.5989,1.0297,1.0812,1.1326,false
CHR-CLA-0157,Marshal Heinrich of Sasanian Empire,classical_antiquity,Roman Empire (Principate/Dominate),Mediterranean / Europe,44,82,Military,wildcard,EVT-CLA-0157,0.6663,0.4026,0.3861,0.4603,0.7785,0.5231,0.7707,71,0.5314,0.708,0.6262,1.0379,1.0897,1.1416,false
CHR-CLA-0158,Warlord Aurelius of Ptolemaic Kingdom,classical_antiquity,Achaemenid Empire,Persia / Near East,-746,-736,Military,architect,EVT-CLA-0158,0.8075,0.6694,0.8773,0.8692,0.6136,0.2351,0.7529,88,0.183,0.7856,0.5613,0.8351,0.8656,0.774,false
CHR-CLA-0159,Chancellor Ashoka of Kushan Empire,classical_antiquity,Carthaginian Republic,Western Mediterranean,259,266,Political,architect,EVT-CLA-0159,0.8085,0.871,0.7147,0.8637,0.7349,0.3847,0.6608,44,0.2605,0.7494,0.6352,0.8533,0.8845,0.7908,false
CHR-CLA-0160,Senator Hathor of Sasanian Empire,classical_antiquity,Qin & Han Dynasties,East Asia,-671,-644,Political,stabilizer,EVT-CLA-0160,0.828,0.7998,0.9372,0.7802,0.6173,0.1578,0.6744,233,0.1888,0.7665,0.5617,0.8352,0.8657,0.7741,false
CHR-CLA-0161,Hierophant Song of Kingdom of Aksum,classical_antiquity,Sasanian Empire,Persia,-159,-116,Religious,wildcard,EVT-CLA-0161,0.5188,0.4977,0.4816,0.2811,0.5997,0.153,0.4779,65,0.436,0.5024,0.4767,0.993,1.0427,1.0923,false
CHR-CLA-0162,Legate Leonidas of Sasanian Empire,classical_antiquity,Gupta Empire,South Asia,470,495,Military,architect,EVT-CLA-0162,0.867,0.6257,0.7219,0.8563,0.7648,0.3233,0.7879,120,0.2335,0.8354,0.627,0.8512,0.8824,0.789,false
CHR-CLA-0163,Rhetorician Saladin of Kingdom of Aksum,classical_antiquity,Achaemenid Empire,Persia / Near East,84,128,Cultural,wildcard,EVT-CLA-0163,0.7937,0.8344,0.2808,0.4211,0.7176,0.6631,0.4793,9,0.621,0.6679,0.7035,1.061,1.1141,1.1671,false
CHR-CLA-0164,Archon Madison of Parthian Empire,classical_antiquity,Kingdom of Aksum,Horn of Africa,82,92,Political,wildcard,EVT-CLA-0164,0.691,0.807,0.5986,0.2697,0.5104,0.4282,0.8315,10,0.5792,0.7472,0.636,1.0408,1.0928,1.1449,false
CHR-CLA-0165,Geometer Leonidas of Classical Greece (Polis),classical_antiquity,Carthaginian Republic,Western Mediterranean,291,316,Scientific,architect,EVT-CLA-0165,0.6818,0.7077,0.7894,0.776,0.7212,0.2261,0.6994,159,0.2251,0.6888,0.5559,0.8337,0.8642,0.7727,false
CHR-CLA-0166,Patriarch Ashoka of Achaemenid Empire,classical_antiquity,Kingdom of Aksum,Horn of Africa,11,41,Religious,catalyst,EVT-CLA-0166,0.5555,0.75,0.6314,0.6405,0.7972,0.6682,0.7687,38,0.5138,0.6408,0.6413,1.0945,1.1988,1.1466,false
CHR-CLA-0167,Rhetorician Li of Kingdom of Aksum,classical_antiquity,Roman Empire (Principate/Dominate),Mediterranean / Europe,348,388,Cultural,wildcard,EVT-CLA-0167,0.7442,0.5776,0.4125,0.2647,0.7403,0.3671,0.6138,60,0.5512,0.6921,0.6264,1.0379,1.0898,1.1417,false
CHR-CLA-0168,Cardinal Necker of Ptolemaic Kingdom,classical_antiquity,Parthian Empire,Persia,113,154,Religious,architect,EVT-CLA-0168,0.6707,0.8466,0.7699,0.7892,0.6175,0.4052,0.6756,97,0.308,0.6727,0.583,0.8404,0.8712,0.7789,false
CHR-CLA-0169,Abbess Franklin of Roman Republic,classical_antiquity,Achaemenid Empire,Persia / Near East,-560,-546,Religious,architect,EVT-CLA-0169,0.795,0.7703,0.8533,0.8845,0.7752,0.4254,0.7719,167,0.2704,0.7858,0.6306,0.8521,0.8833,0.7898,false
CHR-CLA-0170,Astronomer Zhang of Classical Greece (Polis),classical_antiquity,Achaemenid Empire,Persia / Near East,-458,-419,Scientific,catalyst,EVT-CLA-0170,0.6179,0.7529,0.6035,0.5857,0.8248,0.5972,0.8601,50,0.5057,0.7148,0.6701,1.1036,1.2087,1.1561,false
CHR-CLA-0171,Astronomer Baldwin of Sasanian Empire,classical_antiquity,Gupta Empire,South Asia,-97,-65,Scientific,catalyst,EVT-CLA-0171,0.5895,0.8625,0.4502,0.7482,0.7514,0.6217,0.8753,36,0.4368,0.7038,0.6816,1.1072,1.2126,1.1599,false
CHR-CLA-0172,Chronicler Vikram of Roman Republic,classical_antiquity,Ptolemaic Kingdom,Egypt / Levant,-682,-668,Cultural,catalyst,EVT-CLA-0172,0.7253,0.737,0.7403,0.7308,0.95,0.6385,0.727,51,0.4538,0.7259,0.6786,1.1063,1.2116,1.1589,false
CHR-CLA-0173,Dramatist Sargon of Ptolemaic Kingdom,classical_antiquity,Sasanian Empire,Persia,-486,-476,Cultural,catalyst,EVT-CLA-0173,0.5353,0.7719,0.5198,0.6972,0.7225,0.5705,0.7238,28,0.4366,0.6107,0.6153,1.0863,1.1898,1.138,false
CHR-CLA-0174,Governor Ramesses of Maurya Empire,classical_antiquity,Ptolemaic Kingdom,Egypt / Levant,-239,-205,Political,architect,EVT-CLA-0174,0.7354,0.7881,0.7975,0.8281,0.6219,0.2098,0.813,57,0.1909,0.7664,0.5776,0.8391,0.8698,0.7777,false
CHR-CLA-0175,Legate Vikram of Sasanian Empire,classical_antiquity,Roman Empire (Principate/Dominate),Mediterranean / Europe,-795,-770,Military,stabilizer,EVT-CLA-0175,0.7962,0.6938,0.7953,0.8514,0.4885,0.2407,0.6322,150,0.1947,0.7306,0.5352,0.8287,0.859,0.768,false
CHR-CLA-0176,General Necker of Carthaginian Republic,classical_antiquity,Sasanian Empire,Persia,-800,-760,Military,stabilizer,EVT-CLA-0176,0.5843,0.7779,0.8677,0.8931,0.6934,0.3094,0.5061,55,0.2081,0.553,0.5077,0.8219,0.852,0.7617,false
CHR-CLA-0177,Commander Chandra of Parthian Empire,classical_antiquity,Kingdom of Aksum,Horn of Africa,-795,-770,Military,disruptor,EVT-CLA-0177,0.8454,0.7273,0.4854,0.3278,0.9353,0.9058,0.9055,35,0.789,0.8694,0.8175,1.25,1.25,1.25,true
CHR-CLA-0178,Admiral Justinian of Achaemenid Empire,classical_antiquity,Seleucid Empire,Near East / Central Asia,404,412,Military,wildcard,EVT-CLA-0178,0.4965,0.3701,0.4761,0.5069,0.6255,0.2421,0.6035,67,0.3676,0.5393,0.4773,0.9932,1.0429,1.0925,false
CHR-CLA-0179,Mint Overseer Colbert of Parthian Empire,classical_antiquity,Sasanian Empire,Persia,323,359,Economic,disruptor,EVT-CLA-0179,0.859,0.7379,0.247,0.4057,0.8441,0.9243,0.8969,33,0.7593,0.8742,0.8302,1.25,1.25,1.25,true
CHR-CLA-0180,Syndic Talleyrand of Seleucid Empire,classical_antiquity,Achaemenid Empire,Persia / Near East,297,331,Economic,architect,EVT-CLA-0180,0.8699,0.76,0.6837,0.9016,0.5968,0.2483,0.5745,110,0.1734,0.7517,0.581,0.8399,0.8706,0.7785,false
CHR-CLA-0181,Customs Director Hathor of Roman Empire (Principate/Dominate),classical_antiquity,Achaemenid Empire,Persia / Near East,95,133,Economic,disruptor,EVT-CLA-0181,0.7484,0.5658,0.2241,0.4895,0.7228,0.6682,0.8353,37,0.5893,0.7832,0.709,1.2221,1.25,1.25,false
CHR-CLA-0182,Marshal Averroes of Parthian Empire,classical_antiquity,Kingdom of Aksum,Horn of Africa,242,247,Military,catalyst,EVT-CLA-0182,0.6362,0.7943,0.6486,0.5569,0.8909,0.5104,0.7999,24,0.4767,0.7017,0.6657,1.1022,1.2072,1.1547,false
CHR-CLA-0183,Legate Harun of Roman Empire (Principate/Dominate),classical_antiquity,Maurya Empire,South Asia,-788,-781,Military,disruptor,EVT-CLA-0183,0.8931,0.5739,0.3116,0.6344,0.7865,0.7729,0.8919,34,0.5692,0.8927,0.7642,1.2411,1.25,1.25,true
CHR-CLA-0184,Physician Li of Kingdom of Aksum,classical_antiquity,Achaemenid Empire,Persia / Near East,-387,-381,Scientific,stabilizer,EVT-CLA-0184,0.6207,0.6687,0.8853,0.8649,0.5428,0.2673,0.4903,171,0.2012,0.5685,0.4688,0.8123,0.842,0.7529,false
CHR-CLA-0185,Abbess Wilhelm of Roman Empire (Principate/Dominate),classical_antiquity,Achaemenid Empire,Persia / Near East,232,271,Religious,catalyst,EVT-CLA-0185,0.7059,0.7316,0.5527,0.7535,0.7266,0.7453,0.7264,38,0.4959,0.7141,0.673,1.1045,1.2097,1.1571,false
CHR-CLA-0186,Syndic Qian of Ptolemaic Kingdom,classical_antiquity,Seleucid Empire,Near East / Central Asia,-348,-310,Economic,wildcard,EVT-CLA-0186,0.7457,0.5762,0.3071,0.4849,0.5778,0.2704,0.7509,60,0.3927,0.7478,0.6078,1.0323,1.0839,1.1356,false
CHR-CLA-0187,Marshal Suppiluliuma of Seleucid Empire,classical_antiquity,Seleucid Empire,Near East / Central Asia,-133,-116,Military,wildcard,EVT-CLA-0187,0.4411,0.6147,0.2298,0.6548,0.626,0.1584,0.5401,59,0.2518,0.4807,0.4954,0.9986,1.0486,1.0985,false
CHR-CLA-0188,Alchemist Aurelius of Roman Empire (Principate/Dominate),classical_antiquity,Gupta Empire,South Asia,-386,-372,Scientific,architect,EVT-CLA-0188,0.7383,0.6124,0.8719,0.7446,0.6552,0.1932,0.6579,46,0.2243,0.7062,0.528,0.8269,0.8571,0.7664,false
CHR-CLA-0189,Rhetorician Sumner of Classical Greece (Polis),classical_antiquity,Achaemenid Empire,Persia / Near East,-730,-702,Cultural,catalyst,EVT-CLA-0189,0.8114,0.7789,0.6007,0.5871,0.8512,0.5649,0.8917,29,0.4889,0.8436,0.7264,1.1213,1.2281,1.1747,false
CHR-CLA-0190,Admiral Ibn-Sina of Ptolemaic Kingdom,classical_antiquity,Parthian Empire,Persia,-666,-659,Military,stabilizer,EVT-CLA-0190,0.8274,0.6354,0.9323,0.7752,0.5246,0.1932,0.46,131,0.209,0.6804,0.4968,0.8192,0.8492,0.7593,false
CHR-CLA-0191,Master Sculptor Naram-Sin of Roman Republic,classical_antiquity,Classical Greece (Polis),Mediterranean,176,206,Cultural,catalyst,EVT-CLA-0191,0.7283,0.7162,0.7301,0.7396,0.9377,0.7903,0.7458,35,0.5254,0.7353,0.7006,1.1132,1.2192,1.1662,false
CHR-CLA-0192,Polymath Enheduanna of Carthaginian Republic,classical_antiquity,Kushan Empire,Central & South Asia,-769,-724,Scientific,architect,EVT-CLA-0192,0.8917,0.8668,0.8177,0.8574,0.6821,0.3939,0.7922,179,0.2683,0.8519,0.6585,0.859,0.8904,0.7961,false
CHR-CLA-0193,Merchant Prince Kautilya of Classical Greece (Polis),classical_antiquity,Maurya Empire,South Asia,-242,-225,Economic,wildcard,EVT-CLA-0193,0.539,0.5744,0.519,0.5706,0.7099,0.7729,0.8674,57,0.6011,0.6704,0.643,1.0429,1.095,1.1472,false
CHR-CLA-0194,Chancellor Tiglath of Kushan Empire,classical_antiquity,Carthaginian Republic,Western Mediterranean,308,337,Political,disruptor,EVT-CLA-0194,0.6972,0.5001,0.4059,0.5644,0.7687,0.6649,0.7568,19,0.5502,0.721,0.6591,1.2049,1.25,1.25,false
CHR-CLA-0195,Polymath Ibn-Sina of Carthaginian Republic,classical_antiquity,Classical Greece (Polis),Mediterranean,-368,-348,Scientific,catalyst,EVT-CLA-0195,0.5705,0.7091,0.5807,0.6769,0.9299,0.7271,0.8108,27,0.5251,0.6666,0.6772,1.1058,1.2111,1.1585,false
CHR-CLA-0196,Chamberlain Enheduanna of Kushan Empire,classical_antiquity,Roman Empire (Principate/Dominate),Mediterranean / Europe,291,308,Economic,disruptor,EVT-CLA-0196,0.8298,0.5432,0.3631,0.4322,0.8661,0.7802,0.8737,23,0.674,0.8473,0.759,1.2394,1.25,1.25,true
CHR-CLA-0197,Consul Sun of Kingdom of Aksum,classical_antiquity,Carthaginian Republic,Western Mediterranean,-579,-553,Political,wildcard,EVT-CLA-0197,0.736,0.4511,0.7439,0.667,0.8419,0.2582,0.4778,42,0.2956,0.6327,0.5306,1.0092,1.0596,1.1101,false
CHR-CLA-0198,Minister Harun of Qin & Han Dynasties,classical_antiquity,Kushan Empire,Central & South Asia,61,84,Political,wildcard,EVT-CLA-0198,0.501,0.5881,0.4017,0.4913,0.2911,0.1884,0.8848,51,0.3486,0.6545,0.5034,1.001,1.0511,1.1011,false
CHR-CLA-0199,Scribe Ibn-Sina of Ptolemaic Kingdom,classical_antiquity,Maurya Empire,South Asia,-664,-650,Cultural,architect,EVT-CLA-0199,0.7424,0.757,0.8062,0.8297,0.6386,0.2397,0.6457,68,0.205,0.7038,0.5556,0.8337,0.8642,0.7727,false
CHR-CLA-0200,Polymath Bradford of Carthaginian Republic,classical_antiquity,Classical Greece (Polis),Mediterranean,-205,-188,Scientific,architect,EVT-CLA-0200,0.829,0.804,0.7396,0.7636,0.7383,0.3926,0.7403,164,0.3145,0.7935,0.6464,0.856,0.8873,0.7934,false
CHR-CLA-0201,Treasurer Vikram of Sasanian Empire,classical_antiquity,Qin & Han Dynasties,East Asia,165,210,Economic,wildcard,EVT-CLA-0201,0.6597,0.8363,0.262,0.4506,0.6859,0.849,0.5745,54,0.6992,0.6256,0.708,1.0624,1.1155,1.1687,false
CHR-CLA-0202,Synod Envoy Adams of Roman Republic,classical_antiquity,Qin & Han Dynasties,East Asia,254,299,Religious,stabilizer,EVT-CLA-0202,0.6788,0.5667,0.8663,0.6809,0.6436,0.1826,0.5017,78,0.2509,0.608,0.4832,0.8159,0.8457,0.7562,false
CHR-CLA-0203,Cardinal Lafayette of Maurya Empire,classical_antiquity,Sasanian Empire,Persia,-575,-568,Religious,stabilizer,EVT-CLA-0203,0.5985,0.7078,0.837,0.864,0.6716,0.1801,0.5071,140,0.158,0.562,0.4827,0.8157,0.8456,0.7561,false
CHR-CLA-0204,Patriarch Mentuhotep of Qin & Han Dynasties,classical_antiquity,Maurya Empire,South Asia,210,235,Religious,catalyst,EVT-CLA-0204,0.5692,0.7018,0.7219,0.5556,0.8845,0.7706,0.7996,20,0.6075,0.6614,0.6658,1.1022,1.2072,1.1547,false
CHR-CLA-0205,Customs Director Rimush of Gupta Empire,classical_antiquity,Achaemenid Empire,Persia / Near East,357,390,Economic,stabilizer,EVT-CLA-0205,0.6973,0.6114,0.7233,0.8032,0.6704,0.246,0.5827,161,0.2214,0.6514,0.5284,0.827,0.8572,0.7665,false
CHR-CLA-0206,General Talleyrand of Kushan Empire,classical_antiquity,Ptolemaic Kingdom,Egypt / Levant,303,338,Military,wildcard,EVT-CLA-0206,0.7483,0.5102,0.1513,0.7301,0.3998,0.7733,0.5421,54,0.5216,0.6658,0.6192,1.0358,1.0876,1.1394,false
CHR-CLA-0207,Merchant Prince Lafayette of Roman Empire (Principate/Dominate),classical_antiquity,Sasanian Empire,Persia,358,403,Economic,wildcard,EVT-CLA-0207,0.7192,0.3701,0.5969,0.4656,0.5444,0.2642,0.5543,33,0.3993,0.6532,0.5068,1.002,1.0521,1.1022,false
CHR-CLA-0208,Pontiff Samsi-Adad of Qin & Han Dynasties,classical_antiquity,Roman Empire (Principate/Dominate),Mediterranean / Europe,468,495,Religious,wildcard,EVT-CLA-0208,0.8341,0.4427,0.5479,0.3543,0.2079,0.2432,0.5734,18,0.4445,0.7298,0.5061,1.0018,1.0519,1.102,false
CHR-CLA-0209,Admiral Khaldun of Parthian Empire,classical_antiquity,Kingdom of Aksum,Horn of Africa,-25,18,Military,disruptor,EVT-CLA-0209,0.6984,0.7646,0.3709,0.4784,0.8143,0.7034,0.829,37,0.6125,0.7506,0.7303,1.2294,1.25,1.25,false
CHR-CLA-0210,Master Sculptor Eleanor of Roman Republic,classical_antiquity,Seleucid Empire,Near East / Central Asia,-59,-31,Cultural,architect,EVT-CLA-0210,0.75,0.6097,0.7467,0.9113,0.5333,0.2739,0.8018,77,0.1813,0.7708,0.5501,0.8323,0.8628,0.7714,false
CHR-CLA-0211,Polymath Adams of Classical Greece (Polis),classical_antiquity,Kushan Empire,Central & South Asia,342,363,Scientific,stabilizer,EVT-CLA-0211,0.7261,0.7122,0.9174,0.8576,0.4792,0.2185,0.4406,177,0.1804,0.6119,0.4745,0.8137,0.8435,0.7542,false
CHR-CLA-0212,Metallurgist Saladin of Parthian Empire,classical_antiquity,Qin & Han Dynasties,East Asia,-177,-156,Scientific,architect,EVT-CLA-0212,0.7636,0.7771,0.6885,0.909,0.7089,0.1807,0.6377,61,0.1359,0.7132,0.5723,0.8378,0.8684,0.7765,false
CHR-CLA-0213,Syndic Song of Sasanian Empire,classical_antiquity,Parthian Empire,Persia,-685,-673,Economic,stabilizer,EVT-CLA-0213,0.627,0.6725,0.7318,0.8344,0.6479,0.2385,0.5095,214,0.2021,0.58,0.5021,0.8205,0.8505,0.7605,false
CHR-CLA-0214,Cardinal Solon of Gupta Empire,classical_antiquity,Maurya Empire,South Asia,-774,-748,Religious,stabilizer,EVT-CLA-0214,0.7999,0.6144,0.8717,0.7509,0.6598,0.1965,0.6126,119,0.2228,0.725,0.5378,0.8293,0.8596,0.7686,false
CHR-CLA-0215,Consul Belisarius of Qin & Han Dynasties,classical_antiquity,Qin & Han Dynasties,East Asia,479,500,Political,stabilizer,EVT-CLA-0215,0.7192,0.6917,0.9233,0.8076,0.5976,0.3056,0.4433,80,0.249,0.6088,0.5028,0.8207,0.8507,0.7606,false
CHR-CLA-0216,Cardinal Friedrich of Parthian Empire,classical_antiquity,Ptolemaic Kingdom,Egypt / Levant,419,435,Religious,disruptor,EVT-CLA-0216,0.9239,0.7469,0.4494,0.4238,0.7431,0.7513,0.8219,37,0.6637,0.8831,0.7743,1.2446,1.25,1.25,true
CHR-CLA-0217,Master Sculptor Otto of Carthaginian Republic,classical_antiquity,Kingdom of Aksum,Horn of Africa,284,298,Cultural,catalyst,EVT-CLA-0217,0.6528,0.8342,0.49,0.78,0.824,0.6025,0.7843,15,0.4113,0.7054,0.6819,1.1073,1.2128,1.16,false
CHR-CLA-0218,Treasurer Sherman of Qin & Han Dynasties,classical_antiquity,Carthaginian Republic,Western Mediterranean,-179,-137,Economic,wildcard,EVT-CLA-0218,0.7526,0.4934,0.4704,0.3832,0.4261,0.6986,0.6319,40,0.6577,0.7043,0.6094,1.0328,1.0845,1.1361,false
CHR-CLA-0219,Physician Mursili of Ptolemaic Kingdom,classical_antiquity,Seleucid Empire,Near East / Central Asia,-380,-356,Scientific,disruptor,EVT-CLA-0219,0.793,0.5541,0.203,0.5377,0.7356,0.7401,0.924,13,0.6012,0.8454,0.7441,1.2342,1.25,1.25,false
CHR-CLA-0220,Physician Ramesses of Classical Greece (Polis),classical_antiquity,Kushan Empire,Central & South Asia,-419,-390,Scientific,catalyst,EVT-CLA-0220,0.7188,0.8735,0.7148,0.737,0.903,0.5207,0.9332,33,0.3918,0.8046,0.7059,1.1149,1.221,1.168,false
CHR-CLA-0221,Guild Master Harsha of Parthian Empire,classical_antiquity,Kingdom of Aksum,Horn of Africa,-38,-32,Economic,wildcard,EVT-CLA-0221,0.8029,0.7592,0.4998,0.4392,0.3666,0.1956,0.6364,48,0.3782,0.7363,0.5725,1.0217,1.0728,1.1239,false
CHR-CLA-0222,Strategos Kautilya of Qin & Han Dynasties,classical_antiquity,Roman Empire (Principate/Dominate),Mediterranean / Europe,-145,-127,Military,catalyst,EVT-CLA-0222,0.8102,0.831,0.5875,0.6643,0.8982,0.7613,0.9392,39,0.5485,0.8618,0.775,1.1366,1.2449,1.1908,true
CHR-CLA-0223,Chamberlain Adams of Kushan Empire,classical_antiquity,Kushan Empire,Central & South Asia,-491,-480,Economic,stabilizer,EVT-CLA-0223,0.8197,0.5557,0.8494,0.7232,0.5039,0.1567,0.6784,237,0.2168,0.7632,0.518,0.8244,0.8546,0.7641,false
CHR-CLA-0224,Chronicler Baldwin of Kushan Empire,classical_antiquity,Roman Empire (Principate/Dominate),Mediterranean / Europe,98,105,Cultural,architect,EVT-CLA-0224,0.717,0.7882,0.8111,0.7345,0.6039,0.4254,0.6959,74,0.3454,0.7085,0.5884,0.8418,0.8725,0.7802,false
CHR-CLA-0225,Strategos Vikram of Achaemenid Empire,classical_antiquity,Classical Greece (Polis),Mediterranean,-386,-344,Military,catalyst,EVT-CLA-0225,0.5073,0.8211,0.5885,0.5897,0.7825,0.7228,0.7343,17,0.5666,0.5981,0.6476,1.0965,1.2009,1.1487,false
CHR-CLA-0226,Consul Saladin of Classical Greece (Polis),classical_antiquity,Roman Republic,Mediterranean,347,376,Political,wildcard,EVT-CLA-0226,0.792,0.453,0.3506,0.6403,0.5248,0.2117,0.6788,44,0.2857,0.7467,0.5612,1.0184,1.0693,1.1202,false
CHR-CLA-0227,Centurion Alexander of Kushan Empire,classical_antiquity,Achaemenid Empire,Persia / Near East,-360,-341,Military,stabilizer,EVT-CLA-0227,0.5838,0.5579,0.7957,0.8096,0.5756,0.3237,0.5679,97,0.2571,0.5775,0.4797,0.815,0.8448,0.7554,false
CHR-CLA-0228,Pontiff Averroes of Kingdom of Aksum,classical_antiquity,Seleucid Empire,Near East / Central Asia,-63,-33,Religious,catalyst,EVT-CLA-0228,0.6343,0.6935,0.5747,0.621,0.9278,0.4576,0.9295,41,0.4183,0.7524,0.6713,1.104,1.2091,1.1565,false
CHR-CLA-0229,Commander Li of Carthaginian Republic,classical_antiquity,Parthian Empire,Persia,-464,-445,Military,stabilizer,EVT-CLA-0229,0.6456,0.5784,0.7374,0.8662,0.6538,0.1672,0.6798,88,0.1505,0.6593,0.5062,0.8215,0.8516,0.7614,false
CHR-CLA-0230,Abbess Sargon of Parthian Empire,classical_antiquity,Kushan Empire,Central & South Asia,69,105,Religious,catalyst,EVT-CLA-0230,0.6842,0.9042,0.5354,0.5737,0.7552,0.474,0.8434,60,0.4502,0.7479,0.6853,1.1084,1.2139,1.1612,false
CHR-CLA-0231,Centurion Friedrich of Qin & Han Dynasties,classical_antiquity,Seleucid Empire,Near East / Central Asia,-171,-137,Military,architect,EVT-CLA-0231,0.8307,0.6816,0.7269,0.8072,0.7646,0.242,0.8009,30,0.2174,0.8188,0.618,0.849,0.8801,0.7869,false
CHR-CLA-0232,Chamberlain Hattusili of Achaemenid Empire,classical_antiquity,Parthian Empire,Persia,-43,-19,Economic,wildcard,EVT-CLA-0232,0.5252,0.5838,0.2036,0.4877,0.6207,0.3978,0.5475,56,0.4551,0.5341,0.559,1.0177,1.0686,1.1195,false
CHR-CLA-0233,Consul Imhotep of Seleucid Empire,classical_antiquity,Gupta Empire,South Asia,347,356,Political,disruptor,EVT-CLA-0233,0.8908,0.6727,0.5185,0.384,0.8137,0.7152,0.9432,11,0.6656,0.9117,0.7734,1.2443,1.25,1.25,true
CHR-CLA-0234,Warlord Saladin of Kushan Empire,classical_antiquity,Kingdom of Aksum,Horn of Africa,-602,-591,Military,architect,EVT-CLA-0234,0.6557,0.649,0.8298,0.9071,0.6719,0.3876,0.7703,77,0.2403,0.7016,0.5574,0.8341,0.8646,0.7731,false
CHR-CLA-0235,Viceroy Imhotep of Kushan Empire,classical_antiquity,Classical Greece (Polis),Mediterranean,212,222,Political,wildcard,EVT-CLA-0235,0.8215,0.4313,0.3771,0.6741,0.6782,0.2845,0.6476,29,0.3052,0.752,0.5902,1.0271,1.0784,1.1298,false
CHR-CLA-0236,Hierophant Madison of Sasanian Empire,classical_antiquity,Maurya Empire,South Asia,56,63,Religious,catalyst,EVT-CLA-0236,0.5135,0.654,0.6342,0.5803,0.7448,0.7893,0.9115,37,0.6045,0.6727,0.6509,1.0975,1.2021,1.1498,false
CHR-CLA-0237,Governor Solon of Kingdom of Aksum,classical_antiquity,Parthian Empire,Persia,416,429,Political,architect,EVT-CLA-0237,0.7581,0.6724,0.6842,0.7528,0.5021,0.4346,0.5695,27,0.3409,0.6826,0.5603,0.8348,0.8654,0.7737,false
CHR-CLA-0238,Alchemist Kheti of Roman Republic,classical_antiquity,Gupta Empire,South Asia,321,341,Scientific,architect,EVT-CLA-0238,0.6627,0.7271,0.712,0.8838,0.5036,0.282,0.5942,105,0.1991,0.6353,0.5163,0.824,0.8542,0.7637,false
CHR-CLA-0239,Admiral Enheduanna of Roman Republic,classical_antiquity,Kushan Empire,Central & South Asia,-38,-5,Military,disruptor,EVT-CLA-0239,0.871,0.5894,0.2882,0.5337,0.7793,0.6573,0.7346,36,0.5618,0.8164,0.7263,1.2281,1.25,1.25,false
CHR-CLA-0240,Imam Wilhelm of Roman Republic,classical_antiquity,Kingdom of Aksum,Horn of Africa,450,459,Religious,architect,EVT-CLA-0240,0.7436,0.733,0.732,0.915,0.5112,0.229,0.6284,162,0.157,0.6975,0.5322,0.8279,0.8582,0.7673,false
CHR-CLA-0241,Minister Justinian of Kingdom of Aksum,classical_antiquity,Qin & Han Dynasties,East Asia,-280,-240,Political,architect,EVT-CLA-0241,0.8702,0.6404,0.7263,0.7569,0.6513,0.3844,0.7698,97,0.3138,0.83,0.624,0.8505,0.8816,0.7883,false
CHR-CLA-0242,Vizier Enheduanna of Gupta Empire,classical_antiquity,Classical Greece (Polis),Mediterranean,-1,12,Political,wildcard,EVT-CLA-0242,0.8153,0.6382,0.4801,0.5737,0.6741,0.3835,0.8203,46,0.4049,0.8173,0.6545,1.0464,1.0987,1.151,false
CHR-CLA-0243,Mint Overseer Tariq of Qin & Han Dynasties,classical_antiquity,Achaemenid Empire,Persia / Near East,-142,-103,Economic,catalyst,EVT-CLA-0243,0.8048,0.7662,0.6266,0.6556,0.8077,0.5296,0.8532,47,0.437,0.8241,0.6993,1.1128,1.2187,1.1658,false
CHR-CLA-0244,Mint Overseer Kheti of Roman Republic,classical_antiquity,Achaemenid Empire,Persia / Near East,392,417,Economic,wildcard,EVT-CLA-0244,0.8829,0.7359,0.4223,0.7868,0.4915,0.5373,0.5737,7,0.3752,0.7592,0.6399,1.042,1.0941,1.1462,false
CHR-CLA-0245,Customs Director Marshall of Roman Empire (Principate/Dominate),classical_antiquity,Parthian Empire,Persia,-159,-129,Economic,catalyst,EVT-CLA-0245,0.5612,0.6867,0.7137,0.7282,0.8055,0.5503,0.8903,25,0.411,0.6928,0.6224,1.0886,1.1922,1.1404,false
CHR-CLA-0246,Hierophant Baldwin of Maurya Empire,classical_antiquity,Achaemenid Empire,Persia / Near East,-224,-189,Religious,disruptor,EVT-CLA-0246,0.8793,0.7066,0.2055,0.4487,0.7984,0.7475,0.7912,47,0.6494,0.8441,0.7834,1.2478,1.25,1.25,true
CHR-CLA-0247,Astronomer Hamilton of Achaemenid Empire,classical_antiquity,Kingdom of Aksum,Horn of Africa,-284,-273,Scientific,catalyst,EVT-CLA-0247,0.5373,0.8654,0.5258,0.7509,0.9204,0.6432,0.8178,27,0.4461,0.6495,0.6812,1.1071,1.2125,1.1598,false
CHR-CLA-0248,Guild Master Al-Mansur of Maurya Empire,classical_antiquity,Carthaginian Republic,Western Mediterranean,-544,-519,Economic,architect,EVT-CLA-0248,0.9068,0.6217,0.6829,0.7761,0.6647,0.4226,0.5845,104,0.3233,0.7779,0.6136,0.848,0.879,0.7859,false
CHR-CLA-0249,Customs Director Mentuhotep of Kingdom of Aksum,classical_antiquity,Roman Empire (Principate/Dominate),Mediterranean / Europe,113,127,Economic,disruptor,EVT-CLA-0249,0.912,0.6641,0.3869,0.5056,0.717,0.772,0.9352,25,0.6332,0.9213,0.7773,1.2457,1.25,1.25,true
CHR-CLA-0250,Dramatist Harsha of Kingdom of Aksum,classical_antiquity,Sasanian Empire,Persia,30,46,Cultural,catalyst,EVT-CLA-0250,0.7004,0.8642,0.7256,0.659,0.9236,0.5516,0.7559,22,0.4463,0.7226,0.6839,1.1079,1.2134,1.1607,false
CHR-CLA-0251,Vizier Qian of Seleucid Empire,classical_antiquity,Roman Republic,Mediterranean,-327,-300,Political,architect,EVT-CLA-0251,0.7192,0.8009,0.7793,0.8739,0.774,0.4498,0.5852,127,0.2879,0.6656,0.5997,0.8445,0.8754,0.7827,false
CHR-CLA-0252,Marshal Sargon of Qin & Han Dynasties,classical_antiquity,Achaemenid Empire,Persia / Near East,110,135,Military,wildcard,EVT-CLA-0252,0.7021,0.7574,0.6973,0.5257,0.8268,0.3466,0.8784,72,0.4105,0.7726,0.6509,1.0453,1.0975,1.1498,false
CHR-CLA-0253,Consul Harsha of Maurya Empire,classical_antiquity,Qin & Han Dynasties,East Asia,191,225,Political,architect,EVT-CLA-0253,0.7931,0.776,0.7098,0.8422,0.6252,0.2458,0.6211,72,0.2018,0.7243,0.5754,0.8385,0.8692,0.7772,false
CHR-CLA-0254,Physician Harun of Seleucid Empire,classical_antiquity,Carthaginian Republic,Western Mediterranean,174,196,Scientific,disruptor,EVT-CLA-0254,0.6848,0.7568,0.4805,0.4724,0.7835,0.7754,0.8636,13,0.6515,0.7563,0.7264,1.2281,1.25,1.25,false
CHR-CLA-0255,Guild Master Eleanor of Achaemenid Empire,classical_antiquity,Kingdom of Aksum,Horn of Africa,188,199,Economic,stabilizer,EVT-CLA-0255,0.7448,0.7502,0.8565,0.7591,0.4866,0.3086,0.4897,70,0.2748,0.6428,0.5179,0.8244,0.8546,0.7641,false
CHR-CLA-0256,Legate Samudra of Achaemenid Empire,classical_antiquity,Qin & Han Dynasties,East Asia,-1,13,Military,wildcard,EVT-CLA-0256,0.6386,0.6786,0.3883,0.3684,0.4153,0.1595,0.6046,36,0.3956,0.625,0.5311,1.0093,1.0598,1.1103,false
CHR-CLA-0257,Scribe Lafayette of Parthian Empire,classical_antiquity,Roman Empire (Principate/Dominate),Mediterranean / Europe,51,68,Cultural,stabilizer,EVT-CLA-0257,0.8424,0.6375,0.8504,0.7461,0.5941,0.1599,0.4784,115,0.2069,0.6968,0.5187,0.8246,0.8548,0.7643,false
CHR-CLA-0258,Poet Laureate Theodosius of Maurya Empire,classical_antiquity,Carthaginian Republic,Western Mediterranean,-57,-12,Cultural,architect,EVT-CLA-0258,0.8721,0.6584,0.8478,0.7418,0.5337,0.2195,0.7104,175,0.2389,0.8074,0.5645,0.8359,0.8664,0.7747,false
CHR-CLA-0259,Pontiff Averroes of Maurya Empire,classical_antiquity,Gupta Empire,South Asia,-533,-513,Religious,stabilizer,EVT-CLA-0259,0.7605,0.7768,0.8176,0.8956,0.4666,0.2385,0.4205,140,0.1715,0.6245,0.4989,0.8197,0.8497,0.7598,false
CHR-CLA-0260,Alchemist Marshall of Gupta Empire,classical_antiquity,Kushan Empire,Central & South Asia,-339,-309,Scientific,architect,EVT-CLA-0260,0.7503,0.7476,0.8924,0.8147,0.6944,0.3583,0.6339,49,0.2718,0.7037,0.5727,0.8379,0.8685,0.7766,false
CHR-CLA-0261,Polymath Vikram of Kingdom of Aksum,classical_antiquity,Seleucid Empire,Near East / Central Asia,-10,16,Scientific,architect,EVT-CLA-0261,0.7394,0.7733,0.7384,0.7109,0.7164,0.402,0.7078,97,0.3455,0.7268,0.6154,0.8484,0.8794,0.7863,false
CHR-CLA-0262,Dramatist Qian of Qin & Han Dynasties,classical_antiquity,Qin & Han Dynasties,East Asia,-607,-602,Cultural,wildcard,EVT-CLA-0262,0.7971,0.4833,0.5698,0.6476,0.7679,0.2651,0.735,68,0.3088,0.7722,0.5976,1.0293,1.0807,1.1322,false
CHR-CLA-0263,Synod Envoy Thutmose of Achaemenid Empire,classical_antiquity,Ptolemaic Kingdom,Egypt / Levant,-101,-64,Religious,stabilizer,EVT-CLA-0263,0.6258,0.5869,0.9082,0.7463,0.6203,0.3123,0.5824,157,0.283,0.6084,0.4936,0.8184,0.8484,0.7585,false
CHR-CLA-0264,Customs Director Sun of Kingdom of Aksum,classical_antiquity,Kingdom of Aksum,Horn of Africa,-41,0,Economic,catalyst,EVT-CLA-0264,0.6086,0.8113,0.5592,0.6596,0.7908,0.462,0.8766,39,0.4012,0.7158,0.6544,1.0986,1.2033,1.1509,false
CHR-CLA-0265,Consul Suppiluliuma of Classical Greece (Polis),classical_antiquity,Roman Republic,Mediterranean,-658,-648,Political,architect,EVT-CLA-0265,0.9123,0.7878,0.8369,0.8469,0.6693,0.1977,0.5675,118,0.1754,0.7744,0.5854,0.841,0.8718,0.7795,false
CHR-CLA-0266,Warlord Vikram of Qin & Han Dynasties,classical_antiquity,Roman Empire (Principate/Dominate),Mediterranean / Europe,189,229,Military,architect,EVT-CLA-0266,0.8751,0.6574,0.6931,0.8026,0.6327,0.2908,0.6921,132,0.2441,0.8019,0.6003,0.8447,0.8756,0.7829,false
CHR-CLA-0267,Treasurer Sumner of Seleucid Empire,classical_antiquity,Classical Greece (Polis),Mediterranean,335,354,Economic,wildcard,EVT-CLA-0267,0.4516,0.791,0.1746,0.3336,0.3194,0.6985,0.6841,44,0.6825,0.5446,0.6027,1.0308,1.0824,1.1339,false
CHR-CLA-0268,Metallurgist Ashoka of Achaemenid Empire,classical_antiquity,Roman Republic,Mediterranean,-500,-477,Scientific,catalyst,EVT-CLA-0268,0.7182,0.7286,0.627,0.69,0.8758,0.5196,0.7026,31,0.4148,0.712,0.6563,1.0992,1.2039,1.1516,false
CHR-CLA-0269,Viceroy Gao of Roman Empire (Principate/Dominate),classical_antiquity,Achaemenid Empire,Persia / Near East,333,343,Political,stabilizer,EVT-CLA-0269,0.7172,0.7976,0.8839,0.7196,0.6721,0.1268,0.6403,50,0.2036,0.6864,0.5404,0.83,0.8603,0.7692,false
CHR-CLA-0270,Astronomer Solon of Roman Republic,classical_antiquity,Achaemenid Empire,Persia / Near East,459,466,Scientific,catalyst,EVT-CLA-0270,0.7776,0.8044,0.5891,0.7658,0.7318,0.4753,0.7271,16,0.3548,0.7574,0.658,1.0998,1.2045,1.1521,false
CHR-CLA-0271,Centurion Nizam of Achaemenid Empire,classical_antiquity,Carthaginian Republic,Western Mediterranean,-54,-44,Military,stabilizer,EVT-CLA-0271,0.7713,0.7303,0.8156,0.8767,0.4539,0.26,0.564,223,0.1917,0.6883,0.5187,0.8246,0.8548,0.7643,false
CHR-CLA-0272,Treasurer Seneb of Roman Empire (Principate/Dominate),classical_antiquity,Ptolemaic Kingdom,Egypt / Levant,-212,-207,Economic,architect,EVT-CLA-0272,0.9069,0.6786,0.876,0.8385,0.6561,0.3064,0.7416,121,0.234,0.8408,0.6046,0.8457,0.8767,0.7838,false
CHR-CLA-0273,Rhetorician Tiglath of Kingdom of Aksum,classical_antiquity,Parthian Empire,Persia,367,404,Cultural,wildcard,EVT-CLA-0273,0.8022,0.5069,0.4028,0.7161,0.6495,0.2135,0.5765,32,0.2487,0.7119,0.5664,1.0199,1.0709,1.1219,false
CHR-CLA-0274,Governor Ibn-Sina of Kushan Empire,classical_antiquity,Qin & Han Dynasties,East Asia,-64,-40,Political,wildcard,EVT-CLA-0274,0.4365,0.4326,0.6209,0.7989,0.8405,0.5625,0.7153,19,0.3818,0.548,0.5397,1.0119,1.0625,1.1131,false
CHR-CLA-0275,Customs Director Hamilton of Roman Empire (Principate/Dominate),classical_antiquity,Qin & Han Dynasties,East Asia,-486,-459,Economic,catalyst,EVT-CLA-0275,0.6518,0.7917,0.6662,0.7143,0.92,0.7342,0.872,23,0.51,0.7399,0.7083,1.1156,1.2219,1.1687,false
CHR-CLA-0276,High Priest Rajaraja of Seleucid Empire,classical_antiquity,Parthian Empire,Persia,76,103,Religious,architect,EVT-CLA-0276,0.9064,0.737,0.8478,0.8101,0.7668,0.2893,0.7278,100,0.2396,0.8349,0.6295,0.8518,0.883,0.7895,false
CHR-CLA-0277,Marshal Zhang of Classical Greece (Polis),classical_antiquity,Seleucid Empire,Near East / Central Asia,-257,-227,Military,stabilizer,EVT-CLA-0277,0.8433,0.7064,0.7313,0.7312,0.533,0.3211,0.4522,123,0.2949,0.6868,0.553,0.833,0.8635,0.7721,false
CHR-CLA-0278,Poet Laureate Alexander of Carthaginian Republic,classical_antiquity,Sasanian Empire,Persia,-36,-25,Cultural,stabilizer,EVT-CLA-0278,0.8167,0.5582,0.7519,0.8413,0.6765,0.2694,0.5482,126,0.214,0.7093,0.5448,0.831,0.8614,0.7702,false
CHR-CLA-0279,Minister Averroes of Kingdom of Aksum,classical_antiquity,Carthaginian Republic,Western Mediterranean,138,152,Political,wildcard,EVT-CLA-0279,0.4704,0.5519,0.6505,0.3998,0.6473,0.2514,0.5122,35,0.4258,0.4871,0.477,0.9931,1.0427,1.0924,false
CHR-CLA-0280,Consul Talleyrand of Ptolemaic Kingdom,classical_antiquity,Maurya Empire,South Asia,-61,-48,Political,architect,EVT-CLA-0280,0.8465,0.6252,0.8898,0.7955,0.5332,0.4022,0.8016,97,0.3034,0.8286,0.5872,0.8415,0.8722,0.7799,false
CHR-CLA-0281,High Priest Seneb of Qin & Han Dynasties,classical_antiquity,Seleucid Empire,Near East / Central Asia,364,384,Religious,disruptor,EVT-CLA-0281,0.7345,0.5567,0.2622,0.3439,0.7942,0.727,0.7791,12,0.6915,0.7523,0.7188,1.2255,1.25,1.25,false
CHR-CLA-0282,Physician Theodosius of Kushan Empire,classical_antiquity,Roman Republic,Mediterranean,-365,-343,Scientific,disruptor,EVT-CLA-0282,0.9343,0.6653,0.493,0.4786,0.8733,0.7074,0.8421,21,0.6144,0.8974,0.7736,1.2444,1.25,1.25,true
CHR-CLA-0283,Merchant Prince Zhao of Maurya Empire,classical_antiquity,Kushan Empire,Central & South Asia,-616,-610,Economic,catalyst,EVT-CLA-0283,0.7229,0.844,0.7378,0.6994,0.8726,0.6629,0.849,48,0.4817,0.7733,0.7063,1.115,1.2212,1.1681,false
CHR-CLA-0284,Strategos Franklin of Kushan Empire,classical_antiquity,Ptolemaic Kingdom,Egypt / Levant,-729,-705,Military,disruptor,EVT-CLA-0284,0.8059,0.6769,0.3473,0.6143,0.8399,0.8858,0.9253,18,0.6357,0.8536,0.7852,1.2484,1.25,1.25,true
CHR-CLA-0285,Hierophant Hathor of Maurya Empire,classical_antiquity,Gupta Empire,South Asia,-686,-679,Religious,catalyst,EVT-CLA-0285,0.7068,0.76,0.6481,0.6428,0.8679,0.5773,0.8608,54,0.4672,0.7684,0.6896,1.1097,1.2154,1.1626,false
CHR-CLA-0286,Poet Laureate Marshall of Seleucid Empire,classical_antiquity,Kushan Empire,Central & South Asia,-352,-312,Cultural,catalyst,EVT-CLA-0286,0.5753,0.6585,0.6659,0.7402,0.8297,0.5913,0.8248,52,0.4255,0.6751,0.6259,1.0896,1.1934,1.1415,false
CHR-CLA-0287,Imam Hammurabi of Parthian Empire,classical_antiquity,Maurya Empire,South Asia,283,294,Religious,wildcard,EVT-CLA-0287,0.5904,0.3894,0.4685,0.6883,0.3547,0.4671,0.7345,39,0.3894,0.6481,0.5082,1.0025,1.0526,1.1027,false
CHR-CLA-0288,Prefect Sumner of Roman Republic,classical_antiquity,Seleucid Empire,Near East / Central Asia,-423,-418,Political,architect,EVT-CLA-0288,0.6723,0.7143,0.7965,0.8289,0.5087,0.3439,0.5511,168,0.2575,0.6238,0.5147,0.8236,0.8537,0.7633,false
CHR-CLA-0289,Guild Master Chen of Maurya Empire,classical_antiquity,Parthian Empire,Persia,427,470,Economic,catalyst,EVT-CLA-0289,0.7001,0.6764,0.6025,0.6651,0.7657,0.65,0.903,17,0.4925,0.7813,0.6808,1.1069,1.2124,1.1597,false
CHR-CLA-0290,Philosopher Eleanor of Gupta Empire,classical_antiquity,Gupta Empire,South Asia,-262,-246,Cultural,disruptor,EVT-CLA-0290,0.9129,0.678,0.3372,0.5211,0.8592,0.8674,0.903,46,0.6731,0.9089,0.8146,1.25,1.25,1.25,true
CHR-CLA-0291,Merchant Prince Nizam of Parthian Empire,classical_antiquity,Kushan Empire,Central & South Asia,-245,-203,Economic,architect,EVT-CLA-0291,0.8345,0.6968,0.7313,0.7494,0.5292,0.2286,0.6531,94,0.2396,0.7619,0.5642,0.8358,0.8664,0.7746,false
CHR-CLA-0292,Polymath Labarna of Kingdom of Aksum,classical_antiquity,Kingdom of Aksum,Horn of Africa,109,147,Scientific,stabilizer,EVT-CLA-0292,0.5833,0.7304,0.8649,0.7852,0.5843,0.3155,0.4569,158,0.2651,0.5327,0.4831,0.8159,0.8457,0.7562,false
CHR-CLA-0293,Treasurer Cao of Classical Greece (Polis),classical_antiquity,Parthian Empire,Persia,143,168,Economic,stabilizer,EVT-CLA-0293,0.6977,0.6046,0.7307,0.8752,0.5402,0.2363,0.5151,179,0.1805,0.6246,0.492,0.818,0.848,0.7582,false
CHR-CLA-0294,Chamberlain Tiglath of Classical Greece (Polis),classical_antiquity,Maurya Empire,South Asia,-38,-3,Economic,stabilizer,EVT-CLA-0294,0.6766,0.7878,0.7563,0.8812,0.6507,0.3138,0.5923,45,0.2163,0.6429,0.5512,0.8326,0.863,0.7717,false
CHR-CLA-0295,Rhetorician Necker of Roman Republic,classical_antiquity,Kushan Empire,Central & South Asia,190,235,Cultural,wildcard,EVT-CLA-0295,0.5714,0.6644,0.1507,0.5189,0.3327,0.5284,0.4108,34,0.5048,0.5071,0.5423,1.0127,1.0633,1.114,false
CHR-CLA-0296,Chronicler Rimush of Seleucid Empire,classical_antiquity,Ptolemaic Kingdom,Egypt / Levant,441,447,Cultural,disruptor,EVT-CLA-0296,0.7502,0.7163,0.3904,0.5776,0.7833,0.7484,0.8467,40,0.5854,0.7888,0.7338,1.2307,1.25,1.25,false
CHR-CLA-0297,Scribe Li of Seleucid Empire,classical_antiquity,Parthian Empire,Persia,366,392,Cultural,disruptor,EVT-CLA-0297,0.7546,0.5016,0.4689,0.4319,0.8742,0.6628,0.7809,33,0.6154,0.7651,0.6931,1.2166,1.25,1.25,false
CHR-CLA-0298,Legate Harun of Seleucid Empire,classical_antiquity,Sasanian Empire,Persia,-588,-560,Military,catalyst,EVT-CLA-0298,0.5971,0.8275,0.5401,0.5683,0.9166,0.6937,0.9384,49,0.5627,0.7336,0.7233,1.1203,1.227,1.1737,false
CHR-CLA-0299,Legate Sherman of Maurya Empire,classical_antiquity,Maurya Empire,South Asia,437,451,Military,wildcard,EVT-CLA-0299,0.5744,0.4946,0.1615,0.5804,0.6749,0.5248,0.4506,50,0.4722,0.5249,0.5702,1.021,1.0721,1.1232,false
CHR-CLA-0300,Minister Ibn-Sina of Parthian Empire,classical_antiquity,Maurya Empire,South Asia,469,479,Political,catalyst,EVT-CLA-0300,0.7033,0.7906,0.5505,0.7697,0.9325,0.4866,0.7728,23,0.3585,0.7311,0.6797,1.1066,1.212,1.1593,false
CHR-CLA-0301,Metallurgist Bradford of Roman Republic,classical_antiquity,Kushan Empire,Central & South Asia,-534,-528,Scientific,architect,EVT-CLA-0301,0.7196,0.8637,0.8325,0.8936,0.5068,0.2632,0.688,64,0.1848,0.7069,0.5502,0.8324,0.8628,0.7715,false
CHR-CLA-0302,Syndic Talleyrand of Maurya Empire,classical_antiquity,Seleucid Empire,Near East / Central Asia,73,92,Economic,wildcard,EVT-CLA-0302,0.729,0.4373,0.4242,0.6148,0.8,0.482,0.7159,68,0.4336,0.7238,0.6244,1.0373,1.0892,1.141,false
CHR-CLA-0303,Cardinal Solon of Carthaginian Republic,classical_antiquity,Ptolemaic Kingdom,Egypt / Levant,-331,-294,Religious,wildcard,EVT-CLA-0303,0.8702,0.8184,0.583,0.6088,0.2817,0.4409,0.5916,41,0.4161,0.7588,0.5987,1.0296,1.0811,1.1326,false
CHR-CLA-0304,Syndic Hattusili of Roman Empire (Principate/Dominate),classical_antiquity,Ptolemaic Kingdom,Egypt / Levant,411,449,Economic,wildcard,EVT-CLA-0304,0.4912,0.4011,0.2258,0.628,0.2418,0.4953,0.4525,67,0.4336,0.4757,0.4574,0.9872,1.0366,1.086,false
CHR-CLA-0305,Physician Kheti of Roman Empire (Principate/Dominate),classical_antiquity,Maurya Empire,South Asia,-10,5,Scientific,architect,EVT-CLA-0305,0.8518,0.8142,0.8267,0.8725,0.6149,0.3631,0.7042,33,0.2453,0.7928,0.6111,0.8473,0.8783,0.7853,false
CHR-CLA-0306,Mint Overseer Baldwin of Roman Empire (Principate/Dominate),classical_antiquity,Achaemenid Empire,Persia / Near East,394,436,Economic,disruptor,EVT-CLA-0306,0.8093,0.6054,0.3623,0.5136,0.7968,0.8344,0.9126,34,0.6604,0.8506,0.7628,1.2407,1.25,1.25,true
CHR-CLA-0307,Chancellor Eleanor of Roman Republic,classical_antiquity,Classical Greece (Polis),Mediterranean,-48,-41,Political,architect,EVT-CLA-0307,0.8139,0.721,0.8546,0.7161,0.5229,0.3642,0.7877,137,0.324,0.8035,0.5916,0.8425,0.8734,0.7809,false
CHR-CLA-0308,Admiral Ashoka of Carthaginian Republic,classical_antiquity,Kushan Empire,Central & South Asia,-482,-477,Military,catalyst,EVT-CLA-0308,0.779,0.7271,0.5897,0.554,0.8946,0.4702,0.8818,14,0.4581,0.8202,0.7041,1.1143,1.2204,1.1674,false
CHR-CLA-0309,Polymath Mentuhotep of Seleucid Empire,classical_antiquity,Kingdom of Aksum,Horn of Africa,-336,-302,Scientific,disruptor,EVT-CLA-0309,0.609,0.6609,0.2225,0.51,0.7431,0.8837,0.7371,42,0.6868,0.6603,0.7082,1.2218,1.25,1.25,false
CHR-CLA-0310,Chronicler Averroes of Kushan Empire,classical_antiquity,Kingdom of Aksum,Horn of Africa,432,449,Cultural,catalyst,EVT-CLA-0310,0.676,0.6729,0.6218,0.746,0.9216,0.7322,0.9294,27,0.4931,0.7774,0.7079,1.1155,1.2217,1.1686,false
CHR-CLA-0311,Centurion Chandra of Qin & Han Dynasties,classical_antiquity,Carthaginian Republic,Western Mediterranean,-185,-154,Military,stabilizer,EVT-CLA-0311,0.6038,0.7713,0.7572,0.781,0.5854,0.1397,0.6396,63,0.1794,0.6181,0.5066,0.8216,0.8517,0.7615,false
CHR-CLA-0312,Chamberlain Narmer of Parthian Empire,classical_antiquity,Parthian Empire,Persia,-62,-20,Economic,stabilizer,EVT-CLA-0312,0.7841,0.6109,0.7421,0.6974,0.5159,0.2605,0.4943,58,0.2816,0.6682,0.5192,0.8247,0.8549,0.7644,false
CHR-CLA-0313,Centurion Rajaraja of Roman Republic,classical_antiquity,Carthaginian Republic,Western Mediterranean,393,404,Military,architect,EVT-CLA-0313,0.7733,0.6732,0.782,0.7066,0.7458,0.3112,0.7929,129,0.3023,0.7811,0.6083,0.8466,0.8776,0.7847,false
CHR-CLA-0314,Astronomer Thutmose of Qin & Han Dynasties,classical_antiquity,Achaemenid Empire,Persia / Near East,-721,-682,Scientific,catalyst,EVT-CLA-0314,0.5612,0.8722,0.4576,0.7399,0.7826,0.7956,0.8901,35,0.5279,0.6928,0.7086,1.1157,1.222,1.1688,false
CHR-CLA-0315,Polymath Franklin of Roman Republic,classical_antiquity,Sasanian Empire,Persia,-605,-582,Scientific,architect,EVT-CLA-0315,0.7506,0.7839,0.6872,0.8623,0.6953,0.3495,0.7718,171,0.2436,0.7591,0.6159,0.8485,0.8796,0.7864,false
CHR-CLA-0316,Governor Lafayette of Parthian Empire,classical_antiquity,Ptolemaic Kingdom,Egypt / Levant,280,325,Political,wildcard,EVT-CLA-0316,0.468,0.5496,0.1663,0.4163,0.2535,0.3019,0.4836,61,0.4428,0.4743,0.4678,0.9904,1.0399,1.0894,false
CHR-CLA-0317,Polymath Zhao of Maurya Empire,classical_antiquity,Gupta Empire,South Asia,-740,-711,Scientific,catalyst,EVT-CLA-0317,0.7094,0.827,0.647,0.5893,0.7992,0.7739,0.7464,51,0.5923,0.7242,0.7052,1.1146,1.2208,1.1677,false
CHR-CLA-0318,Metallurgist Rajaraja of Gupta Empire,classical_antiquity,Seleucid Empire,Near East / Central Asia,206,216,Scientific,stabilizer,EVT-CLA-0318,0.701,0.566,0.8274,0.7005,0.6257,0.1997,0.4731,240,0.2496,0.6098,0.4872,0.8168,0.8467,0.7571,false
CHR-CLA-0319,Pontiff Constantine of Kingdom of Aksum,classical_antiquity,Roman Empire (Principate/Dominate),Mediterranean / Europe,437,467,Religious,wildcard,EVT-CLA-0319,0.7498,0.5286,0.6417,0.2356,0.8443,0.5413,0.6703,41,0.6528,0.718,0.6492,1.0448,1.097,1.1492,false
CHR-CLA-0320,Governor Theodosius of Roman Empire (Principate/Dominate),classical_antiquity,Qin & Han Dynasties,East Asia,-524,-481,Political,architect,EVT-CLA-0320,0.8023,0.719,0.7886,0.8262,0.7716,0.231,0.7727,52,0.2024,0.7904,0.6046,0.8457,0.8767,0.7838,false
CHR-CLA-0321,Chamberlain Tariq of Qin & Han Dynasties,classical_antiquity,Parthian Empire,Persia,99,117,Economic,wildcard,EVT-CLA-0321,0.6416,0.5386,0.5751,0.3638,0.6152,0.4815,0.5704,59,0.5588,0.6131,0.5656,1.0197,1.0706,1.1216,false
CHR-CLA-0322,Syndic Madison of Qin & Han Dynasties,classical_antiquity,Classical Greece (Polis),Mediterranean,377,421,Economic,catalyst,EVT-CLA-0322,0.6592,0.8135,0.6997,0.6632,0.8462,0.5628,0.8351,60,0.4498,0.7296,0.6703,1.1036,1.2088,1.1562,false
CHR-CLA-0323,Merchant Prince Hattusili of Maurya Empire,classical_antiquity,Maurya Empire,South Asia,-138,-113,Economic,wildcard,EVT-CLA-0323,0.6793,0.7733,0.2783,0.6938,0.2753,0.4163,0.4128,46,0.3613,0.5727,0.539,1.0117,1.0623,1.1129,false
CHR-CLA-0324,Master Sculptor Ramesses of Parthian Empire,classical_antiquity,Gupta Empire,South Asia,-651,-619,Cultural,wildcard,EVT-CLA-0324,0.8208,0.4721,0.7477,0.6079,0.8058,0.2134,0.467,31,0.3027,0.6793,0.5438,1.0131,1.0638,1.1144,false
CHR-CLA-0325,Prefect Ramesses of Roman Republic,classical_antiquity,Carthaginian Republic,Western Mediterranean,-650,-613,Political,architect,EVT-CLA-0325,0.6655,0.7153,0.8843,0.8893,0.5221,0.3841,0.8144,93,0.2474,0.7251,0.5489,0.832,0.8625,0.7711,false
CHR-CLA-0326,Merchant Prince Gao of Roman Republic,classical_antiquity,Gupta Empire,South Asia,-153,-132,Economic,catalyst,EVT-CLA-0326,0.7452,0.7838,0.504,0.5751,0.8212,0.6611,0.7357,51,0.543,0.7414,0.7074,1.1153,1.2216,1.1684,false
CHR-CLA-0327,Patriarch Vikram of Achaemenid Empire,classical_antiquity,Parthian Empire,Persia,58,94,Religious,stabilizer,EVT-CLA-0327,0.7661,0.6089,0.753,0.8292,0.4533,0.3139,0.551,54,0.2424,0.68,0.5138,0.8234,0.8535,0.7632,false
CHR-CLA-0328,Philosopher Belisarius of Qin & Han Dynasties,classical_antiquity,Sasanian Empire,Persia,-524,-502,Cultural,stabilizer,EVT-CLA-0328,0.5855,0.5574,0.7821,0.8762,0.5057,0.2891,0.4478,234,0.2064,0.5304,0.4444,0.8063,0.8358,0.75,false
CHR-CLA-0329,High Priest Madison of Kushan Empire,classical_antiquity,Kingdom of Aksum,Horn of Africa,203,241,Religious,stabilizer,EVT-CLA-0329,0.7802,0.7987,0.913,0.8358,0.508,0.2693,0.679,194,0.2168,0.7397,0.5502,0.8324,0.8628,0.7714,false
CHR-CLA-0330,Metallurgist Lafayette of Kushan Empire,classical_antiquity,Achaemenid Empire,Persia / Near East,281,319,Scientific,wildcard,EVT-CLA-0330,0.8655,0.3658,0.6923,0.3686,0.3668,0.2391,0.7587,7,0.4352,0.8228,0.5383,1.0115,1.0621,1.1126,false
CHR-CLA-0331,Chronicler Franklin of Carthaginian Republic,classical_antiquity,Maurya Empire,South Asia,-125,-109,Cultural,wildcard,EVT-CLA-0331,0.44,0.792,0.6377,0.5144,0.7696,0.8134,0.6972,11,0.6495,0.5429,0.6313,1.0394,1.0914,1.1433,false
CHR-CLA-0332,Guild Master Bradford of Achaemenid Empire,classical_antiquity,Roman Empire (Principate/Dominate),Mediterranean / Europe,-250,-220,Economic,catalyst,EVT-CLA-0332,0.6288,0.705,0.5547,0.7043,0.7999,0.5151,0.7623,41,0.4054,0.6822,0.6339,1.0922,1.1962,1.1442,false
CHR-CLA-0333,Chronicler Samudra of Maurya Empire,classical_antiquity,Maurya Empire,South Asia,-258,-239,Cultural,disruptor,EVT-CLA-0333,0.6522,0.7141,0.3162,0.5971,0.9289,0.7335,0.8472,9,0.5682,0.7302,0.7351,1.2311,1.25,1.25,false
CHR-CLA-0334,Geometer Ramesses of Kingdom of Aksum,classical_antiquity,Kingdom of Aksum,Horn of Africa,-193,-159,Scientific,stabilizer,EVT-CLA-0334,0.828,0.7405,0.8576,0.8109,0.482,0.1392,0.4616,151,0.1641,0.6814,0.5042,0.821,0.8511,0.761,false
CHR-CLA-0335,Dramatist Puduhepa of Sasanian Empire,classical_antiquity,Carthaginian Republic,Western Mediterranean,-227,-215,Cultural,catalyst,EVT-CLA-0335,0.8106,0.7587,0.6411,0.6673,0.7538,0.781,0.9288,16,0.5568,0.8579,0.7385,1.1251,1.2323,1.1787,false
CHR-CLA-0336,Marshal Sun of Seleucid Empire,classical_antiquity,Maurya Empire,South Asia,389,433,Military,disruptor,EVT-CLA-0336,0.7889,0.6538,0.3419,0.5606,0.7152,0.8771,0.9542,17,0.6582,0.855,0.7651,1.2414,1.25,1.25,true
CHR-CLA-0337,Synod Envoy Solon of Roman Empire (Principate/Dominate),classical_antiquity,Gupta Empire,South Asia,-771,-738,Religious,disruptor,EVT-CLA-0337,0.6508,0.8491,0.3428,0.495,0.7492,0.656,0.9523,44,0.5805,0.7714,0.7347,1.231,1.25,1.25,false
CHR-CLA-0338,Abbess Constantine of Gupta Empire,classical_antiquity,Parthian Empire,Persia,-555,-510,Religious,wildcard,EVT-CLA-0338,0.8527,0.5921,0.2801,0.7329,0.4825,0.787,0.8283,35,0.527,0.843,0.702,1.0606,1.1136,1.1667,false
CHR-CLA-0339,Senator Zhao of Parthian Empire,classical_antiquity,Seleucid Empire,Near East / Central Asia,-756,-717,Political,catalyst,EVT-CLA-0339,0.7721,0.826,0.542,0.5583,0.8392,0.5681,0.8511,46,0.5049,0.8037,0.7236,1.1204,1.2271,1.1738,false
CHR-CLA-0340,Syndic Mazarin of Roman Empire (Principate/Dominate),classical_antiquity,Parthian Empire,Persia,-639,-619,Economic,disruptor,EVT-CLA-0340,0.6816,0.731,0.22,0.3294,0.7919,0.6534,0.7548,15,0.662,0.7109,0.7216,1.2265,1.25,1.25,false
CHR-CLA-0341,Synod Envoy Nizam of Carthaginian Republic,classical_antiquity,Roman Empire (Principate/Dominate),Mediterranean / Europe,247,266,Religious,catalyst,EVT-CLA-0341,0.7699,0.6872,0.5809,0.6199,0.8104,0.625,0.9274,13,0.5025,0.8329,0.7109,1.1164,1.2228,1.1696,false
CHR-CLA-0342,Pontiff Eleanor of Sasanian Empire,classical_antiquity,Achaemenid Empire,Persia / Near East,-748,-717,Religious,disruptor,EVT-CLA-0342,0.7115,0.5862,0.4561,0.4015,0.9014,0.7386,0.7386,9,0.6686,0.7223,0.7069,1.2214,1.25,1.25,false
CHR-CLA-0343,Geometer Lafayette of Kingdom of Aksum,classical_antiquity,Carthaginian Republic,Western Mediterranean,-609,-567,Scientific,wildcard,EVT-CLA-0343,0.6292,0.721,0.6041,0.6507,0.8055,0.7622,0.8424,63,0.5558,0.7145,0.684,1.0552,1.108,1.1607,false
CHR-CLA-0344,High Priest Harsha of Maurya Empire,classical_antiquity,Classical Greece (Polis),Mediterranean,98,107,Religious,catalyst,EVT-CLA-0344,0.6713,0.6603,0.736,0.7296,0.8403,0.7169,0.9021,57,0.4936,0.7636,0.6757,1.1053,1.2106,1.158,false
CHR-CLA-0345,Scribe Labarna of Gupta Empire,classical_antiquity,Roman Empire (Principate/Dominate),Mediterranean / Europe,-443,-436,Cultural,catalyst,EVT-CLA-0345,0.6947,0.7222,0.7178,0.7651,0.7365,0.658,0.7856,37,0.4465,0.731,0.649,1.0969,1.2014,1.1492,false
CHR-CLA-0346,Minister Saladin of Roman Empire (Principate/Dominate),classical_antiquity,Kingdom of Aksum,Horn of Africa,-394,-388,Political,disruptor,EVT-CLA-0346,0.8922,0.6211,0.4393,0.3228,0.7304,0.7035,0.8597,8,0.6903,0.8792,0.7502,1.2363,1.25,1.25,true
CHR-CLA-0347,Guild Master Baldwin of Kushan Empire,classical_antiquity,Kingdom of Aksum,Horn of Africa,350,365,Economic,disruptor,EVT-CLA-0347,0.8744,0.5116,0.255,0.5031,0.845,0.8173,0.7758,37,0.6571,0.8349,0.7604,1.2398,1.25,1.25,true
CHR-CLA-0348,Marshal Solon of Seleucid Empire,classical_antiquity,Ptolemaic Kingdom,Egypt / Levant,-78,-50,Military,architect,EVT-CLA-0348,0.8518,0.879,0.7049,0.7987,0.5089,0.2,0.656,42,0.2007,0.7735,0.5891,0.8419,0.8727,0.7803,false
CHR-CLA-0349,Syndic Al-Mansur of Parthian Empire,classical_antiquity,Classical Greece (Polis),Mediterranean,-614,-575,Economic,architect,EVT-CLA-0349,0.6646,0.8443,0.8175,0.7987,0.5141,0.2958,0.64,124,0.2486,0.6548,0.5386,0.8295,0.8598,0.7688,false
CHR-CLA-0350,Admiral Franklin of Achaemenid Empire,classical_antiquity,Ptolemaic Kingdom,Egypt / Levant,-80,-46,Military,wildcard,EVT-CLA-0350,0.5906,0.5156,0.5588,0.6559,0.5328,0.6729,0.5608,17,0.5085,0.5787,0.5513,1.0154,1.0662,1.1169,false
CHR-CLA-0351,General Thutmose of Carthaginian Republic,classical_antiquity,Maurya Empire,South Asia,7,13,Military,catalyst,EVT-CLA-0351,0.5212,0.6867,0.7459,0.6871,0.9283,0.6733,0.8043,48,0.4931,0.6345,0.6352,1.0926,1.1967,1.1446,false
CHR-CLA-0352,Syndic Belisarius of Kingdom of Aksum,classical_antiquity,Maurya Empire,South Asia,338,361,Economic,catalyst,EVT-CLA-0352,0.635,0.7061,0.6866,0.7208,0.8692,0.5408,0.7891,49,0.41,0.6966,0.6398,1.094,1.1982,1.1461,false
CHR-CLA-0353,Chronicler Hamilton of Carthaginian Republic,classical_antiquity,Gupta Empire,South Asia,-290,-246,Cultural,wildcard,EVT-CLA-0353,0.4227,0.694,0.5658,0.2709,0.4577,0.4159,0.5323,68,0.5725,0.4665,0.5005,1.0002,1.0502,1.1002,false
CHR-CLA-0354,Merchant Prince Sherman of Maurya Empire,classical_antiquity,Roman Empire (Principate/Dominate),Mediterranean / Europe,-71,-44,Economic,stabilizer,EVT-CLA-0354,0.6161,0.7999,0.8241,0.7543,0.5392,0.2212,0.5388,167,0.2335,0.5852,0.4988,0.8197,0.8497,0.7597,false
CHR-CLA-0355,Mint Overseer Friedrich of Kushan Empire,classical_antiquity,Classical Greece (Polis),Mediterranean,429,459,Economic,architect,EVT-CLA-0355,0.8646,0.8549,0.8747,0.7605,0.6684,0.3463,0.6862,107,0.2929,0.7932,0.624,0.8505,0.8816,0.7883,false
CHR-CLA-0356,Prefect Averroes of Seleucid Empire,classical_antiquity,Classical Greece (Polis),Mediterranean,-687,-653,Political,architect,EVT-CLA-0356,0.7471,0.7667,0.785,0.8377,0.6061,0.4182,0.7129,37,0.2903,0.7334,0.592,0.8426,0.8735,0.781,false
CHR-CLA-0357,Consul Vikram of Kingdom of Aksum,classical_antiquity,Qin & Han Dynasties,East Asia,-459,-417,Political,stabilizer,EVT-CLA-0357,0.7679,0.7248,0.8093,0.7831,0.5568,0.1368,0.6208,77,0.1769,0.7091,0.5278,0.8268,0.8571,0.7663,false
CHR-CLA-0358,Warlord Suppiluliuma of Roman Empire (Principate/Dominate),classical_antiquity,Parthian Empire,Persia,-309,-282,Military,wildcard,EVT-CLA-0358,0.6599,0.5497,0.2972,0.6974,0.3858,0.8121,0.6774,53,0.5574,0.6669,0.6141,1.0342,1.086,1.1377,false
CHR-CLA-0359,Centurion Labarna of Qin & Han Dynasties,classical_antiquity,Sasanian Empire,Persia,145,176,Military,wildcard,EVT-CLA-0359,0.7542,0.5836,0.6312,0.3445,0.5958,0.3203,0.7524,5,0.4879,0.7535,0.596,1.0288,1.0802,1.1317,false
CHR-CLA-0360,Chronicler Harun of Classical Greece (Polis),classical_antiquity,Qin & Han Dynasties,East Asia,278,305,Cultural,catalyst,EVT-CLA-0360,0.6961,0.7396,0.7278,0.6212,0.8297,0.7145,0.7394,40,0.5467,0.7134,0.6737,1.1047,1.2099,1.1573,false
CHR-CLA-0361,Senator Wu of Classical Greece (Polis),classical_antiquity,Carthaginian Republic,Western Mediterranean,-503,-479,Political,stabilizer,EVT-CLA-0361,0.6799,0.5854,0.7911,0.7404,0.6274,0.2084,0.6221,133,0.234,0.6568,0.5103,0.8225,0.8526,0.7624,false
CHR-CLA-0362,Master Sculptor Ibn-Sina of Carthaginian Republic,classical_antiquity,Kushan Empire,Central & South Asia,-418,-410,Cultural,wildcard,EVT-CLA-0362,0.5079,0.7641,0.3719,0.5424,0.3164,0.2921,0.4994,7,0.3748,0.5045,0.4935,0.998,1.0479,1.0978,false
CHR-CLA-0363,Hierophant Chandra of Ptolemaic Kingdom,classical_antiquity,Parthian Empire,Persia,-708,-663,Religious,wildcard,EVT-CLA-0363,0.7984,0.4333,0.7034,0.4356,0.2786,0.5143,0.6739,31,0.5393,0.7486,0.5425,1.0127,1.0634,1.114,false
CHR-CLA-0364,Mint Overseer Theodosius of Kushan Empire,classical_antiquity,Carthaginian Republic,Western Mediterranean,-729,-708,Economic,stabilizer,EVT-CLA-0364,0.7105,0.76,0.749,0.7363,0.562,0.337,0.5061,231,0.3004,0.6288,0.5407,0.83,0.8604,0.7693,false
CHR-CLA-0365,Imam Zhao of Achaemenid Empire,classical_antiquity,Achaemenid Empire,Persia / Near East,-765,-734,Religious,disruptor,EVT-CLA-0365,0.8388,0.6753,0.2816,0.5047,0.7155,0.782,0.8197,7,0.6387,0.8312,0.7552,1.238,1.25,1.25,true
CHR-CLA-0366,Chamberlain Mentuhotep of Kushan Empire,classical_antiquity,Seleucid Empire,Near East / Central Asia,304,337,Economic,catalyst,EVT-CLA-0366,0.5476,0.8752,0.5906,0.5844,0.7583,0.59,0.7907,35,0.5028,0.6449,0.6507,1.0975,1.202,1.1497,false
CHR-CLA-0367,Physician Thutmose of Seleucid Empire,classical_antiquity,Kushan Empire,Central & South Asia,-386,-349,Scientific,architect,EVT-CLA-0367,0.7307,0.7733,0.8297,0.8936,0.6624,0.3686,0.7651,32,0.2375,0.7445,0.5904,0.8422,0.8731,0.7806,false
CHR-CLA-0368,Alchemist Zhao of Sasanian Empire,classical_antiquity,Carthaginian Republic,Western Mediterranean,367,411,Scientific,architect,EVT-CLA-0368,0.7912,0.8219,0.7552,0.7389,0.513,0.385,0.7722,54,0.323,0.7836,0.6092,0.8469,0.8778,0.7849,false
CHR-CLA-0369,Syndic Tiglath of Ptolemaic Kingdom,classical_antiquity,Kushan Empire,Central & South Asia,15,47,Economic,disruptor,EVT-CLA-0369,0.7739,0.679,0.2834,0.5177,0.8377,0.8348,0.7305,25,0.6585,0.7565,0.7516,1.2368,1.25,1.25,true
CHR-CLA-0370,Imam Mentuhotep of Roman Republic,classical_antiquity,Parthian Empire,Persia,303,316,Religious,disruptor,EVT-CLA-0370,0.7734,0.575,0.3325,0.453,0.857,0.9425,0.7903,10,0.7448,0.7801,0.7622,1.2404,1.25,1.25,true
CHR-CLA-0371,Alchemist Richelieu of Roman Republic,classical_antiquity,Seleucid Empire,Near East / Central Asia,-681,-659,Scientific,catalyst,EVT-CLA-0371,0.7254,0.8348,0.6782,0.5736,0.8759,0.5475,0.8112,44,0.4869,0.7597,0.6953,1.1115,1.2174,1.1644,false
CHR-CLA-0372,Hierophant Ashoka of Carthaginian Republic,classical_antiquity,Classical Greece (Polis),Mediterranean,248,261,Religious,architect,EVT-CLA-0372,0.794,0.6316,0.6916,0.7075,0.5778,0.3868,0.6367,108,0.3397,0.731,0.5789,0.8394,0.8701,0.778,false
CHR-CLA-0373,Hierophant Hamilton of Roman Republic,classical_antiquity,Kingdom of Aksum,Horn of Africa,-437,-430,Religious,wildcard,EVT-CLA-0373,0.8639,0.4298,0.5397,0.7502,0.5209,0.5265,0.5577,37,0.3881,0.7414,0.5797,1.0239,1.0751,1.1263,false
CHR-CLA-0374,Chamberlain Kautilya of Classical Greece (Polis),classical_antiquity,Parthian Empire,Persia,-362,-329,Economic,architect,EVT-CLA-0374,0.8342,0.6049,0.7522,0.7918,0.554,0.3465,0.6562,66,0.2774,0.763,0.568,0.8367,0.8673,0.7755,false
CHR-CLA-0375,Astronomer Ashoka of Classical Greece (Polis),classical_antiquity,Gupta Empire,South Asia,-492,-466,Scientific,architect,EVT-CLA-0375,0.853,0.7327,0.7016,0.8561,0.6002,0.1831,0.7691,45,0.1635,0.8195,0.593,0.8429,0.8737,0.7812,false
CHR-CLA-0376,Arch-Engineer Saladin of Kingdom of Aksum,classical_antiquity,Gupta Empire,South Asia,-226,-209,Scientific,stabilizer,EVT-CLA-0376,0.7328,0.7933,0.7228,0.6888,0.5492,0.2988,0.6656,127,0.305,0.7059,0.5725,0.8378,0.8685,0.7765,false
CHR-CLA-0377,Poet Laureate Labarna of Gupta Empire,classical_antiquity,Ptolemaic Kingdom,Egypt / Levant,-215,-186,Cultural,disruptor,EVT-CLA-0377,0.7188,0.7381,0.514,0.415,0.8146,0.6746,0.7483,14,0.6298,0.7306,0.7039,1.2203,1.25,1.25,false
CHR-CLA-0378,Polymath Rimush of Gupta Empire,classical_antiquity,Qin & Han Dynasties,East Asia,-29,-4,Scientific,disruptor,EVT-CLA-0378,0.7351,0.6893,0.3864,0.4948,0.8855,0.7292,0.8111,31,0.6172,0.7655,0.7377,1.232,1.25,1.25,false
CHR-CLA-0379,Poet Laureate Harsha of Carthaginian Republic,classical_antiquity,Seleucid Empire,Near East / Central Asia,319,364,Cultural,disruptor,EVT-CLA-0379,0.7509,0.6215,0.4806,0.5181,0.9029,0.9194,0.8048,33,0.7007,0.7724,0.751,1.2366,1.25,1.25,true
CHR-CLA-0380,Senator Richelieu of Achaemenid Empire,classical_antiquity,Classical Greece (Polis),Mediterranean,126,159,Political,disruptor,EVT-CLA-0380,0.923,0.7789,0.2696,0.5364,0.9271,0.9072,0.7275,34,0.6854,0.8448,0.8281,1.25,1.25,1.25,true
CHR-CLA-0381,Abbess Sargon of Classical Greece (Polis),classical_antiquity,Parthian Empire,Persia,334,350,Religious,disruptor,EVT-CLA-0381,0.7211,0.6955,0.221,0.5629,0.7655,0.7622,0.8615,43,0.5997,0.7773,0.7427,1.2337,1.25,1.25,false
CHR-CLA-0382,Hierophant Sumner of Ptolemaic Kingdom,classical_antiquity,Achaemenid Empire,Persia / Near East,-569,-558,Religious,architect,EVT-CLA-0382,0.7942,0.6932,0.856,0.772,0.6132,0.2082,0.6045,171,0.2181,0.7183,0.5422,0.8304,0.8608,0.7696,false
CHR-CLA-0383,Centurion Dara of Parthian Empire,classical_antiquity,Gupta Empire,South Asia,-363,-319,Military,catalyst,EVT-CLA-0383,0.814,0.897,0.6094,0.7626,0.8308,0.5164,0.9044,41,0.3769,0.8501,0.7267,1.1214,1.2282,1.1748,false
CHR-CLA-0384,Cardinal Puduhepa of Sasanian Empire,classical_antiquity,Gupta Empire,South Asia,235,243,Religious,stabilizer,EVT-CLA-0384,0.622,0.6141,0.9213,0.8107,0.5917,0.1933,0.4402,66,0.1913,0.5493,0.4487,0.8074,0.8369,0.75,false
CHR-CLA-0385,Prefect Harun of Achaemenid Empire,classical_antiquity,Seleucid Empire,Near East / Central Asia,-98,-79,Political,disruptor,EVT-CLA-0385,0.8842,0.6856,0.5078,0.4968,0.9429,0.8871,0.7482,6,0.6952,0.8298,0.785,1.2483,1.25,1.25,true
CHR-CLA-0386,Astronomer Harsha of Achaemenid Empire,classical_antiquity,Achaemenid Empire,Persia / Near East,325,351,Scientific,stabilizer,EVT-CLA-0386,0.6617,0.5977,0.9074,0.8222,0.5901,0.2528,0.4169,114,0.2153,0.5638,0.4622,0.8107,0.8404,0.7514,false
CHR-CLA-0387,Warlord Gao of Carthaginian Republic,classical_antiquity,Qin & Han Dynasties,East Asia,-471,-434,Military,stabilizer,EVT-CLA-0387,0.8207,0.5592,0.8843,0.6978,0.4652,0.209,0.4893,172,0.2556,0.6881,0.4903,0.8176,0.8475,0.7578,false
CHR-CLA-0388,Syndic Ibn-Sina of Roman Empire (Principate/Dominate),classical_antiquity,Sasanian Empire,Persia,-645,-623,Economic,catalyst,EVT-CLA-0388,0.5213,0.7242,0.6306,0.7377,0.8069,0.7038,0.7266,18,0.483,0.6034,0.6246,1.0893,1.193,1.1411,false
CHR-CLA-0389,Abbess Telepinu of Kushan Empire,classical_antiquity,Classical Greece (Polis),Mediterranean,72,91,Religious,architect,EVT-CLA-0389,0.8798,0.7626,0.8955,0.7466,0.7535,0.4383,0.6417,98,0.3459,0.7846,0.6325,0.8526,0.8838,0.7902,false
CHR-CLA-0390,Chronicler Theodosius of Kushan Empire,classical_antiquity,Achaemenid Empire,Persia / Near East,137,168,Cultural,disruptor,EVT-CLA-0390,0.6414,0.557,0.4754,0.5096,0.9099,0.7613,0.8173,18,0.6258,0.7118,0.6942,1.217,1.25,1.25,false
CHR-CLA-0391,Viceroy Madison of Ptolemaic Kingdom,classical_antiquity,Parthian Empire,Persia,-190,-180,Political,wildcard,EVT-CLA-0391,0.8505,0.7621,0.4244,0.6319,0.519,0.319,0.4089,56,0.3435,0.6739,0.5899,1.027,1.0783,1.1297,false
CHR-CLA-0392,Merchant Prince Chen of Sasanian Empire,classical_antiquity,Parthian Empire,Persia,-368,-326,Economic,stabilizer,EVT-CLA-0392,0.7708,0.5562,0.7257,0.7975,0.5989,0.3247,0.4024,59,0.2636,0.6234,0.5126,0.8231,0.8532,0.7629,false
CHR-CLA-0393,Minister Suppiluliuma of Kingdom of Aksum,classical_antiquity,Parthian Empire,Persia,177,182,Political,architect,EVT-CLA-0393,0.8737,0.8646,0.8294,0.8184,0.6764,0.3823,0.5888,63,0.2819,0.7597,0.6214,0.8499,0.881,0.7877,false
CHR-CLA-0394,Pontiff Dara of Roman Republic,classical_antiquity,Achaemenid Empire,Persia / Near East,-756,-716,Religious,catalyst,EVT-CLA-0394,0.7106,0.7976,0.5095,0.6531,0.7481,0.5982,0.9249,25,0.4725,0.7964,0.7044,1.1144,1.2205,1.1674,false
CHR-CLA-0395,Poet Laureate Heinrich of Classical Greece (Polis),classical_antiquity,Kushan Empire,Central & South Asia,-669,-629,Cultural,disruptor,EVT-CLA-0395,0.9497,0.7229,0.4712,0.5643,0.9411,0.876,0.8307,8,0.6559,0.9021,0.8177,1.25,1.25,1.25,true
CHR-CLA-0396,Dramatist Al-Mansur of Roman Empire (Principate/Dominate),classical_antiquity,Carthaginian Republic,Western Mediterranean,-325,-280,Cultural,catalyst,EVT-CLA-0396,0.621,0.901,0.5049,0.5984,0.8868,0.757,0.7388,51,0.5793,0.6681,0.7174,1.1185,1.225,1.1717,false
CHR-CLA-0397,Poet Laureate Alexander of Achaemenid Empire,classical_antiquity,Kushan Empire,Central & South Asia,-129,-110,Cultural,stabilizer,EVT-CLA-0397,0.6765,0.5772,0.9112,0.7987,0.6908,0.1875,0.5869,168,0.1944,0.6407,0.4944,0.8186,0.8486,0.7587,false
CHR-CLA-0398,Abbess Zhao of Achaemenid Empire,classical_antiquity,Achaemenid Empire,Persia / Near East,-366,-332,Religious,catalyst,EVT-CLA-0398,0.7717,0.8904,0.5962,0.7466,0.8438,0.7733,0.8454,19,0.5133,0.8012,0.7489,1.1284,1.2359,1.1821,false
CHR-CLA-0399,Astronomer Harun of Qin & Han Dynasties,classical_antiquity,Gupta Empire,South Asia,-164,-155,Scientific,architect,EVT-CLA-0399,0.7649,0.6239,0.7574,0.7641,0.7587,0.227,0.6613,171,0.2315,0.7234,0.5679,0.8367,0.8673,0.7755,false
CHR-CLA-0400,Admiral Adams of Carthaginian Republic,classical_antiquity,Ptolemaic Kingdom,Egypt / Levant,-299,-280,Military,stabilizer,EVT-CLA-0400,0.7508,0.7154,0.7907,0.8024,0.5805,0.12,0.4408,72,0.1588,0.6268,0.497,0.8193,0.8492,0.7593,false
CHR-CLA-0401,High Priest Constantine of Seleucid Empire,classical_antiquity,Ptolemaic Kingdom,Egypt / Levant,418,448,Religious,architect,EVT-CLA-0401,0.7318,0.826,0.814,0.8079,0.7722,0.4408,0.6306,55,0.3164,0.6913,0.6116,0.8475,0.8785,0.7854,false
CHR-CLA-0402,Metallurgist Hathor of Seleucid Empire,classical_antiquity,Ptolemaic Kingdom,Egypt / Levant,-246,-239,Scientific,disruptor,EVT-CLA-0402,0.9037,0.8471,0.3917,0.5282,0.8167,0.7429,0.8667,9,0.6074,0.8889,0.8014,1.25,1.25,1.25,true
CHR-CLA-0403,Chronicler Adams of Roman Republic,classical_antiquity,Carthaginian Republic,Western Mediterranean,-467,-451,Cultural,disruptor,EVT-CLA-0403,0.834,0.5105,0.4097,0.5751,0.7155,0.6514,0.9319,10,0.5382,0.8732,0.7102,1.2225,1.25,1.25,false
CHR-CLA-0404,Chamberlain Rajaraja of Seleucid Empire,classical_antiquity,Maurya Empire,South Asia,250,293,Economic,wildcard,EVT-CLA-0404,0.5359,0.422,0.7123,0.5205,0.8437,0.7252,0.7926,36,0.6024,0.6386,0.6042,1.0313,1.0828,1.1344,false
CHR-CLA-0405,Syndic Tariq of Roman Republic,classical_antiquity,Seleucid Empire,Near East / Central Asia,-459,-440,Economic,architect,EVT-CLA-0405,0.8603,0.6071,0.7261,0.9013,0.7729,0.2859,0.7321,135,0.1923,0.809,0.6071,0.8463,0.8773,0.7844,false
CHR-CLA-0406,Marshal Harsha of Kingdom of Aksum,classical_antiquity,Roman Republic,Mediterranean,-339,-295,Military,architect,EVT-CLA-0406,0.688,0.8515,0.8243,0.8899,0.6508,0.253,0.659,80,0.1816,0.6764,0.5572,0.8341,0.8646,0.773,false
CHR-CLA-0407,Mint Overseer Wu of Roman Empire (Principate/Dominate),classical_antiquity,Roman Empire (Principate/Dominate),Mediterranean / Europe,-476,-431,Economic,architect,EVT-CLA-0407,0.7765,0.7627,0.8323,0.8835,0.5897,0.4489,0.5867,95,0.2827,0.7006,0.5749,0.8384,0.8691,0.7771,false
CHR-CLA-0408,Merchant Prince Cao of Achaemenid Empire,classical_antiquity,Parthian Empire,Persia,-390,-346,Economic,stabilizer,EVT-CLA-0408,0.6739,0.6874,0.8912,0.7582,0.5463,0.1559,0.4437,65,0.1988,0.5818,0.4664,0.8117,0.8414,0.7523,false
CHR-CLA-0409,Merchant Prince Bradford of Sasanian Empire,classical_antiquity,Gupta Empire,South Asia,433,449,Economic,wildcard,EVT-CLA-0409,0.4749,0.8496,0.2874,0.5528,0.5494,0.464,0.7416,17,0.4556,0.5816,0.603,1.0309,1.0825,1.134,false
CHR-CLA-0410,Customs Director Ashoka of Sasanian Empire,classical_antiquity,Sasanian Empire,Persia,-267,-233,Economic,catalyst,EVT-CLA-0410,0.6103,0.8952,0.459,0.7545,0.8656,0.7105,0.8642,42,0.478,0.7119,0.7193,1.1191,1.2256,1.1724,false
CHR-CLA-0411,Polymath Averroes of Sasanian Empire,classical_antiquity,Roman Empire (Principate/Dominate),Mediterranean / Europe,-55,-45,Scientific,disruptor,EVT-CLA-0411,0.8848,0.5346,0.4071,0.4437,0.923,0.6947,0.8843,13,0.6255,0.8846,0.7638,1.241,1.25,1.25,true
CHR-CLA-0412,Senator Godfrey of Parthian Empire,classical_antiquity,Parthian Empire,Persia,248,288,Political,stabilizer,EVT-CLA-0412,0.6237,0.6252,0.905,0.7861,0.5029,0.1353,0.5633,229,0.1746,0.5995,0.4501,0.8077,0.8373,0.75,false
CHR-CLA-0413,General Li of Sasanian Empire,classical_antiquity,Qin & Han Dynasties,East Asia,177,198,Military,catalyst,EVT-CLA-0413,0.5095,0.7077,0.5933,0.6727,0.83,0.5413,0.8109,59,0.4343,0.63,0.6179,1.0871,1.1907,1.1389,false
CHR-CLA-0414,Imam Al-Mansur of Gupta Empire,classical_antiquity,Parthian Empire,Persia,-616,-573,Religious,catalyst,EVT-CLA-0414,0.6302,0.8037,0.553,0.6179,0.9224,0.7718,0.7964,46,0.577,0.6967,0.7155,1.1179,1.2243,1.1711,false
CHR-CLA-0415,Prefect Vikram of Roman Republic,classical_antiquity,Seleucid Empire,Near East / Central Asia,-31,8,Political,disruptor,EVT-CLA-0415,0.9304,0.5678,0.5055,0.4994,0.7548,0.8643,0.7899,33,0.6824,0.8742,0.7536,1.2375,1.25,1.25,true
CHR-CLA-0416,Geometer Al-Mansur of Roman Empire (Principate/Dominate),classical_antiquity,Carthaginian Republic,Western Mediterranean,-190,-172,Scientific,wildcard,EVT-CLA-0416,0.533,0.3855,0.3737,0.5762,0.3459,0.7563,0.7208,62,0.5901,0.6081,0.5483,1.0145,1.0652,1.116,false
CHR-CLA-0417,Customs Director Sun of Parthian Empire,classical_antiquity,Ptolemaic Kingdom,Egypt / Levant,34,39,Economic,architect,EVT-CLA-0417,0.7263,0.7132,0.6833,0.7057,0.7421,0.2353,0.6578,111,0.2648,0.6989,0.5802,0.8397,0.8705,0.7783,false
CHR-CLA-0418,Astronomer Hammurabi of Roman Empire (Principate/Dominate),classical_antiquity,Achaemenid Empire,Persia / Near East,-366,-345,Scientific,architect,EVT-CLA-0418,0.786,0.7902,0.783,0.902,0.6847,0.2433,0.7545,137,0.1706,0.7734,0.594,0.8431,0.874,0.7814,false
CHR-CLA-0419,Chamberlain Naram-Sin of Gupta Empire,classical_antiquity,Gupta Empire,South Asia,376,400,Economic,catalyst,EVT-CLA-0419,0.6116,0.8461,0.5398,0.7204,0.9486,0.5178,0.9324,38,0.3987,0.7399,0.6996,1.1129,1.2189,1.1659,false
CHR-CLA-0420,Pontiff Hamilton of Classical Greece (Polis),classical_antiquity,Kushan Empire,Central & South Asia,120,138,Religious,architect,EVT-CLA-0420,0.7747,0.8192,0.8716,0.8652,0.62,0.2121,0.5923,34,0.1735,0.7018,0.5498,0.8322,0.8627,0.7714,false
CHR-CLA-0421,High Priest Mentuhotep of Achaemenid Empire,classical_antiquity,Sasanian Empire,Persia,301,331,Religious,catalyst,EVT-CLA-0421,0.5075,0.8002,0.4952,0.6857,0.7232,0.7675,0.7317,49,0.5409,0.5972,0.6465,1.0961,1.2005,1.1483,false
CHR-CLA-0422,Minister Wu of Roman Empire (Principate/Dominate),classical_antiquity,Sasanian Empire,Persia,-745,-732,Political,stabilizer,EVT-CLA-0422,0.5967,0.6215,0.8357,0.8661,0.6005,0.207,0.4562,40,0.1705,0.5405,0.4551,0.8089,0.8385,0.75,false
CHR-CLA-0423,Minister Madison of Kingdom of Aksum,classical_antiquity,Kushan Empire,Central & South Asia,-305,-272,Political,stabilizer,EVT-CLA-0423,0.787,0.7516,0.8554,0.8153,0.4898,0.1976,0.674,198,0.1911,0.7418,0.5374,0.8292,0.8595,0.7685,false
CHR-CLA-0424,Rhetorician Justinian of Qin & Han Dynasties,classical_antiquity,Achaemenid Empire,Persia / Near East,-533,-527,Cultural,disruptor,EVT-CLA-0424,0.8805,0.7132,0.2262,0.3418,0.7197,0.8414,0.7689,10,0.7498,0.8359,0.7869,1.249,1.25,1.25,true
CHR-CLA-0425,Marshal Narmer of Classical Greece (Polis),classical_antiquity,Roman Republic,Mediterranean,313,356,Military,disruptor,EVT-CLA-0425,0.8156,0.8167,0.3421,0.6499,0.8233,0.7229,0.8516,32,0.5365,0.83,0.7694,1.2429,1.25,1.25,true
CHR-CLA-0426,Dramatist Wu of Qin & Han Dynasties,classical_antiquity,Parthian Empire,Persia,-90,-58,Cultural,wildcard,EVT-CLA-0426,0.779,0.6938,0.6838,0.4485,0.5811,0.3521,0.6163,18,0.4518,0.7139,0.5904,1.0271,1.0785,1.1298,false
CHR-CLA-0427,Warlord Telepinu of Qin & Han Dynasties,classical_antiquity,Achaemenid Empire,Persia / Near East,-651,-630,Military,stabilizer,EVT-CLA-0427,0.6306,0.7488,0.7394,0.6946,0.6767,0.1538,0.6339,149,0.2296,0.6319,0.531,0.8276,0.8579,0.7671,false
CHR-CLA-0428,Customs Director Puduhepa of Classical Greece (Polis),classical_antiquity,Kushan Empire,Central & South Asia,319,360,Economic,stabilizer,EVT-CLA-0428,0.7383,0.7932,0.7207,0.6876,0.62,0.232,0.4302,169,0.2722,0.6151,0.5394,0.8297,0.8601,0.769,false
CHR-CLA-0429,Chamberlain Khaldun of Sasanian Empire,classical_antiquity,Parthian Empire,Persia,-276,-271,Economic,stabilizer,EVT-CLA-0429,0.7621,0.784,0.875,0.7415,0.48,0.1979,0.6201,116,0.2282,0.7053,0.5282,0.8269,0.8572,0.7664,false
CHR-CLA-0430,Patriarch Harsha of Ptolemaic Kingdom,classical_antiquity,Gupta Empire,South Asia,-273,-254,Religious,stabilizer,EVT-CLA-0430,0.7202,0.6579,0.7598,0.7263,0.6357,0.1556,0.5128,62,0.2146,0.6373,0.5121,0.823,0.8531,0.7627,false
CHR-CLA-0431,Syndic Constantine of Seleucid Empire,classical_antiquity,Maurya Empire,South Asia,-204,-172,Economic,catalyst,EVT-CLA-0431,0.772,0.7316,0.4956,0.6061,0.8763,0.7555,0.7721,24,0.5747,0.772,0.7335,1.1235,1.2305,1.177,false
CHR-CLA-0432,Chamberlain Lafayette of Gupta Empire,classical_antiquity,Gupta Empire,South Asia,320,349,Economic,disruptor,EVT-CLA-0432,0.7289,0.6913,0.4823,0.4414,0.9467,0.9438,0.8266,36,0.7512,0.768,0.7732,1.2442,1.25,1.25,true
CHR-CLA-0433,Geometer Puduhepa of Gupta Empire,classical_antiquity,Parthian Empire,Persia,-205,-196,Scientific,architect,EVT-CLA-0433,0.6671,0.7076,0.8983,0.855,0.7692,0.3339,0.6127,126,0.2395,0.6454,0.5477,0.8317,0.8622,0.7709,false
CHR-CLA-0434,Archon Samsi-Adad of Parthian Empire,classical_antiquity,Sasanian Empire,Persia,-274,-266,Political,catalyst,EVT-CLA-0434,0.6672,0.7353,0.5314,0.5665,0.8239,0.595,0.7748,55,0.5143,0.7102,0.6747,1.105,1.2103,1.1576,false
CHR-CLA-0435,Cardinal Saladin of Roman Empire (Principate/Dominate),classical_antiquity,Kushan Empire,Central & South Asia,-755,-712,Religious,disruptor,EVT-CLA-0435,0.6853,0.5658,0.3571,0.5005,0.7424,0.6549,0.813,28,0.5772,0.7364,0.677,1.2111,1.25,1.25,false
CHR-CLA-0436,Vizier Kheti of Achaemenid Empire,classical_antiquity,Classical Greece (Polis),Mediterranean,10,19,Political,stabilizer,EVT-CLA-0436,0.8363,0.6134,0.7674,0.6863,0.4512,0.2761,0.4106,141,0.2949,0.666,0.5107,0.8226,0.8527,0.7624,false
CHR-CLA-0437,Vizier Kautilya of Kingdom of Aksum,classical_antiquity,Kushan Empire,Central & South Asia,-461,-428,Political,architect,EVT-CLA-0437,0.8922,0.6659,0.8156,0.8756,0.594,0.3321,0.6918,53,0.2282,0.812,0.5903,0.8422,0.873,0.7806,false
CHR-CLA-0438,Arch-Engineer Ashoka of Achaemenid Empire,classical_antiquity,Achaemenid Empire,Persia / Near East,-36,7,Scientific,architect,EVT-CLA-0438,0.7024,0.7088,0.7424,0.7187,0.5958,0.3842,0.7144,157,0.3328,0.7072,0.5759,0.8387,0.8694,0.7773,false
CHR-CLA-0439,Abbess Sherman of Achaemenid Empire,classical_antiquity,Achaemenid Empire,Persia / Near East,82,120,Religious,catalyst,EVT-CLA-0439,0.5346,0.8021,0.4619,0.6938,0.7935,0.565,0.786,27,0.4356,0.6351,0.6448,1.0956,1.1999,1.1478,false
CHR-CLA-0440,Abbess Cao of Roman Republic,classical_antiquity,Kingdom of Aksum,Horn of Africa,249,280,Religious,stabilizer,EVT-CLA-0440,0.6828,0.6166,0.885,0.7302,0.6971,0.2116,0.67,144,0.2407,0.6777,0.525,0.8261,0.8564,0.7657,false
CHR-CLA-0441,Treasurer Alexander of Roman Republic,classical_antiquity,Parthian Empire,Persia,-426,-398,Economic,stabilizer,EVT-CLA-0441,0.7257,0.7312,0.75,0.7538,0.6523,0.1647,0.5546,41,0.2054,0.6573,0.5342,0.8284,0.8587,0.7678,false
CHR-CLA-0442,Archon Mazarin of Carthaginian Republic,classical_antiquity,Kushan Empire,Central & South Asia,-466,-452,Political,catalyst,EVT-CLA-0442,0.5675,0.9058,0.627,0.6849,0.7878,0.4918,0.9389,41,0.4034,0.716,0.6636,1.1015,1.2064,1.154,false
CHR-CLA-0443,Chancellor Tiglath of Maurya Empire,classical_antiquity,Carthaginian Republic,Western Mediterranean,-128,-116,Political,architect,EVT-CLA-0443,0.7667,0.8207,0.8963,0.7831,0.59,0.3987,0.746,147,0.3078,0.7584,0.5962,0.8437,0.8745,0.7819,false
CHR-CLA-0444,Scribe Vikram of Sasanian Empire,classical_antiquity,Sasanian Empire,Persia,-354,-325,Cultural,wildcard,EVT-CLA-0444,0.8822,0.354,0.4398,0.4571,0.4875,0.291,0.6742,37,0.417,0.799,0.5747,1.0224,1.0735,1.1247,false
CHR-CLA-0445,Merchant Prince Imhotep of Seleucid Empire,classical_antiquity,Parthian Empire,Persia,-444,-409,Economic,stabilizer,EVT-CLA-0445,0.7434,0.6344,0.7996,0.755,0.5,0.2555,0.5264,132,0.2503,0.6566,0.5056,0.8214,0.8514,0.7613,false
CHR-CLA-0446,Chronicler Colbert of Ptolemaic Kingdom,classical_antiquity,Sasanian Empire,Persia,421,447,Cultural,architect,EVT-CLA-0446,0.7849,0.7512,0.8586,0.736,0.6229,0.3667,0.6637,180,0.3154,0.7364,0.5842,0.8407,0.8715,0.7792,false
CHR-CLA-0447,Archon Bradford of Maurya Empire,classical_antiquity,Kingdom of Aksum,Horn of Africa,361,373,Political,disruptor,EVT-CLA-0447,0.7593,0.6656,0.4419,0.635,0.8545,0.8636,0.7808,20,0.6143,0.7679,0.7386,1.2323,1.25,1.25,false
CHR-CLA-0448,Poet Laureate Leonidas of Sasanian Empire,classical_antiquity,Kushan Empire,Central & South Asia,-295,-262,Cultural,architect,EVT-CLA-0448,0.7181,0.6424,0.8256,0.7752,0.5341,0.2886,0.6487,79,0.2567,0.6904,0.5253,0.8262,0.8564,0.7658,false
CHR-CLA-0449,Admiral Necker of Kushan Empire,classical_antiquity,Classical Greece (Polis),Mediterranean,-539,-517,Military,catalyst,EVT-CLA-0449,0.8065,0.8686,0.5558,0.5704,0.8523,0.4933,0.8464,14,0.4615,0.8225,0.7266,1.1214,1.2282,1.1748,false
CHR-CLA-0450,Abbess Kautilya of Maurya Empire,classical_antiquity,Kushan Empire,Central & South Asia,-213,-181,Religious,disruptor,EVT-CLA-0450,0.683,0.8376,0.4629,0.5356,0.7387,0.9235,0.7407,12,0.6939,0.7061,0.7338,1.2306,1.25,1.25,false
CHR-CLA-0451,Viceroy Ashoka of Parthian Empire,classical_antiquity,Classical Greece (Polis),Mediterranean,-245,-232,Political,catalyst,EVT-CLA-0451,0.7133,0.7791,0.4627,0.7235,0.9273,0.6374,0.9287,43,0.457,0.7994,0.7368,1.1246,1.2317,1.1781,false
CHR-CLA-0452,Pontiff Marshall of Carthaginian Republic,classical_antiquity,Maurya Empire,South Asia,-321,-280,Religious,catalyst,EVT-CLA-0452,0.5148,0.8171,0.685,0.7639,0.7272,0.6473,0.7578,30,0.4417,0.612,0.6144,1.086,1.1895,1.1378,false
CHR-CLA-0453,Treasurer Sargon of Carthaginian Republic,classical_antiquity,Maurya Empire,South Asia,-415,-403,Economic,wildcard,EVT-CLA-0453,0.7562,0.4128,0.4011,0.2618,0.364,0.4468,0.733,42,0.5925,0.7469,0.5793,1.0238,1.075,1.1262,false
CHR-CLA-0454,Commander Labarna of Roman Republic,classical_antiquity,Roman Republic,Mediterranean,262,296,Military,stabilizer,EVT-CLA-0454,0.8095,0.6172,0.8831,0.7114,0.4681,0.2276,0.5234,118,0.2581,0.6951,0.5039,0.821,0.851,0.7609,false
CHR-CLA-0455,Consul Leonidas of Roman Empire (Principate/Dominate),classical_antiquity,Ptolemaic Kingdom,Egypt / Levant,443,484,Political,disruptor,EVT-CLA-0455,0.8819,0.8199,0.4487,0.4608,0.7284,0.6594,0.7409,32,0.5993,0.8255,0.7449,1.2345,1.25,1.25,false
CHR-CLA-0456,Arch-Engineer Hamilton of Roman Republic,classical_antiquity,Maurya Empire,South Asia,427,447,Scientific,catalyst,EVT-CLA-0456,0.6272,0.8077,0.6283,0.643,0.8181,0.6247,0.7599,12,0.4909,0.6803,0.6634,1.1015,1.2064,1.1539,false
CHR-CLA-0457,Guild Master Samudra of Kushan Empire,classical_antiquity,Carthaginian Republic,Western Mediterranean,-737,-702,Economic,disruptor,EVT-CLA-0457,0.6815,0.6824,0.2379,0.3723,0.8997,0.7597,0.8417,7,0.6937,0.7456,0.7555,1.2381,1.25,1.25,true
CHR-CLA-0458,Customs Director Alexander of Parthian Empire,classical_antiquity,Classical Greece (Polis),Mediterranean,-350,-305,Economic,architect,EVT-CLA-0458,0.6542,0.8101,0.8875,0.913,0.5199,0.2607,0.6,80,0.1738,0.6325,0.5078,0.8219,0.852,0.7618,false
CHR-CLA-0459,Chamberlain Harsha of Roman Republic,classical_antiquity,Roman Empire (Principate/Dominate),Mediterranean / Europe,-11,-3,Economic,architect,EVT-CLA-0459,0.8824,0.6394,0.7119,0.8917,0.6255,0.2342,0.5957,90,0.1712,0.7678,0.569,0.837,0.8676,0.7757,false
CHR-CLA-0460,Pontiff Alexander of Seleucid Empire,classical_antiquity,Gupta Empire,South Asia,-726,-698,Religious,stabilizer,EVT-CLA-0460,0.7443,0.6673,0.7403,0.7301,0.6528,0.1827,0.6008,240,0.2263,0.6869,0.5411,0.8301,0.8605,0.7694,false
CHR-CLA-0461,Alchemist Belisarius of Parthian Empire,classical_antiquity,Carthaginian Republic,Western Mediterranean,-566,-556,Scientific,stabilizer,EVT-CLA-0461,0.616,0.6705,0.7777,0.7415,0.4579,0.1373,0.4758,194,0.1979,0.5599,0.4504,0.8078,0.8373,0.75,false
CHR-CLA-0462,Consul Cao of Ptolemaic Kingdom,classical_antiquity,Ptolemaic Kingdom,Egypt / Levant,-61,-54,Political,disruptor,EVT-CLA-0462,0.8309,0.8351,0.2158,0.5566,0.7702,0.8279,0.7847,43,0.6356,0.8124,0.791,1.25,1.25,1.25,true
CHR-CLA-0463,Warlord Valdemar of Sasanian Empire,classical_antiquity,Seleucid Empire,Near East / Central Asia,137,181,Military,disruptor,EVT-CLA-0463,0.6254,0.7692,0.3855,0.3984,0.7866,0.7383,0.9508,26,0.6699,0.7555,0.7346,1.2309,1.25,1.25,false
CHR-CLA-0464,Polymath Suppiluliuma of Parthian Empire,classical_antiquity,Achaemenid Empire,Persia / Near East,295,308,Scientific,disruptor,EVT-CLA-0464,0.6806,0.8316,0.3678,0.3567,0.9353,0.7091,0.7724,19,0.6762,0.7174,0.7528,1.2372,1.25,1.25,true
CHR-CLA-0465,Senator Colbert of Gupta Empire,classical_antiquity,Parthian Empire,Persia,75,103,Political,architect,EVT-CLA-0465,0.7252,0.808,0.8801,0.863,0.5052,0.4307,0.6432,72,0.2838,0.6924,0.5582,0.8343,0.8648,0.7733,false
CHR-CLA-0466,Astronomer Hathor of Gupta Empire,classical_antiquity,Kingdom of Aksum,Horn of Africa,-423,-388,Scientific,catalyst,EVT-CLA-0466,0.8071,0.8356,0.7294,0.602,0.7389,0.726,0.9145,14,0.562,0.8501,0.731,1.1228,1.2297,1.1762,false
CHR-CLA-0467,Poet Laureate Marshall of Sasanian Empire,classical_antiquity,Gupta Empire,South Asia,382,422,Cultural,architect,EVT-CLA-0467,0.9009,0.7845,0.8487,0.9035,0.6403,0.3996,0.6788,92,0.2481,0.8121,0.6207,0.8497,0.8808,0.7875,false
CHR-CLA-0468,Warlord Saladin of Seleucid Empire,classical_antiquity,Parthian Empire,Persia,171,185,Military,stabilizer,EVT-CLA-0468,0.5976,0.7854,0.8052,0.6838,0.6553,0.3124,0.562,75,0.3143,0.5834,0.532,0.8279,0.8581,0.7673,false
CHR-CLA-0469,Poet Laureate Justinian of Achaemenid Empire,classical_antiquity,Kushan Empire,Central & South Asia,199,229,Cultural,disruptor,EVT-CLA-0469,0.8737,0.6013,0.3184,0.3419,0.7192,0.8154,0.8082,24,0.7367,0.8475,0.7611,1.2401,1.25,1.25,true
CHR-CLA-0470,Commander Valdemar of Kingdom of Aksum,classical_antiquity,Classical Greece (Polis),Mediterranean,-95,-86,Military,disruptor,EVT-CLA-0470,0.7199,0.8461,0.4277,0.5121,0.7261,0.8224,0.8421,16,0.6552,0.7688,0.7471,1.2353,1.25,1.25,false
CHR-CLA-0471,Patriarch Al-Mansur of Classical Greece (Polis),classical_antiquity,Kingdom of Aksum,Horn of Africa,-748,-724,Religious,architect,EVT-CLA-0471,0.6961,0.8579,0.8209,0.8281,0.7393,0.3174,0.8141,60,0.2446,0.7433,0.6098,0.847,0.878,0.785,false
CHR-CLA-0472,Scribe Samsi-Adad of Sasanian Empire,classical_antiquity,Roman Empire (Principate/Dominate),Mediterranean / Europe,-238,-201,Cultural,catalyst,EVT-CLA-0472,0.5528,0.8186,0.5784,0.5862,0.8823,0.4513,0.9095,16,0.4325,0.6955,0.6603,1.1005,1.2053,1.1529,false
CHR-CLA-0473,Geometer Dara of Maurya Empire,classical_antiquity,Carthaginian Republic,Western Mediterranean,422,427,Scientific,disruptor,EVT-CLA-0473,0.603,0.6249,0.2649,0.3302,0.8934,0.8958,0.7741,13,0.7828,0.6714,0.736,1.2314,1.25,1.25,false
CHR-CLA-0474,Chancellor Telepinu of Carthaginian Republic,classical_antiquity,Parthian Empire,Persia,18,43,Political,catalyst,EVT-CLA-0474,0.655,0.6929,0.6787,0.5781,0.7723,0.7612,0.8954,14,0.5916,0.7511,0.6852,1.1084,1.2139,1.1611,false
CHR-CLA-0475,Senator Dara of Ptolemaic Kingdom,classical_antiquity,Parthian Empire,Persia,-543,-512,Political,stabilizer,EVT-CLA-0475,0.7922,0.7789,0.8047,0.7042,0.5999,0.2078,0.6738,39,0.2518,0.7448,0.5714,0.8376,0.8682,0.7763,false
CHR-CLA-0476,Chancellor Wu of Kingdom of Aksum,classical_antiquity,Kingdom of Aksum,Horn of Africa,249,269,Political,architect,EVT-CLA-0476,0.8743,0.7172,0.8217,0.9187,0.5279,0.3859,0.6653,144,0.2336,0.7907,0.5849,0.8409,0.8717,0.7794,false
CHR-CLA-0477,Synod Envoy Eleanor of Kushan Empire,classical_antiquity,Classical Greece (Polis),Mediterranean,402,437,Religious,wildcard,EVT-CLA-0477,0.6861,0.5654,0.2808,0.5951,0.8024,0.7515,0.4285,63,0.5782,0.5831,0.6459,1.0438,1.0959,1.1481,false
CHR-CLA-0478,Marshal Rimush of Classical Greece (Polis),classical_antiquity,Classical Greece (Polis),Mediterranean,-673,-649,Military,catalyst,EVT-CLA-0478,0.6,0.8514,0.6616,0.6496,0.8537,0.7723,0.8824,27,0.5614,0.7129,0.7053,1.1147,1.2208,1.1678,false
CHR-CLA-0479,Dramatist Dara of Kushan Empire,classical_antiquity,Maurya Empire,South Asia,169,195,Cultural,wildcard,EVT-CLA-0479,0.4072,0.4763,0.4114,0.5938,0.3156,0.6278,0.5191,18,0.517,0.452,0.4718,0.9915,1.0411,1.0907,false
CHR-CLA-0480,Philosopher Justinian of Kingdom of Aksum,classical_antiquity,Achaemenid Empire,Persia / Near East,-722,-689,Cultural,disruptor,EVT-CLA-0480,0.8153,0.8491,0.2903,0.3988,0.8896,0.778,0.9157,13,0.6896,0.8554,0.8197,1.25,1.25,1.25,true
CHR-CLA-0481,Centurion Kautilya of Gupta Empire,classical_antiquity,Parthian Empire,Persia,112,121,Military,wildcard,EVT-CLA-0481,0.5687,0.4732,0.435,0.3342,0.5922,0.1827,0.5249,72,0.4242,0.5512,0.4979,0.9994,1.0493,1.0993,false
CHR-CLA-0482,Synod Envoy Hamilton of Sasanian Empire,classical_antiquity,Ptolemaic Kingdom,Egypt / Levant,140,179,Religious,disruptor,EVT-CLA-0482,0.6011,0.6915,0.3321,0.4361,0.8364,0.6825,0.8513,13,0.6232,0.7012,0.7045,1.2206,1.25,1.25,false
CHR-CLA-0483,Strategos Bradford of Roman Empire (Principate/Dominate),classical_antiquity,Maurya Empire,South Asia,-404,-380,Military,disruptor,EVT-CLA-0483,0.7207,0.7775,0.3524,0.5251,0.7705,0.9238,0.9054,26,0.6994,0.7946,0.7753,1.245,1.25,1.25,true
CHR-CLA-0484,Admiral Talleyrand of Achaemenid Empire,classical_antiquity,Achaemenid Empire,Persia / Near East,-40,-9,Military,wildcard,EVT-CLA-0484,0.5596,0.4918,0.6537,0.712,0.6461,0.5416,0.8317,41,0.4148,0.6684,0.5656,1.0197,1.0707,1.1217,false
CHR-CLA-0485,Merchant Prince Kheti of Carthaginian Republic,classical_antiquity,Classical Greece (Polis),Mediterranean,-148,-120,Economic,architect,EVT-CLA-0485,0.7629,0.8209,0.7423,0.7552,0.5339,0.182,0.6692,82,0.2134,0.7254,0.5596,0.8347,0.8652,0.7736,false
CHR-CLA-0486,Consul Hammurabi of Achaemenid Empire,classical_antiquity,Kushan Empire,Central & South Asia,-59,-26,Political,architect,EVT-CLA-0486,0.9155,0.7711,0.6815,0.9123,0.7102,0.2177,0.7188,170,0.1527,0.8369,0.6278,0.8514,0.8826,0.7891,false
CHR-CLA-0487,Pontiff Lafayette of Gupta Empire,classical_antiquity,Carthaginian Republic,Western Mediterranean,125,136,Religious,disruptor,EVT-CLA-0487,0.781,0.7264,0.3414,0.536,0.9137,0.897,0.9224,37,0.6805,0.8376,0.8032,1.25,1.25,1.25,true
CHR-CLA-0488,Metallurgist Vikram of Parthian Empire,classical_antiquity,Sasanian Empire,Persia,-704,-680,Scientific,wildcard,EVT-CLA-0488,0.8975,0.5749,0.1879,0.2299,0.29,0.8319,0.7233,28,0.801,0.8278,0.7071,1.0621,1.1152,1.1683,false
CHR-CLA-0489,Physician Bradford of Ptolemaic Kingdom,classical_antiquity,Gupta Empire,South Asia,241,284,Scientific,wildcard,EVT-CLA-0489,0.4895,0.497,0.2714,0.509,0.2304,0.5825,0.6598,6,0.5368,0.5577,0.5152,1.0046,1.0548,1.105,false
CHR-CLA-0490,Abbess Qian of Qin & Han Dynasties,classical_antiquity,Parthian Empire,Persia,395,413,Religious,catalyst,EVT-CLA-0490,0.7977,0.7136,0.7079,0.6904,0.7376,0.7837,0.8667,23,0.5467,0.8253,0.7094,1.1159,1.2222,1.1691,false
CHR-CLA-0491,Philosopher Enheduanna of Gupta Empire,classical_antiquity,Parthian Empire,Persia,-678,-655,Cultural,wildcard,EVT-CLA-0491,0.66,0.4372,0.4602,0.5932,0.2573,0.4405,0.8818,13,0.4237,0.7487,0.5418,1.0126,1.0632,1.1138,false
CHR-CLA-0492,Metallurgist Mazarin of Carthaginian Republic,classical_antiquity,Roman Empire (Principate/Dominate),Mediterranean / Europe,-244,-216,Scientific,disruptor,EVT-CLA-0492,0.9305,0.8217,0.5041,0.4158,0.855,0.8703,0.8376,20,0.7272,0.8933,0.8191,1.25,1.25,1.25,true
CHR-CLA-0493,Polymath Dara of Roman Empire (Principate/Dominate),classical_antiquity,Carthaginian Republic,Western Mediterranean,-354,-342,Scientific,disruptor,EVT-CLA-0493,0.6819,0.5864,0.2134,0.3331,0.7496,0.6511,0.8693,18,0.659,0.7569,0.7109,1.2228,1.25,1.25,false
CHR-CLA-0494,Master Sculptor Mursili of Seleucid Empire,classical_antiquity,Carthaginian Republic,Western Mediterranean,-372,-353,Cultural,catalyst,EVT-CLA-0494,0.7464,0.9113,0.6279,0.751,0.87,0.7084,0.8694,56,0.4787,0.7956,0.7401,1.1256,1.2328,1.1792,false
CHR-CLA-0495,Scribe Friedrich of Ptolemaic Kingdom,classical_antiquity,Roman Republic,Mediterranean,216,240,Cultural,stabilizer,EVT-CLA-0495,0.7402,0.7966,0.7499,0.85,0.5562,0.3359,0.6507,60,0.243,0.7044,0.5685,0.8368,0.8675,0.7756,false
CHR-CLA-0496,Strategos Narmer of Maurya Empire,classical_antiquity,Parthian Empire,Persia,270,303,Military,catalyst,EVT-CLA-0496,0.73,0.7483,0.6743,0.6159,0.9236,0.5037,0.9325,35,0.4439,0.811,0.7005,1.1132,1.2192,1.1662,false
CHR-CLA-0497,Prefect Zhao of Roman Republic,classical_antiquity,Classical Greece (Polis),Mediterranean,-670,-642,Political,wildcard,EVT-CLA-0497,0.6238,0.5414,0.6669,0.2598,0.6179,0.5287,0.4684,49,0.6344,0.5616,0.5497,1.0149,1.0657,1.1164,false
CHR-CLA-0498,Treasurer Imhotep of Kushan Empire,classical_antiquity,Carthaginian Republic,Western Mediterranean,-51,-24,Economic,architect,EVT-CLA-0498,0.8335,0.7697,0.6974,0.8305,0.7403,0.4319,0.7818,32,0.3007,0.8128,0.6557,0.8583,0.8897,0.7955,false
CHR-CLA-0499,Arch-Engineer Bradford of Carthaginian Republic,classical_antiquity,Carthaginian Republic,Western Mediterranean,-271,-242,Scientific,catalyst,EVT-CLA-0499,0.5722,0.9045,0.7451,0.6435,0.848,0.7636,0.8565,28,0.56,0.6859,0.6923,1.1106,1.2163,1.1634,false
CHR-CLA-0500,Polymath Necker of Ptolemaic Kingdom,classical_antiquity,Parthian Empire,Persia,90,125,Scientific,stabilizer,EVT-CLA-0500,0.6124,0.727,0.9296,0.6801,0.6849,0.3029,0.6542,239,0.3114,0.6291,0.5315,0.8277,0.858,0.7672,false
CHR-CLA-0501,Arch-Engineer Godfrey of Achaemenid Empire,classical_antiquity,Roman Republic,Mediterranean,-409,-379,Scientific,catalyst,EVT-CLA-0501,0.7988,0.8355,0.7412,0.6005,0.8805,0.7495,0.8682,58,0.5745,0.8266,0.7456,1.1274,1.2347,1.1811,false
CHR-CLA-0502,Mint Overseer Al-Mansur of Classical Greece (Polis),classical_antiquity,Qin & Han Dynasties,East Asia,127,132,Economic,catalyst,EVT-CLA-0502,0.5275,0.7036,0.5819,0.7466,0.7946,0.5288,0.8447,14,0.3911,0.6544,0.6171,1.0869,1.1904,1.1386,false
CHR-CLA-0503,Scribe Averroes of Ptolemaic Kingdom,classical_antiquity,Roman Empire (Principate/Dominate),Mediterranean / Europe,250,275,Cultural,wildcard,EVT-CLA-0503,0.4783,0.4269,0.7465,0.3236,0.4772,0.176,0.6479,51,0.4262,0.5462,0.4379,0.9814,1.0305,1.0795,false
CHR-CLA-0504,Rhetorician Bradford of Qin & Han Dynasties,classical_antiquity,Classical Greece (Polis),Mediterranean,77,120,Cultural,catalyst,EVT-CLA-0504,0.5641,0.6832,0.5437,0.6981,0.7286,0.6155,0.7919,29,0.4587,0.6552,0.6246,1.0893,1.193,1.1411,false
CHR-CLA-0505,Merchant Prince Naram-Sin of Gupta Empire,classical_antiquity,Sasanian Empire,Persia,-238,-231,Economic,catalyst,EVT-CLA-0505,0.5182,0.7568,0.7287,0.5899,0.9341,0.7383,0.7486,20,0.5742,0.6104,0.6539,1.0985,1.2031,1.1508,false
CHR-CLA-0506,Strategos Justinian of Roman Republic,classical_antiquity,Roman Republic,Mediterranean,-746,-739,Military,stabilizer,EVT-CLA-0506,0.7597,0.5606,0.7304,0.8991,0.6827,0.2474,0.5791,131,0.1742,0.6874,0.5324,0.828,0.8583,0.7674,false
CHR-CLA-0507,Governor Mirabeau of Gupta Empire,classical_antiquity,Carthaginian Republic,Western Mediterranean,-658,-652,Political,catalyst,EVT-CLA-0507,0.6202,0.9147,0.5558,0.5662,0.7721,0.5772,0.9255,29,0.5055,0.7423,0.6996,1.1129,1.2189,1.1659,false
CHR-CLA-0508,Consul Hammurabi of Parthian Empire,classical_antiquity,Parthian Empire,Persia,127,161,Political,wildcard,EVT-CLA-0508,0.5305,0.3664,0.6443,0.6073,0.6448,0.3249,0.7594,24,0.3588,0.6221,0.5022,1.0006,1.0507,1.1007,false
CHR-CLA-0509,Polymath Godfrey of Sasanian Empire,classical_antiquity,Gupta Empire,South Asia,-502,-458,Scientific,disruptor,EVT-CLA-0509,0.751,0.8475,0.3748,0.6454,0.7397,0.8213,0.907,33,0.588,0.8134,0.7653,1.2415,1.25,1.25,true
CHR-CLA-0510,Archon Marshall of Sasanian Empire,classical_antiquity,Gupta Empire,South Asia,-683,-668,Political,architect,EVT-CLA-0510,0.7432,0.7921,0.7953,0.8326,0.7259,0.2091,0.798,51,0.1882,0.7651,0.5934,0.843,0.8738,0.7813,false
CHR-CLA-0511,Philosopher Thutmose of Sasanian Empire,classical_antiquity,Maurya Empire,South Asia,36,54,Cultural,wildcard,EVT-CLA-0511,0.4608,0.3662,0.446,0.2897,0.4596,0.2382,0.773,56,0.4742,0.5857,0.4817,0.9945,1.0442,1.0939,false
CHR-CLA-0512,Chronicler Hathor of Roman Empire (Principate/Dominate),classical_antiquity,Classical Greece (Polis),Mediterranean,457,494,Cultural,architect,EVT-CLA-0512,0.8806,0.6307,0.8414,0.8798,0.6777,0.2988,0.6825,150,0.2095,0.8014,0.5855,0.841,0.8718,0.7795,false
CHR-CLA-0513,Prefect Qian of Carthaginian Republic,classical_antiquity,Gupta Empire,South Asia,60,86,Political,catalyst,EVT-CLA-0513,0.7948,0.708,0.7145,0.7642,0.8233,0.6158,0.8964,55,0.4258,0.8355,0.6956,1.1116,1.2175,1.1645,false
CHR-CLA-0514,Consul Lafayette of Roman Republic,classical_antiquity,Kingdom of Aksum,Horn of Africa,49,70,Political,disruptor,EVT-CLA-0514,0.7056,0.8244,0.4373,0.4893,0.7831,0.7474,0.8736,17,0.6291,0.7728,0.7425,1.2337,1.25,1.25,false
CHR-CLA-0515,Senator Eleanor of Classical Greece (Polis),classical_antiquity,Maurya Empire,South Asia,-745,-708,Political,catalyst,EVT-CLA-0515,0.7829,0.696,0.4803,0.7438,0.8665,0.7389,0.9226,38,0.4976,0.8388,0.7441,1.1269,1.2342,1.1806,false
CHR-CLA-0516,Imam Alexander of Qin & Han Dynasties,classical_antiquity,Ptolemaic Kingdom,Egypt / Levant,320,328,Religious,disruptor,EVT-CLA-0516,0.8733,0.5968,0.3727,0.327,0.9233,0.8319,0.8458,9,0.7525,0.8623,0.7944,1.25,1.25,1.25,true
CHR-CLA-0517,Dramatist Enheduanna of Ptolemaic Kingdom,classical_antiquity,Qin & Han Dynasties,East Asia,460,476,Cultural,stabilizer,EVT-CLA-0517,0.7531,0.5616,0.7739,0.7975,0.4799,0.1563,0.6683,179,0.1794,0.7192,0.5009,0.8202,0.8502,0.7602,false
CHR-CLA-0518,Philosopher Madison of Carthaginian Republic,classical_antiquity,Classical Greece (Polis),Mediterranean,222,252,Cultural,catalyst,EVT-CLA-0518,0.8078,0.8695,0.6967,0.7371,0.7517,0.7628,0.761,18,0.5129,0.7891,0.7172,1.1184,1.2249,1.1717,false
CHR-CLA-0519,Customs Director Colbert of Qin & Han Dynasties,classical_antiquity,Roman Republic,Mediterranean,-616,-610,Economic,architect,EVT-CLA-0519,0.7585,0.7413,0.7042,0.8757,0.747,0.2375,0.7518,126,0.1809,0.7559,0.5971,0.8439,0.8748,0.7821,false
CHR-CLA-0520,Marshal Marshall of Carthaginian Republic,classical_antiquity,Kingdom of Aksum,Horn of Africa,-710,-673,Military,wildcard,EVT-CLA-0520,0.4467,0.7033,0.743,0.5013,0.6649,0.5437,0.8472,48,0.5212,0.6069,0.5762,1.0229,1.074,1.1251,false
CHR-CLA-0521,Syndic Mentuhotep of Kingdom of Aksum,classical_antiquity,Roman Republic,Mediterranean,32,77,Economic,stabilizer,EVT-CLA-0521,0.8378,0.7308,0.763,0.8051,0.6344,0.2348,0.4241,61,0.2148,0.6723,0.5465,0.8314,0.8619,0.7706,false
CHR-CLA-0522,Astronomer Rimush of Roman Republic,classical_antiquity,Achaemenid Empire,Persia / Near East,214,227,Scientific,catalyst,EVT-CLA-0522,0.5008,0.8235,0.4915,0.7433,0.7436,0.7136,0.8107,27,0.4851,0.6248,0.6526,1.0981,1.2026,1.1504,false
CHR-CLA-0523,Marshal Lafayette of Classical Greece (Polis),classical_antiquity,Gupta Empire,South Asia,-724,-680,Military,catalyst,EVT-CLA-0523,0.7128,0.7568,0.6614,0.7611,0.7953,0.5514,0.8723,23,0.3951,0.7766,0.6704,1.1037,1.2088,1.1562,false
CHR-CLA-0524,Poet Laureate Telepinu of Achaemenid Empire,classical_antiquity,Carthaginian Republic,Western Mediterranean,-165,-145,Cultural,disruptor,EVT-CLA-0524,0.6328,0.7878,0.2246,0.5584,0.8513,0.7616,0.9422,14,0.6016,0.7566,0.7593,1.2394,1.25,1.25,true
CHR-CLA-0525,Alchemist Naram-Sin of Classical Greece (Polis),classical_antiquity,Maurya Empire,South Asia,-284,-252,Scientific,wildcard,EVT-CLA-0525,0.6383,0.7155,0.476,0.2358,0.2782,0.5866,0.57,35,0.6754,0.611,0.5727,1.0218,1.0729,1.124,false
CHR-CLA-0526,High Priest Hammurabi of Maurya Empire,classical_antiquity,Roman Empire (Principate/Dominate),Mediterranean / Europe,-563,-529,Religious,disruptor,EVT-CLA-0526,0.7226,0.837,0.2997,0.38,0.7892,0.6774,0.7708,36,0.6487,0.7419,0.7428,1.2338,1.25,1.25,false
CHR-CLA-0527,Prefect Ramesses of Roman Republic,classical_antiquity,Parthian Empire,Persia,-611,-578,Political,stabilizer,EVT-CLA-0527,0.8262,0.6634,0.7905,0.7568,0.5536,0.1904,0.5686,176,0.2168,0.7232,0.5361,0.8289,0.8592,0.7682,false
CHR-CLA-0528,Admiral Justinian of Qin & Han Dynasties,classical_antiquity,Roman Republic,Mediterranean,-400,-374,Military,architect,EVT-CLA-0528,0.74,0.6831,0.6916,0.7866,0.5892,0.2741,0.6026,134,0.2437,0.685,0.5489,0.832,0.8625,0.7711,false
CHR-CLA-0529,Imam Ashoka of Roman Empire (Principate/Dominate),classical_antiquity,Maurya Empire,South Asia,-512,-485,Religious,disruptor,EVT-CLA-0529,0.6249,0.7815,0.3113,0.4128,0.7838,0.9223,0.7458,15,0.7547,0.6732,0.7395,1.2326,1.25,1.25,false
CHR-CLA-0530,Chamberlain Theodosius of Kushan Empire,classical_antiquity,Gupta Empire,South Asia,199,204,Economic,architect,EVT-CLA-0530,0.6991,0.7601,0.7271,0.8482,0.5785,0.2736,0.7403,86,0.2127,0.7156,0.5625,0.8354,0.8659,0.7743,false
CHR-CLA-0531,Vizier Vikram of Seleucid Empire,classical_antiquity,Kingdom of Aksum,Horn of Africa,-783,-753,Political,wildcard,EVT-CLA-0531,0.7162,0.6195,0.5345,0.4951,0.7434,0.6847,0.6061,52,0.5948,0.6722,0.6489,1.0447,1.0969,1.1491,false
CHR-CLA-0532,High Priest Leonidas of Maurya Empire,classical_antiquity,Parthian Empire,Persia,409,422,Religious,wildcard,EVT-CLA-0532,0.7068,0.3763,0.3974,0.4868,0.7589,0.1885,0.6627,32,0.3509,0.6892,0.5606,1.0182,1.0691,1.12,false
CHR-CLA-0533,Dramatist Sumner of Maurya Empire,classical_antiquity,Seleucid Empire,Near East / Central Asia,-354,-343,Cultural,architect,EVT-CLA-0533,0.8802,0.8602,0.882,0.8667,0.6958,0.4437,0.557,57,0.2885,0.7509,0.622,0.85,0.8811,0.7878,false
CHR-CLA-0534,Geometer Hamilton of Sasanian Empire,classical_antiquity,Kushan Empire,Central & South Asia,-14,-5,Scientific,stabilizer,EVT-CLA-0534,0.8295,0.6794,0.9329,0.7687,0.5758,0.1678,0.5097,188,0.1996,0.7016,0.5156,0.8238,0.854,0.7635,false
CHR-CLA-0535,Hierophant Enheduanna of Achaemenid Empire,classical_antiquity,Carthaginian Republic,Western Mediterranean,-140,-121,Religious,stabilizer,EVT-CLA-0535,0.7327,0.7405,0.8523,0.899,0.5837,0.2151,0.5151,74,0.158,0.6457,0.5112,0.8227,0.8528,0.7625,false
CHR-CLA-0536,Master Sculptor Thutmose of Carthaginian Republic,classical_antiquity,Kushan Empire,Central & South Asia,-734,-706,Cultural,wildcard,EVT-CLA-0536,0.8935,0.4814,0.6919,0.3123,0.5146,0.3638,0.8967,58,0.5258,0.8948,0.627,1.0381,1.09,1.1419,false
CHR-CLA-0537,Treasurer Averroes of Maurya Empire,classical_antiquity,Achaemenid Empire,Persia / Near East,-477,-462,Economic,disruptor,EVT-CLA-0537,0.6647,0.6192,0.4606,0.407,0.8951,0.8621,0.956,26,0.7275,0.7812,0.7496,1.2361,1.25,1.25,false
CHR-CLA-0538,Master Sculptor Mazarin of Roman Republic,classical_antiquity,Seleucid Empire,Near East / Central Asia,459,479,Cultural,disruptor,EVT-CLA-0538,0.6889,0.5343,0.5024,0.5535,0.9262,0.834,0.9534,20,0.6403,0.7947,0.7315,1.2299,1.25,1.25,false
CHR-CLA-0539,Patriarch Seneb of Gupta Empire,classical_antiquity,Roman Republic,Mediterranean,170,208,Religious,architect,EVT-CLA-0539,0.8392,0.7353,0.7649,0.8672,0.6967,0.2491,0.5801,72,0.191,0.7356,0.5791,0.8395,0.8702,0.778,false
CHR-CLA-0540,Marshal Qian of Qin & Han Dynasties,classical_antiquity,Carthaginian Republic,Western Mediterranean,-76,-67,Military,disruptor,EVT-CLA-0540,0.8642,0.6225,0.3671,0.6444,0.8739,0.6989,0.9418,30,0.5273,0.8952,0.7677,1.2424,1.25,1.25,true
CHR-CLA-0541,Chamberlain Necker of Qin & Han Dynasties,classical_antiquity,Gupta Empire,South Asia,60,100,Economic,disruptor,EVT-CLA-0541,0.8388,0.6833,0.4707,0.5917,0.7989,0.7173,0.7482,18,0.5628,0.8026,0.7252,1.2277,1.25,1.25,false
CHR-CLA-0542,Scribe Narmer of Carthaginian Republic,classical_antiquity,Kushan Empire,Central & South Asia,-252,-233,Cultural,wildcard,EVT-CLA-0542,0.4489,0.7804,0.6106,0.304,0.6,0.6761,0.5984,8,0.6861,0.5087,0.5842,1.0253,1.0765,1.1278,false
CHR-CLA-0543,Mint Overseer Suppiluliuma of Roman Republic,classical_antiquity,Qin & Han Dynasties,East Asia,-680,-671,Economic,catalyst,EVT-CLA-0543,0.5886,0.7344,0.5788,0.7648,0.8999,0.6398,0.7663,35,0.4375,0.6597,0.6571,1.0995,1.2042,1.1518,false
CHR-CLA-0544,Pontiff Hamilton of Roman Republic,classical_antiquity,Achaemenid Empire,Persia / Near East,28,53,Religious,wildcard,EVT-CLA-0544,0.6345,0.8438,0.46,0.5467,0.3626,0.8091,0.8462,55,0.6312,0.7192,0.6645,1.0494,1.1018,1.1543,false
CHR-CLA-0545,Hierophant Averroes of Achaemenid Empire,classical_antiquity,Maurya Empire,South Asia,-54,-41,Religious,catalyst,EVT-CLA-0545,0.5671,0.7079,0.4718,0.7137,0.8609,0.7667,0.8958,23,0.5265,0.6986,0.6936,1.111,1.2168,1.1639,false
CHR-CLA-0546,Viceroy Heinrich of Gupta Empire,classical_antiquity,Carthaginian Republic,Western Mediterranean,159,199,Political,catalyst,EVT-CLA-0546,0.7025,0.813,0.5424,0.6966,0.7234,0.4714,0.9077,60,0.3874,0.7845,0.6739,1.1048,1.21,1.1574,false
CHR-CLA-0547,Scribe Kheti of Parthian Empire,classical_antiquity,Carthaginian Republic,Western Mediterranean,-626,-595,Cultural,stabilizer,EVT-CLA-0547,0.7916,0.5777,0.8115,0.8818,0.5665,0.2979,0.657,108,0.2081,0.7378,0.5375,0.8292,0.8596,0.7686,false
CHR-CLA-0548,Astronomer Madison of Gupta Empire,classical_antiquity,Achaemenid Empire,Persia / Near East,117,150,Scientific,architect,EVT-CLA-0548,0.9014,0.6274,0.7644,0.9053,0.5426,0.2351,0.7454,104,0.1649,0.839,0.5762,0.8388,0.8694,0.7774,false
CHR-CLA-0549,Philosopher Hattusili of Achaemenid Empire,classical_antiquity,Kingdom of Aksum,Horn of Africa,-520,-482,Cultural,disruptor,EVT-CLA-0549,0.9082,0.6392,0.4571,0.4693,0.8872,0.7624,0.892,7,0.6466,0.9017,0.785,1.2483,1.25,1.25,true
CHR-CLA-0550,Legate Franklin of Kushan Empire,classical_antiquity,Ptolemaic Kingdom,Egypt / Levant,462,467,Military,architect,EVT-CLA-0550,0.727,0.7049,0.8314,0.7412,0.7052,0.2421,0.7736,97,0.2505,0.7456,0.5754,0.8386,0.8692,0.7772,false
CHR-CLA-0551,High Priest Narmer of Roman Empire (Principate/Dominate),classical_antiquity,Achaemenid Empire,Persia / Near East,150,155,Religious,catalyst,EVT-CLA-0551,0.8072,0.9168,0.5343,0.6326,0.8801,0.6952,0.7718,54,0.5313,0.793,0.7563,1.1307,1.2384,1.1846,true
CHR-CLA-0552,Minister Saladin of Kingdom of Aksum,classical_antiquity,Qin & Han Dynasties,East Asia,-235,-195,Political,disruptor,EVT-CLA-0552,0.6676,0.7989,0.4783,0.4062,0.8641,0.8793,0.8383,21,0.7365,0.7359,0.7559,1.2383,1.25,1.25,true
CHR-CLA-0553,Chancellor Labarna of Ptolemaic Kingdom,classical_antiquity,Parthian Empire,Persia,-720,-697,Political,architect,EVT-CLA-0553,0.6661,0.6866,0.8116,0.8805,0.6039,0.3176,0.7408,147,0.2186,0.696,0.5437,0.8307,0.8611,0.77,false
CHR-CLA-0554,Pontiff Mentuhotep of Ptolemaic Kingdom,classical_antiquity,Kushan Empire,Central & South Asia,-250,-241,Religious,catalyst,EVT-CLA-0554,0.7343,0.7774,0.5339,0.5866,0.8694,0.5191,0.9364,17,0.4663,0.8152,0.7162,1.1181,1.2246,1.1713,false
CHR-CLA-0555,Commander Labarna of Classical Greece (Polis),classical_antiquity,Qin & Han Dynasties,East Asia,-790,-779,Military,architect,EVT-CLA-0555,0.8647,0.6853,0.7258,0.735,0.6862,0.2677,0.8018,49,0.2663,0.8396,0.623,0.8503,0.8814,0.788,false
CHR-CLA-0556,Physician Heinrich of Achaemenid Empire,classical_antiquity,Gupta Empire,South Asia,154,178,Scientific,architect,EVT-CLA-0556,0.8004,0.7901,0.8939,0.7052,0.575,0.3652,0.6919,29,0.33,0.757,0.5888,0.8418,0.8726,0.7802,false
CHR-CLA-0557,Syndic Zhang of Carthaginian Republic,classical_antiquity,Ptolemaic Kingdom,Egypt / Levant,288,297,Economic,catalyst,EVT-CLA-0557,0.6155,0.7672,0.53,0.7431,0.7884,0.6024,0.9218,48,0.4296,0.738,0.6757,1.1053,1.2106,1.158,false
CHR-CLA-0558,Dramatist Leonidas of Classical Greece (Polis),classical_antiquity,Qin & Han Dynasties,East Asia,8,41,Cultural,disruptor,EVT-CLA-0558,0.9151,0.6549,0.4257,0.3662,0.9237,0.6954,0.7889,40,0.6646,0.8646,0.7773,1.2457,1.25,1.25,true
CHR-CLA-0559,Centurion Kheti of Maurya Empire,classical_antiquity,Carthaginian Republic,Western Mediterranean,-413,-402,Military,wildcard,EVT-CLA-0559,0.6644,0.6857,0.5297,0.48,0.73,0.7776,0.6906,50,0.6488,0.6749,0.6717,1.0515,1.1041,1.1567,false
CHR-CLA-0560,Consul Franklin of Roman Empire (Principate/Dominate),classical_antiquity,Kingdom of Aksum,Horn of Africa,215,230,Political,stabilizer,EVT-CLA-0560,0.7349,0.6113,0.9265,0.8852,0.6354,0.1848,0.511,135,0.1498,0.6454,0.4882,0.8171,0.847,0.7573,false
CHR-CLA-0561,Centurion Rimush of Ptolemaic Kingdom,classical_antiquity,Gupta Empire,South Asia,-93,-86,Military,catalyst,EVT-CLA-0561,0.7077,0.787,0.7105,0.7306,0.8568,0.6349,0.8817,35,0.4522,0.7773,0.6934,1.1109,1.2167,1.1638,false
CHR-CLA-0562,Legate Valdemar of Qin & Han Dynasties,classical_antiquity,Kushan Empire,Central & South Asia,-314,-285,Military,disruptor,EVT-CLA-0562,0.9383,0.5297,0.4677,0.6392,0.912,0.8091,0.9441,31,0.585,0.9406,0.7851,1.2484,1.25,1.25,true
CHR-CLA-0563,Dramatist Sumner of Sasanian Empire,classical_antiquity,Sasanian Empire,Persia,-513,-491,Cultural,catalyst,EVT-CLA-0563,0.708,0.906,0.5217,0.7066,0.913,0.771,0.7618,14,0.5322,0.7295,0.7423,1.1263,1.2336,1.1799,false
CHR-CLA-0564,Imam Kautilya of Seleucid Empire,classical_antiquity,Classical Greece (Polis),Mediterranean,-799,-791,Religious,architect,EVT-CLA-0564,0.6624,0.7332,0.7384,0.909,0.523,0.2113,0.8014,174,0.1512,0.718,0.5366,0.829,0.8593,0.7684,false
CHR-CLA-0565,Archon Saladin of Qin & Han Dynasties,classical_antiquity,Carthaginian Republic,Western Mediterranean,-280,-243,Political,architect,EVT-CLA-0565,0.6602,0.7442,0.8368,0.7398,0.6626,0.2919,0.7774,141,0.2761,0.7071,0.5658,0.8362,0.8668,0.775,false
CHR-CLA-0566,Commander Tiglath of Sasanian Empire,classical_antiquity,Ptolemaic Kingdom,Egypt / Levant,125,167,Military,disruptor,EVT-CLA-0566,0.7251,0.6563,0.4547,0.56,0.735,0.6569,0.8101,42,0.5484,0.7591,0.6865,1.2144,1.25,1.25,false
CHR-CLA-0567,Treasurer Solon of Maurya Empire,classical_antiquity,Roman Republic,Mediterranean,12,40,Economic,architect,EVT-CLA-0567,0.8924,0.6687,0.8915,0.7994,0.6902,0.2171,0.6105,60,0.2089,0.7796,0.572,0.8377,0.8683,0.7764,false
CHR-CLA-0568,General Bradford of Ptolemaic Kingdom,classical_antiquity,Kingdom of Aksum,Horn of Africa,-742,-729,Military,disruptor,EVT-CLA-0568,0.6087,0.6901,0.4241,0.4148,0.8362,0.6505,0.7692,45,0.6179,0.6729,0.6809,1.2124,1.25,1.25,false
CHR-CLA-0569,Poet Laureate Kheti of Achaemenid Empire,classical_antiquity,Gupta Empire,South Asia,348,356,Cultural,catalyst,EVT-CLA-0569,0.7854,0.8368,0.5578,0.7343,0.9092,0.7893,0.7164,41,0.5275,0.7578,0.7416,1.1261,1.2334,1.1797,false
CHR-CLA-0570,Mint Overseer Ashoka of Gupta Empire,classical_antiquity,Seleucid Empire,Near East / Central Asia,417,461,Economic,catalyst,EVT-CLA-0570,0.74,0.873,0.7365,0.7242,0.8694,0.6487,0.7749,21,0.4622,0.7539,0.7,1.113,1.219,1.166,false
CHR-CLA-0571,Master Sculptor Bradford of Classical Greece (Polis),classical_antiquity,Ptolemaic Kingdom,Egypt / Levant,13,39,Cultural,catalyst,EVT-CLA-0571,0.5836,0.8993,0.7454,0.706,0.8413,0.6455,0.9385,29,0.4698,0.7256,0.6848,1.1082,1.2137,1.161,false
CHR-CLA-0572,General Puduhepa of Kushan Empire,classical_antiquity,Sasanian Empire,Persia,283,290,Military,architect,EVT-CLA-0572,0.8693,0.8439,0.7327,0.7895,0.6776,0.1806,0.6965,41,0.1956,0.8002,0.6144,0.8481,0.8792,0.7861,false
CHR-CLA-0573,Treasurer Mursili of Gupta Empire,classical_antiquity,Qin & Han Dynasties,East Asia,159,203,Economic,catalyst,EVT-CLA-0573,0.7641,0.7914,0.6354,0.7043,0.7517,0.5618,0.8374,29,0.4287,0.7934,0.6836,1.1078,1.2133,1.1606,false
CHR-CLA-0574,Archon Imhotep of Carthaginian Republic,classical_antiquity,Roman Republic,Mediterranean,-23,-7,Political,stabilizer,EVT-CLA-0574,0.599,0.7426,0.926,0.8218,0.5768,0.2012,0.5945,132,0.1897,0.5972,0.4833,0.8159,0.8457,0.7562,false
CHR-CLA-0575,Chamberlain Saladin of Roman Empire (Principate/Dominate),classical_antiquity,Classical Greece (Polis),Mediterranean,-51,-31,Economic,catalyst,EVT-CLA-0575,0.8137,0.8101,0.673,0.6672,0.9101,0.601,0.7791,54,0.4669,0.7998,0.7178,1.1186,1.2251,1.1719,false
CHR-CLA-0576,General Colbert of Roman Republic,classical_antiquity,Kushan Empire,Central & South Asia,-81,-63,Military,stabilizer,EVT-CLA-0576,0.8393,0.5829,0.7488,0.6845,0.4763,0.2193,0.5455,137,0.2674,0.7218,0.5243,0.826,0.8562,0.7655,false
CHR-CLA-0577,Arch-Engineer Ramesses of Roman Republic,classical_antiquity,Roman Empire (Principate/Dominate),Mediterranean / Europe,414,445,Scientific,architect,EVT-CLA-0577,0.8396,0.8088,0.8005,0.7141,0.6662,0.4069,0.7505,105,0.3464,0.8039,0.639,0.8542,0.8854,0.7917,false
CHR-CLA-0578,Treasurer Adams of Seleucid Empire,classical_antiquity,Parthian Empire,Persia,-175,-140,Economic,disruptor,EVT-CLA-0578,0.7736,0.5272,0.3958,0.3943,0.7232,0.8951,0.8934,39,0.7504,0.8215,0.7399,1.2328,1.25,1.25,false
CHR-CLA-0579,Patriarch Labarna of Seleucid Empire,classical_antiquity,Roman Republic,Mediterranean,-687,-661,Religious,stabilizer,EVT-CLA-0579,0.7268,0.5784,0.9228,0.7561,0.5171,0.1791,0.4681,115,0.2115,0.6234,0.463,0.8109,0.8406,0.7516,false
CHR-CLA-0580,Marshal Saladin of Classical Greece (Polis),classical_antiquity,Qin & Han Dynasties,East Asia,-7,37,Military,disruptor,EVT-CLA-0580,0.6946,0.5867,0.4788,0.3497,0.9407,0.9059,0.9507,19,0.7781,0.797,0.7659,1.2417,1.25,1.25,true
CHR-CLA-0581,Vizier Samsi-Adad of Sasanian Empire,classical_antiquity,Roman Republic,Mediterranean,126,158,Political,wildcard,EVT-CLA-0581,0.7185,0.5216,0.4253,0.5033,0.53,0.2608,0.5081,65,0.3787,0.6343,0.535,1.0105,1.061,1.1116,false
CHR-CLA-0582,Treasurer Belisarius of Ptolemaic Kingdom,classical_antiquity,Parthian Empire,Persia,18,38,Economic,catalyst,EVT-CLA-0582,0.6451,0.8649,0.4811,0.6849,0.7284,0.6771,0.9031,34,0.4961,0.7483,0.7049,1.1146,1.2207,1.1676,false
CHR-CLA-0583,Scribe Nizam of Kingdom of Aksum,classical_antiquity,Kushan Empire,Central & South Asia,-794,-765,Cultural,wildcard,EVT-CLA-0583,0.7455,0.6483,0.4231,0.7015,0.7176,0.7004,0.8993,63,0.4995,0.807,0.7038,1.0611,1.1142,1.1673,false
CHR-CLA-0584,Syndic Mentuhotep of Parthian Empire,classical_antiquity,Ptolemaic Kingdom,Egypt / Levant,78,90,Economic,architect,EVT-CLA-0584,0.8645,0.7099,0.7256,0.882,0.6294,0.2015,0.8044,27,0.1598,0.8404,0.6012,0.8449,0.8758,0.7831,false
CHR-CLA-0585,Syndic Godfrey of Parthian Empire,classical_antiquity,Gupta Empire,South Asia,-86,-50,Economic,catalyst,EVT-CLA-0585,0.818,0.7989,0.7231,0.7269,0.8229,0.5022,0.9115,37,0.3876,0.8554,0.7012,1.1134,1.2194,1.1664,false
CHR-CLA-0586,Mint Overseer Chen of Sasanian Empire,classical_antiquity,Roman Republic,Mediterranean,-352,-327,Economic,wildcard,EVT-CLA-0586,0.7097,0.4615,0.6202,0.2393,0.3412,0.7006,0.783,13,0.7306,0.739,0.5964,1.0289,1.0804,1.1318,false
CHR-CLA-0587,Geometer Zhao of Carthaginian Republic,classical_antiquity,Parthian Empire,Persia,-234,-209,Scientific,catalyst,EVT-CLA-0587,0.6316,0.7584,0.6082,0.7522,0.8584,0.4571,0.7258,34,0.3524,0.6693,0.6294,1.0908,1.1947,1.1427,false
CHR-CLA-0588,Hierophant Baldwin of Gupta Empire,classical_antiquity,Roman Republic,Mediterranean,70,91,Religious,architect,EVT-CLA-0588,0.8751,0.8769,0.7101,0.8528,0.5301,0.2274,0.7628,82,0.1873,0.8302,0.6147,0.8482,0.8792,0.7862,false
CHR-CLA-0589,Dramatist Tiglath of Achaemenid Empire,classical_antiquity,Ptolemaic Kingdom,Egypt / Levant,-568,-523,Cultural,disruptor,EVT-CLA-0589,0.7355,0.7996,0.4279,0.6103,0.7574,0.9316,0.93,35,0.6607,0.8133,0.7734,1.2443,1.25,1.25,true
CHR-CLA-0590,Pontiff Cao of Qin & Han Dynasties,classical_antiquity,Maurya Empire,South Asia,-587,-553,Religious,stabilizer,EVT-CLA-0590,0.8286,0.7767,0.7803,0.7348,0.6414,0.2163,0.521,170,0.2408,0.7055,0.5657,0.8362,0.8668,0.775,false
CHR-CLA-0591,Scribe Cao of Carthaginian Republic,classical_antiquity,Achaemenid Empire,Persia / Near East,165,183,Cultural,architect,EVT-CLA-0591,0.9048,0.639,0.8062,0.8376,0.5358,0.2366,0.64,115,0.1995,0.7989,0.5614,0.8351,0.8657,0.774,false
CHR-CLA-0592,Admiral Hathor of Ptolemaic Kingdom,classical_antiquity,Seleucid Empire,Near East / Central Asia,186,204,Military,wildcard,EVT-CLA-0592,0.8704,0.7047,0.6936,0.4421,0.6251,0.4676,0.4371,26,0.5127,0.6971,0.6113,1.0334,1.0851,1.1367,false
CHR-CLA-0593,Imam Labarna of Seleucid Empire,classical_antiquity,Qin & Han Dynasties,East Asia,-58,-31,Religious,architect,EVT-CLA-0593,0.8339,0.8778,0.8832,0.7245,0.7582,0.4239,0.7081,170,0.3497,0.7836,0.6491,0.8567,0.888,0.794,false
CHR-CLA-0594,Chronicler Al-Mansur of Achaemenid Empire,classical_antiquity,Qin & Han Dynasties,East Asia,336,375,Cultural,stabilizer,EVT-CLA-0594,0.7241,0.7112,0.8183,0.8943,0.4654,0.3463,0.4124,59,0.226,0.5994,0.4948,0.8187,0.8487,0.7588,false
CHR-CLA-0595,Mint Overseer Ibn-Sina of Ptolemaic Kingdom,classical_antiquity,Seleucid Empire,Near East / Central Asia,-103,-78,Economic,wildcard,EVT-CLA-0595,0.789,0.685,0.3166,0.4843,0.2431,0.7491,0.744,65,0.6324,0.771,0.6546,1.0464,1.0987,1.151,false
CHR-CLA-0596,Senator Averroes of Kushan Empire,classical_antiquity,Maurya Empire,South Asia,-320,-279,Political,disruptor,EVT-CLA-0596,0.9209,0.6669,0.2041,0.6223,0.7267,0.7933,0.8701,11,0.5855,0.9006,0.7873,1.2491,1.25,1.25,true
CHR-CLA-0597,Scribe Necker of Sasanian Empire,classical_antiquity,Roman Republic,Mediterranean,457,500,Cultural,stabilizer,EVT-CLA-0597,0.8474,0.7862,0.9079,0.8976,0.6606,0.2738,0.5821,45,0.1881,0.7413,0.5716,0.8376,0.8683,0.7763,false
CHR-CLA-0598,Senator Bradford of Carthaginian Republic,classical_antiquity,Roman Empire (Principate/Dominate),Mediterranean / Europe,-99,-56,Political,catalyst,EVT-CLA-0598,0.7834,0.781,0.5772,0.6252,0.889,0.5096,0.7128,54,0.4422,0.7552,0.6907,1.1101,1.2158,1.1629,false
CHR-CLA-0599,Marshal Baldwin of Seleucid Empire,classical_antiquity,Gupta Empire,South Asia,63,94,Military,catalyst,EVT-CLA-0599,0.7089,0.6781,0.6224,0.567,0.8028,0.6983,0.8044,27,0.5657,0.7471,0.6842,1.108,1.2135,1.1608,false
CHR-CLA-0600,Chamberlain Hammurabi of Classical Greece (Polis),classical_antiquity,Roman Republic,Mediterranean,-590,-572,Economic,catalyst,EVT-CLA-0600,0.7605,0.7754,0.5111,0.6522,0.8857,0.4715,0.8241,23,0.4096,0.7859,0.6999,1.113,1.219,1.166,false
CHR-CLA-0601,Poet Laureate Saladin of Sasanian Empire,classical_antiquity,Parthian Empire,Persia,308,315,Cultural,disruptor,EVT-CLA-0601,0.8374,0.8325,0.2204,0.4145,0.8394,0.6833,0.9497,9,0.6344,0.8823,0.8123,1.25,1.25,1.25,true
CHR-CLA-0602,Consul Harun of Gupta Empire,classical_antiquity,Seleucid Empire,Near East / Central Asia,-228,-210,Political,stabilizer,EVT-CLA-0602,0.7564,0.7314,0.8471,0.822,0.6163,0.3308,0.4446,141,0.2544,0.6317,0.5318,0.8278,0.8581,0.7672,false
CHR-CLA-0603,Arch-Engineer Ramesses of Sasanian Empire,classical_antiquity,Gupta Empire,South Asia,-486,-455,Scientific,stabilizer,EVT-CLA-0603,0.7306,0.7504,0.8628,0.7515,0.5003,0.2975,0.4242,40,0.273,0.608,0.5047,0.8211,0.8512,0.7611,false
CHR-CLA-0604,Polymath Belisarius of Achaemenid Empire,classical_antiquity,Roman Republic,Mediterranean,-726,-719,Scientific,catalyst,EVT-CLA-0604,0.7988,0.6757,0.5927,0.6534,0.95,0.5437,0.7179,30,0.4451,0.7664,0.6909,1.1101,1.2158,1.163,false
CHR-CLA-0605,Arch-Engineer Rajaraja of Sasanian Empire,classical_antiquity,Kingdom of Aksum,Horn of Africa,438,473,Scientific,wildcard,EVT-CLA-0605,0.5799,0.5964,0.3671,0.2171,0.7753,0.3992,0.722,24,0.5911,0.6367,0.6213,1.0364,1.0882,1.14,false
CHR-CLA-0606,Admiral Seneb of Roman Empire (Principate/Dominate),classical_antiquity,Kushan Empire,Central & South Asia,-638,-610,Military,catalyst,EVT-CLA-0606,0.7442,0.8969,0.6091,0.6687,0.946,0.594,0.7749,56,0.4626,0.7565,0.7235,1.1204,1.2271,1.1737,false
CHR-CLA-0607,Geometer Eleanor of Ptolemaic Kingdom,classical_antiquity,Sasanian Empire,Persia,-6,23,Scientific,disruptor,EVT-CLA-0607,0.8562,0.6307,0.4994,0.4443,0.708,0.7381,0.8172,23,0.6469,0.8406,0.726,1.228,1.25,1.25,false
CHR-CLA-0608,Hierophant Heinrich of Sasanian Empire,classical_antiquity,Ptolemaic Kingdom,Egypt / Levant,-512,-476,Religious,catalyst,EVT-CLA-0608,0.7649,0.6611,0.4729,0.6983,0.881,0.5936,0.9095,39,0.4477,0.8227,0.7158,1.118,1.2245,1.1712,false
CHR-CLA-0609,General Friedrich of Maurya Empire,classical_antiquity,Qin & Han Dynasties,East Asia,-465,-447,Military,catalyst,EVT-CLA-0609,0.7877,0.7333,0.6923,0.6626,0.9253,0.7229,0.7235,25,0.5302,0.762,0.7103,1.1162,1.2226,1.1694,false
CHR-CLA-0610,Merchant Prince Justinian of Seleucid Empire,classical_antiquity,Classical Greece (Polis),Mediterranean,-308,-283,Economic,disruptor,EVT-CLA-0610,0.7372,0.7971,0.2491,0.576,0.7167,0.6779,0.8908,13,0.5509,0.7987,0.743,1.2338,1.25,1.25,false
CHR-CLA-0611,Prefect Ramesses of Roman Empire (Principate/Dominate),classical_antiquity,Achaemenid Empire,Persia / Near East,-288,-245,Political,catalyst,EVT-CLA-0611,0.7127,0.8334,0.4856,0.6944,0.8454,0.7216,0.797,19,0.5136,0.7464,0.7245,1.1207,1.2275,1.1741,false
CHR-CLA-0612,Polymath Nizam of Maurya Empire,classical_antiquity,Gupta Empire,South Asia,-694,-672,Scientific,wildcard,EVT-CLA-0612,0.5491,0.4629,0.4516,0.7945,0.7368,0.187,0.7685,71,0.1962,0.6368,0.5257,1.0077,1.0581,1.1085,false
CHR-CLA-0613,Master Sculptor Suppiluliuma of Classical Greece (Polis),classical_antiquity,Seleucid Empire,Near East / Central Asia,470,488,Cultural,architect,EVT-CLA-0613,0.7607,0.7071,0.8365,0.7426,0.7511,0.1823,0.8085,143,0.2198,0.7798,0.5867,0.8413,0.8721,0.7798,false
CHR-CLA-0614,Mint Overseer Adams of Roman Empire (Principate/Dominate),classical_antiquity,Achaemenid Empire,Persia / Near East,-467,-455,Economic,architect,EVT-CLA-0614,0.911,0.7615,0.8052,0.8125,0.6534,0.3554,0.7685,121,0.2714,0.854,0.6374,0.8538,0.885,0.7913,false
CHR-CLA-0615,Philosopher Puduhepa of Kingdom of Aksum,classical_antiquity,Seleucid Empire,Near East / Central Asia,-232,-216,Cultural,stabilizer,EVT-CLA-0615,0.6057,0.7576,0.7492,0.8403,0.6207,0.343,0.4968,70,0.2514,0.5621,0.5172,0.8242,0.8544,0.7639,false
CHR-CLA-0616,Alchemist Ashoka of Roman Republic,classical_antiquity,Gupta Empire,South Asia,-414,-400,Scientific,stabilizer,EVT-CLA-0616,0.687,0.7555,0.8303,0.8341,0.6081,0.122,0.6079,60,0.144,0.6554,0.511,0.8227,0.8528,0.7625,false
CHR-CLA-0617,Chamberlain Kheti of Classical Greece (Polis),classical_antiquity,Maurya Empire,South Asia,4,28,Economic,stabilizer,EVT-CLA-0617,0.6495,0.7876,0.859,0.8814,0.5665,0.3311,0.4307,206,0.2248,0.562,0.4998,0.8199,0.8499,0.76,false
CHR-CLA-0618,Chronicler Naram-Sin of Parthian Empire,classical_antiquity,Gupta Empire,South Asia,-737,-694,Cultural,disruptor,EVT-CLA-0618,0.6574,0.6388,0.248,0.3399,0.7764,0.6561,0.793,43,0.6581,0.7116,0.7022,1.2198,1.25,1.25,false
CHR-CLA-0619,Synod Envoy Vikram of Kushan Empire,classical_antiquity,Roman Republic,Mediterranean,301,326,Religious,wildcard,EVT-CLA-0619,0.4065,0.4431,0.2474,0.5468,0.6144,0.7632,0.7713,46,0.6082,0.5524,0.5883,1.0265,1.0778,1.1292,false
CHR-CLA-0620,Customs Director Gao of Kingdom of Aksum,classical_antiquity,Kushan Empire,Central & South Asia,226,255,Economic,catalyst,EVT-CLA-0620,0.6358,0.7181,0.4709,0.604,0.8635,0.5695,0.7514,46,0.4827,0.6821,0.667,1.1026,1.2076,1.1551,false
CHR-CLA-0621,Hierophant Seneb of Carthaginian Republic,classical_antiquity,Sasanian Empire,Persia,363,401,Religious,catalyst,EVT-CLA-0621,0.5177,0.7842,0.5638,0.7064,0.8159,0.6718,0.8661,49,0.4827,0.6571,0.6584,1.0999,1.2047,1.1523,false
CHR-CLA-0622,Master Sculptor Lafayette of Kushan Empire,classical_antiquity,Ptolemaic Kingdom,Egypt / Levant,-419,-400,Cultural,wildcard,EVT-CLA-0622,0.8554,0.7778,0.4606,0.2051,0.5056,0.4254,0.4733,59,0.6101,0.7025,0.6349,1.0405,1.0925,1.1445,false
CHR-CLA-0623,Imam Rajaraja of Classical Greece (Polis),classical_antiquity,Achaemenid Empire,Persia / Near East,481,500,Religious,wildcard,EVT-CLA-0623,0.7285,0.5287,0.5354,0.3953,0.7535,0.672,0.5789,66,0.6383,0.6686,0.6388,1.0416,1.0937,1.1458,false
CHR-CLA-0624,Strategos Qian of Seleucid Empire,classical_antiquity,Seleucid Empire,Near East / Central Asia,157,172,Military,wildcard,EVT-CLA-0624,0.867,0.4447,0.4228,0.3838,0.5613,0.4049,0.7639,54,0.5106,0.8257,0.6315,1.0394,1.0914,1.1434,false
CHR-CLA-0625,Prefect Friedrich of Gupta Empire,classical_antiquity,Roman Empire (Principate/Dominate),Mediterranean / Europe,238,266,Political,catalyst,EVT-CLA-0625,0.7137,0.8547,0.4539,0.7249,0.9079,0.6363,0.7223,16,0.4557,0.7172,0.715,1.1177,1.2242,1.1709,false
CHR-CLA-0626,Dramatist Puduhepa of Ptolemaic Kingdom,classical_antiquity,Carthaginian Republic,Western Mediterranean,222,236,Cultural,catalyst,EVT-CLA-0626,0.6227,0.853,0.6133,0.5945,0.8168,0.5225,0.8289,35,0.464,0.7052,0.6678,1.1029,1.2079,1.1554,false
CHR-CLA-0627,Customs Director Rajaraja of Maurya Empire,classical_antiquity,Sasanian Empire,Persia,-197,-177,Economic,catalyst,EVT-CLA-0627,0.6653,0.7052,0.5271,0.6352,0.724,0.478,0.7489,47,0.4214,0.6987,0.6303,1.091,1.1949,1.143,false
CHR-CLA-0628,Viceroy Theodosius of Maurya Empire,classical_antiquity,Classical Greece (Polis),Mediterranean,-84,-74,Political,architect,EVT-CLA-0628,0.8462,0.7559,0.7138,0.8929,0.6213,0.353,0.5792,89,0.2301,0.7394,0.5919,0.8426,0.8734,0.781,false
CHR-CLA-0629,Polymath Suppiluliuma of Classical Greece (Polis),classical_antiquity,Qin & Han Dynasties,East Asia,-74,-59,Scientific,wildcard,EVT-CLA-0629,0.5047,0.7094,0.6556,0.6093,0.8396,0.3178,0.8749,46,0.3543,0.6528,0.5914,1.0274,1.0788,1.1302,false
CHR-CLA-0630,Chamberlain Constantine of Maurya Empire,classical_antiquity,Qin & Han Dynasties,East Asia,-42,-10,Economic,architect,EVT-CLA-0630,0.6524,0.6373,0.7575,0.8545,0.7207,0.2205,0.8,68,0.183,0.7115,0.5514,0.8326,0.8631,0.7717,false
CHR-CLA-0631,Commander Imhotep of Ptolemaic Kingdom,classical_antiquity,Classical Greece (Polis),Mediterranean,-631,-624,Military,disruptor,EVT-CLA-0631,0.7158,0.7932,0.5012,0.4396,0.7193,0.8388,0.8504,47,0.6996,0.7697,0.7371,1.2318,1.25,1.25,false
CHR-CLA-0632,Geometer Qian of Seleucid Empire,classical_antiquity,Sasanian Empire,Persia,365,387,Scientific,architect,EVT-CLA-0632,0.8807,0.7475,0.8809,0.7348,0.6429,0.4458,0.6662,60,0.3555,0.7949,0.6207,0.8497,0.8808,0.7875,false
CHR-CLA-0633,Admiral Rimush of Gupta Empire,classical_antiquity,Kingdom of Aksum,Horn of Africa,46,77,Military,catalyst,EVT-CLA-0633,0.5141,0.8159,0.5783,0.6004,0.8316,0.6711,0.736,29,0.5353,0.6029,0.6489,1.0969,1.2014,1.1491,false
CHR-CLA-0634,Syndic Hammurabi of Parthian Empire,classical_antiquity,Achaemenid Empire,Persia / Near East,451,495,Economic,catalyst,EVT-CLA-0634,0.6485,0.7304,0.5439,0.7505,0.8238,0.5062,0.7031,51,0.3778,0.6704,0.6347,1.0924,1.1965,1.1445,false
CHR-CLA-0635,Hierophant Baldwin of Sasanian Empire,classical_antiquity,Kushan Empire,Central & South Asia,-686,-654,Religious,wildcard,EVT-CLA-0635,0.4448,0.6588,0.6776,0.3204,0.3454,0.4267,0.8445,58,0.5531,0.6047,0.5187,1.0056,1.0559,1.1062,false
CHR-CLA-0636,Arch-Engineer Wu of Kingdom of Aksum,classical_antiquity,Classical Greece (Polis),Mediterranean,113,142,Scientific,catalyst,EVT-CLA-0636,0.698,0.7911,0.6692,0.6908,0.7872,0.6106,0.7047,56,0.4599,0.7007,0.6571,1.0995,1.2042,1.1518,false
CHR-CLA-0637,Admiral Necker of Parthian Empire,classical_antiquity,Achaemenid Empire,Persia / Near East,254,288,Military,architect,EVT-CLA-0637,0.8623,0.8606,0.8071,0.7871,0.5385,0.4053,0.7746,123,0.3091,0.8272,0.6324,0.8526,0.8838,0.7902,false
CHR-CLA-0638,Mint Overseer Nizam of Qin & Han Dynasties,classical_antiquity,Sasanian Empire,Persia,-170,-138,Economic,disruptor,EVT-CLA-0638,0.8365,0.7775,0.2157,0.4152,0.8353,0.7781,0.8997,44,0.6815,0.8618,0.8104,1.25,1.25,1.25,true
CHR-CLA-0639,Syndic Sherman of Ptolemaic Kingdom,classical_antiquity,Achaemenid Empire,Persia / Near East,99,116,Economic,disruptor,EVT-CLA-0639,0.611,0.554,0.3619,0.3315,0.9247,0.8386,0.7209,33,0.7536,0.655,0.7057,1.221,1.25,1.25,false
CHR-CLA-0640,Customs Director Belisarius of Ptolemaic Kingdom,classical_antiquity,Gupta Empire,South Asia,-622,-604,Economic,architect,EVT-CLA-0640,0.8043,0.6607,0.8677,0.9092,0.6496,0.282,0.6719,91,0.1864,0.7514,0.5585,0.8344,0.8649,0.7733,false
CHR-CLA-0641,Syndic Rajaraja of Gupta Empire,classical_antiquity,Achaemenid Empire,Persia / Near East,-762,-725,Economic,stabilizer,EVT-CLA-0641,0.6611,0.6507,0.7974,0.7872,0.4522,0.1714,0.5071,233,0.1921,0.5995,0.4634,0.811,0.8407,0.7517,false
CHR-CLA-0642,Cardinal Telepinu of Ptolemaic Kingdom,classical_antiquity,Kingdom of Aksum,Horn of Africa,401,432,Religious,disruptor,EVT-CLA-0642,0.8872,0.6459,0.3383,0.5806,0.8091,0.7666,0.8,33,0.593,0.8523,0.7622,1.2405,1.25,1.25,true
CHR-CLA-0643,Governor Friedrich of Roman Empire (Principate/Dominate),classical_antiquity,Parthian Empire,Persia,-71,-50,Political,architect,EVT-CLA-0643,0.8244,0.6862,0.7913,0.7581,0.7228,0.4041,0.793,48,0.323,0.8118,0.63,0.852,0.8831,0.7896,false
CHR-CLA-0644,Polymath Kheti of Maurya Empire,classical_antiquity,Kingdom of Aksum,Horn of Africa,-16,12,Scientific,catalyst,EVT-CLA-0644,0.6647,0.7937,0.6834,0.5813,0.7754,0.5563,0.8323,12,0.4875,0.7317,0.6624,1.1012,1.206,1.1536,false
CHR-CLA-0645,Governor Samsi-Adad of Maurya Empire,classical_antiquity,Parthian Empire,Persia,-131,-114,Political,catalyst,EVT-CLA-0645,0.7241,0.6543,0.4682,0.5539,0.8157,0.5988,0.8056,19,0.5225,0.7567,0.6877,1.1091,1.2147,1.1619,false
CHR-CLA-0646,Customs Director Solon of Qin & Han Dynasties,classical_antiquity,Roman Republic,Mediterranean,-351,-307,Economic,stabilizer,EVT-CLA-0646,0.6678,0.6043,0.8487,0.7817,0.642,0.2886,0.4606,123,0.2535,0.5849,0.4923,0.8181,0.848,0.7582,false
CHR-CLA-0647,Astronomer Ibn-Sina of Gupta Empire,classical_antiquity,Roman Republic,Mediterranean,-92,-64,Scientific,catalyst,EVT-CLA-0647,0.7152,0.7011,0.694,0.6737,0.9168,0.7129,0.9017,24,0.5196,0.7898,0.7106,1.1163,1.2227,1.1695,false
CHR-CLA-0648,Viceroy Ashoka of Gupta Empire,classical_antiquity,Classical Greece (Polis),Mediterranean,219,245,Political,catalyst,EVT-CLA-0648,0.66,0.8233,0.5255,0.6374,0.8734,0.4679,0.7944,19,0.4152,0.7137,0.6744,1.1049,1.2102,1.1576,false
CHR-CLA-0649,Prefect Qian of Kingdom of Aksum,classical_antiquity,Seleucid Empire,Near East / Central Asia,194,202,Political,catalyst,EVT-CLA-0649,0.6122,0.6515,0.5289,0.7247,0.9333,0.5604,0.914,22,0.4179,0.7329,0.6728,1.1044,1.2096,1.157,false
CHR-CLA-0650,Astronomer Solon of Ptolemaic Kingdom,classical_antiquity,Maurya Empire,South Asia,-761,-719,Scientific,wildcard,EVT-CLA-0650,0.8331,0.596,0.6774,0.5858,0.4697,0.4294,0.4495,61,0.4218,0.6797,0.5529,1.0159,1.0667,1.1175,false
CHR-CLA-0651,Polymath Ramesses of Ptolemaic Kingdom,classical_antiquity,Ptolemaic Kingdom,Egypt / Levant,171,203,Scientific,architect,EVT-CLA-0651,0.677,0.6444,0.8148,0.8662,0.5762,0.2859,0.6412,43,0.2098,0.6627,0.5166,0.8241,0.8542,0.7638,false
CHR-CLA-0652,Prefect Samsi-Adad of Sasanian Empire,classical_antiquity,Achaemenid Empire,Persia / Near East,-20,10,Political,catalyst,EVT-CLA-0652,0.7652,0.9116,0.5315,0.5832,0.793,0.6891,0.7729,38,0.5529,0.7683,0.734,1.1237,1.2307,1.1772,false
CHR-CLA-0653,Guild Master Li of Kingdom of Aksum,classical_antiquity,Gupta Empire,South Asia,-133,-125,Economic,disruptor,EVT-CLA-0653,0.9028,0.7999,0.446,0.5641,0.7898,0.6561,0.9302,26,0.546,0.9138,0.7793,1.2464,1.25,1.25,true
CHR-CLA-0654,Vizier Zhao of Kushan Empire,classical_antiquity,Seleucid Empire,Near East / Central Asia,-132,-125,Political,architect,EVT-CLA-0654,0.7501,0.8209,0.886,0.9021,0.6422,0.3353,0.8013,138,0.2166,0.7706,0.5938,0.8431,0.8739,0.7814,false
CHR-CLA-0655,Arch-Engineer Gao of Ptolemaic Kingdom,classical_antiquity,Gupta Empire,South Asia,-108,-68,Scientific,wildcard,EVT-CLA-0655,0.484,0.7629,0.3536,0.2401,0.5164,0.1533,0.4776,14,0.4566,0.4815,0.5102,1.003,1.0532,1.1034,false
CHR-CLA-0656,Polymath Talleyrand of Achaemenid Empire,classical_antiquity,Carthaginian Republic,Western Mediterranean,-517,-489,Scientific,wildcard,EVT-CLA-0656,0.4267,0.4427,0.2008,0.2846,0.8158,0.5092,0.8285,17,0.6123,0.5874,0.6118,1.0335,1.0852,1.1369,false
CHR-CLA-0657,Vizier Telepinu of Kingdom of Aksum,classical_antiquity,Classical Greece (Polis),Mediterranean,151,179,Political,wildcard,EVT-CLA-0657,0.4544,0.5028,0.5322,0.3392,0.7068,0.791,0.7897,35,0.7259,0.5885,0.612,1.0336,1.0853,1.1369,false
CHR-CLA-0658,Scribe Wilhelm of Achaemenid Empire,classical_antiquity,Carthaginian Republic,Western Mediterranean,-13,3,Cultural,architect,EVT-CLA-0658,0.6542,0.8537,0.8185,0.7279,0.6193,0.369,0.7963,55,0.3206,0.711,0.591,0.8424,0.8732,0.7808,false
CHR-CLA-0659,Metallurgist Gao of Seleucid Empire,classical_antiquity,Gupta Empire,South Asia,-151,-124,Scientific,architect,EVT-CLA-0659,0.7487,0.6145,0.829,0.8916,0.5538,0.2041,0.6323,27,0.1563,0.7022,0.5104,0.8226,0.8527,0.7624,false
CHR-CLA-0660,Metallurgist Narmer of Gupta Empire,classical_antiquity,Parthian Empire,Persia,-732,-715,Scientific,wildcard,EVT-CLA-0660,0.8875,0.4574,0.2629,0.3991,0.5649,0.2233,0.8394,26,0.4121,0.8683,0.6384,1.0415,1.0936,1.1457,false
CHR-CLA-0661,Syndic Friedrich of Ptolemaic Kingdom,classical_antiquity,Ptolemaic Kingdom,Egypt / Levant,58,66,Economic,disruptor,EVT-CLA-0661,0.6684,0.6178,0.2569,0.5709,0.8265,0.8382,0.7777,46,0.6337,0.7121,0.7219,1.2266,1.25,1.25,false
CHR-CLA-0662,Merchant Prince Enheduanna of Kingdom of Aksum,classical_antiquity,Carthaginian Republic,Western Mediterranean,-348,-319,Economic,stabilizer,EVT-CLA-0662,0.6414,0.7728,0.7377,0.7578,0.6499,0.2262,0.5381,160,0.2342,0.6001,0.5267,0.8266,0.8568,0.7661,false
CHR-CLA-0663,High Priest Seneb of Ptolemaic Kingdom,classical_antiquity,Achaemenid Empire,Persia / Near East,-141,-123,Religious,disruptor,EVT-CLA-0663,0.7513,0.8314,0.3795,0.5897,0.7827,0.7692,0.7319,33,0.5897,0.7435,0.7377,1.232,1.25,1.25,false
CHR-CLA-0664,Abbess Chen of Seleucid Empire,classical_antiquity,Ptolemaic Kingdom,Egypt / Levant,194,200,Religious,stabilizer,EVT-CLA-0664,0.7544,0.6075,0.7924,0.8844,0.5537,0.1824,0.5244,121,0.149,0.6624,0.4953,0.8189,0.8488,0.7589,false
CHR-CLA-0665,High Priest Samudra of Sasanian Empire,classical_antiquity,Roman Empire (Principate/Dominate),Mediterranean / Europe,206,225,Religious,disruptor,EVT-CLA-0665,0.7712,0.565,0.5043,0.3528,0.7263,0.6595,0.7553,47,0.6533,0.7648,0.6806,1.2123,1.25,1.25,false
CHR-CLA-0666,Rhetorician Thutmose of Kushan Empire,classical_antiquity,Seleucid Empire,Near East / Central Asia,-759,-740,Cultural,wildcard,EVT-CLA-0666,0.7413,0.371,0.5464,0.7617,0.5306,0.7093,0.5871,42,0.4738,0.6796,0.5723,1.0217,1.0728,1.1239,false
CHR-CLA-0667,Polymath Qian of Carthaginian Republic,classical_antiquity,Seleucid Empire,Near East / Central Asia,59,68,Scientific,stabilizer,EVT-CLA-0667,0.6764,0.7678,0.7586,0.8571,0.4738,0.3337,0.6525,71,0.2383,0.6669,0.5346,0.8285,0.8588,0.7679,false
CHR-CLA-0668,Master Sculptor Kheti of Kingdom of Aksum,classical_antiquity,Kingdom of Aksum,Horn of Africa,-415,-402,Cultural,architect,EVT-CLA-0668,0.7492,0.783,0.791,0.7867,0.5033,0.2006,0.7872,53,0.207,0.7644,0.56,0.8348,0.8653,0.7737,false
CHR-CLA-0669,Philosopher Narmer of Kingdom of Aksum,classical_antiquity,Maurya Empire,South Asia,249,270,Cultural,stabilizer,EVT-CLA-0669,0.7433,0.6345,0.8883,0.7402,0.5488,0.1785,0.5781,210,0.2191,0.6772,0.501,0.8202,0.8502,0.7602,false
CHR-CLA-0670,Commander Hamilton of Qin & Han Dynasties,classical_antiquity,Classical Greece (Polis),Mediterranean,-546,-537,Military,catalyst,EVT-CLA-0670,0.5987,0.8947,0.7479,0.6562,0.877,0.7651,0.8213,55,0.5545,0.6877,0.6958,1.1117,1.2175,1.1646,false
CHR-CLA-0671,Astronomer Tariq of Kushan Empire,classical_antiquity,Ptolemaic Kingdom,Egypt / Levant,-380,-335,Scientific,wildcard,EVT-CLA-0671,0.5896,0.5676,0.7228,0.7905,0.8028,0.8056,0.7124,6,0.5075,0.6387,0.6189,1.0357,1.0874,1.1392,false
CHR-CLA-0672,Treasurer Dara of Gupta Empire,classical_antiquity,Qin & Han Dynasties,East Asia,231,256,Economic,architect,EVT-CLA-0672,0.8367,0.6443,0.8915,0.7966,0.5302,0.405,0.7542,120,0.3042,0.8037,0.5803,0.8397,0.8705,0.7783,false
CHR-CLA-0673,Arch-Engineer Solon of Ptolemaic Kingdom,classical_antiquity,Kingdom of Aksum,Horn of Africa,165,190,Scientific,architect,EVT-CLA-0673,0.7596,0.748,0.8298,0.8226,0.624,0.3613,0.5759,41,0.2693,0.6861,0.5622,0.8353,0.8659,0.7742,false
CHR-CLA-0674,Imam Adams of Gupta Empire,classical_antiquity,Classical Greece (Polis),Mediterranean,25,58,Religious,architect,EVT-CLA-0674,0.726,0.679,0.8887,0.8687,0.6965,0.2351,0.5734,136,0.1832,0.6649,0.5268,0.8266,0.8568,0.7661,false
CHR-CLA-0675,General Mazarin of Kingdom of Aksum,classical_antiquity,Carthaginian Republic,Western Mediterranean,-678,-657,Military,stabilizer,EVT-CLA-0675,0.8468,0.6748,0.8484,0.8458,0.58,0.3316,0.4647,218,0.2429,0.6939,0.5422,0.8304,0.8608,0.7696,false
CHR-CLA-0676,Warlord Rimush of Ptolemaic Kingdom,classical_antiquity,Roman Empire (Principate/Dominate),Mediterranean / Europe,98,139,Military,catalyst,EVT-CLA-0676,0.6344,0.8301,0.5091,0.556,0.8828,0.487,0.9169,57,0.4655,0.7474,0.6974,1.1122,1.2181,1.1651,false
CHR-CLA-0677,Scribe Hattusili of Roman Empire (Principate/Dominate),classical_antiquity,Kingdom of Aksum,Horn of Africa,251,260,Cultural,catalyst,EVT-CLA-0677,0.5023,0.8507,0.4521,0.6593,0.8501,0.7681,0.7394,38,0.5544,0.5971,0.6786,1.1063,1.2116,1.159,false
CHR-CLA-0678,Patriarch Baldwin of Ptolemaic Kingdom,classical_antiquity,Carthaginian Republic,Western Mediterranean,-275,-263,Religious,stabilizer,EVT-CLA-0678,0.5876,0.6043,0.8632,0.8865,0.499,0.2117,0.5592,115,0.1626,0.5762,0.4474,0.8071,0.8366,0.75,false
CHR-CLA-0679,Syndic Kautilya of Achaemenid Empire,classical_antiquity,Kingdom of Aksum,Horn of Africa,268,311,Economic,wildcard,EVT-CLA-0679,0.8614,0.4367,0.7482,0.6579,0.7298,0.5912,0.8915,49,0.4667,0.8734,0.655,1.0465,1.0988,1.1512,false
CHR-CLA-0680,Treasurer Adams of Maurya Empire,classical_antiquity,Qin & Han Dynasties,East Asia,47,74,Economic,architect,EVT-CLA-0680,0.8132,0.6989,0.8908,0.7807,0.5185,0.3709,0.6567,120,0.2951,0.7506,0.5619,0.8352,0.8658,0.7741,false
CHR-CLA-0681,Cardinal Hammurabi of Classical Greece (Polis),classical_antiquity,Classical Greece (Polis),Mediterranean,-160,-154,Religious,architect,EVT-CLA-0681,0.8587,0.6609,0.7468,0.8762,0.5928,0.4075,0.7466,53,0.2656,0.8138,0.6074,0.8464,0.8774,0.7845,false
CHR-CLA-0682,Poet Laureate Lafayette of Gupta Empire,classical_antiquity,Classical Greece (Polis),Mediterranean,218,259,Cultural,catalyst,EVT-CLA-0682,0.5723,0.6526,0.5912,0.6222,0.7303,0.5979,0.8563,36,0.4879,0.6859,0.6284,1.0904,1.1943,1.1424,false
CHR-CLA-0683,Hierophant Constantine of Roman Republic,classical_antiquity,Achaemenid Empire,Persia / Near East,21,46,Religious,stabilizer,EVT-CLA-0683,0.6267,0.7546,0.8034,0.8806,0.4514,0.1358,0.5102,137,0.1276,0.5801,0.4601,0.8102,0.8398,0.7509,false
CHR-CLA-0684,Prefect Hathor of Kingdom of Aksum,classical_antiquity,Kushan Empire,Central & South Asia,-26,17,Political,disruptor,EVT-CLA-0684,0.7914,0.7236,0.2775,0.6247,0.872,0.8603,0.8535,22,0.6178,0.8163,0.7853,1.2484,1.25,1.25,true
CHR-CLA-0685,High Priest Chen of Roman Republic,classical_antiquity,Maurya Empire,South Asia,-127,-111,Religious,disruptor,EVT-CLA-0685,0.711,0.6526,0.3215,0.5048,0.8392,0.8296,0.9422,20,0.6624,0.8035,0.7599,1.2397,1.25,1.25,true
CHR-CLA-0686,Synod Envoy Sherman of Sasanian Empire,classical_antiquity,Classical Greece (Polis),Mediterranean,-368,-348,Religious,disruptor,EVT-CLA-0686,0.8803,0.5725,0.2097,0.4783,0.7946,0.7893,0.7883,46,0.6555,0.8435,0.7669,1.2421,1.25,1.25,true
CHR-CLA-0687,Mint Overseer Vikram of Ptolemaic Kingdom,classical_antiquity,Achaemenid Empire,Persia / Near East,327,341,Economic,architect,EVT-CLA-0687,0.9139,0.6125,0.7162,0.7769,0.6493,0.3114,0.6108,153,0.2672,0.7927,0.5956,0.8435,0.8744,0.7818,false
CHR-CLA-0688,Syndic Sargon of Qin & Han Dynasties,classical_antiquity,Parthian Empire,Persia,95,130,Economic,stabilizer,EVT-CLA-0688,0.7957,0.5993,0.7851,0.7697,0.5321,0.2122,0.6694,83,0.2212,0.7452,0.5339,0.8283,0.8586,0.7677,false
CHR-CLA-0689,Geometer Mursili of Roman Empire (Principate/Dominate),classical_antiquity,Achaemenid Empire,Persia / Near East,325,333,Scientific,architect,EVT-CLA-0689,0.7861,0.6377,0.745,0.7057,0.5868,0.3293,0.5891,104,0.3118,0.7073,0.5582,0.8343,0.8648,0.7733,false
CHR-CLA-0690,Cardinal Alexander of Maurya Empire,classical_antiquity,Sasanian Empire,Persia,273,297,Religious,disruptor,EVT-CLA-0690,0.9256,0.7126,0.2648,0.41,0.8442,0.9388,0.8806,38,0.7644,0.9076,0.8408,1.25,1.25,1.25,true
CHR-CLA-0691,Syndic Wu of Gupta Empire,classical_antiquity,Qin & Han Dynasties,East Asia,-608,-583,Economic,disruptor,EVT-CLA-0691,0.8889,0.7492,0.2121,0.4768,0.7227,0.7653,0.8378,19,0.6442,0.8685,0.7884,1.2495,1.25,1.25,true
CHR-CLA-0692,Senator Lafayette of Sasanian Empire,classical_antiquity,Kushan Empire,Central & South Asia,-337,-296,Political,disruptor,EVT-CLA-0692,0.6568,0.833,0.3973,0.5778,0.948,0.7609,0.8251,21,0.5915,0.7241,0.7506,1.2365,1.25,1.25,true
CHR-CLA-0693,Rhetorician Franklin of Gupta Empire,classical_antiquity,Achaemenid Empire,Persia / Near East,209,254,Cultural,stabilizer,EVT-CLA-0693,0.701,0.6246,0.7992,0.8392,0.677,0.1963,0.4064,144,0.1786,0.5832,0.489,0.8173,0.8472,0.7575,false
CHR-CLA-0694,Astronomer Wu of Kushan Empire,classical_antiquity,Classical Greece (Polis),Mediterranean,-373,-358,Scientific,wildcard,EVT-CLA-0694,0.4202,0.4793,0.2152,0.6681,0.3751,0.5741,0.5275,27,0.453,0.4631,0.4935,0.9981,1.048,1.0979,false
CHR-CLA-0695,Legate Ramesses of Achaemenid Empire,classical_antiquity,Parthian Empire,Persia,-394,-351,Military,disruptor,EVT-CLA-0695,0.7599,0.826,0.4988,0.6296,0.8552,0.8039,0.8288,43,0.5871,0.7874,0.7557,1.2382,1.25,1.25,true
CHR-CLA-0696,Treasurer Tariq of Seleucid Empire,classical_antiquity,Parthian Empire,Persia,-461,-431,Economic,catalyst,EVT-CLA-0696,0.7204,0.67,0.7354,0.609,0.9347,0.5975,0.7142,26,0.4943,0.7179,0.6636,1.1015,1.2064,1.154,false
CHR-CLA-0697,Syndic Sherman of Roman Republic,classical_antiquity,Classical Greece (Polis),Mediterranean,143,177,Economic,stabilizer,EVT-CLA-0697,0.7187,0.5908,0.7494,0.774,0.6795,0.3065,0.5254,121,0.2662,0.6414,0.5314,0.8277,0.858,0.7672,false
CHR-CLA-0698,Chancellor Theodosius of Seleucid Empire,classical_antiquity,Parthian Empire,Persia,-644,-638,Political,disruptor,EVT-CLA-0698,0.883,0.6604,0.2387,0.4318,0.7841,0.7497,0.8982,17,0.659,0.889,0.7892,1.2498,1.25,1.25,true
CHR-CLA-0699,Syndic Hattusili of Roman Empire (Principate/Dominate),classical_antiquity,Classical Greece (Polis),Mediterranean,-183,-160,Economic,catalyst,EVT-CLA-0699,0.7752,0.6669,0.461,0.6968,0.7926,0.7558,0.85,44,0.5295,0.8051,0.7227,1.1201,1.2268,1.1735,false
CHR-CLA-0700,Poet Laureate Thutmose of Carthaginian Republic,classical_antiquity,Carthaginian Republic,Western Mediterranean,-382,-363,Cultural,stabilizer,EVT-CLA-0700,0.7636,0.7969,0.7854,0.7449,0.6146,0.2625,0.4421,181,0.2588,0.635,0.5425,0.8305,0.8608,0.7697,false
CHR-CLA-0701,Legate Rimush of Roman Empire (Principate/Dominate),classical_antiquity,Classical Greece (Polis),Mediterranean,-218,-202,Military,stabilizer,EVT-CLA-0701,0.665,0.6035,0.8135,0.7155,0.4894,0.1467,0.556,131,0.2156,0.6214,0.4685,0.8122,0.842,0.7528,false
CHR-CLA-0702,Viceroy Li of Parthian Empire,classical_antiquity,Kushan Empire,Central & South Asia,162,183,Political,stabilizer,EVT-CLA-0702,0.6234,0.7386,0.9096,0.7978,0.6769,0.196,0.4228,121,0.1991,0.5432,0.4801,0.8151,0.8449,0.7555,false
CHR-CLA-0703,Syndic Necker of Parthian Empire,classical_antiquity,Seleucid Empire,Near East / Central Asia,-800,-789,Economic,wildcard,EVT-CLA-0703,0.5375,0.7082,0.6188,0.635,0.6011,0.6521,0.7844,10,0.5086,0.6363,0.6026,1.0308,1.0823,1.1339,false
CHR-CLA-0704,Customs Director Song of Maurya Empire,classical_antiquity,Carthaginian Republic,Western Mediterranean,119,156,Economic,wildcard,EVT-CLA-0704,0.7439,0.5327,0.6905,0.5654,0.7987,0.3443,0.5435,46,0.3895,0.6637,0.5715,1.0215,1.0725,1.1236,false
CHR-CLA-0705,Hierophant Constantine of Parthian Empire,classical_antiquity,Carthaginian Republic,Western Mediterranean,389,433,Religious,stabilizer,EVT-CLA-0705,0.7733,0.5965,0.7846,0.724,0.6236,0.2634,0.6067,79,0.2697,0.7067,0.5422,0.8304,0.8608,0.7696,false
CHR-CLA-0706,Governor Heinrich of Achaemenid Empire,classical_antiquity,Sasanian Empire,Persia,-795,-784,Political,stabilizer,EVT-CLA-0706,0.6542,0.7861,0.7646,0.7255,0.5408,0.129,0.5322,216,0.2017,0.6054,0.499,0.8198,0.8498,0.7598,false
CHR-CLA-0707,Viceroy Song of Classical Greece (Polis),classical_antiquity,Sasanian Empire,Persia,-181,-159,Political,wildcard,EVT-CLA-0707,0.4953,0.7266,0.6614,0.5584,0.3417,0.5315,0.8486,62,0.4865,0.6366,0.547,1.0141,1.0648,1.1155,false
CHR-CLA-0708,Patriarch Aurelius of Maurya Empire,classical_antiquity,Roman Republic,Mediterranean,292,333,Religious,stabilizer,EVT-CLA-0708,0.7188,0.5826,0.7772,0.7152,0.6316,0.3405,0.4825,80,0.3126,0.6243,0.5218,0.8254,0.8556,0.765,false
CHR-CLA-0709,Scribe Enheduanna of Roman Republic,classical_antiquity,Kingdom of Aksum,Horn of Africa,-312,-298,Cultural,disruptor,EVT-CLA-0709,0.8908,0.5226,0.216,0.3425,0.9113,0.9377,0.8711,25,0.7976,0.8829,0.8204,1.25,1.25,1.25,true
CHR-CLA-0710,Vizier Wilhelm of Achaemenid Empire,classical_antiquity,Qin & Han Dynasties,East Asia,402,422,Political,disruptor,EVT-CLA-0710,0.8017,0.527,0.2853,0.4654,0.7831,0.6939,0.8076,6,0.6143,0.8041,0.7204,1.226,1.25,1.25,false
CHR-CLA-0711,Scribe Heinrich of Roman Republic,classical_antiquity,Carthaginian Republic,Western Mediterranean,204,246,Cultural,architect,EVT-CLA-0711,0.7435,0.6792,0.7205,0.8991,0.517,0.209,0.6237,155,0.155,0.6956,0.5232,0.8257,0.8559,0.7653,false
CHR-CLA-0712,Admiral Hammurabi of Classical Greece (Polis),classical_antiquity,Qin & Han Dynasties,East Asia,-286,-248,Military,catalyst,EVT-CLA-0712,0.5673,0.7728,0.4863,0.5869,0.7958,0.6169,0.7595,12,0.515,0.6442,0.6556,1.099,1.2037,1.1513,false
CHR-CLA-0713,Pontiff Belisarius of Kushan Empire,classical_antiquity,Roman Empire (Principate/Dominate),Mediterranean / Europe,-414,-373,Religious,catalyst,EVT-CLA-0713,0.5078,0.6731,0.526,0.6742,0.7609,0.7995,0.7284,23,0.5627,0.5961,0.6349,1.0925,1.1965,1.1445,false
CHR-CLA-0714,Guild Master Godfrey of Maurya Empire,classical_antiquity,Ptolemaic Kingdom,Egypt / Levant,273,293,Economic,stabilizer,EVT-CLA-0714,0.7806,0.6624,0.8134,0.806,0.6239,0.2559,0.5289,117,0.2249,0.6799,0.5342,0.8284,0.8587,0.7678,false
CHR-CLA-0715,Polymath Mursili of Roman Empire (Principate/Dominate),classical_antiquity,Carthaginian Republic,Western Mediterranean,-793,-768,Scientific,stabilizer,EVT-CLA-0715,0.7774,0.7166,0.9314,0.8004,0.5344,0.2134,0.5146,81,0.2065,0.6723,0.508,0.822,0.8521,0.7618,false
CHR-CLA-0716,Poet Laureate Song of Kingdom of Aksum,classical_antiquity,Roman Republic,Mediterranean,-436,-429,Cultural,disruptor,EVT-CLA-0716,0.6276,0.7668,0.3541,0.3437,0.7589,0.9185,0.8334,36,0.7874,0.7099,0.7459,1.2349,1.25,1.25,false
CHR-CLA-0717,Scribe Zhang of Seleucid Empire,classical_antiquity,Ptolemaic Kingdom,Egypt / Levant,-264,-221,Cultural,catalyst,EVT-CLA-0717,0.7914,0.8482,0.6638,0.6972,0.8372,0.754,0.7822,52,0.5284,0.7877,0.7298,1.1224,1.2293,1.1759,false
CHR-CLA-0718,Arch-Engineer Hathor of Carthaginian Republic,classical_antiquity,Roman Empire (Principate/Dominate),Mediterranean / Europe,-485,-450,Scientific,catalyst,EVT-CLA-0718,0.7243,0.8147,0.5398,0.594,0.854,0.6463,0.8699,56,0.5262,0.7825,0.7251,1.1209,1.2277,1.1743,false
CHR-CLA-0719,Imam Cao of Ptolemaic Kingdom,classical_antiquity,Achaemenid Empire,Persia / Near East,-144,-127,Religious,stabilizer,EVT-CLA-0719,0.7379,0.6784,0.8559,0.8281,0.5728,0.279,0.419,120,0.2254,0.6103,0.4999,0.82,0.85,0.76,false
CHR-CLA-0720,Marshal Al-Mansur of Achaemenid Empire,classical_antiquity,Kushan Empire,Central & South Asia,62,78,Military,catalyst,EVT-CLA-0720,0.7146,0.8458,0.6266,0.6894,0.7657,0.6343,0.8304,27,0.4725,0.7609,0.693,1.1108,1.2166,1.1637,false
CHR-CLA-0721,High Priest Gao of Maurya Empire,classical_antiquity,Achaemenid Empire,Persia / Near East,116,146,Religious,stabilizer,EVT-CLA-0721,0.6755,0.7363,0.8274,0.8213,0.677,0.3373,0.593,195,0.258,0.6425,0.5466,0.8315,0.8619,0.7706,false
CHR-CLA-0722,Scribe Franklin of Parthian Empire,classical_antiquity,Classical Greece (Polis),Mediterranean,438,455,Cultural,stabilizer,EVT-CLA-0722,0.7494,0.639,0.8878,0.709,0.5433,0.2339,0.4863,169,0.2624,0.6441,0.4985,0.8196,0.8496,0.7597,false
CHR-CLA-0723,Customs Director Wilhelm of Sasanian Empire,classical_antiquity,Kushan Empire,Central & South Asia,361,396,Economic,stabilizer,EVT-CLA-0723,0.6869,0.7212,0.9046,0.8303,0.5034,0.2268,0.4734,52,0.1983,0.6015,0.4785,0.8147,0.8445,0.7551,false
CHR-CLA-0724,High Priest Mirabeau of Parthian Empire,classical_antiquity,Parthian Empire,Persia,459,481,Religious,wildcard,EVT-CLA-0724,0.794,0.4832,0.7134,0.6351,0.3458,0.805,0.5428,6,0.585,0.6935,0.5719,1.0216,1.0727,1.1237,false
CHR-CLA-0725,Alchemist Labarna of Ptolemaic Kingdom,classical_antiquity,Seleucid Empire,Near East / Central Asia,-265,-242,Scientific,wildcard,EVT-CLA-0725,0.634,0.4022,0.6836,0.243,0.6485,0.7469,0.7983,64,0.7519,0.6997,0.6174,1.0352,1.087,1.1387,false
CHR-CLA-0726,Mint Overseer Wu of Roman Empire (Principate/Dominate),classical_antiquity,Ptolemaic Kingdom,Egypt / Levant,-761,-752,Economic,disruptor,EVT-CLA-0726,0.932,0.7574,0.4998,0.4792,0.8744,0.6747,0.8907,47,0.5978,0.9155,0.7886,1.2496,1.25,1.25,true
CHR-CLA-0727,Minister Mirabeau of Sasanian Empire,classical_antiquity,Roman Empire (Principate/Dominate),Mediterranean / Europe,-749,-727,Political,stabilizer,EVT-CLA-0727,0.8241,0.6227,0.8432,0.7296,0.5618,0.2296,0.4714,64,0.25,0.683,0.5181,0.8244,0.8546,0.7641,false
CHR-CLA-0728,Dramatist Chandra of Achaemenid Empire,classical_antiquity,Kushan Empire,Central & South Asia,330,364,Cultural,disruptor,EVT-CLA-0728,0.7689,0.6956,0.2896,0.5315,0.8418,0.9306,0.9059,20,0.6995,0.8237,0.7928,1.25,1.25,1.25,true
CHR-CLA-0729,Philosopher Talleyrand of Maurya Empire,classical_antiquity,Sasanian Empire,Persia,-785,-773,Cultural,wildcard,EVT-CLA-0729,0.7088,0.3736,0.4353,0.6214,0.4752,0.4782,0.6762,16,0.4284,0.6958,0.5531,1.0159,1.0667,1.1175,false
CHR-CLA-0730,Consul Mirabeau of Parthian Empire,classical_antiquity,Parthian Empire,Persia,154,178,Political,stabilizer,EVT-CLA-0730,0.6723,0.5616,0.7627,0.8074,0.5588,0.1799,0.5729,129,0.1862,0.6325,0.4824,0.8157,0.8455,0.756,false
CHR-CLA-0731,Warlord Sumner of Parthian Empire,classical_antiquity,Carthaginian Republic,Western Mediterranean,-766,-753,Military,catalyst,EVT-CLA-0731,0.5316,0.8368,0.7392,0.5961,0.8085,0.7049,0.834,48,0.5544,0.6526,0.6568,1.0994,1.2041,1.1517,false
CHR-CLA-0732,Marshal Sargon of Classical Greece (Polis),classical_antiquity,Kingdom of Aksum,Horn of Africa,-429,-401,Military,wildcard,EVT-CLA-0732,0.428,0.3626,0.515,0.6894,0.6757,0.5623,0.5677,71,0.4365,0.4839,0.4963,0.9989,1.0488,1.0988,false
CHR-CLA-0733,Geometer Madison of Gupta Empire,classical_antiquity,Sasanian Empire,Persia,-505,-466,Scientific,stabilizer,EVT-CLA-0733,0.6926,0.5647,0.7324,0.8029,0.6814,0.3314,0.4264,233,0.2642,0.5861,0.5103,0.8225,0.8526,0.7624,false
CHR-CLA-0734,Rhetorician Puduhepa of Sasanian Empire,classical_antiquity,Seleucid Empire,Near East / Central Asia,24,29,Cultural,architect,EVT-CLA-0734,0.848,0.8343,0.7143,0.7021,0.7005,0.2389,0.8138,177,0.2684,0.8343,0.6436,0.8553,0.8866,0.7927,false
CHR-CLA-0735,Astronomer Puduhepa of Sasanian Empire,classical_antiquity,Parthian Empire,Persia,-518,-502,Scientific,catalyst,EVT-CLA-0735,0.5701,0.7845,0.5959,0.7241,0.8277,0.6149,0.9245,28,0.4454,0.7118,0.6695,1.1034,1.2085,1.1559,false
CHR-CLA-0736,Imam Constantine of Qin & Han Dynasties,classical_antiquity,Parthian Empire,Persia,-316,-282,Religious,architect,EVT-CLA-0736,0.6662,0.6948,0.7177,0.9114,0.6326,0.2368,0.6967,167,0.1627,0.6784,0.5383,0.8294,0.8598,0.7687,false
CHR-CLA-0737,Syndic Aurelius of Kushan Empire,classical_antiquity,Achaemenid Empire,Persia / Near East,-735,-703,Economic,catalyst,EVT-CLA-0737,0.7336,0.8862,0.6574,0.7605,0.7806,0.6528,0.8943,49,0.4461,0.7979,0.7117,1.1167,1.223,1.1699,false
CHR-CLA-0738,Viceroy Harsha of Parthian Empire,classical_antiquity,Parthian Empire,Persia,-128,-103,Political,catalyst,EVT-CLA-0738,0.5962,0.8941,0.6584,0.6904,0.9316,0.5879,0.9375,43,0.4488,0.7327,0.7014,1.1134,1.2195,1.1664,false
CHR-CLA-0739,Master Sculptor Kheti of Sasanian Empire,classical_antiquity,Maurya Empire,South Asia,-509,-504,Cultural,wildcard,EVT-CLA-0739,0.7769,0.6349,0.6369,0.3768,0.4536,0.2938,0.5993,42,0.4585,0.7059,0.5589,1.0177,1.0686,1.1194,false
CHR-CLA-0740,Arch-Engineer Li of Qin & Han Dynasties,classical_antiquity,Maurya Empire,South Asia,-77,-70,Scientific,catalyst,EVT-CLA-0740,0.595,0.7639,0.59,0.5589,0.9034,0.577,0.7537,30,0.509,0.6585,0.6615,1.1009,1.2057,1.1533,false
CHR-CLA-0741,Guild Master Kheti of Parthian Empire,classical_antiquity,Achaemenid Empire,Persia / Near East,109,121,Economic,stabilizer,EVT-CLA-0741,0.7613,0.67,0.8719,0.7452,0.6387,0.1374,0.4942,113,0.1961,0.6545,0.5069,0.8217,0.8518,0.7616,false
CHR-CLA-0742,Centurion Rajaraja of Parthian Empire,classical_antiquity,Seleucid Empire,Near East / Central Asia,-247,-242,Military,wildcard,EVT-CLA-0742,0.6348,0.4982,0.7094,0.4809,0.6401,0.4835,0.4531,57,0.5013,0.5621,0.5249,1.0075,1.0579,1.1082,false
CHR-CLA-0743,Abbess Friedrich of Seleucid Empire,classical_antiquity,Roman Republic,Mediterranean,361,406,Religious,architect,EVT-CLA-0743,0.7696,0.6049,0.8723,0.8018,0.526,0.3643,0.607,74,0.2812,0.7045,0.5304,0.8275,0.8578,0.7669,false
CHR-CLA-0744,Dramatist Sumner of Qin & Han Dynasties,classical_antiquity,Kushan Empire,Central & South Asia,-139,-100,Cultural,stabilizer,EVT-CLA-0744,0.8007,0.6619,0.7729,0.7374,0.6895,0.3178,0.5264,210,0.2902,0.691,0.5654,0.8361,0.8667,0.7749,false
CHR-CLA-0745,Hierophant Constantine of Ptolemaic Kingdom,classical_antiquity,Kushan Empire,Central & South Asia,74,84,Religious,disruptor,EVT-CLA-0745,0.8119,0.5386,0.396,0.4773,0.9418,0.7352,0.855,42,0.629,0.8292,0.7501,1.2363,1.25,1.25,true
CHR-CLA-0746,Patriarch Saladin of Roman Empire (Principate/Dominate),classical_antiquity,Roman Empire (Principate/Dominate),Mediterranean / Europe,45,87,Religious,stabilizer,EVT-CLA-0746,0.8277,0.6279,0.7731,0.8824,0.6668,0.2129,0.4074,37,0.1652,0.6596,0.5227,0.8256,0.8558,0.7652,false
CHR-CLA-0747,Marshal Telepinu of Roman Republic,classical_antiquity,Achaemenid Empire,Persia / Near East,-343,-332,Military,disruptor,EVT-CLA-0747,0.6963,0.5706,0.4747,0.3731,0.8922,0.921,0.9324,40,0.774,0.7908,0.7554,1.2381,1.25,1.25,true
CHR-CLA-0748,Synod Envoy Rajaraja of Roman Republic,classical_antiquity,Kingdom of Aksum,Horn of Africa,-604,-580,Religious,architect,EVT-CLA-0748,0.8996,0.8349,0.7878,0.7197,0.6288,0.3865,0.699,32,0.3334,0.8193,0.6425,0.8551,0.8863,0.7925,false
CHR-CLA-0749,Merchant Prince Suppiluliuma of Parthian Empire,classical_antiquity,Classical Greece (Polis),Mediterranean,101,128,Economic,catalyst,EVT-CLA-0749,0.5468,0.7178,0.5303,0.6604,0.885,0.5656,0.8501,34,0.4526,0.6681,0.6534,1.0983,1.2029,1.1506,false
CHR-CLA-0750,Syndic Ashoka of Roman Republic,classical_antiquity,Sasanian Empire,Persia,161,195,Economic,catalyst,EVT-CLA-0750,0.6827,0.7843,0.523,0.6772,0.8626,0.5777,0.8682,20,0.4502,0.7569,0.6984,1.1125,1.2185,1.1655,false
CHR-CLA-0751,Centurion Kheti of Classical Greece (Polis),classical_antiquity,Carthaginian Republic,Western Mediterranean,410,440,Military,catalyst,EVT-CLA-0751,0.6569,0.8478,0.5098,0.6738,0.9179,0.4916,0.744,32,0.4089,0.6917,0.6798,1.1066,1.212,1.1593,false
CHR-CLA-0752,Alchemist Talleyrand of Parthian Empire,classical_antiquity,Roman Republic,Mediterranean,29,61,Scientific,stabilizer,EVT-CLA-0752,0.6256,0.6172,0.8217,0.732,0.4647,0.21,0.428,233,0.239,0.5465,0.4456,0.8066,0.8361,0.75,false
CHR-CLA-0753,Mint Overseer Tariq of Seleucid Empire,classical_antiquity,Carthaginian Republic,Western Mediterranean,167,198,Economic,catalyst,EVT-CLA-0753,0.5505,0.822,0.6647,0.6837,0.7369,0.6566,0.919,48,0.4864,0.6979,0.6571,1.0995,1.2042,1.1519,false
CHR-CLA-0754,Poet Laureate Adams of Parthian Empire,classical_antiquity,Parthian Empire,Persia,-162,-146,Cultural,architect,EVT-CLA-0754,0.8138,0.7824,0.8584,0.7449,0.5884,0.3954,0.6389,85,0.3252,0.7439,0.5911,0.8424,0.8732,0.7808,false
CHR-CLA-0755,Dramatist Kautilya of Parthian Empire,classical_antiquity,Seleucid Empire,Near East / Central Asia,-460,-424,Cultural,catalyst,EVT-CLA-0755,0.6846,0.777,0.6244,0.7788,0.7338,0.7406,0.7285,52,0.4809,0.7022,0.6668,1.1025,1.2075,1.155,false
CHR-CLA-0756,Philosopher Bradford of Kingdom of Aksum,classical_antiquity,Achaemenid Empire,Persia / Near East,-273,-253,Cultural,wildcard,EVT-CLA-0756,0.5763,0.6798,0.543,0.598,0.6931,0.3619,0.8607,60,0.3819,0.6901,0.5992,1.0298,1.0812,1.1327,false
CHR-CLA-0757,Minister Zhao of Classical Greece (Polis),classical_antiquity,Ptolemaic Kingdom,Egypt / Levant,-719,-674,Political,architect,EVT-CLA-0757,0.8537,0.6712,0.7384,0.7671,0.5986,0.3664,0.5667,102,0.2997,0.7389,0.5817,0.8401,0.8708,0.7786,false
CHR-CLA-0758,Customs Director Ibn-Sina of Kingdom of Aksum,classical_antiquity,Ptolemaic Kingdom,Egypt / Levant,417,449,Economic,disruptor,EVT-CLA-0758,0.7581,0.7878,0.2209,0.6369,0.8459,0.7673,0.8069,6,0.5652,0.7776,0.7668,1.242,1.25,1.25,true
CHR-CLA-0759,Customs Director Tariq of Classical Greece (Polis),classical_antiquity,Roman Empire (Principate/Dominate),Mediterranean / Europe,-563,-549,Economic,catalyst,EVT-CLA-0759,0.5879,0.7919,0.7317,0.5912,0.7913,0.7258,0.929,58,0.5673,0.7244,0.6799,1.1067,1.2121,1.1594,false
CHR-CLA-0760,Physician Samudra of Ptolemaic Kingdom,classical_antiquity,Qin & Han Dynasties,East Asia,-648,-611,Scientific,architect,EVT-CLA-0760,0.7925,0.6516,0.8592,0.8281,0.7282,0.2644,0.5746,37,0.2181,0.7053,0.5536,0.8332,0.8637,0.7722,false
CHR-CLA-0761,Pontiff Seneb of Gupta Empire,classical_antiquity,Classical Greece (Polis),Mediterranean,-649,-632,Religious,disruptor,EVT-CLA-0761,0.7053,0.6182,0.3526,0.4603,0.7304,0.8019,0.9507,39,0.6708,0.8034,0.7332,1.2305,1.25,1.25,false
CHR-CLA-0762,Prefect Mentuhotep of Ptolemaic Kingdom,classical_antiquity,Roman Empire (Principate/Dominate),Mediterranean / Europe,-296,-283,Political,disruptor,EVT-CLA-0762,0.8739,0.6075,0.3214,0.3722,0.7761,0.675,0.84,32,0.6514,0.8603,0.7525,1.2371,1.25,1.25,true
CHR-CLA-0763,Customs Director Harun of Roman Empire (Principate/Dominate),classical_antiquity,Carthaginian Republic,Western Mediterranean,236,277,Economic,stabilizer,EVT-CLA-0763,0.7347,0.6147,0.8205,0.8981,0.6507,0.3485,0.4565,230,0.2252,0.6234,0.5173,0.8243,0.8544,0.7639,false
CHR-CLA-0764,Synod Envoy Dara of Achaemenid Empire,classical_antiquity,Classical Greece (Polis),Mediterranean,84,102,Religious,disruptor,EVT-CLA-0764,0.9486,0.5932,0.5003,0.4704,0.8831,0.7953,0.9442,27,0.6625,0.9468,0.796,1.25,1.25,1.25,true
CHR-CLA-0765,Physician Mirabeau of Ptolemaic Kingdom,classical_antiquity,Roman Empire (Principate/Dominate),Mediterranean / Europe,30,59,Scientific,architect,EVT-CLA-0765,0.7609,0.7044,0.7151,0.9126,0.5555,0.2243,0.7519,157,0.1559,0.7573,0.5585,0.8344,0.8649,0.7733,false
CHR-CLA-0766,Admiral Suppiluliuma of Roman Empire (Principate/Dominate),classical_antiquity,Kingdom of Aksum,Horn of Africa,-315,-292,Military,architect,EVT-CLA-0766,0.792,0.7831,0.7625,0.7846,0.6701,0.197,0.7369,34,0.2062,0.77,0.5906,0.8423,0.8731,0.7807,false
CHR-CLA-0767,Mint Overseer Necker of Parthian Empire,classical_antiquity,Qin & Han Dynasties,East Asia,-176,-135,Economic,catalyst,EVT-CLA-0767,0.7275,0.7255,0.6208,0.6834,0.9455,0.6942,0.8499,23,0.5054,0.7765,0.7179,1.1186,1.2252,1.1719,false
CHR-CLA-0768,Senator Chandra of Ptolemaic Kingdom,classical_antiquity,Carthaginian Republic,Western Mediterranean,-430,-396,Political,architect,EVT-CLA-0768,0.7334,0.7618,0.7402,0.9188,0.5745,0.2156,0.5569,28,0.1484,0.6628,0.5297,0.8273,0.8576,0.7668,false
CHR-CLA-0769,Philosopher Narmer of Qin & Han Dynasties,classical_antiquity,Maurya Empire,South Asia,8,18,Cultural,architect,EVT-CLA-0769,0.9062,0.6266,0.7621,0.7447,0.6821,0.1907,0.7687,66,0.223,0.8512,0.6033,0.8454,0.8763,0.7836,false
CHR-CLA-0770,Merchant Prince Dara of Roman Republic,classical_antiquity,Roman Republic,Mediterranean,95,109,Economic,architect,EVT-CLA-0770,0.8819,0.785,0.8832,0.8049,0.7443,0.3876,0.5876,99,0.2913,0.7642,0.6176,0.8489,0.88,0.7868,false
CHR-CLA-0771,Strategos Al-Mansur of Gupta Empire,classical_antiquity,Ptolemaic Kingdom,Egypt / Levant,268,297,Military,wildcard,EVT-CLA-0771,0.4888,0.5746,0.7269,0.4074,0.5484,0.4309,0.5177,37,0.5117,0.5004,0.4899,0.997,1.0468,1.0967,false
CHR-CLA-0772,Rhetorician Otto of Classical Greece (Polis),classical_antiquity,Achaemenid Empire,Persia / Near East,-368,-326,Cultural,architect,EVT-CLA-0772,0.7224,0.6117,0.7497,0.7356,0.6177,0.4008,0.6016,167,0.3326,0.6741,0.5536,0.8332,0.8637,0.7722,false
CHR-CLA-0773,Treasurer Sargon of Roman Empire (Principate/Dominate),classical_antiquity,Gupta Empire,South Asia,-416,-393,Economic,disruptor,EVT-CLA-0773,0.6102,0.6713,0.3367,0.5377,0.8987,0.8777,0.9084,41,0.67,0.7295,0.7454,1.2347,1.25,1.25,false
CHR-CLA-0774,Arch-Engineer Gao of Parthian Empire,classical_antiquity,Carthaginian Republic,Western Mediterranean,-295,-265,Scientific,catalyst,EVT-CLA-0774,0.5665,0.7513,0.4945,0.6699,0.8879,0.761,0.7701,21,0.5456,0.6479,0.6842,1.108,1.2136,1.1608,false
CHR-CLA-0775,Merchant Prince Bradford of Sasanian Empire,classical_antiquity,Seleucid Empire,Near East / Central Asia,95,127,Economic,stabilizer,EVT-CLA-0775,0.7724,0.7694,0.8448,0.8861,0.5528,0.3168,0.4831,158,0.2153,0.6567,0.5326,0.828,0.8583,0.7674,false
CHR-CLA-0776,Admiral Vikram of Achaemenid Empire,classical_antiquity,Kushan Empire,Central & South Asia,-153,-145,Military,architect,EVT-CLA-0776,0.9,0.8328,0.8595,0.737,0.6262,0.2762,0.6866,121,0.2696,0.8146,0.6155,0.8484,0.8794,0.7863,false
CHR-CLA-0777,Prefect Leonidas of Classical Greece (Polis),classical_antiquity,Gupta Empire,South Asia,-624,-609,Political,stabilizer,EVT-CLA-0777,0.5843,0.7479,0.9139,0.7043,0.4997,0.1656,0.557,146,0.2307,0.5734,0.465,0.8114,0.8411,0.752,false
CHR-CLA-0778,Imam Telepinu of Roman Republic,classical_antiquity,Kushan Empire,Central & South Asia,177,220,Religious,catalyst,EVT-CLA-0778,0.5798,0.6758,0.5761,0.7468,0.7336,0.5765,0.904,52,0.4149,0.7095,0.6335,1.092,1.1961,1.1441,false
CHR-CLA-0779,Centurion Kheti of Ptolemaic Kingdom,classical_antiquity,Ptolemaic Kingdom,Egypt / Levant,-556,-511,Military,disruptor,EVT-CLA-0779,0.7067,0.8238,0.3829,0.4037,0.8997,0.6684,0.7971,38,0.6324,0.7428,0.7466,1.2351,1.25,1.25,false
CHR-CLA-0780,Treasurer Thutmose of Roman Empire (Principate/Dominate),classical_antiquity,Carthaginian Republic,Western Mediterranean,110,143,Economic,architect,EVT-CLA-0780,0.8076,0.7034,0.8487,0.8049,0.7412,0.3989,0.6295,162,0.297,0.7363,0.5977,0.844,0.8749,0.7823,false
CHR-CLA-0781,Synod Envoy Friedrich of Kingdom of Aksum,classical_antiquity,Qin & Han Dynasties,East Asia,325,353,Religious,architect,EVT-CLA-0781,0.7913,0.7363,0.7998,0.8276,0.6905,0.3105,0.6242,137,0.2414,0.7245,0.5807,0.8398,0.8706,0.7784,false
CHR-CLA-0782,Chamberlain Aurelius of Ptolemaic Kingdom,classical_antiquity,Roman Republic,Mediterranean,-359,-323,Economic,architect,EVT-CLA-0782,0.896,0.7034,0.7597,0.7145,0.7774,0.2815,0.7561,58,0.2835,0.84,0.6401,0.8545,0.8857,0.7919,false
CHR-CLA-0783,Patriarch Thutmose of Carthaginian Republic,classical_antiquity,Seleucid Empire,Near East / Central Asia,58,89,Religious,architect,EVT-CLA-0783,0.7023,0.6566,0.77,0.7979,0.5395,0.2528,0.5693,78,0.2275,0.6491,0.5114,0.8228,0.8529,0.7626,false
CHR-CLA-0784,Commander Qian of Seleucid Empire,classical_antiquity,Carthaginian Republic,Western Mediterranean,-649,-626,Military,wildcard,EVT-CLA-0784,0.7965,0.5141,0.4006,0.6791,0.4652,0.496,0.4664,50,0.4085,0.6644,0.5664,1.0199,1.0709,1.1219,false
CHR-CLA-0785,Cardinal Otto of Parthian Empire,classical_antiquity,Parthian Empire,Persia,-165,-132,Religious,stabilizer,EVT-CLA-0785,0.6923,0.6277,0.825,0.7554,0.5266,0.3477,0.4881,222,0.2962,0.6106,0.5013,0.8203,0.8503,0.7603,false
CHR-CLA-0786,Scribe Sargon of Sasanian Empire,classical_antiquity,Roman Republic,Mediterranean,403,445,Cultural,wildcard,EVT-CLA-0786,0.5844,0.8471,0.6577,0.7939,0.7873,0.4088,0.5163,36,0.3075,0.5572,0.5746,1.0224,1.0735,1.1246,false
CHR-CLA-0787,Minister Telepinu of Achaemenid Empire,classical_antiquity,Roman Empire (Principate/Dominate),Mediterranean / Europe,146,154,Political,catalyst,EVT-CLA-0787,0.7779,0.8036,0.6793,0.7593,0.75,0.7934,0.8346,15,0.5171,0.8006,0.7158,1.118,1.2245,1.1712,false
CHR-CLA-0788,Viceroy Mentuhotep of Roman Republic,classical_antiquity,Qin & Han Dynasties,East Asia,-603,-588,Political,catalyst,EVT-CLA-0788,0.6139,0.8204,0.5295,0.5721,0.7419,0.7898,0.9029,23,0.6089,0.7295,0.7102,1.1162,1.2225,1.1694,false
CHR-CLA-0789,General Dara of Sasanian Empire,classical_antiquity,Qin & Han Dynasties,East Asia,-510,-502,Military,disruptor,EVT-CLA-0789,0.8828,0.5868,0.5163,0.6246,0.7987,0.7534,0.7965,44,0.5644,0.8482,0.7281,1.2287,1.25,1.25,false
CHR-CLA-0790,Master Sculptor Suppiluliuma of Maurya Empire,classical_antiquity,Carthaginian Republic,Western Mediterranean,-53,-30,Cultural,architect,EVT-CLA-0790,0.6635,0.6052,0.8986,0.857,0.6199,0.1886,0.7411,171,0.1658,0.6945,0.5064,0.8216,0.8516,0.7615,false
CHR-CLA-0791,High Priest Mazarin of Carthaginian Republic,classical_antiquity,Roman Empire (Principate/Dominate),Mediterranean / Europe,-478,-437,Religious,disruptor,EVT-CLA-0791,0.624,0.5475,0.3829,0.4187,0.8773,0.9342,0.7323,41,0.7578,0.6673,0.7105,1.2226,1.25,1.25,false
CHR-CLA-0792,Centurion Eleanor of Ptolemaic Kingdom,classical_antiquity,Kingdom of Aksum,Horn of Africa,-180,-161,Military,stabilizer,EVT-CLA-0792,0.6675,0.6628,0.7323,0.8078,0.4943,0.1323,0.5423,38,0.1623,0.6174,0.478,0.8146,0.8444,0.755,false
CHR-CLA-0793,Astronomer Seneb of Qin & Han Dynasties,classical_antiquity,Maurya Empire,South Asia,-92,-65,Scientific,catalyst,EVT-CLA-0793,0.5203,0.7944,0.6414,0.5719,0.8378,0.598,0.7417,46,0.513,0.6088,0.6331,1.0919,1.1959,1.1439,false
CHR-CLA-0794,Customs Director Qian of Parthian Empire,classical_antiquity,Sasanian Empire,Persia,-63,-30,Economic,disruptor,EVT-CLA-0794,0.8208,0.7589,0.2567,0.5097,0.8111,0.7403,0.9334,15,0.6153,0.8658,0.7906,1.25,1.25,1.25,true
CHR-CLA-0795,Customs Director Hathor of Ptolemaic Kingdom,classical_antiquity,Carthaginian Republic,Western Mediterranean,-390,-345,Economic,disruptor,EVT-CLA-0795,0.874,0.5922,0.2049,0.4885,0.7174,0.7007,0.7333,38,0.6061,0.8177,0.7351,1.2311,1.25,1.25,false
CHR-CLA-0796,Syndic Vikram of Roman Empire (Principate/Dominate),classical_antiquity,Roman Republic,Mediterranean,-769,-758,Economic,disruptor,EVT-CLA-0796,0.9498,0.5737,0.452,0.5559,0.74,0.8918,0.827,38,0.6679,0.9007,0.7693,1.2429,1.25,1.25,true
CHR-CLA-0797,Treasurer Hamilton of Seleucid Empire,classical_antiquity,Parthian Empire,Persia,-541,-534,Economic,wildcard,EVT-CLA-0797,0.7983,0.6779,0.291,0.7304,0.5096,0.3954,0.4091,47,0.3325,0.6426,0.5828,1.0248,1.0761,1.1273,false
CHR-CLA-0798,Abbess Mursili of Ptolemaic Kingdom,classical_antiquity,Carthaginian Republic,Western Mediterranean,-212,-198,Religious,stabilizer,EVT-CLA-0798,0.5904,0.7264,0.7241,0.7152,0.4705,0.204,0.6035,74,0.2444,0.5956,0.4901,0.8176,0.8475,0.7577,false
CHR-CLA-0799,Polymath Ibn-Sina of Sasanian Empire,classical_antiquity,Roman Republic,Mediterranean,-417,-393,Scientific,stabilizer,EVT-CLA-0799,0.6478,0.6904,0.8368,0.8328,0.6136,0.3263,0.4943,100,0.2468,0.5864,0.5053,0.8213,0.8514,0.7612,false
CHR-CLA-0800,Synod Envoy Labarna of Maurya Empire,classical_antiquity,Qin & Han Dynasties,East Asia,419,439,Religious,stabilizer,EVT-CLA-0800,0.8321,0.6957,0.8755,0.7263,0.6494,0.2446,0.4655,130,0.2591,0.6854,0.5424,0.8304,0.8608,0.7697,false
CHR-CLA-0801,Astronomer Godfrey of Classical Greece (Polis),classical_antiquity,Parthian Empire,Persia,-595,-555,Scientific,architect,EVT-CLA-0801,0.8854,0.6971,0.8647,0.8239,0.5993,0.3161,0.6146,59,0.2461,0.7771,0.5777,0.8391,0.8698,0.7777,false
CHR-CLA-0802,Chamberlain Ashoka of Achaemenid Empire,classical_antiquity,Sasanian Empire,Persia,-767,-727,Economic,stabilizer,EVT-CLA-0802,0.7014,0.7286,0.8059,0.7474,0.6303,0.2725,0.5179,225,0.2626,0.628,0.5298,0.8273,0.8576,0.7668,false
CHR-CLA-0803,Merchant Prince Suppiluliuma of Sasanian Empire,classical_antiquity,Gupta Empire,South Asia,219,254,Economic,stabilizer,EVT-CLA-0803,0.8398,0.7729,0.8965,0.7351,0.489,0.2655,0.654,66,0.2652,0.7655,0.5608,0.8349,0.8655,0.7739,false
CHR-CLA-0804,Cardinal Marshall of Kingdom of Aksum,classical_antiquity,Classical Greece (Polis),Mediterranean,65,108,Religious,disruptor,EVT-CLA-0804,0.9249,0.6716,0.2996,0.3295,0.7238,0.8972,0.8873,19,0.7838,0.9099,0.8118,1.25,1.25,1.25,true
CHR-CLA-0805,Metallurgist Thutmose of Maurya Empire,classical_antiquity,Kingdom of Aksum,Horn of Africa,43,69,Scientific,stabilizer,EVT-CLA-0805,0.6889,0.6982,0.8875,0.8247,0.5662,0.2371,0.533,91,0.2062,0.6265,0.4974,0.8194,0.8493,0.7594,false
CHR-CLA-0806,Hierophant Colbert of Seleucid Empire,classical_antiquity,Ptolemaic Kingdom,Egypt / Levant,-384,-351,Religious,stabilizer,EVT-CLA-0806,0.6585,0.7535,0.8111,0.702,0.6978,0.3232,0.5182,196,0.3106,0.6024,0.5423,0.8304,0.8608,0.7696,false
CHR-CLA-0807,Patriarch Heinrich of Carthaginian Republic,classical_antiquity,Roman Empire (Principate/Dominate),Mediterranean / Europe,49,72,Religious,disruptor,EVT-CLA-0807,0.8294,0.627,0.4444,0.5931,0.829,0.6879,0.7272,13,0.5474,0.7885,0.7139,1.2238,1.25,1.25,false
CHR-CLA-0808,Poet Laureate Rajaraja of Carthaginian Republic,classical_antiquity,Classical Greece (Polis),Mediterranean,315,323,Cultural,disruptor,EVT-CLA-0808,0.6124,0.5371,0.3112,0.4462,0.7769,0.7899,0.9386,41,0.6719,0.7429,0.706,1.2211,1.25,1.25,false
CHR-CLA-0809,Astronomer Hammurabi of Seleucid Empire,classical_antiquity,Qin & Han Dynasties,East Asia,-580,-545,Scientific,stabilizer,EVT-CLA-0809,0.784,0.7073,0.8431,0.8872,0.5434,0.1757,0.5716,201,0.1442,0.699,0.517,0.8242,0.8543,0.7639,false
CHR-CLA-0810,Warlord Ramesses of Seleucid Empire,classical_antiquity,Ptolemaic Kingdom,Egypt / Levant,28,33,Military,architect,EVT-CLA-0810,0.7145,0.6845,0.7817,0.8934,0.7162,0.4403,0.6662,82,0.2735,0.6952,0.5819,0.8401,0.8709,0.7787,false
CHR-CLA-0811,Treasurer Hamilton of Sasanian Empire,classical_antiquity,Roman Empire (Principate/Dominate),Mediterranean / Europe,-791,-767,Economic,wildcard,EVT-CLA-0811,0.56,0.518,0.5104,0.395,0.8031,0.4157,0.5087,41,0.5103,0.5395,0.556,1.0168,1.0677,1.1185,false
CHR-CLA-0812,Merchant Prince Sumner of Seleucid Empire,classical_antiquity,Roman Empire (Principate/Dominate),Mediterranean / Europe,-222,-208,Economic,stabilizer,EVT-CLA-0812,0.7303,0.7632,0.8988,0.8413,0.685,0.2425,0.4562,181,0.2006,0.6206,0.5227,0.8256,0.8558,0.7652,false
CHR-CLA-0813,Geometer Sun of Kingdom of Aksum,classical_antiquity,Classical Greece (Polis),Mediterranean,-236,-208,Scientific,catalyst,EVT-CLA-0813,0.6736,0.9043,0.463,0.6513,0.9267,0.7399,0.8897,18,0.5443,0.7601,0.7586,1.1315,1.2392,1.1853,true
CHR-CLA-0814,Mint Overseer Aurelius of Gupta Empire,classical_antiquity,Gupta Empire,South Asia,-117,-96,Economic,catalyst,EVT-CLA-0814,0.5707,0.846,0.497,0.6028,0.7647,0.4829,0.7949,38,0.4401,0.6604,0.6461,1.096,1.2004,1.1482,false
CHR-CLA-0815,Alchemist Heinrich of Maurya Empire,classical_antiquity,Roman Republic,Mediterranean,-556,-514,Scientific,stabilizer,EVT-CLA-0815,0.6328,0.6554,0.8843,0.8763,0.6583,0.2679,0.4651,179,0.1958,0.5657,0.483,0.8158,0.8457,0.7561,false
CHR-CLA-0816,Scribe Alexander of Qin & Han Dynasties,classical_antiquity,Achaemenid Empire,Persia / Near East,-41,-33,Cultural,wildcard,EVT-CLA-0816,0.4217,0.5518,0.7224,0.6756,0.6855,0.3852,0.4706,69,0.3548,0.4413,0.4634,0.989,1.0385,1.0879,false
CHR-CLA-0817,Physician Imhotep of Kingdom of Aksum,classical_antiquity,Roman Empire (Principate/Dominate),Mediterranean / Europe,-236,-222,Scientific,catalyst,EVT-CLA-0817,0.7012,0.7217,0.532,0.6482,0.7447,0.6754,0.795,50,0.5136,0.7387,0.6802,1.1068,1.2122,1.1595,false
CHR-CLA-0818,Cardinal Dara of Seleucid Empire,classical_antiquity,Achaemenid Empire,Persia / Near East,203,236,Religious,stabilizer,EVT-CLA-0818,0.6916,0.771,0.8012,0.8975,0.6093,0.2837,0.545,117,0.1931,0.633,0.5293,0.8272,0.8575,0.7667,false
CHR-CLA-0819,Physician Mirabeau of Seleucid Empire,classical_antiquity,Qin & Han Dynasties,East Asia,247,259,Scientific,architect,EVT-CLA-0819,0.8581,0.7344,0.8753,0.9045,0.7589,0.2928,0.5737,68,0.1942,0.7443,0.5857,0.8411,0.8719,0.7795,false
CHR-CLA-0820,Legate Belisarius of Sasanian Empire,classical_antiquity,Achaemenid Empire,Persia / Near East,110,138,Military,disruptor,EVT-CLA-0820,0.7043,0.7384,0.2859,0.4926,0.8834,0.782,0.8539,38,0.6447,0.7642,0.7615,1.2402,1.25,1.25,true
CHR-CLA-0821,Commander Mursili of Qin & Han Dynasties,classical_antiquity,Parthian Empire,Persia,-283,-267,Military,stabilizer,EVT-CLA-0821,0.6146,0.6965,0.8428,0.7738,0.5293,0.1926,0.4187,145,0.2094,0.5362,0.4562,0.8092,0.8388,0.75,false
CHR-CLA-0822,Poet Laureate Bradford of Kingdom of Aksum,classical_antiquity,Sasanian Empire,Persia,-243,-200,Cultural,disruptor,EVT-CLA-0822,0.685,0.7885,0.2711,0.4002,0.8828,0.8016,0.7795,18,0.7007,0.7228,0.762,1.2404,1.25,1.25,true
CHR-CLA-0823,Treasurer Vikram of Qin & Han Dynasties,classical_antiquity,Parthian Empire,Persia,149,191,Economic,catalyst,EVT-CLA-0823,0.7513,0.8177,0.7371,0.5696,0.7533,0.6092,0.711,22,0.5198,0.7352,0.6693,1.1033,1.2084,1.1559,false
CHR-CLA-0824,Hierophant Justinian of Carthaginian Republic,classical_antiquity,Classical Greece (Polis),Mediterranean,-196,-155,Religious,wildcard,EVT-CLA-0824,0.5859,0.7792,0.4519,0.2816,0.3003,0.6105,0.6632,47,0.6645,0.6168,0.5902,1.0271,1.0784,1.1298,false
CHR-CLA-0825,Marshal Chandra of Roman Republic,classical_antiquity,Achaemenid Empire,Persia / Near East,243,265,Military,architect,EVT-CLA-0825,0.7594,0.6387,0.7808,0.7469,0.5267,0.374,0.7364,93,0.3135,0.7502,0.5658,0.8362,0.8668,0.775,false
CHR-CLA-0826,High Priest Franklin of Ptolemaic Kingdom,classical_antiquity,Gupta Empire,South Asia,209,232,Religious,architect,EVT-CLA-0826,0.7544,0.8364,0.6993,0.7726,0.5995,0.2916,0.6271,152,0.2595,0.7035,0.5832,0.8405,0.8712,0.779,false
CHR-CLA-0827,Astronomer Labarna of Kingdom of Aksum,classical_antiquity,Kingdom of Aksum,Horn of Africa,-715,-670,Scientific,stabilizer,EVT-CLA-0827,0.6417,0.6014,0.7507,0.737,0.6214,0.2937,0.5734,174,0.2783,0.6144,0.512,0.8229,0.8531,0.7627,false
CHR-CLA-0828,Master Sculptor Aurelius of Kingdom of Aksum,classical_antiquity,Sasanian Empire,Persia,225,251,Cultural,architect,EVT-CLA-0828,0.8031,0.7003,0.8241,0.7206,0.644,0.1944,0.6502,68,0.2369,0.7419,0.5607,0.8349,0.8655,0.7738,false
CHR-CLA-0829,Hierophant Puduhepa of Seleucid Empire,classical_antiquity,Seleucid Empire,Near East / Central Asia,-288,-255,Religious,architect,EVT-CLA-0829,0.67,0.7142,0.8521,0.8785,0.5727,0.4443,0.6593,148,0.2829,0.6657,0.5469,0.8315,0.862,0.7707,false
CHR-CLA-0830,Governor Averroes of Roman Republic,classical_antiquity,Ptolemaic Kingdom,Egypt / Levant,-312,-273,Political,catalyst,EVT-CLA-0830,0.7467,0.7829,0.6264,0.7424,0.8672,0.6686,0.8395,53,0.4631,0.7838,0.7106,1.1164,1.2227,1.1695,false
CHR-CLA-0831,Mint Overseer Sumner of Seleucid Empire,classical_antiquity,Ptolemaic Kingdom,Egypt / Levant,-600,-574,Economic,stabilizer,EVT-CLA-0831,0.6716,0.761,0.9115,0.8121,0.6974,0.251,0.56,48,0.2194,0.627,0.5266,0.8265,0.8568,0.7661,false
CHR-CLA-0832,Customs Director Chandra of Roman Empire (Principate/Dominate),classical_antiquity,Gupta Empire,South Asia,303,313,Economic,disruptor,EVT-CLA-0832,0.7522,0.7987,0.5109,0.3556,0.8422,0.932,0.8802,35,0.7882,0.8034,0.7871,1.2491,1.25,1.25,true
CHR-CLA-0833,Governor Hattusili of Roman Republic,classical_antiquity,Seleucid Empire,Near East / Central Asia,-617,-598,Political,catalyst,EVT-CLA-0833,0.8197,0.6851,0.6271,0.6641,0.9217,0.6154,0.8434,18,0.4757,0.8292,0.7189,1.1189,1.2255,1.1722,false
CHR-CLA-0834,Pontiff Hammurabi of Gupta Empire,classical_antiquity,Achaemenid Empire,Persia / Near East,-787,-745,Religious,wildcard,EVT-CLA-0834,0.6864,0.6327,0.5068,0.5593,0.8274,0.5542,0.5675,35,0.4974,0.6388,0.6302,1.0391,1.091,1.143,false
CHR-CLA-0835,Mint Overseer Chandra of Kingdom of Aksum,classical_antiquity,Gupta Empire,South Asia,-11,32,Economic,architect,EVT-CLA-0835,0.8139,0.711,0.8633,0.812,0.7099,0.2878,0.7969,30,0.2379,0.8071,0.6024,0.8452,0.8761,0.7833,false
CHR-CLA-0836,Prefect Suppiluliuma of Carthaginian Republic,classical_antiquity,Parthian Empire,Persia,-710,-678,Political,stabilizer,EVT-CLA-0836,0.7899,0.6167,0.9288,0.7109,0.5305,0.3226,0.4675,56,0.3059,0.6609,0.5096,0.8224,0.8525,0.7622,false
CHR-CLA-0837,Astronomer Telepinu of Ptolemaic Kingdom,classical_antiquity,Parthian Empire,Persia,-443,-401,Scientific,disruptor,EVT-CLA-0837,0.7031,0.6015,0.2615,0.5811,0.7662,0.8978,0.9375,16,0.6584,0.7969,0.751,1.2366,1.25,1.25,true
CHR-CLA-0838,Admiral Labarna of Kingdom of Aksum,classical_antiquity,Maurya Empire,South Asia,129,163,Military,architect,EVT-CLA-0838,0.7091,0.6314,0.7307,0.855,0.769,0.4393,0.8192,26,0.2921,0.7531,0.6103,0.8471,0.8781,0.7851,false
CHR-CLA-0839,Rhetorician Samsi-Adad of Gupta Empire,classical_antiquity,Seleucid Empire,Near East / Central Asia,-420,-381,Cultural,catalyst,EVT-CLA-0839,0.7468,0.9128,0.739,0.6959,0.9287,0.7983,0.9186,38,0.5512,0.8155,0.7618,1.1325,1.2403,1.1864,true
CHR-CLA-0840,Warlord Hattusili of Achaemenid Empire,classical_antiquity,Classical Greece (Polis),Mediterranean,-666,-648,Military,disruptor,EVT-CLA-0840,0.8262,0.7699,0.3074,0.4532,0.7074,0.857,0.7601,47,0.7019,0.7997,0.7673,1.2422,1.25,1.25,true
CHR-CLA-0841,Mint Overseer Cao of Kushan Empire,classical_antiquity,Seleucid Empire,Near East / Central Asia,-436,-426,Economic,wildcard,EVT-CLA-0841,0.5623,0.4118,0.2381,0.4826,0.8439,0.7903,0.5094,14,0.6538,0.5412,0.6259,1.0378,1.0897,1.1416,false
CHR-CLA-0842,Polymath Rajaraja of Classical Greece (Polis),classical_antiquity,Classical Greece (Polis),Mediterranean,239,268,Scientific,disruptor,EVT-CLA-0842,0.7351,0.6505,0.4773,0.4819,0.8265,0.8634,0.7843,11,0.6908,0.7548,0.7307,1.2296,1.25,1.25,false
CHR-CLA-0843,Arch-Engineer Qian of Ptolemaic Kingdom,classical_antiquity,Kushan Empire,Central & South Asia,-403,-394,Scientific,disruptor,EVT-CLA-0843,0.8873,0.8272,0.3425,0.6088,0.8639,0.7575,0.7377,36,0.5743,0.8275,0.7851,1.2484,1.25,1.25,true
CHR-CLA-0844,Merchant Prince Samudra of Sasanian Empire,classical_antiquity,Gupta Empire,South Asia,330,358,Economic,disruptor,EVT-CLA-0844,0.7201,0.7764,0.2408,0.4385,0.7489,0.7792,0.9048,7,0.6704,0.794,0.7654,1.2416,1.25,1.25,true
CHR-CLA-0845,Physician Otto of Achaemenid Empire,classical_antiquity,Carthaginian Republic,Western Mediterranean,347,392,Scientific,catalyst,EVT-CLA-0845,0.7251,0.6813,0.5293,0.6789,0.9205,0.7527,0.8615,20,0.5369,0.7797,0.7268,1.1214,1.2282,1.1748,false
CHR-CLA-0846,Alchemist Talleyrand of Gupta Empire,classical_antiquity,Qin & Han Dynasties,East Asia,245,255,Scientific,disruptor,EVT-CLA-0846,0.6003,0.5235,0.2402,0.4993,0.8829,0.6559,0.7433,33,0.5783,0.6575,0.6719,1.2093,1.25,1.25,false
CHR-CLA-0847,Warlord Wilhelm of Roman Republic,classical_antiquity,Ptolemaic Kingdom,Egypt / Levant,-789,-748,Military,wildcard,EVT-CLA-0847,0.8976,0.7958,0.5778,0.4288,0.4838,0.6675,0.483,70,0.6194,0.7317,0.6597,1.0479,1.1003,1.1527,false
CHR-CLA-0848,Chamberlain Rajaraja of Ptolemaic Kingdom,classical_antiquity,Seleucid Empire,Near East / Central Asia,-77,-69,Economic,wildcard,EVT-CLA-0848,0.6101,0.8474,0.4931,0.6312,0.574,0.4413,0.7128,23,0.405,0.6512,0.608,1.0324,1.084,1.1356,false
CHR-CLA-0849,Governor Mirabeau of Classical Greece (Polis),classical_antiquity,Kushan Empire,Central & South Asia,-691,-654,Political,catalyst,EVT-CLA-0849,0.5946,0.6506,0.6311,0.6267,0.9444,0.4683,0.8575,53,0.4208,0.6998,0.6423,1.0948,1.1991,1.147,false
CHR-CLA-0850,Master Sculptor Mirabeau of Ptolemaic Kingdom,classical_antiquity,Gupta Empire,South Asia,-119,-110,Cultural,architect,EVT-CLA-0850,0.7149,0.8299,0.8735,0.854,0.5047,0.2673,0.735,127,0.2066,0.7229,0.5492,0.8321,0.8625,0.7712,false
CHR-CLA-0851,Merchant Prince Valdemar of Seleucid Empire,classical_antiquity,Qin & Han Dynasties,East Asia,-797,-769,Economic,architect,EVT-CLA-0851,0.8616,0.797,0.7794,0.8215,0.764,0.3527,0.6039,178,0.2656,0.7585,0.624,0.8505,0.8816,0.7883,false
CHR-CLA-0852,Consul Zhang of Qin & Han Dynasties,classical_antiquity,Kushan Empire,Central & South Asia,-62,-25,Political,catalyst,EVT-CLA-0852,0.7172,0.7336,0.4998,0.6522,0.76,0.5235,0.8341,56,0.4356,0.764,0.6744,1.1049,1.2102,1.1575,false
CHR-CLA-0853,Customs Director Zhang of Maurya Empire,classical_antiquity,Gupta Empire,South Asia,-679,-674,Economic,stabilizer,EVT-CLA-0853,0.6381,0.7419,0.8245,0.7492,0.6049,0.1437,0.6258,229,0.1973,0.6332,0.5071,0.8217,0.8518,0.7616,false
CHR-CLA-0854,Pontiff Tiglath of Roman Empire (Principate/Dominate),classical_antiquity,Achaemenid Empire,Persia / Near East,-796,-766,Religious,wildcard,EVT-CLA-0854,0.6655,0.7199,0.3004,0.2287,0.8449,0.3675,0.6413,41,0.5694,0.6558,0.6609,1.0483,1.1007,1.1531,false
CHR-CLA-0855,Marshal Samudra of Carthaginian Republic,classical_antiquity,Achaemenid Empire,Persia / Near East,-612,-576,Military,stabilizer,EVT-CLA-0855,0.8298,0.6704,0.8511,0.6882,0.4791,0.3063,0.5227,174,0.309,0.707,0.5347,0.8285,0.8588,0.7679,false
CHR-CLA-0856,Physician Samsi-Adad of Gupta Empire,classical_antiquity,Classical Greece (Polis),Mediterranean,-51,-8,Scientific,architect,EVT-CLA-0856,0.6961,0.8539,0.8245,0.8646,0.5688,0.3489,0.7242,91,0.2422,0.7073,0.5727,0.8379,0.8685,0.7766,false
CHR-CLA-0857,Physician Narmer of Gupta Empire,classical_antiquity,Gupta Empire,South Asia,-286,-264,Scientific,disruptor,EVT-CLA-0857,0.8892,0.7269,0.3401,0.4119,0.7928,0.918,0.7226,28,0.7531,0.8226,0.7917,1.25,1.25,1.25,true
CHR-CLA-0858,Merchant Prince Baldwin of Parthian Empire,classical_antiquity,Kingdom of Aksum,Horn of Africa,-122,-77,Economic,catalyst,EVT-CLA-0858,0.6759,0.6827,0.6333,0.7623,0.8435,0.7722,0.7454,54,0.505,0.7037,0.6741,1.1048,1.2101,1.1575,false
CHR-CLA-0859,Vizier Bradford of Classical Greece (Polis),classical_antiquity,Ptolemaic Kingdom,Egypt / Levant,-97,-76,Political,architect,EVT-CLA-0859,0.7606,0.764,0.7525,0.8619,0.5421,0.2479,0.6562,55,0.193,0.7188,0.5533,0.8331,0.8636,0.7722,false
CHR-CLA-0860,Abbess Colbert of Kushan Empire,classical_antiquity,Ptolemaic Kingdom,Egypt / Levant,-148,-105,Religious,stabilizer,EVT-CLA-0860,0.6334,0.6023,0.7292,0.7002,0.524,0.2872,0.4587,147,0.2935,0.5635,0.4813,0.8154,0.8452,0.7557,false
CHR-CLA-0861,Warlord Vikram of Classical Greece (Polis),classical_antiquity,Parthian Empire,Persia,144,150,Military,stabilizer,EVT-CLA-0861,0.7807,0.5822,0.7863,0.7348,0.4619,0.2462,0.5142,210,0.2557,0.6741,0.5005,0.8201,0.8501,0.7601,false
CHR-CLA-0862,Metallurgist Necker of Seleucid Empire,classical_antiquity,Parthian Empire,Persia,29,66,Scientific,stabilizer,EVT-CLA-0862,0.6403,0.6783,0.8481,0.8809,0.6453,0.1985,0.6115,142,0.1588,0.6288,0.5013,0.8203,0.8503,0.7603,false
CHR-CLA-0863,Polymath Mazarin of Parthian Empire,classical_antiquity,Classical Greece (Polis),Mediterranean,-80,-52,Scientific,disruptor,EVT-CLA-0863,0.7664,0.7193,0.2281,0.5832,0.8216,0.7145,0.9189,48,0.5656,0.8274,0.7658,1.2417,1.25,1.25,true
CHR-CLA-0864,Customs Director Constantine of Kushan Empire,classical_antiquity,Carthaginian Republic,Western Mediterranean,-136,-111,Economic,architect,EVT-CLA-0864,0.7343,0.8492,0.8048,0.7412,0.5222,0.4033,0.7734,62,0.331,0.7499,0.5982,0.8442,0.8751,0.7824,false
CHR-CLA-0865,Rhetorician Song of Roman Empire (Principate/Dominate),classical_antiquity,Parthian Empire,Persia,-700,-691,Cultural,disruptor,EVT-CLA-0865,0.8908,0.8306,0.2402,0.4854,0.8791,0.7836,0.8123,26,0.6491,0.8594,0.8203,1.25,1.25,1.25,true
CHR-CLA-0866,Abbess Mirabeau of Classical Greece (Polis),classical_antiquity,Ptolemaic Kingdom,Egypt / Levant,-606,-567,Religious,disruptor,EVT-CLA-0866,0.855,0.7497,0.2117,0.6021,0.7263,0.6534,0.8114,30,0.5257,0.8375,0.7536,1.2375,1.25,1.25,true
CHR-CLA-0867,Poet Laureate Adams of Gupta Empire,classical_antiquity,Classical Greece (Polis),Mediterranean,220,251,Cultural,stabilizer,EVT-CLA-0867,0.7454,0.666,0.8422,0.8167,0.6543,0.1663,0.6119,173,0.1748,0.692,0.5261,0.8264,0.8566,0.7659,false
CHR-CLA-0868,Syndic Hamilton of Roman Republic,classical_antiquity,Carthaginian Republic,Western Mediterranean,-762,-735,Economic,disruptor,EVT-CLA-0868,0.7102,0.8052,0.434,0.6489,0.8503,0.7967,0.7977,38,0.5739,0.7452,0.7392,1.2325,1.25,1.25,false
CHR-CLA-0869,Centurion Rajaraja of Maurya Empire,classical_antiquity,Ptolemaic Kingdom,Egypt / Levant,54,64,Military,stabilizer,EVT-CLA-0869,0.6347,0.5704,0.7684,0.8031,0.6237,0.1682,0.5622,80,0.1826,0.6057,0.4804,0.8152,0.845,0.7555,false
CHR-CLA-0870,Physician Theodosius of Qin & Han Dynasties,classical_antiquity,Roman Empire (Principate/Dominate),Mediterranean / Europe,-686,-673,Scientific,catalyst,EVT-CLA-0870,0.6574,0.8579,0.4789,0.742,0.7518,0.6668,0.824,31,0.4624,0.724,0.6944,1.1112,1.2171,1.1642,false
CHR-CLA-0871,Chronicler Chen of Parthian Empire,classical_antiquity,Roman Republic,Mediterranean,-669,-652,Cultural,disruptor,EVT-CLA-0871,0.796,0.5731,0.4132,0.6029,0.7212,0.9385,0.8255,14,0.6678,0.8078,0.7363,1.2315,1.25,1.25,false
CHR-CLA-0872,Syndic Gao of Carthaginian Republic,classical_antiquity,Roman Empire (Principate/Dominate),Mediterranean / Europe,121,138,Economic,disruptor,EVT-CLA-0872,0.6903,0.6146,0.2896,0.5615,0.7289,0.8082,0.9057,29,0.6234,0.7765,0.7242,1.2273,1.25,1.25,false
CHR-CLA-0873,Scribe Seneb of Achaemenid Empire,classical_antiquity,Classical Greece (Polis),Mediterranean,451,492,Cultural,catalyst,EVT-CLA-0873,0.5714,0.8591,0.4931,0.5954,0.8466,0.7008,0.9109,15,0.5527,0.7072,0.7114,1.1166,1.2229,1.1698,false
CHR-CLA-0874,Geometer Talleyrand of Classical Greece (Polis),classical_antiquity,Sasanian Empire,Persia,169,182,Scientific,catalyst,EVT-CLA-0874,0.5609,0.9147,0.49,0.5938,0.8949,0.4862,0.907,41,0.4462,0.6993,0.692,1.1105,1.2162,1.1633,false
CHR-CLA-0875,Chancellor Ibn-Sina of Achaemenid Empire,classical_antiquity,Carthaginian Republic,Western Mediterranean,-37,-15,Political,disruptor,EVT-CLA-0875,0.7075,0.5775,0.3937,0.4533,0.8206,0.7992,0.8138,36,0.6729,0.75,0.7165,1.2247,1.25,1.25,false
CHR-CLA-0876,Warlord Wu of Roman Empire (Principate/Dominate),classical_antiquity,Sasanian Empire,Persia,-164,-151,Military,wildcard,EVT-CLA-0876,0.6218,0.69,0.2765,0.7126,0.2833,0.1532,0.6513,29,0.2203,0.6336,0.5088,1.0027,1.0528,1.1029,false
CHR-CLA-0877,Syndic Hathor of Kingdom of Aksum,classical_antiquity,Roman Empire (Principate/Dominate),Mediterranean / Europe,146,166,Economic,disruptor,EVT-CLA-0877,0.7772,0.6781,0.4262,0.4654,0.725,0.6779,0.8212,21,0.6063,0.7948,0.7137,1.2237,1.25,1.25,false
CHR-CLA-0878,Geometer Alexander of Kingdom of Aksum,classical_antiquity,Roman Empire (Principate/Dominate),Mediterranean / Europe,84,106,Scientific,catalyst,EVT-CLA-0878,0.7402,0.8911,0.6809,0.6669,0.7434,0.6784,0.7884,13,0.5058,0.7595,0.6988,1.1126,1.2186,1.1656,false
CHR-CLA-0879,Viceroy Theodosius of Ptolemaic Kingdom,classical_antiquity,Roman Empire (Principate/Dominate),Mediterranean / Europe,2,11,Political,disruptor,EVT-CLA-0879,0.6325,0.5391,0.4583,0.4558,0.8128,0.6676,0.8093,34,0.6059,0.7033,0.6638,1.2065,1.25,1.25,false
CHR-CLA-0880,Hierophant Justinian of Ptolemaic Kingdom,classical_antiquity,Carthaginian Republic,Western Mediterranean,-114,-71,Religious,stabilizer,EVT-CLA-0880,0.6942,0.7005,0.8896,0.6968,0.5483,0.174,0.424,70,0.2386,0.5861,0.4768,0.8143,0.8441,0.7547,false
CHR-CLA-0881,Consul Ramesses of Qin & Han Dynasties,classical_antiquity,Seleucid Empire,Near East / Central Asia,402,441,Political,wildcard,EVT-CLA-0881,0.8585,0.3601,0.7312,0.5374,0.4676,0.6502,0.6977,46,0.5564,0.7942,0.591,1.0273,1.0787,1.13,false
CHR-CLA-0882,Scribe Mentuhotep of Achaemenid Empire,classical_antiquity,Classical Greece (Polis),Mediterranean,82,114,Cultural,disruptor,EVT-CLA-0882,0.7224,0.6068,0.4809,0.5263,0.8356,0.8614,0.7763,39,0.6676,0.744,0.7182,1.2253,1.25,1.25,false
CHR-CLA-0883,Imam Friedrich of Seleucid Empire,classical_antiquity,Sasanian Empire,Persia,227,262,Religious,architect,EVT-CLA-0883,0.7599,0.8073,0.8904,0.7614,0.6917,0.2197,0.6572,128,0.2291,0.7188,0.5692,0.837,0.8677,0.7758,false
CHR-CLA-0884,Legate Narmer of Qin & Han Dynasties,classical_antiquity,Sasanian Empire,Persia,-476,-453,Military,wildcard,EVT-CLA-0884,0.8991,0.3581,0.4244,0.416,0.7956,0.6968,0.574,17,0.6404,0.7691,0.6752,1.0526,1.1052,1.1578,false
CHR-CLA-0885,Hierophant Lafayette of Classical Greece (Polis),classical_antiquity,Seleucid Empire,Near East / Central Asia,229,267,Religious,disruptor,EVT-CLA-0885,0.7992,0.6028,0.2765,0.349,0.9006,0.7122,0.729,32,0.6816,0.7711,0.7464,1.235,1.25,1.25,false
CHR-CLA-0886,High Priest Narmer of Sasanian Empire,classical_antiquity,Gupta Empire,South Asia,218,224,Religious,wildcard,EVT-CLA-0886,0.607,0.4825,0.4976,0.5769,0.6624,0.814,0.8559,17,0.6185,0.7066,0.6454,1.0436,1.0958,1.148,false
CHR-CLA-0887,Synod Envoy Zhao of Roman Republic,classical_antiquity,Kingdom of Aksum,Horn of Africa,455,500,Religious,wildcard,EVT-CLA-0887,0.8941,0.4587,0.7426,0.5936,0.2811,0.5092,0.7641,50,0.4578,0.8421,0.5716,1.0215,1.0725,1.1236,false
CHR-CLA-0888,Archon Ibn-Sina of Maurya Empire,classical_antiquity,Seleucid Empire,Near East / Central Asia,-390,-346,Political,stabilizer,EVT-CLA-0888,0.6396,0.574,0.7237,0.8817,0.6879,0.2251,0.5022,222,0.1717,0.5846,0.4918,0.818,0.8479,0.7581,false
CHR-CLA-0889,Commander Kautilya of Kingdom of Aksum,classical_antiquity,Achaemenid Empire,Persia / Near East,248,255,Military,disruptor,EVT-CLA-0889,0.8894,0.6976,0.2247,0.5811,0.91,0.7842,0.8725,23,0.6015,0.8827,0.8105,1.25,1.25,1.25,true
CHR-CLA-0890,Strategos Rajaraja of Seleucid Empire,classical_antiquity,Seleucid Empire,Near East / Central Asia,-415,-378,Military,wildcard,EVT-CLA-0890,0.7102,0.3851,0.2979,0.7127,0.518,0.3758,0.4499,65,0.3316,0.6061,0.5214,1.0064,1.0568,1.1071,false
CHR-CLA-0891,Hierophant Franklin of Maurya Empire,classical_antiquity,Seleucid Empire,Near East / Central Asia,-464,-430,Religious,architect,EVT-CLA-0891,0.8731,0.853,0.6987,0.7972,0.7699,0.2227,0.787,154,0.2128,0.8386,0.6534,0.8577,0.8891,0.795,false
CHR-CLA-0892,Arch-Engineer Qian of Classical Greece (Polis),classical_antiquity,Kushan Empire,Central & South Asia,40,82,Scientific,stabilizer,EVT-CLA-0892,0.686,0.616,0.8184,0.726,0.4511,0.1951,0.5292,47,0.2345,0.6233,0.4721,0.8131,0.8429,0.7536,false
CHR-CLA-0893,Polymath Richelieu of Carthaginian Republic,classical_antiquity,Roman Empire (Principate/Dominate),Mediterranean / Europe,113,141,Scientific,stabilizer,EVT-CLA-0893,0.6623,0.6297,0.7844,0.8333,0.5353,0.2488,0.5477,96,0.2078,0.6164,0.4897,0.8175,0.8474,0.7577,false
CHR-CLA-0894,Polymath Khaldun of Qin & Han Dynasties,classical_antiquity,Maurya Empire,South Asia,169,197,Scientific,catalyst,EVT-CLA-0894,0.7866,0.7226,0.6004,0.7548,0.7213,0.4554,0.8797,47,0.3503,0.8239,0.6657,1.1022,1.2072,1.1547,false
CHR-CLA-0895,Mint Overseer Nizam of Carthaginian Republic,classical_antiquity,Achaemenid Empire,Persia / Near East,-786,-779,Economic,disruptor,EVT-CLA-0895,0.656,0.6433,0.4188,0.5793,0.8611,0.7499,0.8661,30,0.5853,0.74,0.7112,1.2229,1.25,1.25,false
CHR-CLA-0896,Master Sculptor Zhao of Qin & Han Dynasties,classical_antiquity,Kushan Empire,Central & South Asia,-254,-210,Cultural,stabilizer,EVT-CLA-0896,0.5977,0.5982,0.9388,0.8887,0.6574,0.2815,0.4596,160,0.1964,0.5425,0.4606,0.8103,0.84,0.751,false
CHR-CLA-0897,Treasurer Samudra of Gupta Empire,classical_antiquity,Qin & Han Dynasties,East Asia,-201,-172,Economic,architect,EVT-CLA-0897,0.884,0.6815,0.888,0.7174,0.6047,0.429,0.5772,148,0.3558,0.7613,0.5902,0.8422,0.873,0.7806,false
CHR-CLA-0898,Prefect Imhotep of Roman Republic,classical_antiquity,Seleucid Empire,Near East / Central Asia,417,428,Political,stabilizer,EVT-CLA-0898,0.6925,0.7146,0.7675,0.8062,0.6102,0.227,0.4165,198,0.2104,0.5821,0.5013,0.8203,0.8503,0.7603,false
CHR-CLA-0899,Arch-Engineer Franklin of Roman Republic,classical_antiquity,Sasanian Empire,Persia,269,290,Scientific,disruptor,EVT-CLA-0899,0.7676,0.7081,0.3497,0.3489,0.9146,0.8116,0.9442,28,0.7314,0.8382,0.7963,1.25,1.25,1.25,true
CHR-CLA-0900,Guild Master Mursili of Seleucid Empire,classical_antiquity,Gupta Empire,South Asia,-734,-725,Economic,catalyst,EVT-CLA-0900,0.5132,0.8674,0.4971,0.5723,0.8193,0.5019,0.8067,50,0.4648,0.6306,0.6493,1.097,1.2015,1.1493,false
CHR-CLA-0901,Marshal Ramesses of Achaemenid Empire,classical_antiquity,Achaemenid Empire,Persia / Near East,-394,-362,Military,stabilizer,EVT-CLA-0901,0.7494,0.6667,0.7958,0.7818,0.5138,0.1567,0.6781,181,0.1874,0.7209,0.521,0.8252,0.8553,0.7648,false
CHR-CLA-0902,Minister Otto of Roman Republic,classical_antiquity,Kingdom of Aksum,Horn of Africa,388,419,Political,wildcard,EVT-CLA-0902,0.7049,0.4937,0.4574,0.7943,0.2157,0.4026,0.6403,35,0.3041,0.6791,0.5036,1.0011,1.0511,1.1012,false
CHR-CLA-0903,Master Sculptor Justinian of Maurya Empire,classical_antiquity,Carthaginian Republic,Western Mediterranean,-54,-33,Cultural,stabilizer,EVT-CLA-0903,0.721,0.6925,0.8019,0.8992,0.5872,0.2411,0.4325,170,0.1709,0.6056,0.4981,0.8195,0.8495,0.7596,false
CHR-CLA-0904,Scribe Al-Mansur of Classical Greece (Polis),classical_antiquity,Roman Republic,Mediterranean,-540,-514,Cultural,architect,EVT-CLA-0904,0.7503,0.6769,0.8297,0.8906,0.5186,0.309,0.6125,34,0.2092,0.6951,0.5276,0.8268,0.857,0.7663,false
CHR-CLA-0905,Metallurgist Baldwin of Achaemenid Empire,classical_antiquity,Roman Empire (Principate/Dominate),Mediterranean / Europe,151,177,Scientific,catalyst,EVT-CLA-0905,0.8042,0.672,0.4651,0.693,0.8471,0.5017,0.7223,15,0.4043,0.7715,0.6814,1.1071,1.2126,1.1598,false
CHR-CLA-0906,Chancellor Chen of Classical Greece (Polis),classical_antiquity,Maurya Empire,South Asia,458,476,Political,catalyst,EVT-CLA-0906,0.5487,0.7723,0.6788,0.66,0.7282,0.6741,0.8714,26,0.5071,0.6778,0.6432,1.0951,1.1994,1.1473,false
CHR-CLA-0907,Dramatist Sherman of Achaemenid Empire,classical_antiquity,Classical Greece (Polis),Mediterranean,-335,-294,Cultural,catalyst,EVT-CLA-0907,0.5893,0.8378,0.6244,0.6447,0.9288,0.5538,0.8602,16,0.4546,0.6977,0.6797,1.1066,1.212,1.1593,false
CHR-CLA-0908,Dramatist Adams of Ptolemaic Kingdom,classical_antiquity,Ptolemaic Kingdom,Egypt / Levant,225,256,Cultural,architect,EVT-CLA-0908,0.7466,0.6066,0.8039,0.8582,0.5665,0.3838,0.7927,53,0.2628,0.765,0.5658,0.8362,0.8668,0.775,false
CHR-CLA-0909,Rhetorician Ibn-Sina of Classical Greece (Polis),classical_antiquity,Sasanian Empire,Persia,-197,-185,Cultural,wildcard,EVT-CLA-0909,0.6255,0.6604,0.6729,0.5484,0.2543,0.159,0.6685,17,0.3053,0.6427,0.473,0.9919,1.0415,1.0911,false
CHR-CLA-0910,Centurion Sumner of Ptolemaic Kingdom,classical_antiquity,Kingdom of Aksum,Horn of Africa,42,80,Military,disruptor,EVT-CLA-0910,0.9397,0.7462,0.3885,0.5257,0.9014,0.7978,0.8902,13,0.636,0.9199,0.8201,1.25,1.25,1.25,true
CHR-CLA-0911,General Al-Mansur of Gupta Empire,classical_antiquity,Kushan Empire,Central & South Asia,-113,-107,Military,stabilizer,EVT-CLA-0911,0.847,0.6955,0.8365,0.7862,0.5444,0.1432,0.4983,90,0.1785,0.7075,0.521,0.8252,0.8554,0.7648,false
CHR-CLA-0912,Abbess Imhotep of Gupta Empire,classical_antiquity,Roman Republic,Mediterranean,-796,-785,Religious,architect,EVT-CLA-0912,0.7991,0.803,0.6913,0.7806,0.6962,0.2588,0.5559,42,0.2391,0.7018,0.5887,0.8418,0.8726,0.7802,false
CHR-CLA-0913,Synod Envoy Godfrey of Carthaginian Republic,classical_antiquity,Roman Empire (Principate/Dominate),Mediterranean / Europe,-175,-133,Religious,stabilizer,EVT-CLA-0913,0.848,0.7549,0.911,0.8151,0.6788,0.1501,0.5998,156,0.1675,0.7487,0.5577,0.8342,0.8647,0.7732,false
CHR-CLA-0914,Poet Laureate Samsi-Adad of Sasanian Empire,classical_antiquity,Achaemenid Empire,Persia / Near East,160,201,Cultural,catalyst,EVT-CLA-0914,0.5773,0.8758,0.709,0.6105,0.884,0.5746,0.8599,22,0.482,0.6904,0.672,1.1042,1.2094,1.1568,false
CHR-CLA-0915,Merchant Prince Chen of Roman Republic,classical_antiquity,Achaemenid Empire,Persia / Near East,105,118,Economic,catalyst,EVT-CLA-0915,0.5451,0.6742,0.7206,0.6902,0.8697,0.6039,0.7432,52,0.4568,0.6243,0.6134,1.0857,1.1891,1.1374,false
CHR-CLA-0916,Rhetorician Saladin of Maurya Empire,classical_antiquity,Sasanian Empire,Persia,-490,-483,Cultural,wildcard,EVT-CLA-0916,0.7782,0.5007,0.5354,0.6621,0.4994,0.6073,0.6128,10,0.4726,0.712,0.5909,1.0273,1.0786,1.13,false
CHR-CLA-0917,Hierophant Theodosius of Achaemenid Empire,classical_antiquity,Roman Republic,Mediterranean,-772,-759,Religious,catalyst,EVT-CLA-0917,0.7208,0.8291,0.5549,0.6066,0.804,0.4949,0.7624,14,0.4441,0.7374,0.6779,1.1061,1.2114,1.1587,false
CHR-CLA-0918,Dramatist Rimush of Classical Greece (Polis),classical_antiquity,Seleucid Empire,Near East / Central Asia,-417,-386,Cultural,disruptor,EVT-CLA-0918,0.7372,0.8149,0.4265,0.4798,0.7972,0.9256,0.7286,38,0.7229,0.7337,0.7576,1.2389,1.25,1.25,true
CHR-CLA-0919,Geometer Hattusili of Gupta Empire,classical_antiquity,Kushan Empire,Central & South Asia,134,141,Scientific,wildcard,EVT-CLA-0919,0.6372,0.5143,0.5296,0.4645,0.6352,0.1949,0.608,53,0.3652,0.6255,0.526,1.0078,1.0582,1.1086,false
CHR-CLA-0920,Geometer Sumner of Roman Empire (Principate/Dominate),classical_antiquity,Achaemenid Empire,Persia / Near East,-569,-544,Scientific,stabilizer,EVT-CLA-0920,0.586,0.7815,0.7383,0.7114,0.643,0.27,0.452,155,0.2793,0.5324,0.5091,0.8222,0.8523,0.7621,false
CHR-CLA-0921,Physician Labarna of Kingdom of Aksum,classical_antiquity,Qin & Han Dynasties,East Asia,-83,-44,Scientific,catalyst,EVT-CLA-0921,0.7902,0.7547,0.7127,0.6078,0.7202,0.7581,0.7153,43,0.5751,0.7603,0.6881,1.1093,1.2149,1.1621,false
CHR-CLA-0922,Hierophant Qian of Sasanian Empire,classical_antiquity,Roman Republic,Mediterranean,-25,-5,Religious,catalyst,EVT-CLA-0922,0.5315,0.7016,0.5984,0.6935,0.8838,0.4918,0.8242,30,0.3991,0.6486,0.6236,1.0889,1.1926,1.1408,false
CHR-CLA-0923,Viceroy Harun of Roman Republic,classical_antiquity,Kushan Empire,Central & South Asia,112,135,Political,architect,EVT-CLA-0923,0.9142,0.7846,0.8794,0.8928,0.6754,0.4433,0.7045,35,0.2753,0.8303,0.6371,0.8537,0.885,0.7913,false
CHR-CLA-0924,Consul Adams of Qin & Han Dynasties,classical_antiquity,Classical Greece (Polis),Mediterranean,148,191,Political,stabilizer,EVT-CLA-0924,0.7558,0.5554,0.8017,0.8881,0.485,0.2009,0.5755,101,0.1564,0.6837,0.4869,0.8168,0.8467,0.757,false
CHR-CLA-0925,Vizier Ashoka of Roman Empire (Principate/Dominate),classical_antiquity,Kingdom of Aksum,Horn of Africa,262,299,Political,stabilizer,EVT-CLA-0925,0.6496,0.6694,0.7763,0.824,0.6099,0.2381,0.4737,164,0.2071,0.5793,0.4922,0.8181,0.848,0.7582,false
CHR-CLA-0926,Alchemist Dara of Classical Greece (Polis),classical_antiquity,Achaemenid Empire,Persia / Near East,-537,-504,Scientific,catalyst,EVT-CLA-0926,0.5922,0.7199,0.7037,0.6118,0.9071,0.5013,0.7148,59,0.4448,0.6412,0.6236,1.0889,1.1926,1.1408,false
CHR-CLA-0927,Guild Master Labarna of Qin & Han Dynasties,classical_antiquity,Roman Empire (Principate/Dominate),Mediterranean / Europe,-791,-764,Economic,architect,EVT-CLA-0927,0.891,0.7938,0.7147,0.7144,0.7698,0.2945,0.6612,74,0.2901,0.799,0.6435,0.8553,0.8866,0.7927,false
CHR-CLA-0928,Physician Narmer of Seleucid Empire,classical_antiquity,Classical Greece (Polis),Mediterranean,-694,-686,Scientific,architect,EVT-CLA-0928,0.7027,0.6731,0.8457,0.8962,0.5894,0.1979,0.6376,67,0.1508,0.6767,0.511,0.8227,0.8528,0.7625,false
CHR-CLA-0929,Prefect Mentuhotep of Ptolemaic Kingdom,classical_antiquity,Roman Empire (Principate/Dominate),Mediterranean / Europe,237,256,Political,wildcard,EVT-CLA-0929,0.7036,0.6843,0.4797,0.6376,0.4267,0.4323,0.5229,42,0.3973,0.6313,0.556,1.0168,1.0676,1.1185,false
CHR-CLA-0930,Master Sculptor Hamilton of Seleucid Empire,classical_antiquity,Kushan Empire,Central & South Asia,355,376,Cultural,disruptor,EVT-CLA-0930,0.648,0.8153,0.4025,0.4044,0.718,0.7817,0.9286,31,0.6886,0.7603,0.7381,1.2321,1.25,1.25,false
CHR-CLA-0931,Hierophant Otto of Roman Republic,classical_antiquity,Kushan Empire,Central & South Asia,-506,-473,Religious,stabilizer,EVT-CLA-0931,0.7705,0.6219,0.7357,0.7696,0.5435,0.3297,0.6651,62,0.28,0.7284,0.5546,0.8334,0.8639,0.7724,false
CHR-CLA-0932,Guild Master Aurelius of Achaemenid Empire,classical_antiquity,Ptolemaic Kingdom,Egypt / Levant,16,56,Economic,catalyst,EVT-CLA-0932,0.646,0.8031,0.6679,0.7666,0.7924,0.5755,0.7249,45,0.4044,0.6776,0.6408,1.0943,1.1986,1.1465,false
CHR-CLA-0933,Chronicler Cao of Ptolemaic Kingdom,classical_antiquity,Gupta Empire,South Asia,141,146,Cultural,catalyst,EVT-CLA-0933,0.5221,0.9055,0.4699,0.5502,0.8225,0.5116,0.8558,22,0.4807,0.6556,0.6703,1.1037,1.2088,1.1562,false
CHR-CLA-0934,Commander Constantine of Kingdom of Aksum,classical_antiquity,Sasanian Empire,Persia,134,161,Military,catalyst,EVT-CLA-0934,0.5233,0.6944,0.7436,0.7046,0.7472,0.6896,0.7934,43,0.4925,0.6314,0.6099,1.0846,1.1879,1.1363,false
CHR-CLA-0935,Consul Ramesses of Maurya Empire,classical_antiquity,Kingdom of Aksum,Horn of Africa,-506,-478,Political,catalyst,EVT-CLA-0935,0.5503,0.8001,0.6244,0.6769,0.9038,0.5161,0.8057,31,0.4196,0.6525,0.6451,1.0957,1.2001,1.1479,false
CHR-CLA-0936,Pontiff Suppiluliuma of Qin & Han Dynasties,classical_antiquity,Maurya Empire,South Asia,-719,-695,Religious,stabilizer,EVT-CLA-0936,0.7112,0.5782,0.7283,0.7478,0.5454,0.1297,0.4112,39,0.1909,0.5912,0.4673,0.8119,0.8417,0.7525,false
CHR-CLA-0937,High Priest Puduhepa of Roman Republic,classical_antiquity,Parthian Empire,Persia,-693,-666,Religious,catalyst,EVT-CLA-0937,0.5025,0.7972,0.5598,0.6059,0.8345,0.6977,0.7866,44,0.5459,0.6161,0.6567,1.0994,1.2041,1.1517,false
CHR-CLA-0938,Alchemist Zhao of Ptolemaic Kingdom,classical_antiquity,Roman Republic,Mediterranean,466,491,Scientific,disruptor,EVT-CLA-0938,0.8701,0.6217,0.2815,0.6019,0.9079,0.8966,0.7974,36,0.6474,0.841,0.7928,1.25,1.25,1.25,true
CHR-CLA-0939,Warlord Zhang of Classical Greece (Polis),classical_antiquity,Sasanian Empire,Persia,-653,-648,Military,catalyst,EVT-CLA-0939,0.5757,0.8815,0.7119,0.6416,0.8194,0.5398,0.7971,27,0.4491,0.6643,0.6463,1.0961,1.2005,1.1483,false
CHR-CLA-0940,Chronicler Al-Mansur of Achaemenid Empire,classical_antiquity,Ptolemaic Kingdom,Egypt / Levant,-432,-412,Cultural,stabilizer,EVT-CLA-0940,0.7381,0.6301,0.8705,0.7797,0.456,0.1616,0.5283,37,0.1909,0.6542,0.4749,0.8138,0.8436,0.7543,false
CHR-CLA-0941,Patriarch Nizam of Kushan Empire,classical_antiquity,Parthian Empire,Persia,-38,5,Religious,stabilizer,EVT-CLA-0941,0.5902,0.7879,0.7768,0.7858,0.5305,0.1486,0.5452,68,0.1814,0.5722,0.4824,0.8157,0.8455,0.756,false
CHR-CLA-0942,Senator Gao of Roman Empire (Principate/Dominate),classical_antiquity,Kingdom of Aksum,Horn of Africa,-523,-486,Political,disruptor,EVT-CLA-0942,0.6562,0.8494,0.2267,0.4485,0.7856,0.662,0.8687,32,0.6068,0.7412,0.7438,1.2341,1.25,1.25,false
CHR-CLA-0943,Cardinal Mentuhotep of Parthian Empire,classical_antiquity,Parthian Empire,Persia,-489,-477,Religious,disruptor,EVT-CLA-0943,0.664,0.7809,0.3217,0.3515,0.8788,0.7598,0.8647,18,0.7041,0.7443,0.7589,1.2393,1.25,1.25,true
CHR-CLA-0944,Patriarch Constantine of Achaemenid Empire,classical_antiquity,Roman Empire (Principate/Dominate),Mediterranean / Europe,-192,-177,Religious,stabilizer,EVT-CLA-0944,0.663,0.7659,0.9209,0.6993,0.6994,0.1402,0.6614,165,0.2204,0.6624,0.5287,0.8271,0.8573,0.7666,false
CHR-CLA-0945,Strategos Song of Kushan Empire,classical_antiquity,Qin & Han Dynasties,East Asia,-491,-467,Military,wildcard,EVT-CLA-0945,0.4114,0.8003,0.6311,0.7928,0.8413,0.7111,0.6552,22,0.4592,0.5089,0.6013,1.0304,1.0819,1.1334,false
CHR-CLA-0946,Patriarch Aurelius of Roman Republic,classical_antiquity,Seleucid Empire,Near East / Central Asia,-526,-511,Religious,wildcard,EVT-CLA-0946,0.608,0.8073,0.352,0.2686,0.2195,0.6938,0.6399,39,0.7126,0.6208,0.6074,1.0322,1.0838,1.1355,false
CHR-CLA-0947,Arch-Engineer Adams of Kushan Empire,classical_antiquity,Sasanian Empire,Persia,-520,-497,Scientific,stabilizer,EVT-CLA-0947,0.7111,0.6129,0.8934,0.6896,0.5351,0.1241,0.4133,237,0.2172,0.592,0.4568,0.8094,0.839,0.7501,false
CHR-CLA-0948,Guild Master Adams of Parthian Empire,classical_antiquity,Roman Republic,Mediterranean,-745,-737,Economic,disruptor,EVT-CLA-0948,0.7587,0.7327,0.2708,0.3777,0.7768,0.7479,0.7899,11,0.6851,0.7712,0.7508,1.2365,1.25,1.25,true
CHR-CLA-0949,Warlord Averroes of Kingdom of Aksum,classical_antiquity,Roman Empire (Principate/Dominate),Mediterranean / Europe,-468,-437,Military,disruptor,EVT-CLA-0949,0.6271,0.632,0.2983,0.4155,0.9021,0.7597,0.9537,38,0.6721,0.7578,0.7433,1.2339,1.25,1.25,false
CHR-CLA-0950,Admiral Godfrey of Carthaginian Republic,classical_antiquity,Kushan Empire,Central & South Asia,-771,-727,Military,catalyst,EVT-CLA-0950,0.8088,0.6889,0.491,0.5767,0.8407,0.7023,0.785,46,0.5628,0.7993,0.7268,1.1214,1.2282,1.1748,false
CHR-CLA-0951,Alchemist Friedrich of Roman Empire (Principate/Dominate),classical_antiquity,Achaemenid Empire,Persia / Near East,355,379,Scientific,wildcard,EVT-CLA-0951,0.8417,0.5074,0.1686,0.7352,0.3628,0.8241,0.4007,24,0.5445,0.6653,0.6211,1.0363,1.0881,1.1399,false
CHR-CLA-0952,Alchemist Enheduanna of Achaemenid Empire,classical_antiquity,Classical Greece (Polis),Mediterranean,55,60,Scientific,wildcard,EVT-CLA-0952,0.4373,0.7985,0.3636,0.7554,0.3346,0.6474,0.7035,68,0.446,0.5438,0.5578,1.0173,1.0682,1.1191,false
CHR-CLA-0953,Marshal Rimush of Roman Empire (Principate/Dominate),classical_antiquity,Achaemenid Empire,Persia / Near East,-635,-621,Military,catalyst,EVT-CLA-0953,0.6812,0.8166,0.5501,0.5866,0.8016,0.6924,0.8911,45,0.5529,0.7651,0.7162,1.1181,1.2246,1.1714,false
CHR-CLA-0954,Alchemist Sherman of Sasanian Empire,classical_antiquity,Maurya Empire,South Asia,404,418,Scientific,architect,EVT-CLA-0954,0.7807,0.8757,0.8682,0.8609,0.6977,0.399,0.8044,155,0.269,0.7902,0.6318,0.8524,0.8836,0.7901,false
CHR-CLA-0955,Chamberlain Belisarius of Roman Empire (Principate/Dominate),classical_antiquity,Qin & Han Dynasties,East Asia,-298,-289,Economic,stabilizer,EVT-CLA-0955,0.6789,0.6382,0.7845,0.7987,0.6094,0.1667,0.6736,121,0.184,0.6768,0.5145,0.8236,0.8537,0.7633,false
CHR-CLA-0956,Pontiff Zhao of Roman Empire (Principate/Dominate),classical_antiquity,Gupta Empire,South Asia,-470,-444,Religious,wildcard,EVT-CLA-0956,0.6367,0.8414,0.3385,0.6814,0.3317,0.3624,0.5026,61,0.3405,0.5831,0.547,1.0141,1.0648,1.1155,false
CHR-CLA-0957,Marshal Hathor of Classical Greece (Polis),classical_antiquity,Roman Republic,Mediterranean,-53,-40,Military,catalyst,EVT-CLA-0957,0.5329,0.6785,0.6572,0.6931,0.822,0.7679,0.7278,29,0.5374,0.6109,0.6323,1.0917,1.1956,1.1437,false
CHR-CLA-0958,Dramatist Qian of Kingdom of Aksum,classical_antiquity,Carthaginian Republic,Western Mediterranean,-158,-127,Cultural,wildcard,EVT-CLA-0958,0.8502,0.842,0.2189,0.5285,0.6579,0.3146,0.4973,54,0.3931,0.709,0.661,1.0483,1.1007,1.1531,false
CHR-CLA-0959,Scribe Seneb of Achaemenid Empire,classical_antiquity,Kingdom of Aksum,Horn of Africa,-736,-711,Cultural,architect,EVT-CLA-0959,0.6967,0.8731,0.6822,0.73,0.7644,0.4468,0.7491,141,0.3584,0.7177,0.6445,0.8555,0.8868,0.7929,false
CHR-CLA-0960,Legate Khaldun of Kingdom of Aksum,classical_antiquity,Kingdom of Aksum,Horn of Africa,472,488,Military,stabilizer,EVT-CLA-0960,0.6343,0.6988,0.7955,0.7937,0.4621,0.2163,0.5853,191,0.2113,0.6147,0.4837,0.816,0.8458,0.7563,false
CHR-CLA-0961,General Sherman of Parthian Empire,classical_antiquity,Parthian Empire,Persia,-30,10,Military,stabilizer,EVT-CLA-0961,0.729,0.6945,0.8164,0.8895,0.4853,0.2093,0.4896,90,0.1599,0.6332,0.4879,0.817,0.8469,0.7573,false
CHR-CLA-0962,Polymath Baldwin of Kingdom of Aksum,classical_antiquity,Seleucid Empire,Near East / Central Asia,-151,-146,Scientific,wildcard,EVT-CLA-0962,0.5952,0.8201,0.6224,0.4406,0.7846,0.4526,0.5556,38,0.506,0.5794,0.6065,1.0319,1.0835,1.1351,false
CHR-CLA-0963,Customs Director Talleyrand of Carthaginian Republic,classical_antiquity,Maurya Empire,South Asia,-178,-172,Economic,stabilizer,EVT-CLA-0963,0.7941,0.5609,0.9103,0.6978,0.6658,0.3086,0.4825,231,0.3054,0.6695,0.5253,0.8262,0.8564,0.7658,false
CHR-CLA-0964,Minister Godfrey of Qin & Han Dynasties,classical_antiquity,Sasanian Empire,Persia,-441,-425,Political,stabilizer,EVT-CLA-0964,0.5962,0.7143,0.9267,0.6868,0.6374,0.2625,0.6243,232,0.2878,0.6075,0.5078,0.8219,0.852,0.7618,false
CHR-CLA-0965,Mint Overseer Vikram of Kingdom of Aksum,classical_antiquity,Maurya Empire,South Asia,-269,-236,Economic,architect,EVT-CLA-0965,0.6575,0.6054,0.8747,0.8483,0.7145,0.3851,0.5625,61,0.2684,0.6195,0.5246,0.8261,0.8563,0.7656,false
CHR-CLA-0966,General Puduhepa of Roman Republic,classical_antiquity,Qin & Han Dynasties,East Asia,483,500,Military,architect,EVT-CLA-0966,0.7528,0.8523,0.8988,0.7834,0.7578,0.2044,0.7505,102,0.2105,0.7519,0.5939,0.8431,0.8739,0.7814,false
CHR-CLA-0967,Strategos Justinian of Roman Republic,classical_antiquity,Roman Republic,Mediterranean,-95,-76,Military,catalyst,EVT-CLA-0967,0.809,0.8302,0.6881,0.5554,0.7973,0.6072,0.9189,58,0.5259,0.8529,0.7287,1.122,1.2289,1.1755,false
CHR-CLA-0968,Arch-Engineer Khaldun of Kingdom of Aksum,classical_antiquity,Roman Empire (Principate/Dominate),Mediterranean / Europe,226,258,Scientific,catalyst,EVT-CLA-0968,0.5324,0.7422,0.7053,0.6781,0.8491,0.702,0.8678,56,0.5119,0.6666,0.6528,1.0981,1.2027,1.1504,false
CHR-CLA-0969,Treasurer Thutmose of Gupta Empire,classical_antiquity,Sasanian Empire,Persia,-151,-128,Economic,disruptor,EVT-CLA-0969,0.913,0.733,0.3892,0.5055,0.9213,0.9191,0.7639,19,0.7068,0.8533,0.8147,1.25,1.25,1.25,true
CHR-CLA-0970,Centurion Zhang of Achaemenid Empire,classical_antiquity,Kushan Empire,Central & South Asia,-452,-441,Military,stabilizer,EVT-CLA-0970,0.7281,0.5911,0.744,0.86,0.6121,0.1542,0.4528,103,0.1471,0.618,0.4862,0.8166,0.8465,0.7568,false
CHR-CLA-0971,Poet Laureate Thutmose of Qin & Han Dynasties,classical_antiquity,Carthaginian Republic,Western Mediterranean,-350,-333,Cultural,disruptor,EVT-CLA-0971,0.8379,0.5726,0.5137,0.6049,0.8389,0.913,0.7445,45,0.6541,0.8005,0.7382,1.2322,1.25,1.25,false
CHR-CLA-0972,Senator Nizam of Carthaginian Republic,classical_antiquity,Maurya Empire,South Asia,-206,-164,Political,disruptor,EVT-CLA-0972,0.8195,0.5248,0.2237,0.5036,0.9469,0.8848,0.8834,20,0.6906,0.8451,0.7933,1.25,1.25,1.25,true
CHR-CLA-0973,Syndic Leonidas of Parthian Empire,classical_antiquity,Qin & Han Dynasties,East Asia,-22,-11,Economic,wildcard,EVT-CLA-0973,0.783,0.3508,0.3699,0.5845,0.4053,0.7992,0.8334,56,0.6073,0.8032,0.6378,1.0414,1.0934,1.1455,false
CHR-CLA-0974,Metallurgist Samudra of Seleucid Empire,classical_antiquity,Kushan Empire,Central & South Asia,317,356,Scientific,disruptor,EVT-CLA-0974,0.8871,0.5973,0.4409,0.4209,0.7531,0.8884,0.8639,42,0.7337,0.8778,0.772,1.2439,1.25,1.25,true
CHR-CLA-0975,Commander Labarna of Qin & Han Dynasties,classical_antiquity,Qin & Han Dynasties,East Asia,-485,-478,Military,architect,EVT-CLA-0975,0.6973,0.6766,0.869,0.8649,0.7699,0.2755,0.7194,62,0.2053,0.7061,0.5604,0.8349,0.8654,0.7738,false
CHR-CLA-0976,Geometer Samudra of Parthian Empire,classical_antiquity,Roman Republic,Mediterranean,-232,-198,Scientific,disruptor,EVT-CLA-0976,0.6662,0.6814,0.4739,0.5647,0.896,0.6866,0.7971,14,0.561,0.7185,0.7001,1.219,1.25,1.25,false
CHR-CLA-0977,Centurion Rajaraja of Sasanian Empire,classical_antiquity,Maurya Empire,South Asia,96,103,Military,stabilizer,EVT-CLA-0977,0.7169,0.7408,0.7794,0.7206,0.4814,0.1721,0.5362,64,0.2257,0.6446,0.5048,0.8212,0.8512,0.7611,false
CHR-CLA-0978,Customs Director Solon of Seleucid Empire,classical_antiquity,Gupta Empire,South Asia,-47,-32,Economic,stabilizer,EVT-CLA-0978,0.6807,0.56,0.8954,0.8293,0.6981,0.2275,0.4492,65,0.1991,0.5881,0.4794,0.8149,0.8447,0.7553,false
CHR-CLA-0979,Chancellor Nizam of Gupta Empire,classical_antiquity,Carthaginian Republic,Western Mediterranean,280,325,Political,wildcard,EVT-CLA-0979,0.8703,0.7132,0.2189,0.249,0.3651,0.4168,0.6503,46,0.5839,0.7823,0.655,1.0465,1.0988,1.1512,false
CHR-CLA-0980,General Gao of Gupta Empire,classical_antiquity,Ptolemaic Kingdom,Egypt / Levant,-599,-594,Military,architect,EVT-CLA-0980,0.809,0.7699,0.8326,0.7162,0.7675,0.2612,0.6703,144,0.2725,0.7535,0.6035,0.8455,0.8764,0.7836,false
CHR-CLA-0981,Chamberlain Richelieu of Achaemenid Empire,classical_antiquity,Roman Republic,Mediterranean,-788,-756,Economic,disruptor,EVT-CLA-0981,0.6812,0.8273,0.3958,0.5568,0.8579,0.776,0.883,15,0.6096,0.7619,0.7545,1.2378,1.25,1.25,true
CHR-CLA-0982,Mint Overseer Kautilya of Seleucid Empire,classical_antiquity,Sasanian Empire,Persia,-202,-178,Economic,disruptor,EVT-CLA-0982,0.8215,0.6743,0.3169,0.3277,0.8547,0.9067,0.8081,30,0.7895,0.8161,0.7939,1.25,1.25,1.25,true
CHR-CLA-0983,Astronomer Cao of Parthian Empire,classical_antiquity,Maurya Empire,South Asia,475,500,Scientific,disruptor,EVT-CLA-0983,0.8505,0.7367,0.4184,0.4881,0.792,0.863,0.9563,46,0.6874,0.8928,0.7986,1.25,1.25,1.25,true
CHR-CLA-0984,Metallurgist Tiglath of Ptolemaic Kingdom,classical_antiquity,Classical Greece (Polis),Mediterranean,-448,-443,Scientific,wildcard,EVT-CLA-0984,0.8392,0.6044,0.3509,0.6591,0.6917,0.2428,0.4646,37,0.2918,0.6894,0.5923,1.0277,1.0791,1.1305,false
CHR-CLA-0985,Guild Master Sumner of Ptolemaic Kingdom,classical_antiquity,Gupta Empire,South Asia,-767,-731,Economic,architect,EVT-CLA-0985,0.7323,0.8109,0.8893,0.7032,0.6124,0.2837,0.6398,35,0.2902,0.6953,0.561,0.835,0.8656,0.7739,false
CHR-CLA-0986,Arch-Engineer Mirabeau of Classical Greece (Polis),classical_antiquity,Carthaginian Republic,Western Mediterranean,229,269,Scientific,disruptor,EVT-CLA-0986,0.697,0.8324,0.4651,0.5435,0.9427,0.9192,0.9298,38,0.6879,0.7901,0.7942,1.25,1.25,1.25,true
CHR-CLA-0987,Chronicler Zhang of Kingdom of Aksum,classical_antiquity,Classical Greece (Polis),Mediterranean,236,248,Cultural,disruptor,EVT-CLA-0987,0.7714,0.6693,0.4387,0.6275,0.8245,0.7523,0.8621,21,0.5624,0.8077,0.7338,1.2307,1.25,1.25,false
CHR-CLA-0988,Chronicler Friedrich of Roman Republic,classical_antiquity,Kushan Empire,Central & South Asia,118,129,Cultural,catalyst,EVT-CLA-0988,0.615,0.8248,0.6828,0.6139,0.8792,0.6884,0.8673,16,0.5372,0.7159,0.6937,1.111,1.2168,1.1639,false
CHR-CLA-0989,Hierophant Baldwin of Roman Empire (Principate/Dominate),classical_antiquity,Carthaginian Republic,Western Mediterranean,-187,-169,Religious,wildcard,EVT-CLA-0989,0.5698,0.7013,0.2086,0.2598,0.3639,0.3212,0.6923,70,0.5307,0.6188,0.5704,1.0211,1.0722,1.1232,false
CHR-CLA-0990,Commander Sun of Kushan Empire,classical_antiquity,Gupta Empire,South Asia,-624,-581,Military,disruptor,EVT-CLA-0990,0.6814,0.8302,0.459,0.3949,0.7447,0.8843,0.8752,28,0.7447,0.759,0.7549,1.2379,1.25,1.25,true
CHR-CLA-0991,Philosopher Thutmose of Classical Greece (Polis),classical_antiquity,Sasanian Empire,Persia,22,44,Cultural,catalyst,EVT-CLA-0991,0.6605,0.8549,0.6721,0.6646,0.7399,0.6338,0.7205,28,0.4846,0.6845,0.657,1.0995,1.2042,1.1518,false
CHR-CLA-0992,Astronomer Wilhelm of Gupta Empire,classical_antiquity,Classical Greece (Polis),Mediterranean,29,38,Scientific,catalyst,EVT-CLA-0992,0.6867,0.8378,0.5292,0.6245,0.839,0.5409,0.8739,38,0.4582,0.7616,0.7013,1.1134,1.2194,1.1664,false
CHR-CLA-0993,Merchant Prince Vikram of Sasanian Empire,classical_antiquity,Roman Empire (Principate/Dominate),Mediterranean / Europe,-357,-327,Economic,stabilizer,EVT-CLA-0993,0.6343,0.6797,0.7444,0.7345,0.5129,0.2069,0.6304,124,0.2362,0.6327,0.5019,0.8205,0.8505,0.7604,false
CHR-CLA-0994,Cardinal Hattusili of Kushan Empire,classical_antiquity,Seleucid Empire,Near East / Central Asia,-456,-430,Religious,disruptor,EVT-CLA-0994,0.8366,0.5968,0.2574,0.4881,0.8556,0.9336,0.9325,48,0.7228,0.875,0.8068,1.25,1.25,1.25,true
CHR-CLA-0995,Senator Mazarin of Ptolemaic Kingdom,classical_antiquity,Achaemenid Empire,Persia / Near East,-674,-632,Political,wildcard,EVT-CLA-0995,0.5205,0.5312,0.3599,0.565,0.737,0.6846,0.6389,39,0.5598,0.5679,0.6046,1.0314,1.083,1.1345,false
CHR-CLA-0996,High Priest Chen of Sasanian Empire,classical_antiquity,Maurya Empire,South Asia,-175,-135,Religious,stabilizer,EVT-CLA-0996,0.6752,0.6939,0.7853,0.8702,0.5092,0.2193,0.4104,57,0.1745,0.5693,0.4717,0.813,0.8428,0.7535,false
CHR-CLA-0997,Imam Li of Kingdom of Aksum,classical_antiquity,Kingdom of Aksum,Horn of Africa,305,317,Religious,wildcard,EVT-CLA-0997,0.4015,0.4434,0.3303,0.7894,0.666,0.4366,0.7425,23,0.3236,0.5379,0.5212,1.0063,1.0567,1.107,false
CHR-CLA-0998,Scribe Necker of Maurya Empire,classical_antiquity,Roman Republic,Mediterranean,-496,-461,Cultural,stabilizer,EVT-CLA-0998,0.5891,0.7993,0.7334,0.8146,0.6828,0.1381,0.4113,140,0.1618,0.518,0.4879,0.817,0.8469,0.7572,false
CHR-CLA-0999,Treasurer Chen of Qin & Han Dynasties,classical_antiquity,Seleucid Empire,Near East / Central Asia,-749,-735,Economic,catalyst,EVT-CLA-0999,0.643,0.7591,0.6028,0.7597,0.8716,0.7326,0.7076,51,0.4865,0.6688,0.6731,1.1045,1.2097,1.1571,false
CHR-CLA-1000,Master Sculptor Zhao of Maurya Empire,classical_antiquity,Qin & Han Dynasties,East Asia,366,395,Cultural,wildcard,EVT-CLA-1000,0.7591,0.5806,0.5222,0.2676,0.2685,0.1578,0.7547,19,0.4451,0.7573,0.5384,1.0115,1.0621,1.1127,false
CHR-CLA-1001,Vizier Franklin of Kushan Empire,classical_antiquity,Roman Empire (Principate/Dominate),Mediterranean / Europe,-152,-118,Political,catalyst,EVT-CLA-1001,0.5352,0.9044,0.5178,0.5681,0.7696,0.5255,0.7141,38,0.4787,0.6067,0.6407,1.0943,1.1985,1.1464,false
CHR-CLA-1002,Guild Master Heinrich of Roman Republic,classical_antiquity,Ptolemaic Kingdom,Egypt / Levant,-366,-326,Economic,stabilizer,EVT-CLA-1002,0.8454,0.6508,0.9018,0.8715,0.6965,0.1475,0.6272,174,0.138,0.7581,0.5459,0.8313,0.8617,0.7705,false
CHR-CLA-1003,Legate Saladin of Seleucid Empire,classical_antiquity,Maurya Empire,South Asia,-68,-53,Military,stabilizer,EVT-CLA-1003,0.6093,0.6112,0.8087,0.7476,0.6444,0.2712,0.4727,109,0.2618,0.5547,0.484,0.8161,0.8459,0.7564,false
CHR-CLA-1004,Polymath Tiglath of Achaemenid Empire,classical_antiquity,Qin & Han Dynasties,East Asia,261,297,Scientific,architect,EVT-CLA-1004,0.9153,0.8169,0.7312,0.8164,0.6759,0.1964,0.568,125,0.19,0.7764,0.6035,0.8455,0.8764,0.7836,false
CHR-CLA-1005,Pontiff Harsha of Roman Empire (Principate/Dominate),classical_antiquity,Qin & Han Dynasties,East Asia,-789,-772,Religious,disruptor,EVT-CLA-1005,0.6477,0.5947,0.423,0.5051,0.8412,0.9267,0.7396,27,0.7108,0.6844,0.7097,1.2223,1.25,1.25,false
CHR-CLA-1006,Centurion Mazarin of Kingdom of Aksum,classical_antiquity,Gupta Empire,South Asia,-652,-628,Military,wildcard,EVT-CLA-1006,0.625,0.3712,0.2082,0.7238,0.7953,0.3297,0.4745,27,0.3029,0.5648,0.5448,1.0135,1.0641,1.1148,false
CHR-CLA-1007,Prefect Marshall of Seleucid Empire,classical_antiquity,Carthaginian Republic,Western Mediterranean,-743,-731,Political,wildcard,EVT-CLA-1007,0.6326,0.5973,0.4296,0.7668,0.6058,0.5453,0.8622,46,0.3892,0.7245,0.6184,1.0355,1.0873,1.1391,false
CHR-CLA-1008,Arch-Engineer Sherman of Achaemenid Empire,classical_antiquity,Carthaginian Republic,Western Mediterranean,-273,-267,Scientific,disruptor,EVT-CLA-1008,0.8439,0.5661,0.3217,0.5928,0.84,0.9184,0.8843,20,0.6628,0.8601,0.7805,1.2468,1.25,1.25,true
CHR-CLA-1009,Viceroy Wilhelm of Roman Republic,classical_antiquity,Seleucid Empire,Near East / Central Asia,-343,-333,Political,disruptor,EVT-CLA-1009,0.9311,0.8175,0.4473,0.5522,0.908,0.9216,0.7539,36,0.6847,0.8602,0.8206,1.25,1.25,1.25,true
CHR-CLA-1010,Mint Overseer Tariq of Kushan Empire,classical_antiquity,Parthian Empire,Persia,-333,-312,Economic,wildcard,EVT-CLA-1010,0.7061,0.7063,0.5974,0.4736,0.2656,0.7997,0.5267,46,0.663,0.6343,0.5878,1.0264,1.0777,1.129,false
CHR-CLA-1011,Chronicler Seneb of Classical Greece (Polis),classical_antiquity,Carthaginian Republic,Western Mediterranean,-709,-691,Cultural,wildcard,EVT-CLA-1011,0.4032,0.357,0.3794,0.3341,0.7795,0.171,0.4194,19,0.4185,0.4097,0.4552,0.9866,1.0359,1.0852,false
CHR-CLA-1012,Rhetorician Naram-Sin of Seleucid Empire,classical_antiquity,Roman Empire (Principate/Dominate),Mediterranean / Europe,-695,-674,Cultural,architect,EVT-CLA-1012,0.8291,0.7755,0.8033,0.9127,0.7536,0.2005,0.6548,108,0.1439,0.7594,0.589,0.8419,0.8727,0.7803,false
CHR-CLA-1013,Centurion Imhotep of Achaemenid Empire,classical_antiquity,Seleucid Empire,Near East / Central Asia,197,233,Military,disruptor,EVT-CLA-1013,0.8287,0.7929,0.4443,0.3302,0.7837,0.8872,0.9302,47,0.7785,0.8693,0.8053,1.25,1.25,1.25,true
CHR-CLA-1014,Centurion Bradford of Kingdom of Aksum,classical_antiquity,Qin & Han Dynasties,East Asia,-639,-605,Military,wildcard,EVT-CLA-1014,0.8479,0.5808,0.6865,0.6238,0.3112,0.7258,0.6873,62,0.551,0.7837,0.6079,1.0324,1.084,1.1356,false
CHR-CLA-1015,Strategos Richelieu of Kushan Empire,classical_antiquity,Classical Greece (Polis),Mediterranean,-150,-131,Military,stabilizer,EVT-CLA-1015,0.7072,0.7783,0.7391,0.8544,0.5804,0.3051,0.6423,58,0.2253,0.6813,0.5561,0.8338,0.8643,0.7728,false
CHR-CLA-1016,Scribe Labarna of Gupta Empire,classical_antiquity,Carthaginian Republic,Western Mediterranean,-147,-142,Cultural,wildcard,EVT-CLA-1016,0.8667,0.4807,0.462,0.297,0.7983,0.4427,0.5261,52,0.5728,0.7305,0.6428,1.0428,1.095,1.1471,false
CHR-CLA-1017,Metallurgist Al-Mansur of Achaemenid Empire,classical_antiquity,Achaemenid Empire,Persia / Near East,165,207,Scientific,architect,EVT-CLA-1017,0.8181,0.6828,0.7302,0.7698,0.6793,0.3027,0.5967,67,0.2665,0.7296,0.5822,0.8402,0.871,0.7788,false
CHR-CLA-1018,Cardinal Suppiluliuma of Classical Greece (Polis),classical_antiquity,Achaemenid Empire,Persia / Near East,94,129,Religious,disruptor,EVT-CLA-1018,0.9422,0.7055,0.4926,0.6371,0.7015,0.9135,0.9151,33,0.6382,0.9314,0.7898,1.25,1.25,1.25,true
CHR-CLA-1019,Senator Khaldun of Sasanian Empire,classical_antiquity,Roman Empire (Principate/Dominate),Mediterranean / Europe,-216,-205,Political,stabilizer,EVT-CLA-1019,0.8092,0.6882,0.8881,0.8016,0.6268,0.3245,0.6568,124,0.2615,0.7482,0.5679,0.8367,0.8673,0.7755,false
CHR-CLA-1020,Strategos Mirabeau of Parthian Empire,classical_antiquity,Roman Republic,Mediterranean,-19,-1,Military,catalyst,EVT-CLA-1020,0.7589,0.7891,0.5269,0.7508,0.745,0.7946,0.8446,40,0.5219,0.7932,0.7255,1.121,1.2278,1.1744,false
CHR-CLA-1021,Marshal Samsi-Adad of Qin & Han Dynasties,classical_antiquity,Maurya Empire,South Asia,-784,-754,Military,catalyst,EVT-CLA-1021,0.6499,0.8575,0.7429,0.6851,0.8502,0.458,0.7408,58,0.3864,0.6862,0.6399,1.0941,1.1983,1.1462,false
CHR-CLA-1022,Scribe Mazarin of Sasanian Empire,classical_antiquity,Gupta Empire,South Asia,-6,1,Cultural,architect,EVT-CLA-1022,0.8619,0.7785,0.7743,0.8775,0.7061,0.2567,0.798,158,0.1896,0.8364,0.6251,0.8508,0.8819,0.7885,false
CHR-CLA-1023,Senator Adams of Parthian Empire,classical_antiquity,Roman Empire (Principate/Dominate),Mediterranean / Europe,-448,-409,Political,catalyst,EVT-CLA-1023,0.6211,0.7965,0.7046,0.6999,0.9247,0.6372,0.9296,41,0.4687,0.7445,0.693,1.1108,1.2166,1.1637,false
CHR-CLA-1024,Chronicler Necker of Kingdom of Aksum,classical_antiquity,Parthian Empire,Persia,-92,-85,Cultural,wildcard,EVT-CLA-1024,0.8209,0.3807,0.1599,0.6876,0.3465,0.2125,0.4068,14,0.2624,0.6553,0.5068,1.002,1.0522,1.1023,false
CHR-CLA-1025,Centurion Gao of Carthaginian Republic,classical_antiquity,Carthaginian Republic,Western Mediterranean,-103,-92,Military,stabilizer,EVT-CLA-1025,0.5947,0.7977,0.735,0.7054,0.4949,0.3204,0.4713,147,0.3075,0.5453,0.5025,0.8206,0.8507,0.7606,false
CHR-CLA-1026,Chancellor Hammurabi of Qin & Han Dynasties,classical_antiquity,Roman Republic,Mediterranean,81,104,Political,stabilizer,EVT-CLA-1026,0.7134,0.6526,0.788,0.6978,0.6352,0.23,0.4257,154,0.2661,0.5983,0.5062,0.8215,0.8516,0.7614,false
CHR-CLA-1027,Senator Harun of Kingdom of Aksum,classical_antiquity,Ptolemaic Kingdom,Egypt / Levant,-66,-28,Political,catalyst,EVT-CLA-1027,0.6758,0.8508,0.4575,0.6626,0.8955,0.535,0.9391,27,0.4362,0.7811,0.7231,1.1203,1.227,1.1736,false
CHR-CLA-1028,Senator Al-Mansur of Gupta Empire,classical_antiquity,Carthaginian Republic,Western Mediterranean,170,181,Political,stabilizer,EVT-CLA-1028,0.8051,0.7557,0.7854,0.8874,0.5189,0.1879,0.4871,164,0.1502,0.6779,0.5208,0.8251,0.8553,0.7647,false
CHR-CLA-1029,Warlord Chen of Classical Greece (Polis),classical_antiquity,Roman Empire (Principate/Dominate),Mediterranean / Europe,-66,-21,Military,disruptor,EVT-CLA-1029,0.7733,0.8318,0.4601,0.4605,0.8994,0.8378,0.7356,41,0.6887,0.7582,0.77,1.2431,1.25,1.25,true
CHR-CLA-1030,Merchant Prince Qian of Kingdom of Aksum,classical_antiquity,Seleucid Empire,Near East / Central Asia,413,418,Economic,catalyst,EVT-CLA-1030,0.6701,0.9074,0.6532,0.7501,0.8696,0.5023,0.8878,20,0.3761,0.7572,0.6898,1.1098,1.2155,1.1626,false
CHR-CLA-1031,Warlord Hammurabi of Qin & Han Dynasties,classical_antiquity,Kushan Empire,Central & South Asia,-541,-508,Military,disruptor,EVT-CLA-1031,0.6354,0.5931,0.2729,0.5562,0.7671,0.8791,0.7917,24,0.6614,0.698,0.7084,1.2219,1.25,1.25,false
CHR-CLA-1032,Dramatist Hathor of Sasanian Empire,classical_antiquity,Roman Empire (Principate/Dominate),Mediterranean / Europe,344,381,Cultural,architect,EVT-CLA-1032,0.8758,0.8721,0.8662,0.8045,0.6439,0.2923,0.704,100,0.2439,0.8071,0.619,0.8493,0.8803,0.7871,false
CHR-CLA-1033,Dramatist Rajaraja of Roman Republic,classical_antiquity,Carthaginian Republic,Western Mediterranean,-54,-13,Cultural,stabilizer,EVT-CLA-1033,0.6219,0.7689,0.8894,0.7444,0.6971,0.1575,0.5367,209,0.2066,0.5878,0.5033,0.8208,0.8509,0.7608,false
CHR-CLA-1034,Guild Master Wu of Roman Empire (Principate/Dominate),classical_antiquity,Roman Republic,Mediterranean,81,89,Economic,architect,EVT-CLA-1034,0.8052,0.758,0.8793,0.8124,0.5964,0.2436,0.7367,60,0.2156,0.7778,0.573,0.8379,0.8686,0.7766,false
CHR-CLA-1035,Customs Director Colbert of Roman Empire (Principate/Dominate),classical_antiquity,Kingdom of Aksum,Horn of Africa,-449,-429,Economic,wildcard,EVT-CLA-1035,0.4114,0.585,0.535,0.338,0.5891,0.219,0.5887,15,0.4405,0.4823,0.4797,0.9939,1.0436,1.0933,false
CHR-CLA-1036,Legate Khaldun of Ptolemaic Kingdom,classical_antiquity,Roman Empire (Principate/Dominate),Mediterranean / Europe,324,346,Military,catalyst,EVT-CLA-1036,0.5485,0.9016,0.648,0.7504,0.8225,0.6303,0.7279,34,0.4399,0.6202,0.6472,1.0964,1.2008,1.1486,false
CHR-CLA-1037,Minister Kheti of Achaemenid Empire,classical_antiquity,Roman Republic,Mediterranean,-413,-372,Political,catalyst,EVT-CLA-1037,0.7075,0.7198,0.6747,0.7205,0.8508,0.663,0.859,55,0.4713,0.7681,0.6873,1.109,1.2146,1.1618,false
CHR-CLA-1038,Alchemist Leonidas of Gupta Empire,classical_antiquity,Gupta Empire,South Asia,-215,-202,Scientific,catalyst,EVT-CLA-1038,0.6759,0.8637,0.6349,0.6859,0.9391,0.7741,0.8844,42,0.5441,0.7593,0.7404,1.1257,1.2329,1.1793,false
CHR-CLA-1039,Warlord Saladin of Sasanian Empire,classical_antiquity,Maurya Empire,South Asia,-620,-615,Military,disruptor,EVT-CLA-1039,0.7938,0.8381,0.4243,0.3798,0.749,0.7995,0.9586,44,0.7099,0.8597,0.7888,1.2496,1.25,1.25,true
CHR-CLA-1040,Philosopher Zhao of Kingdom of Aksum,classical_antiquity,Seleucid Empire,Near East / Central Asia,329,364,Cultural,stabilizer,EVT-CLA-1040,0.6693,0.6439,0.9369,0.8657,0.6564,0.3284,0.5467,146,0.2313,0.6203,0.5067,0.8216,0.8517,0.7615,false
CHR-CLA-1041,Dramatist Godfrey of Roman Empire (Principate/Dominate),classical_antiquity,Sasanian Empire,Persia,121,135,Cultural,architect,EVT-CLA-1041,0.8765,0.8331,0.8582,0.7099,0.6697,0.2713,0.8133,101,0.2807,0.8513,0.6359,0.8534,0.8847,0.791,false
CHR-CLA-1042,Chamberlain Franklin of Classical Greece (Polis),classical_antiquity,Roman Empire (Principate/Dominate),Mediterranean / Europe,-740,-727,Economic,stabilizer,EVT-CLA-1042,0.7512,0.658,0.8699,0.8882,0.6637,0.2714,0.4597,125,0.1916,0.6346,0.5143,0.8235,0.8537,0.7633,false
CHR-CLA-1043,Chamberlain Imhotep of Kushan Empire,classical_antiquity,Qin & Han Dynasties,East Asia,-272,-229,Economic,stabilizer,EVT-CLA-1043,0.6294,0.7036,0.7399,0.8932,0.6382,0.2268,0.4454,101,0.1668,0.5558,0.4908,0.8177,0.8477,0.7579,false
CHR-CLA-1044,Warlord Suppiluliuma of Roman Republic,classical_antiquity,Gupta Empire,South Asia,-391,-358,Military,disruptor,EVT-CLA-1044,0.6617,0.5789,0.3026,0.437,0.8646,0.6956,0.8685,46,0.6293,0.7444,0.7145,1.224,1.25,1.25,false
CHR-CLA-1045,Prefect Mursili of Qin & Han Dynasties,classical_antiquity,Kingdom of Aksum,Horn of Africa,-727,-706,Political,architect,EVT-CLA-1045,0.8772,0.7632,0.7376,0.8604,0.6171,0.4441,0.5674,94,0.2918,0.7533,0.6113,0.8474,0.8784,0.7854,false
CHR-CLA-1046,Rhetorician Lafayette of Classical Greece (Polis),classical_antiquity,Gupta Empire,South Asia,-152,-140,Cultural,disruptor,EVT-CLA-1046,0.6888,0.6872,0.2713,0.5394,0.8704,0.6865,0.8344,7,0.5735,0.747,0.7299,1.2293,1.25,1.25,false
CHR-CLA-1047,Rhetorician Tiglath of Gupta Empire,classical_antiquity,Kushan Empire,Central & South Asia,410,448,Cultural,wildcard,EVT-CLA-1047,0.7248,0.6126,0.5968,0.3457,0.3377,0.673,0.4721,26,0.6637,0.6237,0.5685,1.0206,1.0716,1.1226,false
CHR-CLA-1048,Admiral Colbert of Kushan Empire,classical_antiquity,Gupta Empire,South Asia,313,338,Military,wildcard,EVT-CLA-1048,0.7698,0.6775,0.3969,0.569,0.3293,0.197,0.6381,12,0.314,0.7171,0.5506,1.0152,1.0659,1.1167,false
CHR-CLA-1049,Commander Mursili of Ptolemaic Kingdom,classical_antiquity,Maurya Empire,South Asia,233,246,Military,wildcard,EVT-CLA-1049,0.41,0.7223,0.5486,0.5406,0.5718,0.433,0.8086,59,0.4462,0.5694,0.551,1.0153,1.0661,1.1168,false
CHR-CLA-1050,Consul Ramesses of Maurya Empire,classical_antiquity,Kushan Empire,Central & South Asia,-645,-623,Political,stabilizer,EVT-CLA-1050,0.6032,0.6492,0.8548,0.6983,0.5281,0.1785,0.4725,36,0.2401,0.5509,0.4546,0.8088,0.8384,0.75,false
CHR-CLA-1051,Polymath Nizam of Qin & Han Dynasties,classical_antiquity,Carthaginian Republic,Western Mediterranean,276,303,Scientific,catalyst,EVT-CLA-1051,0.8019,0.666,0.7044,0.7575,0.896,0.5718,0.8086,17,0.4072,0.8046,0.6835,1.1078,1.2133,1.1606,false
CHR-CLA-1052,Dramatist Averroes of Roman Empire (Principate/Dominate),classical_antiquity,Seleucid Empire,Near East / Central Asia,-237,-209,Cultural,catalyst,EVT-CLA-1052,0.6032,0.6734,0.5267,0.5701,0.939,0.7,0.801,53,0.565,0.6823,0.6866,1.1088,1.2144,1.1616,false
CHR-CLA-1053,Senator Tiglath of Kingdom of Aksum,classical_antiquity,Roman Republic,Mediterranean,84,114,Political,disruptor,EVT-CLA-1053,0.9461,0.7812,0.4647,0.5131,0.9213,0.8727,0.8092,42,0.6798,0.8913,0.8221,1.25,1.25,1.25,true
CHR-CLA-1054,Polymath Narmer of Kushan Empire,classical_antiquity,Kingdom of Aksum,Horn of Africa,-233,-208,Scientific,disruptor,EVT-CLA-1054,0.62,0.6982,0.3514,0.5799,0.9192,0.7233,0.8424,15,0.5717,0.709,0.7183,1.2253,1.25,1.25,false
CHR-CLA-1055,Chancellor Mentuhotep of Ptolemaic Kingdom,classical_antiquity,Kushan Empire,Central & South Asia,-215,-201,Political,stabilizer,EVT-CLA-1055,0.6619,0.7567,0.9038,0.7012,0.6637,0.2391,0.638,45,0.269,0.6524,0.5347,0.8285,0.8588,0.7679,false
CHR-CLA-1056,Rhetorician Sherman of Parthian Empire,classical_antiquity,Qin & Han Dynasties,East Asia,-537,-507,Cultural,wildcard,EVT-CLA-1056,0.6382,0.4467,0.2102,0.49,0.6375,0.4351,0.4142,8,0.4725,0.5486,0.5541,1.0162,1.067,1.1178,false
CHR-CLA-1057,Centurion Justinian of Achaemenid Empire,classical_antiquity,Kushan Empire,Central & South Asia,89,132,Military,wildcard,EVT-CLA-1057,0.7061,0.5973,0.636,0.2334,0.4762,0.4082,0.4578,11,0.5874,0.6068,0.5422,1.0127,1.0633,1.1139,false
CHR-CLA-1058,Chronicler Samsi-Adad of Qin & Han Dynasties,classical_antiquity,Gupta Empire,South Asia,-467,-452,Cultural,disruptor,EVT-CLA-1058,0.7206,0.7943,0.4163,0.5231,0.8888,0.8093,0.8233,38,0.6431,0.7616,0.7597,1.2396,1.25,1.25,true
CHR-CLA-1059,Senator Sun of Achaemenid Empire,classical_antiquity,Classical Greece (Polis),Mediterranean,-282,-267,Political,stabilizer,EVT-CLA-1059,0.639,0.722,0.806,0.7294,0.4935,0.2942,0.4979,206,0.2824,0.5826,0.4938,0.8185,0.8484,0.7586,false
CHR-CLA-1060,Polymath Wilhelm of Achaemenid Empire,classical_antiquity,Kushan Empire,Central & South Asia,-48,-19,Scientific,architect,EVT-CLA-1060,0.651,0.8514,0.7773,0.8683,0.6026,0.3715,0.5834,26,0.2516,0.6239,0.5529,0.833,0.8635,0.7721,false
CHR-CLA-1061,Scribe Khaldun of Parthian Empire,classical_antiquity,Kushan Empire,Central & South Asia,-740,-710,Cultural,catalyst,EVT-CLA-1061,0.5014,0.8669,0.7267,0.6659,0.837,0.7683,0.8648,31,0.5512,0.6467,0.6699,1.1035,1.2086,1.1561,false
CHR-CLA-1062,Dramatist Imhotep of Seleucid Empire,classical_antiquity,Maurya Empire,South Asia,-5,31,Cultural,wildcard,EVT-CLA-1062,0.5872,0.4844,0.3561,0.5923,0.5754,0.7115,0.6348,72,0.5596,0.6063,0.5925,1.0277,1.0791,1.1305,false
CHR-CLA-1063,Scribe Tiglath of Kushan Empire,classical_antiquity,Achaemenid Empire,Persia / Near East,-112,-96,Cultural,wildcard,EVT-CLA-1063,0.6144,0.7266,0.4199,0.7618,0.6318,0.7224,0.5069,29,0.4803,0.5714,0.6117,1.0335,1.0852,1.1369,false
CHR-CLA-1064,Centurion Harsha of Achaemenid Empire,classical_antiquity,Qin & Han Dynasties,East Asia,-482,-449,Military,catalyst,EVT-CLA-1064,0.8058,0.7508,0.4585,0.5832,0.7861,0.602,0.8877,20,0.5094,0.8386,0.7304,1.1226,1.2295,1.176,false
CHR-CLA-1065,Chamberlain Imhotep of Kushan Empire,classical_antiquity,Gupta Empire,South Asia,-500,-477,Economic,stabilizer,EVT-CLA-1065,0.723,0.7913,0.8792,0.835,0.626,0.1752,0.6722,184,0.1701,0.7027,0.5408,0.83,0.8604,0.7693,false
CHR-CLA-1066,Arch-Engineer Li of Sasanian Empire,classical_antiquity,Classical Greece (Polis),Mediterranean,246,264,Scientific,wildcard,EVT-CLA-1066,0.812,0.4237,0.6587,0.3437,0.345,0.8475,0.5642,39,0.7519,0.7129,0.597,1.0291,1.0806,1.132,false
CHR-CLA-1067,Scribe Sherman of Sasanian Empire,classical_antiquity,Gupta Empire,South Asia,434,445,Cultural,stabilizer,EVT-CLA-1067,0.8292,0.6457,0.7631,0.7089,0.5796,0.281,0.6675,204,0.286,0.7645,0.5716,0.8376,0.8683,0.7763,false
CHR-CLA-1068,Patriarch Madison of Maurya Empire,classical_antiquity,Qin & Han Dynasties,East Asia,-658,-638,Religious,wildcard,EVT-CLA-1068,0.7171,0.3711,0.6637,0.2499,0.8112,0.6016,0.5644,23,0.6759,0.656,0.6027,1.0308,1.0823,1.1339,false
CHR-CLA-1069,Scribe Aurelius of Seleucid Empire,classical_antiquity,Maurya Empire,South Asia,466,488,Cultural,architect,EVT-CLA-1069,0.8666,0.7303,0.6851,0.8499,0.7318,0.3114,0.5797,87,0.2308,0.7519,0.6086,0.8467,0.8777,0.7848,false
CHR-CLA-1070,Strategos Samsi-Adad of Kingdom of Aksum,classical_antiquity,Roman Republic,Mediterranean,-302,-277,Military,wildcard,EVT-CLA-1070,0.7098,0.3624,0.6366,0.7756,0.7345,0.3617,0.8785,16,0.293,0.7772,0.5756,1.0227,1.0738,1.1249,false
CHR-CLA-1071,Astronomer Rimush of Carthaginian Republic,classical_antiquity,Seleucid Empire,Near East / Central Asia,-759,-752,Scientific,architect,EVT-CLA-1071,0.9038,0.6525,0.6942,0.911,0.5501,0.3569,0.6409,120,0.223,0.7987,0.591,0.8424,0.8732,0.7808,false
CHR-CLA-1072,Warlord Baldwin of Seleucid Empire,classical_antiquity,Achaemenid Empire,Persia / Near East,-357,-340,Military,architect,EVT-CLA-1072,0.8096,0.7618,0.718,0.7645,0.5225,0.3571,0.6416,70,0.2963,0.7424,0.5848,0.8409,0.8716,0.7793,false
CHR-CLA-1073,Geometer Sumner of Seleucid Empire,classical_antiquity,Qin & Han Dynasties,East Asia,-440,-402,Scientific,architect,EVT-CLA-1073,0.8353,0.611,0.8739,0.856,0.7654,0.1869,0.6818,176,0.1654,0.7739,0.5654,0.8361,0.8667,0.7749,false
CHR-CLA-1074,Strategos Richelieu of Kingdom of Aksum,classical_antiquity,Roman Empire (Principate/Dominate),Mediterranean / Europe,-626,-615,Military,wildcard,EVT-CLA-1074,0.8691,0.6995,0.2129,0.5902,0.6906,0.2609,0.6776,10,0.3354,0.7925,0.6658,1.0497,1.1022,1.1547,false
CHR-CLA-1075,Customs Director Mentuhotep of Carthaginian Republic,classical_antiquity,Parthian Empire,Persia,-338,-320,Economic,disruptor,EVT-CLA-1075,0.9394,0.5095,0.4366,0.59,0.7846,0.7052,0.809,23,0.5576,0.8873,0.7329,1.2304,1.25,1.25,false
CHR-CLA-1076,Physician Hathor of Roman Empire (Principate/Dominate),classical_antiquity,Kingdom of Aksum,Horn of Africa,-328,-306,Scientific,architect,EVT-CLA-1076,0.8196,0.8527,0.7844,0.8621,0.6996,0.1879,0.7223,94,0.1629,0.7807,0.6027,0.8453,0.8762,0.7834,false
CHR-CLA-1077,Poet Laureate Tiglath of Ptolemaic Kingdom,classical_antiquity,Parthian Empire,Persia,-347,-337,Cultural,stabilizer,EVT-CLA-1077,0.66,0.7181,0.8535,0.7488,0.5454,0.2309,0.6083,79,0.2411,0.6394,0.5076,0.8219,0.8519,0.7617,false
CHR-CLA-1078,Abbess Mazarin of Roman Empire (Principate/Dominate),classical_antiquity,Gupta Empire,South Asia,-671,-653,Religious,disruptor,EVT-CLA-1078,0.6723,0.5762,0.4726,0.4517,0.8626,0.7259,0.8577,32,0.6371,0.7464,0.7016,1.2195,1.25,1.25,false
CHR-CLA-1079,Hierophant Ramesses of Seleucid Empire,classical_antiquity,Gupta Empire,South Asia,225,256,Religious,stabilizer,EVT-CLA-1079,0.7828,0.5531,0.7542,0.759,0.6846,0.1287,0.4897,56,0.1848,0.6656,0.5107,0.8226,0.8527,0.7624,false
CHR-CLA-1080,Consul Hamilton of Seleucid Empire,classical_antiquity,Sasanian Empire,Persia,290,334,Political,wildcard,EVT-CLA-1080,0.7985,0.4447,0.4556,0.5752,0.2597,0.5558,0.5504,19,0.4903,0.6993,0.5469,1.0141,1.0648,1.1155,false
CHR-CLA-1081,Governor Talleyrand of Qin & Han Dynasties,classical_antiquity,Achaemenid Empire,Persia / Near East,78,88,Political,wildcard,EVT-CLA-1081,0.8983,0.65,0.606,0.3593,0.6526,0.6632,0.7827,15,0.6519,0.8521,0.7083,1.0625,1.1156,1.1687,false
CHR-CLA-1082,Customs Director Nizam of Maurya Empire,classical_antiquity,Kingdom of Aksum,Horn of Africa,-59,-40,Economic,disruptor,EVT-CLA-1082,0.6355,0.8075,0.3356,0.4992,0.7973,0.8075,0.8909,20,0.6541,0.7376,0.7458,1.2348,1.25,1.25,false
CHR-CLA-1083,Senator Marshall of Classical Greece (Polis),classical_antiquity,Roman Empire (Principate/Dominate),Mediterranean / Europe,-218,-179,Political,catalyst,EVT-CLA-1083,0.5876,0.786,0.5993,0.6605,0.7595,0.526,0.8675,55,0.4327,0.6995,0.6448,1.0956,1.2,1.1478,false
CHR-CLA-1084,Marshal Saladin of Maurya Empire,classical_antiquity,Parthian Empire,Persia,107,126,Military,wildcard,EVT-CLA-1084,0.5997,0.7806,0.3143,0.4527,0.6698,0.409,0.7264,27,0.4782,0.6504,0.6337,1.0401,1.0921,1.1441,false
CHR-CLA-1085,Merchant Prince Chandra of Carthaginian Republic,classical_antiquity,Parthian Empire,Persia,-796,-758,Economic,disruptor,EVT-CLA-1085,0.7404,0.6076,0.248,0.5156,0.8773,0.9212,0.8856,11,0.7028,0.7985,0.7783,1.246,1.25,1.25,true
CHR-CLA-1086,Customs Director Sargon of Classical Greece (Polis),classical_antiquity,Seleucid Empire,Near East / Central Asia,-662,-625,Economic,architect,EVT-CLA-1086,0.7983,0.6643,0.7774,0.8471,0.5283,0.2238,0.7987,39,0.1883,0.7985,0.5617,0.8352,0.8657,0.7741,false
CHR-CLA-1087,Warlord Ramesses of Roman Republic,classical_antiquity,Gupta Empire,South Asia,78,86,Military,stabilizer,EVT-CLA-1087,0.7896,0.5777,0.7641,0.753,0.5703,0.3439,0.4746,67,0.2954,0.6636,0.5283,0.827,0.8572,0.7665,false
CHR-CLA-1088,Prefect Hattusili of Carthaginian Republic,classical_antiquity,Kushan Empire,Central & South Asia,-660,-643,Political,disruptor,EVT-CLA-1088,0.9456,0.7069,0.2049,0.5959,0.7901,0.8642,0.7845,39,0.6341,0.8811,0.808,1.25,1.25,1.25,true
CHR-CLA-1089,Viceroy Chen of Roman Empire (Principate/Dominate),classical_antiquity,Kushan Empire,Central & South Asia,-422,-399,Political,architect,EVT-CLA-1089,0.7511,0.7483,0.864,0.8251,0.6366,0.2801,0.7945,122,0.2275,0.7684,0.579,0.8394,0.8702,0.778,false
CHR-CLA-1090,Arch-Engineer Leonidas of Maurya Empire,classical_antiquity,Maurya Empire,South Asia,-173,-149,Scientific,wildcard,EVT-CLA-1090,0.7637,0.3844,0.6184,0.568,0.3076,0.5724,0.6004,5,0.5022,0.6984,0.5304,1.0091,1.0596,1.11,false
CHR-CLA-1091,Merchant Prince Baldwin of Ptolemaic Kingdom,classical_antiquity,Roman Empire (Principate/Dominate),Mediterranean / Europe,-681,-646,Economic,disruptor,EVT-CLA-1091,0.862,0.7432,0.5033,0.4233,0.8396,0.8921,0.7292,31,0.7344,0.8089,0.7746,1.2447,1.25,1.25,true
CHR-CLA-1092,Alchemist Naram-Sin of Classical Greece (Polis),classical_antiquity,Parthian Empire,Persia,-187,-152,Scientific,wildcard,EVT-CLA-1092,0.5811,0.5008,0.2884,0.6991,0.2061,0.2723,0.8872,58,0.2866,0.7036,0.5114,1.0034,1.0536,1.1038,false
CHR-CLA-1093,Mint Overseer Ibn-Sina of Qin & Han Dynasties,classical_antiquity,Gupta Empire,South Asia,212,239,Economic,architect,EVT-CLA-1093,0.6582,0.6707,0.7083,0.8578,0.5979,0.385,0.5634,97,0.2636,0.6203,0.5334,0.8282,0.8585,0.7676,false
CHR-CLA-1094,Commander Eleanor of Seleucid Empire,classical_antiquity,Parthian Empire,Persia,179,202,Military,disruptor,EVT-CLA-1094,0.6218,0.6553,0.3792,0.4729,0.7532,0.8112,0.8643,25,0.6691,0.7188,0.7065,1.2212,1.25,1.25,false
CHR-CLA-1095,Polymath Mirabeau of Classical Greece (Polis),classical_antiquity,Roman Republic,Mediterranean,-106,-83,Scientific,catalyst,EVT-CLA-1095,0.7974,0.7487,0.6524,0.5668,0.7997,0.6144,0.7664,16,0.5238,0.785,0.6952,1.1115,1.2173,1.1644,false
CHR-CLA-1096,Admiral Chandra of Parthian Empire,classical_antiquity,Roman Empire (Principate/Dominate),Mediterranean / Europe,-184,-144,Military,wildcard,EVT-CLA-1096,0.6881,0.4328,0.5501,0.5723,0.8012,0.5462,0.8224,59,0.4869,0.7418,0.6288,1.0386,1.0906,1.1425,false
CHR-CLA-1097,Marshal Telepinu of Classical Greece (Polis),classical_antiquity,Classical Greece (Polis),Mediterranean,440,480,Military,architect,EVT-CLA-1097,0.848,0.7992,0.809,0.879,0.7414,0.4354,0.5527,131,0.2782,0.7299,0.6165,0.8486,0.8797,0.7866,false
CHR-CLA-1098,Guild Master Zhang of Qin & Han Dynasties,classical_antiquity,Seleucid Empire,Near East / Central Asia,-515,-507,Economic,catalyst,EVT-CLA-1098,0.5738,0.8262,0.4958,0.6779,0.7483,0.7657,0.7534,12,0.5439,0.6457,0.674,1.1048,1.21,1.1574,false
CHR-CLA-1099,Admiral Justinian of Kushan Empire,classical_antiquity,Seleucid Empire,Near East / Central Asia,-633,-624,Military,wildcard,EVT-CLA-1099,0.5542,0.5918,0.4896,0.507,0.2243,0.8233,0.6467,62,0.6582,0.5912,0.5572,1.0171,1.068,1.1189,false
CHR-CLA-1100,Mint Overseer Samsi-Adad of Gupta Empire,classical_antiquity,Qin & Han Dynasties,East Asia,-757,-747,Economic,architect,EVT-CLA-1100,0.9013,0.7697,0.7507,0.8461,0.6713,0.4369,0.6053,117,0.2954,0.7829,0.6304,0.8521,0.8833,0.7897,false
CHR-CLA-1101,Merchant Prince Rajaraja of Roman Empire (Principate/Dominate),classical_antiquity,Roman Empire (Principate/Dominate),Mediterranean / Europe,-84,-63,Economic,wildcard,EVT-CLA-1101,0.449,0.5457,0.1617,0.7289,0.7473,0.1895,0.8621,42,0.2303,0.6142,0.5613,1.0184,1.0693,1.1202,false
CHR-CLA-1102,Synod Envoy Leonidas of Ptolemaic Kingdom,classical_antiquity,Maurya Empire,South Asia,-269,-227,Religious,stabilizer,EVT-CLA-1102,0.623,0.6108,0.7597,0.7853,0.4563,0.3238,0.4603,142,0.2693,0.5579,0.4682,0.8122,0.8419,0.7527,false
CHR-CLA-1103,High Priest Necker of Achaemenid Empire,classical_antiquity,Parthian Empire,Persia,-517,-478,Religious,catalyst,EVT-CLA-1103,0.5399,0.828,0.4667,0.7289,0.7369,0.6371,0.8085,23,0.4541,0.6473,0.6534,1.0983,1.2029,1.1506,false
CHR-CLA-1104,Chamberlain Theodosius of Parthian Empire,classical_antiquity,Carthaginian Republic,Western Mediterranean,-401,-388,Economic,disruptor,EVT-CLA-1104,0.9422,0.6036,0.341,0.5425,0.9062,0.8432,0.8712,10,0.6504,0.9138,0.808,1.25,1.25,1.25,true
CHR-CLA-1105,Marshal Necker of Parthian Empire,classical_antiquity,Sasanian Empire,Persia,-98,-76,Military,catalyst,EVT-CLA-1105,0.8162,0.6575,0.5962,0.595,0.8022,0.6134,0.7432,43,0.5092,0.787,0.6871,1.1089,1.2146,1.1618,false
CHR-CLA-1106,Arch-Engineer Chandra of Classical Greece (Polis),classical_antiquity,Achaemenid Empire,Persia / Near East,-634,-599,Scientific,stabilizer,EVT-CLA-1106,0.5867,0.5532,0.8335,0.6948,0.5251,0.3335,0.6182,55,0.3194,0.5993,0.4831,0.8158,0.8457,0.7561,false
CHR-CLA-1107,Astronomer Justinian of Kushan Empire,classical_antiquity,Gupta Empire,South Asia,-265,-259,Scientific,catalyst,EVT-CLA-1107,0.7775,0.8533,0.6987,0.6124,0.7539,0.6912,0.7395,59,0.5394,0.7623,0.6996,1.1129,1.2189,1.1659,false
CHR-CLA-1108,Syndic Marshall of Roman Republic,classical_antiquity,Kingdom of Aksum,Horn of Africa,135,143,Economic,wildcard,EVT-CLA-1108,0.6593,0.4289,0.4635,0.5679,0.5699,0.2954,0.8728,44,0.3638,0.7447,0.5651,1.0195,1.0705,1.1215,false
CHR-CLA-1109,Cardinal Qian of Kingdom of Aksum,classical_antiquity,Qin & Han Dynasties,East Asia,-590,-568,Religious,stabilizer,EVT-CLA-1109,0.7199,0.7016,0.7858,0.7418,0.6313,0.3047,0.5163,186,0.2815,0.6385,0.5374,0.8292,0.8595,0.7685,false
CHR-CLA-1110,Governor Wu of Roman Empire (Principate/Dominate),classical_antiquity,Kushan Empire,Central & South Asia,-267,-234,Political,architect,EVT-CLA-1110,0.7187,0.6028,0.7418,0.79,0.6617,0.3736,0.6485,39,0.2918,0.6906,0.559,0.8345,0.865,0.7734,false
CHR-CLA-1111,Scribe Samsi-Adad of Carthaginian Republic,classical_antiquity,Classical Greece (Polis),Mediterranean,-61,-44,Cultural,disruptor,EVT-CLA-1111,0.6965,0.8063,0.4623,0.5317,0.7503,0.7028,0.9347,45,0.5856,0.7918,0.7304,1.2295,1.25,1.25,false
CHR-CLA-1112,Chronicler Samudra of Gupta Empire,classical_antiquity,Parthian Empire,Persia,427,470,Cultural,disruptor,EVT-CLA-1112,0.812,0.6276,0.3003,0.5485,0.7248,0.7867,0.7743,27,0.6191,0.7969,0.7326,1.2302,1.25,1.25,false
CHR-CLA-1113,Guild Master Dara of Achaemenid Empire,classical_antiquity,Sasanian Empire,Persia,345,357,Economic,disruptor,EVT-CLA-1113,0.6184,0.6267,0.2048,0.6206,0.8283,0.9323,0.8442,42,0.6559,0.7087,0.7378,1.232,1.25,1.25,false
CHR-CLA-1114,Chancellor Tariq of Parthian Empire,classical_antiquity,Achaemenid Empire,Persia / Near East,-77,-70,Political,disruptor,EVT-CLA-1114,0.7835,0.6863,0.4711,0.5976,0.8842,0.7071,0.8813,10,0.5547,0.8226,0.7427,1.2337,1.25,1.25,false
CHR-CLA-1115,Archon Alexander of Qin & Han Dynasties,classical_antiquity,Classical Greece (Polis),Mediterranean,232,259,Political,stabilizer,EVT-CLA-1115,0.6716,0.6464,0.7669,0.8533,0.5569,0.3492,0.4431,90,0.248,0.5802,0.4979,0.8195,0.8495,0.7595,false
CHR-CLA-1116,Rhetorician Qian of Carthaginian Republic,classical_antiquity,Parthian Empire,Persia,369,382,Cultural,stabilizer,EVT-CLA-1116,0.7259,0.6348,0.8984,0.7624,0.6801,0.2239,0.6234,157,0.2308,0.6849,0.5278,0.8268,0.8571,0.7663,false
CHR-CLA-1117,Strategos Leonidas of Carthaginian Republic,classical_antiquity,Roman Republic,Mediterranean,-211,-177,Military,wildcard,EVT-CLA-1117,0.5027,0.7401,0.4167,0.2662,0.5501,0.1549,0.7124,24,0.4443,0.5865,0.5443,1.0133,1.064,1.1146,false
CHR-CLA-1118,Mint Overseer Lafayette of Achaemenid Empire,classical_antiquity,Maurya Empire,South Asia,-650,-629,Economic,stabilizer,EVT-CLA-1118,0.7856,0.5819,0.9042,0.8892,0.677,0.2435,0.5825,38,0.1772,0.7044,0.5243,0.826,0.8562,0.7655,false
CHR-CLA-1119,General Suppiluliuma of Kingdom of Aksum,classical_antiquity,Classical Greece (Polis),Mediterranean,-214,-172,Military,disruptor,EVT-CLA-1119,0.7041,0.8134,0.3419,0.6035,0.7672,0.7705,0.8893,24,0.5835,0.7782,0.7477,1.2355,1.25,1.25,false
CHR-CLA-1120,Treasurer Khaldun of Sasanian Empire,classical_antiquity,Roman Empire (Principate/Dominate),Mediterranean / Europe,180,209,Economic,disruptor,EVT-CLA-1120,0.906,0.7641,0.2837,0.4423,0.8968,0.8027,0.7765,41,0.6802,0.8542,0.812,1.25,1.25,1.25,true
CHR-CLA-1121,Centurion Mentuhotep of Qin & Han Dynasties,classical_antiquity,Kushan Empire,Central & South Asia,291,306,Military,wildcard,EVT-CLA-1121,0.8204,0.6482,0.5381,0.2923,0.7647,0.4136,0.4622,45,0.5607,0.6771,0.63,1.039,1.0909,1.1429,false
CHR-CLA-1122,Imam Harsha of Parthian Empire,classical_antiquity,Sasanian Empire,Persia,322,350,Religious,stabilizer,EVT-CLA-1122,0.6186,0.6984,0.747,0.8063,0.5679,0.165,0.5409,216,0.1793,0.5875,0.4855,0.8164,0.8463,0.7567,false
CHR-CLA-1123,High Priest Al-Mansur of Kushan Empire,classical_antiquity,Parthian Empire,Persia,-618,-582,Religious,catalyst,EVT-CLA-1123,0.7044,0.7214,0.5085,0.6088,0.8159,0.7623,0.835,15,0.5768,0.7566,0.715,1.1177,1.2242,1.171,false
CHR-CLA-1124,Abbess Ashoka of Roman Republic,classical_antiquity,Sasanian Empire,Persia,397,404,Religious,catalyst,EVT-CLA-1124,0.6311,0.7941,0.4989,0.6979,0.882,0.5169,0.7873,32,0.4095,0.6936,0.67,1.1036,1.2087,1.1561,false
CHR-CLA-1125,Admiral Sherman of Parthian Empire,classical_antiquity,Roman Empire (Principate/Dominate),Mediterranean / Europe,-423,-405,Military,disruptor,EVT-CLA-1125,0.6256,0.7786,0.4981,0.5067,0.9052,0.8528,0.877,30,0.6731,0.7261,0.7433,1.2339,1.25,1.25,false
CHR-CLA-1126,Strategos Talleyrand of Seleucid Empire,classical_antiquity,Roman Empire (Principate/Dominate),Mediterranean / Europe,322,352,Military,catalyst,EVT-CLA-1126,0.5304,0.9142,0.6979,0.7337,0.733,0.7491,0.8625,16,0.5077,0.6633,0.6649,1.102,1.2069,1.1544,false
CHR-CLA-1127,Chamberlain Otto of Seleucid Empire,classical_antiquity,Carthaginian Republic,Western Mediterranean,120,155,Economic,wildcard,EVT-CLA-1127,0.4515,0.6516,0.3918,0.5757,0.7298,0.3037,0.8934,12,0.364,0.6283,0.5817,1.0245,1.0757,1.127,false
CHR-CLA-1128,Patriarch Bradford of Gupta Empire,classical_antiquity,Maurya Empire,South Asia,-691,-655,Religious,stabilizer,EVT-CLA-1128,0.6334,0.7622,0.7776,0.7688,0.6818,0.1916,0.4723,215,0.2114,0.569,0.5083,0.8221,0.8521,0.7619,false
CHR-CLA-1129,Chamberlain Zhang of Maurya Empire,classical_antiquity,Carthaginian Republic,Western Mediterranean,-449,-417,Economic,wildcard,EVT-CLA-1129,0.5333,0.6571,0.6653,0.2721,0.8258,0.6967,0.4507,19,0.7123,0.5003,0.5977,1.0293,1.0808,1.1323,false
CHR-CLA-1130,Chronicler Valdemar of Ptolemaic Kingdom,classical_antiquity,Carthaginian Republic,Western Mediterranean,-272,-232,Cultural,disruptor,EVT-CLA-1130,0.7032,0.703,0.3023,0.6371,0.8358,0.7857,0.9297,15,0.5743,0.7938,0.7518,1.2369,1.25,1.25,true
CHR-CLA-1131,Cardinal Sargon of Seleucid Empire,classical_antiquity,Ptolemaic Kingdom,Egypt / Levant,-435,-401,Religious,catalyst,EVT-CLA-1131,0.7174,0.7235,0.5255,0.7502,0.8707,0.5844,0.818,47,0.4171,0.7577,0.6888,1.1095,1.2151,1.1623,false
CHR-CLA-1132,Hierophant Talleyrand of Kushan Empire,classical_antiquity,Seleucid Empire,Near East / Central Asia,-615,-603,Religious,stabilizer,EVT-CLA-1132,0.726,0.5808,0.8421,0.7052,0.6901,0.3347,0.4684,221,0.3148,0.623,0.5231,0.8257,0.8559,0.7653,false
CHR-CLA-1133,Mint Overseer Saladin of Seleucid Empire,classical_antiquity,Carthaginian Republic,Western Mediterranean,-132,-114,Economic,architect,EVT-CLA-1133,0.6596,0.7502,0.7323,0.8852,0.5312,0.4008,0.7132,159,0.2578,0.6811,0.5567,0.834,0.8645,0.7729,false
CHR-CLA-1134,Poet Laureate Mazarin of Roman Empire (Principate/Dominate),classical_antiquity,Kushan Empire,Central & South Asia,-759,-718,Cultural,stabilizer,EVT-CLA-1134,0.7606,0.7865,0.7695,0.8226,0.4654,0.1608,0.4121,63,0.1691,0.6212,0.4958,0.819,0.8489,0.759,false
CHR-CLA-1135,Vizier Harsha of Roman Empire (Principate/Dominate),classical_antiquity,Achaemenid Empire,Persia / Near East,-538,-499,Political,architect,EVT-CLA-1135,0.8139,0.8468,0.7186,0.7304,0.6062,0.352,0.7768,69,0.3108,0.7991,0.6324,0.8526,0.8838,0.7902,false
CHR-CLA-1136,Legate Seneb of Ptolemaic Kingdom,classical_antiquity,Roman Republic,Mediterranean,-446,-441,Military,wildcard,EVT-CLA-1136,0.8951,0.365,0.3241,0.4923,0.5633,0.4097,0.8484,37,0.4587,0.8765,0.6447,1.0434,1.0956,1.1478,false
CHR-CLA-1137,Polymath Madison of Kingdom of Aksum,classical_antiquity,Seleucid Empire,Near East / Central Asia,-781,-755,Scientific,architect,EVT-CLA-1137,0.716,0.6834,0.7081,0.7011,0.5936,0.2238,0.6987,29,0.2614,0.7091,0.5531,0.8331,0.8635,0.7721,false
CHR-CLA-1138,Physician Solon of Kushan Empire,classical_antiquity,Qin & Han Dynasties,East Asia,-120,-95,Scientific,wildcard,EVT-CLA-1138,0.597,0.7869,0.3986,0.6183,0.8445,0.4776,0.5927,68,0.4297,0.5953,0.6337,1.0401,1.0921,1.1441,false
CHR-CLA-1139,Merchant Prince Wilhelm of Classical Greece (Polis),classical_antiquity,Ptolemaic Kingdom,Egypt / Levant,-695,-670,Economic,disruptor,EVT-CLA-1139,0.7314,0.602,0.4749,0.5933,0.8701,0.7939,0.7305,27,0.6003,0.731,0.7052,1.2208,1.25,1.25,false
CHR-CLA-1140,Rhetorician Seneb of Seleucid Empire,classical_antiquity,Qin & Han Dynasties,East Asia,357,369,Cultural,disruptor,EVT-CLA-1140,0.7218,0.672,0.5085,0.4797,0.8819,0.7061,0.7299,42,0.6132,0.725,0.7041,1.2204,1.25,1.25,false
CHR-CLA-1141,Merchant Prince Hamilton of Roman Republic,classical_antiquity,Ptolemaic Kingdom,Egypt / Levant,472,500,Economic,catalyst,EVT-CLA-1141,0.5022,0.8887,0.7015,0.5809,0.9383,0.6042,0.8387,37,0.5117,0.6368,0.6668,1.1026,1.2076,1.1551,false
CHR-CLA-1142,Merchant Prince Hattusili of Qin & Han Dynasties,classical_antiquity,Achaemenid Empire,Persia / Near East,418,454,Economic,stabilizer,EVT-CLA-1142,0.8222,0.653,0.7221,0.7228,0.6907,0.123,0.4982,238,0.2001,0.6926,0.5419,0.8303,0.8607,0.7696,false
CHR-CLA-1143,Governor Godfrey of Gupta Empire,classical_antiquity,Seleucid Empire,Near East / Central Asia,195,212,Political,architect,EVT-CLA-1143,0.8454,0.7716,0.7322,0.8298,0.6402,0.3589,0.6489,66,0.2645,0.7668,0.6096,0.847,0.8779,0.785,false
CHR-CLA-1144,Viceroy Tiglath of Roman Empire (Principate/Dominate),classical_antiquity,Classical Greece (Polis),Mediterranean,80,121,Political,disruptor,EVT-CLA-1144,0.8329,0.7383,0.3036,0.4245,0.8803,0.7086,0.9007,26,0.6421,0.86,0.7908,1.25,1.25,1.25,true
CHR-CLA-1145,Treasurer Richelieu of Roman Empire (Principate/Dominate),classical_antiquity,Classical Greece (Polis),Mediterranean,389,429,Economic,wildcard,EVT-CLA-1145,0.744,0.6152,0.7078,0.2022,0.5398,0.5198,0.6869,28,0.6588,0.7211,0.6094,1.0328,1.0844,1.1361,false
CHR-CLA-1146,Geometer Mirabeau of Kushan Empire,classical_antiquity,Sasanian Empire,Persia,-55,-49,Scientific,architect,EVT-CLA-1146,0.8808,0.8403,0.7643,0.8051,0.7394,0.3826,0.7227,161,0.2888,0.8175,0.6563,0.8584,0.8898,0.7956,false
CHR-CLA-1147,Dramatist Friedrich of Kingdom of Aksum,classical_antiquity,Maurya Empire,South Asia,-304,-292,Cultural,wildcard,EVT-CLA-1147,0.7204,0.4527,0.4464,0.394,0.2209,0.2807,0.5599,56,0.4433,0.6562,0.4929,0.9979,1.0478,1.0977,false
CHR-CLA-1148,Imam Al-Mansur of Roman Republic,classical_antiquity,Roman Empire (Principate/Dominate),Mediterranean / Europe,-93,-64,Religious,stabilizer,EVT-CLA-1148,0.6461,0.5552,0.8006,0.7783,0.4612,0.2257,0.4998,54,0.2237,0.5876,0.4538,0.8086,0.8382,0.75,false
CHR-CLA-1149,Metallurgist Mentuhotep of Maurya Empire,classical_antiquity,Roman Empire (Principate/Dominate),Mediterranean / Europe,-89,-52,Scientific,disruptor,EVT-CLA-1149,0.9155,0.7527,0.2675,0.5306,0.9183,0.8155,0.8822,42,0.6425,0.9022,0.8309,1.25,1.25,1.25,true
CHR-CLA-1150,Archon Heinrich of Ptolemaic Kingdom,classical_antiquity,Seleucid Empire,Near East / Central Asia,447,487,Political,disruptor,EVT-CLA-1150,0.6678,0.7661,0.2502,0.364,0.8997,0.9108,0.7684,25,0.7734,0.7081,0.7755,1.245,1.25,1.25,true
CHR-CLA-1151,Abbess Tariq of Ptolemaic Kingdom,classical_antiquity,Sasanian Empire,Persia,-445,-432,Religious,disruptor,EVT-CLA-1151,0.7283,0.738,0.2207,0.3786,0.8794,0.741,0.8802,22,0.6812,0.789,0.7769,1.2455,1.25,1.25,true
CHR-CLA-1152,Cardinal Tariq of Qin & Han Dynasties,classical_antiquity,Maurya Empire,South Asia,54,59,Religious,disruptor,EVT-CLA-1152,0.8232,0.5645,0.3085,0.5137,0.8133,0.7378,0.8226,34,0.612,0.8229,0.74,1.2328,1.25,1.25,false
CHR-CLA-1153,Abbess Justinian of Classical Greece (Polis),classical_antiquity,Carthaginian Republic,Western Mediterranean,300,337,Religious,stabilizer,EVT-CLA-1153,0.7181,0.5987,0.8832,0.7486,0.4668,0.3239,0.4762,142,0.2877,0.6213,0.4836,0.816,0.8458,0.7563,false
CHR-CLA-1154,Governor Constantine of Gupta Empire,classical_antiquity,Kingdom of Aksum,Horn of Africa,373,381,Political,architect,EVT-CLA-1154,0.6745,0.8564,0.7246,0.9196,0.5485,0.3981,0.6142,155,0.2392,0.6504,0.5628,0.8354,0.866,0.7743,false
CHR-CLA-1155,Treasurer Baldwin of Roman Empire (Principate/Dominate),classical_antiquity,Parthian Empire,Persia,-737,-699,Economic,architect,EVT-CLA-1155,0.7552,0.8511,0.8193,0.8214,0.5699,0.3185,0.6638,149,0.2486,0.7187,0.5763,0.8388,0.8695,0.7774,false
CHR-CLA-1156,Mint Overseer Ashoka of Kingdom of Aksum,classical_antiquity,Seleucid Empire,Near East / Central Asia,-226,-220,Economic,wildcard,EVT-CLA-1156,0.7229,0.397,0.5933,0.6191,0.8183,0.3309,0.7955,34,0.3559,0.7519,0.5917,1.0275,1.0789,1.1303,false
CHR-CLA-1157,Minister Solon of Classical Greece (Polis),classical_antiquity,Maurya Empire,South Asia,-718,-697,Political,stabilizer,EVT-CLA-1157,0.7508,0.7833,0.903,0.8008,0.5556,0.1566,0.68,70,0.1779,0.7225,0.5337,0.8283,0.8586,0.7677,false
CHR-CLA-1158,Minister Leonidas of Achaemenid Empire,classical_antiquity,Ptolemaic Kingdom,Egypt / Levant,-220,-185,Political,catalyst,EVT-CLA-1158,0.8113,0.7507,0.6429,0.5867,0.86,0.539,0.7475,29,0.4761,0.7858,0.6938,1.111,1.2169,1.1639,false
CHR-CLA-1159,Polymath Tiglath of Kingdom of Aksum,classical_antiquity,Ptolemaic Kingdom,Egypt / Levant,-77,-48,Scientific,disruptor,EVT-CLA-1159,0.7575,0.8381,0.243,0.3515,0.8425,0.8202,0.9228,46,0.7343,0.8236,0.811,1.25,1.25,1.25,true
CHR-CLA-1160,Cardinal Mursili of Qin & Han Dynasties,classical_antiquity,Achaemenid Empire,Persia / Near East,-73,-31,Religious,stabilizer,EVT-CLA-1160,0.6666,0.7807,0.7888,0.8986,0.6485,0.1592,0.5463,216,0.1303,0.6185,0.513,0.8232,0.8533,0.763,false
CHR-CLA-1161,Syndic Adams of Maurya Empire,classical_antiquity,Seleucid Empire,Near East / Central Asia,47,66,Economic,architect,EVT-CLA-1161,0.8199,0.6485,0.6889,0.7273,0.6417,0.2462,0.7517,154,0.2595,0.7926,0.5929,0.8429,0.8737,0.7812,false
CHR-CLA-1162,Imam Chen of Parthian Empire,classical_antiquity,Achaemenid Empire,Persia / Near East,332,343,Religious,disruptor,EVT-CLA-1162,0.7808,0.6503,0.4719,0.6348,0.9462,0.6942,0.9077,33,0.5297,0.8315,0.746,1.2349,1.25,1.25,false
CHR-CLA-1163,Guild Master Tariq of Gupta Empire,classical_antiquity,Maurya Empire,South Asia,385,409,Economic,stabilizer,EVT-CLA-1163,0.7248,0.6121,0.8856,0.8358,0.6679,0.2274,0.5261,231,0.1958,0.6453,0.5059,0.8214,0.8515,0.7613,false
CHR-CLA-1164,Minister Hamilton of Qin & Han Dynasties,classical_antiquity,Parthian Empire,Persia,409,415,Political,disruptor,EVT-CLA-1164,0.9377,0.5329,0.2185,0.6283,0.8215,0.6775,0.9473,36,0.5246,0.9415,0.778,1.2459,1.25,1.25,true
CHR-CLA-1165,Chamberlain Eleanor of Roman Republic,classical_antiquity,Ptolemaic Kingdom,Egypt / Levant,-322,-289,Economic,wildcard,EVT-CLA-1165,0.4575,0.5501,0.2565,0.2372,0.2883,0.3396,0.7257,59,0.5512,0.5648,0.5124,1.0037,1.0539,1.1041,false
CHR-CLA-1166,Chronicler Samudra of Ptolemaic Kingdom,classical_antiquity,Classical Greece (Polis),Mediterranean,156,199,Cultural,catalyst,EVT-CLA-1166,0.7075,0.821,0.5834,0.7728,0.8192,0.6864,0.9257,38,0.4568,0.7948,0.7177,1.1186,1.2251,1.1719,false
CHR-CLA-1167,Synod Envoy Enheduanna of Maurya Empire,classical_antiquity,Qin & Han Dynasties,East Asia,-178,-150,Religious,wildcard,EVT-CLA-1167,0.8439,0.5269,0.7039,0.5238,0.5878,0.4738,0.4002,22,0.475,0.6664,0.5627,1.0188,1.0698,1.1207,false
CHR-CLA-1168,Scribe Wilhelm of Sasanian Empire,classical_antiquity,Parthian Empire,Persia,152,163,Cultural,architect,EVT-CLA-1168,0.6849,0.6784,0.7286,0.7511,0.7191,0.2708,0.7227,169,0.2599,0.7,0.5695,0.8371,0.8677,0.7758,false
CHR-CLA-1169,Admiral Samsi-Adad of Achaemenid Empire,classical_antiquity,Maurya Empire,South Asia,-562,-531,Military,architect,EVT-CLA-1169,0.9078,0.6978,0.7465,0.84,0.6061,0.3452,0.5771,120,0.2526,0.7755,0.5942,0.8432,0.874,0.7815,false
CHR-CLA-1170,Cardinal Cao of Seleucid Empire,classical_antiquity,Ptolemaic Kingdom,Egypt / Levant,273,314,Religious,stabilizer,EVT-CLA-1170,0.7274,0.7455,0.7861,0.6888,0.5322,0.1838,0.6446,61,0.2475,0.6942,0.5347,0.8285,0.8589,0.7679,false
CHR-CLA-1171,Mint Overseer Aurelius of Gupta Empire,classical_antiquity,Achaemenid Empire,Persia / Near East,301,316,Economic,stabilizer,EVT-CLA-1171,0.8484,0.5857,0.7926,0.8975,0.5593,0.1328,0.5422,145,0.1176,0.726,0.511,0.8227,0.8528,0.7625,false
CHR-CLA-1172,Master Sculptor Puduhepa of Gupta Empire,classical_antiquity,Parthian Empire,Persia,-307,-295,Cultural,disruptor,EVT-CLA-1172,0.8155,0.6412,0.2959,0.6002,0.872,0.7902,0.8221,37,0.595,0.8182,0.7631,1.2408,1.25,1.25,true
CHR-CLA-1173,Geometer Theodosius of Kushan Empire,classical_antiquity,Seleucid Empire,Near East / Central Asia,-376,-342,Scientific,stabilizer,EVT-CLA-1173,0.6509,0.5515,0.8794,0.7619,0.5882,0.3258,0.605,50,0.2819,0.6325,0.4973,0.8193,0.8493,0.7594,false
CHR-CLA-1174,Treasurer Cao of Roman Empire (Principate/Dominate),classical_antiquity,Carthaginian Republic,Western Mediterranean,-546,-539,Economic,disruptor,EVT-CLA-1174,0.8222,0.8233,0.3724,0.4044,0.7766,0.8423,0.7275,39,0.719,0.7843,0.7735,1.2444,1.25,1.25,true
CHR-CLA-1175,Synod Envoy Gao of Qin & Han Dynasties,classical_antiquity,Roman Republic,Mediterranean,349,361,Religious,wildcard,EVT-CLA-1175,0.6972,0.7129,0.6945,0.623,0.4185,0.8477,0.5178,50,0.6123,0.6254,0.5982,1.0295,1.0809,1.1324,false
CHR-CLA-1176,Pontiff Kautilya of Classical Greece (Polis),classical_antiquity,Qin & Han Dynasties,East Asia,-106,-87,Religious,catalyst,EVT-CLA-1176,0.6525,0.8222,0.4622,0.7794,0.8253,0.5545,0.7912,43,0.3875,0.708,0.6769,1.1057,1.211,1.1584,false
CHR-CLA-1177,Pontiff Ramesses of Roman Republic,classical_antiquity,Roman Empire (Principate/Dominate),Mediterranean / Europe,-431,-398,Religious,disruptor,EVT-CLA-1177,0.7409,0.7119,0.2012,0.3346,0.7563,0.9484,0.8241,14,0.8069,0.7742,0.7845,1.2481,1.25,1.25,true
CHR-CLA-1178,Alchemist Talleyrand of Classical Greece (Polis),classical_antiquity,Ptolemaic Kingdom,Egypt / Levant,-637,-600,Scientific,stabilizer,EVT-CLA-1178,0.74,0.6391,0.837,0.8895,0.5111,0.2822,0.4319,56,0.1964,0.6168,0.4865,0.8167,0.8465,0.7569,false
CHR-CLA-1179,Warlord Hammurabi of Achaemenid Empire,classical_antiquity,Parthian Empire,Persia,104,117,Military,catalyst,EVT-CLA-1179,0.7169,0.775,0.7022,0.6852,0.8317,0.5505,0.867,54,0.4326,0.777,0.6784,1.1062,1.2115,1.1589,false
CHR-CLA-1180,Consul Leonidas of Gupta Empire,classical_antiquity,Gupta Empire,South Asia,-636,-629,Political,stabilizer,EVT-CLA-1180,0.5835,0.6514,0.817,0.7105,0.5991,0.3254,0.6319,105,0.3074,0.6029,0.5098,0.8224,0.8525,0.7622,false
CHR-CLA-1181,Philosopher Sherman of Parthian Empire,classical_antiquity,Qin & Han Dynasties,East Asia,214,242,Cultural,stabilizer,EVT-CLA-1181,0.8471,0.7083,0.9289,0.8287,0.5031,0.1288,0.4962,95,0.15,0.7067,0.5029,0.8207,0.8507,0.7607,false
CHR-CLA-1182,Arch-Engineer Rimush of Kushan Empire,classical_antiquity,Kingdom of Aksum,Horn of Africa,-588,-556,Scientific,wildcard,EVT-CLA-1182,0.5729,0.6637,0.6908,0.6299,0.3771,0.6111,0.4358,68,0.4906,0.5181,0.5058,1.0017,1.0518,1.1019,false
CHR-CLA-1183,Hierophant Wilhelm of Roman Empire (Principate/Dominate),classical_antiquity,Kushan Empire,Central & South Asia,25,50,Religious,wildcard,EVT-CLA-1183,0.6419,0.8325,0.4884,0.6723,0.4133,0.2743,0.7259,38,0.301,0.6755,0.5649,1.0195,1.0704,1.1214,false
CHR-CLA-1184,Chronicler Ibn-Sina of Carthaginian Republic,classical_antiquity,Carthaginian Republic,Western Mediterranean,-394,-388,Cultural,wildcard,EVT-CLA-1184,0.7886,0.5398,0.5989,0.7911,0.7583,0.5453,0.5728,61,0.3771,0.7023,0.6101,1.033,1.0847,1.1363,false
CHR-CLA-1185,Governor Puduhepa of Parthian Empire,classical_antiquity,Roman Empire (Principate/Dominate),Mediterranean / Europe,248,277,Political,stabilizer,EVT-CLA-1185,0.8194,0.7561,0.8567,0.7993,0.5958,0.2122,0.6377,218,0.2065,0.7467,0.5595,0.8346,0.8652,0.7736,false
CHR-CLA-1186,Rhetorician Sargon of Carthaginian Republic,classical_antiquity,Roman Empire (Principate/Dominate),Mediterranean / Europe,-661,-637,Cultural,catalyst,EVT-CLA-1186,0.5228,0.7945,0.606,0.6386,0.8972,0.7788,0.7251,30,0.5701,0.6037,0.6675,1.1028,1.2078,1.1553,false
CHR-CLA-1187,Dramatist Chen of Ptolemaic Kingdom,classical_antiquity,Sasanian Empire,Persia,-395,-374,Cultural,catalyst,EVT-CLA-1187,0.6604,0.6748,0.6786,0.7114,0.8479,0.5092,0.7278,24,0.3989,0.6874,0.6256,1.0896,1.1933,1.1415,false
CHR-CLA-1188,Poet Laureate Harun of Gupta Empire,classical_antiquity,Seleucid Empire,Near East / Central Asia,-127,-114,Cultural,architect,EVT-CLA-1188,0.8041,0.7352,0.7809,0.8097,0.5701,0.4167,0.7544,75,0.3035,0.7842,0.6039,0.8456,0.8765,0.7837,false
CHR-CLA-1189,Geometer Richelieu of Kingdom of Aksum,classical_antiquity,Ptolemaic Kingdom,Egypt / Levant,-29,-12,Scientific,wildcard,EVT-CLA-1189,0.5046,0.4323,0.3473,0.3004,0.6249,0.6464,0.6936,58,0.673,0.5802,0.586,1.0258,1.0771,1.1284,false
CHR-CLA-1190,Polymath Aurelius of Carthaginian Republic,classical_antiquity,Kingdom of Aksum,Horn of Africa,484,500,Scientific,architect,EVT-CLA-1190,0.7028,0.6355,0.7921,0.7101,0.6032,0.2438,0.7291,149,0.2668,0.7133,0.5427,0.8305,0.8609,0.7697,false
CHR-CLA-1191,Scribe Cao of Kushan Empire,classical_antiquity,Kushan Empire,Central & South Asia,-54,-25,Cultural,catalyst,EVT-CLA-1191,0.6503,0.9076,0.5607,0.7757,0.7456,0.4545,0.7842,14,0.3394,0.7039,0.6515,1.0977,1.2023,1.15,false
CHR-CLA-1192,Patriarch Necker of Seleucid Empire,classical_antiquity,Achaemenid Empire,Persia / Near East,-260,-223,Religious,stabilizer,EVT-CLA-1192,0.7002,0.772,0.7904,0.8759,0.4563,0.2678,0.4385,100,0.196,0.5955,0.4924,0.8181,0.8481,0.7583,false
CHR-CLA-1193,Philosopher Zhang of Carthaginian Republic,classical_antiquity,Classical Greece (Polis),Mediterranean,0,22,Cultural,catalyst,EVT-CLA-1193,0.6027,0.89,0.6395,0.6249,0.9482,0.7435,0.8072,12,0.5593,0.6845,0.7138,1.1174,1.2238,1.1706,false
CHR-CLA-1194,Alchemist Ashoka of Qin & Han Dynasties,classical_antiquity,Classical Greece (Polis),Mediterranean,-633,-608,Scientific,wildcard,EVT-CLA-1194,0.5978,0.7005,0.2951,0.221,0.8153,0.491,0.6237,58,0.635,0.6082,0.6535,1.046,1.0983,1.1506,false
CHR-CLA-1195,Customs Director Harun of Achaemenid Empire,classical_antiquity,Qin & Han Dynasties,East Asia,-102,-60,Economic,wildcard,EVT-CLA-1195,0.5892,0.8061,0.4919,0.5149,0.3216,0.6469,0.8345,7,0.566,0.6874,0.6137,1.0341,1.0858,1.1375,false
CHR-CLA-1196,Cardinal Dara of Maurya Empire,classical_antiquity,Classical Greece (Polis),Mediterranean,388,401,Religious,catalyst,EVT-CLA-1196,0.7248,0.6548,0.5487,0.6934,0.8784,0.7741,0.8951,37,0.5404,0.7929,0.722,1.1199,1.2266,1.1733,false
CHR-CLA-1197,Governor Eleanor of Carthaginian Republic,classical_antiquity,Gupta Empire,South Asia,-10,35,Political,catalyst,EVT-CLA-1197,0.7676,0.7804,0.5518,0.5597,0.8156,0.7705,0.8355,54,0.6054,0.7948,0.739,1.1253,1.2325,1.1789,false
CHR-CLA-1198,Legate Zhao of Gupta Empire,classical_antiquity,Seleucid Empire,Near East / Central Asia,-738,-709,Military,disruptor,EVT-CLA-1198,0.8094,0.7818,0.3086,0.6301,0.8586,0.9144,0.8178,14,0.6421,0.8127,0.7959,1.25,1.25,1.25,true
CHR-CLA-1199,Syndic Li of Gupta Empire,classical_antiquity,Kingdom of Aksum,Horn of Africa,-79,-53,Economic,catalyst,EVT-CLA-1199,0.6493,0.8056,0.6898,0.6609,0.7718,0.6288,0.8041,43,0.4839,0.7112,0.6618,1.101,1.2058,1.1534,false
CHR-CLA-1200,Arch-Engineer Nizam of Kingdom of Aksum,classical_antiquity,Seleucid Empire,Near East / Central Asia,-538,-526,Scientific,architect,EVT-CLA-1200,0.8915,0.7528,0.8413,0.7899,0.7787,0.1909,0.6466,169,0.2005,0.7935,0.6046,0.8457,0.8767,0.7838,false
CHR-CLA-1201,Pontiff Rimush of Qin & Han Dynasties,classical_antiquity,Qin & Han Dynasties,East Asia,-82,-67,Religious,disruptor,EVT-CLA-1201,0.8169,0.7388,0.3637,0.5149,0.9478,0.7447,0.799,44,0.6149,0.8097,0.7767,1.2454,1.25,1.25,true
CHR-CLA-1202,Rhetorician Valdemar of Achaemenid Empire,classical_antiquity,Achaemenid Empire,Persia / Near East,-99,-77,Cultural,wildcard,EVT-CLA-1202,0.89,0.4686,0.5544,0.5579,0.7274,0.7496,0.7719,14,0.5958,0.8427,0.6968,1.059,1.112,1.1649,false
CHR-CLA-1203,Dramatist Vikram of Kushan Empire,classical_antiquity,Classical Greece (Polis),Mediterranean,-493,-455,Cultural,architect,EVT-CLA-1203,0.7104,0.8259,0.8431,0.7557,0.7571,0.4275,0.5655,108,0.3359,0.6524,0.5919,0.8426,0.8734,0.781,false
CHR-CLA-1204,Chronicler Heinrich of Seleucid Empire,classical_antiquity,Carthaginian Republic,Western Mediterranean,73,104,Cultural,disruptor,EVT-CLA-1204,0.8879,0.6379,0.2092,0.3889,0.9376,0.8146,0.8635,38,0.7129,0.8781,0.8197,1.25,1.25,1.25,true
CHR-CLA-1205,Marshal Tariq of Achaemenid Empire,classical_antiquity,Achaemenid Empire,Persia / Near East,81,115,Military,wildcard,EVT-CLA-1205,0.7925,0.5858,0.4245,0.4975,0.2241,0.6157,0.5889,64,0.5591,0.711,0.583,1.0249,1.0761,1.1274,false
CHR-CLA-1206,Hierophant Theodosius of Maurya Empire,classical_antiquity,Roman Republic,Mediterranean,56,63,Religious,disruptor,EVT-CLA-1206,0.9387,0.5158,0.3177,0.3506,0.727,0.6805,0.9375,48,0.665,0.9382,0.7645,1.2413,1.25,1.25,true
CHR-CLA-1207,Hierophant Hammurabi of Ptolemaic Kingdom,classical_antiquity,Roman Republic,Mediterranean,-241,-220,Religious,architect,EVT-CLA-1207,0.7549,0.7999,0.7529,0.807,0.5583,0.3633,0.5507,122,0.2781,0.6732,0.5639,0.8357,0.8663,0.7746,false
CHR-CLA-1208,Minister Mirabeau of Sasanian Empire,classical_antiquity,Roman Empire (Principate/Dominate),Mediterranean / Europe,-776,-739,Political,catalyst,EVT-CLA-1208,0.6724,0.8486,0.7391,0.6041,0.906,0.5428,0.8459,35,0.4694,0.7418,0.6855,1.1084,1.214,1.1612,false
CHR-CLA-1209,Pontiff Marshall of Ptolemaic Kingdom,classical_antiquity,Kingdom of Aksum,Horn of Africa,-188,-178,Religious,wildcard,EVT-CLA-1209,0.7483,0.3934,0.5923,0.5192,0.2779,0.738,0.699,63,0.6094,0.7286,0.5681,1.0204,1.0715,1.1225,false
CHR-CLA-1210,Mint Overseer Labarna of Roman Republic,classical_antiquity,Kushan Empire,Central & South Asia,106,144,Economic,architect,EVT-CLA-1210,0.7143,0.7474,0.8544,0.8683,0.6132,0.3299,0.7107,69,0.2308,0.7129,0.5599,0.8347,0.8653,0.7737,false
CHR-CLA-1211,Hierophant Cao of Qin & Han Dynasties,classical_antiquity,Ptolemaic Kingdom,Egypt / Levant,-474,-463,Religious,catalyst,EVT-CLA-1211,0.8042,0.8278,0.6759,0.5687,0.7863,0.7292,0.8878,15,0.5802,0.8376,0.7397,1.1255,1.2327,1.1791,false
CHR-CLA-1212,Polymath Wilhelm of Roman Republic,classical_antiquity,Achaemenid Empire,Persia / Near East,-618,-611,Scientific,architect,EVT-CLA-1212,0.7432,0.8782,0.7976,0.909,0.521,0.2483,0.7426,154,0.1696,0.743,0.5691,0.837,0.8676,0.7758,false
CHR-CLA-1213,Guild Master Belisarius of Kingdom of Aksum,classical_antiquity,Classical Greece (Polis),Mediterranean,53,79,Economic,wildcard,EVT-CLA-1213,0.8845,0.3565,0.2459,0.6341,0.2372,0.8262,0.4638,12,0.5961,0.7162,0.5974,1.0292,1.0807,1.1321,false
CHR-CLA-1214,General Khaldun of Qin & Han Dynasties,classical_antiquity,Kingdom of Aksum,Horn of Africa,-538,-522,Military,wildcard,EVT-CLA-1214,0.759,0.4646,0.4926,0.3202,0.7391,0.4338,0.7805,68,0.5568,0.7676,0.6372,1.0412,1.0932,1.1453,false
CHR-CLA-1215,Chamberlain Lafayette of Kushan Empire,classical_antiquity,Roman Republic,Mediterranean,-731,-716,Economic,wildcard,EVT-CLA-1215,0.4745,0.4751,0.4149,0.3128,0.5899,0.5173,0.4795,23,0.6023,0.4765,0.5208,1.0062,1.0565,1.1069,false
CHR-CLA-1216,Strategos Enheduanna of Kushan Empire,classical_antiquity,Roman Empire (Principate/Dominate),Mediterranean / Europe,-521,-510,Military,wildcard,EVT-CLA-1216,0.7965,0.7704,0.743,0.2392,0.5277,0.7278,0.6447,58,0.7443,0.7357,0.6635,1.049,1.1015,1.1539,false
CHR-CLA-1217,Alchemist Telepinu of Sasanian Empire,classical_antiquity,Parthian Empire,Persia,-508,-497,Scientific,catalyst,EVT-CLA-1217,0.6492,0.9161,0.6856,0.6293,0.9308,0.5967,0.7851,22,0.4837,0.7035,0.6966,1.1119,1.2178,1.1649,false
CHR-CLA-1218,Polymath Telepinu of Kingdom of Aksum,classical_antiquity,Roman Republic,Mediterranean,433,449,Scientific,catalyst,EVT-CLA-1218,0.6869,0.9069,0.6224,0.6042,0.8957,0.4819,0.8448,12,0.4388,0.7501,0.6987,1.1126,1.2185,1.1656,false
CHR-CLA-1219,Master Sculptor Tariq of Achaemenid Empire,classical_antiquity,Parthian Empire,Persia,-235,-229,Cultural,disruptor,EVT-CLA-1219,0.7657,0.6224,0.226,0.3878,0.909,0.7582,0.7549,46,0.6852,0.7614,0.7561,1.2384,1.25,1.25,true
CHR-CLA-1220,High Priest Wu of Ptolemaic Kingdom,classical_antiquity,Roman Empire (Principate/Dominate),Mediterranean / Europe,52,59,Religious,stabilizer,EVT-CLA-1220,0.7647,0.6,0.9009,0.7994,0.4753,0.2456,0.6131,156,0.2231,0.7041,0.5012,0.8203,0.8503,0.7603,false
CHR-CLA-1221,Admiral Talleyrand of Gupta Empire,classical_antiquity,Carthaginian Republic,Western Mediterranean,-286,-260,Military,stabilizer,EVT-CLA-1221,0.6617,0.7974,0.923,0.8825,0.4538,0.3099,0.6565,224,0.2137,0.6596,0.5116,0.8229,0.853,0.7627,false
CHR-CLA-1222,Strategos Saladin of Qin & Han Dynasties,classical_antiquity,Achaemenid Empire,Persia / Near East,-783,-744,Military,architect,EVT-CLA-1222,0.7211,0.8074,0.8837,0.9108,0.7344,0.2611,0.7047,163,0.1752,0.7145,0.5725,0.8378,0.8685,0.7765,false
CHR-CLA-1223,Centurion Al-Mansur of Qin & Han Dynasties,classical_antiquity,Parthian Empire,Persia,-454,-443,Military,catalyst,EVT-CLA-1223,0.7121,0.6683,0.632,0.7301,0.936,0.4698,0.701,59,0.3699,0.7077,0.6446,1.0955,1.1999,1.1477,false
CHR-CLA-1224,Patriarch Song of Achaemenid Empire,classical_antiquity,Gupta Empire,South Asia,-609,-567,Religious,wildcard,EVT-CLA-1224,0.4352,0.4718,0.6202,0.5566,0.2785,0.31,0.7018,51,0.3767,0.5419,0.4333,0.98,1.029,1.078,false
CHR-CLA-1225,Abbess Mursili of Roman Republic,classical_antiquity,Roman Republic,Mediterranean,52,72,Religious,architect,EVT-CLA-1225,0.8774,0.6731,0.7091,0.7495,0.7578,0.1965,0.7391,68,0.2235,0.8221,0.6159,0.8485,0.8796,0.7864,false
CHR-CLA-1226,General Vikram of Classical Greece (Polis),classical_antiquity,Parthian Empire,Persia,50,68,Military,stabilizer,EVT-CLA-1226,0.6967,0.7737,0.9393,0.8349,0.6823,0.3435,0.5036,67,0.2543,0.6195,0.534,0.8284,0.8587,0.7677,false
CHR-CLA-1227,Master Sculptor Belisarius of Parthian Empire,classical_antiquity,Roman Republic,Mediterranean,33,58,Cultural,wildcard,EVT-CLA-1227,0.7532,0.732,0.2715,0.6921,0.2659,0.5793,0.524,38,0.4436,0.6615,0.5917,1.0275,1.0789,1.1303,false
CHR-CLA-1228,Mint Overseer Talleyrand of Achaemenid Empire,classical_antiquity,Roman Republic,Mediterranean,-36,-24,Economic,stabilizer,EVT-CLA-1228,0.6485,0.6488,0.9113,0.83,0.467,0.3354,0.4958,206,0.2527,0.5874,0.4715,0.813,0.8427,0.7535,false
CHR-CLA-1229,Centurion Enheduanna of Gupta Empire,classical_antiquity,Classical Greece (Polis),Mediterranean,160,195,Military,catalyst,EVT-CLA-1229,0.7238,0.727,0.517,0.615,0.8236,0.5382,0.9027,41,0.4616,0.7954,0.6972,1.1121,1.218,1.1651,false
CHR-CLA-1230,Warlord Sherman of Sasanian Empire,classical_antiquity,Classical Greece (Polis),Mediterranean,-227,-210,Military,wildcard,EVT-CLA-1230,0.4089,0.8309,0.3954,0.2367,0.3107,0.3558,0.8721,49,0.5596,0.5942,0.5563,1.0169,1.0677,1.1186,false
CHR-CLA-1231,Physician Telepinu of Qin & Han Dynasties,classical_antiquity,Qin & Han Dynasties,East Asia,400,413,Scientific,stabilizer,EVT-CLA-1231,0.8078,0.5623,0.7867,0.7826,0.6413,0.1848,0.5791,233,0.2011,0.7163,0.5293,0.8272,0.8575,0.7667,false
CHR-CLA-1232,High Priest Kautilya of Qin & Han Dynasties,classical_antiquity,Qin & Han Dynasties,East Asia,-585,-557,Religious,wildcard,EVT-CLA-1232,0.7928,0.5137,0.3458,0.5104,0.6536,0.8379,0.6761,72,0.6637,0.7461,0.6903,1.0571,1.1099,1.1628,false
CHR-CLA-1233,Merchant Prince Song of Ptolemaic Kingdom,classical_antiquity,Roman Empire (Principate/Dominate),Mediterranean / Europe,15,56,Economic,stabilizer,EVT-CLA-1233,0.7795,0.7492,0.7761,0.7608,0.6178,0.298,0.6063,115,0.2686,0.7102,0.5699,0.8372,0.8678,0.7759,false
CHR-CLA-1234,Strategos Colbert of Kushan Empire,classical_antiquity,Ptolemaic Kingdom,Egypt / Levant,-592,-563,Military,catalyst,EVT-CLA-1234,0.5629,0.8497,0.4605,0.7491,0.9362,0.6969,0.8191,37,0.4739,0.6654,0.7025,1.1138,1.2199,1.1668,false
CHR-CLA-1235,Governor Ashoka of Achaemenid Empire,classical_antiquity,Sasanian Empire,Persia,139,170,Political,wildcard,EVT-CLA-1235,0.6817,0.7418,0.5062,0.2727,0.6048,0.5444,0.496,6,0.6359,0.6075,0.6142,1.0343,1.086,1.1377,false
CHR-CLA-1236,Physician Samudra of Roman Empire (Principate/Dominate),classical_antiquity,Achaemenid Empire,Persia / Near East,-431,-426,Scientific,architect,EVT-CLA-1236,0.7763,0.8696,0.8234,0.7138,0.5042,0.4314,0.5659,84,0.3588,0.6921,0.5817,0.8401,0.8708,0.7786,false
CHR-CLA-1237,Metallurgist Wilhelm of Sasanian Empire,classical_antiquity,Ptolemaic Kingdom,Egypt / Levant,-86,-70,Scientific,stabilizer,EVT-CLA-1237,0.6,0.7454,0.8382,0.6809,0.6753,0.1781,0.4041,130,0.2486,0.5217,0.4826,0.8157,0.8456,0.756,false
CHR-CLA-1238,Synod Envoy Li of Achaemenid Empire,classical_antiquity,Gupta Empire,South Asia,296,311,Religious,catalyst,EVT-CLA-1238,0.6265,0.7245,0.749,0.5972,0.9197,0.7631,0.8142,16,0.583,0.7016,0.6851,1.1083,1.2139,1.1611,false
CHR-CLA-1239,Arch-Engineer Mentuhotep of Kushan Empire,classical_antiquity,Roman Republic,Mediterranean,353,376,Scientific,disruptor,EVT-CLA-1239,0.8119,0.5271,0.2026,0.4631,0.8542,0.7126,0.7602,32,0.6248,0.7912,0.7377,1.232,1.25,1.25,false
CHR-CLA-1240,Chamberlain Valdemar of Achaemenid Empire,classical_antiquity,Classical Greece (Polis),Mediterranean,0,34,Economic,wildcard,EVT-CLA-1240,0.5762,0.5872,0.5058,0.518,0.3782,0.5668,0.8684,39,0.5244,0.6931,0.5777,1.0233,1.0745,1.1256,false
CHR-CLA-1241,Strategos Eleanor of Sasanian Empire,classical_antiquity,Parthian Empire,Persia,477,500,Military,wildcard,EVT-CLA-1241,0.435,0.5874,0.528,0.7804,0.6597,0.5453,0.683,62,0.3824,0.5342,0.5382,1.0115,1.062,1.1126,false
CHR-CLA-1242,Metallurgist Labarna of Ptolemaic Kingdom,classical_antiquity,Kingdom of Aksum,Horn of Africa,245,275,Scientific,stabilizer,EVT-CLA-1242,0.6585,0.7672,0.8666,0.7715,0.6587,0.3039,0.5635,230,0.2662,0.6205,0.5334,0.8282,0.8585,0.7676,false
CHR-CLA-1243,Legate Nizam of Qin & Han Dynasties,classical_antiquity,Qin & Han Dynasties,East Asia,-108,-82,Military,architect,EVT-CLA-1243,0.9089,0.6816,0.8408,0.7668,0.763,0.2391,0.5713,162,0.2362,0.7738,0.5931,0.8429,0.8737,0.7812,false
CHR-CLA-1244,Marshal Suppiluliuma of Ptolemaic Kingdom,classical_antiquity,Maurya Empire,South Asia,-681,-672,Military,disruptor,EVT-CLA-1244,0.8593,0.5998,0.2469,0.4457,0.9451,0.6616,0.8429,9,0.608,0.8527,0.7753,1.245,1.25,1.25,true
CHR-CLA-1245,Syndic Cao of Parthian Empire,classical_antiquity,Sasanian Empire,Persia,72,85,Economic,catalyst,EVT-CLA-1245,0.609,0.7477,0.5526,0.6147,0.9286,0.7425,0.8268,53,0.5639,0.6961,0.7031,1.114,1.2201,1.167,false
CHR-CLA-1246,Governor Enheduanna of Kushan Empire,classical_antiquity,Kingdom of Aksum,Horn of Africa,-47,-32,Political,architect,EVT-CLA-1246,0.8687,0.6184,0.8265,0.7187,0.7715,0.3446,0.7579,175,0.313,0.8244,0.6225,0.8501,0.8812,0.7879,false
CHR-CLA-1247,Mint Overseer Constantine of Qin & Han Dynasties,classical_antiquity,Kushan Empire,Central & South Asia,-785,-740,Economic,catalyst,EVT-CLA-1247,0.776,0.6596,0.5092,0.7524,0.7276,0.7457,0.8653,24,0.4966,0.8117,0.7052,1.1146,1.2208,1.1677,false
CHR-CLA-1248,Warlord Harun of Ptolemaic Kingdom,classical_antiquity,Achaemenid Empire,Persia / Near East,315,357,Military,catalyst,EVT-CLA-1248,0.5592,0.6683,0.6179,0.6253,0.9244,0.6511,0.7862,15,0.5129,0.65,0.6512,1.0976,1.2022,1.1499,false
CHR-CLA-1249,Hierophant Mentuhotep of Kingdom of Aksum,classical_antiquity,Roman Empire (Principate/Dominate),Mediterranean / Europe,-40,5,Religious,disruptor,EVT-CLA-1249,0.8625,0.5624,0.4347,0.3927,0.842,0.7825,0.7894,48,0.6949,0.8332,0.749,1.2359,1.25,1.25,false
CHR-CLA-1250,Abbess Vikram of Gupta Empire,classical_antiquity,Roman Empire (Principate/Dominate),Mediterranean / Europe,442,486,Religious,wildcard,EVT-CLA-1250,0.4647,0.6824,0.6703,0.2295,0.6243,0.6836,0.5172,20,0.7271,0.4857,0.5638,1.0191,1.0701,1.1211,false
CHR-CLA-1251,Philosopher Colbert of Carthaginian Republic,classical_antiquity,Seleucid Empire,Near East / Central Asia,387,400,Cultural,disruptor,EVT-CLA-1251,0.8822,0.5597,0.2292,0.5057,0.8476,0.8263,0.7224,21,0.6603,0.8183,0.7657,1.2417,1.25,1.25,true
CHR-CLA-1252,Poet Laureate Belisarius of Maurya Empire,classical_antiquity,Classical Greece (Polis),Mediterranean,-332,-325,Cultural,stabilizer,EVT-CLA-1252,0.7113,0.7363,0.7926,0.7529,0.451,0.2963,0.485,183,0.2717,0.6208,0.5062,0.8215,0.8516,0.7614,false
CHR-CLA-1253,Customs Director Rimush of Carthaginian Republic,classical_antiquity,Ptolemaic Kingdom,Egypt / Levant,441,469,Economic,wildcard,EVT-CLA-1253,0.6063,0.8045,0.2183,0.3854,0.2046,0.1562,0.6432,8,0.3854,0.6211,0.5318,1.0095,1.06,1.1105,false
CHR-CLA-1254,Admiral Solon of Roman Republic,classical_antiquity,Ptolemaic Kingdom,Egypt / Levant,481,500,Military,wildcard,EVT-CLA-1254,0.738,0.7069,0.3856,0.4375,0.534,0.8127,0.6137,13,0.6876,0.6883,0.6742,1.0522,1.1049,1.1575,false
CHR-CLA-1255,Syndic Suppiluliuma of Maurya Empire,classical_antiquity,Sasanian Empire,Persia,-634,-595,Economic,catalyst,EVT-CLA-1255,0.6692,0.8677,0.5543,0.5502,0.8472,0.5193,0.7733,20,0.4845,0.7109,0.6855,1.1084,1.214,1.1612,false
CHR-CLA-1256,Abbess Zhang of Maurya Empire,classical_antiquity,Gupta Empire,South Asia,-476,-440,Religious,catalyst,EVT-CLA-1256,0.7231,0.7824,0.5111,0.6891,0.8536,0.5998,0.8009,36,0.4554,0.7542,0.7007,1.1132,1.2192,1.1662,false
CHR-CLA-1257,Consul Thutmose of Classical Greece (Polis),classical_antiquity,Seleucid Empire,Near East / Central Asia,-439,-405,Political,wildcard,EVT-CLA-1257,0.7463,0.7449,0.1754,0.393,0.7148,0.439,0.4039,12,0.523,0.6094,0.6448,1.0434,1.0956,1.1478,false
CHR-CLA-1258,Scribe Sumner of Roman Empire (Principate/Dominate),classical_antiquity,Seleucid Empire,Near East / Central Asia,450,463,Cultural,stabilizer,EVT-CLA-1258,0.6141,0.6777,0.8551,0.7816,0.5582,0.1433,0.4138,83,0.1809,0.534,0.4479,0.8072,0.8367,0.75,false
CHR-CLA-1259,Customs Director Ramesses of Roman Republic,classical_antiquity,Roman Empire (Principate/Dominate),Mediterranean / Europe,147,183,Economic,architect,EVT-CLA-1259,0.6554,0.6849,0.7132,0.7207,0.5321,0.3628,0.5736,149,0.3211,0.6226,0.5295,0.8273,0.8575,0.7667,false
CHR-CLA-1260,Metallurgist Samsi-Adad of Achaemenid Empire,classical_antiquity,Seleucid Empire,Near East / Central Asia,-220,-197,Scientific,architect,EVT-CLA-1260,0.6821,0.8033,0.7192,0.8341,0.5349,0.3481,0.5594,45,0.257,0.633,0.5438,0.8308,0.8612,0.77,false
CHR-CLA-1261,Chamberlain Bradford of Classical Greece (Polis),classical_antiquity,Carthaginian Republic,Western Mediterranean,-454,-431,Economic,wildcard,EVT-CLA-1261,0.5022,0.503,0.3474,0.3696,0.6811,0.6959,0.8954,34,0.6632,0.6595,0.6386,1.0416,1.0937,1.1458,false
CHR-CLA-1262,Strategos Alexander of Sasanian Empire,classical_antiquity,Kushan Empire,Central & South Asia,-239,-209,Military,stabilizer,EVT-CLA-1262,0.69,0.7008,0.7538,0.8634,0.5849,0.2153,0.4141,118,0.176,0.5796,0.4912,0.8178,0.8478,0.758,false
CHR-CLA-1263,Cardinal Averroes of Qin & Han Dynasties,classical_antiquity,Roman Republic,Mediterranean,-669,-660,Religious,catalyst,EVT-CLA-1263,0.6659,0.7235,0.7307,0.7781,0.8848,0.5466,0.7285,46,0.3843,0.6909,0.637,1.0932,1.1973,1.1452,false
CHR-CLA-1264,Warlord Godfrey of Kushan Empire,classical_antiquity,Ptolemaic Kingdom,Egypt / Levant,-634,-596,Military,stabilizer,EVT-CLA-1264,0.6619,0.5812,0.8302,0.6927,0.5474,0.2726,0.6023,160,0.29,0.638,0.4983,0.8196,0.8496,0.7596,false
CHR-CLA-1265,Chronicler Constantine of Sasanian Empire,classical_antiquity,Seleucid Empire,Near East / Central Asia,373,378,Cultural,wildcard,EVT-CLA-1265,0.8061,0.4463,0.1699,0.4799,0.7972,0.4901,0.8117,43,0.5051,0.8084,0.6923,1.0577,1.1106,1.1635,false
CHR-CLA-1266,Centurion Constantine of Classical Greece (Polis),classical_antiquity,Qin & Han Dynasties,East Asia,-564,-521,Military,disruptor,EVT-CLA-1266,0.8435,0.7762,0.4828,0.4349,0.7536,0.7473,0.8713,37,0.6562,0.8546,0.7631,1.2408,1.25,1.25,true
CHR-CLA-1267,Astronomer Vikram of Ptolemaic Kingdom,classical_antiquity,Achaemenid Empire,Persia / Near East,268,284,Scientific,stabilizer,EVT-CLA-1267,0.7188,0.6933,0.805,0.7004,0.4628,0.234,0.5153,140,0.2668,0.6374,0.5,0.82,0.85,0.76,false
CHR-CLA-1268,Abbess Leonidas of Maurya Empire,classical_antiquity,Roman Republic,Mediterranean,108,146,Religious,catalyst,EVT-CLA-1268,0.5166,0.8147,0.6506,0.7596,0.8077,0.4901,0.7739,19,0.3653,0.6195,0.6091,1.0844,1.1876,1.136,false
CHR-CLA-1269,Scribe Chandra of Maurya Empire,classical_antiquity,Carthaginian Republic,Western Mediterranean,-233,-191,Cultural,catalyst,EVT-CLA-1269,0.7017,0.7675,0.5893,0.6414,0.8685,0.5048,0.7344,26,0.4317,0.7148,0.6657,1.1022,1.2072,1.1547,false
CHR-CLA-1270,General Ashoka of Achaemenid Empire,classical_antiquity,Classical Greece (Polis),Mediterranean,-469,-457,Military,wildcard,EVT-CLA-1270,0.609,0.4083,0.7056,0.2558,0.2562,0.5137,0.5201,44,0.6289,0.5734,0.4736,0.9921,1.0417,1.0913,false
CHR-CLA-1271,Warlord Saladin of Seleucid Empire,classical_antiquity,Seleucid Empire,Near East / Central Asia,203,243,Military,stabilizer,EVT-CLA-1271,0.7813,0.6291,0.8164,0.6904,0.4654,0.1399,0.4644,68,0.2248,0.6546,0.484,0.8161,0.8459,0.7563,false
CHR-CLA-1272,Syndic Thutmose of Maurya Empire,classical_antiquity,Maurya Empire,South Asia,293,323,Economic,disruptor,EVT-CLA-1272,0.746,0.6239,0.3371,0.4459,0.7885,0.8867,0.928,15,0.7204,0.8188,0.7646,1.2413,1.25,1.25,true
CHR-CLA-1273,Synod Envoy Rajaraja of Qin & Han Dynasties,classical_antiquity,Gupta Empire,South Asia,-366,-323,Religious,architect,EVT-CLA-1273,0.6561,0.6754,0.7201,0.8871,0.6365,0.3605,0.7762,128,0.2367,0.7042,0.5649,0.836,0.8666,0.7748,false
CHR-CLA-1274,Patriarch Kautilya of Parthian Empire,classical_antiquity,Kushan Empire,Central & South Asia,423,456,Religious,stabilizer,EVT-CLA-1274,0.6478,0.7708,0.8636,0.769,0.459,0.336,0.5622,153,0.2835,0.6136,0.5063,0.8216,0.8516,0.7614,false
CHR-CLA-1275,Chronicler Baldwin of Ptolemaic Kingdom,classical_antiquity,Sasanian Empire,Persia,-728,-691,Cultural,catalyst,EVT-CLA-1275,0.5648,0.8828,0.5324,0.7235,0.9361,0.4677,0.7206,51,0.3721,0.6271,0.6529,1.0982,1.2027,1.1504,false
CHR-CLA-1276,Treasurer Theodosius of Qin & Han Dynasties,classical_antiquity,Classical Greece (Polis),Mediterranean,-182,-148,Economic,wildcard,EVT-CLA-1276,0.7501,0.74,0.6165,0.7586,0.7285,0.6754,0.7619,43,0.4584,0.7548,0.6738,1.0521,1.1048,1.1574,false
CHR-CLA-1277,Pontiff Averroes of Maurya Empire,classical_antiquity,Achaemenid Empire,Persia / Near East,-372,-365,Religious,catalyst,EVT-CLA-1277,0.6933,0.6985,0.7489,0.7453,0.7803,0.5015,0.7108,58,0.3781,0.7003,0.6148,1.0862,1.1896,1.1379,false
CHR-CLA-1278,Legate Baldwin of Ptolemaic Kingdom,classical_antiquity,Ptolemaic Kingdom,Egypt / Levant,242,248,Military,wildcard,EVT-CLA-1278,0.461,0.6684,0.5614,0.7219,0.3255,0.6895,0.6992,40,0.4838,0.5563,0.5304,1.0091,1.0596,1.11,false
CHR-CLA-1279,Poet Laureate Wilhelm of Sasanian Empire,classical_antiquity,Gupta Empire,South Asia,-780,-768,Cultural,architect,EVT-CLA-1279,0.6835,0.83,0.7529,0.78,0.5357,0.3522,0.7502,161,0.2861,0.7102,0.5768,0.8389,0.8696,0.7775,false
CHR-CLA-1280,Imam Leonidas of Ptolemaic Kingdom,classical_antiquity,Seleucid Empire,Near East / Central Asia,185,222,Religious,stabilizer,EVT-CLA-1280,0.7023,0.6902,0.9318,0.7397,0.5783,0.1918,0.5273,69,0.2261,0.6323,0.4936,0.8184,0.8484,0.7585,false
CHR-CLA-1281,Centurion Eleanor of Parthian Empire,classical_antiquity,Qin & Han Dynasties,East Asia,-275,-248,Military,wildcard,EVT-CLA-1281,0.5191,0.8012,0.7298,0.6009,0.2239,0.8279,0.4763,53,0.6135,0.502,0.5261,1.0078,1.0582,1.1086,false
CHR-CLA-1282,Scribe Sargon of Parthian Empire,classical_antiquity,Kingdom of Aksum,Horn of Africa,7,14,Cultural,stabilizer,EVT-CLA-1282,0.636,0.5938,0.9174,0.7517,0.6843,0.2243,0.5392,151,0.2363,0.5973,0.4859,0.8165,0.8464,0.7568,false
CHR-CLA-1283,Abbess Necker of Achaemenid Empire,classical_antiquity,Roman Empire (Principate/Dominate),Mediterranean / Europe,-459,-438,Religious,disruptor,EVT-CLA-1283,0.9498,0.5188,0.2934,0.4104,0.7795,0.755,0.7704,6,0.6723,0.8781,0.7611,1.2401,1.25,1.25,true
CHR-CLA-1284,Syndic Song of Sasanian Empire,classical_antiquity,Ptolemaic Kingdom,Egypt / Levant,-638,-602,Economic,disruptor,EVT-CLA-1284,0.7671,0.7167,0.354,0.4403,0.8147,0.6614,0.9322,15,0.6106,0.8331,0.7531,1.2373,1.25,1.25,true
CHR-CLA-1285,Cardinal Hammurabi of Classical Greece (Polis),classical_antiquity,Maurya Empire,South Asia,223,265,Religious,disruptor,EVT-CLA-1285,0.6139,0.6478,0.3285,0.5947,0.7322,0.8776,0.9115,37,0.6415,0.7329,0.7163,1.2246,1.25,1.25,false
CHR-CLA-1286,Synod Envoy Constantine of Carthaginian Republic,classical_antiquity,Ptolemaic Kingdom,Egypt / Levant,-225,-188,Religious,wildcard,EVT-CLA-1286,0.8668,0.6233,0.3956,0.7155,0.7842,0.6229,0.7632,6,0.4537,0.8254,0.7104,1.0631,1.1163,1.1694,false
CHR-CLA-1287,Centurion Tariq of Achaemenid Empire,classical_antiquity,Parthian Empire,Persia,50,59,Military,disruptor,EVT-CLA-1287,0.7988,0.7345,0.2293,0.3647,0.8134,0.9312,0.901,12,0.7833,0.8397,0.8155,1.25,1.25,1.25,true
CHR-CLA-1288,Commander Cao of Kushan Empire,classical_antiquity,Seleucid Empire,Near East / Central Asia,-505,-465,Military,architect,EVT-CLA-1288,0.8727,0.6358,0.6976,0.7929,0.7536,0.3801,0.5738,62,0.2936,0.7531,0.6103,0.8471,0.8781,0.7851,false
CHR-CLA-1289,Admiral Dara of Ptolemaic Kingdom,classical_antiquity,Kushan Empire,Central & South Asia,455,498,Military,architect,EVT-CLA-1289,0.7506,0.873,0.8696,0.7255,0.5296,0.2863,0.7847,30,0.2804,0.7642,0.5855,0.841,0.8718,0.7795,false
CHR-CLA-1290,Merchant Prince Suppiluliuma of Carthaginian Republic,classical_antiquity,Maurya Empire,South Asia,-75,-46,Economic,wildcard,EVT-CLA-1290,0.889,0.3743,0.5065,0.6843,0.8221,0.4128,0.893,40,0.3643,0.8906,0.6627,1.0488,1.1013,1.1537,false
CHR-CLA-1291,Dramatist Mirabeau of Achaemenid Empire,classical_antiquity,Achaemenid Empire,Persia / Near East,-403,-391,Cultural,wildcard,EVT-CLA-1291,0.8095,0.3653,0.6989,0.7082,0.6723,0.431,0.8433,36,0.3614,0.823,0.5939,1.0282,1.0796,1.131,false
CHR-CLA-1292,Hierophant Narmer of Kingdom of Aksum,classical_antiquity,Sasanian Empire,Persia,479,500,Religious,catalyst,EVT-CLA-1292,0.7552,0.7877,0.6769,0.7586,0.8024,0.6197,0.7938,58,0.4306,0.7707,0.6837,1.1079,1.2134,1.1606,false
CHR-CLA-1293,General Alexander of Maurya Empire,classical_antiquity,Kushan Empire,Central & South Asia,76,104,Military,architect,EVT-CLA-1293,0.8799,0.6128,0.7145,0.8194,0.7198,0.4499,0.686,171,0.3152,0.8023,0.6278,0.8514,0.8826,0.7891,false
CHR-CLA-1294,Chancellor Talleyrand of Qin & Han Dynasties,classical_antiquity,Maurya Empire,South Asia,-131,-125,Political,architect,EVT-CLA-1294,0.722,0.6641,0.6962,0.8664,0.5679,0.3802,0.6111,167,0.2569,0.6777,0.5511,0.8326,0.863,0.7716,false
CHR-CLA-1295,Mint Overseer Mursili of Maurya Empire,classical_antiquity,Sasanian Empire,Persia,-72,-37,Economic,architect,EVT-CLA-1295,0.9177,0.8087,0.7232,0.8228,0.6621,0.4481,0.6499,78,0.3127,0.8106,0.6513,0.8572,0.8886,0.7945,false
CHR-CLA-1296,Commander Franklin of Carthaginian Republic,classical_antiquity,Carthaginian Republic,Western Mediterranean,-40,-18,Military,architect,EVT-CLA-1296,0.9057,0.7227,0.8465,0.8166,0.6599,0.3375,0.6494,69,0.2604,0.8032,0.6064,0.8462,0.8771,0.7843,false
CHR-CLA-1297,Chancellor Seneb of Kingdom of Aksum,classical_antiquity,Kushan Empire,Central & South Asia,347,358,Political,stabilizer,EVT-CLA-1297,0.6718,0.6425,0.796,0.7654,0.5085,0.339,0.4249,233,0.2868,0.5731,0.4873,0.8169,0.8468,0.7571,false
CHR-CLA-1298,Senator Bradford of Carthaginian Republic,classical_antiquity,Achaemenid Empire,Persia / Near East,-658,-617,Political,architect,EVT-CLA-1298,0.9138,0.848,0.8384,0.8197,0.5376,0.2374,0.7247,69,0.2089,0.8382,0.6058,0.846,0.877,0.7841,false
CHR-CLA-1299,Customs Director Aurelius of Ptolemaic Kingdom,classical_antiquity,Roman Empire (Principate/Dominate),Mediterranean / Europe,-750,-738,Economic,stabilizer,EVT-CLA-1299,0.7353,0.7188,0.8564,0.8271,0.6259,0.169,0.4608,131,0.171,0.6255,0.503,0.8207,0.8508,0.7607,false
CHR-CLA-1300,Poet Laureate Chandra of Maurya Empire,classical_antiquity,Roman Republic,Mediterranean,-238,-212,Cultural,wildcard,EVT-CLA-1300,0.4374,0.7677,0.4976,0.3523,0.5573,0.5694,0.8227,40,0.6085,0.5915,0.5995,1.0299,1.0814,1.1328,false
CHR-CLA-1301,Geometer Dara of Achaemenid Empire,classical_antiquity,Roman Empire (Principate/Dominate),Mediterranean / Europe,282,292,Scientific,catalyst,EVT-CLA-1301,0.805,0.9019,0.6714,0.5905,0.8971,0.7571,0.7632,56,0.5833,0.7883,0.7525,1.1295,1.2371,1.1833,true
CHR-CLA-1302,Abbess Hamilton of Sasanian Empire,classical_antiquity,Roman Republic,Mediterranean,-312,-295,Religious,architect,EVT-CLA-1302,0.7946,0.6187,0.8241,0.7565,0.5737,0.3088,0.7387,24,0.2762,0.7723,0.5644,0.8358,0.8664,0.7747,false
CHR-CLA-1303,Senator Gao of Carthaginian Republic,classical_antiquity,Classical Greece (Polis),Mediterranean,-49,-39,Political,wildcard,EVT-CLA-1303,0.5544,0.8151,0.2227,0.6964,0.2277,0.7188,0.7452,55,0.5112,0.6307,0.6075,1.0323,1.0839,1.1355,false
CHR-CLA-1304,Chronicler Telepinu of Achaemenid Empire,classical_antiquity,Seleucid Empire,Near East / Central Asia,-540,-534,Cultural,architect,EVT-CLA-1304,0.7129,0.8449,0.8935,0.7638,0.6536,0.2735,0.7922,43,0.2549,0.7446,0.5853,0.841,0.8718,0.7795,false
CHR-CLA-1305,Admiral Chandra of Gupta Empire,classical_antiquity,Achaemenid Empire,Persia / Near East,-789,-773,Military,architect,EVT-CLA-1305,0.6648,0.8716,0.8767,0.8497,0.7688,0.3559,0.7967,150,0.2531,0.7176,0.605,0.8458,0.8768,0.7839,false
CHR-CLA-1306,Consul Samudra of Achaemenid Empire,classical_antiquity,Carthaginian Republic,Western Mediterranean,-2,24,Political,architect,EVT-CLA-1306,0.8171,0.6195,0.7353,0.751,0.6423,0.3077,0.5721,128,0.2784,0.7191,0.5644,0.8359,0.8664,0.7747,false
CHR-CLA-1307,Master Sculptor Mursili of Maurya Empire,classical_antiquity,Roman Empire (Principate/Dominate),Mediterranean / Europe,-404,-380,Cultural,stabilizer,EVT-CLA-1307,0.6291,0.7677,0.9145,0.8855,0.6471,0.3023,0.4847,105,0.2084,0.5714,0.5018,0.8204,0.8505,0.7604,false
CHR-CLA-1308,Metallurgist Samsi-Adad of Qin & Han Dynasties,classical_antiquity,Gupta Empire,South Asia,235,255,Scientific,wildcard,EVT-CLA-1308,0.7617,0.8391,0.7063,0.2603,0.2472,0.7719,0.8245,59,0.7558,0.7868,0.6592,1.0478,1.1001,1.1525,false
CHR-CLA-1309,Centurion Saladin of Carthaginian Republic,classical_antiquity,Carthaginian Republic,Western Mediterranean,-637,-608,Military,stabilizer,EVT-CLA-1309,0.65,0.7917,0.8569,0.8839,0.6055,0.212,0.45,231,0.1641,0.57,0.4915,0.8179,0.8478,0.7581,false
CHR-CLA-1310,High Priest Marshall of Achaemenid Empire,classical_antiquity,Roman Empire (Principate/Dominate),Mediterranean / Europe,-314,-303,Religious,wildcard,EVT-CLA-1310,0.477,0.5712,0.2283,0.2334,0.8499,0.4225,0.7732,12,0.5946,0.5955,0.6273,1.0382,1.0901,1.142,false
CHR-CLA-1311,Viceroy Mentuhotep of Carthaginian Republic,classical_antiquity,Achaemenid Empire,Persia / Near East,-72,-53,Political,stabilizer,EVT-CLA-1311,0.6971,0.5768,0.7955,0.7104,0.5459,0.2129,0.6287,173,0.2512,0.6697,0.5039,0.8209,0.851,0.7609,false
CHR-CLA-1312,Consul Aurelius of Achaemenid Empire,classical_antiquity,Roman Republic,Mediterranean,-266,-250,Political,architect,EVT-CLA-1312,0.6763,0.8295,0.8333,0.7874,0.7455,0.3254,0.6245,112,0.269,0.6556,0.5751,0.8385,0.8692,0.7771,false
CHR-CLA-1313,Astronomer Justinian of Maurya Empire,classical_antiquity,Parthian Empire,Persia,-572,-552,Scientific,stabilizer,EVT-CLA-1313,0.6963,0.7145,0.9364,0.7215,0.6558,0.2348,0.5246,218,0.2567,0.6276,0.5138,0.8234,0.8535,0.7631,false
CHR-CLA-1314,Customs Director Heinrich of Gupta Empire,classical_antiquity,Sasanian Empire,Persia,-228,-222,Economic,disruptor,EVT-CLA-1314,0.7112,0.844,0.2527,0.5066,0.7295,0.8493,0.9342,26,0.6713,0.8004,0.7807,1.2469,1.25,1.25,true
CHR-CLA-1315,Archon Friedrich of Carthaginian Republic,classical_antiquity,Classical Greece (Polis),Mediterranean,442,453,Political,catalyst,EVT-CLA-1315,0.6771,0.785,0.505,0.743,0.8396,0.5016,0.7589,31,0.3793,0.7098,0.6644,1.1018,1.2067,1.1542,false
CHR-CLA-1316,Pontiff Nizam of Carthaginian Republic,classical_antiquity,Roman Republic,Mediterranean,-221,-190,Religious,catalyst,EVT-CLA-1316,0.5503,0.7368,0.6828,0.5826,0.9422,0.7512,0.7008,41,0.5843,0.6105,0.6598,1.1003,1.2051,1.1527,false
CHR-CLA-1317,Treasurer Narmer of Roman Republic,classical_antiquity,Roman Empire (Principate/Dominate),Mediterranean / Europe,-298,-290,Economic,wildcard,EVT-CLA-1317,0.7417,0.3648,0.3218,0.7944,0.7725,0.5527,0.5756,31,0.3791,0.6753,0.6034,1.031,1.0826,1.1341,false
CHR-CLA-1318,Commander Baldwin of Parthian Empire,classical_antiquity,Sasanian Empire,Persia,314,327,Military,wildcard,EVT-CLA-1318,0.6681,0.7196,0.4356,0.7089,0.5198,0.8406,0.885,9,0.5658,0.7549,0.6828,1.0548,1.1076,1.1603,false
CHR-CLA-1319,Senator Samudra of Roman Empire (Principate/Dominate),classical_antiquity,Kushan Empire,Central & South Asia,-333,-308,Political,disruptor,EVT-CLA-1319,0.6981,0.5557,0.3085,0.5464,0.7351,0.8824,0.9242,25,0.668,0.7886,0.731,1.2297,1.25,1.25,false
CHR-CLA-1320,Governor Aurelius of Kingdom of Aksum,classical_antiquity,Ptolemaic Kingdom,Egypt / Levant,-53,-19,Political,wildcard,EVT-CLA-1320,0.877,0.6782,0.6975,0.5281,0.5867,0.6173,0.4532,33,0.5446,0.7075,0.6234,1.037,1.0889,1.1407,false
CHR-CLA-1321,Arch-Engineer Madison of Achaemenid Empire,classical_antiquity,Achaemenid Empire,Persia / Near East,-480,-454,Scientific,stabilizer,EVT-CLA-1321,0.6831,0.6292,0.74,0.7036,0.5406,0.2359,0.6197,145,0.2661,0.6577,0.5154,0.8238,0.8539,0.7635,false
CHR-CLA-1322,Physician Naram-Sin of Roman Republic,classical_antiquity,Roman Empire (Principate/Dominate),Mediterranean / Europe,403,408,Scientific,stabilizer,EVT-CLA-1322,0.7115,0.5522,0.8161,0.733,0.4505,0.1877,0.5903,147,0.2274,0.663,0.4767,0.8143,0.8441,0.7547,false
CHR-CLA-1323,Metallurgist Otto of Gupta Empire,classical_antiquity,Roman Empire (Principate/Dominate),Mediterranean / Europe,312,327,Scientific,architect,EVT-CLA-1323,0.813,0.7247,0.8988,0.8273,0.6225,0.2572,0.5895,179,0.215,0.7236,0.5511,0.8326,0.863,0.7716,false
CHR-CLA-1324,Mint Overseer Puduhepa of Achaemenid Empire,classical_antiquity,Maurya Empire,South Asia,132,173,Economic,wildcard,EVT-CLA-1324,0.795,0.4737,0.2117,0.2442,0.3747,0.1663,0.8551,55,0.4611,0.8191,0.5958,1.0288,1.0802,1.1316,false
CHR-CLA-1325,Chronicler Thutmose of Maurya Empire,classical_antiquity,Maurya Empire,South Asia,-179,-147,Cultural,wildcard,EVT-CLA-1325,0.47,0.3523,0.2738,0.5379,0.2554,0.4376,0.8414,43,0.4499,0.6186,0.4962,0.9989,1.0488,1.0988,false
CHR-CLA-1326,Vizier Aurelius of Achaemenid Empire,classical_antiquity,Roman Empire (Principate/Dominate),Mediterranean / Europe,-547,-542,Political,architect,EVT-CLA-1326,0.676,0.6951,0.8271,0.7726,0.7179,0.3896,0.8123,135,0.3085,0.7305,0.5899,0.8421,0.8729,0.7805,false
CHR-CLA-1327,Archon Song of Kushan Empire,classical_antiquity,Sasanian Empire,Persia,264,293,Political,catalyst,EVT-CLA-1327,0.7441,0.9116,0.6254,0.7032,0.9162,0.7765,0.9146,32,0.5367,0.8123,0.7662,1.1338,1.2418,1.1878,true
CHR-CLA-1328,General Gao of Classical Greece (Polis),classical_antiquity,Sasanian Empire,Persia,-734,-692,Military,architect,EVT-CLA-1328,0.7086,0.8149,0.8107,0.7956,0.7078,0.2451,0.8173,107,0.2248,0.7521,0.5941,0.8431,0.874,0.7814,false
CHR-CLA-1329,Rhetorician Wu of Maurya Empire,classical_antiquity,Roman Empire (Principate/Dominate),Mediterranean / Europe,-704,-667,Cultural,disruptor,EVT-CLA-1329,0.8878,0.7901,0.4216,0.5287,0.7292,0.8518,0.728,8,0.6615,0.8239,0.7682,1.2425,1.25,1.25,true
CHR-CLA-1330,Patriarch Lafayette of Ptolemaic Kingdom,classical_antiquity,Roman Republic,Mediterranean,-230,-225,Religious,catalyst,EVT-CLA-1330,0.6732,0.793,0.4631,0.7691,0.766,0.7548,0.711,45,0.4929,0.6883,0.6873,1.109,1.2146,1.1618,false
CHR-CLA-1331,Hierophant Valdemar of Ptolemaic Kingdom,classical_antiquity,Kushan Empire,Central & South Asia,302,343,Religious,catalyst,EVT-CLA-1331,0.579,0.8094,0.6883,0.63,0.7384,0.5256,0.7257,31,0.4478,0.6377,0.6143,1.086,1.1894,1.1377,false
CHR-CLA-1332,Alchemist Rimush of Kushan Empire,classical_antiquity,Seleucid Empire,Near East / Central Asia,460,493,Scientific,stabilizer,EVT-CLA-1332,0.5898,0.5848,0.9144,0.81,0.455,0.3235,0.4479,42,0.2567,0.5331,0.4372,0.8045,0.834,0.75,false
CHR-CLA-1333,Warlord Kheti of Kushan Empire,classical_antiquity,Carthaginian Republic,Western Mediterranean,-471,-450,Military,stabilizer,EVT-CLA-1333,0.7266,0.7437,0.9089,0.8646,0.6436,0.3304,0.6449,195,0.2329,0.6939,0.5519,0.8328,0.8632,0.7718,false
CHR-CLA-1334,Warlord Imhotep of Parthian Empire,classical_antiquity,Parthian Empire,Persia,126,136,Military,stabilizer,EVT-CLA-1334,0.647,0.7066,0.8706,0.7231,0.6745,0.1813,0.4987,204,0.2291,0.5877,0.4977,0.8194,0.8494,0.7595,false
CHR-CLA-1335,Geometer Sun of Kingdom of Aksum,classical_antiquity,Gupta Empire,South Asia,241,276,Scientific,stabilizer,EVT-CLA-1335,0.7947,0.6549,0.8426,0.7402,0.465,0.3238,0.4135,214,0.2918,0.6422,0.506,0.8215,0.8515,0.7614,false
CHR-CLA-1336,Cardinal Hathor of Sasanian Empire,classical_antiquity,Qin & Han Dynasties,East Asia,-571,-548,Religious,disruptor,EVT-CLA-1336,0.7051,0.6876,0.43,0.5693,0.7894,0.8801,0.8468,36,0.6554,0.7618,0.7354,1.2312,1.25,1.25,false
CHR-CLA-1337,Abbess Justinian of Kushan Empire,classical_antiquity,Sasanian Empire,Persia,-147,-132,Religious,stabilizer,EVT-CLA-1337,0.7599,0.5694,0.7783,0.8909,0.6063,0.1231,0.4822,195,0.1161,0.6488,0.4848,0.8162,0.8461,0.7565,false
CHR-CLA-1338,Guild Master Saladin of Roman Empire (Principate/Dominate),classical_antiquity,Kushan Empire,Central & South Asia,-388,-357,Economic,architect,EVT-CLA-1338,0.8915,0.8599,0.8918,0.7873,0.7103,0.4235,0.7098,137,0.3181,0.8188,0.6499,0.8569,0.8882,0.7942,false
CHR-CLA-1339,Archon Leonidas of Maurya Empire,classical_antiquity,Roman Empire (Principate/Dominate),Mediterranean / Europe,220,228,Political,architect,EVT-CLA-1339,0.7572,0.8288,0.693,0.7754,0.7762,0.4351,0.6121,177,0.3299,0.6991,0.6291,0.8517,0.8829,0.7894,false
CHR-CLA-1340,Admiral Alexander of Sasanian Empire,classical_antiquity,Roman Empire (Principate/Dominate),Mediterranean / Europe,-72,-43,Military,disruptor,EVT-CLA-1340,0.7086,0.633,0.2306,0.4485,0.7648,0.9357,0.813,18,0.7436,0.7503,0.7536,1.2375,1.25,1.25,true
CHR-CLA-1341,Metallurgist Valdemar of Carthaginian Republic,classical_antiquity,Qin & Han Dynasties,East Asia,-78,-59,Scientific,catalyst,EVT-CLA-1341,0.758,0.7101,0.6662,0.5533,0.8321,0.4831,0.8028,28,0.4649,0.7759,0.6694,1.1034,1.2085,1.1559,false
CHR-CLA-1342,Scribe Godfrey of Kingdom of Aksum,classical_antiquity,Carthaginian Republic,Western Mediterranean,214,224,Cultural,stabilizer,EVT-CLA-1342,0.6896,0.7957,0.8301,0.7112,0.6725,0.342,0.5999,85,0.3154,0.6538,0.5653,0.8361,0.8667,0.7749,false
CHR-CLA-1343,Admiral Otto of Sasanian Empire,classical_antiquity,Kingdom of Aksum,Horn of Africa,-591,-586,Military,catalyst,EVT-CLA-1343,0.5933,0.7562,0.67,0.7119,0.7892,0.6749,0.7995,18,0.4815,0.6758,0.6487,1.0968,1.2013,1.1491,false
CHR-CLA-1344,Chronicler Imhotep of Kushan Empire,classical_antiquity,Qin & Han Dynasties,East Asia,-398,-357,Cultural,stabilizer,EVT-CLA-1344,0.7469,0.6361,0.7777,0.7251,0.57,0.2933,0.4905,194,0.2841,0.6443,0.5212,0.8252,0.8554,0.7648,false
CHR-CLA-1345,Merchant Prince Valdemar of Carthaginian Republic,classical_antiquity,Seleucid Empire,Near East / Central Asia,-288,-244,Economic,wildcard,EVT-CLA-1345,0.8138,0.8226,0.321,0.3689,0.4777,0.524,0.7333,5,0.5775,0.7816,0.6865,1.056,1.1088,1.1616,false
CHR-CLA-1346,Abbess Wu of Kingdom of Aksum,classical_antiquity,Roman Empire (Principate/Dominate),Mediterranean / Europe,381,403,Religious,disruptor,EVT-CLA-1346,0.9361,0.7057,0.2543,0.4085,0.8735,0.9185,0.9407,26,0.755,0.9379,0.8539,1.25,1.25,1.25,true
CHR-CLA-1347,Warlord Madison of Roman Republic,classical_antiquity,Carthaginian Republic,Western Mediterranean,-125,-82,Military,wildcard,EVT-CLA-1347,0.884,0.3544,0.3092,0.6546,0.6522,0.4864,0.7078,5,0.4159,0.8135,0.6375,1.0412,1.0933,1.1454,false
CHR-CLA-1348,Alchemist Narmer of Sasanian Empire,classical_antiquity,Carthaginian Republic,Western Mediterranean,276,289,Scientific,catalyst,EVT-CLA-1348,0.5081,0.745,0.6645,0.5877,0.7257,0.7069,0.7386,29,0.5596,0.6003,0.6186,1.0874,1.1909,1.1391,false
CHR-CLA-1349,High Priest Mentuhotep of Carthaginian Republic,classical_antiquity,Gupta Empire,South Asia,-478,-449,Religious,stabilizer,EVT-CLA-1349,0.8079,0.6077,0.779,0.7425,0.6407,0.3404,0.5808,157,0.299,0.7171,0.5624,0.8353,0.8659,0.7742,false
CHR-CLA-1350,Poet Laureate Heinrich of Qin & Han Dynasties,classical_antiquity,Sasanian Empire,Persia,169,198,Cultural,architect,EVT-CLA-1350,0.9157,0.8215,0.7004,0.8898,0.7221,0.2826,0.7277,148,0.1964,0.8405,0.6475,0.8563,0.8876,0.7936,false
CHR-CLA-1351,Philosopher Godfrey of Roman Empire (Principate/Dominate),classical_antiquity,Ptolemaic Kingdom,Egypt / Levant,147,171,Cultural,catalyst,EVT-CLA-1351,0.553,0.8589,0.6268,0.5852,0.7462,0.5234,0.7228,38,0.4691,0.6209,0.624,1.0891,1.1928,1.1409,false
CHR-CLA-1352,Philosopher Mazarin of Maurya Empire,classical_antiquity,Roman Republic,Mediterranean,238,275,Cultural,architect,EVT-CLA-1352,0.8078,0.7612,0.7243,0.8052,0.5416,0.3711,0.8134,108,0.2829,0.81,0.6124,0.8476,0.8787,0.7856,false
CHR-CLA-1353,Cardinal Kheti of Qin & Han Dynasties,classical_antiquity,Roman Empire (Principate/Dominate),Mediterranean / Europe,-30,15,Religious,catalyst,EVT-CLA-1353,0.5705,0.735,0.5187,0.7332,0.7342,0.535,0.7609,17,0.4009,0.6467,0.6189,1.0874,1.191,1.1392,false
CHR-CLA-1354,Syndic Wilhelm of Kingdom of Aksum,classical_antiquity,Kingdom of Aksum,Horn of Africa,-44,-1,Economic,disruptor,EVT-CLA-1354,0.6537,0.8118,0.4053,0.4066,0.717,0.7574,0.8713,39,0.6754,0.7408,0.7262,1.228,1.25,1.25,false
CHR-CLA-1355,Alchemist Kheti of Achaemenid Empire,classical_antiquity,Roman Republic,Mediterranean,363,388,Scientific,wildcard,EVT-CLA-1355,0.837,0.3741,0.684,0.6733,0.6858,0.7318,0.583,63,0.5293,0.7354,0.6134,1.034,1.0857,1.1374,false
CHR-CLA-1356,Vizier Samsi-Adad of Achaemenid Empire,classical_antiquity,Seleucid Empire,Near East / Central Asia,-617,-609,Political,catalyst,EVT-CLA-1356,0.6908,0.7683,0.6655,0.6902,0.8019,0.7082,0.7223,13,0.509,0.7034,0.6717,1.1041,1.2093,1.1567,false
CHR-CLA-1357,High Priest Mazarin of Ptolemaic Kingdom,classical_antiquity,Kushan Empire,Central & South Asia,-575,-562,Religious,catalyst,EVT-CLA-1357,0.6826,0.8343,0.7433,0.744,0.7523,0.6298,0.8508,53,0.4429,0.7499,0.6692,1.1033,1.2084,1.1558,false
CHR-CLA-1358,Chamberlain Aurelius of Maurya Empire,classical_antiquity,Kingdom of Aksum,Horn of Africa,443,451,Economic,architect,EVT-CLA-1358,0.7569,0.7217,0.7765,0.7119,0.6813,0.185,0.7623,68,0.2365,0.7591,0.5785,0.8393,0.87,0.7779,false
CHR-CLA-1359,Master Sculptor Tiglath of Roman Republic,classical_antiquity,Seleucid Empire,Near East / Central Asia,-306,-294,Cultural,disruptor,EVT-CLA-1359,0.7162,0.655,0.3925,0.589,0.7096,0.8287,0.7658,23,0.6199,0.7361,0.7042,1.2205,1.25,1.25,false
CHR-CLA-1360,Imam Kautilya of Kingdom of Aksum,classical_antiquity,Classical Greece (Polis),Mediterranean,-785,-750,Religious,catalyst,EVT-CLA-1360,0.6962,0.8154,0.6038,0.6122,0.8126,0.4982,0.721,53,0.443,0.7061,0.6601,1.1004,1.2052,1.1528,false
CHR-CLA-1361,Prefect Suppiluliuma of Qin & Han Dynasties,classical_antiquity,Parthian Empire,Persia,435,457,Political,architect,EVT-CLA-1361,0.8549,0.6194,0.8062,0.8538,0.5188,0.2197,0.5924,78,0.183,0.7499,0.533,0.8281,0.8584,0.7675,false
CHR-CLA-1362,Poet Laureate Kheti of Parthian Empire,classical_antiquity,Roman Republic,Mediterranean,77,114,Cultural,wildcard,EVT-CLA-1362,0.8438,0.4602,0.3631,0.2448,0.7926,0.7093,0.5632,33,0.7323,0.7316,0.6912,1.0574,1.1102,1.1631,false
CHR-CLA-1363,Treasurer Justinian of Classical Greece (Polis),classical_antiquity,Roman Republic,Mediterranean,207,247,Economic,catalyst,EVT-CLA-1363,0.5093,0.8709,0.5728,0.6951,0.8764,0.4515,0.8399,52,0.3782,0.6415,0.6411,1.0944,1.1987,1.1466,false
CHR-CLA-1364,Poet Laureate Imhotep of Achaemenid Empire,classical_antiquity,Gupta Empire,South Asia,273,309,Cultural,catalyst,EVT-CLA-1364,0.6397,0.6558,0.4746,0.6472,0.7873,0.6149,0.8885,19,0.4839,0.7392,0.6721,1.1042,1.2094,1.1568,false
CHR-CLA-1365,Cardinal Leonidas of Kushan Empire,classical_antiquity,Parthian Empire,Persia,-561,-547,Religious,architect,EVT-CLA-1365,0.8929,0.7289,0.7518,0.8953,0.5445,0.3875,0.6789,88,0.2461,0.8073,0.6042,0.8456,0.8766,0.7838,false
CHR-CLA-1366,Physician Rajaraja of Maurya Empire,classical_antiquity,Roman Republic,Mediterranean,202,213,Scientific,catalyst,EVT-CLA-1366,0.5179,0.7299,0.6041,0.6445,0.8329,0.586,0.8681,38,0.4707,0.6579,0.6394,1.0939,1.1981,1.146,false
CHR-CLA-1367,Warlord Samsi-Adad of Seleucid Empire,classical_antiquity,Kushan Empire,Central & South Asia,430,443,Military,disruptor,EVT-CLA-1367,0.8466,0.5994,0.279,0.6124,0.8535,0.8924,0.9129,7,0.64,0.8731,0.7919,1.25,1.25,1.25,true
CHR-CLA-1368,Philosopher Eleanor of Classical Greece (Polis),classical_antiquity,Achaemenid Empire,Persia / Near East,-441,-423,Cultural,architect,EVT-CLA-1368,0.682,0.8347,0.7181,0.7611,0.5787,0.3289,0.6204,99,0.2839,0.6574,0.565,0.836,0.8666,0.7748,false
CHR-CLA-1369,Cardinal Khaldun of Ptolemaic Kingdom,classical_antiquity,Ptolemaic Kingdom,Egypt / Levant,-370,-351,Religious,stabilizer,EVT-CLA-1369,0.6764,0.5728,0.895,0.7205,0.6958,0.1786,0.5337,50,0.229,0.6193,0.4907,0.8177,0.8476,0.7579,false
CHR-CLA-1370,Scribe Wu of Kushan Empire,classical_antiquity,Classical Greece (Polis),Mediterranean,-91,-65,Cultural,architect,EVT-CLA-1370,0.8058,0.8685,0.743,0.788,0.5741,0.3759,0.7143,63,0.2939,0.7692,0.6177,0.8489,0.88,0.7868,false
CHR-CLA-1371,Metallurgist Richelieu of Gupta Empire,classical_antiquity,Roman Empire (Principate/Dominate),Mediterranean / Europe,-785,-777,Scientific,disruptor,EVT-CLA-1371,0.7216,0.5704,0.2959,0.4783,0.7083,0.6523,0.8081,15,0.587,0.7562,0.6878,1.2148,1.25,1.25,false
CHR-CLA-1372,Archon Thutmose of Qin & Han Dynasties,classical_antiquity,Seleucid Empire,Near East / Central Asia,-460,-420,Political,catalyst,EVT-CLA-1372,0.8075,0.7809,0.6849,0.6184,0.9207,0.6048,0.9014,38,0.4932,0.845,0.7336,1.1236,1.2306,1.1771,false
CHR-CLA-1373,Master Sculptor Ramesses of Kingdom of Aksum,classical_antiquity,Qin & Han Dynasties,East Asia,-626,-589,Cultural,architect,EVT-CLA-1373,0.8512,0.7253,0.8539,0.8347,0.6001,0.3773,0.6296,121,0.2713,0.7626,0.5855,0.841,0.8718,0.7795,false
CHR-CLA-1374,Marshal Sargon of Kushan Empire,classical_antiquity,Kushan Empire,Central & South Asia,-103,-81,Military,catalyst,EVT-CLA-1374,0.621,0.8546,0.5386,0.6947,0.8035,0.7994,0.7003,31,0.5524,0.6527,0.6903,1.11,1.2157,1.1628,false
CHR-CLA-1375,Cardinal Marshall of Qin & Han Dynasties,classical_antiquity,Sasanian Empire,Persia,-408,-377,Religious,stabilizer,EVT-CLA-1375,0.6333,0.595,0.7204,0.8035,0.5448,0.3165,0.4099,195,0.2565,0.5439,0.476,0.8141,0.8439,0.7545,false
CHR-CLA-1376,Marshal Talleyrand of Achaemenid Empire,classical_antiquity,Kushan Empire,Central & South Asia,435,443,Military,architect,EVT-CLA-1376,0.789,0.7778,0.7149,0.7428,0.7304,0.3033,0.576,70,0.2803,0.7038,0.5967,0.8438,0.8747,0.7821,false
CHR-CLA-1377,Marshal Samudra of Seleucid Empire,classical_antiquity,Seleucid Empire,Near East / Central Asia,-64,-27,Military,wildcard,EVT-CLA-1377,0.8644,0.4819,0.3726,0.4682,0.4269,0.5514,0.5585,45,0.5416,0.742,0.6082,1.0325,1.0841,1.1357,false
CHR-CLA-1378,Marshal Labarna of Qin & Han Dynasties,classical_antiquity,Gupta Empire,South Asia,-97,-64,Military,architect,EVT-CLA-1378,0.8216,0.7371,0.7707,0.9055,0.5465,0.3543,0.5712,36,0.2244,0.7215,0.5644,0.8358,0.8664,0.7747,false
CHR-CLA-1379,Patriarch Sumner of Parthian Empire,classical_antiquity,Classical Greece (Polis),Mediterranean,-230,-215,Religious,architect,EVT-CLA-1379,0.8506,0.6225,0.6884,0.8167,0.5967,0.4093,0.7717,83,0.2963,0.8191,0.613,0.8478,0.8788,0.7858,false
CHR-CLA-1380,Guild Master Thutmose of Maurya Empire,classical_antiquity,Kingdom of Aksum,Horn of Africa,209,252,Economic,wildcard,EVT-CLA-1380,0.6913,0.4554,0.6286,0.758,0.2883,0.261,0.8283,72,0.2515,0.7461,0.497,0.9991,1.0491,1.099,false
CHR-CLA-1381,Merchant Prince Li of Roman Empire (Principate/Dominate),classical_antiquity,Kushan Empire,Central & South Asia,326,367,Economic,disruptor,EVT-CLA-1381,0.6076,0.6841,0.4709,0.3901,0.7688,0.7725,0.7637,40,0.6912,0.67,0.6837,1.2134,1.25,1.25,false
CHR-CLA-1382,Marshal Ashoka of Classical Greece (Polis),classical_antiquity,Kingdom of Aksum,Horn of Africa,-17,5,Military,architect,EVT-CLA-1382,0.8596,0.6568,0.8471,0.7887,0.5849,0.276,0.6286,126,0.2436,0.7672,0.5627,0.8354,0.866,0.7743,false
CHR-CLA-1383,Consul Mazarin of Seleucid Empire,classical_antiquity,Seleucid Empire,Near East / Central Asia,-438,-411,Political,disruptor,EVT-CLA-1383,0.8535,0.5046,0.3097,0.3319,0.9184,0.8729,0.9569,46,0.7705,0.8948,0.8037,1.25,1.25,1.25,true
CHR-CLA-1384,Treasurer Zhang of Carthaginian Republic,classical_antiquity,Achaemenid Empire,Persia / Near East,-277,-247,Economic,catalyst,EVT-CLA-1384,0.5691,0.7542,0.5839,0.7147,0.7354,0.5764,0.747,16,0.4308,0.6402,0.6201,1.0878,1.1914,1.1396,false
CHR-CLA-1385,Senator Naram-Sin of Kushan Empire,classical_antiquity,Parthian Empire,Persia,-123,-83,Political,catalyst,EVT-CLA-1385,0.6243,0.7768,0.683,0.7072,0.8818,0.4889,0.8865,24,0.3909,0.7292,0.6575,1.0996,1.2043,1.152,false
CHR-CLA-1386,Customs Director Kautilya of Roman Republic,classical_antiquity,Kingdom of Aksum,Horn of Africa,-773,-731,Economic,wildcard,EVT-CLA-1386,0.6387,0.4476,0.5756,0.4234,0.6253,0.1966,0.5692,53,0.3866,0.6109,0.5068,1.002,1.0521,1.1022,false
CHR-CLA-1387,Marshal Baldwin of Roman Empire (Principate/Dominate),classical_antiquity,Qin & Han Dynasties,East Asia,393,414,Military,wildcard,EVT-CLA-1387,0.465,0.5193,0.2106,0.7867,0.3014,0.5256,0.423,45,0.3695,0.4482,0.4713,0.9914,1.0409,1.0905,false
CHR-CLA-1388,Governor Nizam of Maurya Empire,classical_antiquity,Roman Empire (Principate/Dominate),Mediterranean / Europe,160,187,Political,wildcard,EVT-CLA-1388,0.7581,0.6412,0.2115,0.2091,0.2786,0.2397,0.6195,27,0.5153,0.7027,0.5748,1.0224,1.0736,1.1247,false
CHR-CLA-1389,Pontiff Hattusili of Qin & Han Dynasties,classical_antiquity,Carthaginian Republic,Western Mediterranean,-470,-438,Religious,architect,EVT-CLA-1389,0.8236,0.7622,0.8937,0.8944,0.6262,0.3983,0.6149,63,0.2519,0.7401,0.5821,0.8402,0.8709,0.7787,false
CHR-CLA-1390,Treasurer Ashoka of Parthian Empire,classical_antiquity,Classical Greece (Polis),Mediterranean,-377,-343,Economic,stabilizer,EVT-CLA-1390,0.7596,0.5536,0.9143,0.7744,0.5374,0.3426,0.4479,64,0.2841,0.6349,0.492,0.818,0.848,0.7582,false
CHR-CLA-1391,Mint Overseer Rajaraja of Classical Greece (Polis),classical_antiquity,Kushan Empire,Central & South Asia,148,193,Economic,stabilizer,EVT-CLA-1391,0.6339,0.7167,0.8843,0.7912,0.6089,0.2307,0.613,203,0.2198,0.6255,0.5059,0.8214,0.8515,0.7613,false
CHR-CLA-1392,Physician Tiglath of Kushan Empire,classical_antiquity,Ptolemaic Kingdom,Egypt / Levant,449,473,Scientific,architect,EVT-CLA-1392,0.8216,0.7326,0.6828,0.8185,0.5147,0.3886,0.5935,134,0.2851,0.7304,0.5806,0.8398,0.8706,0.7784,false
CHR-CLA-1393,Treasurer Leonidas of Kushan Empire,classical_antiquity,Carthaginian Republic,Western Mediterranean,-739,-710,Economic,catalyst,EVT-CLA-1393,0.7079,0.8096,0.5968,0.5703,0.8546,0.7565,0.9303,28,0.5931,0.7969,0.7414,1.1261,1.2333,1.1797,false
CHR-CLA-1394,Mint Overseer Gao of Ptolemaic Kingdom,classical_antiquity,Ptolemaic Kingdom,Egypt / Levant,-381,-348,Economic,architect,EVT-CLA-1394,0.7895,0.7283,0.7139,0.7901,0.7153,0.3141,0.8171,24,0.262,0.8005,0.6227,0.8502,0.8813,0.788,false
CHR-CLA-1395,Geometer Thutmose of Seleucid Empire,classical_antiquity,Classical Greece (Polis),Mediterranean,-392,-361,Scientific,catalyst,EVT-CLA-1395,0.6351,0.8818,0.7394,0.5541,0.7209,0.4773,0.7344,23,0.4616,0.6748,0.6293,1.0907,1.1946,1.1427,false
CHR-CLA-1396,Hierophant Chandra of Gupta Empire,classical_antiquity,Parthian Empire,Persia,-156,-140,Religious,architect,EVT-CLA-1396,0.8594,0.875,0.8283,0.7547,0.7428,0.4118,0.6007,88,0.3286,0.7559,0.6388,0.8542,0.8854,0.7917,false
CHR-CLA-1397,Geometer Hammurabi of Carthaginian Republic,classical_antiquity,Roman Empire (Principate/Dominate),Mediterranean / Europe,-632,-622,Scientific,disruptor,EVT-CLA-1397,0.7831,0.6716,0.4051,0.591,0.806,0.9318,0.8572,19,0.6704,0.8127,0.7657,1.2417,1.25,1.25,true
CHR-CLA-1398,Alchemist Chandra of Achaemenid Empire,classical_antiquity,Roman Republic,Mediterranean,-729,-687,Scientific,architect,EVT-CLA-1398,0.7738,0.761,0.8215,0.7884,0.6518,0.2726,0.6156,129,0.2421,0.7105,0.567,0.8365,0.8671,0.7753,false
CHR-CLA-1399,Abbess Marshall of Sasanian Empire,classical_antiquity,Achaemenid Empire,Persia / Near East,-126,-120,Religious,wildcard,EVT-CLA-1399,0.6685,0.3618,0.5638,0.2989,0.3328,0.2042,0.6286,56,0.4526,0.6526,0.4749,0.9925,1.0421,1.0917,false
CHR-CLA-1400,Mint Overseer Adams of Roman Empire (Principate/Dominate),classical_antiquity,Maurya Empire,South Asia,-795,-782,Economic,disruptor,EVT-CLA-1400,0.6659,0.5984,0.4669,0.4377,0.9047,0.7098,0.8625,46,0.636,0.7445,0.7092,1.2222,1.25,1.25,false
CHR-CLA-1401,Mint Overseer Adams of Seleucid Empire,classical_antiquity,Kushan Empire,Central & South Asia,470,478,Economic,wildcard,EVT-CLA-1401,0.7135,0.6059,0.7413,0.7142,0.5471,0.7625,0.8827,17,0.5242,0.7812,0.6383,1.0415,1.0936,1.1456,false
CHR-CLA-1402,Hierophant Solon of Kingdom of Aksum,classical_antiquity,Sasanian Empire,Persia,244,276,Religious,catalyst,EVT-CLA-1402,0.5535,0.8287,0.6669,0.7206,0.8463,0.6054,0.8518,48,0.4424,0.6728,0.6555,1.099,1.2036,1.1513,false
CHR-CLA-1403,Viceroy Zhao of Parthian Empire,classical_antiquity,Kushan Empire,Central & South Asia,-203,-198,Political,disruptor,EVT-CLA-1403,0.7868,0.683,0.2339,0.5991,0.8072,0.7942,0.7716,30,0.5976,0.7807,0.7518,1.2369,1.25,1.25,true
CHR-CLA-1404,Geometer Rimush of Carthaginian Republic,classical_antiquity,Ptolemaic Kingdom,Egypt / Levant,-286,-253,Scientific,stabilizer,EVT-CLA-1404,0.6273,0.7483,0.8276,0.7515,0.5533,0.3174,0.5972,39,0.2829,0.6153,0.5189,0.8247,0.8548,0.7643,false
CHR-CLA-1405,Senator Mazarin of Qin & Han Dynasties,classical_antiquity,Kingdom of Aksum,Horn of Africa,-350,-329,Political,stabilizer,EVT-CLA-1405,0.7355,0.5853,0.7931,0.7284,0.6332,0.306,0.4777,95,0.2888,0.6324,0.5185,0.8245,0.8547,0.7642,false
CHR-CLA-1406,Commander Theodosius of Sasanian Empire,classical_antiquity,Parthian Empire,Persia,-621,-594,Military,wildcard,EVT-CLA-1406,0.685,0.4836,0.1592,0.21,0.7978,0.8421,0.454,9,0.8161,0.5926,0.6815,1.0544,1.1072,1.1599,false
CHR-CLA-1407,Customs Director Baldwin of Parthian Empire,classical_antiquity,Maurya Empire,South Asia,-165,-130,Economic,stabilizer,EVT-CLA-1407,0.7558,0.7916,0.8627,0.7261,0.4798,0.244,0.4501,54,0.2589,0.6335,0.5112,0.8228,0.8529,0.7626,false
CHR-CLA-1408,Chamberlain Heinrich of Carthaginian Republic,classical_antiquity,Seleucid Empire,Near East / Central Asia,302,324,Economic,disruptor,EVT-CLA-1408,0.7008,0.567,0.4838,0.6057,0.8012,0.6946,0.7428,32,0.5444,0.7176,0.6674,1.2077,1.25,1.25,false
CHR-CLA-1409,Treasurer Imhotep of Maurya Empire,classical_antiquity,Roman Empire (Principate/Dominate),Mediterranean / Europe,-545,-524,Economic,disruptor,EVT-CLA-1409,0.682,0.5399,0.4373,0.381,0.7221,0.685,0.9352,11,0.652,0.7833,0.6901,1.2156,1.25,1.25,false
CHR-CLA-1410,Syndic Ashoka of Kushan Empire,classical_antiquity,Achaemenid Empire,Persia / Near East,269,289,Economic,disruptor,EVT-CLA-1410,0.8951,0.5661,0.3256,0.3409,0.7084,0.7747,0.9288,38,0.7169,0.9086,0.7709,1.2435,1.25,1.25,true
CHR-CLA-1411,Legate Kautilya of Carthaginian Republic,classical_antiquity,Maurya Empire,South Asia,-518,-489,Military,catalyst,EVT-CLA-1411,0.6212,0.708,0.4505,0.701,0.9428,0.7136,0.7869,59,0.5063,0.6875,0.6979,1.1123,1.2183,1.1653,false
CHR-CLA-1412,Governor Richelieu of Carthaginian Republic,classical_antiquity,Achaemenid Empire,Persia / Near East,222,241,Political,stabilizer,EVT-CLA-1412,0.6687,0.6496,0.8353,0.8869,0.6497,0.2658,0.5654,238,0.1895,0.6274,0.5089,0.8222,0.8523,0.762,false
CHR-CLA-1413,Hierophant Zhang of Achaemenid Empire,classical_antiquity,Roman Empire (Principate/Dominate),Mediterranean / Europe,184,210,Religious,catalyst,EVT-CLA-1413,0.7291,0.7621,0.6066,0.6135,0.931,0.5986,0.8103,37,0.4926,0.7616,0.7062,1.115,1.2212,1.1681,false
CHR-CLA-1414,Mint Overseer Averroes of Achaemenid Empire,classical_antiquity,Sasanian Empire,Persia,398,411,Economic,stabilizer,EVT-CLA-1414,0.6918,0.6686,0.9348,0.8932,0.5803,0.215,0.5031,70,0.1609,0.6163,0.4799,0.815,0.8449,0.7554,false
CHR-CLA-1415,Chancellor Solon of Kushan Empire,classical_antiquity,Maurya Empire,South Asia,-160,-147,Political,stabilizer,EVT-CLA-1415,0.7031,0.6445,0.7419,0.8638,0.6799,0.321,0.4075,58,0.2286,0.5848,0.5163,0.824,0.8542,0.7637,false
CHR-CLA-1416,Pontiff Wilhelm of Gupta Empire,classical_antiquity,Kushan Empire,Central & South Asia,334,366,Religious,wildcard,EVT-CLA-1416,0.5743,0.6434,0.2388,0.6568,0.7522,0.2398,0.5334,44,0.2915,0.5579,0.5622,1.0187,1.0696,1.1205,false
CHR-CLA-1417,Polymath Colbert of Kushan Empire,classical_antiquity,Sasanian Empire,Persia,-117,-88,Scientific,disruptor,EVT-CLA-1417,0.735,0.5982,0.2749,0.4083,0.8969,0.8326,0.9251,26,0.7122,0.811,0.7738,1.2444,1.25,1.25,true
CHR-CLA-1418,Vizier Marshall of Carthaginian Republic,classical_antiquity,Parthian Empire,Persia,145,165,Political,disruptor,EVT-CLA-1418,0.9356,0.6476,0.2446,0.3432,0.7654,0.926,0.7928,44,0.7914,0.8785,0.812,1.25,1.25,1.25,true
CHR-CLA-1419,Consul Aurelius of Sasanian Empire,classical_antiquity,Qin & Han Dynasties,East Asia,-241,-217,Political,stabilizer,EVT-CLA-1419,0.8153,0.7542,0.7481,0.822,0.4909,0.3276,0.5921,179,0.2528,0.726,0.5626,0.8354,0.866,0.7743,false
CHR-CLA-1420,Governor Puduhepa of Qin & Han Dynasties,classical_antiquity,Seleucid Empire,Near East / Central Asia,-753,-714,Political,catalyst,EVT-CLA-1420,0.708,0.6986,0.6767,0.7317,0.7344,0.6931,0.8076,18,0.4807,0.7478,0.6628,1.1013,1.2062,1.1537,false
CHR-CLA-1421,Legate Harun of Carthaginian Republic,classical_antiquity,Kingdom of Aksum,Horn of Africa,-507,-479,Military,wildcard,EVT-CLA-1421,0.8286,0.4476,0.562,0.3104,0.5356,0.7062,0.5095,24,0.6979,0.7009,0.6153,1.0346,1.0863,1.138,false
CHR-CLA-1422,Centurion Ramesses of Seleucid Empire,classical_antiquity,Gupta Empire,South Asia,209,232,Military,disruptor,EVT-CLA-1422,0.7416,0.7026,0.3611,0.635,0.7963,0.6872,0.87,39,0.5261,0.793,0.726,1.228,1.25,1.25,false
CHR-CLA-1423,General Franklin of Gupta Empire,classical_antiquity,Kushan Empire,Central & South Asia,-303,-278,Military,catalyst,EVT-CLA-1423,0.7768,0.6881,0.606,0.6045,0.753,0.4815,0.7247,19,0.4385,0.7559,0.6505,1.0974,1.2019,1.1497,false
CHR-CLA-1424,Poet Laureate Wilhelm of Gupta Empire,classical_antiquity,Kingdom of Aksum,Horn of Africa,-247,-220,Cultural,architect,EVT-CLA-1424,0.8617,0.8381,0.8106,0.8625,0.5538,0.3545,0.7418,122,0.246,0.8138,0.6145,0.8482,0.8792,0.7861,false
CHR-CLA-1425,Physician Qian of Sasanian Empire,classical_antiquity,Achaemenid Empire,Persia / Near East,277,312,Scientific,stabilizer,EVT-CLA-1425,0.8486,0.7736,0.9267,0.746,0.4927,0.2025,0.6634,145,0.2283,0.7746,0.552,0.8328,0.8633,0.7719,false
CHR-CLA-1426,Geometer Enheduanna of Ptolemaic Kingdom,classical_antiquity,Kushan Empire,Central & South Asia,326,342,Scientific,stabilizer,EVT-CLA-1426,0.8306,0.7359,0.9269,0.7807,0.518,0.2268,0.5495,225,0.223,0.7181,0.5305,0.8275,0.8578,0.7669,false
CHR-CLA-1427,Archon Mentuhotep of Kushan Empire,classical_antiquity,Sasanian Empire,Persia,436,469,Political,stabilizer,EVT-CLA-1427,0.8299,0.6029,0.9314,0.6819,0.588,0.3355,0.481,60,0.3268,0.6903,0.5313,0.8277,0.858,0.7671,false
CHR-CLA-1428,Imam Wilhelm of Seleucid Empire,classical_antiquity,Maurya Empire,South Asia,-184,-150,Religious,catalyst,EVT-CLA-1428,0.6771,0.7907,0.498,0.6808,0.776,0.6415,0.9108,25,0.4804,0.7706,0.7033,1.114,1.2201,1.1671,false
CHR-CLA-1429,Commander Wilhelm of Ptolemaic Kingdom,classical_antiquity,Sasanian Empire,Persia,-40,-10,Military,disruptor,EVT-CLA-1429,0.9197,0.6274,0.2968,0.366,0.7172,0.928,0.8778,47,0.781,0.9029,0.8045,1.25,1.25,1.25,true
CHR-CLA-1430,Rhetorician Otto of Seleucid Empire,classical_antiquity,Classical Greece (Polis),Mediterranean,-736,-696,Cultural,stabilizer,EVT-CLA-1430,0.8381,0.7909,0.8459,0.8269,0.588,0.2647,0.5344,180,0.2189,0.7166,0.5603,0.8348,0.8654,0.7737,false
CHR-CLA-1431,Philosopher Otto of Achaemenid Empire,classical_antiquity,Maurya Empire,South Asia,-783,-750,Cultural,wildcard,EVT-CLA-1431,0.7964,0.4193,0.3813,0.5659,0.4152,0.2864,0.6542,40,0.3602,0.7395,0.5489,1.0147,1.0654,1.1162,false
CHR-CLA-1432,Mint Overseer Imhotep of Kingdom of Aksum,classical_antiquity,Ptolemaic Kingdom,Egypt / Levant,297,325,Economic,architect,EVT-CLA-1432,0.6525,0.7022,0.7242,0.8084,0.632,0.2369,0.5574,115,0.2142,0.6145,0.5196,0.8248,0.855,0.7645,false
CHR-CLA-1433,Guild Master Khaldun of Seleucid Empire,classical_antiquity,Kingdom of Aksum,Horn of Africa,446,489,Economic,architect,EVT-CLA-1433,0.9137,0.8348,0.7537,0.805,0.7176,0.2811,0.6194,124,0.238,0.796,0.6307,0.8522,0.8833,0.7898,false
CHR-CLA-1434,Hierophant Leonidas of Qin & Han Dynasties,classical_antiquity,Seleucid Empire,Near East / Central Asia,-24,5,Religious,stabilizer,EVT-CLA-1434,0.6245,0.6842,0.8898,0.8827,0.4761,0.2481,0.4458,180,0.1827,0.553,0.4511,0.808,0.8375,0.75,false
CHR-CLA-1435,Philosopher Franklin of Achaemenid Empire,classical_antiquity,Maurya Empire,South Asia,37,56,Cultural,stabilizer,EVT-CLA-1435,0.703,0.6206,0.9352,0.8869,0.6183,0.3188,0.4763,146,0.216,0.6123,0.493,0.8183,0.8482,0.7584,false
CHR-CLA-1436,Polymath Madison of Seleucid Empire,classical_antiquity,Ptolemaic Kingdom,Egypt / Levant,-194,-166,Scientific,stabilizer,EVT-CLA-1436,0.7023,0.7512,0.8771,0.8939,0.5452,0.281,0.5352,87,0.1936,0.6355,0.5101,0.8225,0.8526,0.7623,false
CHR-CLA-1437,Legate Sun of Roman Empire (Principate/Dominate),classical_antiquity,Ptolemaic Kingdom,Egypt / Levant,105,140,Military,architect,EVT-CLA-1437,0.8656,0.8251,0.8662,0.7743,0.5318,0.4037,0.7868,156,0.3147,0.8341,0.6232,0.8503,0.8814,0.7881,false
CHR-CLA-1438,Consul Seneb of Parthian Empire,classical_antiquity,Seleucid Empire,Near East / Central Asia,-699,-694,Political,stabilizer,EVT-CLA-1438,0.7101,0.5528,0.7553,0.8571,0.4649,0.2204,0.5497,197,0.1817,0.6459,0.4773,0.8144,0.8442,0.7548,false
CHR-CLA-1439,Guild Master Puduhepa of Roman Empire (Principate/Dominate),classical_antiquity,Kingdom of Aksum,Horn of Africa,-506,-468,Economic,disruptor,EVT-CLA-1439,0.6536,0.5887,0.2555,0.3693,0.7052,0.7089,0.8028,30,0.6698,0.7133,0.6902,1.2156,1.25,1.25,false
CHR-CLA-1440,Merchant Prince Mursili of Ptolemaic Kingdom,classical_antiquity,Parthian Empire,Persia,-154,-134,Economic,stabilizer,EVT-CLA-1440,0.698,0.6784,0.9281,0.8382,0.6317,0.1956,0.6295,91,0.1787,0.6706,0.5101,0.8225,0.8526,0.7623,false
CHR-CLA-1441,Mint Overseer Imhotep of Kingdom of Aksum,classical_antiquity,Classical Greece (Polis),Mediterranean,199,213,Economic,wildcard,EVT-CLA-1441,0.5221,0.8478,0.6878,0.7972,0.2945,0.6149,0.8524,11,0.4088,0.6542,0.5633,1.019,1.0699,1.1209,false
CHR-CLA-1442,Geometer Alexander of Ptolemaic Kingdom,classical_antiquity,Ptolemaic Kingdom,Egypt / Levant,-452,-409,Scientific,disruptor,EVT-CLA-1442,0.6292,0.5647,0.3953,0.3714,0.8993,0.8617,0.9104,8,0.7452,0.7417,0.7346,1.2309,1.25,1.25,false
CHR-CLA-1443,Commander Mursili of Kingdom of Aksum,classical_antiquity,Parthian Empire,Persia,-344,-319,Military,architect,EVT-CLA-1443,0.7513,0.8553,0.8242,0.84,0.5185,0.3669,0.7492,67,0.2634,0.7505,0.5869,0.8414,0.8722,0.7798,false
CHR-CLA-1444,Hierophant Madison of Sasanian Empire,classical_antiquity,Carthaginian Republic,Western Mediterranean,-330,-287,Religious,wildcard,EVT-CLA-1444,0.7815,0.557,0.3866,0.6173,0.5339,0.6125,0.8316,63,0.4976,0.8016,0.6561,1.0468,1.0992,1.1515,false
CHR-CLA-1445,Guild Master Marshall of Ptolemaic Kingdom,classical_antiquity,Kingdom of Aksum,Horn of Africa,-260,-215,Economic,stabilizer,EVT-CLA-1445,0.6954,0.6496,0.8948,0.8944,0.4975,0.2368,0.674,85,0.1712,0.6868,0.4983,0.8196,0.8496,0.7596,false
CHR-CLA-1446,Physician Otto of Roman Republic,classical_antiquity,Gupta Empire,South Asia,-513,-489,Scientific,stabilizer,EVT-CLA-1446,0.6871,0.5763,0.7736,0.6933,0.6868,0.1323,0.5093,208,0.2195,0.6159,0.4955,0.8189,0.8488,0.759,false
CHR-CLA-1447,Abbess Necker of Maurya Empire,classical_antiquity,Roman Empire (Principate/Dominate),Mediterranean / Europe,338,383,Religious,catalyst,EVT-CLA-1447,0.7753,0.7494,0.5579,0.5617,0.8929,0.486,0.8714,40,0.4621,0.8138,0.7099,1.1161,1.2224,1.1693,false
CHR-CLA-1448,Commander Necker of Classical Greece (Polis),classical_antiquity,Seleucid Empire,Near East / Central Asia,139,163,Military,stabilizer,EVT-CLA-1448,0.7103,0.7197,0.8973,0.7049,0.6992,0.237,0.5928,139,0.2661,0.6633,0.5399,0.8298,0.8602,0.7691,false
CHR-CLA-1449,Master Sculptor Mursili of Sasanian Empire,classical_antiquity,Roman Republic,Mediterranean,-654,-620,Cultural,architect,EVT-CLA-1449,0.8423,0.6695,0.7021,0.7108,0.7281,0.2435,0.8161,66,0.2663,0.8318,0.6234,0.8504,0.8815,0.7881,false
CHR-CLA-1450,High Priest Harun of Maurya Empire,classical_antiquity,Parthian Empire,Persia,-505,-464,Religious,disruptor,EVT-CLA-1450,0.6342,0.5246,0.3383,0.6027,0.7974,0.7754,0.7261,39,0.5864,0.671,0.6681,1.208,1.25,1.25,false
CHR-CLA-1451,Syndic Heinrich of Roman Empire (Principate/Dominate),classical_antiquity,Seleucid Empire,Near East / Central Asia,389,402,Economic,catalyst,EVT-CLA-1451,0.6915,0.9153,0.591,0.6172,0.7821,0.6001,0.8888,44,0.4914,0.7704,0.7109,1.1164,1.2227,1.1696,false
CHR-CLA-1452,Synod Envoy Imhotep of Kushan Empire,classical_antiquity,Maurya Empire,South Asia,-138,-116,Religious,wildcard,EVT-CLA-1452,0.8486,0.7154,0.2564,0.4605,0.6426,0.8059,0.7104,68,0.6727,0.7934,0.7446,1.0734,1.1271,1.1807,false
CHR-CLA-1453,Imam Leonidas of Roman Empire (Principate/Dominate),classical_antiquity,Sasanian Empire,Persia,-42,-20,Religious,wildcard,EVT-CLA-1453,0.7566,0.3651,0.5243,0.3466,0.7441,0.8308,0.432,37,0.7421,0.6268,0.6252,1.0376,1.0894,1.1413,false
CHR-CLA-1454,Rhetorician Sherman of Seleucid Empire,classical_antiquity,Classical Greece (Polis),Mediterranean,272,309,Cultural,catalyst,EVT-CLA-1454,0.5365,0.8195,0.6895,0.58,0.7785,0.7958,0.8557,45,0.6079,0.6642,0.6736,1.1047,1.2099,1.1573,false
CHR-CLA-1455,Arch-Engineer Tiglath of Roman Empire (Principate/Dominate),classical_antiquity,Classical Greece (Polis),Mediterranean,270,285,Scientific,stabilizer,EVT-CLA-1455,0.8037,0.6414,0.8127,0.7922,0.4658,0.3319,0.601,221,0.2699,0.7226,0.5361,0.8289,0.8592,0.7682,false
CHR-CLA-1456,Legate Aurelius of Gupta Empire,classical_antiquity,Kushan Empire,Central & South Asia,341,365,Military,stabilizer,EVT-CLA-1456,0.731,0.6108,0.8864,0.7615,0.5303,0.1795,0.4659,59,0.209,0.625,0.474,0.8136,0.8434,0.7541,false
CHR-CLA-1457,Admiral Otto of Roman Republic,classical_antiquity,Achaemenid Empire,Persia / Near East,267,289,Military,catalyst,EVT-CLA-1457,0.5943,0.7795,0.5772,0.7418,0.7946,0.4835,0.8443,33,0.3708,0.6943,0.639,1.0938,1.198,1.1459,false
CHR-CLA-1458,Dramatist Nizam of Roman Republic,classical_antiquity,Qin & Han Dynasties,East Asia,268,313,Cultural,disruptor,EVT-CLA-1458,0.8177,0.7015,0.2686,0.5573,0.9302,0.7105,0.8306,35,0.5766,0.8228,0.7756,1.2451,1.25,1.25,true
CHR-CLA-1459,Philosopher Hattusili of Sasanian Empire,classical_antiquity,Kingdom of Aksum,Horn of Africa,-526,-499,Cultural,stabilizer,EVT-CLA-1459,0.5907,0.6444,0.9175,0.7026,0.6559,0.1387,0.5457,239,0.218,0.5727,0.4685,0.8123,0.842,0.7528,false
CHR-CLA-1460,Chamberlain Wu of Kushan Empire,classical_antiquity,Carthaginian Republic,Western Mediterranean,-455,-426,Economic,catalyst,EVT-CLA-1460,0.5864,0.6874,0.4619,0.7532,0.932,0.4629,0.7858,25,0.3548,0.6661,0.643,1.095,1.1993,1.1472,false
CHR-CLA-1461,Dramatist Richelieu of Carthaginian Republic,classical_antiquity,Sasanian Empire,Persia,-716,-705,Cultural,disruptor,EVT-CLA-1461,0.7997,0.7036,0.4595,0.4332,0.8484,0.7192,0.7764,44,0.643,0.7903,0.7395,1.2326,1.25,1.25,false
CHR-CLA-1462,Archon Solon of Qin & Han Dynasties,classical_antiquity,Qin & Han Dynasties,East Asia,-462,-435,Political,wildcard,EVT-CLA-1462,0.4242,0.8309,0.6312,0.6259,0.2128,0.6736,0.8558,13,0.5239,0.5968,0.5476,1.0143,1.065,1.1157,false
CHR-CLA-1463,Scribe Qian of Kingdom of Aksum,classical_antiquity,Achaemenid Empire,Persia / Near East,388,421,Cultural,wildcard,EVT-CLA-1463,0.8857,0.4144,0.6507,0.6327,0.5212,0.6121,0.6285,61,0.4897,0.7828,0.6011,1.0303,1.0819,1.1334,false
CHR-CLA-1464,Viceroy Richelieu of Seleucid Empire,classical_antiquity,Roman Republic,Mediterranean,-381,-338,Political,stabilizer,EVT-CLA-1464,0.6019,0.6975,0.8904,0.7208,0.6346,0.1397,0.4174,222,0.2094,0.5281,0.4588,0.8099,0.8395,0.7506,false
CHR-CLA-1465,Prefect Justinian of Kingdom of Aksum,classical_antiquity,Seleucid Empire,Near East / Central Asia,200,223,Political,stabilizer,EVT-CLA-1465,0.8244,0.693,0.7956,0.8,0.5032,0.1782,0.6388,224,0.1891,0.7502,0.5385,0.8295,0.8598,0.7688,false
CHR-CLA-1466,Synod Envoy Franklin of Parthian Empire,classical_antiquity,Kingdom of Aksum,Horn of Africa,-253,-216,Religious,wildcard,EVT-CLA-1466,0.435,0.392,0.71,0.4634,0.4796,0.5455,0.7507,47,0.5411,0.5613,0.4898,0.9969,1.0468,1.0966,false
CHR-CLA-1467,Customs Director Gao of Kushan Empire,classical_antiquity,Qin & Han Dynasties,East Asia,-710,-681,Economic,wildcard,EVT-CLA-1467,0.7064,0.8398,0.3995,0.3583,0.3733,0.6108,0.4203,46,0.6262,0.592,0.6054,1.0316,1.0832,1.1348,false
CHR-CLA-1468,Marshal Hamilton of Roman Empire (Principate/Dominate),classical_antiquity,Classical Greece (Polis),Mediterranean,460,500,Military,catalyst,EVT-CLA-1468,0.5944,0.6554,0.7373,0.7199,0.7833,0.6138,0.8619,47,0.447,0.7014,0.626,1.0897,1.1935,1.1416,false
CHR-CLA-1469,Rhetorician Harsha of Classical Greece (Polis),classical_antiquity,Kushan Empire,Central & South Asia,98,113,Cultural,catalyst,EVT-CLA-1469,0.7922,0.9027,0.6996,0.6571,0.9498,0.5514,0.8422,50,0.4471,0.8122,0.7321,1.1231,1.2301,1.1766,false
CHR-CLA-1470,General Puduhepa of Gupta Empire,classical_antiquity,Roman Republic,Mediterranean,308,325,Military,disruptor,EVT-CLA-1470,0.8148,0.6716,0.2737,0.4829,0.7706,0.9024,0.9073,7,0.7097,0.8518,0.79,1.25,1.25,1.25,true
CHR-CLA-1471,Governor Sherman of Carthaginian Republic,classical_antiquity,Achaemenid Empire,Persia / Near East,-787,-767,Political,disruptor,EVT-CLA-1471,0.6712,0.6892,0.2244,0.6105,0.8459,0.7481,0.7281,36,0.5688,0.6939,0.7165,1.2247,1.25,1.25,false
CHR-CLA-1472,Scribe Franklin of Seleucid Empire,classical_antiquity,Roman Empire (Principate/Dominate),Mediterranean / Europe,-289,-267,Cultural,catalyst,EVT-CLA-1472,0.6481,0.6775,0.701,0.6085,0.7862,0.6242,0.8849,47,0.5078,0.7428,0.6574,1.0996,1.2043,1.1519,false
CHR-CLA-1473,Imam Mirabeau of Achaemenid Empire,classical_antiquity,Carthaginian Republic,Western Mediterranean,239,278,Religious,wildcard,EVT-CLA-1473,0.6292,0.5544,0.3514,0.427,0.213,0.651,0.8211,7,0.612,0.706,0.5867,1.026,1.0773,1.1286,false
CHR-CLA-1474,Governor Theodosius of Roman Republic,classical_antiquity,Ptolemaic Kingdom,Egypt / Levant,-329,-287,Political,disruptor,EVT-CLA-1474,0.8996,0.8424,0.3809,0.5547,0.9391,0.6546,0.8037,24,0.55,0.8613,0.795,1.25,1.25,1.25,true
CHR-CLA-1475,Treasurer Tariq of Sasanian Empire,classical_antiquity,Kushan Empire,Central & South Asia,-352,-330,Economic,wildcard,EVT-CLA-1475,0.516,0.6858,0.4502,0.7822,0.2893,0.2669,0.6245,61,0.2424,0.5594,0.4748,0.9925,1.0421,1.0917,false
CHR-CLA-1476,Admiral Ashoka of Sasanian Empire,classical_antiquity,Qin & Han Dynasties,East Asia,485,498,Military,catalyst,EVT-CLA-1476,0.6236,0.8547,0.7225,0.7098,0.8995,0.7084,0.7418,17,0.4993,0.6709,0.6788,1.1063,1.2117,1.159,false
CHR-CLA-1477,Admiral Alexander of Kingdom of Aksum,classical_antiquity,Maurya Empire,South Asia,-363,-328,Military,wildcard,EVT-CLA-1477,0.7277,0.8379,0.2484,0.6847,0.5852,0.2602,0.5195,37,0.2878,0.6444,0.6033,1.031,1.0825,1.1341,false
CHR-CLA-1478,Alchemist Narmer of Parthian Empire,classical_antiquity,Parthian Empire,Persia,463,495,Scientific,wildcard,EVT-CLA-1478,0.512,0.6479,0.1863,0.3067,0.2531,0.693,0.8284,15,0.6932,0.6385,0.6074,1.0322,1.0838,1.1354,false
CHR-CLA-1479,Syndic Necker of Parthian Empire,classical_antiquity,Gupta Empire,South Asia,412,432,Economic,catalyst,EVT-CLA-1479,0.6402,0.7805,0.6368,0.5921,0.9202,0.7753,0.8318,53,0.5916,0.7169,0.7129,1.1171,1.2235,1.1703,false
CHR-CLA-1480,Chamberlain Belisarius of Qin & Han Dynasties,classical_antiquity,Roman Empire (Principate/Dominate),Mediterranean / Europe,-217,-191,Economic,stabilizer,EVT-CLA-1480,0.6118,0.5904,0.9223,0.7399,0.4521,0.1207,0.6691,110,0.1904,0.6347,0.4486,0.8073,0.8369,0.75,false
CHR-CLA-1481,Dramatist Harsha of Seleucid Empire,classical_antiquity,Maurya Empire,South Asia,194,228,Cultural,architect,EVT-CLA-1481,0.8844,0.8443,0.8728,0.8162,0.5796,0.3126,0.7311,46,0.2482,0.8231,0.6131,0.8478,0.8789,0.7858,false
CHR-CLA-1482,Scribe Gao of Achaemenid Empire,classical_antiquity,Carthaginian Republic,Western Mediterranean,-795,-753,Cultural,catalyst,EVT-CLA-1482,0.6261,0.823,0.4762,0.6031,0.8438,0.4713,0.7011,54,0.4341,0.6561,0.6546,1.0987,1.2033,1.151,false
CHR-CLA-1483,Patriarch Samudra of Achaemenid Empire,classical_antiquity,Parthian Empire,Persia,356,364,Religious,disruptor,EVT-CLA-1483,0.8839,0.6177,0.401,0.4578,0.9438,0.8346,0.9233,47,0.6884,0.8997,0.8059,1.25,1.25,1.25,true
CHR-CLA-1484,Philosopher Wu of Gupta Empire,classical_antiquity,Sasanian Empire,Persia,73,111,Cultural,catalyst,EVT-CLA-1484,0.8067,0.8485,0.7104,0.653,0.8296,0.5744,0.8097,22,0.4607,0.8079,0.7073,1.1153,1.2215,1.1684,false
CHR-CLA-1485,Abbess Hamilton of Roman Republic,classical_antiquity,Qin & Han Dynasties,East Asia,282,317,Religious,disruptor,EVT-CLA-1485,0.8489,0.7044,0.2906,0.5063,0.9282,0.9026,0.7861,19,0.6982,0.8238,0.806,1.25,1.25,1.25,true
CHR-CLA-1486,High Priest Zhao of Roman Republic,classical_antiquity,Achaemenid Empire,Persia / Near East,454,466,Religious,wildcard,EVT-CLA-1486,0.5467,0.6807,0.3112,0.4743,0.4967,0.1913,0.771,29,0.3585,0.6364,0.5528,1.0158,1.0666,1.1174,false
CHR-CLA-1487,Patriarch Song of Ptolemaic Kingdom,classical_antiquity,Roman Empire (Principate/Dominate),Mediterranean / Europe,-62,-27,Religious,disruptor,EVT-CLA-1487,0.8066,0.7941,0.5042,0.5919,0.9235,0.7927,0.7453,30,0.6004,0.7821,0.76,1.2397,1.25,1.25,true
CHR-CLA-1488,Scribe Theodosius of Roman Empire (Principate/Dominate),classical_antiquity,Maurya Empire,South Asia,286,323,Cultural,architect,EVT-CLA-1488,0.7743,0.6425,0.68,0.9055,0.7631,0.2095,0.6138,127,0.152,0.7101,0.5646,0.8359,0.8665,0.7747,false
CHR-CLA-1489,Master Sculptor Baldwin of Maurya Empire,classical_antiquity,Classical Greece (Polis),Mediterranean,-125,-117,Cultural,catalyst,EVT-CLA-1489,0.5155,0.8784,0.5829,0.5939,0.8454,0.6554,0.8057,37,0.5307,0.6316,0.6686,1.1031,1.2082,1.1556,false
CHR-CLA-1490,Warlord Kautilya of Kingdom of Aksum,classical_antiquity,Kingdom of Aksum,Horn of Africa,88,106,Military,wildcard,EVT-CLA-1490,0.4492,0.5775,0.4355,0.6162,0.3401,0.2963,0.5349,58,0.34,0.4835,0.4503,0.9851,1.0343,1.0836,false
CHR-CLA-1491,Customs Director Wu of Ptolemaic Kingdom,classical_antiquity,Classical Greece (Polis),Mediterranean,-62,-29,Economic,disruptor,EVT-CLA-1491,0.6925,0.7997,0.2882,0.5844,0.7799,0.6534,0.8008,20,0.5345,0.7358,0.7202,1.226,1.25,1.25,false
CHR-CLA-1492,Physician Wu of Kushan Empire,classical_antiquity,Carthaginian Republic,Western Mediterranean,-324,-304,Scientific,wildcard,EVT-CLA-1492,0.6125,0.5172,0.6378,0.6155,0.4615,0.7292,0.4625,66,0.5568,0.5525,0.5341,1.0102,1.0608,1.1113,false
CHR-CLA-1493,Rhetorician Harsha of Parthian Empire,classical_antiquity,Parthian Empire,Persia,-730,-714,Cultural,architect,EVT-CLA-1493,0.9185,0.7801,0.8266,0.9049,0.6397,0.2748,0.7669,115,0.1849,0.8579,0.6209,0.8498,0.8808,0.7876,false
CHR-CLA-1494,Arch-Engineer Baldwin of Sasanian Empire,classical_antiquity,Parthian Empire,Persia,-551,-529,Scientific,wildcard,EVT-CLA-1494,0.5179,0.3848,0.6489,0.2164,0.4897,0.2893,0.419,37,0.5365,0.4783,0.4412,0.9824,1.0315,1.0806,false
CHR-CLA-1495,Archon Cao of Kingdom of Aksum,classical_antiquity,Sasanian Empire,Persia,171,199,Political,stabilizer,EVT-CLA-1495,0.7348,0.6736,0.8381,0.8997,0.4984,0.3439,0.625,75,0.2221,0.6909,0.526,0.8264,0.8566,0.7659,false
CHR-CLA-1496,Hierophant Kheti of Sasanian Empire,classical_antiquity,Sasanian Empire,Persia,388,425,Religious,disruptor,EVT-CLA-1496,0.9166,0.6595,0.2173,0.6287,0.73,0.7472,0.7675,24,0.5593,0.8569,0.7616,1.2403,1.25,1.25,true
CHR-CLA-1497,Strategos Chandra of Roman Empire (Principate/Dominate),classical_antiquity,Maurya Empire,South Asia,375,382,Military,disruptor,EVT-CLA-1497,0.9197,0.5742,0.3638,0.5051,0.7854,0.6533,0.7806,28,0.5741,0.864,0.7373,1.2319,1.25,1.25,false
CHR-CLA-1498,Strategos Solon of Roman Republic,classical_antiquity,Roman Empire (Principate/Dominate),Mediterranean / Europe,200,236,Military,catalyst,EVT-CLA-1498,0.6224,0.8669,0.6622,0.7328,0.7262,0.7887,0.8792,13,0.528,0.7251,0.6919,1.1104,1.2162,1.1633,false
CHR-CLA-1499,Minister Necker of Kingdom of Aksum,classical_antiquity,Ptolemaic Kingdom,Egypt / Levant,-512,-497,Political,catalyst,EVT-CLA-1499,0.6619,0.681,0.7258,0.6227,0.883,0.5769,0.7045,26,0.4771,0.6789,0.6386,1.0936,1.1978,1.1457,false
CHR-CLA-1500,Archon Belisarius of Classical Greece (Polis),classical_antiquity,Seleucid Empire,Near East / Central Asia,-254,-230,Political,wildcard,EVT-CLA-1500,0.5002,0.8193,0.5822,0.2746,0.588,0.6134,0.7899,70,0.6694,0.6161,0.6247,1.0374,1.0893,1.1411,false
CHR-CLA-1501,Syndic Telepinu of Maurya Empire,classical_antiquity,Kingdom of Aksum,Horn of Africa,270,293,Economic,stabilizer,EVT-CLA-1501,0.6933,0.5592,0.8937,0.7028,0.6725,0.2793,0.6589,163,0.2882,0.6795,0.5243,0.826,0.8562,0.7655,false
CHR-CLA-1502,Pontiff Wilhelm of Kingdom of Aksum,classical_antiquity,Sasanian Empire,Persia,470,500,Religious,catalyst,EVT-CLA-1502,0.649,0.705,0.6677,0.6842,0.7404,0.6962,0.783,26,0.506,0.7026,0.65,1.0972,1.2017,1.1495,false
CHR-CLA-1503,Vizier Chandra of Kingdom of Aksum,classical_antiquity,Qin & Han Dynasties,East Asia,-367,-325,Political,wildcard,EVT-CLA-1503,0.5508,0.5139,0.6644,0.7416,0.4,0.4512,0.7726,6,0.3548,0.6395,0.5048,1.0015,1.0515,1.1016,false
CHR-CLA-1504,Geometer Zhang of Qin & Han Dynasties,classical_antiquity,Classical Greece (Polis),Mediterranean,-746,-737,Scientific,catalyst,EVT-CLA-1504,0.7766,0.7731,0.4676,0.7735,0.8554,0.5043,0.8072,35,0.3654,0.7888,0.6997,1.1129,1.2189,1.1659,false
CHR-CLA-1505,Guild Master Song of Maurya Empire,classical_antiquity,Kingdom of Aksum,Horn of Africa,218,252,Economic,stabilizer,EVT-CLA-1505,0.6818,0.7633,0.843,0.8634,0.5031,0.2974,0.4584,125,0.217,0.5924,0.4963,0.8191,0.8491,0.7592,false
CHR-CLA-1506,Rhetorician Sherman of Roman Republic,classical_antiquity,Parthian Empire,Persia,-7,30,Cultural,architect,EVT-CLA-1506,0.8285,0.6192,0.8468,0.7505,0.5032,0.4081,0.5598,84,0.3288,0.721,0.5485,0.8319,0.8624,0.7711,false
CHR-CLA-1507,General Suppiluliuma of Carthaginian Republic,classical_antiquity,Gupta Empire,South Asia,101,142,Military,catalyst,EVT-CLA-1507,0.6438,0.9184,0.4607,0.5863,0.877,0.687,0.9389,17,0.5503,0.7619,0.7488,1.1284,1.2358,1.1821,false
CHR-CLA-1508,Chronicler Telepinu of Classical Greece (Polis),classical_antiquity,Ptolemaic Kingdom,Egypt / Levant,-550,-518,Cultural,catalyst,EVT-CLA-1508,0.7235,0.9012,0.6199,0.6509,0.7429,0.5784,0.7055,23,0.4638,0.7163,0.6755,1.1053,1.2106,1.1579,false
CHR-CLA-1509,Pontiff Wilhelm of Classical Greece (Polis),classical_antiquity,Gupta Empire,South Asia,-769,-751,Religious,wildcard,EVT-CLA-1509,0.8501,0.6735,0.2281,0.3657,0.6064,0.7617,0.7704,55,0.698,0.8183,0.7432,1.073,1.1266,1.1803,false
CHR-CLA-1510,General Necker of Roman Republic,classical_antiquity,Seleucid Empire,Near East / Central Asia,112,131,Military,architect,EVT-CLA-1510,0.757,0.7249,0.884,0.8805,0.6188,0.2017,0.6223,125,0.1606,0.7031,0.532,0.8279,0.8582,0.7673,false
CHR-CLA-1511,Synod Envoy Kheti of Qin & Han Dynasties,classical_antiquity,Sasanian Empire,Persia,-579,-540,Religious,architect,EVT-CLA-1511,0.836,0.6627,0.7656,0.8608,0.7172,0.4106,0.5587,90,0.2749,0.7251,0.5918,0.8426,0.8734,0.7809,false
CHR-CLA-1512,High Priest Franklin of Carthaginian Republic,classical_antiquity,Achaemenid Empire,Persia / Near East,-92,-75,Religious,stabilizer,EVT-CLA-1512,0.7836,0.6838,0.9378,0.8423,0.5462,0.1455,0.5637,171,0.1516,0.6956,0.5009,0.8202,0.8502,0.7602,false
CHR-CLA-1513,Chamberlain Friedrich of Carthaginian Republic,classical_antiquity,Parthian Empire,Persia,-787,-779,Economic,architect,EVT-CLA-1513,0.7454,0.7828,0.6936,0.7451,0.6951,0.4165,0.6607,117,0.3357,0.7115,0.613,0.8478,0.8788,0.7858,false
CHR-CLA-1514,Imam Madison of Carthaginian Republic,classical_antiquity,Carthaginian Republic,Western Mediterranean,-81,-38,Religious,architect,EVT-CLA-1514,0.744,0.7774,0.8132,0.8525,0.5582,0.2741,0.75,131,0.2108,0.7464,0.566,0.8362,0.8668,0.7751,false
CHR-CLA-1515,Rhetorician Kheti of Gupta Empire,classical_antiquity,Kingdom of Aksum,Horn of Africa,302,333,Cultural,stabilizer,EVT-CLA-1515,0.5825,0.6444,0.7424,0.7948,0.6449,0.3414,0.5031,63,0.2733,0.5508,0.5017,0.8204,0.8504,0.7604,false
CHR-CLA-1516,Senator Harsha of Maurya Empire,classical_antiquity,Ptolemaic Kingdom,Egypt / Levant,-762,-736,Political,wildcard,EVT-CLA-1516,0.5666,0.6964,0.3464,0.3985,0.8169,0.465,0.6281,39,0.5333,0.5912,0.628,1.0384,1.0903,1.1423,false
CHR-CLA-1517,Customs Director Al-Mansur of Gupta Empire,classical_antiquity,Qin & Han Dynasties,East Asia,-179,-134,Economic,wildcard,EVT-CLA-1517,0.5754,0.5284,0.2486,0.5869,0.3584,0.7823,0.5767,23,0.5977,0.5759,0.5765,1.023,1.0741,1.1252,false
CHR-CLA-1518,Scribe Mirabeau of Sasanian Empire,classical_antiquity,Qin & Han Dynasties,East Asia,113,125,Cultural,architect,EVT-CLA-1518,0.7695,0.6503,0.771,0.7956,0.6377,0.4061,0.6593,78,0.3052,0.7254,0.5785,0.8393,0.87,0.7779,false
CHR-CLA-1519,Hierophant Justinian of Roman Empire (Principate/Dominate),classical_antiquity,Kushan Empire,Central & South Asia,-656,-633,Religious,stabilizer,EVT-CLA-1519,0.7555,0.5664,0.8539,0.8294,0.4841,0.1782,0.6144,172,0.1744,0.6991,0.4885,0.8172,0.8471,0.7574,false
CHR-CLA-1520,Commander Sun of Ptolemaic Kingdom,classical_antiquity,Maurya Empire,South Asia,230,274,Military,architect,EVT-CLA-1520,0.9166,0.6214,0.8615,0.9045,0.6533,0.3685,0.6076,144,0.232,0.793,0.5854,0.841,0.8718,0.7795,false
CHR-CLA-1521,General Constantine of Parthian Empire,classical_antiquity,Roman Empire (Principate/Dominate),Mediterranean / Europe,-258,-242,Military,wildcard,EVT-CLA-1521,0.7784,0.5969,0.4479,0.722,0.4169,0.3825,0.8793,26,0.3302,0.8188,0.605,1.0315,1.0831,1.1347,false
CHR-CLA-1522,Prefect Enheduanna of Qin & Han Dynasties,classical_antiquity,Sasanian Empire,Persia,430,469,Political,architect,EVT-CLA-1522,0.8814,0.8468,0.7295,0.8939,0.6836,0.4462,0.6744,140,0.2762,0.7986,0.6504,0.857,0.8883,0.7943,false
CHR-CLA-1523,Syndic Sumner of Roman Republic,classical_antiquity,Carthaginian Republic,Western Mediterranean,-102,-73,Economic,wildcard,EVT-CLA-1523,0.4499,0.4239,0.5063,0.5618,0.5503,0.3087,0.5191,51,0.3734,0.4775,0.4541,0.9862,1.0355,1.0848,false
CHR-CLA-1524,Polymath Song of Roman Empire (Principate/Dominate),classical_antiquity,Gupta Empire,South Asia,-435,-406,Scientific,architect,EVT-CLA-1524,0.7901,0.7704,0.8957,0.8091,0.5517,0.2932,0.7338,125,0.242,0.7676,0.5699,0.8372,0.8678,0.7759,false
CHR-CLA-1525,Minister Hamilton of Parthian Empire,classical_antiquity,Classical Greece (Polis),Mediterranean,-724,-700,Political,stabilizer,EVT-CLA-1525,0.765,0.5623,0.8011,0.7691,0.5211,0.3013,0.6418,146,0.2661,0.7158,0.5267,0.8266,0.8568,0.7661,false
CHR-CLA-1526,Master Sculptor Hathor of Qin & Han Dynasties,classical_antiquity,Carthaginian Republic,Western Mediterranean,-360,-355,Cultural,wildcard,EVT-CLA-1526,0.4091,0.7436,0.2466,0.2722,0.4145,0.4876,0.5794,19,0.6077,0.4772,0.5478,1.0143,1.065,1.1158,false
CHR-CLA-1527,Dramatist Zhang of Ptolemaic Kingdom,classical_antiquity,Kingdom of Aksum,Horn of Africa,-791,-755,Cultural,catalyst,EVT-CLA-1527,0.5314,0.8484,0.7476,0.7668,0.9337,0.6721,0.7115,16,0.4526,0.6034,0.6446,1.0956,1.1999,1.1477,false
CHR-CLA-1528,General Belisarius of Kingdom of Aksum,classical_antiquity,Kingdom of Aksum,Horn of Africa,-613,-582,Military,architect,EVT-CLA-1528,0.9143,0.7294,0.7988,0.7532,0.5324,0.295,0.8022,122,0.2709,0.8695,0.6149,0.8483,0.8793,0.7862,false
CHR-CLA-1529,Chamberlain Rajaraja of Gupta Empire,classical_antiquity,Carthaginian Republic,Western Mediterranean,328,346,Economic,architect,EVT-CLA-1529,0.7852,0.6723,0.7547,0.7052,0.6855,0.22,0.8081,172,0.2574,0.7944,0.5935,0.843,0.8738,0.7813,false
CHR-CLA-1530,Minister Necker of Carthaginian Republic,classical_antiquity,Achaemenid Empire,Persia / Near East,-593,-588,Political,wildcard,EVT-CLA-1530,0.7014,0.4473,0.5063,0.4933,0.4562,0.3357,0.7994,30,0.4212,0.7406,0.5558,1.0168,1.0676,1.1184,false
CHR-CLA-1531,Legate Ibn-Sina of Qin & Han Dynasties,classical_antiquity,Roman Republic,Mediterranean,-14,25,Military,wildcard,EVT-CLA-1531,0.7172,0.4437,0.743,0.5582,0.525,0.4842,0.7536,8,0.463,0.7318,0.5581,1.0174,1.0683,1.1192,false
CHR-CLA-1532,Rhetorician Bradford of Maurya Empire,classical_antiquity,Kushan Empire,Central & South Asia,-406,-381,Cultural,architect,EVT-CLA-1532,0.8308,0.6169,0.7904,0.8385,0.7367,0.3911,0.6306,93,0.2763,0.7507,0.593,0.8429,0.8737,0.7812,false
CHR-CLA-1533,Commander Samudra of Carthaginian Republic,classical_antiquity,Kushan Empire,Central & South Asia,-21,19,Military,catalyst,EVT-CLA-1533,0.7617,0.8138,0.5158,0.7228,0.7858,0.6379,0.7896,53,0.4576,0.7728,0.7068,1.1151,1.2213,1.1682,false
CHR-CLA-1534,Viceroy Mentuhotep of Maurya Empire,classical_antiquity,Kingdom of Aksum,Horn of Africa,430,452,Political,stabilizer,EVT-CLA-1534,0.7251,0.7129,0.7521,0.8062,0.6946,0.2403,0.6047,55,0.2171,0.6769,0.5536,0.8332,0.8637,0.7722,false
CHR-CLA-1535,Cardinal Song of Achaemenid Empire,classical_antiquity,Roman Empire (Principate/Dominate),Mediterranean / Europe,113,155,Religious,wildcard,EVT-CLA-1535,0.8739,0.4078,0.16,0.6297,0.6506,0.1545,0.8898,5,0.2624,0.8802,0.6364,1.0409,1.093,1.145,false
CHR-CLA-1536,Patriarch Aurelius of Roman Empire (Principate/Dominate),classical_antiquity,Maurya Empire,South Asia,403,445,Religious,architect,EVT-CLA-1536,0.6884,0.6212,0.7046,0.7815,0.5361,0.3963,0.6442,33,0.3074,0.6707,0.5422,0.8304,0.8608,0.7696,false
CHR-CLA-1537,Poet Laureate Theodosius of Kingdom of Aksum,classical_antiquity,Achaemenid Empire,Persia / Near East,-508,-490,Cultural,wildcard,EVT-CLA-1537,0.65,0.7647,0.1905,0.7171,0.3444,0.3819,0.6518,57,0.3324,0.6507,0.579,1.0237,1.0749,1.1261,false
CHR-CLA-1538,Hierophant Gao of Achaemenid Empire,classical_antiquity,Carthaginian Republic,Western Mediterranean,-128,-122,Religious,stabilizer,EVT-CLA-1538,0.8497,0.789,0.8715,0.7265,0.5655,0.2797,0.4997,126,0.2766,0.7097,0.559,0.8345,0.8651,0.7735,false
CHR-CLA-1539,High Priest Sun of Maurya Empire,classical_antiquity,Kushan Empire,Central & South Asia,373,394,Religious,wildcard,EVT-CLA-1539,0.6638,0.5398,0.6071,0.6195,0.331,0.6558,0.8385,47,0.5182,0.7337,0.579,1.0237,1.0749,1.1261,false
CHR-CLA-1540,Master Sculptor Justinian of Gupta Empire,classical_antiquity,Qin & Han Dynasties,East Asia,-220,-183,Cultural,stabilizer,EVT-CLA-1540,0.6338,0.6578,0.9109,0.7739,0.6926,0.1307,0.6549,183,0.1784,0.6422,0.4991,0.8198,0.8498,0.7598,false
CHR-CLA-1541,Scribe Friedrich of Roman Republic,classical_antiquity,Roman Republic,Mediterranean,452,466,Cultural,catalyst,EVT-CLA-1541,0.7119,0.8963,0.508,0.7523,0.9013,0.5049,0.9362,37,0.3763,0.8016,0.7254,1.121,1.2278,1.1744,false
CHR-CLA-1542,Master Sculptor Ramesses of Achaemenid Empire,classical_antiquity,Roman Empire (Principate/Dominate),Mediterranean / Europe,363,407,Cultural,stabilizer,EVT-CLA-1542,0.6917,0.5889,0.7958,0.7876,0.5688,0.2275,0.4346,195,0.2199,0.5889,0.4769,0.8143,0.8441,0.7547,false
CHR-CLA-1543,Dramatist Qian of Kingdom of Aksum,classical_antiquity,Qin & Han Dynasties,East Asia,-707,-665,Cultural,stabilizer,EVT-CLA-1543,0.6105,0.5725,0.7549,0.723,0.6918,0.2066,0.5856,196,0.2418,0.6005,0.4995,0.8199,0.8499,0.7599,false
CHR-CLA-1544,Scribe Talleyrand of Sasanian Empire,classical_antiquity,Seleucid Empire,Near East / Central Asia,-129,-111,Cultural,wildcard,EVT-CLA-1544,0.8458,0.4998,0.46,0.2062,0.6066,0.3823,0.4294,65,0.588,0.6793,0.5929,1.0279,1.0792,1.1306,false
CHR-CLA-1545,Cardinal Ibn-Sina of Kingdom of Aksum,classical_antiquity,Sasanian Empire,Persia,-382,-363,Religious,disruptor,EVT-CLA-1545,0.8338,0.5316,0.2502,0.5112,0.8379,0.917,0.8887,11,0.7029,0.8558,0.7842,1.248,1.25,1.25,true
CHR-CLA-1546,Cardinal Puduhepa of Sasanian Empire,classical_antiquity,Roman Empire (Principate/Dominate),Mediterranean / Europe,-292,-266,Religious,catalyst,EVT-CLA-1546,0.647,0.7981,0.5957,0.7211,0.9266,0.7233,0.8761,47,0.5011,0.7386,0.7147,1.1176,1.2241,1.1709,false
CHR-CLA-1547,Physician Puduhepa of Classical Greece (Polis),classical_antiquity,Achaemenid Empire,Persia / Near East,-416,-396,Scientific,wildcard,EVT-CLA-1547,0.7467,0.6534,0.3847,0.2627,0.3187,0.829,0.8245,49,0.7831,0.7778,0.6789,1.0537,1.1064,1.159,false
CHR-CLA-1548,Consul Mentuhotep of Ptolemaic Kingdom,classical_antiquity,Achaemenid Empire,Persia / Near East,-713,-708,Political,catalyst,EVT-CLA-1548,0.667,0.678,0.4667,0.6841,0.8577,0.7022,0.7285,26,0.509,0.6916,0.6808,1.107,1.2124,1.1597,false
CHR-CLA-1549,Philosopher Nizam of Parthian Empire,classical_antiquity,Achaemenid Empire,Persia / Near East,-782,-750,Cultural,wildcard,EVT-CLA-1549,0.4662,0.7743,0.6104,0.7911,0.4143,0.6093,0.7988,64,0.4091,0.5993,0.5555,1.0166,1.0675,1.1183,false
CHR-CLA-1550,Admiral Qian of Achaemenid Empire,classical_antiquity,Seleucid Empire,Near East / Central Asia,-108,-93,Military,wildcard,EVT-CLA-1550,0.431,0.6912,0.5904,0.5375,0.7593,0.7261,0.4686,10,0.5943,0.446,0.5686,1.0206,1.0716,1.1226,false
CHR-CLA-1551,Guild Master Samsi-Adad of Classical Greece (Polis),classical_antiquity,Achaemenid Empire,Persia / Near East,416,456,Economic,catalyst,EVT-CLA-1551,0.6625,0.796,0.7183,0.6824,0.7868,0.7136,0.7477,45,0.5156,0.6966,0.6663,1.1024,1.2074,1.1549,false
CHR-CLA-1552,Prefect Zhao of Achaemenid Empire,classical_antiquity,Roman Republic,Mediterranean,-470,-445,Political,catalyst,EVT-CLA-1552,0.7052,0.7895,0.6694,0.7471,0.8683,0.6341,0.8598,57,0.4435,0.767,0.6948,1.1113,1.2172,1.1643,false
CHR-CLA-1553,Treasurer Alexander of Sasanian Empire,classical_antiquity,Qin & Han Dynasties,East Asia,-773,-750,Economic,disruptor,EVT-CLA-1553,0.9218,0.8231,0.227,0.4427,0.7475,0.8995,0.8774,20,0.7284,0.904,0.8377,1.25,1.25,1.25,true
CHR-CLA-1554,Governor Labarna of Kingdom of Aksum,classical_antiquity,Parthian Empire,Persia,-635,-590,Political,stabilizer,EVT-CLA-1554,0.6876,0.6387,0.9316,0.852,0.6355,0.1275,0.5495,43,0.1377,0.6324,0.4788,0.8148,0.8446,0.7552,false
CHR-CLA-1555,Astronomer Cao of Carthaginian Republic,classical_antiquity,Sasanian Empire,Persia,-2,36,Scientific,catalyst,EVT-CLA-1555,0.5146,0.853,0.5558,0.552,0.946,0.5296,0.874,36,0.4888,0.6583,0.6759,1.1054,1.2107,1.158,false
CHR-CLA-1556,Commander Mazarin of Seleucid Empire,classical_antiquity,Roman Republic,Mediterranean,-146,-110,Military,wildcard,EVT-CLA-1556,0.4258,0.5805,0.1748,0.6763,0.7,0.3682,0.6624,4,0.346,0.5204,0.5518,1.0155,1.0663,1.1171,false
CHR-CLA-1557,Polymath Marshall of Classical Greece (Polis),classical_antiquity,Maurya Empire,South Asia,-56,-42,Scientific,stabilizer,EVT-CLA-1557,0.6186,0.6247,0.8119,0.7379,0.5624,0.1297,0.6563,88,0.1959,0.6337,0.4825,0.8157,0.8455,0.756,false
CHR-CLA-1558,Synod Envoy Enheduanna of Kushan Empire,classical_antiquity,Roman Republic,Mediterranean,-532,-495,Religious,stabilizer,EVT-CLA-1558,0.8218,0.7036,0.7839,0.7876,0.4932,0.1425,0.5048,215,0.1775,0.695,0.5143,0.8235,0.8536,0.7633,false
CHR-CLA-1559,Treasurer Suppiluliuma of Roman Empire (Principate/Dominate),classical_antiquity,Achaemenid Empire,Persia / Near East,-568,-529,Economic,disruptor,EVT-CLA-1559,0.6162,0.6228,0.4242,0.3373,0.7504,0.693,0.8855,7,0.6779,0.7239,0.6875,1.2147,1.25,1.25,false
CHR-CLA-1560,Dramatist Alexander of Seleucid Empire,classical_antiquity,Achaemenid Empire,Persia / Near East,-168,-124,Cultural,architect,EVT-CLA-1560,0.8673,0.6307,0.8411,0.8332,0.5634,0.4206,0.7582,26,0.2937,0.8237,0.597,0.8439,0.8747,0.7821,false
CHR-CLA-1561,Dramatist Eleanor of Qin & Han Dynasties,classical_antiquity,Parthian Empire,Persia,-585,-551,Cultural,catalyst,EVT-CLA-1561,0.5537,0.707,0.548,0.6499,0.8755,0.5074,0.8113,46,0.4288,0.6567,0.6363,1.0929,1.197,1.145,false
CHR-CLA-1562,Geometer Sumner of Classical Greece (Polis),classical_antiquity,Kingdom of Aksum,Horn of Africa,-705,-700,Scientific,stabilizer,EVT-CLA-1562,0.6422,0.7395,0.7405,0.6846,0.4581,0.3402,0.5003,80,0.3278,0.5854,0.508,0.822,0.852,0.7618,false
CHR-CLA-1563,Philosopher Hammurabi of Carthaginian Republic,classical_antiquity,Sasanian Empire,Persia,141,179,Cultural,stabilizer,EVT-CLA-1563,0.7146,0.7245,0.7471,0.8135,0.485,0.2356,0.5697,131,0.211,0.6566,0.5155,0.8238,0.8539,0.7635,false
CHR-CLA-1564,Rhetorician Lafayette of Seleucid Empire,classical_antiquity,Gupta Empire,South Asia,-639,-610,Cultural,catalyst,EVT-CLA-1564,0.5648,0.8891,0.6905,0.7234,0.8399,0.5648,0.8752,44,0.4207,0.689,0.6613,1.1008,1.2057,1.1532,false
CHR-CLA-1565,Treasurer Chandra of Achaemenid Empire,classical_antiquity,Ptolemaic Kingdom,Egypt / Levant,-132,-88,Economic,architect,EVT-CLA-1565,0.8141,0.6407,0.8166,0.9,0.6924,0.2672,0.6684,174,0.1836,0.7558,0.5672,0.8365,0.8671,0.7753,false
CHR-CLA-1566,Alchemist Song of Seleucid Empire,classical_antiquity,Roman Empire (Principate/Dominate),Mediterranean / Europe,-455,-442,Scientific,disruptor,EVT-CLA-1566,0.7152,0.617,0.5171,0.6382,0.8127,0.89,0.8246,45,0.6259,0.7589,0.7168,1.2248,1.25,1.25,false
CHR-CLA-1567,Alchemist Averroes of Ptolemaic Kingdom,classical_antiquity,Roman Empire (Principate/Dominate),Mediterranean / Europe,10,51,Scientific,architect,EVT-CLA-1567,0.8234,0.7129,0.6919,0.8806,0.5672,0.33,0.6138,53,0.2247,0.7396,0.5762,0.8387,0.8694,0.7774,false
CHR-CLA-1568,Mint Overseer Eleanor of Parthian Empire,classical_antiquity,Kushan Empire,Central & South Asia,-56,-38,Economic,catalyst,EVT-CLA-1568,0.7549,0.7746,0.5989,0.7688,0.814,0.7774,0.9344,58,0.5043,0.8267,0.7355,1.1242,1.2312,1.1777,false
CHR-CLA-1569,Imam Valdemar of Parthian Empire,classical_antiquity,Maurya Empire,South Asia,-8,5,Religious,disruptor,EVT-CLA-1569,0.7146,0.793,0.3152,0.6375,0.8374,0.9186,0.7747,30,0.6405,0.7386,0.7638,1.241,1.25,1.25,true
CHR-CLA-1570,Commander Mentuhotep of Carthaginian Republic,classical_antiquity,Qin & Han Dynasties,East Asia,-48,-35,Military,catalyst,EVT-CLA-1570,0.618,0.688,0.7069,0.5859,0.9059,0.4722,0.8938,16,0.4431,0.7283,0.6485,1.0968,1.2012,1.149,false
CHR-CLA-1571,Metallurgist Mirabeau of Classical Greece (Polis),classical_antiquity,Kushan Empire,Central & South Asia,-180,-158,Scientific,wildcard,EVT-CLA-1571,0.8831,0.5138,0.2572,0.2565,0.3263,0.7124,0.6969,64,0.728,0.8087,0.6696,1.0509,1.1034,1.156,false
CHR-CLA-1572,Dramatist Ashoka of Kingdom of Aksum,classical_antiquity,Qin & Han Dynasties,East Asia,-454,-446,Cultural,stabilizer,EVT-CLA-1572,0.6849,0.7401,0.7889,0.7151,0.6734,0.1838,0.4942,53,0.2343,0.6086,0.5203,0.825,0.8552,0.7646,false
CHR-CLA-1573,Commander Thutmose of Sasanian Empire,classical_antiquity,Seleucid Empire,Near East / Central Asia,84,128,Military,catalyst,EVT-CLA-1573,0.641,0.7233,0.7061,0.5772,0.8537,0.6273,0.8126,26,0.5251,0.7096,0.6633,1.1014,1.2063,1.1539,false
CHR-CLA-1574,Archon Richelieu of Kingdom of Aksum,classical_antiquity,Achaemenid Empire,Persia / Near East,-713,-706,Political,wildcard,EVT-CLA-1574,0.7881,0.4626,0.637,0.6099,0.6774,0.4556,0.8618,8,0.4228,0.8176,0.6214,1.0364,1.0883,1.1401,false
CHR-CLA-1575,Dramatist Godfrey of Gupta Empire,classical_antiquity,Roman Republic,Mediterranean,-615,-607,Cultural,disruptor,EVT-CLA-1575,0.6735,0.7033,0.338,0.3451,0.9363,0.9492,0.9458,24,0.802,0.7824,0.7975,1.25,1.25,1.25,true
CHR-CLA-1576,Polymath Harsha of Gupta Empire,classical_antiquity,Carthaginian Republic,Western Mediterranean,316,325,Scientific,catalyst,EVT-CLA-1576,0.5098,0.9079,0.7499,0.6857,0.7731,0.5083,0.9121,39,0.4113,0.6707,0.6334,1.092,1.196,1.144,false
CHR-CLA-1577,Scribe Harun of Seleucid Empire,classical_antiquity,Roman Republic,Mediterranean,-521,-476,Cultural,catalyst,EVT-CLA-1577,0.5999,0.8346,0.6483,0.5847,0.8003,0.4616,0.712,23,0.4384,0.6447,0.6272,1.0901,1.1939,1.142,false
CHR-CLA-1578,Chancellor Baldwin of Parthian Empire,classical_antiquity,Maurya Empire,South Asia,-786,-777,Political,wildcard,EVT-CLA-1578,0.5141,0.7928,0.2871,0.7295,0.271,0.7506,0.6421,36,0.5105,0.5653,0.5818,1.0245,1.0758,1.127,false
CHR-CLA-1579,Poet Laureate Ibn-Sina of Roman Republic,classical_antiquity,Carthaginian Republic,Western Mediterranean,130,165,Cultural,stabilizer,EVT-CLA-1579,0.6779,0.6809,0.9392,0.8266,0.6211,0.1517,0.6213,45,0.1626,0.6553,0.4955,0.8189,0.8488,0.759,false
CHR-CLA-1580,Geometer Sherman of Achaemenid Empire,classical_antiquity,Kingdom of Aksum,Horn of Africa,-424,-386,Scientific,wildcard,EVT-CLA-1580,0.412,0.5841,0.4815,0.6229,0.8014,0.617,0.8724,10,0.497,0.5962,0.6049,1.0315,1.0831,1.1346,false
CHR-CLA-1581,Hierophant Rimush of Roman Empire (Principate/Dominate),classical_antiquity,Roman Republic,Mediterranean,402,419,Religious,catalyst,EVT-CLA-1581,0.6779,0.8011,0.6277,0.5697,0.8743,0.6602,0.726,42,0.5453,0.6972,0.6875,1.109,1.2147,1.1619,false
CHR-CLA-1582,Mint Overseer Belisarius of Qin & Han Dynasties,classical_antiquity,Classical Greece (Polis),Mediterranean,433,474,Economic,catalyst,EVT-CLA-1582,0.7084,0.8308,0.6688,0.6285,0.7343,0.6306,0.8054,18,0.5011,0.7472,0.679,1.1064,1.2117,1.1591,false
CHR-CLA-1583,Strategos Suppiluliuma of Roman Empire (Principate/Dominate),classical_antiquity,Kushan Empire,Central & South Asia,-60,-34,Military,stabilizer,EVT-CLA-1583,0.7592,0.7415,0.7879,0.683,0.6638,0.2295,0.6533,58,0.2733,0.7168,0.5701,0.8372,0.8679,0.776,false
CHR-CLA-1584,Customs Director Mentuhotep of Ptolemaic Kingdom,classical_antiquity,Maurya Empire,South Asia,115,157,Economic,architect,EVT-CLA-1584,0.8986,0.8724,0.7282,0.7476,0.7049,0.2049,0.5754,128,0.2287,0.7694,0.6181,0.8491,0.8801,0.7869,false
CHR-CLA-1585,Archon Harun of Roman Republic,classical_antiquity,Gupta Empire,South Asia,258,269,Political,catalyst,EVT-CLA-1585,0.5116,0.8212,0.662,0.5951,0.8612,0.6548,0.7077,13,0.5299,0.59,0.6387,1.0937,1.1978,1.1458,false
CHR-CLA-1586,Synod Envoy Hammurabi of Roman Republic,classical_antiquity,Sasanian Empire,Persia,107,123,Religious,stabilizer,EVT-CLA-1586,0.64,0.6439,0.7609,0.8771,0.6934,0.3153,0.677,70,0.2191,0.6548,0.5395,0.8297,0.8601,0.769,false
CHR-CLA-1587,Treasurer Valdemar of Parthian Empire,classical_antiquity,Seleucid Empire,Near East / Central Asia,-405,-367,Economic,disruptor,EVT-CLA-1587,0.8107,0.5591,0.2167,0.491,0.7374,0.804,0.7912,18,0.6565,0.8029,0.7402,1.2329,1.25,1.25,false
CHR-CLA-1588,Minister Imhotep of Carthaginian Republic,classical_antiquity,Kingdom of Aksum,Horn of Africa,-98,-80,Political,stabilizer,EVT-CLA-1588,0.7212,0.648,0.8292,0.6989,0.6139,0.1213,0.444,139,0.2112,0.6103,0.4865,0.8167,0.8466,0.7569,false
CHR-CLA-1589,Viceroy Aurelius of Roman Republic,classical_antiquity,Classical Greece (Polis),Mediterranean,-655,-649,Political,catalyst,EVT-CLA-1589,0.7776,0.891,0.5441,0.5515,0.8339,0.6645,0.81,23,0.5565,0.7906,0.7423,1.1263,1.2336,1.18,false
CHR-CLA-1590,Merchant Prince Godfrey of Maurya Empire,classical_antiquity,Maurya Empire,South Asia,-423,-406,Economic,architect,EVT-CLA-1590,0.7494,0.6143,0.8385,0.8394,0.6326,0.3274,0.7077,169,0.244,0.7327,0.5538,0.8332,0.8637,0.7723,false
CHR-CLA-1591,Pontiff Godfrey of Carthaginian Republic,classical_antiquity,Parthian Empire,Persia,197,212,Religious,catalyst,EVT-CLA-1591,0.7935,0.8774,0.4987,0.7406,0.8373,0.4501,0.755,38,0.3548,0.7781,0.6994,1.1128,1.2188,1.1658,false
CHR-CLA-1592,Legate Baldwin of Roman Republic,classical_antiquity,Parthian Empire,Persia,-206,-189,Military,stabilizer,EVT-CLA-1592,0.818,0.7745,0.7488,0.7957,0.6878,0.1707,0.4586,53,0.1875,0.6743,0.5536,0.8332,0.8637,0.7722,false
CHR-CLA-1593,Patriarch Marshall of Roman Empire (Principate/Dominate),classical_antiquity,Maurya Empire,South Asia,-433,-398,Religious,wildcard,EVT-CLA-1593,0.6069,0.6353,0.7338,0.3753,0.7737,0.5415,0.5375,23,0.5831,0.5792,0.5828,1.0248,1.0761,1.1273,false
CHR-CLA-1594,General Talleyrand of Maurya Empire,classical_antiquity,Maurya Empire,South Asia,-777,-760,Military,stabilizer,EVT-CLA-1594,0.7866,0.7984,0.875,0.8761,0.5603,0.2453,0.6589,39,0.1846,0.7355,0.5548,0.8335,0.864,0.7725,false
CHR-CLA-1595,Metallurgist Lafayette of Parthian Empire,classical_antiquity,Classical Greece (Polis),Mediterranean,-689,-655,Scientific,disruptor,EVT-CLA-1595,0.8094,0.5512,0.4635,0.5989,0.7322,0.9314,0.7715,47,0.6662,0.7943,0.724,1.2273,1.25,1.25,false
CHR-CLA-1596,Alchemist Seneb of Ptolemaic Kingdom,classical_antiquity,Ptolemaic Kingdom,Egypt / Levant,-310,-296,Scientific,architect,EVT-CLA-1596,0.7307,0.856,0.7065,0.9196,0.5346,0.396,0.7053,46,0.2382,0.7206,0.5898,0.8421,0.8729,0.7805,false
CHR-CLA-1597,Master Sculptor Bradford of Parthian Empire,classical_antiquity,Kingdom of Aksum,Horn of Africa,-706,-691,Cultural,disruptor,EVT-CLA-1597,0.7014,0.5537,0.3582,0.3454,0.8483,0.8153,0.8688,25,0.7349,0.7683,0.7352,1.2311,1.25,1.25,false
CHR-CLA-1598,Astronomer Sargon of Achaemenid Empire,classical_antiquity,Achaemenid Empire,Persia / Near East,-256,-217,Scientific,wildcard,EVT-CLA-1598,0.5704,0.7258,0.6067,0.3534,0.2046,0.1737,0.8801,23,0.4101,0.6943,0.5119,1.0036,1.0537,1.1039,false
CHR-CLA-1599,Chronicler Rimush of Parthian Empire,classical_antiquity,Kushan Empire,Central & South Asia,-34,-15,Cultural,architect,EVT-CLA-1599,0.8889,0.7936,0.7833,0.8577,0.6255,0.3359,0.5543,26,0.2391,0.7551,0.5974,0.844,0.8748,0.7822,false
CHR-CLA-1600,Strategos Constantine of Roman Empire (Principate/Dominate),classical_antiquity,Sasanian Empire,Persia,-195,-156,Military,architect,EVT-CLA-1600,0.7382,0.6317,0.8367,0.7471,0.7598,0.1958,0.7743,125,0.2243,0.7527,0.5678,0.8367,0.8673,0.7755,false
CHR-CLA-1601,Chronicler Hamilton of Sasanian Empire,classical_antiquity,Roman Empire (Principate/Dominate),Mediterranean / Europe,-213,-174,Cultural,stabilizer,EVT-CLA-1601,0.6769,0.6441,0.9261,0.8198,0.6237,0.3416,0.6467,97,0.2609,0.6648,0.524,0.8259,0.8561,0.7655,false
CHR-CLA-1602,Treasurer Theodosius of Parthian Empire,classical_antiquity,Kingdom of Aksum,Horn of Africa,-412,-376,Economic,catalyst,EVT-CLA-1602,0.5868,0.6831,0.6786,0.6797,0.8466,0.6083,0.9139,52,0.4643,0.7177,0.6526,1.0981,1.2027,1.1504,false
CHR-CLA-1603,Legate Baldwin of Classical Greece (Polis),classical_antiquity,Qin & Han Dynasties,East Asia,371,397,Military,wildcard,EVT-CLA-1603,0.5328,0.5192,0.6217,0.7058,0.3047,0.4438,0.7229,28,0.369,0.6089,0.4843,0.9953,1.0451,1.0948,false
CHR-CLA-1604,General Madison of Parthian Empire,classical_antiquity,Classical Greece (Polis),Mediterranean,-608,-601,Military,stabilizer,EVT-CLA-1604,0.787,0.6545,0.8086,0.71,0.5421,0.2486,0.6241,205,0.2693,0.7219,0.5408,0.83,0.8604,0.7693,false
CHR-CLA-1605,Mint Overseer Mentuhotep of Seleucid Empire,classical_antiquity,Parthian Empire,Persia,57,62,Economic,disruptor,EVT-CLA-1605,0.8576,0.5786,0.3954,0.4822,0.8261,0.7769,0.8869,32,0.6473,0.8693,0.761,1.2401,1.25,1.25,true
CHR-CLA-1606,Warlord Chandra of Maurya Empire,classical_antiquity,Parthian Empire,Persia,99,108,Military,catalyst,EVT-CLA-1606,0.8148,0.6916,0.6986,0.7577,0.8815,0.6208,0.7404,12,0.4316,0.785,0.6861,1.1086,1.2142,1.1614,false
CHR-CLA-1607,Mint Overseer Harsha of Seleucid Empire,classical_antiquity,Parthian Empire,Persia,341,381,Economic,architect,EVT-CLA-1607,0.7797,0.6552,0.8355,0.8921,0.5586,0.2382,0.6491,163,0.1731,0.7274,0.5319,0.8279,0.8581,0.7673,false
CHR-CLA-1608,Governor Solon of Roman Republic,classical_antiquity,Kingdom of Aksum,Horn of Africa,-687,-678,Political,architect,EVT-CLA-1608,0.8311,0.6003,0.8866,0.9148,0.6961,0.211,0.7011,49,0.1481,0.7791,0.5546,0.8334,0.8639,0.7725,false
CHR-CLA-1609,Chronicler Saladin of Gupta Empire,classical_antiquity,Roman Empire (Principate/Dominate),Mediterranean / Europe,-561,-535,Cultural,stabilizer,EVT-CLA-1609,0.7921,0.7835,0.7365,0.7725,0.5973,0.3052,0.6663,120,0.2664,0.7418,0.5886,0.8418,0.8726,0.7802,false
CHR-CLA-1610,Strategos Sumner of Seleucid Empire,classical_antiquity,Achaemenid Empire,Persia / Near East,368,381,Military,wildcard,EVT-CLA-1610,0.4772,0.4224,0.3504,0.5657,0.4216,0.2059,0.6458,33,0.3201,0.5446,0.4603,0.9881,1.0375,1.0869,false
CHR-CLA-1611,Pontiff Samsi-Adad of Seleucid Empire,classical_antiquity,Seleucid Empire,Near East / Central Asia,13,29,Religious,disruptor,EVT-CLA-1611,0.7812,0.7199,0.3334,0.5532,0.8963,0.9398,0.886,39,0.6933,0.8232,0.8006,1.25,1.25,1.25,true
CHR-CLA-1612,Warlord Samudra of Carthaginian Republic,classical_antiquity,Parthian Empire,Persia,-538,-516,Military,catalyst,EVT-CLA-1612,0.6088,0.7272,0.5455,0.5951,0.8186,0.7264,0.8042,30,0.5656,0.687,0.6794,1.1065,1.2119,1.1592,false
CHR-CLA-1613,Rhetorician Madison of Kingdom of Aksum,classical_antiquity,Classical Greece (Polis),Mediterranean,159,179,Cultural,stabilizer,EVT-CLA-1613,0.6127,0.7973,0.7506,0.7781,0.6418,0.1744,0.62,37,0.1982,0.6156,0.5242,0.826,0.8562,0.7655,false
CHR-CLA-1614,Guild Master Hammurabi of Maurya Empire,classical_antiquity,Qin & Han Dynasties,East Asia,-192,-161,Economic,stabilizer,EVT-CLA-1614,0.7718,0.7105,0.9179,0.7395,0.5994,0.2157,0.627,228,0.2381,0.7139,0.5371,0.8291,0.8595,0.7685,false
CHR-CLA-1615,Prefect Li of Qin & Han Dynasties,classical_antiquity,Roman Empire (Principate/Dominate),Mediterranean / Europe,-155,-113,Political,wildcard,EVT-CLA-1615,0.7089,0.471,0.3604,0.4957,0.4157,0.7955,0.5916,36,0.6499,0.662,0.6075,1.0322,1.0839,1.1355,false
CHR-CLA-1616,Mint Overseer Vikram of Qin & Han Dynasties,classical_antiquity,Qin & Han Dynasties,East Asia,57,89,Economic,wildcard,EVT-CLA-1616,0.5634,0.8225,0.6228,0.5045,0.4005,0.7779,0.8992,35,0.6367,0.6977,0.6384,1.0415,1.0936,1.1457,false
CHR-CLA-1617,Imam Adams of Roman Empire (Principate/Dominate),classical_antiquity,Maurya Empire,South Asia,-379,-340,Religious,wildcard,EVT-CLA-1617,0.7038,0.4132,0.668,0.7056,0.2683,0.215,0.6936,68,0.2547,0.6997,0.4624,0.9887,1.0382,1.0876,false
CHR-CLA-1618,Mint Overseer Harsha of Ptolemaic Kingdom,classical_antiquity,Gupta Empire,South Asia,-559,-545,Economic,wildcard,EVT-CLA-1618,0.8143,0.5717,0.3885,0.6337,0.7534,0.8047,0.5633,48,0.5855,0.7139,0.687,1.0561,1.1089,1.1617,false
CHR-CLA-1619,Treasurer Baldwin of Ptolemaic Kingdom,classical_antiquity,Roman Empire (Principate/Dominate),Mediterranean / Europe,-668,-659,Economic,architect,EVT-CLA-1619,0.7227,0.8516,0.7224,0.8389,0.6514,0.3379,0.6725,116,0.2495,0.7026,0.5935,0.843,0.8738,0.7813,false
CHR-CLA-1620,Alchemist Sargon of Roman Republic,classical_antiquity,Parthian Empire,Persia,350,389,Scientific,stabilizer,EVT-CLA-1620,0.6969,0.7753,0.9059,0.872,0.536,0.12,0.4219,162,0.124,0.5869,0.468,0.8121,0.8418,0.7527,false
CHR-CLA-1621,Archon Mursili of Seleucid Empire,classical_antiquity,Parthian Empire,Persia,-592,-570,Political,disruptor,EVT-CLA-1621,0.7256,0.6156,0.3782,0.3646,0.9302,0.95,0.9583,48,0.7927,0.8187,0.7935,1.25,1.25,1.25,true
CHR-CLA-1622,Metallurgist Cao of Ptolemaic Kingdom,classical_antiquity,Qin & Han Dynasties,East Asia,-676,-671,Scientific,architect,EVT-CLA-1622,0.9026,0.7673,0.889,0.7118,0.7051,0.268,0.682,163,0.2781,0.8143,0.6145,0.8482,0.8792,0.7861,false
CHR-CLA-1623,Prefect Samudra of Gupta Empire,classical_antiquity,Roman Empire (Principate/Dominate),Mediterranean / Europe,-425,-399,Political,stabilizer,EVT-CLA-1623,0.6371,0.7271,0.913,0.8497,0.5388,0.2822,0.4466,49,0.2162,0.5609,0.4747,0.8138,0.8435,0.7542,false
CHR-CLA-1624,Abbess Franklin of Maurya Empire,classical_antiquity,Roman Empire (Principate/Dominate),Mediterranean / Europe,-84,-75,Religious,stabilizer,EVT-CLA-1624,0.7716,0.6318,0.7719,0.7907,0.6477,0.3299,0.6095,106,0.2696,0.7068,0.559,0.8345,0.865,0.7735,false
CHR-CLA-1625,Merchant Prince Ramesses of Classical Greece (Polis),classical_antiquity,Classical Greece (Polis),Mediterranean,140,181,Economic,architect,EVT-CLA-1625,0.8496,0.8342,0.8514,0.7215,0.7188,0.4051,0.7905,53,0.3418,0.826,0.6535,0.8578,0.8891,0.795,false
CHR-CLA-1626,Hierophant Sumner of Kingdom of Aksum,classical_antiquity,Parthian Empire,Persia,-166,-146,Religious,catalyst,EVT-CLA-1626,0.7265,0.7584,0.7287,0.6879,0.7478,0.6342,0.9395,25,0.4732,0.8117,0.6863,1.1087,1.2143,1.1615,false
CHR-CLA-1627,Customs Director Cao of Ptolemaic Kingdom,classical_antiquity,Roman Empire (Principate/Dominate),Mediterranean / Europe,-576,-570,Economic,disruptor,EVT-CLA-1627,0.7518,0.5113,0.3886,0.5881,0.9417,0.7352,0.7281,9,0.5735,0.7423,0.7071,1.2215,1.25,1.25,false
CHR-CLA-1628,Merchant Prince Ashoka of Carthaginian Republic,classical_antiquity,Maurya Empire,South Asia,-63,-21,Economic,wildcard,EVT-CLA-1628,0.6297,0.6731,0.725,0.7168,0.2996,0.6388,0.5669,29,0.461,0.6046,0.5258,1.0078,1.0581,1.1085,false
CHR-CLA-1629,Centurion Mursili of Parthian Empire,classical_antiquity,Qin & Han Dynasties,East Asia,185,199,Military,catalyst,EVT-CLA-1629,0.6163,0.6851,0.5519,0.7236,0.8361,0.7021,0.8003,53,0.4893,0.6899,0.6662,1.1024,1.2074,1.1549,false
CHR-CLA-1630,Physician Constantine of Carthaginian Republic,classical_antiquity,Kingdom of Aksum,Horn of Africa,384,422,Scientific,wildcard,EVT-CLA-1630,0.4363,0.5517,0.7239,0.7687,0.2951,0.6577,0.802,50,0.4445,0.5826,0.4942,0.9983,1.0482,1.0981,false
CHR-CLA-1631,Prefect Al-Mansur of Kingdom of Aksum,classical_antiquity,Qin & Han Dynasties,East Asia,-662,-626,Political,catalyst,EVT-CLA-1631,0.5561,0.7796,0.6791,0.7579,0.9081,0.6504,0.8964,12,0.4462,0.6922,0.6684,1.103,1.2081,1.1556,false
CHR-CLA-1632,Warlord Chen of Carthaginian Republic,classical_antiquity,Kingdom of Aksum,Horn of Africa,-656,-611,Military,stabilizer,EVT-CLA-1632,0.643,0.6827,0.777,0.8249,0.4966,0.2741,0.5149,169,0.2246,0.5918,0.4871,0.8168,0.8467,0.757,false
CHR-CLA-1633,Chamberlain Solon of Classical Greece (Polis),classical_antiquity,Roman Empire (Principate/Dominate),Mediterranean / Europe,-480,-446,Economic,disruptor,EVT-CLA-1633,0.6332,0.8314,0.2955,0.4457,0.7394,0.6608,0.9511,27,0.6075,0.7604,0.7339,1.2307,1.25,1.25,false
CHR-CLA-1634,Cardinal Hathor of Roman Empire (Principate/Dominate),classical_antiquity,Parthian Empire,Persia,-575,-562,Religious,disruptor,EVT-CLA-1634,0.6722,0.6404,0.4896,0.6286,0.7471,0.7583,0.7457,13,0.5649,0.7016,0.6714,1.2091,1.25,1.25,false
CHR-CLA-1635,Senator Hattusili of Kushan Empire,classical_antiquity,Roman Empire (Principate/Dominate),Mediterranean / Europe,97,107,Political,disruptor,EVT-CLA-1635,0.9239,0.8192,0.227,0.467,0.8504,0.6714,0.8479,30,0.6022,0.8935,0.8133,1.25,1.25,1.25,true
CHR-CLA-1636,Polymath Qian of Seleucid Empire,classical_antiquity,Gupta Empire,South Asia,-39,-25,Scientific,architect,EVT-CLA-1636,0.8751,0.8531,0.8198,0.8887,0.7507,0.2857,0.7668,92,0.1985,0.8318,0.6408,0.8546,0.8859,0.7921,false
CHR-CLA-1637,Dramatist Nizam of Gupta Empire,classical_antiquity,Classical Greece (Polis),Mediterranean,-272,-232,Cultural,disruptor,EVT-CLA-1637,0.617,0.5951,0.5087,0.485,0.7144,0.7718,0.7591,45,0.6434,0.6738,0.6552,1.2035,1.25,1.25,false
CHR-CLA-1638,Minister Suppiluliuma of Seleucid Empire,classical_antiquity,Carthaginian Republic,Western Mediterranean,-417,-387,Political,disruptor,EVT-CLA-1638,0.7876,0.655,0.4867,0.5339,0.9194,0.6866,0.8059,10,0.5763,0.7949,0.7316,1.2299,1.25,1.25,false
CHR-CLA-1639,Chronicler Rimush of Kushan Empire,classical_antiquity,Carthaginian Republic,Western Mediterranean,230,265,Cultural,stabilizer,EVT-CLA-1639,0.6943,0.6597,0.8269,0.699,0.515,0.2423,0.5233,165,0.2717,0.6259,0.497,0.8193,0.8492,0.7593,false
CHR-CLA-1640,Geometer Gao of Roman Empire (Principate/Dominate),classical_antiquity,Kushan Empire,Central & South Asia,77,117,Scientific,wildcard,EVT-CLA-1640,0.5559,0.8192,0.6507,0.6017,0.5475,0.6236,0.6933,17,0.5109,0.6109,0.5964,1.0289,1.0804,1.1318,false
CHR-CLA-1641,Viceroy Valdemar of Roman Empire (Principate/Dominate),classical_antiquity,Seleucid Empire,Near East / Central Asia,142,164,Political,stabilizer,EVT-CLA-1641,0.7388,0.6351,0.9176,0.8752,0.643,0.2826,0.6537,70,0.2037,0.7048,0.5313,0.8277,0.858,0.7671,false
CHR-CLA-1642,Prefect Samsi-Adad of Kingdom of Aksum,classical_antiquity,Roman Republic,Mediterranean,-48,-30,Political,wildcard,EVT-CLA-1642,0.7691,0.763,0.3312,0.4546,0.2608,0.8126,0.528,12,0.679,0.6727,0.6411,1.0423,1.0944,1.1466,false
CHR-CLA-1643,Mint Overseer Enheduanna of Classical Greece (Polis),classical_antiquity,Classical Greece (Polis),Mediterranean,-126,-101,Economic,architect,EVT-CLA-1643,0.8278,0.7178,0.7137,0.8597,0.7758,0.4378,0.5644,84,0.2891,0.7224,0.617,0.8488,0.8798,0.7867,false
CHR-CLA-1644,Legate Zhang of Classical Greece (Polis),classical_antiquity,Seleucid Empire,Near East / Central Asia,-412,-394,Military,architect,EVT-CLA-1644,0.9118,0.616,0.8677,0.8224,0.6706,0.3388,0.5734,127,0.2582,0.7765,0.5799,0.8397,0.8704,0.7782,false
CHR-CLA-1645,Metallurgist Rimush of Maurya Empire,classical_antiquity,Roman Republic,Mediterranean,418,439,Scientific,architect,EVT-CLA-1645,0.7387,0.7787,0.8798,0.8246,0.5332,0.1974,0.639,107,0.1864,0.6988,0.5277,0.8268,0.8571,0.7663,false
CHR-CLA-1646,Senator Mursili of Roman Empire (Principate/Dominate),classical_antiquity,Classical Greece (Polis),Mediterranean,-55,-11,Political,catalyst,EVT-CLA-1646,0.7367,0.6766,0.6735,0.7456,0.9422,0.4583,0.8805,13,0.3563,0.7942,0.6732,1.1046,1.2097,1.1572,false
CHR-CLA-1647,Archon Ibn-Sina of Classical Greece (Polis),classical_antiquity,Roman Republic,Mediterranean,-512,-487,Political,disruptor,EVT-CLA-1647,0.9045,0.6638,0.3667,0.4894,0.7549,0.8273,0.7522,16,0.669,0.8436,0.7647,1.2413,1.25,1.25,true
CHR-CLA-1648,Cardinal Suppiluliuma of Classical Greece (Polis),classical_antiquity,Kushan Empire,Central & South Asia,-3,14,Religious,catalyst,EVT-CLA-1648,0.6149,0.9019,0.7315,0.603,0.9211,0.6041,0.9108,51,0.5005,0.7333,0.7011,1.1133,1.2194,1.1664,false
CHR-CLA-1649,High Priest Madison of Parthian Empire,classical_antiquity,Classical Greece (Polis),Mediterranean,-756,-749,Religious,architect,EVT-CLA-1649,0.686,0.852,0.692,0.8786,0.546,0.4108,0.7717,108,0.2661,0.7203,0.5954,0.8435,0.8743,0.7818,false
CHR-CLA-1650,Pontiff Li of Ptolemaic Kingdom,classical_antiquity,Qin & Han Dynasties,East Asia,-703,-686,Religious,wildcard,EVT-CLA-1650,0.7586,0.3792,0.2081,0.6578,0.7686,0.704,0.423,70,0.5231,0.6244,0.6272,1.0382,1.0901,1.142,false
CHR-CLA-1651,Poet Laureate Bradford of Maurya Empire,classical_antiquity,Maurya Empire,South Asia,-148,-136,Cultural,stabilizer,EVT-CLA-1651,0.7277,0.6602,0.7802,0.8666,0.614,0.3366,0.5949,210,0.235,0.6746,0.5414,0.8302,0.8606,0.7694,false
CHR-CLA-1652,Warlord Colbert of Qin & Han Dynasties,classical_antiquity,Kushan Empire,Central & South Asia,-730,-694,Military,stabilizer,EVT-CLA-1652,0.656,0.6722,0.8492,0.8238,0.5336,0.3031,0.6204,211,0.2396,0.6418,0.5073,0.8218,0.8519,0.7617,false
CHR-CLA-1653,Chancellor Al-Mansur of Gupta Empire,classical_antiquity,Kushan Empire,Central & South Asia,-510,-469,Political,wildcard,EVT-CLA-1653,0.4586,0.406,0.538,0.2892,0.3473,0.6426,0.4094,72,0.6767,0.4389,0.4672,0.9902,1.0397,1.0892,false
CHR-CLA-1654,Governor Colbert of Kingdom of Aksum,classical_antiquity,Kingdom of Aksum,Horn of Africa,-650,-627,Political,catalyst,EVT-CLA-1654,0.5313,0.8534,0.5939,0.6073,0.8235,0.7784,0.8411,24,0.5855,0.6552,0.6875,1.1091,1.2147,1.1619,false
CHR-CLA-1655,High Priest Franklin of Sasanian Empire,classical_antiquity,Maurya Empire,South Asia,-506,-496,Religious,disruptor,EVT-CLA-1655,0.7501,0.6576,0.3105,0.4455,0.7591,0.8774,0.7204,12,0.716,0.7382,0.7364,1.2315,1.25,1.25,false
CHR-CLA-1656,Minister Bradford of Qin & Han Dynasties,classical_antiquity,Maurya Empire,South Asia,-445,-403,Political,disruptor,EVT-CLA-1656,0.8762,0.814,0.3751,0.3324,0.7612,0.7906,0.9331,18,0.7291,0.899,0.8098,1.25,1.25,1.25,true
CHR-CLA-1657,Pontiff Eleanor of Roman Republic,classical_antiquity,Roman Republic,Mediterranean,-795,-763,Religious,disruptor,EVT-CLA-1657,0.8255,0.6781,0.2782,0.4358,0.9183,0.7962,0.9144,45,0.6802,0.8611,0.8028,1.25,1.25,1.25,true
CHR-CLA-1658,Treasurer Mirabeau of Maurya Empire,classical_antiquity,Seleucid Empire,Near East / Central Asia,483,500,Economic,catalyst,EVT-CLA-1658,0.6785,0.7799,0.5297,0.6986,0.8514,0.591,0.7188,36,0.4462,0.6946,0.6729,1.1045,1.2096,1.1571,false
CHR-CLA-1659,Guild Master Thutmose of Seleucid Empire,classical_antiquity,Kingdom of Aksum,Horn of Africa,-163,-148,Economic,architect,EVT-CLA-1659,0.7863,0.8397,0.8827,0.7019,0.5429,0.1909,0.702,69,0.2445,0.7526,0.5645,0.8359,0.8665,0.7747,false
CHR-CLA-1660,Cardinal Colbert of Gupta Empire,classical_antiquity,Seleucid Empire,Near East / Central Asia,-540,-528,Religious,architect,EVT-CLA-1660,0.6995,0.7628,0.8593,0.8857,0.5308,0.321,0.6865,155,0.2177,0.6943,0.5398,0.8298,0.8602,0.7691,false
CHR-CLA-1661,Minister Lafayette of Seleucid Empire,classical_antiquity,Carthaginian Republic,Western Mediterranean,-672,-650,Political,catalyst,EVT-CLA-1661,0.6052,0.8055,0.6471,0.6518,0.9318,0.566,0.7798,42,0.4571,0.6751,0.6665,1.1024,1.2074,1.1549,false
CHR-CLA-1662,Poet Laureate Justinian of Roman Republic,classical_antiquity,Carthaginian Republic,Western Mediterranean,-463,-433,Cultural,wildcard,EVT-CLA-1662,0.4121,0.7449,0.1962,0.5243,0.4397,0.4117,0.6337,44,0.4437,0.5008,0.5417,1.0125,1.0631,1.1138,false
CHR-CLA-1663,Abbess Harun of Classical Greece (Polis),classical_antiquity,Seleucid Empire,Near East / Central Asia,55,87,Religious,architect,EVT-CLA-1663,0.6538,0.6752,0.7758,0.8942,0.7377,0.1909,0.5887,131,0.1484,0.6278,0.52,0.8249,0.8551,0.7646,false
CHR-CLA-1664,Hierophant Alexander of Kushan Empire,classical_antiquity,Kushan Empire,Central & South Asia,-797,-783,Religious,disruptor,EVT-CLA-1664,0.6057,0.5749,0.404,0.5792,0.8712,0.731,0.7718,26,0.5759,0.6721,0.6744,1.2102,1.25,1.25,false
CHR-CLA-1665,Metallurgist Hattusili of Parthian Empire,classical_antiquity,Sasanian Empire,Persia,-164,-144,Scientific,disruptor,EVT-CLA-1665,0.6123,0.5171,0.5021,0.5506,0.8095,0.8337,0.9538,33,0.6415,0.7489,0.6925,1.2164,1.25,1.25,false
CHR-CLA-1666,Chronicler Kautilya of Kushan Empire,classical_antiquity,Classical Greece (Polis),Mediterranean,104,111,Cultural,architect,EVT-CLA-1666,0.8319,0.7336,0.8528,0.8692,0.5622,0.2581,0.8079,116,0.1944,0.8223,0.5835,0.8405,0.8713,0.779,false
CHR-CLA-1667,Astronomer Naram-Sin of Sasanian Empire,classical_antiquity,Parthian Empire,Persia,-359,-322,Scientific,catalyst,EVT-CLA-1667,0.6427,0.798,0.6219,0.6424,0.7237,0.5405,0.8813,12,0.449,0.7382,0.6579,1.0997,1.2045,1.1521,false
CHR-CLA-1668,Marshal Marshall of Achaemenid Empire,classical_antiquity,Maurya Empire,South Asia,-677,-670,Military,wildcard,EVT-CLA-1668,0.4446,0.7091,0.4574,0.694,0.8333,0.3428,0.8218,33,0.3244,0.5955,0.5868,1.026,1.0773,1.1286,false
CHR-CLA-1669,General Saladin of Roman Empire (Principate/Dominate),classical_antiquity,Kingdom of Aksum,Horn of Africa,-260,-253,Military,wildcard,EVT-CLA-1669,0.8388,0.8065,0.3993,0.5861,0.6815,0.819,0.5861,55,0.6164,0.7377,0.7244,1.0673,1.1207,1.1741,false
CHR-CLA-1670,Scribe Sumner of Maurya Empire,classical_antiquity,Gupta Empire,South Asia,-330,-322,Cultural,catalyst,EVT-CLA-1670,0.7986,0.8096,0.604,0.6464,0.8952,0.7433,0.938,54,0.5484,0.8544,0.7648,1.1334,1.2414,1.1874,true
CHR-CLA-1671,Rhetorician Theodosius of Parthian Empire,classical_antiquity,Gupta Empire,South Asia,-304,-291,Cultural,catalyst,EVT-CLA-1671,0.6727,0.8675,0.5304,0.5996,0.8573,0.6061,0.8588,20,0.5032,0.7472,0.7136,1.1173,1.2237,1.1705,false
CHR-CLA-1672,Philosopher Sargon of Carthaginian Republic,classical_antiquity,Roman Republic,Mediterranean,-606,-567,Cultural,architect,EVT-CLA-1672,0.7727,0.6746,0.721,0.7373,0.5654,0.275,0.6753,51,0.2688,0.7337,0.5628,0.8354,0.866,0.7743,false
CHR-CLA-1673,Merchant Prince Rajaraja of Roman Empire (Principate/Dominate),classical_antiquity,Kushan Empire,Central & South Asia,-341,-328,Economic,catalyst,EVT-CLA-1673,0.5705,0.759,0.6392,0.5618,0.8114,0.5331,0.7996,12,0.4857,0.6621,0.6361,1.0929,1.1969,1.1449,false
CHR-CLA-1674,Pontiff Samudra of Qin & Han Dynasties,classical_antiquity,Classical Greece (Polis),Mediterranean,-102,-57,Religious,disruptor,EVT-CLA-1674,0.7678,0.6503,0.4024,0.5931,0.9167,0.9374,0.7866,6,0.6722,0.7753,0.7657,1.2417,1.25,1.25,true
CHR-CLA-1675,Minister Puduhepa of Sasanian Empire,classical_antiquity,Roman Republic,Mediterranean,358,398,Political,catalyst,EVT-CLA-1675,0.5911,0.7582,0.6616,0.6014,0.9002,0.6613,0.7901,28,0.5299,0.6707,0.668,1.1029,1.208,1.1554,false
CHR-CLA-1676,Pontiff Marshall of Ptolemaic Kingdom,classical_antiquity,Maurya Empire,South Asia,-689,-683,Religious,stabilizer,EVT-CLA-1676,0.6916,0.6204,0.8644,0.743,0.6917,0.2495,0.5128,127,0.2532,0.62,0.5105,0.8226,0.8527,0.7624,false
CHR-CLA-1677,Centurion Averroes of Kingdom of Aksum,classical_antiquity,Roman Republic,Mediterranean,-752,-712,Military,stabilizer,EVT-CLA-1677,0.7629,0.5515,0.8077,0.8883,0.5062,0.2543,0.4671,177,0.183,0.6446,0.4824,0.8157,0.8455,0.756,false
CHR-CLA-1678,Chancellor Qian of Sasanian Empire,classical_antiquity,Carthaginian Republic,Western Mediterranean,203,223,Political,wildcard,EVT-CLA-1678,0.5194,0.6199,0.6092,0.5485,0.6339,0.7368,0.7814,66,0.5942,0.6242,0.6073,1.0322,1.0838,1.1354,false
CHR-CLA-1679,Arch-Engineer Necker of Parthian Empire,classical_antiquity,Gupta Empire,South Asia,-488,-449,Scientific,catalyst,EVT-CLA-1679,0.7944,0.9049,0.5459,0.6822,0.7243,0.794,0.858,57,0.5559,0.8199,0.7521,1.1294,1.237,1.1832,true
CHR-CLA-1680,Arch-Engineer Imhotep of Achaemenid Empire,classical_antiquity,Classical Greece (Polis),Mediterranean,-707,-690,Scientific,disruptor,EVT-CLA-1680,0.7811,0.6529,0.2543,0.6122,0.9325,0.7166,0.7763,15,0.5522,0.7792,0.751,1.2366,1.25,1.25,true
CHR-CLA-1681,Physician Sargon of Kushan Empire,classical_antiquity,Parthian Empire,Persia,-230,-215,Scientific,stabilizer,EVT-CLA-1681,0.6106,0.6639,0.8916,0.8128,0.5227,0.2053,0.4656,106,0.1962,0.5526,0.4515,0.8081,0.8376,0.75,false
CHR-CLA-1682,General Otto of Parthian Empire,classical_antiquity,Kushan Empire,Central & South Asia,318,324,Military,catalyst,EVT-CLA-1682,0.6243,0.8445,0.6851,0.6687,0.8451,0.771,0.8554,42,0.5511,0.7167,0.7015,1.1135,1.2195,1.1665,false
CHR-CLA-1683,Senator Puduhepa of Parthian Empire,classical_antiquity,Maurya Empire,South Asia,-775,-749,Political,catalyst,EVT-CLA-1683,0.7992,0.73,0.6886,0.7039,0.9488,0.4794,0.8257,41,0.3878,0.8098,0.6933,1.1109,1.2167,1.1638,false
CHR-CLA-1684,Astronomer Mursili of Carthaginian Republic,classical_antiquity,Kushan Empire,Central & South Asia,-122,-91,Scientific,disruptor,EVT-CLA-1684,0.7992,0.7291,0.2715,0.6266,0.7318,0.9178,0.9083,36,0.6456,0.8428,0.7844,1.2481,1.25,1.25,true
CHR-CLA-1685,Arch-Engineer Ibn-Sina of Ptolemaic Kingdom,classical_antiquity,Kushan Empire,Central & South Asia,235,277,Scientific,disruptor,EVT-CLA-1685,0.8248,0.7582,0.2267,0.5006,0.9281,0.7173,0.7287,38,0.6084,0.7863,0.7783,1.246,1.25,1.25,true
CHR-CLA-1686,Syndic Eleanor of Roman Republic,classical_antiquity,Carthaginian Republic,Western Mediterranean,301,309,Economic,architect,EVT-CLA-1686,0.7459,0.6053,0.8581,0.8585,0.5351,0.4184,0.6531,105,0.2799,0.7087,0.5395,0.8297,0.8601,0.769,false
CHR-CLA-1687,Dramatist Colbert of Gupta Empire,classical_antiquity,Maurya Empire,South Asia,-689,-660,Cultural,disruptor,EVT-CLA-1687,0.6242,0.6985,0.2213,0.3713,0.8635,0.8476,0.7762,17,0.7382,0.685,0.7432,1.2339,1.25,1.25,false
CHR-CLA-1688,Physician Zhang of Classical Greece (Polis),classical_antiquity,Qin & Han Dynasties,East Asia,-647,-634,Scientific,stabilizer,EVT-CLA-1688,0.7473,0.577,0.8442,0.8183,0.6533,0.2093,0.4359,121,0.1955,0.6228,0.4928,0.8182,0.8482,0.7584,false
CHR-CLA-1689,Guild Master Rajaraja of Roman Republic,classical_antiquity,Qin & Han Dynasties,East Asia,-23,6,Economic,architect,EVT-CLA-1689,0.8197,0.6245,0.8712,0.8213,0.6841,0.1854,0.694,177,0.1821,0.7694,0.5549,0.8335,0.864,0.7725,false
CHR-CLA-1690,Syndic Aurelius of Gupta Empire,classical_antiquity,Carthaginian Republic,Western Mediterranean,-757,-720,Economic,catalyst,EVT-CLA-1690,0.7609,0.8479,0.5145,0.6721,0.7873,0.686,0.8599,22,0.507,0.8005,0.7323,1.1232,1.2302,1.1767,false
CHR-CLA-1691,Admiral Talleyrand of Maurya Empire,classical_antiquity,Kushan Empire,Central & South Asia,-91,-50,Military,stabilizer,EVT-CLA-1691,0.664,0.5793,0.7901,0.8853,0.4972,0.2827,0.4847,58,0.1987,0.5923,0.4693,0.8125,0.8422,0.753,false
CHR-CLA-1692,Polymath Ramesses of Carthaginian Republic,classical_antiquity,Gupta Empire,South Asia,188,212,Scientific,stabilizer,EVT-CLA-1692,0.8422,0.605,0.7618,0.7782,0.5734,0.2977,0.5654,47,0.2598,0.7315,0.5517,0.8327,0.8632,0.7718,false
CHR-CLA-1693,Chancellor Qian of Kingdom of Aksum,classical_antiquity,Ptolemaic Kingdom,Egypt / Levant,-63,-47,Political,disruptor,EVT-CLA-1693,0.8402,0.8468,0.5028,0.5314,0.7857,0.9153,0.9272,18,0.692,0.875,0.8044,1.25,1.25,1.25,true
CHR-CLA-1694,Prefect Tariq of Kushan Empire,classical_antiquity,Classical Greece (Polis),Mediterranean,416,452,Political,wildcard,EVT-CLA-1694,0.7479,0.5555,0.5234,0.5203,0.3135,0.4858,0.6252,40,0.4827,0.6989,0.5556,1.0167,1.0675,1.1184,false
CHR-CLA-1695,Geometer Saladin of Maurya Empire,classical_antiquity,Kingdom of Aksum,Horn of Africa,189,216,Scientific,catalyst,EVT-CLA-1695,0.7882,0.8005,0.7457,0.5851,0.7295,0.6184,0.8179,37,0.5167,0.8001,0.6882,1.1093,1.2149,1.1621,false
CHR-CLA-1696,Warlord Otto of Parthian Empire,classical_antiquity,Seleucid Empire,Near East / Central Asia,26,35,Military,architect,EVT-CLA-1696,0.6973,0.7857,0.7564,0.7206,0.7583,0.2768,0.7517,118,0.2781,0.7191,0.5985,0.8442,0.8751,0.7825,false
CHR-CLA-1697,Philosopher Alexander of Qin & Han Dynasties,classical_antiquity,Seleucid Empire,Near East / Central Asia,90,106,Cultural,architect,EVT-CLA-1697,0.8336,0.6511,0.7624,0.7196,0.51,0.2321,0.6618,60,0.2562,0.7649,0.5544,0.8334,0.8639,0.7724,false
CHR-CLA-1698,Syndic Leonidas of Parthian Empire,classical_antiquity,Ptolemaic Kingdom,Egypt / Levant,-303,-265,Economic,wildcard,EVT-CLA-1698,0.4869,0.7752,0.6921,0.5399,0.2986,0.6662,0.8676,45,0.5632,0.6392,0.5667,1.02,1.071,1.122,false
CHR-CLA-1699,Archon Mursili of Seleucid Empire,classical_antiquity,Maurya Empire,South Asia,-353,-308,Political,stabilizer,EVT-CLA-1699,0.6683,0.7368,0.8855,0.7266,0.6761,0.2306,0.6277,74,0.252,0.652,0.5329,0.8281,0.8584,0.7675,false
CHR-CLA-1700,Merchant Prince Imhotep of Gupta Empire,classical_antiquity,Classical Greece (Polis),Mediterranean,-593,-585,Economic,catalyst,EVT-CLA-1700,0.5108,0.7474,0.6099,0.6727,0.7442,0.6986,0.8014,25,0.5129,0.627,0.6318,1.0915,1.1955,1.1435,false
CHR-CLA-1701,Hierophant Lafayette of Roman Republic,classical_antiquity,Roman Republic,Mediterranean,-551,-544,Religious,disruptor,EVT-CLA-1701,0.8533,0.7269,0.3483,0.4593,0.7136,0.8216,0.9175,31,0.6812,0.879,0.7825,1.2475,1.25,1.25,true
CHR-CLA-1702,Marshal Leonidas of Classical Greece (Polis),classical_antiquity,Seleucid Empire,Near East / Central Asia,-285,-280,Military,wildcard,EVT-CLA-1702,0.7378,0.3995,0.2584,0.6295,0.755,0.2453,0.6852,57,0.3079,0.7167,0.5899,1.027,1.0783,1.1297,false
CHR-CLA-1703,High Priest Khaldun of Kingdom of Aksum,classical_antiquity,Ptolemaic Kingdom,Egypt / Levant,-617,-580,Religious,wildcard,EVT-CLA-1703,0.5646,0.7488,0.4821,0.6569,0.6682,0.4707,0.6655,4,0.4069,0.6049,0.5931,1.0279,1.0793,1.1307,false
CHR-CLA-1704,Patriarch Telepinu of Ptolemaic Kingdom,classical_antiquity,Gupta Empire,South Asia,478,500,Religious,catalyst,EVT-CLA-1704,0.6914,0.781,0.5983,0.7746,0.7882,0.6742,0.8662,40,0.4498,0.7613,0.6907,1.1101,1.2158,1.1629,false
CHR-CLA-1705,Astronomer Sargon of Qin & Han Dynasties,classical_antiquity,Achaemenid Empire,Persia / Near East,-82,-62,Scientific,wildcard,EVT-CLA-1705,0.4908,0.6616,0.6135,0.4479,0.8275,0.7781,0.8889,32,0.6651,0.65,0.6624,1.0487,1.1011,1.1536,false
CHR-CLA-1706,Customs Director Sargon of Qin & Han Dynasties,classical_antiquity,Achaemenid Empire,Persia / Near East,-438,-406,Economic,stabilizer,EVT-CLA-1706,0.8171,0.6637,0.9016,0.7501,0.4902,0.2613,0.4158,166,0.2556,0.6565,0.5013,0.8203,0.8503,0.7603,false
CHR-CLA-1707,Legate Solon of Ptolemaic Kingdom,classical_antiquity,Parthian Empire,Persia,-466,-425,Military,stabilizer,EVT-CLA-1707,0.8221,0.5671,0.8461,0.8341,0.6203,0.2151,0.444,68,0.1905,0.6709,0.5062,0.8215,0.8516,0.7614,false
CHR-CLA-1708,Governor Saladin of Roman Empire (Principate/Dominate),classical_antiquity,Qin & Han Dynasties,East Asia,-725,-719,Political,catalyst,EVT-CLA-1708,0.5545,0.7741,0.5186,0.7537,0.7204,0.5248,0.9117,23,0.3855,0.6974,0.6387,1.0937,1.1979,1.1458,false
CHR-CLA-1709,Minister Khaldun of Roman Empire (Principate/Dominate),classical_antiquity,Carthaginian Republic,Western Mediterranean,-134,-118,Political,catalyst,EVT-CLA-1709,0.7138,0.81,0.4835,0.57,0.8549,0.5533,0.7039,60,0.4916,0.7099,0.6899,1.1098,1.2155,1.1627,false
CHR-CLA-1710,Warlord Harsha of Carthaginian Republic,classical_antiquity,Roman Empire (Principate/Dominate),Mediterranean / Europe,-64,-44,Military,wildcard,EVT-CLA-1710,0.754,0.5829,0.4264,0.7772,0.3316,0.4023,0.5715,7,0.3125,0.681,0.5402,1.0121,1.0627,1.1133,false
CHR-CLA-1711,Rhetorician Necker of Kushan Empire,classical_antiquity,Gupta Empire,South Asia,-726,-706,Cultural,disruptor,EVT-CLA-1711,0.694,0.5597,0.2788,0.3787,0.7574,0.8293,0.8292,7,0.7253,0.748,0.723,1.2269,1.25,1.25,false
CHR-CLA-1712,Astronomer Telepinu of Classical Greece (Polis),classical_antiquity,Seleucid Empire,Near East / Central Asia,-126,-114,Scientific,wildcard,EVT-CLA-1712,0.5511,0.8282,0.7396,0.7835,0.8337,0.6696,0.6831,16,0.4431,0.6039,0.6268,1.038,1.09,1.1419,false
CHR-CLA-1713,Polymath Ramesses of Roman Republic,classical_antiquity,Parthian Empire,Persia,-730,-685,Scientific,disruptor,EVT-CLA-1713,0.6167,0.6023,0.3728,0.5569,0.9463,0.6923,0.7983,42,0.5677,0.6893,0.6949,1.2173,1.25,1.25,false
CHR-CLA-1714,Metallurgist Cao of Qin & Han Dynasties,classical_antiquity,Carthaginian Republic,Western Mediterranean,-712,-669,Scientific,catalyst,EVT-CLA-1714,0.6095,0.901,0.7374,0.661,0.8025,0.7345,0.8514,17,0.5367,0.7063,0.689,1.1095,1.2152,1.1624,false
CHR-CLA-1715,Physician Samudra of Achaemenid Empire,classical_antiquity,Parthian Empire,Persia,-620,-588,Scientific,disruptor,EVT-CLA-1715,0.9269,0.8374,0.2824,0.5158,0.7144,0.8035,0.8247,20,0.6438,0.886,0.8047,1.25,1.25,1.25,true
CHR-CLA-1716,Poet Laureate Harsha of Kingdom of Aksum,classical_antiquity,Roman Republic,Mediterranean,243,286,Cultural,wildcard,EVT-CLA-1716,0.7977,0.7995,0.3021,0.3193,0.344,0.7033,0.6851,52,0.692,0.7527,0.683,1.0549,1.1077,1.1604,false
CHR-CLA-1717,Archon Averroes of Gupta Empire,classical_antiquity,Roman Empire (Principate/Dominate),Mediterranean / Europe,-287,-282,Political,catalyst,EVT-CLA-1717,0.6389,0.841,0.5602,0.7411,0.8301,0.4715,0.8308,51,0.3652,0.7157,0.6627,1.1012,1.2061,1.1537,false
CHR-CLA-1718,Imam Tiglath of Ptolemaic Kingdom,classical_antiquity,Qin & Han Dynasties,East Asia,245,267,Religious,wildcard,EVT-CLA-1718,0.5036,0.797,0.4136,0.7805,0.3686,0.612,0.5851,17,0.4157,0.5362,0.5499,1.015,1.0657,1.1165,false
CHR-CLA-1719,Chronicler Enheduanna of Ptolemaic Kingdom,classical_antiquity,Kushan Empire,Central & South Asia,-330,-309,Cultural,disruptor,EVT-CLA-1719,0.8214,0.6957,0.3731,0.5169,0.727,0.9221,0.8075,46,0.7026,0.8158,0.765,1.2414,1.25,1.25,true
CHR-CLA-1720,Treasurer Dara of Seleucid Empire,classical_antiquity,Gupta Empire,South Asia,-46,-21,Economic,stabilizer,EVT-CLA-1720,0.7694,0.665,0.8934,0.8508,0.6991,0.1594,0.6715,83,0.1543,0.7303,0.5397,0.8298,0.8601,0.7691,false
CHR-CLA-1721,Pontiff Colbert of Ptolemaic Kingdom,classical_antiquity,Classical Greece (Polis),Mediterranean,-759,-749,Religious,disruptor,EVT-CLA-1721,0.6672,0.5255,0.2491,0.3858,0.8586,0.9296,0.8546,43,0.7719,0.7422,0.7478,1.2355,1.25,1.25,false
CHR-CLA-1722,Treasurer Adams of Maurya Empire,classical_antiquity,Gupta Empire,South Asia,-672,-661,Economic,disruptor,EVT-CLA-1722,0.9431,0.73,0.2886,0.5687,0.8961,0.9022,0.7826,43,0.6667,0.8789,0.8251,1.25,1.25,1.25,true
CHR-CLA-1723,Arch-Engineer Hamilton of Roman Republic,classical_antiquity,Classical Greece (Polis),Mediterranean,280,302,Scientific,stabilizer,EVT-CLA-1723,0.6754,0.6292,0.782,0.6991,0.5933,0.3004,0.6106,44,0.3006,0.6495,0.5257,0.8263,0.8566,0.7659,false
CHR-CLA-1724,High Priest Richelieu of Ptolemaic Kingdom,classical_antiquity,Kushan Empire,Central & South Asia,191,209,Religious,architect,EVT-CLA-1724,0.7371,0.6174,0.8085,0.7369,0.7251,0.4361,0.5741,105,0.3496,0.6719,0.5695,0.8371,0.8677,0.7758,false
CHR-CLA-1725,Syndic Kautilya of Roman Empire (Principate/Dominate),classical_antiquity,Roman Republic,Mediterranean,82,101,Economic,stabilizer,EVT-CLA-1725,0.8326,0.7686,0.8756,0.8666,0.5173,0.3221,0.543,106,0.2277,0.7168,0.5499,0.8323,0.8627,0.7714,false
CHR-CLA-1726,Rhetorician Eleanor of Seleucid Empire,classical_antiquity,Roman Republic,Mediterranean,-192,-157,Cultural,stabilizer,EVT-CLA-1726,0.7386,0.7417,0.7404,0.7741,0.4659,0.2449,0.4709,38,0.2354,0.6315,0.5104,0.8226,0.8527,0.7624,false
CHR-CLA-1727,Minister Friedrich of Qin & Han Dynasties,classical_antiquity,Sasanian Empire,Persia,382,423,Political,catalyst,EVT-CLA-1727,0.6074,0.8785,0.7242,0.5991,0.9259,0.5881,0.7868,13,0.4945,0.6792,0.6764,1.1056,1.2108,1.1582,false
CHR-CLA-1728,Minister Mirabeau of Parthian Empire,classical_antiquity,Achaemenid Empire,Persia / Near East,-117,-109,Political,catalyst,EVT-CLA-1728,0.5674,0.7522,0.7165,0.5693,0.8119,0.6025,0.821,38,0.5166,0.6688,0.6399,1.0941,1.1983,1.1462,false
CHR-CLA-1729,Dramatist Lafayette of Seleucid Empire,classical_antiquity,Kingdom of Aksum,Horn of Africa,-360,-317,Cultural,stabilizer,EVT-CLA-1729,0.7228,0.7619,0.7396,0.6915,0.5629,0.1839,0.6192,194,0.2462,0.6814,0.5413,0.8302,0.8605,0.7694,false
CHR-CLA-1730,Centurion Li of Carthaginian Republic,classical_antiquity,Seleucid Empire,Near East / Central Asia,134,178,Military,disruptor,EVT-CLA-1730,0.6721,0.5072,0.4429,0.5929,0.8192,0.7116,0.8513,36,0.5594,0.7438,0.6775,1.2112,1.25,1.25,false
CHR-CLA-1731,Prefect Talleyrand of Kushan Empire,classical_antiquity,Ptolemaic Kingdom,Egypt / Levant,-529,-516,Political,wildcard,EVT-CLA-1731,0.4343,0.3545,0.2236,0.4255,0.6984,0.3172,0.503,45,0.4459,0.4618,0.4959,0.9988,1.0487,1.0986,false
CHR-CLA-1732,Customs Director Nizam of Maurya Empire,classical_antiquity,Maurya Empire,South Asia,-429,-393,Economic,wildcard,EVT-CLA-1732,0.4833,0.5159,0.2685,0.4927,0.7123,0.2872,0.42,39,0.3973,0.458,0.5097,1.0029,1.053,1.1032,false
CHR-CLA-1733,Mint Overseer Talleyrand of Roman Empire (Principate/Dominate),classical_antiquity,Classical Greece (Polis),Mediterranean,-501,-481,Economic,wildcard,EVT-CLA-1733,0.4432,0.8387,0.5149,0.4013,0.5237,0.6784,0.4075,69,0.6386,0.4289,0.5565,1.0169,1.0678,1.1186,false
CHR-CLA-1734,Treasurer Rajaraja of Roman Republic,classical_antiquity,Kingdom of Aksum,Horn of Africa,363,404,Economic,stabilizer,EVT-CLA-1734,0.6509,0.6666,0.8076,0.6884,0.6136,0.2389,0.5662,104,0.2752,0.617,0.5103,0.8225,0.8526,0.7624,false
CHR-CLA-1735,Customs Director Qian of Achaemenid Empire,classical_antiquity,Kingdom of Aksum,Horn of Africa,-68,-24,Economic,wildcard,EVT-CLA-1735,0.5459,0.8074,0.6552,0.3341,0.2845,0.1977,0.6738,48,0.4318,0.5971,0.4988,0.9996,1.0496,1.0996,false
CHR-CLA-1736,Guild Master Rimush of Kushan Empire,classical_antiquity,Qin & Han Dynasties,East Asia,114,141,Economic,wildcard,EVT-CLA-1736,0.5215,0.3975,0.3053,0.5543,0.3459,0.1801,0.7859,68,0.3129,0.6273,0.4785,0.9936,1.0432,1.0929,false
CHR-CLA-1737,Customs Director Lafayette of Roman Republic,classical_antiquity,Roman Republic,Mediterranean,277,299,Economic,architect,EVT-CLA-1737,0.9125,0.7398,0.8613,0.8039,0.7733,0.2303,0.5755,165,0.2132,0.7777,0.5996,0.8445,0.8754,0.7827,false
CHR-CLA-1738,General Talleyrand of Maurya Empire,classical_antiquity,Kingdom of Aksum,Horn of Africa,-414,-374,Military,architect,EVT-CLA-1738,0.7672,0.7127,0.7639,0.7876,0.6332,0.2922,0.5748,97,0.2523,0.6903,0.558,0.8343,0.8648,0.7732,false
CHR-CLA-1739,Metallurgist Vikram of Parthian Empire,classical_antiquity,Kingdom of Aksum,Horn of Africa,-667,-659,Scientific,stabilizer,EVT-CLA-1739,0.8484,0.781,0.7765,0.8243,0.4944,0.3231,0.6519,103,0.2494,0.7698,0.5808,0.8399,0.8706,0.7784,false
CHR-CLA-1740,Guild Master Zhao of Kushan Empire,classical_antiquity,Roman Republic,Mediterranean,122,162,Economic,disruptor,EVT-CLA-1740,0.8594,0.5317,0.2223,0.602,0.7533,0.6621,0.7259,27,0.5301,0.806,0.7135,1.2236,1.25,1.25,false
CHR-CLA-1741,Master Sculptor Lafayette of Parthian Empire,classical_antiquity,Seleucid Empire,Near East / Central Asia,343,352,Cultural,wildcard,EVT-CLA-1741,0.8004,0.7993,0.4777,0.4924,0.6572,0.6385,0.4797,67,0.573,0.6721,0.6639,1.0492,1.1016,1.1541,false
CHR-CLA-1742,Archon Song of Parthian Empire,classical_antiquity,Gupta Empire,South Asia,-210,-187,Political,wildcard,EVT-CLA-1742,0.7235,0.5382,0.3487,0.4963,0.2459,0.2128,0.8965,71,0.3582,0.7927,0.5552,1.0166,1.0674,1.1182,false
CHR-CLA-1743,Poet Laureate Sargon of Sasanian Empire,classical_antiquity,Sasanian Empire,Persia,-584,-552,Cultural,wildcard,EVT-CLA-1743,0.6074,0.6737,0.6308,0.6932,0.4284,0.8046,0.4121,9,0.5557,0.5293,0.5519,1.0156,1.0664,1.1171,false
CHR-CLA-1744,Master Sculptor Dara of Roman Empire (Principate/Dominate),classical_antiquity,Classical Greece (Polis),Mediterranean,-188,-167,Cultural,wildcard,EVT-CLA-1744,0.5065,0.846,0.6761,0.7947,0.5311,0.5008,0.5869,19,0.353,0.5387,0.539,1.0117,1.0623,1.1129,false
CHR-CLA-1745,Polymath Aurelius of Roman Empire (Principate/Dominate),classical_antiquity,Ptolemaic Kingdom,Egypt / Levant,-326,-293,Scientific,wildcard,EVT-CLA-1745,0.6182,0.8053,0.6506,0.5929,0.6857,0.6158,0.6985,42,0.5115,0.6503,0.6306,1.0392,1.0912,1.1431,false
CHR-CLA-1746,Dramatist Mursili of Maurya Empire,classical_antiquity,Achaemenid Empire,Persia / Near East,-578,-555,Cultural,stabilizer,EVT-CLA-1746,0.6011,0.5965,0.7464,0.7157,0.6548,0.345,0.539,232,0.3146,0.5763,0.5101,0.8225,0.8526,0.7623,false
CHR-CLA-1747,Syndic Godfrey of Classical Greece (Polis),classical_antiquity,Kingdom of Aksum,Horn of Africa,-324,-315,Economic,stabilizer,EVT-CLA-1747,0.5917,0.7862,0.7553,0.7068,0.5361,0.2867,0.6616,148,0.29,0.6197,0.5276,0.8268,0.857,0.7663,false
CHR-CLA-1748,Vizier Heinrich of Qin & Han Dynasties,classical_antiquity,Ptolemaic Kingdom,Egypt / Levant,-277,-266,Political,stabilizer,EVT-CLA-1748,0.7043,0.7304,0.759,0.8918,0.4795,0.3475,0.5804,98,0.2278,0.6547,0.5263,0.8265,0.8567,0.766,false
CHR-CLA-1749,Master Sculptor Otto of Parthian Empire,classical_antiquity,Seleucid Empire,Near East / Central Asia,-148,-116,Cultural,stabilizer,EVT-CLA-1749,0.8481,0.6802,0.9396,0.7898,0.5562,0.2845,0.4127,158,0.2473,0.6739,0.5186,0.8246,0.8547,0.7642,false
CHR-CLA-1750,Imam Constantine of Seleucid Empire,classical_antiquity,Roman Empire (Principate/Dominate),Mediterranean / Europe,-173,-129,Religious,catalyst,EVT-CLA-1750,0.5494,0.8873,0.7108,0.6627,0.8008,0.7192,0.7127,49,0.5282,0.6148,0.6511,1.0976,1.2021,1.1499,false
CHR-CLA-1751,Marshal Lafayette of Maurya Empire,classical_antiquity,Roman Republic,Mediterranean,-72,-65,Military,catalyst,EVT-CLA-1751,0.6981,0.9002,0.5306,0.597,0.7427,0.4512,0.9142,44,0.4271,0.7846,0.6929,1.1108,1.2165,1.1636,false
CHR-CLA-1752,Mint Overseer Sumner of Seleucid Empire,classical_antiquity,Qin & Han Dynasties,East Asia,-571,-555,Economic,catalyst,EVT-CLA-1752,0.6711,0.7722,0.6655,0.7757,0.7876,0.5613,0.9188,23,0.3928,0.7702,0.6684,1.1031,1.2081,1.1556,false
CHR-CLA-1753,Chronicler Telepinu of Sasanian Empire,classical_antiquity,Parthian Empire,Persia,212,250,Cultural,architect,EVT-CLA-1753,0.8754,0.8701,0.8113,0.8749,0.585,0.3752,0.6558,36,0.2502,0.7876,0.6169,0.8488,0.8798,0.7867,false
CHR-CLA-1754,High Priest Harun of Kingdom of Aksum,classical_antiquity,Maurya Empire,South Asia,95,112,Religious,wildcard,EVT-CLA-1754,0.6763,0.7267,0.7208,0.6888,0.5555,0.431,0.5813,4,0.3711,0.6383,0.5567,1.017,1.0679,1.1187,false
CHR-CLA-1755,Synod Envoy Li of Parthian Empire,classical_antiquity,Qin & Han Dynasties,East Asia,309,329,Religious,architect,EVT-CLA-1755,0.6854,0.867,0.7483,0.9132,0.7258,0.3884,0.6612,115,0.2376,0.6757,0.5972,0.8439,0.8748,0.7822,false
CHR-CLA-1756,Polymath Qian of Seleucid Empire,classical_antiquity,Parthian Empire,Persia,113,127,Scientific,wildcard,EVT-CLA-1756,0.769,0.6538,0.4483,0.5051,0.552,0.5356,0.6505,54,0.5152,0.7216,0.631,1.0393,1.0912,1.1432,false
CHR-CLA-1757,Synod Envoy Kheti of Classical Greece (Polis),classical_antiquity,Sasanian Empire,Persia,408,417,Religious,stabilizer,EVT-CLA-1757,0.7357,0.7318,0.8169,0.8046,0.5003,0.3074,0.6169,95,0.2514,0.6882,0.5355,0.8287,0.859,0.7681,false
CHR-CLA-1758,Hierophant Seneb of Maurya Empire,classical_antiquity,Qin & Han Dynasties,East Asia,-360,-354,Religious,catalyst,EVT-CLA-1758,0.5637,0.7464,0.7465,0.7162,0.8433,0.4721,0.7901,37,0.378,0.6543,0.6082,1.0841,1.1873,1.1357,false
CHR-CLA-1759,Strategos Cao of Seleucid Empire,classical_antiquity,Sasanian Empire,Persia,-8,6,Military,stabilizer,EVT-CLA-1759,0.801,0.7089,0.8785,0.8045,0.6776,0.1847,0.4714,183,0.1901,0.6692,0.5286,0.827,0.8573,0.7665,false
CHR-CLA-1760,Abbess Aurelius of Maurya Empire,classical_antiquity,Parthian Empire,Persia,-581,-548,Religious,wildcard,EVT-CLA-1760,0.711,0.7797,0.6063,0.3538,0.6007,0.1509,0.8936,58,0.3986,0.7841,0.6132,1.0339,1.0856,1.1373,false
CHR-CLA-1761,Astronomer Heinrich of Kushan Empire,classical_antiquity,Carthaginian Republic,Western Mediterranean,415,454,Scientific,catalyst,EVT-CLA-1761,0.5263,0.7969,0.6265,0.5702,0.7625,0.5783,0.8394,49,0.5041,0.6516,0.637,1.0931,1.1973,1.1452,false
CHR-CLA-1762,Master Sculptor Li of Parthian Empire,classical_antiquity,Gupta Empire,South Asia,-516,-471,Cultural,wildcard,EVT-CLA-1762,0.5355,0.594,0.6614,0.2304,0.6537,0.2852,0.5457,32,0.5274,0.5396,0.518,1.0054,1.0557,1.1059,false
CHR-CLA-1763,Commander Sherman of Seleucid Empire,classical_antiquity,Kingdom of Aksum,Horn of Africa,-244,-200,Military,wildcard,EVT-CLA-1763,0.4855,0.7668,0.2601,0.4361,0.2669,0.1725,0.617,55,0.3682,0.5381,0.497,0.9991,1.0491,1.099,false
CHR-CLA-1764,Arch-Engineer Wilhelm of Gupta Empire,classical_antiquity,Sasanian Empire,Persia,457,488,Scientific,architect,EVT-CLA-1764,0.9169,0.6367,0.6813,0.7411,0.6465,0.2429,0.6029,121,0.2509,0.7913,0.5934,0.843,0.8738,0.7813,false
CHR-CLA-1765,Scribe Telepinu of Kushan Empire,classical_antiquity,Classical Greece (Polis),Mediterranean,-754,-729,Cultural,disruptor,EVT-CLA-1765,0.7631,0.6402,0.3119,0.6117,0.8429,0.6514,0.8277,19,0.5198,0.7889,0.7233,1.227,1.25,1.25,false
CHR-CLA-1766,Chamberlain Dara of Maurya Empire,classical_antiquity,Carthaginian Republic,Western Mediterranean,-317,-303,Economic,architect,EVT-CLA-1766,0.7026,0.6542,0.8264,0.8949,0.6857,0.3095,0.7015,31,0.2073,0.7022,0.5509,0.8325,0.863,0.7716,false
CHR-CLA-1767,Physician Averroes of Seleucid Empire,classical_antiquity,Ptolemaic Kingdom,Egypt / Levant,-584,-570,Scientific,wildcard,EVT-CLA-1767,0.8637,0.6787,0.5302,0.261,0.412,0.6932,0.5061,43,0.7161,0.7206,0.6434,1.043,1.0952,1.1473,false
CHR-CLA-1768,Legate Chen of Kushan Empire,classical_antiquity,Classical Greece (Polis),Mediterranean,231,246,Military,stabilizer,EVT-CLA-1768,0.8201,0.6989,0.9355,0.7925,0.5792,0.1335,0.4565,181,0.1705,0.6746,0.5021,0.8205,0.8505,0.7605,false
CHR-CLA-1769,Archon Otto of Classical Greece (Polis),classical_antiquity,Ptolemaic Kingdom,Egypt / Levant,92,132,Political,catalyst,EVT-CLA-1769,0.5296,0.7936,0.5354,0.7177,0.9338,0.6615,0.7637,59,0.4719,0.6232,0.6659,1.1022,1.2072,1.1547,false
CHR-CLA-1770,Treasurer Labarna of Sasanian Empire,classical_antiquity,Achaemenid Empire,Persia / Near East,-672,-664,Economic,stabilizer,EVT-CLA-1770,0.7549,0.7431,0.8959,0.8044,0.5278,0.3181,0.6478,40,0.2568,0.712,0.5444,0.8309,0.8613,0.7701,false
CHR-CLA-1771,Metallurgist Zhang of Kushan Empire,classical_antiquity,Carthaginian Republic,Western Mediterranean,396,439,Scientific,disruptor,EVT-CLA-1771,0.627,0.6636,0.2819,0.5147,0.8932,0.804,0.7445,21,0.6447,0.674,0.7186,1.2254,1.25,1.25,false
CHR-CLA-1772,Prefect Godfrey of Seleucid Empire,classical_antiquity,Maurya Empire,South Asia,-77,-32,Political,stabilizer,EVT-CLA-1772,0.749,0.7188,0.8695,0.8323,0.4754,0.2449,0.4926,196,0.2063,0.6464,0.4984,0.8196,0.8496,0.7596,false
CHR-CLA-1773,Vizier Constantine of Sasanian Empire,classical_antiquity,Kingdom of Aksum,Horn of Africa,35,77,Political,disruptor,EVT-CLA-1773,0.8014,0.6482,0.2649,0.5338,0.7188,0.7377,0.7605,6,0.602,0.785,0.7269,1.2283,1.25,1.25,false
CHR-CLA-1774,Strategos Imhotep of Kingdom of Aksum,classical_antiquity,Sasanian Empire,Persia,405,414,Military,catalyst,EVT-CLA-1774,0.678,0.8583,0.713,0.7055,0.8976,0.6342,0.751,21,0.4643,0.7072,0.6841,1.108,1.2135,1.1607,false
CHR-CLA-1775,Chronicler Hammurabi of Maurya Empire,classical_antiquity,Classical Greece (Polis),Mediterranean,-704,-693,Cultural,disruptor,EVT-CLA-1775,0.9008,0.806,0.355,0.3224,0.9212,0.7987,0.9279,28,0.7381,0.9116,0.8417,1.25,1.25,1.25,true
CHR-CLA-1776,Viceroy Hathor of Qin & Han Dynasties,classical_antiquity,Gupta Empire,South Asia,-252,-227,Political,disruptor,EVT-CLA-1776,0.8625,0.5152,0.3127,0.4658,0.7083,0.9496,0.7577,41,0.7419,0.8206,0.7507,1.2365,1.25,1.25,true
CHR-CLA-1777,Strategos Valdemar of Parthian Empire,classical_antiquity,Kushan Empire,Central & South Asia,338,381,Military,wildcard,EVT-CLA-1777,0.7897,0.7553,0.2479,0.7485,0.2499,0.4608,0.6735,71,0.3561,0.7432,0.6061,1.0318,1.0834,1.135,false
CHR-CLA-1778,Treasurer Sherman of Gupta Empire,classical_antiquity,Achaemenid Empire,Persia / Near East,78,88,Economic,stabilizer,EVT-CLA-1778,0.6062,0.7973,0.8892,0.6921,0.5564,0.33,0.6084,167,0.319,0.6071,0.5218,0.8254,0.8556,0.765,false
CHR-CLA-1779,Imam Song of Classical Greece (Polis),classical_antiquity,Parthian Empire,Persia,-532,-514,Religious,architect,EVT-CLA-1779,0.8562,0.8067,0.6809,0.8658,0.5994,0.2403,0.6897,141,0.1872,0.7896,0.6031,0.8454,0.8763,0.7835,false
CHR-CLA-1780,Marshal Leonidas of Roman Empire (Principate/Dominate),classical_antiquity,Maurya Empire,South Asia,247,284,Military,wildcard,EVT-CLA-1780,0.432,0.6614,0.447,0.6329,0.4057,0.8424,0.6534,6,0.6048,0.5205,0.5661,1.0198,1.0708,1.1218,false
CHR-CLA-1781,Poet Laureate Zhang of Roman Republic,classical_antiquity,Qin & Han Dynasties,East Asia,11,32,Cultural,disruptor,EVT-CLA-1781,0.8865,0.7375,0.3522,0.3374,0.7628,0.8557,0.7289,34,0.7591,0.8235,0.7823,1.2474,1.25,1.25,true
CHR-CLA-1782,Prefect Ashoka of Gupta Empire,classical_antiquity,Seleucid Empire,Near East / Central Asia,-311,-297,Political,stabilizer,EVT-CLA-1782,0.7681,0.6683,0.8518,0.8534,0.6754,0.2835,0.6606,189,0.215,0.7251,0.5573,0.8341,0.8646,0.7731,false
CHR-CLA-1783,Viceroy Solon of Parthian Empire,classical_antiquity,Classical Greece (Polis),Mediterranean,-559,-552,Political,architect,EVT-CLA-1783,0.7928,0.6474,0.8449,0.8052,0.5351,0.3009,0.636,169,0.2479,0.7301,0.5414,0.8302,0.8605,0.7694,false
CHR-CLA-1784,Legate Samudra of Parthian Empire,classical_antiquity,Qin & Han Dynasties,East Asia,-293,-287,Military,catalyst,EVT-CLA-1784,0.6981,0.8083,0.7065,0.7209,0.7673,0.5648,0.8091,57,0.422,0.7425,0.6603,1.1005,1.2053,1.1529,false
CHR-CLA-1785,Astronomer Khaldun of Carthaginian Republic,classical_antiquity,Sasanian Empire,Persia,-325,-315,Scientific,wildcard,EVT-CLA-1785,0.4286,0.4815,0.57,0.7027,0.3078,0.7752,0.6636,12,0.5362,0.5226,0.4992,0.9998,1.0498,1.0997,false
CHR-CLA-1786,General Justinian of Qin & Han Dynasties,classical_antiquity,Roman Empire (Principate/Dominate),Mediterranean / Europe,-385,-351,Military,stabilizer,EVT-CLA-1786,0.5887,0.6804,0.8824,0.727,0.4701,0.3171,0.532,56,0.2951,0.566,0.4725,0.8132,0.843,0.7537,false
CHR-CLA-1787,Marshal Zhang of Qin & Han Dynasties,classical_antiquity,Roman Empire (Principate/Dominate),Mediterranean / Europe,-647,-632,Military,catalyst,EVT-CLA-1787,0.5462,0.7926,0.7215,0.5685,0.8094,0.5095,0.8877,23,0.4705,0.6828,0.6359,1.0928,1.1969,1.1448,false
CHR-CLA-1788,Arch-Engineer Mentuhotep of Maurya Empire,classical_antiquity,Achaemenid Empire,Persia / Near East,-690,-658,Scientific,catalyst,EVT-CLA-1788,0.7294,0.7462,0.5787,0.7728,0.7674,0.4777,0.7782,21,0.3524,0.749,0.6513,1.0976,1.2022,1.1499,false
CHR-CLA-1789,Metallurgist Qian of Kushan Empire,classical_antiquity,Achaemenid Empire,Persia / Near East,270,277,Scientific,wildcard,EVT-CLA-1789,0.4548,0.3746,0.5373,0.3765,0.6148,0.2848,0.4774,47,0.4541,0.4638,0.4539,0.9862,1.0355,1.0848,false
CHR-CLA-1790,Metallurgist Colbert of Maurya Empire,classical_antiquity,Roman Republic,Mediterranean,-729,-717,Scientific,wildcard,EVT-CLA-1790,0.4153,0.691,0.6354,0.7506,0.2594,0.5287,0.5585,42,0.389,0.4726,0.4584,0.9875,1.0369,1.0863,false
CHR-CLA-1791,Geometer Narmer of Ptolemaic Kingdom,classical_antiquity,Qin & Han Dynasties,East Asia,-339,-333,Scientific,stabilizer,EVT-CLA-1791,0.8094,0.6563,0.9192,0.8361,0.5967,0.2673,0.5878,50,0.2156,0.7208,0.5348,0.8286,0.8589,0.7679,false
CHR-CLA-1792,Master Sculptor Hammurabi of Classical Greece (Polis),classical_antiquity,Sasanian Empire,Persia,-726,-704,Cultural,catalyst,EVT-CLA-1792,0.7911,0.8137,0.5892,0.5754,0.7367,0.6444,0.867,53,0.5345,0.8215,0.7194,1.1191,1.2257,1.1724,false
CHR-CLA-1793,Consul Sumner of Carthaginian Republic,classical_antiquity,Ptolemaic Kingdom,Egypt / Levant,-800,-774,Political,wildcard,EVT-CLA-1793,0.82,0.7361,0.373,0.6176,0.6782,0.8218,0.5539,53,0.6021,0.7135,0.7053,1.0616,1.1147,1.1678,false
CHR-CLA-1794,Abbess Sargon of Kushan Empire,classical_antiquity,Sasanian Empire,Persia,-322,-300,Religious,catalyst,EVT-CLA-1794,0.7779,0.8531,0.6549,0.7196,0.7924,0.5203,0.8602,22,0.4003,0.8108,0.6969,1.112,1.2179,1.165,false
CHR-CLA-1795,Master Sculptor Dara of Kushan Empire,classical_antiquity,Classical Greece (Polis),Mediterranean,-141,-105,Cultural,disruptor,EVT-CLA-1795,0.6468,0.7523,0.3392,0.5724,0.8032,0.7583,0.9593,11,0.5929,0.7718,0.7401,1.2328,1.25,1.25,false
CHR-CLA-1796,Mint Overseer Mursili of Roman Republic,classical_antiquity,Classical Greece (Polis),Mediterranean,137,149,Economic,catalyst,EVT-CLA-1796,0.8197,0.7199,0.5873,0.5799,0.9063,0.5622,0.7936,17,0.4912,0.8092,0.7145,1.1176,1.224,1.1708,false
CHR-CLA-1797,Warlord Kheti of Qin & Han Dynasties,classical_antiquity,Kushan Empire,Central & South Asia,-666,-622,Military,wildcard,EVT-CLA-1797,0.5813,0.5589,0.263,0.5405,0.7041,0.7246,0.7118,17,0.592,0.6335,0.6469,1.0441,1.0963,1.1485,false
CHR-CLA-1798,Guild Master Naram-Sin of Gupta Empire,classical_antiquity,Kushan Empire,Central & South Asia,-395,-369,Economic,wildcard,EVT-CLA-1798,0.8861,0.7402,0.4397,0.6558,0.447,0.5174,0.8868,32,0.4308,0.8864,0.6835,1.055,1.1078,1.1605,false
CHR-CLA-1799,Viceroy Nizam of Kingdom of Aksum,classical_antiquity,Sasanian Empire,Persia,-237,-228,Political,architect,EVT-CLA-1799,0.8487,0.747,0.7743,0.8972,0.7264,0.2021,0.5566,69,0.1524,0.7319,0.5747,0.8384,0.869,0.777,false
CHR-CLA-1800,Imam Justinian of Kingdom of Aksum,classical_antiquity,Carthaginian Republic,Western Mediterranean,187,200,Religious,stabilizer,EVT-CLA-1800,0.5899,0.6717,0.7545,0.7326,0.6183,0.1633,0.5352,123,0.2154,0.568,0.4837,0.816,0.8458,0.7563,false
CHR-CLA-1801,Philosopher Labarna of Seleucid Empire,classical_antiquity,Seleucid Empire,Near East / Central Asia,7,18,Cultural,architect,EVT-CLA-1801,0.6613,0.6619,0.8241,0.8504,0.5911,0.3559,0.8173,40,0.2528,0.7237,0.5543,0.8334,0.8639,0.7724,false
CHR-CLA-1802,Synod Envoy Ashoka of Maurya Empire,classical_antiquity,Kingdom of Aksum,Horn of Africa,-569,-531,Religious,disruptor,EVT-CLA-1802,0.6066,0.5224,0.3857,0.426,0.7418,0.7855,0.9443,40,0.6798,0.7417,0.6909,1.2159,1.25,1.25,false
CHR-CLA-1803,Merchant Prince Theodosius of Roman Republic,classical_antiquity,Kushan Empire,Central & South Asia,-490,-447,Economic,stabilizer,EVT-CLA-1803,0.7543,0.5996,0.7355,0.6806,0.6917,0.3049,0.4741,189,0.3122,0.6422,0.5415,0.8302,0.8606,0.7695,false
CHR-CLA-1804,Warlord Nizam of Roman Empire (Principate/Dominate),classical_antiquity,Roman Empire (Principate/Dominate),Mediterranean / Europe,-679,-638,Military,wildcard,EVT-CLA-1804,0.562,0.7066,0.4848,0.74,0.3088,0.3052,0.5499,42,0.2826,0.5572,0.4856,0.9957,1.0455,1.0952,false
CHR-CLA-1805,Legate Leonidas of Roman Republic,classical_antiquity,Roman Republic,Mediterranean,-415,-404,Military,stabilizer,EVT-CLA-1805,0.7128,0.7168,0.8479,0.695,0.5006,0.253,0.5526,183,0.279,0.6487,0.5121,0.823,0.8531,0.7628,false
CHR-CLA-1806,Scribe Ramesses of Gupta Empire,classical_antiquity,Ptolemaic Kingdom,Egypt / Levant,-145,-106,Cultural,stabilizer,EVT-CLA-1806,0.8325,0.5878,0.8514,0.6821,0.6517,0.1591,0.5404,71,0.2385,0.7157,0.5297,0.8273,0.8576,0.7668,false
CHR-CLA-1807,Synod Envoy Thutmose of Sasanian Empire,classical_antiquity,Achaemenid Empire,Persia / Near East,-443,-422,Religious,catalyst,EVT-CLA-1807,0.5326,0.7449,0.6887,0.6038,0.7958,0.7226,0.8154,56,0.5594,0.6458,0.6459,1.096,1.2003,1.1481,false
CHR-CLA-1808,Alchemist Cao of Gupta Empire,classical_antiquity,Ptolemaic Kingdom,Egypt / Levant,327,371,Scientific,stabilizer,EVT-CLA-1808,0.6916,0.7027,0.92,0.8614,0.4617,0.2889,0.5166,132,0.2138,0.6216,0.4833,0.8159,0.8457,0.7562,false
CHR-CLA-1809,Vizier Saladin of Kushan Empire,classical_antiquity,Sasanian Empire,Persia,-667,-656,Political,wildcard,EVT-CLA-1809,0.6884,0.5959,0.1658,0.7975,0.5081,0.8336,0.7379,44,0.518,0.7082,0.667,1.0501,1.1026,1.1551,false
CHR-CLA-1810,Astronomer Marshall of Seleucid Empire,classical_antiquity,Classical Greece (Polis),Mediterranean,-673,-650,Scientific,disruptor,EVT-CLA-1810,0.9143,0.7939,0.33,0.538,0.8694,0.6854,0.9298,34,0.5737,0.9205,0.8104,1.25,1.25,1.25,true
CHR-CLA-1811,Syndic Qian of Ptolemaic Kingdom,classical_antiquity,Roman Empire (Principate/Dominate),Mediterranean / Europe,-600,-561,Economic,architect,EVT-CLA-1811,0.8104,0.8364,0.7435,0.9177,0.665,0.317,0.7352,90,0.1996,0.7803,0.6154,0.8484,0.8794,0.7863,false
CHR-CLA-1812,Legate Solon of Classical Greece (Polis),classical_antiquity,Classical Greece (Polis),Mediterranean,-114,-94,Military,disruptor,EVT-CLA-1812,0.6372,0.5358,0.426,0.6415,0.7792,0.737,0.8778,22,0.5477,0.7334,0.6741,1.2101,1.25,1.25,false
CHR-CLA-1813,Legate Song of Classical Greece (Polis),classical_antiquity,Roman Republic,Mediterranean,-454,-420,Military,catalyst,EVT-CLA-1813,0.6315,0.8337,0.5401,0.778,0.8252,0.6154,0.7049,36,0.4187,0.6609,0.6618,1.101,1.2058,1.1534,false
CHR-CLA-1814,Consul Khaldun of Sasanian Empire,classical_antiquity,Gupta Empire,South Asia,475,500,Political,stabilizer,EVT-CLA-1814,0.6701,0.5944,0.7484,0.7597,0.5526,0.3464,0.5407,165,0.2934,0.6184,0.5098,0.8224,0.8525,0.7622,false
CHR-CLA-1815,Viceroy Hattusili of Achaemenid Empire,classical_antiquity,Gupta Empire,South Asia,139,182,Political,stabilizer,EVT-CLA-1815,0.8126,0.7468,0.8263,0.882,0.6221,0.2902,0.4398,83,0.2041,0.6635,0.5413,0.8301,0.8605,0.7694,false
CHR-CLA-1816,Chamberlain Tariq of Roman Empire (Principate/Dominate),classical_antiquity,Maurya Empire,South Asia,145,162,Economic,architect,EVT-CLA-1816,0.7727,0.7009,0.8335,0.8236,0.565,0.3695,0.5766,148,0.273,0.6943,0.5504,0.8324,0.8629,0.7715,false
CHR-CLA-1817,Commander Adams of Kingdom of Aksum,classical_antiquity,Kingdom of Aksum,Horn of Africa,-441,-413,Military,catalyst,EVT-CLA-1817,0.6148,0.7763,0.7387,0.7405,0.8857,0.7799,0.8119,35,0.5197,0.6937,0.6809,1.107,1.2124,1.1597,false
CHR-CLA-1818,Merchant Prince Gao of Achaemenid Empire,classical_antiquity,Roman Republic,Mediterranean,-182,-140,Economic,wildcard,EVT-CLA-1818,0.8599,0.5811,0.2327,0.4705,0.775,0.6453,0.4437,49,0.5874,0.6934,0.6849,1.0555,1.1083,1.161,false
CHR-CLA-1819,Astronomer Imhotep of Parthian Empire,classical_antiquity,Achaemenid Empire,Persia / Near East,-660,-633,Scientific,stabilizer,EVT-CLA-1819,0.8212,0.6852,0.8443,0.8824,0.6549,0.23,0.5014,134,0.1738,0.6933,0.5375,0.8292,0.8596,0.7685,false
CHR-CLA-1820,Merchant Prince Baldwin of Classical Greece (Polis),classical_antiquity,Seleucid Empire,Near East / Central Asia,-287,-275,Economic,disruptor,EVT-CLA-1820,0.8659,0.783,0.4814,0.336,0.7744,0.66,0.7355,23,0.662,0.8137,0.7445,1.2343,1.25,1.25,false
CHR-CLA-1821,Minister Wu of Gupta Empire,classical_antiquity,Qin & Han Dynasties,East Asia,312,346,Political,disruptor,EVT-CLA-1821,0.612,0.619,0.4632,0.4956,0.7201,0.8036,0.7564,42,0.654,0.6698,0.6668,1.2075,1.25,1.25,false
CHR-CLA-1822,Physician Wu of Roman Republic,classical_antiquity,Classical Greece (Polis),Mediterranean,-657,-625,Scientific,stabilizer,EVT-CLA-1822,0.7372,0.6104,0.732,0.793,0.5075,0.2295,0.562,162,0.2182,0.6671,0.5079,0.8219,0.852,0.7618,false
CHR-CLA-1823,Merchant Prince Labarna of Kushan Empire,classical_antiquity,Achaemenid Empire,Persia / Near East,32,70,Economic,disruptor,EVT-CLA-1823,0.9251,0.7503,0.5098,0.3676,0.8062,0.9419,0.7462,31,0.7872,0.8536,0.7986,1.25,1.25,1.25,true
CHR-CLA-1824,Governor Gao of Qin & Han Dynasties,classical_antiquity,Achaemenid Empire,Persia / Near East,93,128,Political,architect,EVT-CLA-1824,0.8049,0.6333,0.7898,0.7322,0.5752,0.3415,0.5853,59,0.3046,0.717,0.5559,0.8338,0.8643,0.7728,false
CHR-CLA-1825,Chronicler Saladin of Roman Republic,classical_antiquity,Kushan Empire,Central & South Asia,-791,-769,Cultural,wildcard,EVT-CLA-1825,0.551,0.3659,0.7138,0.4259,0.5927,0.5399,0.6318,12,0.557,0.5833,0.5146,1.0044,1.0546,1.1048,false
CHR-CLA-1826,Commander Bradford of Roman Republic,classical_antiquity,Sasanian Empire,Persia,71,107,Military,architect,EVT-CLA-1826,0.7845,0.6879,0.8453,0.7852,0.7316,0.3766,0.5975,117,0.2957,0.7097,0.5814,0.84,0.8708,0.7786,false
CHR-CLA-1827,Astronomer Heinrich of Kushan Empire,classical_antiquity,Roman Empire (Principate/Dominate),Mediterranean / Europe,423,432,Scientific,catalyst,EVT-CLA-1827,0.6463,0.6961,0.5631,0.7777,0.7652,0.7037,0.795,23,0.463,0.7058,0.6604,1.1005,1.2053,1.1529,false
CHR-CLA-1828,Master Sculptor Li of Seleucid Empire,classical_antiquity,Maurya Empire,South Asia,-747,-705,Cultural,catalyst,EVT-CLA-1828,0.7234,0.7081,0.4661,0.738,0.7543,0.7858,0.7293,34,0.5239,0.7258,0.694,1.1111,1.2169,1.164,false
CHR-CLA-1829,Legate Li of Seleucid Empire,classical_antiquity,Parthian Empire,Persia,406,420,Military,disruptor,EVT-CLA-1829,0.6966,0.6851,0.3997,0.6124,0.8524,0.8611,0.7296,10,0.6243,0.7098,0.7228,1.2269,1.25,1.25,false
CHR-CLA-1830,High Priest Suppiluliuma of Qin & Han Dynasties,classical_antiquity,Roman Republic,Mediterranean,-514,-497,Religious,stabilizer,EVT-CLA-1830,0.6055,0.7317,0.7971,0.7149,0.5263,0.155,0.4925,229,0.22,0.5603,0.4717,0.813,0.8428,0.7536,false
CHR-CLA-1831,Consul Necker of Seleucid Empire,classical_antiquity,Qin & Han Dynasties,East Asia,330,338,Political,catalyst,EVT-CLA-1831,0.5697,0.6549,0.668,0.5746,0.7378,0.6199,0.8162,27,0.5226,0.6683,0.6212,1.0882,1.1918,1.14,false
CHR-CLA-1832,Guild Master Narmer of Kingdom of Aksum,classical_antiquity,Achaemenid Empire,Persia / Near East,-662,-621,Economic,stabilizer,EVT-CLA-1832,0.63,0.6173,0.7838,0.7402,0.4987,0.3342,0.4321,155,0.297,0.5508,0.4745,0.8137,0.8435,0.7542,false
CHR-CLA-1833,Syndic Aurelius of Roman Empire (Principate/Dominate),classical_antiquity,Kingdom of Aksum,Horn of Africa,-622,-582,Economic,wildcard,EVT-CLA-1833,0.5603,0.3832,0.4108,0.7012,0.6315,0.7296,0.7844,60,0.5142,0.6499,0.5932,1.028,1.0794,1.1308,false
CHR-CLA-1834,Minister Sargon of Maurya Empire,classical_antiquity,Achaemenid Empire,Persia / Near East,-749,-721,Political,architect,EVT-CLA-1834,0.6628,0.8179,0.7292,0.7363,0.6524,0.3655,0.7503,67,0.3146,0.6978,0.5939,0.8431,0.8739,0.7814,false
CHR-CLA-1835,Treasurer Qian of Ptolemaic Kingdom,classical_antiquity,Qin & Han Dynasties,East Asia,-112,-82,Economic,disruptor,EVT-CLA-1835,0.67,0.7161,0.2643,0.4502,0.7649,0.7265,0.933,48,0.6382,0.7752,0.7396,1.2327,1.25,1.25,false
CHR-CLA-1836,Viceroy Theodosius of Roman Republic,classical_antiquity,Qin & Han Dynasties,East Asia,245,255,Political,disruptor,EVT-CLA-1836,0.7176,0.7466,0.2657,0.6423,0.9275,0.8229,0.8238,20,0.5903,0.7601,0.7688,1.2427,1.25,1.25,true
CHR-CLA-1837,Arch-Engineer Ramesses of Roman Empire (Principate/Dominate),classical_antiquity,Kushan Empire,Central & South Asia,-363,-345,Scientific,disruptor,EVT-CLA-1837,0.6175,0.5455,0.2581,0.402,0.8461,0.6668,0.909,30,0.6324,0.7341,0.7036,1.2202,1.25,1.25,false
CHR-CLA-1838,Guild Master Colbert of Sasanian Empire,classical_antiquity,Parthian Empire,Persia,67,79,Economic,catalyst,EVT-CLA-1838,0.591,0.6542,0.7479,0.7784,0.8751,0.6324,0.7864,33,0.427,0.6691,0.6263,1.0898,1.1936,1.1417,false
CHR-CLA-1839,Dramatist Mursili of Sasanian Empire,classical_antiquity,Carthaginian Republic,Western Mediterranean,-444,-405,Cultural,stabilizer,EVT-CLA-1839,0.7535,0.6947,0.7717,0.6804,0.4964,0.1856,0.5031,178,0.2526,0.6534,0.5092,0.8223,0.8523,0.7621,false
CHR-CLA-1840,Philosopher Kautilya of Roman Empire (Principate/Dominate),classical_antiquity,Seleucid Empire,Near East / Central Asia,-382,-365,Cultural,disruptor,EVT-CLA-1840,0.846,0.5679,0.215,0.5308,0.7125,0.7127,0.8763,35,0.5909,0.8582,0.7439,1.2341,1.25,1.25,false
CHR-CLA-1841,Geometer Godfrey of Roman Republic,classical_antiquity,Maurya Empire,South Asia,-126,-85,Scientific,stabilizer,EVT-CLA-1841,0.6687,0.6637,0.9233,0.768,0.5597,0.2956,0.5354,219,0.2638,0.6154,0.4946,0.8187,0.8486,0.7588,false
CHR-CLA-1842,Customs Director Ibn-Sina of Kingdom of Aksum,classical_antiquity,Maurya Empire,South Asia,383,425,Economic,disruptor,EVT-CLA-1842,0.9435,0.5831,0.3699,0.4783,0.7189,0.6778,0.8126,29,0.5998,0.8912,0.7438,1.2341,1.25,1.25,false
CHR-CLA-1843,Arch-Engineer Imhotep of Classical Greece (Polis),classical_antiquity,Roman Republic,Mediterranean,115,125,Scientific,disruptor,EVT-CLA-1843,0.6124,0.7671,0.3643,0.4286,0.8369,0.673,0.9454,9,0.6222,0.7456,0.7286,1.2289,1.25,1.25,false
CHR-CLA-1844,Strategos Marshall of Roman Empire (Principate/Dominate),classical_antiquity,Achaemenid Empire,Persia / Near East,-717,-697,Military,stabilizer,EVT-CLA-1844,0.6036,0.715,0.7886,0.7288,0.6048,0.2101,0.567,213,0.2407,0.589,0.5001,0.82,0.85,0.76,false
CHR-CLA-1845,Geometer Zhao of Parthian Empire,classical_antiquity,Maurya Empire,South Asia,386,394,Scientific,wildcard,EVT-CLA-1845,0.5351,0.363,0.7331,0.6889,0.5537,0.5535,0.6475,44,0.4323,0.5801,0.4937,0.9981,1.048,1.0979,false
CHR-CLA-1846,Chronicler Eleanor of Classical Greece (Polis),classical_antiquity,Parthian Empire,Persia,254,295,Cultural,stabilizer,EVT-CLA-1846,0.7328,0.6728,0.931,0.8366,0.5443,0.1408,0.4754,225,0.1521,0.6299,0.4733,0.8134,0.8432,0.7539,false
CHR-CLA-1847,Syndic Sherman of Achaemenid Empire,classical_antiquity,Roman Empire (Principate/Dominate),Mediterranean / Europe,93,103,Economic,wildcard,EVT-CLA-1847,0.4587,0.4902,0.7323,0.2148,0.3873,0.4161,0.8316,9,0.6007,0.6079,0.4995,0.9998,1.0498,1.0998,false
CHR-CLA-1848,Geometer Valdemar of Kushan Empire,classical_antiquity,Sasanian Empire,Persia,99,126,Scientific,wildcard,EVT-CLA-1848,0.6706,0.4879,0.5979,0.7623,0.7676,0.8073,0.5716,28,0.5225,0.631,0.6149,1.0345,1.0862,1.1379,false
CHR-CLA-1849,Prefect Puduhepa of Gupta Empire,classical_antiquity,Seleucid Empire,Near East / Central Asia,-779,-749,Political,architect,EVT-CLA-1849,0.7147,0.6222,0.8745,0.7586,0.631,0.2801,0.7416,129,0.2608,0.7255,0.5445,0.831,0.8614,0.7702,false
CHR-CLA-1850,Commander Zhang of Ptolemaic Kingdom,classical_antiquity,Parthian Empire,Persia,60,80,Military,stabilizer,EVT-CLA-1850,0.7729,0.5687,0.863,0.6858,0.5649,0.2242,0.5989,76,0.2692,0.7033,0.5161,0.824,0.8541,0.7637,false
CHR-CLA-1851,Customs Director Vikram of Roman Republic,classical_antiquity,Ptolemaic Kingdom,Egypt / Levant,-373,-338,Economic,architect,EVT-CLA-1851,0.887,0.7375,0.854,0.9175,0.6679,0.2332,0.7262,156,0.1579,0.8227,0.5952,0.8434,0.8743,0.7817,false
CHR-CLA-1852,Syndic Godfrey of Maurya Empire,classical_antiquity,Parthian Empire,Persia,-609,-594,Economic,stabilizer,EVT-CLA-1852,0.6788,0.666,0.7967,0.7344,0.5291,0.3301,0.4606,215,0.2978,0.5915,0.5012,0.8203,0.8503,0.7603,false
CHR-CLA-1853,Governor Friedrich of Kingdom of Aksum,classical_antiquity,Roman Empire (Principate/Dominate),Mediterranean / Europe,-109,-82,Political,wildcard,EVT-CLA-1853,0.8255,0.3999,0.4327,0.668,0.2179,0.341,0.5324,35,0.3365,0.7083,0.5034,1.001,1.0511,1.1011,false
CHR-CLA-1854,Scribe Saladin of Qin & Han Dynasties,classical_antiquity,Carthaginian Republic,Western Mediterranean,-787,-743,Cultural,wildcard,EVT-CLA-1854,0.5769,0.6179,0.2852,0.2061,0.4939,0.4078,0.7297,18,0.6008,0.638,0.5928,1.0278,1.0792,1.1306,false
CHR-CLA-1855,Strategos Zhao of Seleucid Empire,classical_antiquity,Maurya Empire,South Asia,462,469,Military,stabilizer,EVT-CLA-1855,0.7302,0.5513,0.81,0.7615,0.681,0.299,0.4198,196,0.2688,0.606,0.5061,0.8215,0.8516,0.7614,false
CHR-CLA-1856,Commander Harsha of Gupta Empire,classical_antiquity,Classical Greece (Polis),Mediterranean,-53,-40,Military,disruptor,EVT-CLA-1856,0.6398,0.8142,0.3169,0.6052,0.8759,0.8388,0.9099,23,0.6168,0.7478,0.7638,1.241,1.25,1.25,true
CHR-CLA-1857,Chamberlain Baldwin of Maurya Empire,classical_antiquity,Seleucid Empire,Near East / Central Asia,-200,-191,Economic,wildcard,EVT-CLA-1857,0.8842,0.7614,0.6252,0.5777,0.3887,0.6109,0.6742,36,0.5166,0.8002,0.6449,1.0435,1.0957,1.1478,false
CHR-CLA-1858,Metallurgist Telepinu of Ptolemaic Kingdom,classical_antiquity,Carthaginian Republic,Western Mediterranean,21,46,Scientific,disruptor,EVT-CLA-1858,0.8312,0.7354,0.3783,0.4851,0.8838,0.7325,0.7959,9,0.6237,0.8171,0.7679,1.2424,1.25,1.25,true
CHR-CLA-1859,Rhetorician Ashoka of Kingdom of Aksum,classical_antiquity,Achaemenid Empire,Persia / Near East,-480,-455,Cultural,wildcard,EVT-CLA-1859,0.7207,0.6918,0.456,0.5413,0.8204,0.5871,0.4647,43,0.5229,0.6183,0.6421,1.0426,1.0948,1.1469,false
CHR-CLA-1860,Hierophant Tariq of Parthian Empire,classical_antiquity,Maurya Empire,South Asia,-265,-247,Religious,stabilizer,EVT-CLA-1860,0.7383,0.6749,0.7845,0.8449,0.46,0.2694,0.65,73,0.2123,0.703,0.522,0.8254,0.8556,0.765,false
CHR-CLA-1861,Astronomer Saladin of Gupta Empire,classical_antiquity,Roman Empire (Principate/Dominate),Mediterranean / Europe,-754,-716,Scientific,disruptor,EVT-CLA-1861,0.8472,0.5819,0.25,0.4321,0.8434,0.696,0.7675,27,0.6319,0.8153,0.7485,1.2357,1.25,1.25,false
CHR-CLA-1862,Viceroy Enheduanna of Maurya Empire,classical_antiquity,Maurya Empire,South Asia,-32,-27,Political,stabilizer,EVT-CLA-1862,0.5966,0.6832,0.8889,0.8084,0.6847,0.3182,0.4369,61,0.2549,0.5327,0.4883,0.8171,0.847,0.7573,false
CHR-CLA-1863,Senator Samsi-Adad of Roman Republic,classical_antiquity,Seleucid Empire,Near East / Central Asia,474,500,Political,disruptor,EVT-CLA-1863,0.9055,0.7227,0.2089,0.3972,0.8582,0.7961,0.742,11,0.6994,0.8401,0.8035,1.25,1.25,1.25,true
CHR-CLA-1864,Mint Overseer Franklin of Roman Republic,classical_antiquity,Carthaginian Republic,Western Mediterranean,-386,-348,Economic,wildcard,EVT-CLA-1864,0.8175,0.5712,0.6778,0.269,0.5772,0.7013,0.6985,50,0.7162,0.7699,0.6554,1.0466,1.0989,1.1513,false
CHR-CLA-1865,General Seneb of Ptolemaic Kingdom,classical_antiquity,Classical Greece (Polis),Mediterranean,135,157,Military,catalyst,EVT-CLA-1865,0.6372,0.8035,0.4871,0.7075,0.8224,0.6718,0.7243,41,0.4821,0.672,0.6785,1.1062,1.2116,1.1589,false
CHR-CLA-1866,Admiral Bradford of Qin & Han Dynasties,classical_antiquity,Kingdom of Aksum,Horn of Africa,-568,-528,Military,wildcard,EVT-CLA-1866,0.5167,0.5571,0.2876,0.5582,0.8124,0.1971,0.8029,71,0.3195,0.6312,0.5779,1.0234,1.0745,1.1257,false
CHR-CLA-1867,Chronicler Hattusili of Maurya Empire,classical_antiquity,Kushan Empire,Central & South Asia,-398,-375,Cultural,catalyst,EVT-CLA-1867,0.5767,0.7105,0.4942,0.6109,0.7549,0.5783,0.8129,41,0.4837,0.6712,0.6427,1.095,1.1992,1.1471,false
CHR-CLA-1868,Master Sculptor Eleanor of Gupta Empire,classical_antiquity,Qin & Han Dynasties,East Asia,-519,-508,Cultural,catalyst,EVT-CLA-1868,0.5518,0.6903,0.4865,0.6473,0.9108,0.4875,0.7548,41,0.4201,0.633,0.6334,1.092,1.196,1.144,false
CHR-CLA-1869,Syndic Valdemar of Carthaginian Republic,classical_antiquity,Achaemenid Empire,Persia / Near East,-453,-409,Economic,stabilizer,EVT-CLA-1869,0.7825,0.6279,0.8308,0.8316,0.6304,0.1718,0.511,49,0.1701,0.6739,0.5121,0.823,0.8531,0.7628,false
CHR-CLA-1870,Cardinal Solon of Qin & Han Dynasties,classical_antiquity,Ptolemaic Kingdom,Egypt / Levant,399,428,Religious,wildcard,EVT-CLA-1870,0.4516,0.7824,0.4882,0.2764,0.7692,0.2057,0.5442,37,0.4646,0.4886,0.5455,1.0136,1.0643,1.115,false
CHR-CLA-1871,Philosopher Imhotep of Kushan Empire,classical_antiquity,Kushan Empire,Central & South Asia,-64,-59,Cultural,wildcard,EVT-CLA-1871,0.8908,0.3783,0.3317,0.6868,0.8195,0.5101,0.4142,32,0.4117,0.7002,0.6235,1.0371,1.0889,1.1408,false
CHR-CLA-1872,Polymath Harun of Kingdom of Aksum,classical_antiquity,Carthaginian Republic,Western Mediterranean,-448,-403,Scientific,architect,EVT-CLA-1872,0.682,0.682,0.7386,0.7847,0.6519,0.4289,0.6478,174,0.3221,0.6684,0.569,0.837,0.8676,0.7757,false
CHR-CLA-1873,Imam Theodosius of Maurya Empire,classical_antiquity,Parthian Empire,Persia,33,64,Religious,stabilizer,EVT-CLA-1873,0.7243,0.5997,0.7983,0.818,0.5678,0.19,0.5317,120,0.186,0.6473,0.4937,0.8185,0.8484,0.7586,false
CHR-CLA-1874,Governor Adams of Carthaginian Republic,classical_antiquity,Carthaginian Republic,Western Mediterranean,31,37,Political,disruptor,EVT-CLA-1874,0.8966,0.7388,0.4058,0.3239,0.7298,0.7512,0.9072,38,0.7137,0.9009,0.7864,1.2488,1.25,1.25,true
CHR-CLA-1875,Senator Nizam of Achaemenid Empire,classical_antiquity,Achaemenid Empire,Persia / Near East,-317,-283,Political,wildcard,EVT-CLA-1875,0.6937,0.8474,0.2575,0.3633,0.6744,0.4519,0.7891,20,0.5443,0.7318,0.6939,1.0582,1.1111,1.164,false
CHR-CLA-1876,Poet Laureate Ramesses of Qin & Han Dynasties,classical_antiquity,Achaemenid Empire,Persia / Near East,367,384,Cultural,stabilizer,EVT-CLA-1876,0.7169,0.749,0.8983,0.8919,0.6309,0.3028,0.6307,234,0.2054,0.6824,0.5418,0.8303,0.8607,0.7695,false
CHR-CLA-1877,Patriarch Valdemar of Parthian Empire,classical_antiquity,Carthaginian Republic,Western Mediterranean,-683,-678,Religious,wildcard,EVT-CLA-1877,0.8482,0.4578,0.7441,0.214,0.207,0.4977,0.8806,34,0.6419,0.8612,0.5834,1.025,1.0763,1.1275,false
CHR-CLA-1878,Consul Adams of Gupta Empire,classical_antiquity,Maurya Empire,South Asia,-328,-312,Political,wildcard,EVT-CLA-1878,0.8466,0.8072,0.5035,0.4021,0.3965,0.5202,0.7653,12,0.5591,0.814,0.6646,1.0494,1.1018,1.1543,false
CHR-CLA-1879,Synod Envoy Eleanor of Roman Empire (Principate/Dominate),classical_antiquity,Ptolemaic Kingdom,Egypt / Levant,-55,-42,Religious,architect,EVT-CLA-1879,0.865,0.6416,0.8364,0.7654,0.6187,0.4144,0.8152,177,0.3245,0.8451,0.6178,0.849,0.88,0.7869,false
CHR-CLA-1880,Metallurgist Friedrich of Kushan Empire,classical_antiquity,Roman Empire (Principate/Dominate),Mediterranean / Europe,213,229,Scientific,stabilizer,EVT-CLA-1880,0.6823,0.758,0.8304,0.7613,0.6072,0.2441,0.5928,56,0.2414,0.6465,0.5298,0.8273,0.8576,0.7668,false
CHR-CLA-1881,Treasurer Mursili of Parthian Empire,classical_antiquity,Roman Empire (Principate/Dominate),Mediterranean / Europe,-696,-657,Economic,disruptor,EVT-CLA-1881,0.67,0.709,0.509,0.5352,0.927,0.8536,0.9016,14,0.6592,0.7626,0.7485,1.2357,1.25,1.25,false
CHR-CLA-1882,Abbess Imhotep of Maurya Empire,classical_antiquity,Achaemenid Empire,Persia / Near East,-302,-273,Religious,catalyst,EVT-CLA-1882,0.7934,0.882,0.6824,0.6511,0.7902,0.6575,0.9017,21,0.5032,0.8367,0.7323,1.1232,1.2301,1.1766,false
CHR-CLA-1883,Pontiff Hattusili of Maurya Empire,classical_antiquity,Kingdom of Aksum,Horn of Africa,-428,-409,Religious,disruptor,EVT-CLA-1883,0.8093,0.8076,0.2264,0.5794,0.7571,0.8979,0.7568,40,0.6592,0.7883,0.7836,1.2479,1.25,1.25,true
CHR-CLA-1884,Dramatist Hamilton of Seleucid Empire,classical_antiquity,Kushan Empire,Central & South Asia,274,294,Cultural,catalyst,EVT-CLA-1884,0.5116,0.8722,0.551,0.5651,0.8952,0.527,0.7675,16,0.4809,0.614,0.6538,1.0985,1.2031,1.1508,false
CHR-CLA-1885,Prefect Samudra of Carthaginian Republic,classical_antiquity,Roman Republic,Mediterranean,-350,-342,Political,architect,EVT-CLA-1885,0.6661,0.832,0.7002,0.8183,0.7743,0.4434,0.8185,174,0.3125,0.727,0.6358,0.8534,0.8846,0.791,false
CHR-CLA-1886,General Nizam of Qin & Han Dynasties,classical_antiquity,Kingdom of Aksum,Horn of Africa,-475,-445,Military,stabilizer,EVT-CLA-1886,0.8082,0.5662,0.9006,0.8796,0.5144,0.2851,0.4168,207,0.2027,0.6516,0.4854,0.8164,0.8463,0.7567,false
CHR-CLA-1887,Abbess Sherman of Kushan Empire,classical_antiquity,Parthian Empire,Persia,309,325,Religious,disruptor,EVT-CLA-1887,0.681,0.7784,0.4331,0.6129,0.8462,0.8169,0.7331,12,0.602,0.7018,0.7225,1.2268,1.25,1.25,false
CHR-CLA-1888,Scribe Narmer of Kingdom of Aksum,classical_antiquity,Classical Greece (Polis),Mediterranean,-522,-507,Cultural,stabilizer,EVT-CLA-1888,0.5881,0.6605,0.8438,0.8481,0.6696,0.1543,0.4497,221,0.1531,0.5328,0.4604,0.8102,0.8399,0.751,false
CHR-CLA-1889,Chronicler Ashoka of Ptolemaic Kingdom,classical_antiquity,Seleucid Empire,Near East / Central Asia,330,337,Cultural,catalyst,EVT-CLA-1889,0.6085,0.8243,0.5786,0.7697,0.7876,0.7174,0.7149,25,0.4738,0.6511,0.6624,1.1012,1.206,1.1536,false
CHR-CLA-1890,High Priest Al-Mansur of Maurya Empire,classical_antiquity,Maurya Empire,South Asia,172,182,Religious,wildcard,EVT-CLA-1890,0.8276,0.5142,0.5104,0.5458,0.5506,0.3893,0.6945,13,0.4218,0.7743,0.6009,1.0303,1.0818,1.1333,false
CHR-CLA-1891,Hierophant Richelieu of Kingdom of Aksum,classical_antiquity,Roman Republic,Mediterranean,364,385,Religious,wildcard,EVT-CLA-1891,0.493,0.7296,0.3501,0.2009,0.321,0.5416,0.7491,48,0.6703,0.5954,0.5794,1.0238,1.075,1.1262,false
CHR-CLA-1892,Rhetorician Talleyrand of Kingdom of Aksum,classical_antiquity,Ptolemaic Kingdom,Egypt / Levant,-347,-305,Cultural,catalyst,EVT-CLA-1892,0.5521,0.8154,0.653,0.6479,0.9461,0.7616,0.7485,50,0.5569,0.6307,0.6811,1.107,1.2125,1.1598,false
CHR-CLA-1893,Physician Necker of Parthian Empire,classical_antiquity,Classical Greece (Polis),Mediterranean,356,370,Scientific,catalyst,EVT-CLA-1893,0.5491,0.659,0.5357,0.6485,0.7586,0.6843,0.8434,57,0.5179,0.6668,0.6431,1.0951,1.1994,1.1472,false
CHR-CLA-1894,Admiral Mentuhotep of Roman Empire (Principate/Dominate),classical_antiquity,Parthian Empire,Persia,410,423,Military,catalyst,EVT-CLA-1894,0.6195,0.8386,0.5207,0.6728,0.8995,0.5039,0.9107,34,0.4155,0.736,0.6921,1.1105,1.2163,1.1634,false
CHR-CLA-1895,General Tariq of Classical Greece (Polis),classical_antiquity,Classical Greece (Polis),Mediterranean,-448,-430,Military,architect,EVT-CLA-1895,0.7042,0.8464,0.8631,0.871,0.7728,0.3383,0.6437,59,0.2337,0.68,0.5864,0.8412,0.872,0.7797,false
CHR-CLA-1896,Archon Alexander of Achaemenid Empire,classical_antiquity,Achaemenid Empire,Persia / Near East,371,396,Political,catalyst,EVT-CLA-1896,0.6555,0.7868,0.5777,0.6106,0.796,0.5402,0.8033,21,0.4648,0.7146,0.6645,1.1018,1.2068,1.1543,false
CHR-CLA-1897,Customs Director Mursili of Gupta Empire,classical_antiquity,Qin & Han Dynasties,East Asia,348,368,Economic,disruptor,EVT-CLA-1897,0.9032,0.5795,0.2711,0.5614,0.7422,0.8205,0.8371,48,0.6295,0.8767,0.7675,1.2423,1.25,1.25,true
CHR-CLA-1898,Archon Tiglath of Gupta Empire,classical_antiquity,Roman Republic,Mediterranean,-669,-658,Political,wildcard,EVT-CLA-1898,0.4385,0.5862,0.2087,0.2702,0.7595,0.2145,0.7134,31,0.4722,0.5485,0.5663,1.0199,1.0709,1.1219,false
CHR-CLA-1899,Alchemist Zhang of Kingdom of Aksum,classical_antiquity,Qin & Han Dynasties,East Asia,-704,-660,Scientific,catalyst,EVT-CLA-1899,0.5849,0.7899,0.5727,0.5763,0.7527,0.6735,0.8233,14,0.5486,0.6803,0.6661,1.1023,1.2073,1.1548,false
CHR-CLA-1900,Governor Sumner of Kingdom of Aksum,classical_antiquity,Kushan Empire,Central & South Asia,242,266,Political,architect,EVT-CLA-1900,0.7314,0.7533,0.8575,0.8625,0.6193,0.2648,0.6007,161,0.2012,0.6791,0.5397,0.8298,0.8601,0.769,false
CHR-CLA-1901,Cardinal Rajaraja of Qin & Han Dynasties,classical_antiquity,Kushan Empire,Central & South Asia,-41,-15,Religious,wildcard,EVT-CLA-1901,0.446,0.7063,0.1788,0.7336,0.2742,0.5604,0.8358,52,0.4134,0.6019,0.5634,1.019,1.07,1.1209,false
CHR-CLA-1902,Senator Kheti of Classical Greece (Polis),classical_antiquity,Sasanian Empire,Persia,207,236,Political,wildcard,EVT-CLA-1902,0.8461,0.4492,0.6357,0.7474,0.7916,0.3917,0.7931,60,0.3221,0.8249,0.6244,1.0373,1.0892,1.1411,false
CHR-CLA-1903,Master Sculptor Labarna of Achaemenid Empire,classical_antiquity,Maurya Empire,South Asia,54,76,Cultural,stabilizer,EVT-CLA-1903,0.747,0.6211,0.8297,0.7156,0.483,0.3423,0.6692,147,0.3134,0.7159,0.5353,0.8287,0.859,0.7681,false
CHR-CLA-1904,Vizier Harun of Ptolemaic Kingdom,classical_antiquity,Parthian Empire,Persia,-515,-488,Political,catalyst,EVT-CLA-1904,0.5514,0.7601,0.4701,0.6795,0.7256,0.5807,0.7118,51,0.4506,0.6156,0.6236,1.0889,1.1926,1.1408,false
CHR-CLA-1905,Treasurer Hathor of Parthian Empire,classical_antiquity,Qin & Han Dynasties,East Asia,452,493,Economic,wildcard,EVT-CLA-1905,0.7475,0.4624,0.6436,0.3058,0.2463,0.2196,0.468,47,0.4569,0.6357,0.4667,0.99,1.0395,1.089,false
CHR-CLA-1906,Scribe Lafayette of Seleucid Empire,classical_antiquity,Classical Greece (Polis),Mediterranean,201,218,Cultural,disruptor,EVT-CLA-1906,0.9486,0.7359,0.2776,0.5698,0.7771,0.7555,0.8534,40,0.5928,0.9105,0.7992,1.25,1.25,1.25,true
CHR-CLA-1907,Philosopher Aurelius of Roman Republic,classical_antiquity,Qin & Han Dynasties,East Asia,34,42,Cultural,disruptor,EVT-CLA-1907,0.8624,0.5137,0.4514,0.4254,0.859,0.6714,0.8885,21,0.623,0.8729,0.7391,1.2325,1.25,1.25,false
CHR-CLA-1908,Merchant Prince Theodosius of Kingdom of Aksum,classical_antiquity,Seleucid Empire,Near East / Central Asia,-77,-45,Economic,stabilizer,EVT-CLA-1908,0.8137,0.5527,0.8748,0.8339,0.4826,0.3497,0.6351,74,0.2579,0.7423,0.5273,0.8267,0.857,0.7662,false
CHR-CLA-1909,Legate Zhao of Carthaginian Republic,classical_antiquity,Classical Greece (Polis),Mediterranean,-448,-442,Military,wildcard,EVT-CLA-1909,0.7947,0.7246,0.6633,0.2701,0.4324,0.6637,0.8594,42,0.6968,0.8206,0.6709,1.0513,1.1038,1.1564,false
CHR-CLA-1910,Minister Theodosius of Classical Greece (Polis),classical_antiquity,Carthaginian Republic,Western Mediterranean,-631,-611,Political,stabilizer,EVT-CLA-1910,0.8001,0.7868,0.8343,0.8423,0.6214,0.3039,0.5082,182,0.2308,0.6833,0.5575,0.8342,0.8647,0.7731,false
CHR-CLA-1911,Chronicler Seneb of Classical Greece (Polis),classical_antiquity,Roman Empire (Principate/Dominate),Mediterranean / Europe,339,369,Cultural,catalyst,EVT-CLA-1911,0.6275,0.8909,0.5113,0.6043,0.8572,0.6965,0.9397,32,0.5461,0.7524,0.7332,1.1235,1.2304,1.1769,false
CHR-CLA-1912,Dramatist Suppiluliuma of Kushan Empire,classical_antiquity,Achaemenid Empire,Persia / Near East,-155,-150,Cultural,catalyst,EVT-CLA-1912,0.6498,0.7928,0.589,0.6325,0.9497,0.4514,0.8524,37,0.4094,0.7308,0.6789,1.1063,1.2117,1.159,false
CHR-CLA-1913,Astronomer Ashoka of Sasanian Empire,classical_antiquity,Qin & Han Dynasties,East Asia,452,484,Scientific,stabilizer,EVT-CLA-1913,0.7797,0.6803,0.8754,0.7867,0.5851,0.204,0.4302,146,0.2086,0.6399,0.503,0.8207,0.8508,0.7607,false
CHR-CLA-1914,Treasurer Narmer of Sasanian Empire,classical_antiquity,Achaemenid Empire,Persia / Near East,-624,-615,Economic,architect,EVT-CLA-1914,0.6572,0.6885,0.6826,0.7421,0.758,0.3495,0.814,49,0.3037,0.7199,0.6004,0.8447,0.8756,0.7829,false
CHR-CLA-1915,Poet Laureate Rajaraja of Parthian Empire,classical_antiquity,Kingdom of Aksum,Horn of Africa,-182,-142,Cultural,stabilizer,EVT-CLA-1915,0.7295,0.6011,0.9267,0.8587,0.5015,0.3191,0.502,218,0.2302,0.6385,0.4853,0.8164,0.8463,0.7567,false
CHR-CLA-1916,Dramatist Valdemar of Carthaginian Republic,classical_antiquity,Qin & Han Dynasties,East Asia,432,438,Cultural,disruptor,EVT-CLA-1916,0.6945,0.6348,0.31,0.3212,0.7336,0.7857,0.9024,29,0.7322,0.7776,0.735,1.2311,1.25,1.25,false
CHR-CLA-1917,Chamberlain Enheduanna of Gupta Empire,classical_antiquity,Parthian Empire,Persia,232,270,Economic,architect,EVT-CLA-1917,0.6932,0.6074,0.7206,0.7673,0.6224,0.2124,0.7769,156,0.2225,0.7267,0.5457,0.8313,0.8617,0.7704,false
CHR-CLA-1918,Senator Baldwin of Kushan Empire,classical_antiquity,Classical Greece (Polis),Mediterranean,-366,-358,Political,disruptor,EVT-CLA-1918,0.7948,0.6149,0.3094,0.5527,0.7365,0.6574,0.7872,48,0.5523,0.7918,0.7095,1.2223,1.25,1.25,false
CHR-CLA-1919,Chronicler Averroes of Ptolemaic Kingdom,classical_antiquity,Parthian Empire,Persia,215,260,Cultural,disruptor,EVT-CLA-1919,0.7592,0.7051,0.3363,0.3847,0.9267,0.8922,0.8547,13,0.7537,0.7974,0.7937,1.25,1.25,1.25,true
CHR-CLA-1920,Chronicler Marshall of Roman Republic,classical_antiquity,Seleucid Empire,Near East / Central Asia,-670,-647,Cultural,catalyst,EVT-CLA-1920,0.7633,0.7182,0.6274,0.6295,0.7873,0.68,0.8895,22,0.5253,0.8138,0.7079,1.1155,1.2217,1.1686,false
CHR-CLA-1921,Viceroy Chandra of Roman Empire (Principate/Dominate),classical_antiquity,Roman Republic,Mediterranean,156,191,Political,stabilizer,EVT-CLA-1921,0.8269,0.7999,0.797,0.8677,0.4789,0.2059,0.5413,42,0.1691,0.7126,0.5375,0.8292,0.8596,0.7686,false
CHR-CLA-1922,Customs Director Justinian of Kingdom of Aksum,classical_antiquity,Kushan Empire,Central & South Asia,-121,-111,Economic,architect,EVT-CLA-1922,0.8073,0.8188,0.7639,0.7254,0.7069,0.2957,0.6832,71,0.2851,0.7577,0.6149,0.8483,0.8793,0.7862,false
CHR-CLA-1923,Strategos Rimush of Maurya Empire,classical_antiquity,Sasanian Empire,Persia,-260,-241,Military,architect,EVT-CLA-1923,0.8096,0.8513,0.7565,0.8733,0.6097,0.188,0.7126,173,0.1573,0.7708,0.5873,0.8415,0.8723,0.7799,false
CHR-CLA-1924,Treasurer Necker of Kingdom of Aksum,classical_antiquity,Qin & Han Dynasties,East Asia,-350,-339,Economic,architect,EVT-CLA-1924,0.9006,0.615,0.8348,0.7762,0.6338,0.2292,0.6984,142,0.2265,0.8197,0.5793,0.8395,0.8702,0.7781,false
CHR-CLA-1925,Mint Overseer Eleanor of Seleucid Empire,classical_antiquity,Carthaginian Republic,Western Mediterranean,-765,-721,Economic,catalyst,EVT-CLA-1925,0.5375,0.7651,0.6036,0.6999,0.9252,0.7133,0.8772,54,0.5067,0.6734,0.6811,1.1071,1.2125,1.1598,false
CHR-CLA-1926,Arch-Engineer Thutmose of Parthian Empire,classical_antiquity,Kushan Empire,Central & South Asia,167,185,Scientific,catalyst,EVT-CLA-1926,0.6698,0.8454,0.526,0.6673,0.796,0.6349,0.7164,34,0.4838,0.6885,0.6804,1.1068,1.2122,1.1595,false
CHR-CLA-1927,Pontiff Godfrey of Kushan Empire,classical_antiquity,Roman Empire (Principate/Dominate),Mediterranean / Europe,-507,-478,Religious,wildcard,EVT-CLA-1927,0.751,0.4743,0.5338,0.3421,0.5916,0.3487,0.775,12,0.5033,0.7606,0.5957,1.0287,1.0801,1.1316,false
CHR-CLA-1928,Minister Nizam of Roman Empire (Principate/Dominate),classical_antiquity,Qin & Han Dynasties,East Asia,-320,-299,Political,architect,EVT-CLA-1928,0.8223,0.8692,0.7741,0.7481,0.7647,0.4071,0.5809,127,0.3295,0.7258,0.634,0.853,0.8842,0.7906,false
CHR-CLA-1929,Syndic Tiglath of Kingdom of Aksum,classical_antiquity,Carthaginian Republic,Western Mediterranean,-625,-611,Economic,stabilizer,EVT-CLA-1929,0.6159,0.6855,0.7707,0.7847,0.5338,0.1504,0.52,123,0.1829,0.5775,0.4711,0.8129,0.8426,0.7534,false
CHR-CLA-1930,Abbess Ramesses of Carthaginian Republic,classical_antiquity,Achaemenid Empire,Persia / Near East,-409,-364,Religious,stabilizer,EVT-CLA-1930,0.601,0.6632,0.7923,0.7295,0.65,0.1802,0.5974,43,0.2253,0.5996,0.4982,0.8195,0.8495,0.7596,false
CHR-CLA-1931,Syndic Lafayette of Classical Greece (Polis),classical_antiquity,Sasanian Empire,Persia,-389,-359,Economic,wildcard,EVT-CLA-1931,0.7881,0.3502,0.4419,0.4653,0.6757,0.5495,0.6587,64,0.5421,0.7363,0.6147,1.0344,1.0861,1.1378,false
CHR-CLA-1932,Geometer Belisarius of Kushan Empire,classical_antiquity,Sasanian Empire,Persia,-685,-655,Scientific,stabilizer,EVT-CLA-1932,0.6487,0.6497,0.8873,0.7732,0.4999,0.2803,0.6269,168,0.2536,0.64,0.4933,0.8184,0.8483,0.7585,false
CHR-CLA-1933,Treasurer Hamilton of Ptolemaic Kingdom,classical_antiquity,Roman Republic,Mediterranean,229,255,Economic,wildcard,EVT-CLA-1933,0.6878,0.7661,0.3385,0.4099,0.3701,0.5972,0.7567,70,0.5937,0.7154,0.6411,1.0423,1.0945,1.1466,false
CHR-CLA-1934,Geometer Colbert of Roman Republic,classical_antiquity,Sasanian Empire,Persia,135,167,Scientific,wildcard,EVT-CLA-1934,0.4756,0.6083,0.2882,0.7088,0.3806,0.7227,0.5768,67,0.507,0.5161,0.5479,1.0144,1.0651,1.1158,false
CHR-CLA-1935,High Priest Seneb of Ptolemaic Kingdom,classical_antiquity,Kushan Empire,Central & South Asia,-734,-707,Religious,catalyst,EVT-CLA-1935,0.5171,0.8559,0.5468,0.6773,0.7711,0.4995,0.86,41,0.4111,0.6543,0.6387,1.0937,1.1979,1.1458,false
CHR-CLA-1936,Master Sculptor Necker of Carthaginian Republic,classical_antiquity,Sasanian Empire,Persia,59,83,Cultural,catalyst,EVT-CLA-1936,0.6052,0.6604,0.7347,0.7049,0.949,0.4722,0.7508,46,0.3836,0.6635,0.6174,1.087,1.1905,1.1388,false
CHR-CLA-1937,Centurion Naram-Sin of Sasanian Empire,classical_antiquity,Kingdom of Aksum,Horn of Africa,-798,-787,Military,stabilizer,EVT-CLA-1937,0.6636,0.558,0.9012,0.8006,0.6347,0.2692,0.6746,45,0.2343,0.668,0.5062,0.8215,0.8516,0.7614,false
CHR-CLA-1938,Alchemist Imhotep of Gupta Empire,classical_antiquity,Carthaginian Republic,Western Mediterranean,250,263,Scientific,wildcard,EVT-CLA-1938,0.8635,0.7065,0.6479,0.3291,0.2933,0.5949,0.507,17,0.6329,0.7209,0.5999,1.03,1.0815,1.133,false
CHR-CLA-1939,Guild Master Narmer of Sasanian Empire,classical_antiquity,Seleucid Empire,Near East / Central Asia,-761,-726,Economic,wildcard,EVT-CLA-1939,0.4114,0.5481,0.6495,0.782,0.6978,0.4978,0.5056,71,0.3579,0.4491,0.4862,0.9959,1.0457,1.0954,false
CHR-CLA-1940,Legate Harun of Carthaginian Republic,classical_antiquity,Kingdom of Aksum,Horn of Africa,-121,-77,Military,wildcard,EVT-CLA-1940,0.7315,0.7518,0.4441,0.7579,0.4202,0.5026,0.4719,6,0.3723,0.6276,0.5725,1.0218,1.0729,1.1239,false
CHR-CLA-1941,Metallurgist Zhao of Seleucid Empire,classical_antiquity,Ptolemaic Kingdom,Egypt / Levant,450,479,Scientific,stabilizer,EVT-CLA-1941,0.7013,0.5817,0.7349,0.811,0.4711,0.3011,0.643,127,0.2451,0.678,0.5108,0.8227,0.8528,0.7625,false
CHR-CLA-1942,General Mursili of Sasanian Empire,classical_antiquity,Seleucid Empire,Near East / Central Asia,-10,22,Military,disruptor,EVT-CLA-1942,0.8913,0.5315,0.2799,0.4566,0.7068,0.7707,0.8968,15,0.6571,0.8935,0.7579,1.239,1.25,1.25,true
CHR-CLA-1943,Cardinal Hammurabi of Sasanian Empire,classical_antiquity,Kingdom of Aksum,Horn of Africa,-655,-615,Religious,architect,EVT-CLA-1943,0.7644,0.6031,0.8892,0.7751,0.5854,0.2848,0.6616,166,0.2548,0.7232,0.5337,0.8283,0.8586,0.7677,false
CHR-CLA-1944,Warlord Friedrich of Roman Republic,classical_antiquity,Classical Greece (Polis),Mediterranean,-365,-351,Military,disruptor,EVT-CLA-1944,0.708,0.8034,0.242,0.4537,0.8208,0.8995,0.8837,12,0.7229,0.7783,0.7912,1.25,1.25,1.25,true
CHR-CLA-1945,Centurion Dara of Sasanian Empire,classical_antiquity,Ptolemaic Kingdom,Egypt / Levant,-552,-522,Military,architect,EVT-CLA-1945,0.7468,0.6986,0.8134,0.7585,0.7424,0.4314,0.6209,56,0.3365,0.6965,0.5914,0.8425,0.8733,0.7808,false
CHR-CLA-1946,Geometer Samsi-Adad of Ptolemaic Kingdom,classical_antiquity,Achaemenid Empire,Persia / Near East,-264,-244,Scientific,architect,EVT-CLA-1946,0.7968,0.8646,0.8695,0.8718,0.7264,0.1955,0.7179,117,0.1618,0.7652,0.5943,0.8432,0.8741,0.7815,false
CHR-CLA-1947,Governor Ramesses of Seleucid Empire,classical_antiquity,Kingdom of Aksum,Horn of Africa,-280,-243,Political,stabilizer,EVT-CLA-1947,0.6462,0.792,0.9097,0.8047,0.4581,0.3076,0.6199,153,0.2515,0.6357,0.507,0.8217,0.8518,0.7616,false
CHR-CLA-1948,Legate Wilhelm of Qin & Han Dynasties,classical_antiquity,Classical Greece (Polis),Mediterranean,-777,-741,Military,architect,EVT-CLA-1948,0.8032,0.7822,0.8713,0.8234,0.7616,0.2099,0.5909,141,0.1932,0.7183,0.5742,0.8383,0.8689,0.7769,false
CHR-CLA-1949,Geometer Theodosius of Sasanian Empire,classical_antiquity,Roman Empire (Principate/Dominate),Mediterranean / Europe,-292,-278,Scientific,architect,EVT-CLA-1949,0.826,0.654,0.7348,0.8284,0.752,0.2356,0.6318,122,0.2036,0.7484,0.5826,0.8403,0.8711,0.7788,false
CHR-CLA-1950,Chamberlain Mentuhotep of Kingdom of Aksum,classical_antiquity,Roman Empire (Principate/Dominate),Mediterranean / Europe,184,226,Economic,architect,EVT-CLA-1950,0.9168,0.8313,0.7433,0.8988,0.673,0.3929,0.7713,50,0.2471,0.8586,0.6602,0.8594,0.8909,0.7965,false
CHR-CLA-1951,Chancellor Narmer of Seleucid Empire,classical_antiquity,Parthian Empire,Persia,-462,-430,Political,wildcard,EVT-CLA-1951,0.7632,0.7885,0.1508,0.6776,0.4537,0.1719,0.4453,30,0.2471,0.6361,0.5707,1.0212,1.0723,1.1233,false
CHR-CLA-1952,Centurion Seneb of Kingdom of Aksum,classical_antiquity,Maurya Empire,South Asia,146,160,Military,catalyst,EVT-CLA-1952,0.8173,0.8738,0.7355,0.5751,0.8227,0.6789,0.7306,52,0.5519,0.7826,0.7179,1.1186,1.2252,1.1719,false
CHR-CLA-1953,Polymath Zhao of Kingdom of Aksum,classical_antiquity,Gupta Empire,South Asia,-79,-46,Scientific,catalyst,EVT-CLA-1953,0.562,0.754,0.4667,0.7395,0.7785,0.7956,0.7903,23,0.5281,0.6533,0.6746,1.105,1.2102,1.1576,false
CHR-CLA-1954,Metallurgist Lafayette of Kingdom of Aksum,classical_antiquity,Maurya Empire,South Asia,-214,-207,Scientific,wildcard,EVT-CLA-1954,0.5711,0.6157,0.39,0.5708,0.7424,0.1745,0.6651,7,0.3018,0.6087,0.5549,1.0165,1.0673,1.1181,false
CHR-CLA-1955,High Priest Gao of Qin & Han Dynasties,classical_antiquity,Parthian Empire,Persia,-423,-384,Religious,wildcard,EVT-CLA-1955,0.5785,0.6492,0.1815,0.4569,0.2461,0.5248,0.5708,72,0.5339,0.5754,0.5523,1.0157,1.0665,1.1172,false
CHR-CLA-1956,Metallurgist Enheduanna of Achaemenid Empire,classical_antiquity,Qin & Han Dynasties,East Asia,370,399,Scientific,disruptor,EVT-CLA-1956,0.7338,0.6131,0.48,0.3239,0.7062,0.6576,0.8244,31,0.6669,0.7701,0.6894,1.2154,1.25,1.25,false
CHR-CLA-1957,Treasurer Thutmose of Classical Greece (Polis),classical_antiquity,Achaemenid Empire,Persia / Near East,384,409,Economic,wildcard,EVT-CLA-1957,0.449,0.8067,0.3512,0.5062,0.3604,0.7813,0.4602,61,0.6375,0.4535,0.5631,1.0189,1.0699,1.1208,false
CHR-CLA-1958,Pontiff Averroes of Classical Greece (Polis),classical_antiquity,Classical Greece (Polis),Mediterranean,-116,-73,Religious,architect,EVT-CLA-1958,0.6588,0.6304,0.7506,0.7026,0.5248,0.3109,0.605,117,0.3041,0.6373,0.5152,0.8237,0.8539,0.7635,false
CHR-CLA-1959,Vizier Theodosius of Sasanian Empire,classical_antiquity,Seleucid Empire,Near East / Central Asia,-346,-301,Political,stabilizer,EVT-CLA-1959,0.8165,0.6107,0.9291,0.7048,0.4542,0.1382,0.6242,102,0.2167,0.7396,0.5001,0.82,0.85,0.76,false
CHR-CLA-1960,Cardinal Sumner of Roman Republic,classical_antiquity,Kingdom of Aksum,Horn of Africa,-530,-523,Religious,wildcard,EVT-CLA-1960,0.7959,0.5036,0.3818,0.4884,0.801,0.1767,0.4748,42,0.3441,0.6675,0.5798,1.0239,1.0751,1.1263,false
CHR-CLA-1961,Mint Overseer Kautilya of Achaemenid Empire,classical_antiquity,Kushan Empire,Central & South Asia,430,453,Economic,stabilizer,EVT-CLA-1961,0.7769,0.5534,0.8625,0.7719,0.5611,0.3098,0.5184,127,0.2689,0.6735,0.5108,0.8227,0.8528,0.7625,false
CHR-CLA-1962,Arch-Engineer Richelieu of Seleucid Empire,classical_antiquity,Roman Empire (Principate/Dominate),Mediterranean / Europe,-432,-393,Scientific,architect,EVT-CLA-1962,0.8488,0.8395,0.7729,0.7927,0.5728,0.2006,0.6959,85,0.2039,0.7877,0.5916,0.8425,0.8734,0.7809,false
CHR-CLA-1963,Abbess Solon of Classical Greece (Polis),classical_antiquity,Carthaginian Republic,Western Mediterranean,-95,-51,Religious,disruptor,EVT-CLA-1963,0.6955,0.5595,0.4815,0.5671,0.8051,0.849,0.9555,29,0.6409,0.7995,0.7227,1.2268,1.25,1.25,false
CHR-CLA-1964,Abbess Labarna of Gupta Empire,classical_antiquity,Roman Republic,Mediterranean,-86,-80,Religious,stabilizer,EVT-CLA-1964,0.7208,0.6009,0.8263,0.8951,0.6126,0.2938,0.5669,120,0.1993,0.6593,0.5139,0.8234,0.8536,0.7632,false
CHR-CLA-1965,Physician Richelieu of Maurya Empire,classical_antiquity,Kingdom of Aksum,Horn of Africa,-286,-261,Scientific,stabilizer,EVT-CLA-1965,0.7693,0.5928,0.8965,0.8055,0.6161,0.3231,0.5181,113,0.2588,0.6688,0.5199,0.8249,0.8551,0.7645,false
CHR-CLA-1966,Marshal Thutmose of Carthaginian Republic,classical_antiquity,Roman Empire (Principate/Dominate),Mediterranean / Europe,-460,-441,Military,catalyst,EVT-CLA-1966,0.6216,0.7363,0.5478,0.6499,0.8301,0.7994,0.8177,26,0.5748,0.7001,0.6956,1.1116,1.2175,1.1646,false
CHR-CLA-1967,Poet Laureate Heinrich of Qin & Han Dynasties,classical_antiquity,Ptolemaic Kingdom,Egypt / Levant,-497,-456,Cultural,stabilizer,EVT-CLA-1967,0.7924,0.7978,0.7804,0.787,0.631,0.244,0.5806,51,0.2285,0.7077,0.5687,0.8369,0.8675,0.7757,false
CHR-CLA-1968,Alchemist Mazarin of Roman Empire (Principate/Dominate),classical_antiquity,Roman Empire (Principate/Dominate),Mediterranean / Europe,-653,-637,Scientific,wildcard,EVT-CLA-1968,0.4616,0.6926,0.3973,0.3292,0.822,0.4943,0.575,14,0.5826,0.507,0.5968,1.029,1.0805,1.1319,false
CHR-CLA-1969,Hierophant Sumner of Roman Empire (Principate/Dominate),classical_antiquity,Kingdom of Aksum,Horn of Africa,-501,-459,Religious,wildcard,EVT-CLA-1969,0.8394,0.4104,0.6653,0.3456,0.8333,0.4665,0.6521,15,0.5605,0.7645,0.6304,1.0391,1.0911,1.143,false
CHR-CLA-1970,Scribe Ibn-Sina of Sasanian Empire,classical_antiquity,Maurya Empire,South Asia,-466,-450,Cultural,disruptor,EVT-CLA-1970,0.6491,0.6047,0.4895,0.6126,0.7311,0.8568,0.781,24,0.6221,0.7019,0.6787,1.2117,1.25,1.25,false
CHR-CLA-1971,Guild Master Adams of Ptolemaic Kingdom,classical_antiquity,Roman Republic,Mediterranean,-773,-760,Economic,wildcard,EVT-CLA-1971,0.8532,0.6331,0.6421,0.6348,0.6028,0.2954,0.8028,43,0.3303,0.8331,0.6175,1.0352,1.087,1.1388,false
CHR-CLA-1972,Scribe Zhao of Qin & Han Dynasties,classical_antiquity,Kushan Empire,Central & South Asia,-406,-374,Cultural,catalyst,EVT-CLA-1972,0.6277,0.8322,0.6512,0.5856,0.9153,0.7334,0.7567,12,0.5739,0.6793,0.6982,1.1124,1.2184,1.1654,false
CHR-CLA-1973,Guild Master Zhao of Ptolemaic Kingdom,classical_antiquity,Qin & Han Dynasties,East Asia,81,96,Economic,wildcard,EVT-CLA-1973,0.588,0.7743,0.2262,0.7754,0.6495,0.2605,0.5542,44,0.2425,0.5745,0.5714,1.0214,1.0725,1.1236,false
CHR-CLA-1974,General Belisarius of Sasanian Empire,classical_antiquity,Achaemenid Empire,Persia / Near East,-394,-361,Military,disruptor,EVT-CLA-1974,0.7555,0.7947,0.2895,0.6058,0.9068,0.9013,0.7876,11,0.6477,0.7683,0.7882,1.2494,1.25,1.25,true
CHR-CLA-1975,Geometer Otto of Roman Empire (Principate/Dominate),classical_antiquity,Roman Republic,Mediterranean,179,203,Scientific,architect,EVT-CLA-1975,0.7504,0.6015,0.7792,0.7248,0.5141,0.2933,0.7458,171,0.2842,0.7486,0.5466,0.8315,0.8619,0.7706,false
CHR-CLA-1976,Rhetorician Valdemar of Parthian Empire,classical_antiquity,Qin & Han Dynasties,East Asia,229,252,Cultural,stabilizer,EVT-CLA-1976,0.688,0.6364,0.7212,0.6818,0.5955,0.2403,0.4924,127,0.2793,0.6098,0.5105,0.8226,0.8527,0.7624,false
CHR-CLA-1977,Marshal Qian of Roman Empire (Principate/Dominate),classical_antiquity,Roman Republic,Mediterranean,-492,-478,Military,wildcard,EVT-CLA-1977,0.6785,0.6447,0.2496,0.4964,0.4493,0.7634,0.7609,52,0.6335,0.7114,0.6626,1.0488,1.1012,1.1537,false
CHR-CLA-1978,Geometer Samsi-Adad of Achaemenid Empire,classical_antiquity,Seleucid Empire,Near East / Central Asia,134,176,Scientific,catalyst,EVT-CLA-1978,0.8099,0.7164,0.6971,0.7131,0.8273,0.5836,0.7656,60,0.4353,0.7922,0.681,1.107,1.2125,1.1597,false
CHR-CLA-1979,Minister Sun of Kushan Empire,classical_antiquity,Carthaginian Republic,Western Mediterranean,-76,-45,Political,disruptor,EVT-CLA-1979,0.6602,0.7342,0.3123,0.5017,0.752,0.7028,0.94,21,0.6006,0.7721,0.7281,1.2287,1.25,1.25,false
CHR-CLA-1980,Admiral Rajaraja of Gupta Empire,classical_antiquity,Roman Empire (Principate/Dominate),Mediterranean / Europe,-138,-132,Military,wildcard,EVT-CLA-1980,0.6144,0.4099,0.3983,0.3424,0.6295,0.6365,0.8783,17,0.647,0.72,0.6298,1.0389,1.0909,1.1428,false
CHR-CLA-1981,Chronicler Theodosius of Seleucid Empire,classical_antiquity,Maurya Empire,South Asia,7,47,Cultural,stabilizer,EVT-CLA-1981,0.5897,0.7572,0.8929,0.8718,0.6669,0.2887,0.647,198,0.2085,0.6126,0.5185,0.8246,0.8547,0.7642,false
CHR-CLA-1982,Rhetorician Otto of Carthaginian Republic,classical_antiquity,Kingdom of Aksum,Horn of Africa,-753,-726,Cultural,architect,EVT-CLA-1982,0.8227,0.6165,0.7149,0.7006,0.5484,0.3177,0.5983,162,0.3086,0.7329,0.5613,0.8351,0.8656,0.774,false
CHR-CLA-1983,Physician Wu of Qin & Han Dynasties,classical_antiquity,Maurya Empire,South Asia,206,244,Scientific,disruptor,EVT-CLA-1983,0.7911,0.5588,0.5056,0.3818,0.8338,0.8684,0.7543,16,0.7433,0.7764,0.7304,1.2295,1.25,1.25,false
CHR-CLA-1984,Syndic Hattusili of Gupta Empire,classical_antiquity,Seleucid Empire,Near East / Central Asia,-4,6,Economic,catalyst,EVT-CLA-1984,0.5117,0.8311,0.4929,0.6775,0.9131,0.6737,0.8659,24,0.4981,0.6534,0.6873,1.109,1.2146,1.1618,false
CHR-CLA-1985,Governor Puduhepa of Roman Republic,classical_antiquity,Roman Empire (Principate/Dominate),Mediterranean / Europe,267,288,Political,wildcard,EVT-CLA-1985,0.7388,0.501,0.1774,0.4202,0.3372,0.2238,0.4885,31,0.4018,0.6386,0.5285,1.0086,1.059,1.1094,false
CHR-CLA-1986,Poet Laureate Leonidas of Gupta Empire,classical_antiquity,Ptolemaic Kingdom,Egypt / Levant,-749,-729,Cultural,stabilizer,EVT-CLA-1986,0.7513,0.5697,0.7543,0.8084,0.5314,0.2721,0.4557,220,0.2318,0.633,0.4963,0.8191,0.8491,0.7592,false
CHR-CLA-1987,Scribe Zhao of Kushan Empire,classical_antiquity,Roman Republic,Mediterranean,-767,-747,Cultural,disruptor,EVT-CLA-1987,0.9442,0.6267,0.5034,0.4593,0.8811,0.8229,0.8198,17,0.6818,0.8945,0.7853,1.2484,1.25,1.25,true
CHR-CLA-1988,Guild Master Wilhelm of Gupta Empire,classical_antiquity,Classical Greece (Polis),Mediterranean,-117,-83,Economic,catalyst,EVT-CLA-1988,0.5081,0.8987,0.6569,0.7619,0.7485,0.7718,0.7862,52,0.5049,0.6193,0.654,1.0985,1.2031,1.1508,false
CHR-CLA-1989,Scribe Vikram of Seleucid Empire,classical_antiquity,Carthaginian Republic,Western Mediterranean,-699,-679,Cultural,disruptor,EVT-CLA-1989,0.8085,0.8481,0.2817,0.4863,0.8829,0.8354,0.7786,18,0.6746,0.7965,0.8014,1.25,1.25,1.25,true
CHR-CLA-1990,Commander Belisarius of Sasanian Empire,classical_antiquity,Kingdom of Aksum,Horn of Africa,202,227,Military,architect,EVT-CLA-1990,0.7525,0.6988,0.8865,0.8186,0.6554,0.3213,0.7615,85,0.2514,0.7561,0.5741,0.8382,0.8689,0.7769,false
CHR-CLA-1991,Abbess Mentuhotep of Kushan Empire,classical_antiquity,Kushan Empire,Central & South Asia,-608,-564,Religious,stabilizer,EVT-CLA-1991,0.6403,0.6405,0.7781,0.879,0.6294,0.2286,0.6798,101,0.1748,0.6561,0.5151,0.8237,0.8538,0.7634,false
CHR-CLA-1992,Strategos Mirabeau of Maurya Empire,classical_antiquity,Roman Empire (Principate/Dominate),Mediterranean / Europe,385,428,Military,architect,EVT-CLA-1992,0.7705,0.6123,0.8563,0.8209,0.7151,0.2741,0.5596,84,0.2266,0.6862,0.5401,0.8299,0.8602,0.7691,false
CHR-CLA-1993,Centurion Leonidas of Gupta Empire,classical_antiquity,Sasanian Empire,Persia,299,326,Military,wildcard,EVT-CLA-1993,0.4773,0.4209,0.7346,0.2342,0.8474,0.2531,0.8857,41,0.5094,0.6407,0.5452,1.0136,1.0642,1.1149,false
CHR-CLA-1994,Senator Harun of Parthian Empire,classical_antiquity,Roman Empire (Principate/Dominate),Mediterranean / Europe,-93,-80,Political,stabilizer,EVT-CLA-1994,0.7291,0.595,0.9132,0.7253,0.6352,0.1282,0.5772,233,0.2014,0.6683,0.495,0.8188,0.8487,0.7589,false
CHR-CLA-1995,General Khaldun of Qin & Han Dynasties,classical_antiquity,Kingdom of Aksum,Horn of Africa,-465,-442,Military,architect,EVT-CLA-1995,0.7189,0.7477,0.6995,0.8176,0.6982,0.2925,0.6593,115,0.2374,0.6951,0.5786,0.8393,0.87,0.7779,false
CHR-CLA-1996,Warlord Solon of Sasanian Empire,classical_antiquity,Maurya Empire,South Asia,110,126,Military,wildcard,EVT-CLA-1996,0.701,0.5809,0.4347,0.741,0.3806,0.8435,0.4227,50,0.5512,0.5897,0.5789,1.0237,1.0748,1.126,false
CHR-CLA-1997,Centurion Telepinu of Maurya Empire,classical_antiquity,Ptolemaic Kingdom,Egypt / Levant,344,385,Military,disruptor,EVT-CLA-1997,0.9391,0.5801,0.2039,0.3367,0.9055,0.8958,0.8391,24,0.7795,0.8991,0.8306,1.25,1.25,1.25,true
CHR-CLA-1998,Cardinal Adams of Maurya Empire,classical_antiquity,Carthaginian Republic,Western Mediterranean,350,358,Religious,disruptor,EVT-CLA-1998,0.6276,0.5375,0.391,0.3764,0.7032,0.7658,0.8873,26,0.6947,0.7315,0.683,1.2132,1.25,1.25,false
CHR-CLA-1999,Vizier Otto of Roman Republic,classical_antiquity,Achaemenid Empire,Persia / Near East,120,165,Political,disruptor,EVT-CLA-1999,0.7112,0.6644,0.4736,0.472,0.7342,0.848,0.8151,26,0.688,0.7527,0.7161,1.2246,1.25,1.25,false
CHR-CLA-2000,Alchemist Hathor of Qin & Han Dynasties,classical_antiquity,Ptolemaic Kingdom,Egypt / Levant,-723,-701,Scientific,disruptor,EVT-CLA-2000,0.6154,0.7967,0.5061,0.5474,0.8018,0.6977,0.9514,34,0.5751,0.7498,0.713,1.2235,1.25,1.25,false
