event_id,name,year,epoch,category,region,civilization,primary_actor_id,gdp_per_capita_usd,gini_inequality,political_event_density,historical_epoch_score_E,average_income_score,literacy_rate_pct,social_range_score_S,life_expectancy_years,birth_rate_per_1000,age_range_score_A,population_density_sqkm,urbanization_rate_pct,population_range_score_P,cth_before,cth_prelude,cth_during,cth_transition,cth_after,cth_global,delta_cth,black_swan_index,evei,ultra_cth,prediction,certainty_bracket,alphabreak,recommend_anchor,foundation_risk,dynamics_risk,chaos_risk,temporal_risk,butterfly_risk,mule_clause_active
EVT-EAR-0001,Imperial Unification of Tokugawa Shogunate,1774,early_modern,transformation,Japan,Tokugawa Shogunate,CHR-EAR-0001,1389.8,0.47,0.501,0.448,0.426,39.3,0.4095,29.6,42.7,0.3596,23.1,17.4,0.3143,0.2841,0.3216,0.2413,0.485,0.4293,0.3523,0.1452,0.1995,0.5757,0.799886,RMD,BRACKET_HIGH,true,false,0.33819695,0.38265123,0.36353817,,0.3218,false
EVT-EAR-0002,Imperial Unification of Dutch Republic,1742,early_modern,transformation,Northwestern Europe,Dutch Republic,CHR-EAR-0002,1240.1,0.776,0.117,0.4328,0.697,37.8,0.5375,39.6,35.3,0.4229,42.6,18.3,0.3631,0.3319,0.399,0.3246,0.5566,0.438,0.41,0.1061,0.3506,0.566,0.531892,CMN,BRACKET_BASE,false,true,0.47379065000000004,0.38912041999999997,0.40219755999999995,,0.3081,false
EVT-EAR-0003,Mercantile Tariff Overhaul across Portuguese Empire,1684,early_modern,economic,Atlantic / Indian Ocean,Portuguese Empire,CHR-EAR-0003,2385.3,0.595,0.442,0.6851,0.394,51.6,0.455,28.5,40.8,0.3363,24.4,23.7,0.3497,0.4949,0.432,0.332,0.4499,0.6743,0.4766,0.1794,0.4584,0.62,0.493547,CMN,BRACKET_BASE,false,true,0.7192500000000001,0.5665,0.63875,,0.3738,false
EVT-EAR-0004,Radical Assembly Schism in Ming & Qing Dynasties,1764,early_modern,revolution,East Asia,Ming & Qing Dynasties,CHR-EAR-0004,1268.3,0.437,0.22,0.5108,0.776,19.2,0.484,28.3,34.5,0.2964,78.8,8.2,0.3571,0.4605,0.3294,0,0.2186,0.6548,0.3327,0.1943,0.3735,0.6346,0.70929,RMD,BRACKET_HIGH,false,false,0.4966176,0.6479999999999999,0.74675,,0.3992,false
EVT-EAR-0005,Canal Infrastructure Boom in Spanish Empire,1664,early_modern,economic,Iberia / Americas,Spanish Empire,CHR-EAR-0005,1813.1,0.629,0.805,0.4183,0.75,42.3,0.5865,32.6,42.1,0.3883,49.7,11.4,0.3397,0.4259,0.3326,0.1859,0.3186,0.2086,0.2943,-0.2173,0.2788,0.6081,0.466274,CMN,BRACKET_BASE,false,true,0.7326367,0.5381385000000001,0.76272798,,0.337,true
EVT-EAR-0006,Silver Flotilla Currency Shock in Tokugawa Shogunate,1719,early_modern,economic,Japan,Tokugawa Shogunate,CHR-EAR-0006,1100.3,0.69,0.446,0.3238,0.306,16.5,0.2355,29.4,42.5,0.3562,93.5,11.8,0.3875,0.3367,0.304,0.0969,0.2285,0.1107,0.2154,-0.226,0.4097,0.7171,0.524256,CMN,BRACKET_BASE,false,true,0.66670628,0.48494745,0.7764886,,0.3388,true
EVT-EAR-0007,Printing & Communications Diffusion in Kingdom of France (Bourbon),1657,early_modern,technological,Western Europe,Kingdom of France (Bourbon),CHR-EAR-0007,1069.8,0.54,0.685,0.2892,0.518,24.6,0.382,39.5,40.4,0.4524,85.8,11.1,0.3777,0.2936,0.3487,0.4016,0.4826,0.6548,0.4363,0.3612,0.3798,0.7515,0.754445,RMD,BRACKET_HIGH,true,false,0.4973578,0.37644043,0.36968295,,0.333,false
EVT-EAR-0008,Institutional Dissolution of Tokugawa Shogunate,1729,early_modern,collapse,Japan,Tokugawa Shogunate,CHR-EAR-0008,1787.8,0.725,0.113,0.5906,0.838,16.3,0.5005,30.1,34.2,0.314,67.1,9.3,0.351,0.5465,0.4433,0.0753,0.1351,0.315,0.303,-0.2315,0.4529,0.6575,0.573188,CMN,BRACKET_BASE,false,true,0.61070545,0.4185216,0.558054,,0.4075,false
EVT-EAR-0009,Continental Standoff of Portuguese Empire,1751,early_modern,war,Atlantic / Indian Ocean,Portuguese Empire,CHR-EAR-0009,955.7,0.602,0.731,0.2274,0.429,50.6,0.4675,29.4,38.7,0.3334,51.6,17.5,0.3729,0.4054,0.3383,0.0601,0.1189,0.4739,0.2793,0.0685,0.5702,0.6553,0.587351,CMN,BRACKET_BASE,false,true,0.62431232,0.39708592,0.44365899000000003,,0.4075,false
EVT-EAR-0010,Agricultural Plague Wave in British Empire (Early),1651,early_modern,pandemic,British Isles / Global,British Empire (Early),CHR-EAR-0010,1457.5,0.687,0.752,0.3251,0.597,30,0.4485,36.4,40.8,0.4214,26.2,16.5,0.3189,0.4674,0.44,0.113,0.255,0.4405,0.3432,-0.0269,0.9336,0.6987,0.722577,RMD,BRACKET_HIGH,false,false,0.49764330000000007,0.40762675,0.50676002,,0.4021,false
EVT-EAR-0011,Radical Assembly Schism in Tsardom & Russian Empire,1529,early_modern,revolution,Northern Eurasia,Tsardom & Russian Empire,CHR-EAR-0011,1233.6,0.722,0.614,0.2982,0.724,42,0.572,31,34.2,0.3237,76.2,21.1,0.4192,0.4244,0.3166,0,0.2772,0.0938,0.2224,-0.3306,0.4089,0.7317,0.767726,RMD,BRACKET_HIGH,true,false,0.43058199999999996,0.39125499999999996,0.5612600000000001,,0.3993,false
EVT-EAR-0012,Printing & Communications Diffusion in Dutch Republic,1737,early_modern,technological,Northwestern Europe,Dutch Republic,CHR-EAR-0012,1906.4,0.594,0.863,0.4355,0.606,50.2,0.554,29.6,38.4,0.3338,78.7,9.7,0.3645,0.3512,0.3844,0.4523,0.5978,0.4982,0.4568,0.147,0.3523,0.599,0.797816,RMD,BRACKET_HIGH,true,false,0.2848467,0.38564008000000005,0.44675208,,0.2796,false
EVT-EAR-0013,Radical Assembly Schism in British Empire (Early),1792,early_modern,revolution,British Isles / Global,British Empire (Early),CHR-EAR-0013,1291.8,0.477,0.127,0.5328,0.567,32,0.4435,30.8,33.8,0.3191,19.9,16.2,0.2975,0.4328,0.2897,0,0.2751,0.4458,0.2887,0.013,0.5048,0.5689,0.680807,RMD,BRACKET_MEDIUM,false,false,0.5078232,0.58464939,0.72063,,0.4028,false
EVT-EAR-0014,Palatial Collapse of Tokugawa Shogunate,1736,early_modern,collapse,Japan,Tokugawa Shogunate,CHR-EAR-0014,1222.1,0.651,0.628,0.3123,0.667,49.6,0.5815,37.6,37,0.4115,68.5,17.9,0.3954,0.5133,0.4152,0.1912,0.2571,0.1648,0.3083,-0.3485,0.8147,0.8261,0.576669,CMN,BRACKET_BASE,false,true,0.69009154,0.49359728,0.8884759999999999,,0.3558,false
EVT-EAR-0015,Maritime Hegemony Clash in Portuguese Empire,1507,early_modern,war,Atlantic / Indian Ocean,Portuguese Empire,CHR-EAR-0015,2121.9,0.727,0.547,0.546,0.584,23.5,0.4095,41.4,42.4,0.4849,46.7,8.4,0.3202,0.4873,0.44,0.2346,0.4094,0.4019,0.3946,-0.0854,0.565,0.6013,0.744565,RMD,BRACKET_HIGH,true,false,0.39298828,0.38435642,0.49951998000000003,,0.3619,false
EVT-EAR-0016,Strategic Siege of British Empire (Early),1732,early_modern,war,British Isles / Global,British Empire (Early),CHR-EAR-0016,1071.7,0.461,0.827,0.2708,0.325,40.7,0.366,34.2,41.4,0.4013,79.9,11.9,0.3766,0.3211,0.2493,0,0.1395,0.4551,0.233,0.134,0.4747,0.6653,0.653045,RMD,BRACKET_MEDIUM,false,true,0.778348,0.5750000000000001,0.6884999999999999,,0.4051,true
EVT-EAR-0017,Provincial Autonomy Insurgency against Ming & Qing Dynasties,1606,early_modern,revolution,East Asia,Ming & Qing Dynasties,CHR-EAR-0017,2202.1,0.625,0.529,0.6027,0.243,37.7,0.31,37.1,42.3,0.438,18.6,10.3,0.2631,0.5032,0.3866,0.1688,0.4272,0.4039,0.3779,-0.0993,0.4604,0.5961,0.494089,CMN,BRACKET_BASE,false,true,0.5904574,0.55678337,0.7540929000000001,,0.3902,false
EVT-EAR-0018,Institutional Dissolution of Polish-Lithuanian Commonwealth,1603,early_modern,collapse,Eastern Europe,Polish-Lithuanian Commonwealth,CHR-EAR-0018,2172.7,0.425,0.835,0.5633,0.206,51.1,0.3585,35.7,39.1,0.4037,78.7,22.8,0.43,0.5619,0.4677,0.0898,0.1392,0.2483,0.3014,-0.3136,0.4574,0.7149,0.679802,RMD,BRACKET_MEDIUM,false,true,0.5800000000000001,0.606625,0.945875,,0.3988,true
EVT-EAR-0019,Synod Monotheistic Mandate in Spanish Empire,1616,early_modern,religious,Iberia / Americas,Spanish Empire,CHR-EAR-0019,2326.4,0.739,0.262,0.6807,0.767,45.1,0.609,37.3,33.5,0.3873,94.7,12.9,0.3939,0.4745,0.544,0.3486,0.3997,0.4612,0.4456,-0.0133,0.2072,0.4374,0.662886,RMD,BRACKET_MEDIUM,false,true,0.4909845,0.55921164,0.6645088,,0.3225,true
EVT-EAR-0020,Epidemic Fever Outbreak across British Empire (Early),1636,early_modern,pandemic,British Isles / Global,British Empire (Early),CHR-EAR-0020,2217.4,0.481,0.819,0.5629,0.366,39.7,0.3815,34.7,36.6,0.3779,79.4,9.9,0.3661,0.5132,0.4492,0.0876,0.2645,0.4947,0.3618,-0.0185,0.7022,0.6172,0.601716,CMN,BRACKET_BASE,false,true,0.7465713399999999,0.581213,0.74904628,,0.4061,false
EVT-EAR-0021,Agrarian Insurgency in Mughal Empire,1582,early_modern,revolution,South Asia,Mughal Empire,CHR-EAR-0021,2160.9,0.631,0.86,0.491,0.353,17.8,0.2655,41.1,36.8,0.448,44.5,17.9,0.3642,0.4699,0.3445,0,0.1803,0.6156,0.3221,0.1457,0.7307,0.7107,0.469481,CMN,BRACKET_BASE,false,true,0.56219352,0.43334592,0.46624986,,0.3976,false
EVT-EAR-0022,Urban Quarantine Emergency in Kingdom of France (Bourbon),1515,early_modern,pandemic,Western Europe,Kingdom of France (Bourbon),CHR-EAR-0022,2354.7,0.681,0.457,0.6469,0.658,44.7,0.5525,33.8,42.8,0.4054,52.3,17.9,0.3759,0.5169,0.4832,0.1541,0.3429,0.2045,0.3403,-0.3124,0.7448,0.7442,0.564892,CMN,BRACKET_BASE,false,true,0.65569056,0.56037936,0.89613568,,0.3709,false
EVT-EAR-0023,Guild Monopoly Reform in British Empire (Early),1548,early_modern,economic,British Isles / Global,British Empire (Early),CHR-EAR-0023,1876.8,0.44,0.312,0.6394,0.393,20,0.2965,31.1,42.9,0.3769,58.7,8.6,0.3378,0.3711,0.3061,0.1699,0.2366,0.5576,0.3283,0.1865,0.2572,0.5981,0.836501,RMD,BRACKET_HIGH,true,false,0.35250844,0.39374064,0.376145,,0.3891,false
EVT-EAR-0024,Frontier Fragmentation of Kingdom of France (Bourbon),1580,early_modern,collapse,Western Europe,Kingdom of France (Bourbon),CHR-EAR-0024,2319.2,0.663,0.174,0.728,0.48,25.1,0.3655,29.1,35.4,0.3104,53.4,20.3,0.3894,0.5968,0.5103,0.1551,0.1785,0.1853,0.3252,-0.4115,0.4232,0.7474,0.542813,CMN,BRACKET_BASE,false,true,0.73234665,0.5904874999999999,0.9170538599999999,,0.3708,false
EVT-EAR-0025,Epidemic Fever Outbreak across Portuguese Empire,1644,early_modern,pandemic,Atlantic / Indian Ocean,Portuguese Empire,CHR-EAR-0025,1356.1,0.77,0.344,0.3964,0.292,27,0.281,41.6,35.6,0.4462,68.3,20.7,0.4092,0.4163,0.3675,0,0.185,0.312,0.2562,-0.1043,0.7528,0.706,0.58624,CMN,BRACKET_BASE,false,true,0.75962655,0.5766249999999999,0.833,,0.4061,false
EVT-EAR-0026,Epidemic Fever Outbreak across Kingdom of France (Bourbon),1570,early_modern,pandemic,Western Europe,Kingdom of France (Bourbon),CHR-EAR-0026,1926.9,0.515,0.809,0.4807,0.735,36.4,0.5495,39.1,32.5,0.4007,50.8,10.3,0.3358,0.5292,0.4534,0.0635,0.2328,0.2292,0.3016,-0.3,0.9466,0.814,0.398434,CMN,BRACKET_BASE,false,true,0.8966529400000001,0.57296144,0.87858284,,0.3981,false
EVT-EAR-0027,Mercantile Tariff Overhaul across British Empire (Early),1714,early_modern,economic,British Isles / Global,British Empire (Early),CHR-EAR-0027,2184.8,0.605,0.772,0.5314,0.252,16.2,0.207,31.8,39.3,0.3629,83.1,12,0.3799,0.3832,0.3603,0.0889,0.242,0.2831,0.2715,-0.1001,0.3385,0.6035,0.524365,CMN,BRACKET_BASE,false,true,0.6943376699999999,0.5432347200000001,0.72470616,,0.376,false
EVT-EAR-0028,Sanitation & Medical Breakthrough in Polish-Lithuanian Commonwealth,1734,early_modern,technological,Eastern Europe,Polish-Lithuanian Commonwealth,CHR-EAR-0028,909.9,0.676,0.167,0.3626,0.317,32.3,0.32,41,32.6,0.4218,65.1,22.8,0.4163,0.2931,0.3258,0.4371,0.5582,0.4463,0.4121,0.1532,0.4524,0.6602,0.574807,CMN,BRACKET_BASE,false,true,0.6579602999999999,0.53637007,0.72089003,,0.2824,false
EVT-EAR-0029,Astronomical Standardization by Kingdom of France (Bourbon),1776,early_modern,technological,Western Europe,Kingdom of France (Bourbon),CHR-EAR-0029,2390.3,0.772,0.55,0.6009,0.566,15.6,0.361,29.8,42.9,0.3629,21.1,11,0.2757,0.3544,0.3865,0.4316,0.5099,0.4957,0.4356,0.1413,0.2229,0.5633,0.614447,CMN,BRACKET_BASE,false,true,0.45572520000000005,0.454274,0.58793325,,0.2701,false
EVT-EAR-0030,Civic Restoration Revolt in Safavid Empire,1559,early_modern,revolution,Persia,Safavid Empire,CHR-EAR-0030,1576.4,0.503,0.147,0.5925,0.32,47.8,0.399,37.5,41.4,0.4369,44.2,14.6,0.3472,0.4704,0.3487,0.0998,0.2399,0.2065,0.2731,-0.2639,0.3762,0.6523,0.487898,CMN,BRACKET_BASE,false,true,0.56780724,0.39344448,0.5430865500000001,,0.3756,false
EVT-EAR-0031,Bureaucratic Consolidation of Spanish Empire,1600,early_modern,transformation,Iberia / Americas,Spanish Empire,CHR-EAR-0031,1684.6,0.53,0.641,0.4641,0.704,23.3,0.4685,35.6,32.6,0.3636,91.6,21.6,0.435,0.3457,0.3832,0.2395,0.3595,0.6585,0.3973,0.3128,0.3582,0.694,0.564596,CMN,BRACKET_BASE,false,true,0.53793639,0.38508969,0.36482799000000005,,0.3763,false
EVT-EAR-0032,Coalition Defense of Polish-Lithuanian Commonwealth,1703,early_modern,war,Eastern Europe,Polish-Lithuanian Commonwealth,CHR-EAR-0032,1440.4,0.542,0.118,0.5544,0.393,44.8,0.4205,35.4,42.7,0.422,76.1,23.6,0.4316,0.5132,0.4584,0.2882,0.4119,0.6324,0.4608,0.1192,0.4775,0.6042,0.520784,CMN,BRACKET_BASE,false,true,0.54510492,0.38905152,0.41605746,,0.3857,false
EVT-EAR-0033,Grain Market Price Shock across Safavid Empire,1643,early_modern,economic,Persia,Safavid Empire,CHR-EAR-0033,902.7,0.712,0.233,0.3301,0.581,43.5,0.508,33.4,38.1,0.3729,45.7,13.2,0.3427,0.4624,0.373,0.0935,0.1716,0.6373,0.3476,0.1749,0.447,0.6545,0.593342,CMN,BRACKET_BASE,false,true,0.748375,0.621625,0.72325,,0.3987,false
EVT-EAR-0034,Systemic Governance Breakdown in Tsardom & Russian Empire,1528,early_modern,collapse,Northern Eurasia,Tsardom & Russian Empire,CHR-EAR-0034,1902,0.58,0.203,0.6366,0.313,29.1,0.302,42,38,0.4649,20.6,19.6,0.317,0.5798,0.4803,0.162,0.2614,0.1821,0.3331,-0.3977,0.6262,0.7908,0.44431,CMN,BRACKET_BASE,false,true,0.74749437,0.585375,1,,0.3725,false
EVT-EAR-0035,Treaty System Implementation across Polish-Lithuanian Commonwealth,1550,early_modern,transformation,Eastern Europe,Polish-Lithuanian Commonwealth,CHR-EAR-0035,901.9,0.701,0.448,0.2687,0.795,53.6,0.6655,40.1,36.6,0.4361,79.9,16.2,0.3981,0.392,0.4705,0.3684,0.5944,0.5722,0.4795,0.1802,0.3019,0.5972,0.625085,CMN,BRACKET_BASE,false,true,0.55282526,0.5566249999999999,0.593125,,0.3253,false
EVT-EAR-0036,Fiscal Modernization in Ming & Qing Dynasties,1695,early_modern,transformation,East Asia,Ming & Qing Dynasties,CHR-EAR-0036,906.7,0.655,0.521,0.2618,0.237,22.5,0.231,31.4,39.7,0.361,48.3,10.1,0.3312,0.1878,0.2261,0.1284,0.2976,0.5019,0.2684,0.3141,0.1629,0.7123,0.696368,RMD,BRACKET_MEDIUM,false,false,0.6350163200000001,0.47567175999999994,0.4639362,,0.3563,false
EVT-EAR-0037,Popular Uprising of Polish-Lithuanian Commonwealth,1651,early_modern,revolution,Eastern Europe,Polish-Lithuanian Commonwealth,CHR-EAR-0037,1737.8,0.751,0.864,0.3446,0.477,44.1,0.459,32.1,37.6,0.3559,47,23.1,0.3942,0.4458,0.3162,0.1057,0.2461,0.5691,0.3366,0.1233,0.3582,0.6122,0.410075,CMN,BRACKET_BASE,false,true,0.75373786,0.57868072,0.64819946,,0.4047,false
EVT-EAR-0038,Monastic Network Expansion of Tokugawa Shogunate,1640,early_modern,religious,Japan,Tokugawa Shogunate,CHR-EAR-0038,1710.7,0.576,0.195,0.5908,0.468,27,0.369,38.1,40.2,0.4361,44,15.7,0.3524,0.4629,0.4499,0.2913,0.4036,0.3567,0.3929,-0.1062,0.447,0.5897,0.654724,RMD,BRACKET_MEDIUM,false,true,0.60578175,0.4597038600000001,0.6996844400000001,,0.3145,false
EVT-EAR-0039,Military Coup d’État in Kingdom of France (Bourbon),1797,early_modern,revolution,Western Europe,Kingdom of France (Bourbon),CHR-EAR-0039,1621.8,0.424,0.482,0.5274,0.735,13,0.4325,29.2,33,0.2971,75.7,23.5,0.4307,0.5063,0.3809,0.1782,0.2857,0.6368,0.3976,0.1305,0.6497,0.6743,0.673422,RMD,BRACKET_MEDIUM,false,true,0.55543728,0.57107748,0.6800024,,0.404,false
EVT-EAR-0040,Imperial Unification of Polish-Lithuanian Commonwealth,1668,early_modern,transformation,Eastern Europe,Polish-Lithuanian Commonwealth,CHR-EAR-0040,2306.2,0.698,0.538,0.605,0.383,26.5,0.324,28.2,40.5,0.3313,23,18.1,0.3175,0.2943,0.3514,0.2831,0.4139,0.4622,0.361,0.1679,0.372,0.6246,0.530482,CMN,BRACKET_BASE,false,true,0.51993868,0.37354185,0.37706839999999997,,0.3086,false
EVT-EAR-0041,Astronomical Standardization by Polish-Lithuanian Commonwealth,1620,early_modern,technological,Eastern Europe,Polish-Lithuanian Commonwealth,CHR-EAR-0041,2122.4,0.437,0.148,0.7529,0.468,42.6,0.447,35.8,34.2,0.3754,53.1,21.9,0.397,0.4472,0.4723,0.5818,0.7057,0.7111,0.5836,0.2639,0.2552,0.6,0.592888,CMN,BRACKET_BASE,false,true,0.55663578,0.558875,0.6633749999999999,,0.3027,false
EVT-EAR-0042,Decentralization Wave across Ming & Qing Dynasties,1519,early_modern,collapse,East Asia,Ming & Qing Dynasties,CHR-EAR-0042,1304,0.522,0.538,0.3992,0.612,35.4,0.483,33.9,32,0.3417,38.5,10.2,0.3152,0.534,0.4826,0.1035,0.1744,0.1634,0.2916,-0.3706,0.7481,0.8336,0.531262,CMN,BRACKET_BASE,false,true,0.6348,0.41553664,0.61716615,,0.3744,false
EVT-EAR-0043,Canal Infrastructure Boom in Tsardom & Russian Empire,1714,early_modern,economic,Northern Eurasia,Tsardom & Russian Empire,CHR-EAR-0043,2260.8,0.747,0.812,0.4964,0.276,35,0.313,32.2,40.5,0.3744,19.8,16,0.2961,0.365,0.2844,0.1293,0.2918,0.1797,0.25,-0.1853,0.2637,0.6184,0.375963,CMN,BRACKET_BASE,false,true,0.7663331999999999,0.52633308,0.7269219100000001,,0.336,true
EVT-EAR-0044,Civic Restoration Revolt in British Empire (Early),1706,early_modern,revolution,British Isles / Global,British Empire (Early),CHR-EAR-0044,1167.9,0.745,0.595,0.28,0.703,22.5,0.464,36.1,37.5,0.3984,45.3,23.5,0.3935,0.3795,0.2708,0,0.1052,0.4363,0.2384,0.0568,0.6371,0.6486,0.426157,CMN,BRACKET_BASE,false,true,0.88507032,0.5843750000000001,0.7395,,0.4073,false
EVT-EAR-0045,Popular Uprising of Dutch Republic,1683,early_modern,revolution,Northwestern Europe,Dutch Republic,CHR-EAR-0045,1504.4,0.566,0.598,0.4197,0.396,20.3,0.2995,29.8,41.9,0.3569,74.5,15.2,0.388,0.416,0.3122,0,0.2257,0.2871,0.2482,-0.1289,0.5841,0.6842,0.486904,CMN,BRACKET_BASE,false,true,0.9281250000000001,0.572125,0.84175,,0.403,true
EVT-EAR-0046,Secular Legal Separation in Spanish Empire,1747,early_modern,religious,Iberia / Americas,Spanish Empire,CHR-EAR-0046,1720.9,0.444,0.309,0.5988,0.487,40.5,0.446,31.8,34.5,0.3341,19.4,10,0.2646,0.4344,0.4593,0.3092,0.4294,0.325,0.3915,-0.1094,0.4537,0.5957,0.750486,RMD,BRACKET_HIGH,true,false,0.40823099999999996,0.36825033,0.47907026999999996,,0.3019,false
EVT-EAR-0047,Urban Quarantine Emergency in Tokugawa Shogunate,1695,early_modern,pandemic,Japan,Tokugawa Shogunate,CHR-EAR-0047,1239.6,0.739,0.695,0.2703,0.689,44.4,0.5665,29.3,33.4,0.3006,72.8,19.4,0.4074,0.4654,0.428,0.1681,0.377,0.1091,0.3095,-0.3563,0.8496,0.8642,0.47657,CMN,BRACKET_BASE,false,true,0.66871403,0.3883116,0.60154736,,0.3703,false
EVT-EAR-0048,Debt Crisis Settlement of Tokugawa Shogunate,1503,early_modern,economic,Japan,Tokugawa Shogunate,CHR-EAR-0048,1644.4,0.719,0.213,0.5254,0.779,32.6,0.5525,32.5,37.7,0.3608,44.5,15.4,0.3517,0.4286,0.4073,0.2129,0.3233,0.2784,0.3301,-0.1502,0.4394,0.6052,0.692332,RMD,BRACKET_MEDIUM,false,false,0.49572658000000003,0.47120118,0.73377603,,0.3298,false
EVT-EAR-0049,Mercantile Tariff Overhaul across Tokugawa Shogunate,1719,early_modern,economic,Japan,Tokugawa Shogunate,CHR-EAR-0049,1988.5,0.596,0.471,0.5737,0.423,48.2,0.4525,32.8,34.8,0.3466,89.2,21.7,0.4336,0.5067,0.452,0.33,0.436,0.4538,0.4357,-0.0529,0.4493,0.565,0.557859,CMN,BRACKET_BASE,false,true,0.5188278,0.46586215000000003,0.68025771,,0.3282,false
EVT-EAR-0050,Mechanical Power Harnessing in British Empire (Early),1520,early_modern,technological,British Isles / Global,British Empire (Early),CHR-EAR-0050,2142.9,0.55,0.681,0.5644,0.685,53.3,0.609,37.4,33.3,0.3872,47.7,16.9,0.3643,0.4052,0.4514,0.5527,0.6172,0.7123,0.5478,0.3071,0.3039,0.6377,0.836842,RMD,BRACKET_HIGH,true,false,0.30025497,0.47158979,0.591405,,0.3121,false
EVT-EAR-0051,Epidemic Fever Outbreak across Tokugawa Shogunate,1726,early_modern,pandemic,Japan,Tokugawa Shogunate,CHR-EAR-0051,1937,0.544,0.753,0.4914,0.582,41.4,0.498,36.6,39.6,0.4164,22.6,8.5,0.2682,0.4913,0.4461,0.0216,0.2538,0.5031,0.3432,0.0118,0.7071,0.6023,0.389188,CMN,BRACKET_BASE,false,true,0.7579062400000001,0.61875,0.7866249999999999,,0.3928,false
EVT-EAR-0052,Civic Restoration Revolt in Safavid Empire,1738,early_modern,revolution,Persia,Safavid Empire,CHR-EAR-0052,1785.9,0.583,0.619,0.4809,0.342,24.1,0.2915,30,39.3,0.3435,37.8,20.5,0.3654,0.4618,0.3264,0.0665,0.269,0.3764,0.3,-0.0854,0.3772,0.603,0.519177,CMN,BRACKET_BASE,false,true,0.7777538399999999,0.578625,0.7921250000000001,,0.4023,true
EVT-EAR-0053,Pantheon Reformation of Kingdom of France (Bourbon),1703,early_modern,religious,Western Europe,Kingdom of France (Bourbon),CHR-EAR-0053,898,0.544,0.141,0.4069,0.692,33.6,0.514,33.5,34.9,0.3548,32.8,19.5,0.3501,0.4545,0.5276,0.3414,0.4301,0.3319,0.4171,-0.1226,0.4209,0.6101,0.792337,RMD,BRACKET_HIGH,true,false,0.44379722999999993,0.37999676,0.49179888,,0.3037,false
EVT-EAR-0054,Maritime Trade Hub Expansion in Spanish Empire,1616,early_modern,economic,Iberia / Americas,Spanish Empire,CHR-EAR-0054,1150.4,0.626,0.391,0.3724,0.227,19.1,0.209,28.3,41.2,0.3366,51.5,8.1,0.3258,0.339,0.2535,0.017,0.0682,0.4282,0.2212,0.0892,0.4153,0.6443,0.424264,CMN,BRACKET_BASE,false,true,0.70667507,0.49646591999999995,0.61243262,,0.4063,false
EVT-EAR-0055,Educational Charter of Tokugawa Shogunate,1658,early_modern,transformation,Japan,Tokugawa Shogunate,CHR-EAR-0055,2345.6,0.526,0.319,0.7325,0.739,23.1,0.485,39.6,35.3,0.4229,29,15.1,0.3192,0.416,0.4546,0.3726,0.5453,0.6915,0.496,0.2755,0.2096,0.5851,0.647539,RMD,BRACKET_MEDIUM,false,true,0.41404715,0.38198032,0.32837552000000003,,0.3436,false
EVT-EAR-0056,Navigational Instrument Reform in Polish-Lithuanian Commonwealth,1763,early_modern,technological,Eastern Europe,Polish-Lithuanian Commonwealth,CHR-EAR-0056,1158.4,0.489,0.267,0.4528,0.577,52.9,0.553,40.3,34.7,0.4268,38.8,9.6,0.3128,0.3804,0.4359,0.5009,0.6483,0.5089,0.4949,0.1285,0.4676,0.6014,0.603035,CMN,BRACKET_BASE,false,true,0.5186854399999999,0.3784534,0.46657746000000005,,0.2833,false
EVT-EAR-0057,Canal Infrastructure Boom in Ottoman Empire,1507,early_modern,economic,Southeast Europe / Near East,Ottoman Empire,CHR-EAR-0057,2172.9,0.536,0.401,0.6603,0.577,24.9,0.413,30.2,32.9,0.3072,76.6,20.4,0.416,0.4292,0.3693,0.1298,0.2269,0.2124,0.2735,-0.2168,0.6075,0.6919,0.568693,CMN,BRACKET_BASE,false,true,0.5689593,0.37984260000000003,0.53554505,,0.3532,false
EVT-EAR-0058,Temple Bureaucracy Reorganization of Polish-Lithuanian Commonwealth,1699,early_modern,religious,Eastern Europe,Polish-Lithuanian Commonwealth,CHR-EAR-0058,1710.2,0.434,0.65,0.4968,0.75,18.3,0.4665,33.2,38.1,0.3708,61.6,19,0.3933,0.4632,0.4914,0.3582,0.4257,0.3178,0.4113,-0.1454,0.4137,0.6118,0.697001,RMD,BRACKET_MEDIUM,false,false,0.5794163,0.48470111999999993,0.74533767,,0.2944,false
EVT-EAR-0059,Grain Market Price Shock across Ottoman Empire,1576,early_modern,economic,Southeast Europe / Near East,Ottoman Empire,CHR-EAR-0059,985.5,0.735,0.122,0.3779,0.762,20.5,0.4835,31,37.3,0.3423,33.4,15,0.329,0.3543,0.286,0.053,0.1823,0.4659,0.2683,0.1116,0.3568,0.5989,0.67419,RMD,BRACKET_MEDIUM,false,true,0.6251764,0.577,0.6725000000000001,,0.4032,true
EVT-EAR-0060,Secular Legal Separation in Dutch Republic,1661,early_modern,religious,Northwestern Europe,Dutch Republic,CHR-EAR-0060,2202.3,0.576,0.41,0.6532,0.771,29.5,0.533,31.2,38.8,0.3534,73.6,8.9,0.3556,0.4434,0.5197,0.3314,0.4674,0.3966,0.4317,-0.0468,0.2916,0.4972,0.80796,RMD,BRACKET_HIGH,true,false,0.2932344,0.38599925,0.456843,,0.3083,false
EVT-EAR-0061,Orthodoxy & Heresy Trial Wave in Dutch Republic,1796,early_modern,religious,Northwestern Europe,Dutch Republic,CHR-EAR-0061,857.1,0.646,0.585,0.2325,0.2,52.5,0.3625,32.1,35.5,0.3433,31.6,17.8,0.3389,0.2792,0.2807,0.1458,0.206,0.3999,0.2623,0.1207,0.2931,0.6277,0.56397,CMN,BRACKET_BASE,false,true,0.6567343200000001,0.45691648,0.5483001500000001,,0.352,false
EVT-EAR-0062,Debt Crisis Settlement of Dutch Republic,1567,early_modern,economic,Northwestern Europe,Dutch Republic,CHR-EAR-0062,1561.5,0.483,0.364,0.5295,0.806,26,0.533,40.8,39.2,0.4592,42.2,20.2,0.3719,0.5513,0.4684,0.2231,0.3679,0.4008,0.4023,-0.1505,0.6393,0.6428,0.412009,CMN,BRACKET_BASE,false,true,0.5746532000000001,0.40019188,0.54514629,,0.3785,false
EVT-EAR-0063,Pantheon Reformation of Tsardom & Russian Empire,1704,early_modern,religious,Northern Eurasia,Tsardom & Russian Empire,CHR-EAR-0063,1420.8,0.649,0.706,0.3408,0.386,52.6,0.456,36.3,39.9,0.4149,32.4,9.8,0.3008,0.3907,0.4473,0.3037,0.3689,0.4373,0.3896,0.0466,0.2559,0.5374,0.652098,RMD,BRACKET_MEDIUM,false,true,0.44135068,0.36712368,0.40370352,,0.3103,false
EVT-EAR-0064,Respiratory Virulence Wave across Dutch Republic,1732,early_modern,pandemic,Northwestern Europe,Dutch Republic,CHR-EAR-0064,1917.5,0.532,0.462,0.5773,0.525,35.6,0.4405,30.8,40.2,0.3575,34.9,19,0.3521,0.5082,0.43,0.1122,0.2548,0.3594,0.3329,-0.1488,0.8641,0.7201,0.508128,CMN,BRACKET_BASE,false,true,0.53928556,0.40557496,0.5431950999999999,,0.3982,false
EVT-EAR-0065,Orthodoxy & Heresy Trial Wave in Dutch Republic,1705,early_modern,religious,Northwestern Europe,Dutch Republic,CHR-EAR-0065,2262.3,0.495,0.588,0.6396,0.622,43.2,0.527,40.9,39.4,0.4615,49,19,0.3767,0.5486,0.5506,0.417,0.4777,0.6904,0.5369,0.1418,0.2697,0.5298,0.665453,RMD,BRACKET_MEDIUM,false,true,0.42950145,0.4849729,0.5554943200000001,,0.3557,false
EVT-EAR-0066,Metallurgical Innovation Surge in Mughal Empire,1559,early_modern,technological,South Asia,Mughal Empire,CHR-EAR-0066,2202.4,0.472,0.269,0.7267,0.333,53.2,0.4325,36,38.2,0.4015,56.3,18.7,0.3853,0.4208,0.4553,0.5343,0.6871,0.7154,0.5626,0.2946,0.2802,0.625,0.916211,RMD,BRACKET_HIGH,true,false,0.30280765000000004,0.38950152,0.39218980000000003,,0.3171,false
EVT-EAR-0067,Educational Charter of Kingdom of France (Bourbon),1632,early_modern,transformation,Western Europe,Kingdom of France (Bourbon),CHR-EAR-0067,1211.6,0.705,0.784,0.2466,0.31,22,0.265,30.3,35.3,0.3227,43.6,8.4,0.3152,0.211,0.2601,0.202,0.331,0.5456,0.3099,0.3346,0.3165,0.7647,0.690945,RMD,BRACKET_MEDIUM,false,false,0.52960763,0.37486176,0.32756037,,0.3472,false
EVT-EAR-0068,Canal Infrastructure Boom in Dutch Republic,1600,early_modern,economic,Northwestern Europe,Dutch Republic,CHR-EAR-0068,1846.8,0.589,0.685,0.475,0.359,18.4,0.2715,35.4,34.9,0.3752,45.3,8.4,0.318,0.4312,0.378,0.1708,0.2922,0.4133,0.3371,-0.0179,0.3437,0.5573,0.563458,CMN,BRACKET_BASE,false,true,0.5810095000000001,0.47050815,0.64595889,,0.3769,false
EVT-EAR-0069,Peasant Rebellion against Safavid Empire,1696,early_modern,revolution,Persia,Safavid Empire,CHR-EAR-0069,1383.9,0.695,0.685,0.3238,0.523,53.8,0.5305,34.8,32.1,0.352,30.9,8.8,0.2923,0.4378,0.313,0.0858,0.2878,0.2616,0.2772,-0.1762,0.789,0.7415,0.482818,CMN,BRACKET_BASE,false,true,0.6336546000000001,0.38906641999999997,0.54054607,,0.3847,false
EVT-EAR-0070,Synod Monotheistic Mandate in Tsardom & Russian Empire,1616,early_modern,religious,Northern Eurasia,Tsardom & Russian Empire,CHR-EAR-0070,1869.9,0.687,0.452,0.5215,0.413,44.6,0.4295,30.7,38.4,0.3456,62,18.8,0.3927,0.4575,0.4436,0.328,0.3999,0.3084,0.3875,-0.1491,0.2172,0.5703,0.490201,CMN,BRACKET_BASE,false,true,0.71333856,0.547625,0.76575,,0.2978,true
EVT-EAR-0071,Treaty System Implementation across Kingdom of France (Bourbon),1718,early_modern,transformation,Western Europe,Kingdom of France (Bourbon),CHR-EAR-0071,1119.8,0.715,0.685,0.2496,0.773,20.8,0.4905,38,34.3,0.3996,75.7,9.9,0.3627,0.3228,0.383,0.2869,0.4344,0.5778,0.401,0.255,0.3141,0.6753,0.617325,CMN,BRACKET_BASE,false,true,0.57828168,0.49165938,0.5260769599999999,,0.3389,false
EVT-EAR-0072,Civic Restoration Revolt in Mughal Empire,1783,early_modern,revolution,South Asia,Mughal Empire,CHR-EAR-0072,1169,0.664,0.339,0.3814,0.24,29.1,0.2655,36.3,32.3,0.3693,21,24,0.3404,0.4362,0.2863,0,0.2108,0.5552,0.2977,0.119,0.5567,0.681,0.687575,RMD,BRACKET_MEDIUM,false,false,0.46211876999999996,0.42094683,0.46599058,,0.3908,false
EVT-EAR-0073,Continental Standoff of Polish-Lithuanian Commonwealth,1720,early_modern,war,Eastern Europe,Polish-Lithuanian Commonwealth,CHR-EAR-0073,1983.2,0.762,0.421,0.5375,0.384,49.9,0.4415,35.7,34.5,0.3761,35.3,18.4,0.35,0.4657,0.3515,0.1919,0.2613,0.3079,0.3157,-0.1578,0.3295,0.5943,0.504707,CMN,BRACKET_BASE,false,true,0.76269112,0.540891,0.74441808,,0.3541,false
EVT-EAR-0074,Astronomical Standardization by Portuguese Empire,1597,early_modern,technological,Atlantic / Indian Ocean,Portuguese Empire,CHR-EAR-0074,1841.7,0.613,0.669,0.4713,0.51,32.2,0.416,28,34.8,0.295,41.6,8.4,0.3118,0.2775,0.3312,0.4481,0.6058,0.5619,0.4449,0.2844,0.4498,0.7187,0.719883,RMD,BRACKET_HIGH,false,false,0.47096235000000003,0.38379823999999996,0.44946116,,0.3069,false
EVT-EAR-0075,Hydraulic Engineering Grid in Ottoman Empire,1517,early_modern,technological,Southeast Europe / Near East,Ottoman Empire,CHR-EAR-0075,1026.7,0.472,0.315,0.4095,0.843,17.5,0.509,35.5,37.4,0.3913,48.8,21.6,0.3894,0.3298,0.3498,0.3905,0.5335,0.5275,0.4262,0.1977,0.3461,0.6268,0.896059,RMD,BRACKET_HIGH,true,false,0.33489815999999994,0.38263174,0.40351428,,0.2989,false
EVT-EAR-0076,Secular Legal Separation in Ottoman Empire,1634,early_modern,religious,Southeast Europe / Near East,Ottoman Empire,CHR-EAR-0076,1647.6,0.545,0.432,0.5127,0.214,26.7,0.2405,38.9,35.1,0.4141,70,21.2,0.4135,0.3793,0.4354,0.284,0.3409,0.2597,0.3399,-0.1196,0.4012,0.6198,0.670241,RMD,BRACKET_MEDIUM,false,true,0.73543235,0.543625,0.7847500000000001,,0.2918,true
EVT-EAR-0077,Debt Crisis Settlement of Mughal Empire,1724,early_modern,economic,South Asia,Mughal Empire,CHR-EAR-0077,1686.1,0.443,0.473,0.541,0.622,14.1,0.3815,36.2,37.9,0.4019,54.4,8.6,0.3323,0.4133,0.3725,0.1165,0.1894,0.4912,0.3166,0.0779,0.6094,0.6258,0.520261,CMN,BRACKET_BASE,false,true,0.6314603999999999,0.39435188,0.44548293,,0.4013,false
EVT-EAR-0078,Treaty System Implementation across Ming & Qing Dynasties,1602,early_modern,transformation,East Asia,Ming & Qing Dynasties,CHR-EAR-0078,1526.3,0.59,0.311,0.5042,0.718,28.5,0.5015,33.3,32.3,0.337,28.3,14.9,0.3165,0.309,0.3749,0.2681,0.4345,0.5496,0.3872,0.2406,0.3476,0.6454,0.757772,RMD,BRACKET_HIGH,true,false,0.615,0.55125,0.573,,0.338,false
EVT-EAR-0079,Frontier Campaign of Ming & Qing Dynasties,1543,early_modern,war,East Asia,Ming & Qing Dynasties,CHR-EAR-0079,2106.6,0.695,0.391,0.5985,0.223,17.4,0.1985,38.2,40,0.436,92.2,15.4,0.4045,0.4706,0.3865,0.0734,0.2411,0.1752,0.2694,-0.2954,0.4763,0.7236,0.529806,CMN,BRACKET_BASE,false,true,0.7331824900000001,0.49062552,0.8233705899999999,,0.3819,false
EVT-EAR-0080,Temple Bureaucracy Reorganization of Portuguese Empire,1771,early_modern,religious,Atlantic / Indian Ocean,Portuguese Empire,CHR-EAR-0080,872.3,0.563,0.41,0.3139,0.4,46.1,0.4305,31.5,42.3,0.3776,67.6,9.8,0.354,0.352,0.342,0.1858,0.2366,0.3583,0.2949,0.0063,0.3895,0.5625,0.771077,RMD,BRACKET_HIGH,true,false,0.4028004,0.37215495,0.43615824,,0.3422,false
EVT-EAR-0081,Educational Charter of Kingdom of France (Bourbon),1711,early_modern,transformation,Western Europe,Kingdom of France (Bourbon),CHR-EAR-0081,1586.3,0.68,0.363,0.4771,0.455,16.6,0.3105,28.8,32.5,0.2898,24.3,21.9,0.3404,0.2545,0.3035,0.2498,0.4035,0.5545,0.3532,0.3,0.2449,0.6916,0.690014,RMD,BRACKET_MEDIUM,false,false,0.52495898,0.38210634000000004,0.32685016,,0.3399,false
EVT-EAR-0082,Metallurgical Innovation Surge in Mughal Empire,1730,early_modern,technological,South Asia,Mughal Empire,CHR-EAR-0082,1594.4,0.57,0.651,0.4258,0.503,50.8,0.5055,30,35.7,0.3219,78.7,19.4,0.413,0.334,0.3796,0.4542,0.5468,0.5926,0.4614,0.2586,0.4557,0.6956,0.556023,CMN,BRACKET_BASE,false,true,0.6540319099999999,0.4648281,0.61935408,,0.3021,false
EVT-EAR-0083,Succession Conflict of British Empire (Early),1556,early_modern,war,British Isles / Global,British Empire (Early),CHR-EAR-0083,1088.3,0.433,0.752,0.306,0.367,33.4,0.3505,38.6,40.4,0.4427,48.5,20.6,0.384,0.4292,0.3576,0.1037,0.1699,0.4539,0.3029,0.0247,0.553,0.6167,0.396883,CMN,BRACKET_BASE,false,true,0.79521331,0.55775538,0.6926887,,0.4025,false
EVT-EAR-0084,Agricultural Plague Wave in Polish-Lithuanian Commonwealth,1738,early_modern,pandemic,Eastern Europe,Polish-Lithuanian Commonwealth,CHR-EAR-0084,1764,0.779,0.724,0.385,0.308,33.6,0.322,38,37.5,0.4188,85.2,11.6,0.3797,0.4592,0.4017,0,0.1926,0.3181,0.2743,-0.1411,0.9299,0.7698,0.763181,RMD,BRACKET_HIGH,true,false,0.6780158900000001,0.51140235,0.77993685,,0.4077,false
EVT-EAR-0085,Mercantile Tariff Overhaul across Spanish Empire,1619,early_modern,economic,Iberia / Americas,Spanish Empire,CHR-EAR-0085,1579.2,0.566,0.314,0.5242,0.546,22.9,0.3875,32.3,39.1,0.3671,22.8,16.4,0.3083,0.3538,0.305,0.0284,0.2012,0.2182,0.2213,-0.1356,0.2602,0.5765,0.472695,CMN,BRACKET_BASE,false,true,0.58357287,0.3824372,0.4756872,,0.3826,false
EVT-EAR-0086,Canal Infrastructure Boom in Ming & Qing Dynasties,1689,early_modern,economic,East Asia,Ming & Qing Dynasties,CHR-EAR-0086,2245.4,0.562,0.209,0.7288,0.478,39,0.434,40.6,34.8,0.4306,24.3,22.5,0.3434,0.5181,0.4293,0.2581,0.3599,0.6149,0.4361,0.0968,0.5262,0.5748,0.806218,RMD,BRACKET_HIGH,true,false,0.4322556,0.38806145999999997,0.42405000000000004,,0.3933,false
EVT-EAR-0087,Systemic Governance Breakdown in Dutch Republic,1535,early_modern,collapse,Northwestern Europe,Dutch Republic,CHR-EAR-0087,1574.2,0.422,0.134,0.6201,0.541,33.2,0.4365,35.1,40.3,0.4044,36,12.2,0.3204,0.4995,0.4294,0.2131,0.3072,0.2072,0.3313,-0.2923,0.4359,0.6777,0.77078,RMD,BRACKET_HIGH,true,false,0.34918524,0.39124316,0.557634,,0.3477,false
EVT-EAR-0088,Treaty System Implementation across Portuguese Empire,1773,early_modern,transformation,Atlantic / Indian Ocean,Portuguese Empire,CHR-EAR-0088,1605.1,0.451,0.203,0.5987,0.262,38.7,0.3245,35.7,40.6,0.4127,50.3,19.5,0.3811,0.3112,0.3394,0.2612,0.3999,0.458,0.3539,0.1468,0.351,0.5966,0.748337,RMD,BRACKET_HIGH,true,false,0.42174873,0.37584249999999997,0.3850035,,0.3125,false
EVT-EAR-0089,Sanitation & Medical Breakthrough in British Empire (Early),1667,early_modern,technological,British Isles / Global,British Empire (Early),CHR-EAR-0089,1940.1,0.723,0.536,0.5036,0.251,38.5,0.318,30,40,0.3477,90.1,19.5,0.4233,0.3107,0.3627,0.4217,0.49,0.4765,0.4123,0.1658,0.2785,0.6138,0.514568,CMN,BRACKET_BASE,false,true,0.6000097799999999,0.5369999999999999,0.6984999999999999,,0.2691,false
EVT-EAR-0090,Sanitation & Medical Breakthrough in Portuguese Empire,1630,early_modern,technological,Atlantic / Indian Ocean,Portuguese Empire,CHR-EAR-0090,1134.7,0.599,0.681,0.2895,0.329,38.2,0.3555,29.1,37.4,0.3224,91.2,10.5,0.3792,0.2641,0.3193,0.4214,0.4874,0.5957,0.4176,0.3316,0.1858,0.7104,0.896911,RMD,BRACKET_HIGH,true,false,0.28338336000000003,0.3792204,0.38735963999999995,,0.317,false
EVT-EAR-0091,Coalition Defense of Ming & Qing Dynasties,1687,early_modern,war,East Asia,Ming & Qing Dynasties,CHR-EAR-0091,1124.2,0.778,0.387,0.3213,0.241,40.5,0.323,29.8,33.7,0.3077,90.5,22.7,0.4396,0.3671,0.3211,0.076,0.2256,0.4957,0.2971,0.1286,0.4733,0.675,0.361354,CMN,BRACKET_BASE,false,true,0.7153999999999999,0.48997746,0.6174106400000001,,0.4009,false
EVT-EAR-0092,Monastic Network Expansion of Ottoman Empire,1672,early_modern,religious,Southeast Europe / Near East,Ottoman Empire,CHR-EAR-0092,1741.1,0.705,0.588,0.4421,0.667,45.6,0.5615,32.5,35.4,0.347,46,22.6,0.3901,0.4422,0.4155,0.3251,0.431,0.3321,0.3892,-0.1101,0.4035,0.5877,0.789807,RMD,BRACKET_HIGH,true,false,0.46408032,0.38029866,0.49084084,,0.294,false
EVT-EAR-0093,Pantheon Reformation of Ming & Qing Dynasties,1510,early_modern,religious,East Asia,Ming & Qing Dynasties,CHR-EAR-0093,1046.7,0.619,0.222,0.3985,0.657,43.3,0.545,28.9,34.1,0.3004,53.4,8.5,0.3304,0.3835,0.3765,0.2907,0.4155,0.3674,0.3667,-0.0161,0.4708,0.5698,0.502711,CMN,BRACKET_BASE,false,true,0.7658340600000001,0.5149696,0.67753483,,0.2909,false
EVT-EAR-0094,Epidemic Fever Outbreak across Spanish Empire,1775,early_modern,pandemic,Iberia / Americas,Spanish Empire,CHR-EAR-0094,2081.1,0.666,0.253,0.642,0.405,41.8,0.4115,38,34.9,0.4032,25.5,8.8,0.2784,0.4843,0.4245,0.062,0.2423,0.1669,0.276,-0.3174,0.761,0.7731,0.486133,CMN,BRACKET_BASE,false,true,0.5810469500000001,0.3940742,0.5798061,,0.3896,false
EVT-EAR-0095,Treaty System Implementation across Tokugawa Shogunate,1784,early_modern,transformation,Japan,Tokugawa Shogunate,CHR-EAR-0095,1548.4,0.538,0.729,0.4001,0.678,17.4,0.426,35.6,35.7,0.3822,82.5,16.4,0.4014,0.3026,0.3634,0.2681,0.4898,0.5513,0.395,0.2487,0.111,0.6108,0.827484,RMD,BRACKET_HIGH,true,false,0.41755176,0.53525472,0.4652301,,0.3395,false
EVT-EAR-0096,Agrarian Insurgency in Mughal Empire,1573,early_modern,revolution,South Asia,Mughal Empire,CHR-EAR-0096,1990.9,0.441,0.349,0.6574,0.264,25.8,0.261,38.5,32.7,0.3954,51.5,22,0.3953,0.5262,0.4087,0.1115,0.3313,0.4731,0.3702,-0.0531,0.7097,0.639,0.663177,RMD,BRACKET_MEDIUM,false,true,0.7679098,0.5865,0.817,,0.4044,false
EVT-EAR-0097,Institutional Dissolution of Ming & Qing Dynasties,1698,early_modern,collapse,East Asia,Ming & Qing Dynasties,CHR-EAR-0097,1234.7,0.468,0.359,0.4512,0.668,36.6,0.517,34,39.4,0.3872,58.5,16.6,0.3775,0.5662,0.5007,0.2565,0.2778,0.1179,0.3438,-0.4483,0.6812,0.8391,0.616632,CMN,BRACKET_BASE,false,true,0.46898600000000007,0.40816991999999996,0.64412502,,0.3616,false
EVT-EAR-0098,Imperial Annexation War in Tsardom & Russian Empire,1756,early_modern,war,Northern Eurasia,Tsardom & Russian Empire,CHR-EAR-0098,1106.4,0.77,0.153,0.3893,0.407,17.9,0.293,30.9,35.3,0.3292,85.3,15.1,0.3973,0.3606,0.2466,0,0.109,0.3396,0.2112,-0.021,0.6394,0.6495,0.60375,CMN,BRACKET_BASE,false,true,0.6133997999999999,0.39120779,0.47267191999999997,,0.4037,false
EVT-EAR-0099,Constitutional Reorganization of Ming & Qing Dynasties,1746,early_modern,transformation,East Asia,Ming & Qing Dynasties,CHR-EAR-0099,1891.2,0.563,0.622,0.5132,0.817,28.2,0.5495,32.2,40.6,0.375,49.8,11.6,0.3409,0.3777,0.4448,0.314,0.5025,0.6676,0.4613,0.2899,0.2799,0.6409,0.489909,CMN,BRACKET_BASE,false,true,0.56774106,0.5444038,0.5274279399999999,,0.3576,false
EVT-EAR-0100,Decentralization Wave across Tokugawa Shogunate,1710,early_modern,collapse,Japan,Tokugawa Shogunate,CHR-EAR-0100,1535.6,0.474,0.123,0.5978,0.504,31.6,0.41,34,33.5,0.3518,30.4,13.5,0.3146,0.5223,0.4093,0.1826,0.2504,0.1876,0.3104,-0.3347,0.807,0.8085,0.643496,RMD,BRACKET_MEDIUM,false,true,0.60812694,0.39756912000000005,0.60349617,,0.3551,false
EVT-EAR-0101,Sanitation & Medical Breakthrough in British Empire (Early),1697,early_modern,technological,British Isles / Global,British Empire (Early),CHR-EAR-0101,1061.6,0.428,0.218,0.4608,0.237,51.7,0.377,31.4,33.3,0.3226,72.6,10.3,0.3617,0.3153,0.3615,0.4243,0.5639,0.5868,0.4504,0.2715,0.4572,0.7168,0.697218,RMD,BRACKET_MEDIUM,false,false,0.37269355,0.37727079999999996,0.41524479,,0.3096,false
EVT-EAR-0102,Territorial Rupture of Kingdom of France (Bourbon),1589,early_modern,collapse,Western Europe,Kingdom of France (Bourbon),CHR-EAR-0102,1999,0.697,0.871,0.4261,0.43,50.9,0.4695,35.8,34.3,0.376,35.9,20.6,0.3622,0.496,0.4392,0.1234,0.2059,0.2939,0.3117,-0.2021,0.4742,0.6669,0.734738,RMD,BRACKET_HIGH,true,false,0.4555126,0.4962838,0.7877415999999999,,0.3877,false
EVT-EAR-0103,Popular Uprising of Kingdom of France (Bourbon),1506,early_modern,revolution,Western Europe,Kingdom of France (Bourbon),CHR-EAR-0103,2176.1,0.592,0.463,0.6257,0.513,33.6,0.4245,30.8,33.2,0.3155,23.9,12.1,0.2902,0.4093,0.2725,0,0.1767,0.0739,0.1865,-0.3354,0.5927,0.7544,0.438147,CMN,BRACKET_BASE,false,true,0.62654628,0.3984763,0.5877029699999999,,0.3818,false
EVT-EAR-0104,Silver Flotilla Currency Shock in Mughal Empire,1589,early_modern,economic,South Asia,Mughal Empire,CHR-EAR-0104,2098.8,0.724,0.728,0.4867,0.6,30.8,0.454,42,34.4,0.4433,54.9,14.9,0.3644,0.4015,0.3655,0.1808,0.3107,0.5826,0.3682,0.1811,0.5972,0.6695,0.668815,RMD,BRACKET_MEDIUM,false,true,0.5909173200000001,0.569375,0.68425,,0.3922,false
EVT-EAR-0105,Metallurgical Innovation Surge in Mughal Empire,1760,early_modern,technological,South Asia,Mughal Empire,CHR-EAR-0105,2243.8,0.721,0.833,0.4935,0.279,12.1,0.2,30.5,42.5,0.3681,26.1,12.1,0.2966,0.2548,0.2944,0.3545,0.4693,0.5097,0.3765,0.2549,0.2925,0.6815,0.717527,RMD,BRACKET_HIGH,false,false,0.51975,0.541125,0.6355,,0.3059,true
EVT-EAR-0106,Grain Market Price Shock across Dutch Republic,1764,early_modern,economic,Northwestern Europe,Dutch Republic,CHR-EAR-0106,2381.2,0.522,0.688,0.6321,0.705,26.4,0.4845,38.1,39.6,0.4325,85.8,16.2,0.4032,0.5449,0.5104,0.2812,0.3757,0.5273,0.4479,-0.0176,0.3946,0.5058,0.837375,RMD,BRACKET_HIGH,true,false,0.41333874000000004,0.49872744,0.68407135,,0.3803,false
EVT-EAR-0107,Dynastic Disintegration of Mughal Empire,1618,early_modern,collapse,South Asia,Mughal Empire,CHR-EAR-0107,1418.1,0.765,0.662,0.3185,0.691,49.5,0.593,40.2,37.1,0.4401,66.6,18,0.3939,0.492,0.4358,0.0775,0.1389,0.0723,0.2433,-0.4197,0.5005,0.779,0.636146,RMD,BRACKET_MEDIUM,false,true,0.6682035299999999,0.52114754,0.91013024,,0.3766,false
EVT-EAR-0108,Agrarian Insurgency in British Empire (Early),1513,early_modern,revolution,British Isles / Global,British Empire (Early),CHR-EAR-0108,1864.1,0.585,0.464,0.547,0.467,12.5,0.296,36.1,32.6,0.369,23.3,10.3,0.2794,0.4089,0.2982,0,0.1695,0.161,0.2075,-0.2479,0.4125,0.6852,0.326722,CMN,BRACKET_BASE,false,true,0.8505,0.568875,0.870375,,0.3902,true
EVT-EAR-0109,Canal Infrastructure Boom in Ottoman Empire,1542,early_modern,economic,Southeast Europe / Near East,Ottoman Empire,CHR-EAR-0109,1015.1,0.617,0.141,0.4152,0.696,39.9,0.5475,41.9,39.2,0.471,47.9,20.6,0.3831,0.4135,0.3708,0.1754,0.2292,0.3494,0.3077,-0.0641,0.4854,0.5709,0.509457,CMN,BRACKET_BASE,false,true,0.67901246,0.54938828,0.7348652499999999,,0.3627,true
EVT-EAR-0110,Maritime Trade Hub Expansion in Ottoman Empire,1784,early_modern,economic,Southeast Europe / Near East,Ottoman Empire,CHR-EAR-0110,1695.4,0.524,0.542,0.4984,0.423,15.7,0.29,30.5,37.1,0.3357,93.5,8.6,0.3715,0.4447,0.351,0.089,0.1537,0.6007,0.3278,0.156,0.4102,0.6482,0.383776,CMN,BRACKET_BASE,false,true,0.87575128,0.607,0.7055,,0.405,false
EVT-EAR-0111,Maritime Trade Hub Expansion in Portuguese Empire,1608,early_modern,economic,Atlantic / Indian Ocean,Portuguese Empire,CHR-EAR-0111,1698.4,0.755,0.72,0.3764,0.452,43.3,0.4425,29.9,42.5,0.3616,19.2,22,0.3239,0.3613,0.3242,0.074,0.1948,0.1338,0.2176,-0.2275,0.4916,0.6987,0.625178,CMN,BRACKET_BASE,false,true,0.70376228,0.5546249999999999,0.86125,,0.3502,true
EVT-EAR-0112,Hydraulic Engineering Grid in Dutch Republic,1642,early_modern,technological,Northwestern Europe,Dutch Republic,CHR-EAR-0112,1515.4,0.43,0.261,0.5644,0.326,42.5,0.3755,36.1,37.2,0.3966,86.9,23.4,0.4402,0.3891,0.4236,0.5201,0.6764,0.6205,0.5259,0.2314,0.4626,0.6701,0.875481,RMD,BRACKET_HIGH,true,false,0.33593544,0.38040640000000003,0.44127198,,0.2986,false
EVT-EAR-0113,Palatial Collapse of Kingdom of France (Bourbon),1680,early_modern,collapse,Western Europe,Kingdom of France (Bourbon),CHR-EAR-0113,2247.2,0.447,0.677,0.6234,0.669,33.9,0.504,37,36.1,0.3997,37.7,21.2,0.3687,0.5593,0.4806,0.1235,0.2084,0.1821,0.3108,-0.3772,0.7263,0.7862,0.662397,RMD,BRACKET_MEDIUM,false,true,0.6381207,0.5935,0.9904999999999999,,0.3752,true
EVT-EAR-0114,Pantheon Reformation of Kingdom of France (Bourbon),1730,early_modern,religious,Western Europe,Kingdom of France (Bourbon),CHR-EAR-0114,2313.9,0.68,0.289,0.6871,0.758,34.9,0.5535,40.8,42.8,0.4808,19,14.7,0.2866,0.539,0.6139,0.4973,0.6698,0.3969,0.5434,-0.1421,0.4509,0.5612,0.510106,CMN,BRACKET_BASE,false,true,0.4877946,0.40097256000000003,0.50287392,,0.2975,false
EVT-EAR-0115,Orthodoxy & Heresy Trial Wave in Ming & Qing Dynasties,1561,early_modern,religious,East Asia,Ming & Qing Dynasties,CHR-EAR-0115,1033.4,0.522,0.865,0.2312,0.221,21.4,0.2175,28.6,33.2,0.2918,27.8,12.2,0.3017,0.2638,0.2425,0.1174,0.2448,0.2818,0.2301,0.018,0.5399,0.6636,0.451067,CMN,BRACKET_BASE,false,true,0.6507422199999999,0.37152410999999996,0.44625084000000004,,0.3311,false
EVT-EAR-0116,Maritime Trade Hub Expansion in Safavid Empire,1655,early_modern,economic,Persia,Safavid Empire,CHR-EAR-0116,2323.4,0.53,0.602,0.6406,0.221,44.9,0.335,31.3,35.8,0.3365,69.5,9.7,0.3555,0.4051,0.3743,0.1216,0.2399,0.4363,0.3154,0.0312,0.2645,0.5162,0.718134,RMD,BRACKET_HIGH,false,false,0.50353072,0.576125,0.705125,,0.3929,true
EVT-EAR-0117,Guild Monopoly Reform in Ottoman Empire,1700,early_modern,economic,Southeast Europe / Near East,Ottoman Empire,CHR-EAR-0117,2056.5,0.444,0.51,0.6252,0.365,53.6,0.4505,35.6,41.5,0.417,71.8,12.8,0.3734,0.537,0.4467,0.2053,0.3038,0.3931,0.3772,-0.1439,0.3254,0.5652,0.496416,CMN,BRACKET_BASE,false,true,0.6738213900000001,0.5639803,0.7626744599999999,,0.3818,false
EVT-EAR-0118,Succession Conflict of Ottoman Empire,1516,early_modern,war,Southeast Europe / Near East,Ottoman Empire,CHR-EAR-0118,1713.7,0.717,0.372,0.4962,0.467,13.8,0.3025,31.5,33.3,0.3236,69.2,19.8,0.4057,0.3496,0.2388,0,0.0843,0.1319,0.1609,-0.2177,0.3955,0.6781,0.530558,CMN,BRACKET_BASE,false,true,0.72261176,0.4789646799999999,0.74380068,,0.3755,false
EVT-EAR-0119,Urban Quarantine Emergency in British Empire (Early),1716,early_modern,pandemic,British Isles / Global,British Empire (Early),CHR-EAR-0119,1557.4,0.684,0.257,0.5003,0.74,45.9,0.5995,37.6,39,0.4235,76.3,23.4,0.4308,0.5861,0.5656,0.3153,0.5557,0.4409,0.4927,-0.1452,0.885,0.7012,0.350181,CMN,BRACKET_BASE,false,true,0.7830424699999999,0.5537892,0.83064492,,0.3684,false
EVT-EAR-0120,Metallurgical Innovation Surge in Safavid Empire,1777,early_modern,technological,Persia,Safavid Empire,CHR-EAR-0120,1387.7,0.553,0.752,0.3473,0.241,43.4,0.3375,35.6,40.3,0.4098,36.6,12.1,0.3211,0.2597,0.3188,0.4352,0.5146,0.6369,0.433,0.3772,0.3693,0.7618,0.675446,RMD,BRACKET_MEDIUM,false,true,0.5037154500000001,0.37150624000000004,0.39940800000000004,,0.327,false
EVT-EAR-0121,Dynastic Disintegration of Safavid Empire,1517,early_modern,collapse,Persia,Safavid Empire,CHR-EAR-0121,1261.6,0.746,0.712,0.2688,0.76,46.7,0.6135,40.8,43,0.482,75.2,15.8,0.3917,0.522,0.4509,0.1415,0.1994,0.1711,0.297,-0.3509,0.5667,0.7565,0.470042,CMN,BRACKET_BASE,false,true,0.8523041,0.582375,0.97275,,0.3645,false
EVT-EAR-0122,Temple Bureaucracy Reorganization of Mughal Empire,1650,early_modern,religious,South Asia,Mughal Empire,CHR-EAR-0122,1944.6,0.721,0.751,0.4409,0.526,45.9,0.4925,32.5,37.4,0.359,82.3,18.9,0.4137,0.4158,0.4235,0.3365,0.3912,0.6412,0.4416,0.2254,0.2904,0.6305,0.846535,RMD,BRACKET_HIGH,true,false,0.42805854000000004,0.39083714999999997,0.36027492,,0.3471,false
EVT-EAR-0123,Agrarian Insurgency in British Empire (Early),1791,early_modern,revolution,British Isles / Global,British Empire (Early),CHR-EAR-0123,1026.7,0.595,0.341,0.3648,0.21,54.7,0.3785,32.5,42.4,0.389,91,11,0.3815,0.4607,0.2926,0,0.1013,0.5711,0.2851,0.1104,0.3603,0.6098,0.565961,CMN,BRACKET_BASE,false,true,0.66207544,0.5425222399999999,0.6536133,,0.3972,false
EVT-EAR-0124,Guild Monopoly Reform in Mughal Empire,1773,early_modern,economic,South Asia,Mughal Empire,CHR-EAR-0124,1932,0.428,0.65,0.5558,0.462,14.4,0.303,32.4,34.2,0.3387,28.9,19.5,0.341,0.3527,0.3276,0.1084,0.2327,0.3624,0.2768,0.0097,0.5075,0.5825,0.358501,CMN,BRACKET_BASE,false,true,0.888625,0.558375,0.7427499999999999,,0.3767,true
EVT-EAR-0125,Maritime Trade Hub Expansion in Ming & Qing Dynasties,1547,early_modern,economic,East Asia,Ming & Qing Dynasties,CHR-EAR-0125,2391.3,0.528,0.435,0.7089,0.377,48.7,0.432,29.7,37.7,0.3307,65,13.6,0.3702,0.5305,0.4531,0.2971,0.4638,0.3756,0.424,-0.1549,0.577,0.6372,0.475424,CMN,BRACKET_BASE,false,true,0.5428298699999999,0.39324584999999995,0.535857,,0.34,false
EVT-EAR-0126,Debt Crisis Settlement of Ottoman Empire,1532,early_modern,economic,Southeast Europe / Near East,Ottoman Empire,CHR-EAR-0126,1007.5,0.589,0.33,0.3649,0.684,14.5,0.4145,30.4,33.6,0.3136,29.1,23.7,0.3625,0.32,0.2257,0.0959,0.258,0.3456,0.249,0.0256,0.5312,0.6127,0.48129,CMN,BRACKET_BASE,false,true,0.64871791,0.38126262,0.44583752000000004,,0.3716,false
EVT-EAR-0127,Temple Bureaucracy Reorganization of Tsardom & Russian Empire,1570,early_modern,religious,Northern Eurasia,Tsardom & Russian Empire,CHR-EAR-0127,1137.9,0.563,0.526,0.3476,0.492,17.5,0.3335,33.1,33.5,0.3421,41.1,12.7,0.3325,0.3485,0.3666,0.1812,0.3381,0.4742,0.3417,0.1257,0.5199,0.6744,0.60756,CMN,BRACKET_BASE,false,true,0.4386429600000001,0.37391796,0.41081207999999997,,0.3679,false
EVT-EAR-0128,Temple Bureaucracy Reorganization of Ming & Qing Dynasties,1512,early_modern,religious,East Asia,Ming & Qing Dynasties,CHR-EAR-0128,1138.8,0.516,0.378,0.4063,0.451,20.1,0.326,37,38.6,0.4147,76.1,14.7,0.3871,0.3643,0.4352,0.2797,0.4532,0.4629,0.3991,0.0986,0.2963,0.5853,0.639923,RMD,BRACKET_MEDIUM,false,true,0.42498324,0.3730446,0.39557504,,0.3263,false
EVT-EAR-0129,Borderlands Pacification of Spanish Empire,1630,early_modern,war,Iberia / Americas,Spanish Empire,CHR-EAR-0129,2231.9,0.746,0.501,0.5825,0.28,14.2,0.211,33.6,41.6,0.3961,52.5,21,0.3917,0.3754,0.3122,0.1312,0.3224,0.1928,0.2668,-0.1826,0.3587,0.6398,0.39338,CMN,BRACKET_BASE,false,true,0.7363161,0.551375,0.8150000000000001,,0.3438,true
EVT-EAR-0130,Agricultural Plague Wave in Polish-Lithuanian Commonwealth,1646,early_modern,pandemic,Eastern Europe,Polish-Lithuanian Commonwealth,CHR-EAR-0130,897.2,0.649,0.31,0.3245,0.807,19.6,0.5015,37.1,39.6,0.4218,59.1,18.6,0.3883,0.4969,0.4488,0.1953,0.3895,0.3437,0.3748,-0.1532,0.8112,0.7284,0.4607,CMN,BRACKET_BASE,false,true,0.70889302,0.54312002,0.8163446899999999,,0.3723,false
EVT-EAR-0131,Succession Conflict of Polish-Lithuanian Commonwealth,1636,early_modern,war,Eastern Europe,Polish-Lithuanian Commonwealth,CHR-EAR-0131,1445.2,0.733,0.801,0.2934,0.308,23.2,0.27,31.9,37.9,0.3556,21.8,12.5,0.2856,0.3221,0.2585,0,0.0889,0.3038,0.1947,-0.0183,0.6272,0.6588,0.311109,CMN,BRACKET_BASE,false,true,0.9263325600000001,0.5625,0.761,,0.3977,true
EVT-EAR-0132,Frontier Fragmentation of Ming & Qing Dynasties,1679,early_modern,collapse,East Asia,Ming & Qing Dynasties,CHR-EAR-0132,2094.2,0.616,0.361,0.628,0.249,12.4,0.1865,41.7,36.8,0.4545,85.7,11.8,0.3812,0.4774,0.3866,0.0147,0.0616,0.2303,0.2341,-0.2471,0.4621,0.6886,0.596371,CMN,BRACKET_BASE,false,true,0.5684343599999999,0.5116890900000001,0.80687095,,0.4058,false
EVT-EAR-0133,Succession Conflict of Polish-Lithuanian Commonwealth,1746,early_modern,war,Eastern Europe,Polish-Lithuanian Commonwealth,CHR-EAR-0133,1589.6,0.736,0.576,0.3973,0.845,42.9,0.637,34.4,34.6,0.3627,23.3,18.5,0.3204,0.401,0.3548,0.1472,0.2349,0.3577,0.2991,-0.0433,0.5444,0.5799,0.509179,CMN,BRACKET_BASE,false,true,0.6198794000000001,0.39250848,0.48849993999999997,,0.3729,false
EVT-EAR-0134,Educational Charter of Polish-Lithuanian Commonwealth,1636,early_modern,transformation,Eastern Europe,Polish-Lithuanian Commonwealth,CHR-EAR-0134,2349.9,0.488,0.721,0.6244,0.613,33.6,0.4745,37.4,33.3,0.3872,81.6,11.1,0.3741,0.404,0.452,0.313,0.52,0.5344,0.4447,0.1304,0.3413,0.5628,0.694845,RMD,BRACKET_MEDIUM,false,false,0.43847856,0.48153234,0.5821195800000001,,0.3374,false
EVT-EAR-0135,Radical Assembly Schism in Kingdom of France (Bourbon),1699,early_modern,revolution,Western Europe,Kingdom of France (Bourbon),CHR-EAR-0135,2293.2,0.726,0.447,0.6205,0.332,35.1,0.3415,34.1,41.4,0.4002,90.8,11.3,0.3828,0.4546,0.3109,0.0494,0.3238,0.431,0.3139,-0.0236,0.4444,0.5495,0.799668,RMD,BRACKET_HIGH,true,false,0.36675054,0.40650424,0.47828313,,0.4055,false
EVT-EAR-0136,Debt Crisis Settlement of Spanish Empire,1754,early_modern,economic,Iberia / Americas,Spanish Empire,CHR-EAR-0136,2255.1,0.606,0.833,0.5309,0.407,39.2,0.3995,35.5,34.6,0.3745,66.5,15.4,0.3808,0.4315,0.3443,0.1618,0.3082,0.3827,0.3257,-0.0488,0.2961,0.5346,0.679161,RMD,BRACKET_MEDIUM,false,true,0.42218,0.37826016,0.447825,,0.3753,false
EVT-EAR-0137,Pantheon Reformation of Ming & Qing Dynasties,1571,early_modern,religious,East Asia,Ming & Qing Dynasties,CHR-EAR-0137,1630.9,0.541,0.83,0.3902,0.67,12.1,0.3955,39.3,33.1,0.4064,45.5,17.2,0.3623,0.3966,0.4041,0.286,0.4488,0.282,0.3635,-0.1146,0.3455,0.5994,0.447401,CMN,BRACKET_BASE,false,true,0.51151232,0.38820041,0.48972063,,0.3028,false
EVT-EAR-0138,Frontier Fragmentation of Safavid Empire,1658,early_modern,collapse,Persia,Safavid Empire,CHR-EAR-0138,1675.5,0.646,0.349,0.5145,0.609,19.1,0.4,35.2,42.4,0.4181,44.6,8.9,0.3194,0.5376,0.4866,0.1965,0.2797,0.2106,0.3422,-0.327,0.4963,0.7308,0.639094,RMD,BRACKET_MEDIUM,false,true,0.6141742299999999,0.49436912000000005,0.8473221,,0.3584,false
EVT-EAR-0139,Orthodoxy & Heresy Trial Wave in Portuguese Empire,1577,early_modern,religious,Atlantic / Indian Ocean,Portuguese Empire,CHR-EAR-0139,1824.4,0.656,0.655,0.4582,0.372,49.4,0.433,33.9,38.9,0.3831,35.7,16.3,0.3403,0.4318,0.4282,0.3303,0.4964,0.5162,0.4406,0.0844,0.4158,0.5884,0.495636,CMN,BRACKET_BASE,false,true,0.5428752399999999,0.48237327999999996,0.6258912799999999,,0.3244,false
EVT-EAR-0140,Maritime Hegemony Clash in British Empire (Early),1513,early_modern,war,British Isles / Global,British Empire (Early),CHR-EAR-0140,1135.4,0.627,0.895,0.2171,0.724,48.7,0.6055,39.3,35.8,0.4226,89.9,14.4,0.3976,0.3803,0.2996,0.1106,0.2174,0.2348,0.2485,-0.1455,0.5884,0.6689,0.499556,CMN,BRACKET_BASE,false,true,0.70807451,0.4725492,0.74797614,,0.357,false
EVT-EAR-0141,Coalition Defense of British Empire (Early),1711,early_modern,war,British Isles / Global,British Empire (Early),CHR-EAR-0141,1502.7,0.435,0.757,0.4108,0.327,42.2,0.3745,39.1,32,0.3977,38.8,16.3,0.3463,0.4348,0.3565,0.1974,0.3349,0.357,0.3361,-0.0778,0.3608,0.5848,0.406201,CMN,BRACKET_BASE,false,true,0.8612438599999999,0.5539999999999999,0.767625,,0.355,true
EVT-EAR-0142,Astronomical Standardization by Dutch Republic,1560,early_modern,technological,Northwestern Europe,Dutch Republic,CHR-EAR-0142,2340.7,0.429,0.12,0.82,0.744,31.7,0.5305,30.5,36.4,0.3315,93.8,13.6,0.3967,0.4676,0.5159,0.5748,0.7012,0.8066,0.6132,0.339,0.2,0.6108,0.986006,RMD,BRACKET_HIGH,true,false,0.2718024,0.3881508,0.3551544,,0.3286,false
EVT-EAR-0143,Pantheon Reformation of Polish-Lithuanian Commonwealth,1547,early_modern,religious,Eastern Europe,Polish-Lithuanian Commonwealth,CHR-EAR-0143,1955.4,0.59,0.63,0.5193,0.211,27.4,0.2425,35,38.3,0.3913,39,12.1,0.3257,0.4121,0.4406,0.2748,0.4057,0.271,0.3608,-0.1411,0.4763,0.6523,0.512987,CMN,BRACKET_BASE,false,true,0.58455126,0.45086496000000004,0.70377512,,0.3101,false
EVT-EAR-0144,Continental Standoff of Safavid Empire,1529,early_modern,war,Persia,Safavid Empire,CHR-EAR-0144,2095.4,0.559,0.121,0.7174,0.773,48,0.6265,33,38.9,0.3734,26.5,16.4,0.3192,0.5791,0.4878,0.2428,0.4006,0.3891,0.4199,-0.19,0.3686,0.5672,0.535802,CMN,BRACKET_BASE,false,true,0.51623712,0.40237736,0.52994886,,0.3754,false
EVT-EAR-0145,Maritime Trade Hub Expansion in Polish-Lithuanian Commonwealth,1691,early_modern,economic,Eastern Europe,Polish-Lithuanian Commonwealth,CHR-EAR-0145,1468.8,0.736,0.85,0.2839,0.832,54.9,0.6905,38,35,0.4038,65.2,15.3,0.3789,0.3906,0.3357,0.1302,0.3081,0.4062,0.3142,0.0156,0.6312,0.5895,0.598971,CMN,BRACKET_BASE,false,true,0.50631006,0.39512367,0.4774649,,0.3844,false
EVT-EAR-0146,Grain Market Price Shock across Ming & Qing Dynasties,1531,early_modern,economic,East Asia,Ming & Qing Dynasties,CHR-EAR-0146,1656.1,0.658,0.555,0.4441,0.571,13.9,0.355,28.2,40.4,0.3307,39.7,13.9,0.336,0.3617,0.272,0.1035,0.1717,0.3743,0.2566,0.0126,0.4597,0.5823,0.448855,CMN,BRACKET_BASE,false,true,0.7397697999999999,0.5471445,0.67674906,,0.3831,true
EVT-EAR-0147,Peasant Rebellion against Ottoman Empire,1528,early_modern,revolution,Southeast Europe / Near East,Ottoman Empire,CHR-EAR-0147,1402.7,0.707,0.159,0.4828,0.25,14.7,0.1985,28.5,40.9,0.3369,67.6,17.2,0.391,0.358,0.2055,0,0.1141,0.307,0.1969,-0.051,0.7425,0.6904,0.390455,CMN,BRACKET_BASE,false,true,0.7836367900000001,0.48345615000000003,0.70171716,,0.4,false
EVT-EAR-0148,Frontier Campaign of Polish-Lithuanian Commonwealth,1531,early_modern,war,Eastern Europe,Polish-Lithuanian Commonwealth,CHR-EAR-0148,2109.8,0.449,0.235,0.7199,0.253,46.1,0.357,31.1,37.7,0.3457,37.4,17.6,0.3501,0.409,0.3655,0.0988,0.2318,0.5376,0.3285,0.1286,0.5322,0.6191,0.468031,CMN,BRACKET_BASE,false,true,0.6426905800000001,0.5636358,0.6586854400000001,,0.404,false
EVT-EAR-0149,Pantheon Reformation of Tokugawa Shogunate,1609,early_modern,religious,Japan,Tokugawa Shogunate,CHR-EAR-0149,2240.4,0.739,0.224,0.6699,0.529,46.5,0.497,34.7,42.3,0.4121,94.3,10.2,0.3801,0.5281,0.5775,0.396,0.5463,0.6001,0.5296,0.072,0.2817,0.5025,0.52368,CMN,BRACKET_BASE,false,true,0.5257139,0.47944652,0.59678332,,0.3442,false
EVT-EAR-0150,Borderlands Pacification of Tsardom & Russian Empire,1620,early_modern,war,Northern Eurasia,Tsardom & Russian Empire,CHR-EAR-0150,1660,0.448,0.152,0.629,0.353,31,0.3315,29.1,32.4,0.2924,49.7,12.9,0.3472,0.3827,0.3375,0.0918,0.1769,0.1027,0.2183,-0.28,0.327,0.675,0.561136,CMN,BRACKET_BASE,false,true,0.73455928,0.54638804,0.8030030399999999,,0.3486,true
EVT-EAR-0151,Caravan Route Pestilence in Ming & Qing Dynasties,1690,early_modern,pandemic,East Asia,Ming & Qing Dynasties,CHR-EAR-0151,2279.8,0.478,0.252,0.75,0.826,54.6,0.686,30.8,35.4,0.3287,70.6,11.3,0.3646,0.5679,0.5213,0.1505,0.2893,0.2564,0.3571,-0.3115,0.7927,0.7317,0.533259,CMN,BRACKET_BASE,false,true,0.6659699199999999,0.5085386,0.8714510599999999,,0.3855,false
EVT-EAR-0152,Guild Monopoly Reform in Ming & Qing Dynasties,1590,early_modern,economic,East Asia,Ming & Qing Dynasties,CHR-EAR-0152,971.5,0.423,0.598,0.3251,0.62,42.6,0.523,35.5,38.8,0.3997,48.6,18.1,0.3716,0.4115,0.3411,0.1857,0.3012,0.2851,0.3049,-0.1264,0.6322,0.6691,0.755032,RMD,BRACKET_HIGH,true,false,0.39905916,0.37487156,0.50912064,,0.3389,false
EVT-EAR-0153,Palatial Collapse of Ming & Qing Dynasties,1773,early_modern,collapse,East Asia,Ming & Qing Dynasties,CHR-EAR-0153,862.2,0.748,0.257,0.3016,0.719,42.7,0.573,37.9,33.1,0.3914,66.7,16.2,0.385,0.5105,0.4085,0.0731,0.1119,0.2177,0.2643,-0.2928,0.454,0.7117,0.598773,CMN,BRACKET_BASE,false,true,0.55438977,0.4159201,0.58250415,,0.394,false
EVT-EAR-0154,Systemic Governance Breakdown in Tsardom & Russian Empire,1503,early_modern,collapse,Northern Eurasia,Tsardom & Russian Empire,CHR-EAR-0154,2227.2,0.627,0.122,0.7307,0.735,29.5,0.515,29.2,39.6,0.3367,31.7,16.7,0.3337,0.5972,0.544,0.171,0.2612,0.2977,0.3742,-0.2995,0.6862,0.7259,0.68979,RMD,BRACKET_MEDIUM,false,false,0.45465328,0.40314261,0.583671,,0.3872,false
EVT-EAR-0155,Radical Assembly Schism in Ming & Qing Dynasties,1711,early_modern,revolution,East Asia,Ming & Qing Dynasties,CHR-EAR-0155,1370.7,0.724,0.815,0.2727,0.576,28.8,0.432,30.8,42.5,0.3713,84.5,18.6,0.4141,0.4001,0.2544,0.0285,0.1319,0.5478,0.2725,0.1477,0.5382,0.6829,0.675428,RMD,BRACKET_MEDIUM,false,true,0.6019008800000001,0.41153294000000007,0.44014240000000004,,0.4017,false
EVT-EAR-0156,Radical Assembly Schism in Mughal Empire,1541,early_modern,revolution,South Asia,Mughal Empire,CHR-EAR-0156,1330.1,0.445,0.654,0.3942,0.502,31.8,0.41,31.6,40.5,0.3679,75.2,19.3,0.4092,0.4309,0.3097,0.0496,0.2632,0.5299,0.3167,0.099,0.7596,0.6975,0.514366,CMN,BRACKET_BASE,false,true,0.66825693,0.40547621,0.46158291,,0.402,false
EVT-EAR-0157,Monastic Network Expansion of Ming & Qing Dynasties,1672,early_modern,religious,East Asia,Ming & Qing Dynasties,CHR-EAR-0157,956.6,0.486,0.557,0.3146,0.659,46.8,0.5635,30.4,36.6,0.3316,94,20.9,0.4334,0.4099,0.4756,0.3674,0.5438,0.5511,0.4696,0.1412,0.5276,0.6567,0.708162,RMD,BRACKET_HIGH,false,false,0.36265786,0.37122731999999997,0.4020483,,0.3125,false
EVT-EAR-0158,Continental Standoff of Tsardom & Russian Empire,1675,early_modern,war,Northern Eurasia,Tsardom & Russian Empire,CHR-EAR-0158,1468.5,0.539,0.318,0.5025,0.738,19.5,0.4665,38,32.9,0.3912,45.7,10.4,0.3287,0.3918,0.3036,0,0.1548,0.4888,0.2678,0.097,0.4611,0.5936,0.834105,RMD,BRACKET_HIGH,true,false,0.3692367,0.40511583,0.4426136,,0.403,false
EVT-EAR-0159,Epidemic Fever Outbreak across Tokugawa Shogunate,1699,early_modern,pandemic,Japan,Tokugawa Shogunate,CHR-EAR-0159,1124.5,0.599,0.177,0.438,0.213,43.3,0.323,41.1,42.3,0.481,55.6,13.3,0.3573,0.488,0.4238,0.0805,0.2019,0.2984,0.2985,-0.1896,0.6149,0.6998,0.650228,RMD,BRACKET_MEDIUM,false,true,0.5701005100000001,0.3903081,0.53648065,,0.3983,false
EVT-EAR-0160,Systemic Governance Breakdown in British Empire (Early),1634,early_modern,collapse,British Isles / Global,British Empire (Early),CHR-EAR-0160,2351.4,0.449,0.26,0.7748,0.351,45.1,0.401,28.4,34,0.2945,45.6,23.7,0.395,0.5528,0.4916,0.1338,0.1609,0.216,0.311,-0.3368,0.5217,0.7218,0.648617,RMD,BRACKET_MEDIUM,false,true,0.66922233,0.5813566800000001,0.89831932,,0.3773,false
EVT-EAR-0161,Frontier Fragmentation of Ottoman Empire,1776,early_modern,collapse,Southeast Europe / Near East,Ottoman Empire,CHR-EAR-0161,1262.4,0.548,0.13,0.503,0.411,45.2,0.4315,29,37.5,0.3219,39.8,16.4,0.3486,0.5042,0.4056,0.1356,0.1741,0.3226,0.3084,-0.1816,0.5552,0.6784,0.658672,RMD,BRACKET_MEDIUM,false,true,0.51593766,0.5600710400000001,0.80766162,,0.3891,false
EVT-EAR-0162,Frontier Fragmentation of Kingdom of France (Bourbon),1574,early_modern,collapse,Western Europe,Kingdom of France (Bourbon),CHR-EAR-0162,976,0.664,0.204,0.3721,0.475,42.6,0.4505,38,39.7,0.432,21.8,17.2,0.3091,0.5275,0.4111,0.1842,0.2351,0.1346,0.2985,-0.3929,0.6584,0.8186,0.478333,CMN,BRACKET_BASE,false,true,0.5772508000000001,0.38533026,0.59560375,,0.361,false
EVT-EAR-0163,Peasant Rebellion against Portuguese Empire,1580,early_modern,revolution,Atlantic / Indian Ocean,Portuguese Empire,CHR-EAR-0163,1405.2,0.73,0.619,0.3386,0.682,52.8,0.605,38.6,38.1,0.4289,57.8,20.6,0.3967,0.5129,0.4192,0.022,0.1518,0.3116,0.2835,-0.2013,0.5592,0.6726,0.762235,RMD,BRACKET_HIGH,true,false,0.37864875000000003,0.41097698,0.54299728,,0.409,false
EVT-EAR-0164,Navigational Instrument Reform in Spanish Empire,1788,early_modern,technological,Iberia / Americas,Spanish Empire,CHR-EAR-0164,1018.1,0.675,0.237,0.3698,0.684,51.5,0.5995,37.2,34,0.3892,29.8,14.4,0.3177,0.3733,0.3954,0.4751,0.6324,0.5856,0.4924,0.2123,0.4979,0.6653,0.491119,CMN,BRACKET_BASE,false,true,0.45855876000000007,0.38803294,0.44369449999999994,,0.2993,false
EVT-EAR-0165,Maritime Trade Hub Expansion in Ming & Qing Dynasties,1525,early_modern,economic,East Asia,Ming & Qing Dynasties,CHR-EAR-0165,1195.1,0.699,0.834,0.2292,0.256,14.6,0.201,35.1,37.2,0.3858,53.1,21.4,0.3945,0.3381,0.2579,0,0.1115,0.5176,0.245,0.1795,0.2562,0.6686,0.572667,CMN,BRACKET_BASE,false,true,0.68902128,0.5752494199999999,0.6110291999999999,,0.4045,false
EVT-EAR-0166,Popular Uprising of Kingdom of France (Bourbon),1670,early_modern,revolution,Western Europe,Kingdom of France (Bourbon),CHR-EAR-0166,1454.9,0.512,0.478,0.4591,0.214,29.5,0.2545,31.1,38.2,0.3487,80.1,18.1,0.4078,0.3757,0.2389,0,0.1805,0.5511,0.2692,0.1754,0.6806,0.7355,0.583022,CMN,BRACKET_BASE,false,true,0.61448812,0.4000925,0.44109067,,0.3971,false
EVT-EAR-0167,Administrative Codification of Spanish Empire,1789,early_modern,transformation,Iberia / Americas,Spanish Empire,CHR-EAR-0167,1613.1,0.76,0.333,0.469,0.457,50.1,0.479,37.6,38.5,0.4205,62.7,24,0.4195,0.3923,0.4618,0.4102,0.6215,0.6077,0.4987,0.2154,0.1361,0.5751,0.485431,CMN,BRACKET_BASE,false,true,0.6999847600000001,0.557125,0.5375,,0.3201,false
EVT-EAR-0168,Respiratory Virulence Wave across British Empire (Early),1691,early_modern,pandemic,British Isles / Global,British Empire (Early),CHR-EAR-0168,1534.1,0.737,0.893,0.2875,0.605,19.3,0.399,38.3,39,0.4311,23.2,22,0.3376,0.4595,0.3886,0,0.2195,0.3513,0.2838,-0.1082,0.6261,0.6773,0.37075,CMN,BRACKET_BASE,false,true,0.9495,0.587875,0.84275,,0.4072,true
EVT-EAR-0169,Mechanical Power Harnessing in Kingdom of France (Bourbon),1700,early_modern,technological,Western Europe,Kingdom of France (Bourbon),CHR-EAR-0169,2092.5,0.456,0.82,0.5378,0.543,18,0.3615,28.7,41.5,0.3427,27.6,9.4,0.2872,0.3039,0.3259,0.4341,0.4956,0.5456,0.421,0.2417,0.4712,0.692,0.869317,RMD,BRACKET_HIGH,true,false,0.43596223999999995,0.37934575,0.44642356000000005,,0.2937,false
EVT-EAR-0170,Borderlands Pacification of Spanish Empire,1580,early_modern,war,Iberia / Americas,Spanish Empire,CHR-EAR-0170,1021.1,0.421,0.422,0.3913,0.578,50.1,0.5395,40.9,33.8,0.4279,76.8,12,0.3742,0.4806,0.3836,0.1283,0.2367,0.5343,0.3527,0.0537,0.3418,0.5406,0.571776,CMN,BRACKET_BASE,false,true,0.48258256,0.41262218,0.44356563999999993,,0.4064,false
EVT-EAR-0171,Sanitation & Medical Breakthrough in Ming & Qing Dynasties,1632,early_modern,technological,East Asia,Ming & Qing Dynasties,CHR-EAR-0171,1337.2,0.573,0.36,0.4458,0.773,51.7,0.645,34,40.3,0.3926,54.3,11.4,0.3461,0.4099,0.4351,0.4921,0.577,0.5594,0.4947,0.1495,0.2936,0.5616,0.634976,RMD,BRACKET_MEDIUM,false,true,0.509085,0.46255481,0.6090258399999999,,0.2734,false
EVT-EAR-0172,Radical Assembly Schism in Portuguese Empire,1674,early_modern,revolution,Atlantic / Indian Ocean,Portuguese Empire,CHR-EAR-0172,1128.5,0.688,0.441,0.3332,0.788,21.8,0.503,31.4,32.8,0.3196,75.4,9.4,0.3599,0.403,0.2857,0.081,0.2298,0.0683,0.2136,-0.3347,0.5089,0.7646,0.477527,CMN,BRACKET_BASE,false,true,0.7314419999999999,0.47330114999999995,0.8130298,,0.3636,false
EVT-EAR-0173,Astronomical Standardization by Mughal Empire,1640,early_modern,technological,South Asia,Mughal Empire,CHR-EAR-0173,1794,0.598,0.235,0.5937,0.774,54.4,0.659,34,38.2,0.38,60.2,14,0.3666,0.4273,0.4708,0.5437,0.6905,0.6187,0.5502,0.1914,0.3617,0.5789,0.445037,CMN,BRACKET_BASE,false,true,0.7173218299999999,0.5595,0.7101250000000001,,0.2893,false
EVT-EAR-0174,Strategic Siege of Polish-Lithuanian Commonwealth,1684,early_modern,war,Eastern Europe,Polish-Lithuanian Commonwealth,CHR-EAR-0174,1080.4,0.514,0.579,0.3316,0.359,47.5,0.417,31.1,42.9,0.3769,20.4,18.4,0.3103,0.359,0.2417,0.0791,0.2236,0.3662,0.2539,0.0072,0.4042,0.5661,0.642738,RMD,BRACKET_MEDIUM,false,true,0.57867849,0.39174519999999996,0.4494945,,0.3884,false
EVT-EAR-0175,Imperial Annexation War in Mughal Empire,1623,early_modern,war,South Asia,Mughal Empire,CHR-EAR-0175,2032.6,0.461,0.131,0.7276,0.46,23.3,0.3465,40.2,42.3,0.4713,68.4,18,0.3958,0.5034,0.394,0.1504,0.3072,0.6154,0.3941,0.112,0.4649,0.5749,0.4957,CMN,BRACKET_BASE,false,true,0.6465406499999999,0.57638134,0.6677633599999999,,0.4042,false
EVT-EAR-0176,Fiscal Modernization in Dutch Republic,1640,early_modern,transformation,Northwestern Europe,Dutch Republic,CHR-EAR-0176,1545.7,0.63,0.258,0.5131,0.381,25.5,0.318,32.7,32.3,0.3306,28.5,9.6,0.2905,0.289,0.3317,0.1937,0.3523,0.5646,0.3463,0.2756,0.223,0.6603,0.749028,RMD,BRACKET_HIGH,true,false,0.5637620600000001,0.48214935999999997,0.5087238,,0.3665,false
EVT-EAR-0177,Harbor Incursion Sickness in Kingdom of France (Bourbon),1777,early_modern,pandemic,Western Europe,Kingdom of France (Bourbon),CHR-EAR-0177,2295,0.77,0.88,0.4779,0.806,26.8,0.537,37,39.9,0.4225,72.5,16.9,0.3946,0.5265,0.4996,0.0189,0.1384,0.3708,0.3108,-0.1557,0.6344,0.6571,0.621612,CMN,BRACKET_BASE,false,true,0.66749838,0.6327499999999999,0.8787499999999999,,0.4093,false
EVT-EAR-0178,Palatial Collapse of Tokugawa Shogunate,1658,early_modern,collapse,Japan,Tokugawa Shogunate,CHR-EAR-0178,1843.5,0.575,0.621,0.4976,0.329,12.7,0.228,35.7,36.4,0.3875,19.4,22,0.3246,0.4956,0.4079,0.1618,0.2364,0.3036,0.3211,-0.192,0.4518,0.6797,0.794249,RMD,BRACKET_HIGH,true,false,0.5803249600000001,0.4850082,0.76524058,,0.3724,false
EVT-EAR-0179,Maritime Hegemony Clash in British Empire (Early),1772,early_modern,war,British Isles / Global,British Empire (Early),CHR-EAR-0179,1754,0.666,0.166,0.5837,0.573,31,0.4415,41.6,34.9,0.442,64.4,13.1,0.367,0.5194,0.4133,0.1242,0.1924,0.4538,0.3406,-0.0656,0.4853,0.5667,0.439136,CMN,BRACKET_BASE,false,true,0.72936865,0.52189116,0.7431912,,0.4072,false
EVT-EAR-0180,Guild Monopoly Reform in Ottoman Empire,1732,early_modern,economic,Southeast Europe / Near East,Ottoman Empire,CHR-EAR-0180,1343.4,0.504,0.116,0.5413,0.788,37,0.579,36.5,34.3,0.3835,79.7,14.1,0.3874,0.5216,0.496,0.2929,0.3888,0.4988,0.4396,-0.0228,0.6318,0.5747,0.50709,CMN,BRACKET_BASE,false,true,0.54143538,0.38080383,0.47656168000000004,,0.3646,false
EVT-EAR-0181,Peasant Rebellion against Tokugawa Shogunate,1501,early_modern,revolution,Japan,Tokugawa Shogunate,CHR-EAR-0181,1000,0.669,0.11,0.405,0.698,33.4,0.516,28.3,38.3,0.3192,92.3,23.5,0.445,0.4729,0.3641,0.0187,0.2148,0.4089,0.2959,-0.064,0.4521,0.5916,0.604342,CMN,BRACKET_BASE,false,true,0.69856768,0.57415434,0.74641576,,0.4058,false
EVT-EAR-0182,Frontier Campaign of Dutch Republic,1756,early_modern,war,Northwestern Europe,Dutch Republic,CHR-EAR-0182,919.2,0.761,0.835,0.1391,0.755,12.4,0.4395,31.6,36.6,0.3445,57.2,21,0.3979,0.3295,0.2724,0,0.1119,0.2486,0.1925,-0.0809,0.3805,0.6303,0.799038,RMD,BRACKET_HIGH,true,false,0.43706065,0.38129546,0.46482007,,0.3929,false
EVT-EAR-0183,Frontier Campaign of British Empire (Early),1704,early_modern,war,British Isles / Global,British Empire (Early),CHR-EAR-0183,1716,0.461,0.343,0.5823,0.784,50.6,0.645,31.7,34.3,0.3318,94.7,22.1,0.4399,0.4565,0.4154,0.1008,0.1949,0.442,0.3219,-0.0145,0.5392,0.5388,0.494363,CMN,BRACKET_BASE,false,true,0.53394927,0.40664459999999997,0.48427022999999997,,0.4058,false
EVT-EAR-0184,Civic Restoration Revolt in British Empire (Early),1576,early_modern,revolution,British Isles / Global,British Empire (Early),CHR-EAR-0184,2008.4,0.75,0.335,0.5734,0.255,12.5,0.19,33.5,37.5,0.3704,85.3,8,0.3618,0.417,0.2532,0.0499,0.2751,0.2496,0.249,-0.1674,0.5265,0.682,0.480944,CMN,BRACKET_BASE,false,true,0.5985075200000001,0.38124589999999997,0.508664,,0.3894,false
EVT-EAR-0185,Educational Charter of Ming & Qing Dynasties,1764,early_modern,transformation,East Asia,Ming & Qing Dynasties,CHR-EAR-0185,1587.9,0.513,0.258,0.5591,0.457,33.7,0.397,28.4,39.7,0.3287,90.8,20.8,0.4303,0.3784,0.4404,0.3539,0.4763,0.5464,0.4391,0.168,0.2608,0.5932,0.594794,CMN,BRACKET_BASE,false,true,0.62768517,0.52150016,0.5415795,,0.3126,false
EVT-EAR-0186,Decentralization Wave across Dutch Republic,1595,early_modern,collapse,Northwestern Europe,Dutch Republic,CHR-EAR-0186,1062.8,0.623,0.668,0.2676,0.646,15.7,0.4015,41.1,40.4,0.4696,67.4,10.6,0.3578,0.4921,0.4324,0.0619,0.115,0.2235,0.265,-0.2686,0.6518,0.7672,0.743575,RMD,BRACKET_HIGH,true,false,0.5425291,0.40830428,0.5776912799999999,,0.3962,false
EVT-EAR-0187,Imperial Annexation War in Ottoman Empire,1651,early_modern,war,Southeast Europe / Near East,Ottoman Empire,CHR-EAR-0187,1986.6,0.584,0.707,0.506,0.281,44.5,0.363,32.8,33.4,0.3382,25.6,19.9,0.3342,0.3948,0.3356,0.023,0.1341,0.5422,0.2859,0.1474,0.3316,0.6114,0.584892,CMN,BRACKET_BASE,false,true,0.5903794,0.42245365,0.43699376,,0.4031,false
EVT-EAR-0188,Synod Monotheistic Mandate in Polish-Lithuanian Commonwealth,1630,early_modern,religious,Eastern Europe,Polish-Lithuanian Commonwealth,CHR-EAR-0188,2389.5,0.629,0.774,0.5764,0.372,54.7,0.4595,30.1,41.7,0.359,89.9,10,0.3756,0.4355,0.3965,0.3014,0.3573,0.3446,0.3671,-0.0909,0.3688,0.5621,0.44546,CMN,BRACKET_BASE,false,true,0.817,0.540125,0.76475,,0.2911,true
EVT-EAR-0189,Secular Legal Separation in Portuguese Empire,1694,early_modern,religious,Atlantic / Indian Ocean,Portuguese Empire,CHR-EAR-0189,1842,0.524,0.686,0.493,0.452,19.1,0.3215,40.9,34.3,0.4309,63.5,23.6,0.4185,0.4472,0.473,0.3539,0.4599,0.5258,0.452,0.0786,0.2425,0.5463,0.667899,RMD,BRACKET_MEDIUM,false,true,0.4809844999999999,0.38529949999999996,0.40772797000000005,,0.3189,false
EVT-EAR-0190,Epidemic Fever Outbreak across Ming & Qing Dynasties,1523,early_modern,pandemic,East Asia,Ming & Qing Dynasties,CHR-EAR-0190,997.4,0.471,0.758,0.2693,0.447,31.1,0.379,29,32.9,0.2943,26,8.6,0.2788,0.3705,0.2998,0,0.2195,0.3317,0.2443,-0.0388,0.8715,0.7274,0.418346,CMN,BRACKET_BASE,false,true,0.68706639,0.39871764,0.49684836,,0.4023,false
EVT-EAR-0191,Succession Conflict of British Empire (Early),1611,early_modern,war,British Isles / Global,British Empire (Early),CHR-EAR-0191,1208.3,0.755,0.822,0.2194,0.4,18.3,0.2915,28,33.5,0.2872,81.8,11.9,0.3783,0.3507,0.2379,0,0.1589,0.3497,0.2194,-0.001,0.5006,0.636,0.547445,CMN,BRACKET_BASE,false,true,0.872508,0.56775,0.742625,,0.4023,true
EVT-EAR-0192,Metallurgical Innovation Surge in Dutch Republic,1518,early_modern,technological,Northwestern Europe,Dutch Republic,CHR-EAR-0192,1280.5,0.453,0.42,0.4492,0.255,20.9,0.232,38.6,40.3,0.4421,37.7,23.9,0.3822,0.2794,0.3248,0.3853,0.5132,0.5353,0.4076,0.2559,0.2425,0.6603,0.739268,RMD,BRACKET_HIGH,true,false,0.547875,0.545125,0.6320000000000001,,0.3057,true
EVT-EAR-0193,Harbor Incursion Sickness in Ottoman Empire,1773,early_modern,pandemic,Southeast Europe / Near East,Ottoman Empire,CHR-EAR-0193,1430.3,0.72,0.526,0.376,0.805,19.5,0.5,34.4,40.6,0.3987,59.1,20.3,0.3968,0.4954,0.4215,0.1284,0.3357,0.4264,0.3615,-0.069,0.6007,0.6262,0.633139,RMD,BRACKET_MEDIUM,false,true,0.43594082999999995,0.39392865,0.50244588,,0.3996,false
EVT-EAR-0194,Sanitation & Medical Breakthrough in Kingdom of France (Bourbon),1792,early_modern,technological,Western Europe,Kingdom of France (Bourbon),CHR-EAR-0194,961.9,0.587,0.712,0.2392,0.27,45,0.36,32.3,35.4,0.3449,33,9.2,0.2991,0.2589,0.2876,0.3903,0.5442,0.5915,0.4145,0.3326,0.487,0.7897,0.800312,RMD,BRACKET_HIGH,true,false,0.52318915,0.3844768,0.4142656,,0.3246,false
EVT-EAR-0195,Systemic Governance Breakdown in Tokugawa Shogunate,1781,early_modern,collapse,Japan,Tokugawa Shogunate,CHR-EAR-0195,1680.2,0.572,0.238,0.5712,0.599,42.4,0.5115,28.2,33.9,0.2917,45.2,21,0.3809,0.574,0.5145,0.2349,0.3328,0.2094,0.3731,-0.3646,0.4934,0.7441,0.54715,CMN,BRACKET_BASE,false,true,0.76691706,0.581375,0.966375,,0.3621,false
EVT-EAR-0196,Mercantile Tariff Overhaul across Tsardom & Russian Empire,1736,early_modern,economic,Northern Eurasia,Tsardom & Russian Empire,CHR-EAR-0196,2027,0.746,0.701,0.4696,0.512,36,0.436,33.4,34.7,0.3525,33.5,8.1,0.2947,0.4081,0.3349,0.1052,0.1684,0.5204,0.3074,0.1123,0.5189,0.6317,0.558446,CMN,BRACKET_BASE,false,true,0.6143726999999999,0.5030808,0.6348255999999999,,0.4044,false
EVT-EAR-0197,Printing & Communications Diffusion in Portuguese Empire,1513,early_modern,technological,Atlantic / Indian Ocean,Portuguese Empire,CHR-EAR-0197,1714.1,0.572,0.428,0.523,0.205,21.4,0.2095,32.1,39.1,0.3649,34.6,20.5,0.359,0.3232,0.375,0.4231,0.5037,0.4888,0.4228,0.1656,0.4594,0.6697,0.721053,RMD,BRACKET_HIGH,false,false,0.50795143,0.5135987999999999,0.66395523,,0.2722,false
EVT-EAR-0198,Printing & Communications Diffusion in Portuguese Empire,1741,early_modern,technological,Atlantic / Indian Ocean,Portuguese Empire,CHR-EAR-0198,2326.9,0.707,0.236,0.6982,0.244,38.6,0.315,38.1,38.3,0.4247,63,12,0.3599,0.359,0.3904,0.4936,0.6535,0.6974,0.5188,0.3384,0.4084,0.6992,0.801153,RMD,BRACKET_HIGH,true,false,0.39641790000000005,0.5589999999999999,0.654125,,0.3257,false
EVT-EAR-0199,Secular Legal Separation in Mughal Empire,1723,early_modern,religious,South Asia,Mughal Empire,CHR-EAR-0199,1367.6,0.744,0.476,0.3676,0.31,15.2,0.231,36.7,38.1,0.4084,35.5,21.8,0.3674,0.3027,0.326,0.1333,0.1919,0.318,0.2544,0.0153,0.5482,0.6243,0.401146,CMN,BRACKET_BASE,false,true,0.81323943,0.5278354199999999,0.67790216,,0.3485,true
EVT-EAR-0200,Pantheon Reformation of Mughal Empire,1663,early_modern,religious,South Asia,Mughal Empire,CHR-EAR-0200,1018.5,0.449,0.66,0.3108,0.237,22.9,0.233,32.3,38.4,0.3629,71.6,19.5,0.4067,0.2841,0.3612,0.221,0.3648,0.2455,0.2953,-0.0386,0.3784,0.6094,0.50715,CMN,BRACKET_BASE,false,true,0.69689387,0.46330372,0.6576898,,0.287,false
EVT-EAR-0201,Territorial Rupture of Ming & Qing Dynasties,1611,early_modern,collapse,East Asia,Ming & Qing Dynasties,CHR-EAR-0201,1047.5,0.707,0.571,0.2676,0.598,54.7,0.5725,39.2,41.4,0.4552,52.4,21.3,0.3931,0.5238,0.4256,0.1806,0.27,0.24,0.328,-0.2838,0.5954,0.7378,0.465127,CMN,BRACKET_BASE,false,true,0.68171296,0.55253367,0.86397597,,0.3574,false
EVT-EAR-0202,Military Coup d’État in Tsardom & Russian Empire,1593,early_modern,revolution,Northern Eurasia,Tsardom & Russian Empire,CHR-EAR-0202,1157.2,0.483,0.288,0.448,0.611,25,0.4305,28.5,32.4,0.2859,87,21.4,0.4303,0.478,0.3947,0.1167,0.2581,0.4981,0.3491,0.0201,0.5703,0.6088,0.824815,RMD,BRACKET_HIGH,true,false,0.46647448,0.39650961,0.4656165,,0.4045,false
EVT-EAR-0203,Constitutional Reorganization of Tsardom & Russian Empire,1501,early_modern,transformation,Northern Eurasia,Tsardom & Russian Empire,CHR-EAR-0203,1300.3,0.549,0.303,0.4606,0.516,35,0.433,32,36.8,0.35,48.7,12.8,0.3453,0.3378,0.3735,0.2477,0.3949,0.5573,0.3822,0.2195,0.2061,0.6135,0.643718,RMD,BRACKET_MEDIUM,false,true,0.5810498000000001,0.48028829999999995,0.50769975,,0.3539,false
EVT-EAR-0204,Frontier Fragmentation of Safavid Empire,1608,early_modern,collapse,Persia,Safavid Empire,CHR-EAR-0204,1209.8,0.677,0.33,0.3908,0.351,23.4,0.2925,36.5,38,0.4057,22.3,19.4,0.3217,0.4444,0.3849,0.0804,0.1159,0.243,0.2537,-0.2014,0.7183,0.755,0.648231,RMD,BRACKET_MEDIUM,false,true,0.62838202,0.38690784000000006,0.5382474500000001,,0.3858,false
EVT-EAR-0205,Synod Monotheistic Mandate in Safavid Empire,1688,early_modern,religious,Persia,Safavid Empire,CHR-EAR-0205,1817.7,0.644,0.453,0.5206,0.303,27.3,0.288,33.3,37.6,0.3688,40.7,21.7,0.3768,0.3621,0.4343,0.3376,0.4675,0.3421,0.3887,-0.02,0.3454,0.5505,0.774158,RMD,BRACKET_HIGH,true,false,0.49707703,0.524876,0.66065772,,0.2778,false
EVT-EAR-0206,Administrative Codification of Dutch Republic,1694,early_modern,transformation,Northwestern Europe,Dutch Republic,CHR-EAR-0206,2337.8,0.66,0.263,0.707,0.674,18.9,0.4315,34.4,38.9,0.3885,53.1,9.9,0.337,0.3492,0.4097,0.2904,0.462,0.5243,0.4071,0.1751,0.2434,0.5564,0.395475,CMN,BRACKET_BASE,false,true,0.6666042499999999,0.5367525000000001,0.54715032,,0.3299,false
EVT-EAR-0207,Administrative Codification of Portuguese Empire,1503,early_modern,transformation,Atlantic / Indian Ocean,Portuguese Empire,CHR-EAR-0207,1400.2,0.501,0.295,0.5032,0.382,18.4,0.283,30.8,42.8,0.3731,63.9,19.2,0.3969,0.3011,0.3394,0.24,0.4362,0.6159,0.3865,0.3148,0.3146,0.7047,0.650457,RMD,BRACKET_MEDIUM,false,true,0.47537574000000005,0.38577888,0.35103761,,0.3567,false
EVT-EAR-0208,Military Coup d’État in Spanish Empire,1679,early_modern,revolution,Iberia / Americas,Spanish Empire,CHR-EAR-0208,2311.6,0.491,0.85,0.5749,0.768,45.5,0.6115,41.8,37,0.4568,67.7,20,0.4051,0.5629,0.3936,0.1807,0.3459,0.5531,0.4072,-0.0098,0.3647,0.48,0.539737,CMN,BRACKET_BASE,false,true,0.5313211200000001,0.5887876799999999,0.70799416,,0.4054,false
EVT-EAR-0209,Guild Monopoly Reform in Dutch Republic,1635,early_modern,economic,Northwestern Europe,Dutch Republic,CHR-EAR-0209,915.7,0.675,0.528,0.2561,0.542,18.5,0.3635,36.2,39.2,0.4097,55.8,8.2,0.3321,0.3817,0.3356,0.1375,0.1944,0.5088,0.3116,0.1271,0.3681,0.6363,0.597404,CMN,BRACKET_BASE,false,true,0.5351188,0.40340311,0.41401316,,0.3944,false
EVT-EAR-0210,Judicial Standard Reform in Polish-Lithuanian Commonwealth,1641,early_modern,transformation,Eastern Europe,Polish-Lithuanian Commonwealth,CHR-EAR-0210,2216.8,0.443,0.27,0.7388,0.391,30,0.3455,38,39,0.4278,83.3,22.5,0.4326,0.3954,0.4155,0.3648,0.5952,0.5442,0.463,0.1488,0.2725,0.5517,0.540993,CMN,BRACKET_BASE,false,true,0.521246,0.38520370000000004,0.37267880000000003,,0.3157,false
EVT-EAR-0211,Territorial Rupture of Safavid Empire,1635,early_modern,collapse,Persia,Safavid Empire,CHR-EAR-0211,1572.6,0.578,0.878,0.3497,0.667,54.1,0.604,37.7,34.6,0.3982,89.1,16.6,0.408,0.5838,0.4717,0.1195,0.1487,0.3147,0.3277,-0.2691,0.6025,0.7232,0.689488,RMD,BRACKET_MEDIUM,false,false,0.40710432,0.42071334,0.5787064,,0.4033,false
EVT-EAR-0212,Monastic Network Expansion of Polish-Lithuanian Commonwealth,1745,early_modern,religious,Eastern Europe,Polish-Lithuanian Commonwealth,CHR-EAR-0212,1818.3,0.734,0.454,0.4935,0.471,28.7,0.379,39.3,37.6,0.4334,24.2,18.5,0.3231,0.4103,0.4547,0.3484,0.5238,0.6411,0.4757,0.2308,0.4374,0.6681,0.585573,CMN,BRACKET_BASE,false,true,0.6869687999999999,0.553625,0.5995,,0.3415,false
EVT-EAR-0213,Maritime Hegemony Clash in Spanish Empire,1723,early_modern,war,Iberia / Americas,Spanish Empire,CHR-EAR-0213,2363,0.629,0.388,0.6854,0.457,27.8,0.3675,36,34.1,0.3769,78.8,16.6,0.3991,0.4244,0.3115,0.16,0.2481,0.2165,0.2721,-0.2079,0.3752,0.6216,0.445652,CMN,BRACKET_BASE,false,true,0.8604099999999999,0.554875,0.8334999999999999,,0.3367,true
EVT-EAR-0214,Urban Quarantine Emergency in Tokugawa Shogunate,1516,early_modern,pandemic,Japan,Tokugawa Shogunate,CHR-EAR-0214,1256.9,0.707,0.119,0.4572,0.798,14.4,0.471,34.4,36.6,0.3747,25.1,21.4,0.3403,0.4391,0.372,0.0493,0.1539,0.3688,0.2766,-0.0703,0.8382,0.6821,0.382446,CMN,BRACKET_BASE,false,true,0.97221024,0.5800000000000001,0.814375,,0.4056,true
EVT-EAR-0215,Military Coup d’État in Safavid Empire,1557,early_modern,revolution,Persia,Safavid Empire,CHR-EAR-0215,2030.3,0.619,0.619,0.5332,0.451,23.5,0.343,34.9,41.3,0.4083,71.8,9.1,0.3549,0.407,0.2676,0.0263,0.1304,0.5101,0.2683,0.1031,0.6172,0.6473,0.586771,CMN,BRACKET_BASE,false,true,0.79009508,0.594625,0.7351249999999999,,0.4049,false
EVT-EAR-0216,Institutional Dissolution of Mughal Empire,1747,early_modern,collapse,South Asia,Mughal Empire,CHR-EAR-0216,1137.3,0.768,0.873,0.1818,0.653,16,0.4065,30.7,33.5,0.3162,94.4,21,0.4342,0.4555,0.3456,0.0532,0.1157,0.2495,0.2439,-0.206,0.5783,0.7501,0.505451,CMN,BRACKET_BASE,false,true,0.71491134,0.55883439,0.82033388,,0.3949,false
EVT-EAR-0217,Succession Conflict of Polish-Lithuanian Commonwealth,1536,early_modern,war,Eastern Europe,Polish-Lithuanian Commonwealth,CHR-EAR-0217,1305.8,0.556,0.368,0.4404,0.722,41.2,0.567,37.1,41.9,0.4356,88.5,23.2,0.4405,0.5276,0.4422,0.2694,0.3838,0.4087,0.4063,-0.1189,0.3963,0.5768,0.53124,CMN,BRACKET_BASE,false,true,0.5357193800000001,0.39327498,0.50265908,,0.3559,false
EVT-EAR-0218,Civic Restoration Revolt in Safavid Empire,1794,early_modern,revolution,Persia,Safavid Empire,CHR-EAR-0218,1624.6,0.771,0.476,0.4258,0.245,26,0.2525,28.2,41.7,0.3385,63.5,9.5,0.348,0.3941,0.2759,0,0.1882,0.105,0.1926,-0.2891,0.4031,0.7344,0.594014,CMN,BRACKET_BASE,false,true,0.6849766799999999,0.47073119999999996,0.7703528700000001,,0.3842,false
EVT-EAR-0219,Agrarian Restructuring of Spanish Empire,1596,early_modern,transformation,Iberia / Americas,Spanish Empire,CHR-EAR-0219,1857,0.638,0.174,0.6163,0.553,42,0.4865,34.3,34.3,0.3598,81.7,20.3,0.4202,0.397,0.4573,0.3094,0.4564,0.5805,0.4401,0.1835,0.2629,0.5754,0.516671,CMN,BRACKET_BASE,false,true,0.57012534,0.54093372,0.5518653,,0.3476,false
EVT-EAR-0220,Canal Infrastructure Boom in Ming & Qing Dynasties,1666,early_modern,economic,East Asia,Ming & Qing Dynasties,CHR-EAR-0220,2163.8,0.745,0.493,0.5676,0.843,29.8,0.5705,41.3,40.7,0.4736,60.7,12,0.3572,0.4749,0.3775,0.1483,0.2164,0.2718,0.2978,-0.2031,0.2912,0.5707,0.364772,CMN,BRACKET_BASE,false,true,0.83236396,0.575375,0.83925,,0.3704,true
EVT-EAR-0221,Continental Standoff of Tsardom & Russian Empire,1764,early_modern,war,Northern Eurasia,Tsardom & Russian Empire,CHR-EAR-0221,2130.5,0.587,0.879,0.4907,0.261,36.4,0.3125,29.3,36.7,0.3204,22.9,19.9,0.3261,0.3755,0.329,0.0582,0.1991,0.388,0.27,0.0125,0.6277,0.6251,0.508288,CMN,BRACKET_BASE,false,true,0.78362236,0.540223,0.69379904,,0.398,false
EVT-EAR-0222,Epidemic Fever Outbreak across Safavid Empire,1586,early_modern,pandemic,Persia,Safavid Empire,CHR-EAR-0222,2382.9,0.727,0.601,0.5972,0.473,50.8,0.4905,32.7,36.8,0.3576,32.4,8.2,0.2928,0.5237,0.4462,0.1706,0.372,0.4719,0.3969,-0.0518,0.7938,0.6396,0.549594,CMN,BRACKET_BASE,false,true,0.56677712,0.38998,0.49659392999999996,,0.3975,false
EVT-EAR-0223,Printing & Communications Diffusion in British Empire (Early),1650,early_modern,technological,British Isles / Global,British Empire (Early),CHR-EAR-0223,1404.3,0.647,0.665,0.3494,0.484,14.9,0.3165,31,39.6,0.3561,38.3,13.8,0.3329,0.2626,0.2998,0.4021,0.5256,0.4616,0.3903,0.199,0.2192,0.639,0.692052,RMD,BRACKET_MEDIUM,false,false,0.58212911,0.4706519,0.62258976,,0.2837,false
EVT-EAR-0224,Coalition Defense of Dutch Republic,1747,early_modern,war,Northwestern Europe,Dutch Republic,CHR-EAR-0224,1739.5,0.544,0.393,0.5484,0.831,18.4,0.5075,33.6,36.7,0.3667,39.8,18.2,0.3576,0.5158,0.4018,0.1467,0.3396,0.4296,0.3667,-0.0862,0.3504,0.5508,0.611065,CMN,BRACKET_BASE,false,true,0.5789892,0.5042666000000001,0.7198956799999999,,0.3983,false
EVT-EAR-0225,Strategic Siege of Mughal Empire,1532,early_modern,war,South Asia,Mughal Empire,CHR-EAR-0225,2086.2,0.494,0.332,0.6712,0.646,34.6,0.496,32.7,41.6,0.3864,24.9,19.4,0.3297,0.4769,0.381,0.1801,0.3312,0.6183,0.3975,0.1414,0.3418,0.5588,0.552972,CMN,BRACKET_BASE,false,true,0.7283874399999999,0.5892499999999999,0.6769999999999999,,0.4026,false
EVT-EAR-0226,Epidemic Fever Outbreak across Dutch Republic,1561,early_modern,pandemic,Northwestern Europe,Dutch Republic,CHR-EAR-0226,2242,0.49,0.125,0.7747,0.374,44.8,0.411,33.5,37.7,0.3716,91.1,19,0.4216,0.5944,0.5734,0.2855,0.3966,0.5666,0.4833,-0.0278,0.6832,0.5822,0.362235,CMN,BRACKET_BASE,false,true,0.82291391,0.58475,0.8175,,0.3916,false
EVT-EAR-0227,Urban Quarantine Emergency in Portuguese Empire,1773,early_modern,pandemic,Atlantic / Indian Ocean,Portuguese Empire,CHR-EAR-0227,2106.4,0.779,0.682,0.4859,0.681,12.3,0.402,41.7,32.4,0.4281,45.8,21.9,0.3863,0.4722,0.4028,0,0.1359,0.2115,0.2445,-0.2607,0.7018,0.7488,0.457195,CMN,BRACKET_BASE,false,true,0.6483100799999999,0.41309268000000005,0.57392424,,0.405,false
EVT-EAR-0228,Educational Charter of Polish-Lithuanian Commonwealth,1551,early_modern,transformation,Eastern Europe,Polish-Lithuanian Commonwealth,CHR-EAR-0228,1114.8,0.635,0.816,0.233,0.6,36.4,0.482,35.8,36.8,0.391,81.6,20.5,0.4211,0.2998,0.3522,0.2862,0.4985,0.4932,0.386,0.1934,0.2538,0.632,0.596307,CMN,BRACKET_BASE,false,true,0.5346341,0.381408,0.35308881000000003,,0.3208,false
EVT-EAR-0229,Frontier Fragmentation of Tokugawa Shogunate,1777,early_modern,collapse,Japan,Tokugawa Shogunate,CHR-EAR-0229,2391.1,0.706,0.76,0.5579,0.406,14.3,0.2745,31.4,34.8,0.3316,82.5,14.5,0.3919,0.5139,0.4358,0.122,0.1736,0.1826,0.2856,-0.3313,0.833,0.8426,0.506735,CMN,BRACKET_BASE,false,true,0.736057,0.5720000000000001,0.95225,,0.3645,true
EVT-EAR-0230,Constitutional Reorganization of British Empire (Early),1732,early_modern,transformation,British Isles / Global,British Empire (Early),CHR-EAR-0230,1609,0.501,0.498,0.4962,0.217,23.6,0.2265,35.4,42.4,0.4202,58.4,17.4,0.3814,0.302,0.3304,0.201,0.3824,0.4707,0.3373,0.1687,0.2841,0.6207,0.674454,RMD,BRACKET_MEDIUM,false,true,0.47660448,0.3729881,0.3654963,,0.3479,false
EVT-EAR-0231,Sanitation & Medical Breakthrough in Dutch Republic,1605,early_modern,technological,Northwestern Europe,Dutch Republic,CHR-EAR-0231,2328.7,0.423,0.298,0.7653,0.462,37,0.416,32.3,32.5,0.3275,29.2,11.5,0.3017,0.3903,0.4342,0.5508,0.6188,0.7364,0.5461,0.3461,0.4597,0.7055,0.790125,RMD,BRACKET_HIGH,true,false,0.39878595,0.5443859200000001,0.6452378599999999,,0.3202,false
EVT-EAR-0232,Navigational Instrument Reform in Portuguese Empire,1582,early_modern,technological,Atlantic / Indian Ocean,Portuguese Empire,CHR-EAR-0232,1427.8,0.499,0.199,0.5397,0.35,16.5,0.2575,30.4,42.1,0.3646,75.4,13.2,0.3789,0.293,0.3323,0.4379,0.5579,0.5704,0.4383,0.2774,0.1766,0.6497,0.749298,RMD,BRACKET_HIGH,true,false,0.49375560000000007,0.55125,0.64375,,0.3045,false
EVT-EAR-0233,Respiratory Virulence Wave across Tokugawa Shogunate,1785,early_modern,pandemic,Japan,Tokugawa Shogunate,CHR-EAR-0233,2236.1,0.457,0.818,0.5752,0.652,32.4,0.488,31,34,0.3225,37.4,15.2,0.3381,0.5263,0.4838,0.0905,0.229,0.1487,0.2957,-0.3776,0.6666,0.7927,0.699338,RMD,BRACKET_MEDIUM,false,false,0.5137449000000001,0.4116924,0.61614579,,0.381,false
EVT-EAR-0234,Harbor Incursion Sickness in Polish-Lithuanian Commonwealth,1518,early_modern,pandemic,Eastern Europe,Polish-Lithuanian Commonwealth,CHR-EAR-0234,2266,0.504,0.339,0.7125,0.353,17.2,0.2625,35.6,40,0.408,34.2,19.1,0.3512,0.528,0.5002,0.1094,0.2713,0.195,0.3208,-0.333,0.807,0.8041,0.520703,CMN,BRACKET_BASE,false,true,0.63080355,0.40487335999999996,0.60170824,,0.3841,false
EVT-EAR-0235,Fiscal Default Crisis in British Empire (Early),1584,early_modern,collapse,British Isles / Global,British Empire (Early),CHR-EAR-0235,2210.1,0.573,0.674,0.5769,0.508,51.4,0.511,35.2,33,0.3617,81.1,13.7,0.3867,0.5966,0.5055,0.2658,0.3437,0.3772,0.4178,-0.2194,0.5231,0.6618,0.591007,CMN,BRACKET_BASE,false,true,0.6686034200000001,0.576,0.892625,,0.3651,false
EVT-EAR-0236,Continental Standoff of Kingdom of France (Bourbon),1705,early_modern,war,Western Europe,Kingdom of France (Bourbon),CHR-EAR-0236,1544.9,0.757,0.304,0.461,0.291,48.9,0.39,36.4,36.9,0.398,56.4,20.9,0.3964,0.4824,0.4188,0.2196,0.2952,0.5902,0.4012,0.1078,0.3386,0.5855,0.547022,CMN,BRACKET_BASE,false,true,0.72725,0.58025,0.6705,,0.3959,false
EVT-EAR-0237,Guild Monopoly Reform in Ottoman Empire,1650,early_modern,economic,Southeast Europe / Near East,Ottoman Empire,CHR-EAR-0237,1236,0.744,0.853,0.2205,0.683,44.4,0.5635,29.7,34.3,0.3103,34.8,20.1,0.3574,0.3996,0.3459,0.1994,0.2832,0.366,0.3188,-0.0336,0.4524,0.5971,0.546025,CMN,BRACKET_BASE,false,true,0.57574893,0.47081283999999995,0.67705346,,0.3484,false
EVT-EAR-0238,Systemic Governance Breakdown in Portuguese Empire,1717,early_modern,collapse,Atlantic / Indian Ocean,Portuguese Empire,CHR-EAR-0238,1842.1,0.771,0.729,0.406,0.63,15.1,0.3905,33.4,42.9,0.4017,21.7,21.2,0.3287,0.4404,0.3234,0.0698,0.0991,0.0315,0.1928,-0.4089,0.4155,0.775,0.392961,CMN,BRACKET_BASE,false,true,0.7922403,0.57175,0.9425,,0.3671,true
EVT-EAR-0239,Systemic Governance Breakdown in Tokugawa Shogunate,1761,early_modern,collapse,Japan,Tokugawa Shogunate,CHR-EAR-0239,1393,0.713,0.858,0.2688,0.631,19.3,0.412,32.7,34.4,0.3432,21.6,22.4,0.3344,0.411,0.3587,0.0418,0.0694,0,0.1762,-0.4167,0.7464,0.888,0.443509,CMN,BRACKET_BASE,false,true,0.7036477000000001,0.3934385,0.6028640399999999,,0.3721,false
EVT-EAR-0240,Debt Crisis Settlement of British Empire (Early),1751,early_modern,economic,British Isles / Global,British Empire (Early),CHR-EAR-0240,1049.7,0.509,0.391,0.3815,0.676,29.2,0.484,34.5,41.1,0.4028,28.6,12.6,0.3057,0.4499,0.389,0.2217,0.3002,0.5429,0.3807,0.093,0.5919,0.638,0.680597,RMD,BRACKET_MEDIUM,false,false,0.52538536,0.4838946,0.63654408,,0.3847,false
EVT-EAR-0241,Judicial Standard Reform in Portuguese Empire,1535,early_modern,transformation,Atlantic / Indian Ocean,Portuguese Empire,CHR-EAR-0241,2166.9,0.768,0.118,0.674,0.735,48.6,0.6105,34.2,42.5,0.4079,41.1,20.6,0.372,0.4307,0.4673,0.3705,0.492,0.6132,0.4747,0.1825,0.3645,0.5658,0.724491,RMD,BRACKET_HIGH,false,false,0.45194031,0.38319288,0.37623912,,0.3296,false
EVT-EAR-0242,Agrarian Insurgency in Spanish Empire,1525,early_modern,revolution,Iberia / Americas,Spanish Empire,CHR-EAR-0242,2334.6,0.573,0.698,0.6018,0.433,38.5,0.409,38.7,34.3,0.4072,64.4,8.9,0.346,0.4373,0.3375,0.0496,0.2277,0.4668,0.3038,0.0295,0.4646,0.5494,0.52846,CMN,BRACKET_BASE,false,true,0.7161147,0.51635175,0.6855,,0.4061,false
EVT-EAR-0243,Imperial Annexation War in Dutch Republic,1594,early_modern,war,Northwestern Europe,Dutch Republic,CHR-EAR-0243,1820.9,0.76,0.75,0.3976,0.67,33.1,0.5005,37.9,40.5,0.4358,79.1,19.4,0.4134,0.4486,0.4054,0.2422,0.3341,0.239,0.3339,-0.2096,0.3467,0.6298,0.488648,CMN,BRACKET_BASE,false,true,0.54928794,0.37723374,0.50804166,,0.3256,false
EVT-EAR-0244,Maritime Hegemony Clash in British Empire (Early),1683,early_modern,war,British Isles / Global,British Empire (Early),CHR-EAR-0244,2253.1,0.533,0.365,0.6927,0.765,43.5,0.6,37.5,36.5,0.4075,50.9,10.2,0.3355,0.5348,0.479,0.1534,0.3265,0.5349,0.4057,0.0001,0.4648,0.4912,0.647862,RMD,BRACKET_MEDIUM,false,true,0.5745421,0.58681212,0.7264607999999999,,0.4063,false
EVT-EAR-0245,Temple Bureaucracy Reorganization of Mughal Empire,1614,early_modern,religious,South Asia,Mughal Empire,CHR-EAR-0245,1565.7,0.746,0.838,0.3095,0.625,25.1,0.438,28.8,41.8,0.3456,77.6,14.8,0.389,0.4151,0.387,0.2731,0.4183,0.4443,0.3876,0.0292,0.2313,0.5396,0.944492,RMD,BRACKET_HIGH,true,false,0.36746850000000003,0.37650642,0.4139988,,0.3325,false
EVT-EAR-0246,Popular Uprising of Ming & Qing Dynasties,1528,early_modern,revolution,East Asia,Ming & Qing Dynasties,CHR-EAR-0246,1169.1,0.629,0.114,0.4594,0.715,13.7,0.426,30.6,42.5,0.3692,37.2,13.9,0.3313,0.4028,0.2356,0,0.2113,0.0704,0.184,-0.3324,0.6026,0.772,0.5401,CMN,BRACKET_BASE,false,true,0.6162215,0.37965312,0.55997802,,0.3834,false
EVT-EAR-0247,Popular Uprising of Ottoman Empire,1504,early_modern,revolution,Southeast Europe / Near East,Ottoman Empire,CHR-EAR-0247,1827,0.632,0.231,0.5932,0.808,46.5,0.6365,40.5,41,0.4668,80.1,8.7,0.3608,0.5344,0.4032,0.0613,0.1615,0.3052,0.2931,-0.2292,0.5768,0.6435,0.60225,CMN,BRACKET_BASE,false,true,0.7423430000000001,0.599125,0.909125,,0.4069,false
EVT-EAR-0248,Coalition Defense of Safavid Empire,1763,early_modern,war,Persia,Safavid Empire,CHR-EAR-0248,2383.5,0.774,0.231,0.6942,0.774,30.5,0.5395,30.8,42.2,0.3695,48.4,20.2,0.3818,0.4587,0.3825,0.0868,0.2738,0.2418,0.2887,-0.2169,0.4268,0.6133,0.308285,CMN,BRACKET_BASE,false,true,0.896294,0.57675,0.877375,,0.3869,true
EVT-EAR-0249,Civic Restoration Revolt in Kingdom of France (Bourbon),1557,early_modern,revolution,Western Europe,Kingdom of France (Bourbon),CHR-EAR-0249,1103.9,0.673,0.401,0.3433,0.726,14.5,0.4355,36.7,34.9,0.3892,69.2,9.8,0.3557,0.4783,0.3407,0.1021,0.2067,0.3787,0.3013,-0.0996,0.6024,0.6592,0.528209,CMN,BRACKET_BASE,false,true,0.5722167,0.39148515,0.50406916,,0.3995,false
EVT-EAR-0250,Respiratory Virulence Wave across Mughal Empire,1726,early_modern,pandemic,South Asia,Mughal Empire,CHR-EAR-0250,1878.8,0.533,0.246,0.6318,0.459,34.6,0.4025,28.7,40.1,0.3343,25.2,8.6,0.2766,0.4826,0.4102,0.0651,0.3101,0.331,0.3198,-0.1516,0.6582,0.6711,0.447908,CMN,BRACKET_BASE,false,true,0.68420844,0.48478716,0.7628953599999999,,0.4017,false
EVT-EAR-0251,Synod Monotheistic Mandate in Dutch Republic,1608,early_modern,religious,Northwestern Europe,Dutch Republic,CHR-EAR-0251,2216.8,0.587,0.637,0.5855,0.354,34.7,0.3505,33.2,40.6,0.3858,94.2,8.4,0.371,0.4096,0.3932,0.2396,0.3917,0.477,0.3822,0.0674,0.3492,0.5554,0.632738,RMD,BRACKET_MEDIUM,false,true,0.52777935,0.37945544000000003,0.41840030000000006,,0.3561,false
EVT-EAR-0252,Hydraulic Engineering Grid in Ming & Qing Dynasties,1748,early_modern,technological,East Asia,Ming & Qing Dynasties,CHR-EAR-0252,1605.6,0.452,0.209,0.5967,0.626,22.8,0.427,35.9,33.4,0.3716,58.6,13.6,0.3626,0.3709,0.4179,0.4664,0.5396,0.6007,0.4791,0.2298,0.2043,0.5959,0.834728,RMD,BRACKET_HIGH,true,false,0.3122253,0.48374199999999995,0.58498559,,0.2973,false
EVT-EAR-0253,Secular Legal Separation in Safavid Empire,1775,early_modern,religious,Persia,Safavid Empire,CHR-EAR-0253,1738.6,0.534,0.361,0.5608,0.843,44,0.6415,34.2,40.7,0.3971,70.7,13.4,0.3752,0.4438,0.4544,0.3016,0.4213,0.4198,0.4082,-0.024,0.5246,0.5342,0.525557,CMN,BRACKET_BASE,false,true,0.61208937,0.54925,0.763875,,0.3203,true
EVT-EAR-0254,Maritime Hegemony Clash in Mughal Empire,1757,early_modern,war,South Asia,Mughal Empire,CHR-EAR-0254,1269.3,0.599,0.409,0.4058,0.309,22.1,0.265,40.7,39.7,0.4611,85.6,13.5,0.3896,0.3734,0.3028,0.0323,0.1755,0.4274,0.2623,0.054,0.6936,0.6628,0.582248,CMN,BRACKET_BASE,false,true,0.6107645399999999,0.40244706,0.46957458,,0.4043,false
EVT-EAR-0255,Urban Quarantine Emergency in Ming & Qing Dynasties,1566,early_modern,pandemic,East Asia,Ming & Qing Dynasties,CHR-EAR-0255,2042.3,0.484,0.572,0.5909,0.718,38.8,0.553,29.5,33.8,0.3051,37.4,19.2,0.3581,0.4776,0.4172,0,0.1012,0.2917,0.2575,-0.1859,0.9033,0.7389,0.450086,CMN,BRACKET_BASE,false,true,0.89943966,0.58683465,0.8118989999999999,,0.4104,false
EVT-EAR-0256,Coalition Defense of Spanish Empire,1799,early_modern,war,Iberia / Americas,Spanish Empire,CHR-EAR-0256,1753.7,0.543,0.429,0.5416,0.52,45.1,0.4855,30.9,36.7,0.3376,26,22,0.3458,0.4096,0.3204,0.1118,0.2797,0.4569,0.3157,0.0473,0.3463,0.5374,0.52582,CMN,BRACKET_BASE,false,true,0.58143468,0.38803968,0.42604739999999997,,0.3972,false
EVT-EAR-0257,Fiscal Default Crisis in British Empire (Early),1527,early_modern,collapse,British Isles / Global,British Empire (Early),CHR-EAR-0257,1926.6,0.726,0.352,0.5544,0.512,51.5,0.5135,31.4,41.7,0.373,36.4,17.7,0.3487,0.5915,0.5264,0.2276,0.3149,0.2266,0.3774,-0.3649,0.7787,0.8056,0.610882,CMN,BRACKET_BASE,false,true,0.67852376,0.5688731499999999,0.9318111,,0.3638,false
EVT-EAR-0258,Coalition Defense of Polish-Lithuanian Commonwealth,1557,early_modern,war,Eastern Europe,Polish-Lithuanian Commonwealth,CHR-EAR-0258,1771.3,0.74,0.546,0.452,0.286,33.7,0.3115,28.4,35.5,0.3035,56,17.5,0.3789,0.4228,0.3049,0.1536,0.2175,0.1306,0.2459,-0.2922,0.3531,0.716,0.681539,RMD,BRACKET_MEDIUM,false,false,0.54100716,0.46392156000000007,0.756836,,0.341,false
EVT-EAR-0259,Mercantile Tariff Overhaul across British Empire (Early),1622,early_modern,economic,British Isles / Global,British Empire (Early),CHR-EAR-0259,897.7,0.568,0.637,0.2508,0.256,34.4,0.3,31.3,33.4,0.3221,65.2,22.9,0.4169,0.3001,0.2457,0.0869,0.1818,0.3017,0.2232,0.0016,0.4651,0.6162,0.657955,RMD,BRACKET_MEDIUM,false,true,0.7170801,0.52740516,0.6666042499999999,,0.3624,true
EVT-EAR-0260,Astronomical Standardization by Kingdom of France (Bourbon),1580,early_modern,technological,Western Europe,Kingdom of France (Bourbon),CHR-EAR-0260,2049.5,0.582,0.158,0.6875,0.726,48.6,0.606,41.9,36.6,0.4554,49.2,23,0.397,0.4564,0.4989,0.5706,0.6482,0.5855,0.5519,0.1291,0.4987,0.5621,0.775419,RMD,BRACKET_HIGH,true,false,0.32301522000000005,0.47859448,0.7016009,,0.2706,false
EVT-EAR-0261,Radical Assembly Schism in Ottoman Empire,1675,early_modern,revolution,Southeast Europe / Near East,Ottoman Empire,CHR-EAR-0261,1429.2,0.469,0.39,0.4918,0.503,54.8,0.5255,32,37.8,0.356,91.4,15.1,0.4023,0.5151,0.3509,0.1089,0.2437,0.5608,0.3559,0.0457,0.7772,0.643,0.599949,CMN,BRACKET_BASE,false,true,0.6787500000000001,0.595875,0.752875,,0.4037,false
EVT-EAR-0262,Bureaucratic Consolidation of Tsardom & Russian Empire,1666,early_modern,transformation,Northern Eurasia,Tsardom & Russian Empire,CHR-EAR-0262,1975,0.61,0.582,0.5327,0.758,39.6,0.577,39.2,34.6,0.4144,90.6,17,0.4112,0.3918,0.4297,0.3139,0.4703,0.701,0.4613,0.3092,0.1523,0.6064,0.793458,RMD,BRACKET_HIGH,true,false,0.33815544,0.4002099,0.33895024999999995,,0.3653,false
EVT-EAR-0263,Imperial Unification of Portuguese Empire,1691,early_modern,transformation,Atlantic / Indian Ocean,Portuguese Empire,CHR-EAR-0263,1707.9,0.669,0.679,0.417,0.683,48.2,0.5825,30.5,36.9,0.3345,64.9,19.4,0.399,0.3719,0.4123,0.2779,0.4419,0.6955,0.4399,0.3236,0.151,0.6424,0.496498,CMN,BRACKET_BASE,false,true,0.6791576,0.5440585,0.49727029,,0.3738,false
EVT-EAR-0264,Maritime Trade Hub Expansion in Tsardom & Russian Empire,1607,early_modern,economic,Northern Eurasia,Tsardom & Russian Empire,CHR-EAR-0264,1568.5,0.543,0.685,0.417,0.739,53.2,0.6355,34.6,32.9,0.3546,77.8,12.3,0.3767,0.4005,0.3687,0.2663,0.4013,0.2783,0.343,-0.1222,0.3772,0.5792,0.679097,RMD,BRACKET_MEDIUM,false,true,0.65581017,0.54425,0.783625,,0.3049,true
EVT-EAR-0265,Succession Conflict of Ottoman Empire,1619,early_modern,war,Southeast Europe / Near East,Ottoman Empire,CHR-EAR-0265,1769.5,0.679,0.856,0.3768,0.29,47.4,0.382,38,36,0.4098,45.5,10.1,0.3268,0.426,0.3859,0.0763,0.2717,0.4082,0.3136,-0.0178,0.3452,0.5506,0.688116,RMD,BRACKET_MEDIUM,false,false,0.44335701,0.5113219200000001,0.69777825,,0.402,false
EVT-EAR-0266,Harbor Incursion Sickness in Spanish Empire,1539,early_modern,pandemic,Iberia / Americas,Spanish Empire,CHR-EAR-0266,872.6,0.635,0.381,0.301,0.392,52.1,0.4565,37.9,42.5,0.4478,85.5,21.4,0.429,0.5053,0.4527,0.041,0.1497,0.5192,0.3336,0.0139,0.739,0.6415,0.715127,RMD,BRACKET_HIGH,false,false,0.69174598,0.5522427400000001,0.7166667600000001,,0.397,false
EVT-EAR-0267,Orthodoxy & Heresy Trial Wave in Portuguese Empire,1758,early_modern,religious,Atlantic / Indian Ocean,Portuguese Empire,CHR-EAR-0267,2165.3,0.597,0.526,0.6025,0.693,54.1,0.617,39,42.7,0.4608,41.7,22.4,0.382,0.5081,0.4925,0.3418,0.4007,0.6805,0.4847,0.1724,0.2263,0.5276,0.550015,CMN,BRACKET_BASE,false,true,0.55294944,0.49196968999999996,0.53636506,,0.3773,false
EVT-EAR-0268,Orthodoxy & Heresy Trial Wave in Tokugawa Shogunate,1624,early_modern,religious,Japan,Tokugawa Shogunate,CHR-EAR-0268,1548.6,0.622,0.215,0.5292,0.725,40.6,0.5655,39.8,41.7,0.4634,78.3,22.5,0.4281,0.5332,0.5671,0.4629,0.5275,0.4122,0.5006,-0.121,0.3659,0.5531,0.679431,RMD,BRACKET_MEDIUM,false,true,0.51764358,0.5315244,0.7186774699999999,,0.2804,false
EVT-EAR-0269,Peasant Rebellion against Ottoman Empire,1667,early_modern,revolution,Southeast Europe / Near East,Ottoman Empire,CHR-EAR-0269,994.8,0.628,0.837,0.1979,0.685,20.1,0.443,30.4,34.8,0.3208,69.8,11.5,0.3648,0.374,0.2414,0,0.2694,0.4877,0.2745,0.1137,0.4629,0.6629,0.544789,CMN,BRACKET_BASE,false,true,0.6604399999999999,0.5112320699999999,0.65464025,,0.4025,false
EVT-EAR-0270,Succession Conflict of Portuguese Empire,1563,early_modern,war,Atlantic / Indian Ocean,Portuguese Empire,CHR-EAR-0270,2127.7,0.424,0.348,0.6981,0.598,46.8,0.533,39.3,32.2,0.401,21.7,19.6,0.3207,0.5245,0.4785,0.1769,0.3328,0.3469,0.3719,-0.1776,0.5742,0.6246,0.469456,CMN,BRACKET_BASE,false,true,0.7549374400000001,0.5710642,0.83494446,,0.382,false
EVT-EAR-0271,Canal Infrastructure Boom in Tsardom & Russian Empire,1772,early_modern,economic,Northern Eurasia,Tsardom & Russian Empire,CHR-EAR-0271,2110.6,0.611,0.217,0.6769,0.733,52.3,0.628,28.1,40,0.3272,54.4,13.5,0.3568,0.5182,0.4855,0.2197,0.2915,0.3214,0.3673,-0.1968,0.44,0.6015,0.577978,CMN,BRACKET_BASE,false,true,0.55071862,0.49227264,0.7772844,,0.3591,false
EVT-EAR-0272,Constitutional Reorganization of British Empire (Early),1760,early_modern,transformation,British Isles / Global,British Empire (Early),CHR-EAR-0272,1028.9,0.496,0.486,0.3516,0.523,48.5,0.504,36.9,34.3,0.3878,90.6,12.9,0.3907,0.3402,0.395,0.3094,0.5353,0.6541,0.4468,0.3139,0.1244,0.6441,0.90419,RMD,BRACKET_HIGH,true,false,0.38810784,0.39145761999999995,0.31535896,,0.351,false
EVT-EAR-0273,Educational Charter of Spanish Empire,1710,early_modern,transformation,Iberia / Americas,Spanish Empire,CHR-EAR-0273,930.7,0.466,0.534,0.3208,0.217,42.1,0.319,40.4,37.2,0.4429,84.4,22.7,0.4346,0.2693,0.3195,0.1724,0.3855,0.5703,0.3434,0.301,0.2196,0.685,0.610623,CMN,BRACKET_BASE,false,true,0.6595833500000001,0.46972896000000003,0.49241304,,0.3728,false
EVT-EAR-0274,Systemic Governance Breakdown in British Empire (Early),1565,early_modern,collapse,British Isles / Global,British Empire (Early),CHR-EAR-0274,1973.4,0.492,0.515,0.5878,0.752,27.3,0.5125,28.7,41.9,0.3451,42.2,17.1,0.3564,0.5604,0.4436,0.0766,0.1563,0.1525,0.2779,-0.4079,0.7468,0.8202,0.386968,CMN,BRACKET_BASE,false,true,0.87647825,0.5925444,0.93211105,,0.3838,false
EVT-EAR-0275,Pantheon Reformation of Tsardom & Russian Empire,1754,early_modern,religious,Northern Eurasia,Tsardom & Russian Empire,CHR-EAR-0275,1838.8,0.593,0.701,0.467,0.73,12.4,0.427,30.2,35,0.3198,69.3,20.7,0.4103,0.4546,0.4285,0.3169,0.4529,0.3899,0.4086,-0.0647,0.3139,0.5613,0.664586,RMD,BRACKET_MEDIUM,false,true,0.53084805,0.4759994,0.6810678,,0.3067,false
EVT-EAR-0276,Agricultural Plague Wave in British Empire (Early),1681,early_modern,pandemic,British Isles / Global,British Empire (Early),CHR-EAR-0276,1390.5,0.446,0.283,0.5208,0.742,29.4,0.518,35.5,40.5,0.4099,76.3,8.9,0.3583,0.5433,0.4891,0.0248,0.2363,0.4752,0.3537,-0.0681,0.9349,0.6832,0.537363,CMN,BRACKET_BASE,false,true,0.56689776,0.42989802,0.5016321499999999,,0.3935,false
EVT-EAR-0277,Agricultural Plague Wave in Kingdom of France (Bourbon),1605,early_modern,pandemic,Western Europe,Kingdom of France (Bourbon),CHR-EAR-0277,2102.9,0.527,0.805,0.5237,0.646,45.7,0.5515,40.9,37.4,0.4495,46.3,8.6,0.3206,0.5519,0.5072,0.2163,0.4617,0.5394,0.4553,-0.0125,0.8998,0.633,0.854334,RMD,BRACKET_HIGH,true,false,0.4130901,0.3997714,0.4957684600000001,,0.398,false
EVT-EAR-0278,Silver Flotilla Currency Shock in Ming & Qing Dynasties,1657,early_modern,economic,East Asia,Ming & Qing Dynasties,CHR-EAR-0278,2082.1,0.717,0.143,0.66,0.545,36,0.4525,39,40.1,0.4452,20,20.3,0.3183,0.5123,0.4755,0.2302,0.4066,0.6172,0.4484,0.1049,0.6162,0.607,0.741571,RMD,BRACKET_HIGH,true,false,0.44346867999999995,0.38861927999999996,0.4356,,0.3977,false
EVT-EAR-0279,Guild Monopoly Reform in Ottoman Empire,1655,early_modern,economic,Southeast Europe / Near East,Ottoman Empire,CHR-EAR-0279,2350,0.588,0.592,0.6331,0.735,19.1,0.463,40,40.6,0.459,45.2,12.7,0.3394,0.5221,0.4581,0.3041,0.4017,0.7021,0.4776,0.18,0.4989,0.6187,0.755073,RMD,BRACKET_HIGH,true,false,0.47190984,0.4052844,0.42045203999999997,,0.3916,false
EVT-EAR-0280,Judicial Standard Reform in Dutch Republic,1533,early_modern,transformation,Northwestern Europe,Dutch Republic,CHR-EAR-0280,1659.1,0.688,0.744,0.3792,0.277,34.4,0.3105,40.6,41.8,0.4726,22.4,21.2,0.331,0.2969,0.3719,0.2616,0.4967,0.6027,0.406,0.3058,0.2186,0.6754,0.600949,CMN,BRACKET_BASE,false,true,0.74648574,0.56025,0.54,,0.352,false
EVT-EAR-0281,Imperial Annexation War in Spanish Empire,1507,early_modern,war,Iberia / Americas,Spanish Empire,CHR-EAR-0281,2191.5,0.669,0.332,0.6459,0.749,46.4,0.6065,31.2,40.8,0.3654,34.2,8.7,0.2992,0.516,0.4136,0.1363,0.2343,0.4087,0.3418,-0.1073,0.5102,0.5728,0.434553,CMN,BRACKET_BASE,false,true,0.52207578,0.40298325,0.5115544000000001,,0.4009,false
EVT-EAR-0282,Palatial Collapse of Dutch Republic,1681,early_modern,collapse,Northwestern Europe,Dutch Republic,CHR-EAR-0282,2334.6,0.57,0.89,0.5451,0.564,53.9,0.5515,32.7,37.9,0.3642,89,21.3,0.4314,0.6141,0.5573,0.233,0.3106,0.277,0.3984,-0.3371,0.546,0.7294,0.632907,RMD,BRACKET_MEDIUM,false,true,0.45477580000000006,0.40642488000000004,0.5997579799999999,,0.3628,false
EVT-EAR-0283,Territorial Rupture of Ottoman Empire,1529,early_modern,collapse,Southeast Europe / Near East,Ottoman Empire,CHR-EAR-0283,1903.5,0.451,0.781,0.5023,0.281,23.1,0.256,29.4,35,0.3112,40.6,20.1,0.3686,0.4964,0.4282,0.1601,0.2466,0.2173,0.3097,-0.2791,0.5905,0.7679,0.406463,CMN,BRACKET_BASE,false,true,0.79380453,0.5440876,0.84711696,,0.3536,false
EVT-EAR-0284,Navigational Instrument Reform in Spanish Empire,1548,early_modern,technological,Iberia / Americas,Spanish Empire,CHR-EAR-0284,916.8,0.744,0.432,0.2644,0.271,46.1,0.366,40,42.2,0.4686,83.6,19.8,0.4194,0.2811,0.332,0.4341,0.5071,0.4117,0.3932,0.1306,0.382,0.6312,0.570236,CMN,BRACKET_BASE,false,true,0.73092123,0.5447500000000001,0.7829999999999999,,0.2773,true
EVT-EAR-0285,Educational Charter of British Empire (Early),1664,early_modern,transformation,British Isles / Global,British Empire (Early),CHR-EAR-0285,1866.5,0.502,0.713,0.4978,0.612,33.3,0.4725,38.1,34.7,0.4031,47,13,0.3437,0.3273,0.3525,0.264,0.5089,0.6564,0.4218,0.3291,0.3392,0.6865,0.622797,CMN,BRACKET_BASE,false,true,0.5770557,0.4781719,0.5102348,,0.361,false
EVT-EAR-0286,Silver Flotilla Currency Shock in Polish-Lithuanian Commonwealth,1613,early_modern,economic,Eastern Europe,Polish-Lithuanian Commonwealth,CHR-EAR-0286,1656.2,0.485,0.758,0.4352,0.231,44.6,0.3385,35.1,39.6,0.4002,86.7,11,0.378,0.4609,0.3848,0.1835,0.3222,0.4075,0.3518,-0.0534,0.5819,0.6282,0.569113,CMN,BRACKET_BASE,false,true,0.5395703399999999,0.38682777999999995,0.4907415,,0.3763,false
EVT-EAR-0287,Synod Monotheistic Mandate in Spanish Empire,1714,early_modern,religious,Iberia / Americas,Spanish Empire,CHR-EAR-0287,2216.8,0.705,0.873,0.4793,0.228,29.1,0.2595,29.6,39.4,0.3398,77.2,23.8,0.4336,0.4145,0.4916,0.4114,0.4696,0.3996,0.4373,-0.0149,0.225,0.5325,0.46648,CMN,BRACKET_BASE,false,true,0.73076052,0.5377500000000001,0.682625,,0.2667,true
EVT-EAR-0288,Monastic Network Expansion of Kingdom of France (Bourbon),1549,early_modern,religious,Western Europe,Kingdom of France (Bourbon),CHR-EAR-0288,1310,0.432,0.688,0.3827,0.743,44.4,0.5935,30.3,33.6,0.3125,34.4,14.8,0.3301,0.447,0.444,0.3089,0.4493,0.642,0.4582,0.195,0.5096,0.6694,0.695687,RMD,BRACKET_MEDIUM,false,false,0.46167488999999995,0.39398824,0.40476456,,0.3668,false
EVT-EAR-0289,Respiratory Virulence Wave across Kingdom of France (Bourbon),1602,early_modern,pandemic,Western Europe,Kingdom of France (Bourbon),CHR-EAR-0289,2094.2,0.659,0.352,0.6178,0.42,23.9,0.3295,34.9,41.6,0.4101,68.2,20.5,0.4081,0.4744,0.4004,0.1368,0.2975,0.2191,0.3056,-0.2553,0.812,0.7673,0.588843,CMN,BRACKET_BASE,false,true,0.77290824,0.4898392,0.84102397,,0.3666,false
EVT-EAR-0290,Respiratory Virulence Wave across Safavid Empire,1767,early_modern,pandemic,Persia,Safavid Empire,CHR-EAR-0290,1372.9,0.565,0.689,0.3587,0.776,20.1,0.4885,32.8,40.2,0.379,34.3,17.6,0.3439,0.4794,0.4226,0,0.2219,0.3328,0.2913,-0.1466,0.8264,0.7318,0.358387,CMN,BRACKET_BASE,false,true,0.8693472000000001,0.5665416,0.78771141,,0.4077,false
EVT-EAR-0291,Sanitation & Medical Breakthrough in Ottoman Empire,1621,early_modern,technological,Southeast Europe / Near East,Ottoman Empire,CHR-EAR-0291,2394.9,0.739,0.453,0.6411,0.617,17.6,0.3965,41.8,40.4,0.4772,52.1,14.7,0.3596,0.4275,0.4831,0.5751,0.6855,0.6661,0.5675,0.2386,0.2724,0.5997,0.581602,CMN,BRACKET_BASE,false,true,0.42846083,0.37519794,0.42010559999999997,,0.2911,false
EVT-EAR-0292,Military Coup d’État in Mughal Empire,1597,early_modern,revolution,South Asia,Mughal Empire,CHR-EAR-0292,873.5,0.538,0.413,0.3208,0.234,37,0.302,41.9,40.4,0.4782,86.8,11.5,0.3806,0.4479,0.3293,0,0.1479,0.3546,0.2559,-0.0933,0.685,0.6865,0.421683,CMN,BRACKET_BASE,false,true,0.68806881,0.4980352,0.7335142400000001,,0.4075,false
EVT-EAR-0293,Respiratory Virulence Wave across Polish-Lithuanian Commonwealth,1662,early_modern,pandemic,Eastern Europe,Polish-Lithuanian Commonwealth,CHR-EAR-0293,2189.9,0.764,0.645,0.5231,0.718,14.3,0.4305,40.2,36.2,0.4347,43.3,15.5,0.3502,0.4817,0.4336,0,0.2428,0.4252,0.3167,-0.0565,0.7742,0.6458,0.628799,CMN,BRACKET_BASE,false,true,0.5881921999999999,0.42184072,0.50749578,,0.401,false
EVT-EAR-0294,Strategic Siege of Portuguese Empire,1699,early_modern,war,Atlantic / Indian Ocean,Portuguese Empire,CHR-EAR-0294,1279,0.516,0.216,0.4911,0.346,18.5,0.2655,35.6,40.4,0.4104,26.3,15.8,0.3157,0.3523,0.267,0.0348,0.1,0.1335,0.1775,-0.2188,0.3999,0.6731,0.460878,CMN,BRACKET_BASE,false,true,0.65107532,0.3876929,0.51816556,,0.362,false
EVT-EAR-0295,Educational Charter of Polish-Lithuanian Commonwealth,1794,early_modern,transformation,Eastern Europe,Polish-Lithuanian Commonwealth,CHR-EAR-0295,906.6,0.606,0.764,0.2036,0.587,22.4,0.4055,29.2,34.3,0.3049,87.9,10.8,0.378,0.2048,0.2555,0.1795,0.3019,0.3526,0.2589,0.1478,0.2674,0.6396,0.559403,CMN,BRACKET_BASE,false,true,0.709095,0.530125,0.5862499999999999,,0.3074,true
EVT-EAR-0296,Systemic Governance Breakdown in British Empire (Early),1546,early_modern,collapse,British Isles / Global,British Empire (Early),CHR-EAR-0296,1433.5,0.584,0.41,0.4524,0.602,14.9,0.3755,35.3,34,0.3688,70,14.5,0.38,0.5223,0.4536,0.0591,0.0988,0.1909,0.2649,-0.3314,0.7023,0.805,0.666487,RMD,BRACKET_MEDIUM,false,true,0.5534380000000001,0.41291104,0.58636844,,0.3948,false
EVT-EAR-0297,Astronomical Standardization by Ottoman Empire,1531,early_modern,technological,Southeast Europe / Near East,Ottoman Empire,CHR-EAR-0297,2079.8,0.548,0.141,0.7107,0.812,38.1,0.5965,41.8,36.5,0.4538,54.5,18.8,0.3834,0.4925,0.5239,0.6092,0.7435,0.8688,0.6476,0.3763,0.4417,0.6795,0.802588,RMD,BRACKET_HIGH,true,false,0.31476537,0.39167604,0.38331879999999996,,0.3372,false
EVT-EAR-0298,Urban Quarantine Emergency in Tokugawa Shogunate,1601,early_modern,pandemic,Japan,Tokugawa Shogunate,CHR-EAR-0298,2245.2,0.424,0.433,0.703,0.313,21.4,0.2635,33.1,42.1,0.3937,77,15,0.3894,0.519,0.4868,0.157,0.3017,0.4585,0.3846,-0.0605,0.8313,0.6665,0.599336,CMN,BRACKET_BASE,false,true,0.7607232,0.5717995000000001,0.7815067499999999,,0.3997,false
EVT-EAR-0299,Canal Infrastructure Boom in Spanish Empire,1680,early_modern,economic,Iberia / Americas,Spanish Empire,CHR-EAR-0299,1516.8,0.533,0.173,0.5603,0.697,26.5,0.481,40.7,33.8,0.4257,33.6,14.5,0.3269,0.5129,0.4602,0.2476,0.4084,0.3932,0.4045,-0.1197,0.5467,0.6113,0.532799,CMN,BRACKET_BASE,false,true,0.57672564,0.48976495999999997,0.75989361,,0.3605,false
EVT-EAR-0300,Navigational Instrument Reform in Safavid Empire,1501,early_modern,technological,Persia,Safavid Empire,CHR-EAR-0300,1434.7,0.582,0.829,0.3276,0.36,16.9,0.2645,41,35.5,0.4392,71.7,17.1,0.3948,0.286,0.3112,0.4193,0.5615,0.5907,0.4337,0.3047,0.302,0.7153,0.780813,RMD,BRACKET_HIGH,true,false,0.5564227500000001,0.46614600000000006,0.57262182,,0.3165,false
EVT-EAR-0301,Military Coup d’État in Dutch Republic,1619,early_modern,revolution,Northwestern Europe,Dutch Republic,CHR-EAR-0301,1773.6,0.659,0.57,0.4696,0.637,44.6,0.5415,28.4,36.6,0.3101,68.1,19.3,0.402,0.4554,0.3447,0.0719,0.2621,0.5333,0.3335,0.0779,0.5652,0.6152,0.507555,CMN,BRACKET_BASE,false,true,0.75071016,0.5339406600000001,0.7048286399999999,,0.4036,false
EVT-EAR-0302,Continental Standoff of Spanish Empire,1631,early_modern,war,Iberia / Americas,Spanish Empire,CHR-EAR-0302,1684.5,0.661,0.701,0.4068,0.432,23.4,0.333,40.4,42,0.4717,29.7,18.8,0.3395,0.3726,0.2981,0,0.1773,0.1948,0.2086,-0.1778,0.5808,0.6895,0.598646,CMN,BRACKET_BASE,false,true,0.614351,0.39359630999999995,0.53461376,,0.3906,false
EVT-EAR-0303,Territorial Rupture of Ming & Qing Dynasties,1518,early_modern,collapse,East Asia,Ming & Qing Dynasties,CHR-EAR-0303,867.8,0.658,0.233,0.3373,0.39,33.9,0.3645,39.7,34.2,0.4174,84,21.7,0.4292,0.4676,0.3659,0.1506,0.2354,0.1243,0.2688,-0.3433,0.6514,0.8104,0.773056,RMD,BRACKET_HIGH,true,false,0.45425118000000003,0.38122028,0.57767594,,0.356,false
EVT-EAR-0304,Frontier Fragmentation of Mughal Empire,1706,early_modern,collapse,South Asia,Mughal Empire,CHR-EAR-0304,1279.2,0.426,0.253,0.5071,0.452,25.8,0.355,28.9,40.8,0.3406,34.7,10.7,0.3102,0.4513,0.3692,0.0165,0.0952,0.1566,0.2178,-0.2947,0.5388,0.7434,0.674312,RMD,BRACKET_MEDIUM,false,true,0.58205168,0.39185276,0.55896693,,0.3919,false
EVT-EAR-0305,Respiratory Virulence Wave across Dutch Republic,1759,early_modern,pandemic,Northwestern Europe,Dutch Republic,CHR-EAR-0305,2285.2,0.457,0.826,0.5855,0.517,45.8,0.4875,33.1,42.8,0.3979,41,16.2,0.3498,0.4946,0.4224,0.0219,0.1714,0.1493,0.2519,-0.3453,0.8066,0.7975,0.482697,CMN,BRACKET_BASE,false,true,0.65154408,0.40804036,0.5907402,,0.3962,false
EVT-EAR-0306,Coalition Defense of Polish-Lithuanian Commonwealth,1627,early_modern,war,Eastern Europe,Polish-Lithuanian Commonwealth,CHR-EAR-0306,1127.8,0.746,0.541,0.2856,0.316,45.8,0.387,41.8,37.3,0.4586,34.9,13.3,0.3236,0.3792,0.2603,0.0944,0.2364,0.3656,0.2672,-0.0136,0.3022,0.5432,0.428392,CMN,BRACKET_BASE,false,true,0.55995432,0.38955282,0.44423235,,0.3872,false
EVT-EAR-0307,Popular Uprising of Spanish Empire,1545,early_modern,revolution,Iberia / Americas,Spanish Empire,CHR-EAR-0307,893.4,0.675,0.11,0.3757,0.356,44.6,0.401,39.5,37.2,0.4332,37.9,10.9,0.3176,0.4224,0.277,0.0479,0.1727,0.4561,0.2752,0.0337,0.5825,0.6123,0.415883,CMN,BRACKET_BASE,false,true,0.85175,0.584875,0.748625,,0.4065,true
EVT-EAR-0308,Radical Assembly Schism in Portuguese Empire,1600,early_modern,revolution,Atlantic / Indian Ocean,Portuguese Empire,CHR-EAR-0308,1097.4,0.734,0.351,0.3383,0.341,31.7,0.329,30,36.1,0.3243,61.7,10.6,0.3514,0.3483,0.2078,0,0.2704,0.497,0.2647,0.1487,0.4648,0.6778,0.505108,CMN,BRACKET_BASE,false,true,0.56275168,0.40497053,0.43459215,,0.4032,false
EVT-EAR-0309,Continental Standoff of Mughal Empire,1721,early_modern,war,South Asia,Mughal Empire,CHR-EAR-0309,1778.2,0.65,0.795,0.406,0.545,48.6,0.5155,29.7,37.8,0.3313,30.3,17.8,0.3359,0.3706,0.2913,0.0861,0.1617,0.4286,0.2677,0.058,0.4475,0.5853,0.796645,RMD,BRACKET_HIGH,true,false,0.42786756,0.39570678000000004,0.43756459999999997,,0.3975,false
EVT-EAR-0310,Urban Quarantine Emergency in Tsardom & Russian Empire,1603,early_modern,pandemic,Northern Eurasia,Tsardom & Russian Empire,CHR-EAR-0310,2152.9,0.646,0.742,0.5198,0.784,27.2,0.528,33.8,34.2,0.3538,50.1,20.8,0.3873,0.531,0.5005,0.1391,0.2622,0.3378,0.3541,-0.1932,0.8905,0.7467,0.435453,CMN,BRACKET_BASE,false,true,0.80217813,0.56283465,0.8314666000000001,,0.394,false
EVT-EAR-0311,Epidemic Fever Outbreak across Tokugawa Shogunate,1673,early_modern,pandemic,Japan,Tokugawa Shogunate,CHR-EAR-0311,1283.3,0.627,0.578,0.3503,0.259,53.7,0.398,30.3,37.6,0.3365,47.8,16.2,0.3609,0.4463,0.3699,0,0.2246,0.4124,0.2906,-0.0339,0.7997,0.6855,0.517666,CMN,BRACKET_BASE,false,true,0.71626147,0.57839991,0.74894414,,0.4046,false
EVT-EAR-0312,Temple Bureaucracy Reorganization of Safavid Empire,1514,early_modern,religious,Persia,Safavid Empire,CHR-EAR-0312,2263,0.773,0.255,0.6562,0.82,49.4,0.657,41.6,39.9,0.472,39.4,11.6,0.3239,0.5594,0.5254,0.3763,0.5084,0.7779,0.5495,0.2185,0.467,0.597,0.778481,RMD,BRACKET_HIGH,true,false,0.3387025,0.5653362399999999,0.6106686600000001,,0.3868,false
EVT-EAR-0313,Respiratory Virulence Wave across Ottoman Empire,1786,early_modern,pandemic,Southeast Europe / Near East,Ottoman Empire,CHR-EAR-0313,1248.9,0.713,0.302,0.3984,0.838,28.4,0.561,28.8,42.9,0.3522,52.9,9.1,0.3327,0.4488,0.425,0.1138,0.3303,0.4274,0.3491,-0.0214,0.9033,0.6706,0.636757,RMD,BRACKET_MEDIUM,false,true,0.6247364199999998,0.5604092,0.7512520300000001,,0.3983,false
EVT-EAR-0314,Palatial Collapse of Ming & Qing Dynasties,1709,early_modern,collapse,East Asia,Ming & Qing Dynasties,CHR-EAR-0314,1394,0.58,0.333,0.4665,0.778,48.5,0.6315,38.5,32,0.3912,60.4,15.5,0.3743,0.5655,0.4503,0.1612,0.2325,0.1386,0.3096,-0.4269,0.8406,0.8473,0.498797,CMN,BRACKET_BASE,false,true,0.5675208,0.39413898,0.61023416,,0.3729,false
EVT-EAR-0315,Metallurgical Innovation Surge in Portuguese Empire,1583,early_modern,technological,Atlantic / Indian Ocean,Portuguese Empire,CHR-EAR-0315,2006.5,0.574,0.551,0.561,0.617,38,0.4985,38.6,42.2,0.4535,34.2,10.7,0.3092,0.4031,0.4437,0.5178,0.6145,0.524,0.5006,0.1209,0.2572,0.5326,0.700164,RMD,BRACKET_HIGH,false,false,0.33556387,0.38497032,0.45151391999999996,,0.2748,false
EVT-EAR-0316,Monastic Network Expansion of Portuguese Empire,1513,early_modern,religious,Atlantic / Indian Ocean,Portuguese Empire,CHR-EAR-0316,1098.5,0.704,0.183,0.398,0.214,16.3,0.1885,37.2,38.9,0.4186,64.5,19.6,0.3996,0.3958,0.3774,0.2177,0.2848,0.2868,0.3125,-0.109,0.3017,0.6135,0.579607,CMN,BRACKET_BASE,false,true,0.46914051999999995,0.3703644,0.46561216,,0.3131,false
EVT-EAR-0317,Temple Bureaucracy Reorganization of Mughal Empire,1708,early_modern,religious,South Asia,Mughal Empire,CHR-EAR-0317,1897.9,0.542,0.284,0.6226,0.832,42.3,0.6275,37.9,42,0.4448,72.2,16.8,0.3938,0.5701,0.551,0.41,0.502,0.5197,0.5106,-0.0504,0.2818,0.4734,0.55658,CMN,BRACKET_BASE,false,true,0.45545676,0.39662241,0.46648091999999997,,0.3211,false
EVT-EAR-0318,Military Coup d’État in Mughal Empire,1621,early_modern,revolution,South Asia,Mughal Empire,CHR-EAR-0318,1948.8,0.453,0.639,0.556,0.645,30.6,0.4755,30.9,37.5,0.3424,49.1,17.3,0.3683,0.4628,0.3192,0,0.2215,0.5884,0.3184,0.1256,0.5163,0.6208,0.551478,CMN,BRACKET_BASE,false,true,0.6301439,0.6093656399999999,0.7109791499999999,,0.396,false
EVT-EAR-0319,Navigational Instrument Reform in Safavid Empire,1552,early_modern,technological,Persia,Safavid Empire,CHR-EAR-0319,1337.4,0.538,0.558,0.397,0.264,30.5,0.2845,35.7,42.2,0.4223,41.2,18.4,0.3611,0.3034,0.3482,0.4667,0.5363,0.5103,0.433,0.2069,0.2213,0.6315,0.989158,RMD,BRACKET_HIGH,true,false,0.32734911000000005,0.36415615,0.429525,,0.2754,false
EVT-EAR-0320,Urban Quarantine Emergency in Safavid Empire,1575,early_modern,pandemic,Persia,Safavid Empire,CHR-EAR-0320,2357.1,0.718,0.444,0.6403,0.692,24.8,0.47,40.9,33,0.4231,89.7,20.5,0.428,0.5153,0.4579,0.1758,0.4014,0.1993,0.3499,-0.316,0.7657,0.7621,0.576334,CMN,BRACKET_BASE,false,true,0.58585626,0.5003559000000001,0.8834511999999999,,0.3713,false
EVT-EAR-0321,Bureaucratic Consolidation of Portuguese Empire,1566,early_modern,transformation,Atlantic / Indian Ocean,Portuguese Empire,CHR-EAR-0321,1527.6,0.441,0.663,0.4437,0.48,27.2,0.376,30.3,41.7,0.3611,48.4,18.2,0.3718,0.2926,0.3443,0.2578,0.3785,0.5138,0.3574,0.2212,0.3979,0.6718,0.638859,RMD,BRACKET_MEDIUM,false,true,0.5242345500000001,0.37649481999999995,0.36159991999999996,,0.3293,false
EVT-EAR-0322,Epidemic Fever Outbreak across Spanish Empire,1785,early_modern,pandemic,Iberia / Americas,Spanish Empire,CHR-EAR-0322,1537.8,0.57,0.682,0.4019,0.631,29.3,0.462,35.8,41.2,0.4174,71.5,10.5,0.3616,0.4662,0.4253,0.1397,0.3247,0.4529,0.3618,-0.0133,0.6159,0.599,0.777607,RMD,BRACKET_HIGH,true,false,0.4037311,0.39963000000000004,0.4914956999999999,,0.3974,false
EVT-EAR-0323,Epidemic Fever Outbreak across Ottoman Empire,1694,early_modern,pandemic,Southeast Europe / Near East,Ottoman Empire,CHR-EAR-0323,1566.5,0.434,0.542,0.4921,0.465,51.1,0.488,29.1,38.2,0.3272,52.7,11.2,0.343,0.4962,0.4254,0,0.2133,0.1826,0.2635,-0.3136,0.8471,0.815,0.583321,CMN,BRACKET_BASE,false,true,0.6067875,0.40425304,0.5743675199999999,,0.4055,false
EVT-EAR-0324,Administrative Codification of British Empire (Early),1698,early_modern,transformation,British Isles / Global,British Empire (Early),CHR-EAR-0324,1403.3,0.532,0.582,0.4086,0.63,20.4,0.417,32.2,42.4,0.3858,81.5,22,0.4285,0.3348,0.3805,0.2951,0.4332,0.4472,0.3782,0.1124,0.2558,0.5729,0.561842,CMN,BRACKET_BASE,false,true,0.6170752,0.5393749999999999,0.6205,,0.3006,true
EVT-EAR-0325,Guild Monopoly Reform in Ottoman Empire,1782,early_modern,economic,Southeast Europe / Near East,Ottoman Empire,CHR-EAR-0325,2343.7,0.427,0.812,0.6138,0.553,47.2,0.5125,41.5,36.8,0.4523,85.6,22.2,0.4331,0.4748,0.398,0.2077,0.2875,0.2434,0.3223,-0.2314,0.335,0.6019,0.672927,RMD,BRACKET_MEDIUM,false,true,0.4027208,0.38166281999999996,0.51575484,,0.3381,false
EVT-EAR-0326,Urban Quarantine Emergency in Mughal Empire,1525,early_modern,pandemic,South Asia,Mughal Empire,CHR-EAR-0326,1855.7,0.632,0.342,0.5673,0.519,27.4,0.3965,36.3,38.9,0.4089,36.6,9.1,0.3061,0.4709,0.4277,0.0756,0.3078,0.108,0.278,-0.3629,0.8398,0.83,0.573763,CMN,BRACKET_BASE,false,true,0.64932422,0.40723098,0.6175316,,0.3838,false
EVT-EAR-0327,Sanitation & Medical Breakthrough in Mughal Empire,1578,early_modern,technological,South Asia,Mughal Empire,CHR-EAR-0327,866.3,0.489,0.36,0.3495,0.289,17.3,0.231,31.4,41.6,0.3724,44.8,18.5,0.3677,0.2547,0.2877,0.3884,0.5356,0.4015,0.3736,0.1468,0.1799,0.6113,0.596187,CMN,BRACKET_BASE,false,true,0.5088730899999999,0.38456464,0.43747362,,0.2857,false
EVT-EAR-0328,Peasant Rebellion against Polish-Lithuanian Commonwealth,1756,early_modern,revolution,Eastern Europe,Polish-Lithuanian Commonwealth,CHR-EAR-0328,2202.5,0.606,0.373,0.6553,0.486,42,0.453,40.1,42.6,0.4721,68.7,21.7,0.4147,0.5888,0.4439,0.1863,0.4452,0.5961,0.4521,0.0073,0.5589,0.5366,0.699113,RMD,BRACKET_MEDIUM,false,false,0.46770234,0.41547796000000004,0.48386052,,0.404,false
EVT-EAR-0329,Decentralization Wave across Tsardom & Russian Empire,1753,early_modern,collapse,Northern Eurasia,Tsardom & Russian Empire,CHR-EAR-0329,1070.6,0.686,0.695,0.2426,0.684,43,0.557,41.8,40.3,0.4766,33.4,14.9,0.3285,0.543,0.4387,0.1763,0.2178,0.1206,0.2993,-0.4224,0.7084,0.8438,0.591529,CMN,BRACKET_BASE,false,true,0.6173994399999999,0.40372512,0.63162265,,0.3671,false
EVT-EAR-0330,Guild Monopoly Reform in Portuguese Empire,1708,early_modern,economic,Atlantic / Indian Ocean,Portuguese Empire,CHR-EAR-0330,1794.9,0.619,0.725,0.4406,0.642,27.2,0.457,41,35.9,0.4416,53.3,20.7,0.3913,0.4048,0.35,0.1893,0.2763,0.1851,0.2811,-0.2197,0.6103,0.7003,0.515495,CMN,BRACKET_BASE,false,true,0.72012,0.4692051,0.7827072,,0.328,false
EVT-EAR-0331,Maritime Trade Hub Expansion in Tokugawa Shogunate,1688,early_modern,economic,Japan,Tokugawa Shogunate,CHR-EAR-0331,1317.9,0.615,0.392,0.4186,0.484,25.3,0.3685,39.6,38.3,0.4409,64.8,12.7,0.3654,0.394,0.3175,0.1016,0.1527,0.4369,0.2805,0.0429,0.384,0.565,0.46381,CMN,BRACKET_BASE,false,true,0.5566101,0.40005158999999996,0.44071104,,0.3985,false
EVT-EAR-0332,Silver Flotilla Currency Shock in British Empire (Early),1644,early_modern,economic,British Isles / Global,British Empire (Early),CHR-EAR-0332,2216.7,0.478,0.626,0.6215,0.389,28.9,0.339,33.6,39,0.3805,26.2,13.8,0.3054,0.423,0.3926,0.2734,0.4527,0.3142,0.3712,-0.1088,0.3346,0.5713,0.533988,CMN,BRACKET_BASE,false,true,0.6684630899999999,0.54925,0.7713749999999999,,0.3125,true
EVT-EAR-0333,Educational Charter of Dutch Republic,1732,early_modern,transformation,Northwestern Europe,Dutch Republic,CHR-EAR-0333,885.4,0.757,0.18,0.328,0.469,39,0.4295,31.4,39.7,0.361,78.5,8.3,0.3573,0.2706,0.3146,0.166,0.3489,0.6,0.34,0.3294,0.2408,0.7003,0.625079,CMN,BRACKET_BASE,false,true,0.50122373,0.39736515,0.35808500000000004,,0.3786,false
EVT-EAR-0334,Treaty System Implementation across Safavid Empire,1702,early_modern,transformation,Persia,Safavid Empire,CHR-EAR-0334,1157.8,0.754,0.184,0.398,0.769,53.6,0.6525,29.1,33.4,0.2984,57.1,14.5,0.3653,0.3654,0.4195,0.3194,0.5685,0.5507,0.4447,0.1853,0.361,0.618,0.48646,CMN,BRACKET_BASE,false,true,0.6593749600000001,0.53459616,0.5550035200000001,,0.3303,false
EVT-EAR-0335,Harbor Incursion Sickness in Polish-Lithuanian Commonwealth,1586,early_modern,pandemic,Eastern Europe,Polish-Lithuanian Commonwealth,CHR-EAR-0335,1493.8,0.47,0.626,0.4373,0.773,29.5,0.534,32.7,41.4,0.3852,71.6,23.6,0.4272,0.4681,0.4009,0.1472,0.2634,0.3658,0.3291,-0.1023,0.8015,0.6821,0.66418,RMD,BRACKET_MEDIUM,false,true,0.52714856,0.46914607999999997,0.7339065499999999,,0.3851,false
EVT-EAR-0336,Peasant Rebellion against Ottoman Empire,1690,early_modern,revolution,Southeast Europe / Near East,Ottoman Empire,CHR-EAR-0336,1242.9,0.437,0.32,0.4743,0.335,34.5,0.34,28.4,42.2,0.3437,90.9,23.8,0.4454,0.3946,0.2622,0,0.1367,0.3465,0.228,-0.0481,0.5854,0.6286,0.499397,CMN,BRACKET_BASE,false,true,0.8620862400000001,0.5765,0.7885,,0.4058,true
EVT-EAR-0337,Fiscal Modernization in Ottoman Empire,1552,early_modern,transformation,Southeast Europe / Near East,Ottoman Empire,CHR-EAR-0337,1354.7,0.53,0.605,0.3897,0.651,13.1,0.391,29.2,34.8,0.3079,27.2,20.5,0.3416,0.2524,0.3065,0.2393,0.4206,0.602,0.3642,0.3496,0.2211,0.7108,0.538447,CMN,BRACKET_BASE,false,true,0.6827317199999999,0.47855299999999995,0.47114412000000006,,0.3523,false
EVT-EAR-0338,Sanitation & Medical Breakthrough in British Empire (Early),1787,early_modern,technological,British Isles / Global,British Empire (Early),CHR-EAR-0338,1560.2,0.738,0.611,0.3786,0.66,30.8,0.484,29,40.3,0.3387,76.3,21.9,0.4233,0.3161,0.3722,0.4631,0.5605,0.567,0.4558,0.2509,0.1873,0.6321,0.509393,CMN,BRACKET_BASE,false,true,0.6901765599999999,0.548625,0.665125,,0.294,false
EVT-EAR-0339,Agricultural Plague Wave in Tsardom & Russian Empire,1533,early_modern,pandemic,Northern Eurasia,Tsardom & Russian Empire,CHR-EAR-0339,1279.4,0.667,0.821,0.2644,0.366,19.3,0.2795,29.8,36.5,0.3245,60.8,19.7,0.3958,0.3829,0.3093,0,0.1619,0.2331,0.2174,-0.1498,0.8481,0.7927,0.3899,CMN,BRACKET_BASE,false,true,0.8794008,0.54085164,0.77839064,,0.3955,false
EVT-EAR-0340,Frontier Fragmentation of Tokugawa Shogunate,1620,early_modern,collapse,Japan,Tokugawa Shogunate,CHR-EAR-0340,1715,0.649,0.425,0.501,0.36,21.2,0.286,38.1,41.5,0.4439,89.6,19.6,0.4234,0.4981,0.3883,0.0328,0.0555,0.2353,0.242,-0.2628,0.5748,0.731,0.393326,CMN,BRACKET_BASE,false,true,0.8344258999999999,0.5796449100000001,0.8474530499999999,,0.4048,false
EVT-EAR-0341,Maritime Hegemony Clash in Mughal Empire,1576,early_modern,war,South Asia,Mughal Empire,CHR-EAR-0341,2003.5,0.454,0.876,0.4987,0.275,17.8,0.2265,30,34.4,0.3141,86,11.4,0.3794,0.3651,0.3209,0.1185,0.2801,0.2481,0.2665,-0.117,0.4829,0.658,0.362248,CMN,BRACKET_BASE,false,true,0.85808016,0.5467500000000001,0.8,,0.3532,true
EVT-EAR-0342,Civic Restoration Revolt in Tokugawa Shogunate,1500,early_modern,revolution,Japan,Tokugawa Shogunate,CHR-EAR-0342,919,0.665,0.459,0.2806,0.435,25,0.3425,29,38.3,0.3267,46.5,17.9,0.3674,0.4122,0.2541,0.0032,0.1915,0.3324,0.2387,-0.0798,0.5336,0.664,0.664595,RMD,BRACKET_MEDIUM,false,true,0.6066063199999999,0.49186197000000004,0.71926106,,0.4045,false
EVT-EAR-0343,Debt Crisis Settlement of Tsardom & Russian Empire,1677,early_modern,economic,Northern Eurasia,Tsardom & Russian Empire,CHR-EAR-0343,2050.6,0.577,0.527,0.5786,0.556,45.6,0.506,41.9,40.9,0.4812,92.8,17.4,0.4149,0.4657,0.416,0.3043,0.4435,0.2977,0.3854,-0.168,0.3696,0.5782,0.474642,CMN,BRACKET_BASE,false,true,0.63665197,0.553375,0.8132499999999999,,0.3162,true
EVT-EAR-0344,Caravan Route Pestilence in Tokugawa Shogunate,1513,early_modern,pandemic,Japan,Tokugawa Shogunate,CHR-EAR-0344,930.8,0.555,0.125,0.4169,0.214,12.3,0.1685,32.2,39.9,0.3708,71.2,15.5,0.3862,0.3776,0.3475,0,0.1714,0.0117,0.1816,-0.3659,0.7543,0.8727,0.620364,CMN,BRACKET_BASE,false,true,0.63984704,0.39584463999999997,0.6001923,,0.3788,false
EVT-EAR-0345,Institutional Dissolution of Mughal Empire,1709,early_modern,collapse,South Asia,Mughal Empire,CHR-EAR-0345,1277.6,0.619,0.611,0.3413,0.804,38.4,0.594,41.1,40.2,0.4684,32.8,9.3,0.2991,0.487,0.4274,0.1107,0.1957,0.2264,0.2894,-0.2606,0.4089,0.6624,0.545426,CMN,BRACKET_BASE,false,true,0.50621274,0.39865420000000007,0.5520697,,0.3791,false
EVT-EAR-0346,Treaty System Implementation across British Empire (Early),1620,early_modern,transformation,British Isles / Global,British Empire (Early),CHR-EAR-0346,1552.2,0.738,0.71,0.3468,0.313,21.3,0.263,38.5,36.2,0.4164,30,8.9,0.2907,0.2489,0.3076,0.1679,0.371,0.5175,0.3226,0.2686,0.1846,0.6673,0.521965,CMN,BRACKET_BASE,false,true,0.50488704,0.38423759999999996,0.33686898000000004,,0.3613,false
EVT-EAR-0347,Strategic Siege of Tsardom & Russian Empire,1772,early_modern,war,Northern Eurasia,Tsardom & Russian Empire,CHR-EAR-0347,1218,0.539,0.355,0.4268,0.68,54.6,0.613,36.7,40.8,0.4246,93.3,14.6,0.4013,0.5137,0.4088,0.1031,0.2642,0.4143,0.3408,-0.0994,0.6703,0.6316,0.752922,RMD,BRACKET_HIGH,true,false,0.53610624,0.5698007399999999,0.78339646,,0.4047,false
EVT-EAR-0348,Systemic Governance Breakdown in Polish-Lithuanian Commonwealth,1663,early_modern,collapse,Eastern Europe,Polish-Lithuanian Commonwealth,CHR-EAR-0348,851,0.75,0.197,0.3162,0.782,54.8,0.665,38,32.4,0.3882,90.2,18.1,0.4164,0.5884,0.5332,0.301,0.3231,0.3957,0.4283,-0.1927,0.5543,0.6672,0.490238,CMN,BRACKET_BASE,false,true,0.55719594,0.49510944,0.7964809599999999,,0.3541,false
EVT-EAR-0349,Systemic Governance Breakdown in British Empire (Early),1627,early_modern,collapse,British Isles / Global,British Empire (Early),CHR-EAR-0349,950.1,0.623,0.582,0.2643,0.423,26.2,0.3425,30.6,33.4,0.3146,85,12,0.3816,0.4633,0.3883,0.1767,0.2583,0.1016,0.2776,-0.3617,0.6225,0.8427,0.585876,CMN,BRACKET_BASE,false,true,0.51165226,0.38524585,0.58566728,,0.3538,false
EVT-EAR-0350,Mercantile Tariff Overhaul across Ming & Qing Dynasties,1632,early_modern,economic,East Asia,Ming & Qing Dynasties,CHR-EAR-0350,1157.8,0.597,0.651,0.305,0.792,49.2,0.642,33.4,37.2,0.3675,20.8,15.5,0.2972,0.3612,0.337,0.1401,0.2136,0.4712,0.3046,0.11,0.4092,0.5945,0.636374,RMD,BRACKET_MEDIUM,false,true,0.75280505,0.56725,0.672125,,0.3872,false
EVT-EAR-0351,Grain Market Price Shock across Portuguese Empire,1745,early_modern,economic,Atlantic / Indian Ocean,Portuguese Empire,CHR-EAR-0351,2228.4,0.526,0.482,0.6533,0.296,21.2,0.254,36.8,34.4,0.3873,83.9,21,0.4256,0.4826,0.3951,0.1831,0.2955,0.6616,0.4036,0.179,0.4432,0.6433,0.837438,RMD,BRACKET_HIGH,true,false,0.5298609900000001,0.50111952,0.6173755,,0.4033,false
EVT-EAR-0352,Astronomical Standardization by Ming & Qing Dynasties,1651,early_modern,technological,East Asia,Ming & Qing Dynasties,CHR-EAR-0352,1055.4,0.631,0.483,0.3188,0.589,17.2,0.3805,40.1,42.2,0.4697,49.4,11,0.3373,0.2862,0.314,0.4025,0.4634,0.6628,0.4258,0.3766,0.26,0.723,0.642818,RMD,BRACKET_MEDIUM,false,true,0.48666618,0.47010223999999995,0.51304104,,0.3365,false
EVT-EAR-0353,Canal Infrastructure Boom in Mughal Empire,1796,early_modern,economic,South Asia,Mughal Empire,CHR-EAR-0353,1611.7,0.766,0.577,0.3937,0.242,43.1,0.3365,29.2,41.5,0.3481,89.1,18.5,0.4175,0.4021,0.3655,0.2439,0.3896,0.3746,0.3551,-0.0275,0.5705,0.6257,0.696974,RMD,BRACKET_MEDIUM,false,false,0.45644553000000004,0.3731612,0.47126540000000006,,0.3266,false
EVT-EAR-0354,Silver Flotilla Currency Shock in Mughal Empire,1718,early_modern,economic,South Asia,Mughal Empire,CHR-EAR-0354,1425,0.577,0.466,0.4355,0.561,17.5,0.368,41.2,39.1,0.4629,74.2,13.8,0.3807,0.4447,0.3864,0.1333,0.21,0.5248,0.3398,0.0801,0.5935,0.6317,0.661284,RMD,BRACKET_MEDIUM,false,true,0.56114112,0.40495400000000004,0.4543119,,0.4034,false
EVT-EAR-0355,Palatial Collapse of Mughal Empire,1693,early_modern,collapse,South Asia,Mughal Empire,CHR-EAR-0355,1058.2,0.731,0.576,0.2616,0.459,18.2,0.3205,28.2,37.6,0.3139,56.8,17.8,0.3814,0.3796,0.285,0,0.0974,0.1269,0.1778,-0.2527,0.4739,0.7505,0.461196,CMN,BRACKET_BASE,false,true,0.65155251,0.38327596999999997,0.52949635,,0.38,false
EVT-EAR-0356,Provincial Autonomy Insurgency against Ming & Qing Dynasties,1700,early_modern,revolution,East Asia,Ming & Qing Dynasties,CHR-EAR-0356,1279.7,0.661,0.179,0.4589,0.384,29,0.337,29.4,35.2,0.3124,42,19,0.3655,0.4214,0.2544,0.0533,0.2155,0.5485,0.2986,0.1271,0.4505,0.645,0.447012,CMN,BRACKET_BASE,false,true,0.6869079,0.50397,0.6331964099999999,,0.4036,false
EVT-EAR-0357,Navigational Instrument Reform in Tokugawa Shogunate,1671,early_modern,technological,Japan,Tokugawa Shogunate,CHR-EAR-0357,1619.2,0.554,0.54,0.4703,0.738,31.6,0.527,28.8,32.3,0.2886,68,22.7,0.4189,0.367,0.3899,0.5048,0.6431,0.7095,0.5229,0.3425,0.3784,0.7167,0.850936,RMD,BRACKET_HIGH,true,false,0.30536678,0.48272481,0.58816356,,0.326,false
EVT-EAR-0358,Coalition Defense of Safavid Empire,1572,early_modern,war,Persia,Safavid Empire,CHR-EAR-0358,1220.2,0.497,0.714,0.3322,0.671,53.3,0.602,36.3,39.4,0.4119,58.2,14.6,0.3672,0.4167,0.3087,0.0917,0.2662,0.2184,0.2603,-0.1983,0.4366,0.6443,0.492518,CMN,BRACKET_BASE,false,true,0.71262008,0.53710618,0.7772671000000001,,0.3741,false
EVT-EAR-0359,Educational Charter of Kingdom of France (Bourbon),1768,early_modern,transformation,Western Europe,Kingdom of France (Bourbon),CHR-EAR-0359,2068.1,0.624,0.737,0.506,0.401,45.3,0.427,31.9,32.7,0.3244,37.4,14.2,0.3331,0.3436,0.3901,0.2617,0.4115,0.5976,0.4009,0.254,0.1347,0.6122,0.847318,RMD,BRACKET_HIGH,true,false,0.44566275,0.38926989,0.33290964,,0.3574,false
EVT-EAR-0360,Treaty System Implementation across Spanish Empire,1641,early_modern,transformation,Iberia / Americas,Spanish Empire,CHR-EAR-0360,1591.9,0.576,0.291,0.5314,0.339,17.6,0.2575,31.3,41,0.3677,38.8,23.9,0.3843,0.2774,0.3346,0.2591,0.4061,0.6138,0.3782,0.3364,0.3737,0.7316,0.788036,RMD,BRACKET_HIGH,true,false,0.50150746,0.382497,0.34644624,,0.35,false
EVT-EAR-0361,Astronomical Standardization by Tokugawa Shogunate,1734,early_modern,technological,Japan,Tokugawa Shogunate,CHR-EAR-0361,1416.3,0.641,0.7,0.3438,0.74,28.6,0.513,40.9,35.3,0.4369,20.1,13.6,0.2852,0.3155,0.3695,0.4282,0.5072,0.5689,0.4379,0.2534,0.397,0.672,0.717857,RMD,BRACKET_HIGH,false,false,0.5317213,0.5256443999999999,0.6260220000000001,,0.3021,false
EVT-EAR-0362,Fiscal Default Crisis in Tsardom & Russian Empire,1625,early_modern,collapse,Northern Eurasia,Tsardom & Russian Empire,CHR-EAR-0362,2125.9,0.645,0.101,0.7055,0.254,37.9,0.3165,33.6,37.7,0.3727,35.7,13.4,0.3258,0.5725,0.4559,0.1488,0.1833,0.175,0.3071,-0.3975,0.5808,0.7806,0.431509,CMN,BRACKET_BASE,false,true,0.7460544000000001,0.5633159999999999,0.910624,,0.3673,false
EVT-EAR-0363,Constitutional Reorganization of Ottoman Empire,1598,early_modern,transformation,Southeast Europe / Near East,Ottoman Empire,CHR-EAR-0363,1774.3,0.676,0.824,0.3885,0.351,51.5,0.433,37,42.2,0.4363,48.4,23.2,0.3968,0.2962,0.3641,0.2519,0.4758,0.5528,0.3882,0.2566,0.3982,0.6794,0.587608,CMN,BRACKET_BASE,false,true,0.42292328,0.38589265000000006,0.36292129,,0.3439,false
EVT-EAR-0364,Agrarian Restructuring of Safavid Empire,1632,early_modern,transformation,Persia,Safavid Empire,CHR-EAR-0364,1056.8,0.764,0.595,0.2457,0.594,31.8,0.456,38.7,33,0.3994,91.6,22,0.437,0.2855,0.3165,0.2328,0.3805,0.5304,0.3491,0.2449,0.3045,0.6732,0.628222,CMN,BRACKET_BASE,false,true,0.49335491000000004,0.37329504999999996,0.34162655999999997,,0.3392,false
EVT-EAR-0365,Maritime Trade Hub Expansion in Safavid Empire,1670,early_modern,economic,Persia,Safavid Empire,CHR-EAR-0365,1576.8,0.758,0.559,0.3925,0.365,14.2,0.2535,32.9,35,0.3489,44.9,12.4,0.3374,0.3914,0.37,0.2214,0.2893,0.2136,0.2971,-0.1778,0.6334,0.7351,0.524151,CMN,BRACKET_BASE,false,true,0.5290315200000001,0.36326695999999997,0.51061848,,0.3107,false
EVT-EAR-0366,Guild Monopoly Reform in Tokugawa Shogunate,1546,early_modern,economic,Japan,Tokugawa Shogunate,CHR-EAR-0366,1798.6,0.722,0.404,0.507,0.426,16,0.293,30.8,36.5,0.3353,73.3,17,0.3959,0.3865,0.3529,0.1029,0.1988,0.249,0.258,-0.1375,0.4469,0.6457,0.764803,RMD,BRACKET_HIGH,true,false,0.5998158,0.5573750000000001,0.814375,,0.3648,true
EVT-EAR-0367,Grain Market Price Shock across Dutch Republic,1667,early_modern,economic,Northwestern Europe,Dutch Republic,CHR-EAR-0367,1933,0.612,0.584,0.5207,0.629,37.5,0.502,40.9,37.8,0.4519,18.3,22.8,0.3244,0.4011,0.3598,0.2438,0.3229,0.4672,0.359,0.0661,0.6142,0.5981,0.490686,CMN,BRACKET_BASE,false,true,0.58567756,0.38174640000000004,0.44524857,,0.351,false
EVT-EAR-0368,Decentralization Wave across Ming & Qing Dynasties,1610,early_modern,collapse,East Asia,Ming & Qing Dynasties,CHR-EAR-0368,2323.5,0.47,0.431,0.71,0.415,41.3,0.414,35,33,0.3595,90.8,18.3,0.4178,0.5636,0.5018,0.1263,0.1537,0.2105,0.3112,-0.3531,0.4462,0.7097,0.453438,CMN,BRACKET_BASE,false,true,0.7468771199999998,0.5239353,0.8723957899999999,,0.3815,false
EVT-EAR-0369,Popular Uprising of Tokugawa Shogunate,1525,early_modern,revolution,Japan,Tokugawa Shogunate,CHR-EAR-0369,1909.6,0.663,0.843,0.4216,0.379,18.9,0.284,28.2,42.6,0.3439,35.3,23.7,0.3765,0.3676,0.2756,0,0.1377,0.2427,0.2047,-0.1249,0.795,0.7388,0.539778,CMN,BRACKET_BASE,false,true,0.8401230000000001,0.5369299200000001,0.75852465,,0.3949,false
EVT-EAR-0370,Judicial Standard Reform in Ming & Qing Dynasties,1733,early_modern,transformation,East Asia,Ming & Qing Dynasties,CHR-EAR-0370,2151,0.532,0.372,0.6645,0.69,22.1,0.4555,40.5,37.9,0.4482,61.9,13.4,0.3656,0.4315,0.4637,0.3589,0.5942,0.6459,0.4988,0.2144,0.2463,0.5721,0.614048,CMN,BRACKET_BASE,false,true,0.5655,0.56425,0.566,,0.3457,false
EVT-EAR-0371,Institutional Dissolution of Tsardom & Russian Empire,1612,early_modern,collapse,Northern Eurasia,Tsardom & Russian Empire,CHR-EAR-0371,2118.5,0.732,0.739,0.4861,0.289,49.9,0.394,29.9,37.1,0.3292,80,19.7,0.4157,0.4857,0.3813,0.0124,0.0338,0.1702,0.2167,-0.3155,0.6242,0.775,0.383613,CMN,BRACKET_BASE,false,true,0.8209923599999999,0.5724054,0.8534686799999999,,0.4004,false
EVT-EAR-0372,Popular Uprising of Ming & Qing Dynasties,1649,early_modern,revolution,East Asia,Ming & Qing Dynasties,CHR-EAR-0372,2058.6,0.596,0.875,0.4706,0.515,23.1,0.373,41.2,40.7,0.4725,56.2,16.2,0.3726,0.4718,0.3286,0.1084,0.2085,0.2706,0.2776,-0.2012,0.6112,0.694,0.466837,CMN,BRACKET_BASE,false,true,0.75618648,0.48416973,0.7859856000000001,,0.382,false
EVT-EAR-0373,Institutional Dissolution of British Empire (Early),1579,early_modern,collapse,British Isles / Global,British Empire (Early),CHR-EAR-0373,1599.6,0.448,0.679,0.4553,0.368,48.2,0.425,41.4,37.4,0.4549,49.4,19.6,0.3803,0.5545,0.4421,0.0861,0.1302,0.2637,0.2953,-0.2908,0.8084,0.7889,0.67205,RMD,BRACKET_MEDIUM,false,true,0.804625,0.5972500000000001,0.931375,,0.4008,true
EVT-EAR-0374,Administrative Codification of Mughal Empire,1622,early_modern,transformation,South Asia,Mughal Empire,CHR-EAR-0374,2398,0.505,0.654,0.6518,0.259,30.3,0.281,36.1,41.3,0.4212,78.8,20.1,0.4166,0.3575,0.4187,0.3354,0.5303,0.5975,0.4479,0.24,0.3303,0.6391,0.534717,CMN,BRACKET_BASE,false,true,0.53608782,0.38338564,0.3499125,,0.3325,false
EVT-EAR-0375,Peasant Rebellion against Safavid Empire,1641,early_modern,revolution,Persia,Safavid Empire,CHR-EAR-0375,1415.5,0.681,0.639,0.3499,0.699,17.1,0.435,40.6,38.5,0.4528,32.3,18,0.3415,0.4622,0.2837,0,0.2447,0.1908,0.2363,-0.2714,0.3886,0.6881,0.510721,CMN,BRACKET_BASE,false,true,0.687625,0.57825,0.8915,,0.4041,true
EVT-EAR-0376,Secular Legal Separation in British Empire (Early),1583,early_modern,religious,British Isles / Global,British Empire (Early),CHR-EAR-0376,1784.8,0.622,0.422,0.528,0.222,32.1,0.2715,41.6,41.1,0.4792,37.3,13.1,0.3275,0.3678,0.3408,0.2259,0.3908,0.2842,0.3219,-0.0836,0.3197,0.5633,0.415554,CMN,BRACKET_BASE,false,true,0.66160143,0.47671650000000004,0.6900080999999999,,0.3097,false
EVT-EAR-0377,Sanitation & Medical Breakthrough in Safavid Empire,1611,early_modern,technological,Persia,Safavid Empire,CHR-EAR-0377,2300.1,0.568,0.123,0.7669,0.226,39.3,0.3095,41.5,36.9,0.4529,26.5,17,0.3222,0.3655,0.4072,0.5259,0.666,0.635,0.5199,0.2695,0.1933,0.5945,0.528318,CMN,BRACKET_BASE,false,true,0.45336348,0.38402532,0.41013504,,0.3028,false
EVT-EAR-0378,Succession Conflict of Safavid Empire,1586,early_modern,war,Persia,Safavid Empire,CHR-EAR-0378,1647.3,0.618,0.373,0.5085,0.626,13.7,0.3815,33.1,36.7,0.3613,65.8,21.8,0.412,0.4583,0.3466,0.1763,0.3218,0.2277,0.3061,-0.2306,0.36,0.6568,0.3932,CMN,BRACKET_BASE,false,true,0.7458428800000001,0.48662064000000005,0.7753037999999999,,0.345,false
EVT-EAR-0379,Bureaucratic Consolidation of Spanish Empire,1576,early_modern,transformation,Iberia / Americas,Spanish Empire,CHR-EAR-0379,2032.3,0.61,0.264,0.6429,0.773,35.1,0.562,29.4,40.8,0.346,64.2,17.5,0.3888,0.3737,0.4062,0.2619,0.4636,0.5093,0.4029,0.1356,0.163,0.5113,0.566362,CMN,BRACKET_BASE,false,true,0.7185802,0.5595,0.5972500000000001,,0.3489,true
EVT-EAR-0380,Mechanical Power Harnessing in Tokugawa Shogunate,1589,early_modern,technological,Japan,Tokugawa Shogunate,CHR-EAR-0380,1223.8,0.476,0.522,0.3971,0.237,15,0.1935,38.7,35.8,0.4162,24.8,20.9,0.3369,0.2509,0.3068,0.3557,0.4751,0.4075,0.3592,0.1566,0.418,0.668,0.679941,RMD,BRACKET_MEDIUM,false,true,0.5335822499999999,0.36455148000000004,0.43598058000000006,,0.2751,false
EVT-EAR-0381,Pantheon Reformation of Polish-Lithuanian Commonwealth,1784,early_modern,religious,Eastern Europe,Polish-Lithuanian Commonwealth,CHR-EAR-0381,974.2,0.627,0.68,0.24,0.51,29.8,0.404,41.6,36.8,0.4534,73.2,23.3,0.4273,0.3794,0.4461,0.29,0.3595,0.4019,0.3754,0.0225,0.3015,0.5529,0.578631,CMN,BRACKET_BASE,false,true,0.5059136000000001,0.5219339199999999,0.6373658200000001,,0.3057,false
EVT-EAR-0382,Printing & Communications Diffusion in Polish-Lithuanian Commonwealth,1784,early_modern,technological,Eastern Europe,Polish-Lithuanian Commonwealth,CHR-EAR-0382,1999.2,0.681,0.608,0.5099,0.692,24.6,0.469,38.6,34.5,0.4073,84.9,18.7,0.415,0.4075,0.4656,0.5825,0.6972,0.6705,0.5647,0.263,0.2286,0.6212,0.675338,RMD,BRACKET_MEDIUM,false,true,0.28953397,0.37791878,0.42266588,,0.2944,false
EVT-EAR-0383,Mechanical Power Harnessing in Kingdom of France (Bourbon),1760,early_modern,technological,Western Europe,Kingdom of France (Bourbon),CHR-EAR-0383,1828.9,0.717,0.16,0.5895,0.618,41.8,0.518,34.2,36.5,0.3719,91.5,13,0.3919,0.4266,0.4802,0.538,0.6648,0.7669,0.5753,0.3403,0.485,0.7131,0.647483,RMD,BRACKET_MEDIUM,false,true,0.46787511,0.4697964,0.57010155,,0.3276,false
EVT-EAR-0384,Grain Market Price Shock across Ottoman Empire,1649,early_modern,economic,Southeast Europe / Near East,Ottoman Empire,CHR-EAR-0384,1726.9,0.643,0.705,0.4219,0.38,31.6,0.348,28.9,37.1,0.3184,65.7,18.7,0.3964,0.3881,0.3145,0.1422,0.2765,0.446,0.3135,0.0579,0.3421,0.5835,0.56566,CMN,BRACKET_BASE,false,true,0.60205012,0.3977517,0.43552700000000005,,0.384,false
EVT-EAR-0385,Guild Monopoly Reform in Ming & Qing Dynasties,1735,early_modern,economic,East Asia,Ming & Qing Dynasties,CHR-EAR-0385,1527.4,0.713,0.748,0.3365,0.649,46.2,0.5555,40.1,40.2,0.4577,24.5,14.5,0.304,0.4739,0.424,0.2736,0.3423,0.6424,0.4312,0.1685,0.2632,0.5843,0.717291,RMD,BRACKET_HIGH,false,false,0.61102728,0.5766249999999999,0.620375,,0.3873,false
EVT-EAR-0386,Civic Restoration Revolt in Polish-Lithuanian Commonwealth,1586,early_modern,revolution,Eastern Europe,Polish-Lithuanian Commonwealth,CHR-EAR-0386,1961.3,0.709,0.593,0.4962,0.593,43.5,0.514,40.4,34.8,0.4285,42.1,23.3,0.3872,0.5366,0.4365,0.0563,0.1728,0.3511,0.3107,-0.1855,0.7476,0.7013,0.488351,CMN,BRACKET_BASE,false,true,0.7365335000000001,0.6005,0.88175,,0.4084,false
EVT-EAR-0387,Imperial Annexation War in Safavid Empire,1703,early_modern,war,Persia,Safavid Empire,CHR-EAR-0387,1893,0.694,0.294,0.5728,0.621,25.8,0.4395,40.9,41.8,0.4759,74.6,14.9,0.3866,0.4209,0.3563,0.0393,0.2147,0.1893,0.2441,-0.2316,0.644,0.6928,0.677081,RMD,BRACKET_MEDIUM,false,true,0.5726978,0.40217328,0.5712462799999999,,0.3878,false
EVT-EAR-0388,Mercantile Tariff Overhaul across Spanish Empire,1747,early_modern,economic,Iberia / Americas,Spanish Empire,CHR-EAR-0388,1267.6,0.737,0.828,0.2383,0.779,18.4,0.4815,28.7,32.6,0.2893,21.5,22.9,0.3366,0.3752,0.3023,0.146,0.3032,0.4435,0.314,0.0683,0.6101,0.668,0.735474,RMD,BRACKET_HIGH,true,false,0.4102571,0.37742912,0.4370435999999999,,0.3798,false
EVT-EAR-0389,Maritime Hegemony Clash in Tsardom & Russian Empire,1760,early_modern,war,Northern Eurasia,Tsardom & Russian Empire,CHR-EAR-0389,1804.1,0.534,0.642,0.4934,0.632,42.6,0.529,29.9,33.9,0.31,82.4,18,0.4093,0.419,0.3678,0.1955,0.3321,0.2226,0.3074,-0.1964,0.4316,0.6441,0.771672,RMD,BRACKET_HIGH,true,false,0.5313066,0.5423536800000001,0.7897669199999999,,0.3322,true
EVT-EAR-0390,Imperial Unification of Ottoman Empire,1504,early_modern,transformation,Southeast Europe / Near East,Ottoman Empire,CHR-EAR-0390,1368.1,0.58,0.699,0.35,0.654,46.4,0.559,28.6,37.8,0.3194,23.8,23.8,0.3484,0.3153,0.376,0.3057,0.4807,0.5724,0.41,0.2571,0.1284,0.6167,0.745116,RMD,BRACKET_HIGH,true,false,0.44086994999999995,0.37576008000000005,0.30435468000000004,,0.3343,false
EVT-EAR-0391,Maritime Hegemony Clash in Safavid Empire,1736,early_modern,war,Persia,Safavid Empire,CHR-EAR-0391,1432.9,0.646,0.625,0.3691,0.731,31.2,0.5215,30.9,37.1,0.34,91.7,21.2,0.4331,0.4551,0.3367,0.0525,0.2525,0.3146,0.2823,-0.1405,0.4367,0.6305,0.634599,RMD,BRACKET_MEDIUM,false,true,0.6237008099999999,0.49857416000000004,0.755343,,0.4003,false
EVT-EAR-0392,Palatial Collapse of Kingdom of France (Bourbon),1756,early_modern,collapse,Western Europe,Kingdom of France (Bourbon),CHR-EAR-0392,1604.9,0.445,0.189,0.6046,0.812,40.7,0.6095,35.9,40.3,0.413,47.4,15.6,0.3573,0.5936,0.5421,0.1677,0.1883,0.3629,0.3709,-0.2307,0.4557,0.6244,0.768044,RMD,BRACKET_HIGH,true,false,0.353052,0.42620765,0.5681493,,0.4018,false
EVT-EAR-0393,Epidemic Fever Outbreak across Spanish Empire,1641,early_modern,pandemic,Iberia / Americas,Spanish Empire,CHR-EAR-0393,1262.4,0.687,0.101,0.47,0.279,18.9,0.234,32,36.3,0.347,44,23.1,0.3894,0.436,0.3735,0.05,0.1659,0.1723,0.2395,-0.2637,0.8222,0.8203,0.426591,CMN,BRACKET_BASE,false,true,0.885875,0.5630000000000001,0.908,,0.3791,true
EVT-EAR-0394,Dynastic Disintegration of Portuguese Empire,1783,early_modern,collapse,Atlantic / Indian Ocean,Portuguese Empire,CHR-EAR-0394,2185,0.765,0.816,0.4702,0.265,17,0.2175,32.9,33.9,0.3423,22.9,18.6,0.3196,0.4617,0.3518,0,0.0336,0.0813,0.1857,-0.3804,0.4963,0.805,0.450939,CMN,BRACKET_BASE,false,true,0.76363611,0.49850604000000004,0.84283434,,0.3839,false
EVT-EAR-0395,Radical Assembly Schism in British Empire (Early),1609,early_modern,revolution,British Isles / Global,British Empire (Early),CHR-EAR-0395,2244,0.509,0.77,0.576,0.281,50.2,0.3915,36.1,40.7,0.4176,33.4,19.2,0.35,0.517,0.3774,0.142,0.389,0.356,0.3563,-0.161,0.7715,0.7021,0.693221,RMD,BRACKET_MEDIUM,false,false,0.58940883,0.54583705,0.79670142,,0.3933,false
EVT-EAR-0396,Institutional Dissolution of British Empire (Early),1522,early_modern,collapse,British Isles / Global,British Empire (Early),CHR-EAR-0396,2116.7,0.711,0.24,0.6416,0.646,13.5,0.3905,34.3,35.6,0.3676,38.6,19.4,0.3614,0.5365,0.4786,0.2062,0.3025,0.1969,0.3441,-0.3396,0.5622,0.744,0.685115,RMD,BRACKET_MEDIUM,false,false,0.48096099000000003,0.3901648,0.58108448,,0.3587,false
EVT-EAR-0397,Guild Monopoly Reform in Ottoman Empire,1743,early_modern,economic,Southeast Europe / Near East,Ottoman Empire,CHR-EAR-0397,2178.1,0.771,0.159,0.6637,0.764,27.2,0.518,40.9,38,0.4531,37.8,22.8,0.3769,0.4591,0.3628,0.1146,0.2183,0.5102,0.333,0.0511,0.3031,0.4881,0.487933,CMN,BRACKET_BASE,false,true,0.5617178,0.41987736000000003,0.44680548,,0.4066,false
EVT-EAR-0398,Fiscal Modernization in Spanish Empire,1518,early_modern,transformation,Iberia / Americas,Spanish Empire,CHR-EAR-0398,2363.2,0.612,0.58,0.6329,0.304,31.5,0.3095,33.2,40.4,0.3846,82.4,18.4,0.4113,0.3401,0.3639,0.2899,0.5281,0.5261,0.4096,0.186,0.2158,0.5853,0.566821,CMN,BRACKET_BASE,false,true,0.50126496,0.37508686,0.3439936,,0.3263,false
EVT-EAR-0399,Dynastic Disintegration of Kingdom of France (Bourbon),1757,early_modern,collapse,Western Europe,Kingdom of France (Bourbon),CHR-EAR-0399,1994.3,0.44,0.353,0.6574,0.825,33.3,0.579,40.2,38.7,0.4497,41.7,18.3,0.3615,0.5941,0.5374,0.3287,0.3806,0.2895,0.4261,-0.3046,0.7484,0.7287,0.6777,RMD,BRACKET_MEDIUM,false,true,0.5014749599999999,0.40220796000000003,0.606258,,0.3413,false
EVT-EAR-0400,Synod Monotheistic Mandate in Portuguese Empire,1763,early_modern,religious,Atlantic / Indian Ocean,Portuguese Empire,CHR-EAR-0400,1686.6,0.63,0.241,0.5546,0.666,35,0.508,30.2,41.8,0.3606,83.7,20.9,0.425,0.4699,0.5258,0.4334,0.6015,0.5361,0.5133,0.0662,0.4851,0.5735,0.734181,RMD,BRACKET_HIGH,true,false,0.4604775,0.4717463,0.6282045,,0.2923,false
EVT-EAR-0401,Fiscal Modernization in Tsardom & Russian Empire,1781,early_modern,transformation,Northern Eurasia,Tsardom & Russian Empire,CHR-EAR-0401,866.3,0.656,0.676,0.2046,0.2,44.7,0.3235,40.5,40.6,0.4644,87.7,15.4,0.4008,0.294,0.3363,0.2158,0.3446,0.4396,0.3261,0.1456,0.3099,0.6372,0.444641,CMN,BRACKET_BASE,false,true,0.74335468,0.54,0.614,,0.3312,true
EVT-EAR-0402,Educational Charter of Tsardom & Russian Empire,1664,early_modern,transformation,Northern Eurasia,Tsardom & Russian Empire,CHR-EAR-0402,1998.7,0.488,0.881,0.4857,0.581,33.3,0.457,29.3,39.2,0.3354,56.8,16.8,0.3764,0.2954,0.332,0.2387,0.4268,0.5271,0.364,0.2317,0.3484,0.6505,0.719995,RMD,BRACKET_HIGH,false,false,0.39676988,0.37627776,0.35147039,,0.3396,false
EVT-EAR-0403,Continental Standoff of Tsardom & Russian Empire,1604,early_modern,war,Northern Eurasia,Tsardom & Russian Empire,CHR-EAR-0403,910,0.449,0.231,0.4115,0.313,43.2,0.3725,35.6,35.9,0.3834,58.3,23.3,0.4108,0.3728,0.2566,0,0.0968,0.1848,0.1822,-0.188,0.3239,0.6374,0.472374,CMN,BRACKET_BASE,false,true,0.814378,0.54612225,0.7504754400000001,,0.3896,true
EVT-EAR-0404,Frontier Campaign of Ottoman Empire,1615,early_modern,war,Southeast Europe / Near East,Ottoman Empire,CHR-EAR-0404,967.7,0.695,0.183,0.367,0.731,30.8,0.5195,41,38.4,0.4566,56.1,21.2,0.3975,0.4195,0.3778,0.1257,0.2103,0.3565,0.298,-0.063,0.3779,0.557,0.498753,CMN,BRACKET_BASE,false,true,0.5191854,0.38377374000000003,0.46657499999999996,,0.3851,false
EVT-EAR-0405,Pantheon Reformation of British Empire (Early),1730,early_modern,religious,British Isles / Global,British Empire (Early),CHR-EAR-0405,1445.8,0.52,0.199,0.5381,0.635,44.6,0.5405,29.2,42.7,0.3553,75.5,22,0.423,0.4604,0.5265,0.3863,0.5215,0.315,0.4419,-0.1454,0.3602,0.5835,0.455329,CMN,BRACKET_BASE,false,true,0.6112643999999999,0.48610584,0.7228612499999999,,0.2994,false
EVT-EAR-0406,Fiscal Modernization in Mughal Empire,1776,early_modern,transformation,South Asia,Mughal Empire,CHR-EAR-0406,1138.5,0.47,0.699,0.3238,0.823,49.9,0.661,36.1,40.6,0.417,58.7,10.4,0.3468,0.3495,0.3808,0.32,0.4749,0.5294,0.4109,0.1799,0.1131,0.5452,0.685887,RMD,BRACKET_MEDIUM,false,false,0.5358546,0.47319041,0.48278592,,0.3179,false
EVT-EAR-0407,Printing & Communications Diffusion in Safavid Empire,1693,early_modern,technological,Persia,Safavid Empire,CHR-EAR-0407,1881.4,0.509,0.178,0.6601,0.258,31.5,0.2865,39.9,41.2,0.4615,27.6,22.6,0.3532,0.3574,0.3923,0.4363,0.5594,0.5768,0.4644,0.2194,0.338,0.6218,0.523025,CMN,BRACKET_BASE,false,true,0.6424215,0.47497817999999997,0.59247958,,0.2993,false
EVT-EAR-0408,Hydraulic Engineering Grid in Safavid Empire,1727,early_modern,technological,Persia,Safavid Empire,CHR-EAR-0408,2384,0.468,0.731,0.6362,0.705,46.9,0.587,31.9,39.3,0.364,36.8,20.9,0.3655,0.4189,0.4476,0.53,0.6362,0.742,0.5549,0.3231,0.2444,0.6275,0.567291,CMN,BRACKET_BASE,false,true,0.48369749999999995,0.48170712000000004,0.5432295,,0.3246,false
EVT-EAR-0409,Temple Bureaucracy Reorganization of Portuguese Empire,1642,early_modern,religious,Atlantic / Indian Ocean,Portuguese Empire,CHR-EAR-0409,1359.9,0.746,0.265,0.4283,0.399,51.1,0.455,35.2,42.1,0.4163,78.5,17.2,0.4018,0.4259,0.4633,0.3181,0.3763,0.4817,0.4131,0.0558,0.2069,0.5169,0.607212,CMN,BRACKET_BASE,false,true,0.48486162000000005,0.4659609,0.58025352,,0.3248,false
EVT-EAR-0410,Institutional Dissolution of Portuguese Empire,1540,early_modern,collapse,Atlantic / Indian Ocean,Portuguese Empire,CHR-EAR-0410,1510.3,0.634,0.283,0.4953,0.22,19.1,0.2055,31,36.5,0.3375,58.5,12.6,0.3575,0.426,0.3246,0.0726,0.1384,0.0633,0.205,-0.3627,0.5199,0.8001,0.536637,CMN,BRACKET_BASE,false,true,0.72208016,0.4941153,0.85613294,,0.3617,true
EVT-EAR-0411,Institutional Dissolution of Tsardom & Russian Empire,1759,early_modern,collapse,Northern Eurasia,Tsardom & Russian Empire,CHR-EAR-0411,1446,0.651,0.813,0.3146,0.235,14.9,0.192,38.4,39.3,0.434,83.1,20.3,0.4214,0.4892,0.3716,0.1498,0.1726,0.219,0.2804,-0.2702,0.4748,0.7535,0.655692,RMD,BRACKET_MEDIUM,false,true,0.55016388,0.3908184,0.5502366,,0.3558,false
EVT-EAR-0412,Monastic Network Expansion of Spanish Empire,1659,early_modern,religious,Iberia / Americas,Spanish Empire,CHR-EAR-0412,965.8,0.444,0.517,0.3416,0.633,41.1,0.522,34.7,33.9,0.3617,46.3,17.9,0.3671,0.4106,0.4142,0.237,0.3527,0.4278,0.3685,0.0172,0.251,0.5182,0.648854,RMD,BRACKET_MEDIUM,false,true,0.43902027000000005,0.47486784,0.62300108,,0.3483,false
EVT-EAR-0413,Pantheon Reformation of Safavid Empire,1682,early_modern,religious,Persia,Safavid Empire,CHR-EAR-0413,2104.5,0.713,0.411,0.5865,0.52,14.9,0.3345,40.3,38.5,0.4496,74.4,16.4,0.3939,0.4657,0.4979,0.3757,0.4278,0.3589,0.4252,-0.1068,0.4745,0.6007,0.859325,RMD,BRACKET_HIGH,true,false,0.44370326000000004,0.37779777999999997,0.49304138999999997,,0.2835,false
EVT-EAR-0414,Pantheon Reformation of Mughal Empire,1597,early_modern,religious,South Asia,Mughal Empire,CHR-EAR-0414,1594.5,0.497,0.336,0.5422,0.5,37.9,0.4395,33.3,39,0.3772,51.2,22.6,0.3979,0.4032,0.4213,0.262,0.4272,0.2533,0.3534,-0.1499,0.4363,0.6162,0.511907,CMN,BRACKET_BASE,false,true,0.65670543,0.47108049999999996,0.7281349199999999,,0.3164,false
EVT-EAR-0415,Monastic Network Expansion of Kingdom of France (Bourbon),1671,early_modern,religious,Western Europe,Kingdom of France (Bourbon),CHR-EAR-0415,2043,0.674,0.172,0.6541,0.399,23.4,0.3165,41.9,42.2,0.489,66.6,19.1,0.3994,0.4924,0.5426,0.406,0.4808,0.6664,0.5176,0.174,0.3757,0.5989,0.737389,RMD,BRACKET_HIGH,true,false,0.3363633,0.3795987,0.37905127,,0.3425,false
EVT-EAR-0416,Mechanical Power Harnessing in Dutch Republic,1539,early_modern,technological,Northwestern Europe,Dutch Republic,CHR-EAR-0416,1355.6,0.668,0.12,0.4941,0.385,14,0.2625,32.2,39,0.3654,46.7,8.2,0.3192,0.2951,0.3438,0.4021,0.5455,0.5459,0.4265,0.2508,0.302,0.6726,0.568401,CMN,BRACKET_BASE,false,true,0.5120457199999999,0.53694656,0.61234107,,0.304,false
EVT-EAR-0417,Monastic Network Expansion of Portuguese Empire,1695,early_modern,religious,Atlantic / Indian Ocean,Portuguese Empire,CHR-EAR-0417,1351.7,0.627,0.793,0.3035,0.785,46.6,0.6255,40.2,36.6,0.4371,26.7,16.3,0.3193,0.4588,0.5133,0.4247,0.5044,0.4759,0.4754,0.0171,0.5125,0.5624,0.81147,RMD,BRACKET_HIGH,true,false,0.3134175,0.36628215999999997,0.44339154,,0.264,false
EVT-EAR-0418,Mechanical Power Harnessing in Polish-Lithuanian Commonwealth,1616,early_modern,technological,Eastern Europe,Polish-Lithuanian Commonwealth,CHR-EAR-0418,1191.7,0.664,0.628,0.3006,0.724,54.1,0.6325,39.4,40.2,0.4501,67.3,12.9,0.3692,0.3442,0.3882,0.5044,0.5751,0.7221,0.5068,0.3779,0.2135,0.68,0.691233,RMD,BRACKET_MEDIUM,false,false,0.46197173999999996,0.5358828400000001,0.56114779,,0.3315,false
EVT-EAR-0419,Orthodoxy & Heresy Trial Wave in Ming & Qing Dynasties,1736,early_modern,religious,East Asia,Ming & Qing Dynasties,CHR-EAR-0419,1921.4,0.603,0.294,0.6074,0.334,17.5,0.2545,36,35.6,0.3859,59.7,22.3,0.4075,0.3766,0.4093,0.295,0.4601,0.3371,0.3756,-0.0395,0.3774,0.5585,0.664724,RMD,BRACKET_MEDIUM,false,true,0.4438839,0.37853696,0.4582208399999999,,0.2898,false
EVT-EAR-0420,Monastic Network Expansion of Safavid Empire,1705,early_modern,religious,Persia,Safavid Empire,CHR-EAR-0420,2156.2,0.647,0.667,0.5429,0.71,41.7,0.5635,31.4,36,0.3388,40.6,14.7,0.3416,0.4505,0.4724,0.3175,0.4853,0.3242,0.41,-0.1263,0.4569,0.5956,0.73529,RMD,BRACKET_HIGH,true,false,0.46862245999999996,0.37495914,0.4894762,,0.3124,false
EVT-EAR-0421,Systemic Governance Breakdown in Ottoman Empire,1768,early_modern,collapse,Southeast Europe / Near East,Ottoman Empire,CHR-EAR-0421,2094.4,0.571,0.693,0.5419,0.822,51,0.666,38.1,38.7,0.4271,77.3,22.2,0.4257,0.6488,0.5585,0.1667,0.2489,0.4593,0.4164,-0.1895,0.718,0.6666,0.49769,CMN,BRACKET_BASE,false,true,0.59025555,0.4383856,0.567144,,0.4086,false
EVT-EAR-0422,Fiscal Modernization in Tsardom & Russian Empire,1725,early_modern,transformation,Northern Eurasia,Tsardom & Russian Empire,CHR-EAR-0422,1025.5,0.475,0.877,0.2397,0.775,48.8,0.6315,31.5,38.2,0.353,93.8,19,0.4237,0.334,0.3686,0.2832,0.4555,0.4877,0.3858,0.1537,0.3511,0.6171,0.53229,CMN,BRACKET_BASE,false,true,0.50056096,0.38193222,0.3867585,,0.3172,false
EVT-EAR-0423,Imperial Unification of Ming & Qing Dynasties,1614,early_modern,transformation,East Asia,Ming & Qing Dynasties,CHR-EAR-0423,1621.7,0.601,0.221,0.5525,0.287,26.4,0.2755,33.9,41.4,0.3981,80.7,17.9,0.4073,0.3546,0.4052,0.2909,0.4982,0.6008,0.4299,0.2462,0.335,0.6628,0.575578,CMN,BRACKET_BASE,false,true,0.57977586,0.5414239799999999,0.54037216,,0.3467,false
EVT-EAR-0424,Radical Assembly Schism in Dutch Republic,1701,early_modern,revolution,Northwestern Europe,Dutch Republic,CHR-EAR-0424,2331.4,0.507,0.407,0.7081,0.654,38.6,0.52,28.1,36.9,0.3086,32.8,11.2,0.3086,0.4897,0.3888,0.0209,0.158,0.242,0.2599,-0.2477,0.3937,0.6317,0.62454,CMN,BRACKET_BASE,false,true,0.5553621000000001,0.41505594,0.56271622,,0.4048,false
EVT-EAR-0425,Navigational Instrument Reform in Portuguese Empire,1759,early_modern,technological,Atlantic / Indian Ocean,Portuguese Empire,CHR-EAR-0425,1975.6,0.742,0.606,0.4861,0.316,51.5,0.4155,39.6,41.2,0.4583,48.9,13,0.3466,0.3488,0.3842,0.4422,0.5588,0.7138,0.4896,0.365,0.4704,0.7407,0.82989,RMD,BRACKET_HIGH,true,false,0.3545958,0.47208798,0.5398535999999999,,0.3366,false
EVT-EAR-0426,Astronomical Standardization by Spanish Empire,1766,early_modern,technological,Iberia / Americas,Spanish Empire,CHR-EAR-0426,1912.5,0.64,0.539,0.5205,0.786,52.6,0.656,41,38.4,0.4566,67.6,15.8,0.384,0.4465,0.4922,0.5484,0.6532,0.6237,0.5528,0.1772,0.2036,0.5316,0.537496,CMN,BRACKET_BASE,false,true,0.57743867,0.53847825,0.6190152,,0.2812,false
EVT-EAR-0427,Continental Standoff of Polish-Lithuanian Commonwealth,1695,early_modern,war,Eastern Europe,Polish-Lithuanian Commonwealth,CHR-EAR-0427,1237.5,0.59,0.795,0.2845,0.593,39.8,0.4955,28.1,38.2,0.3164,50.7,21.3,0.3907,0.3475,0.2908,0.0275,0.2242,0.1917,0.2163,-0.1558,0.4835,0.6705,0.556026,CMN,BRACKET_BASE,false,true,0.72868471,0.5476065299999999,0.77739408,,0.3798,true
EVT-EAR-0428,Territorial Rupture of Spanish Empire,1542,early_modern,collapse,Iberia / Americas,Spanish Empire,CHR-EAR-0428,1057.4,0.557,0.778,0.253,0.753,38.2,0.5675,40.3,36.3,0.4364,28.9,15.9,0.323,0.4807,0.4297,0.1389,0.2054,0.2748,0.3059,-0.2059,0.582,0.6982,0.647992,RMD,BRACKET_MEDIUM,false,true,0.5714561600000001,0.38835647999999995,0.53971875,,0.3767,false
EVT-EAR-0429,Provincial Autonomy Insurgency against Polish-Lithuanian Commonwealth,1701,early_modern,revolution,Eastern Europe,Polish-Lithuanian Commonwealth,CHR-EAR-0429,2303,0.465,0.596,0.6567,0.407,52.4,0.4655,35.4,33,0.3638,23.1,19.9,0.3268,0.4901,0.3525,0,0.2738,0.6205,0.3474,0.1304,0.6348,0.6362,0.496071,CMN,BRACKET_BASE,false,true,0.87894016,0.6407499999999999,0.778875,,0.399,false
EVT-EAR-0430,Hydraulic Engineering Grid in Mughal Empire,1661,early_modern,technological,South Asia,Mughal Empire,CHR-EAR-0430,2213.3,0.5,0.745,0.5783,0.783,33.5,0.559,28.8,36.8,0.3156,46.5,9.5,0.3254,0.3894,0.4178,0.5243,0.625,0.6518,0.5217,0.2624,0.4597,0.6687,0.459985,CMN,BRACKET_BASE,false,true,0.5748343600000001,0.53839884,0.66164272,,0.3011,false
EVT-EAR-0431,Dynastic Disintegration of Tokugawa Shogunate,1554,early_modern,collapse,Japan,Tokugawa Shogunate,CHR-EAR-0431,1801.8,0.62,0.443,0.5267,0.451,54.3,0.497,33.4,33.1,0.3429,68.3,20.4,0.4077,0.573,0.5128,0.3101,0.4062,0.1952,0.3995,-0.3778,0.4932,0.7523,0.55184,CMN,BRACKET_BASE,false,true,0.6404818,0.56104728,0.89288736,,0.3529,false
EVT-EAR-0432,Agricultural Plague Wave in Tsardom & Russian Empire,1643,early_modern,pandemic,Northern Eurasia,Tsardom & Russian Empire,CHR-EAR-0432,1559.4,0.463,0.117,0.6091,0.783,26.5,0.524,33.3,33.2,0.3424,28.9,22,0.3535,0.5035,0.4331,0,0.2199,0.3737,0.306,-0.1298,0.8862,0.7003,0.67403,RMD,BRACKET_MEDIUM,false,true,0.52800283,0.50386284,0.7391637999999999,,0.4043,false
EVT-EAR-0433,Printing & Communications Diffusion in Tsardom & Russian Empire,1788,early_modern,technological,Northern Eurasia,Tsardom & Russian Empire,CHR-EAR-0433,2237.4,0.5,0.603,0.6271,0.708,21.7,0.4625,31.1,35.3,0.3313,83,18.7,0.4133,0.4039,0.444,0.5336,0.5959,0.5762,0.5107,0.1723,0.1822,0.5555,0.531792,CMN,BRACKET_BASE,false,true,0.49791717,0.5318196,0.6425418,,0.2698,false
EVT-EAR-0434,Agrarian Restructuring of Safavid Empire,1689,early_modern,transformation,Persia,Safavid Empire,CHR-EAR-0434,1969.7,0.543,0.611,0.5428,0.478,51.5,0.4965,33.7,42.4,0.4019,64.7,23.2,0.4178,0.4134,0.4574,0.3582,0.5007,0.5301,0.452,0.1167,0.1215,0.5072,0.669494,RMD,BRACKET_MEDIUM,false,true,0.37443896,0.37356912,0.35455199000000004,,0.3091,false
EVT-EAR-0435,Secular Legal Separation in Ottoman Empire,1560,early_modern,religious,Southeast Europe / Near East,Ottoman Empire,CHR-EAR-0435,1280.6,0.623,0.529,0.3655,0.638,44.2,0.54,37.8,33.2,0.3909,55.8,17.8,0.3801,0.4142,0.4664,0.3478,0.461,0.4003,0.4179,-0.0139,0.2512,0.5058,0.691672,RMD,BRACKET_MEDIUM,false,false,0.44614500000000007,0.544375,0.69925,,0.2789,true
EVT-EAR-0436,Continental Standoff of British Empire (Early),1772,early_modern,war,British Isles / Global,British Empire (Early),CHR-EAR-0436,1956.3,0.776,0.541,0.4904,0.499,49.5,0.497,31.6,38.3,0.3547,74.6,15.6,0.3901,0.4502,0.3407,0.1747,0.2997,0.1744,0.2879,-0.2758,0.5941,0.7261,0.615328,CMN,BRACKET_BASE,false,true,0.5353384600000001,0.38298392000000003,0.5577649499999999,,0.3468,false
EVT-EAR-0437,Canal Infrastructure Boom in Kingdom of France (Bourbon),1620,early_modern,economic,Western Europe,Kingdom of France (Bourbon),CHR-EAR-0437,1379.8,0.654,0.59,0.3635,0.817,22.4,0.5205,35.6,32,0.36,21.9,11.3,0.2799,0.3804,0.2819,0.1607,0.318,0.1781,0.2638,-0.2023,0.5695,0.695,0.425959,CMN,BRACKET_BASE,false,true,0.8789461,0.5447500000000001,0.849,,0.3342,true
EVT-EAR-0438,Debt Crisis Settlement of Safavid Empire,1605,early_modern,economic,Persia,Safavid Empire,CHR-EAR-0438,2369.1,0.708,0.381,0.6653,0.551,53.9,0.545,35.7,41.7,0.4193,48.7,10,0.3313,0.5668,0.5289,0.369,0.5091,0.5534,0.5054,-0.0134,0.4042,0.4938,0.631096,RMD,BRACKET_MEDIUM,false,true,0.35422104,0.3962684,0.46681245000000005,,0.3515,false
EVT-EAR-0439,Urban Quarantine Emergency in Mughal Empire,1515,early_modern,pandemic,South Asia,Mughal Empire,CHR-EAR-0439,2391.6,0.763,0.669,0.5682,0.601,21.2,0.4065,30.6,38.8,0.347,87.3,23.2,0.4395,0.5067,0.4518,0.0126,0.1417,0.2284,0.2682,-0.2783,0.8057,0.7835,0.593968,CMN,BRACKET_BASE,false,true,0.69295688,0.5212237399999999,0.8392189999999999,,0.4068,false
EVT-EAR-0440,Imperial Annexation War in Portuguese Empire,1595,early_modern,war,Atlantic / Indian Ocean,Portuguese Empire,CHR-EAR-0440,1474.1,0.647,0.146,0.5232,0.276,38.2,0.329,38,36.9,0.4152,40.1,11.7,0.3257,0.4563,0.3877,0.0661,0.2594,0.513,0.3365,0.0567,0.6669,0.6372,0.377208,CMN,BRACKET_BASE,false,true,0.9320164999999999,0.5896250000000001,0.761125,,0.4045,false
EVT-EAR-0441,Secular Legal Separation in Spanish Empire,1770,early_modern,religious,Iberia / Americas,Spanish Empire,CHR-EAR-0441,1821.8,0.625,0.226,0.5955,0.435,22,0.3275,30.9,36.8,0.3382,70.7,20,0.4082,0.4328,0.47,0.375,0.5392,0.321,0.4276,-0.1118,0.2886,0.5733,0.574246,CMN,BRACKET_BASE,false,true,0.46553940000000005,0.38552784,0.46724476,,0.2898,false
EVT-EAR-0442,Constitutional Reorganization of Dutch Republic,1775,early_modern,transformation,Northwestern Europe,Dutch Republic,CHR-EAR-0442,1965.1,0.595,0.814,0.4651,0.49,26.4,0.377,34.8,33.2,0.3586,30.4,22.1,0.3576,0.3392,0.395,0.2798,0.452,0.6409,0.4214,0.3017,0.124,0.6438,0.830447,RMD,BRACKET_HIGH,true,false,0.36868056,0.38809472,0.32153188000000005,,0.3556,false
EVT-EAR-0443,Territorial Rupture of Spanish Empire,1660,early_modern,collapse,Iberia / Americas,Spanish Empire,CHR-EAR-0443,1808.3,0.487,0.597,0.5221,0.688,16.9,0.4285,31.3,42.3,0.3755,37,23.1,0.3769,0.5258,0.4377,0.217,0.2606,0.3403,0.3563,-0.1855,0.7955,0.7301,0.726321,RMD,BRACKET_HIGH,false,false,0.6121158000000001,0.54680928,0.8265096,,0.3639,false
EVT-EAR-0444,Succession Conflict of Ming & Qing Dynasties,1513,early_modern,war,East Asia,Ming & Qing Dynasties,CHR-EAR-0444,1174.9,0.753,0.455,0.3214,0.659,52.2,0.5905,34.8,37.5,0.3844,30.5,14.9,0.3219,0.3615,0.2858,0.1341,0.2321,0.3943,0.2816,0.0328,0.5837,0.5992,0.550731,CMN,BRACKET_BASE,false,true,0.5981898,0.38162209999999996,0.44866865,,0.3758,false
EVT-EAR-0445,Maritime Hegemony Clash in Tsardom & Russian Empire,1770,early_modern,war,Northern Eurasia,Tsardom & Russian Empire,CHR-EAR-0445,1109.4,0.595,0.373,0.3765,0.784,33,0.557,38.4,37.8,0.425,21,10.4,0.2724,0.4226,0.3103,0,0.1437,0.1989,0.2151,-0.2237,0.5379,0.6815,0.645112,RMD,BRACKET_MEDIUM,false,true,0.6321435,0.55155807,0.81272035,,0.3984,false
EVT-EAR-0446,Dynastic Disintegration of Spanish Empire,1783,early_modern,collapse,Iberia / Americas,Spanish Empire,CHR-EAR-0446,2320.9,0.584,0.474,0.6622,0.501,25.6,0.3785,36.5,41.6,0.4273,72.6,20.6,0.4132,0.6042,0.4891,0.107,0.1331,0.3201,0.3307,-0.2841,0.4408,0.6734,0.706709,RMD,BRACKET_HIGH,false,false,0.61779234,0.6244999999999999,0.935875,,0.4074,false
EVT-EAR-0447,Continental Standoff of Polish-Lithuanian Commonwealth,1554,early_modern,war,Eastern Europe,Polish-Lithuanian Commonwealth,CHR-EAR-0447,1989.5,0.549,0.559,0.5617,0.276,45.7,0.3665,30.1,40.7,0.353,52,11,0.341,0.4231,0.329,0.0889,0.2371,0.4718,0.31,0.0487,0.6285,0.6212,0.608202,CMN,BRACKET_BASE,false,true,0.52197072,0.39112144000000004,0.45347455999999997,,0.4027,false
EVT-EAR-0448,Bureaucratic Consolidation of Polish-Lithuanian Commonwealth,1693,early_modern,transformation,Eastern Europe,Polish-Lithuanian Commonwealth,CHR-EAR-0448,1986.9,0.427,0.852,0.5097,0.653,18.9,0.421,28.8,37.8,0.3216,41.1,20.2,0.37,0.2876,0.3087,0.2583,0.4152,0.5522,0.3644,0.2646,0.2591,0.6498,0.617639,CMN,BRACKET_BASE,false,true,0.53483443,0.47909043000000007,0.49300674999999994,,0.3363,false
EVT-EAR-0449,Frontier Fragmentation of Portuguese Empire,1654,early_modern,collapse,Atlantic / Indian Ocean,Portuguese Empire,CHR-EAR-0449,2057.8,0.679,0.893,0.4401,0.474,47,0.472,31.4,39.8,0.3616,67.1,19.5,0.402,0.5482,0.4603,0.0633,0.1187,0.26,0.2901,-0.2882,0.755,0.7833,0.451809,CMN,BRACKET_BASE,false,true,0.6514318199999999,0.41591344,0.57196432,,0.4048,false
EVT-EAR-0450,Secular Legal Separation in Spanish Empire,1650,early_modern,religious,Iberia / Americas,Spanish Empire,CHR-EAR-0450,2029,0.44,0.749,0.5476,0.272,12.6,0.199,31.5,34.4,0.3302,26.7,14.9,0.3123,0.3126,0.3503,0.2411,0.3752,0.3954,0.3349,0.0828,0.228,0.5702,0.80169,RMD,BRACKET_HIGH,true,false,0.4705613,0.37001482,0.39016093,,0.3077,false
EVT-EAR-0451,Synod Monotheistic Mandate in Ming & Qing Dynasties,1734,early_modern,religious,East Asia,Ming & Qing Dynasties,CHR-EAR-0451,2021,0.523,0.438,0.6139,0.287,31.7,0.302,33.4,40.5,0.3873,63.2,19,0.3951,0.429,0.507,0.3541,0.465,0.6197,0.475,0.1907,0.3389,0.6222,0.626547,CMN,BRACKET_BASE,false,true,0.401604,0.3767976,0.36855792000000004,,0.3422,false
EVT-EAR-0452,Epidemic Fever Outbreak across Polish-Lithuanian Commonwealth,1764,early_modern,pandemic,Eastern Europe,Polish-Lithuanian Commonwealth,CHR-EAR-0452,1658.9,0.708,0.747,0.3722,0.586,34.4,0.465,31.4,34.7,0.331,87.5,15.4,0.4007,0.4886,0.4137,0.1038,0.2505,0.1587,0.2831,-0.3299,0.6171,0.7872,0.478398,CMN,BRACKET_BASE,false,true,0.76997225,0.5454592,0.8744193800000001,,0.3705,false
EVT-EAR-0453,Agrarian Insurgency in Tsardom & Russian Empire,1608,early_modern,revolution,Northern Eurasia,Tsardom & Russian Empire,CHR-EAR-0453,2194.7,0.607,0.63,0.5759,0.527,52.7,0.527,39.7,40.5,0.4552,89.3,14.7,0.3986,0.5051,0.4129,0.1278,0.3635,0.4988,0.3816,-0.0063,0.4417,0.5101,0.571594,CMN,BRACKET_BASE,false,true,0.5686225199999999,0.4135342,0.48097738,,0.4047,false
EVT-EAR-0454,Secular Legal Separation in Spanish Empire,1567,early_modern,religious,Iberia / Americas,Spanish Empire,CHR-EAR-0454,1848.8,0.708,0.638,0.454,0.502,22.8,0.365,32.9,42.5,0.3939,39.9,20.4,0.3688,0.3573,0.3834,0.2487,0.3995,0.2197,0.3217,-0.1376,0.3665,0.614,0.585885,CMN,BRACKET_BASE,false,true,0.49876380000000003,0.37654695,0.4838476,,0.3059,false
EVT-EAR-0455,Peasant Rebellion against Safavid Empire,1687,early_modern,revolution,Persia,Safavid Empire,CHR-EAR-0455,1735,0.588,0.38,0.538,0.523,37.5,0.449,38,33,0.3918,33,17.9,0.3426,0.4108,0.3254,0,0.1555,0.1783,0.214,-0.2325,0.7053,0.7251,0.504741,CMN,BRACKET_BASE,false,true,0.6242035800000001,0.38518991,0.5389737,,0.3938,false
EVT-EAR-0456,Constitutional Reorganization of British Empire (Early),1627,early_modern,transformation,British Isles / Global,British Empire (Early),CHR-EAR-0456,1947.9,0.679,0.797,0.4405,0.615,25.5,0.435,40.5,34.1,0.4254,35.9,13.8,0.3282,0.3061,0.3294,0.2233,0.4567,0.5206,0.3672,0.2145,0.3164,0.6298,0.435749,CMN,BRACKET_BASE,false,true,0.8175150000000001,0.5555,0.580875,,0.3506,false
EVT-EAR-0457,Continental Standoff of Polish-Lithuanian Commonwealth,1589,early_modern,war,Eastern Europe,Polish-Lithuanian Commonwealth,CHR-EAR-0457,1943.6,0.731,0.885,0.3974,0.334,49.3,0.4135,35.9,41.9,0.4226,47.4,10,0.3293,0.3619,0.2625,0.0085,0.0697,0.3371,0.2079,-0.0248,0.5778,0.6028,0.656438,RMD,BRACKET_MEDIUM,false,true,0.68684749,0.49074504,0.68512158,,0.4051,false
EVT-EAR-0458,Caravan Route Pestilence in Ottoman Empire,1524,early_modern,pandemic,Southeast Europe / Near East,Ottoman Empire,CHR-EAR-0458,2241.2,0.77,0.35,0.623,0.274,12.9,0.2015,40.1,38.1,0.4451,45.9,18.8,0.371,0.4466,0.4148,0,0.134,0.4407,0.2872,-0.0059,0.8803,0.6628,0.586156,CMN,BRACKET_BASE,false,true,0.8696308500000001,0.607,0.780875,,0.4061,false
EVT-EAR-0459,Popular Uprising of Mughal Empire,1614,early_modern,revolution,South Asia,Mughal Empire,CHR-EAR-0459,1067.3,0.634,0.327,0.3678,0.641,25.9,0.45,34.1,37,0.3738,36.1,17.3,0.3461,0.3825,0.2074,0,0.1956,0.2885,0.2148,-0.094,0.7703,0.6946,0.41633,CMN,BRACKET_BASE,false,true,0.9512550599999999,0.5635,0.8029999999999999,,0.4005,false
EVT-EAR-0460,Hydraulic Engineering Grid in Kingdom of France (Bourbon),1794,early_modern,technological,Western Europe,Kingdom of France (Bourbon),CHR-EAR-0460,2088.9,0.438,0.337,0.6872,0.363,30.6,0.3345,33.5,39.9,0.3848,76.3,21.6,0.4218,0.3984,0.4282,0.4954,0.5906,0.6152,0.5056,0.2168,0.3638,0.627,0.561103,CMN,BRACKET_BASE,false,true,0.5177759999999999,0.47149202000000007,0.61220335,,0.293,false
EVT-EAR-0461,Fiscal Default Crisis in Dutch Republic,1636,early_modern,collapse,Northwestern Europe,Dutch Republic,CHR-EAR-0461,1299.1,0.499,0.248,0.4918,0.241,24.6,0.2435,38.8,40.1,0.4431,92.6,21.4,0.4348,0.4674,0.359,0.0104,0.0425,0.1436,0.2046,-0.3238,0.6486,0.7902,0.669452,RMD,BRACKET_MEDIUM,false,true,0.6925156,0.5102888,0.8503962800000001,,0.3942,false
EVT-EAR-0462,Treaty System Implementation across Kingdom of France (Bourbon),1698,early_modern,transformation,Western Europe,Kingdom of France (Bourbon),CHR-EAR-0462,1316.3,0.489,0.143,0.5307,0.43,26.1,0.3455,28.6,42.8,0.3494,39.6,11.1,0.3218,0.3113,0.3744,0.2698,0.4361,0.5024,0.3788,0.1911,0.3513,0.6372,0.512194,CMN,BRACKET_BASE,false,true,0.5014605599999999,0.36654205,0.35891639999999997,,0.3254,false
EVT-EAR-0463,Mercantile Tariff Overhaul across Ming & Qing Dynasties,1667,early_modern,economic,East Asia,Ming & Qing Dynasties,CHR-EAR-0463,1794.2,0.611,0.828,0.412,0.722,28.7,0.5045,35.5,37.9,0.3943,64.1,18.4,0.3931,0.3789,0.3397,0.1451,0.2315,0.1933,0.2577,-0.1856,0.2809,0.6038,0.614621,CMN,BRACKET_BASE,false,true,0.63345418,0.48962485000000006,0.74725518,,0.3298,true
EVT-EAR-0464,Caravan Route Pestilence in Dutch Republic,1745,early_modern,pandemic,Northwestern Europe,Dutch Republic,CHR-EAR-0464,1480.7,0.759,0.339,0.4334,0.84,49,0.665,31.4,38.9,0.3562,26.1,8.6,0.2791,0.4801,0.4164,0,0.1833,0.4973,0.3154,0.0172,0.8315,0.629,0.295173,CMN,BRACKET_BASE,false,true,0.8644709999999999,0.627125,0.775625,,0.3945,false
EVT-EAR-0465,Pantheon Reformation of Dutch Republic,1582,early_modern,religious,Northwestern Europe,Dutch Republic,CHR-EAR-0465,1631.6,0.726,0.885,0.3184,0.634,45.8,0.546,31.8,32.9,0.3245,26.8,9.5,0.2855,0.368,0.3297,0.2043,0.32,0.3645,0.3173,-0.0035,0.5241,0.5846,0.64639,RMD,BRACKET_MEDIUM,false,true,0.46117673,0.37480193999999994,0.45796827000000007,,0.3364,false
EVT-EAR-0466,Military Coup d’État in Mughal Empire,1528,early_modern,revolution,South Asia,Mughal Empire,CHR-EAR-0466,1598.3,0.575,0.245,0.5471,0.494,38.1,0.4375,37.1,35.1,0.3948,28.1,18,0.3315,0.5226,0.3681,0.0683,0.2111,0.5922,0.3525,0.0696,0.5433,0.5965,0.635434,RMD,BRACKET_MEDIUM,false,true,0.48839049999999995,0.43010091999999994,0.4737759,,0.3925,false
EVT-EAR-0467,Fiscal Modernization in Safavid Empire,1765,early_modern,transformation,Persia,Safavid Empire,CHR-EAR-0467,2134,0.755,0.525,0.5474,0.822,20.3,0.5125,36.3,33,0.3735,76,13.7,0.382,0.3611,0.3977,0.3023,0.4944,0.5151,0.4141,0.154,0.1266,0.5298,0.71186,RMD,BRACKET_HIGH,false,false,0.47163017,0.48772017,0.52016341,,0.3234,false
EVT-EAR-0468,Fiscal Default Crisis in Portuguese Empire,1795,early_modern,collapse,Atlantic / Indian Ocean,Portuguese Empire,CHR-EAR-0468,2362.3,0.746,0.657,0.5694,0.823,52.6,0.6745,41.5,42.8,0.4883,64.3,20.4,0.4034,0.6122,0.5072,0.1399,0.2379,0.2018,0.3398,-0.4104,0.7811,0.7871,0.610995,CMN,BRACKET_BASE,false,true,0.60332422,0.41595118000000003,0.6146633499999999,,0.3821,false
EVT-EAR-0469,Coalition Defense of British Empire (Early),1635,early_modern,war,British Isles / Global,British Empire (Early),CHR-EAR-0469,1748.1,0.567,0.173,0.6098,0.583,22.2,0.4025,40.1,38.7,0.4487,65.4,9.6,0.3506,0.4942,0.4372,0.221,0.2757,0.2262,0.3309,-0.268,0.5302,0.6881,0.43157,CMN,BRACKET_BASE,false,true,0.5413498999999999,0.38654056,0.55358249,,0.34,false
EVT-EAR-0470,Palatial Collapse of Tokugawa Shogunate,1790,early_modern,collapse,Japan,Tokugawa Shogunate,CHR-EAR-0470,1849.1,0.499,0.698,0.4987,0.276,18.2,0.229,39.3,36.8,0.4286,30.2,14.3,0.3182,0.4209,0.3449,0.1265,0.1656,0,0.2116,-0.4462,0.8313,0.9053,0.540275,CMN,BRACKET_BASE,false,true,0.68889177,0.37911236,0.5971279199999999,,0.3629,false
EVT-EAR-0471,Peasant Rebellion against Mughal Empire,1546,early_modern,revolution,South Asia,Mughal Empire,CHR-EAR-0471,1429.2,0.755,0.301,0.4327,0.344,45.5,0.3995,37,32.7,0.3793,67.2,15.2,0.3806,0.3838,0.2926,0.0813,0.1988,0.4094,0.2732,0.0256,0.575,0.6058,0.573903,CMN,BRACKET_BASE,false,true,0.64812278,0.39842585,0.46597518,,0.3966,false
EVT-EAR-0472,Astronomical Standardization by Kingdom of France (Bourbon),1688,early_modern,technological,Western Europe,Kingdom of France (Bourbon),CHR-EAR-0472,2087.6,0.618,0.477,0.5909,0.849,31.3,0.581,41.7,32.5,0.4287,42.6,10.4,0.3236,0.42,0.4765,0.539,0.6242,0.6875,0.5494,0.2675,0.4542,0.6479,0.52929,CMN,BRACKET_BASE,false,true,0.6554265899999999,0.5491250000000001,0.686875,,0.305,false
EVT-EAR-0473,Synod Monotheistic Mandate in Safavid Empire,1779,early_modern,religious,Persia,Safavid Empire,CHR-EAR-0473,971.6,0.763,0.157,0.3554,0.512,43.2,0.472,41.4,40.3,0.4723,30.8,12.8,0.3121,0.397,0.4243,0.3016,0.4135,0.4107,0.3894,0.0137,0.2249,0.4987,0.463799,CMN,BRACKET_BASE,false,true,0.747125,0.544125,0.6801250000000001,,0.3026,true
EVT-EAR-0474,Astronomical Standardization by Ming & Qing Dynasties,1745,early_modern,technological,East Asia,Ming & Qing Dynasties,CHR-EAR-0474,1728.8,0.43,0.154,0.6516,0.528,19.8,0.363,41.3,41.2,0.4766,57.7,13.1,0.359,0.3767,0.4094,0.5004,0.5697,0.5121,0.4737,0.1354,0.4317,0.5874,0.524872,CMN,BRACKET_BASE,false,true,0.5265860600000001,0.37517308,0.46875326000000006,,0.2713,false
EVT-EAR-0475,Sanitation & Medical Breakthrough in Spanish Empire,1601,early_modern,technological,Iberia / Americas,Spanish Empire,CHR-EAR-0475,1520.4,0.624,0.274,0.5036,0.841,51.1,0.676,34,42.9,0.4082,26.3,9.6,0.2847,0.3774,0.4218,0.4935,0.5602,0.6111,0.4928,0.2337,0.3289,0.6003,0.611303,CMN,BRACKET_BASE,false,true,0.5865,0.5473750000000001,0.67925,,0.2949,false
EVT-EAR-0476,Urban Quarantine Emergency in Tokugawa Shogunate,1564,early_modern,pandemic,Japan,Tokugawa Shogunate,CHR-EAR-0476,2198.2,0.674,0.719,0.53,0.845,43.6,0.6405,33.2,39.6,0.3798,90.6,18.4,0.4182,0.5824,0.5391,0.0618,0.2353,0.3156,0.3468,-0.2668,0.7135,0.7199,0.623736,CMN,BRACKET_BASE,false,true,0.48840783,0.43673779999999995,0.58737838,,0.4087,false
EVT-EAR-0477,Guild Monopoly Reform in Dutch Republic,1633,early_modern,economic,Northwestern Europe,Dutch Republic,CHR-EAR-0477,2240.3,0.624,0.324,0.6744,0.589,52.7,0.558,33.9,36.4,0.3681,49.1,13.7,0.3503,0.4984,0.4159,0.2717,0.443,0.5602,0.4378,0.0618,0.5666,0.5649,0.734261,RMD,BRACKET_HIGH,true,false,0.4057559,0.48205772999999996,0.6463954,,0.3784,false
EVT-EAR-0478,Decentralization Wave across British Empire (Early),1535,early_modern,collapse,British Isles / Global,British Empire (Early),CHR-EAR-0478,960.9,0.429,0.873,0.238,0.462,37.8,0.42,30.1,35.6,0.3224,28.6,21,0.3477,0.4166,0.3163,0,0.0809,0.0841,0.1796,-0.3325,0.5478,0.7994,0.463636,CMN,BRACKET_BASE,false,true,0.6211849,0.39375011,0.5739545899999999,,0.3778,false
EVT-EAR-0479,Maritime Trade Hub Expansion in Polish-Lithuanian Commonwealth,1795,early_modern,economic,Eastern Europe,Polish-Lithuanian Commonwealth,CHR-EAR-0479,1102.1,0.723,0.824,0.201,0.413,35.8,0.3855,37.6,38.8,0.4223,52.6,19.8,0.3858,0.361,0.2877,0.0742,0.2214,0.4785,0.2846,0.1175,0.4289,0.6494,0.477961,CMN,BRACKET_BASE,false,true,0.60505434,0.3908553,0.4139823999999999,,0.4005,false
EVT-EAR-0480,Fiscal Default Crisis in Portuguese Empire,1676,early_modern,collapse,Atlantic / Indian Ocean,Portuguese Empire,CHR-EAR-0480,1428,0.52,0.137,0.5521,0.307,36.6,0.3365,35.2,35.9,0.3791,84.6,11.8,0.3802,0.5275,0.4589,0.0901,0.1388,0.1631,0.2757,-0.3644,0.6307,0.7943,0.640112,RMD,BRACKET_MEDIUM,false,true,0.5080256999999999,0.4029354,0.5935402900000001,,0.3778,false
EVT-EAR-0481,Pantheon Reformation of Dutch Republic,1558,early_modern,religious,Northwestern Europe,Dutch Republic,CHR-EAR-0481,864.7,0.505,0.188,0.3959,0.283,42.8,0.3555,40.4,36.4,0.4381,70,20.7,0.411,0.3863,0.3526,0.1792,0.3194,0.2894,0.3054,-0.0969,0.3164,0.583,0.404833,CMN,BRACKET_BASE,false,true,0.80604216,0.548875,0.7671250000000001,,0.3387,true
EVT-EAR-0482,Continental Standoff of Ming & Qing Dynasties,1738,early_modern,war,East Asia,Ming & Qing Dynasties,CHR-EAR-0482,1404.2,0.692,0.145,0.4919,0.473,28.4,0.3785,39.3,40.7,0.452,43.8,23.8,0.3926,0.4267,0.3697,0.1023,0.2457,0.2024,0.2694,-0.2243,0.3689,0.645,0.449935,CMN,BRACKET_BASE,false,true,0.657999,0.48397228000000003,0.76865877,,0.3676,false
EVT-EAR-0483,Military Coup d’État in Ottoman Empire,1569,early_modern,revolution,Southeast Europe / Near East,Ottoman Empire,CHR-EAR-0483,1446.9,0.655,0.649,0.3628,0.533,29.5,0.414,33.9,37.5,0.3747,79.7,23.2,0.4329,0.4825,0.3431,0.0198,0.2577,0.4172,0.3041,-0.0653,0.53,0.625,0.370096,CMN,BRACKET_BASE,false,true,0.78167175,0.5772508199999999,0.76248437,,0.404,false
EVT-EAR-0484,Secular Legal Separation in Safavid Empire,1535,early_modern,religious,Persia,Safavid Empire,CHR-EAR-0484,2163.4,0.592,0.229,0.6926,0.382,29.3,0.3375,28.8,38.7,0.327,40.9,22.4,0.3806,0.439,0.4112,0.2816,0.3514,0.5992,0.4165,0.1602,0.3086,0.5901,0.539462,CMN,BRACKET_BASE,false,true,0.64335414,0.54420576,0.57284667,,0.369,false
EVT-EAR-0485,Orthodoxy & Heresy Trial Wave in Tokugawa Shogunate,1689,early_modern,religious,Japan,Tokugawa Shogunate,CHR-EAR-0485,2318.2,0.678,0.753,0.5496,0.841,25.2,0.5465,28.4,40.7,0.3347,88.5,20,0.4245,0.442,0.4737,0.337,0.397,0.5089,0.4317,0.0669,0.2668,0.5182,0.770162,RMD,BRACKET_HIGH,true,false,0.38606328000000006,0.5330266499999999,0.61280993,,0.3253,false
EVT-EAR-0486,Printing & Communications Diffusion in Ming & Qing Dynasties,1707,early_modern,technological,East Asia,Ming & Qing Dynasties,CHR-EAR-0486,2225.1,0.57,0.587,0.6078,0.405,22.6,0.3155,32.5,38.6,0.3662,92.3,22.5,0.44,0.3544,0.3844,0.4649,0.6063,0.5266,0.4673,0.1722,0.4771,0.6488,0.555064,CMN,BRACKET_BASE,false,true,0.6498752,0.5358623899999999,0.68414933,,0.2827,false
EVT-EAR-0487,Borderlands Pacification of Dutch Republic,1795,early_modern,war,Northwestern Europe,Dutch Republic,CHR-EAR-0487,1963.5,0.753,0.222,0.5949,0.791,26.1,0.526,31.8,32.9,0.3245,55.1,22.1,0.4007,0.4953,0.448,0.2582,0.3914,0.55,0.4286,0.0547,0.3147,0.5214,0.662709,RMD,BRACKET_MEDIUM,false,true,0.57917924,0.549829,0.6385696300000001,,0.3812,false
EVT-EAR-0488,Mercantile Tariff Overhaul across Portuguese Empire,1633,early_modern,economic,Atlantic / Indian Ocean,Portuguese Empire,CHR-EAR-0488,1367.9,0.502,0.723,0.3662,0.849,16.4,0.5065,39,42.3,0.4584,45.5,14.4,0.3483,0.3905,0.2945,0.1683,0.2459,0.3527,0.2904,-0.0378,0.5604,0.5908,0.416578,CMN,BRACKET_BASE,false,true,0.66538725,0.4513013,0.65661456,,0.3592,false
EVT-EAR-0489,Respiratory Virulence Wave across Spanish Empire,1651,early_modern,pandemic,Iberia / Americas,Spanish Empire,CHR-EAR-0489,1225.3,0.584,0.572,0.3501,0.233,35.5,0.294,38.8,35.2,0.4137,43.5,18.3,0.3646,0.3878,0.3398,0,0.1134,0.3851,0.2452,-0.0027,0.8874,0.6946,0.442696,CMN,BRACKET_BASE,false,true,0.8572632,0.57975,0.769375,,0.4081,false
EVT-EAR-0490,Secular Legal Separation in Polish-Lithuanian Commonwealth,1669,early_modern,religious,Eastern Europe,Polish-Lithuanian Commonwealth,CHR-EAR-0490,1997.1,0.693,0.743,0.4652,0.729,19.5,0.462,34.6,36.3,0.375,41.7,11.7,0.3285,0.3621,0.4176,0.27,0.4154,0.5427,0.4016,0.1806,0.3764,0.6263,0.825023,RMD,BRACKET_HIGH,true,false,0.38397120000000007,0.47342045,0.5549596,,0.3486,false
EVT-EAR-0491,Orthodoxy & Heresy Trial Wave in Ming & Qing Dynasties,1500,early_modern,religious,East Asia,Ming & Qing Dynasties,CHR-EAR-0491,1648.5,0.677,0.855,0.3465,0.762,44.3,0.6025,35.4,37.7,0.392,61.6,10.3,0.3498,0.4634,0.4644,0.374,0.4306,0.3445,0.4154,-0.1189,0.4851,0.6143,0.597773,CMN,BRACKET_BASE,false,true,0.49978483999999995,0.4680712000000001,0.7248534799999999,,0.2811,false
EVT-EAR-0492,Frontier Campaign of Portuguese Empire,1651,early_modern,war,Atlantic / Indian Ocean,Portuguese Empire,CHR-EAR-0492,920.4,0.74,0.357,0.2891,0.761,34.6,0.5535,32.4,33.4,0.3339,46.5,14.9,0.3524,0.4076,0.3331,0.143,0.255,0.253,0.2783,-0.1546,0.4671,0.6538,0.635605,RMD,BRACKET_MEDIUM,false,true,0.5544112,0.38432043000000005,0.51267168,,0.3512,false
EVT-EAR-0493,Fiscal Modernization in British Empire (Early),1684,early_modern,transformation,British Isles / Global,British Empire (Early),CHR-EAR-0493,1347.2,0.734,0.654,0.3119,0.815,54,0.6775,31.7,37.1,0.3486,79.9,18.4,0.4091,0.3189,0.3542,0.2141,0.338,0.5219,0.3494,0.203,0.2314,0.5968,0.714588,RMD,BRACKET_HIGH,false,false,0.5905284,0.4694634,0.50805153,,0.3597,false
EVT-EAR-0494,Mechanical Power Harnessing in Portuguese Empire,1645,early_modern,technological,Atlantic / Indian Ocean,Portuguese Empire,CHR-EAR-0494,1794.8,0.711,0.433,0.5006,0.539,41,0.4745,34.1,33.9,0.3552,93.7,10.3,0.3801,0.3412,0.3945,0.4464,0.5099,0.6887,0.4761,0.3475,0.3633,0.7089,0.506729,CMN,BRACKET_BASE,false,true,0.6107979799999999,0.47901736,0.55337624,,0.3297,false
EVT-EAR-0495,Mechanical Power Harnessing in Dutch Republic,1502,early_modern,technological,Northwestern Europe,Dutch Republic,CHR-EAR-0495,1175.2,0.459,0.141,0.5039,0.422,33.2,0.377,32,32.7,0.3254,35.1,13.1,0.3231,0.3202,0.3465,0.4261,0.5721,0.5861,0.4502,0.2659,0.1782,0.6372,0.61197,CMN,BRACKET_BASE,false,true,0.48774987999999997,0.552125,0.6105,,0.3102,false
EVT-EAR-0496,Maritime Hegemony Clash in Polish-Lithuanian Commonwealth,1761,early_modern,war,Eastern Europe,Polish-Lithuanian Commonwealth,CHR-EAR-0496,1401.2,0.672,0.3,0.4506,0.636,28.8,0.462,35.7,37.6,0.3947,85.3,12,0.3818,0.4207,0.307,0,0.141,0.5532,0.2844,0.1325,0.4141,0.609,0.699667,RMD,BRACKET_MEDIUM,false,false,0.74475,0.6221249999999999,0.734625,,0.3926,true
EVT-EAR-0497,Synod Monotheistic Mandate in Tsardom & Russian Empire,1771,early_modern,religious,Northern Eurasia,Tsardom & Russian Empire,CHR-EAR-0497,1753.5,0.613,0.745,0.4258,0.754,33.2,0.543,29.1,39,0.332,31.7,13.2,0.3162,0.3681,0.4172,0.3229,0.4244,0.4552,0.3976,0.0871,0.2574,0.5463,0.618521,CMN,BRACKET_BASE,false,true,0.53836446,0.3740212,0.39619905,,0.2935,false
EVT-EAR-0498,Sanitation & Medical Breakthrough in Spanish Empire,1714,early_modern,technological,Iberia / Americas,Spanish Empire,CHR-EAR-0498,2186.9,0.758,0.28,0.6336,0.714,13.8,0.426,38,37.9,0.4212,59,12.7,0.3586,0.4175,0.4524,0.5571,0.6809,0.7006,0.5617,0.2831,0.2821,0.6313,0.714086,RMD,BRACKET_HIGH,false,false,0.53658436,0.5573750000000001,0.6643749999999999,,0.3077,false
EVT-EAR-0499,Agricultural Plague Wave in Tsardom & Russian Empire,1528,early_modern,pandemic,Northern Eurasia,Tsardom & Russian Empire,CHR-EAR-0499,2301.5,0.489,0.774,0.5957,0.434,33.7,0.3855,39.8,43,0.4712,66,13.1,0.3688,0.5414,0.5073,0.0109,0.1654,0.2519,0.2954,-0.2895,0.8786,0.7881,0.532979,CMN,BRACKET_BASE,false,true,0.89726924,0.623,0.9333750000000001,,0.41,false
EVT-EAR-0500,Decentralization Wave across Ottoman Empire,1684,early_modern,collapse,Southeast Europe / Near East,Ottoman Empire,CHR-EAR-0500,1097.9,0.583,0.551,0.3238,0.319,24.9,0.284,35.3,41.9,0.4162,22.3,17.3,0.3112,0.4176,0.3569,0.0049,0.042,0.1844,0.2012,-0.2332,0.542,0.7378,0.433005,CMN,BRACKET_BASE,false,true,0.7130506999999999,0.49042596000000005,0.78792153,,0.3975,false
EVT-EAR-0501,Temple Bureaucracy Reorganization of Tsardom & Russian Empire,1752,early_modern,religious,Northern Eurasia,Tsardom & Russian Empire,CHR-EAR-0501,1855.7,0.435,0.827,0.4809,0.829,23.2,0.5305,29.4,38,0.3292,85.4,20,0.4219,0.3914,0.4339,0.2504,0.3909,0.5899,0.4113,0.1985,0.3348,0.6198,0.575892,CMN,BRACKET_BASE,false,true,0.61998615,0.49000884999999994,0.56234325,,0.3735,false
EVT-EAR-0502,Territorial Rupture of Ottoman Empire,1645,early_modern,collapse,Southeast Europe / Near East,Ottoman Empire,CHR-EAR-0502,1368.3,0.769,0.659,0.3054,0.635,53.9,0.587,34.6,37.5,0.3822,58.3,8.9,0.3388,0.4634,0.3538,0,0.0649,0.2016,0.2167,-0.2618,0.8247,0.7864,0.699093,RMD,BRACKET_MEDIUM,false,false,0.5467749199999999,0.39381253000000005,0.5408318,,0.4044,false
EVT-EAR-0503,Secular Legal Separation in Portuguese Empire,1777,early_modern,religious,Atlantic / Indian Ocean,Portuguese Empire,CHR-EAR-0503,1667.2,0.569,0.324,0.543,0.55,32.6,0.438,32.8,36.3,0.3556,55,13.2,0.3561,0.3844,0.4545,0.3564,0.4744,0.37,0.4079,-0.0144,0.5026,0.5629,0.493702,CMN,BRACKET_BASE,false,true,0.49896031,0.37942971000000003,0.46413072000000005,,0.2748,false
EVT-EAR-0504,Grain Market Price Shock across Ming & Qing Dynasties,1553,early_modern,economic,East Asia,Ming & Qing Dynasties,CHR-EAR-0504,2243.7,0.544,0.643,0.6036,0.488,52,0.504,41.6,43,0.4906,65.2,14.3,0.3739,0.5451,0.4628,0.271,0.3703,0.7115,0.4721,0.1664,0.4902,0.6027,0.555448,CMN,BRACKET_BASE,false,true,0.413258,0.39896523000000006,0.4197518,,0.4012,false
EVT-EAR-0505,Mechanical Power Harnessing in Polish-Lithuanian Commonwealth,1573,early_modern,technological,Eastern Europe,Polish-Lithuanian Commonwealth,CHR-EAR-0505,866.2,0.641,0.372,0.3003,0.574,48.1,0.5275,40.8,32.4,0.4184,54.7,8.3,0.3312,0.3521,0.3821,0.4726,0.5367,0.4883,0.4464,0.1362,0.299,0.5914,0.597879,CMN,BRACKET_BASE,false,true,0.61702239,0.52257315,0.67390432,,0.2703,false
EVT-EAR-0506,Systemic Governance Breakdown in Spanish Empire,1566,early_modern,collapse,Iberia / Americas,Spanish Empire,CHR-EAR-0506,2061.4,0.546,0.701,0.5385,0.37,21.7,0.2935,41.3,36.4,0.4478,39.7,14.9,0.341,0.4898,0.4317,0.1014,0.1721,0.1377,0.2665,-0.3521,0.5893,0.7755,0.470557,CMN,BRACKET_BASE,false,true,0.6328887,0.40779483,0.60950736,,0.366,false
EVT-EAR-0507,Astronomical Standardization by Portuguese Empire,1683,early_modern,technological,Atlantic / Indian Ocean,Portuguese Empire,CHR-EAR-0507,1236,0.448,0.166,0.5154,0.387,28.7,0.337,31.9,32.7,0.3244,55.8,10.2,0.3421,0.3115,0.3329,0.3807,0.4748,0.6351,0.427,0.3236,0.2563,0.6923,0.513122,CMN,BRACKET_BASE,false,true,0.52917046,0.38741982,0.35218067,,0.3298,false
EVT-EAR-0508,Agricultural Plague Wave in British Empire (Early),1800,early_modern,pandemic,British Isles / Global,British Empire (Early),CHR-EAR-0508,2082.3,0.45,0.208,0.7206,0.306,43.2,0.369,37.3,37.8,0.4131,37.5,18.7,0.3558,0.506,0.4442,0.1522,0.3058,0.2767,0.337,-0.2293,0.7746,0.7221,0.58931,CMN,BRACKET_BASE,false,true,0.58310648,0.40036458,0.5747875200000001,,0.3759,false
EVT-EAR-0509,Printing & Communications Diffusion in Safavid Empire,1506,early_modern,technological,Persia,Safavid Empire,CHR-EAR-0509,1732.8,0.704,0.787,0.3805,0.773,46.1,0.617,39,38.2,0.4338,36,23.9,0.3789,0.3966,0.4486,0.507,0.6275,0.5221,0.5004,0.1255,0.4641,0.5991,0.78345,RMD,BRACKET_HIGH,true,false,0.4156284,0.47326908,0.68319106,,0.2771,false
EVT-EAR-0510,Caravan Route Pestilence in Safavid Empire,1534,early_modern,pandemic,Persia,Safavid Empire,CHR-EAR-0510,1102.3,0.63,0.596,0.2973,0.283,23.1,0.257,28.5,39.5,0.3285,64.9,13.8,0.371,0.3786,0.3337,0.0093,0.1618,0.0336,0.1834,-0.345,0.8661,0.9004,0.411279,CMN,BRACKET_BASE,false,true,0.8138504000000001,0.47190065999999997,0.83245096,,0.3726,false
EVT-EAR-0511,Decentralization Wave across Polish-Lithuanian Commonwealth,1577,early_modern,collapse,Eastern Europe,Polish-Lithuanian Commonwealth,CHR-EAR-0511,2229.4,0.731,0.735,0.5162,0.493,26.2,0.3775,31.8,38.1,0.3557,36.6,23.9,0.3801,0.5227,0.4221,0.0474,0.0861,0.1134,0.2383,-0.4093,0.7331,0.8469,0.326502,CMN,BRACKET_BASE,false,true,0.88412282,0.6025,0.984375,,0.3813,true
EVT-EAR-0512,Frontier Fragmentation of Portuguese Empire,1756,early_modern,collapse,Atlantic / Indian Ocean,Portuguese Empire,CHR-EAR-0512,998.1,0.633,0.725,0.2308,0.795,36.8,0.5815,36,37.4,0.3967,45.4,16.3,0.3577,0.4462,0.3839,0.1693,0.1941,0.1585,0.2704,-0.2877,0.7451,0.7903,0.532863,CMN,BRACKET_BASE,false,true,0.58623318,0.37997982,0.56876723,,0.3414,false
EVT-EAR-0513,Strategic Siege of Ming & Qing Dynasties,1620,early_modern,war,East Asia,Ming & Qing Dynasties,CHR-EAR-0513,2087.8,0.647,0.784,0.4901,0.22,22,0.22,34.4,34.5,0.3621,66.9,18.1,0.3947,0.4443,0.3988,0.1539,0.2549,0.4553,0.3414,0.011,0.4352,0.5839,0.48743,CMN,BRACKET_BASE,false,true,0.7729824,0.5535055999999999,0.6884469,,0.3911,false
EVT-EAR-0514,Caravan Route Pestilence in British Empire (Early),1541,early_modern,pandemic,British Isles / Global,British Empire (Early),CHR-EAR-0514,1115.9,0.575,0.22,0.4301,0.583,12.5,0.354,30.1,38.7,0.341,26.5,12.4,0.2992,0.438,0.4151,0.0706,0.2399,0.1342,0.2596,-0.3038,0.711,0.803,0.448664,CMN,BRACKET_BASE,false,true,0.8917695,0.567875,0.945875,,0.3728,false
EVT-EAR-0515,Dynastic Disintegration of Tokugawa Shogunate,1644,early_modern,collapse,Japan,Tokugawa Shogunate,CHR-EAR-0515,931.7,0.624,0.115,0.3994,0.484,23.8,0.361,33.1,33.3,0.3409,47,12.4,0.3407,0.4399,0.3692,0.115,0.1979,0.2068,0.2658,-0.2331,0.834,0.7992,0.464544,CMN,BRACKET_BASE,false,true,0.66650055,0.37759878,0.5466161199999999,,0.3598,false
EVT-EAR-0516,Canal Infrastructure Boom in British Empire (Early),1556,early_modern,economic,British Isles / Global,British Empire (Early),CHR-EAR-0516,1431.5,0.765,0.391,0.4033,0.281,27.8,0.2795,29.9,34.8,0.3154,55,9.1,0.3356,0.3806,0.3535,0.1901,0.3612,0.4166,0.3404,0.036,0.2995,0.5746,0.550495,CMN,BRACKET_BASE,false,true,0.6627106399999999,0.48876221999999997,0.64072323,,0.3581,false
EVT-EAR-0517,Popular Uprising of Mughal Empire,1705,early_modern,revolution,South Asia,Mughal Empire,CHR-EAR-0517,1636.8,0.555,0.125,0.599,0.84,14,0.49,33,37.8,0.3668,56,12.2,0.3524,0.5292,0.3593,0.1436,0.3376,0.6269,0.3993,0.0977,0.7964,0.6635,0.559432,CMN,BRACKET_BASE,false,true,0.64112711,0.53289285,0.7031684899999999,,0.401,false
EVT-EAR-0518,Mercantile Tariff Overhaul across Polish-Lithuanian Commonwealth,1751,early_modern,economic,Eastern Europe,Polish-Lithuanian Commonwealth,CHR-EAR-0518,1921.9,0.643,0.141,0.6414,0.215,22.6,0.2205,41.4,34.1,0.4351,92.3,10.1,0.378,0.3962,0.3257,0.0763,0.1338,0.5631,0.299,0.1669,0.3107,0.6033,0.597693,CMN,BRACKET_BASE,false,true,0.55163451,0.41118461999999995,0.41500689,,0.4068,false
EVT-EAR-0519,Popular Uprising of Tokugawa Shogunate,1632,early_modern,revolution,Japan,Tokugawa Shogunate,CHR-EAR-0519,2037.5,0.576,0.329,0.635,0.29,37.5,0.3325,37.3,41.4,0.4347,23.8,18.6,0.3224,0.4533,0.3185,0,0.2137,0.3764,0.2724,-0.0769,0.5884,0.6083,0.390112,CMN,BRACKET_BASE,false,true,0.7956333,0.51464225,0.7497929499999999,,0.406,false
EVT-EAR-0520,Coalition Defense of Dutch Republic,1766,early_modern,war,Northwestern Europe,Dutch Republic,CHR-EAR-0520,1141.2,0.577,0.662,0.3034,0.256,26.7,0.2615,34.1,35.1,0.3624,75.7,8.4,0.3552,0.3954,0.2918,0.0614,0.1977,0.331,0.2555,-0.0644,0.6726,0.6938,0.494697,CMN,BRACKET_BASE,false,true,0.62560768,0.38469760000000003,0.49308116,,0.3925,false
EVT-EAR-0521,Pantheon Reformation of Tsardom & Russian Empire,1679,early_modern,religious,Northern Eurasia,Tsardom & Russian Empire,CHR-EAR-0521,1550.7,0.596,0.26,0.524,0.326,47.3,0.3995,41.9,33.8,0.4386,33,19,0.3481,0.437,0.4058,0.3239,0.3763,0.6289,0.4344,0.1919,0.4968,0.6535,0.776379,RMD,BRACKET_HIGH,true,false,0.408611,0.3850902,0.38706832,,0.3563,false
EVT-EAR-0522,Succession Conflict of Tsardom & Russian Empire,1670,early_modern,war,Northern Eurasia,Tsardom & Russian Empire,CHR-EAR-0522,999.2,0.425,0.823,0.2641,0.547,17.1,0.359,36.8,42.2,0.4341,39.2,12.7,0.329,0.3407,0.2924,0,0.0821,0.2816,0.1994,-0.0591,0.45,0.6158,0.390393,CMN,BRACKET_BASE,false,true,0.7713405,0.5466644599999999,0.7075492600000001,,0.3995,false
EVT-EAR-0523,Urban Quarantine Emergency in Spanish Empire,1569,early_modern,pandemic,Iberia / Americas,Spanish Empire,CHR-EAR-0523,2048.6,0.715,0.331,0.5955,0.33,32.2,0.326,29,39,0.3309,27,18.6,0.3316,0.4697,0.4438,0,0.1661,0.4541,0.3067,-0.0156,0.8207,0.6557,0.726384,RMD,BRACKET_HIGH,false,false,0.56878484,0.42428861999999995,0.48882769000000004,,0.4019,false
EVT-EAR-0524,Maritime Hegemony Clash in Portuguese Empire,1562,early_modern,war,Atlantic / Indian Ocean,Portuguese Empire,CHR-EAR-0524,1810.6,0.665,0.791,0.4111,0.521,41,0.4655,40.4,41.2,0.4669,42.3,22.4,0.3831,0.4786,0.4017,0.1183,0.2886,0.3897,0.3354,-0.0889,0.6614,0.6418,0.506165,CMN,BRACKET_BASE,false,true,0.49209632999999997,0.39013559999999997,0.5096459999999999,,0.397,false
EVT-EAR-0525,Maritime Hegemony Clash in Polish-Lithuanian Commonwealth,1721,early_modern,war,Eastern Europe,Polish-Lithuanian Commonwealth,CHR-EAR-0525,1262.1,0.581,0.119,0.4963,0.334,39,0.362,36.8,37.3,0.4047,21.6,23,0.3374,0.4503,0.3351,0.0028,0.1079,0.5701,0.2932,0.1198,0.416,0.6092,0.648026,RMD,BRACKET_MEDIUM,false,true,0.64750356,0.62497452,0.70044463,,0.3962,false
EVT-EAR-0526,Provincial Autonomy Insurgency against Ming & Qing Dynasties,1799,early_modern,revolution,East Asia,Ming & Qing Dynasties,CHR-EAR-0526,1727.1,0.607,0.884,0.379,0.588,51.2,0.55,37.6,33,0.3875,44.3,8.4,0.3164,0.5064,0.332,0.0846,0.272,0.5624,0.3515,0.056,0.386,0.5593,0.583581,CMN,BRACKET_BASE,false,true,0.7679308000000001,0.605875,0.733125,,0.3994,false
EVT-EAR-0527,Agrarian Insurgency in Tsardom & Russian Empire,1677,early_modern,revolution,Northern Eurasia,Tsardom & Russian Empire,CHR-EAR-0527,1013.1,0.444,0.481,0.3646,0.461,34.6,0.4035,35,36.3,0.3793,26.7,16.5,0.3203,0.4627,0.3202,0.0742,0.2181,0.1437,0.2438,-0.319,0.6837,0.8011,0.478027,CMN,BRACKET_BASE,false,true,0.68911884,0.4750973,0.8286,,0.3724,false
EVT-EAR-0528,Navigational Instrument Reform in Portuguese Empire,1781,early_modern,technological,Atlantic / Indian Ocean,Portuguese Empire,CHR-EAR-0528,1683.1,0.599,0.104,0.6041,0.344,43.5,0.3895,38.9,42.3,0.4573,48.7,11.5,0.3388,0.3891,0.4446,0.5112,0.5735,0.5198,0.4876,0.1307,0.1569,0.5222,0.634743,RMD,BRACKET_MEDIUM,false,true,0.47024395999999996,0.52953147,0.64753161,,0.2698,false
EVT-EAR-0529,Treaty System Implementation across Mughal Empire,1724,early_modern,transformation,South Asia,Mughal Empire,CHR-EAR-0529,1554.1,0.707,0.768,0.3392,0.634,22,0.427,34.1,36.8,0.3726,86.5,8.5,0.3653,0.3156,0.3864,0.3115,0.4357,0.6185,0.4135,0.3029,0.3918,0.7207,0.757025,RMD,BRACKET_HIGH,true,false,0.45841600000000005,0.37321428,0.34133913000000005,,0.3418,false
EVT-EAR-0530,Harbor Incursion Sickness in Tsardom & Russian Empire,1788,early_modern,pandemic,Northern Eurasia,Tsardom & Russian Empire,CHR-EAR-0530,2155.7,0.484,0.224,0.7246,0.54,16.5,0.3525,35.9,38.6,0.4028,54,13.4,0.3557,0.5563,0.5221,0.1834,0.4045,0.1766,0.3686,-0.3797,0.8298,0.8205,0.44091,CMN,BRACKET_BASE,false,true,0.79305195,0.52004719,0.9369729099999999,,0.3803,false
EVT-EAR-0531,Popular Uprising of British Empire (Early),1593,early_modern,revolution,British Isles / Global,British Empire (Early),CHR-EAR-0531,2091.8,0.691,0.294,0.625,0.355,26.3,0.309,38,41.3,0.4416,70.1,8.9,0.3521,0.5013,0.4112,0.0725,0.2778,0.4532,0.3432,-0.0481,0.6898,0.6221,0.400399,CMN,BRACKET_BASE,false,true,0.8371242600000001,0.56933257,0.7507665,,0.4059,false
EVT-EAR-0532,Strategic Siege of Mughal Empire,1763,early_modern,war,South Asia,Mughal Empire,CHR-EAR-0532,1749.7,0.697,0.752,0.3975,0.417,48.7,0.452,40.4,35.8,0.4345,67.6,11.9,0.3645,0.3991,0.3502,0.0432,0.1177,0.4248,0.267,0.0257,0.3269,0.533,0.580822,CMN,BRACKET_BASE,false,true,0.4667898,0.40951365,0.44998238000000007,,0.4085,false
EVT-EAR-0533,Judicial Standard Reform in Mughal Empire,1537,early_modern,transformation,South Asia,Mughal Empire,CHR-EAR-0533,1516.3,0.526,0.798,0.3747,0.433,29.5,0.364,39.4,34.7,0.4171,48.9,11.2,0.3376,0.3046,0.3601,0.2653,0.4435,0.4637,0.3674,0.1591,0.3336,0.6259,0.613755,CMN,BRACKET_BASE,false,true,0.5368683200000001,0.36798239000000005,0.36940576,,0.3166,false
EVT-EAR-0534,Mechanical Power Harnessing in Mughal Empire,1522,early_modern,technological,South Asia,Mughal Empire,CHR-EAR-0534,996.8,0.492,0.488,0.3439,0.775,20,0.4875,35.2,41.7,0.4139,30.5,17.8,0.3364,0.3058,0.3467,0.4014,0.5197,0.5731,0.4293,0.2673,0.3383,0.6721,0.706982,RMD,BRACKET_HIGH,false,false,0.44349855000000005,0.37324748999999996,0.38943632000000006,,0.3115,false
EVT-EAR-0535,Caravan Route Pestilence in Ming & Qing Dynasties,1756,early_modern,pandemic,East Asia,Ming & Qing Dynasties,CHR-EAR-0535,2218.3,0.699,0.252,0.6678,0.831,37.7,0.604,39.5,41.9,0.4614,63,18.8,0.3939,0.554,0.5098,0.2266,0.3615,0.3729,0.405,-0.1811,0.8101,0.6703,0.620126,CMN,BRACKET_BASE,false,true,0.5736123799999999,0.405444,0.5684632000000001,,0.374,false
EVT-EAR-0536,Decentralization Wave across Ottoman Empire,1587,early_modern,collapse,Southeast Europe / Near East,Ottoman Empire,CHR-EAR-0536,1148.2,0.568,0.677,0.3035,0.559,41.1,0.485,39.1,36.9,0.4271,76.9,8.8,0.3583,0.4883,0.4128,0.0219,0.0824,0.0761,0.2163,-0.4122,0.6145,0.8239,0.705849,RMD,BRACKET_HIGH,false,false,0.6261233399999999,0.60375,0.990625,,0.3795,true
EVT-EAR-0537,Maritime Hegemony Clash in British Empire (Early),1771,early_modern,war,British Isles / Global,British Empire (Early),CHR-EAR-0537,2133.5,0.47,0.548,0.6258,0.332,27.1,0.3015,35.2,42.3,0.4175,76.3,12.4,0.3758,0.4796,0.4082,0.2362,0.3923,0.2595,0.3552,-0.2201,0.6881,0.7192,0.61932,CMN,BRACKET_BASE,false,true,0.5170104099999999,0.38285488000000006,0.553023,,0.3381,false
EVT-EAR-0538,Continental Standoff of Tokugawa Shogunate,1714,early_modern,war,Japan,Tokugawa Shogunate,CHR-EAR-0538,2115.6,0.748,0.269,0.6215,0.345,49.8,0.4215,33.7,33.6,0.3491,84,11,0.3757,0.4577,0.3694,0.1776,0.2311,0.5298,0.3531,0.0721,0.5692,0.6024,0.637864,RMD,BRACKET_MEDIUM,false,true,0.56965624,0.50603814,0.6642216,,0.3972,false
EVT-EAR-0539,Frontier Fragmentation of Ottoman Empire,1786,early_modern,collapse,Southeast Europe / Near East,Ottoman Empire,CHR-EAR-0539,2311.3,0.746,0.255,0.6768,0.656,20.1,0.4285,40.6,34,0.4258,35.6,23,0.3736,0.6098,0.4976,0.1061,0.1609,0.201,0.3151,-0.4088,0.6594,0.7859,0.47572,CMN,BRACKET_BASE,false,true,0.65212561,0.43240175999999997,0.62353736,,0.3903,false
EVT-EAR-0540,Canal Infrastructure Boom in Mughal Empire,1779,early_modern,economic,South Asia,Mughal Empire,CHR-EAR-0540,1222.7,0.578,0.331,0.4235,0.649,25.9,0.454,40,33.7,0.4176,73.3,22.7,0.4244,0.4732,0.4417,0.1806,0.2508,0.4777,0.3648,0.0045,0.4027,0.5388,0.692586,RMD,BRACKET_MEDIUM,false,false,0.6724278199999999,0.5825,0.75,,0.394,false
EVT-EAR-0541,Systemic Governance Breakdown in Kingdom of France (Bourbon),1660,early_modern,collapse,Western Europe,Kingdom of France (Bourbon),CHR-EAR-0541,1755.6,0.657,0.646,0.4428,0.48,31.7,0.3985,38,38.3,0.4236,62.3,11.7,0.3576,0.4956,0.4383,0.0443,0.0647,0.2518,0.2589,-0.2438,0.8002,0.772,0.601601,CMN,BRACKET_BASE,false,true,0.6223258799999999,0.40450905000000004,0.54503856,,0.4057,false
EVT-EAR-0542,Frontier Fragmentation of Mughal Empire,1549,early_modern,collapse,South Asia,Mughal Empire,CHR-EAR-0542,2288.6,0.729,0.32,0.6566,0.646,43.6,0.541,36.7,41.8,0.4306,54,19.6,0.3867,0.5638,0.463,0.2381,0.2597,0.3168,0.3683,-0.247,0.5236,0.6501,0.64332,RMD,BRACKET_MEDIUM,false,true,0.47712048,0.3987675,0.55782324,,0.3575,false
EVT-EAR-0543,Fiscal Default Crisis in Ottoman Empire,1594,early_modern,collapse,Southeast Europe / Near East,Ottoman Empire,CHR-EAR-0543,2334.8,0.697,0.319,0.6784,0.375,25.9,0.317,34.4,36.2,0.3723,88.4,12.9,0.3889,0.5691,0.4627,0.1765,0.2729,0.1549,0.3272,-0.4142,0.7999,0.8485,0.684644,RMD,BRACKET_MEDIUM,false,false,0.6769768500000001,0.578,1,,0.3711,true
EVT-EAR-0544,Coalition Defense of Ming & Qing Dynasties,1697,early_modern,war,East Asia,Ming & Qing Dynasties,CHR-EAR-0544,877.7,0.615,0.475,0.2801,0.694,54.5,0.6195,39.3,36.8,0.4286,86.6,15.2,0.3989,0.484,0.4061,0.2131,0.2671,0.4467,0.3634,-0.0373,0.3273,0.5327,0.358784,CMN,BRACKET_BASE,false,true,0.6797293799999999,0.5585355000000001,0.6982497599999999,,0.3811,false
EVT-EAR-0545,Guild Monopoly Reform in Tokugawa Shogunate,1721,early_modern,economic,Japan,Tokugawa Shogunate,CHR-EAR-0545,1638.5,0.752,0.547,0.4138,0.383,51,0.4465,33.7,41.7,0.3977,42.3,10.7,0.3246,0.4353,0.3621,0.197,0.2722,0.6187,0.3771,0.1834,0.5792,0.6851,0.810556,RMD,BRACKET_HIGH,true,false,0.47931199999999996,0.49924138,0.6226924000000001,,0.397,false
EVT-EAR-0546,Agricultural Plague Wave in Mughal Empire,1533,early_modern,pandemic,South Asia,Mughal Empire,CHR-EAR-0546,1631.1,0.62,0.589,0.4389,0.477,21.9,0.348,28.7,40.8,0.3385,52.7,11.7,0.3455,0.3914,0.3231,0,0.116,0.1677,0.1996,-0.2237,0.8237,0.7879,0.426439,CMN,BRACKET_BASE,false,true,0.64560441,0.373085,0.52605,,0.3895,false
EVT-EAR-0547,Civic Restoration Revolt in Tokugawa Shogunate,1689,early_modern,revolution,Japan,Tokugawa Shogunate,CHR-EAR-0547,1135,0.555,0.485,0.3615,0.211,36.1,0.286,35.7,38.2,0.3983,77.8,19.4,0.4122,0.3949,0.2501,0,0.1657,0.1161,0.1854,-0.2788,0.4023,0.7243,0.540272,CMN,BRACKET_BASE,false,true,0.6041607999999999,0.39265283,0.54395055,,0.3835,false
EVT-EAR-0548,Hydraulic Engineering Grid in British Empire (Early),1788,early_modern,technological,British Isles / Global,British Empire (Early),CHR-EAR-0548,1899.2,0.683,0.618,0.4805,0.684,42.6,0.555,33.7,41.6,0.3971,20.6,21.5,0.3265,0.3502,0.3963,0.4536,0.5677,0.73,0.4996,0.3798,0.2327,0.6784,0.693336,RMD,BRACKET_MEDIUM,false,false,0.37197624,0.48194032000000003,0.5024211999999999,,0.3395,false
EVT-EAR-0549,Printing & Communications Diffusion in Polish-Lithuanian Commonwealth,1548,early_modern,technological,Eastern Europe,Polish-Lithuanian Commonwealth,CHR-EAR-0549,1380.9,0.467,0.57,0.4259,0.827,46.5,0.646,33.6,37.6,0.3721,60.7,10.4,0.3492,0.3903,0.4104,0.4694,0.5362,0.589,0.4791,0.1987,0.4597,0.6356,0.771492,RMD,BRACKET_HIGH,true,false,0.37037527,0.4778161799999999,0.6334678,,0.2909,false
EVT-EAR-0550,Agricultural Plague Wave in Spanish Empire,1743,early_modern,pandemic,Iberia / Americas,Spanish Empire,CHR-EAR-0550,2087,0.633,0.729,0.5106,0.767,46.1,0.614,40.4,33.9,0.4231,31.8,22.2,0.3614,0.5231,0.4657,0.1957,0.3423,0.3528,0.3759,-0.1703,0.6288,0.647,0.351528,CMN,BRACKET_BASE,false,true,0.7825147499999999,0.559248,0.8250689999999999,,0.376,false
EVT-EAR-0551,Canal Infrastructure Boom in Dutch Republic,1649,early_modern,economic,Northwestern Europe,Dutch Republic,CHR-EAR-0551,1227.3,0.664,0.346,0.3944,0.669,29.5,0.482,40,37.3,0.4392,48,15,0.3552,0.467,0.3823,0.2707,0.3648,0.292,0.3554,-0.175,0.4906,0.6498,0.531055,CMN,BRACKET_BASE,false,true,0.48534520000000003,0.3784375,0.51616716,,0.3181,false
EVT-EAR-0552,Pantheon Reformation of Spanish Empire,1721,early_modern,religious,Iberia / Americas,Spanish Empire,CHR-EAR-0552,1454.7,0.773,0.604,0.343,0.39,29.5,0.3425,39.1,36.8,0.4265,89.2,11.4,0.3821,0.4226,0.3838,0.2025,0.3109,0.4182,0.3476,-0.0044,0.4621,0.5811,0.606253,CMN,BRACKET_BASE,false,true,0.61106304,0.49878053,0.7006968499999999,,0.3639,false
EVT-EAR-0553,Synod Monotheistic Mandate in Safavid Empire,1526,early_modern,religious,Persia,Safavid Empire,CHR-EAR-0553,1670.7,0.71,0.708,0.3864,0.695,49.8,0.5965,28.6,33.6,0.2942,80.1,18.8,0.4113,0.4348,0.5038,0.4195,0.499,0.3542,0.4423,-0.0806,0.2108,0.5347,0.47133,CMN,BRACKET_BASE,false,true,0.5215014400000001,0.38530706,0.44889935999999997,,0.2765,false
EVT-EAR-0554,Treaty System Implementation across Ming & Qing Dynasties,1659,early_modern,transformation,East Asia,Ming & Qing Dynasties,CHR-EAR-0554,1609.3,0.458,0.709,0.4458,0.368,31.9,0.3435,39.2,37.5,0.4318,76.8,10.6,0.3672,0.3071,0.3378,0.277,0.5172,0.4749,0.3828,0.1678,0.1878,0.5844,0.784324,RMD,BRACKET_HIGH,true,false,0.3439536,0.3760911,0.3452216,,0.3219,false
EVT-EAR-0555,Harbor Incursion Sickness in Tsardom & Russian Empire,1517,early_modern,pandemic,Northern Eurasia,Tsardom & Russian Empire,CHR-EAR-0555,2037.2,0.706,0.371,0.5833,0.355,42.8,0.3915,42,37.5,0.4619,44.9,11.7,0.3339,0.5158,0.4869,0.222,0.4618,0.5033,0.438,-0.0125,0.9466,0.6579,0.565579,CMN,BRACKET_BASE,false,true,0.6825915199999999,0.55613844,0.7525238999999999,,0.388,false
EVT-EAR-0556,Caravan Route Pestilence in Ming & Qing Dynasties,1551,early_modern,pandemic,East Asia,Ming & Qing Dynasties,CHR-EAR-0556,2067.2,0.746,0.107,0.6582,0.703,30.3,0.503,32.8,36.8,0.3586,18.5,23.2,0.3272,0.5393,0.4899,0.0334,0.2003,0.4716,0.3469,-0.0677,0.8755,0.6575,0.483688,CMN,BRACKET_BASE,false,true,0.773736,0.5444270999999999,0.7447209,,0.3969,false
EVT-EAR-0557,Agrarian Insurgency in Tokugawa Shogunate,1667,early_modern,revolution,Japan,Tokugawa Shogunate,CHR-EAR-0557,1142,0.451,0.108,0.5077,0.505,53.4,0.5195,35,34.2,0.3667,80.8,20.6,0.4209,0.4632,0.3257,0,0.213,0.4001,0.2804,-0.0631,0.6023,0.6056,0.394411,CMN,BRACKET_BASE,false,true,0.84482166,0.593875,0.812625,,0.4041,false
EVT-EAR-0558,Administrative Codification of Spanish Empire,1545,early_modern,transformation,Iberia / Americas,Spanish Empire,CHR-EAR-0558,1346.9,0.724,0.778,0.2776,0.839,14.4,0.4915,35.8,32.5,0.3652,70.3,21,0.4128,0.3223,0.3768,0.3037,0.4907,0.4701,0.3927,0.1478,0.2936,0.6131,0.684062,RMD,BRACKET_MEDIUM,false,false,0.46367178,0.374883,0.37281628,,0.3098,false
EVT-EAR-0559,Frontier Campaign of Tokugawa Shogunate,1609,early_modern,war,Japan,Tokugawa Shogunate,CHR-EAR-0559,1141.3,0.715,0.207,0.3986,0.62,19.7,0.4085,40.9,41,0.4711,47.2,19.8,0.378,0.4552,0.3888,0.1533,0.213,0.2927,0.3006,-0.1625,0.465,0.6423,0.606903,CMN,BRACKET_BASE,false,true,0.5598174499999999,0.38877876,0.5159616,,0.3682,false
EVT-EAR-0560,Strategic Siege of Ming & Qing Dynasties,1693,early_modern,war,East Asia,Ming & Qing Dynasties,CHR-EAR-0560,1550.6,0.738,0.57,0.3884,0.516,20.6,0.361,29.8,34.4,0.3119,53.6,14.8,0.3622,0.3147,0.2659,0,0.1275,0.2239,0.1864,-0.0908,0.5344,0.6534,0.764695,RMD,BRACKET_HIGH,true,false,0.51819554,0.38093328,0.48294943999999995,,0.386,false
EVT-EAR-0561,Silver Flotilla Currency Shock in Kingdom of France (Bourbon),1680,early_modern,economic,Western Europe,Kingdom of France (Bourbon),CHR-EAR-0561,880.2,0.658,0.504,0.2592,0.581,42.8,0.5045,40.9,41.8,0.4759,56.1,23.1,0.407,0.3789,0.2936,0.1147,0.1909,0.5651,0.3086,0.1862,0.538,0.6791,0.649091,RMD,BRACKET_MEDIUM,false,true,0.63972092,0.51028328,0.6320707200000001,,0.4023,false
EVT-EAR-0562,Educational Charter of Ottoman Empire,1503,early_modern,transformation,Southeast Europe / Near East,Ottoman Empire,CHR-EAR-0562,1693,0.526,0.2,0.5997,0.647,14.7,0.397,31.5,36.2,0.341,79.4,20,0.4166,0.3256,0.3561,0.2414,0.4521,0.5636,0.3878,0.238,0.1824,0.6035,0.604134,CMN,BRACKET_BASE,false,true,0.6825995499999999,0.53974336,0.50829295,,0.3551,false
EVT-EAR-0563,Hydraulic Engineering Grid in Safavid Empire,1731,early_modern,technological,Persia,Safavid Empire,CHR-EAR-0563,1740.8,0.564,0.566,0.4909,0.823,34.9,0.586,29.7,42.8,0.3613,76.4,17.5,0.4013,0.3882,0.4097,0.4894,0.6214,0.5983,0.5014,0.2101,0.1611,0.568,0.43657,CMN,BRACKET_BASE,false,true,0.6263330400000001,0.5380392,0.58731597,,0.2954,false
EVT-EAR-0564,Popular Uprising of Dutch Republic,1777,early_modern,revolution,Northwestern Europe,Dutch Republic,CHR-EAR-0564,1728.2,0.493,0.706,0.4669,0.811,45.7,0.634,34,34.2,0.356,55.2,18.2,0.3813,0.5057,0.3684,0.0089,0.1379,0.328,0.2698,-0.1777,0.4258,0.6139,0.857789,RMD,BRACKET_HIGH,true,false,0.44878545000000003,0.41272205,0.53008668,,0.4084,false
EVT-EAR-0565,Harbor Incursion Sickness in Mughal Empire,1655,early_modern,pandemic,South Asia,Mughal Empire,CHR-EAR-0565,1052.1,0.486,0.29,0.4194,0.8,27.2,0.536,29.5,41.4,0.3507,88.3,12.9,0.3888,0.5113,0.48,0.0205,0.1379,0.416,0.3131,-0.0953,0.6909,0.6583,0.766504,RMD,BRACKET_HIGH,true,false,0.4894188,0.42766898999999997,0.51368174,,0.4067,false
EVT-EAR-0566,Systemic Governance Breakdown in Ming & Qing Dynasties,1610,early_modern,collapse,East Asia,Ming & Qing Dynasties,CHR-EAR-0566,2185.3,0.651,0.82,0.5033,0.297,39.7,0.347,38.1,33.9,0.3983,71.6,23,0.4242,0.4706,0.3587,0.0941,0.1533,0.2071,0.2568,-0.2635,0.829,0.7922,0.295735,CMN,BRACKET_BASE,false,true,0.8505129600000001,0.55908803,0.8597230399999999,,0.3754,true
EVT-EAR-0567,Popular Uprising of British Empire (Early),1783,early_modern,revolution,British Isles / Global,British Empire (Early),CHR-EAR-0567,1735.1,0.608,0.26,0.568,0.646,28.1,0.4635,41.6,42.7,0.4888,27.5,21,0.3449,0.4847,0.3618,0,0.2015,0.6588,0.3414,0.1741,0.7794,0.6908,0.510649,CMN,BRACKET_BASE,false,true,0.55505478,0.45460008,0.47938436000000006,,0.4021,false
EVT-EAR-0568,Fiscal Default Crisis in Kingdom of France (Bourbon),1534,early_modern,collapse,Western Europe,Kingdom of France (Bourbon),CHR-EAR-0568,2293.7,0.458,0.126,0.7974,0.528,25.7,0.3925,38.5,34,0.4032,72.2,15.7,0.3883,0.5689,0.477,0.131,0.2262,0.3722,0.3551,-0.1967,0.7393,0.6821,0.429818,CMN,BRACKET_BASE,false,true,0.94657597,0.5920000000000001,0.895875,,0.403,false
EVT-EAR-0569,Institutional Dissolution of Portuguese Empire,1608,early_modern,collapse,Atlantic / Indian Ocean,Portuguese Empire,CHR-EAR-0569,872.6,0.462,0.523,0.3103,0.564,27.8,0.421,34.2,38,0.3809,20.8,8.3,0.2612,0.4012,0.3165,0,0.0654,0.0572,0.1681,-0.344,0.4281,0.756,0.442759,CMN,BRACKET_BASE,false,true,0.7244444,0.50218496,0.84160536,,0.3702,true
EVT-EAR-0570,Respiratory Virulence Wave across Dutch Republic,1527,early_modern,pandemic,Northwestern Europe,Dutch Republic,CHR-EAR-0570,2037.5,0.598,0.881,0.4628,0.427,31.1,0.369,39.7,42,0.4642,44.2,18.9,0.3687,0.5122,0.4452,0,0.1421,0.3002,0.2799,-0.212,0.6256,0.7065,0.501763,CMN,BRACKET_BASE,false,true,0.69863808,0.5202330000000001,0.79852017,,0.41,false
EVT-EAR-0571,Civic Restoration Revolt in Dutch Republic,1569,early_modern,revolution,Northwestern Europe,Dutch Republic,CHR-EAR-0571,2154.7,0.466,0.189,0.7402,0.712,40,0.556,35.8,34.3,0.376,88.8,13.1,0.3902,0.5461,0.4214,0.148,0.427,0.2354,0.3556,-0.3107,0.6768,0.7161,0.577994,CMN,BRACKET_BASE,false,true,0.4762583,0.40586352000000003,0.5980336199999999,,0.3913,false
EVT-EAR-0572,Temple Bureaucracy Reorganization of Tokugawa Shogunate,1534,early_modern,religious,Japan,Tokugawa Shogunate,CHR-EAR-0572,2364.4,0.73,0.209,0.7091,0.767,42.7,0.597,33.5,33.5,0.3464,21.1,21.5,0.3282,0.4507,0.5028,0.3446,0.3956,0.5711,0.453,0.1204,0.4669,0.5639,0.649784,RMD,BRACKET_MEDIUM,false,true,0.49639590000000006,0.3834262,0.41371434,,0.3432,false
EVT-EAR-0573,Maritime Hegemony Clash in Dutch Republic,1510,early_modern,war,Northwestern Europe,Dutch Republic,CHR-EAR-0573,1111.3,0.58,0.347,0.3893,0.407,31.2,0.3595,29.6,34,0.3074,27,17.3,0.3251,0.3303,0.257,0.0754,0.1555,0.3877,0.2412,0.0574,0.3788,0.5973,0.52987,CMN,BRACKET_BASE,false,true,0.77877873,0.5477607,0.64055215,,0.3884,true
EVT-EAR-0574,Canal Infrastructure Boom in Spanish Empire,1630,early_modern,economic,Iberia / Americas,Spanish Empire,CHR-EAR-0574,1568.8,0.659,0.732,0.3682,0.415,17.1,0.293,36.2,33.7,0.3767,57.2,9,0.3379,0.3288,0.2686,0.0102,0.1524,0.1791,0.1878,-0.1497,0.3601,0.6452,0.606863,CMN,BRACKET_BASE,false,true,0.60139698,0.5457441199999999,0.74707464,,0.377,true
EVT-EAR-0575,Systemic Governance Breakdown in Ming & Qing Dynasties,1643,early_modern,collapse,East Asia,Ming & Qing Dynasties,CHR-EAR-0575,1796.4,0.614,0.668,0.4596,0.738,20.7,0.4725,37.6,36.5,0.4085,24.5,19.7,0.33,0.5124,0.4048,0.0156,0.1023,0.1324,0.2335,-0.38,0.8089,0.8363,0.37132,CMN,BRACKET_BASE,false,true,0.8990687999999999,0.58066404,0.8920430400000001,,0.3949,false
EVT-EAR-0576,Respiratory Virulence Wave across Ming & Qing Dynasties,1662,early_modern,pandemic,East Asia,Ming & Qing Dynasties,CHR-EAR-0576,1659.2,0.475,0.363,0.5574,0.253,17.5,0.214,35.4,41.2,0.413,50.1,18.4,0.3753,0.4583,0.384,0,0.1812,0.2042,0.2455,-0.2541,0.8043,0.7906,0.462548,CMN,BRACKET_BASE,false,true,0.84889428,0.5755,0.9028750000000001,,0.401,true
EVT-EAR-0577,Caravan Route Pestilence in Dutch Republic,1706,early_modern,pandemic,Northwestern Europe,Dutch Republic,CHR-EAR-0577,974.3,0.654,0.308,0.3435,0.315,17,0.2425,40.8,32.1,0.4166,87.9,15.1,0.3995,0.384,0.3494,0,0.1782,0.285,0.2393,-0.099,0.6026,0.6837,0.714309,RMD,BRACKET_HIGH,false,false,0.45525177999999994,0.39486282,0.51225606,,0.4022,false
EVT-EAR-0578,Civic Restoration Revolt in Kingdom of France (Bourbon),1798,early_modern,revolution,Western Europe,Kingdom of France (Bourbon),CHR-EAR-0578,2084.3,0.577,0.679,0.5417,0.651,44.1,0.546,32.5,38.1,0.3632,61.8,14.9,0.373,0.4744,0.3927,0.0396,0.1424,0.5699,0.3238,0.0955,0.5876,0.6108,0.71303,RMD,BRACKET_HIGH,false,false,0.40517008,0.44102097,0.48183842000000005,,0.3934,false
EVT-EAR-0579,Fiscal Modernization in Ottoman Empire,1665,early_modern,transformation,Southeast Europe / Near East,Ottoman Empire,CHR-EAR-0579,1094,0.713,0.27,0.3681,0.447,53.7,0.492,41.5,33,0.4295,73.8,20.2,0.4123,0.3451,0.42,0.3653,0.5072,0.6468,0.4569,0.3017,0.238,0.659,0.59713,CMN,BRACKET_BASE,false,true,0.5019579599999999,0.54242188,0.4968348,,0.3374,false
EVT-EAR-0580,Caravan Route Pestilence in British Empire (Early),1612,early_modern,pandemic,British Isles / Global,British Empire (Early),CHR-EAR-0580,1376.9,0.597,0.813,0.313,0.253,54.8,0.4005,31.1,32.7,0.3157,26.8,17.7,0.3265,0.4291,0.3889,0.1094,0.2493,0.4244,0.3202,-0.0047,0.7871,0.6749,0.521577,CMN,BRACKET_BASE,false,true,0.5784114,0.38244492,0.47623244,,0.3965,false
EVT-EAR-0581,Astronomical Standardization by British Empire (Early),1600,early_modern,technological,British Isles / Global,British Empire (Early),CHR-EAR-0581,1739.5,0.737,0.276,0.5256,0.385,45.7,0.421,31.4,42.9,0.3802,28.4,14.8,0.3162,0.3373,0.3958,0.5124,0.6621,0.6228,0.5061,0.2855,0.1848,0.6314,0.611972,CMN,BRACKET_BASE,false,true,0.4180275,0.38475448,0.4128615300000001,,0.3058,false
EVT-EAR-0582,Constitutional Reorganization of Tsardom & Russian Empire,1565,early_modern,transformation,Northern Eurasia,Tsardom & Russian Empire,CHR-EAR-0582,2148.9,0.459,0.193,0.7396,0.756,36.5,0.5605,35.8,40.4,0.4126,53.1,8.2,0.3285,0.4153,0.4832,0.4094,0.6128,0.5761,0.4994,0.1608,0.3088,0.5371,0.437189,CMN,BRACKET_BASE,false,true,0.5888338599999999,0.5476065299999999,0.56768832,,0.3138,false
EVT-EAR-0583,Civic Restoration Revolt in Ming & Qing Dynasties,1547,early_modern,revolution,East Asia,Ming & Qing Dynasties,CHR-EAR-0583,1442.9,0.599,0.579,0.3996,0.823,43.3,0.628,30.7,33.4,0.3156,83.9,21.8,0.4296,0.5177,0.3668,0.1642,0.2742,0.3151,0.3276,-0.2026,0.7607,0.7281,0.739727,RMD,BRACKET_HIGH,true,false,0.6135153,0.54030132,0.8136172800000001,,0.3773,false
EVT-EAR-0584,Peasant Rebellion against Safavid Empire,1743,early_modern,revolution,Persia,Safavid Empire,CHR-EAR-0584,2131.8,0.577,0.849,0.503,0.255,41.8,0.3365,28.2,35.1,0.2989,73.6,11.3,0.3676,0.4384,0.3053,0,0.1833,0.1961,0.2246,-0.2423,0.6557,0.754,0.49604,CMN,BRACKET_BASE,false,true,0.8953425600000001,0.568625,0.8913749999999999,,0.3968,true
EVT-EAR-0585,Sanitation & Medical Breakthrough in Mughal Empire,1765,early_modern,technological,South Asia,Mughal Empire,CHR-EAR-0585,2007.4,0.512,0.436,0.6143,0.538,22.4,0.381,28.1,35.3,0.299,86.5,17.5,0.4103,0.3545,0.3803,0.425,0.4879,0.7292,0.4754,0.3747,0.265,0.7044,0.436104,CMN,BRACKET_BASE,false,true,0.66400956,0.5566249999999999,0.542375,,0.3405,false
EVT-EAR-0586,Judicial Standard Reform in Kingdom of France (Bourbon),1529,early_modern,transformation,Western Europe,Kingdom of France (Bourbon),CHR-EAR-0586,982.3,0.686,0.732,0.2087,0.475,42.3,0.449,28.4,42.6,0.3461,93,12,0.3881,0.2858,0.3338,0.2331,0.3716,0.4198,0.3288,0.134,0.3702,0.6443,0.465174,CMN,BRACKET_BASE,false,true,0.83399364,0.5355,0.6279999999999999,,0.3124,false
EVT-EAR-0587,Maritime Trade Hub Expansion in Spanish Empire,1719,early_modern,economic,Iberia / Americas,Spanish Empire,CHR-EAR-0587,2086.4,0.568,0.651,0.5534,0.23,30.8,0.269,33.4,39.1,0.3789,56,22.5,0.4039,0.367,0.2977,0.0324,0.0932,0.3737,0.2328,0.0067,0.4821,0.5739,0.332206,CMN,BRACKET_BASE,false,true,0.87233698,0.579,0.7455,,0.4038,true
EVT-EAR-0588,Grain Market Price Shock across Ottoman Empire,1511,early_modern,economic,Southeast Europe / Near East,Ottoman Empire,CHR-EAR-0588,1347.1,0.69,0.882,0.2567,0.31,16.1,0.2355,39.7,42.3,0.466,90,12.2,0.3867,0.3824,0.2871,0.1483,0.2198,0.2286,0.2532,-0.1538,0.4214,0.6747,0.382624,CMN,BRACKET_BASE,false,true,0.86372587,0.54275,0.80025,,0.3332,true
EVT-EAR-0589,Sanitation & Medical Breakthrough in Ming & Qing Dynasties,1784,early_modern,technological,East Asia,Ming & Qing Dynasties,CHR-EAR-0589,2368.5,0.666,0.449,0.6574,0.69,45.6,0.573,35.7,34.5,0.3761,84.9,17.9,0.411,0.4052,0.4419,0.5416,0.6999,0.7684,0.5714,0.3632,0.2049,0.6364,1,RMD,BRACKET_HIGH,true,false,0.2634597,0.38816468,0.36395966,,0.3328,false
EVT-EAR-0590,Metallurgical Innovation Surge in Ming & Qing Dynasties,1756,early_modern,technological,East Asia,Ming & Qing Dynasties,CHR-EAR-0590,1493.3,0.558,0.21,0.5356,0.382,44.9,0.4155,30.1,39.1,0.3434,77.1,14,0.3845,0.3586,0.3945,0.4651,0.5949,0.4915,0.4609,0.1329,0.226,0.5641,0.614389,CMN,BRACKET_BASE,false,true,0.45072321000000004,0.49110948000000004,0.65229066,,0.2784,false
EVT-EAR-0591,Hydraulic Engineering Grid in Spanish Empire,1622,early_modern,technological,Iberia / Americas,Spanish Empire,CHR-EAR-0591,1708,0.571,0.343,0.5472,0.202,37.4,0.288,30.7,34.2,0.3204,67.4,9.5,0.3523,0.3226,0.3789,0.4329,0.496,0.4751,0.4211,0.1525,0.2459,0.6005,0.878501,RMD,BRACKET_HIGH,true,false,0.293396,0.36499,0.424384,,0.2669,false
EVT-EAR-0592,Judicial Standard Reform in Safavid Empire,1786,early_modern,transformation,Persia,Safavid Empire,CHR-EAR-0592,2189.5,0.734,0.826,0.4777,0.777,39,0.5835,35,41.2,0.4087,70,9.9,0.357,0.3595,0.3852,0.3187,0.4958,0.5809,0.428,0.2214,0.1287,0.5612,0.853842,RMD,BRACKET_HIGH,true,false,0.25574981,0.38674082,0.32290475999999996,,0.3312,false
EVT-EAR-0593,Dynastic Disintegration of British Empire (Early),1544,early_modern,collapse,British Isles / Global,British Empire (Early),CHR-EAR-0593,2024.9,0.662,0.863,0.4457,0.344,32.8,0.336,40,36.2,0.4326,66.2,22.2,0.4145,0.4914,0.4086,0.0837,0.1155,0.049,0.2296,-0.4424,0.8405,0.8969,0.437177,CMN,BRACKET_BASE,false,true,0.8477557600000001,0.56544514,0.92439104,,0.374,false
EVT-EAR-0594,Succession Conflict of Ming & Qing Dynasties,1725,early_modern,war,East Asia,Ming & Qing Dynasties,CHR-EAR-0594,1205.1,0.512,0.14,0.496,0.374,36.6,0.37,40.3,40.8,0.4634,63.3,11.1,0.3557,0.4289,0.315,0.0101,0.1764,0.2539,0.2369,-0.175,0.5018,0.6505,0.6314,RMD,BRACKET_MEDIUM,false,true,0.53022156,0.38964486,0.51839622,,0.4012,false
EVT-EAR-0595,Agricultural Plague Wave in Safavid Empire,1641,early_modern,pandemic,Persia,Safavid Empire,CHR-EAR-0595,1411.8,0.534,0.733,0.3649,0.789,18.9,0.489,36.5,33,0.3757,93.3,14.7,0.4018,0.4959,0.4214,0.0583,0.1728,0.3782,0.3053,-0.1177,0.6943,0.6827,0.754476,RMD,BRACKET_HIGH,true,false,0.41210244,0.410404,0.52831125,,0.4082,false
EVT-EAR-0596,Imperial Unification of Kingdom of France (Bourbon),1797,early_modern,transformation,Western Europe,Kingdom of France (Bourbon),CHR-EAR-0596,1568.4,0.528,0.369,0.5163,0.757,35.1,0.554,28.1,34.7,0.2954,39,10.4,0.3172,0.3428,0.3755,0.2618,0.5036,0.6126,0.4193,0.2698,0.3481,0.6579,0.860598,RMD,BRACKET_HIGH,true,false,0.33080767,0.38350416,0.35906124999999994,,0.3602,false
EVT-EAR-0597,Radical Assembly Schism in Ottoman Empire,1757,early_modern,revolution,Southeast Europe / Near East,Ottoman Empire,CHR-EAR-0597,1293.9,0.776,0.672,0.2802,0.665,27.2,0.4685,35.9,34.5,0.3782,38.2,20.1,0.3642,0.4117,0.2494,0,0.2319,0.2867,0.2359,-0.125,0.4782,0.648,0.597508,CMN,BRACKET_BASE,false,true,0.54169076,0.39328460000000004,0.50298578,,0.4028,false
EVT-EAR-0598,Agricultural Plague Wave in British Empire (Early),1631,early_modern,pandemic,British Isles / Global,British Empire (Early),CHR-EAR-0598,1564.9,0.636,0.304,0.5025,0.561,27.2,0.4165,38,39.9,0.4332,71.8,13.1,0.3749,0.5091,0.4843,0.0822,0.2926,0.2227,0.3182,-0.2864,0.7463,0.7684,0.601541,CMN,BRACKET_BASE,false,true,0.5842595199999999,0.55906606,0.86779381,,0.3972,false
EVT-EAR-0599,Borderlands Pacification of Spanish Empire,1715,early_modern,war,Iberia / Americas,Spanish Empire,CHR-EAR-0599,1510.3,0.531,0.386,0.4953,0.601,12.1,0.361,29.3,32.5,0.2952,40,12.3,0.3285,0.4207,0.3561,0.0903,0.2055,0.2778,0.2701,-0.1429,0.5005,0.6596,0.482143,CMN,BRACKET_BASE,false,true,0.58981626,0.38420187,0.5068543999999999,,0.3814,false
EVT-EAR-0600,Orthodoxy & Heresy Trial Wave in Kingdom of France (Bourbon),1688,early_modern,religious,Western Europe,Kingdom of France (Bourbon),CHR-EAR-0600,1059.7,0.687,0.448,0.3136,0.562,33.7,0.4495,33,39.3,0.3758,70.6,13.1,0.3736,0.3898,0.4608,0.3021,0.3693,0.4393,0.3923,0.0495,0.4028,0.5866,0.566018,CMN,BRACKET_BASE,false,true,0.6602187899999999,0.46836842,0.6300949,,0.3132,false
EVT-EAR-0601,Canal Infrastructure Boom in Portuguese Empire,1641,early_modern,economic,Atlantic / Indian Ocean,Portuguese Empire,CHR-EAR-0601,1053.8,0.478,0.3,0.4192,0.512,25.8,0.385,37.4,36.5,0.4064,36.1,20.5,0.3621,0.418,0.3263,0.2005,0.3365,0.5556,0.3674,0.1376,0.555,0.6615,0.683992,RMD,BRACKET_MEDIUM,false,false,0.5984700900000001,0.47867544000000006,0.59880848,,0.3863,false
EVT-EAR-0602,Popular Uprising of Tsardom & Russian Empire,1602,early_modern,revolution,Northern Eurasia,Tsardom & Russian Empire,CHR-EAR-0602,1415.8,0.498,0.774,0.3644,0.237,17,0.2035,32.3,32.8,0.3293,59.2,10.6,0.3484,0.3321,0.2473,0,0.1787,0.4334,0.2383,0.1013,0.7539,0.7386,0.379373,CMN,BRACKET_BASE,false,true,0.9012078600000001,0.5532852,0.6716991600000001,,0.4038,false
EVT-EAR-0603,Epidemic Fever Outbreak across Tsardom & Russian Empire,1673,early_modern,pandemic,Northern Eurasia,Tsardom & Russian Empire,CHR-EAR-0603,1976.8,0.676,0.875,0.4255,0.603,47.4,0.5385,36.9,41.3,0.4298,89.2,9,0.3701,0.5184,0.4871,0.1478,0.3965,0.3345,0.3769,-0.1839,0.68,0.6902,0.362444,CMN,BRACKET_BASE,false,true,0.9162459000000001,0.578875,0.9037499999999999,,0.395,false
EVT-EAR-0604,Provincial Autonomy Insurgency against Dutch Republic,1576,early_modern,revolution,Northwestern Europe,Dutch Republic,CHR-EAR-0604,1301.3,0.467,0.678,0.373,0.742,48.2,0.612,37.2,36.5,0.4042,94.9,22.2,0.4405,0.4893,0.322,0.0313,0.2982,0.498,0.3278,0.0087,0.382,0.5218,0.694744,RMD,BRACKET_MEDIUM,false,false,0.5465229,0.6085,0.758625,,0.3957,false
EVT-EAR-0605,Hydraulic Engineering Grid in Safavid Empire,1715,early_modern,technological,Persia,Safavid Empire,CHR-EAR-0605,1436,0.485,0.3,0.5157,0.206,26.8,0.237,40.5,36,0.4368,32.5,21.9,0.3615,0.3382,0.3595,0.3998,0.5562,0.524,0.4355,0.1858,0.3959,0.6509,0.64517,RMD,BRACKET_MEDIUM,false,true,0.64402752,0.544125,0.6593749999999999,,0.2968,false
EVT-EAR-0606,Imperial Unification of British Empire (Early),1517,early_modern,transformation,British Isles / Global,British Empire (Early),CHR-EAR-0606,1247.2,0.74,0.135,0.44,0.535,17.8,0.3565,41.2,42.6,0.4839,93.7,15.1,0.4041,0.3657,0.4295,0.2816,0.418,0.6778,0.4345,0.3121,0.3043,0.6825,0.644449,RMD,BRACKET_MEDIUM,false,true,0.5052658,0.49518966000000003,0.5352754000000001,,0.3696,false
EVT-EAR-0607,Fiscal Default Crisis in Safavid Empire,1524,early_modern,collapse,Persia,Safavid Empire,CHR-EAR-0607,1307.3,0.708,0.737,0.2845,0.485,15.4,0.3195,32,38,0.3572,85.8,8.2,0.3632,0.4699,0.3752,0.0846,0.174,0.0651,0.2338,-0.4048,0.6903,0.877,0.63237,RMD,BRACKET_MEDIUM,false,true,0.5582626599999999,0.38822067,0.6012071400000001,,0.3717,false
EVT-EAR-0608,Institutional Dissolution of Tokugawa Shogunate,1613,early_modern,collapse,Japan,Tokugawa Shogunate,CHR-EAR-0608,1246.9,0.748,0.474,0.3358,0.749,48,0.6145,38.1,37.2,0.4181,72.6,15.9,0.3897,0.52,0.4541,0.1827,0.2448,0.2613,0.3326,-0.2587,0.7913,0.7623,0.68141,RMD,BRACKET_MEDIUM,false,false,0.5788424799999999,0.5073342399999999,0.8687170000000001,,0.3605,false
EVT-EAR-0609,Temple Bureaucracy Reorganization of Kingdom of France (Bourbon),1690,early_modern,religious,Western Europe,Kingdom of France (Bourbon),CHR-EAR-0609,898.7,0.731,0.658,0.1959,0.296,14.8,0.222,41.3,34.4,0.4358,94.4,17,0.4142,0.3407,0.3652,0.2623,0.3176,0.3835,0.3339,0.0428,0.3105,0.6027,0.706657,RMD,BRACKET_HIGH,false,false,0.47552577,0.36969483999999997,0.41852712000000003,,0.2973,false
EVT-EAR-0610,Temple Bureaucracy Reorganization of Ottoman Empire,1730,early_modern,religious,Southeast Europe / Near East,Ottoman Empire,CHR-EAR-0610,1828.4,0.494,0.531,0.545,0.269,40.7,0.338,40.6,32.4,0.4162,85.8,9.5,0.3697,0.3853,0.3589,0.2741,0.3453,0.6065,0.394,0.2212,0.4238,0.6605,0.607888,CMN,BRACKET_BASE,false,true,0.72138984,0.557125,0.608125,,0.3607,false
EVT-EAR-0611,Agricultural Plague Wave in Portuguese Empire,1765,early_modern,pandemic,Atlantic / Indian Ocean,Portuguese Empire,CHR-EAR-0611,1323.1,0.423,0.444,0.462,0.634,29.7,0.4655,31.1,35.4,0.3319,34.4,14,0.3261,0.418,0.3943,0,0.2035,0.0538,0.2139,-0.3642,0.6622,0.8033,0.537989,CMN,BRACKET_BASE,false,true,0.6273973899999999,0.39801300000000006,0.5973676499999999,,0.3862,false
EVT-EAR-0612,Educational Charter of Tsardom & Russian Empire,1635,early_modern,transformation,Northern Eurasia,Tsardom & Russian Empire,CHR-EAR-0612,2349.1,0.473,0.586,0.6692,0.464,14.1,0.3025,33.8,35.1,0.3592,53.6,12,0.3482,0.3121,0.3589,0.2964,0.5176,0.6533,0.4277,0.3412,0.1139,0.6431,0.677212,RMD,BRACKET_MEDIUM,false,true,0.41474558000000006,0.38287748,0.30062975999999997,,0.3515,false
EVT-EAR-0613,Metallurgical Innovation Surge in Mughal Empire,1535,early_modern,technological,South Asia,Mughal Empire,CHR-EAR-0613,1860.2,0.703,0.193,0.5919,0.325,45.9,0.392,34.9,42.2,0.4137,49.6,23.3,0.3991,0.3622,0.4185,0.4796,0.5789,0.5367,0.4752,0.1745,0.4367,0.6238,0.398735,CMN,BRACKET_BASE,false,true,0.8299004300000001,0.544375,0.7338749999999999,,0.275,false
EVT-EAR-0614,Canal Infrastructure Boom in Ming & Qing Dynasties,1533,early_modern,economic,East Asia,Ming & Qing Dynasties,CHR-EAR-0614,1366.4,0.604,0.786,0.3163,0.633,29.4,0.4635,31.6,42.3,0.3787,63.9,19.5,0.3984,0.3452,0.296,0.0857,0.1859,0.3784,0.2582,0.0332,0.6414,0.6345,0.438253,CMN,BRACKET_BASE,false,true,0.9061552499999999,0.559625,0.742125,,0.3867,true
EVT-EAR-0615,Mechanical Power Harnessing in Spanish Empire,1788,early_modern,technological,Iberia / Americas,Spanish Empire,CHR-EAR-0615,1034.1,0.729,0.399,0.3091,0.793,32.6,0.5595,34.1,32.5,0.3468,89,20.9,0.4294,0.3356,0.3771,0.4252,0.5587,0.6923,0.4778,0.3567,0.3085,0.7174,0.587455,CMN,BRACKET_BASE,false,true,0.63207762,0.47847981000000006,0.5177382,,0.3359,false
EVT-EAR-0616,Harbor Incursion Sickness in Kingdom of France (Bourbon),1723,early_modern,pandemic,Western Europe,Kingdom of France (Bourbon),CHR-EAR-0616,1082.8,0.544,0.414,0.3727,0.206,38,0.293,34.5,35.4,0.3686,41.9,16.2,0.3514,0.3701,0.3017,0,0.1581,0.2803,0.222,-0.0898,0.6228,0.679,0.408761,CMN,BRACKET_BASE,false,true,0.81451584,0.49192192,0.7422202200000001,,0.3997,false
EVT-EAR-0617,Respiratory Virulence Wave across Ming & Qing Dynasties,1580,early_modern,pandemic,East Asia,Ming & Qing Dynasties,CHR-EAR-0617,1554.2,0.675,0.527,0.4211,0.77,44.7,0.6085,31,33.7,0.3207,22.8,8,0.2663,0.4812,0.4143,0.062,0.2665,0.5031,0.3454,0.0219,0.7411,0.6246,0.436927,CMN,BRACKET_BASE,false,true,0.78616188,0.51738881,0.70769855,,0.4034,false
EVT-EAR-0618,Military Coup d’État in Safavid Empire,1534,early_modern,revolution,Persia,Safavid Empire,CHR-EAR-0618,1916.1,0.759,0.634,0.4572,0.798,22.1,0.5095,41.1,39.6,0.4648,80.4,10.2,0.3685,0.4941,0.3332,0.0177,0.1459,0.1773,0.2336,-0.3168,0.6239,0.7423,0.39117,CMN,BRACKET_BASE,false,true,0.8217383899999999,0.582375,0.935875,,0.3978,true
EVT-EAR-0619,Sanitation & Medical Breakthrough in British Empire (Early),1728,early_modern,technological,British Isles / Global,British Empire (Early),CHR-EAR-0619,1820.6,0.54,0.511,0.5352,0.334,24,0.287,34.3,36.8,0.3748,60.1,18.9,0.391,0.3395,0.3928,0.482,0.6203,0.6822,0.5034,0.3427,0.2077,0.6874,0.535615,CMN,BRACKET_BASE,false,true,0.4106949,0.39231114,0.38687829,,0.3241,false
EVT-EAR-0620,Military Coup d’État in Ming & Qing Dynasties,1513,early_modern,revolution,East Asia,Ming & Qing Dynasties,CHR-EAR-0620,1656.5,0.456,0.207,0.6092,0.828,45.1,0.6395,34.9,39.8,0.3993,69.5,17,0.392,0.5349,0.4048,0.0391,0.2594,0.3243,0.3125,-0.2106,0.7227,0.6772,0.456783,CMN,BRACKET_BASE,false,true,0.7534856999999999,0.58018444,0.8349169500000001,,0.4063,false
EVT-EAR-0621,Temple Bureaucracy Reorganization of Safavid Empire,1774,early_modern,religious,Persia,Safavid Empire,CHR-EAR-0621,1407.1,0.749,0.132,0.4795,0.504,53.1,0.5175,34.3,36.2,0.3712,64.6,11,0.3567,0.4288,0.426,0.2875,0.3771,0.3577,0.3754,-0.0711,0.353,0.5514,0.7347,RMD,BRACKET_HIGH,true,false,0.4843944,0.5240268,0.6976694099999999,,0.3036,false
EVT-EAR-0622,Coalition Defense of Ottoman Empire,1785,early_modern,war,Southeast Europe / Near East,Ottoman Empire,CHR-EAR-0622,2060.9,0.714,0.887,0.4322,0.393,26.5,0.329,40.5,40.2,0.462,82.2,15.5,0.3966,0.3598,0.3022,0,0.106,0.3779,0.2292,0.0181,0.3889,0.5535,0.629016,CMN,BRACKET_BASE,false,true,0.6347281800000001,0.57173452,0.68661345,,0.4076,true
EVT-EAR-0623,Dynastic Disintegration of Ming & Qing Dynasties,1745,early_modern,collapse,East Asia,Ming & Qing Dynasties,CHR-EAR-0623,1626.1,0.623,0.573,0.4415,0.634,27.4,0.454,39.8,32.1,0.4058,21,15.2,0.2964,0.4497,0.3335,0,0.0946,0.1272,0.201,-0.3225,0.5507,0.7466,0.613426,CMN,BRACKET_BASE,false,true,0.5878416,0.39493584,0.57231678,,0.3915,false
EVT-EAR-0624,Continental Standoff of Dutch Republic,1545,early_modern,war,Northwestern Europe,Dutch Republic,CHR-EAR-0624,2097.1,0.751,0.716,0.4817,0.479,27.7,0.378,34.7,36.2,0.3755,54.7,12.9,0.3542,0.3757,0.3073,0,0.1675,0.2155,0.2132,-0.1602,0.3205,0.6114,0.640334,RMD,BRACKET_MEDIUM,false,true,0.51541594,0.39542495999999994,0.50440717,,0.3943,false
EVT-EAR-0625,Radical Assembly Schism in Mughal Empire,1791,early_modern,revolution,South Asia,Mughal Empire,CHR-EAR-0625,1977.3,0.74,0.118,0.6335,0.414,50.9,0.4615,32.7,34.4,0.3432,41.9,20.2,0.3714,0.5124,0.3374,0.1354,0.337,0.694,0.4032,0.1816,0.586,0.6588,0.564909,CMN,BRACKET_BASE,false,true,0.618332,0.5330787,0.6743644599999999,,0.3932,false
EVT-EAR-0626,Imperial Annexation War in Ming & Qing Dynasties,1727,early_modern,war,East Asia,Ming & Qing Dynasties,CHR-EAR-0626,1316.1,0.729,0.591,0.3243,0.336,41.5,0.3755,37.4,40.8,0.4322,26.2,23.2,0.3524,0.4071,0.3587,0.128,0.1812,0.3338,0.2818,-0.0733,0.6537,0.6632,0.646044,RMD,BRACKET_MEDIUM,false,true,0.46754292000000003,0.39046929999999996,0.50442876,,0.377,false
EVT-EAR-0627,Harbor Incursion Sickness in Ming & Qing Dynasties,1556,early_modern,pandemic,East Asia,Ming & Qing Dynasties,CHR-EAR-0627,1195.4,0.447,0.799,0.3153,0.512,32.5,0.4185,33,33.9,0.3434,72.4,15.2,0.386,0.4583,0.4214,0,0.231,0.1797,0.2581,-0.2786,0.8412,0.8292,0.659199,RMD,BRACKET_MEDIUM,false,true,0.54419748,0.38778183,0.5544633,,0.4047,false
EVT-EAR-0628,Sanitation & Medical Breakthrough in Ming & Qing Dynasties,1616,early_modern,technological,East Asia,Ming & Qing Dynasties,CHR-EAR-0628,1829.4,0.714,0.21,0.5755,0.375,47.3,0.424,40.8,33.6,0.4256,40.1,18.9,0.3617,0.3519,0.3906,0.4384,0.5594,0.636,0.4753,0.2841,0.2867,0.6413,0.582866,CMN,BRACKET_BASE,false,true,0.57074369,0.4648236,0.53809937,,0.3177,false
EVT-EAR-0629,Hydraulic Engineering Grid in Polish-Lithuanian Commonwealth,1688,early_modern,technological,Eastern Europe,Polish-Lithuanian Commonwealth,CHR-EAR-0629,2031.1,0.512,0.476,0.6084,0.641,22.1,0.431,32.2,42.1,0.384,52.5,9,0.3317,0.3779,0.4345,0.4839,0.5975,0.629,0.5046,0.2511,0.2426,0.6127,0.803095,RMD,BRACKET_HIGH,true,false,0.27102287999999997,0.38258388,0.3972711,,0.3032,false
EVT-EAR-0630,Monastic Network Expansion of Tsardom & Russian Empire,1744,early_modern,religious,Northern Eurasia,Tsardom & Russian Empire,CHR-EAR-0630,1797.3,0.767,0.399,0.4947,0.784,31.7,0.5505,41,38.8,0.459,71.6,14.7,0.3827,0.435,0.5018,0.3302,0.385,0.4341,0.4172,-0.0009,0.2613,0.4702,0.452292,CMN,BRACKET_BASE,false,true,0.6366373,0.55625,0.7048749999999999,,0.3109,true
EVT-EAR-0631,Navigational Instrument Reform in Kingdom of France (Bourbon),1563,early_modern,technological,Western Europe,Kingdom of France (Bourbon),CHR-EAR-0631,2376.1,0.755,0.531,0.608,0.499,38.8,0.4435,40.4,39.2,0.4549,39.3,20.1,0.3662,0.4013,0.4534,0.5479,0.6418,0.7375,0.5564,0.3362,0.2007,0.6358,0.530909,CMN,BRACKET_BASE,false,true,0.5034144,0.48068656000000004,0.55874784,,0.3213,false
EVT-EAR-0632,Urban Quarantine Emergency in Spanish Empire,1690,early_modern,pandemic,Iberia / Americas,Spanish Empire,CHR-EAR-0632,1762,0.627,0.212,0.5837,0.227,50.9,0.368,32.5,42.4,0.389,40,15,0.342,0.492,0.454,0.141,0.3419,0.3077,0.3473,-0.1843,0.9466,0.7651,0.835937,RMD,BRACKET_HIGH,true,false,0.44985959999999997,0.39153205,0.5487527,,0.384,false
EVT-EAR-0633,Caravan Route Pestilence in Tsardom & Russian Empire,1638,early_modern,pandemic,Northern Eurasia,Tsardom & Russian Empire,CHR-EAR-0633,2118.2,0.744,0.842,0.4515,0.487,54,0.5135,33.9,37.8,0.3765,30.6,18.5,0.3401,0.5201,0.4545,0,0.2482,0.249,0.2944,-0.2711,0.8919,0.7981,0.436865,CMN,BRACKET_BASE,false,true,0.81049761,0.52446954,0.8420962000000001,,0.4075,false
EVT-EAR-0634,Maritime Trade Hub Expansion in Tsardom & Russian Empire,1700,early_modern,economic,Northern Eurasia,Tsardom & Russian Empire,CHR-EAR-0634,2382.4,0.606,0.799,0.574,0.337,54.2,0.4395,34.7,37.4,0.3827,90.8,8.4,0.3683,0.4283,0.3938,0.2111,0.3315,0.4981,0.3726,0.0698,0.3255,0.5396,0.714593,RMD,BRACKET_HIGH,false,false,0.49627925,0.38664592,0.418398,,0.377,false
EVT-EAR-0635,Peasant Rebellion against Ottoman Empire,1617,early_modern,revolution,Southeast Europe / Near East,Ottoman Empire,CHR-EAR-0635,2140.8,0.604,0.485,0.6064,0.713,31.3,0.513,37.4,38.8,0.4202,46.6,22.4,0.3901,0.4908,0.3315,0.0114,0.2426,0.4781,0.3109,-0.0127,0.6368,0.5651,0.623235,CMN,BRACKET_BASE,false,true,0.4756905,0.42187181,0.48488774999999995,,0.3929,false
EVT-EAR-0636,Monastic Network Expansion of Tokugawa Shogunate,1683,early_modern,religious,Japan,Tokugawa Shogunate,CHR-EAR-0636,2376.8,0.687,0.285,0.7024,0.544,30.3,0.4235,28.1,35.2,0.2984,52.8,16.4,0.3691,0.4313,0.3949,0.2225,0.379,0.5485,0.3952,0.1172,0.3323,0.5627,0.521068,CMN,BRACKET_BASE,false,true,0.7210202800000001,0.5517280999999999,0.61257168,,0.3804,false
EVT-EAR-0637,Printing & Communications Diffusion in Spanish Empire,1774,early_modern,technological,Iberia / Americas,Spanish Empire,CHR-EAR-0637,999.3,0.66,0.876,0.1777,0.43,47,0.45,41.7,35.1,0.4443,76.2,12.2,0.3747,0.3068,0.3602,0.4185,0.5555,0.5688,0.442,0.262,0.4097,0.7131,0.653469,RMD,BRACKET_MEDIUM,false,true,0.48857970000000006,0.37352835,0.41098171000000006,,0.3068,false
EVT-EAR-0638,Radical Assembly Schism in Portuguese Empire,1534,early_modern,revolution,Atlantic / Indian Ocean,Portuguese Empire,CHR-EAR-0638,1133.7,0.6,0.842,0.2406,0.784,18.5,0.4845,28.6,32.4,0.287,63.6,21.1,0.4061,0.3642,0.2302,0,0.2335,0.3229,0.2302,-0.0413,0.7673,0.6923,0.458576,CMN,BRACKET_BASE,false,true,0.8768911999999999,0.563625,0.783375,,0.4012,true
EVT-EAR-0639,Maritime Trade Hub Expansion in Polish-Lithuanian Commonwealth,1644,early_modern,economic,Eastern Europe,Polish-Lithuanian Commonwealth,CHR-EAR-0639,1875.5,0.715,0.54,0.4881,0.642,34.6,0.494,34.9,35.3,0.3723,91.1,17.8,0.4156,0.4158,0.3904,0.2228,0.2902,0.4514,0.3541,0.0356,0.5583,0.5856,0.680277,RMD,BRACKET_MEDIUM,false,false,0.53350358,0.39093012,0.46179581999999997,,0.3617,false
EVT-EAR-0640,Guild Monopoly Reform in Mughal Empire,1611,early_modern,economic,South Asia,Mughal Empire,CHR-EAR-0640,1056.5,0.693,0.807,0.2033,0.585,32.4,0.4545,29.3,35,0.3102,46.3,10.1,0.3281,0.3737,0.3364,0.1603,0.2811,0.4675,0.3238,0.0938,0.5996,0.6854,0.710698,RMD,BRACKET_HIGH,false,false,0.559879,0.37965388,0.43161615000000003,,0.3785,false
EVT-EAR-0641,Administrative Codification of Safavid Empire,1755,early_modern,transformation,Persia,Safavid Empire,CHR-EAR-0641,1561.3,0.468,0.352,0.5376,0.701,45.8,0.5795,31.5,32.5,0.3188,59.4,19.4,0.3926,0.3821,0.4384,0.3846,0.6246,0.5283,0.4716,0.1462,0.2123,0.5466,0.528938,CMN,BRACKET_BASE,false,true,0.659,0.56025,0.587375,,0.3141,true
EVT-EAR-0642,Constitutional Reorganization of Tokugawa Shogunate,1533,early_modern,transformation,Japan,Tokugawa Shogunate,CHR-EAR-0642,1984.1,0.718,0.797,0.4382,0.415,33,0.3725,38.7,36.9,0.4228,18.3,9.2,0.2564,0.2758,0.3206,0.259,0.3839,0.4899,0.3458,0.2141,0.3684,0.6527,0.451988,CMN,BRACKET_BASE,false,true,0.62538078,0.47095068,0.5263163200000001,,0.3225,false
EVT-EAR-0643,Frontier Campaign of Safavid Empire,1506,early_modern,war,Persia,Safavid Empire,CHR-EAR-0643,2264.1,0.592,0.445,0.6538,0.224,54.9,0.3865,36.1,33.3,0.3732,56.5,23.3,0.4085,0.4549,0.354,0.1224,0.2098,0.5651,0.3412,0.1102,0.3123,0.5556,0.597435,CMN,BRACKET_BASE,false,true,0.47648094,0.410305,0.42258004,,0.4064,false
EVT-EAR-0644,Maritime Trade Hub Expansion in Tokugawa Shogunate,1589,early_modern,economic,Japan,Tokugawa Shogunate,CHR-EAR-0644,1124.4,0.706,0.865,0.1995,0.406,53.5,0.4705,31.5,42,0.3758,48,10.9,0.3347,0.3492,0.3245,0.1785,0.2474,0.4083,0.3016,0.0591,0.6261,0.6616,0.660429,RMD,BRACKET_MEDIUM,false,true,0.524172,0.37749096,0.44512260000000003,,0.3559,false
EVT-EAR-0645,Maritime Hegemony Clash in Ottoman Empire,1519,early_modern,war,Southeast Europe / Near East,Ottoman Empire,CHR-EAR-0645,1399.3,0.52,0.833,0.3359,0.737,19.9,0.468,31.9,42.6,0.3838,71.7,14.6,0.3823,0.4156,0.3715,0.1822,0.2538,0.1973,0.2841,-0.2183,0.3724,0.6628,0.492716,CMN,BRACKET_BASE,false,true,0.5622046399999999,0.37916669000000003,0.51519074,,0.3304,false
EVT-EAR-0646,Imperial Unification of Mughal Empire,1500,early_modern,transformation,South Asia,Mughal Empire,CHR-EAR-0646,1928.9,0.683,0.376,0.5607,0.654,23.1,0.4425,29.3,36.9,0.3216,45.2,18,0.3659,0.3297,0.3604,0.2261,0.3651,0.4698,0.3502,0.1401,0.3794,0.6018,0.698136,RMD,BRACKET_MEDIUM,false,false,0.6303065900000001,0.4969125,0.60751188,,0.3431,true
EVT-EAR-0647,Educational Charter of Tokugawa Shogunate,1783,early_modern,transformation,Japan,Tokugawa Shogunate,CHR-EAR-0647,990.9,0.737,0.635,0.2248,0.472,34.7,0.4095,37.8,37.9,0.4191,21.8,13.6,0.2911,0.2428,0.265,0.1363,0.3751,0.5538,0.3146,0.311,0.2617,0.7054,0.619602,CMN,BRACKET_BASE,false,true,0.50767574,0.38609127,0.35021972,,0.3761,false
EVT-EAR-0648,Grain Market Price Shock across Kingdom of France (Bourbon),1503,early_modern,economic,Western Europe,Kingdom of France (Bourbon),CHR-EAR-0648,2054.4,0.488,0.224,0.6972,0.649,36.4,0.5065,37.8,39.6,0.4293,32.4,22.4,0.3638,0.5364,0.452,0.1774,0.2445,0.6963,0.4213,0.1599,0.3057,0.5478,0.436039,CMN,BRACKET_BASE,false,true,0.7117318499999999,0.6057436799999999,0.64746262,,0.4029,false
EVT-EAR-0649,Harbor Incursion Sickness in Mughal Empire,1779,early_modern,pandemic,South Asia,Mughal Empire,CHR-EAR-0649,975.3,0.438,0.626,0.3131,0.772,38.1,0.5765,32,39.5,0.3662,81.8,8.8,0.3628,0.4842,0.4252,0.1313,0.2988,0.1969,0.3073,-0.2873,0.8169,0.801,0.460923,CMN,BRACKET_BASE,false,true,0.88752975,0.55533783,0.8829512999999999,,0.3691,false
EVT-EAR-0650,Treaty System Implementation across Mughal Empire,1689,early_modern,transformation,South Asia,Mughal Empire,CHR-EAR-0650,2001.3,0.444,0.371,0.6526,0.26,26.3,0.2615,38.1,38.2,0.4241,85.7,16.2,0.4032,0.316,0.362,0.2262,0.3818,0.6168,0.3806,0.3008,0.2774,0.6611,0.840171,RMD,BRACKET_HIGH,true,false,0.43919469000000005,0.48770166,0.5231889000000001,,0.3683,false
EVT-EAR-0651,Continental Standoff of Ottoman Empire,1778,early_modern,war,Southeast Europe / Near East,Ottoman Empire,CHR-EAR-0651,1566.7,0.459,0.553,0.4814,0.733,37.2,0.5525,35.6,32.7,0.3642,38.7,16.4,0.3466,0.4441,0.3778,0.0497,0.1367,0.5786,0.3174,0.1345,0.5347,0.6266,0.630323,RMD,BRACKET_MEDIUM,false,true,0.4515912000000001,0.4230672,0.45513165999999994,,0.3985,false
EVT-EAR-0652,Succession Conflict of Ming & Qing Dynasties,1798,early_modern,war,East Asia,Ming & Qing Dynasties,CHR-EAR-0652,1150.9,0.618,0.886,0.2265,0.385,24.5,0.315,33.4,38,0.3723,84,17.1,0.4062,0.3475,0.2979,0.1259,0.2591,0.2144,0.249,-0.1331,0.5507,0.7025,0.729568,RMD,BRACKET_HIGH,false,false,0.55676352,0.38001071000000003,0.51023835,,0.3372,false
EVT-EAR-0653,Dynastic Disintegration of Kingdom of France (Bourbon),1683,early_modern,collapse,Western Europe,Kingdom of France (Bourbon),CHR-EAR-0653,2206.8,0.494,0.51,0.6489,0.468,30.8,0.388,40.3,39.5,0.4556,22.9,17,0.3116,0.5098,0.4132,0.0303,0.0639,0.2205,0.2475,-0.2893,0.4965,0.6865,0.678369,RMD,BRACKET_MEDIUM,false,true,0.5109195000000001,0.4189376,0.57295296,,0.4053,false
EVT-EAR-0654,Peasant Rebellion against Spanish Empire,1576,early_modern,revolution,Iberia / Americas,Spanish Empire,CHR-EAR-0654,1999.7,0.744,0.529,0.5148,0.227,42.4,0.3255,35.5,37.1,0.3895,60.9,19.8,0.3964,0.456,0.2769,0.0163,0.2325,0.1799,0.2323,-0.2761,0.6216,0.75,0.565047,CMN,BRACKET_BASE,false,true,0.56969344,0.39475373999999996,0.5634783,,0.3971,false
EVT-EAR-0655,Decentralization Wave across Kingdom of France (Bourbon),1710,early_modern,collapse,Western Europe,Kingdom of France (Bourbon),CHR-EAR-0655,1673.6,0.632,0.844,0.3697,0.266,34.5,0.3055,32,34.7,0.3374,35.4,14,0.3282,0.4036,0.2844,0,0.0707,0.0739,0.1665,-0.3297,0.5943,0.8047,0.462042,CMN,BRACKET_BASE,false,true,0.8561644000000002,0.55065765,0.86106624,,0.372,true
EVT-EAR-0656,Debt Crisis Settlement of Mughal Empire,1755,early_modern,economic,South Asia,Mughal Empire,CHR-EAR-0656,1732.8,0.759,0.795,0.3616,0.65,23.9,0.4445,33.3,38.8,0.376,28.2,20.3,0.3432,0.4444,0.3903,0.171,0.2447,0.2393,0.2979,-0.2051,0.3882,0.6605,0.520147,CMN,BRACKET_BASE,false,true,0.70872984,0.53043496,0.7660432,,0.3423,false
EVT-EAR-0657,Borderlands Pacification of Tokugawa Shogunate,1659,early_modern,war,Japan,Tokugawa Shogunate,CHR-EAR-0657,1722.6,0.74,0.305,0.5117,0.721,19.4,0.4575,31.3,39.6,0.3593,92.3,16.6,0.4105,0.4679,0.3693,0.2067,0.3468,0.5178,0.3817,0.0499,0.434,0.5662,0.63792,RMD,BRACKET_MEDIUM,false,true,0.46925429999999996,0.40408816000000003,0.45266742000000004,,0.3876,false
EVT-EAR-0658,Secular Legal Separation in Safavid Empire,1597,early_modern,religious,Persia,Safavid Empire,CHR-EAR-0658,1318.2,0.682,0.312,0.4226,0.462,48.1,0.4715,40.7,35.6,0.4365,81.3,23.2,0.4343,0.3982,0.3862,0.2127,0.384,0.6012,0.3965,0.203,0.2763,0.6091,0.635302,RMD,BRACKET_MEDIUM,false,true,0.5020879500000001,0.38911646,0.37775717,,0.3855,false
EVT-EAR-0659,Imperial Annexation War in Polish-Lithuanian Commonwealth,1635,early_modern,war,Eastern Europe,Polish-Lithuanian Commonwealth,CHR-EAR-0659,1109.6,0.65,0.833,0.2221,0.262,52.6,0.394,30.8,38.1,0.3449,63.2,9.2,0.3461,0.3294,0.255,0,0.0552,0.0347,0.1349,-0.2947,0.3364,0.7291,0.366544,CMN,BRACKET_BASE,false,true,0.9027499999999999,0.55475,0.842875,,0.3551,true
EVT-EAR-0660,Borderlands Pacification of Spanish Empire,1651,early_modern,war,Iberia / Americas,Spanish Empire,CHR-EAR-0660,1544.5,0.674,0.41,0.454,0.649,38.4,0.5165,40.5,37.1,0.4434,47.5,18.4,0.3714,0.3975,0.3135,0,0.1535,0.405,0.2539,0.0075,0.4391,0.5317,0.413497,CMN,BRACKET_BASE,false,true,0.73903484,0.57096234,0.69809382,,0.4079,false
EVT-EAR-0661,Epidemic Fever Outbreak across Kingdom of France (Bourbon),1788,early_modern,pandemic,Western Europe,Kingdom of France (Bourbon),CHR-EAR-0661,2011.7,0.708,0.195,0.6289,0.621,29.6,0.4585,41.3,33.9,0.4328,64.8,17.2,0.3879,0.5731,0.4953,0.0985,0.343,0.5114,0.4043,-0.0617,0.7967,0.6345,0.389066,CMN,BRACKET_BASE,false,true,0.75726115,0.52712304,0.7524234,,0.4013,false
EVT-EAR-0662,Radical Assembly Schism in Polish-Lithuanian Commonwealth,1645,early_modern,revolution,Eastern Europe,Polish-Lithuanian Commonwealth,CHR-EAR-0662,2274.5,0.489,0.578,0.6475,0.64,22.4,0.432,37.1,40.4,0.4266,31.1,12.6,0.3118,0.519,0.3654,0,0.168,0.4216,0.2948,-0.0974,0.5679,0.5987,0.451651,CMN,BRACKET_BASE,false,true,0.7412748200000001,0.6110524199999999,0.78533512,,0.3967,false
EVT-EAR-0663,Hydraulic Engineering Grid in Ming & Qing Dynasties,1793,early_modern,technological,East Asia,Ming & Qing Dynasties,CHR-EAR-0663,1604.6,0.536,0.458,0.4965,0.643,26.5,0.454,33.9,36.5,0.3687,42.4,11.2,0.3272,0.3321,0.3575,0.4731,0.5682,0.5094,0.4481,0.1773,0.1907,0.5755,0.520042,CMN,BRACKET_BASE,false,true,0.56229132,0.47107565999999995,0.6279732,,0.2776,false
EVT-EAR-0664,Debt Crisis Settlement of Kingdom of France (Bourbon),1731,early_modern,economic,Western Europe,Kingdom of France (Bourbon),CHR-EAR-0664,2153.6,0.716,0.702,0.511,0.444,20.5,0.3245,35.9,40.4,0.4136,50.6,8.1,0.3245,0.4654,0.4296,0.1956,0.2835,0.617,0.3982,0.1516,0.6159,0.6785,0.627607,CMN,BRACKET_BASE,false,true,0.5695592799999999,0.5614910399999999,0.65917575,,0.3997,false
EVT-EAR-0665,Strategic Siege of Polish-Lithuanian Commonwealth,1789,early_modern,war,Eastern Europe,Polish-Lithuanian Commonwealth,CHR-EAR-0665,2078.3,0.77,0.875,0.4235,0.565,30.3,0.434,30.6,35.9,0.3296,58.4,13.3,0.3609,0.3656,0.3194,0.1603,0.2845,0.4044,0.3068,0.0388,0.5976,0.6223,0.519406,CMN,BRACKET_BASE,false,true,0.7131384399999999,0.52712716,0.6702270300000001,,0.366,false
EVT-EAR-0666,Guild Monopoly Reform in Ottoman Empire,1639,early_modern,economic,Southeast Europe / Near East,Ottoman Empire,CHR-EAR-0666,1862,0.481,0.416,0.5921,0.285,12.5,0.205,36.4,38.4,0.407,78.2,20.7,0.419,0.4022,0.3537,0.0919,0.2274,0.3701,0.2891,-0.0321,0.552,0.6047,0.588542,CMN,BRACKET_BASE,false,true,0.76280908,0.54952128,0.7237034999999999,,0.3912,false
EVT-EAR-0667,Temple Bureaucracy Reorganization of Ming & Qing Dynasties,1600,early_modern,religious,East Asia,Ming & Qing Dynasties,CHR-EAR-0667,2162.2,0.521,0.851,0.527,0.463,54.3,0.503,32.9,41.6,0.3885,30.1,16.1,0.3269,0.4366,0.4143,0.285,0.4437,0.3829,0.3925,-0.0537,0.4043,0.5473,0.498061,CMN,BRACKET_BASE,false,true,0.57472724,0.52957645,0.70028224,,0.3214,false
EVT-EAR-0668,Maritime Hegemony Clash in Polish-Lithuanian Commonwealth,1508,early_modern,war,Eastern Europe,Polish-Lithuanian Commonwealth,CHR-EAR-0668,1433.3,0.739,0.89,0.2618,0.681,52.6,0.6035,38.4,37.7,0.4244,43.9,11.8,0.3327,0.4282,0.3823,0.1278,0.2497,0.1733,0.2723,-0.2549,0.458,0.6887,0.495326,CMN,BRACKET_BASE,false,true,0.743482,0.5510054400000001,0.83005186,,0.3517,true
EVT-EAR-0669,Succession Conflict of Kingdom of France (Bourbon),1528,early_modern,war,Western Europe,Kingdom of France (Bourbon),CHR-EAR-0669,904.5,0.589,0.81,0.1944,0.59,37.7,0.4835,32.6,35.3,0.3475,51.2,12,0.3449,0.3711,0.309,0.1439,0.3131,0.226,0.2726,-0.1451,0.3419,0.64,0.567918,CMN,BRACKET_BASE,false,true,0.743875,0.547125,0.7913749999999999,,0.3423,true
EVT-EAR-0670,Respiratory Virulence Wave across Tsardom & Russian Empire,1692,early_modern,pandemic,Northern Eurasia,Tsardom & Russian Empire,CHR-EAR-0670,1643.5,0.616,0.378,0.5066,0.421,19.6,0.3085,35.6,36.4,0.3864,56.1,8.4,0.3335,0.4195,0.3874,0.1354,0.3546,0.4144,0.3423,-0.0051,0.9376,0.6869,0.408876,CMN,BRACKET_BASE,false,true,0.80307072,0.54042565,0.73014292,,0.386,false
EVT-EAR-0671,Maritime Hegemony Clash in Ming & Qing Dynasties,1511,early_modern,war,East Asia,Ming & Qing Dynasties,CHR-EAR-0671,1723.7,0.601,0.357,0.5381,0.456,36.3,0.4095,33.8,39.8,0.3874,52.8,19.3,0.3836,0.3985,0.288,0.0324,0.2005,0.3593,0.2557,-0.0392,0.6145,0.6045,0.553315,CMN,BRACKET_BASE,false,true,0.51929836,0.39331292,0.48487011,,0.4026,false
EVT-EAR-0672,Peasant Rebellion against Portuguese Empire,1512,early_modern,revolution,Atlantic / Indian Ocean,Portuguese Empire,CHR-EAR-0672,1365.7,0.448,0.473,0.4568,0.487,51.2,0.4995,28.7,35.4,0.3061,81.5,15.3,0.395,0.5085,0.3622,0.0553,0.2991,0.3489,0.3148,-0.1596,0.7708,0.7195,0.511419,CMN,BRACKET_BASE,false,true,0.61568517,0.39953015000000003,0.5297319,,0.4042,false
EVT-EAR-0673,Judicial Standard Reform in Kingdom of France (Bourbon),1650,early_modern,transformation,Western Europe,Kingdom of France (Bourbon),CHR-EAR-0673,908,0.615,0.307,0.3384,0.694,17.9,0.4365,32.3,42.9,0.3899,87.9,10.6,0.377,0.2912,0.3612,0.2225,0.4458,0.5193,0.368,0.2281,0.104,0.6045,0.544186,CMN,BRACKET_BASE,false,true,0.64828608,0.53429397,0.47661119999999996,,0.3502,false
EVT-EAR-0674,Harbor Incursion Sickness in British Empire (Early),1627,early_modern,pandemic,British Isles / Global,British Empire (Early),CHR-EAR-0674,2339.9,0.453,0.342,0.746,0.842,15.9,0.5005,41.7,43,0.4917,76.6,22.2,0.425,0.5825,0.5549,0.2352,0.4321,0.4013,0.4412,-0.1812,0.7682,0.6592,0.639744,RMD,BRACKET_MEDIUM,false,true,0.39575445000000004,0.39989298,0.55791816,,0.384,false
EVT-EAR-0675,Canal Infrastructure Boom in Kingdom of France (Bourbon),1542,early_modern,economic,Western Europe,Kingdom of France (Bourbon),CHR-EAR-0675,1186.2,0.468,0.57,0.3754,0.63,13.9,0.3845,41.1,40.5,0.4702,26.2,13.8,0.3054,0.3637,0.313,0.1103,0.2899,0.3001,0.2754,-0.0636,0.3929,0.5781,0.504642,CMN,BRACKET_BASE,false,true,0.55424412,0.37995516,0.46862253,,0.3673,false
EVT-EAR-0676,Astronomical Standardization by British Empire (Early),1525,early_modern,technological,British Isles / Global,British Empire (Early),CHR-EAR-0676,1785.9,0.688,0.686,0.4293,0.681,16.3,0.422,34.5,34.1,0.3608,79,13.3,0.3828,0.3447,0.3651,0.4437,0.5858,0.5049,0.4488,0.1602,0.3337,0.6181,0.740464,RMD,BRACKET_HIGH,true,false,0.40686345,0.4724803,0.6311261199999999,,0.2823,false
EVT-EAR-0677,Synod Monotheistic Mandate in Tsardom & Russian Empire,1612,early_modern,religious,Northern Eurasia,Tsardom & Russian Empire,CHR-EAR-0677,2071.6,0.438,0.67,0.5829,0.341,51.4,0.4275,31.3,37.1,0.3443,52.9,12.9,0.3517,0.4642,0.5057,0.3282,0.5005,0.5051,0.4607,0.0409,0.296,0.5229,0.750843,RMD,BRACKET_HIGH,true,false,0.37687499999999996,0.5567500000000001,0.6901250000000001,,0.3376,true
EVT-EAR-0678,Mechanical Power Harnessing in British Empire (Early),1754,early_modern,technological,British Isles / Global,British Empire (Early),CHR-EAR-0678,1206.1,0.515,0.442,0.4048,0.235,22.2,0.2285,28.1,40.7,0.3314,51.4,19.7,0.3837,0.2593,0.3085,0.42,0.5587,0.4909,0.4075,0.2316,0.3501,0.6979,0.705369,RMD,BRACKET_HIGH,false,false,0.42328577999999994,0.3772626,0.44489927999999995,,0.2909,false
EVT-EAR-0679,Urban Quarantine Emergency in Tsardom & Russian Empire,1700,early_modern,pandemic,Northern Eurasia,Tsardom & Russian Empire,CHR-EAR-0679,1842.7,0.713,0.384,0.5271,0.246,42.1,0.3335,35.4,32,0.3578,73.2,20.1,0.4113,0.4728,0.4287,0.0733,0.2787,0.2906,0.3088,-0.1822,0.8858,0.7671,0.585925,CMN,BRACKET_BASE,false,true,0.52278904,0.384048,0.52862418,,0.3955,false
EVT-EAR-0680,Treaty System Implementation across Tokugawa Shogunate,1773,early_modern,transformation,Japan,Tokugawa Shogunate,CHR-EAR-0680,2230.4,0.569,0.719,0.5698,0.74,12.9,0.4345,35,34.1,0.3661,31.6,14.5,0.3224,0.3226,0.3431,0.2577,0.475,0.539,0.3875,0.2164,0.1075,0.5682,0.555585,CMN,BRACKET_BASE,false,true,0.67678085,0.53117136,0.47258064000000005,,0.3409,false
EVT-EAR-0681,Imperial Unification of Mughal Empire,1781,early_modern,transformation,South Asia,Mughal Empire,CHR-EAR-0681,1056.1,0.483,0.541,0.346,0.339,24.6,0.2925,29.3,35.5,0.3132,63.2,15.2,0.3761,0.2595,0.3039,0.2326,0.4132,0.4884,0.3395,0.2289,0.114,0.6394,0.507556,CMN,BRACKET_BASE,false,true,0.70523471,0.52494624,0.46351872,,0.3298,false
EVT-EAR-0682,Urban Quarantine Emergency in Ottoman Empire,1768,early_modern,pandemic,Southeast Europe / Near East,Ottoman Empire,CHR-EAR-0682,1372,0.709,0.113,0.4881,0.678,19.2,0.435,30.2,32,0.3018,55.8,11.9,0.3506,0.4809,0.4034,0,0.2222,0.51,0.3233,0.0291,0.8766,0.6811,0.334179,CMN,BRACKET_BASE,false,true,0.98341341,0.6148750000000001,0.7695000000000001,,0.3924,false
EVT-EAR-0683,Sanitation & Medical Breakthrough in Ming & Qing Dynasties,1584,early_modern,technological,East Asia,Ming & Qing Dynasties,CHR-EAR-0683,2353.7,0.486,0.243,0.7694,0.524,29.9,0.4115,30.3,37.9,0.3383,32.4,13.5,0.3193,0.3678,0.4216,0.4719,0.5337,0.6283,0.4847,0.2605,0.4183,0.6474,0.42807,CMN,BRACKET_BASE,false,true,0.7847500000000001,0.54425,0.668125,,0.3047,false
EVT-EAR-0684,Sanitation & Medical Breakthrough in Tsardom & Russian Empire,1581,early_modern,technological,Northern Eurasia,Tsardom & Russian Empire,CHR-EAR-0684,1884.8,0.562,0.234,0.6282,0.246,23.7,0.2415,35.7,38.6,0.4007,35.2,8.4,0.2998,0.3287,0.3495,0.4662,0.5578,0.5252,0.4455,0.1965,0.1871,0.5923,0.792901,RMD,BRACKET_HIGH,true,false,0.34329375,0.49086399999999997,0.64213872,,0.2786,false
EVT-EAR-0685,Agricultural Plague Wave in Portuguese Empire,1600,early_modern,pandemic,Atlantic / Indian Ocean,Portuguese Empire,CHR-EAR-0685,2250.2,0.693,0.499,0.6037,0.703,23,0.4665,35.6,35.8,0.3828,89.2,10.3,0.3766,0.4842,0.4353,0.1164,0.3448,0.3982,0.3558,-0.086,0.8639,0.6745,0.708926,RMD,BRACKET_HIGH,false,false,0.6274916700000001,0.575875,0.8376250000000001,,0.3985,false
EVT-EAR-0686,Strategic Siege of British Empire (Early),1659,early_modern,war,British Isles / Global,British Empire (Early),CHR-EAR-0686,865.4,0.588,0.869,0.1669,0.674,31.7,0.4955,30.4,34.2,0.3172,23.5,19.6,0.3265,0.4062,0.3021,0.0093,0.1171,0.5029,0.2675,0.0967,0.6277,0.6922,0.583989,CMN,BRACKET_BASE,false,true,0.58160368,0.4196682,0.46794726999999997,,0.4025,false
EVT-EAR-0687,Judicial Standard Reform in British Empire (Early),1556,early_modern,transformation,British Isles / Global,British Empire (Early),CHR-EAR-0687,1392.9,0.59,0.568,0.3927,0.219,37.2,0.2955,39.8,37.8,0.44,46.5,10,0.3279,0.2624,0.3144,0.2178,0.3481,0.4332,0.3152,0.1708,0.1688,0.5952,0.790161,RMD,BRACKET_HIGH,true,false,0.36949896,0.37779371999999994,0.3501302,,0.3201,false
EVT-EAR-0688,Silver Flotilla Currency Shock in British Empire (Early),1797,early_modern,economic,British Isles / Global,British Empire (Early),CHR-EAR-0688,1967.5,0.53,0.729,0.5107,0.743,43.9,0.591,30.8,36.6,0.3359,74.7,8.7,0.3557,0.5124,0.424,0.1884,0.3566,0.6972,0.4357,0.1848,0.3548,0.6029,0.824824,RMD,BRACKET_HIGH,true,false,0.43151242,0.51687677,0.62674701,,0.4019,false
EVT-EAR-0689,Temple Bureaucracy Reorganization of Polish-Lithuanian Commonwealth,1556,early_modern,religious,Eastern Europe,Polish-Lithuanian Commonwealth,CHR-EAR-0689,1592.2,0.694,0.823,0.3364,0.64,25.4,0.447,30.4,32.3,0.3058,48.5,12.3,0.3425,0.3511,0.3853,0.2432,0.4047,0.3893,0.3547,0.0382,0.4072,0.589,0.452624,CMN,BRACKET_BASE,false,true,0.75525269,0.5413749999999999,0.70175,,0.3209,true
EVT-EAR-0690,Guild Monopoly Reform in Tokugawa Shogunate,1630,early_modern,economic,Japan,Tokugawa Shogunate,CHR-EAR-0690,2271.6,0.535,0.275,0.7239,0.655,49.2,0.5735,41,36,0.4422,49.5,20.2,0.3834,0.5636,0.4865,0.256,0.3741,0.4917,0.4344,-0.0719,0.4803,0.528,0.804806,RMD,BRACKET_HIGH,true,false,0.30370559999999996,0.40737564000000004,0.5049567,,0.3856,false
EVT-EAR-0691,Imperial Annexation War in Portuguese Empire,1669,early_modern,war,Atlantic / Indian Ocean,Portuguese Empire,CHR-EAR-0691,1099.7,0.551,0.165,0.4496,0.319,21.7,0.268,36.6,41.9,0.4302,58.4,10.1,0.3449,0.3972,0.331,0,0.1091,0.3742,0.2423,-0.023,0.6411,0.6305,0.459854,CMN,BRACKET_BASE,false,true,0.78732576,0.5700695,0.73791801,,0.4087,false
EVT-EAR-0692,Urban Quarantine Emergency in Tsardom & Russian Empire,1743,early_modern,pandemic,Northern Eurasia,Tsardom & Russian Empire,CHR-EAR-0692,1321.3,0.465,0.864,0.3229,0.824,18.7,0.5055,30.2,39.2,0.345,94.4,23.9,0.4487,0.4599,0.4142,0,0.1117,0.1024,0.2176,-0.3575,0.7149,0.8258,0.52929,CMN,BRACKET_BASE,false,true,0.71280442,0.58018776,0.90072608,,0.3908,true
EVT-EAR-0693,Peasant Rebellion against Portuguese Empire,1683,early_modern,revolution,Atlantic / Indian Ocean,Portuguese Empire,CHR-EAR-0693,2042.3,0.671,0.686,0.5006,0.426,49.1,0.4585,37.2,42.6,0.4408,19.3,15.4,0.2913,0.4296,0.2952,0.0905,0.309,0.4507,0.315,0.0211,0.5719,0.5744,0.547853,CMN,BRACKET_BASE,false,true,0.6041088,0.39760406,0.464277,,0.4018,false
EVT-EAR-0694,Secular Legal Separation in Kingdom of France (Bourbon),1766,early_modern,religious,Western Europe,Kingdom of France (Bourbon),CHR-EAR-0694,2219.1,0.539,0.728,0.5732,0.259,17.8,0.2185,41.7,40.7,0.4779,60.6,14.1,0.3676,0.3659,0.4076,0.3013,0.3524,0.5596,0.3974,0.1937,0.417,0.6484,0.517153,CMN,BRACKET_BASE,false,true,0.7044045,0.547625,0.610125,,0.3342,false
EVT-EAR-0695,Radical Assembly Schism in Tokugawa Shogunate,1525,early_modern,revolution,Japan,Tokugawa Shogunate,CHR-EAR-0695,2208,0.619,0.593,0.5869,0.533,20.3,0.368,30.4,42.9,0.3694,67.3,19.6,0.4027,0.5307,0.3531,0,0.1218,0.7182,0.3448,0.1875,0.7886,0.7298,0.698133,RMD,BRACKET_MEDIUM,false,false,0.53329094,0.46724316000000005,0.4743765,,0.4099,false
EVT-EAR-0696,Temple Bureaucracy Reorganization of Polish-Lithuanian Commonwealth,1648,early_modern,religious,Eastern Europe,Polish-Lithuanian Commonwealth,CHR-EAR-0696,1173.8,0.654,0.314,0.3932,0.23,15.4,0.192,30.8,37.2,0.3395,43.7,15.1,0.3489,0.3398,0.3729,0.2858,0.4476,0.3298,0.3552,-0.01,0.2601,0.5617,0.666709,RMD,BRACKET_MEDIUM,false,true,0.5228025000000001,0.36970296,0.42203793,,0.2776,false
EVT-EAR-0697,Grain Market Price Shock across Polish-Lithuanian Commonwealth,1798,early_modern,economic,Eastern Europe,Polish-Lithuanian Commonwealth,CHR-EAR-0697,2167.4,0.434,0.889,0.5431,0.59,15.7,0.3735,38.1,40.7,0.4391,87.9,9.1,0.3695,0.4158,0.3419,0.1103,0.1712,0.1933,0.2465,-0.2225,0.5147,0.6755,0.526204,CMN,BRACKET_BASE,false,true,0.84408444,0.5609999999999999,0.8688750000000001,,0.3547,true
EVT-EAR-0698,Monastic Network Expansion of Ottoman Empire,1602,early_modern,religious,Southeast Europe / Near East,Ottoman Empire,CHR-EAR-0698,872.5,0.518,0.102,0.4198,0.585,15.2,0.3685,34.6,34.8,0.366,91.5,10.1,0.3774,0.3401,0.3169,0.1618,0.3243,0.3468,0.298,0.0067,0.2593,0.5253,0.607257,CMN,BRACKET_BASE,false,true,0.5979792599999999,0.46017939,0.6109104000000001,,0.3475,false
EVT-EAR-0699,Judicial Standard Reform in British Empire (Early),1600,early_modern,transformation,British Isles / Global,British Empire (Early),CHR-EAR-0699,2258.6,0.656,0.271,0.6854,0.257,37,0.3135,34.7,40.8,0.4031,90.2,16.5,0.4084,0.3988,0.4391,0.3151,0.4703,0.6056,0.4458,0.2068,0.3334,0.6147,0.64754,RMD,BRACKET_MEDIUM,false,true,0.5879212,0.54289017,0.55482936,,0.3475,false
EVT-EAR-0700,Astronomical Standardization by Safavid Empire,1781,early_modern,technological,Persia,Safavid Empire,CHR-EAR-0700,1312.7,0.585,0.464,0.4047,0.249,39.6,0.3225,29.5,34.2,0.3075,69.3,16.6,0.3898,0.3008,0.325,0.3718,0.4911,0.5583,0.4094,0.2575,0.3157,0.6928,0.57905,CMN,BRACKET_BASE,false,true,0.52869564,0.37762185,0.38033687000000005,,0.3123,false
EVT-EAR-0701,Agricultural Plague Wave in Tsardom & Russian Empire,1763,early_modern,pandemic,Northern Eurasia,Tsardom & Russian Empire,CHR-EAR-0701,1988.5,0.751,0.399,0.5488,0.447,34,0.3935,40.6,42.9,0.4792,53.8,18.3,0.38,0.4854,0.4419,0.1175,0.3555,0.3566,0.3514,-0.1288,0.6113,0.6392,0.325532,CMN,BRACKET_BASE,false,true,0.79763214,0.56068875,0.8010516799999999,,0.3948,false
EVT-EAR-0702,Orthodoxy & Heresy Trial Wave in Polish-Lithuanian Commonwealth,1687,early_modern,religious,Eastern Europe,Polish-Lithuanian Commonwealth,CHR-EAR-0702,2247.5,0.472,0.283,0.7341,0.789,49,0.6395,34.2,35.6,0.3665,40.9,20.8,0.3726,0.4829,0.4578,0.2688,0.3561,0.6806,0.4492,0.1977,0.2906,0.5484,0.755575,RMD,BRACKET_HIGH,true,false,0.44084120000000004,0.40884048,0.39785396,,0.394,false
EVT-EAR-0703,Hydraulic Engineering Grid in Ottoman Empire,1544,early_modern,technological,Southeast Europe / Near East,Ottoman Empire,CHR-EAR-0703,939.6,0.563,0.73,0.2352,0.648,41,0.529,28.8,36.9,0.3162,23.1,10.3,0.2788,0.2773,0.3293,0.3786,0.4448,0.4132,0.3686,0.1359,0.1573,0.5807,0.749954,RMD,BRACKET_HIGH,true,false,0.44155538,0.5208918,0.6250654800000001,,0.2674,false
EVT-EAR-0704,Urban Quarantine Emergency in Tokugawa Shogunate,1575,early_modern,pandemic,Japan,Tokugawa Shogunate,CHR-EAR-0704,1313.7,0.679,0.896,0.2472,0.261,35.1,0.306,37.8,40.7,0.4359,44,10.6,0.3269,0.4206,0.3783,0.07,0.19,0.1674,0.2453,-0.2532,0.8736,0.8368,0.499539,CMN,BRACKET_BASE,false,true,0.6596228,0.38953064,0.56610216,,0.3702,false
EVT-EAR-0705,Fiscal Default Crisis in British Empire (Early),1691,early_modern,collapse,British Isles / Global,British Empire (Early),CHR-EAR-0705,880.7,0.668,0.403,0.2866,0.831,46.9,0.65,33.3,37.8,0.37,83.9,11.9,0.3801,0.5518,0.436,0.1654,0.244,0.1647,0.3124,-0.3871,0.5196,0.7729,0.853331,RMD,BRACKET_HIGH,true,false,0.48176568,0.3973185,0.6001325,,0.368,false
EVT-EAR-0706,Debt Crisis Settlement of Polish-Lithuanian Commonwealth,1738,early_modern,economic,Eastern Europe,Polish-Lithuanian Commonwealth,CHR-EAR-0706,1352.5,0.641,0.243,0.4645,0.625,44.4,0.5345,37.9,42.1,0.4454,31.8,18.7,0.3439,0.519,0.4707,0.3005,0.4166,0.4227,0.4259,-0.0963,0.59,0.6128,0.624283,CMN,BRACKET_BASE,false,true,0.6367662,0.47507189999999994,0.7354305600000001,,0.3412,false
EVT-EAR-0707,Maritime Hegemony Clash in Kingdom of France (Bourbon),1551,early_modern,war,Western Europe,Kingdom of France (Bourbon),CHR-EAR-0707,1485.8,0.517,0.382,0.4944,0.675,14.7,0.411,39.7,41.3,0.46,81.4,22.6,0.4314,0.5032,0.4627,0.2977,0.4842,0.3912,0.4278,-0.112,0.3298,0.5681,0.618334,CMN,BRACKET_BASE,false,true,0.5927526000000001,0.5490278399999999,0.7375634999999999,,0.3397,false
EVT-EAR-0708,Military Coup d’État in Polish-Lithuanian Commonwealth,1522,early_modern,revolution,Eastern Europe,Polish-Lithuanian Commonwealth,CHR-EAR-0708,2240.7,0.602,0.4,0.6583,0.805,15.5,0.48,31.1,35.1,0.3301,28.9,10.3,0.295,0.5027,0.3322,0,0.2172,0.2549,0.2614,-0.2478,0.4624,0.6592,0.597019,CMN,BRACKET_BASE,false,true,0.48845409999999995,0.40269924,0.5526213,,0.4058,false
EVT-EAR-0709,Temple Bureaucracy Reorganization of Safavid Empire,1764,early_modern,religious,Persia,Safavid Empire,CHR-EAR-0709,1450.4,0.443,0.144,0.5788,0.386,34.1,0.3635,35.2,37.3,0.3875,39.3,23.6,0.3837,0.3876,0.3665,0.2645,0.4155,0.5527,0.3974,0.1651,0.2497,0.5821,0.824942,RMD,BRACKET_HIGH,true,false,0.27552612000000004,0.3764915,0.36214086,,0.3552,false
EVT-EAR-0710,Educational Charter of Safavid Empire,1517,early_modern,transformation,Persia,Safavid Empire,CHR-EAR-0710,1048.4,0.49,0.475,0.3617,0.547,37.4,0.4605,38.7,34.9,0.4108,56.4,14.9,0.3664,0.3093,0.3384,0.2826,0.46,0.4359,0.3652,0.1266,0.3795,0.6083,0.593244,CMN,BRACKET_BASE,false,true,0.56824991,0.38232612,0.39922442999999996,,0.3039,false
EVT-EAR-0711,Fiscal Default Crisis in Ming & Qing Dynasties,1562,early_modern,collapse,East Asia,Ming & Qing Dynasties,CHR-EAR-0711,2109,0.44,0.203,0.732,0.351,45.1,0.401,39.6,42.2,0.4643,50.1,16.2,0.3643,0.5809,0.5113,0.2623,0.3457,0.3441,0.4089,-0.2368,0.5166,0.6474,0.746461,RMD,BRACKET_HIGH,true,false,0.44810249,0.39493215000000004,0.5523715400000001,,0.3554,false
EVT-EAR-0712,Printing & Communications Diffusion in Ming & Qing Dynasties,1669,early_modern,technological,East Asia,Ming & Qing Dynasties,CHR-EAR-0712,1531.1,0.568,0.25,0.5304,0.335,29.9,0.317,39.7,34.8,0.421,51.3,13.5,0.3525,0.3083,0.3447,0.3878,0.4907,0.5207,0.4104,0.2124,0.4078,0.6564,0.750105,RMD,BRACKET_HIGH,true,false,0.4171759199999999,0.5200015,0.6132887399999999,,0.2961,false
EVT-EAR-0713,Succession Conflict of Tsardom & Russian Empire,1725,early_modern,war,Northern Eurasia,Tsardom & Russian Empire,CHR-EAR-0713,1153.2,0.421,0.242,0.4793,0.336,39.7,0.3665,38.7,42.3,0.4552,66,16.2,0.3843,0.408,0.3252,0.147,0.3281,0.1271,0.2671,-0.2809,0.482,0.707,0.483468,CMN,BRACKET_BASE,false,true,0.58574428,0.37953772,0.5409387200000001,,0.3527,false
EVT-EAR-0714,Navigational Instrument Reform in British Empire (Early),1608,early_modern,technological,British Isles / Global,British Empire (Early),CHR-EAR-0714,1154.6,0.477,0.238,0.4641,0.266,46.5,0.3655,36.3,42.1,0.4281,68.9,12.8,0.3704,0.3479,0.3836,0.4707,0.5425,0.707,0.4903,0.3591,0.469,0.7525,0.572494,CMN,BRACKET_BASE,false,true,0.550449,0.47487384,0.5769403200000001,,0.3301,false
EVT-EAR-0715,Territorial Rupture of Kingdom of France (Bourbon),1540,early_modern,collapse,Western Europe,Kingdom of France (Bourbon),CHR-EAR-0715,1263.1,0.742,0.307,0.3919,0.444,34.6,0.395,41.3,39.7,0.4676,63.7,24,0.4207,0.5534,0.4813,0.2105,0.308,0.2692,0.3645,-0.2842,0.7166,0.7744,0.462222,CMN,BRACKET_BASE,false,true,0.6988884000000001,0.5509955000000001,0.8771891,,0.357,false
EVT-EAR-0716,Coalition Defense of Polish-Lithuanian Commonwealth,1753,early_modern,war,Eastern Europe,Polish-Lithuanian Commonwealth,CHR-EAR-0716,2062.1,0.647,0.481,0.5744,0.264,16.1,0.2125,41.4,36.8,0.4513,62,19.1,0.3942,0.431,0.3366,0.0417,0.1416,0.5608,0.3023,0.1298,0.3753,0.6082,0.586095,CMN,BRACKET_BASE,false,true,0.49948008,0.42034566,0.43944960000000005,,0.4019,false
EVT-EAR-0717,Frontier Campaign of Tsardom & Russian Empire,1656,early_modern,war,Northern Eurasia,Tsardom & Russian Empire,CHR-EAR-0717,1853.4,0.614,0.577,0.5016,0.288,34.5,0.3165,30.4,40.8,0.3568,57.2,18.7,0.3864,0.4215,0.355,0.1384,0.2405,0.2486,0.2808,-0.1729,0.6098,0.6996,0.54362,CMN,BRACKET_BASE,false,true,0.62548695,0.38599275,0.53306165,,0.3545,false
EVT-EAR-0718,Hydraulic Engineering Grid in Ming & Qing Dynasties,1646,early_modern,technological,East Asia,Ming & Qing Dynasties,CHR-EAR-0718,1919,0.576,0.452,0.5675,0.702,46.5,0.5835,30.9,38.6,0.349,91.9,21.6,0.4352,0.4427,0.498,0.5834,0.6663,0.5826,0.5546,0.1399,0.4453,0.5919,0.853522,RMD,BRACKET_HIGH,true,false,0.31083171,0.37840965,0.47877008,,0.2748,false
EVT-EAR-0719,Institutional Dissolution of Ottoman Empire,1626,early_modern,collapse,Southeast Europe / Near East,Ottoman Empire,CHR-EAR-0719,2191.8,0.719,0.215,0.6661,0.488,33.7,0.4125,37.9,32.4,0.3872,30.2,18.8,0.3407,0.5404,0.4884,0.2659,0.3093,0.1888,0.3586,-0.3516,0.4995,0.7249,0.773152,RMD,BRACKET_HIGH,true,false,0.34071789,0.38943730000000004,0.5735016000000001,,0.3476,false
EVT-EAR-0720,Synod Monotheistic Mandate in Polish-Lithuanian Commonwealth,1754,early_modern,religious,Eastern Europe,Polish-Lithuanian Commonwealth,CHR-EAR-0720,983.7,0.719,0.9,0.1488,0.587,40.3,0.495,37.2,40.9,0.4306,34.3,15,0.3309,0.3582,0.3429,0.1997,0.3641,0.5988,0.3727,0.2406,0.3662,0.6903,0.60495,CMN,BRACKET_BASE,false,true,0.51232464,0.48339704999999994,0.5569019199999999,,0.3817,false
EVT-EAR-0721,Strategic Siege of Ottoman Empire,1557,early_modern,war,Southeast Europe / Near East,Ottoman Empire,CHR-EAR-0721,1263.3,0.461,0.832,0.3188,0.284,19.6,0.24,35.6,36.4,0.3864,79.7,9.5,0.3644,0.3887,0.2898,0.0654,0.1739,0.1202,0.2076,-0.2685,0.572,0.7762,0.652532,RMD,BRACKET_MEDIUM,false,true,0.58049979,0.47712192000000003,0.8019648,,0.3534,false
EVT-EAR-0722,Respiratory Virulence Wave across Spanish Empire,1737,early_modern,pandemic,Iberia / Americas,Spanish Empire,CHR-EAR-0722,2354.3,0.75,0.464,0.624,0.784,54.4,0.664,30.6,41.8,0.365,75.4,17.7,0.4014,0.5964,0.526,0.1154,0.2638,0.3682,0.374,-0.2282,0.7024,0.6809,0.548184,CMN,BRACKET_BASE,false,true,0.7818749999999999,0.607875,0.92025,,0.4069,false
EVT-EAR-0723,Monastic Network Expansion of Ottoman Empire,1677,early_modern,religious,Southeast Europe / Near East,Ottoman Empire,CHR-EAR-0723,1038.3,0.778,0.588,0.2388,0.324,20.4,0.264,37.7,34.3,0.3964,71.1,22.5,0.4211,0.2941,0.3323,0.1423,0.2694,0.3906,0.2857,0.0965,0.5256,0.6786,0.713813,RMD,BRACKET_HIGH,false,false,0.6046790400000001,0.45550822,0.60186581,,0.358,false
EVT-EAR-0724,Imperial Unification of Tsardom & Russian Empire,1755,early_modern,transformation,Northern Eurasia,Tsardom & Russian Empire,CHR-EAR-0724,1791.6,0.577,0.378,0.5565,0.361,53,0.4455,33,32.6,0.3356,27.6,10.7,0.2937,0.3055,0.3759,0.2836,0.4122,0.57,0.3894,0.2645,0.1305,0.6048,0.872177,RMD,BRACKET_HIGH,true,false,0.27901899999999996,0.38828647000000005,0.31895663,,0.3387,false
EVT-EAR-0725,Civic Restoration Revolt in Polish-Lithuanian Commonwealth,1799,early_modern,revolution,Eastern Europe,Polish-Lithuanian Commonwealth,CHR-EAR-0725,1888.2,0.525,0.767,0.4803,0.456,18.9,0.3225,29.1,42.3,0.3518,25.4,19.7,0.3326,0.4094,0.2981,0.0469,0.2309,0.4067,0.2784,-0.0027,0.4975,0.5826,0.538653,CMN,BRACKET_BASE,false,true,0.6394563799999999,0.55695199,0.70051176,,0.4036,false
EVT-EAR-0726,Monastic Network Expansion of Kingdom of France (Bourbon),1772,early_modern,religious,Western Europe,Kingdom of France (Bourbon),CHR-EAR-0726,2234,0.779,0.346,0.6197,0.229,42.2,0.3255,39.8,33.3,0.413,36,16.6,0.3424,0.3808,0.3923,0.2394,0.347,0.2437,0.3206,-0.1371,0.5054,0.6267,0.411069,CMN,BRACKET_BASE,false,true,0.5662207199999999,0.37501752,0.50188938,,0.3066,false
EVT-EAR-0727,Secular Legal Separation in Ming & Qing Dynasties,1534,early_modern,religious,East Asia,Ming & Qing Dynasties,CHR-EAR-0727,2088,0.724,0.424,0.5751,0.814,20.4,0.509,28,34,0.2902,56.5,18.6,0.385,0.4197,0.4337,0.35,0.5142,0.3514,0.4138,-0.0683,0.4128,0.5639,0.595829,CMN,BRACKET_BASE,false,true,0.43470046,0.37915983000000003,0.46664699000000004,,0.2866,false
EVT-EAR-0728,Metallurgical Innovation Surge in British Empire (Early),1529,early_modern,technological,British Isles / Global,British Empire (Early),CHR-EAR-0728,2048.9,0.486,0.156,0.7168,0.606,23.3,0.4195,35.7,32.8,0.3659,63.1,14.9,0.3745,0.3841,0.4057,0.512,0.6111,0.7173,0.526,0.3332,0.3145,0.6632,0.665047,RMD,BRACKET_MEDIUM,false,true,0.49960541,0.47268756000000006,0.56082252,,0.324,false
EVT-EAR-0729,Borderlands Pacification of Mughal Empire,1789,early_modern,war,South Asia,Mughal Empire,CHR-EAR-0729,2190.2,0.697,0.734,0.5166,0.819,42.2,0.6205,28.7,34.3,0.2995,79.5,19.3,0.4132,0.4506,0.3949,0.1138,0.2555,0.3279,0.3085,-0.1227,0.4842,0.6018,0.453281,CMN,BRACKET_BASE,false,true,0.7288981999999999,0.56196844,0.78050139,,0.3881,true
EVT-EAR-0730,Military Coup d’État in Ottoman Empire,1529,early_modern,revolution,Southeast Europe / Near East,Ottoman Empire,CHR-EAR-0730,1424.5,0.51,0.541,0.433,0.733,51.7,0.625,34.9,42.2,0.4137,24.2,21.7,0.3391,0.5409,0.4124,0.0875,0.234,0.4728,0.3495,-0.0681,0.6971,0.6203,0.685495,RMD,BRACKET_MEDIUM,false,false,0.53410381,0.42046312,0.5152264900000001,,0.4054,false
EVT-EAR-0731,Mercantile Tariff Overhaul across Polish-Lithuanian Commonwealth,1677,early_modern,economic,Eastern Europe,Polish-Lithuanian Commonwealth,CHR-EAR-0731,1800.3,0.479,0.702,0.4909,0.834,16.1,0.4975,28.3,36.4,0.3078,28.8,16.8,0.3272,0.4143,0.3417,0.2087,0.3002,0.4572,0.3444,0.0429,0.2533,0.5221,0.655257,RMD,BRACKET_MEDIUM,false,true,0.42788352,0.47242364000000003,0.5971756,,0.368,false
EVT-EAR-0732,Fiscal Modernization in British Empire (Early),1601,early_modern,transformation,British Isles / Global,British Empire (Early),CHR-EAR-0732,1005.9,0.442,0.293,0.4197,0.835,34.8,0.5915,32.5,41.1,0.3812,59.3,22.9,0.41,0.3386,0.3879,0.3092,0.5251,0.6228,0.4367,0.2842,0.2819,0.6451,0.598755,CMN,BRACKET_BASE,false,true,0.59545272,0.5381376,0.5085474,,0.3447,false
EVT-EAR-0733,Maritime Trade Hub Expansion in British Empire (Early),1503,early_modern,economic,British Isles / Global,British Empire (Early),CHR-EAR-0733,1721.7,0.462,0.701,0.4761,0.669,31.6,0.4925,37.4,33.5,0.3884,75.5,17.5,0.4005,0.4998,0.4164,0.2865,0.4314,0.4609,0.419,-0.0389,0.338,0.532,0.508158,CMN,BRACKET_BASE,false,true,0.3906561,0.37618463999999996,0.44688201999999994,,0.3526,false
EVT-EAR-0734,Agrarian Insurgency in Spanish Empire,1501,early_modern,revolution,Iberia / Americas,Spanish Empire,CHR-EAR-0734,1471.9,0.602,0.507,0.4278,0.762,33.1,0.5465,29,35.7,0.3111,22.9,20.3,0.3281,0.4587,0.2926,0.074,0.3519,0.2296,0.2814,-0.2291,0.7064,0.7375,0.396063,CMN,BRACKET_BASE,false,true,0.8563750000000001,0.5667500000000001,0.895375,,0.3965,true
EVT-EAR-0735,Astronomical Standardization by Portuguese Empire,1560,early_modern,technological,Atlantic / Indian Ocean,Portuguese Empire,CHR-EAR-0735,1475.5,0.668,0.862,0.3024,0.812,45.7,0.6345,32.5,39.7,0.3728,93.8,15.9,0.4082,0.3761,0.4162,0.5152,0.6021,0.5686,0.4956,0.1925,0.3709,0.6302,0.626274,CMN,BRACKET_BASE,false,true,0.5469101599999999,0.4856364000000001,0.68243432,,0.2757,false
EVT-EAR-0736,Radical Assembly Schism in Tsardom & Russian Empire,1555,early_modern,revolution,Northern Eurasia,Tsardom & Russian Empire,CHR-EAR-0736,2001.5,0.772,0.212,0.602,0.734,22.9,0.4815,39.9,32.6,0.4099,94.6,18.8,0.4233,0.5452,0.4487,0.1962,0.3023,0.4167,0.3818,-0.1285,0.59,0.6229,0.418693,CMN,BRACKET_BASE,false,true,0.57694133,0.4875804,0.7541686000000001,,0.3893,false
EVT-EAR-0737,Imperial Annexation War in Portuguese Empire,1559,early_modern,war,Atlantic / Indian Ocean,Portuguese Empire,CHR-EAR-0737,1217.1,0.667,0.281,0.4103,0.46,25.8,0.359,35,32.7,0.3577,58.2,14.2,0.3652,0.4207,0.3033,0.0895,0.1797,0.1783,0.2343,-0.2424,0.4471,0.7036,0.505008,CMN,BRACKET_BASE,false,true,0.57430344,0.3782162,0.52279083,,0.3601,false
EVT-EAR-0738,Peasant Rebellion against Spanish Empire,1503,early_modern,revolution,Iberia / Americas,Spanish Empire,CHR-EAR-0738,2346.6,0.723,0.592,0.5917,0.755,18,0.4675,30.2,37,0.3318,55.3,11,0.3455,0.4221,0.3339,0,0.219,0.5216,0.2993,0.0995,0.6743,0.6437,0.424344,CMN,BRACKET_BASE,false,true,0.897375,0.60275,0.7601249999999999,,0.3938,false
EVT-EAR-0739,Frontier Fragmentation of Mughal Empire,1743,early_modern,collapse,South Asia,Mughal Empire,CHR-EAR-0739,1836.9,0.629,0.305,0.5745,0.492,45.5,0.4735,34.3,34.7,0.3622,72.1,14,0.3797,0.5814,0.5028,0.13,0.2135,0.3168,0.3489,-0.2646,0.7047,0.7375,0.513945,CMN,BRACKET_BASE,false,true,0.56650587,0.42040285,0.59096048,,0.3995,false
EVT-EAR-0740,Temple Bureaucracy Reorganization of Tsardom & Russian Empire,1680,early_modern,religious,Northern Eurasia,Tsardom & Russian Empire,CHR-EAR-0740,1970.1,0.704,0.869,0.4172,0.506,46.3,0.4845,30.4,34.4,0.3184,55.4,17.2,0.3766,0.449,0.4229,0.2369,0.4004,0.4199,0.3858,-0.0291,0.4469,0.5744,0.450356,CMN,BRACKET_BASE,false,true,0.7360483,0.5355077399999999,0.7008703000000001,,0.3548,false
EVT-EAR-0741,Administrative Codification of Kingdom of France (Bourbon),1517,early_modern,transformation,Western Europe,Kingdom of France (Bourbon),CHR-EAR-0741,2267.7,0.615,0.852,0.5258,0.747,15.4,0.4505,39,40.7,0.4488,87.8,17.3,0.4104,0.3409,0.4168,0.3273,0.5578,0.5832,0.4452,0.2423,0.334,0.6306,0.834663,RMD,BRACKET_HIGH,true,false,0.35812608,0.47395737999999993,0.50167923,,0.3348,false
EVT-EAR-0742,Maritime Trade Hub Expansion in Ming & Qing Dynasties,1652,early_modern,economic,East Asia,Ming & Qing Dynasties,CHR-EAR-0742,1586.5,0.485,0.38,0.5306,0.618,42.3,0.5205,41.4,41.9,0.4819,30.3,16.1,0.3274,0.4347,0.3972,0.1245,0.2405,0.6082,0.361,0.1735,0.2739,0.5622,0.628175,CMN,BRACKET_BASE,false,true,0.45320384999999996,0.41099366,0.41640770000000005,,0.4049,false
EVT-EAR-0743,Monastic Network Expansion of Ottoman Empire,1547,early_modern,religious,Southeast Europe / Near East,Ottoman Empire,CHR-EAR-0743,1399,0.471,0.51,0.4474,0.222,32.3,0.2725,40.7,41.5,0.4719,68.7,12.7,0.3697,0.377,0.4299,0.3033,0.412,0.4293,0.3903,0.0523,0.2589,0.5442,0.600451,CMN,BRACKET_BASE,false,true,0.49862488,0.47700425,0.61368605,,0.3014,false
EVT-EAR-0744,Territorial Rupture of Polish-Lithuanian Commonwealth,1779,early_modern,collapse,Eastern Europe,Polish-Lithuanian Commonwealth,CHR-EAR-0744,1063.5,0.61,0.682,0.2675,0.643,21.7,0.43,40.1,42.5,0.4715,51.5,12.5,0.3478,0.4961,0.4091,0.0577,0.1181,0.0591,0.228,-0.437,0.4802,0.8107,0.279624,CMN,BRACKET_BASE,false,true,0.9043201200000001,0.5972500000000001,0.995375,,0.3786,true
EVT-EAR-0745,Popular Uprising of Safavid Empire,1568,early_modern,revolution,Persia,Safavid Empire,CHR-EAR-0745,2294,0.588,0.661,0.5979,0.744,47.6,0.61,38.1,41.7,0.4451,27,9.8,0.2876,0.5382,0.4231,0.1536,0.3894,0.4745,0.3958,-0.0637,0.4937,0.5399,0.724703,RMD,BRACKET_HIGH,false,false,0.44081777999999994,0.57164152,0.7516456199999999,,0.4028,false
EVT-EAR-0746,Respiratory Virulence Wave across Spanish Empire,1708,early_modern,pandemic,Iberia / Americas,Spanish Empire,CHR-EAR-0746,1919,0.592,0.542,0.5357,0.78,20,0.49,41.6,40.1,0.4732,26,21.3,0.3423,0.5312,0.5027,0.1259,0.3062,0.56,0.4052,0.0288,0.7494,0.6081,0.646091,RMD,BRACKET_MEDIUM,false,true,0.65948474,0.6018749999999999,0.7856249999999999,,0.405,false
EVT-EAR-0747,Mercantile Tariff Overhaul across Portuguese Empire,1518,early_modern,economic,Atlantic / Indian Ocean,Portuguese Empire,CHR-EAR-0747,2278.6,0.588,0.335,0.6918,0.262,27.8,0.27,37.4,34.5,0.3944,60.1,12.9,0.361,0.4709,0.3799,0.2385,0.3275,0.496,0.3826,0.0251,0.4398,0.5501,0.401631,CMN,BRACKET_BASE,false,true,0.8467528200000001,0.56525,0.725625,,0.3739,false
EVT-EAR-0748,Treaty System Implementation across Dutch Republic,1574,early_modern,transformation,Northwestern Europe,Dutch Republic,CHR-EAR-0748,2235.8,0.765,0.766,0.4983,0.831,50.7,0.669,35.6,42.9,0.4254,78.4,13.6,0.3837,0.3819,0.4531,0.3818,0.6159,0.604,0.4873,0.2221,0.2309,0.5688,0.779099,RMD,BRACKET_HIGH,true,false,0.29309064,0.39538212,0.34449593,,0.3288,false
EVT-EAR-0749,Peasant Rebellion against Portuguese Empire,1721,early_modern,revolution,Atlantic / Indian Ocean,Portuguese Empire,CHR-EAR-0749,1066.2,0.518,0.385,0.3849,0.504,30.1,0.4025,34.8,39.3,0.3952,77.9,11.1,0.3708,0.4583,0.3419,0.0688,0.2279,0.3704,0.2935,-0.0879,0.5515,0.638,0.556795,CMN,BRACKET_BASE,false,true,0.71198244,0.577375,0.8200000000000001,,0.4023,false
EVT-EAR-0750,Institutional Dissolution of British Empire (Early),1740,early_modern,collapse,British Isles / Global,British Empire (Early),CHR-EAR-0750,1276.8,0.704,0.233,0.429,0.716,38.1,0.5485,33.2,38.4,0.3726,38.4,15,0.3391,0.4794,0.3871,0.1363,0.2025,0.1443,0.2699,-0.3351,0.4749,0.7272,0.563177,CMN,BRACKET_BASE,false,true,0.70649504,0.49989246,0.85512581,,0.3584,false
EVT-EAR-0751,Pantheon Reformation of Ottoman Empire,1667,early_modern,religious,Southeast Europe / Near East,Ottoman Empire,CHR-EAR-0751,1142.5,0.752,0.523,0.293,0.59,41.3,0.5015,41.7,37.9,0.4611,78.8,18.9,0.4106,0.4287,0.4937,0.3404,0.4387,0.3626,0.4128,-0.0661,0.4548,0.5911,0.590254,CMN,BRACKET_BASE,false,true,0.60219141,0.46579388000000005,0.69027648,,0.29,false
EVT-EAR-0752,Urban Quarantine Emergency in Portuguese Empire,1504,early_modern,pandemic,Atlantic / Indian Ocean,Portuguese Empire,CHR-EAR-0752,2025.9,0.704,0.798,0.4529,0.387,30.8,0.3475,30.2,42.7,0.366,41.9,8.5,0.3129,0.4178,0.3944,0,0.1972,0.1022,0.2223,-0.3156,0.6172,0.7798,0.378437,CMN,BRACKET_BASE,false,true,0.85721901,0.55540954,0.87451819,,0.3923,false
EVT-EAR-0753,Orthodoxy & Heresy Trial Wave in Kingdom of France (Bourbon),1704,early_modern,religious,Western Europe,Kingdom of France (Bourbon),CHR-EAR-0753,1309.5,0.445,0.856,0.3283,0.51,31.3,0.4115,35.1,42.5,0.4176,77.2,11.4,0.3716,0.369,0.3946,0.2075,0.3492,0.4657,0.3572,0.0967,0.2655,0.575,0.765285,RMD,BRACKET_HIGH,true,false,0.3637649,0.3802352,0.39884994,,0.3622,false
EVT-EAR-0754,Maritime Trade Hub Expansion in Tsardom & Russian Empire,1734,early_modern,economic,Northern Eurasia,Tsardom & Russian Empire,CHR-EAR-0754,1512.5,0.646,0.674,0.375,0.689,46.9,0.579,30.7,42,0.3672,88,13.2,0.3901,0.4282,0.3443,0.1524,0.251,0.3544,0.3061,-0.0738,0.6377,0.6311,0.775484,RMD,BRACKET_HIGH,true,false,0.52099894,0.38060318000000004,0.49226032000000003,,0.3743,false
EVT-EAR-0755,Civic Restoration Revolt in Kingdom of France (Bourbon),1608,early_modern,revolution,Western Europe,Kingdom of France (Bourbon),CHR-EAR-0755,2275.6,0.658,0.758,0.5431,0.577,51.6,0.5465,30.8,40.7,0.3605,57.9,10.1,0.3443,0.4731,0.3148,0.0252,0.1434,0.3832,0.2679,-0.0899,0.736,0.645,0.363775,CMN,BRACKET_BASE,false,true,0.8976514200000001,0.5898749999999999,0.8165,,0.4076,true
EVT-EAR-0756,Systemic Governance Breakdown in Tsardom & Russian Empire,1573,early_modern,collapse,Northern Eurasia,Tsardom & Russian Empire,CHR-EAR-0756,2061.2,0.493,0.672,0.5631,0.232,45.6,0.344,36.4,42,0.4286,46.4,10.2,0.3288,0.5021,0.4318,0.1609,0.2077,0.0852,0.2775,-0.4169,0.6604,0.8199,0.457616,CMN,BRACKET_BASE,false,true,0.6391651,0.40041924,0.62236224,,0.3649,false
EVT-EAR-0757,Guild Monopoly Reform in Kingdom of France (Bourbon),1546,early_modern,economic,Western Europe,Kingdom of France (Bourbon),CHR-EAR-0757,1823,0.487,0.419,0.5793,0.39,31.3,0.3515,33.6,37.2,0.3697,49,11.3,0.3382,0.4151,0.3948,0.2715,0.3782,0.4799,0.3879,0.0648,0.3652,0.5612,0.410968,CMN,BRACKET_BASE,false,true,0.75886844,0.5352288000000001,0.63686182,,0.3419,false
EVT-EAR-0758,Harbor Incursion Sickness in Mughal Empire,1768,early_modern,pandemic,South Asia,Mughal Empire,CHR-EAR-0758,1202.8,0.562,0.142,0.4798,0.294,40,0.347,28,42.1,0.3388,60.3,23.7,0.4152,0.4724,0.4329,0.1727,0.3421,0.3145,0.3469,-0.1579,0.7919,0.7384,0.556602,CMN,BRACKET_BASE,false,true,0.550265,0.3860576,0.5448256,,0.3678,false
EVT-EAR-0759,Treaty System Implementation across Ottoman Empire,1549,early_modern,transformation,Southeast Europe / Near East,Ottoman Empire,CHR-EAR-0759,1786.3,0.617,0.102,0.6259,0.683,24.9,0.466,30.2,40.8,0.3546,30.4,16.7,0.3306,0.3456,0.3737,0.2622,0.4383,0.6065,0.4053,0.2609,0.1695,0.5963,0.658712,RMD,BRACKET_MEDIUM,false,true,0.48663216000000004,0.391635,0.34061813999999996,,0.3584,false
EVT-EAR-0760,Imperial Unification of Ottoman Empire,1710,early_modern,transformation,Southeast Europe / Near East,Ottoman Empire,CHR-EAR-0760,1441.8,0.598,0.848,0.3189,0.693,32.4,0.5085,30,34.2,0.3129,23.8,22.8,0.3434,0.2921,0.3426,0.2541,0.3789,0.5789,0.3693,0.2868,0.2231,0.6696,0.717222,RMD,BRACKET_HIGH,false,false,0.4528741,0.38081550000000003,0.33126975,,0.3452,false
EVT-EAR-0761,Treaty System Implementation across Tsardom & Russian Empire,1700,early_modern,transformation,Northern Eurasia,Tsardom & Russian Empire,CHR-EAR-0761,2072.2,0.727,0.426,0.5695,0.63,27.2,0.451,34.4,36.5,0.3741,61.8,18.6,0.3915,0.3541,0.3814,0.2976,0.5326,0.575,0.4281,0.2209,0.3149,0.6188,0.572009,CMN,BRACKET_BASE,false,true,0.592375,0.55725,0.5736249999999999,,0.3379,false
EVT-EAR-0762,Navigational Instrument Reform in British Empire (Early),1724,early_modern,technological,British Isles / Global,British Empire (Early),CHR-EAR-0762,1871.7,0.729,0.235,0.5745,0.521,20.9,0.365,36.9,38,0.41,54.8,22.5,0.4023,0.3815,0.4311,0.5475,0.7023,0.6974,0.552,0.3159,0.383,0.6939,0.534744,CMN,BRACKET_BASE,false,true,0.5032849800000001,0.39075916,0.4341804000000001,,0.3137,false
EVT-EAR-0763,Monastic Network Expansion of Mughal Empire,1667,early_modern,religious,South Asia,Mughal Empire,CHR-EAR-0763,859.6,0.503,0.566,0.2818,0.67,15.8,0.414,29,37.7,0.3231,91.5,9.9,0.3764,0.3248,0.3567,0.1597,0.2871,0.4874,0.3231,0.1626,0.249,0.6272,0.672104,RMD,BRACKET_MEDIUM,false,true,0.6925000000000001,0.557625,0.606625,,0.3761,true
EVT-EAR-0764,Secular Legal Separation in Mughal Empire,1743,early_modern,religious,South Asia,Mughal Empire,CHR-EAR-0764,1852.9,0.779,0.173,0.5732,0.66,28.6,0.473,35.5,35.4,0.3793,26.8,23.3,0.3545,0.4194,0.4826,0.3535,0.4528,0.5537,0.4524,0.1343,0.3493,0.576,0.734723,RMD,BRACKET_HIGH,true,false,0.37666728,0.3820212,0.39700533000000005,,0.322,false
EVT-EAR-0765,Judicial Standard Reform in Tsardom & Russian Empire,1619,early_modern,transformation,Northern Eurasia,Tsardom & Russian Empire,CHR-EAR-0765,1958.3,0.751,0.34,0.5587,0.227,29.4,0.2605,36.9,39.9,0.4214,80.2,17.2,0.4034,0.338,0.3983,0.3015,0.4879,0.5546,0.4161,0.2166,0.3448,0.6471,0.58789,CMN,BRACKET_BASE,false,true,0.5991637,0.46794236,0.5193398599999999,,0.3303,false
EVT-EAR-0766,Popular Uprising of Mughal Empire,1704,early_modern,revolution,South Asia,Mughal Empire,CHR-EAR-0766,1548.4,0.746,0.214,0.4922,0.645,54.9,0.597,29.1,34.8,0.3068,41.8,15,0.3452,0.4711,0.3809,0.1573,0.3352,0.2141,0.3117,-0.257,0.3777,0.6538,0.737624,RMD,BRACKET_HIGH,true,false,0.42872634000000004,0.38136678,0.52794336,,0.3591,false
EVT-EAR-0767,Frontier Fragmentation of Mughal Empire,1685,early_modern,collapse,South Asia,Mughal Empire,CHR-EAR-0767,948.8,0.496,0.219,0.411,0.713,23.7,0.475,41.9,35.3,0.4476,88.5,8.6,0.3675,0.5563,0.4633,0.188,0.2718,0.2609,0.3481,-0.2954,0.6714,0.7573,0.355365,CMN,BRACKET_BASE,false,true,0.706146,0.49474584,0.85830992,,0.3644,false
EVT-EAR-0768,Maritime Trade Hub Expansion in Ming & Qing Dynasties,1605,early_modern,economic,East Asia,Ming & Qing Dynasties,CHR-EAR-0768,1841.8,0.637,0.47,0.5238,0.514,32.7,0.4205,28.2,38.5,0.3193,72.6,11.4,0.3672,0.4368,0.3464,0.1439,0.2751,0.3738,0.3152,-0.063,0.5301,0.607,0.635718,RMD,BRACKET_MEDIUM,false,true,0.62177381,0.5484070400000001,0.73765764,,0.3808,false
EVT-EAR-0769,Orthodoxy & Heresy Trial Wave in Ming & Qing Dynasties,1507,early_modern,religious,East Asia,Ming & Qing Dynasties,CHR-EAR-0769,1001.5,0.479,0.147,0.4513,0.321,12.4,0.2225,34.3,42.4,0.4084,52.1,9.4,0.3331,0.3042,0.2987,0.1068,0.2069,0.5528,0.2939,0.2486,0.4656,0.7183,0.640386,RMD,BRACKET_MEDIUM,false,true,0.5644076,0.39277,0.39961389,,0.3928,false
EVT-EAR-0770,Palatial Collapse of Dutch Republic,1674,early_modern,collapse,Northwestern Europe,Dutch Republic,CHR-EAR-0770,1114.6,0.438,0.491,0.3896,0.245,25.3,0.249,37,41.5,0.4321,26.4,22.1,0.3474,0.4552,0.3915,0.0323,0.1048,0.2593,0.2486,-0.1959,0.4345,0.6838,0.338261,CMN,BRACKET_BASE,false,true,0.8212032499999999,0.55772698,0.78967731,,0.4029,false
EVT-EAR-0771,Civic Restoration Revolt in Tokugawa Shogunate,1656,early_modern,revolution,Japan,Tokugawa Shogunate,CHR-EAR-0771,2390.6,0.471,0.826,0.6085,0.223,16.9,0.196,36.5,34.1,0.3823,22.9,23.3,0.3431,0.4358,0.3486,0.1446,0.2953,0.5671,0.3583,0.1313,0.4574,0.6372,0.441537,CMN,BRACKET_BASE,false,true,0.7684859700000001,0.577,0.6872499999999999,,0.4004,false
EVT-EAR-0772,Judicial Standard Reform in British Empire (Early),1522,early_modern,transformation,British Isles / Global,British Empire (Early),CHR-EAR-0772,2029.7,0.604,0.269,0.6425,0.377,29.4,0.3355,33.4,42.1,0.3969,53,9.6,0.3354,0.3604,0.4271,0.3005,0.4353,0.6425,0.4332,0.2821,0.2868,0.6478,0.654798,RMD,BRACKET_MEDIUM,false,true,0.59768016,0.487424,0.51986278,,0.3528,false
EVT-EAR-0773,Institutional Dissolution of Spanish Empire,1509,early_modern,collapse,Iberia / Americas,Spanish Empire,CHR-EAR-0773,1564.1,0.773,0.759,0.3247,0.582,24.8,0.415,31.3,41.3,0.3695,35,9.9,0.3068,0.4705,0.3838,0.0734,0.1382,0.0324,0.2197,-0.4381,0.4619,0.8157,0.633345,RMD,BRACKET_MEDIUM,false,true,0.6108963,0.49759181999999996,0.87805748,,0.376,false
EVT-EAR-0774,Institutional Dissolution of Ming & Qing Dynasties,1653,early_modern,collapse,East Asia,Ming & Qing Dynasties,CHR-EAR-0774,1231.6,0.585,0.473,0.3811,0.586,16.5,0.3755,28.1,37.5,0.3122,93.7,10.1,0.3791,0.4358,0.3617,0.0523,0.1242,0.191,0.233,-0.2448,0.4088,0.7041,0.752802,RMD,BRACKET_HIGH,true,false,0.5173092,0.49308020999999996,0.7878756600000001,,0.3835,false
EVT-EAR-0775,Mechanical Power Harnessing in Polish-Lithuanian Commonwealth,1687,early_modern,technological,Eastern Europe,Polish-Lithuanian Commonwealth,CHR-EAR-0775,1962,0.688,0.787,0.4445,0.438,33,0.384,34.5,36.8,0.377,92.5,23.9,0.4472,0.3161,0.3536,0.4635,0.5761,0.6755,0.477,0.3594,0.2108,0.696,0.704419,RMD,BRACKET_HIGH,false,false,0.5720214499999999,0.5373936,0.56249536,,0.3281,false
EVT-EAR-0776,Harbor Incursion Sickness in Mughal Empire,1736,early_modern,pandemic,South Asia,Mughal Empire,CHR-EAR-0776,1571.5,0.444,0.193,0.5951,0.322,52.1,0.4215,41.7,43,0.4917,94.7,8.7,0.3729,0.5533,0.51,0.0242,0.1917,0.3736,0.3306,-0.1797,0.651,0.6635,0.444542,CMN,BRACKET_BASE,false,true,0.7042299600000002,0.6202258300000001,0.83683845,,0.4064,false
EVT-EAR-0777,Succession Conflict of Ottoman Empire,1684,early_modern,war,Southeast Europe / Near East,Ottoman Empire,CHR-EAR-0777,977.4,0.602,0.494,0.3041,0.657,26.1,0.459,36.8,42.3,0.4347,28.5,19.2,0.3385,0.3891,0.2696,0,0.0715,0.1743,0.1809,-0.2148,0.627,0.7231,0.463831,CMN,BRACKET_BASE,false,true,0.67498925,0.39157135000000004,0.5399659,,0.3913,false
EVT-EAR-0778,Imperial Unification of Polish-Lithuanian Commonwealth,1724,early_modern,transformation,Eastern Europe,Polish-Lithuanian Commonwealth,CHR-EAR-0778,2127.9,0.574,0.229,0.6889,0.372,18.9,0.2805,39.3,36.6,0.4274,36.6,9.4,0.3076,0.3103,0.3899,0.2831,0.4598,0.4394,0.3765,0.1291,0.2722,0.5582,0.427881,CMN,BRACKET_BASE,false,true,0.8303887200000001,0.546125,0.618,,0.3088,true
EVT-EAR-0779,Mechanical Power Harnessing in Mughal Empire,1772,early_modern,technological,South Asia,Mughal Empire,CHR-EAR-0779,2336.4,0.424,0.38,0.7424,0.733,16.7,0.45,31.7,38.8,0.3588,84.9,8.6,0.3645,0.3928,0.4489,0.4939,0.6077,0.603,0.5093,0.2102,0.2321,0.5689,0.39044,CMN,BRACKET_BASE,false,true,0.5898281,0.52936632,0.60273694,,0.291,false
EVT-EAR-0780,Judicial Standard Reform in Mughal Empire,1682,early_modern,transformation,South Asia,Mughal Empire,CHR-EAR-0780,2208.2,0.702,0.343,0.637,0.276,37.7,0.3265,30.7,38.8,0.348,81.3,20.6,0.4213,0.342,0.3952,0.2769,0.4114,0.4998,0.3851,0.1578,0.1161,0.5475,0.696009,RMD,BRACKET_MEDIUM,false,false,0.45211788,0.37687547000000005,0.34412106,,0.3271,false
EVT-EAR-0781,Decentralization Wave across Polish-Lithuanian Commonwealth,1711,early_modern,collapse,Eastern Europe,Polish-Lithuanian Commonwealth,CHR-EAR-0781,1221.9,0.585,0.325,0.423,0.286,21.2,0.249,31.5,40.5,0.3668,43.6,9.7,0.3217,0.4298,0.358,0.1244,0.1594,0.1464,0.2436,-0.2834,0.5794,0.7721,0.575106,CMN,BRACKET_BASE,false,true,0.570178,0.37936344,0.54878454,,0.345,false
EVT-EAR-0782,Astronomical Standardization by Polish-Lithuanian Commonwealth,1524,early_modern,technological,Eastern Europe,Polish-Lithuanian Commonwealth,CHR-EAR-0782,1861,0.637,0.385,0.5543,0.598,27.8,0.438,38.5,35.8,0.414,54.6,19.1,0.385,0.3908,0.43,0.5495,0.6695,0.5659,0.5211,0.1751,0.4273,0.6204,0.622893,CMN,BRACKET_BASE,false,true,0.42681287,0.48363518000000005,0.7039143299999999,,0.283,false
EVT-EAR-0783,Fiscal Modernization in Polish-Lithuanian Commonwealth,1730,early_modern,transformation,Eastern Europe,Polish-Lithuanian Commonwealth,CHR-EAR-0783,1832.3,0.653,0.887,0.3915,0.215,53.9,0.377,36.8,35.9,0.3963,93.6,16.5,0.411,0.2956,0.3414,0.2522,0.4369,0.5154,0.3683,0.2198,0.3698,0.6664,0.92168,RMD,BRACKET_HIGH,true,false,0.42626749999999997,0.3785697,0.35924438000000003,,0.3322,false
EVT-EAR-0784,Astronomical Standardization by Mughal Empire,1626,early_modern,technological,South Asia,Mughal Empire,CHR-EAR-0784,1000.2,0.748,0.631,0.2251,0.725,12.1,0.423,39.4,34.3,0.4147,64.9,18.5,0.3945,0.2822,0.3024,0.3992,0.5001,0.5214,0.4011,0.2392,0.304,0.6757,0.585851,CMN,BRACKET_BASE,false,true,0.48033251,0.52224858,0.61281503,,0.2982,false
EVT-EAR-0785,Constitutional Reorganization of Ottoman Empire,1705,early_modern,transformation,Southeast Europe / Near East,Ottoman Empire,CHR-EAR-0785,1650.5,0.516,0.38,0.5378,0.314,39.2,0.353,41.9,40.6,0.4794,39.4,22.7,0.3794,0.3833,0.4533,0.3424,0.5619,0.5249,0.4532,0.1416,0.3712,0.5937,0.558428,CMN,BRACKET_BASE,false,true,0.62104236,0.5523750000000001,0.632875,,0.3191,false
EVT-EAR-0786,Guild Monopoly Reform in Safavid Empire,1651,early_modern,economic,Persia,Safavid Empire,CHR-EAR-0786,1460.1,0.56,0.514,0.4352,0.83,26.8,0.549,35.5,36.7,0.3871,32.2,14.6,0.3243,0.4745,0.4012,0.1417,0.2225,0.4392,0.3358,-0.0353,0.4391,0.5531,0.823831,RMD,BRACKET_HIGH,true,false,0.34631993,0.40337335999999996,0.4808314,,0.399,false
EVT-EAR-0787,Maritime Trade Hub Expansion in Polish-Lithuanian Commonwealth,1643,early_modern,economic,Eastern Europe,Polish-Lithuanian Commonwealth,CHR-EAR-0787,1438.7,0.742,0.192,0.4717,0.739,41.2,0.5755,35.4,35.1,0.3764,73.1,8.3,0.3522,0.3983,0.3139,0.1347,0.2128,0.3894,0.2898,-0.0089,0.5489,0.5585,0.634323,RMD,BRACKET_MEDIUM,false,true,0.54385227,0.38387804000000003,0.46042425000000003,,0.3826,false
EVT-EAR-0788,Maritime Trade Hub Expansion in Polish-Lithuanian Commonwealth,1711,early_modern,economic,Eastern Europe,Polish-Lithuanian Commonwealth,CHR-EAR-0788,1260.5,0.489,0.776,0.3264,0.325,41.1,0.368,34.4,35.6,0.3687,86.8,14,0.3931,0.3783,0.3546,0.2245,0.3991,0.4762,0.3665,0.0979,0.5741,0.6669,0.397766,CMN,BRACKET_BASE,false,true,0.6824426399999999,0.47641791999999994,0.634476,,0.3547,false
EVT-EAR-0789,Institutional Dissolution of Tsardom & Russian Empire,1735,early_modern,collapse,Northern Eurasia,Tsardom & Russian Empire,CHR-EAR-0789,1079.3,0.515,0.786,0.2689,0.486,31.1,0.3985,32.4,38.9,0.3669,67,16.8,0.3883,0.4215,0.3415,0.0404,0.126,0.1697,0.2198,-0.2518,0.6474,0.7727,0.727627,RMD,BRACKET_HIGH,false,false,0.5236752,0.38805101999999997,0.5555756500000001,,0.3811,false
EVT-EAR-0790,Frontier Campaign of Mughal Empire,1692,early_modern,war,South Asia,Mughal Empire,CHR-EAR-0790,939.3,0.525,0.44,0.3335,0.657,47.6,0.5665,28.6,33.4,0.293,79.1,13.4,0.3834,0.3813,0.3131,0,0.067,0.4989,0.2521,0.1176,0.6875,0.6864,0.466237,CMN,BRACKET_BASE,false,true,0.65899392,0.41497742,0.45452879999999996,,0.4046,false
EVT-EAR-0791,Hydraulic Engineering Grid in Tokugawa Shogunate,1757,early_modern,technological,Japan,Tokugawa Shogunate,CHR-EAR-0791,1384.6,0.479,0.44,0.4623,0.481,29.9,0.39,32.1,40.6,0.3739,87.9,9.7,0.3725,0.3257,0.3481,0.459,0.5355,0.6222,0.4581,0.2965,0.2864,0.6778,0.748559,RMD,BRACKET_HIGH,true,false,0.44932524,0.38152884,0.40328720000000007,,0.312,false
EVT-EAR-0792,Radical Assembly Schism in Dutch Republic,1573,early_modern,revolution,Northwestern Europe,Dutch Republic,CHR-EAR-0792,1852.1,0.639,0.124,0.6297,0.313,31.8,0.3155,37.8,33.6,0.3933,19.8,10.3,0.2676,0.458,0.3228,0,0.1164,0.1247,0.2044,-0.3333,0.5672,0.751,0.355283,CMN,BRACKET_BASE,false,true,0.98063616,0.5765,0.9383750000000001,,0.3903,true
EVT-EAR-0793,Peasant Rebellion against Safavid Empire,1590,early_modern,revolution,Persia,Safavid Empire,CHR-EAR-0793,1860.3,0.779,0.14,0.585,0.463,31,0.3865,35,39.3,0.3973,55.3,22.8,0.4045,0.5006,0.345,0.1326,0.3526,0.4678,0.3597,-0.0328,0.6687,0.6096,0.667443,RMD,BRACKET_MEDIUM,false,true,0.46514931000000004,0.39883369999999996,0.49396511,,0.4014,false
EVT-EAR-0794,Frontier Fragmentation of Ming & Qing Dynasties,1651,early_modern,collapse,East Asia,Ming & Qing Dynasties,CHR-EAR-0794,1560.8,0.485,0.295,0.5494,0.686,32,0.503,34.4,38.2,0.3843,30.8,14.1,0.3186,0.5455,0.4507,0.0989,0.1238,0.3249,0.3088,-0.2206,0.7254,0.715,0.401016,CMN,BRACKET_BASE,false,true,0.96209136,0.5996250000000001,0.902625,,0.4053,false
EVT-EAR-0795,Mercantile Tariff Overhaul across Kingdom of France (Bourbon),1790,early_modern,economic,Western Europe,Kingdom of France (Bourbon),CHR-EAR-0795,1761.5,0.479,0.345,0.588,0.525,47.5,0.5,40.1,40.9,0.4619,44.1,19.6,0.3721,0.4398,0.3511,0.0728,0.1283,0.2255,0.2435,-0.2143,0.2972,0.5875,0.481137,CMN,BRACKET_BASE,false,true,0.70696064,0.50748996,0.7761597300000002,,0.3854,false
EVT-EAR-0796,Frontier Campaign of Dutch Republic,1654,early_modern,war,Northwestern Europe,Dutch Republic,CHR-EAR-0796,1343.3,0.517,0.814,0.328,0.437,44.3,0.44,40.1,42.1,0.4691,68.1,10.5,0.358,0.4075,0.3583,0.1714,0.3527,0.3952,0.337,-0.0123,0.3833,0.5469,0.554087,CMN,BRACKET_BASE,false,true,0.48469908000000006,0.388401,0.45915989999999995,,0.3699,false
EVT-EAR-0797,Radical Assembly Schism in Polish-Lithuanian Commonwealth,1519,early_modern,revolution,Eastern Europe,Polish-Lithuanian Commonwealth,CHR-EAR-0797,1185.9,0.765,0.298,0.3678,0.294,29.7,0.2955,39.2,41.9,0.4582,81.4,14.1,0.3889,0.3884,0.229,0,0.1455,0.2092,0.1944,-0.1792,0.54,0.6935,0.515487,CMN,BRACKET_BASE,false,true,0.64326457,0.39125044,0.52251846,,0.3933,false
EVT-EAR-0798,Succession Conflict of Mughal Empire,1648,early_modern,war,South Asia,Mughal Empire,CHR-EAR-0798,2214.3,0.672,0.181,0.6962,0.226,53,0.378,34.3,33.5,0.355,18.2,11.4,0.267,0.4771,0.3826,0.1593,0.3475,0.42,0.3573,-0.0571,0.3322,0.5295,0.430223,CMN,BRACKET_BASE,false,true,0.7041216000000001,0.5503992,0.7028735999999999,,0.3891,false
EVT-EAR-0799,Popular Uprising of Polish-Lithuanian Commonwealth,1748,early_modern,revolution,Eastern Europe,Polish-Lithuanian Commonwealth,CHR-EAR-0799,1941.6,0.574,0.13,0.6705,0.291,54.2,0.4165,38.5,38.7,0.4314,24.3,19.9,0.3304,0.4449,0.293,0.0107,0.1315,0.3281,0.2416,-0.1168,0.6873,0.6371,0.275491,CMN,BRACKET_BASE,false,true,0.94769136,0.5835,0.829375,,0.4073,true
EVT-EAR-0800,Popular Uprising of Safavid Empire,1678,early_modern,revolution,Persia,Safavid Empire,CHR-EAR-0800,1209.1,0.707,0.431,0.3513,0.531,18.6,0.3585,33.7,32.5,0.3425,35.4,19.8,0.3572,0.4336,0.3166,0.0556,0.2767,0.1017,0.2368,-0.3319,0.4323,0.7595,0.565767,CMN,BRACKET_BASE,false,true,0.60004235,0.38415552000000003,0.55537106,,0.3758,false
EVT-EAR-0801,Epidemic Fever Outbreak across Dutch Republic,1753,early_modern,pandemic,Northwestern Europe,Dutch Republic,CHR-EAR-0801,1763.8,0.518,0.767,0.4503,0.593,14.4,0.3685,39.1,37.6,0.4313,59.5,22.8,0.4098,0.4928,0.4368,0.035,0.2133,0.393,0.3142,-0.0998,0.6284,0.6535,0.632062,RMD,BRACKET_MEDIUM,false,true,0.66835509,0.594625,0.8452500000000001,,0.4079,false
EVT-EAR-0802,Coalition Defense of Mughal Empire,1709,early_modern,war,South Asia,Mughal Empire,CHR-EAR-0802,1417,0.543,0.454,0.4472,0.677,42.5,0.551,35.6,36.6,0.3876,71,21,0.4135,0.4733,0.396,0.1047,0.239,0.2152,0.2856,-0.2581,0.3669,0.6532,0.254475,CMN,BRACKET_BASE,false,true,0.8354246399999999,0.576,0.88675,,0.3769,true
EVT-EAR-0803,Imperial Unification of Ottoman Empire,1660,early_modern,transformation,Southeast Europe / Near East,Ottoman Empire,CHR-EAR-0803,1675.3,0.575,0.893,0.3726,0.672,20.4,0.438,38.6,34.9,0.4097,56,13.4,0.3584,0.2822,0.3131,0.1866,0.4153,0.5144,0.3423,0.2322,0.223,0.6281,0.745342,RMD,BRACKET_HIGH,true,false,0.42911399,0.3799068,0.34387652,,0.3607,false
EVT-EAR-0804,Maritime Trade Hub Expansion in Dutch Republic,1797,early_modern,economic,Northwestern Europe,Dutch Republic,CHR-EAR-0804,1949.4,0.705,0.488,0.5258,0.573,25.8,0.4155,33.7,34.3,0.3533,37.4,19.3,0.3586,0.404,0.3205,0.1904,0.2914,0.3303,0.3073,-0.0737,0.5991,0.6254,0.66266,RMD,BRACKET_MEDIUM,false,true,0.58678552,0.54525,0.7911250000000001,,0.3439,true
EVT-EAR-0805,Agrarian Restructuring of Safavid Empire,1666,early_modern,transformation,Persia,Safavid Empire,CHR-EAR-0805,1538.8,0.469,0.588,0.4607,0.275,30.4,0.2895,35.9,41.1,0.4178,36.6,14.6,0.3336,0.2754,0.3274,0.2002,0.3867,0.4252,0.323,0.1498,0.1351,0.5695,0.762265,RMD,BRACKET_HIGH,true,false,0.50311204,0.5296190900000001,0.5272728000000001,,0.3331,false
EVT-EAR-0806,Astronomical Standardization by Tsardom & Russian Empire,1753,early_modern,technological,Northern Eurasia,Tsardom & Russian Empire,CHR-EAR-0806,1325.4,0.725,0.684,0.3,0.392,31.9,0.3555,30.4,39.1,0.3466,55.8,22,0.4011,0.2546,0.298,0.3459,0.4852,0.4964,0.376,0.2418,0.4618,0.7257,0.868504,RMD,BRACKET_HIGH,true,false,0.46386382000000004,0.37574376,0.4144637,,0.3045,false
EVT-EAR-0807,Harbor Incursion Sickness in Portuguese Empire,1567,early_modern,pandemic,Atlantic / Indian Ocean,Portuguese Empire,CHR-EAR-0807,936.9,0.666,0.379,0.3089,0.779,31.6,0.5475,36.2,35.9,0.3899,86,19,0.4174,0.5099,0.4731,0.0696,0.2358,0.5548,0.3686,0.0449,0.6817,0.6377,0.403803,CMN,BRACKET_BASE,false,true,0.75729846,0.59875748,0.72309025,,0.3974,false
EVT-EAR-0808,Caravan Route Pestilence in Safavid Empire,1724,early_modern,pandemic,Persia,Safavid Empire,CHR-EAR-0808,1885.4,0.522,0.47,0.5696,0.682,13.8,0.41,38.6,40,0.4403,37.3,19.9,0.3615,0.5278,0.4756,0.0416,0.2733,0.5706,0.3778,0.0428,0.7136,0.6185,0.511188,CMN,BRACKET_BASE,false,true,0.6176562,0.43805184,0.48937799000000004,,0.3948,false
EVT-EAR-0809,Silver Flotilla Currency Shock in Tokugawa Shogunate,1663,early_modern,economic,Japan,Tokugawa Shogunate,CHR-EAR-0809,1573,0.452,0.199,0.5913,0.239,53.5,0.387,33.9,35.8,0.3645,67.4,13,0.3698,0.5064,0.4516,0.1779,0.2315,0.6183,0.3971,0.1119,0.582,0.6345,0.735796,RMD,BRACKET_HIGH,true,false,0.37715888,0.4029015,0.44391924,,0.4063,false
EVT-EAR-0810,Caravan Route Pestilence in Polish-Lithuanian Commonwealth,1677,early_modern,pandemic,Eastern Europe,Polish-Lithuanian Commonwealth,CHR-EAR-0810,1236.8,0.422,0.317,0.4781,0.738,31.9,0.5285,30.4,36.8,0.3328,33,15.9,0.3326,0.4649,0.4371,0.0122,0.1427,0.2206,0.2555,-0.2443,0.7249,0.7422,0.552821,CMN,BRACKET_BASE,false,true,0.7058956,0.5755568,0.8519385600000001,,0.4045,false
EVT-EAR-0811,Grain Market Price Shock across British Empire (Early),1734,early_modern,economic,British Isles / Global,British Empire (Early),CHR-EAR-0811,2175,0.613,0.156,0.7112,0.346,38.4,0.365,38.7,34.4,0.4078,29.6,22.6,0.3582,0.4606,0.3675,0.124,0.2444,0.2223,0.2838,-0.2383,0.3369,0.6203,0.622631,CMN,BRACKET_BASE,false,true,0.71408936,0.5700000000000001,0.8615,,0.3661,true
EVT-EAR-0812,Metallurgical Innovation Surge in Safavid Empire,1686,early_modern,technological,Persia,Safavid Empire,CHR-EAR-0812,1030.9,0.496,0.179,0.4442,0.717,49.1,0.604,38.5,32.4,0.3936,73.5,20.9,0.4155,0.4125,0.4349,0.5424,0.6113,0.721,0.5444,0.3085,0.4595,0.6952,0.505291,CMN,BRACKET_BASE,false,true,0.70244928,0.552125,0.6755,,0.3162,false
EVT-EAR-0813,Astronomical Standardization by Ottoman Empire,1583,early_modern,technological,Southeast Europe / Near East,Ottoman Empire,CHR-EAR-0813,1837.5,0.548,0.763,0.4615,0.772,22.7,0.4995,31.2,33.8,0.3234,50.1,10,0.3333,0.3409,0.3801,0.4241,0.4858,0.5443,0.435,0.2034,0.3968,0.6464,0.679736,RMD,BRACKET_MEDIUM,false,true,0.41840590000000005,0.36958437,0.41415240000000003,,0.2906,false
EVT-EAR-0814,Decentralization Wave across Tsardom & Russian Empire,1773,early_modern,collapse,Northern Eurasia,Tsardom & Russian Empire,CHR-EAR-0814,998.9,0.428,0.288,0.4236,0.365,21.7,0.291,38.1,35.8,0.4097,59.4,19.6,0.3936,0.4785,0.4172,0.0502,0.0884,0.1091,0.2287,-0.3694,0.5092,0.7881,0.558704,CMN,BRACKET_BASE,false,true,0.72606825,0.51356877,0.8763948699999999,,0.3738,false
EVT-EAR-0815,Imperial Annexation War in Safavid Empire,1573,early_modern,war,Persia,Safavid Empire,CHR-EAR-0815,1963.3,0.615,0.168,0.6524,0.525,42.1,0.473,35.6,36.6,0.3876,92.3,12.8,0.3915,0.5061,0.4661,0.2603,0.4492,0.6443,0.4652,0.1382,0.585,0.6239,0.555673,CMN,BRACKET_BASE,false,true,0.47690261,0.39976532,0.43532748,,0.3925,false
EVT-EAR-0816,Maritime Trade Hub Expansion in Dutch Republic,1596,early_modern,economic,Northwestern Europe,Dutch Republic,CHR-EAR-0816,1974.3,0.554,0.514,0.5697,0.605,46.5,0.535,34.4,42.6,0.4107,57.8,22.8,0.4077,0.4552,0.3824,0.1168,0.1669,0.578,0.3399,0.1228,0.4475,0.5809,0.632343,RMD,BRACKET_MEDIUM,false,true,0.6154020599999999,0.5762673,0.65259534,,0.4077,false
EVT-EAR-0817,Temple Bureaucracy Reorganization of Tsardom & Russian Empire,1536,early_modern,religious,Northern Eurasia,Tsardom & Russian Empire,CHR-EAR-0817,1551.7,0.728,0.253,0.4868,0.737,14.9,0.443,37.6,42.2,0.4427,71.8,17.3,0.3959,0.4586,0.5039,0.3858,0.5636,0.625,0.5074,0.1664,0.4886,0.6361,0.788193,RMD,BRACKET_HIGH,true,false,0.36445732,0.5347565999999999,0.5965365699999999,,0.3333,false
EVT-EAR-0818,Systemic Governance Breakdown in Tsardom & Russian Empire,1731,early_modern,collapse,Northern Eurasia,Tsardom & Russian Empire,CHR-EAR-0818,1029.2,0.77,0.207,0.3531,0.335,54,0.4375,40.5,37.4,0.4452,22.5,8.1,0.2659,0.4978,0.419,0.0378,0.1368,0.2918,0.2766,-0.206,0.8209,0.7611,0.530797,CMN,BRACKET_BASE,false,true,0.8114210999999999,0.5624827499999999,0.8100554,,0.4072,false
EVT-EAR-0819,Borderlands Pacification of Dutch Republic,1588,early_modern,war,Northwestern Europe,Dutch Republic,CHR-EAR-0819,1282.5,0.639,0.87,0.2589,0.481,52.7,0.504,37.7,39.4,0.427,37.1,11.3,0.3181,0.3809,0.3004,0,0.0596,0.1013,0.1684,-0.2796,0.4156,0.7064,0.47474,CMN,BRACKET_BASE,false,true,0.8778750000000001,0.568625,0.8778750000000001,,0.3781,true
EVT-EAR-0820,Agrarian Restructuring of Kingdom of France (Bourbon),1800,early_modern,transformation,Western Europe,Kingdom of France (Bourbon),CHR-EAR-0820,1643.9,0.555,0.235,0.5679,0.737,52.7,0.632,41.1,35.6,0.4408,52,22.2,0.397,0.4449,0.4736,0.3863,0.5583,0.7044,0.5135,0.2595,0.3965,0.6232,0.615928,CMN,BRACKET_BASE,false,true,0.5044512,0.562125,0.59075,,0.3458,false
EVT-EAR-0821,Agricultural Plague Wave in Polish-Lithuanian Commonwealth,1561,early_modern,pandemic,Eastern Europe,Polish-Lithuanian Commonwealth,CHR-EAR-0821,947.8,0.657,0.174,0.3759,0.28,31.4,0.297,28.3,34,0.2934,67.1,11.8,0.3635,0.3655,0.317,0.0022,0.1129,0.1382,0.1872,-0.2273,0.6846,0.7789,0.411069,CMN,BRACKET_BASE,false,true,0.9867763499999999,0.5573750000000001,0.8823749999999999,,0.3796,true
EVT-EAR-0822,Peasant Rebellion against Ottoman Empire,1619,early_modern,revolution,Southeast Europe / Near East,Ottoman Empire,CHR-EAR-0822,1538.1,0.437,0.374,0.5343,0.676,21.6,0.446,33.3,37,0.3652,34.3,17.7,0.3444,0.4286,0.335,0,0.2272,0.607,0.3196,0.1784,0.5619,0.665,0.719032,RMD,BRACKET_HIGH,false,false,0.48787128,0.6028522499999999,0.7039941999999999,,0.3935,false
EVT-EAR-0823,Urban Quarantine Emergency in Spanish Empire,1594,early_modern,pandemic,Iberia / Americas,Spanish Empire,CHR-EAR-0823,2054.2,0.537,0.513,0.5958,0.398,29.6,0.347,34.1,33.3,0.3516,21,12.7,0.2839,0.459,0.3962,0,0.1066,0.2224,0.2368,-0.2366,0.9339,0.7971,0.547664,CMN,BRACKET_BASE,false,true,0.6779709,0.39188151000000004,0.5355662,,0.4051,false
EVT-EAR-0824,Popular Uprising of Tsardom & Russian Empire,1653,early_modern,revolution,Northern Eurasia,Tsardom & Russian Empire,CHR-EAR-0824,2316.2,0.603,0.829,0.5488,0.636,54.1,0.5885,30.3,41.1,0.3575,93.7,17.1,0.4141,0.5708,0.4683,0.1257,0.4035,0.2322,0.3601,-0.3386,0.3808,0.6838,0.571607,CMN,BRACKET_BASE,false,true,0.5242366500000001,0.5109575000000001,0.8581343499999999,,0.4013,false
EVT-EAR-0825,Agrarian Insurgency in Safavid Empire,1632,early_modern,revolution,Persia,Safavid Empire,CHR-EAR-0825,1722.2,0.751,0.215,0.5353,0.527,41.9,0.473,28,39.5,0.3232,71.7,9.2,0.3553,0.5205,0.4172,0.0414,0.2622,0.4109,0.3304,-0.1096,0.5383,0.624,0.404161,CMN,BRACKET_BASE,false,true,0.75942468,0.58629403,0.7972880999999999,,0.4056,false
EVT-EAR-0826,Bureaucratic Consolidation of Ottoman Empire,1734,early_modern,transformation,Southeast Europe / Near East,Ottoman Empire,CHR-EAR-0826,2381.4,0.645,0.445,0.6682,0.308,17.2,0.24,29,42.6,0.3525,85.2,16.2,0.4027,0.358,0.3968,0.3216,0.5378,0.5492,0.4327,0.1912,0.2739,0.6126,0.615329,CMN,BRACKET_BASE,false,true,0.45355821,0.3812004,0.35870289000000005,,0.3231,false
EVT-EAR-0827,Hydraulic Engineering Grid in British Empire (Early),1741,early_modern,technological,British Isles / Global,British Empire (Early),CHR-EAR-0827,1333,0.479,0.186,0.5251,0.843,23.6,0.5395,39.1,40.5,0.4487,19,21.2,0.3191,0.3888,0.4223,0.522,0.6749,0.5595,0.5135,0.1707,0.4875,0.6171,0.73544,RMD,BRACKET_HIGH,true,false,0.4602136,0.39234327999999996,0.47713254,,0.2848,false
EVT-EAR-0828,Debt Crisis Settlement of Kingdom of France (Bourbon),1556,early_modern,economic,Western Europe,Kingdom of France (Bourbon),CHR-EAR-0828,865.6,0.632,0.639,0.2227,0.765,52.2,0.6435,33.3,35.6,0.3568,54.3,9.6,0.3371,0.4648,0.4114,0.167,0.2789,0.6268,0.3898,0.162,0.5962,0.6831,0.823773,RMD,BRACKET_HIGH,true,false,0.36297996000000005,0.40836404,0.44976833,,0.4033,false
EVT-EAR-0829,Popular Uprising of Polish-Lithuanian Commonwealth,1559,early_modern,revolution,Eastern Europe,Polish-Lithuanian Commonwealth,CHR-EAR-0829,2275.6,0.646,0.723,0.5572,0.35,38.2,0.366,30.7,32.9,0.3126,64.4,10.3,0.353,0.3958,0.2649,0.0459,0.2628,0.046,0.2031,-0.3498,0.3918,0.7315,0.519851,CMN,BRACKET_BASE,false,true,0.7391648000000001,0.54961536,0.84362908,,0.3757,true
EVT-EAR-0830,Decentralization Wave across Mughal Empire,1575,early_modern,collapse,South Asia,Mughal Empire,CHR-EAR-0830,2262.1,0.539,0.395,0.6842,0.725,36.4,0.5445,34.8,35.6,0.373,61.6,14.4,0.3703,0.5975,0.5075,0.2974,0.3589,0.3455,0.4214,-0.252,0.5699,0.6683,0.514594,CMN,BRACKET_BASE,false,true,0.5629225000000001,0.40215824999999994,0.5729933799999999,,0.3414,false
EVT-EAR-0831,Constitutional Reorganization of Ming & Qing Dynasties,1583,early_modern,transformation,East Asia,Ming & Qing Dynasties,CHR-EAR-0831,1150.8,0.583,0.587,0.3266,0.306,20.4,0.255,30.3,38.4,0.3413,35.3,12.7,0.3215,0.2252,0.2663,0.1552,0.3752,0.4386,0.2921,0.2134,0.3136,0.6852,0.709151,RMD,BRACKET_HIGH,false,false,0.52449082,0.46968224999999997,0.51371688,,0.3437,false
EVT-EAR-0832,Navigational Instrument Reform in Ottoman Empire,1524,early_modern,technological,Southeast Europe / Near East,Ottoman Empire,CHR-EAR-0832,889.6,0.498,0.369,0.3501,0.791,43.1,0.611,41.3,33.8,0.4322,26.9,23.9,0.3578,0.3515,0.3916,0.4974,0.6158,0.7072,0.5127,0.3557,0.2456,0.6745,0.775006,RMD,BRACKET_HIGH,true,false,0.43713712,0.39499556,0.39057084,,0.3287,false
EVT-EAR-0833,Sanitation & Medical Breakthrough in Kingdom of France (Bourbon),1578,early_modern,technological,Western Europe,Kingdom of France (Bourbon),CHR-EAR-0833,1280.4,0.661,0.271,0.4315,0.249,31.5,0.282,40,32.1,0.408,27.9,16.8,0.3249,0.2787,0.3361,0.3779,0.4947,0.6388,0.4252,0.3601,0.2133,0.7096,0.500818,CMN,BRACKET_BASE,false,true,0.53403987,0.46814884,0.49543949000000004,,0.3343,false
EVT-EAR-0834,Continental Standoff of Ottoman Empire,1580,early_modern,war,Southeast Europe / Near East,Ottoman Empire,CHR-EAR-0834,1032.5,0.652,0.81,0.2085,0.352,19.6,0.274,32.5,36.5,0.3536,22.6,18.7,0.3192,0.3685,0.284,0,0.1943,0.51,0.2714,0.1415,0.5029,0.7067,0.552476,CMN,BRACKET_BASE,false,true,0.61466037,0.51147047,0.6600380899999999,,0.4019,false
EVT-EAR-0835,Canal Infrastructure Boom in Mughal Empire,1754,early_modern,economic,South Asia,Mughal Empire,CHR-EAR-0835,1247,0.529,0.318,0.4484,0.703,27.2,0.4875,28.2,35.6,0.3019,82.9,18.3,0.4113,0.4896,0.4194,0.2359,0.383,0.2771,0.361,-0.2125,0.4182,0.6636,0.598558,CMN,BRACKET_BASE,false,true,0.6660763199999999,0.4971335699999999,0.79757615,,0.3388,false
EVT-EAR-0836,Debt Crisis Settlement of Tokugawa Shogunate,1774,early_modern,economic,Japan,Tokugawa Shogunate,CHR-EAR-0836,1283.3,0.764,0.726,0.2648,0.813,22.3,0.518,31.3,40.9,0.3671,69,22.5,0.419,0.4623,0.3759,0.1274,0.1924,0.6276,0.3571,0.1653,0.4372,0.6561,0.83917,RMD,BRACKET_HIGH,true,false,0.36669896,0.42718692,0.44627022,,0.405,false
EVT-EAR-0837,Continental Standoff of Safavid Empire,1506,early_modern,war,Persia,Safavid Empire,CHR-EAR-0837,1799.6,0.43,0.627,0.528,0.789,25.3,0.521,41.9,38.7,0.468,27.7,9.7,0.2889,0.408,0.3167,0.1289,0.2553,0.4631,0.3144,0.0551,0.5294,0.5646,0.544204,CMN,BRACKET_BASE,false,true,0.54056926,0.3879756,0.43939275999999994,,0.3948,false
EVT-EAR-0838,Radical Assembly Schism in Ottoman Empire,1720,early_modern,revolution,Southeast Europe / Near East,Ottoman Empire,CHR-EAR-0838,1490,0.685,0.554,0.3935,0.436,37.1,0.4035,35.3,39.4,0.4012,29.8,19,0.3407,0.4301,0.2865,0.042,0.1666,0.1076,0.2066,-0.3225,0.6959,0.7984,0.488801,CMN,BRACKET_BASE,false,true,0.7902913199999999,0.54714478,0.8675683200000001,,0.3708,true
EVT-EAR-0839,Bureaucratic Consolidation of Dutch Republic,1531,early_modern,transformation,Northwestern Europe,Dutch Republic,CHR-EAR-0839,1202.5,0.75,0.893,0.1981,0.221,53.3,0.377,38.6,36.6,0.4199,92.1,18.9,0.4219,0.2821,0.3477,0.2566,0.4025,0.4576,0.3493,0.1755,0.29,0.648,0.652171,RMD,BRACKET_MEDIUM,false,true,0.54247152,0.37350544,0.3637052,,0.3169,false
EVT-EAR-0840,Imperial Annexation War in Mughal Empire,1573,early_modern,war,South Asia,Mughal Empire,CHR-EAR-0840,2022.7,0.557,0.317,0.6404,0.483,15,0.3165,41.6,33.7,0.4348,69.4,19.8,0.4059,0.4916,0.4491,0.1036,0.235,0.3846,0.3328,-0.107,0.4167,0.5832,0.619278,CMN,BRACKET_BASE,false,true,0.56049602,0.588625,0.826125,,0.4026,false
EVT-EAR-0841,Fiscal Default Crisis in British Empire (Early),1512,early_modern,collapse,British Isles / Global,British Empire (Early),CHR-EAR-0841,2371.8,0.489,0.395,0.7275,0.719,50,0.6095,32.3,40.8,0.3773,55,17.1,0.3756,0.6427,0.5598,0.1645,0.2125,0.3644,0.3888,-0.2783,0.8234,0.729,0.49673,CMN,BRACKET_BASE,false,true,0.63662487,0.43784098,0.5957532,,0.4044,false
EVT-EAR-0842,Strategic Siege of Ming & Qing Dynasties,1646,early_modern,war,East Asia,Ming & Qing Dynasties,CHR-EAR-0842,1244.5,0.613,0.439,0.3862,0.617,42.6,0.5215,38.4,40.3,0.44,78.9,17.5,0.4037,0.5026,0.4526,0.1208,0.2066,0.3266,0.3218,-0.176,0.5175,0.6523,0.420941,CMN,BRACKET_BASE,false,true,0.67035804,0.56419854,0.80925914,,0.3952,false
EVT-EAR-0843,Provincial Autonomy Insurgency against Ming & Qing Dynasties,1516,early_modern,revolution,East Asia,Ming & Qing Dynasties,CHR-EAR-0843,1685.3,0.759,0.64,0.3959,0.528,31.3,0.4205,33.5,33.7,0.3476,75.5,17.8,0.402,0.4811,0.3342,0.1303,0.3191,0.2658,0.3061,-0.2153,0.6801,0.7417,0.463449,CMN,BRACKET_BASE,false,true,0.79275872,0.5462213399999999,0.8335469999999999,,0.378,false
EVT-EAR-0844,Secular Legal Separation in Tokugawa Shogunate,1669,early_modern,religious,Japan,Tokugawa Shogunate,CHR-EAR-0844,1654.5,0.44,0.551,0.5103,0.262,17.9,0.2205,28.1,36,0.3032,64,11.6,0.359,0.3562,0.4268,0.2437,0.3916,0.4917,0.382,0.1355,0.3446,0.6342,0.597632,CMN,BRACKET_BASE,false,true,0.6679336800000001,0.5319802,0.59473421,,0.3491,false
EVT-EAR-0845,Mechanical Power Harnessing in Spanish Empire,1635,early_modern,technological,Iberia / Americas,Spanish Empire,CHR-EAR-0845,2163.5,0.777,0.427,0.5778,0.757,52.6,0.6415,30.9,32.7,0.3136,88.2,12.6,0.3872,0.4128,0.4629,0.5699,0.691,0.6548,0.5583,0.242,0.4643,0.6468,0.547901,CMN,BRACKET_BASE,false,true,0.6916339199999999,0.55625,0.743875,,0.2924,false
EVT-EAR-0846,Temple Bureaucracy Reorganization of Ottoman Empire,1744,early_modern,religious,Southeast Europe / Near East,Ottoman Empire,CHR-EAR-0846,1273.3,0.518,0.138,0.5124,0.817,53.4,0.6755,28.2,35.1,0.2989,83.5,16.3,0.4018,0.4451,0.4583,0.3,0.3707,0.3451,0.3838,-0.1,0.3939,0.5595,0.472524,CMN,BRACKET_BASE,false,true,0.6501052999999999,0.5302127999999999,0.7244811999999999,,0.3007,false
EVT-EAR-0847,Printing & Communications Diffusion in Polish-Lithuanian Commonwealth,1556,early_modern,technological,Eastern Europe,Polish-Lithuanian Commonwealth,CHR-EAR-0847,1102.2,0.704,0.689,0.2472,0.255,38.7,0.321,34.7,34.4,0.3647,55.5,20.1,0.3912,0.2802,0.3341,0.413,0.5722,0.5654,0.433,0.2852,0.4906,0.7667,0.510518,CMN,BRACKET_BASE,false,true,0.6340777999999999,0.47301528,0.6279807999999999,,0.3107,false
EVT-EAR-0848,Borderlands Pacification of Portuguese Empire,1590,early_modern,war,Atlantic / Indian Ocean,Portuguese Empire,CHR-EAR-0848,1677.8,0.711,0.478,0.4569,0.712,46,0.586,36.3,41.2,0.4227,38.7,11.3,0.3211,0.4547,0.3628,0.1299,0.3148,0.217,0.2958,-0.2377,0.4787,0.6582,0.827698,RMD,BRACKET_HIGH,true,false,0.38393992000000005,0.39346052000000004,0.54988033,,0.3692,false
EVT-EAR-0849,Printing & Communications Diffusion in Ottoman Empire,1742,early_modern,technological,Southeast Europe / Near East,Ottoman Empire,CHR-EAR-0849,1175.2,0.604,0.286,0.4169,0.306,51.5,0.4105,28.7,36.1,0.3103,78.8,18.2,0.4071,0.3125,0.3574,0.4039,0.4864,0.5826,0.4286,0.2701,0.2012,0.6555,0.678794,RMD,BRACKET_MEDIUM,false,true,0.40156573999999995,0.36626432,0.360297,,0.3112,false
EVT-EAR-0850,Canal Infrastructure Boom in Portuguese Empire,1524,early_modern,economic,Atlantic / Indian Ocean,Portuguese Empire,CHR-EAR-0850,2369.8,0.768,0.586,0.586,0.254,33.2,0.293,28.1,33.6,0.2888,34.8,22.1,0.3674,0.3953,0.3042,0.1533,0.2315,0.2772,0.2723,-0.1181,0.5518,0.6566,0.563052,CMN,BRACKET_BASE,false,true,0.51601485,0.38071506,0.5022318499999999,,0.3469,false
EVT-EAR-0851,Palatial Collapse of Ming & Qing Dynasties,1785,early_modern,collapse,East Asia,Ming & Qing Dynasties,CHR-EAR-0851,1388.9,0.46,0.836,0.3503,0.783,29.6,0.5395,33.4,34.8,0.3531,44.9,20.8,0.3794,0.4871,0.4108,0.1868,0.2547,0.073,0.2825,-0.4141,0.7382,0.8517,0.650849,RMD,BRACKET_MEDIUM,false,true,0.6871179,0.48504720000000007,0.89567434,,0.362,false
EVT-EAR-0852,Strategic Siege of Safavid Empire,1798,early_modern,war,Persia,Safavid Empire,CHR-EAR-0852,2389.9,0.754,0.705,0.5597,0.483,18.7,0.335,35,41,0.4075,44,10.9,0.3284,0.4074,0.3367,0.0995,0.2263,0.31,0.276,-0.0974,0.478,0.6068,0.770659,RMD,BRACKET_HIGH,true,false,0.40016496,0.37916181,0.48325704,,0.3813,false
EVT-EAR-0853,Military Coup d’État in Ottoman Empire,1617,early_modern,revolution,Southeast Europe / Near East,Ottoman Empire,CHR-EAR-0853,1678.3,0.7,0.452,0.4682,0.54,26.8,0.404,31.5,38.7,0.356,47.9,17.5,0.3676,0.4171,0.3259,0.0692,0.3221,0.5892,0.3447,0.1721,0.5507,0.6764,0.509927,CMN,BRACKET_BASE,false,true,0.7008188000000001,0.57140928,0.6763422899999999,,0.4004,false
EVT-EAR-0854,Caravan Route Pestilence in Ottoman Empire,1761,early_modern,pandemic,Southeast Europe / Near East,Ottoman Empire,CHR-EAR-0854,1373.9,0.634,0.293,0.4571,0.817,53.5,0.676,31.6,36,0.3409,18.4,11.2,0.2668,0.468,0.3914,0,0.2232,0.2546,0.2674,-0.2134,0.7428,0.7098,0.420758,CMN,BRACKET_BASE,false,true,0.8712832,0.56506472,0.824538,,0.4065,false
EVT-EAR-0855,Territorial Rupture of Ming & Qing Dynasties,1554,early_modern,collapse,East Asia,Ming & Qing Dynasties,CHR-EAR-0855,1406.4,0.712,0.861,0.2717,0.472,16.2,0.317,28.1,41.9,0.3386,84.7,11.9,0.3808,0.435,0.3828,0.0207,0.0894,0.0584,0.1973,-0.3766,0.456,0.8083,0.355871,CMN,BRACKET_BASE,false,true,0.83563424,0.55135838,0.86118817,,0.3723,false
EVT-EAR-0856,Debt Crisis Settlement of Ottoman Empire,1527,early_modern,economic,Southeast Europe / Near East,Ottoman Empire,CHR-EAR-0856,1507.2,0.465,0.521,0.4738,0.288,46.6,0.377,37.3,40.8,0.4311,82.2,23.2,0.4351,0.4357,0.4083,0.1882,0.2773,0.4209,0.3461,-0.0148,0.4259,0.5522,0.753643,RMD,BRACKET_HIGH,true,false,0.5439999999999999,0.5665,0.7545000000000001,,0.3748,true
EVT-EAR-0857,Imperial Annexation War in Ottoman Empire,1517,early_modern,war,Southeast Europe / Near East,Ottoman Empire,CHR-EAR-0857,1946.8,0.549,0.354,0.6121,0.798,19.6,0.497,28.6,39.1,0.3272,37.6,12.1,0.323,0.4375,0.3563,0.0855,0.2205,0.2919,0.2783,-0.1456,0.5131,0.6215,0.534398,CMN,BRACKET_BASE,false,true,0.5628823199999999,0.39335048,0.51914357,,0.3885,false
EVT-EAR-0858,Respiratory Virulence Wave across Safavid Empire,1559,early_modern,pandemic,Persia,Safavid Empire,CHR-EAR-0858,1016.1,0.757,0.623,0.2289,0.712,33.4,0.523,30.7,34.6,0.3228,19.7,18.7,0.3092,0.3815,0.3449,0,0.1212,0.2983,0.2292,-0.0832,0.8229,0.7194,0.60514,CMN,BRACKET_BASE,false,true,0.58125735,0.3960218,0.50476617,,0.4045,false
EVT-EAR-0859,Systemic Governance Breakdown in Ming & Qing Dynasties,1599,early_modern,collapse,East Asia,Ming & Qing Dynasties,CHR-EAR-0859,1753.7,0.537,0.698,0.4627,0.455,16.1,0.308,33,40,0.38,53.9,20.9,0.3931,0.4488,0.389,0.1093,0.1977,0.0448,0.2379,-0.404,0.7507,0.8632,0.383669,CMN,BRACKET_BASE,false,true,0.912,0.567,0.9884999999999999,,0.3685,true
EVT-EAR-0860,Popular Uprising of Dutch Republic,1543,early_modern,revolution,Northwestern Europe,Dutch Republic,CHR-EAR-0860,1057.7,0.552,0.581,0.3137,0.833,12.4,0.4785,29.3,38.7,0.3324,93.7,13.9,0.3981,0.426,0.3263,0,0.1574,0.1501,0.212,-0.2759,0.7791,0.8051,0.39681,CMN,BRACKET_BASE,false,true,0.84977859,0.54829631,0.8396505000000001,,0.3917,false
EVT-EAR-0861,Mercantile Tariff Overhaul across Tsardom & Russian Empire,1531,early_modern,economic,Northern Eurasia,Tsardom & Russian Empire,CHR-EAR-0861,1632.4,0.451,0.124,0.6294,0.776,21,0.493,39.9,41.3,0.4621,64.3,13.3,0.3679,0.495,0.4158,0.213,0.2756,0.6055,0.401,0.1105,0.3843,0.5481,0.719075,RMD,BRACKET_HIGH,false,false,0.59110552,0.57298098,0.632963,,0.4014,false
EVT-EAR-0862,Printing & Communications Diffusion in Ming & Qing Dynasties,1711,early_modern,technological,East Asia,Ming & Qing Dynasties,CHR-EAR-0862,1090,0.531,0.857,0.2455,0.244,41.8,0.331,39.7,36.6,0.4318,85.2,10.8,0.3757,0.2843,0.3397,0.3965,0.4623,0.5938,0.4153,0.3095,0.499,0.7706,0.694188,RMD,BRACKET_MEDIUM,false,false,0.5936126899999999,0.5395,0.6561250000000001,,0.3179,false
EVT-EAR-0863,Imperial Unification of Spanish Empire,1628,early_modern,transformation,Iberia / Americas,Spanish Empire,CHR-EAR-0863,1788.4,0.433,0.244,0.6391,0.393,40.3,0.398,37.7,40.3,0.4324,64,9,0.346,0.3551,0.4351,0.3719,0.5415,0.5612,0.453,0.2061,0.3881,0.6179,0.759588,RMD,BRACKET_HIGH,true,false,0.38031224999999996,0.49650624000000004,0.57578684,,0.315,false
EVT-EAR-0864,Maritime Trade Hub Expansion in Spanish Empire,1592,early_modern,economic,Iberia / Americas,Spanish Empire,CHR-EAR-0864,2081.1,0.769,0.47,0.546,0.379,18.7,0.283,31.7,41.6,0.3756,77.8,15.8,0.3942,0.4565,0.4234,0.2015,0.3042,0.4955,0.3762,0.039,0.511,0.5981,0.63231,RMD,BRACKET_MEDIUM,false,true,0.64362328,0.568125,0.7382500000000001,,0.3843,false
EVT-EAR-0865,Frontier Campaign of Ming & Qing Dynasties,1738,early_modern,war,East Asia,Ming & Qing Dynasties,CHR-EAR-0865,1323.6,0.611,0.551,0.3736,0.302,13.6,0.219,38.2,39.4,0.4324,88.5,19.2,0.4205,0.3668,0.2751,0.1006,0.2808,0.3623,0.2771,-0.0045,0.3424,0.5643,0.596132,CMN,BRACKET_BASE,false,true,0.55930115,0.48253212,0.6518683999999999,,0.3812,false
EVT-EAR-0866,Radical Assembly Schism in Dutch Republic,1770,early_modern,revolution,Northwestern Europe,Dutch Republic,CHR-EAR-0866,1057.4,0.679,0.898,0.1804,0.79,52.6,0.658,35.1,33.5,0.3636,38.3,21,0.3689,0.3747,0.293,0,0.2717,0.3771,0.2633,0.0024,0.7449,0.6372,0.597389,CMN,BRACKET_BASE,false,true,0.6023619,0.40591772,0.48760542,,0.4052,false
EVT-EAR-0867,Imperial Annexation War in British Empire (Early),1566,early_modern,war,British Isles / Global,British Empire (Early),CHR-EAR-0867,1038.9,0.426,0.576,0.3481,0.488,17.2,0.33,29.7,38.7,0.3367,35.5,15.1,0.3339,0.3757,0.3357,0.0616,0.1314,0.4651,0.2739,0.0894,0.3311,0.6088,0.444002,CMN,BRACKET_BASE,false,true,0.7940088200000001,0.5629755000000001,0.6304696399999999,,0.4053,false
EVT-EAR-0868,Astronomical Standardization by Portuguese Empire,1648,early_modern,technological,Atlantic / Indian Ocean,Portuguese Empire,CHR-EAR-0868,1159.5,0.608,0.696,0.2887,0.379,16.6,0.2725,32.3,35.3,0.3443,21.8,19.4,0.3201,0.229,0.2618,0.3362,0.4046,0.5195,0.3502,0.2905,0.3463,0.7376,0.846771,RMD,BRACKET_HIGH,true,false,0.44354169,0.47486567999999996,0.58197498,,0.3143,false
EVT-EAR-0869,Decentralization Wave across Portuguese Empire,1644,early_modern,collapse,Atlantic / Indian Ocean,Portuguese Empire,CHR-EAR-0869,912.7,0.762,0.726,0.1698,0.418,27.5,0.3465,31.4,40.3,0.3646,31.7,18.9,0.3447,0.4561,0.364,0,0.0651,0.0957,0.1962,-0.3604,0.5419,0.828,0.522284,CMN,BRACKET_BASE,false,true,0.63464776,0.41029737,0.59852136,,0.3868,false
EVT-EAR-0870,Treaty System Implementation across Ottoman Empire,1757,early_modern,transformation,Southeast Europe / Near East,Ottoman Empire,CHR-EAR-0870,1178.1,0.456,0.837,0.2968,0.275,30.1,0.288,41.6,39.6,0.4702,48.5,22.6,0.394,0.2727,0.3427,0.2076,0.3457,0.5141,0.3366,0.2414,0.3291,0.6844,0.798837,RMD,BRACKET_HIGH,true,false,0.69351826,0.5485,0.5746249999999999,,0.3485,false
EVT-EAR-0871,Frontier Fragmentation of Polish-Lithuanian Commonwealth,1774,early_modern,collapse,Eastern Europe,Polish-Lithuanian Commonwealth,CHR-EAR-0871,2077.4,0.615,0.599,0.5525,0.837,35.7,0.597,39.8,37.3,0.437,77.8,15.3,0.3917,0.5869,0.4814,0.0894,0.14,0.1632,0.2922,-0.4237,0.8445,0.8319,0.543627,CMN,BRACKET_BASE,false,true,0.6500410999999999,0.42695919,0.6173916,,0.386,false
EVT-EAR-0872,Agricultural Plague Wave in Portuguese Empire,1666,early_modern,pandemic,Atlantic / Indian Ocean,Portuguese Empire,CHR-EAR-0872,1637.1,0.607,0.447,0.4869,0.486,35.5,0.4205,36.7,41.8,0.4306,20.8,18.7,0.3132,0.4494,0.4025,0.0993,0.2502,0.1052,0.2613,-0.3442,0.7799,0.8101,0.506111,CMN,BRACKET_BASE,false,true,0.74126052,0.54784037,0.8914248,,0.3694,false
EVT-EAR-0873,Monastic Network Expansion of Mughal Empire,1658,early_modern,religious,South Asia,Mughal Empire,CHR-EAR-0873,1785.7,0.711,0.266,0.5484,0.492,35.9,0.4255,38.5,37,0.4212,48.5,18.3,0.3725,0.4032,0.4505,0.3145,0.3652,0.4416,0.395,0.0384,0.3529,0.5297,0.679657,RMD,BRACKET_MEDIUM,false,true,0.4903968,0.52696936,0.6424913,,0.3076,false
EVT-EAR-0874,Printing & Communications Diffusion in Ming & Qing Dynasties,1773,early_modern,technological,East Asia,Ming & Qing Dynasties,CHR-EAR-0874,2042.4,0.662,0.436,0.5783,0.346,30.2,0.324,38.7,41.7,0.4516,61,9.4,0.3446,0.3491,0.4068,0.4693,0.6249,0.6127,0.4926,0.2636,0.3843,0.6653,0.61175,CMN,BRACKET_BASE,false,true,0.473182,0.47752639999999996,0.6131204100000001,,0.307,false
EVT-EAR-0875,Temple Bureaucracy Reorganization of Kingdom of France (Bourbon),1611,early_modern,religious,Western Europe,Kingdom of France (Bourbon),CHR-EAR-0875,1460.3,0.424,0.872,0.3687,0.438,50.2,0.47,34.7,36.8,0.3791,77.8,20.1,0.4157,0.4313,0.4063,0.2115,0.3793,0.6774,0.4212,0.2461,0.2607,0.6454,0.763108,RMD,BRACKET_HIGH,true,false,0.428625,0.5798749999999999,0.627875,,0.3963,false
EVT-EAR-0876,Imperial Annexation War in Ming & Qing Dynasties,1587,early_modern,war,East Asia,Ming & Qing Dynasties,CHR-EAR-0876,1628.9,0.718,0.251,0.5103,0.804,39,0.597,37.9,33.3,0.3926,67.7,22.3,0.4166,0.5495,0.4336,0.2142,0.405,0.3145,0.3834,-0.235,0.6063,0.6835,0.647771,RMD,BRACKET_MEDIUM,false,true,0.67928256,0.570625,0.910125,,0.3719,true
EVT-EAR-0877,Navigational Instrument Reform in Dutch Republic,1608,early_modern,technological,Northwestern Europe,Dutch Republic,CHR-EAR-0877,1184.2,0.478,0.408,0.4204,0.586,46.4,0.525,41.6,42.1,0.4852,44.5,23.5,0.3922,0.4044,0.4483,0.558,0.6648,0.5793,0.531,0.1749,0.4868,0.6316,0.747938,RMD,BRACKET_HIGH,true,false,0.5211708,0.4932396,0.72818966,,0.2801,false
EVT-EAR-0878,Harbor Incursion Sickness in Ming & Qing Dynasties,1581,early_modern,pandemic,East Asia,Ming & Qing Dynasties,CHR-EAR-0878,1222.8,0.657,0.142,0.4565,0.283,12.2,0.2025,37.6,33.7,0.3917,38.5,23.2,0.3802,0.437,0.4015,0.1136,0.3426,0.3625,0.3314,-0.0745,0.6973,0.6869,0.613758,CMN,BRACKET_BASE,false,true,0.58337982,0.50004435,0.77145159,,0.3881,false
EVT-EAR-0879,Palatial Collapse of Spanish Empire,1747,early_modern,collapse,Iberia / Americas,Spanish Empire,CHR-EAR-0879,2231,0.495,0.235,0.7374,0.264,53.1,0.3975,29.3,41.2,0.3474,80.4,14.2,0.3885,0.6112,0.548,0.2249,0.2535,0.3088,0.3893,-0.3024,0.5417,0.7064,0.37102,CMN,BRACKET_BASE,false,true,0.85955231,0.590875,0.950125,,0.3709,false
EVT-EAR-0880,Metallurgical Innovation Surge in Tsardom & Russian Empire,1579,early_modern,technological,Northern Eurasia,Tsardom & Russian Empire,CHR-EAR-0880,1901.9,0.529,0.466,0.573,0.802,31,0.556,34.3,38.1,0.3826,89.4,18.1,0.4157,0.4301,0.4746,0.5627,0.6449,0.6074,0.5439,0.1773,0.4744,0.6176,0.589708,CMN,BRACKET_BASE,false,true,0.37508163,0.37869243999999996,0.4674835,,0.2723,false
EVT-EAR-0881,Urban Quarantine Emergency in Portuguese Empire,1631,early_modern,pandemic,Atlantic / Indian Ocean,Portuguese Empire,CHR-EAR-0881,1578.6,0.569,0.853,0.3614,0.245,19.7,0.221,32.1,32.9,0.3277,72.1,17.8,0.3987,0.4083,0.3681,0.0614,0.2833,0.2987,0.284,-0.1096,0.6942,0.7262,0.613202,CMN,BRACKET_BASE,false,true,0.64241424,0.3920668,0.5269725,,0.3904,false
EVT-EAR-0882,Guild Monopoly Reform in Dutch Republic,1693,early_modern,economic,Northwestern Europe,Dutch Republic,CHR-EAR-0882,1649.9,0.708,0.697,0.3849,0.305,15,0.2275,37.8,36.9,0.4131,61,15.1,0.3731,0.3918,0.3038,0.1481,0.2022,0.4097,0.2911,0.0179,0.4875,0.6077,0.780803,RMD,BRACKET_HIGH,true,false,0.37474603,0.3883712,0.45172828,,0.3783,false
EVT-EAR-0883,Harbor Incursion Sickness in Ming & Qing Dynasties,1599,early_modern,pandemic,East Asia,Ming & Qing Dynasties,CHR-EAR-0883,1267.3,0.455,0.595,0.3927,0.686,52.8,0.607,40.6,39.2,0.457,58,13.7,0.3624,0.4792,0.4228,0.0937,0.2839,0.4519,0.3463,-0.0273,0.9435,0.6621,0.658021,RMD,BRACKET_MEDIUM,false,true,0.4956915,0.40296292,0.49246587999999997,,0.405,false
EVT-EAR-0884,Harbor Incursion Sickness in Ming & Qing Dynasties,1686,early_modern,pandemic,East Asia,Ming & Qing Dynasties,CHR-EAR-0884,1151.6,0.501,0.355,0.421,0.738,18.1,0.4595,29.2,38.6,0.3307,55.1,12.6,0.3532,0.4696,0.4298,0,0.181,0.3668,0.2894,-0.1028,0.8288,0.711,0.318532,CMN,BRACKET_BASE,false,true,0.9042222000000001,0.596125,0.835125,,0.408,false
EVT-EAR-0885,Popular Uprising of Ming & Qing Dynasties,1785,early_modern,revolution,East Asia,Ming & Qing Dynasties,CHR-EAR-0885,928.9,0.525,0.65,0.2679,0.658,36.9,0.5135,31.4,32.9,0.3202,18.7,20,0.312,0.4403,0.3218,0.0247,0.1274,0.4576,0.2744,0.0173,0.4388,0.5838,0.49764,CMN,BRACKET_BASE,false,true,0.64677564,0.5853115799999999,0.70216146,,0.407,false
EVT-EAR-0886,Printing & Communications Diffusion in Kingdom of France (Bourbon),1563,early_modern,technological,Western Europe,Kingdom of France (Bourbon),CHR-EAR-0886,1752.2,0.579,0.158,0.6117,0.704,26,0.482,38.4,33.2,0.3974,42.9,22.5,0.3846,0.371,0.4182,0.4927,0.5826,0.5061,0.4741,0.1351,0.2021,0.5298,0.732391,RMD,BRACKET_HIGH,true,false,0.41797503,0.47271405,0.6382472999999999,,0.2743,false
EVT-EAR-0887,Secular Legal Separation in British Empire (Early),1688,early_modern,religious,British Isles / Global,British Empire (Early),CHR-EAR-0887,1242.1,0.614,0.282,0.4324,0.588,22.5,0.4065,39.6,34.9,0.4205,73.4,12.8,0.3749,0.4402,0.4485,0.3263,0.5037,0.6099,0.4657,0.1697,0.3503,0.6203,0.530295,CMN,BRACKET_BASE,false,true,0.47024248,0.47644892,0.5562315,,0.3522,false
EVT-EAR-0888,Silver Flotilla Currency Shock in Ming & Qing Dynasties,1628,early_modern,economic,East Asia,Ming & Qing Dynasties,CHR-EAR-0888,2384.9,0.544,0.271,0.7516,0.541,43.3,0.487,35.6,35.1,0.3786,78.4,12.9,0.3802,0.5503,0.5112,0.2715,0.4185,0.6577,0.4818,0.1074,0.5535,0.5838,0.735192,RMD,BRACKET_HIGH,true,false,0.36544488,0.40614395999999997,0.44466464,,0.3975,false
EVT-EAR-0889,Grain Market Price Shock across British Empire (Early),1655,early_modern,economic,British Isles / Global,British Empire (Early),CHR-EAR-0889,1394.2,0.442,0.419,0.4821,0.367,23.7,0.302,41.7,34,0.4377,25,11.3,0.2895,0.4109,0.3595,0.1121,0.2887,0.201,0.2744,-0.2099,0.4258,0.6665,0.862905,RMD,BRACKET_HIGH,true,false,0.45082400000000006,0.38402946000000004,0.5239710999999999,,0.3624,false
EVT-EAR-0890,Grain Market Price Shock across Tsardom & Russian Empire,1673,early_modern,economic,Northern Eurasia,Tsardom & Russian Empire,CHR-EAR-0890,1340.6,0.483,0.178,0.5283,0.268,46.5,0.3665,29.4,36.2,0.3184,75.5,13.7,0.3815,0.3555,0.3003,0.0979,0.2049,0.1259,0.2169,-0.2296,0.2749,0.6407,0.500937,CMN,BRACKET_BASE,false,true,0.7050010800000001,0.47815085999999996,0.7419840000000001,,0.3398,false
EVT-EAR-0891,Canal Infrastructure Boom in Spanish Empire,1520,early_modern,economic,Iberia / Americas,Spanish Empire,CHR-EAR-0891,1255.3,0.647,0.552,0.3449,0.476,40.9,0.4425,31.3,41,0.3677,91.2,8.7,0.3702,0.4127,0.347,0.113,0.26,0.3591,0.2984,-0.0536,0.5468,0.6224,0.655925,RMD,BRACKET_MEDIUM,false,true,0.56777641,0.38472228,0.48300318000000003,,0.3852,false
EVT-EAR-0892,Military Coup d’État in Ottoman Empire,1583,early_modern,revolution,Southeast Europe / Near East,Ottoman Empire,CHR-EAR-0892,1806.5,0.678,0.889,0.3767,0.366,47,0.418,41.8,34.4,0.4412,69.5,16.8,0.391,0.4244,0.3297,0.0143,0.1925,0.1271,0.2176,-0.2973,0.6507,0.7678,0.438565,CMN,BRACKET_BASE,false,true,0.8469054699999999,0.568125,0.92775,,0.3885,true
EVT-EAR-0893,Monastic Network Expansion of Ming & Qing Dynasties,1574,early_modern,religious,East Asia,Ming & Qing Dynasties,CHR-EAR-0893,1594.7,0.514,0.173,0.5861,0.259,33.3,0.296,39.7,42.8,0.469,88.4,19.5,0.4219,0.4339,0.5127,0.3388,0.4791,0.3813,0.4292,-0.0526,0.2391,0.5155,0.451242,CMN,BRACKET_BASE,false,true,0.5817039300000001,0.54295666,0.6790117,,0.2984,false
EVT-EAR-0894,Frontier Fragmentation of Tsardom & Russian Empire,1666,early_modern,collapse,Northern Eurasia,Tsardom & Russian Empire,CHR-EAR-0894,1801.6,0.502,0.782,0.4604,0.267,47.3,0.37,34.4,35.2,0.3663,37.5,17.8,0.3513,0.4954,0.3841,0.0417,0.0725,0.0682,0.2124,-0.4272,0.6245,0.8373,0.287198,CMN,BRACKET_BASE,false,true,0.907498,0.59425,0.9897499999999999,,0.3747,true
EVT-EAR-0895,Frontier Campaign of Kingdom of France (Bourbon),1728,early_modern,war,Western Europe,Kingdom of France (Bourbon),CHR-EAR-0895,1180.9,0.623,0.415,0.374,0.358,36.3,0.3605,37.6,34.7,0.3977,93,10.2,0.3791,0.4263,0.3779,0.1228,0.2711,0.2336,0.2863,-0.1927,0.6168,0.7184,0.792224,RMD,BRACKET_HIGH,true,false,0.52552017,0.38147816,0.5349314,,0.3638,false
EVT-EAR-0896,Debt Crisis Settlement of Tokugawa Shogunate,1530,early_modern,economic,Japan,Tokugawa Shogunate,CHR-EAR-0896,1743.3,0.644,0.833,0.3874,0.701,52.1,0.611,37.5,34.4,0.3949,51.6,15.7,0.3639,0.4544,0.4143,0.2009,0.3582,0.5636,0.3983,0.1092,0.4075,0.5818,0.616258,CMN,BRACKET_BASE,false,true,0.6742189999999999,0.5755,0.6837500000000001,,0.3933,false
EVT-EAR-0897,Systemic Governance Breakdown in Ottoman Empire,1749,early_modern,collapse,Southeast Europe / Near East,Ottoman Empire,CHR-EAR-0897,1461.7,0.62,0.862,0.3133,0.557,31.8,0.4375,31.6,39.5,0.3619,94.7,10.9,0.3839,0.5183,0.4389,0.2154,0.2528,0.2606,0.3372,-0.2577,0.4489,0.7145,0.796539,RMD,BRACKET_HIGH,true,false,0.44717346,0.38435892,0.53877215,,0.3422,false
EVT-EAR-0898,Printing & Communications Diffusion in Safavid Empire,1771,early_modern,technological,Persia,Safavid Empire,CHR-EAR-0898,1256.2,0.475,0.671,0.361,0.232,38.9,0.3105,38.1,42.3,0.4487,59.9,11.5,0.3537,0.3114,0.3432,0.3909,0.4663,0.5449,0.4113,0.2335,0.2635,0.6539,0.665976,RMD,BRACKET_MEDIUM,false,true,0.5029263199999999,0.46625748,0.56352322,,0.3025,false
EVT-EAR-0899,Canal Infrastructure Boom in Ottoman Empire,1554,early_modern,economic,Southeast Europe / Near East,Ottoman Empire,CHR-EAR-0899,911.5,0.495,0.803,0.2265,0.212,22.1,0.2165,34.3,39.2,0.3892,20.4,20.5,0.3208,0.2802,0.2126,0,0.1719,0.0717,0.1473,-0.2085,0.5571,0.757,0.530058,CMN,BRACKET_BASE,false,true,0.64115634,0.36036914,0.49507500000000004,,0.3554,false
EVT-EAR-0900,Secular Legal Separation in Ming & Qing Dynasties,1637,early_modern,religious,East Asia,Ming & Qing Dynasties,CHR-EAR-0900,1180.5,0.501,0.622,0.3484,0.716,18.2,0.449,35.4,34,0.3698,45.1,18.7,0.3692,0.4128,0.4282,0.2731,0.3864,0.5138,0.4029,0.101,0.3557,0.5984,0.552437,CMN,BRACKET_BASE,false,true,0.6108981099999999,0.5346242999999999,0.61528376,,0.3506,false
EVT-EAR-0901,Metallurgical Innovation Surge in Spanish Empire,1682,early_modern,technological,Iberia / Americas,Spanish Empire,CHR-EAR-0901,1053.3,0.582,0.297,0.3888,0.634,36.6,0.5,36,38,0.4003,82.6,15.1,0.395,0.3651,0.3951,0.4535,0.6023,0.5142,0.466,0.1491,0.1866,0.5638,0.70782,RMD,BRACKET_HIGH,false,false,0.53807152,0.5395620999999999,0.61687737,,0.2823,false
EVT-EAR-0902,Civic Restoration Revolt in Dutch Republic,1605,early_modern,revolution,Northwestern Europe,Dutch Republic,CHR-EAR-0902,1222.8,0.594,0.301,0.4277,0.573,14.7,0.36,31.6,38.2,0.3541,64,12.7,0.3645,0.4407,0.3454,0.096,0.2907,0.176,0.2698,-0.2647,0.351,0.6894,0.587495,CMN,BRACKET_BASE,false,true,0.47177416,0.39730292,0.5478774399999999,,0.3715,false
EVT-EAR-0903,Monastic Network Expansion of Dutch Republic,1746,early_modern,religious,Northwestern Europe,Dutch Republic,CHR-EAR-0903,870.2,0.707,0.827,0.145,0.651,42.9,0.54,29.4,37.4,0.3256,88.2,19.4,0.4212,0.3887,0.4381,0.2568,0.326,0.3386,0.3496,-0.0501,0.2836,0.5764,0.627318,CMN,BRACKET_BASE,false,true,0.52695552,0.48481416000000005,0.6819140300000001,,0.3102,false
EVT-EAR-0904,Borderlands Pacification of Spanish Empire,1729,early_modern,war,Iberia / Americas,Spanish Empire,CHR-EAR-0904,1569.3,0.713,0.288,0.4853,0.203,13,0.1665,40.4,34.5,0.4267,55.2,14.8,0.3643,0.3741,0.2636,0,0.0956,0.3805,0.2228,0.0064,0.4397,0.5816,0.591684,CMN,BRACKET_BASE,false,true,0.5959483999999999,0.4072194,0.46259308000000005,,0.4074,false
EVT-EAR-0905,Systemic Governance Breakdown in Spanish Empire,1741,early_modern,collapse,Iberia / Americas,Spanish Empire,CHR-EAR-0905,1447.8,0.761,0.757,0.2989,0.321,45.8,0.3895,34.8,42,0.4114,19.4,13.2,0.2806,0.4854,0.3893,0.0594,0.1465,0.2005,0.2562,-0.2849,0.5387,0.7536,0.646586,RMD,BRACKET_MEDIUM,false,true,0.607875,0.578,0.9243750000000001,,0.3899,true
EVT-EAR-0906,Educational Charter of Tsardom & Russian Empire,1660,early_modern,transformation,Northern Eurasia,Tsardom & Russian Empire,CHR-EAR-0906,1415.1,0.562,0.364,0.468,0.554,12.1,0.3375,28.9,41.1,0.3424,74.2,20.7,0.4152,0.3108,0.3868,0.2388,0.461,0.5431,0.3881,0.2323,0.1102,0.6108,0.831182,RMD,BRACKET_HIGH,true,false,0.50022467,0.558375,0.524625,,0.3521,false
EVT-EAR-0907,Strategic Siege of Tokugawa Shogunate,1691,early_modern,war,Japan,Tokugawa Shogunate,CHR-EAR-0907,1245.6,0.573,0.355,0.4237,0.223,50.8,0.3655,35,41.6,0.4111,27.7,23,0.3554,0.3684,0.2933,0.0479,0.191,0.3561,0.2513,-0.0123,0.3017,0.532,0.545461,CMN,BRACKET_BASE,false,true,0.52021764,0.39428687999999995,0.44955064000000006,,0.3974,false
EVT-EAR-0908,Provincial Autonomy Insurgency against British Empire (Early),1570,early_modern,revolution,British Isles / Global,British Empire (Early),CHR-EAR-0908,853.4,0.688,0.582,0.2199,0.227,25.1,0.239,35.7,34.2,0.3743,28.7,18.4,0.335,0.363,0.2612,0,0.1666,0.105,0.1792,-0.258,0.6684,0.8114,0.770199,RMD,BRACKET_HIGH,true,false,0.57031641,0.3747948,0.54103036,,0.3769,false
EVT-EAR-0909,Secular Legal Separation in Dutch Republic,1587,early_modern,religious,Northwestern Europe,Dutch Republic,CHR-EAR-0909,2267.1,0.57,0.159,0.747,0.21,28.8,0.249,32.8,36,0.3538,85.5,22,0.432,0.405,0.3716,0.2907,0.4433,0.6388,0.4299,0.2338,0.3171,0.6331,0.797099,RMD,BRACKET_HIGH,true,false,0.6156912,0.56075,0.59,,0.3631,false
EVT-EAR-0910,Urban Quarantine Emergency in Kingdom of France (Bourbon),1715,early_modern,pandemic,Western Europe,Kingdom of France (Bourbon),CHR-EAR-0910,1541,0.622,0.519,0.436,0.475,29.7,0.386,29.6,34.3,0.3092,24.7,20.7,0.3356,0.464,0.4031,0,0.1839,0.3639,0.283,-0.1001,0.7689,0.7066,0.407338,CMN,BRACKET_BASE,false,true,0.8205,0.58825,0.832125,,0.4078,true
EVT-EAR-0911,Agricultural Plague Wave in Mughal Empire,1614,early_modern,pandemic,South Asia,Mughal Empire,CHR-EAR-0911,896.1,0.515,0.853,0.2015,0.282,28.2,0.282,41,42,0.4782,73.1,14.1,0.3812,0.3714,0.3401,0,0.2148,0.3916,0.2636,0.0202,0.6698,0.6641,0.332724,CMN,BRACKET_BASE,false,true,0.8283333500000001,0.56287826,0.72290174,,0.4057,false
EVT-EAR-0912,Palatial Collapse of Spanish Empire,1637,early_modern,collapse,Iberia / Americas,Spanish Empire,CHR-EAR-0912,1749.6,0.563,0.332,0.5637,0.36,44.2,0.401,41.5,42.8,0.4883,47.6,9.7,0.3281,0.5185,0.4539,0.2355,0.3137,0.3005,0.3644,-0.218,0.8282,0.7368,0.662218,RMD,BRACKET_MEDIUM,false,true,0.78138189,0.560125,0.913625,,0.3429,false
EVT-EAR-0913,Navigational Instrument Reform in Kingdom of France (Bourbon),1682,early_modern,technological,Western Europe,Kingdom of France (Bourbon),CHR-EAR-0913,1616,0.515,0.488,0.4968,0.567,40.8,0.4875,33.9,42.5,0.4047,93.4,9.7,0.3769,0.3457,0.4039,0.4717,0.5836,0.4823,0.4574,0.1366,0.4289,0.6026,0.742034,RMD,BRACKET_HIGH,true,false,0.42885083999999996,0.52279479,0.69371115,,0.2779,false
EVT-EAR-0914,Agrarian Restructuring of Kingdom of France (Bourbon),1612,early_modern,transformation,Western Europe,Kingdom of France (Bourbon),CHR-EAR-0914,1455.2,0.679,0.199,0.4928,0.824,23.5,0.5295,40.5,37.3,0.4446,31.4,20,0.3495,0.3642,0.4402,0.3047,0.4318,0.4864,0.4055,0.1222,0.2146,0.5296,0.88544,RMD,BRACKET_HIGH,true,false,0.34607038999999995,0.37906875,0.37896768,,0.3177,false
EVT-EAR-0915,Mercantile Tariff Overhaul across Tokugawa Shogunate,1529,early_modern,economic,Japan,Tokugawa Shogunate,CHR-EAR-0915,1904.5,0.658,0.714,0.4605,0.543,40,0.4715,30.9,41.2,0.3646,58.3,22,0.4043,0.4358,0.4082,0.1299,0.2688,0.1947,0.2875,-0.2411,0.4113,0.6685,0.332619,CMN,BRACKET_BASE,false,true,0.69084106,0.48829475999999994,0.7915299000000001,,0.3571,false
EVT-EAR-0916,Decentralization Wave across Spanish Empire,1770,early_modern,collapse,Iberia / Americas,Spanish Empire,CHR-EAR-0916,1805.8,0.724,0.268,0.5491,0.292,12.4,0.208,28.8,35.8,0.3096,45.2,20.1,0.3764,0.4902,0.4182,0.0663,0.0958,0.1374,0.2416,-0.3528,0.5025,0.7861,0.64886,RMD,BRACKET_MEDIUM,false,true,0.50147034,0.40839743,0.5928318,,0.3748,false
EVT-EAR-0917,Temple Bureaucracy Reorganization of Safavid Empire,1538,early_modern,religious,Persia,Safavid Empire,CHR-EAR-0917,1516.2,0.471,0.163,0.5817,0.609,20.3,0.406,38.5,37.3,0.423,76.6,18.9,0.4085,0.4587,0.4689,0.2942,0.4265,0.4801,0.4257,0.0214,0.3694,0.5223,0.749945,RMD,BRACKET_HIGH,true,false,0.38510202,0.3772265,0.43516780000000005,,0.3444,false
EVT-EAR-0918,Strategic Siege of Polish-Lithuanian Commonwealth,1509,early_modern,war,Eastern Europe,Polish-Lithuanian Commonwealth,CHR-EAR-0918,2258.8,0.665,0.34,0.6621,0.415,42.7,0.421,38.4,39.5,0.4352,39.1,22.4,0.3774,0.5137,0.4021,0.2289,0.3164,0.6195,0.4161,0.1058,0.3307,0.5421,0.432059,CMN,BRACKET_BASE,false,true,0.74988303,0.5885,0.6703749999999999,,0.4003,false
EVT-EAR-0919,Epidemic Fever Outbreak across Spanish Empire,1597,early_modern,pandemic,Iberia / Americas,Spanish Empire,CHR-EAR-0919,1352.5,0.626,0.642,0.3493,0.48,36.8,0.424,29.3,37,0.3222,90.8,8.2,0.3673,0.4426,0.3823,0.0438,0.2722,0.433,0.3148,-0.0096,0.8539,0.6843,0.49582,CMN,BRACKET_BASE,false,true,0.75780276,0.581125,0.786875,,0.4052,false
EVT-EAR-0920,Respiratory Virulence Wave across Kingdom of France (Bourbon),1732,early_modern,pandemic,Western Europe,Kingdom of France (Bourbon),CHR-EAR-0920,1345.7,0.424,0.662,0.4021,0.77,35.8,0.564,32.6,33.2,0.3349,46.5,22.6,0.3909,0.461,0.4252,0,0.1269,0.3158,0.2658,-0.1452,0.6275,0.6701,0.361084,CMN,BRACKET_BASE,false,true,0.8763533399999999,0.600375,0.865125,,0.4107,false
EVT-EAR-0921,Frontier Fragmentation of Mughal Empire,1670,early_modern,collapse,South Asia,Mughal Empire,CHR-EAR-0921,2145.5,0.707,0.437,0.5911,0.69,42.1,0.5555,33.8,35.9,0.364,20.7,11.7,0.2778,0.5781,0.4944,0.1204,0.1777,0.394,0.3529,-0.1841,0.5036,0.6287,0.529491,CMN,BRACKET_BASE,false,true,0.76038054,0.61125,0.892625,,0.4091,false
EVT-EAR-0922,Strategic Siege of Kingdom of France (Bourbon),1783,early_modern,war,Western Europe,Kingdom of France (Bourbon),CHR-EAR-0922,2023.2,0.687,0.272,0.6151,0.242,17.8,0.21,37.3,42.1,0.4389,85.8,11.8,0.3812,0.4754,0.4272,0.2334,0.4065,0.3906,0.3866,-0.0848,0.6155,0.6401,0.554664,CMN,BRACKET_BASE,false,true,0.58402701,0.5424112200000001,0.7640753,,0.3561,false
EVT-EAR-0923,Frontier Fragmentation of Ming & Qing Dynasties,1742,early_modern,collapse,East Asia,Ming & Qing Dynasties,CHR-EAR-0923,1872.2,0.762,0.48,0.4912,0.408,15.3,0.2805,31.1,32.4,0.3139,55.5,21.3,0.3972,0.4837,0.4239,0.1795,0.2682,0.2542,0.3219,-0.2295,0.4489,0.7033,0.501878,CMN,BRACKET_BASE,false,true,0.7186068,0.49104,0.79651208,,0.3506,false
EVT-EAR-0924,Dynastic Disintegration of Polish-Lithuanian Commonwealth,1518,early_modern,collapse,Eastern Europe,Polish-Lithuanian Commonwealth,CHR-EAR-0924,2248.4,0.586,0.322,0.6885,0.279,53,0.4045,41.7,43,0.4917,24.9,12.1,0.2932,0.5897,0.5237,0.2488,0.3282,0.3558,0.4092,-0.2339,0.7804,0.7137,0.516642,CMN,BRACKET_BASE,false,true,0.58577274,0.39265856,0.56466009,,0.3667,false
EVT-EAR-0925,Mercantile Tariff Overhaul across Portuguese Empire,1566,early_modern,economic,Atlantic / Indian Ocean,Portuguese Empire,CHR-EAR-0925,1134.5,0.722,0.104,0.4256,0.34,47.9,0.4095,31,37.3,0.3423,39.1,14.8,0.3394,0.3623,0.3151,0.1982,0.2801,0.168,0.2647,-0.1943,0.5838,0.7043,0.685129,RMD,BRACKET_MEDIUM,false,false,0.54211402,0.3754821,0.52418156,,0.313,false
EVT-EAR-0926,Printing & Communications Diffusion in Ming & Qing Dynasties,1641,early_modern,technological,East Asia,Ming & Qing Dynasties,CHR-EAR-0926,1906,0.693,0.195,0.6061,0.461,15.7,0.309,37,32.6,0.3787,55.4,19,0.3856,0.3644,0.4221,0.4824,0.5536,0.7275,0.51,0.3631,0.4855,0.7534,0.531344,CMN,BRACKET_BASE,false,true,0.63322896,0.53850636,0.5952654400000001,,0.3304,false
EVT-EAR-0927,Guild Monopoly Reform in Dutch Republic,1729,early_modern,economic,Northwestern Europe,Dutch Republic,CHR-EAR-0927,1619.9,0.446,0.282,0.5803,0.83,36.2,0.596,33.3,40.2,0.3844,67.1,12.8,0.3685,0.5161,0.4911,0.2597,0.3578,0.6887,0.4627,0.1726,0.3832,0.5849,0.845474,RMD,BRACKET_HIGH,true,false,0.46613581,0.57422016,0.62958276,,0.3998,false
EVT-EAR-0928,Systemic Governance Breakdown in Ottoman Empire,1685,early_modern,collapse,Southeast Europe / Near East,Ottoman Empire,CHR-EAR-0928,1897.4,0.487,0.669,0.5235,0.292,14.2,0.217,31.2,36.3,0.3384,29.7,8.1,0.286,0.4305,0.3328,0.0041,0.0379,0.2197,0.205,-0.2108,0.8322,0.79,0.373547,CMN,BRACKET_BASE,false,true,1,0.5722499999999999,0.8647499999999999,,0.4017,true
EVT-EAR-0929,Frontier Fragmentation of Polish-Lithuanian Commonwealth,1698,early_modern,collapse,Eastern Europe,Polish-Lithuanian Commonwealth,CHR-EAR-0929,2159.4,0.76,0.221,0.6436,0.26,21.1,0.2355,29,33.8,0.2997,84,22.3,0.4322,0.5516,0.4828,0.186,0.2754,0.3626,0.3717,-0.189,0.6898,0.7277,0.440076,CMN,BRACKET_BASE,false,true,0.54275592,0.40010565000000003,0.5588422399999999,,0.3839,false
EVT-EAR-0930,Borderlands Pacification of Kingdom of France (Bourbon),1588,early_modern,war,Western Europe,Kingdom of France (Bourbon),CHR-EAR-0930,1611.3,0.549,0.695,0.4233,0.789,22.1,0.505,37.3,33.5,0.3873,44.9,16.2,0.3564,0.4876,0.3899,0.1299,0.2835,0.2149,0.3012,-0.2727,0.3637,0.6708,0.396958,CMN,BRACKET_BASE,false,true,0.8816388000000001,0.5725,0.889625,,0.3714,true
EVT-EAR-0931,Pantheon Reformation of Ottoman Empire,1505,early_modern,religious,Southeast Europe / Near East,Ottoman Empire,CHR-EAR-0931,2202.8,0.75,0.197,0.665,0.718,39.2,0.555,28.5,35.7,0.3057,87.2,10.1,0.3739,0.4995,0.5085,0.4253,0.5972,0.6981,0.5457,0.1986,0.3588,0.5981,0.627711,CMN,BRACKET_BASE,false,true,0.44541187,0.47951288999999997,0.5380505800000001,,0.3382,false
EVT-EAR-0932,Administrative Codification of Mughal Empire,1681,early_modern,transformation,South Asia,Mughal Empire,CHR-EAR-0932,973,0.777,0.444,0.2654,0.233,47.9,0.356,31.4,41.2,0.37,24.9,21.1,0.3382,0.2389,0.2721,0.221,0.4586,0.4834,0.3348,0.2445,0.2662,0.6799,0.891783,RMD,BRACKET_HIGH,true,false,0.37142484,0.37845864,0.3296199,,0.333,false
EVT-EAR-0933,Hydraulic Engineering Grid in Tokugawa Shogunate,1717,early_modern,technological,Japan,Tokugawa Shogunate,CHR-EAR-0933,1804.8,0.547,0.716,0.4675,0.236,34.4,0.29,38.3,42.8,0.4539,71.2,16.4,0.3907,0.3028,0.3427,0.3988,0.5486,0.4696,0.4125,0.1668,0.3794,0.6332,0.693929,RMD,BRACKET_MEDIUM,false,false,0.51359616,0.38552759999999997,0.44245140000000005,,0.2857,false
EVT-EAR-0934,Astronomical Standardization by Kingdom of France (Bourbon),1739,early_modern,technological,Western Europe,Kingdom of France (Bourbon),CHR-EAR-0934,2287.5,0.428,0.524,0.6854,0.502,43.8,0.47,41,42.3,0.48,25.1,23.3,0.3498,0.4046,0.4332,0.4734,0.5624,0.5339,0.4815,0.1293,0.3692,0.5468,0.664187,RMD,BRACKET_MEDIUM,false,true,0.39903072,0.46537556,0.62607328,,0.2698,false
EVT-EAR-0935,Temple Bureaucracy Reorganization of Mughal Empire,1653,early_modern,religious,South Asia,Mughal Empire,CHR-EAR-0935,2179.2,0.442,0.374,0.6982,0.78,51.4,0.647,30.6,37.2,0.3374,93,13.7,0.3966,0.4994,0.5118,0.3671,0.4475,0.4592,0.457,-0.0402,0.4299,0.5068,0.565163,CMN,BRACKET_BASE,false,true,0.49879830000000003,0.37974299,0.46659214,,0.3078,false
EVT-EAR-0936,Imperial Annexation War in Dutch Republic,1739,early_modern,war,Northwestern Europe,Dutch Republic,CHR-EAR-0936,2296.8,0.539,0.378,0.6983,0.496,14.7,0.3215,30.3,32.8,0.3077,53,10.8,0.3414,0.412,0.2974,0.0759,0.2176,0.296,0.2598,-0.116,0.3183,0.5731,0.499566,CMN,BRACKET_BASE,false,true,0.5909862399999999,0.5432275200000001,0.72030816,,0.3867,false
EVT-EAR-0937,Decentralization Wave across Ming & Qing Dynasties,1520,early_modern,collapse,East Asia,Ming & Qing Dynasties,CHR-EAR-0937,1562.3,0.648,0.575,0.4169,0.734,42.1,0.5775,35.1,34.4,0.369,84.9,23.1,0.437,0.5898,0.5014,0.2006,0.2729,0.3762,0.3882,-0.2136,0.5117,0.6688,0.646862,RMD,BRACKET_MEDIUM,false,true,0.7079853599999999,0.587125,0.8981250000000001,,0.3898,false
EVT-EAR-0938,Popular Uprising of Spanish Empire,1570,early_modern,revolution,Iberia / Americas,Spanish Empire,CHR-EAR-0938,1240.2,0.426,0.493,0.425,0.215,43.9,0.327,28.4,33.4,0.2909,36.6,19.2,0.3566,0.367,0.2026,0,0.1319,0.247,0.1897,-0.12,0.6665,0.705,0.422715,CMN,BRACKET_BASE,false,true,0.6952567099999999,0.39328567999999997,0.5137968,,0.3945,false
EVT-EAR-0939,Orthodoxy & Heresy Trial Wave in Kingdom of France (Bourbon),1505,early_modern,religious,Western Europe,Kingdom of France (Bourbon),CHR-EAR-0939,1489,0.691,0.653,0.3617,0.363,19.5,0.279,29.2,33.1,0.2977,52.6,18.9,0.3813,0.3611,0.4379,0.3474,0.5023,0.5952,0.4488,0.2341,0.4701,0.7332,0.449072,CMN,BRACKET_BASE,false,true,0.6229534999999999,0.45651262,0.52190791,,0.3277,false
EVT-EAR-0940,Sanitation & Medical Breakthrough in Ottoman Empire,1621,early_modern,technological,Southeast Europe / Near East,Ottoman Empire,CHR-EAR-0940,1576.2,0.681,0.559,0.4154,0.202,51,0.356,30.7,41.8,0.366,51,14,0.3546,0.2775,0.3005,0.3784,0.5048,0.4328,0.3788,0.1553,0.376,0.6373,0.685439,RMD,BRACKET_MEDIUM,false,false,0.40319286,0.38149568,0.44633120000000004,,0.278,false
EVT-EAR-0941,Succession Conflict of Tokugawa Shogunate,1696,early_modern,war,Japan,Tokugawa Shogunate,CHR-EAR-0941,2313.6,0.452,0.694,0.6339,0.485,28,0.3825,30.2,34.8,0.3186,42.1,8.4,0.3127,0.4352,0.3357,0.0617,0.1834,0.3121,0.2656,-0.1231,0.6623,0.6618,0.492638,CMN,BRACKET_BASE,false,true,0.76800075,0.5501242399999999,0.77902997,,0.3966,false
EVT-EAR-0942,Provincial Autonomy Insurgency against Ming & Qing Dynasties,1660,early_modern,revolution,East Asia,Ming & Qing Dynasties,CHR-EAR-0942,1977.3,0.578,0.703,0.5066,0.639,50,0.5695,42,42.5,0.4919,23.6,19.5,0.3263,0.5201,0.3472,0.1175,0.263,0.2369,0.2969,-0.2832,0.6881,0.7198,0.513493,CMN,BRACKET_BASE,false,true,0.73833796,0.49429866,0.83912382,,0.3824,false
EVT-EAR-0943,Temple Bureaucracy Reorganization of Dutch Republic,1534,early_modern,religious,Northwestern Europe,Dutch Republic,CHR-EAR-0943,2259,0.439,0.853,0.576,0.211,12.4,0.1675,33.9,39.4,0.3861,56.2,18,0.3816,0.3322,0.4086,0.3269,0.4462,0.2425,0.3513,-0.0897,0.5208,0.6392,0.446769,CMN,BRACKET_BASE,false,true,0.7302422,0.54575,0.77225,,0.285,true
EVT-EAR-0944,Mercantile Tariff Overhaul across Ming & Qing Dynasties,1633,early_modern,economic,East Asia,Ming & Qing Dynasties,CHR-EAR-0944,2285.6,0.449,0.643,0.6429,0.545,21.2,0.3785,38.6,33.6,0.4019,45.7,12.7,0.3402,0.4466,0.4177,0.1915,0.3474,0.5537,0.3914,0.1071,0.6219,0.6298,0.764295,RMD,BRACKET_HIGH,true,false,0.440592,0.38915406999999996,0.43725441,,0.3922,false
EVT-EAR-0945,Respiratory Virulence Wave across British Empire (Early),1740,early_modern,pandemic,British Isles / Global,British Empire (Early),CHR-EAR-0945,1037.5,0.521,0.69,0.2851,0.724,13.7,0.4305,30.5,41.2,0.3603,60.4,20.8,0.4008,0.4176,0.3436,0.0183,0.2038,0.0447,0.2056,-0.3729,0.7874,0.8668,0.482405,CMN,BRACKET_BASE,false,true,0.7307685,0.49313969999999996,0.87778818,,0.3811,false
EVT-EAR-0946,Epidemic Fever Outbreak across Ming & Qing Dynasties,1765,early_modern,pandemic,East Asia,Ming & Qing Dynasties,CHR-EAR-0946,1489.8,0.709,0.163,0.5035,0.82,13.9,0.4795,35.8,35.8,0.385,45.9,16.1,0.3575,0.5036,0.4436,0.1014,0.265,0.287,0.3201,-0.2166,0.7101,0.7193,0.555842,CMN,BRACKET_BASE,false,true,0.58453561,0.39649446,0.55664032,,0.3926,false
EVT-EAR-0947,Pantheon Reformation of British Empire (Early),1703,early_modern,religious,British Isles / Global,British Empire (Early),CHR-EAR-0947,1114.6,0.52,0.225,0.4448,0.714,46.9,0.5915,40.5,33,0.4188,48.1,21.1,0.3859,0.5,0.513,0.3432,0.4301,0.5638,0.47,0.0638,0.207,0.4979,0.666115,RMD,BRACKET_MEDIUM,false,true,0.5134195500000001,0.563375,0.656,,0.3523,false
EVT-EAR-0948,Harbor Incursion Sickness in Ming & Qing Dynasties,1776,early_modern,pandemic,East Asia,Ming & Qing Dynasties,CHR-EAR-0948,2054,0.627,0.436,0.5918,0.748,17.1,0.4595,31.4,38.9,0.3562,18.8,18.2,0.3034,0.5228,0.4767,0.048,0.1891,0.3311,0.3135,-0.1917,0.9225,0.753,0.57142,CMN,BRACKET_BASE,false,true,0.7971250000000001,0.59775,0.883125,,0.4088,true
EVT-EAR-0949,Succession Conflict of Tsardom & Russian Empire,1747,early_modern,war,Northern Eurasia,Tsardom & Russian Empire,CHR-EAR-0949,2115.8,0.609,0.347,0.6399,0.296,46.2,0.379,28.7,36.3,0.3115,21.8,10.9,0.2776,0.3928,0.3198,0.1434,0.339,0.5041,0.3398,0.1113,0.399,0.5903,0.718224,RMD,BRACKET_HIGH,false,false,0.5398052,0.55570584,0.6285992000000001,,0.3915,false
EVT-EAR-0950,Frontier Fragmentation of Portuguese Empire,1619,early_modern,collapse,Atlantic / Indian Ocean,Portuguese Empire,CHR-EAR-0950,2309.9,0.771,0.826,0.4976,0.487,41.2,0.4495,41.7,41.4,0.4821,88.4,20.2,0.4254,0.5732,0.4691,0.0786,0.1024,0.373,0.3193,-0.2002,0.6666,0.6904,0.696023,RMD,BRACKET_MEDIUM,false,false,0.56358293,0.43825908,0.5578882199999999,,0.4115,false
EVT-EAR-0951,Navigational Instrument Reform in British Empire (Early),1639,early_modern,technological,British Isles / Global,British Empire (Early),CHR-EAR-0951,1068.1,0.458,0.464,0.3797,0.378,45.1,0.4145,33.8,40.6,0.3922,87.5,10.2,0.3747,0.2919,0.3173,0.3964,0.5076,0.4234,0.3873,0.1315,0.2188,0.5777,0.60523,CMN,BRACKET_BASE,false,true,0.54439989,0.38281248,0.43641180000000007,,0.2761,false
EVT-EAR-0952,Provincial Autonomy Insurgency against Kingdom of France (Bourbon),1564,early_modern,revolution,Western Europe,Kingdom of France (Bourbon),CHR-EAR-0952,2173,0.75,0.189,0.6597,0.401,16.5,0.283,38.9,40.4,0.4459,53,13.2,0.3534,0.4889,0.3809,0.0693,0.2767,0.657,0.3746,0.1681,0.5044,0.6386,0.759492,RMD,BRACKET_HIGH,true,false,0.60486115,0.60896244,0.70408701,,0.3914,false
EVT-EAR-0953,Hydraulic Engineering Grid in Polish-Lithuanian Commonwealth,1605,early_modern,technological,Eastern Europe,Polish-Lithuanian Commonwealth,CHR-EAR-0953,1752.9,0.546,0.597,0.4901,0.393,33.5,0.364,31.5,39.7,0.362,79.8,11.3,0.3735,0.3559,0.385,0.4947,0.6119,0.6986,0.5092,0.3427,0.3949,0.7314,0.577264,CMN,BRACKET_BASE,false,true,0.5504755,0.45940608,0.5668877800000001,,0.3245,false
EVT-EAR-0954,Secular Legal Separation in Tokugawa Shogunate,1658,early_modern,religious,Japan,Tokugawa Shogunate,CHR-EAR-0954,1175.6,0.549,0.68,0.3153,0.24,32.9,0.2845,32.5,41.8,0.3854,91.9,9.5,0.3747,0.3714,0.4457,0.3404,0.4544,0.5671,0.4358,0.1957,0.3802,0.6829,0.821778,RMD,BRACKET_HIGH,true,false,0.40936368,0.36748356,0.36415585,,0.3225,false
EVT-EAR-0955,Agricultural Plague Wave in Portuguese Empire,1679,early_modern,pandemic,Atlantic / Indian Ocean,Portuguese Empire,CHR-EAR-0955,1690.7,0.439,0.879,0.4216,0.736,15.8,0.447,31.6,33.9,0.3283,84,15,0.3957,0.4828,0.4291,0,0.216,0.3281,0.2912,-0.1547,0.675,0.7028,0.603528,CMN,BRACKET_BASE,false,true,0.6015155999999999,0.41837335999999997,0.5476921,,0.4083,false
EVT-EAR-0956,Mechanical Power Harnessing in Mughal Empire,1664,early_modern,technological,South Asia,Mughal Empire,CHR-EAR-0956,2318.8,0.462,0.151,0.7951,0.726,46.4,0.595,41.2,34,0.4323,86.1,10,0.3725,0.4804,0.5271,0.5906,0.656,0.7182,0.5945,0.2378,0.4868,0.6068,0.687727,RMD,BRACKET_MEDIUM,false,false,0.6224881,0.5489999999999999,0.7005,,0.2963,false
EVT-EAR-0957,Bureaucratic Consolidation of Ming & Qing Dynasties,1731,early_modern,transformation,East Asia,Ming & Qing Dynasties,CHR-EAR-0957,2057.5,0.52,0.713,0.5417,0.212,41,0.311,29.1,38.1,0.3266,22.3,22.3,0.3362,0.3241,0.3711,0.2826,0.4358,0.55,0.3927,0.2259,0.2114,0.6279,0.636936,RMD,BRACKET_MEDIUM,false,true,0.4641651,0.38179655999999995,0.33874734,,0.3319,false
EVT-EAR-0958,Synod Monotheistic Mandate in Tokugawa Shogunate,1517,early_modern,religious,Japan,Tokugawa Shogunate,CHR-EAR-0958,1067.6,0.654,0.736,0.2392,0.622,23.2,0.427,28.3,33.4,0.2898,80.2,12.1,0.3779,0.2963,0.3301,0.2069,0.2722,0.5442,0.3299,0.2479,0.5386,0.7551,0.620332,CMN,BRACKET_BASE,false,true,0.7197679199999999,0.52989408,0.56729827,,0.3584,false
EVT-EAR-0959,Debt Crisis Settlement of Kingdom of France (Bourbon),1786,early_modern,economic,Western Europe,Kingdom of France (Bourbon),CHR-EAR-0959,1061.7,0.504,0.884,0.2382,0.662,44.5,0.5535,40.8,37.6,0.4496,48.3,8.8,0.3247,0.3508,0.3133,0.1995,0.2995,0.4206,0.3167,0.0698,0.465,0.5977,0.710806,RMD,BRACKET_HIGH,false,false,0.54812095,0.45919005,0.6076425599999999,,0.3494,false
EVT-EAR-0960,Monastic Network Expansion of Portuguese Empire,1599,early_modern,religious,Atlantic / Indian Ocean,Portuguese Empire,CHR-EAR-0960,1876.5,0.467,0.701,0.5145,0.663,13,0.3965,36.8,40.1,0.4215,80,22,0.4272,0.4062,0.4124,0.2264,0.3303,0.4043,0.3559,-0.0019,0.2721,0.4992,0.785309,RMD,BRACKET_HIGH,true,false,0.46633600000000003,0.4868136,0.652652,,0.3473,false
EVT-EAR-0961,Popular Uprising of Tokugawa Shogunate,1639,early_modern,revolution,Japan,Tokugawa Shogunate,CHR-EAR-0961,1677.1,0.574,0.607,0.4591,0.698,37.8,0.538,35.8,34.1,0.3748,46.9,20.7,0.382,0.5305,0.3972,0.0045,0.1983,0.3517,0.2964,-0.1788,0.5164,0.6499,0.458342,CMN,BRACKET_BASE,false,true,0.62322015,0.42641625,0.5498162999999999,,0.4044,false
EVT-EAR-0962,Maritime Hegemony Clash in Ming & Qing Dynasties,1735,early_modern,war,East Asia,Ming & Qing Dynasties,CHR-EAR-0962,2323,0.629,0.547,0.6273,0.638,19.4,0.416,29.4,33.1,0.2998,43.3,23.4,0.3897,0.4472,0.3654,0.0831,0.1648,0.3872,0.2895,-0.06,0.6842,0.632,0.760707,RMD,BRACKET_HIGH,true,false,0.40713196,0.40106655,0.5060771700000001,,0.4022,false
EVT-EAR-0963,Mercantile Tariff Overhaul across Spanish Empire,1738,early_modern,economic,Iberia / Americas,Spanish Empire,CHR-EAR-0963,1527.9,0.623,0.422,0.4614,0.261,31.7,0.289,35.5,41.3,0.4147,75.5,14.9,0.3875,0.3782,0.3467,0.0689,0.2144,0.2189,0.2454,-0.1593,0.521,0.6715,0.494735,CMN,BRACKET_BASE,false,true,0.69612732,0.558625,0.83925,,0.3715,true
EVT-EAR-0964,Printing & Communications Diffusion in Tsardom & Russian Empire,1746,early_modern,technological,Northern Eurasia,Tsardom & Russian Empire,CHR-EAR-0964,1738,0.765,0.611,0.4164,0.801,51.9,0.66,31.6,37.9,0.3523,45.5,19.7,0.3748,0.4015,0.4345,0.4855,0.5763,0.7687,0.5333,0.3672,0.3119,0.692,0.744655,RMD,BRACKET_HIGH,true,false,0.3758614,0.37502192,0.3378,,0.3385,false
EVT-EAR-0965,Guild Monopoly Reform in Dutch Republic,1736,early_modern,economic,Northwestern Europe,Dutch Republic,CHR-EAR-0965,1709.3,0.686,0.519,0.4603,0.554,27.3,0.4135,28.2,40,0.3283,53.1,22.2,0.3985,0.4257,0.3785,0.2675,0.3451,0.3339,0.3501,-0.0918,0.5044,0.6254,0.65181,RMD,BRACKET_MEDIUM,false,true,0.5639101999999999,0.36850847999999997,0.48171551999999995,,0.3051,false
EVT-EAR-0966,Grain Market Price Shock across British Empire (Early),1571,early_modern,economic,British Isles / Global,British Empire (Early),CHR-EAR-0966,1766.3,0.569,0.298,0.5764,0.338,47.5,0.4065,33.5,34.2,0.3506,30.5,14.7,0.3209,0.3842,0.3423,0.2361,0.3755,0.361,0.3398,-0.0232,0.5673,0.5843,0.57043,CMN,BRACKET_BASE,false,true,0.45193229,0.37208061000000003,0.4658553,,0.3225,false
EVT-EAR-0967,Navigational Instrument Reform in Polish-Lithuanian Commonwealth,1555,early_modern,technological,Eastern Europe,Polish-Lithuanian Commonwealth,CHR-EAR-0967,2392.6,0.728,0.295,0.6912,0.242,35.4,0.298,30,37.7,0.3339,62.5,15.7,0.3778,0.3263,0.352,0.4248,0.5804,0.5318,0.4431,0.2055,0.4442,0.6536,0.641302,RMD,BRACKET_MEDIUM,false,true,0.6288466799999999,0.53559456,0.6494567799999998,,0.2966,false
EVT-EAR-0968,Coalition Defense of Ottoman Empire,1622,early_modern,war,Southeast Europe / Near East,Ottoman Empire,CHR-EAR-0968,2383.5,0.452,0.77,0.6291,0.329,22.4,0.2765,28.7,42.8,0.3505,74.3,13.6,0.3798,0.3779,0.2796,0,0.1369,0.4866,0.2562,0.1087,0.5972,0.6496,0.41852,CMN,BRACKET_BASE,false,true,0.9049796800000001,0.58725,0.732125,,0.4048,false
EVT-EAR-0969,Guild Monopoly Reform in Polish-Lithuanian Commonwealth,1774,early_modern,economic,Eastern Europe,Polish-Lithuanian Commonwealth,CHR-EAR-0969,904.4,0.746,0.191,0.3329,0.726,44.7,0.5865,29.2,41.8,0.3499,45.8,14.9,0.3513,0.363,0.3026,0.0628,0.139,0.3812,0.2497,0.0182,0.5113,0.5773,0.528693,CMN,BRACKET_BASE,false,true,0.74010335,0.49398996,0.6698063999999999,,0.398,false
EVT-EAR-0970,Metallurgical Innovation Surge in Tsardom & Russian Empire,1526,early_modern,technological,Northern Eurasia,Tsardom & Russian Empire,CHR-EAR-0970,1288.2,0.482,0.502,0.4179,0.548,47.7,0.5125,37.2,40.9,0.4306,74.2,22.5,0.4242,0.3999,0.4523,0.524,0.643,0.5872,0.5213,0.1873,0.3281,0.609,0.648148,RMD,BRACKET_MEDIUM,false,true,0.4952814,0.46488248,0.6294326499999999,,0.2813,false
EVT-EAR-0971,Radical Assembly Schism in Mughal Empire,1787,early_modern,revolution,South Asia,Mughal Empire,CHR-EAR-0971,1790.8,0.582,0.593,0.4903,0.373,15.4,0.2635,42,38.5,0.4679,30.5,15.7,0.3259,0.4758,0.3666,0,0.2728,0.1871,0.2605,-0.2887,0.395,0.7014,0.458037,CMN,BRACKET_BASE,false,true,0.82350027,0.5842499999999999,0.91425,,0.4085,true
EVT-EAR-0972,Respiratory Virulence Wave across Spanish Empire,1616,early_modern,pandemic,Iberia / Americas,Spanish Empire,CHR-EAR-0972,2195.1,0.562,0.112,0.7449,0.338,52.3,0.4305,31.2,41.7,0.3708,90.4,23.1,0.4415,0.565,0.5374,0.1345,0.2832,0.4459,0.3932,-0.1191,0.8195,0.6673,0.538763,CMN,BRACKET_BASE,false,true,0.59272192,0.40892241,0.52889264,,0.407,false
EVT-EAR-0973,Mercantile Tariff Overhaul across Safavid Empire,1503,early_modern,economic,Persia,Safavid Empire,CHR-EAR-0973,1058.7,0.513,0.593,0.3221,0.567,32.6,0.4465,31.5,39,0.3578,25.9,20.4,0.3375,0.4293,0.3402,0.1329,0.2013,0.3851,0.2978,-0.0442,0.2578,0.5494,0.796605,RMD,BRACKET_HIGH,true,false,0.5978616,0.56321408,0.694607,,0.3874,true
EVT-EAR-0974,Respiratory Virulence Wave across Polish-Lithuanian Commonwealth,1520,early_modern,pandemic,Eastern Europe,Polish-Lithuanian Commonwealth,CHR-EAR-0974,1336.5,0.719,0.138,0.4684,0.801,45.2,0.6265,33.4,33.9,0.3477,51.3,12.4,0.347,0.5356,0.4943,0.1956,0.4008,0.5317,0.4316,-0.0039,0.6641,0.5817,0.426588,CMN,BRACKET_BASE,false,true,0.73075713,0.5680801000000001,0.74496704,,0.4001,false
EVT-EAR-0975,Urban Quarantine Emergency in Tsardom & Russian Empire,1587,early_modern,pandemic,Northern Eurasia,Tsardom & Russian Empire,CHR-EAR-0975,946,0.535,0.408,0.3419,0.778,30.5,0.5415,40.6,42.2,0.475,92.1,19.3,0.4239,0.4917,0.4353,0.0745,0.1835,0.4175,0.3205,-0.0742,0.8047,0.6675,0.478459,CMN,BRACKET_BASE,false,true,0.6611932,0.50439576,0.7381263499999999,,0.4084,false
EVT-EAR-0976,Astronomical Standardization by Tsardom & Russian Empire,1535,early_modern,technological,Northern Eurasia,Tsardom & Russian Empire,CHR-EAR-0976,1886.2,0.708,0.281,0.5707,0.293,48.9,0.391,30.3,34,0.3149,48.9,18.1,0.3721,0.328,0.3484,0.424,0.5362,0.6336,0.454,0.3056,0.3811,0.6988,0.762092,RMD,BRACKET_HIGH,true,false,0.4360986,0.3798613,0.3865,,0.3216,false
EVT-EAR-0977,Guild Monopoly Reform in Spanish Empire,1616,early_modern,economic,Iberia / Americas,Spanish Empire,CHR-EAR-0977,2039.1,0.49,0.32,0.6639,0.264,44.9,0.3565,29.1,38,0.326,74.9,15.2,0.3884,0.511,0.4166,0.2781,0.412,0.5474,0.433,0.0364,0.448,0.5597,0.504995,CMN,BRACKET_BASE,false,true,0.5093096,0.39492540000000004,0.45031715,,0.375,false
EVT-EAR-0978,Monastic Network Expansion of Tsardom & Russian Empire,1647,early_modern,religious,Northern Eurasia,Tsardom & Russian Empire,CHR-EAR-0978,1675.5,0.766,0.675,0.3807,0.569,44,0.5045,38.6,33.6,0.4019,66.2,8.6,0.3465,0.3586,0.3752,0.1901,0.3431,0.3697,0.3273,0.0111,0.4979,0.5674,0.437697,CMN,BRACKET_BASE,false,true,0.85738425,0.5497500000000001,0.7395,,0.3462,true
EVT-EAR-0979,Radical Assembly Schism in Portuguese Empire,1578,early_modern,revolution,Atlantic / Indian Ocean,Portuguese Empire,CHR-EAR-0979,1288.8,0.713,0.619,0.3136,0.271,51.6,0.3935,30.7,32.3,0.309,50.2,9.7,0.332,0.3426,0.1678,0,0.2201,0.0248,0.1511,-0.3178,0.5356,0.7831,0.59163,CMN,BRACKET_BASE,false,true,0.61931996,0.374176,0.53654371,,0.3727,false
EVT-EAR-0980,Territorial Rupture of Spanish Empire,1755,early_modern,collapse,Iberia / Americas,Spanish Empire,CHR-EAR-0980,1171.7,0.563,0.567,0.344,0.671,16.5,0.418,41.1,42.3,0.481,24.9,16.3,0.3142,0.4754,0.3867,0.0031,0.0569,0.1397,0.2124,-0.3357,0.6835,0.7957,0.596161,CMN,BRACKET_BASE,false,true,0.61683454,0.40510032,0.5731987199999999,,0.3976,false
EVT-EAR-0981,Systemic Governance Breakdown in Ottoman Empire,1669,early_modern,collapse,Southeast Europe / Near East,Ottoman Empire,CHR-EAR-0981,1911.5,0.748,0.52,0.4935,0.85,36.9,0.6095,40.8,33.1,0.4226,49.9,22.1,0.3935,0.5951,0.4996,0.2057,0.2655,0.2999,0.3732,-0.2952,0.5718,0.7035,0.501784,CMN,BRACKET_BASE,false,true,0.60211868,0.41253138,0.5975372,,0.3741,false
EVT-EAR-0982,Imperial Annexation War in Safavid Empire,1745,early_modern,war,Persia,Safavid Empire,CHR-EAR-0982,1152.3,0.625,0.414,0.3663,0.616,51.4,0.565,28.1,33.8,0.29,37.6,15.3,0.339,0.3587,0.3071,0.1024,0.2021,0.1543,0.2249,-0.2044,0.3442,0.6432,0.452559,CMN,BRACKET_BASE,false,true,0.61395201,0.38043620999999994,0.50711085,,0.3377,false
EVT-EAR-0983,Peasant Rebellion against Spanish Empire,1728,early_modern,revolution,Iberia / Americas,Spanish Empire,CHR-EAR-0983,2359.7,0.593,0.539,0.65,0.36,31.4,0.337,38.7,38.9,0.4348,92.7,18.1,0.4183,0.5096,0.3752,0.1119,0.3567,0.476,0.3659,-0.0336,0.51,0.5624,0.60428,CMN,BRACKET_BASE,false,true,0.6349332000000001,0.58975,0.793875,,0.4044,false
EVT-EAR-0984,Metallurgical Innovation Surge in British Empire (Early),1701,early_modern,technological,British Isles / Global,British Empire (Early),CHR-EAR-0984,2086.7,0.709,0.861,0.4481,0.21,21.4,0.212,39.7,36.2,0.4294,35.8,13.4,0.326,0.2931,0.3499,0.3931,0.4667,0.5689,0.4143,0.2758,0.2853,0.6868,0.538549,CMN,BRACKET_BASE,false,true,0.53608035,0.44498867999999997,0.5380535599999999,,0.3104,false
EVT-EAR-0985,Systemic Governance Breakdown in Portuguese Empire,1621,early_modern,collapse,Atlantic / Indian Ocean,Portuguese Empire,CHR-EAR-0985,989.6,0.605,0.451,0.3192,0.465,14,0.3025,36.7,34.4,0.3862,18.1,17.8,0.2986,0.4335,0.3198,0,0.0816,0,0.167,-0.438,0.5558,0.8543,0.654052,RMD,BRACKET_MEDIUM,false,true,0.5520744000000001,0.39938228,0.6054376499999999,,0.3819,false
EVT-EAR-0986,Constitutional Reorganization of Tsardom & Russian Empire,1728,early_modern,transformation,Northern Eurasia,Tsardom & Russian Empire,CHR-EAR-0986,1002.1,0.447,0.589,0.3285,0.818,43.7,0.6275,29.1,41.2,0.3452,35.3,22,0.368,0.3001,0.3244,0.2592,0.4667,0.6271,0.3955,0.327,0.3116,0.6893,0.896936,RMD,BRACKET_HIGH,true,false,0.48906990000000006,0.53947201,0.513935,,0.3526,false
EVT-EAR-0987,Grain Market Price Shock across Spanish Empire,1729,early_modern,economic,Iberia / Americas,Spanish Empire,CHR-EAR-0987,1049.9,0.633,0.208,0.3993,0.332,20.2,0.267,33.9,41.5,0.3987,65.2,9.2,0.3484,0.4124,0.3324,0.1376,0.24,0.2355,0.2716,-0.1769,0.4388,0.6755,0.764509,RMD,BRACKET_HIGH,true,false,0.41025039,0.37673490000000004,0.50555375,,0.3494,false
EVT-EAR-0988,Orthodoxy & Heresy Trial Wave in Safavid Empire,1607,early_modern,religious,Persia,Safavid Empire,CHR-EAR-0988,1202.4,0.748,0.163,0.4176,0.447,33,0.3885,38.2,36.4,0.4144,77.4,20.5,0.4173,0.4308,0.5057,0.331,0.3901,0.466,0.4247,0.0352,0.2478,0.5279,0.799885,RMD,BRACKET_HIGH,true,false,0.53016084,0.53004,0.6237145199999999,,0.3181,false
EVT-EAR-0989,Pantheon Reformation of Ottoman Empire,1730,early_modern,religious,Southeast Europe / Near East,Ottoman Empire,CHR-EAR-0989,1252.8,0.709,0.361,0.3829,0.623,34.9,0.486,35.3,38.5,0.3958,39.4,22.2,0.3769,0.4425,0.469,0.3826,0.5538,0.5768,0.4849,0.1343,0.2148,0.5665,0.593501,CMN,BRACKET_BASE,false,true,0.49498591999999997,0.47131443,0.53876742,,0.3158,false
EVT-EAR-0990,Judicial Standard Reform in Portuguese Empire,1767,early_modern,transformation,Atlantic / Indian Ocean,Portuguese Empire,CHR-EAR-0990,1106.6,0.682,0.854,0.2054,0.682,44.8,0.565,35.5,33.8,0.3697,87.6,9,0.3688,0.2819,0.3363,0.248,0.374,0.5207,0.3522,0.2388,0.2897,0.6604,0.625363,CMN,BRACKET_BASE,false,true,0.53731582,0.38373044,0.34722975,,0.3348,false
EVT-EAR-0991,Pantheon Reformation of British Empire (Early),1754,early_modern,religious,British Isles / Global,British Empire (Early),CHR-EAR-0991,877.6,0.549,0.326,0.3446,0.828,41.9,0.6235,32.2,36.3,0.3492,60.8,17.2,0.3833,0.427,0.4919,0.3775,0.5101,0.628,0.4869,0.201,0.2655,0.6073,0.729,RMD,BRACKET_HIGH,false,false,0.34095316,0.38546034,0.35913644,,0.33,false
EVT-EAR-0992,Imperial Unification of Dutch Republic,1516,early_modern,transformation,Northwestern Europe,Dutch Republic,CHR-EAR-0992,1425.3,0.557,0.767,0.3513,0.449,49.9,0.474,32.7,39.8,0.3756,26.4,18.2,0.3279,0.2938,0.3323,0.2105,0.3518,0.5611,0.3499,0.2673,0.2126,0.6474,0.843697,RMD,BRACKET_HIGH,true,false,0.42599466999999996,0.5486906399999999,0.52330985,,0.3605,false
EVT-EAR-0993,Popular Uprising of Mughal Empire,1592,early_modern,revolution,South Asia,Mughal Empire,CHR-EAR-0993,2271.6,0.507,0.562,0.6462,0.65,45.1,0.5505,40,40.8,0.4602,81.1,22.9,0.4327,0.5968,0.4287,0.1162,0.2762,0.6066,0.4049,0.0098,0.4163,0.4908,0.654014,RMD,BRACKET_MEDIUM,false,true,0.5740077,0.61419708,0.71127314,,0.3935,false
EVT-EAR-0994,Borderlands Pacification of Dutch Republic,1739,early_modern,war,Northwestern Europe,Dutch Republic,CHR-EAR-0994,2259.7,0.741,0.416,0.6167,0.53,21.8,0.374,40.3,34,0.4226,43.8,15.7,0.3521,0.3945,0.2893,0.04,0.2215,0.186,0.2263,-0.2085,0.5282,0.6626,0.639111,RMD,BRACKET_MEDIUM,false,true,0.56217304,0.38087462,0.52334022,,0.3817,false
EVT-EAR-0995,Fiscal Default Crisis in Mughal Empire,1599,early_modern,collapse,South Asia,Mughal Empire,CHR-EAR-0995,1629.5,0.767,0.8,0.3311,0.354,14.5,0.2495,31.6,39.9,0.3643,75.9,9.2,0.3594,0.4641,0.3998,0.0337,0.1145,0.2765,0.2577,-0.1876,0.6518,0.7525,0.501796,CMN,BRACKET_BASE,false,true,0.7036542000000001,0.4883899500000001,0.7749779799999998,,0.4041,false
EVT-EAR-0996,Mechanical Power Harnessing in Dutch Republic,1517,early_modern,technological,Northwestern Europe,Dutch Republic,CHR-EAR-0996,1600.5,0.587,0.485,0.4721,0.606,30.9,0.4575,39.6,36.8,0.4319,82,16,0.399,0.385,0.4158,0.4963,0.5623,0.737,0.5193,0.352,0.4601,0.7309,0.838864,RMD,BRACKET_HIGH,true,false,0.34847073,0.38011262000000007,0.38750411999999995,,0.3303,false
EVT-EAR-0997,Mercantile Tariff Overhaul across Polish-Lithuanian Commonwealth,1621,early_modern,economic,Eastern Europe,Polish-Lithuanian Commonwealth,CHR-EAR-0997,1367.7,0.767,0.207,0.4414,0.247,46.8,0.3575,30.8,34,0.3203,94.9,13.1,0.395,0.3294,0.242,0.1376,0.2725,0.173,0.2309,-0.1564,0.517,0.6758,0.515845,CMN,BRACKET_BASE,false,true,0.7767144,0.52032755,0.7472572799999999,,0.3209,true
EVT-EAR-0998,Mechanical Power Harnessing in Tokugawa Shogunate,1548,early_modern,technological,Japan,Tokugawa Shogunate,CHR-EAR-0998,1533.8,0.762,0.427,0.4198,0.817,47.6,0.6465,40.1,37.8,0.4433,21.6,17.3,0.3089,0.3603,0.3896,0.4769,0.561,0.7229,0.5021,0.3626,0.3868,0.6961,0.57538,CMN,BRACKET_BASE,false,true,0.45772591000000007,0.38078315999999995,0.37588083000000005,,0.3341,false
EVT-EAR-0999,Decentralization Wave across Mughal Empire,1668,early_modern,collapse,South Asia,Mughal Empire,CHR-EAR-0999,2088.4,0.722,0.71,0.49,0.502,53.1,0.5165,33.5,41,0.3914,45.8,14.5,0.3493,0.5094,0.4184,0.0756,0.1122,0.116,0.2463,-0.3934,0.7223,0.8133,0.44588,CMN,BRACKET_BASE,false,true,0.64684552,0.40082461999999996,0.59565874,,0.3715,false
EVT-EAR-1000,Systemic Governance Breakdown in Portuguese Empire,1551,early_modern,collapse,Atlantic / Indian Ocean,Portuguese Empire,CHR-EAR-1000,1580.4,0.442,0.227,0.5878,0.666,18.8,0.427,32.8,33.6,0.3394,50.3,18.2,0.3746,0.5662,0.4528,0.1345,0.2077,0.1897,0.3102,-0.3765,0.6117,0.7831,0.595333,CMN,BRACKET_BASE,false,true,0.56357616,0.39699561,0.59837453,,0.3707,false
EVT-EAR-1001,Synod Monotheistic Mandate in Ottoman Empire,1594,early_modern,religious,Southeast Europe / Near East,Ottoman Empire,CHR-EAR-1001,1470.4,0.716,0.237,0.4742,0.357,44.3,0.4,38.6,41.7,0.4505,79.4,12.6,0.3796,0.426,0.442,0.2446,0.3194,0.5248,0.3914,0.0988,0.418,0.5891,0.523866,CMN,BRACKET_BASE,false,true,0.58142238,0.38914925999999994,0.42274417000000003,,0.3709,false
EVT-EAR-1002,Debt Crisis Settlement of Tsardom & Russian Empire,1615,early_modern,economic,Northern Eurasia,Tsardom & Russian Empire,CHR-EAR-1002,2322.4,0.718,0.285,0.6791,0.465,26.8,0.3665,34.9,37,0.3825,59.5,18.9,0.3903,0.4883,0.4398,0.1902,0.3057,0.6522,0.4152,0.1639,0.269,0.5715,0.546771,CMN,BRACKET_BASE,false,true,0.54788341,0.5776624300000001,0.6205284,,0.4038,false
EVT-EAR-1003,Succession Conflict of Tsardom & Russian Empire,1544,early_modern,war,Northern Eurasia,Tsardom & Russian Empire,CHR-EAR-1003,903.5,0.733,0.266,0.3141,0.756,42.3,0.5895,29.9,39,0.3406,52.4,20.4,0.3886,0.4822,0.4293,0.1158,0.3018,0.4711,0.36,-0.0111,0.5764,0.5935,0.730733,RMD,BRACKET_HIGH,true,false,0.5181144,0.56423939,0.7308249999999998,,0.4041,false
EVT-EAR-1004,Fiscal Modernization in Polish-Lithuanian Commonwealth,1606,early_modern,transformation,Eastern Europe,Polish-Lithuanian Commonwealth,CHR-EAR-1004,1906.7,0.447,0.881,0.4743,0.784,40.6,0.595,31.2,34.6,0.3282,32,12.2,0.3119,0.3569,0.3918,0.3197,0.5373,0.5417,0.4295,0.1848,0.2019,0.5706,0.825416,RMD,BRACKET_HIGH,true,false,0.33729566,0.38037165,0.34591186,,0.3233,false
EVT-EAR-1005,Frontier Campaign of Kingdom of France (Bourbon),1518,early_modern,war,Western Europe,Kingdom of France (Bourbon),CHR-EAR-1005,1070.9,0.704,0.795,0.2073,0.521,34.4,0.4325,34.8,40.4,0.4018,43.3,21.1,0.3782,0.3299,0.2747,0.0568,0.1205,0.1927,0.1949,-0.1372,0.489,0.6701,0.572791,CMN,BRACKET_BASE,false,true,0.77104525,0.54069012,0.7546392000000001,,0.3622,true
EVT-EAR-1006,Maritime Trade Hub Expansion in Ottoman Empire,1682,early_modern,economic,Southeast Europe / Near East,Ottoman Empire,CHR-EAR-1006,2128.8,0.547,0.68,0.5619,0.47,14.4,0.307,36.9,42.1,0.4346,82,22.4,0.431,0.5025,0.446,0.3425,0.4486,0.3612,0.4202,-0.1413,0.4071,0.6126,0.818517,RMD,BRACKET_HIGH,true,false,0.50302455,0.46724932,0.7193619199999999,,0.3067,false
EVT-EAR-1007,Institutional Dissolution of Ottoman Empire,1558,early_modern,collapse,Southeast Europe / Near East,Ottoman Empire,CHR-EAR-1007,1198.2,0.581,0.753,0.2897,0.281,40.9,0.345,36.2,32.8,0.3713,51.7,22.8,0.3996,0.467,0.4081,0.1846,0.2102,0.0864,0.2713,-0.3806,0.4674,0.8015,0.605751,CMN,BRACKET_BASE,false,true,0.4905248,0.3826635,0.5672349,,0.3515,false
EVT-EAR-1008,Imperial Annexation War in Portuguese Empire,1713,early_modern,war,Atlantic / Indian Ocean,Portuguese Empire,CHR-EAR-1008,889.6,0.583,0.437,0.3042,0.215,21.5,0.215,31.2,36.4,0.339,86,13.1,0.3879,0.286,0.1974,0,0.1296,0.1054,0.1437,-0.1806,0.4333,0.7071,0.320031,CMN,BRACKET_BASE,false,true,0.9116156400000002,0.5395,0.7911250000000001,,0.3575,true
EVT-EAR-1009,Fiscal Default Crisis in Tsardom & Russian Empire,1691,early_modern,collapse,Northern Eurasia,Tsardom & Russian Empire,CHR-EAR-1009,1513.1,0.511,0.402,0.4972,0.773,18.6,0.4795,33.8,41.3,0.3964,38,22.2,0.3743,0.5248,0.4659,0.171,0.2612,0.0989,0.3044,-0.4259,0.7996,0.8539,0.459365,CMN,BRACKET_BASE,false,true,0.7950448,0.57875,1,,0.3714,true
EVT-EAR-1010,Fiscal Modernization in Polish-Lithuanian Commonwealth,1566,early_modern,transformation,Eastern Europe,Polish-Lithuanian Commonwealth,CHR-EAR-1010,2152,0.755,0.829,0.4608,0.317,16.6,0.2415,36.9,32.1,0.3746,69.7,13.2,0.3732,0.3043,0.3639,0.2158,0.3788,0.5093,0.3544,0.205,0.3154,0.658,0.571964,CMN,BRACKET_BASE,false,true,0.50396664,0.38421136,0.36775872000000004,,0.3515,false
EVT-EAR-1011,Printing & Communications Diffusion in Spanish Empire,1741,early_modern,technological,Iberia / Americas,Spanish Empire,CHR-EAR-1011,1646.1,0.613,0.253,0.5456,0.245,41.2,0.3285,41.7,38.4,0.4641,31,9.7,0.2971,0.3211,0.3659,0.4572,0.6101,0.4868,0.4482,0.1657,0.4089,0.621,0.447505,CMN,BRACKET_BASE,false,true,0.49182001999999997,0.37816779,0.45664826,,0.2854,false
EVT-EAR-1012,Frontier Fragmentation of Dutch Republic,1783,early_modern,collapse,Northwestern Europe,Dutch Republic,CHR-EAR-1012,1558.6,0.601,0.879,0.3389,0.79,49.2,0.641,39.9,38.7,0.4465,79.8,15.6,0.395,0.5138,0.443,0.1232,0.1729,0.2161,0.2938,-0.2977,0.5749,0.7205,0.461225,CMN,BRACKET_BASE,false,true,0.81779004,0.584,0.9470000000000001,,0.3768,false
EVT-EAR-1013,Dynastic Disintegration of Portuguese Empire,1657,early_modern,collapse,Atlantic / Indian Ocean,Portuguese Empire,CHR-EAR-1013,2145.8,0.432,0.363,0.6959,0.73,25.3,0.4915,37.2,38.6,0.4168,59.8,11.7,0.3546,0.5786,0.4945,0.1403,0.2315,0.296,0.3482,-0.2826,0.7307,0.7246,0.531429,CMN,BRACKET_BASE,false,true,0.67528322,0.5613804600000001,0.8572655,,0.3935,false
EVT-EAR-1014,Epidemic Fever Outbreak across Kingdom of France (Bourbon),1578,early_modern,pandemic,Western Europe,Kingdom of France (Bourbon),CHR-EAR-1014,963.2,0.524,0.714,0.2578,0.301,23,0.2655,31,41.9,0.3699,38.2,13.3,0.3302,0.4058,0.357,0,0.1012,0.4246,0.2577,0.0188,0.6219,0.6616,0.600297,CMN,BRACKET_BASE,false,true,0.72648464,0.590625,0.77225,,0.4087,false
EVT-EAR-1015,Urban Quarantine Emergency in Safavid Empire,1629,early_modern,pandemic,Persia,Safavid Empire,CHR-EAR-1015,2087.6,0.484,0.715,0.5597,0.352,20.7,0.2795,35.4,37.2,0.389,59.4,18.3,0.3871,0.4856,0.4596,0.1374,0.262,0.2439,0.3177,-0.2417,0.6151,0.7301,0.512963,CMN,BRACKET_BASE,false,true,0.59986176,0.39983704,0.5726233199999999,,0.3707,false
EVT-EAR-1016,Grain Market Price Shock across Spanish Empire,1763,early_modern,economic,Iberia / Americas,Spanish Empire,CHR-EAR-1016,1043.3,0.554,0.199,0.424,0.374,44.2,0.408,37,39.9,0.4225,34.9,8.8,0.3011,0.3927,0.3464,0.1938,0.2534,0.4073,0.3187,0.0146,0.6236,0.6056,0.412941,CMN,BRACKET_BASE,false,true,0.57709272,0.37587341999999996,0.45581592,,0.3597,false
EVT-EAR-1017,Bureaucratic Consolidation of Tsardom & Russian Empire,1696,early_modern,transformation,Northern Eurasia,Tsardom & Russian Empire,CHR-EAR-1017,2300.2,0.459,0.513,0.6826,0.364,13.7,0.2505,41.2,35.6,0.4419,27.9,15.6,0.3189,0.3126,0.3701,0.2201,0.4046,0.5141,0.3643,0.2015,0.2112,0.5854,0.673181,RMD,BRACKET_MEDIUM,false,true,0.49651207999999997,0.38341482000000005,0.35162477999999997,,0.354,false
EVT-EAR-1018,Mercantile Tariff Overhaul across Portuguese Empire,1581,early_modern,economic,Atlantic / Indian Ocean,Portuguese Empire,CHR-EAR-1018,1600.4,0.519,0.197,0.5789,0.223,40.5,0.314,35.7,41.3,0.4169,65.7,18.3,0.3944,0.4234,0.3289,0.0975,0.2253,0.2369,0.2624,-0.1865,0.4857,0.6557,0.450777,CMN,BRACKET_BASE,false,true,0.74237206,0.4928224,0.78105914,,0.3709,false
EVT-EAR-1019,Institutional Dissolution of Ming & Qing Dynasties,1766,early_modern,collapse,East Asia,Ming & Qing Dynasties,CHR-EAR-1019,990.8,0.459,0.587,0.3225,0.35,36.4,0.357,41.2,38.4,0.4587,23.4,22.5,0.3407,0.4617,0.3539,0.0674,0.1662,0.2078,0.2514,-0.2539,0.5677,0.7383,0.409895,CMN,BRACKET_BASE,false,true,0.74938356,0.48588332999999995,0.80716352,,0.3842,false
EVT-EAR-1020,Palatial Collapse of Ottoman Empire,1710,early_modern,collapse,Southeast Europe / Near East,Ottoman Empire,CHR-EAR-1020,1983.2,0.698,0.253,0.6071,0.671,51.6,0.5935,29.4,39.4,0.3376,60.1,22.3,0.408,0.6211,0.5114,0.1582,0.2089,0.29,0.3579,-0.3311,0.4567,0.6922,0.560297,CMN,BRACKET_BASE,false,true,0.6521466699999999,0.5098204000000001,0.8440947400000001,,0.393,false
EVT-EAR-1021,Imperial Annexation War in British Empire (Early),1570,early_modern,war,British Isles / Global,British Empire (Early),CHR-EAR-1021,1543.3,0.563,0.569,0.4393,0.625,12.6,0.3755,37.4,34.2,0.3926,63.9,16.2,0.3819,0.3966,0.3189,0.1672,0.2456,0.2487,0.2754,-0.1479,0.5484,0.6659,0.377846,CMN,BRACKET_BASE,false,true,0.803875,0.5447500000000001,0.8225,,0.3326,true
EVT-EAR-1022,Agricultural Plague Wave in Spanish Empire,1644,early_modern,pandemic,Iberia / Americas,Spanish Empire,CHR-EAR-1022,1348.3,0.744,0.614,0.3212,0.703,39.6,0.5495,34.6,33.1,0.3558,88.5,20,0.4245,0.5105,0.4524,0.077,0.2606,0.3398,0.3281,-0.1707,0.8014,0.7386,0.50038,CMN,BRACKET_BASE,false,true,0.61790286,0.40861868999999995,0.5512705999999999,,0.4039,false
EVT-EAR-1023,Institutional Dissolution of Safavid Empire,1797,early_modern,collapse,Persia,Safavid Empire,CHR-EAR-1023,1203.5,0.565,0.174,0.4695,0.525,28.8,0.4065,34.4,41,0.4011,92,20.3,0.4288,0.4996,0.4298,0.1357,0.1666,0.2939,0.3051,-0.2057,0.8016,0.7499,0.416859,CMN,BRACKET_BASE,false,true,0.7849031800000001,0.5021352,0.8200634499999999,,0.3844,false
EVT-EAR-1024,Borderlands Pacification of Dutch Republic,1778,early_modern,war,Northwestern Europe,Dutch Republic,CHR-EAR-1024,2250.4,0.53,0.614,0.6182,0.611,19.1,0.401,34.6,42.2,0.4104,64.5,18.3,0.3931,0.4541,0.3808,0.0866,0.2369,0.2232,0.2763,-0.2309,0.3413,0.6256,0.531022,CMN,BRACKET_BASE,false,true,0.65478818,0.49144913999999995,0.7754776499999999,,0.3807,false
EVT-EAR-1025,Administrative Codification of Tokugawa Shogunate,1546,early_modern,transformation,Japan,Tokugawa Shogunate,CHR-EAR-1025,895.7,0.471,0.792,0.2329,0.287,41.8,0.3525,40.5,42.9,0.4782,83.3,14.8,0.3941,0.3007,0.3393,0.2338,0.4726,0.6303,0.3953,0.3296,0.1123,0.6765,0.747146,RMD,BRACKET_HIGH,true,false,0.37292892,0.47949726,0.45755098,,0.3637,false
EVT-EAR-1026,Systemic Governance Breakdown in Mughal Empire,1636,early_modern,collapse,South Asia,Mughal Empire,CHR-EAR-1026,2057.8,0.488,0.307,0.6732,0.533,37.1,0.452,41.1,40.4,0.4696,50.8,17.6,0.3723,0.6411,0.5488,0.2091,0.2583,0.3928,0.41,-0.2483,0.4442,0.6359,0.598743,CMN,BRACKET_BASE,false,true,0.673375,0.6025,0.9165,,0.3975,true
EVT-EAR-1027,Maritime Hegemony Clash in Ming & Qing Dynasties,1564,early_modern,war,East Asia,Ming & Qing Dynasties,CHR-EAR-1027,2077.4,0.537,0.719,0.5399,0.572,54.1,0.5565,30.1,40.8,0.3536,45.8,22.6,0.3898,0.5207,0.425,0.1228,0.2134,0.6534,0.3871,0.1327,0.6191,0.6389,0.647214,RMD,BRACKET_MEDIUM,false,true,0.6195297599999999,0.626125,0.766,,0.3966,false
EVT-EAR-1028,Debt Crisis Settlement of Spanish Empire,1610,early_modern,economic,Iberia / Americas,Spanish Empire,CHR-EAR-1028,1809.9,0.437,0.743,0.4937,0.647,39.9,0.523,37.4,38.6,0.419,76.8,19.4,0.4112,0.4896,0.4441,0.2404,0.4089,0.3527,0.3871,-0.1369,0.5221,0.6191,0.528952,CMN,BRACKET_BASE,false,true,0.52137988,0.38129726999999997,0.50948034,,0.3531,false
EVT-EAR-1029,Constitutional Reorganization of Polish-Lithuanian Commonwealth,1745,early_modern,transformation,Eastern Europe,Polish-Lithuanian Commonwealth,CHR-EAR-1029,1889.2,0.651,0.642,0.4803,0.501,20,0.3505,36.6,36.7,0.399,43,15.1,0.3477,0.3084,0.3377,0.2559,0.4078,0.4326,0.3485,0.1242,0.1971,0.5619,0.616818,CMN,BRACKET_BASE,false,true,0.7255331899999999,0.541625,0.59875,,0.3083,true
EVT-EAR-1030,Maritime Hegemony Clash in Mughal Empire,1655,early_modern,war,South Asia,Mughal Empire,CHR-EAR-1030,1744.8,0.595,0.528,0.494,0.531,29.4,0.4125,33.5,41.4,0.3938,90.2,20.1,0.4264,0.4622,0.3721,0.1726,0.3336,0.5111,0.3703,0.0489,0.4861,0.5829,0.530329,CMN,BRACKET_BASE,false,true,0.436084,0.39182226,0.44482458,,0.3945,false
EVT-EAR-1031,Synod Monotheistic Mandate in Safavid Empire,1761,early_modern,religious,Persia,Safavid Empire,CHR-EAR-1031,1384.5,0.713,0.801,0.2837,0.272,31.9,0.2955,38.7,38.9,0.4348,92.8,18,0.4179,0.3729,0.4468,0.2952,0.4049,0.3648,0.3769,-0.0081,0.3887,0.5794,0.573038,CMN,BRACKET_BASE,false,true,0.7445239899999999,0.54075,0.7248749999999999,,0.2906,true
EVT-EAR-1032,Military Coup d’État in Kingdom of France (Bourbon),1649,early_modern,revolution,Western Europe,Kingdom of France (Bourbon),CHR-EAR-1032,2374.9,0.482,0.227,0.7808,0.572,30.2,0.437,28.6,36.5,0.3116,91.3,8.1,0.3672,0.5686,0.4269,0.112,0.2958,0.245,0.3297,-0.3236,0.4166,0.6795,0.51487,CMN,BRACKET_BASE,false,true,0.5722259199999999,0.401698,0.57386038,,0.3938,false
EVT-EAR-1033,Maritime Hegemony Clash in Kingdom of France (Bourbon),1693,early_modern,war,Western Europe,Kingdom of France (Bourbon),CHR-EAR-1033,2277.7,0.584,0.708,0.5808,0.756,45.7,0.6065,32.3,38.7,0.3647,46.6,17.6,0.3661,0.4891,0.433,0.2059,0.298,0.3324,0.3517,-0.1567,0.6837,0.6527,0.567089,CMN,BRACKET_BASE,false,true,0.71678805,0.5404938300000001,0.7994095200000001,,0.3601,false
EVT-EAR-1034,Debt Crisis Settlement of Tokugawa Shogunate,1682,early_modern,economic,Japan,Tokugawa Shogunate,CHR-EAR-1034,1449.4,0.52,0.747,0.3746,0.476,22.8,0.352,37.4,33.3,0.3872,72.8,14.5,0.3829,0.4149,0.3629,0.2584,0.3619,0.2084,0.3213,-0.2065,0.5228,0.7051,0.355682,CMN,BRACKET_BASE,false,true,0.6985929999999999,0.47390915,0.77235093,,0.3141,false
EVT-EAR-1035,Decentralization Wave across Polish-Lithuanian Commonwealth,1671,early_modern,collapse,Eastern Europe,Polish-Lithuanian Commonwealth,CHR-EAR-1035,1382,0.511,0.222,0.5174,0.397,47.9,0.438,35.6,36.1,0.3846,37.5,23.4,0.3793,0.5203,0.4315,0.2003,0.2842,0.2031,0.3279,-0.3172,0.5462,0.7368,0.71943,RMD,BRACKET_HIGH,false,false,0.52395075,0.39752615999999996,0.5852096000000001,,0.3533,false
EVT-EAR-1036,Mercantile Tariff Overhaul across British Empire (Early),1514,early_modern,economic,British Isles / Global,British Empire (Early),CHR-EAR-1036,2257.1,0.708,0.62,0.5647,0.275,17.4,0.2245,37.8,36.7,0.4119,75,11.9,0.372,0.4515,0.3852,0.2518,0.3316,0.3349,0.351,-0.1166,0.2948,0.5865,0.745209,RMD,BRACKET_HIGH,true,false,0.5753149200000001,0.53592534,0.72009768,,0.3229,true
EVT-EAR-1037,Hydraulic Engineering Grid in Dutch Republic,1693,early_modern,technological,Northwestern Europe,Dutch Republic,CHR-EAR-1037,1552.2,0.526,0.604,0.4422,0.662,28.8,0.475,38.4,32.9,0.3956,73.3,10.7,0.3644,0.3443,0.3674,0.469,0.5631,0.6159,0.4719,0.2716,0.3301,0.6623,0.693436,RMD,BRACKET_MEDIUM,false,false,0.586125,0.549375,0.66525,,0.3067,false
EVT-EAR-1038,Fiscal Modernization in Portuguese Empire,1620,early_modern,transformation,Atlantic / Indian Ocean,Portuguese Empire,CHR-EAR-1038,1269.9,0.672,0.201,0.4465,0.586,27.6,0.431,34.1,37.4,0.3762,47.7,23,0.3948,0.3274,0.3997,0.3031,0.5188,0.4602,0.4018,0.1328,0.2531,0.5769,0.589646,CMN,BRACKET_BASE,false,true,0.42627398,0.46024000000000004,0.5340929200000001,,0.3143,false
EVT-EAR-1039,Civic Restoration Revolt in Spanish Empire,1536,early_modern,revolution,Iberia / Americas,Spanish Empire,CHR-EAR-1039,1371.5,0.586,0.186,0.503,0.441,21.5,0.328,36.1,32.8,0.3702,76.9,12.5,0.3768,0.4238,0.2929,0,0.1659,0.3893,0.2544,-0.0345,0.5238,0.5994,0.515021,CMN,BRACKET_BASE,false,true,0.67822257,0.4824404,0.6773253,,0.4071,false
EVT-EAR-1040,Epidemic Fever Outbreak across Ming & Qing Dynasties,1729,early_modern,pandemic,East Asia,Ming & Qing Dynasties,CHR-EAR-1040,1595.6,0.561,0.616,0.4393,0.648,27.1,0.4595,37.5,34.4,0.3949,18.9,13.1,0.2782,0.4841,0.4267,0.0702,0.1943,0.1234,0.2597,-0.3607,0.7852,0.827,0.552084,CMN,BRACKET_BASE,false,true,0.6298368,0.39896675000000004,0.6003891,,0.3752,false
EVT-EAR-1041,Peasant Rebellion against Ottoman Empire,1710,early_modern,revolution,Southeast Europe / Near East,Ottoman Empire,CHR-EAR-1041,1897.9,0.499,0.121,0.6844,0.68,26.5,0.4725,31.3,36.8,0.3425,34.5,8.5,0.2988,0.5226,0.3525,0.0047,0.2583,0.4784,0.3233,-0.0442,0.4088,0.5312,0.468696,CMN,BRACKET_BASE,false,true,0.7078630300000002,0.5340054,0.72043642,,0.3935,false
EVT-EAR-1042,Continental Standoff of Polish-Lithuanian Commonwealth,1738,early_modern,war,Eastern Europe,Polish-Lithuanian Commonwealth,CHR-EAR-1042,1727.3,0.517,0.334,0.5711,0.279,23.1,0.255,33.6,32.9,0.3439,49.2,23.8,0.401,0.4667,0.3922,0.0689,0.2273,0.1769,0.2664,-0.2898,0.6627,0.7767,0.355025,CMN,BRACKET_BASE,false,true,0.81182744,0.5478462000000001,0.8593427600000001,,0.3818,false
EVT-EAR-1043,Provincial Autonomy Insurgency against Kingdom of France (Bourbon),1507,early_modern,revolution,Western Europe,Kingdom of France (Bourbon),CHR-EAR-1043,1332.5,0.453,0.744,0.3654,0.379,54.2,0.4605,38.9,32.3,0.3973,54.2,18.1,0.3795,0.4453,0.3487,0.0105,0.2892,0.2943,0.2776,-0.151,0.6826,0.6987,0.343084,CMN,BRACKET_BASE,false,true,0.9168750000000001,0.577875,0.860625,,0.4047,true
EVT-EAR-1044,Agrarian Insurgency in Portuguese Empire,1657,early_modern,revolution,Atlantic / Indian Ocean,Portuguese Empire,CHR-EAR-1044,988.7,0.522,0.504,0.328,0.749,36.3,0.556,30.7,41.9,0.3666,90.6,10.1,0.3767,0.5024,0.4161,0.0278,0.185,0.5985,0.346,0.0961,0.5182,0.6239,0.666182,RMD,BRACKET_MEDIUM,false,true,0.61045318,0.54280512,0.69379926,,0.3976,false
EVT-EAR-1045,Astronomical Standardization by Mughal Empire,1654,early_modern,technological,South Asia,Mughal Empire,CHR-EAR-1045,1469.9,0.742,0.721,0.3211,0.277,26.4,0.2705,29.4,38.4,0.3316,37.8,16.3,0.3444,0.2324,0.2668,0.3087,0.3708,0.3614,0.308,0.129,0.1875,0.6081,0.43003,CMN,BRACKET_BASE,false,true,0.7726557999999999,0.52775,0.6532499999999999,,0.2642,true
EVT-EAR-1046,Mechanical Power Harnessing in Polish-Lithuanian Commonwealth,1547,early_modern,technological,Eastern Europe,Polish-Lithuanian Commonwealth,CHR-EAR-1046,2200.4,0.613,0.549,0.5999,0.801,40.9,0.605,39.3,33.6,0.4094,83.8,10.2,0.3715,0.4545,0.51,0.5775,0.6624,0.6553,0.5719,0.2008,0.4632,0.6121,0.734295,RMD,BRACKET_HIGH,true,false,0.2889055,0.38329384,0.45795688,,0.2803,false
EVT-EAR-1047,Silver Flotilla Currency Shock in Mughal Empire,1565,early_modern,economic,South Asia,Mughal Empire,CHR-EAR-1047,1302.2,0.716,0.707,0.2898,0.779,36.1,0.57,34.6,41.4,0.4056,19,16.6,0.2961,0.3477,0.2909,0.0563,0.1845,0.4539,0.2667,0.1062,0.4212,0.6028,0.389991,CMN,BRACKET_BASE,false,true,0.79822548,0.575125,0.68125,,0.402,false
EVT-EAR-1048,Popular Uprising of Polish-Lithuanian Commonwealth,1623,early_modern,revolution,Eastern Europe,Polish-Lithuanian Commonwealth,CHR-EAR-1048,1736.5,0.519,0.834,0.4229,0.471,36.1,0.416,35.9,34,0.3752,38.7,20.6,0.3676,0.4211,0.3244,0,0.2492,0.3085,0.2606,-0.1126,0.6205,0.6638,0.764265,RMD,BRACKET_HIGH,true,false,0.5416002799999999,0.3868293,0.5037,,0.4049,false
EVT-EAR-1049,Fiscal Default Crisis in Ottoman Empire,1622,early_modern,collapse,Southeast Europe / Near East,Ottoman Empire,CHR-EAR-1049,2050,0.765,0.659,0.4825,0.612,33.8,0.475,40.5,42.1,0.4734,62.4,14.8,0.3732,0.5502,0.4787,0.2425,0.2733,0.1849,0.3459,-0.3653,0.7046,0.7888,0.634063,RMD,BRACKET_MEDIUM,false,true,0.6635579999999999,0.49532883,0.89158157,,0.3527,false
EVT-EAR-1050,Decentralization Wave across Mughal Empire,1772,early_modern,collapse,South Asia,Mughal Empire,CHR-EAR-1050,960.6,0.658,0.718,0.2157,0.247,51.6,0.3815,40.7,37.3,0.4467,78.8,17.9,0.4056,0.4156,0.3382,0,0.0617,0.2151,0.2061,-0.2005,0.4732,0.7,0.443823,CMN,BRACKET_BASE,false,true,0.63857188,0.4055436,0.5401681800000001,,0.4018,false
EVT-EAR-1051,Maritime Hegemony Clash in Ottoman Empire,1746,early_modern,war,Southeast Europe / Near East,Ottoman Empire,CHR-EAR-1051,1707.1,0.436,0.6,0.5104,0.333,16.6,0.2495,30.6,38.7,0.3464,41.9,9,0.3154,0.3398,0.2911,0.0156,0.079,0.3103,0.2072,-0.0295,0.4942,0.6035,0.482966,CMN,BRACKET_BASE,false,true,0.6913185199999999,0.54944728,0.6997248,,0.3982,false
EVT-EAR-1052,Peasant Rebellion against Mughal Empire,1607,early_modern,revolution,South Asia,Mughal Empire,CHR-EAR-1052,2344.2,0.538,0.432,0.6946,0.568,44.8,0.508,39.4,36.4,0.4273,24.4,10.1,0.2817,0.5317,0.4141,0.0974,0.2834,0.2917,0.3237,-0.24,0.4984,0.6397,0.631459,RMD,BRACKET_MEDIUM,false,true,0.51656115,0.5640627300000001,0.8374023,,0.3968,false
EVT-EAR-1053,Systemic Governance Breakdown in Ottoman Empire,1600,early_modern,collapse,Southeast Europe / Near East,Ottoman Empire,CHR-EAR-1053,2385.3,0.714,0.42,0.656,0.824,46.1,0.6425,37.2,33.9,0.3886,41.6,11.1,0.3253,0.6029,0.5114,0.1758,0.2471,0.219,0.3512,-0.3839,0.55,0.7217,0.443898,CMN,BRACKET_BASE,false,true,0.67043808,0.5784489199999999,0.92429484,,0.371,false
EVT-EAR-1054,Borderlands Pacification of Mughal Empire,1592,early_modern,war,South Asia,Mughal Empire,CHR-EAR-1054,1723.7,0.473,0.891,0.4163,0.228,37.7,0.3025,34,33.3,0.3506,51.6,21.5,0.3929,0.44,0.3397,0.0444,0.1058,0.2468,0.2353,-0.1932,0.6739,0.7424,0.347382,CMN,BRACKET_BASE,false,true,0.9237724,0.5700000000000001,0.8724999999999999,,0.3949,true
EVT-EAR-1055,Frontier Fragmentation of Kingdom of France (Bourbon),1781,early_modern,collapse,Western Europe,Kingdom of France (Bourbon),CHR-EAR-1055,940.4,0.765,0.656,0.197,0.423,25.1,0.337,30.7,40.8,0.36,91.7,11.8,0.3861,0.3921,0.2964,0.07,0.1685,0.0498,0.1954,-0.3423,0.4413,0.7911,0.432684,CMN,BRACKET_BASE,false,true,0.7799362400000001,0.53777571,0.8336336900000001,,0.3599,true
EVT-EAR-1056,Imperial Unification of Tsardom & Russian Empire,1624,early_modern,transformation,Northern Eurasia,Tsardom & Russian Empire,CHR-EAR-1056,1819.9,0.686,0.704,0.4333,0.538,52.4,0.531,40.4,33.6,0.4213,68.5,23.6,0.4239,0.3652,0.4262,0.3095,0.5362,0.5021,0.4278,0.1369,0.2248,0.5523,0.679536,RMD,BRACKET_MEDIUM,false,true,0.41896064,0.37475334,0.36486617,,0.3245,false
EVT-EAR-1057,Radical Assembly Schism in British Empire (Early),1755,early_modern,revolution,British Isles / Global,British Empire (Early),CHR-EAR-1057,1598.2,0.564,0.162,0.5753,0.521,18.9,0.355,33,39.6,0.3776,57.3,15.8,0.372,0.454,0.3596,0.0639,0.2224,0.1276,0.2455,-0.3264,0.4933,0.7334,0.577424,CMN,BRACKET_BASE,false,true,0.52960376,0.38784276,0.5651596799999999,,0.3743,false
EVT-EAR-1058,Military Coup d’État in Portuguese Empire,1675,early_modern,revolution,Atlantic / Indian Ocean,Portuguese Empire,CHR-EAR-1058,1021.4,0.492,0.833,0.2467,0.685,47.1,0.578,31.8,34.9,0.3365,84.3,16.4,0.403,0.4105,0.2517,0,0.2561,0.1536,0.2144,-0.2569,0.7633,0.7854,0.6054,CMN,BRACKET_BASE,false,true,0.89104235,0.561875,0.892625,,0.3987,true
EVT-EAR-1059,Maritime Trade Hub Expansion in Mughal Empire,1742,early_modern,economic,South Asia,Mughal Empire,CHR-EAR-1059,2369,0.507,0.427,0.7118,0.499,53.9,0.519,39.1,35.2,0.4169,39.7,11.7,0.325,0.4595,0.405,0.282,0.3782,0.588,0.4225,0.1285,0.5173,0.5816,0.658802,RMD,BRACKET_MEDIUM,false,true,0.62610156,0.56475,0.67525,,0.3724,false
EVT-EAR-1060,Monastic Network Expansion of British Empire (Early),1757,early_modern,religious,British Isles / Global,British Empire (Early),CHR-EAR-1060,2089.8,0.584,0.172,0.6931,0.834,16.4,0.499,41.3,42.6,0.485,93.9,15.8,0.4078,0.5424,0.562,0.3912,0.442,0.6249,0.5125,0.0825,0.4945,0.5466,0.686274,RMD,BRACKET_MEDIUM,false,false,0.40421772,0.39310095,0.43781025,,0.3545,false
EVT-EAR-1061,Frontier Campaign of Tsardom & Russian Empire,1771,early_modern,war,Northern Eurasia,Tsardom & Russian Empire,CHR-EAR-1061,1791.8,0.657,0.649,0.4512,0.484,28,0.382,28.9,35,0.3058,62.3,19.2,0.3951,0.4337,0.3536,0.1666,0.2493,0.1921,0.2791,-0.2416,0.3527,0.6778,0.348473,CMN,BRACKET_BASE,false,true,0.86175777,0.5555,0.848375,,0.3382,true
EVT-EAR-1062,Epidemic Fever Outbreak across Portuguese Empire,1710,early_modern,pandemic,Atlantic / Indian Ocean,Portuguese Empire,CHR-EAR-1062,2384.9,0.588,0.631,0.6304,0.478,26.9,0.3735,39.8,41.6,0.4628,93.4,18.1,0.4189,0.4931,0.4348,0,0.1357,0.3542,0.2836,-0.1389,0.7272,0.6668,0.651479,RMD,BRACKET_MEDIUM,false,true,0.68225346,0.51940798,0.76122168,,0.4089,false
EVT-EAR-1063,Decentralization Wave across Mughal Empire,1757,early_modern,collapse,South Asia,Mughal Empire,CHR-EAR-1063,1488.6,0.68,0.413,0.4369,0.712,26,0.486,34.6,35,0.3672,23.8,21.9,0.3389,0.4717,0.3612,0.142,0.2229,0.2492,0.2894,-0.2225,0.8012,0.7569,0.44938,CMN,BRACKET_BASE,false,true,0.82328778,0.54421736,0.8356256999999999,,0.3643,false
EVT-EAR-1064,Imperial Unification of Portuguese Empire,1686,early_modern,transformation,Atlantic / Indian Ocean,Portuguese Empire,CHR-EAR-1064,2241.4,0.529,0.16,0.7524,0.462,40.5,0.4335,33,34.7,0.3482,25.1,18.8,0.3273,0.374,0.426,0.3175,0.5313,0.5327,0.4363,0.1587,0.2762,0.5546,0.663014,RMD,BRACKET_MEDIUM,false,true,0.49922379,0.48542176,0.5546556,,0.3246,false
EVT-EAR-1065,Decentralization Wave across Ottoman Empire,1697,early_modern,collapse,Southeast Europe / Near East,Ottoman Empire,CHR-EAR-1065,915,0.741,0.163,0.3456,0.216,25.1,0.2335,39.3,42.4,0.4622,30.9,8.3,0.2898,0.4155,0.3444,0.1362,0.163,0.1181,0.2354,-0.2974,0.4759,0.7534,0.398145,CMN,BRACKET_BASE,false,true,0.77114668,0.48031936000000003,0.80475654,,0.3423,false
EVT-EAR-1066,Peasant Rebellion against Portuguese Empire,1633,early_modern,revolution,Atlantic / Indian Ocean,Portuguese Empire,CHR-EAR-1066,1418.5,0.472,0.607,0.423,0.731,29.5,0.513,40.8,36.5,0.443,94.8,18,0.4195,0.5496,0.4449,0.1387,0.3866,0.3722,0.3784,-0.1774,0.5933,0.6673,0.751345,RMD,BRACKET_HIGH,true,false,0.44716275,0.40828655999999997,0.55829991,,0.3991,false
EVT-EAR-1067,Popular Uprising of Spanish Empire,1635,early_modern,revolution,Iberia / Americas,Spanish Empire,CHR-EAR-1067,1833.6,0.682,0.678,0.4458,0.468,53.4,0.501,33.6,40.2,0.3877,40.7,14.2,0.3393,0.4861,0.342,0.1371,0.2585,0.6814,0.381,0.1953,0.7369,0.7195,0.410287,CMN,BRACKET_BASE,false,true,0.730302,0.60875,0.742,,0.3986,false
EVT-EAR-1068,Secular Legal Separation in Polish-Lithuanian Commonwealth,1739,early_modern,religious,Eastern Europe,Polish-Lithuanian Commonwealth,CHR-EAR-1068,941.5,0.529,0.394,0.3467,0.686,17,0.428,29.5,35.4,0.3147,39.2,21.1,0.371,0.3533,0.3762,0.1954,0.3673,0.4609,0.3506,0.1076,0.5196,0.6546,0.521481,CMN,BRACKET_BASE,false,true,0.7679588500000001,0.53117927,0.63490077,,0.3614,false
EVT-EAR-1069,Hydraulic Engineering Grid in Spanish Empire,1722,early_modern,technological,Iberia / Americas,Spanish Empire,CHR-EAR-1069,1438.4,0.479,0.885,0.3426,0.261,14.3,0.202,40.7,34.8,0.4317,67.3,10.4,0.3567,0.2334,0.2717,0.3374,0.458,0.5776,0.3756,0.3442,0.447,0.7812,0.660596,RMD,BRACKET_MEDIUM,false,true,0.4548728,0.37953825,0.38396111,,0.3301,false
EVT-EAR-1070,Pantheon Reformation of Polish-Lithuanian Commonwealth,1694,early_modern,religious,Eastern Europe,Polish-Lithuanian Commonwealth,CHR-EAR-1070,930.9,0.652,0.583,0.2504,0.272,53.2,0.402,39.4,37.3,0.4327,69.3,17.7,0.3953,0.3256,0.3308,0.2257,0.3631,0.1878,0.2866,-0.1378,0.2635,0.6075,0.463626,CMN,BRACKET_BASE,false,true,0.58280523,0.45736612000000004,0.6693548000000001,,0.2998,false
EVT-EAR-1071,Borderlands Pacification of Ottoman Empire,1616,early_modern,war,Southeast Europe / Near East,Ottoman Empire,CHR-EAR-1071,1686.8,0.428,0.466,0.5477,0.552,12.4,0.338,40.3,37,0.4406,41.3,15.5,0.3468,0.4639,0.3689,0.055,0.2298,0.4282,0.3092,-0.0357,0.6585,0.615,0.332319,CMN,BRACKET_BASE,false,true,0.93841887,0.5874999999999999,0.8058750000000001,,0.4063,false
EVT-EAR-1072,Sanitation & Medical Breakthrough in Mughal Empire,1548,early_modern,technological,South Asia,Mughal Empire,CHR-EAR-1072,2065.8,0.571,0.236,0.6717,0.354,47.1,0.4125,41.6,34.4,0.439,81,13.7,0.3866,0.4357,0.4875,0.5845,0.6819,0.7126,0.5804,0.2769,0.2265,0.6077,0.710687,RMD,BRACKET_HIGH,false,false,0.32641055999999996,0.37936250000000005,0.40449953999999994,,0.3021,false
EVT-EAR-1073,Frontier Campaign of Tsardom & Russian Empire,1686,early_modern,war,Northern Eurasia,Tsardom & Russian Empire,CHR-EAR-1073,1877.9,0.554,0.825,0.4516,0.455,24.1,0.348,32.9,32.1,0.3315,25.6,21.8,0.3437,0.3222,0.2029,0,0.1416,0.1271,0.1588,-0.1951,0.6367,0.7249,0.485636,CMN,BRACKET_BASE,false,true,0.66073585,0.37146582000000006,0.51008012,,0.3695,false
EVT-EAR-1074,Astronomical Standardization by British Empire (Early),1692,early_modern,technological,British Isles / Global,British Empire (Early),CHR-EAR-1074,977.1,0.554,0.313,0.3727,0.642,42.8,0.535,33,37.6,0.3656,90.2,12.5,0.3884,0.3205,0.3757,0.4392,0.5161,0.4741,0.4251,0.1536,0.3861,0.6185,0.82427,RMD,BRACKET_HIGH,true,false,0.34045812,0.46135317000000003,0.6593028400000001,,0.2706,false
EVT-EAR-1075,Military Coup d’État in Tokugawa Shogunate,1625,early_modern,revolution,Japan,Tokugawa Shogunate,CHR-EAR-1075,971.4,0.607,0.572,0.2776,0.424,52.3,0.4735,38.2,42.7,0.4522,49.8,23.3,0.3994,0.4831,0.3031,0,0.2095,0.673,0.3337,0.1899,0.6765,0.7212,0.638163,RMD,BRACKET_MEDIUM,false,true,0.5602037500000001,0.4548844,0.47643156000000003,,0.4024,false
EVT-EAR-1076,Respiratory Virulence Wave across British Empire (Early),1800,early_modern,pandemic,British Isles / Global,British Empire (Early),CHR-EAR-1076,1910,0.54,0.687,0.5054,0.404,39.2,0.398,36.3,42.5,0.4305,85.8,17.5,0.4097,0.5101,0.4896,0.219,0.4466,0.4821,0.4295,-0.028,0.9156,0.6739,0.350569,CMN,BRACKET_BASE,false,true,0.92159262,0.567625,0.817,,0.3851,false
EVT-EAR-1077,Sanitation & Medical Breakthrough in Dutch Republic,1797,early_modern,technological,Northwestern Europe,Dutch Republic,CHR-EAR-1077,2143.5,0.692,0.399,0.6065,0.408,36.9,0.3885,35.9,36.9,0.3926,58.3,21.6,0.4023,0.3881,0.4396,0.4978,0.6552,0.6543,0.527,0.2662,0.2384,0.6252,0.626166,CMN,BRACKET_BASE,false,true,0.57864681,0.555,0.631875,,0.3091,false
EVT-EAR-1078,Bureaucratic Consolidation of Mughal Empire,1612,early_modern,transformation,South Asia,Mughal Empire,CHR-EAR-1078,2052,0.523,0.754,0.5271,0.581,24,0.4105,39.6,39.8,0.4499,87.4,24,0.4436,0.3856,0.4126,0.3228,0.5065,0.656,0.4567,0.2704,0.121,0.5981,0.660432,RMD,BRACKET_MEDIUM,false,true,0.38219184,0.38508276,0.31840047,,0.3499,false
EVT-EAR-1079,Harbor Incursion Sickness in Tokugawa Shogunate,1613,early_modern,pandemic,Japan,Tokugawa Shogunate,CHR-EAR-1079,2143.7,0.481,0.89,0.5226,0.61,12.6,0.368,38.5,36.4,0.4176,81.2,22.1,0.4288,0.4707,0.4067,0,0.206,0.1483,0.2463,-0.3224,0.6025,0.7585,0.372656,CMN,BRACKET_BASE,false,true,0.7742912200000001,0.49313072,0.8384357100000001,,0.4025,false
EVT-EAR-1080,Frontier Campaign of Tsardom & Russian Empire,1701,early_modern,war,Northern Eurasia,Tsardom & Russian Empire,CHR-EAR-1080,1846.1,0.463,0.114,0.684,0.779,35.3,0.566,30.1,41,0.3548,60.7,10.6,0.3502,0.4896,0.4006,0.1583,0.3524,0.2375,0.3277,-0.2521,0.6575,0.6898,0.657998,RMD,BRACKET_MEDIUM,false,true,0.55386481,0.3951343,0.5731929,,0.369,false
EVT-EAR-1081,Grain Market Price Shock across Ottoman Empire,1612,early_modern,economic,Southeast Europe / Near East,Ottoman Empire,CHR-EAR-1081,1375.6,0.748,0.128,0.4728,0.2,46.6,0.333,33.9,35.8,0.3645,65.9,18.5,0.3956,0.3602,0.283,0.1077,0.1612,0.4049,0.2634,0.0447,0.5991,0.6284,0.621532,CMN,BRACKET_BASE,false,true,0.50198988,0.3770466,0.43588310999999996,,0.3863,false
EVT-EAR-1082,Administrative Codification of Ming & Qing Dynasties,1710,early_modern,transformation,East Asia,Ming & Qing Dynasties,CHR-EAR-1082,1166.3,0.519,0.375,0.4134,0.378,14.9,0.2635,40.5,41.4,0.4692,24.5,10.5,0.284,0.2431,0.3055,0.1624,0.3743,0.4544,0.3079,0.2113,0.1559,0.6112,0.6768,RMD,BRACKET_MEDIUM,false,true,0.4207069,0.3863954,0.33803363999999997,,0.3519,false
EVT-EAR-1083,Continental Standoff of Kingdom of France (Bourbon),1704,early_modern,war,Western Europe,Kingdom of France (Bourbon),CHR-EAR-1083,994.7,0.68,0.893,0.1654,0.807,29.3,0.55,37.1,32.6,0.3798,31.9,17.8,0.3396,0.3215,0.2714,0,0.1413,0.2745,0.2017,-0.047,0.4832,0.6119,0.386783,CMN,BRACKET_BASE,false,true,0.89872324,0.563875,0.7677499999999999,,0.3952,true
EVT-EAR-1084,Silver Flotilla Currency Shock in Kingdom of France (Bourbon),1709,early_modern,economic,Western Europe,Kingdom of France (Bourbon),CHR-EAR-1084,2317.9,0.748,0.821,0.5081,0.491,31.4,0.4025,35.7,36.4,0.3875,43.7,11,0.3284,0.3693,0.2838,0.1741,0.3183,0.4609,0.3213,0.0916,0.5648,0.6259,0.65136,RMD,BRACKET_MEDIUM,false,true,0.69783573,0.55425,0.6930000000000001,,0.3722,false
EVT-EAR-1085,Caravan Route Pestilence in Mughal Empire,1610,early_modern,pandemic,South Asia,Mughal Empire,CHR-EAR-1085,1418.9,0.629,0.563,0.3892,0.78,39.1,0.5855,36.9,37.9,0.4094,44.8,18.9,0.3697,0.5245,0.451,0.1996,0.3904,0.383,0.3897,-0.1415,0.9008,0.724,0.567558,CMN,BRACKET_BASE,false,true,0.5473503000000001,0.39771719,0.54752502,,0.3794,false
EVT-EAR-1086,Systemic Governance Breakdown in Tokugawa Shogunate,1737,early_modern,collapse,Japan,Tokugawa Shogunate,CHR-EAR-1086,1219.3,0.612,0.175,0.4592,0.233,53.6,0.3845,32.9,39.6,0.3765,57.5,20.3,0.3948,0.47,0.4179,0.0392,0.1226,0.245,0.2589,-0.225,0.564,0.7095,0.536466,CMN,BRACKET_BASE,false,true,0.8797047,0.584875,0.9035,,0.4015,true
EVT-EAR-1087,Imperial Annexation War in Tokugawa Shogunate,1577,early_modern,war,Japan,Tokugawa Shogunate,CHR-EAR-1087,853.9,0.514,0.664,0.2476,0.715,27,0.4925,30.7,41.9,0.3666,49.5,12.5,0.3449,0.3472,0.2958,0.1132,0.214,0.0946,0.213,-0.2526,0.3206,0.6805,0.458241,CMN,BRACKET_BASE,false,true,0.7658594,0.53775819,0.7807584000000001,,0.3385,true
EVT-EAR-1088,Harbor Incursion Sickness in Spanish Empire,1591,early_modern,pandemic,Iberia / Americas,Spanish Empire,CHR-EAR-1088,1113.8,0.765,0.611,0.2553,0.641,45.3,0.547,29.7,34.9,0.3139,53.6,16,0.3682,0.4709,0.4447,0.0613,0.184,0.49,0.3302,0.0191,0.8552,0.6867,0.550313,CMN,BRACKET_BASE,false,true,0.5854822399999999,0.40548463,0.4707026,,0.4069,false
EVT-EAR-1089,Epidemic Fever Outbreak across Polish-Lithuanian Commonwealth,1541,early_modern,pandemic,Eastern Europe,Polish-Lithuanian Commonwealth,CHR-EAR-1089,1574.2,0.708,0.503,0.4236,0.404,46.6,0.435,37.6,40.9,0.4349,36.9,14.3,0.3327,0.4649,0.4426,0.1583,0.2707,0.5072,0.3687,0.0423,0.7575,0.6482,0.51806,CMN,BRACKET_BASE,false,true,0.47752508000000005,0.39170679,0.4712272,,0.3991,false
EVT-EAR-1090,Orthodoxy & Heresy Trial Wave in Tsardom & Russian Empire,1713,early_modern,religious,Northern Eurasia,Tsardom & Russian Empire,CHR-EAR-1090,1772.9,0.593,0.823,0.4134,0.343,50,0.4215,41.7,32.9,0.4311,25.9,9.1,0.281,0.378,0.3563,0.1961,0.2582,0.5493,0.3476,0.1713,0.4347,0.6413,0.776234,RMD,BRACKET_HIGH,true,false,0.48440645,0.38367398,0.39007919999999996,,0.3816,false
EVT-EAR-1091,Borderlands Pacification of Tsardom & Russian Empire,1566,early_modern,war,Northern Eurasia,Tsardom & Russian Empire,CHR-EAR-1091,1928.8,0.671,0.237,0.606,0.38,54.9,0.4645,33.8,39.7,0.3868,56,20.5,0.3939,0.4285,0.3147,0.0807,0.2699,0.2056,0.2599,-0.2229,0.3102,0.6093,0.577199,CMN,BRACKET_BASE,false,true,0.681797,0.55676616,0.79258221,,0.3789,true
EVT-EAR-1092,Astronomical Standardization by Tokugawa Shogunate,1715,early_modern,technological,Japan,Tokugawa Shogunate,CHR-EAR-1092,2188,0.648,0.472,0.6093,0.643,38.3,0.513,31.9,36.1,0.3448,87.7,15.4,0.4008,0.3709,0.4148,0.4877,0.6354,0.5266,0.4871,0.1557,0.3274,0.5759,0.765175,RMD,BRACKET_HIGH,true,false,0.41245281,0.37801152,0.43843660999999995,,0.2818,false
EVT-EAR-1093,Caravan Route Pestilence in Safavid Empire,1558,early_modern,pandemic,Persia,Safavid Empire,CHR-EAR-1093,1652,0.476,0.215,0.5997,0.589,47.8,0.5335,40.7,34.3,0.4287,21.1,13.9,0.2902,0.5497,0.5186,0.0472,0.1476,0.2497,0.3026,-0.3,0.8003,0.7578,0.478098,CMN,BRACKET_BASE,false,true,0.7149839400000001,0.6146270500000001,0.8930127299999999,,0.408,false
EVT-EAR-1094,Palatial Collapse of British Empire (Early),1669,early_modern,collapse,British Isles / Global,British Empire (Early),CHR-EAR-1094,1719.8,0.748,0.376,0.4873,0.816,37.2,0.594,41.1,32.6,0.4228,38.7,12.4,0.3266,0.5113,0.455,0.0951,0.1195,0.3037,0.2969,-0.2076,0.666,0.683,0.556525,CMN,BRACKET_BASE,false,true,0.52138988,0.41620662,0.56509093,,0.4024,false
EVT-EAR-1095,Military Coup d’État in Mughal Empire,1736,early_modern,revolution,South Asia,Mughal Empire,CHR-EAR-1095,1598.3,0.652,0.851,0.3422,0.229,44.6,0.3375,29.7,33.9,0.3079,45.1,8.6,0.3187,0.4104,0.2888,0.0607,0.2943,0.2765,0.2661,-0.1339,0.6583,0.7187,0.430062,CMN,BRACKET_BASE,false,true,0.6767035,0.47279885,0.7464479700000001,,0.3889,false
EVT-EAR-1096,Military Coup d’État in British Empire (Early),1680,early_modern,revolution,British Isles / Global,British Empire (Early),CHR-EAR-1096,1390.6,0.521,0.526,0.4254,0.803,34.2,0.5725,37.6,40.5,0.4325,89.7,10.2,0.3765,0.484,0.3202,0.1021,0.258,0.2914,0.2911,-0.1926,0.5701,0.662,0.745875,RMD,BRACKET_HIGH,true,false,0.44006573000000004,0.39497001,0.54045554,,0.3893,false
EVT-EAR-1097,Coalition Defense of Tsardom & Russian Empire,1652,early_modern,war,Northern Eurasia,Tsardom & Russian Empire,CHR-EAR-1097,1291.8,0.504,0.522,0.4062,0.698,15.5,0.4265,36,34.2,0.3775,30.4,20.6,0.3501,0.4221,0.3667,0.0663,0.1417,0.4634,0.292,0.0413,0.4838,0.5917,0.568016,CMN,BRACKET_BASE,false,true,0.5715399999999999,0.400945,0.451212,,0.4079,false
EVT-EAR-1098,Agrarian Insurgency in Portuguese Empire,1737,early_modern,revolution,Atlantic / Indian Ocean,Portuguese Empire,CHR-EAR-1098,1322.1,0.555,0.396,0.4365,0.378,36.1,0.3695,35.1,36.7,0.3828,83.1,8.2,0.3609,0.3954,0.2558,0,0.1467,0.5536,0.2703,0.1582,0.5828,0.6828,0.553038,CMN,BRACKET_BASE,false,true,0.75466259,0.608,0.73625,,0.3936,false
EVT-EAR-1099,Institutional Dissolution of Ottoman Empire,1587,early_modern,collapse,Southeast Europe / Near East,Ottoman Empire,CHR-EAR-1099,1567.7,0.534,0.711,0.4117,0.524,24.1,0.3825,28.5,38,0.3195,22,13.7,0.2922,0.4431,0.337,0.1102,0.1842,0.2258,0.2601,-0.2173,0.5046,0.7064,0.415921,CMN,BRACKET_BASE,false,true,0.8672170000000001,0.5609999999999999,0.864875,,0.3672,true
EVT-EAR-1100,Mechanical Power Harnessing in Mughal Empire,1647,early_modern,technological,South Asia,Mughal Empire,CHR-EAR-1100,1104.5,0.424,0.583,0.3636,0.529,20.8,0.3685,40.1,33.3,0.4163,58.8,23,0.4099,0.3238,0.3741,0.492,0.6466,0.6391,0.4951,0.3153,0.2736,0.6964,0.846474,RMD,BRACKET_HIGH,true,false,0.46191906,0.47605077999999995,0.60143437,,0.3139,false
EVT-EAR-1101,Hydraulic Engineering Grid in Kingdom of France (Bourbon),1642,early_modern,technological,Western Europe,Kingdom of France (Bourbon),CHR-EAR-1101,948.7,0.618,0.867,0.18,0.791,35.8,0.5745,40.4,33.6,0.4213,25.9,15.2,0.3115,0.3151,0.3688,0.4844,0.575,0.4889,0.4464,0.1738,0.3708,0.6402,0.699162,RMD,BRACKET_MEDIUM,false,false,0.43769781999999996,0.4868199,0.7184178,,0.2807,false
EVT-EAR-1102,Temple Bureaucracy Reorganization of Tsardom & Russian Empire,1648,early_modern,religious,Northern Eurasia,Tsardom & Russian Empire,CHR-EAR-1102,2338.6,0.433,0.519,0.6986,0.732,44.2,0.587,29.7,39.9,0.3439,71.6,8.3,0.3507,0.5206,0.5875,0.4178,0.4762,0.3726,0.4749,-0.148,0.3988,0.5652,0.730622,RMD,BRACKET_HIGH,true,false,0.3088515,0.38133,0.492505,,0.2991,false
EVT-EAR-1103,Pantheon Reformation of Dutch Republic,1596,early_modern,religious,Northwestern Europe,Dutch Republic,CHR-EAR-1103,1129.7,0.579,0.416,0.3737,0.731,30.5,0.518,33.3,35.8,0.358,88.8,22.4,0.4367,0.4254,0.4512,0.3552,0.4606,0.4213,0.4227,-0.0041,0.2387,0.5044,0.527566,CMN,BRACKET_BASE,false,true,0.6400095800000001,0.52395606,0.6383597999999999,,0.2792,false
EVT-EAR-1104,Agrarian Restructuring of Spanish Empire,1533,early_modern,transformation,Iberia / Americas,Spanish Empire,CHR-EAR-1104,2323.4,0.706,0.227,0.7003,0.423,42.1,0.422,31.5,33.4,0.3242,30.6,22.9,0.3621,0.3413,0.4138,0.3402,0.5605,0.5526,0.4417,0.2113,0.3291,0.6094,0.617204,CMN,BRACKET_BASE,false,true,0.5765,0.55375,0.578125,,0.3237,true
EVT-EAR-1105,Strategic Siege of Tsardom & Russian Empire,1601,early_modern,war,Northern Eurasia,Tsardom & Russian Empire,CHR-EAR-1105,1033.5,0.602,0.426,0.339,0.66,45.1,0.5555,32.9,33.8,0.3417,79.5,15.4,0.3937,0.4399,0.3626,0.1666,0.3129,0.2898,0.3144,-0.1501,0.6373,0.6849,0.697401,RMD,BRACKET_MEDIUM,false,false,0.78558696,0.553125,0.85075,,0.3579,true
EVT-EAR-1106,Mercantile Tariff Overhaul across Dutch Republic,1767,early_modern,economic,Northwestern Europe,Dutch Republic,CHR-EAR-1106,2245,0.585,0.899,0.5148,0.26,28.7,0.2735,40.3,37.3,0.4424,63.1,9.7,0.3485,0.4569,0.358,0.15,0.2502,0.651,0.3732,0.1941,0.4676,0.6671,0.699735,RMD,BRACKET_MEDIUM,false,false,0.4480207,0.40221034,0.42305664,,0.4037,false
EVT-EAR-1107,Respiratory Virulence Wave across Ottoman Empire,1570,early_modern,pandemic,Southeast Europe / Near East,Ottoman Empire,CHR-EAR-1107,1113.6,0.512,0.681,0.3101,0.794,48.5,0.6395,37.1,35.6,0.3978,45.6,21,0.3815,0.5058,0.4717,0.0121,0.1653,0.2512,0.2812,-0.2546,0.8075,0.7672,0.478419,CMN,BRACKET_BASE,false,true,0.65688135,0.420336,0.56863725,,0.4092,false
EVT-EAR-1108,Astronomical Standardization by Tokugawa Shogunate,1755,early_modern,technological,Japan,Tokugawa Shogunate,CHR-EAR-1108,2145.1,0.584,0.783,0.5241,0.472,44.7,0.4595,30,40.7,0.3519,61.3,16.2,0.3789,0.3445,0.3668,0.4157,0.5705,0.71,0.4815,0.3655,0.3006,0.7022,0.488824,CMN,BRACKET_BASE,false,true,0.7221522000000001,0.54688088,0.5160716399999999,,0.3406,false
EVT-EAR-1109,Printing & Communications Diffusion in British Empire (Early),1512,early_modern,technological,British Isles / Global,British Empire (Early),CHR-EAR-1109,2285,0.474,0.165,0.7786,0.67,35.4,0.512,40.6,35.2,0.433,52.5,10.5,0.3392,0.4676,0.5018,0.5737,0.6367,0.7734,0.5906,0.3058,0.4572,0.6509,0.912821,RMD,BRACKET_HIGH,true,false,0.439875,0.554125,0.65225,,0.3186,false
EVT-EAR-1110,Synod Monotheistic Mandate in Safavid Empire,1572,early_modern,religious,Persia,Safavid Empire,CHR-EAR-1110,2186.6,0.457,0.178,0.7544,0.513,26.1,0.387,30.1,34.4,0.3152,35.4,15.2,0.3342,0.4101,0.4372,0.2912,0.3977,0.4351,0.3943,0.025,0.223,0.4808,0.896635,RMD,BRACKET_HIGH,true,false,0.33679896000000004,0.38192118,0.42137563999999994,,0.3206,false
EVT-EAR-1111,Civic Restoration Revolt in British Empire (Early),1704,early_modern,revolution,British Isles / Global,British Empire (Early),CHR-EAR-1111,1642,0.466,0.702,0.454,0.616,12,0.368,40.9,40.9,0.4705,48.7,15.1,0.3568,0.4235,0.2954,0,0.2162,0.1494,0.2169,-0.2741,0.6226,0.7398,0.538595,CMN,BRACKET_BASE,false,true,0.56423208,0.38457246000000006,0.55158023,,0.3964,false
EVT-EAR-1112,Grain Market Price Shock across Polish-Lithuanian Commonwealth,1764,early_modern,economic,Eastern Europe,Polish-Lithuanian Commonwealth,CHR-EAR-1112,1789.1,0.586,0.496,0.5177,0.328,37.4,0.351,30.3,35.6,0.3245,62.8,8.9,0.3442,0.3559,0.3072,0.061,0.1329,0.1248,0.1964,-0.2311,0.3337,0.6592,0.693196,RMD,BRACKET_MEDIUM,false,false,0.5520802499999999,0.3910543,0.5222772,,0.3481,false
EVT-EAR-1113,Grain Market Price Shock across Ottoman Empire,1696,early_modern,economic,Southeast Europe / Near East,Ottoman Empire,CHR-EAR-1113,1534.7,0.717,0.722,0.345,0.484,38.5,0.4345,38.3,36.4,0.4155,51.6,23.2,0.4014,0.4367,0.3821,0.1645,0.2749,0.5621,0.3641,0.1254,0.3573,0.6078,0.778491,RMD,BRACKET_HIGH,true,false,0.52316595,0.578625,0.6695,,0.399,false
EVT-EAR-1114,Caravan Route Pestilence in Dutch Republic,1770,early_modern,pandemic,Northwestern Europe,Dutch Republic,CHR-EAR-1114,2193.8,0.592,0.807,0.5271,0.397,35.4,0.3755,39.8,38.3,0.443,60.9,20,0.3974,0.5308,0.4797,0.1502,0.316,0.4607,0.3875,-0.0701,0.6655,0.6324,0.415844,CMN,BRACKET_BASE,false,true,0.8073252000000001,0.585875,0.839375,,0.4023,false
EVT-EAR-1115,Fiscal Modernization in Safavid Empire,1755,early_modern,transformation,Persia,Safavid Empire,CHR-EAR-1115,2001.8,0.55,0.175,0.6797,0.684,44.2,0.563,41.7,41.7,0.4839,40.5,17.4,0.3549,0.4237,0.4801,0.4211,0.6409,0.7177,0.5367,0.294,0.1047,0.5559,0.714333,RMD,BRACKET_HIGH,false,false,0.57032964,0.5695,0.49,,0.3422,false
EVT-EAR-1116,Synod Monotheistic Mandate in Dutch Republic,1696,early_modern,religious,Northwestern Europe,Dutch Republic,CHR-EAR-1116,1185.7,0.623,0.856,0.2429,0.687,19.8,0.4425,41.4,41.2,0.4777,43.3,20.2,0.3737,0.4038,0.4516,0.3185,0.4191,0.3892,0.3964,-0.0146,0.2623,0.529,0.71241,RMD,BRACKET_HIGH,false,false,0.5740690399999999,0.47000007,0.63929148,,0.29,false
EVT-EAR-1117,Military Coup d’État in Safavid Empire,1732,early_modern,revolution,Persia,Safavid Empire,CHR-EAR-1117,2217.6,0.77,0.806,0.4801,0.306,27.4,0.29,38.7,37.5,0.4264,41,9.1,0.3143,0.4656,0.294,0.0042,0.123,0.4777,0.2729,0.0121,0.4993,0.5819,0.545843,CMN,BRACKET_BASE,false,true,0.61479854,0.42171948,0.46866684,,0.3993,false
EVT-EAR-1118,Mechanical Power Harnessing in Portuguese Empire,1593,early_modern,technological,Atlantic / Indian Ocean,Portuguese Empire,CHR-EAR-1118,976.8,0.49,0.166,0.4359,0.528,43.1,0.4795,34.8,37.9,0.3868,67.7,21.4,0.4121,0.3374,0.3855,0.4789,0.6053,0.6859,0.4986,0.3485,0.1617,0.6633,0.677746,RMD,BRACKET_MEDIUM,false,true,0.46540494,0.3763188,0.35859384,,0.3268,false
EVT-EAR-1119,Administrative Codification of Mughal Empire,1663,early_modern,transformation,South Asia,Mughal Empire,CHR-EAR-1119,2024.7,0.487,0.153,0.7111,0.466,50.2,0.484,28.6,35.2,0.3038,71.6,22.4,0.4212,0.3669,0.4389,0.3041,0.4839,0.6949,0.4577,0.328,0.3599,0.6723,0.659777,RMD,BRACKET_MEDIUM,false,true,0.5628456299999999,0.46412211999999997,0.50447758,,0.3629,false
EVT-EAR-1120,Agrarian Insurgency in Ming & Qing Dynasties,1719,early_modern,revolution,East Asia,Ming & Qing Dynasties,CHR-EAR-1120,1523.6,0.672,0.621,0.3859,0.411,44.9,0.43,34,35.5,0.3638,21.7,21.6,0.3307,0.457,0.3082,0.0076,0.2575,0.5062,0.3073,0.0492,0.7327,0.6628,0.601096,CMN,BRACKET_BASE,false,true,0.5272407400000001,0.40917216,0.46299978999999997,,0.3928,false
EVT-EAR-1121,Canal Infrastructure Boom in Polish-Lithuanian Commonwealth,1694,early_modern,economic,Eastern Europe,Polish-Lithuanian Commonwealth,CHR-EAR-1121,2014.6,0.654,0.208,0.6419,0.382,15.3,0.2675,29.3,34,0.3042,86.1,16.1,0.403,0.4654,0.3675,0.1593,0.2295,0.5331,0.351,0.0677,0.2937,0.5579,0.690167,RMD,BRACKET_MEDIUM,false,false,0.38142832000000004,0.40552294,0.42612428,,0.401,false
EVT-EAR-1122,Provincial Autonomy Insurgency against Kingdom of France (Bourbon),1520,early_modern,revolution,Western Europe,Kingdom of France (Bourbon),CHR-EAR-1122,952.5,0.569,0.517,0.3007,0.784,18.1,0.4825,30.9,39.2,0.3526,80.9,19.4,0.415,0.3775,0.2599,0,0.1479,0.1977,0.1966,-0.1798,0.4673,0.6735,0.678903,RMD,BRACKET_MEDIUM,false,true,0.7269894,0.5436328,0.7713214500000001,,0.3913,true
EVT-EAR-1123,Agrarian Insurgency in Ming & Qing Dynasties,1604,early_modern,revolution,East Asia,Ming & Qing Dynasties,CHR-EAR-1123,1658.9,0.447,0.522,0.518,0.47,20.9,0.3395,40.4,41.5,0.4687,36.1,20.3,0.3611,0.4946,0.3759,0.1226,0.3542,0.3668,0.3428,-0.1278,0.4859,0.6216,0.523252,CMN,BRACKET_BASE,false,true,0.6771897,0.4818086,0.73309581,,0.3941,false
EVT-EAR-1124,Decentralization Wave across Ming & Qing Dynasties,1568,early_modern,collapse,East Asia,Ming & Qing Dynasties,CHR-EAR-1124,1876.4,0.683,0.656,0.4632,0.411,23,0.3205,38.1,37.9,0.4223,57.4,20.3,0.3947,0.4944,0.4321,0.0609,0.1168,0.2816,0.2772,-0.2128,0.8294,0.7714,0.610405,CMN,BRACKET_BASE,false,true,0.5441256,0.40630271999999995,0.5540784,,0.4031,false
EVT-EAR-1125,Maritime Trade Hub Expansion in Polish-Lithuanian Commonwealth,1755,early_modern,economic,Eastern Europe,Polish-Lithuanian Commonwealth,CHR-EAR-1125,1004.8,0.618,0.49,0.3075,0.491,38.1,0.436,41.9,36.8,0.4566,29,16.7,0.3272,0.3512,0.2841,0.0592,0.1395,0.5104,0.2689,0.1592,0.2814,0.6063,0.474174,CMN,BRACKET_BASE,false,true,0.74688719,0.55798065,0.59824989,,0.4053,false
EVT-EAR-1126,Educational Charter of Tsardom & Russian Empire,1623,early_modern,transformation,Northern Eurasia,Tsardom & Russian Empire,CHR-EAR-1126,946.1,0.568,0.618,0.269,0.207,20.6,0.2065,30.6,38.9,0.3476,83.9,10.7,0.3741,0.1941,0.2404,0.1418,0.3626,0.4123,0.2702,0.2182,0.2153,0.6782,0.663395,RMD,BRACKET_MEDIUM,false,true,0.71590628,0.54325,0.5375,,0.3355,false
EVT-EAR-1127,Agrarian Insurgency in Spanish Empire,1631,early_modern,revolution,Iberia / Americas,Spanish Empire,CHR-EAR-1127,2001,0.71,0.887,0.4179,0.329,52,0.4245,37.8,40.9,0.4371,56.5,12.2,0.353,0.4162,0.3217,0.012,0.2212,0.2669,0.2476,-0.1493,0.4213,0.624,0.562503,CMN,BRACKET_BASE,false,true,0.64087706,0.4974796799999999,0.7554616900000001,,0.4009,false
EVT-EAR-1128,Printing & Communications Diffusion in Dutch Republic,1600,early_modern,technological,Northwestern Europe,Dutch Republic,CHR-EAR-1128,1220.5,0.742,0.541,0.3107,0.813,39.8,0.6055,37.1,40.2,0.4254,86.3,10.5,0.3752,0.3444,0.3737,0.4345,0.5198,0.4925,0.433,0.1481,0.3061,0.5853,0.668661,RMD,BRACKET_MEDIUM,false,true,0.34804378999999996,0.36583957,0.41987126999999996,,0.2717,false
EVT-EAR-1129,Metallurgical Innovation Surge in British Empire (Early),1722,early_modern,technological,British Isles / Global,British Empire (Early),CHR-EAR-1129,1238.9,0.635,0.666,0.3101,0.678,21.2,0.445,30.9,33.6,0.319,34.8,19.5,0.3544,0.3147,0.3396,0.3871,0.4524,0.6452,0.4278,0.3305,0.4105,0.75,0.38905,CMN,BRACKET_BASE,false,true,0.77229435,0.546,0.5885,,0.3305,false
EVT-EAR-1130,Imperial Unification of Ming & Qing Dynasties,1721,early_modern,transformation,East Asia,Ming & Qing Dynasties,CHR-EAR-1130,1245.5,0.511,0.857,0.2917,0.808,27.1,0.5395,32.6,40.7,0.3799,49.8,14.1,0.3534,0.3388,0.3909,0.3324,0.487,0.4657,0.403,0.1269,0.1815,0.5622,0.613141,CMN,BRACKET_BASE,false,true,0.59186684,0.45520448999999996,0.5165299999999999,,0.298,false
EVT-EAR-1131,Provincial Autonomy Insurgency against Tsardom & Russian Empire,1757,early_modern,revolution,Northern Eurasia,Tsardom & Russian Empire,CHR-EAR-1131,2146.3,0.757,0.659,0.5097,0.459,41.4,0.4365,40.8,36.1,0.4406,77.2,9.8,0.3636,0.5332,0.3917,0.0245,0.2336,0.3013,0.2969,-0.2319,0.5557,0.6861,0.484345,CMN,BRACKET_BASE,false,true,0.7701991,0.5822425,0.8485003799999999,,0.4065,false
EVT-EAR-1132,Military Coup d’État in Tokugawa Shogunate,1686,early_modern,revolution,Japan,Tokugawa Shogunate,CHR-EAR-1132,2039.7,0.446,0.876,0.5104,0.806,43.1,0.6185,32.9,37.5,0.3639,42.9,16.9,0.3566,0.5375,0.4362,0.0704,0.2086,0.2919,0.3089,-0.2456,0.6568,0.7029,0.695404,RMD,BRACKET_MEDIUM,false,false,0.45858784,0.41273244,0.5733,,0.4039,false
EVT-EAR-1133,Secular Legal Separation in Polish-Lithuanian Commonwealth,1531,early_modern,religious,Eastern Europe,Polish-Lithuanian Commonwealth,CHR-EAR-1133,1586.1,0.552,0.539,0.4627,0.732,12.8,0.43,36.6,40.9,0.4242,76,8.9,0.358,0.3845,0.3828,0.2899,0.4134,0.5904,0.4122,0.2059,0.3648,0.6349,0.802361,RMD,BRACKET_HIGH,true,false,0.39936292,0.38205232,0.36729962,,0.3499,false
EVT-EAR-1134,Metallurgical Innovation Surge in Safavid Empire,1515,early_modern,technological,Persia,Safavid Empire,CHR-EAR-1134,1125,0.709,0.318,0.3629,0.704,24.2,0.473,28.3,35.6,0.303,91.2,11.1,0.3822,0.3127,0.3516,0.4245,0.5347,0.6142,0.4475,0.3015,0.2714,0.6898,0.562805,CMN,BRACKET_BASE,false,true,0.42848949999999997,0.38254584,0.38655405,,0.3178,false
EVT-EAR-1135,Silver Flotilla Currency Shock in Tokugawa Shogunate,1579,early_modern,economic,Japan,Tokugawa Shogunate,CHR-EAR-1135,2100.7,0.657,0.722,0.5091,0.615,26,0.4375,40,36.9,0.4368,18.5,18.7,0.3047,0.4364,0.3418,0.1943,0.2686,0.2375,0.2957,-0.1989,0.3651,0.6212,0.499071,CMN,BRACKET_BASE,false,true,0.8340430799999999,0.5539999999999999,0.829375,,0.329,true
EVT-EAR-1136,Educational Charter of Portuguese Empire,1544,early_modern,transformation,Atlantic / Indian Ocean,Portuguese Empire,CHR-EAR-1136,1253.4,0.502,0.63,0.3645,0.368,38,0.374,32.9,40.6,0.3825,74.5,12.9,0.3765,0.2716,0.3292,0.2763,0.4739,0.3781,0.3458,0.1065,0.375,0.6131,0.793597,RMD,BRACKET_HIGH,true,false,0.393606,0.37475747000000004,0.396551,,0.2978,false
EVT-EAR-1137,Treaty System Implementation across Polish-Lithuanian Commonwealth,1703,early_modern,transformation,Eastern Europe,Polish-Lithuanian Commonwealth,CHR-EAR-1137,1391.5,0.754,0.597,0.3344,0.646,30.3,0.4745,36.1,37.3,0.3972,63.3,23.5,0.4177,0.3043,0.3675,0.3079,0.544,0.4253,0.3898,0.121,0.1483,0.5515,0.747958,RMD,BRACKET_HIGH,true,false,0.5114708,0.5406184599999999,0.5425606000000001,,0.3092,false
EVT-EAR-1138,Constitutional Reorganization of Dutch Republic,1612,early_modern,transformation,Northwestern Europe,Dutch Republic,CHR-EAR-1138,1892.9,0.626,0.439,0.5496,0.557,36.7,0.462,33.8,33.9,0.352,84.6,8,0.3612,0.3737,0.4312,0.3108,0.5096,0.5163,0.4283,0.1426,0.1911,0.5502,0.749599,RMD,BRACKET_HIGH,true,false,0.36925816,0.38439640999999997,0.36910055999999997,,0.3246,false
EVT-EAR-1139,Administrative Codification of Dutch Republic,1647,early_modern,transformation,Northwestern Europe,Dutch Republic,CHR-EAR-1139,2237.3,0.464,0.476,0.676,0.609,21.8,0.4135,41.4,36,0.4465,89.6,14,0.3954,0.4029,0.4643,0.3448,0.5479,0.6126,0.4745,0.2097,0.3438,0.5988,0.856827,RMD,BRACKET_HIGH,true,false,0.35806212,0.3934558,0.37291307,,0.3379,false
EVT-EAR-1140,Educational Charter of Ming & Qing Dynasties,1691,early_modern,transformation,East Asia,Ming & Qing Dynasties,CHR-EAR-1140,1090.6,0.654,0.662,0.2673,0.587,51.2,0.5495,33.6,35.7,0.3607,57.6,8.6,0.3364,0.2954,0.3697,0.3127,0.56,0.4574,0.399,0.162,0.2672,0.6077,0.647961,RMD,BRACKET_MEDIUM,false,true,0.35209284,0.37632624,0.36594825,,0.3174,false
EVT-EAR-1141,Orthodoxy & Heresy Trial Wave in Tsardom & Russian Empire,1623,early_modern,religious,Northern Eurasia,Tsardom & Russian Empire,CHR-EAR-1141,2071.1,0.734,0.352,0.5893,0.54,25.5,0.3975,34.8,42,0.4114,39.3,11.5,0.3232,0.4374,0.4862,0.3375,0.4754,0.5944,0.4662,0.157,0.425,0.6113,0.604705,CMN,BRACKET_BASE,false,true,0.52038528,0.54003888,0.59998238,,0.3459,false
EVT-EAR-1142,Caravan Route Pestilence in Dutch Republic,1661,early_modern,pandemic,Northwestern Europe,Dutch Republic,CHR-EAR-1142,1003.4,0.461,0.48,0.3573,0.626,21.4,0.42,34.4,32.1,0.3477,64.9,14.6,0.375,0.4699,0.4351,0,0.1076,0.1131,0.2251,-0.3568,0.7315,0.8368,0.530883,CMN,BRACKET_BASE,false,true,0.6891652,0.52810926,0.89000252,,0.3932,false
EVT-EAR-1143,Maritime Trade Hub Expansion in Safavid Empire,1623,early_modern,economic,Persia,Safavid Empire,CHR-EAR-1143,1016.9,0.686,0.244,0.3641,0.762,51.4,0.638,40.8,41.5,0.473,33.5,11,0.3092,0.4639,0.3863,0.1377,0.2089,0.3192,0.3032,-0.1447,0.4008,0.5871,0.422074,CMN,BRACKET_BASE,false,true,0.854375,0.57525,0.82925,,0.383,true
EVT-EAR-1144,Radical Assembly Schism in Mughal Empire,1529,early_modern,revolution,South Asia,Mughal Empire,CHR-EAR-1144,1619.1,0.713,0.75,0.3596,0.797,38.8,0.5925,35.9,32.3,0.365,32.2,17.7,0.3398,0.3947,0.2534,0,0.1526,0.1113,0.1824,-0.2834,0.7256,0.7669,0.436819,CMN,BRACKET_BASE,false,true,0.8160129199999999,0.47252145,0.7981457500000001,,0.3832,false
EVT-EAR-1145,Agricultural Plague Wave in Spanish Empire,1718,early_modern,pandemic,Iberia / Americas,Spanish Empire,CHR-EAR-1145,2356.1,0.629,0.404,0.6788,0.636,53.2,0.584,32.4,35.7,0.3477,24.2,18.4,0.3226,0.5089,0.4363,0.0384,0.2426,0.4601,0.3373,-0.0488,0.907,0.6415,0.582595,CMN,BRACKET_BASE,false,true,0.75,0.60625,0.806875,,0.4018,false
EVT-EAR-1146,Printing & Communications Diffusion in Spanish Empire,1786,early_modern,technological,Iberia / Americas,Spanish Empire,CHR-EAR-1146,1912.4,0.766,0.661,0.4461,0.38,41.5,0.3975,37.4,40.5,0.4304,92.2,8.7,0.371,0.3143,0.3687,0.4781,0.5396,0.5892,0.458,0.2749,0.3102,0.6649,0.618749,CMN,BRACKET_BASE,false,true,0.38325168000000004,0.37550106000000005,0.42938730999999997,,0.2972,false
EVT-EAR-1147,Military Coup d’État in Safavid Empire,1792,early_modern,revolution,Persia,Safavid Empire,CHR-EAR-1147,2379,0.444,0.816,0.6166,0.51,18.1,0.3455,41.6,41.4,0.481,19.9,23.4,0.3335,0.5117,0.3837,0.0713,0.1925,0.6016,0.3522,0.0899,0.7828,0.6578,0.517267,CMN,BRACKET_BASE,false,true,0.7992086800000001,0.624625,0.762625,,0.392,false
EVT-EAR-1148,Maritime Trade Hub Expansion in Ming & Qing Dynasties,1724,early_modern,economic,East Asia,Ming & Qing Dynasties,CHR-EAR-1148,2128.6,0.428,0.883,0.5367,0.637,51.4,0.5755,36.8,35.5,0.3939,31.6,17.2,0.3359,0.4289,0.334,0.1496,0.281,0.3417,0.307,-0.0872,0.5794,0.596,0.506672,CMN,BRACKET_BASE,false,true,0.72746894,0.45666270000000003,0.6911568,,0.3727,false
EVT-EAR-1149,Maritime Trade Hub Expansion in Portuguese Empire,1540,early_modern,economic,Atlantic / Indian Ocean,Portuguese Empire,CHR-EAR-1149,1888.7,0.436,0.121,0.701,0.77,50.3,0.6365,31.2,37.2,0.3438,47.1,20.1,0.3793,0.4841,0.4006,0.1239,0.286,0.3291,0.3247,-0.155,0.3844,0.5576,0.52907,CMN,BRACKET_BASE,false,true,0.5692337199999999,0.40087007999999996,0.5188811400000001,,0.3899,false
EVT-EAR-1150,Agricultural Plague Wave in Mughal Empire,1561,early_modern,pandemic,South Asia,Mughal Empire,CHR-EAR-1150,1193.6,0.546,0.178,0.4715,0.402,33,0.366,34.1,39.2,0.387,78.7,11.9,0.3755,0.4997,0.4707,0.0853,0.2472,0.3589,0.3324,-0.1408,0.8194,0.7272,0.657023,RMD,BRACKET_MEDIUM,false,true,0.49349197999999994,0.39242757,0.52182299,,0.4039,false
EVT-EAR-1151,Educational Charter of Portuguese Empire,1618,early_modern,transformation,Atlantic / Indian Ocean,Portuguese Empire,CHR-EAR-1151,1198.2,0.51,0.137,0.4958,0.214,44.1,0.3275,31.1,39.7,0.3577,73,21,0.4156,0.3181,0.3915,0.2555,0.4627,0.6296,0.4115,0.3115,0.2376,0.6805,0.613644,CMN,BRACKET_BASE,false,true,0.44356032,0.39655056,0.35169162,,0.3603,false
EVT-EAR-1152,Frontier Fragmentation of Ottoman Empire,1539,early_modern,collapse,Southeast Europe / Near East,Ottoman Empire,CHR-EAR-1152,1752.7,0.474,0.133,0.6509,0.362,34.2,0.352,38.5,37.3,0.423,38.4,14.6,0.3371,0.5062,0.424,0.0319,0.1062,0.2517,0.264,-0.2545,0.8397,0.7635,0.240716,CMN,BRACKET_BASE,false,true,0.994,0.5965,0.907,,0.4061,true
EVT-EAR-1153,Systemic Governance Breakdown in British Empire (Early),1771,early_modern,collapse,British Isles / Global,British Empire (Early),CHR-EAR-1153,1906.8,0.694,0.629,0.4758,0.34,23.1,0.2855,36,38.7,0.4045,67.8,12,0.3652,0.5117,0.4436,0.2026,0.2998,0.1158,0.3147,-0.3959,0.478,0.7884,0.667027,RMD,BRACKET_MEDIUM,false,true,0.49973695999999995,0.39822334,0.5972900999999999,,0.362,false
EVT-EAR-1154,Monastic Network Expansion of Kingdom of France (Bourbon),1679,early_modern,religious,Western Europe,Kingdom of France (Bourbon),CHR-EAR-1154,1618.2,0.496,0.766,0.4196,0.655,26.4,0.4595,30.9,36.7,0.3376,85.2,17,0.4067,0.4183,0.3817,0.2681,0.3345,0.5392,0.3884,0.1209,0.5009,0.638,0.712936,RMD,BRACKET_HIGH,false,false,0.6366313199999999,0.552875,0.670625,,0.3587,false
EVT-EAR-1155,Navigational Instrument Reform in Safavid Empire,1751,early_modern,technological,Persia,Safavid Empire,CHR-EAR-1155,2388.5,0.47,0.118,0.8206,0.383,53.5,0.459,38.1,42.4,0.4493,19.1,21.5,0.321,0.4405,0.4903,0.5653,0.659,0.7896,0.5889,0.3491,0.3279,0.6412,0.813672,RMD,BRACKET_HIGH,true,false,0.32600925999999997,0.5471251500000001,0.58036632,,0.328,false
EVT-EAR-1156,Harbor Incursion Sickness in British Empire (Early),1721,early_modern,pandemic,British Isles / Global,British Empire (Early),CHR-EAR-1156,951.3,0.457,0.25,0.414,0.692,28.1,0.4865,39.4,32.8,0.4057,46.4,9.3,0.3243,0.4463,0.3927,0.0526,0.158,0.2671,0.2633,-0.1792,0.8107,0.7335,0.549484,CMN,BRACKET_BASE,false,true,0.6541797,0.39475044,0.5371392,,0.3974,false
EVT-EAR-1157,Orthodoxy & Heresy Trial Wave in Ottoman Empire,1703,early_modern,religious,Southeast Europe / Near East,Ottoman Empire,CHR-EAR-1157,1444.1,0.608,0.587,0.3948,0.443,25.6,0.3495,37.8,41.5,0.4407,52.7,10.7,0.3405,0.3871,0.3677,0.1797,0.327,0.5206,0.3564,0.1335,0.213,0.5776,0.625763,CMN,BRACKET_BASE,false,true,0.51875802,0.39955302000000004,0.39194597,,0.3832,false
EVT-EAR-1158,Decentralization Wave across Polish-Lithuanian Commonwealth,1800,early_modern,collapse,Eastern Europe,Polish-Lithuanian Commonwealth,CHR-EAR-1158,1090.4,0.472,0.224,0.4532,0.371,29.4,0.3325,41.6,38.3,0.4624,75.4,10.8,0.3669,0.5148,0.4095,0.0389,0.079,0.0783,0.2241,-0.4365,0.8475,0.8904,0.491692,CMN,BRACKET_BASE,false,true,0.62845112,0.41943464999999996,0.6176677,,0.3776,false
EVT-EAR-1159,Strategic Siege of Polish-Lithuanian Commonwealth,1531,early_modern,war,Eastern Europe,Polish-Lithuanian Commonwealth,CHR-EAR-1159,974,0.624,0.751,0.2195,0.415,53.3,0.474,36.4,40.5,0.4196,35.8,21.7,0.3675,0.442,0.3986,0.2428,0.3137,0.4835,0.3761,0.0415,0.6516,0.6483,0.648035,RMD,BRACKET_MEDIUM,false,true,0.48245762999999997,0.38779884000000003,0.46540899999999996,,0.3647,false
EVT-EAR-1160,Dynastic Disintegration of Safavid Empire,1662,early_modern,collapse,Persia,Safavid Empire,CHR-EAR-1160,1215.3,0.738,0.531,0.3136,0.408,43,0.419,28.9,38.2,0.325,72.5,19.9,0.4096,0.4532,0.3378,0,0.0768,0.0193,0.1774,-0.4339,0.8234,0.9115,0.619465,CMN,BRACKET_BASE,false,true,0.65474036,0.39453876,0.59320316,,0.3808,false
EVT-EAR-1161,Caravan Route Pestilence in Tokugawa Shogunate,1584,early_modern,pandemic,Japan,Tokugawa Shogunate,CHR-EAR-1161,1808.1,0.463,0.442,0.5758,0.35,17.6,0.263,35.9,32.2,0.3644,25.2,11.3,0.2901,0.4223,0.3919,0.0412,0.1727,0.105,0.2266,-0.3173,0.8232,0.8267,0.438112,CMN,BRACKET_BASE,false,true,0.7306662,0.46787106,0.8122154400000001,,0.3721,false
EVT-EAR-1162,Territorial Rupture of Dutch Republic,1676,early_modern,collapse,Northwestern Europe,Dutch Republic,CHR-EAR-1162,2267,0.556,0.545,0.6354,0.457,25.3,0.355,39.4,39,0.4429,60.6,19.1,0.3926,0.6056,0.5176,0.1913,0.243,0.3913,0.3898,-0.2143,0.5031,0.6565,0.64392,RMD,BRACKET_MEDIUM,false,true,0.48411924,0.5759991600000001,0.8345113600000001,,0.3972,false
EVT-EAR-1163,Agrarian Insurgency in Ming & Qing Dynasties,1552,early_modern,revolution,East Asia,Ming & Qing Dynasties,CHR-EAR-1163,1183.7,0.559,0.526,0.3606,0.498,45.3,0.4755,37.1,39.4,0.4206,53.3,21.8,0.3968,0.5001,0.3337,0.1089,0.2768,0.454,0.3347,-0.0461,0.6319,0.6244,0.3591,CMN,BRACKET_BASE,false,true,0.81052736,0.57002738,0.7547218,,0.4039,false
EVT-EAR-1164,Imperial Annexation War in Portuguese Empire,1570,early_modern,war,Atlantic / Indian Ocean,Portuguese Empire,CHR-EAR-1164,2289.9,0.536,0.277,0.7277,0.455,45,0.4525,40.3,37.1,0.4412,60.6,18.4,0.3891,0.5329,0.4854,0.3153,0.4533,0.5639,0.4702,0.031,0.6162,0.5576,0.644714,RMD,BRACKET_MEDIUM,false,true,0.55836435,0.565625,0.755,,0.3691,false
EVT-EAR-1165,Metallurgical Innovation Surge in Tokugawa Shogunate,1510,early_modern,technological,Japan,Tokugawa Shogunate,CHR-EAR-1165,1487,0.528,0.655,0.4095,0.763,39.9,0.581,28.3,37.8,0.3162,85.9,12.7,0.3858,0.3676,0.4099,0.5131,0.5941,0.6044,0.4978,0.2368,0.3007,0.637,0.513929,CMN,BRACKET_BASE,false,true,0.69406278,0.548125,0.70125,,0.2885,false
EVT-EAR-1166,Respiratory Virulence Wave across Polish-Lithuanian Commonwealth,1613,early_modern,pandemic,Eastern Europe,Polish-Lithuanian Commonwealth,CHR-EAR-1166,1277.7,0.763,0.3,0.3915,0.356,44.2,0.399,35.4,39.4,0.4022,45.9,8.2,0.318,0.4567,0.4174,0.0779,0.2288,0.2193,0.28,-0.2374,0.8488,0.7915,0.506982,CMN,BRACKET_BASE,false,true,0.8207232,0.55406428,0.8475349000000001,,0.3835,false
EVT-EAR-1167,Fiscal Default Crisis in Tokugawa Shogunate,1675,early_modern,collapse,Japan,Tokugawa Shogunate,CHR-EAR-1167,1115.1,0.515,0.73,0.2949,0.668,54.8,0.608,41.7,32.3,0.4275,53.9,17.6,0.3766,0.4814,0.3872,0.1211,0.1595,0.0804,0.2459,-0.401,0.6316,0.8049,0.559286,CMN,BRACKET_BASE,false,true,0.5765982599999999,0.49416276000000003,0.8908875,,0.3659,false
EVT-EAR-1168,Maritime Hegemony Clash in Tokugawa Shogunate,1541,early_modern,war,Japan,Tokugawa Shogunate,CHR-EAR-1168,1252.6,0.739,0.603,0.3013,0.73,39.6,0.563,39.8,34,0.4172,21.7,16.1,0.3032,0.3597,0.2529,0.0372,0.197,0.4004,0.2494,0.0407,0.6282,0.6168,0.505956,CMN,BRACKET_BASE,false,true,0.61965289,0.39338026000000004,0.45608265,,0.4018,false
EVT-EAR-1169,Debt Crisis Settlement of Tokugawa Shogunate,1606,early_modern,economic,Japan,Tokugawa Shogunate,CHR-EAR-1169,1224.6,0.589,0.373,0.4081,0.509,41.8,0.4635,30,37.4,0.3321,28.3,17.8,0.331,0.3493,0.2912,0.1471,0.296,0.4272,0.3022,0.0779,0.2591,0.5563,0.774795,RMD,BRACKET_HIGH,true,false,0.42333867999999997,0.3813746,0.4009802499999999,,0.373,false
EVT-EAR-1170,Fiscal Modernization in Tsardom & Russian Empire,1691,early_modern,transformation,Northern Eurasia,Tsardom & Russian Empire,CHR-EAR-1170,1150.3,0.635,0.29,0.4,0.327,53.5,0.431,34.9,40.8,0.4053,56.2,10.4,0.3436,0.316,0.3696,0.3097,0.5046,0.5618,0.4123,0.2458,0.1023,0.6029,0.634024,RMD,BRACKET_MEDIUM,false,true,0.61399783,0.554125,0.491625,,0.3308,false
EVT-EAR-1171,Navigational Instrument Reform in Spanish Empire,1792,early_modern,technological,Iberia / Americas,Spanish Empire,CHR-EAR-1171,1647.9,0.539,0.225,0.5767,0.303,45.9,0.381,38.5,39.2,0.4344,19.3,12.5,0.2768,0.372,0.4274,0.5325,0.6622,0.6117,0.5212,0.2397,0.3019,0.6261,0.607359,CMN,BRACKET_BASE,false,true,0.49682940000000003,0.46369103999999994,0.62344122,,0.2924,false
EVT-EAR-1172,Peasant Rebellion against Kingdom of France (Bourbon),1501,early_modern,revolution,Western Europe,Kingdom of France (Bourbon),CHR-EAR-1172,1267.2,0.463,0.705,0.3573,0.595,25.3,0.424,32.9,36.5,0.3579,82.9,21.3,0.4263,0.3782,0.2979,0,0.2269,0.2997,0.2405,-0.0785,0.3597,0.5914,0.460365,CMN,BRACKET_BASE,false,true,0.60855119,0.39169104,0.477325,,0.4021,false
EVT-EAR-1173,Mechanical Power Harnessing in Spanish Empire,1639,early_modern,technological,Iberia / Americas,Spanish Empire,CHR-EAR-1173,2187.6,0.775,0.853,0.4568,0.721,35.5,0.538,30.6,41,0.3602,48.5,18,0.371,0.3667,0.4142,0.5178,0.638,0.6853,0.5244,0.3186,0.2065,0.6504,0.771276,RMD,BRACKET_HIGH,true,false,0.43615824,0.47148768,0.5636511,,0.3166,false
EVT-EAR-1174,Dynastic Disintegration of Safavid Empire,1651,early_modern,collapse,Persia,Safavid Empire,CHR-EAR-1174,1381.8,0.434,0.535,0.4465,0.756,32.7,0.5415,32,34.4,0.3356,77.8,10.9,0.3697,0.5165,0.4068,0.1327,0.1984,0.0893,0.2687,-0.4272,0.629,0.8194,0.643989,RMD,BRACKET_MEDIUM,false,true,0.6945952,0.57825,1,,0.3714,true
EVT-EAR-1175,Popular Uprising of Tsardom & Russian Empire,1611,early_modern,revolution,Northern Eurasia,Tsardom & Russian Empire,CHR-EAR-1175,1028.1,0.487,0.279,0.4162,0.214,16.8,0.191,28.9,36.6,0.3154,71.8,12.7,0.3729,0.3713,0.1995,0,0.205,0.2923,0.2136,-0.079,0.711,0.712,0.583212,CMN,BRACKET_BASE,false,true,0.63028182,0.38415180000000004,0.48900975999999996,,0.3985,false
EVT-EAR-1176,Strategic Siege of Ming & Qing Dynasties,1562,early_modern,war,East Asia,Ming & Qing Dynasties,CHR-EAR-1176,1026.2,0.651,0.76,0.2222,0.669,36.5,0.517,35.3,41.7,0.415,58.3,11.5,0.3518,0.4285,0.3805,0.0504,0.1474,0.4342,0.2882,0.0057,0.6794,0.6298,0.384866,CMN,BRACKET_BASE,false,true,0.79129692,0.50662094,0.70801828,,0.4083,false
EVT-EAR-1177,Respiratory Virulence Wave across Dutch Republic,1642,early_modern,pandemic,Northwestern Europe,Dutch Republic,CHR-EAR-1177,2239.7,0.444,0.501,0.6751,0.245,19.1,0.218,40.5,41.4,0.4692,57,19.2,0.3886,0.4947,0.4573,0.031,0.2683,0.501,0.3505,0.0063,0.7456,0.6155,0.376322,CMN,BRACKET_BASE,false,true,0.8405182499999999,0.5506629000000001,0.74521649,,0.3984,false
EVT-EAR-1178,Secular Legal Separation in Spanish Empire,1652,early_modern,religious,Iberia / Americas,Spanish Empire,CHR-EAR-1178,2284.4,0.688,0.4,0.6438,0.697,43,0.5635,40,33,0.4134,76.6,20.9,0.4185,0.5369,0.5158,0.3568,0.5041,0.6838,0.5195,0.1469,0.2195,0.5211,0.643722,RMD,BRACKET_MEDIUM,false,true,0.44822656,0.40174971,0.38236869,,0.3759,false
EVT-EAR-1179,Provincial Autonomy Insurgency against Tokugawa Shogunate,1790,early_modern,revolution,Japan,Tokugawa Shogunate,CHR-EAR-1179,2029.2,0.722,0.849,0.433,0.517,24.2,0.3795,35.5,38.3,0.3967,58.2,18.7,0.3877,0.3863,0.2181,0,0.1971,0.3559,0.2315,-0.0304,0.4302,0.5726,0.392615,CMN,BRACKET_BASE,false,true,0.75791596,0.56654622,0.70963412,,0.4053,true
EVT-EAR-1180,Guild Monopoly Reform in Spanish Empire,1522,early_modern,economic,Iberia / Americas,Spanish Empire,CHR-EAR-1180,1376.5,0.684,0.563,0.3618,0.363,28.8,0.3255,29.7,40.7,0.3487,22.8,13.8,0.2953,0.347,0.2855,0.1308,0.2433,0.302,0.2617,-0.045,0.5238,0.6299,0.560043,CMN,BRACKET_BASE,false,true,0.8045840400000001,0.5435,0.7605000000000001,,0.3526,true
EVT-EAR-1181,Institutional Dissolution of Ming & Qing Dynasties,1553,early_modern,collapse,East Asia,Ming & Qing Dynasties,CHR-EAR-1181,1922.9,0.639,0.642,0.4926,0.543,21.4,0.3785,31.1,32.9,0.3169,52.3,15.8,0.3654,0.5269,0.4606,0.2418,0.2863,0.1132,0.3258,-0.4137,0.8101,0.8777,0.628978,CMN,BRACKET_BASE,false,true,0.6201561600000001,0.39156185000000004,0.62029756,,0.3555,false
EVT-EAR-1182,Radical Assembly Schism in Safavid Empire,1725,early_modern,revolution,Persia,Safavid Empire,CHR-EAR-1182,1122.6,0.527,0.337,0.4111,0.578,34.2,0.46,29.7,35.2,0.3157,44.5,9.3,0.3212,0.3881,0.2188,0,0.1945,0.3828,0.2368,-0.0053,0.5052,0.5811,0.612311,CMN,BRACKET_BASE,false,true,0.62946738,0.5526359999999999,0.6868502200000001,,0.406,false
EVT-EAR-1183,Provincial Autonomy Insurgency against Ottoman Empire,1628,early_modern,revolution,Southeast Europe / Near East,Ottoman Empire,CHR-EAR-1183,1634.6,0.639,0.296,0.522,0.67,20.5,0.4375,29.2,37,0.3211,85.4,14.8,0.3959,0.5147,0.4114,0.1583,0.3261,0.2066,0.3234,-0.3081,0.611,0.757,0.57124,CMN,BRACKET_BASE,false,true,0.7226596700000001,0.493857,0.8585105,,0.3643,false
EVT-EAR-1184,Astronomical Standardization by Polish-Lithuanian Commonwealth,1587,early_modern,technological,Eastern Europe,Polish-Lithuanian Commonwealth,CHR-EAR-1184,916.2,0.762,0.857,0.1314,0.734,18.6,0.46,38.5,32.8,0.396,79,13.6,0.3843,0.2918,0.3302,0.4096,0.4837,0.4273,0.3885,0.1355,0.3942,0.6536,0.556198,CMN,BRACKET_BASE,false,true,0.42002208,0.37177452,0.46082173000000004,,0.2712,false
EVT-EAR-1185,Debt Crisis Settlement of Dutch Republic,1594,early_modern,economic,Northwestern Europe,Dutch Republic,CHR-EAR-1185,1133.8,0.589,0.485,0.351,0.255,31.8,0.2865,39.9,41.4,0.4627,29.3,10.4,0.2965,0.3163,0.2538,0.0547,0.1549,0.2764,0.2112,-0.0399,0.5388,0.6212,0.45308,CMN,BRACKET_BASE,false,true,0.8853321599999999,0.551625,0.758375,,0.3755,true
EVT-EAR-1186,Constitutional Reorganization of Safavid Empire,1780,early_modern,transformation,Persia,Safavid Empire,CHR-EAR-1186,2396.4,0.75,0.638,0.5827,0.523,37.8,0.4505,32.2,41.5,0.3804,44.3,13.9,0.3439,0.3346,0.3886,0.3182,0.5589,0.4906,0.4182,0.156,0.3715,0.5951,0.838764,RMD,BRACKET_HIGH,true,false,0.44179595999999993,0.38475375,0.3840356,,0.3193,false
EVT-EAR-1187,Succession Conflict of Polish-Lithuanian Commonwealth,1531,early_modern,war,Eastern Europe,Polish-Lithuanian Commonwealth,CHR-EAR-1187,1774.3,0.438,0.326,0.6093,0.395,47.9,0.437,28.7,36.9,0.3151,64.6,10,0.3517,0.4259,0.3365,0.018,0.0896,0.502,0.2744,0.0761,0.3933,0.5652,0.420068,CMN,BRACKET_BASE,false,true,0.7142118399999999,0.520115,0.64388952,,0.4055,false
EVT-EAR-1188,Grain Market Price Shock across Ottoman Empire,1702,early_modern,economic,Southeast Europe / Near East,Ottoman Empire,CHR-EAR-1188,2333.1,0.53,0.891,0.5564,0.299,37,0.3345,35.4,37.5,0.3908,65.7,17.1,0.3884,0.3856,0.2988,0.1724,0.2672,0.2561,0.276,-0.1295,0.2535,0.5711,0.496338,CMN,BRACKET_BASE,false,true,0.4968641999999999,0.38211184000000004,0.47674636,,0.3295,false
EVT-EAR-1189,Strategic Siege of Safavid Empire,1536,early_modern,war,Persia,Safavid Empire,CHR-EAR-1189,1972.1,0.425,0.78,0.5281,0.627,18.9,0.408,40.7,33,0.4209,69.6,23.9,0.4266,0.433,0.3552,0.043,0.1813,0.475,0.2975,0.042,0.6152,0.6029,0.568012,CMN,BRACKET_BASE,false,true,0.7510284,0.5669689,0.69920565,,0.4067,false
EVT-EAR-1190,Imperial Unification of Ottoman Empire,1662,early_modern,transformation,Southeast Europe / Near East,Ottoman Empire,CHR-EAR-1190,1460.2,0.731,0.873,0.2763,0.235,35.7,0.296,34.5,39.4,0.3926,86.9,16.7,0.4067,0.2905,0.3635,0.3018,0.4995,0.5087,0.3928,0.2182,0.3064,0.6797,0.848281,RMD,BRACKET_HIGH,true,false,0.36829224,0.47073341999999996,0.51966123,,0.32,false
EVT-EAR-1191,Military Coup d’État in Ottoman Empire,1679,early_modern,revolution,Southeast Europe / Near East,Ottoman Empire,CHR-EAR-1191,984.3,0.577,0.539,0.2999,0.387,51.7,0.452,36.3,39.6,0.4131,39,13.6,0.3332,0.466,0.3306,0.094,0.3205,0.2349,0.2892,-0.2311,0.684,0.751,0.566804,CMN,BRACKET_BASE,false,true,0.5827100399999999,0.37943235000000003,0.5431575599999999,,0.3873,false
EVT-EAR-1192,Respiratory Virulence Wave across Portuguese Empire,1730,early_modern,pandemic,Atlantic / Indian Ocean,Portuguese Empire,CHR-EAR-1192,2046.1,0.757,0.335,0.5811,0.209,30.5,0.257,41.1,35,0.4372,54,11.1,0.3442,0.4811,0.4207,0,0.2473,0.5109,0.332,0.0298,0.7214,0.6351,0.591808,CMN,BRACKET_BASE,false,true,0.59416021,0.4316078,0.4874688,,0.3925,false
EVT-EAR-1193,Popular Uprising of Portuguese Empire,1636,early_modern,revolution,Atlantic / Indian Ocean,Portuguese Empire,CHR-EAR-1193,1072.2,0.763,0.657,0.2313,0.323,37,0.3465,38.8,37.5,0.4275,51.5,11.6,0.3433,0.3829,0.2779,0,0.1115,0.4232,0.2391,0.0403,0.5561,0.64,0.486676,CMN,BRACKET_BASE,false,true,0.75192621,0.49059504,0.65169016,,0.4075,false
EVT-EAR-1194,Civic Restoration Revolt in Portuguese Empire,1752,early_modern,revolution,Atlantic / Indian Ocean,Portuguese Empire,CHR-EAR-1194,1807.9,0.669,0.63,0.4575,0.655,48.7,0.571,42,38.9,0.4703,81.9,8.7,0.3624,0.5233,0.3944,0.0972,0.2373,0.2049,0.2914,-0.3184,0.6109,0.7298,0.425246,CMN,BRACKET_BASE,false,true,0.80345661,0.56501088,0.88888415,,0.3855,false
EVT-EAR-1195,Metallurgical Innovation Surge in Ottoman Empire,1664,early_modern,technological,Southeast Europe / Near East,Ottoman Empire,CHR-EAR-1195,1646.5,0.55,0.775,0.408,0.555,48.6,0.5205,41.6,39.8,0.4714,87.1,20.5,0.4258,0.3728,0.4142,0.5047,0.6429,0.6925,0.5254,0.3197,0.469,0.7099,0.872771,RMD,BRACKET_HIGH,true,false,0.36492132000000005,0.3848613,0.41705760000000003,,0.3208,false
EVT-EAR-1196,Orthodoxy & Heresy Trial Wave in British Empire (Early),1793,early_modern,religious,British Isles / Global,British Empire (Early),CHR-EAR-1196,1197.4,0.531,0.303,0.4395,0.255,20.6,0.2305,38.3,36.9,0.4185,32.9,11.6,0.3109,0.3374,0.4018,0.2094,0.3648,0.334,0.3295,-0.0034,0.2737,0.537,0.643476,RMD,BRACKET_MEDIUM,false,true,0.46096232000000004,0.53008095,0.65305296,,0.3273,false
EVT-EAR-1197,Imperial Annexation War in British Empire (Early),1744,early_modern,war,British Isles / Global,British Empire (Early),CHR-EAR-1197,1621.5,0.707,0.33,0.488,0.523,43.1,0.477,28.9,40.4,0.3382,50.3,21,0.3886,0.3853,0.2814,0.0335,0.1987,0.3954,0.2589,0.0101,0.3103,0.5175,0.403165,CMN,BRACKET_BASE,false,true,0.86447226,0.5822499999999999,0.725625,,0.4044,true
EVT-EAR-1198,Educational Charter of Polish-Lithuanian Commonwealth,1645,early_modern,transformation,Eastern Europe,Polish-Lithuanian Commonwealth,CHR-EAR-1198,1189.7,0.625,0.796,0.2614,0.639,53.7,0.588,41.7,36.3,0.4515,41.9,12.4,0.3324,0.298,0.3647,0.2575,0.4681,0.5742,0.3925,0.2762,0.2106,0.6367,0.583504,CMN,BRACKET_BASE,false,true,0.6567443399999999,0.53477722,0.49562055,,0.3477,false
EVT-EAR-1199,Radical Assembly Schism in Dutch Republic,1695,early_modern,revolution,Northwestern Europe,Dutch Republic,CHR-EAR-1199,1203.2,0.593,0.85,0.2582,0.223,20.1,0.212,32.4,42.5,0.3885,73.2,11.3,0.3673,0.3345,0.2152,0,0.2352,0.016,0.1602,-0.3185,0.6678,0.8401,0.380627,CMN,BRACKET_BASE,false,true,0.9060763,0.53443819,0.8446022200000001,,0.3742,true
EVT-EAR-1200,Pantheon Reformation of Tsardom & Russian Empire,1582,early_modern,religious,Northern Eurasia,Tsardom & Russian Empire,CHR-EAR-1200,2029.3,0.557,0.81,0.4942,0.474,31,0.392,41.6,37.2,0.4558,52.6,13.1,0.3523,0.4154,0.4112,0.2625,0.4038,0.2658,0.3517,-0.1496,0.2031,0.5603,0.540055,CMN,BRACKET_BASE,false,true,0.48298707,0.38785622000000003,0.4823210500000001,,0.3138,false
EVT-EAR-1201,Radical Assembly Schism in Dutch Republic,1795,early_modern,revolution,Northwestern Europe,Dutch Republic,CHR-EAR-1201,1251.4,0.588,0.154,0.481,0.433,48.4,0.4585,41,39.4,0.4626,56.1,19.1,0.387,0.4516,0.2928,0,0.1176,0.3914,0.2507,-0.0602,0.7371,0.6365,0.508214,CMN,BRACKET_BASE,false,true,0.76930009,0.5233271199999999,0.7366150199999999,,0.4068,false
EVT-EAR-1202,Radical Assembly Schism in Kingdom of France (Bourbon),1773,early_modern,revolution,Western Europe,Kingdom of France (Bourbon),CHR-EAR-1202,1464.9,0.503,0.825,0.3603,0.283,39.6,0.3395,38.2,38.3,0.4258,49.1,13.8,0.3508,0.3495,0.2248,0,0.2007,0.2506,0.2051,-0.0989,0.7891,0.7118,0.338927,CMN,BRACKET_BASE,false,true,0.9340254399999999,0.555125,0.8083750000000001,,0.393,true
EVT-EAR-1203,Continental Standoff of Kingdom of France (Bourbon),1569,early_modern,war,Western Europe,Kingdom of France (Bourbon),CHR-EAR-1203,1228.3,0.595,0.257,0.442,0.318,31,0.314,38.2,33.2,0.3952,77.8,17.8,0.4042,0.3545,0.3107,0,0.1388,0.1826,0.1973,-0.1719,0.3342,0.6337,0.372483,CMN,BRACKET_BASE,false,true,0.7949392,0.50245173,0.75837816,,0.3872,true
EVT-EAR-1204,Dynastic Disintegration of Portuguese Empire,1700,early_modern,collapse,Atlantic / Indian Ocean,Portuguese Empire,CHR-EAR-1204,2120.1,0.519,0.206,0.7103,0.553,31.3,0.433,34.4,39.6,0.3927,35.6,9.4,0.3056,0.5583,0.468,0.1244,0.1665,0.1482,0.2931,-0.4101,0.716,0.8001,0.446471,CMN,BRACKET_BASE,false,true,0.59927595,0.41591219999999995,0.62346733,,0.3718,false
EVT-EAR-1205,Pantheon Reformation of Dutch Republic,1567,early_modern,religious,Northwestern Europe,Dutch Republic,CHR-EAR-1205,2278.3,0.713,0.323,0.6578,0.549,32.6,0.4375,33.7,34.5,0.3545,43.8,20.7,0.3771,0.4906,0.4537,0.358,0.4988,0.5451,0.4692,0.0545,0.5497,0.5794,0.39517,CMN,BRACKET_BASE,false,true,0.77970312,0.54070608,0.6762712000000001,,0.3329,false
EVT-EAR-1206,Bureaucratic Consolidation of British Empire (Early),1746,early_modern,transformation,British Isles / Global,British Empire (Early),CHR-EAR-1206,1382,0.48,0.426,0.4655,0.546,46.2,0.504,41.8,40.2,0.476,50,15.4,0.3602,0.3666,0.4279,0.281,0.4656,0.5067,0.4096,0.1401,0.397,0.5881,0.580028,CMN,BRACKET_BASE,false,true,0.539417,0.53807894,0.60112668,,0.3381,false
EVT-EAR-1207,Metallurgical Innovation Surge in Portuguese Empire,1765,early_modern,technological,Atlantic / Indian Ocean,Portuguese Empire,CHR-EAR-1207,1975.2,0.705,0.633,0.489,0.582,50,0.541,29.4,36.5,0.3202,47,10.2,0.3297,0.3671,0.427,0.52,0.6606,0.6497,0.5249,0.2826,0.3917,0.678,0.627594,CMN,BRACKET_BASE,false,true,0.5815813900000001,0.5395720399999999,0.6528520600000001,,0.3059,false
EVT-EAR-1208,Dynastic Disintegration of Tokugawa Shogunate,1777,early_modern,collapse,Japan,Tokugawa Shogunate,CHR-EAR-1208,887.5,0.55,0.721,0.2284,0.424,28.2,0.353,33.6,37.7,0.3727,24.6,16.9,0.3163,0.4639,0.4098,0.1516,0.1998,0.1505,0.2751,-0.3134,0.6786,0.8258,0.333539,CMN,BRACKET_BASE,false,true,0.93048088,0.560875,0.9420000000000001,,0.3503,true
EVT-EAR-1209,Navigational Instrument Reform in Tokugawa Shogunate,1548,early_modern,technological,Japan,Tokugawa Shogunate,CHR-EAR-1209,1256.3,0.489,0.101,0.5279,0.616,51.2,0.564,34.7,33.2,0.3575,60.7,17.6,0.3852,0.4114,0.4612,0.5198,0.6078,0.5753,0.5151,0.1639,0.2566,0.5652,0.675505,RMD,BRACKET_MEDIUM,false,true,0.42018912,0.38211232,0.43344464,,0.2722,false
EVT-EAR-1210,Bureaucratic Consolidation of Tsardom & Russian Empire,1625,early_modern,transformation,Northern Eurasia,Tsardom & Russian Empire,CHR-EAR-1210,1615,0.485,0.7,0.4419,0.715,44.7,0.581,34.6,39.7,0.3954,26.7,23.4,0.3548,0.3813,0.4147,0.2803,0.5264,0.6468,0.4499,0.2655,0.3414,0.646,0.665178,RMD,BRACKET_MEDIUM,false,true,0.46833321,0.39681568,0.37473924999999997,,0.3687,false
EVT-EAR-1211,Printing & Communications Diffusion in Mughal Empire,1502,early_modern,technological,South Asia,Mughal Empire,CHR-EAR-1211,1557.8,0.624,0.372,0.4839,0.623,36.9,0.496,38.5,37.3,0.423,71.4,17.6,0.3969,0.3831,0.4091,0.5131,0.597,0.6222,0.5049,0.2391,0.3687,0.6409,0.671758,RMD,BRACKET_MEDIUM,false,true,0.45392717999999993,0.4833596599999999,0.6446206999999999,,0.2939,false
EVT-EAR-1212,Secular Legal Separation in Tokugawa Shogunate,1593,early_modern,religious,Japan,Tokugawa Shogunate,CHR-EAR-1212,2158.6,0.722,0.467,0.581,0.423,16.2,0.2925,41.1,38.9,0.4606,37.4,22.1,0.3726,0.3907,0.45,0.3012,0.4666,0.4208,0.4059,0.0301,0.3272,0.5279,0.449412,CMN,BRACKET_BASE,false,true,0.71606652,0.54875,0.69575,,0.3129,true
EVT-EAR-1213,Institutional Dissolution of Spanish Empire,1729,early_modern,collapse,Iberia / Americas,Spanish Empire,CHR-EAR-1213,1994.5,0.509,0.466,0.6029,0.201,29.7,0.249,41.4,33.6,0.4321,18.1,13.3,0.2761,0.4726,0.3866,0.0284,0.0938,0.1886,0.234,-0.284,0.6473,0.7526,0.397063,CMN,BRACKET_BASE,false,true,0.7807794000000001,0.51058678,0.8492338399999999,,0.3962,false
EVT-EAR-1214,Maritime Trade Hub Expansion in Dutch Republic,1556,early_modern,economic,Northwestern Europe,Dutch Republic,CHR-EAR-1214,2172,0.566,0.781,0.5371,0.609,42.4,0.5165,38.9,42.7,0.4597,31.5,13.5,0.3172,0.4098,0.3426,0.1159,0.1991,0.3526,0.284,-0.0572,0.6117,0.5868,0.415459,CMN,BRACKET_BASE,false,true,0.56405832,0.38582505,0.4860636,,0.3854,false
EVT-EAR-1215,Printing & Communications Diffusion in Spanish Empire,1584,early_modern,technological,Iberia / Americas,Spanish Empire,CHR-EAR-1215,2259,0.441,0.572,0.6597,0.766,53.5,0.6505,40.7,36.8,0.4437,26.3,21.6,0.3447,0.4667,0.5214,0.6029,0.669,0.8236,0.6167,0.3569,0.4331,0.6679,0.783333,RMD,BRACKET_HIGH,true,false,0.35894852,0.39133023000000006,0.40622400000000003,,0.328,false
EVT-EAR-1216,Debt Crisis Settlement of Ming & Qing Dynasties,1594,early_modern,economic,East Asia,Ming & Qing Dynasties,CHR-EAR-1216,1640.9,0.489,0.418,0.532,0.844,25.3,0.5485,39,38,0.4326,28.9,17.4,0.3305,0.4379,0.3582,0.0979,0.1889,0.5578,0.3281,0.1199,0.6463,0.6294,0.616416,CMN,BRACKET_BASE,false,true,0.61858566,0.5918749999999999,0.739625,,0.4059,false
EVT-EAR-1217,Territorial Rupture of Ming & Qing Dynasties,1555,early_modern,collapse,East Asia,Ming & Qing Dynasties,CHR-EAR-1217,2025.2,0.645,0.655,0.5133,0.847,38.7,0.617,34.4,38.8,0.3879,47.7,20.7,0.3833,0.5631,0.4601,0.1593,0.239,0.254,0.3351,-0.3091,0.4173,0.6735,0.617254,CMN,BRACKET_BASE,false,true,0.54910405,0.588375,0.9335,,0.3768,false
EVT-EAR-1218,Palatial Collapse of Polish-Lithuanian Commonwealth,1624,early_modern,collapse,Eastern Europe,Polish-Lithuanian Commonwealth,CHR-EAR-1218,2131.1,0.562,0.608,0.5796,0.272,31.8,0.295,40.3,36.9,0.44,56.5,16.2,0.373,0.5471,0.473,0.174,0.2294,0.2578,0.3363,-0.2893,0.4444,0.7001,0.546854,CMN,BRACKET_BASE,false,true,0.59063688,0.40779432000000004,0.5759362400000001,,0.368,false
EVT-EAR-1219,Grain Market Price Shock across Kingdom of France (Bourbon),1601,early_modern,economic,Western Europe,Kingdom of France (Bourbon),CHR-EAR-1219,2050.2,0.548,0.107,0.7132,0.791,37.1,0.581,37.5,34.2,0.3937,21.5,10.8,0.2761,0.5391,0.4926,0.2965,0.396,0.465,0.4378,-0.0741,0.5075,0.5437,0.583649,CMN,BRACKET_BASE,false,true,0.4907295,0.39280928,0.49676641000000005,,0.3597,false
EVT-EAR-1220,Succession Conflict of Ming & Qing Dynasties,1663,early_modern,war,East Asia,Ming & Qing Dynasties,CHR-EAR-1220,1216.5,0.455,0.729,0.3394,0.21,44.2,0.326,32,34.2,0.3344,94,22.8,0.4429,0.4165,0.3078,0.0797,0.2002,0.2736,0.2556,-0.1429,0.6498,0.7196,0.423756,CMN,BRACKET_BASE,false,true,0.8163270899999999,0.53454176,0.7730033799999999,,0.3823,false
EVT-EAR-1221,Epidemic Fever Outbreak across Tokugawa Shogunate,1580,early_modern,pandemic,Japan,Tokugawa Shogunate,CHR-EAR-1221,2099.7,0.505,0.107,0.7389,0.503,51.3,0.508,28.3,36.8,0.3102,68.1,17.6,0.3935,0.584,0.5577,0.1207,0.3703,0.2056,0.3677,-0.3784,0.8183,0.8053,0.598286,CMN,BRACKET_BASE,false,true,0.60946496,0.4237152,0.62527815,,0.3992,false
EVT-EAR-1222,Astronomical Standardization by Polish-Lithuanian Commonwealth,1710,early_modern,technological,Eastern Europe,Polish-Lithuanian Commonwealth,CHR-EAR-1222,1193.2,0.745,0.656,0.2683,0.485,18.1,0.333,37.7,36.9,0.412,34.5,22.6,0.3693,0.258,0.2822,0.388,0.4679,0.5499,0.3892,0.2919,0.4119,0.7386,0.548798,CMN,BRACKET_BASE,false,true,0.80798627,0.54225,0.6687500000000001,,0.3113,false
EVT-EAR-1223,Respiratory Virulence Wave across Ming & Qing Dynasties,1572,early_modern,pandemic,East Asia,Ming & Qing Dynasties,CHR-EAR-1223,938.9,0.44,0.207,0.4288,0.643,48.5,0.564,39.8,35.2,0.4244,46.4,15.5,0.3553,0.4971,0.4425,0.0674,0.2029,0.1249,0.267,-0.3722,0.9401,0.8534,0.430763,CMN,BRACKET_BASE,false,true,0.8345870200000001,0.5045664,0.8834780699999999,,0.3804,false
EVT-EAR-1224,Metallurgical Innovation Surge in Safavid Empire,1615,early_modern,technological,Persia,Safavid Empire,CHR-EAR-1224,920.9,0.671,0.106,0.3852,0.234,32.7,0.2805,34.9,38,0.3885,61.9,9.1,0.3441,0.264,0.3119,0.4318,0.5429,0.3981,0.3897,0.1341,0.4749,0.663,0.538561,CMN,BRACKET_BASE,false,true,0.7037639800000001,0.47232988,0.72681422,,0.2856,false
EVT-EAR-1225,Astronomical Standardization by Dutch Republic,1793,early_modern,technological,Northwestern Europe,Dutch Republic,CHR-EAR-1225,1875.3,0.512,0.682,0.5064,0.324,40.1,0.3625,31.1,39.8,0.3583,78.1,13.1,0.3809,0.3208,0.3443,0.3934,0.5529,0.6903,0.4603,0.3695,0.2294,0.7028,0.755715,RMD,BRACKET_HIGH,true,false,0.49804702,0.48334824000000004,0.48357911000000003,,0.3412,false
EVT-EAR-1226,Frontier Fragmentation of Portuguese Empire,1560,early_modern,collapse,Atlantic / Indian Ocean,Portuguese Empire,CHR-EAR-1226,1382.5,0.582,0.891,0.2955,0.428,24.8,0.338,34.8,42.2,0.4126,57,18.8,0.3866,0.4586,0.3643,0.0458,0.0924,0.0965,0.2115,-0.3621,0.5263,0.8002,0.528326,CMN,BRACKET_BASE,false,true,0.74529627,0.5742499999999999,0.9483750000000001,,0.3678,true
EVT-EAR-1227,Respiratory Virulence Wave across Portuguese Empire,1659,early_modern,pandemic,Atlantic / Indian Ocean,Portuguese Empire,CHR-EAR-1227,1003.7,0.58,0.736,0.2449,0.225,51.7,0.371,38.9,38.3,0.4333,66.2,23.5,0.421,0.3895,0.3205,0,0.2414,0.0718,0.2046,-0.3177,0.7962,0.8432,0.534613,CMN,BRACKET_BASE,false,true,0.62619875,0.38990862,0.5778809,,0.3866,false
EVT-EAR-1228,Palatial Collapse of Kingdom of France (Bourbon),1516,early_modern,collapse,Western Europe,Kingdom of France (Bourbon),CHR-EAR-1228,2003.5,0.52,0.181,0.6874,0.22,40,0.31,30.1,34.6,0.3164,41,12.5,0.3313,0.5483,0.4792,0.0913,0.1525,0.1697,0.2882,-0.3786,0.4516,0.7503,0.695784,RMD,BRACKET_MEDIUM,false,false,0.5045664599999999,0.41058669,0.5919621,,0.3815,false
EVT-EAR-1229,Sanitation & Medical Breakthrough in Tsardom & Russian Empire,1534,early_modern,technological,Northern Eurasia,Tsardom & Russian Empire,CHR-EAR-1229,1143.2,0.447,0.243,0.4687,0.55,37.9,0.4645,37.9,34.1,0.3974,90,17.7,0.4142,0.3919,0.4466,0.5042,0.6114,0.6886,0.5285,0.2967,0.2286,0.6478,0.701026,RMD,BRACKET_HIGH,false,false,0.4031156800000001,0.53705208,0.57123451,,0.3157,false
EVT-EAR-1230,Decentralization Wave across British Empire (Early),1600,early_modern,collapse,British Isles / Global,British Empire (Early),CHR-EAR-1230,1409.6,0.715,0.551,0.3646,0.686,30.1,0.4935,28.3,36.3,0.3072,66.8,18.5,0.3966,0.5209,0.4482,0.075,0.1319,0.1238,0.26,-0.3971,0.6447,0.8308,0.433029,CMN,BRACKET_BASE,false,true,0.7890561,0.52390351,0.91180704,,0.3738,false
EVT-EAR-1231,Epidemic Fever Outbreak across Ottoman Empire,1758,early_modern,pandemic,Southeast Europe / Near East,Ottoman Empire,CHR-EAR-1231,1059.9,0.484,0.157,0.4619,0.738,16.6,0.452,32.3,39.1,0.3671,71.6,19.1,0.4047,0.4835,0.4087,0,0.1031,0.2627,0.2516,-0.2208,0.8119,0.7601,0.633488,RMD,BRACKET_MEDIUM,false,true,0.6573798,0.41419224,0.55097971,,0.4093,false
EVT-EAR-1232,Civic Restoration Revolt in Ming & Qing Dynasties,1522,early_modern,revolution,East Asia,Ming & Qing Dynasties,CHR-EAR-1232,2153.8,0.703,0.234,0.6554,0.243,18.5,0.214,37.8,42.3,0.4455,26.5,13,0.3022,0.4171,0.2542,0,0.2208,0.1077,0.2,-0.3094,0.5325,0.733,0.543601,CMN,BRACKET_BASE,false,true,0.55643582,0.39479967,0.56886912,,0.3908,false
EVT-EAR-1233,Fiscal Modernization in Dutch Republic,1515,early_modern,transformation,Northwestern Europe,Dutch Republic,CHR-EAR-1233,1537.1,0.7,0.899,0.2976,0.696,54.5,0.6205,36,37.1,0.3949,26.9,17.6,0.3263,0.3564,0.3784,0.2693,0.4164,0.6447,0.413,0.2883,0.1925,0.6369,0.799793,RMD,BRACKET_HIGH,true,false,0.5434263,0.5476862499999999,0.51367542,,0.3647,false
EVT-EAR-1234,Urban Quarantine Emergency in Kingdom of France (Bourbon),1542,early_modern,pandemic,Western Europe,Kingdom of France (Bourbon),CHR-EAR-1234,1402.4,0.422,0.628,0.4276,0.459,15.1,0.305,39.2,40.1,0.4474,72.9,9.8,0.3595,0.4486,0.3788,0,0.1501,0.2191,0.2393,-0.2295,0.8777,0.7964,0.600166,CMN,BRACKET_BASE,false,true,0.59550128,0.39427850000000003,0.5440503200000001,,0.4026,false
EVT-EAR-1235,Harbor Incursion Sickness in Tsardom & Russian Empire,1674,early_modern,pandemic,Northern Eurasia,Tsardom & Russian Empire,CHR-EAR-1235,1238.6,0.63,0.167,0.4612,0.458,25.4,0.356,31.8,42.7,0.3833,66.5,22.5,0.4163,0.4657,0.4395,0,0.1322,0.3998,0.2874,-0.0659,0.9404,0.7206,0.505747,CMN,BRACKET_BASE,false,true,0.77293678,0.5218326,0.73066495,,0.4078,false
EVT-EAR-1236,Agrarian Restructuring of Kingdom of France (Bourbon),1626,early_modern,transformation,Western Europe,Kingdom of France (Bourbon),CHR-EAR-1236,1568.4,0.682,0.572,0.4092,0.736,15.6,0.446,36.8,40.7,0.4251,89.9,16.1,0.4061,0.3324,0.3891,0.3134,0.4638,0.5275,0.4052,0.1951,0.2858,0.6148,0.636036,RMD,BRACKET_MEDIUM,false,true,0.63375,0.5455,0.577125,,0.3198,true
EVT-EAR-1237,Synod Monotheistic Mandate in Portuguese Empire,1604,early_modern,religious,Atlantic / Indian Ocean,Portuguese Empire,CHR-EAR-1237,946.1,0.764,0.182,0.341,0.585,51.7,0.551,28.7,32.4,0.2881,76.6,23.7,0.4325,0.3942,0.4334,0.2743,0.3325,0.4778,0.3824,0.0836,0.4365,0.6073,0.796404,RMD,BRACKET_HIGH,true,false,0.31322755,0.37478595000000003,0.41901086,,0.3397,false
EVT-EAR-1238,Mercantile Tariff Overhaul across Ming & Qing Dynasties,1690,early_modern,economic,East Asia,Ming & Qing Dynasties,CHR-EAR-1238,1994.5,0.553,0.653,0.5336,0.747,53.9,0.643,38.3,34.6,0.4047,30.4,13.4,0.3141,0.4525,0.3759,0.1807,0.3076,0.649,0.3931,0.1965,0.3939,0.5974,0.60667,CMN,BRACKET_BASE,false,true,0.6400642099999999,0.5263700299999999,0.6332473,,0.4023,false
EVT-EAR-1239,Institutional Dissolution of Ming & Qing Dynasties,1733,early_modern,collapse,East Asia,Ming & Qing Dynasties,CHR-EAR-1239,2147.5,0.43,0.194,0.7476,0.727,32.9,0.528,29.7,41.5,0.3535,74.7,12.7,0.3757,0.6093,0.536,0.3157,0.3607,0.4248,0.4493,-0.1845,0.481,0.6055,0.365689,CMN,BRACKET_BASE,false,true,0.72902011,0.5766249999999999,0.8647499999999999,,0.3573,false
EVT-EAR-1240,Guild Monopoly Reform in British Empire (Early),1734,early_modern,economic,British Isles / Global,British Empire (Early),CHR-EAR-1240,1716.6,0.544,0.342,0.5578,0.594,12.3,0.3585,38.8,33.8,0.4053,71.2,17.1,0.3942,0.4535,0.414,0.1606,0.2981,0.5828,0.3818,0.1293,0.5724,0.6447,0.691609,RMD,BRACKET_MEDIUM,false,false,0.629875,0.49121644000000003,0.63400834,,0.4012,false
EVT-EAR-1241,Bureaucratic Consolidation of Portuguese Empire,1634,early_modern,transformation,Atlantic / Indian Ocean,Portuguese Empire,CHR-EAR-1241,1148.1,0.736,0.858,0.1987,0.221,20.3,0.212,32.9,39.7,0.3771,91.9,15.2,0.4032,0.216,0.2444,0.1768,0.4128,0.328,0.2756,0.112,0.2998,0.6473,0.35843,CMN,BRACKET_BASE,false,true,0.90175,0.54,0.6151249999999999,,0.3127,true
EVT-EAR-1242,Navigational Instrument Reform in Tsardom & Russian Empire,1722,early_modern,technological,Northern Eurasia,Tsardom & Russian Empire,CHR-EAR-1242,2302.5,0.759,0.846,0.4933,0.743,47,0.6065,30.2,35,0.3198,86.2,17.1,0.4081,0.3645,0.3951,0.4878,0.5503,0.6621,0.492,0.2976,0.2529,0.641,0.467769,CMN,BRACKET_BASE,false,true,0.6230035199999999,0.5411808,0.5925470999999999,,0.3142,false
EVT-EAR-1243,Civic Restoration Revolt in Mughal Empire,1664,early_modern,revolution,South Asia,Mughal Empire,CHR-EAR-1243,2272.3,0.431,0.742,0.6151,0.429,17.8,0.3035,39.4,41.1,0.4555,34.4,17.5,0.3436,0.4934,0.3309,0.0081,0.2439,0.2311,0.2615,-0.2623,0.5029,0.6913,0.59797,CMN,BRACKET_BASE,false,true,0.64943744,0.4911439000000001,0.8053056199999999,,0.4042,false
EVT-EAR-1244,Synod Monotheistic Mandate in Kingdom of France (Bourbon),1714,early_modern,religious,Western Europe,Kingdom of France (Bourbon),CHR-EAR-1244,2303.4,0.489,0.48,0.6844,0.615,24.7,0.431,35.4,38.4,0.3962,24.7,22.3,0.3436,0.4935,0.5112,0.3888,0.5266,0.495,0.483,0.0015,0.2357,0.463,0.732012,RMD,BRACKET_HIGH,true,false,0.30951882,0.38026176,0.424655,,0.3064,false
EVT-EAR-1245,Mechanical Power Harnessing in Polish-Lithuanian Commonwealth,1769,early_modern,technological,Eastern Europe,Polish-Lithuanian Commonwealth,CHR-EAR-1245,1511.6,0.532,0.853,0.3552,0.572,38.5,0.4785,37.3,39.6,0.4239,32.4,18.8,0.3458,0.3267,0.3668,0.4543,0.5623,0.474,0.4368,0.1473,0.2186,0.5756,0.559074,CMN,BRACKET_BASE,false,true,0.42217879999999997,0.38525392,0.44570736000000005,,0.2781,false
EVT-EAR-1246,Judicial Standard Reform in Spanish Empire,1713,early_modern,transformation,Iberia / Americas,Spanish Empire,CHR-EAR-1246,1705.6,0.468,0.863,0.4215,0.833,37.9,0.606,41.8,37.5,0.4598,63.7,22.2,0.4117,0.4006,0.4233,0.3615,0.5624,0.7203,0.4936,0.3197,0.2609,0.6448,0.655403,RMD,BRACKET_MEDIUM,false,true,0.5292410399999999,0.54456512,0.50585094,,0.3506,false
EVT-EAR-1247,Territorial Rupture of Portuguese Empire,1681,early_modern,collapse,Atlantic / Indian Ocean,Portuguese Empire,CHR-EAR-1247,2311.5,0.434,0.367,0.7369,0.258,21.8,0.238,39.4,33.4,0.4093,83.6,22.6,0.4334,0.51,0.4096,0.1165,0.1593,0.2762,0.2943,-0.2338,0.6485,0.7107,0.445534,CMN,BRACKET_BASE,false,true,0.79823484,0.5518427199999999,0.8291435,,0.3877,false
EVT-EAR-1248,Radical Assembly Schism in Safavid Empire,1690,early_modern,revolution,Persia,Safavid Empire,CHR-EAR-1248,2315.3,0.572,0.352,0.7009,0.384,18.2,0.283,40.7,37.5,0.4479,67.8,21.1,0.4107,0.5114,0.3927,0.1629,0.4314,0.1912,0.3379,-0.3202,0.4518,0.7011,0.474048,CMN,BRACKET_BASE,false,true,0.7703168,0.55222272,0.84986682,,0.3758,false
EVT-EAR-1249,Provincial Autonomy Insurgency against Dutch Republic,1713,early_modern,revolution,Northwestern Europe,Dutch Republic,CHR-EAR-1249,1606.3,0.633,0.181,0.551,0.325,33.8,0.3315,37.1,38.1,0.4128,76.2,21.7,0.4222,0.4882,0.3852,0.1456,0.3946,0.3574,0.3542,-0.1308,0.624,0.6623,0.386996,CMN,BRACKET_BASE,false,true,0.81373326,0.5685,0.85225,,0.3893,false
EVT-EAR-1250,Institutional Dissolution of Ottoman Empire,1525,early_modern,collapse,Southeast Europe / Near East,Ottoman Empire,CHR-EAR-1250,1434.4,0.542,0.167,0.5381,0.408,47.8,0.443,33.8,39.2,0.3838,81.6,8.7,0.3621,0.4998,0.4079,0.0389,0.1355,0.2561,0.2676,-0.2437,0.5841,0.7029,0.610878,CMN,BRACKET_BASE,false,true,0.49306785999999997,0.41147100000000003,0.569473,,0.4045,false
EVT-EAR-1251,Treaty System Implementation across Tsardom & Russian Empire,1644,early_modern,transformation,Northern Eurasia,Tsardom & Russian Empire,CHR-EAR-1251,2277.7,0.778,0.884,0.4698,0.566,19.9,0.3825,28.5,35.8,0.3063,67.2,8,0.3446,0.2771,0.3521,0.2318,0.365,0.5173,0.3487,0.2402,0.2454,0.6473,0.840448,RMD,BRACKET_HIGH,true,false,0.35851464,0.38254392,0.34287178,,0.339,false
EVT-EAR-1252,Constitutional Reorganization of Kingdom of France (Bourbon),1779,early_modern,transformation,Western Europe,Kingdom of France (Bourbon),CHR-EAR-1252,2120.3,0.579,0.828,0.5057,0.318,12.6,0.222,41.7,37.2,0.4569,77.3,13.8,0.3837,0.2899,0.3249,0.2528,0.4897,0.5105,0.3736,0.2206,0.1118,0.5994,0.726791,RMD,BRACKET_HIGH,false,false,0.40247424,0.46525159000000005,0.450729,,0.3321,false
EVT-EAR-1253,Printing & Communications Diffusion in Ming & Qing Dynasties,1754,early_modern,technological,East Asia,Ming & Qing Dynasties,CHR-EAR-1253,1846.4,0.66,0.368,0.5487,0.761,52.1,0.641,41.5,41.9,0.4829,47.4,14.6,0.3523,0.4318,0.4825,0.5263,0.6286,0.5898,0.5318,0.158,0.4267,0.5711,0.794098,RMD,BRACKET_HIGH,true,false,0.28798259,0.37163457,0.43575588,,0.2756,false
EVT-EAR-1254,Radical Assembly Schism in Safavid Empire,1678,early_modern,revolution,Persia,Safavid Empire,CHR-EAR-1254,2357.6,0.479,0.479,0.7017,0.309,46.8,0.3885,34.9,34,0.3645,61.5,13.2,0.3641,0.5347,0.4069,0.0391,0.2654,0.5226,0.3537,-0.0121,0.5628,0.559,0.34014,CMN,BRACKET_BASE,false,true,0.682797,0.532111,0.7137407,,0.3922,false
EVT-EAR-1255,Provincial Autonomy Insurgency against Mughal Empire,1764,early_modern,revolution,South Asia,Mughal Empire,CHR-EAR-1255,2384.6,0.496,0.374,0.735,0.78,42.7,0.6035,40.8,36.3,0.4418,39.5,10.3,0.3176,0.6136,0.4873,0.2148,0.3616,0.3115,0.3978,-0.3021,0.4034,0.6269,0.45187,CMN,BRACKET_BASE,false,true,0.6105782200000001,0.50485388,0.8335422,,0.3791,false
EVT-EAR-1256,Systemic Governance Breakdown in Safavid Empire,1681,early_modern,collapse,Persia,Safavid Empire,CHR-EAR-1256,884.2,0.695,0.307,0.3082,0.554,37.5,0.4645,30.3,39.8,0.3497,75.4,10.8,0.3669,0.4331,0.3293,0.0121,0.1024,0.0052,0.1764,-0.4279,0.7778,0.8872,0.534844,CMN,BRACKET_BASE,false,true,0.69745295,0.40060244,0.61206996,,0.3808,false
EVT-EAR-1257,Guild Monopoly Reform in Safavid Empire,1785,early_modern,economic,Persia,Safavid Empire,CHR-EAR-1257,982.4,0.498,0.848,0.2304,0.495,44.4,0.4695,35.9,34.7,0.3794,60.9,17.9,0.3869,0.3179,0.2778,0.1738,0.2674,0.4593,0.2992,0.1414,0.5174,0.6738,0.407468,CMN,BRACKET_BASE,false,true,0.84059508,0.54625,0.6495,,0.3609,false
EVT-EAR-1258,Monastic Network Expansion of Portuguese Empire,1674,early_modern,religious,Atlantic / Indian Ocean,Portuguese Empire,CHR-EAR-1258,1947.9,0.509,0.522,0.574,0.394,48.1,0.4375,34.3,34.4,0.3604,60.1,23.5,0.414,0.3968,0.432,0.2352,0.3278,0.315,0.3414,-0.0818,0.2187,0.5231,0.58662,CMN,BRACKET_BASE,false,true,0.7606378800000001,0.55425,0.7428750000000001,,0.3195,true
EVT-EAR-1259,Treaty System Implementation across Tokugawa Shogunate,1786,early_modern,transformation,Japan,Tokugawa Shogunate,CHR-EAR-1259,2076.5,0.46,0.196,0.7197,0.741,42,0.5805,29.4,34.1,0.3058,91.5,15.9,0.4064,0.429,0.4551,0.4015,0.5617,0.6183,0.4931,0.1893,0.3704,0.5839,0.616783,CMN,BRACKET_BASE,false,true,0.5329760500000001,0.4772781,0.5431330200000001,,0.3177,false
EVT-EAR-1260,Palatial Collapse of Ottoman Empire,1579,early_modern,collapse,Southeast Europe / Near East,Ottoman Empire,CHR-EAR-1260,998.6,0.486,0.853,0.2366,0.255,34,0.2975,32.3,32.5,0.3275,95,21.6,0.4376,0.3979,0.3266,0.0941,0.1318,0.1676,0.2236,-0.2303,0.5419,0.7606,0.519877,CMN,BRACKET_BASE,false,true,0.7176576,0.47386607999999997,0.77477526,,0.351,false
EVT-EAR-1261,Harbor Incursion Sickness in Portuguese Empire,1731,early_modern,pandemic,Atlantic / Indian Ocean,Portuguese Empire,CHR-EAR-1261,2039.5,0.459,0.234,0.6991,0.338,42.9,0.3835,41.2,39.6,0.4659,67.4,23.5,0.4223,0.5515,0.5215,0.1439,0.2825,0.4964,0.3992,-0.0551,0.7573,0.6168,0.50882,CMN,BRACKET_BASE,false,true,0.7882500000000001,0.5982500000000001,0.8311250000000001,,0.4075,false
EVT-EAR-1262,Systemic Governance Breakdown in Safavid Empire,1754,early_modern,collapse,Persia,Safavid Empire,CHR-EAR-1262,1541.4,0.758,0.724,0.3338,0.411,21.1,0.311,37.2,41.3,0.433,65.7,19.5,0.4004,0.4439,0.3534,0,0.0427,0.1992,0.2078,-0.2447,0.8393,0.8103,0.593893,CMN,BRACKET_BASE,false,true,0.9166144,0.577125,0.885625,,0.4024,true
EVT-EAR-1263,Caravan Route Pestilence in Polish-Lithuanian Commonwealth,1685,early_modern,pandemic,Eastern Europe,Polish-Lithuanian Commonwealth,CHR-EAR-1263,1245.2,0.732,0.383,0.3675,0.592,29.5,0.4435,32.2,33.3,0.3312,83.6,23.8,0.4394,0.4284,0.3575,0.0567,0.2152,0.4312,0.2978,0.0028,0.8741,0.6787,0.481191,CMN,BRACKET_BASE,false,true,0.7978234000000002,0.51539104,0.72472932,,0.4048,false
EVT-EAR-1264,Respiratory Virulence Wave across Dutch Republic,1617,early_modern,pandemic,Northwestern Europe,Dutch Republic,CHR-EAR-1264,2157.8,0.645,0.165,0.6945,0.403,30.6,0.3545,37.7,42.7,0.4468,20.5,20.8,0.3226,0.5006,0.4651,0.0476,0.2141,0.2261,0.2907,-0.2745,0.714,0.7324,0.601498,CMN,BRACKET_BASE,false,true,0.6045516,0.41315470000000004,0.5868988500000001,,0.3994,false
EVT-EAR-1265,Sanitation & Medical Breakthrough in Ottoman Empire,1788,early_modern,technological,Southeast Europe / Near East,Ottoman Empire,CHR-EAR-1265,1492.4,0.699,0.132,0.5165,0.366,14.1,0.2535,34.9,34.6,0.3681,82.4,20.6,0.4223,0.3283,0.3851,0.4694,0.6144,0.6299,0.4854,0.3016,0.2216,0.6775,0.626851,CMN,BRACKET_BASE,false,true,0.4737182,0.553,0.6391249999999999,,0.3127,false
EVT-EAR-1266,Radical Assembly Schism in Portuguese Empire,1793,early_modern,revolution,Atlantic / Indian Ocean,Portuguese Empire,CHR-EAR-1266,1296.2,0.522,0.495,0.41,0.207,17.2,0.1895,34.6,37.9,0.3846,76.2,15.9,0.3932,0.3444,0.2499,0,0.1351,0.0774,0.1614,-0.267,0.49,0.7491,0.491801,CMN,BRACKET_BASE,false,true,0.64455432,0.3714543,0.51903652,,0.3664,false
EVT-EAR-1267,Maritime Trade Hub Expansion in Ottoman Empire,1531,early_modern,economic,Southeast Europe / Near East,Ottoman Empire,CHR-EAR-1267,1866.3,0.422,0.409,0.613,0.534,42.8,0.481,33.1,40.9,0.3865,38.2,10.6,0.3167,0.5017,0.427,0.1916,0.2787,0.4798,0.3758,-0.0219,0.6018,0.5702,0.622932,CMN,BRACKET_BASE,false,true,0.57769336,0.5670713599999999,0.74051769,,0.3936,false
EVT-EAR-1268,Hydraulic Engineering Grid in Spanish Empire,1541,early_modern,technological,Iberia / Americas,Spanish Empire,CHR-EAR-1268,2205.7,0.524,0.522,0.6361,0.327,22.3,0.275,31,34.1,0.3231,79.2,12.8,0.3805,0.3066,0.3611,0.4355,0.5466,0.4433,0.4186,0.1367,0.4766,0.6378,0.664213,RMD,BRACKET_MEDIUM,false,true,0.5954582700000001,0.46908304,0.6937072799999999,,0.278,false
EVT-EAR-1269,Strategic Siege of Mughal Empire,1538,early_modern,war,South Asia,Mughal Empire,CHR-EAR-1269,1952.1,0.516,0.61,0.5466,0.671,24,0.4555,35.8,41.6,0.4198,55.3,12.2,0.3515,0.4042,0.3183,0.0733,0.2723,0.2485,0.2633,-0.1557,0.5654,0.6421,0.545564,CMN,BRACKET_BASE,false,true,0.7645891999999999,0.54022491,0.77834925,,0.3821,false
EVT-EAR-1270,Civic Restoration Revolt in Kingdom of France (Bourbon),1659,early_modern,revolution,Western Europe,Kingdom of France (Bourbon),CHR-EAR-1270,940.2,0.454,0.525,0.3296,0.615,54.2,0.5785,35.6,33.5,0.369,64.4,12.7,0.365,0.4975,0.3671,0.1001,0.3597,0.3496,0.3348,-0.1479,0.4283,0.6254,0.392365,CMN,BRACKET_BASE,false,true,0.5545332000000001,0.4022013,0.52217472,,0.3993,false
EVT-EAR-1271,Silver Flotilla Currency Shock in British Empire (Early),1621,early_modern,economic,British Isles / Global,British Empire (Early),CHR-EAR-1271,924.1,0.597,0.113,0.4061,0.656,17.5,0.4155,36.9,41.4,0.4304,40.8,16.9,0.3529,0.3549,0.2746,0.1098,0.1803,0.357,0.2553,0.0021,0.5444,0.5794,0.704506,RMD,BRACKET_HIGH,false,false,0.48919149999999995,0.47166184,0.6566420700000001,,0.3775,false
EVT-EAR-1272,Silver Flotilla Currency Shock in Tokugawa Shogunate,1544,early_modern,economic,Japan,Tokugawa Shogunate,CHR-EAR-1272,2114,0.749,0.444,0.5683,0.465,30.9,0.387,33.8,40.1,0.3892,55.3,15.2,0.3665,0.4074,0.3131,0.1829,0.3208,0.3308,0.311,-0.0766,0.3937,0.5681,0.506124,CMN,BRACKET_BASE,false,true,0.7225542,0.4692681,0.6840412800000001,,0.3493,false
EVT-EAR-1273,Caravan Route Pestilence in Tokugawa Shogunate,1615,early_modern,pandemic,Japan,Tokugawa Shogunate,CHR-EAR-1273,2228.1,0.443,0.583,0.6478,0.548,26.3,0.4055,28.7,39.8,0.3325,44.5,22.5,0.3872,0.4645,0.4324,0.1062,0.328,0.3071,0.3276,-0.1574,0.7141,0.6857,0.555397,CMN,BRACKET_BASE,false,true,0.50772098,0.39725651,0.5472628199999999,,0.3902,false
EVT-EAR-1274,Fiscal Default Crisis in Polish-Lithuanian Commonwealth,1720,early_modern,collapse,Eastern Europe,Polish-Lithuanian Commonwealth,CHR-EAR-1274,1538,0.433,0.338,0.5462,0.734,45.3,0.5935,29.8,43,0.3635,67.6,21.2,0.411,0.5838,0.4724,0.1899,0.2317,0.3939,0.3743,-0.1899,0.7953,0.7059,0.387442,CMN,BRACKET_BASE,false,true,0.77582912,0.58575,0.8921250000000001,,0.395,false
EVT-EAR-1275,Navigational Instrument Reform in Ming & Qing Dynasties,1586,early_modern,technological,East Asia,Ming & Qing Dynasties,CHR-EAR-1275,1532.7,0.744,0.581,0.3787,0.523,44.7,0.485,29.2,39.6,0.3367,58.4,15.1,0.3699,0.3143,0.3604,0.453,0.6078,0.6436,0.4758,0.3293,0.3036,0.7037,0.741841,RMD,BRACKET_HIGH,true,false,0.44464602000000003,0.38995985,0.40184812,,0.3227,false
EVT-EAR-1276,Synod Monotheistic Mandate in Tokugawa Shogunate,1530,early_modern,religious,Japan,Tokugawa Shogunate,CHR-EAR-1276,1988.6,0.543,0.599,0.5512,0.625,12.7,0.376,32.3,40.8,0.3773,94.1,10.8,0.3829,0.4226,0.4259,0.3246,0.4474,0.4634,0.4168,0.0408,0.4745,0.575,0.606147,CMN,BRACKET_BASE,false,true,0.5435652700000001,0.539,0.709375,,0.3083,true
EVT-EAR-1277,Secular Legal Separation in Spanish Empire,1717,early_modern,religious,Iberia / Americas,Spanish Empire,CHR-EAR-1277,1165.8,0.747,0.623,0.2705,0.79,14.5,0.4675,36.2,42.3,0.4283,78.4,12,0.3757,0.396,0.4326,0.288,0.4134,0.3754,0.3811,-0.0206,0.2872,0.538,0.502106,CMN,BRACKET_BASE,false,true,0.42400854000000004,0.37117665,0.436245,,0.3049,false
EVT-EAR-1278,Navigational Instrument Reform in British Empire (Early),1638,early_modern,technological,British Isles / Global,British Empire (Early),CHR-EAR-1278,2342.6,0.423,0.744,0.6351,0.417,28.3,0.35,37.2,42,0.4372,46,15.9,0.3566,0.4034,0.4313,0.5422,0.6433,0.6462,0.5333,0.2428,0.4962,0.6718,0.612105,CMN,BRACKET_BASE,false,true,0.6119614499999999,0.53653629,0.68129352,,0.2928,false
EVT-EAR-1279,Fiscal Modernization in British Empire (Early),1517,early_modern,transformation,British Isles / Global,British Empire (Early),CHR-EAR-1279,1346.6,0.646,0.149,0.4897,0.375,38.8,0.3815,40,38.2,0.4446,23.2,10,0.2776,0.306,0.3661,0.2818,0.4913,0.4897,0.387,0.1837,0.1137,0.5603,0.487337,CMN,BRACKET_BASE,false,true,0.7496014900000001,0.55275,0.5371250000000001,,0.3217,false
EVT-EAR-1280,Harbor Incursion Sickness in Tokugawa Shogunate,1504,early_modern,pandemic,Japan,Tokugawa Shogunate,CHR-EAR-1280,1739.6,0.652,0.508,0.4816,0.721,25.8,0.4895,40.5,39.4,0.4572,54.5,15.9,0.3689,0.5313,0.4831,0.1169,0.2736,0.4747,0.3759,-0.0566,0.6573,0.6106,0.447387,CMN,BRACKET_BASE,false,true,0.7894305400000001,0.5831018400000001,0.776587,,0.4073,false
EVT-EAR-1281,Guild Monopoly Reform in Spanish Empire,1792,early_modern,economic,Iberia / Americas,Spanish Empire,CHR-EAR-1281,898.6,0.51,0.268,0.3791,0.241,42.7,0.334,34.9,35.2,0.3717,21.1,9.3,0.2672,0.3849,0.3191,0.2138,0.3761,0.2,0.2988,-0.1849,0.299,0.6419,0.419975,CMN,BRACKET_BASE,false,true,0.7756660799999999,0.5263888,0.73282671,,0.3228,true
EVT-EAR-1282,Imperial Unification of Mughal Empire,1710,early_modern,transformation,South Asia,Mughal Empire,CHR-EAR-1282,1136.3,0.521,0.219,0.4519,0.756,13.1,0.4435,34.6,32.1,0.3498,95,17.9,0.4191,0.3541,0.4018,0.2996,0.4552,0.4621,0.3946,0.108,0.1209,0.5318,0.50241,CMN,BRACKET_BASE,false,true,0.589266,0.47382074999999996,0.5350526,,0.3067,false
EVT-EAR-1283,Mercantile Tariff Overhaul across Spanish Empire,1575,early_modern,economic,Iberia / Americas,Spanish Empire,CHR-EAR-1283,1445.3,0.528,0.145,0.5517,0.676,46.7,0.5715,30.6,36.2,0.3314,91.5,9.2,0.3729,0.4983,0.4698,0.2471,0.3219,0.3608,0.3796,-0.1375,0.2817,0.5565,0.719821,RMD,BRACKET_HIGH,false,false,0.36444645000000003,0.39147498,0.4922460900000001,,0.35,false
EVT-EAR-1284,Monastic Network Expansion of Polish-Lithuanian Commonwealth,1650,early_modern,religious,Eastern Europe,Polish-Lithuanian Commonwealth,CHR-EAR-1284,1837.7,0.602,0.362,0.5657,0.725,45.9,0.592,41.2,37.4,0.4527,83.1,17.6,0.4079,0.4792,0.4867,0.3203,0.4366,0.3859,0.4217,-0.0933,0.3693,0.5311,0.699423,RMD,BRACKET_MEDIUM,false,false,0.39561478,0.38202569999999997,0.48089406000000007,,0.3136,false
EVT-EAR-1285,Frontier Campaign of Dutch Republic,1566,early_modern,war,Northwestern Europe,Dutch Republic,CHR-EAR-1285,1740.3,0.437,0.525,0.5412,0.719,18.3,0.451,30.3,34.4,0.3173,94.2,18.8,0.423,0.4538,0.3955,0.2327,0.3599,0.4506,0.3785,-0.0032,0.4949,0.559,0.532035,CMN,BRACKET_BASE,false,true,0.45174038,0.37725791999999997,0.45342503999999995,,0.3638,false
EVT-EAR-1286,Orthodoxy & Heresy Trial Wave in Ottoman Empire,1737,early_modern,religious,Southeast Europe / Near East,Ottoman Empire,CHR-EAR-1286,2202.1,0.47,0.857,0.5508,0.658,26.3,0.4605,35.6,42.4,0.4224,76.8,11.1,0.3697,0.43,0.4698,0.3456,0.3981,0.4437,0.4174,0.0137,0.2616,0.4877,0.683561,RMD,BRACKET_MEDIUM,false,false,0.5012536100000001,0.46513943,0.6154684800000001,,0.2951,false
EVT-EAR-1287,Metallurgical Innovation Surge in British Empire (Early),1760,early_modern,technological,British Isles / Global,British Empire (Early),CHR-EAR-1287,1758,0.718,0.722,0.4023,0.24,31.5,0.2775,38.5,41.4,0.4476,77.8,16.2,0.3962,0.3329,0.3536,0.3969,0.5438,0.7093,0.4673,0.3764,0.1722,0.7072,0.704856,RMD,BRACKET_HIGH,false,false,0.49100772,0.55875,0.5145000000000001,,0.3431,false
EVT-EAR-1288,Continental Standoff of Kingdom of France (Bourbon),1636,early_modern,war,Western Europe,Kingdom of France (Bourbon),CHR-EAR-1288,1517.3,0.668,0.116,0.537,0.641,33.5,0.488,35.9,39.9,0.4106,22.2,17.6,0.3124,0.5037,0.4503,0.2536,0.425,0.2971,0.3859,-0.2066,0.3504,0.6138,0.402379,CMN,BRACKET_BASE,false,true,0.651183,0.5457732000000001,0.78193806,,0.3414,false
EVT-EAR-1289,Agrarian Restructuring of British Empire (Early),1760,early_modern,transformation,British Isles / Global,British Empire (Early),CHR-EAR-1289,1479.9,0.429,0.852,0.3783,0.744,38.9,0.5665,38.1,33.5,0.3959,24.5,21.2,0.3375,0.3073,0.3352,0.194,0.3619,0.6397,0.3676,0.3324,0.1632,0.6492,0.784481,RMD,BRACKET_HIGH,true,false,0.40511790000000003,0.39377565999999997,0.34166983000000006,,0.3815,false
EVT-EAR-1290,Pantheon Reformation of Ottoman Empire,1526,early_modern,religious,Southeast Europe / Near East,Ottoman Empire,CHR-EAR-1290,2354.3,0.421,0.528,0.7035,0.818,36.7,0.5925,37.3,39.8,0.4251,66,14.9,0.3778,0.5298,0.5511,0.3835,0.5411,0.7452,0.5501,0.2154,0.3351,0.5719,0.757697,RMD,BRACKET_HIGH,true,false,0.4858982,0.50343502,0.5683385,,0.3762,false
EVT-EAR-1291,Territorial Rupture of Polish-Lithuanian Commonwealth,1774,early_modern,collapse,Eastern Europe,Polish-Lithuanian Commonwealth,CHR-EAR-1291,2188.5,0.683,0.208,0.6781,0.421,37.2,0.3965,29.3,35.5,0.3132,91.6,14.1,0.3975,0.523,0.4039,0.1231,0.1959,0.1999,0.2892,-0.3231,0.5524,0.7344,0.582252,CMN,BRACKET_BASE,false,true,0.5547196,0.51168333,0.87715161,,0.3697,false
EVT-EAR-1292,Debt Crisis Settlement of Polish-Lithuanian Commonwealth,1792,early_modern,economic,Eastern Europe,Polish-Lithuanian Commonwealth,CHR-EAR-1292,1472.7,0.663,0.172,0.5102,0.803,52.6,0.6645,32.7,37,0.3588,57.1,23.4,0.4098,0.5549,0.5168,0.3963,0.4908,0.5758,0.5069,0.0209,0.3565,0.5004,0.401002,CMN,BRACKET_BASE,false,true,0.646503,0.48216041,0.6403713200000001,,0.3398,false
EVT-EAR-1293,Systemic Governance Breakdown in Ottoman Empire,1723,early_modern,collapse,Southeast Europe / Near East,Ottoman Empire,CHR-EAR-1293,1381.2,0.652,0.105,0.51,0.285,37.4,0.3295,38.8,35.7,0.4167,48.1,16.8,0.3644,0.5071,0.4099,0.1291,0.2102,0.197,0.2907,-0.3101,0.6587,0.7737,0.432559,CMN,BRACKET_BASE,false,true,0.6406056,0.39328344,0.58405454,,0.3648,false
EVT-EAR-1294,Imperial Unification of Tsardom & Russian Empire,1768,early_modern,transformation,Northern Eurasia,Tsardom & Russian Empire,CHR-EAR-1294,1794.5,0.509,0.883,0.4261,0.512,15.8,0.335,30.7,34.2,0.3204,18.7,22.9,0.3265,0.2628,0.3012,0.242,0.4376,0.596,0.3679,0.3332,0.3763,0.7418,0.779502,RMD,BRACKET_HIGH,true,false,0.524,0.553125,0.558375,,0.3493,false
EVT-EAR-1295,Territorial Rupture of Spanish Empire,1603,early_modern,collapse,Iberia / Americas,Spanish Empire,CHR-EAR-1295,1083.7,0.67,0.328,0.3609,0.287,20.5,0.246,35.4,42.6,0.4214,29.8,19.4,0.3427,0.4741,0.3681,0.1635,0.2065,0.1666,0.2758,-0.3075,0.6877,0.8137,0.862438,RMD,BRACKET_HIGH,true,false,0.4837077,0.3732399,0.559725,,0.3469,false
EVT-EAR-1296,Frontier Fragmentation of Spanish Empire,1618,early_modern,collapse,Iberia / Americas,Spanish Empire,CHR-EAR-1296,1435,0.735,0.21,0.4675,0.398,31.8,0.358,32.4,33.7,0.3357,21.5,22.1,0.3326,0.454,0.3739,0.0904,0.1476,0.2033,0.2538,-0.2507,0.6136,0.7446,0.449189,CMN,BRACKET_BASE,false,true,0.9150093,0.56775,0.90425,,0.374,true
EVT-EAR-1297,Maritime Trade Hub Expansion in Kingdom of France (Bourbon),1794,early_modern,economic,Western Europe,Kingdom of France (Bourbon),CHR-EAR-1297,1424.6,0.545,0.739,0.3631,0.554,45.8,0.506,40,35.8,0.4302,86.2,20.7,0.4261,0.4446,0.3857,0.2269,0.3073,0.4952,0.3719,0.0506,0.486,0.5839,0.467174,CMN,BRACKET_BASE,false,true,0.64725851,0.47023190000000004,0.6287624999999999,,0.3747,false
EVT-EAR-1298,Continental Standoff of Dutch Republic,1729,early_modern,war,Northwestern Europe,Dutch Republic,CHR-EAR-1298,1698,0.512,0.235,0.5947,0.799,13.6,0.4675,36.3,34.6,0.3831,23,12,0.287,0.4409,0.3434,0.0467,0.2395,0.1747,0.249,-0.2662,0.5584,0.6966,0.458222,CMN,BRACKET_BASE,false,true,0.69589856,0.5528757,0.8448658400000001,,0.3882,false
EVT-EAR-1299,Pantheon Reformation of Spanish Empire,1695,early_modern,religious,Iberia / Americas,Spanish Empire,CHR-EAR-1299,1676.3,0.611,0.701,0.4196,0.371,19.9,0.285,37.1,37.7,0.4104,66.3,21.1,0.4091,0.4257,0.4002,0.2442,0.34,0.3613,0.3543,-0.0644,0.2589,0.5623,0.771403,RMD,BRACKET_HIGH,true,false,0.36700160000000004,0.37228928,0.44760735,,0.3289,false
EVT-EAR-1300,Guild Monopoly Reform in Portuguese Empire,1733,early_modern,economic,Atlantic / Indian Ocean,Portuguese Empire,CHR-EAR-1300,1999.7,0.772,0.888,0.3987,0.676,20.7,0.4415,28.4,34.8,0.2993,35.8,11.2,0.315,0.3303,0.2426,0.1345,0.2402,0.4291,0.2753,0.0988,0.628,0.6694,0.508442,CMN,BRACKET_BASE,false,true,0.7221729,0.47977600000000004,0.62917884,,0.3738,false
EVT-EAR-1301,Urban Quarantine Emergency in Safavid Empire,1651,early_modern,pandemic,Persia,Safavid Empire,CHR-EAR-1301,1816.4,0.734,0.552,0.4636,0.577,34,0.4585,40,32.5,0.4104,52.8,16.8,0.3711,0.4623,0.3927,0,0.2487,0.4376,0.3083,-0.0247,0.736,0.6275,0.500198,CMN,BRACKET_BASE,false,true,0.6738188,0.42511744,0.5058373199999999,,0.401,false
EVT-EAR-1302,Respiratory Virulence Wave across Ming & Qing Dynasties,1669,early_modern,pandemic,East Asia,Ming & Qing Dynasties,CHR-EAR-1302,1970.6,0.553,0.566,0.5535,0.516,51.1,0.5135,31.4,38.8,0.3556,39.9,11.1,0.3223,0.4566,0.4178,0.1674,0.3691,0.1421,0.3106,-0.3145,0.6016,0.7368,0.618115,CMN,BRACKET_BASE,false,true,0.5092361,0.38542419,0.57085274,,0.3636,false
EVT-EAR-1303,Silver Flotilla Currency Shock in Tsardom & Russian Empire,1687,early_modern,economic,Northern Eurasia,Tsardom & Russian Empire,CHR-EAR-1303,1874.2,0.757,0.603,0.4563,0.223,53.7,0.38,35.5,38.2,0.3961,63.2,22.4,0.4121,0.3856,0.3225,0.0595,0.2368,0.5803,0.3169,0.1947,0.311,0.628,0.881181,RMD,BRACKET_HIGH,true,false,0.48499672000000005,0.41522636,0.42660505,,0.4024,false
EVT-EAR-1304,Orthodoxy & Heresy Trial Wave in Polish-Lithuanian Commonwealth,1567,early_modern,religious,Eastern Europe,Polish-Lithuanian Commonwealth,CHR-EAR-1304,1866.9,0.546,0.558,0.5312,0.668,40.6,0.537,32.4,40.2,0.3747,90.2,18.7,0.4194,0.4272,0.4948,0.3518,0.5196,0.3898,0.4366,-0.0374,0.2068,0.4855,0.625786,CMN,BRACKET_BASE,false,true,0.40793836,0.39106367999999997,0.44296559999999996,,0.2937,false
EVT-EAR-1305,Respiratory Virulence Wave across Portuguese Empire,1623,early_modern,pandemic,Atlantic / Indian Ocean,Portuguese Empire,CHR-EAR-1305,1830.7,0.674,0.455,0.5144,0.253,54.3,0.398,33.2,39.1,0.3768,35.2,11.6,0.3158,0.4609,0.4118,0.1233,0.2308,0.1133,0.268,-0.3476,0.8849,0.8455,0.486593,CMN,BRACKET_BASE,false,true,0.65760946,0.39717980999999997,0.6060029600000001,,0.3633,false
EVT-EAR-1306,Agrarian Insurgency in Polish-Lithuanian Commonwealth,1759,early_modern,revolution,Eastern Europe,Polish-Lithuanian Commonwealth,CHR-EAR-1306,2155.8,0.706,0.489,0.5785,0.288,30.7,0.2975,30.8,38.4,0.3467,69,9.2,0.3525,0.4744,0.3897,0.0903,0.2064,0.3926,0.3107,-0.0818,0.6554,0.6546,0.654511,RMD,BRACKET_MEDIUM,false,true,0.5393004100000001,0.5634306,0.7737768500000001,,0.4024,false
EVT-EAR-1307,Frontier Campaign of Dutch Republic,1562,early_modern,war,Northwestern Europe,Dutch Republic,CHR-EAR-1307,2051.3,0.685,0.571,0.5332,0.528,53.8,0.533,28.6,32,0.2846,82,22.2,0.43,0.4083,0.3222,0.1612,0.2133,0.5156,0.3241,0.1073,0.3466,0.572,0.444249,CMN,BRACKET_BASE,false,true,0.7769934199999999,0.575375,0.663125,,0.3935,false
EVT-EAR-1308,Secular Legal Separation in Portuguese Empire,1769,early_modern,religious,Atlantic / Indian Ocean,Portuguese Empire,CHR-EAR-1308,2191,0.617,0.134,0.7208,0.676,14.1,0.4085,37,40.8,0.4279,53.1,16.6,0.3705,0.4963,0.5301,0.4467,0.5161,0.4201,0.4819,-0.0762,0.5268,0.5693,0.412155,CMN,BRACKET_BASE,false,true,0.65660088,0.4600584,0.6935948399999999,,0.2676,false
EVT-EAR-1309,Urban Quarantine Emergency in Tokugawa Shogunate,1657,early_modern,pandemic,Japan,Tokugawa Shogunate,CHR-EAR-1309,1382,0.751,0.162,0.4634,0.243,13.7,0.19,41.8,35.6,0.4484,34.5,9.8,0.3053,0.3969,0.3206,0.0263,0.1425,0.1259,0.2024,-0.271,0.7961,0.8101,0.661832,RMD,BRACKET_MEDIUM,false,true,0.5817233399999999,0.37941220000000003,0.54938138,,0.3735,false
EVT-EAR-1310,Strategic Siege of Dutch Republic,1662,early_modern,war,Northwestern Europe,Dutch Republic,CHR-EAR-1310,1107.7,0.649,0.601,0.2915,0.612,49,0.551,28.1,37.8,0.314,72.2,20.9,0.4143,0.4118,0.3613,0.0829,0.1585,0.2389,0.2507,-0.1729,0.51,0.6774,0.664805,RMD,BRACKET_MEDIUM,false,true,0.54666812,0.39806425,0.5345054,,0.3781,false
EVT-EAR-1311,Maritime Trade Hub Expansion in Ottoman Empire,1598,early_modern,economic,Southeast Europe / Near East,Ottoman Empire,CHR-EAR-1311,2334.3,0.616,0.647,0.6041,0.569,22,0.3945,41.5,36.2,0.4487,35.7,19.6,0.3568,0.4117,0.3481,0.1079,0.2864,0.2718,0.2852,-0.1399,0.391,0.5862,0.617218,CMN,BRACKET_BASE,false,true,0.63176317,0.47422516000000003,0.71935539,,0.3741,false
EVT-EAR-1312,Astronomical Standardization by Kingdom of France (Bourbon),1665,early_modern,technological,Western Europe,Kingdom of France (Bourbon),CHR-EAR-1312,2225.7,0.53,0.646,0.6022,0.349,13.3,0.241,30.7,42.4,0.3696,65.5,21.5,0.4102,0.3486,0.3726,0.4316,0.5574,0.6934,0.4807,0.3448,0.484,0.7553,0.562908,CMN,BRACKET_BASE,false,true,0.6731042,0.53854068,0.56941932,,0.3324,false
EVT-EAR-1313,Military Coup d’État in Ming & Qing Dynasties,1785,early_modern,revolution,East Asia,Ming & Qing Dynasties,CHR-EAR-1313,1819.8,0.778,0.283,0.532,0.289,40.5,0.347,38.8,36.2,0.4197,50,12.8,0.3472,0.3984,0.245,0,0.1976,0.5018,0.2686,0.1034,0.5624,0.6316,0.356621,CMN,BRACKET_BASE,false,true,0.7640199000000001,0.52312258,0.6806591000000001,,0.4004,false
EVT-EAR-1314,Civic Restoration Revolt in Tsardom & Russian Empire,1712,early_modern,revolution,Northern Eurasia,Tsardom & Russian Empire,CHR-EAR-1314,2284.9,0.624,0.677,0.58,0.46,43.6,0.448,37.4,32.4,0.3818,87.9,17,0.409,0.4677,0.2921,0.0175,0.2451,0.134,0.2313,-0.3337,0.6111,0.7515,0.633247,RMD,BRACKET_MEDIUM,false,true,0.54481322,0.39252416,0.57574719,,0.3973,false
EVT-EAR-1315,Agricultural Plague Wave in British Empire (Early),1538,early_modern,pandemic,British Isles / Global,British Empire (Early),CHR-EAR-1315,1569.1,0.778,0.238,0.4808,0.787,47.8,0.6325,39.7,33.1,0.4108,81.8,13.1,0.3843,0.5615,0.5215,0.0355,0.1894,0.2907,0.3197,-0.2708,0.715,0.7264,0.395611,CMN,BRACKET_BASE,false,true,0.7819649,0.6285000000000001,0.9366249999999999,,0.4099,false
EVT-EAR-1316,Imperial Unification of British Empire (Early),1797,early_modern,transformation,British Isles / Global,British Empire (Early),CHR-EAR-1316,1836,0.656,0.62,0.4717,0.451,43.7,0.444,41.5,35.6,0.4451,69.7,22.1,0.4177,0.3626,0.4094,0.2672,0.4612,0.5889,0.4179,0.2263,0.1989,0.5978,0.500513,CMN,BRACKET_BASE,false,true,0.46576164000000003,0.38600145,0.34697775,,0.36,false
EVT-EAR-1317,Treaty System Implementation across Tsardom & Russian Empire,1620,early_modern,transformation,Northern Eurasia,Tsardom & Russian Empire,CHR-EAR-1317,1268,0.558,0.703,0.3296,0.276,15,0.213,36.2,40.7,0.4187,75.5,15.2,0.389,0.2417,0.2821,0.2156,0.352,0.5371,0.3257,0.2954,0.3599,0.7353,0.612339,CMN,BRACKET_BASE,false,true,0.7935918,0.5455,0.5539999999999999,,0.3426,false
EVT-EAR-1318,Navigational Instrument Reform in Mughal Empire,1594,early_modern,technological,South Asia,Mughal Empire,CHR-EAR-1318,906,0.742,0.319,0.2962,0.337,39.2,0.3645,32.8,38,0.3658,62.8,13.5,0.3672,0.2775,0.3364,0.4515,0.5446,0.4499,0.412,0.1724,0.2154,0.623,0.730231,RMD,BRACKET_HIGH,true,false,0.42642436000000006,0.5302584,0.68511457,,0.2819,false
EVT-EAR-1319,Fiscal Default Crisis in Tsardom & Russian Empire,1521,early_modern,collapse,Northern Eurasia,Tsardom & Russian Empire,CHR-EAR-1319,1235.5,0.772,0.797,0.2288,0.266,53,0.398,37.7,39.2,0.4258,68.3,22.6,0.4187,0.4289,0.344,0.0043,0.0833,0.2268,0.2175,-0.2021,0.4061,0.6828,0.632128,RMD,BRACKET_MEDIUM,false,true,0.52251625,0.40271158999999995,0.53123128,,0.4028,false
EVT-EAR-1320,Urban Quarantine Emergency in Tokugawa Shogunate,1738,early_modern,pandemic,Japan,Tokugawa Shogunate,CHR-EAR-1320,2038.1,0.771,0.622,0.4887,0.665,53,0.5975,35.4,34,0.3698,86.2,19.2,0.4186,0.5573,0.4961,0.1638,0.2887,0.2014,0.3415,-0.3559,0.8533,0.8171,0.789168,RMD,BRACKET_HIGH,true,false,0.43120769999999997,0.4079188,0.6172455,,0.3707,false
EVT-EAR-1321,Fiscal Default Crisis in Portuguese Empire,1684,early_modern,collapse,Atlantic / Indian Ocean,Portuguese Empire,CHR-EAR-1321,1924.8,0.744,0.551,0.4889,0.748,26.4,0.506,40.3,41.7,0.4688,62,11.7,0.3572,0.5887,0.4724,0.0821,0.1288,0.1777,0.2899,-0.411,0.8428,0.8431,0.574304,CMN,BRACKET_BASE,false,true,0.66249768,0.53923208,0.9065066399999999,,0.3914,false
EVT-EAR-1322,Respiratory Virulence Wave across Tsardom & Russian Empire,1511,early_modern,pandemic,Northern Eurasia,Tsardom & Russian Empire,CHR-EAR-1322,894.9,0.766,0.529,0.2231,0.308,32.8,0.318,34.5,33.2,0.3554,26.3,19.8,0.3357,0.3681,0.3051,0.0451,0.2151,0.2907,0.2448,-0.0774,0.7861,0.7338,0.334446,CMN,BRACKET_BASE,false,true,0.8735475,0.5539999999999999,0.814125,,0.3883,false
EVT-EAR-1323,Maritime Trade Hub Expansion in Ming & Qing Dynasties,1728,early_modern,economic,East Asia,Ming & Qing Dynasties,CHR-EAR-1323,915.9,0.619,0.688,0.2249,0.517,42.3,0.47,29.1,37.9,0.3254,54.1,17.6,0.3769,0.3497,0.3081,0.0407,0.1038,0.522,0.2649,0.1723,0.3924,0.6681,0.441536,CMN,BRACKET_BASE,false,true,0.90163108,0.58775,0.6796249999999999,,0.4065,false
EVT-EAR-1324,Caravan Route Pestilence in Mughal Empire,1538,early_modern,pandemic,South Asia,Mughal Empire,CHR-EAR-1324,1314.7,0.461,0.104,0.5504,0.244,49.5,0.3695,32.7,36.9,0.3582,26.5,18.9,0.3317,0.4793,0.425,0,0.1271,0.2802,0.2623,-0.1991,0.6215,0.7012,0.339669,CMN,BRACKET_BASE,false,true,0.8042963200000001,0.5303488,0.82492088,,0.4098,false
EVT-EAR-1325,Urban Quarantine Emergency in Dutch Republic,1541,early_modern,pandemic,Northwestern Europe,Dutch Republic,CHR-EAR-1325,2172.7,0.491,0.423,0.6671,0.393,46.9,0.431,31,36.5,0.3375,69.9,13,0.3724,0.4922,0.4154,0.0501,0.1998,0.471,0.3257,-0.0212,0.9252,0.6574,0.601559,CMN,BRACKET_BASE,false,true,0.50204462,0.40511268,0.47727585,,0.4053,false
EVT-EAR-1326,Dynastic Disintegration of Safavid Empire,1588,early_modern,collapse,Persia,Safavid Empire,CHR-EAR-1326,1433.8,0.473,0.611,0.4255,0.518,31.1,0.4145,32,33.6,0.3308,95,18.1,0.4201,0.5317,0.4531,0.0949,0.1579,0.3044,0.3084,-0.2273,0.4671,0.6939,0.668704,RMD,BRACKET_MEDIUM,false,true,0.48313524,0.51065076,0.81271225,,0.4015,false
EVT-EAR-1327,Administrative Codification of Polish-Lithuanian Commonwealth,1646,early_modern,transformation,Eastern Europe,Polish-Lithuanian Commonwealth,CHR-EAR-1327,1764.9,0.581,0.65,0.4668,0.499,13.9,0.319,29.7,35.8,0.3193,24,11.1,0.2855,0.2453,0.285,0.2114,0.36,0.4288,0.3061,0.1835,0.2203,0.6184,0.566435,CMN,BRACKET_BASE,false,true,0.55356447,0.37648723,0.35119764,,0.3193,false
EVT-EAR-1328,Territorial Rupture of British Empire (Early),1678,early_modern,collapse,British Isles / Global,British Empire (Early),CHR-EAR-1328,1340.7,0.766,0.685,0.2913,0.697,52,0.6085,36.7,34,0.3838,80,14.4,0.3892,0.4709,0.4066,0.0269,0.1127,0.2174,0.2469,-0.2535,0.8268,0.7811,0.730702,RMD,BRACKET_HIGH,true,false,0.48286545000000003,0.39853780000000005,0.5543958,,0.4017,false
EVT-EAR-1329,Popular Uprising of Portuguese Empire,1584,early_modern,revolution,Atlantic / Indian Ocean,Portuguese Empire,CHR-EAR-1329,986.7,0.743,0.569,0.2417,0.509,46,0.4845,36.5,32.9,0.3751,86.1,11.7,0.381,0.3994,0.3099,0,0.1042,0.5904,0.2808,0.191,0.6689,0.7352,0.611432,CMN,BRACKET_BASE,false,true,0.47763247000000003,0.42245634000000004,0.45187004999999997,,0.3926,false
EVT-EAR-1330,Respiratory Virulence Wave across Ming & Qing Dynasties,1667,early_modern,pandemic,East Asia,Ming & Qing Dynasties,CHR-EAR-1330,1827.2,0.756,0.268,0.545,0.226,32.1,0.2735,29.2,33.4,0.2995,46.9,20.3,0.38,0.4273,0.3612,0.0494,0.289,0.3338,0.2921,-0.0935,0.6629,0.6785,0.396151,CMN,BRACKET_BASE,false,true,0.8563750000000001,0.570375,0.8363750000000001,,0.3991,true
EVT-EAR-1331,Secular Legal Separation in Ming & Qing Dynasties,1748,early_modern,religious,East Asia,Ming & Qing Dynasties,CHR-EAR-1331,2260.7,0.537,0.823,0.5561,0.452,31,0.381,33.9,35.5,0.3627,90.6,20.4,0.4282,0.4353,0.4498,0.2695,0.4222,0.4223,0.3998,-0.013,0.4727,0.5602,0.544406,CMN,BRACKET_BASE,false,true,0.6406137599999999,0.53123694,0.6935484499999999,,0.3367,false
EVT-EAR-1332,Urban Quarantine Emergency in Ming & Qing Dynasties,1607,early_modern,pandemic,East Asia,Ming & Qing Dynasties,CHR-EAR-1332,2042.3,0.425,0.612,0.5966,0.745,34.8,0.5465,32.8,34.8,0.3466,36.2,15.3,0.3363,0.5083,0.4373,0,0.2051,0.4691,0.324,-0.0392,0.6338,0.5862,0.508541,CMN,BRACKET_BASE,false,true,0.48447293999999996,0.43121757,0.49697421999999997,,0.3945,false
EVT-EAR-1333,Orthodoxy & Heresy Trial Wave in Tsardom & Russian Empire,1516,early_modern,religious,Northern Eurasia,Tsardom & Russian Empire,CHR-EAR-1333,2217.3,0.479,0.113,0.7753,0.654,19.5,0.4245,33.8,38.5,0.3796,76.3,17.1,0.3993,0.4957,0.523,0.3916,0.5406,0.7343,0.537,0.2386,0.2803,0.592,0.779684,RMD,BRACKET_HIGH,true,false,0.43436794,0.5675,0.5868749999999999,,0.3622,false
EVT-EAR-1334,Institutional Dissolution of Ottoman Empire,1569,early_modern,collapse,Southeast Europe / Near East,Ottoman Empire,CHR-EAR-1334,917.6,0.706,0.111,0.3723,0.621,55,0.5855,35,39.2,0.3967,71.9,12.8,0.3735,0.5077,0.4569,0.1627,0.2249,0.1363,0.2977,-0.3714,0.5972,0.7767,0.433498,CMN,BRACKET_BASE,false,true,0.7478874000000001,0.578625,0.981125,,0.363,true
EVT-EAR-1335,Astronomical Standardization by Mughal Empire,1747,early_modern,technological,South Asia,Mughal Empire,CHR-EAR-1335,1906.7,0.509,0.139,0.6783,0.431,17.2,0.3015,29.4,34.7,0.3094,30.1,16.3,0.3279,0.3067,0.3436,0.3912,0.5503,0.5676,0.4319,0.2609,0.343,0.6633,0.809945,RMD,BRACKET_HIGH,true,false,0.40637939,0.3866693,0.39798432,,0.3122,false
EVT-EAR-1336,Radical Assembly Schism in British Empire (Early),1509,early_modern,revolution,British Isles / Global,British Empire (Early),CHR-EAR-1336,1949,0.737,0.531,0.5032,0.59,41.9,0.5045,36.9,36.1,0.3986,83.8,23.4,0.4375,0.4419,0.3167,0,0.1085,0.165,0.2064,-0.2769,0.5379,0.7031,0.502662,CMN,BRACKET_BASE,false,true,0.62813465,0.40419390000000005,0.57086519,,0.3962,false
EVT-EAR-1337,Debt Crisis Settlement of Tsardom & Russian Empire,1606,early_modern,economic,Northern Eurasia,Tsardom & Russian Empire,CHR-EAR-1337,2061.1,0.699,0.211,0.6395,0.354,17.6,0.265,33.4,37.2,0.3675,94.9,11.5,0.387,0.4593,0.4092,0.305,0.4293,0.5395,0.4285,0.0802,0.3949,0.5812,0.476323,CMN,BRACKET_BASE,false,true,0.6931092999999999,0.55225,0.6784999999999999,,0.3501,false
EVT-EAR-1338,Respiratory Virulence Wave across Dutch Republic,1738,early_modern,pandemic,Northwestern Europe,Dutch Republic,CHR-EAR-1338,1782.9,0.737,0.422,0.493,0.597,32.1,0.459,38.3,34.9,0.4065,88.4,20.7,0.4279,0.4915,0.4624,0.1179,0.3482,0.1413,0.3123,-0.3502,0.8032,0.8161,0.615163,CMN,BRACKET_BASE,false,true,0.50468262,0.39911675999999996,0.60634768,,0.3803,false
EVT-EAR-1339,Civic Restoration Revolt in Kingdom of France (Bourbon),1665,early_modern,revolution,Western Europe,Kingdom of France (Bourbon),CHR-EAR-1339,1042.8,0.776,0.259,0.3393,0.402,54.3,0.4725,32.5,37.5,0.3596,26.2,18.2,0.3274,0.4674,0.3125,0,0.1847,0.3154,0.256,-0.152,0.6402,0.6964,0.570598,CMN,BRACKET_BASE,false,true,0.67270071,0.55587984,0.77656,,0.4065,false
EVT-EAR-1340,Secular Legal Separation in Dutch Republic,1523,early_modern,religious,Northwestern Europe,Dutch Republic,CHR-EAR-1340,1586.7,0.696,0.107,0.5492,0.231,52.9,0.38,39.8,37.7,0.4394,23.1,20.6,0.3303,0.4653,0.5041,0.3828,0.5552,0.3729,0.4561,-0.0924,0.4501,0.5871,0.9381,RMD,BRACKET_HIGH,true,false,0.36893655,0.38233884,0.48199578,,0.2969,false
EVT-EAR-1341,Epidemic Fever Outbreak across Tokugawa Shogunate,1720,early_modern,pandemic,Japan,Tokugawa Shogunate,CHR-EAR-1341,2319.2,0.776,0.616,0.5615,0.52,52.7,0.5235,29.8,37.5,0.3305,59.6,18.1,0.3864,0.5079,0.4279,0.0334,0.1345,0.1901,0.2588,-0.3178,0.7518,0.7772,0.416099,CMN,BRACKET_BASE,false,true,0.894875,0.595375,0.945125,,0.399,true
EVT-EAR-1342,Treaty System Implementation across Safavid Empire,1798,early_modern,transformation,Persia,Safavid Empire,CHR-EAR-1342,1831,0.673,0.624,0.4641,0.201,33.7,0.269,36.5,42.3,0.4315,40.2,13.9,0.3369,0.3213,0.3454,0.2108,0.359,0.6614,0.3796,0.3401,0.3769,0.7332,0.788518,RMD,BRACKET_HIGH,true,false,0.4111762,0.5485205,0.55667595,,0.3788,false
EVT-EAR-1343,Synod Monotheistic Mandate in Mughal Empire,1533,early_modern,religious,South Asia,Mughal Empire,CHR-EAR-1343,2358.7,0.473,0.45,0.7124,0.462,37.7,0.4195,41.3,40.7,0.4736,43,18,0.3622,0.4808,0.457,0.2821,0.4596,0.4914,0.4342,0.0106,0.3275,0.4768,0.624921,CMN,BRACKET_BASE,false,true,0.48203271999999997,0.38522391,0.4380148,,0.3583,false
EVT-EAR-1344,Imperial Annexation War in Safavid Empire,1697,early_modern,war,Persia,Safavid Empire,CHR-EAR-1344,1847.4,0.535,0.441,0.5646,0.738,53.6,0.637,41.8,35.7,0.449,87,21.6,0.4313,0.5644,0.4927,0.3284,0.4431,0.3969,0.4451,-0.1675,0.3558,0.5618,0.658603,RMD,BRACKET_MEDIUM,false,true,0.41847643,0.565125,0.824875,,0.3351,false
EVT-EAR-1345,Judicial Standard Reform in Safavid Empire,1650,early_modern,transformation,Persia,Safavid Empire,CHR-EAR-1345,983.7,0.685,0.155,0.3825,0.252,38,0.316,29.1,35.8,0.3128,52.2,14.6,0.3593,0.2473,0.3269,0.2743,0.3947,0.4765,0.3439,0.2292,0.3258,0.6835,0.678091,RMD,BRACKET_MEDIUM,false,true,0.52746523,0.47345644000000003,0.53746803,,0.3166,false
EVT-EAR-1346,Caravan Route Pestilence in Safavid Empire,1577,early_modern,pandemic,Persia,Safavid Empire,CHR-EAR-1346,1496.3,0.556,0.47,0.459,0.583,14.2,0.3625,38.2,35,0.406,67,21.1,0.4098,0.4695,0.3898,0,0.1146,0.3965,0.2741,-0.073,0.847,0.697,0.376122,CMN,BRACKET_BASE,false,true,0.8101352599999999,0.5125500599999999,0.7207984000000001,,0.4071,false
EVT-EAR-1347,Frontier Fragmentation of Kingdom of France (Bourbon),1607,early_modern,collapse,Western Europe,Kingdom of France (Bourbon),CHR-EAR-1347,1492.5,0.486,0.376,0.5072,0.575,48,0.5275,32.9,39.1,0.3735,45.9,9.8,0.326,0.5381,0.4364,0.2159,0.2478,0.1579,0.3192,-0.3802,0.7205,0.8042,0.542469,CMN,BRACKET_BASE,false,true,0.61068735,0.3937598,0.60994297,,0.3555,false
EVT-EAR-1348,Fiscal Default Crisis in British Empire (Early),1566,early_modern,collapse,British Isles / Global,British Empire (Early),CHR-EAR-1348,2056.7,0.588,0.201,0.6747,0.677,46.4,0.5705,32,42.3,0.383,39.6,23.3,0.3828,0.5877,0.5152,0.152,0.2309,0.2602,0.3492,-0.3275,0.7775,0.757,0.549811,CMN,BRACKET_BASE,false,true,0.64908083,0.5041468600000001,0.8608155900000001,,0.3851,false
EVT-EAR-1349,Harbor Incursion Sickness in Tokugawa Shogunate,1510,early_modern,pandemic,Japan,Tokugawa Shogunate,CHR-EAR-1349,1974.8,0.761,0.59,0.485,0.556,45.8,0.507,37.5,40.3,0.4303,22.9,18.3,0.3181,0.4625,0.4406,0.0071,0.1543,0.3041,0.2737,-0.1584,0.6116,0.6551,0.416798,CMN,BRACKET_BASE,false,true,0.6820740599999999,0.5063987999999999,0.7774244399999999,,0.4104,false
EVT-EAR-1350,Mercantile Tariff Overhaul across Tsardom & Russian Empire,1693,early_modern,economic,Northern Eurasia,Tsardom & Russian Empire,CHR-EAR-1350,1578.9,0.445,0.208,0.5922,0.557,44.9,0.503,31.1,38.5,0.3505,75,23.6,0.4305,0.4259,0.3782,0.205,0.2657,0.2766,0.3103,-0.1493,0.5902,0.6413,0.454937,CMN,BRACKET_BASE,false,true,0.8452500000000001,0.5505,0.8382499999999999,,0.3282,true
EVT-EAR-1351,Sanitation & Medical Breakthrough in Ming & Qing Dynasties,1767,early_modern,technological,East Asia,Ming & Qing Dynasties,CHR-EAR-1351,983.5,0.73,0.804,0.1743,0.646,14.4,0.395,34.5,41.1,0.4028,73,22.1,0.4211,0.301,0.3456,0.4167,0.4887,0.6103,0.4325,0.3093,0.3268,0.7329,0.898964,RMD,BRACKET_HIGH,true,false,0.37516956,0.37536219,0.38870529000000004,,0.318,false
EVT-EAR-1352,Mechanical Power Harnessing in Dutch Republic,1594,early_modern,technological,Northwestern Europe,Dutch Republic,CHR-EAR-1352,1301.4,0.448,0.827,0.334,0.201,43.1,0.316,29.3,35.6,0.3138,91.3,9.5,0.3742,0.2766,0.3221,0.4393,0.5946,0.58,0.4425,0.3034,0.3107,0.7269,0.861075,RMD,BRACKET_HIGH,true,false,0.41987484,0.38130683,0.4189298,,0.3116,false
EVT-EAR-1353,Civic Restoration Revolt in Ottoman Empire,1640,early_modern,revolution,Southeast Europe / Near East,Ottoman Empire,CHR-EAR-1353,995.7,0.443,0.765,0.2752,0.596,23.9,0.4175,34.9,36.7,0.3807,27.1,19.2,0.3348,0.3923,0.2377,0.0231,0.1991,0.0616,0.1828,-0.3307,0.7201,0.8276,0.722218,RMD,BRACKET_HIGH,false,false,0.5839589199999999,0.37315182999999996,0.55713504,,0.3709,false
EVT-EAR-1354,Mechanical Power Harnessing in Polish-Lithuanian Commonwealth,1784,early_modern,technological,Eastern Europe,Polish-Lithuanian Commonwealth,CHR-EAR-1354,1505.7,0.672,0.354,0.4614,0.367,30.9,0.338,38.7,39.2,0.4366,24,18.9,0.3245,0.3404,0.3631,0.4159,0.5653,0.5952,0.456,0.2548,0.3282,0.6642,0.564925,CMN,BRACKET_BASE,false,true,0.59582298,0.47811786,0.5682592,,0.3123,false
EVT-EAR-1355,Temple Bureaucracy Reorganization of Safavid Empire,1538,early_modern,religious,Persia,Safavid Empire,CHR-EAR-1355,1636.8,0.682,0.412,0.4748,0.667,49.5,0.581,35.1,34.6,0.3702,25.5,9.1,0.2799,0.4082,0.4826,0.3487,0.4074,0.5017,0.4297,0.0935,0.38,0.5616,0.798779,RMD,BRACKET_HIGH,true,false,0.37417266,0.46034716000000003,0.58911293,,0.3077,false
EVT-EAR-1356,Constitutional Reorganization of British Empire (Early),1577,early_modern,transformation,British Isles / Global,British Empire (Early),CHR-EAR-1356,2312.7,0.622,0.327,0.6928,0.746,54.4,0.645,32.7,36.2,0.354,31.3,9.2,0.2953,0.3958,0.424,0.3241,0.5651,0.5616,0.4541,0.1658,0.2306,0.5234,0.671307,RMD,BRACKET_MEDIUM,false,true,0.359535,0.38501103999999997,0.36101487000000004,,0.3363,false
EVT-EAR-1357,Judicial Standard Reform in Safavid Empire,1561,early_modern,transformation,Persia,Safavid Empire,CHR-EAR-1357,952.1,0.435,0.116,0.461,0.265,14.1,0.203,32.1,36.5,0.3493,66.2,16.8,0.3875,0.2547,0.282,0.1562,0.2769,0.5636,0.3067,0.3089,0.1879,0.6918,0.478697,CMN,BRACKET_BASE,false,true,0.7394168,0.558625,0.544875,,0.3712,false
EVT-EAR-1358,Urban Quarantine Emergency in Tokugawa Shogunate,1750,early_modern,pandemic,Japan,Tokugawa Shogunate,CHR-EAR-1358,1879.7,0.459,0.303,0.6371,0.738,25.4,0.496,40.6,39.1,0.4564,36.4,9.2,0.3062,0.5633,0.4876,0.2113,0.3265,0.2379,0.3653,-0.3254,0.9314,0.8001,0.621635,CMN,BRACKET_BASE,false,true,0.53146386,0.38566728,0.5809116400000001,,0.3612,false
EVT-EAR-1359,Respiratory Virulence Wave across Tokugawa Shogunate,1648,early_modern,pandemic,Japan,Tokugawa Shogunate,CHR-EAR-1359,1693.4,0.621,0.673,0.4295,0.774,53.1,0.6525,29.1,32.1,0.2906,66.3,15.3,0.3801,0.4582,0.3815,0.0553,0.2712,0.2934,0.2919,-0.1648,0.6433,0.6739,0.410309,CMN,BRACKET_BASE,false,true,0.69660645,0.5542153500000001,0.80604279,,0.3989,false
EVT-EAR-1360,Monastic Network Expansion of Polish-Lithuanian Commonwealth,1747,early_modern,religious,Eastern Europe,Polish-Lithuanian Commonwealth,CHR-EAR-1360,2091.9,0.697,0.221,0.6451,0.845,14,0.4925,33.6,41.7,0.3967,79.3,23.7,0.435,0.4803,0.4954,0.3472,0.4289,0.4674,0.4438,-0.0129,0.2819,0.4773,0.714975,RMD,BRACKET_HIGH,false,false,0.34951985,0.38851272,0.44849865,,0.3174,false
EVT-EAR-1361,Fiscal Default Crisis in Safavid Empire,1780,early_modern,collapse,Persia,Safavid Empire,CHR-EAR-1361,2278.1,0.544,0.432,0.6757,0.226,32.3,0.2745,34.4,39.6,0.3927,82.6,20.8,0.4235,0.5664,0.4858,0.1341,0.181,0.3818,0.3498,-0.1846,0.4033,0.6291,0.479329,CMN,BRACKET_BASE,false,true,0.7256103400000001,0.598125,0.868375,,0.4049,false
EVT-EAR-1362,Orthodoxy & Heresy Trial Wave in Safavid Empire,1533,early_modern,religious,Persia,Safavid Empire,CHR-EAR-1362,1121.3,0.479,0.83,0.2773,0.35,31.1,0.3305,41.2,37.5,0.4533,66.3,9.1,0.3491,0.3572,0.3655,0.2659,0.4422,0.5259,0.3913,0.1687,0.3962,0.661,0.690996,RMD,BRACKET_MEDIUM,false,false,0.6135,0.546,0.619875,,0.3409,false
EVT-EAR-1363,Secular Legal Separation in Ottoman Empire,1503,early_modern,religious,Southeast Europe / Near East,Ottoman Empire,CHR-EAR-1363,2039.1,0.759,0.619,0.4935,0.619,30.1,0.46,36.2,40.4,0.4169,71.3,14.2,0.3798,0.4474,0.458,0.2826,0.437,0.4068,0.4064,-0.0406,0.2809,0.5166,0.508673,CMN,BRACKET_BASE,false,true,0.5295215999999999,0.48056614000000003,0.6662837500000001,,0.3322,false
EVT-EAR-1364,Hydraulic Engineering Grid in Ming & Qing Dynasties,1799,early_modern,technological,East Asia,Ming & Qing Dynasties,CHR-EAR-1364,1899.7,0.716,0.753,0.4302,0.359,13.6,0.2475,40.2,35.7,0.4317,47.6,21.3,0.3861,0.2803,0.3372,0.4252,0.5283,0.426,0.3994,0.1457,0.4896,0.6647,0.662279,RMD,BRACKET_MEDIUM,false,true,0.46377762999999994,0.47702555999999996,0.7181472,,0.2792,false
EVT-EAR-1365,Maritime Trade Hub Expansion in Tsardom & Russian Empire,1500,early_modern,economic,Northern Eurasia,Tsardom & Russian Empire,CHR-EAR-1365,2242,0.705,0.563,0.5788,0.528,29,0.409,30.8,34.3,0.3221,66.4,22.3,0.4152,0.3979,0.2985,0.0483,0.1261,0.3245,0.2391,-0.0734,0.4571,0.5874,0.585202,CMN,BRACKET_BASE,false,true,0.55401017,0.40491140000000003,0.49574668,,0.3984,false
EVT-EAR-1366,Printing & Communications Diffusion in Ming & Qing Dynasties,1645,early_modern,technological,East Asia,Ming & Qing Dynasties,CHR-EAR-1366,1193.6,0.62,0.507,0.3506,0.257,39.1,0.324,39.5,42.4,0.4644,41.2,12.2,0.3301,0.2944,0.3189,0.36,0.4463,0.624,0.4087,0.3296,0.1775,0.6815,0.619805,CMN,BRACKET_BASE,false,true,0.49881216,0.46837596,0.47096819999999995,,0.3324,false
EVT-EAR-1367,Secular Legal Separation in Spanish Empire,1768,early_modern,religious,Iberia / Americas,Spanish Empire,CHR-EAR-1367,2120.3,0.582,0.259,0.6755,0.83,40,0.615,28.2,34.4,0.2947,62,20.9,0.4032,0.4974,0.5287,0.4274,0.6052,0.4014,0.492,-0.096,0.334,0.5276,0.806263,RMD,BRACKET_HIGH,true,false,0.34452354,0.38117895,0.46042226999999997,,0.2939,false
EVT-EAR-1368,Monastic Network Expansion of British Empire (Early),1628,early_modern,religious,British Isles / Global,British Empire (Early),CHR-EAR-1368,1421,0.669,0.521,0.3904,0.315,35.8,0.3365,38.9,36.7,0.4237,46,13.2,0.3431,0.3483,0.3578,0.2745,0.4445,0.596,0.4042,0.2477,0.2264,0.6478,0.769583,RMD,BRACKET_HIGH,true,false,0.3139931,0.38477252,0.34324750000000004,,0.3487,false
EVT-EAR-1369,Treaty System Implementation across Safavid Empire,1632,early_modern,transformation,Persia,Safavid Empire,CHR-EAR-1369,2045.7,0.511,0.554,0.5891,0.341,15.4,0.2475,34.1,38.7,0.384,92.6,12.7,0.3913,0.3051,0.3302,0.1824,0.3406,0.4106,0.3138,0.1055,0.3719,0.5969,0.51166,CMN,BRACKET_BASE,false,true,0.8625378,0.5445,0.65625,,0.3442,true
EVT-EAR-1370,Provincial Autonomy Insurgency against Ming & Qing Dynasties,1617,early_modern,revolution,East Asia,Ming & Qing Dynasties,CHR-EAR-1370,2139.4,0.52,0.275,0.6942,0.551,31.1,0.431,37.8,40.4,0.4341,23.9,17.7,0.3182,0.5103,0.3343,0.0138,0.1168,0.3527,0.2656,-0.1576,0.4563,0.5953,0.472485,CMN,BRACKET_BASE,false,true,0.80818485,0.59673102,0.8061872000000001,,0.4082,true
EVT-EAR-1371,Civic Restoration Revolt in Kingdom of France (Bourbon),1746,early_modern,revolution,Western Europe,Kingdom of France (Bourbon),CHR-EAR-1371,1074.2,0.421,0.454,0.3954,0.436,42.8,0.432,37.7,40.2,0.4318,24.8,13.4,0.2994,0.3723,0.2399,0,0.1302,0.2759,0.2037,-0.0964,0.5186,0.6228,0.566476,CMN,BRACKET_BASE,false,true,0.55598816,0.38387685,0.4819338,,0.4003,false
EVT-EAR-1372,Fiscal Default Crisis in Portuguese Empire,1564,early_modern,collapse,Atlantic / Indian Ocean,Portuguese Empire,CHR-EAR-1372,1201.2,0.658,0.853,0.2373,0.591,14,0.3655,30.5,35,0.3231,54.4,20.1,0.3898,0.4111,0.3495,0.1466,0.1927,0.0153,0.223,-0.3958,0.8194,0.9097,0.534057,CMN,BRACKET_BASE,false,true,0.66452215,0.38773900000000006,0.6105842699999999,,0.3546,false
EVT-EAR-1373,Astronomical Standardization by Tsardom & Russian Empire,1773,early_modern,technological,Northern Eurasia,Tsardom & Russian Empire,CHR-EAR-1373,2319.6,0.609,0.695,0.5881,0.217,22,0.2185,32.4,35,0.3435,54,16.3,0.3702,0.2962,0.3561,0.422,0.5745,0.5493,0.4396,0.2531,0.3697,0.6866,0.588603,CMN,BRACKET_BASE,false,true,0.65276989,0.547875,0.682875,,0.3031,false
EVT-EAR-1374,Borderlands Pacification of Portuguese Empire,1748,early_modern,war,Atlantic / Indian Ocean,Portuguese Empire,CHR-EAR-1374,1198.2,0.772,0.212,0.3947,0.697,30,0.4985,32.8,32,0.3298,36.4,18,0.3502,0.407,0.3371,0.0291,0.174,0.4379,0.277,0.0309,0.491,0.586,0.545726,CMN,BRACKET_BASE,false,true,0.5995052,0.40850258,0.46572702,,0.407,false
EVT-EAR-1375,Dynastic Disintegration of Dutch Republic,1534,early_modern,collapse,Northwestern Europe,Dutch Republic,CHR-EAR-1375,1919.4,0.578,0.814,0.4584,0.502,42.5,0.4635,35.3,38.3,0.3946,84.3,15.5,0.3985,0.4979,0.4356,0.0781,0.1413,0.2686,0.2843,-0.2293,0.7601,0.7464,0.595881,CMN,BRACKET_BASE,false,true,0.7497870000000001,0.50160916,0.8157869999999999,,0.3984,false
EVT-EAR-1376,Silver Flotilla Currency Shock in Portuguese Empire,1523,early_modern,economic,Atlantic / Indian Ocean,Portuguese Empire,CHR-EAR-1376,2189.9,0.434,0.278,0.7322,0.482,27.2,0.377,30.1,32,0.3008,92,12.2,0.3883,0.4988,0.4396,0.2005,0.3801,0.6523,0.4343,0.1535,0.5104,0.629,0.5714,CMN,BRACKET_BASE,false,true,0.6572184,0.49347102000000004,0.62597392,,0.4014,false
EVT-EAR-1377,Caravan Route Pestilence in Mughal Empire,1617,early_modern,pandemic,South Asia,Mughal Empire,CHR-EAR-1377,2099.9,0.746,0.377,0.5857,0.657,38.7,0.522,38.4,39.4,0.4346,24.4,14.5,0.3037,0.4985,0.4212,0.0926,0.3188,0.255,0.3172,-0.2435,0.6922,0.7032,0.514131,CMN,BRACKET_BASE,false,true,0.6833177300000001,0.49983911999999997,0.83419595,,0.3959,false
EVT-EAR-1378,Agrarian Restructuring of British Empire (Early),1564,early_modern,transformation,British Isles / Global,British Empire (Early),CHR-EAR-1378,1804.3,0.681,0.737,0.4209,0.21,31.3,0.2615,34.1,34.9,0.3612,54.8,23.8,0.4088,0.2911,0.3339,0.1967,0.419,0.484,0.3449,0.1929,0.2429,0.6384,0.725834,RMD,BRACKET_HIGH,false,false,0.60605632,0.5363001,0.53751472,,0.3519,false
EVT-EAR-1379,Bureaucratic Consolidation of Polish-Lithuanian Commonwealth,1784,early_modern,transformation,Eastern Europe,Polish-Lithuanian Commonwealth,CHR-EAR-1379,1536.2,0.555,0.631,0.4213,0.374,38.1,0.3775,38.1,37.4,0.4193,89,12.4,0.3869,0.2823,0.312,0.1708,0.411,0.5924,0.3537,0.3101,0.1863,0.6613,0.650509,RMD,BRACKET_MEDIUM,false,true,0.46934944,0.38960185,0.34349431999999996,,0.3783,false
EVT-EAR-1380,Administrative Codification of Kingdom of France (Bourbon),1528,early_modern,transformation,Western Europe,Kingdom of France (Bourbon),CHR-EAR-1380,915.5,0.677,0.619,0.2281,0.847,19.8,0.5225,36.3,33.8,0.3783,40,9.7,0.3155,0.2608,0.3229,0.2386,0.3665,0.5034,0.3384,0.2426,0.2243,0.6477,0.767211,RMD,BRACKET_HIGH,true,false,0.56445372,0.53314907,0.49715307000000003,,0.3335,false
EVT-EAR-1381,Fiscal Default Crisis in Kingdom of France (Bourbon),1624,early_modern,collapse,Western Europe,Kingdom of France (Bourbon),CHR-EAR-1381,1264.7,0.52,0.235,0.4805,0.665,53.6,0.6005,34.1,42.2,0.405,55.7,23.7,0.4095,0.5666,0.495,0.2606,0.3077,0.2867,0.3833,-0.2799,0.4206,0.6634,0.50819,CMN,BRACKET_BASE,false,true,0.5076456,0.39425945,0.55421328,,0.3455,false
EVT-EAR-1382,Debt Crisis Settlement of Tokugawa Shogunate,1712,early_modern,economic,Japan,Tokugawa Shogunate,CHR-EAR-1382,960.9,0.74,0.678,0.2032,0.388,52,0.454,32.7,36.6,0.3564,88.5,19,0.4195,0.3935,0.3438,0.0718,0.2495,0.4979,0.3113,0.1044,0.4612,0.6496,0.557131,CMN,BRACKET_BASE,false,true,0.6667221600000001,0.5690916,0.66350073,,0.4036,false
EVT-EAR-1383,Guild Monopoly Reform in Safavid Empire,1566,early_modern,economic,Persia,Safavid Empire,CHR-EAR-1383,2258.2,0.719,0.814,0.5035,0.366,35.7,0.3615,30.7,37.3,0.339,78.3,10.7,0.3691,0.436,0.3734,0.2637,0.4238,0.5909,0.4176,0.1549,0.4108,0.6357,0.599633,CMN,BRACKET_BASE,false,true,0.52447866,0.54415962,0.5942372100000001,,0.373,false
EVT-EAR-1384,Pantheon Reformation of Spanish Empire,1659,early_modern,religious,Iberia / Americas,Spanish Empire,CHR-EAR-1384,898.6,0.567,0.844,0.1892,0.82,37.2,0.596,34.8,32.6,0.355,41,18.5,0.3613,0.3356,0.3972,0.2048,0.2958,0.4603,0.3387,0.1247,0.2172,0.5806,0.784403,RMD,BRACKET_HIGH,true,false,0.44704,0.37432275,0.37423944,,0.3592,false
EVT-EAR-1385,Fiscal Default Crisis in Ming & Qing Dynasties,1527,early_modern,collapse,East Asia,Ming & Qing Dynasties,CHR-EAR-1385,2141.9,0.695,0.877,0.4618,0.799,19.5,0.497,31.9,33.8,0.331,73,18.5,0.4031,0.5415,0.4631,0.0679,0.1502,0.2638,0.2973,-0.2777,0.5183,0.7161,0.739864,RMD,BRACKET_HIGH,true,false,0.71693024,0.603,0.938,,0.4036,false
EVT-EAR-1386,Guild Monopoly Reform in British Empire (Early),1660,early_modern,economic,British Isles / Global,British Empire (Early),CHR-EAR-1386,1365.9,0.463,0.847,0.3401,0.843,21,0.5265,28.7,33,0.2917,41.9,11.3,0.3269,0.4249,0.3426,0.1659,0.3167,0.2485,0.2997,-0.1764,0.2913,0.6243,0.665419,RMD,BRACKET_MEDIUM,false,true,0.5749779199999999,0.55475,0.8066249999999999,,0.3479,true
EVT-EAR-1387,Peasant Rebellion against Ming & Qing Dynasties,1771,early_modern,revolution,East Asia,Ming & Qing Dynasties,CHR-EAR-1387,2231.9,0.526,0.22,0.7328,0.844,38.1,0.6125,41.4,39.3,0.4663,34.5,18.8,0.3503,0.6023,0.4982,0.2102,0.3679,0.647,0.4651,0.0447,0.5541,0.5209,0.499533,CMN,BRACKET_BASE,false,true,0.70575,0.609,0.765625,,0.4044,false
EVT-EAR-1388,Provincial Autonomy Insurgency against British Empire (Early),1640,early_modern,revolution,British Isles / Global,British Empire (Early),CHR-EAR-1388,854.3,0.699,0.632,0.2018,0.468,44,0.454,32.9,32.4,0.3333,28.8,11.8,0.3022,0.3523,0.1741,0,0.2217,0.1824,0.1861,-0.1699,0.6938,0.7468,0.352903,CMN,BRACKET_BASE,false,true,0.8627163,0.5320257199999999,0.7751650499999999,,0.388,false
EVT-EAR-1389,Popular Uprising of Dutch Republic,1598,early_modern,revolution,Northwestern Europe,Dutch Republic,CHR-EAR-1389,1741,0.5,0.474,0.5377,0.413,14.3,0.278,28.9,32.1,0.2884,19.5,22.1,0.3255,0.406,0.2349,0,0.1962,0.5622,0.2799,0.1562,0.7553,0.7376,0.76458,RMD,BRACKET_HIGH,true,false,0.53835516,0.51359056,0.6574125000000001,,0.3912,false
EVT-EAR-1390,Hydraulic Engineering Grid in Ottoman Empire,1570,early_modern,technological,Southeast Europe / Near East,Ottoman Empire,CHR-EAR-1390,2058.1,0.667,0.366,0.6019,0.317,27.5,0.296,32.7,42.4,0.3912,81.7,14.1,0.3892,0.3716,0.3936,0.5127,0.6714,0.5196,0.4938,0.148,0.1908,0.5643,0.511581,CMN,BRACKET_BASE,false,true,0.5787396,0.54994464,0.66717541,,0.2886,false
EVT-EAR-1391,Systemic Governance Breakdown in Tokugawa Shogunate,1750,early_modern,collapse,Japan,Tokugawa Shogunate,CHR-EAR-1391,1138.3,0.455,0.782,0.3033,0.835,29.5,0.565,32.5,35.1,0.3452,42,11.9,0.33,0.4729,0.4148,0.1979,0.2665,0.1201,0.2944,-0.3528,0.711,0.8162,0.492834,CMN,BRACKET_BASE,false,true,0.863375,0.564,0.9682499999999999,,0.3515,true
EVT-EAR-1392,Administrative Codification of Safavid Empire,1571,early_modern,transformation,Persia,Safavid Empire,CHR-EAR-1392,1217.3,0.649,0.56,0.3321,0.762,35.1,0.5565,29.7,34.8,0.3133,43.7,8.3,0.3149,0.3061,0.3313,0.2728,0.405,0.5724,0.3775,0.2663,0.1625,0.6341,0.732206,RMD,BRACKET_HIGH,true,false,0.63146688,0.5525,0.51775,,0.3381,false
EVT-EAR-1393,Provincial Autonomy Insurgency against Ottoman Empire,1764,early_modern,revolution,Southeast Europe / Near East,Ottoman Empire,CHR-EAR-1393,2094.2,0.466,0.101,0.751,0.437,15.4,0.2955,40.2,36,0.4335,29.9,12.3,0.3074,0.52,0.3865,0.1252,0.3587,0.1803,0.3141,-0.3397,0.4115,0.6943,0.79441,RMD,BRACKET_HIGH,true,false,0.36590289,0.40487258,0.58457196,,0.379,false
EVT-EAR-1394,Treaty System Implementation across Portuguese Empire,1767,early_modern,transformation,Atlantic / Indian Ocean,Portuguese Empire,CHR-EAR-1394,2335.8,0.642,0.367,0.6807,0.4,28.8,0.344,31.4,39.4,0.3592,92.1,21.1,0.4329,0.3487,0.4058,0.3534,0.5296,0.6152,0.4505,0.2665,0.3105,0.644,0.853396,RMD,BRACKET_HIGH,true,false,0.3065953,0.38228769,0.3383289,,0.3314,false
EVT-EAR-1395,Agrarian Insurgency in Ming & Qing Dynasties,1607,early_modern,revolution,East Asia,Ming & Qing Dynasties,CHR-EAR-1395,908.5,0.541,0.794,0.2146,0.727,23.1,0.479,38,40.1,0.4344,66.2,15.3,0.38,0.4424,0.3156,0.0985,0.2748,0.2459,0.2754,-0.1965,0.629,0.7242,0.393851,CMN,BRACKET_BASE,false,true,0.92694012,0.5589999999999999,0.8752500000000001,,0.3785,true
EVT-EAR-1396,Provincial Autonomy Insurgency against Ottoman Empire,1763,early_modern,revolution,Southeast Europe / Near East,Ottoman Empire,CHR-EAR-1396,1162.2,0.431,0.479,0.4076,0.207,46.9,0.338,39,38.1,0.4332,81.5,17.6,0.4065,0.4452,0.2772,0,0.1206,0.3038,0.2294,-0.1414,0.4802,0.6496,0.514012,CMN,BRACKET_BASE,false,true,0.74404285,0.52437344,0.7854681600000001,,0.4071,true
EVT-EAR-1397,Popular Uprising of Safavid Empire,1560,early_modern,revolution,Persia,Safavid Empire,CHR-EAR-1397,1486,0.666,0.331,0.465,0.408,49.8,0.453,37.9,35.9,0.4082,51.8,22.6,0.3987,0.4803,0.3586,0.1456,0.3279,0.4001,0.3425,-0.0802,0.5926,0.6225,0.823734,RMD,BRACKET_HIGH,true,false,0.41287712,0.39562114,0.50709945,,0.3906,false
EVT-EAR-1398,Hydraulic Engineering Grid in Dutch Republic,1720,early_modern,technological,Northwestern Europe,Dutch Republic,CHR-EAR-1398,1391.4,0.569,0.317,0.4739,0.51,25.8,0.384,35.1,32,0.3546,55.6,9.9,0.3403,0.2892,0.3402,0.3985,0.5563,0.6166,0.4402,0.3274,0.3403,0.71,0.760474,RMD,BRACKET_HIGH,true,false,0.65476983,0.551875,0.617375,,0.3263,false
EVT-EAR-1399,Respiratory Virulence Wave across Portuguese Empire,1573,early_modern,pandemic,Atlantic / Indian Ocean,Portuguese Empire,CHR-EAR-1399,1603.5,0.677,0.766,0.3616,0.819,36.9,0.594,32.7,41.7,0.387,49.4,13.7,0.3508,0.4635,0.4019,0.0791,0.2282,0.2225,0.279,-0.241,0.7487,0.7459,0.423523,CMN,BRACKET_BASE,false,true,0.7726977,0.5581652199999999,0.85357336,,0.3848,false
EVT-EAR-1400,Borderlands Pacification of Safavid Empire,1524,early_modern,war,Persia,Safavid Empire,CHR-EAR-1400,2080.2,0.75,0.198,0.6331,0.631,24.1,0.436,32.5,36,0.3506,89.1,8.5,0.3675,0.4961,0.4473,0.2449,0.3697,0.3639,0.3844,-0.1322,0.4624,0.604,0.762558,RMD,BRACKET_HIGH,true,false,0.40089919999999996,0.38926447000000003,0.5118453,,0.3492,false
EVT-EAR-1401,Civic Restoration Revolt in Polish-Lithuanian Commonwealth,1583,early_modern,revolution,Eastern Europe,Polish-Lithuanian Commonwealth,CHR-EAR-1401,1032.1,0.473,0.747,0.281,0.767,32.1,0.544,29.6,42.3,0.3572,42.6,14.8,0.3456,0.4193,0.2741,0,0.116,0.6106,0.284,0.1913,0.388,0.653,0.473935,CMN,BRACKET_BASE,false,true,0.84809351,0.6395000000000001,0.72325,,0.3961,false
EVT-EAR-1402,Imperial Unification of Tsardom & Russian Empire,1720,early_modern,transformation,Northern Eurasia,Tsardom & Russian Empire,CHR-EAR-1402,1288.5,0.532,0.397,0.4345,0.63,47.5,0.5525,36.7,35.9,0.3952,58.9,12.3,0.3565,0.3206,0.3783,0.2489,0.4934,0.6204,0.4123,0.2998,0.1188,0.6143,0.628822,CMN,BRACKET_BASE,false,true,0.4859314,0.5435600100000001,0.48184664,,0.3643,false
EVT-EAR-1403,Orthodoxy & Heresy Trial Wave in Spanish Empire,1738,early_modern,religious,Iberia / Americas,Spanish Empire,CHR-EAR-1403,2314.8,0.424,0.826,0.603,0.61,46.1,0.5355,28.8,33.7,0.297,39.6,17.5,0.3538,0.4208,0.4357,0.3268,0.4134,0.6271,0.4448,0.2063,0.4569,0.6403,0.635533,RMD,BRACKET_MEDIUM,false,true,0.53002558,0.47787036000000005,0.5539205,,0.3506,false
EVT-EAR-1404,Debt Crisis Settlement of British Empire (Early),1634,early_modern,economic,British Isles / Global,British Empire (Early),CHR-EAR-1404,1308.8,0.634,0.419,0.4025,0.344,30.3,0.3235,40.3,40.4,0.461,49.7,12.6,0.3457,0.3654,0.3385,0.1694,0.2952,0.2969,0.2931,-0.0685,0.2627,0.5546,0.645182,RMD,BRACKET_MEDIUM,false,true,0.5088272100000001,0.3807048,0.45929598,,0.3375,false
EVT-EAR-1405,Borderlands Pacification of Polish-Lithuanian Commonwealth,1730,early_modern,war,Eastern Europe,Polish-Lithuanian Commonwealth,CHR-EAR-1405,1009.2,0.674,0.67,0.2379,0.783,31,0.5465,39.8,39.8,0.452,44,21,0.3789,0.4388,0.3441,0.0912,0.1726,0.2001,0.2494,-0.2387,0.441,0.6837,0.442809,CMN,BRACKET_BASE,false,true,0.8404599100000001,0.5675,0.8752500000000001,,0.3709,true
EVT-EAR-1406,Territorial Rupture of Dutch Republic,1800,early_modern,collapse,Northwestern Europe,Dutch Republic,CHR-EAR-1406,1150.3,0.528,0.38,0.4051,0.498,26.6,0.382,34,41.1,0.3974,28.4,22.3,0.3537,0.4765,0.388,0.0699,0.111,0.1385,0.2368,-0.338,0.8492,0.8471,0.58609,CMN,BRACKET_BASE,false,true,0.70692369,0.5467125,0.86441222,,0.3717,false
EVT-EAR-1407,Civic Restoration Revolt in Mughal Empire,1521,early_modern,revolution,South Asia,Mughal Empire,CHR-EAR-1407,1830.5,0.442,0.855,0.4639,0.658,12.5,0.3915,31.9,33,0.3262,84.1,17.3,0.4073,0.4883,0.3723,0.0588,0.27,0.4931,0.3365,0.0048,0.4437,0.5663,0.447849,CMN,BRACKET_BASE,false,true,0.8379842000000001,0.5974999999999999,0.768375,,0.4042,false
EVT-EAR-1408,Educational Charter of Portuguese Empire,1768,early_modern,transformation,Atlantic / Indian Ocean,Portuguese Empire,CHR-EAR-1408,2150.5,0.52,0.457,0.6425,0.503,51.4,0.5085,31.5,34.8,0.3326,40.2,17.8,0.3564,0.3984,0.4504,0.3653,0.5232,0.6183,0.4711,0.2199,0.3435,0.6121,0.637741,RMD,BRACKET_MEDIUM,false,true,0.49025297,0.552625,0.5795,,0.3291,false
EVT-EAR-1409,Pantheon Reformation of Portuguese Empire,1578,early_modern,religious,Atlantic / Indian Ocean,Portuguese Empire,CHR-EAR-1409,2024.6,0.579,0.402,0.6088,0.82,38.4,0.602,40.2,40.4,0.4599,70.2,13.6,0.3757,0.4704,0.4972,0.2986,0.3619,0.4551,0.4166,-0.0153,0.3771,0.4819,0.558879,CMN,BRACKET_BASE,false,true,0.50465604,0.39148097,0.46127429999999997,,0.3443,false
EVT-EAR-1410,Military Coup d’État in Polish-Lithuanian Commonwealth,1539,early_modern,revolution,Eastern Europe,Polish-Lithuanian Commonwealth,CHR-EAR-1410,1810.8,0.58,0.832,0.4243,0.342,46.5,0.4035,37.1,38.6,0.4158,89.3,12.8,0.3891,0.463,0.3026,0.0817,0.2975,0.4519,0.3193,-0.0111,0.435,0.5582,0.682354,RMD,BRACKET_MEDIUM,false,false,0.46708758,0.57348304,0.71212286,,0.4046,false
EVT-EAR-1411,Mechanical Power Harnessing in Polish-Lithuanian Commonwealth,1703,early_modern,technological,Eastern Europe,Polish-Lithuanian Commonwealth,CHR-EAR-1411,1948.2,0.585,0.342,0.6053,0.533,17.4,0.3535,36,36.6,0.3919,28.8,9.5,0.2907,0.3285,0.3544,0.4159,0.5645,0.5697,0.4466,0.2412,0.3916,0.6555,0.524757,CMN,BRACKET_BASE,false,true,0.55867715,0.38842146,0.41529684,,0.3061,false
EVT-EAR-1412,Pantheon Reformation of Dutch Republic,1674,early_modern,religious,Northwestern Europe,Dutch Republic,CHR-EAR-1412,1502.5,0.554,0.698,0.3928,0.619,26.8,0.4435,28.7,40.4,0.3361,85.5,9.7,0.3705,0.355,0.3196,0.192,0.3696,0.2621,0.2997,-0.0929,0.4096,0.6067,0.558088,CMN,BRACKET_BASE,false,true,0.55658779,0.37671198,0.47849753000000006,,0.3215,false
EVT-EAR-1413,Judicial Standard Reform in Polish-Lithuanian Commonwealth,1640,early_modern,transformation,Eastern Europe,Polish-Lithuanian Commonwealth,CHR-EAR-1413,1699.9,0.485,0.851,0.4185,0.288,48.8,0.388,32.9,41.3,0.3867,73.2,8.3,0.3523,0.2928,0.3282,0.1888,0.3948,0.5578,0.3525,0.265,0.3749,0.6878,0.439871,CMN,BRACKET_BASE,false,true,0.7667459,0.5573750000000001,0.599,,0.3687,false
EVT-EAR-1414,Sanitation & Medical Breakthrough in Ottoman Empire,1766,early_modern,technological,Southeast Europe / Near East,Ottoman Empire,CHR-EAR-1414,1822.5,0.474,0.695,0.5003,0.656,32.1,0.4885,37.4,33.8,0.3902,74.6,15.4,0.3891,0.3852,0.4162,0.4641,0.5248,0.5787,0.4738,0.1935,0.3584,0.6172,0.555888,CMN,BRACKET_BASE,false,true,0.5836203,0.47598268,0.6175886199999999,,0.2882,false
EVT-EAR-1415,Mercantile Tariff Overhaul across Ming & Qing Dynasties,1645,early_modern,economic,East Asia,Ming & Qing Dynasties,CHR-EAR-1415,1205.5,0.555,0.757,0.2981,0.211,20,0.2055,33.3,41,0.3892,71.5,19.5,0.4066,0.3655,0.2761,0.0808,0.1732,0.3672,0.2526,0.0017,0.6088,0.6492,0.602184,CMN,BRACKET_BASE,false,true,0.56287538,0.395769,0.47576419,,0.3884,false
EVT-EAR-1416,Astronomical Standardization by Portuguese Empire,1736,early_modern,technological,Atlantic / Indian Ocean,Portuguese Empire,CHR-EAR-1416,2057.9,0.539,0.302,0.6594,0.249,26.9,0.259,30.2,41.8,0.3606,41,16.6,0.3518,0.3236,0.3697,0.469,0.5828,0.6995,0.4889,0.3759,0.1857,0.6876,0.700362,RMD,BRACKET_HIGH,false,false,0.46584107999999996,0.47798664,0.5306988,,0.3317,false
EVT-EAR-1417,Monastic Network Expansion of Kingdom of France (Bourbon),1664,early_modern,religious,Western Europe,Kingdom of France (Bourbon),CHR-EAR-1417,1184.1,0.513,0.432,0.4027,0.329,15.4,0.2415,31.2,42.4,0.375,36.7,10.2,0.3118,0.3138,0.3493,0.2544,0.3693,0.3661,0.3306,0.0523,0.3909,0.6031,0.549255,CMN,BRACKET_BASE,false,true,0.48515954,0.36468117,0.4180602,,0.2886,false
EVT-EAR-1418,Monastic Network Expansion of Safavid Empire,1719,early_modern,religious,Persia,Safavid Empire,CHR-EAR-1418,1747.6,0.584,0.664,0.4572,0.578,31.1,0.4445,33.8,39.5,0.3856,40.2,14.3,0.3389,0.4184,0.4325,0.3225,0.4754,0.3774,0.4052,-0.041,0.5024,0.5846,0.592684,CMN,BRACKET_BASE,false,true,0.76600911,0.541125,0.7595000000000001,,0.2919,false
EVT-EAR-1419,Guild Monopoly Reform in Dutch Republic,1571,early_modern,economic,Northwestern Europe,Dutch Republic,CHR-EAR-1419,1284.3,0.484,0.615,0.3824,0.707,17.9,0.443,30.3,41.7,0.3611,91.5,12.1,0.3874,0.3594,0.2961,0.1926,0.3664,0.511,0.3451,0.1516,0.6065,0.6855,0.756742,RMD,BRACKET_HIGH,true,false,0.44140711999999993,0.46822811,0.5887007,,0.3715,false
EVT-EAR-1420,Agrarian Insurgency in Dutch Republic,1631,early_modern,revolution,Northwestern Europe,Dutch Republic,CHR-EAR-1420,1876.1,0.502,0.123,0.6773,0.704,27.7,0.4905,32.4,38,0.3615,59.1,12.2,0.3563,0.5154,0.3919,0.1483,0.319,0.1726,0.3094,-0.3428,0.3783,0.6803,0.421638,CMN,BRACKET_BASE,false,true,0.8875,0.5775,0.9297500000000001,,0.3698,true
EVT-EAR-1421,Palatial Collapse of Tsardom & Russian Empire,1510,early_modern,collapse,Northern Eurasia,Tsardom & Russian Empire,CHR-EAR-1421,2094.6,0.615,0.349,0.632,0.299,40,0.3495,36.2,33.2,0.3737,38.7,12.1,0.3251,0.5465,0.4539,0.0642,0.1137,0.2995,0.2956,-0.247,0.598,0.7096,0.478976,CMN,BRACKET_BASE,false,true,0.53735283,0.41688515000000004,0.56090117,,0.4079,false
EVT-EAR-1422,Agrarian Insurgency in Safavid Empire,1555,early_modern,revolution,Persia,Safavid Empire,CHR-EAR-1422,1500.3,0.606,0.42,0.46,0.48,51,0.495,31.3,38,0.3497,42.6,17.3,0.3581,0.4953,0.4055,0.1607,0.3818,0.4828,0.3852,-0.0125,0.7892,0.6383,0.568705,CMN,BRACKET_BASE,false,true,0.6128077200000001,0.39094697,0.48590412,,0.3973,false
EVT-EAR-1423,Judicial Standard Reform in Tsardom & Russian Empire,1799,early_modern,transformation,Northern Eurasia,Tsardom & Russian Empire,CHR-EAR-1423,2233.7,0.699,0.824,0.5002,0.572,25.7,0.4145,36.8,32.6,0.3765,30.5,23.6,0.3654,0.3345,0.3698,0.2379,0.4186,0.5309,0.3783,0.1964,0.3445,0.6285,0.897937,RMD,BRACKET_HIGH,true,false,0.33939427,0.37303582,0.36189259,,0.3527,false
EVT-EAR-1424,Mechanical Power Harnessing in Tsardom & Russian Empire,1599,early_modern,technological,Northern Eurasia,Tsardom & Russian Empire,CHR-EAR-1424,1307.4,0.545,0.157,0.5074,0.744,39.6,0.57,41.4,36.4,0.4489,61.1,18.4,0.3897,0.3836,0.4433,0.508,0.6063,0.6935,0.5269,0.3099,0.1989,0.6181,0.868181,RMD,BRACKET_HIGH,true,false,0.26253276000000003,0.38955444000000006,0.38302404,,0.3182,false
EVT-EAR-1425,Canal Infrastructure Boom in Portuguese Empire,1789,early_modern,economic,Atlantic / Indian Ocean,Portuguese Empire,CHR-EAR-1425,1226.4,0.489,0.713,0.3365,0.669,41.1,0.54,29.2,34.8,0.3079,65.7,15.9,0.3824,0.3935,0.3146,0.1346,0.2189,0.3503,0.2824,-0.0432,0.63,0.6332,0.744532,RMD,BRACKET_HIGH,true,false,0.52173056,0.37893625000000003,0.47797562,,0.3734,false
EVT-EAR-1426,Synod Monotheistic Mandate in Ottoman Empire,1513,early_modern,religious,Southeast Europe / Near East,Ottoman Empire,CHR-EAR-1426,2244.1,0.708,0.337,0.6463,0.228,17.3,0.2005,30,42.7,0.3639,74,13.2,0.3775,0.4009,0.3975,0.2037,0.2778,0.5721,0.3704,0.1712,0.4738,0.6593,0.521403,CMN,BRACKET_BASE,false,true,0.6435210199999999,0.54901825,0.60954712,,0.3845,false
EVT-EAR-1427,Caravan Route Pestilence in Spanish Empire,1730,early_modern,pandemic,Iberia / Americas,Spanish Empire,CHR-EAR-1427,1792.9,0.722,0.515,0.4722,0.639,24.4,0.4415,28.1,36.8,0.308,76.4,11.8,0.3728,0.495,0.4306,0.0751,0.2519,0.3391,0.3183,-0.1559,0.8173,0.7353,0.536326,CMN,BRACKET_BASE,false,true,0.8639967000000001,0.578375,0.8676250000000001,,0.4023,false
EVT-EAR-1428,Urban Quarantine Emergency in Tsardom & Russian Empire,1578,early_modern,pandemic,Northern Eurasia,Tsardom & Russian Empire,CHR-EAR-1428,994.4,0.588,0.272,0.3793,0.541,20.9,0.375,38,41.3,0.4416,40.2,17,0.3524,0.4258,0.3876,0.0249,0.2203,0.0554,0.2228,-0.3704,0.921,0.8809,0.493288,CMN,BRACKET_BASE,false,true,0.7950634799999999,0.49409472,0.8767922399999999,,0.3829,false
EVT-EAR-1429,Frontier Campaign of British Empire (Early),1546,early_modern,war,British Isles / Global,British Empire (Early),CHR-EAR-1429,1603.7,0.427,0.613,0.4825,0.429,51.1,0.47,41.1,33.5,0.4282,71.8,21.5,0.4169,0.4985,0.4418,0.2333,0.4043,0.3936,0.3943,-0.1049,0.5125,0.6077,0.661607,RMD,BRACKET_MEDIUM,false,true,0.54931123,0.54925078,0.7657407999999999,,0.3633,false
EVT-EAR-1430,Administrative Codification of Tsardom & Russian Empire,1750,early_modern,transformation,Northern Eurasia,Tsardom & Russian Empire,CHR-EAR-1430,1484.3,0.674,0.111,0.5282,0.322,43.5,0.3785,38.1,32.7,0.3911,65.5,13,0.3677,0.3056,0.3734,0.3193,0.4432,0.5167,0.3916,0.2111,0.2403,0.6094,0.49617,CMN,BRACKET_BASE,false,true,0.7135797500000001,0.54325,0.5666249999999999,,0.315,false
EVT-EAR-1431,Judicial Standard Reform in Kingdom of France (Bourbon),1743,early_modern,transformation,Western Europe,Kingdom of France (Bourbon),CHR-EAR-1431,2084.7,0.546,0.521,0.5985,0.292,49.7,0.3945,35.3,40.1,0.4054,38.3,23.6,0.3819,0.3323,0.401,0.3044,0.5506,0.5078,0.4192,0.1755,0.3352,0.5988,0.759734,RMD,BRACKET_HIGH,true,false,0.44325119999999996,0.37957227,0.36895576,,0.3266,false
EVT-EAR-1432,Radical Assembly Schism in Polish-Lithuanian Commonwealth,1654,early_modern,revolution,Eastern Europe,Polish-Lithuanian Commonwealth,CHR-EAR-1432,2260.5,0.653,0.346,0.6643,0.424,52.2,0.473,28.9,35.1,0.3064,42.6,17.6,0.3596,0.4375,0.318,0,0.2586,0.2141,0.2456,-0.2234,0.6704,0.7017,0.651369,RMD,BRACKET_MEDIUM,false,true,0.7009875,0.5014119,0.8144169600000001,,0.4039,false
EVT-EAR-1433,Synod Monotheistic Mandate in Polish-Lithuanian Commonwealth,1761,early_modern,religious,Eastern Europe,Polish-Lithuanian Commonwealth,CHR-EAR-1433,1488.9,0.588,0.216,0.5237,0.651,23.4,0.4425,32.1,40.7,0.3745,27.6,10.9,0.2947,0.3953,0.4687,0.3601,0.5115,0.3174,0.4106,-0.0779,0.2835,0.5418,0.627248,CMN,BRACKET_BASE,false,true,0.4862223,0.39182052,0.464271,,0.2875,false
EVT-EAR-1434,Territorial Rupture of Kingdom of France (Bourbon),1527,early_modern,collapse,Western Europe,Kingdom of France (Bourbon),CHR-EAR-1434,1386.1,0.643,0.551,0.3801,0.313,53.2,0.4225,36.6,40.8,0.4236,45.8,19.1,0.3723,0.5471,0.4475,0.1167,0.1471,0.29,0.3097,-0.2571,0.5093,0.7122,0.459564,CMN,BRACKET_BASE,false,true,0.75343052,0.5048984,0.82207216,,0.3967,false
EVT-EAR-1435,Peasant Rebellion against Ming & Qing Dynasties,1651,early_modern,revolution,East Asia,Ming & Qing Dynasties,CHR-EAR-1435,986.3,0.468,0.709,0.2821,0.586,35.3,0.4695,34.7,42.3,0.4121,91.2,23.4,0.4437,0.4389,0.328,0.1031,0.2602,0.4857,0.3232,0.0468,0.4535,0.5941,0.57146,CMN,BRACKET_BASE,false,true,0.47570353,0.39700070000000004,0.44472439999999996,,0.4031,false
EVT-EAR-1436,Monastic Network Expansion of Spanish Empire,1650,early_modern,religious,Iberia / Americas,Spanish Empire,CHR-EAR-1436,1433.4,0.65,0.164,0.5064,0.567,52.6,0.5465,29.6,33,0.3014,71.4,11.9,0.3684,0.4176,0.453,0.3432,0.5078,0.2692,0.3982,-0.1484,0.235,0.5657,0.597789,CMN,BRACKET_BASE,false,true,0.69534509,0.562125,0.7667499999999999,,0.3005,true
EVT-EAR-1437,Radical Assembly Schism in Ming & Qing Dynasties,1544,early_modern,revolution,East Asia,Ming & Qing Dynasties,CHR-EAR-1437,2397.6,0.588,0.775,0.5905,0.67,20,0.435,28.5,32.4,0.2859,28.5,21.9,0.352,0.4777,0.3587,0.0059,0.2704,0.1626,0.2551,-0.3151,0.4726,0.7216,0.591561,CMN,BRACKET_BASE,false,true,0.57804144,0.40104671999999997,0.57696912,,0.4064,false
EVT-EAR-1438,Palatial Collapse of Ming & Qing Dynasties,1625,early_modern,collapse,East Asia,Ming & Qing Dynasties,CHR-EAR-1438,1134,0.633,0.553,0.3175,0.732,40.2,0.567,33.7,40.7,0.3917,18.6,14.4,0.2836,0.454,0.387,0.1481,0.2259,0.1078,0.2646,-0.3462,0.7649,0.8167,0.676412,RMD,BRACKET_MEDIUM,false,true,0.56103738,0.39499596000000003,0.6073666200000001,,0.3566,false
EVT-EAR-1439,Secular Legal Separation in Kingdom of France (Bourbon),1717,early_modern,religious,Western Europe,Kingdom of France (Bourbon),CHR-EAR-1439,1671,0.525,0.75,0.4294,0.42,29.4,0.357,38.1,35.1,0.4055,83.7,8.1,0.361,0.417,0.4167,0.2982,0.38,0.3382,0.37,-0.0788,0.5375,0.6281,0.551244,CMN,BRACKET_BASE,false,true,0.64544264,0.52427466,0.7356265,,0.2887,true
EVT-EAR-1440,Maritime Trade Hub Expansion in Portuguese Empire,1650,early_modern,economic,Atlantic / Indian Ocean,Portuguese Empire,CHR-EAR-1440,1037.9,0.53,0.389,0.3728,0.798,50.9,0.6535,36,37.8,0.3991,32.2,10.7,0.3048,0.4818,0.4066,0.3031,0.4693,0.594,0.451,0.1122,0.3838,0.5727,0.410339,CMN,BRACKET_BASE,false,true,0.61119091,0.54241676,0.60684898,,0.3703,false
EVT-EAR-1441,Synod Monotheistic Mandate in Ming & Qing Dynasties,1695,early_modern,religious,East Asia,Ming & Qing Dynasties,CHR-EAR-1441,1609.6,0.71,0.249,0.5083,0.801,25.9,0.53,32.7,32.2,0.33,92.3,13.9,0.397,0.4164,0.3834,0.2105,0.2977,0.5469,0.371,0.1305,0.2649,0.5615,0.810432,RMD,BRACKET_HIGH,true,false,0.37707007,0.39297576,0.3913124,,0.3835,false
EVT-EAR-1442,Administrative Codification of Dutch Republic,1583,early_modern,transformation,Northwestern Europe,Dutch Republic,CHR-EAR-1442,1885.9,0.492,0.72,0.5037,0.653,27.9,0.466,32.5,41.5,0.3836,70.1,18.1,0.3981,0.332,0.4033,0.2856,0.4116,0.5296,0.3924,0.1976,0.2215,0.5891,0.69423,RMD,BRACKET_MEDIUM,false,false,0.6017480799999999,0.53436942,0.52797244,,0.3294,false
EVT-EAR-1443,Dynastic Disintegration of Ottoman Empire,1526,early_modern,collapse,Southeast Europe / Near East,Ottoman Empire,CHR-EAR-1443,1353.9,0.679,0.507,0.3742,0.757,37.2,0.5645,30.5,38.1,0.3417,88.4,12.8,0.3884,0.5449,0.4286,0.1875,0.2119,0.2284,0.3203,-0.3165,0.4603,0.7239,0.493689,CMN,BRACKET_BASE,false,true,0.74165392,0.49295709000000004,0.8303744,,0.3548,false
EVT-EAR-1444,Treaty System Implementation across Portuguese Empire,1720,early_modern,transformation,Atlantic / Indian Ocean,Portuguese Empire,CHR-EAR-1444,2281.8,0.645,0.577,0.6029,0.514,13.2,0.323,31.5,35.9,0.3392,81.3,12.3,0.3798,0.3456,0.3982,0.2656,0.4284,0.4858,0.3847,0.1402,0.1231,0.5467,0.522898,CMN,BRACKET_BASE,false,true,0.63686515,0.46762445999999996,0.51282432,,0.332,false
EVT-EAR-1445,Educational Charter of Portuguese Empire,1729,early_modern,transformation,Atlantic / Indian Ocean,Portuguese Empire,CHR-EAR-1445,1701.7,0.68,0.812,0.3722,0.338,23.8,0.288,34.1,40.2,0.393,62.6,10.2,0.3504,0.2987,0.3209,0.2378,0.4812,0.625,0.3927,0.3263,0.2828,0.7189,0.663796,RMD,BRACKET_MEDIUM,false,true,0.52132302,0.54601668,0.5200832000000001,,0.3581,false
EVT-EAR-1446,Strategic Siege of Portuguese Empire,1504,early_modern,war,Atlantic / Indian Ocean,Portuguese Empire,CHR-EAR-1446,2114.9,0.504,0.439,0.6435,0.696,49,0.593,28.6,39.7,0.3308,78.2,18.9,0.41,0.4551,0.3409,0.0556,0.1654,0.2346,0.2503,-0.2205,0.478,0.6335,0.486691,CMN,BRACKET_BASE,false,true,0.6988465000000001,0.50579,0.8071456499999999,,0.3923,false
EVT-EAR-1447,Secular Legal Separation in Ming & Qing Dynasties,1685,early_modern,religious,East Asia,Ming & Qing Dynasties,CHR-EAR-1447,1261.2,0.463,0.43,0.4382,0.812,40.3,0.6075,41,33.1,0.4248,41.3,18.8,0.3633,0.4235,0.4662,0.3213,0.4423,0.4624,0.4231,0.0389,0.3785,0.5251,0.640674,RMD,BRACKET_MEDIUM,false,true,0.59341932,0.5295326,0.64835763,,0.3172,false
EVT-EAR-1448,Astronomical Standardization by Spanish Empire,1576,early_modern,technological,Iberia / Americas,Spanish Empire,CHR-EAR-1448,994.1,0.478,0.74,0.2718,0.811,47.1,0.641,38.4,42.8,0.455,68.1,10.5,0.358,0.3772,0.4337,0.5201,0.5849,0.5065,0.4845,0.1293,0.1906,0.5423,0.45683,CMN,BRACKET_BASE,false,true,0.61932006,0.4766040000000001,0.66452995,,0.2741,false
EVT-EAR-1449,Civic Restoration Revolt in British Empire (Early),1584,early_modern,revolution,British Isles / Global,British Empire (Early),CHR-EAR-1449,1813.9,0.716,0.738,0.4125,0.528,27.9,0.4035,36.1,32.9,0.3708,54.5,19.7,0.3879,0.429,0.2542,0,0.2145,0.467,0.2729,0.038,0.6261,0.629,0.420004,CMN,BRACKET_BASE,false,true,0.7579429199999999,0.5045232000000001,0.67094436,,0.401,false
EVT-EAR-1450,Pantheon Reformation of Kingdom of France (Bourbon),1696,early_modern,religious,Western Europe,Kingdom of France (Bourbon),CHR-EAR-1450,1815.6,0.514,0.273,0.6131,0.658,41.7,0.5375,34.9,34.2,0.3657,33.2,15.6,0.3315,0.4915,0.4611,0.3664,0.4995,0.4643,0.4566,-0.0272,0.2375,0.4766,0.697448,RMD,BRACKET_MEDIUM,false,false,0.33860831999999996,0.521972,0.63957328,,0.3089,false
EVT-EAR-1451,Fiscal Default Crisis in Polish-Lithuanian Commonwealth,1667,early_modern,collapse,Eastern Europe,Polish-Lithuanian Commonwealth,CHR-EAR-1451,1179.4,0.492,0.16,0.4894,0.247,28.7,0.267,28,40.6,0.3298,34.9,17.3,0.3436,0.4373,0.3547,0,0.0505,0.0281,0.1741,-0.4092,0.6804,0.8581,0.669981,RMD,BRACKET_MEDIUM,false,true,0.6767264199999999,0.47997826,0.83748374,,0.3755,false
EVT-EAR-1452,Temple Bureaucracy Reorganization of Kingdom of France (Bourbon),1628,early_modern,religious,Western Europe,Kingdom of France (Bourbon),CHR-EAR-1452,1813.9,0.451,0.416,0.5886,0.689,48.2,0.5855,29.9,37,0.3286,91.6,12.3,0.3885,0.4418,0.4127,0.2983,0.4712,0.6612,0.457,0.2194,0.546,0.6596,0.886577,RMD,BRACKET_HIGH,true,false,0.31628354999999997,0.40134367000000004,0.4119099,,0.3732,false
EVT-EAR-1453,Systemic Governance Breakdown in Portuguese Empire,1800,early_modern,collapse,Atlantic / Indian Ocean,Portuguese Empire,CHR-EAR-1453,851.8,0.628,0.158,0.3647,0.291,44.2,0.3665,41.2,40.9,0.4737,51,23.3,0.4011,0.5383,0.4825,0.1681,0.2412,0.1582,0.3177,-0.3801,0.423,0.7603,0.63354,RMD,BRACKET_MEDIUM,false,true,0.510265,0.40458886,0.59729112,,0.3666,false
EVT-EAR-1454,Sanitation & Medical Breakthrough in Spanish Empire,1595,early_modern,technological,Iberia / Americas,Spanish Empire,CHR-EAR-1454,1893.1,0.529,0.897,0.4414,0.633,50.8,0.5705,35.6,34.2,0.3732,73.8,17.2,0.3973,0.3542,0.3957,0.4694,0.57,0.4922,0.4563,0.138,0.2755,0.5656,0.60288,CMN,BRACKET_BASE,false,true,0.52373112,0.5497500000000001,0.721,,0.2749,true
EVT-EAR-1455,Urban Quarantine Emergency in Mughal Empire,1645,early_modern,pandemic,South Asia,Mughal Empire,CHR-EAR-1455,1228.6,0.761,0.109,0.4367,0.703,14.7,0.425,37.8,41,0.4377,73.5,20.9,0.4155,0.4881,0.4238,0.138,0.2634,0.19,0.3007,-0.2981,0.6124,0.7492,0.701037,RMD,BRACKET_HIGH,false,false,0.50657319,0.38736573,0.57160104,,0.3613,false
EVT-EAR-1456,Orthodoxy & Heresy Trial Wave in Ottoman Empire,1777,early_modern,religious,Southeast Europe / Near East,Ottoman Empire,CHR-EAR-1456,2264.4,0.473,0.579,0.6494,0.815,16.9,0.492,39.1,38.6,0.4373,52,20.9,0.3905,0.4708,0.4429,0.3261,0.4749,0.5312,0.4492,0.0604,0.4403,0.5359,0.665216,RMD,BRACKET_MEDIUM,false,true,0.31981294000000005,0.3754751,0.42401226999999997,,0.3426,false
EVT-EAR-1457,Astronomical Standardization by Tokugawa Shogunate,1776,early_modern,technological,Japan,Tokugawa Shogunate,CHR-EAR-1457,1362.2,0.421,0.765,0.3764,0.538,19.2,0.365,29.5,37.2,0.3255,50,14.3,0.3547,0.3057,0.3544,0.4169,0.5148,0.6049,0.4393,0.2992,0.3263,0.7131,0.473644,CMN,BRACKET_BASE,false,true,0.65209984,0.4755445199999999,0.5781403499999999,,0.316,false
EVT-EAR-1458,Decentralization Wave across Ming & Qing Dynasties,1635,early_modern,collapse,East Asia,Ming & Qing Dynasties,CHR-EAR-1458,937.6,0.433,0.411,0.3694,0.303,48.3,0.393,40.2,40.2,0.4587,54.2,16.4,0.371,0.5107,0.4437,0.1166,0.1861,0.0778,0.267,-0.4329,0.5112,0.8084,0.628693,CMN,BRACKET_BASE,false,true,0.69443504,0.589,0.999625,,0.375,true
EVT-EAR-1459,Maritime Trade Hub Expansion in Ottoman Empire,1774,early_modern,economic,Southeast Europe / Near East,Ottoman Empire,CHR-EAR-1459,1344,0.485,0.613,0.3981,0.23,14.4,0.187,32.4,36.4,0.3519,46.5,15.1,0.3534,0.3932,0.3664,0.1476,0.296,0.1673,0.2741,-0.2259,0.4447,0.7226,0.423986,CMN,BRACKET_BASE,false,true,0.5958507500000001,0.44938610999999995,0.72942843,,0.3403,false
EVT-EAR-1460,Borderlands Pacification of Tokugawa Shogunate,1649,early_modern,war,Japan,Tokugawa Shogunate,CHR-EAR-1460,1035.1,0.48,0.325,0.4063,0.526,47.9,0.5025,38.3,32.3,0.3909,24.4,8.5,0.2737,0.4069,0.3236,0.0214,0.1121,0.1609,0.205,-0.246,0.6433,0.7287,0.699678,RMD,BRACKET_MEDIUM,false,false,0.50985108,0.38483753,0.54555522,,0.385,false
EVT-EAR-1461,Civic Restoration Revolt in Ottoman Empire,1501,early_modern,revolution,Southeast Europe / Near East,Ottoman Empire,CHR-EAR-1461,1657.9,0.513,0.564,0.4854,0.656,27,0.463,33.8,36.4,0.367,22.8,19.8,0.3253,0.5085,0.3465,0.0051,0.2456,0.2432,0.2698,-0.2653,0.6585,0.7406,0.642528,RMD,BRACKET_MEDIUM,false,true,0.54232962,0.4071925,0.5677452000000001,,0.4049,false
EVT-EAR-1462,Radical Assembly Schism in Ottoman Empire,1528,early_modern,revolution,Southeast Europe / Near East,Ottoman Empire,CHR-EAR-1462,1276.2,0.546,0.877,0.2831,0.394,40.7,0.4005,34.1,33.6,0.3534,94.8,18.5,0.422,0.4301,0.2889,0,0.108,0.0819,0.1818,-0.3482,0.5753,0.8063,0.388263,CMN,BRACKET_BASE,false,true,0.8490861599999999,0.5496556100000001,0.8690235600000001,,0.3803,true
EVT-EAR-1463,Fiscal Default Crisis in Kingdom of France (Bourbon),1507,early_modern,collapse,Western Europe,Kingdom of France (Bourbon),CHR-EAR-1463,1732.4,0.71,0.65,0.4197,0.293,32.2,0.3075,33.8,35.6,0.3622,75.6,18.4,0.4051,0.4637,0.3787,0.054,0.1092,0.2586,0.2528,-0.2051,0.8025,0.778,0.684176,RMD,BRACKET_MEDIUM,false,false,0.4913907,0.39144816,0.5362484,,0.3977,false
EVT-EAR-1464,Provincial Autonomy Insurgency against Kingdom of France (Bourbon),1516,early_modern,revolution,Western Europe,Kingdom of France (Bourbon),CHR-EAR-1464,1482.7,0.753,0.461,0.3991,0.582,37.1,0.4765,41.9,42,0.4878,69.2,21.4,0.4137,0.4489,0.3058,0.0665,0.2234,0.6376,0.3364,0.1887,0.4343,0.636,0.62908,CMN,BRACKET_BASE,false,true,0.47342399999999996,0.43282497,0.4496616,,0.3896,false
EVT-EAR-1465,Epidemic Fever Outbreak across Polish-Lithuanian Commonwealth,1682,early_modern,pandemic,Eastern Europe,Polish-Lithuanian Commonwealth,CHR-EAR-1465,1355.8,0.51,0.151,0.5322,0.731,44.7,0.589,29.4,42.3,0.355,45.2,19,0.3709,0.5409,0.4812,0.1056,0.2273,0.4558,0.3622,-0.0851,0.7447,0.6407,0.604432,CMN,BRACKET_BASE,false,true,0.5362123,0.41727858,0.52324048,,0.4083,false
EVT-EAR-1466,Caravan Route Pestilence in British Empire (Early),1784,early_modern,pandemic,British Isles / Global,British Empire (Early),CHR-EAR-1466,931.3,0.484,0.71,0.2628,0.669,15.7,0.413,33.1,36.2,0.3583,45.2,22.7,0.3894,0.3824,0.354,0,0.2481,0.0978,0.2165,-0.2846,0.854,0.8421,0.634193,RMD,BRACKET_MEDIUM,false,true,0.8141587800000001,0.54292281,0.84854704,,0.3908,false
EVT-EAR-1467,Maritime Hegemony Clash in Dutch Republic,1577,early_modern,war,Northwestern Europe,Dutch Republic,CHR-EAR-1467,1762.8,0.559,0.699,0.4582,0.362,54.4,0.453,30,33.8,0.3105,28.2,23.4,0.3587,0.431,0.3877,0.118,0.184,0.3184,0.2878,-0.1126,0.479,0.6273,0.702579,RMD,BRACKET_HIGH,false,false,0.51422589,0.55191384,0.75762344,,0.3828,false
EVT-EAR-1468,Urban Quarantine Emergency in Ming & Qing Dynasties,1702,early_modern,pandemic,East Asia,Ming & Qing Dynasties,CHR-EAR-1468,1897.9,0.622,0.761,0.4555,0.276,21.5,0.2455,28.2,40,0.3283,33.9,16,0.335,0.4169,0.3808,0,0.1426,0.2335,0.2348,-0.1834,0.9024,0.8002,0.804178,RMD,BRACKET_HIGH,true,false,0.49841743,0.39010639999999996,0.5287546200000001,,0.4012,false
EVT-EAR-1469,Guild Monopoly Reform in Polish-Lithuanian Commonwealth,1513,early_modern,economic,Eastern Europe,Polish-Lithuanian Commonwealth,CHR-EAR-1469,927.7,0.606,0.408,0.3159,0.535,19,0.3625,31.3,39.8,0.3605,55.6,14.3,0.3623,0.3198,0.2977,0.1613,0.3145,0.3423,0.2871,0.0225,0.4518,0.5993,0.520209,CMN,BRACKET_BASE,false,true,0.61345191,0.36723248999999997,0.43274364000000004,,0.3404,false
EVT-EAR-1470,Territorial Rupture of Safavid Empire,1784,early_modern,collapse,Persia,Safavid Empire,CHR-EAR-1470,1201.2,0.727,0.171,0.4212,0.709,28.6,0.4975,30.1,38,0.3368,44.2,12,0.3342,0.5127,0.446,0.1708,0.2219,0.227,0.3157,-0.2857,0.7405,0.7811,0.712874,RMD,BRACKET_HIGH,false,false,0.72663154,0.55089573,0.8726596100000001,,0.3539,false
EVT-EAR-1471,Treaty System Implementation across Portuguese Empire,1748,early_modern,transformation,Atlantic / Indian Ocean,Portuguese Empire,CHR-EAR-1471,1334.7,0.44,0.143,0.5502,0.755,22.3,0.489,31.1,39.3,0.3553,87.1,15.7,0.4018,0.3471,0.4083,0.2954,0.484,0.6596,0.4389,0.3125,0.1817,0.635,0.715448,RMD,BRACKET_HIGH,false,false,0.43028088000000003,0.5486828,0.50031799,,0.3548,false
EVT-EAR-1472,Pantheon Reformation of Mughal Empire,1692,early_modern,religious,South Asia,Mughal Empire,CHR-EAR-1472,1672.6,0.721,0.197,0.5369,0.439,15.5,0.297,29.4,36.5,0.3202,78.3,23.9,0.4351,0.3943,0.3712,0.268,0.321,0.4793,0.3668,0.085,0.3132,0.5811,0.591197,CMN,BRACKET_BASE,false,true,0.60048992,0.5195124,0.59610298,,0.3379,false
EVT-EAR-1473,Dynastic Disintegration of Portuguese Empire,1797,early_modern,collapse,Atlantic / Indian Ocean,Portuguese Empire,CHR-EAR-1473,1053.1,0.769,0.497,0.2726,0.749,25.4,0.5015,38.7,40.3,0.4432,23.5,19,0.3235,0.467,0.4134,0.0809,0.1286,0.1662,0.2512,-0.3008,0.4943,0.7334,0.589753,CMN,BRACKET_BASE,false,true,0.59014281,0.40500096,0.57934187,,0.3747,false
EVT-EAR-1474,Agrarian Insurgency in Portuguese Empire,1685,early_modern,revolution,Atlantic / Indian Ocean,Portuguese Empire,CHR-EAR-1474,1067.4,0.595,0.178,0.4242,0.784,46.5,0.6245,34.6,39.1,0.3918,66.6,16.1,0.3844,0.515,0.4346,0.1688,0.4292,0.6954,0.4486,0.1804,0.7786,0.706,0.502838,CMN,BRACKET_BASE,false,true,0.68857614,0.5183437000000001,0.68885523,,0.3973,false
EVT-EAR-1475,Palatial Collapse of Portuguese Empire,1647,early_modern,collapse,Atlantic / Indian Ocean,Portuguese Empire,CHR-EAR-1475,1406,0.719,0.587,0.3517,0.762,28.1,0.5215,34.4,35.9,0.3705,49.4,9.3,0.3288,0.5259,0.4403,0.0603,0.1031,0.1226,0.2504,-0.4033,0.5848,0.8074,0.531545,CMN,BRACKET_BASE,false,true,0.80845,0.58090075,0.9098775000000001,,0.3802,false
EVT-EAR-1476,Harbor Incursion Sickness in Portuguese Empire,1706,early_modern,pandemic,Atlantic / Indian Ocean,Portuguese Empire,CHR-EAR-1476,1741.8,0.73,0.106,0.5793,0.617,21.8,0.4175,31.5,37.1,0.3464,54,14.4,0.3607,0.4535,0.4217,0.0641,0.2128,0.2102,0.2725,-0.2433,0.8357,0.7688,0.376939,CMN,BRACKET_BASE,false,true,0.8487410000000001,0.50027625,0.8350694999999999,,0.3859,false
EVT-EAR-1477,Radical Assembly Schism in British Empire (Early),1655,early_modern,revolution,British Isles / Global,British Empire (Early),CHR-EAR-1477,1749.6,0.508,0.457,0.5427,0.355,38.9,0.372,31.2,38,0.3486,21.8,16.8,0.3071,0.4204,0.2511,0,0.1127,0.308,0.2184,-0.1124,0.3691,0.5935,0.557214,CMN,BRACKET_BASE,false,true,0.7605506599999999,0.581,0.794625,,0.4064,true
EVT-EAR-1478,Provincial Autonomy Insurgency against Tsardom & Russian Empire,1616,early_modern,revolution,Northern Eurasia,Tsardom & Russian Empire,CHR-EAR-1478,1169.6,0.453,0.5,0.3966,0.296,43.3,0.3645,29.2,39.6,0.3367,63.5,9.8,0.3495,0.3929,0.2296,0,0.2196,0.0513,0.1787,-0.3416,0.5678,0.7917,0.587808,CMN,BRACKET_BASE,false,true,0.7755075999999999,0.50491003,0.8712348400000001,,0.3786,true
EVT-EAR-1479,Judicial Standard Reform in Polish-Lithuanian Commonwealth,1519,early_modern,transformation,Eastern Europe,Polish-Lithuanian Commonwealth,CHR-EAR-1479,2301.2,0.722,0.288,0.6715,0.7,38.8,0.544,29.8,39.6,0.3431,54.6,14.5,0.362,0.4009,0.4523,0.332,0.4614,0.5123,0.4318,0.1114,0.127,0.4881,0.873406,RMD,BRACKET_HIGH,true,false,0.23672704,0.37029916,0.35606479999999996,,0.3176,false
EVT-EAR-1480,Agrarian Insurgency in Mughal Empire,1782,early_modern,revolution,South Asia,Mughal Empire,CHR-EAR-1480,1308.9,0.48,0.808,0.332,0.332,47.4,0.403,29.3,33.6,0.3018,47.5,10.9,0.3339,0.3503,0.2702,0,0.174,0.4024,0.2394,0.0521,0.5659,0.6441,0.752204,RMD,BRACKET_HIGH,true,false,0.5590328,0.50668002,0.67649912,,0.405,false
EVT-EAR-1481,Orthodoxy & Heresy Trial Wave in Dutch Republic,1538,early_modern,religious,Northwestern Europe,Dutch Republic,CHR-EAR-1481,1644.1,0.688,0.866,0.3387,0.554,44.6,0.5,39.9,35.6,0.4279,23.5,17.7,0.317,0.3808,0.4275,0.2466,0.3216,0.5592,0.3871,0.1784,0.2397,0.5963,0.746115,RMD,BRACKET_HIGH,true,false,0.36234576,0.39116914999999997,0.37052799,,0.3694,false
EVT-EAR-1482,Radical Assembly Schism in Tsardom & Russian Empire,1691,early_modern,revolution,Northern Eurasia,Tsardom & Russian Empire,CHR-EAR-1482,1728.1,0.575,0.355,0.5476,0.515,28.6,0.4005,35.3,42.5,0.4198,89.4,20.8,0.4292,0.4832,0.3981,0.0752,0.1807,0.4397,0.3154,-0.0435,0.7614,0.6387,0.544508,CMN,BRACKET_BASE,false,true,0.8172954,0.5719139999999999,0.74805458,,0.4079,false
EVT-EAR-1483,Pantheon Reformation of Polish-Lithuanian Commonwealth,1664,early_modern,religious,Eastern Europe,Polish-Lithuanian Commonwealth,CHR-EAR-1483,1904.8,0.444,0.284,0.6538,0.445,54.7,0.496,34.7,32.9,0.3557,70.1,14.4,0.3796,0.5095,0.5689,0.4149,0.5108,0.7203,0.5449,0.2108,0.3831,0.6138,0.63703,RMD,BRACKET_MEDIUM,false,true,0.45508351999999996,0.3918321,0.3782436,,0.3559,false
EVT-EAR-1484,Grain Market Price Shock across Tsardom & Russian Empire,1584,early_modern,economic,Northern Eurasia,Tsardom & Russian Empire,CHR-EAR-1484,1002.9,0.5,0.838,0.2381,0.844,51.6,0.68,37.3,39.7,0.4245,24.4,14.4,0.3032,0.4664,0.3818,0.1656,0.2274,0.6059,0.3694,0.1395,0.5855,0.6503,0.738421,RMD,BRACKET_HIGH,true,false,0.41885688000000004,0.5011561800000001,0.63961155,,0.4049,false
EVT-EAR-1485,Pantheon Reformation of Kingdom of France (Bourbon),1505,early_modern,religious,Western Europe,Kingdom of France (Bourbon),CHR-EAR-1485,1235,0.66,0.279,0.4177,0.358,26.1,0.3095,31.2,36.4,0.339,33.1,17.4,0.3403,0.3428,0.3967,0.2095,0.2952,0.4475,0.3383,0.1047,0.3147,0.6053,0.794537,RMD,BRACKET_HIGH,true,false,0.48998096,0.38627519,0.40969212,,0.3529,false
EVT-EAR-1486,Silver Flotilla Currency Shock in Ming & Qing Dynasties,1568,early_modern,economic,East Asia,Ming & Qing Dynasties,CHR-EAR-1486,878.9,0.721,0.643,0.1983,0.316,52.5,0.4205,35.7,42.4,0.4235,56.7,10.9,0.3468,0.4026,0.3045,0.2011,0.2767,0.3676,0.3105,-0.035,0.4952,0.6164,0.526586,CMN,BRACKET_BASE,false,true,0.54318717,0.36987954,0.45578969999999996,,0.3483,false
EVT-EAR-1487,Pantheon Reformation of Dutch Republic,1742,early_modern,religious,Northwestern Europe,Dutch Republic,CHR-EAR-1487,886.7,0.636,0.61,0.2357,0.815,32.2,0.5685,29.5,38.9,0.3357,21.8,17,0.3081,0.3793,0.4456,0.3556,0.4852,0.441,0.4213,0.0617,0.4521,0.6054,0.571537,CMN,BRACKET_BASE,false,true,0.5498118,0.37210824000000003,0.42681936,,0.283,false
EVT-EAR-1488,Agrarian Insurgency in Safavid Empire,1545,early_modern,revolution,Persia,Safavid Empire,CHR-EAR-1488,1302.1,0.683,0.107,0.4797,0.721,21.6,0.4685,31,34.7,0.3267,77.8,10.5,0.3677,0.4647,0.3496,0.081,0.2733,0.6612,0.366,0.1965,0.754,0.7334,0.517528,CMN,BRACKET_BASE,false,true,0.7353923,0.611625,0.750875,,0.3876,false
EVT-EAR-1489,Fiscal Modernization in British Empire (Early),1611,early_modern,transformation,British Isles / Global,British Empire (Early),CHR-EAR-1489,1985.3,0.617,0.119,0.6722,0.402,24.1,0.3215,37.9,32.9,0.3902,27.1,23.8,0.3578,0.3676,0.4166,0.3474,0.4696,0.4946,0.4192,0.127,0.1173,0.5203,0.707899,RMD,BRACKET_HIGH,false,false,0.37175138,0.37771085,0.3547918,,0.2981,false
EVT-EAR-1490,Urban Quarantine Emergency in Safavid Empire,1702,early_modern,pandemic,Persia,Safavid Empire,CHR-EAR-1490,1825.7,0.594,0.874,0.4114,0.414,18.6,0.3,38.4,35.9,0.4136,90.6,8.2,0.3672,0.4215,0.3954,0.0551,0.2504,0.3132,0.2871,-0.1083,0.8822,0.7403,0.674468,RMD,BRACKET_MEDIUM,false,true,0.63177664,0.39241355,0.51946218,,0.3968,false
EVT-EAR-1491,Constitutional Reorganization of Ming & Qing Dynasties,1572,early_modern,transformation,East Asia,Ming & Qing Dynasties,CHR-EAR-1491,2340.7,0.595,0.382,0.6916,0.683,24.9,0.466,29.6,37.5,0.3284,18.6,11.9,0.2711,0.3372,0.3606,0.2309,0.4385,0.6421,0.4019,0.3049,0.1144,0.6003,0.834766,RMD,BRACKET_HIGH,true,false,0.31526016,0.40243084,0.33841728,,0.3748,false
EVT-EAR-1492,Silver Flotilla Currency Shock in Spanish Empire,1500,early_modern,economic,Iberia / Americas,Spanish Empire,CHR-EAR-1492,947.2,0.551,0.545,0.2963,0.84,36.9,0.6045,33.2,41.1,0.3888,25.2,21.2,0.3396,0.4593,0.383,0.2147,0.354,0.4193,0.3661,-0.04,0.3528,0.5464,0.559043,CMN,BRACKET_BASE,false,true,0.5285717,0.48913128,0.6849946,,0.3678,false
EVT-EAR-1493,Epidemic Fever Outbreak across Ottoman Empire,1659,early_modern,pandemic,Southeast Europe / Near East,Ottoman Empire,CHR-EAR-1493,1220.1,0.462,0.502,0.4063,0.434,39.4,0.414,30.5,39.5,0.3501,42.9,15.4,0.3491,0.4749,0.408,0.03,0.1448,0.2458,0.2607,-0.2291,0.6513,0.741,0.623145,CMN,BRACKET_BASE,false,true,0.86975,0.5822499999999999,0.9023749999999999,,0.4026,true
EVT-EAR-1494,Constitutional Reorganization of Polish-Lithuanian Commonwealth,1587,early_modern,transformation,Eastern Europe,Polish-Lithuanian Commonwealth,CHR-EAR-1494,1951.3,0.722,0.811,0.4243,0.581,14.8,0.3645,34.4,32.5,0.3501,86.4,13.9,0.3923,0.317,0.3551,0.2241,0.4625,0.6192,0.3956,0.3022,0.1924,0.6705,0.649894,RMD,BRACKET_MEDIUM,false,true,0.60739615,0.47395420000000005,0.48773819999999996,,0.37,false
EVT-EAR-1495,Bureaucratic Consolidation of Dutch Republic,1757,early_modern,transformation,Northwestern Europe,Dutch Republic,CHR-EAR-1495,1354.5,0.661,0.541,0.3696,0.413,22.2,0.3175,31.5,35.3,0.3356,55.5,17.5,0.3782,0.231,0.2963,0.189,0.4181,0.4851,0.3239,0.2541,0.2557,0.6777,0.780206,RMD,BRACKET_HIGH,true,false,0.4092829,0.37672316,0.33396615,,0.3425,false
EVT-EAR-1496,Epidemic Fever Outbreak across British Empire (Early),1761,early_modern,pandemic,British Isles / Global,British Empire (Early),CHR-EAR-1496,2004.3,0.689,0.349,0.5865,0.744,25.6,0.5,32.2,38.8,0.3642,49.1,20.8,0.3858,0.5488,0.4869,0.1858,0.3145,0.3787,0.3829,-0.1701,0.9206,0.7344,0.386423,CMN,BRACKET_BASE,false,true,0.85114995,0.57375,0.883375,,0.3871,false
EVT-EAR-1497,Territorial Rupture of Polish-Lithuanian Commonwealth,1582,early_modern,collapse,Eastern Europe,Polish-Lithuanian Commonwealth,CHR-EAR-1497,1793.6,0.616,0.303,0.5678,0.21,36.9,0.2895,41.2,38.7,0.4605,84.5,18.5,0.4136,0.4964,0.4238,0.0694,0.1625,0.0713,0.2447,-0.4251,0.5606,0.802,0.474627,CMN,BRACKET_BASE,false,true,0.70070546,0.590375,1,,0.3786,true
EVT-EAR-1498,Agrarian Insurgency in Tokugawa Shogunate,1793,early_modern,revolution,Japan,Tokugawa Shogunate,CHR-EAR-1498,966.1,0.524,0.263,0.3939,0.466,26.5,0.3655,30.1,41.9,0.3602,94.9,10.1,0.38,0.4247,0.3195,0.0034,0.1036,0.2263,0.2155,-0.1984,0.4513,0.682,0.545102,CMN,BRACKET_BASE,false,true,0.7563760199999999,0.56141176,0.7984008,,0.4009,true
EVT-EAR-1499,Military Coup d’État in Kingdom of France (Bourbon),1688,early_modern,revolution,Western Europe,Kingdom of France (Bourbon),CHR-EAR-1499,2270.5,0.663,0.254,0.6915,0.273,49.1,0.382,33.4,39.8,0.3831,66.4,8.9,0.3482,0.5177,0.3557,0.0291,0.2753,0.6239,0.3603,0.1062,0.3722,0.5619,0.640048,RMD,BRACKET_MEDIUM,false,true,0.64950702,0.641375,0.7615,,0.3979,false
EVT-EAR-1500,Silver Flotilla Currency Shock in Dutch Republic,1752,early_modern,economic,Northwestern Europe,Dutch Republic,CHR-EAR-1500,2274.6,0.722,0.594,0.5728,0.325,39.6,0.3605,37.3,38.2,0.4155,88.8,23.1,0.4402,0.472,0.3922,0.1271,0.2734,0.4117,0.3353,-0.0603,0.5264,0.5918,0.416272,CMN,BRACKET_BASE,false,true,0.88311597,0.577,0.804125,,0.3964,false
EVT-EAR-1501,Mechanical Power Harnessing in Dutch Republic,1676,early_modern,technological,Northwestern Europe,Dutch Republic,CHR-EAR-1501,1626.4,0.539,0.527,0.4806,0.639,18.1,0.41,39.1,36.1,0.4223,68.9,14.3,0.3779,0.3658,0.3889,0.467,0.5578,0.5742,0.4707,0.2084,0.3666,0.6373,0.593021,CMN,BRACKET_BASE,false,true,0.43947120000000006,0.38214275,0.43039672,,0.2897,false
EVT-EAR-1502,Astronomical Standardization by Polish-Lithuanian Commonwealth,1621,early_modern,technological,Eastern Europe,Polish-Lithuanian Commonwealth,CHR-EAR-1502,2009.5,0.477,0.284,0.6709,0.523,20.5,0.364,40,32.1,0.408,23.6,15,0.3038,0.3574,0.3959,0.4949,0.5954,0.6407,0.4969,0.2833,0.2173,0.6209,0.640302,RMD,BRACKET_MEDIUM,false,true,0.57712705,0.54052672,0.60324886,,0.3075,false
EVT-EAR-1503,Military Coup d’État in Ottoman Empire,1548,early_modern,revolution,Southeast Europe / Near East,Ottoman Empire,CHR-EAR-1503,1030.3,0.749,0.536,0.261,0.849,25.8,0.5535,28.7,35.6,0.3073,61.1,15.1,0.3732,0.4163,0.2385,0,0.2179,0.1959,0.2137,-0.2204,0.424,0.6867,0.512749,CMN,BRACKET_BASE,false,true,0.5862122,0.38893145999999995,0.52359384,,0.3969,false
EVT-EAR-1504,Provincial Autonomy Insurgency against Portuguese Empire,1608,early_modern,revolution,Atlantic / Indian Ocean,Portuguese Empire,CHR-EAR-1504,1087,0.435,0.718,0.3153,0.824,43.3,0.6285,35.2,38.8,0.3965,21.4,22.4,0.3337,0.4318,0.3433,0.0448,0.2417,0.3541,0.2831,-0.0777,0.473,0.5892,0.573934,CMN,BRACKET_BASE,false,true,0.5681400000000001,0.5673465,0.75593067,,0.4037,false
EVT-EAR-1505,Temple Bureaucracy Reorganization of Spanish Empire,1677,early_modern,religious,Iberia / Americas,Spanish Empire,CHR-EAR-1505,1449.2,0.573,0.688,0.3763,0.256,53.6,0.396,36,34.9,0.3817,57.7,17.6,0.3815,0.3887,0.4032,0.2138,0.3533,0.2582,0.3234,-0.1305,0.4415,0.6377,0.5494,CMN,BRACKET_BASE,false,true,0.6054006,0.38749581,0.5103592,,0.3186,false
EVT-EAR-1506,Peasant Rebellion against Portuguese Empire,1746,early_modern,revolution,Atlantic / Indian Ocean,Portuguese Empire,CHR-EAR-1506,1711,0.645,0.396,0.5099,0.347,18.1,0.264,30.8,38.3,0.3461,86.7,9.1,0.3685,0.409,0.2672,0,0.2063,0.5742,0.2913,0.1652,0.7657,0.7426,0.573065,CMN,BRACKET_BASE,false,true,0.58197888,0.41308768,0.452907,,0.3891,false
EVT-EAR-1507,Bureaucratic Consolidation of Polish-Lithuanian Commonwealth,1786,early_modern,transformation,Eastern Europe,Polish-Lithuanian Commonwealth,CHR-EAR-1507,2134.8,0.729,0.107,0.6808,0.275,16,0.2175,41.5,38.4,0.4619,21.8,9.3,0.2696,0.2893,0.3385,0.2216,0.3749,0.5495,0.3548,0.2602,0.3671,0.6583,0.495587,CMN,BRACKET_BASE,false,true,0.63062097,0.47638947,0.5264958,,0.3514,false
EVT-EAR-1508,Respiratory Virulence Wave across Dutch Republic,1695,early_modern,pandemic,Northwestern Europe,Dutch Republic,CHR-EAR-1508,1495.2,0.658,0.447,0.435,0.574,21.1,0.3925,35.8,37.6,0.3958,74.9,21.5,0.4199,0.5041,0.4394,0,0.1871,0.1285,0.2518,-0.3756,0.7234,0.8302,0.354359,CMN,BRACKET_BASE,false,true,0.85759161,0.58743,0.9096765,,0.403,false
EVT-EAR-1509,Astronomical Standardization by Safavid Empire,1673,early_modern,technological,Persia,Safavid Empire,CHR-EAR-1509,1281.9,0.542,0.484,0.4037,0.462,50.2,0.482,38.6,41.8,0.4511,36.5,12.8,0.3244,0.3237,0.3494,0.4016,0.4714,0.4622,0.4017,0.1385,0.1804,0.5494,0.665701,RMD,BRACKET_MEDIUM,false,true,0.5019693599999999,0.37100496,0.404327,,0.2689,false
EVT-EAR-1510,Harbor Incursion Sickness in Tsardom & Russian Empire,1722,early_modern,pandemic,Northern Eurasia,Tsardom & Russian Empire,CHR-EAR-1510,1248.5,0.514,0.285,0.4631,0.356,47.8,0.417,31.9,38,0.3562,68,22.5,0.4179,0.5034,0.4748,0.1897,0.3762,0.305,0.3698,-0.1984,0.6475,0.7136,0.626466,CMN,BRACKET_BASE,false,true,0.50155488,0.3932946,0.55691762,,0.3702,false
EVT-EAR-1511,Frontier Campaign of Ottoman Empire,1740,early_modern,war,Southeast Europe / Near East,Ottoman Empire,CHR-EAR-1511,2190.9,0.579,0.65,0.5773,0.2,41.4,0.307,37.4,32.1,0.38,25.6,15.3,0.3112,0.3576,0.2901,0.0358,0.0928,0.2044,0.1961,-0.1532,0.6252,0.6794,0.507535,CMN,BRACKET_BASE,false,true,0.63907146,0.3876831,0.51764625,,0.3789,false
EVT-EAR-1512,Treaty System Implementation across British Empire (Early),1700,early_modern,transformation,British Isles / Global,British Empire (Early),CHR-EAR-1512,1590.5,0.627,0.272,0.5214,0.59,21.2,0.401,31.5,41,0.3698,83.6,17,0.4054,0.3106,0.3789,0.261,0.4246,0.5142,0.3779,0.2036,0.2421,0.6066,0.594048,CMN,BRACKET_BASE,false,true,0.39421486,0.375892,0.34795645000000003,,0.3318,false
EVT-EAR-1513,Urban Quarantine Emergency in Ottoman Empire,1595,early_modern,pandemic,Southeast Europe / Near East,Ottoman Empire,CHR-EAR-1513,1508.4,0.539,0.846,0.3544,0.629,23.9,0.434,39.5,41.9,0.4614,63.2,16.5,0.3826,0.4545,0.426,0.1345,0.2533,0.4834,0.3503,0.0289,0.738,0.6426,0.28389,CMN,BRACKET_BASE,false,true,0.8811249999999999,0.57875,0.782625,,0.4008,false
EVT-EAR-1514,Constitutional Reorganization of Safavid Empire,1564,early_modern,transformation,Persia,Safavid Empire,CHR-EAR-1514,1086,0.483,0.203,0.4551,0.525,48.8,0.5065,32.2,40.1,0.372,23.2,22.1,0.3381,0.3221,0.3505,0.2633,0.4735,0.4574,0.3734,0.1353,0.1397,0.5379,0.591041,CMN,BRACKET_BASE,false,true,0.5959285500000001,0.47325012000000005,0.519057,,0.3205,false
EVT-EAR-1515,Metallurgical Innovation Surge in Ming & Qing Dynasties,1548,early_modern,technological,East Asia,Ming & Qing Dynasties,CHR-EAR-1515,1050.5,0.557,0.476,0.3418,0.663,24.2,0.4525,38.6,35.7,0.4145,76.4,14.4,0.3858,0.3249,0.3708,0.4166,0.5711,0.6905,0.4748,0.3656,0.3401,0.7311,0.642321,RMD,BRACKET_MEDIUM,false,true,0.49548211999999997,0.3883152,0.36063387,,0.3379,false
EVT-EAR-1516,Educational Charter of Tokugawa Shogunate,1623,early_modern,transformation,Japan,Tokugawa Shogunate,CHR-EAR-1516,2127.4,0.498,0.831,0.531,0.829,17.5,0.502,38,38.7,0.426,69.9,20.8,0.4114,0.4077,0.4702,0.3228,0.5046,0.7199,0.485,0.3122,0.2653,0.6461,0.757823,RMD,BRACKET_HIGH,true,false,0.36624,0.38692284000000005,0.3500112,,0.3702,false
EVT-EAR-1517,Harbor Incursion Sickness in Ming & Qing Dynasties,1516,early_modern,pandemic,East Asia,Ming & Qing Dynasties,CHR-EAR-1517,1550.2,0.75,0.252,0.4801,0.728,31.3,0.5205,35.7,36.2,0.3863,87.8,9.3,0.3704,0.5246,0.4606,0.0692,0.2837,0.293,0.3262,-0.2316,0.7108,0.7247,0.382244,CMN,BRACKET_BASE,false,true,0.8095121999999999,0.509903,0.83221852,,0.4026,false
EVT-EAR-1518,Palatial Collapse of Tokugawa Shogunate,1637,early_modern,collapse,Japan,Tokugawa Shogunate,CHR-EAR-1518,1355.2,0.773,0.114,0.4643,0.499,23.1,0.365,40.3,32.9,0.416,61.7,9.3,0.3449,0.547,0.4859,0.2293,0.3151,0.2103,0.3575,-0.3367,0.6718,0.793,0.622934,CMN,BRACKET_BASE,false,true,0.5216839400000001,0.39582654,0.6010900499999999,,0.3551,false
EVT-EAR-1519,Epidemic Fever Outbreak across Tsardom & Russian Empire,1651,early_modern,pandemic,Northern Eurasia,Tsardom & Russian Empire,CHR-EAR-1519,1186.7,0.554,0.562,0.3521,0.669,47.3,0.571,32.4,33.2,0.3327,73.6,20.8,0.4151,0.504,0.4254,0.1614,0.377,0.2516,0.3439,-0.2524,0.6231,0.7337,0.729622,RMD,BRACKET_HIGH,false,false,0.593625,0.568375,0.921125,,0.3752,true
EVT-EAR-1520,Military Coup d’État in Tsardom & Russian Empire,1649,early_modern,revolution,Northern Eurasia,Tsardom & Russian Empire,CHR-EAR-1520,2246.3,0.509,0.133,0.7677,0.586,44.6,0.516,35,41.8,0.4123,32.9,10.6,0.3059,0.5042,0.3545,0,0.2031,0.1694,0.2462,-0.3348,0.4461,0.6679,0.464803,CMN,BRACKET_BASE,false,true,0.6097415,0.41970318,0.6009894,,0.4042,false
EVT-EAR-1521,Mercantile Tariff Overhaul across British Empire (Early),1750,early_modern,economic,British Isles / Global,British Empire (Early),CHR-EAR-1521,1925.5,0.535,0.797,0.4779,0.711,36.5,0.538,33.9,32.9,0.3471,71,13.6,0.3765,0.4504,0.4011,0.1542,0.277,0.2594,0.3084,-0.191,0.2797,0.5986,0.604292,CMN,BRACKET_BASE,false,true,0.56431725,0.38690988,0.50433768,,0.36,false
EVT-EAR-1522,Secular Legal Separation in Tsardom & Russian Empire,1794,early_modern,religious,Northern Eurasia,Tsardom & Russian Empire,CHR-EAR-1522,2335.6,0.466,0.223,0.7767,0.319,13.5,0.227,30.1,33.8,0.3116,25.8,8.1,0.2758,0.3952,0.4083,0.2107,0.3458,0.2536,0.3227,-0.1416,0.3526,0.5973,0.755894,RMD,BRACKET_HIGH,true,false,0.6740567999999999,0.551125,0.7985,,0.3205,true
EVT-EAR-1523,Epidemic Fever Outbreak across Spanish Empire,1787,early_modern,pandemic,Iberia / Americas,Spanish Empire,CHR-EAR-1523,1289.2,0.513,0.775,0.3269,0.593,53.8,0.5655,35.5,42.2,0.4201,55.2,12,0.3503,0.4385,0.3638,0,0.1912,0.3395,0.2666,-0.099,0.85,0.6991,0.361604,CMN,BRACKET_BASE,false,true,0.9142589999999999,0.583,0.82575,,0.4073,false
EVT-EAR-1524,Guild Monopoly Reform in Spanish Empire,1583,early_modern,economic,Iberia / Americas,Spanish Empire,CHR-EAR-1524,1968.2,0.599,0.551,0.5436,0.426,37.4,0.4,36.6,41.2,0.426,78.3,12.5,0.3781,0.4385,0.3648,0.1232,0.2953,0.4408,0.3325,0.0023,0.4098,0.5283,0.693239,RMD,BRACKET_MEDIUM,false,false,0.59425,0.578375,0.749875,,0.3967,true
EVT-EAR-1525,Institutional Dissolution of Mughal Empire,1546,early_modern,collapse,South Asia,Mughal Empire,CHR-EAR-1525,1920.1,0.628,0.31,0.5948,0.334,46.2,0.398,38.9,34.4,0.4099,49.9,19.7,0.3815,0.5657,0.4667,0.0811,0.1559,0.2476,0.3034,-0.3181,0.4052,0.6927,0.50184,CMN,BRACKET_BASE,false,true,0.6049362,0.41986093,0.5812004700000001,,0.4007,false
EVT-EAR-1526,Maritime Trade Hub Expansion in Dutch Republic,1690,early_modern,economic,Northwestern Europe,Dutch Republic,CHR-EAR-1526,1424.4,0.51,0.124,0.558,0.547,12.4,0.3355,33.9,35.4,0.3621,57,8.8,0.3366,0.3908,0.324,0.1773,0.3294,0.2642,0.2971,-0.1266,0.4781,0.6295,0.403635,CMN,BRACKET_BASE,false,true,0.7226401599999999,0.5340312,0.7525902400000001,,0.3359,true
EVT-EAR-1527,Secular Legal Separation in Polish-Lithuanian Commonwealth,1732,early_modern,religious,Eastern Europe,Polish-Lithuanian Commonwealth,CHR-EAR-1527,1299,0.664,0.246,0.4429,0.74,12.5,0.4325,37.3,36.1,0.4029,27.6,11.5,0.2977,0.3592,0.3229,0.2409,0.4015,0.4279,0.3505,0.0687,0.4619,0.5908,0.335435,CMN,BRACKET_BASE,false,true,0.7103034500000001,0.5242001000000001,0.63433724,,0.3309,false
EVT-EAR-1528,Urban Quarantine Emergency in Kingdom of France (Bourbon),1786,early_modern,pandemic,Western Europe,Kingdom of France (Bourbon),CHR-EAR-1528,1069.5,0.442,0.133,0.4841,0.6,22.1,0.4105,33.6,36.8,0.3673,41.6,21,0.3748,0.4525,0.3728,0,0.105,0.1053,0.2071,-0.3472,0.9057,0.8546,0.568016,CMN,BRACKET_BASE,false,true,0.78877626,0.50062131,0.85408321,,0.3879,false
EVT-EAR-1529,Systemic Governance Breakdown in Dutch Republic,1515,early_modern,collapse,Northwestern Europe,Dutch Republic,CHR-EAR-1529,984.2,0.568,0.587,0.2881,0.656,40.8,0.532,34.6,37.6,0.3828,49,14.2,0.3527,0.4621,0.3922,0.0041,0.0856,0.1487,0.2185,-0.3134,0.634,0.7773,0.635142,RMD,BRACKET_MEDIUM,false,true,0.58410048,0.40973559000000004,0.5830864,,0.3973,false
EVT-EAR-1530,Grain Market Price Shock across Tokugawa Shogunate,1520,early_modern,economic,Japan,Tokugawa Shogunate,CHR-EAR-1530,1975.3,0.63,0.407,0.5793,0.714,43.6,0.575,39.4,39.5,0.4459,55.7,18.4,0.383,0.5469,0.4657,0.2863,0.4216,0.5927,0.4626,0.0458,0.3384,0.4993,0.607629,CMN,BRACKET_BASE,false,true,0.46084109999999995,0.39923078,0.43378217999999996,,0.3879,false
EVT-EAR-1531,Frontier Campaign of Ming & Qing Dynasties,1634,early_modern,war,East Asia,Ming & Qing Dynasties,CHR-EAR-1531,2388.3,0.706,0.896,0.5164,0.337,38.1,0.359,37.4,35.2,0.3986,18.3,18.5,0.3029,0.4226,0.3814,0.064,0.2523,0.215,0.2671,-0.2076,0.6107,0.7037,0.752891,RMD,BRACKET_HIGH,true,false,0.5285826,0.39031338,0.54736847,,0.3845,false
EVT-EAR-1532,Systemic Governance Breakdown in Safavid Empire,1638,early_modern,collapse,Persia,Safavid Empire,CHR-EAR-1532,1384.9,0.653,0.561,0.3738,0.805,27.5,0.54,29.2,41.6,0.3487,85.6,15.9,0.4016,0.5329,0.4778,0.1618,0.1893,0.2876,0.3299,-0.2453,0.6651,0.7394,0.539941,CMN,BRACKET_BASE,false,true,0.68330696,0.57237099,0.87434222,,0.38,false
EVT-EAR-1533,Administrative Codification of Polish-Lithuanian Commonwealth,1513,early_modern,transformation,Eastern Europe,Polish-Lithuanian Commonwealth,CHR-EAR-1533,1503.9,0.471,0.454,0.4912,0.845,53.9,0.692,29,41.8,0.3477,61.2,11.7,0.3563,0.4083,0.4649,0.3403,0.5407,0.5359,0.458,0.1276,0.2916,0.5422,0.677766,RMD,BRACKET_MEDIUM,false,true,0.3871125,0.46617559999999997,0.55252692,,0.3253,false
EVT-EAR-1534,Pantheon Reformation of Spanish Empire,1667,early_modern,religious,Iberia / Americas,Spanish Empire,CHR-EAR-1534,1721.9,0.658,0.355,0.5211,0.397,29,0.3435,28.9,36,0.3118,63.6,21.6,0.4086,0.4016,0.4792,0.3141,0.4526,0.4769,0.4249,0.0753,0.5466,0.6309,0.803206,RMD,BRACKET_HIGH,true,false,0.36312157,0.37019567999999997,0.4312158,,0.3203,false
EVT-EAR-1535,Silver Flotilla Currency Shock in Portuguese Empire,1655,early_modern,economic,Atlantic / Indian Ocean,Portuguese Empire,CHR-EAR-1535,1281.4,0.446,0.496,0.4287,0.711,50.9,0.61,33.3,42.6,0.3988,89,8.7,0.3684,0.4817,0.4051,0.2724,0.4381,0.2542,0.3703,-0.2275,0.4503,0.6498,0.618857,CMN,BRACKET_BASE,false,true,0.5579281500000001,0.5377857,0.79451232,,0.3357,false
EVT-EAR-1536,Maritime Hegemony Clash in Ottoman Empire,1517,early_modern,war,Southeast Europe / Near East,Ottoman Empire,CHR-EAR-1536,1374.9,0.618,0.301,0.4598,0.477,39.3,0.435,30.9,32.2,0.3106,76.6,15.4,0.391,0.3821,0.2835,0,0.1912,0.149,0.2012,-0.2331,0.3276,0.657,0.694706,RMD,BRACKET_MEDIUM,false,false,0.70898213,0.566125,0.8455,,0.3885,true
EVT-EAR-1537,Monastic Network Expansion of Spanish Empire,1700,early_modern,religious,Iberia / Americas,Spanish Empire,CHR-EAR-1537,1688.3,0.483,0.126,0.6336,0.305,34.1,0.323,40.9,40.6,0.4687,33.9,15.7,0.3335,0.4737,0.4954,0.4102,0.4826,0.4688,0.4661,-0.0049,0.5292,0.5512,0.479222,CMN,BRACKET_BASE,false,true,0.6235008,0.5345,0.740875,,0.2676,true
EVT-EAR-1538,Agrarian Restructuring of British Empire (Early),1577,early_modern,transformation,British Isles / Global,British Empire (Early),CHR-EAR-1538,1740.7,0.694,0.776,0.3889,0.223,47.2,0.3475,37.5,35.1,0.3991,77,10,0.3644,0.2567,0.334,0.2134,0.3426,0.4152,0.3124,0.1585,0.3035,0.6211,0.573758,CMN,BRACKET_BASE,false,true,0.65130912,0.45154637999999997,0.5291709,,0.3188,false
EVT-EAR-1539,Systemic Governance Breakdown in Tokugawa Shogunate,1596,early_modern,collapse,Japan,Tokugawa Shogunate,CHR-EAR-1539,1947.4,0.513,0.253,0.6534,0.334,35.1,0.3425,40.6,36,0.4378,59.1,14.2,0.3663,0.5853,0.5186,0.1246,0.1828,0.3859,0.3594,-0.1994,0.6344,0.6812,0.529851,CMN,BRACKET_BASE,false,true,0.52568602,0.4301514,0.56992122,,0.4084,false
EVT-EAR-1540,Navigational Instrument Reform in Dutch Republic,1773,early_modern,technological,Northwestern Europe,Dutch Republic,CHR-EAR-1540,1628.7,0.715,0.877,0.3234,0.247,33.9,0.293,29.8,40.6,0.3491,28.7,15.1,0.3185,0.2435,0.2914,0.3421,0.4119,0.4512,0.348,0.2077,0.2274,0.6542,0.650498,RMD,BRACKET_MEDIUM,false,true,0.4510786,0.36559739999999996,0.39446214999999996,,0.2888,false
EVT-EAR-1541,Silver Flotilla Currency Shock in Ottoman Empire,1631,early_modern,economic,Southeast Europe / Near East,Ottoman Empire,CHR-EAR-1541,1795.4,0.737,0.357,0.5158,0.709,38.7,0.548,36.3,33.5,0.3765,49.2,12,0.342,0.5179,0.4832,0.2973,0.3871,0.4571,0.4285,-0.0608,0.4766,0.5659,0.526383,CMN,BRACKET_BASE,false,true,0.6281342999999999,0.47650735000000005,0.6995109,,0.3521,false
EVT-EAR-1542,Dynastic Disintegration of Safavid Empire,1581,early_modern,collapse,Persia,Safavid Empire,CHR-EAR-1542,1344.2,0.728,0.408,0.3867,0.279,15.4,0.2165,40.7,37,0.4449,48.8,18,0.3714,0.4241,0.3289,0.0593,0.0933,0.0011,0.1813,-0.423,0.7777,0.8956,0.391778,CMN,BRACKET_BASE,false,true,0.85324582,0.5435121,0.9005100000000001,,0.3706,false
EVT-EAR-1543,Borderlands Pacification of Ming & Qing Dynasties,1590,early_modern,war,East Asia,Ming & Qing Dynasties,CHR-EAR-1543,1435.6,0.772,0.1,0.4895,0.789,29.1,0.54,36.6,38.3,0.4086,23.4,17.4,0.3152,0.4001,0.3135,0.0846,0.1634,0.1011,0.2125,-0.299,0.3737,0.6692,0.421189,CMN,BRACKET_BASE,false,true,0.88429901,0.5643750000000001,0.8847499999999999,,0.3539,true
EVT-EAR-1544,Continental Standoff of Mughal Empire,1528,early_modern,war,South Asia,Mughal Empire,CHR-EAR-1544,1614.1,0.62,0.808,0.3688,0.812,48.5,0.6485,34.6,33.1,0.3558,75.2,16.3,0.3942,0.3991,0.301,0,0.1504,0.496,0.2693,0.0969,0.4069,0.5781,0.820431,RMD,BRACKET_HIGH,true,false,0.51371649,0.4200066,0.45190353999999994,,0.4008,false
EVT-EAR-1545,Decentralization Wave across Tsardom & Russian Empire,1642,early_modern,collapse,Northern Eurasia,Tsardom & Russian Empire,CHR-EAR-1545,2361.9,0.746,0.876,0.5036,0.744,24.5,0.4945,35.7,36.9,0.3905,53.8,21.1,0.394,0.5858,0.5203,0.2704,0.318,0.3275,0.4044,-0.2583,0.6292,0.7185,0.481311,CMN,BRACKET_BASE,false,true,0.57674456,0.39326506,0.56852757,,0.3474,false
EVT-EAR-1546,Constitutional Reorganization of Kingdom of France (Bourbon),1537,early_modern,transformation,Western Europe,Kingdom of France (Bourbon),CHR-EAR-1546,2033.2,0.434,0.122,0.7385,0.707,25.7,0.482,31.2,41.7,0.3708,88.4,13.7,0.3929,0.4155,0.4663,0.4043,0.5727,0.5167,0.4751,0.1012,0.2122,0.499,0.592899,CMN,BRACKET_BASE,false,true,0.6597091199999999,0.55,0.613375,,0.2948,false
EVT-EAR-1547,Printing & Communications Diffusion in Safavid Empire,1684,early_modern,technological,Persia,Safavid Empire,CHR-EAR-1547,1559,0.648,0.688,0.3822,0.6,24.8,0.424,29.6,42,0.3554,69.2,11.6,0.3647,0.339,0.3647,0.4842,0.6001,0.5808,0.4738,0.2418,0.3998,0.6863,0.826045,RMD,BRACKET_HIGH,true,false,0.33374352,0.37155330000000003,0.43343306000000004,,0.294,false
EVT-EAR-1548,Synod Monotheistic Mandate in Polish-Lithuanian Commonwealth,1744,early_modern,religious,Eastern Europe,Polish-Lithuanian Commonwealth,CHR-EAR-1548,920.8,0.544,0.749,0.2304,0.844,43.9,0.6415,28.7,41.7,0.3439,61.3,18.1,0.3884,0.3785,0.3605,0.2319,0.3648,0.2628,0.3197,-0.1157,0.4463,0.6217,0.477939,CMN,BRACKET_BASE,false,true,0.7742709,0.52660398,0.7372980800000001,,0.3075,true
EVT-EAR-1549,Frontier Campaign of British Empire (Early),1557,early_modern,war,British Isles / Global,British Empire (Early),CHR-EAR-1549,1387,0.491,0.38,0.4773,0.577,23,0.4035,28.6,37.2,0.3158,59.4,19.3,0.3921,0.3981,0.3149,0.0132,0.1222,0.1478,0.1992,-0.2503,0.507,0.7124,0.314386,CMN,BRACKET_BASE,false,true,0.8310455,0.5550475,0.82658772,,0.3827,true
EVT-EAR-1550,Navigational Instrument Reform in Ming & Qing Dynasties,1649,early_modern,technological,East Asia,Ming & Qing Dynasties,CHR-EAR-1550,2175.3,0.666,0.58,0.5682,0.336,43.3,0.3845,34.4,33.8,0.3579,40,21.8,0.376,0.3568,0.4157,0.4804,0.6228,0.4909,0.4733,0.1341,0.3992,0.6056,0.473311,CMN,BRACKET_BASE,false,true,0.46258665000000004,0.37828072,0.46049471999999997,,0.2822,false
EVT-EAR-1551,Guild Monopoly Reform in Polish-Lithuanian Commonwealth,1536,early_modern,economic,Eastern Europe,Polish-Lithuanian Commonwealth,CHR-EAR-1551,872,0.612,0.862,0.1635,0.849,48.5,0.667,37.5,37.3,0.4123,81.9,20.2,0.4199,0.4419,0.4026,0.1465,0.2873,0.4298,0.3416,-0.0121,0.2886,0.5223,0.624368,CMN,BRACKET_BASE,false,true,0.5367956399999999,0.39712223999999996,0.45375798,,0.392,false
EVT-EAR-1552,Respiratory Virulence Wave across Kingdom of France (Bourbon),1727,early_modern,pandemic,Western Europe,Kingdom of France (Bourbon),CHR-EAR-1552,1584.1,0.527,0.362,0.5227,0.26,12.9,0.1945,37,34.3,0.3889,29.2,8.5,0.2867,0.3992,0.3726,0,0.1765,0.2237,0.2344,-0.1755,0.7625,0.7495,0.560907,CMN,BRACKET_BASE,false,true,0.5958436,0.39617628,0.54047871,,0.3979,false
EVT-EAR-1553,Temple Bureaucracy Reorganization of Tokugawa Shogunate,1713,early_modern,religious,Japan,Tokugawa Shogunate,CHR-EAR-1553,908.5,0.541,0.587,0.2767,0.707,29.9,0.503,35.6,36.9,0.3894,55,18.3,0.3816,0.3756,0.339,0.2519,0.4116,0.3014,0.3359,-0.0742,0.2769,0.5639,0.484505,CMN,BRACKET_BASE,false,true,0.59054267,0.46258442,0.6562490200000001,,0.301,false
EVT-EAR-1554,Metallurgical Innovation Surge in Tokugawa Shogunate,1605,early_modern,technological,Japan,Tokugawa Shogunate,CHR-EAR-1554,1662.6,0.702,0.765,0.3696,0.397,49.4,0.4455,35.8,38.5,0.4012,25.8,14.2,0.3063,0.3295,0.3782,0.4921,0.6134,0.4681,0.4563,0.1386,0.2822,0.5929,0.715083,RMD,BRACKET_HIGH,false,false,0.54158414,0.5471177399999999,0.7203541299999999,,0.2863,false
EVT-EAR-1555,Guild Monopoly Reform in Dutch Republic,1509,early_modern,economic,Northwestern Europe,Dutch Republic,CHR-EAR-1555,2373.2,0.565,0.412,0.7,0.513,21.4,0.3635,32.8,34.1,0.3424,85.3,16.5,0.4043,0.5256,0.457,0.2753,0.4204,0.4018,0.416,-0.1238,0.4389,0.5957,0.645957,RMD,BRACKET_MEDIUM,false,true,0.59674626,0.54448631,0.7565921999999999,,0.3508,false
EVT-EAR-1556,Astronomical Standardization by Spanish Empire,1769,early_modern,technological,Iberia / Americas,Spanish Empire,CHR-EAR-1556,2259.4,0.496,0.476,0.6721,0.388,24,0.314,40.6,38.3,0.4516,33,12.3,0.3146,0.3724,0.3959,0.4692,0.5769,0.6491,0.4927,0.2767,0.3991,0.6635,0.802776,RMD,BRACKET_HIGH,true,false,0.39096934,0.549375,0.6475,,0.3131,false
EVT-EAR-1557,Astronomical Standardization by Dutch Republic,1783,early_modern,technological,Northwestern Europe,Dutch Republic,CHR-EAR-1557,1246.8,0.74,0.23,0.4114,0.21,29.9,0.2545,31.8,42.5,0.3821,49.5,9.2,0.3284,0.26,0.2905,0.3458,0.4724,0.587,0.3911,0.327,0.266,0.7159,0.698934,RMD,BRACKET_MEDIUM,false,false,0.48757585000000003,0.37522656,0.35119617,,0.329,false
EVT-EAR-1558,Civic Restoration Revolt in Ottoman Empire,1740,early_modern,revolution,Southeast Europe / Near East,Ottoman Empire,CHR-EAR-1558,2090.6,0.503,0.24,0.6973,0.412,43.1,0.4215,39,34.8,0.4134,19.5,19.1,0.3105,0.4573,0.2951,0.0361,0.152,0.597,0.3075,0.1397,0.7931,0.6739,0.80953,RMD,BRACKET_HIGH,true,false,0.55881722,0.53699258,0.67231396,,0.3924,false
EVT-EAR-1559,Monastic Network Expansion of Ming & Qing Dynasties,1729,early_modern,religious,East Asia,Ming & Qing Dynasties,CHR-EAR-1559,1453.8,0.671,0.477,0.4114,0.56,36.8,0.464,37.4,35.8,0.4022,42.3,10.1,0.3216,0.4147,0.4026,0.257,0.4027,0.4474,0.3849,0.0327,0.2004,0.5061,0.675355,RMD,BRACKET_MEDIUM,false,true,0.45896228999999994,0.38111545,0.4121675799999999,,0.343,false
EVT-EAR-1560,Radical Assembly Schism in Tokugawa Shogunate,1538,early_modern,revolution,Japan,Tokugawa Shogunate,CHR-EAR-1560,1759,0.698,0.245,0.5517,0.539,31.8,0.4285,40.4,32.2,0.4129,54.2,15.6,0.367,0.4538,0.3309,0.0617,0.2538,0.3884,0.2977,-0.0654,0.7662,0.6479,0.645239,RMD,BRACKET_MEDIUM,false,true,0.60128862,0.39292362999999997,0.49413,,0.4033,false
EVT-EAR-1561,Systemic Governance Breakdown in Spanish Empire,1648,early_modern,collapse,Iberia / Americas,Spanish Empire,CHR-EAR-1561,1880.5,0.756,0.278,0.5557,0.806,25.4,0.53,36.7,40.5,0.4228,65,20,0.4022,0.612,0.5112,0.1775,0.2254,0.3103,0.3673,-0.3017,0.4256,0.673,0.537056,CMN,BRACKET_BASE,false,true,0.52628598,0.52098228,0.8561788899999999,,0.3898,false
EVT-EAR-1562,Fiscal Default Crisis in Tokugawa Shogunate,1593,early_modern,collapse,Japan,Tokugawa Shogunate,CHR-EAR-1562,2336.8,0.426,0.156,0.8091,0.767,20.3,0.485,38.8,38.2,0.4317,73.7,23.1,0.4267,0.6804,0.5749,0.2629,0.3193,0.4944,0.4664,-0.186,0.8316,0.6795,0.444279,CMN,BRACKET_BASE,false,true,0.60645312,0.40149672000000003,0.53862725,,0.3999,false
EVT-EAR-1563,Silver Flotilla Currency Shock in Dutch Republic,1744,early_modern,economic,Northwestern Europe,Dutch Republic,CHR-EAR-1563,1147.2,0.574,0.607,0.3224,0.257,27.3,0.265,36.8,36.9,0.4023,63.4,10.2,0.3513,0.3202,0.2844,0.1013,0.1843,0.1506,0.2082,-0.1696,0.4294,0.6805,0.646129,RMD,BRACKET_MEDIUM,false,true,0.5989528999999999,0.46802976,0.729162,,0.3245,false
EVT-EAR-1564,Respiratory Virulence Wave across Ming & Qing Dynasties,1670,early_modern,pandemic,East Asia,Ming & Qing Dynasties,CHR-EAR-1564,1949.3,0.734,0.871,0.4022,0.396,24.5,0.3205,32,35.3,0.341,33.8,9,0.2998,0.4389,0.3878,0.0236,0.1352,0.2872,0.2545,-0.1517,0.6726,0.7205,0.476064,CMN,BRACKET_BASE,false,true,0.8592866100000001,0.5613419,0.79971428,,0.4043,false
EVT-EAR-1565,Educational Charter of Spanish Empire,1747,early_modern,transformation,Iberia / Americas,Spanish Empire,CHR-EAR-1565,1954.2,0.764,0.274,0.5736,0.622,37.3,0.4975,34.5,35.4,0.3686,74.5,17.1,0.3975,0.347,0.3831,0.2641,0.4609,0.4532,0.3817,0.1062,0.1121,0.4994,0.816144,RMD,BRACKET_HIGH,true,false,0.2615988,0.38142792000000003,0.3643046,,0.3269,false
EVT-EAR-1566,Civic Restoration Revolt in British Empire (Early),1538,early_modern,revolution,British Isles / Global,British Empire (Early),CHR-EAR-1566,2206.7,0.636,0.661,0.561,0.688,51.7,0.6025,36.6,32.5,0.3738,75.4,12.4,0.3749,0.5125,0.4324,0.1223,0.3829,0.2244,0.3349,-0.2881,0.5924,0.7031,0.817123,RMD,BRACKET_HIGH,true,false,0.36362172000000004,0.3921224,0.5718358800000001,,0.3917,false
EVT-EAR-1567,Radical Assembly Schism in Ottoman Empire,1708,early_modern,revolution,Southeast Europe / Near East,Ottoman Empire,CHR-EAR-1567,1376.4,0.555,0.452,0.4337,0.524,42.3,0.4735,31.6,40.9,0.3703,63,10.2,0.3509,0.4222,0.3089,0.0008,0.2044,0.1543,0.2181,-0.2679,0.7864,0.7796,0.512862,CMN,BRACKET_BASE,false,true,0.7965897599999999,0.55249271,0.84355201,,0.3953,false
EVT-EAR-1568,Educational Charter of Safavid Empire,1634,early_modern,transformation,Persia,Safavid Empire,CHR-EAR-1568,1942.1,0.577,0.406,0.5869,0.249,16.9,0.209,31.7,38.7,0.3582,60.2,8.6,0.3396,0.2851,0.3238,0.1783,0.3467,0.4157,0.3099,0.1306,0.3959,0.6264,0.585654,CMN,BRACKET_BASE,false,true,0.66766227,0.47818752000000003,0.5933214,,0.3428,false
EVT-EAR-1569,Civic Restoration Revolt in Mughal Empire,1596,early_modern,revolution,South Asia,Mughal Empire,CHR-EAR-1569,1556.7,0.687,0.278,0.4929,0.669,54.9,0.609,38.3,37.5,0.4221,52.1,20.6,0.3891,0.5463,0.3856,0.0162,0.136,0.5722,0.3313,0.0259,0.5657,0.5568,0.459858,CMN,BRACKET_BASE,false,true,0.80605941,0.64543844,0.7347752499999999,,0.4033,false
EVT-EAR-1570,Agrarian Insurgency in Safavid Empire,1502,early_modern,revolution,Persia,Safavid Empire,CHR-EAR-1570,2398.1,0.736,0.535,0.6182,0.611,40.2,0.5065,30.5,36.7,0.3333,76.9,9.7,0.3628,0.4763,0.3804,0.0212,0.2607,0.1875,0.2652,-0.2888,0.7282,0.7493,0.604946,CMN,BRACKET_BASE,false,true,0.6194791500000001,0.40267707999999997,0.5780298,,0.4034,false
EVT-EAR-1571,Educational Charter of Tokugawa Shogunate,1558,early_modern,transformation,Japan,Tokugawa Shogunate,CHR-EAR-1571,2278.9,0.735,0.675,0.5457,0.684,42.5,0.5545,29.2,33.3,0.2989,81.3,16.8,0.4023,0.3571,0.4266,0.3366,0.4938,0.6959,0.462,0.3388,0.3486,0.6902,0.854116,RMD,BRACKET_HIGH,true,false,0.40055799999999997,0.38636073,0.34756973999999996,,0.3527,false
EVT-EAR-1572,Imperial Unification of Dutch Republic,1750,early_modern,transformation,Northwestern Europe,Dutch Republic,CHR-EAR-1572,2253.6,0.539,0.382,0.6859,0.36,51.4,0.437,33.4,37.3,0.3681,75.7,17,0.3982,0.353,0.393,0.283,0.4383,0.4784,0.3891,0.1254,0.2575,0.5384,0.601288,CMN,BRACKET_BASE,false,true,0.50878528,0.46325728,0.5498468999999999,,0.3213,false
EVT-EAR-1573,Navigational Instrument Reform in Ottoman Empire,1569,early_modern,technological,Southeast Europe / Near East,Ottoman Empire,CHR-EAR-1573,2195.5,0.779,0.701,0.5032,0.422,53.1,0.4765,39.3,35.4,0.4202,90.5,9.6,0.3741,0.37,0.4096,0.4814,0.5588,0.7089,0.5057,0.3389,0.2405,0.6631,0.493498,CMN,BRACKET_BASE,false,true,0.636837,0.555375,0.5922499999999999,,0.3276,false
EVT-EAR-1574,Coalition Defense of Safavid Empire,1689,early_modern,war,Persia,Safavid Empire,CHR-EAR-1574,1829.5,0.622,0.3,0.5762,0.576,33.9,0.4575,29.5,35.9,0.3177,36.3,11.2,0.316,0.4129,0.3111,0.0342,0.1984,0.4856,0.2884,0.0727,0.3195,0.5464,0.693409,RMD,BRACKET_MEDIUM,false,false,0.51045423,0.59275,0.7035,,0.4059,false
EVT-EAR-1575,Respiratory Virulence Wave across Ming & Qing Dynasties,1669,early_modern,pandemic,East Asia,Ming & Qing Dynasties,CHR-EAR-1575,1630.7,0.65,0.281,0.5222,0.538,24,0.389,34.1,42.5,0.4068,41.5,20.2,0.3707,0.483,0.4558,0.0537,0.2749,0.2758,0.3086,-0.2072,0.6128,0.6974,0.572162,CMN,BRACKET_BASE,false,true,0.5973408099999999,0.49646355000000003,0.8070896000000001,,0.4012,false
EVT-EAR-1576,Systemic Governance Breakdown in Polish-Lithuanian Commonwealth,1712,early_modern,collapse,Eastern Europe,Polish-Lithuanian Commonwealth,CHR-EAR-1576,2341.2,0.506,0.407,0.7109,0.275,38,0.3275,30.9,39.8,0.3562,23.2,16.2,0.3086,0.4778,0.3797,0,0.052,0.1315,0.2082,-0.3463,0.8149,0.8115,0.319972,CMN,BRACKET_BASE,false,true,0.9009665,0.57009744,0.86288044,,0.3961,false
EVT-EAR-1577,Decentralization Wave across Mughal Empire,1681,early_modern,collapse,South Asia,Mughal Empire,CHR-EAR-1577,2180.5,0.709,0.513,0.5768,0.656,33.2,0.494,32.6,33.1,0.3343,21.1,14.3,0.2922,0.5442,0.4377,0.1609,0.238,0.156,0.3074,-0.3882,0.4962,0.7529,0.630074,RMD,BRACKET_MEDIUM,false,true,0.5288176800000001,0.5086635,0.89388,,0.3673,false
EVT-EAR-1578,Astronomical Standardization by Mughal Empire,1591,early_modern,technological,South Asia,Mughal Empire,CHR-EAR-1578,1506.6,0.742,0.632,0.3572,0.727,49.8,0.6125,31.6,34.6,0.3325,53.9,8.4,0.3306,0.3216,0.3707,0.4638,0.6064,0.6814,0.4888,0.3598,0.1561,0.668,0.800456,RMD,BRACKET_HIGH,true,false,0.35300373,0.38928911999999993,0.36471765,,0.3307,false
EVT-EAR-1579,Secular Legal Separation in Ming & Qing Dynasties,1618,early_modern,religious,East Asia,Ming & Qing Dynasties,CHR-EAR-1579,875,0.493,0.535,0.2981,0.29,45.3,0.3715,28,32.1,0.2788,45.7,15.6,0.3547,0.2803,0.3288,0.1648,0.3352,0.1521,0.2522,-0.1282,0.25,0.6195,0.574509,CMN,BRACKET_BASE,false,true,0.44616446000000004,0.36985640999999997,0.4559657899999999,,0.3133,false
EVT-EAR-1580,Astronomical Standardization by Polish-Lithuanian Commonwealth,1517,early_modern,technological,Eastern Europe,Polish-Lithuanian Commonwealth,CHR-EAR-1580,1665.9,0.632,0.257,0.5439,0.325,47.2,0.3985,33.3,38.9,0.3766,68.9,9.3,0.3529,0.3408,0.3964,0.4783,0.5387,0.7189,0.4946,0.3781,0.3306,0.719,0.657266,RMD,BRACKET_MEDIUM,false,true,0.48152466000000005,0.39103395,0.38970612,,0.3324,false
EVT-EAR-1581,Orthodoxy & Heresy Trial Wave in Kingdom of France (Bourbon),1698,early_modern,religious,Western Europe,Kingdom of France (Bourbon),CHR-EAR-1581,1618.6,0.472,0.129,0.618,0.639,53.4,0.5865,39.7,38.3,0.442,72.4,8.7,0.3535,0.4841,0.4904,0.3915,0.4586,0.7037,0.5057,0.2196,0.5093,0.6289,0.535346,CMN,BRACKET_BASE,false,true,0.76025,0.56125,0.624125,,0.3528,false
EVT-EAR-1582,Agrarian Insurgency in Kingdom of France (Bourbon),1740,early_modern,revolution,Western Europe,Kingdom of France (Bourbon),CHR-EAR-1582,1248,0.768,0.124,0.4351,0.412,49.4,0.453,35.8,32.2,0.3634,54.8,8,0.3298,0.4689,0.3445,0.1409,0.333,0.1842,0.2943,-0.2847,0.7248,0.7772,0.381109,CMN,BRACKET_BASE,false,true,0.8273750000000001,0.559125,0.9329999999999999,,0.3615,true
EVT-EAR-1583,Grain Market Price Shock across Dutch Republic,1567,early_modern,economic,Northwestern Europe,Dutch Republic,CHR-EAR-1583,2100.9,0.421,0.271,0.7152,0.811,43.9,0.625,34.4,38,0.3831,93.6,14.5,0.401,0.5255,0.4365,0.2077,0.3264,0.4558,0.3904,-0.0697,0.5157,0.5381,0.616895,CMN,BRACKET_BASE,false,true,0.49806314999999995,0.56511708,0.7534832400000001,,0.3894,false
EVT-EAR-1584,Epidemic Fever Outbreak across Spanish Empire,1518,early_modern,pandemic,Iberia / Americas,Spanish Empire,CHR-EAR-1584,864.8,0.757,0.412,0.2531,0.618,47.7,0.5475,32.9,32.2,0.3321,88.3,19.9,0.4238,0.4589,0.4045,0.051,0.2314,0.1383,0.2568,-0.3206,0.9048,0.8594,0.557649,CMN,BRACKET_BASE,false,true,0.8572720200000001,0.5474527199999999,0.86821049,,0.3856,false
EVT-EAR-1585,Provincial Autonomy Insurgency against Kingdom of France (Bourbon),1588,early_modern,revolution,Western Europe,Kingdom of France (Bourbon),CHR-EAR-1585,1106.4,0.463,0.235,0.4568,0.371,13.5,0.253,30,33,0.3057,36.5,9.9,0.3099,0.4304,0.3045,0.0859,0.2143,0.4818,0.3034,0.0514,0.5133,0.6338,0.423001,CMN,BRACKET_BASE,false,true,0.7985629999999999,0.564805,0.68053506,,0.4039,false
EVT-EAR-1586,Bureaucratic Consolidation of Polish-Lithuanian Commonwealth,1637,early_modern,transformation,Eastern Europe,Polish-Lithuanian Commonwealth,CHR-EAR-1586,2320.1,0.453,0.622,0.6569,0.346,30.1,0.3235,35.1,32.2,0.3558,41.6,18.4,0.3618,0.3642,0.4002,0.3297,0.5744,0.7022,0.4741,0.338,0.1416,0.6475,0.613892,CMN,BRACKET_BASE,false,true,0.48776515000000004,0.39637675,0.32054309,,0.3535,false
EVT-EAR-1587,Astronomical Standardization by Mughal Empire,1561,early_modern,technological,South Asia,Mughal Empire,CHR-EAR-1587,1953.6,0.495,0.372,0.6247,0.359,29.1,0.325,41.2,33.7,0.4305,58.2,17.8,0.3832,0.3925,0.4448,0.5385,0.6032,0.5946,0.5147,0.2021,0.4606,0.6473,0.780064,RMD,BRACKET_HIGH,true,false,0.42222686,0.37957963999999994,0.47025797999999996,,0.2728,false
EVT-EAR-1588,Silver Flotilla Currency Shock in Kingdom of France (Bourbon),1655,early_modern,economic,Western Europe,Kingdom of France (Bourbon),CHR-EAR-1588,1556.4,0.547,0.162,0.5696,0.745,26,0.5025,29.7,36.6,0.3241,91,10.4,0.3785,0.4985,0.4497,0.2321,0.3,0.4722,0.3905,-0.0263,0.5541,0.5733,0.440859,CMN,BRACKET_BASE,false,true,0.56777706,0.3972519,0.4865549,,0.3795,false
EVT-EAR-1589,Silver Flotilla Currency Shock in Polish-Lithuanian Commonwealth,1678,early_modern,economic,Eastern Europe,Polish-Lithuanian Commonwealth,CHR-EAR-1589,1847.3,0.624,0.868,0.4098,0.49,41.1,0.4505,31.6,37.9,0.3523,58.5,21.5,0.402,0.4725,0.4337,0.2344,0.3328,0.3439,0.3635,-0.1286,0.2939,0.591,0.356072,CMN,BRACKET_BASE,false,true,0.6531961,0.54344284,0.73422174,,0.3437,false
EVT-EAR-1590,Caravan Route Pestilence in Mughal Empire,1773,early_modern,pandemic,South Asia,Mughal Empire,CHR-EAR-1590,1525.5,0.424,0.593,0.4692,0.754,36.5,0.5595,39.8,42.5,0.4682,60.2,19,0.3916,0.5703,0.5496,0.1785,0.3546,0.2877,0.3881,-0.2826,0.6921,0.7311,0.619737,CMN,BRACKET_BASE,false,true,0.5580981,0.41422266,0.60557206,,0.3856,false
EVT-EAR-1591,Fiscal Modernization in British Empire (Early),1600,early_modern,transformation,British Isles / Global,British Empire (Early),CHR-EAR-1591,1246.4,0.687,0.21,0.4332,0.307,40.9,0.358,37.5,33,0.3865,74.6,10.3,0.3636,0.3003,0.3636,0.249,0.4123,0.5865,0.3823,0.2862,0.1073,0.6347,0.745748,RMD,BRACKET_HIGH,true,false,0.5884984000000001,0.54110056,0.47329476,,0.3495,false
EVT-EAR-1592,Canal Infrastructure Boom in Ottoman Empire,1511,early_modern,economic,Southeast Europe / Near East,Ottoman Empire,CHR-EAR-1592,2140.6,0.683,0.63,0.5392,0.354,17.4,0.264,36,39.2,0.4075,42.8,18.3,0.3634,0.3739,0.3195,0.2183,0.3248,0.1409,0.2755,-0.233,0.5808,0.7194,0.722645,RMD,BRACKET_HIGH,false,false,0.6748386300000001,0.47578060000000005,0.78748531,,0.3182,false
EVT-EAR-1593,Dynastic Disintegration of British Empire (Early),1669,early_modern,collapse,British Isles / Global,British Empire (Early),CHR-EAR-1593,1356.7,0.493,0.415,0.4584,0.462,16.8,0.315,36.2,42.9,0.4319,19.2,11,0.2689,0.5114,0.4155,0.1394,0.1788,0.1589,0.2808,-0.3525,0.7712,0.8324,0.48339,CMN,BRACKET_BASE,false,true,0.85702743,0.57075,0.9657499999999999,,0.3596,true
EVT-EAR-1594,Harbor Incursion Sickness in Tsardom & Russian Empire,1798,early_modern,pandemic,Northern Eurasia,Tsardom & Russian Empire,CHR-EAR-1594,1421.7,0.736,0.334,0.4265,0.276,34,0.308,28.6,41.7,0.3428,41,17.8,0.3578,0.3966,0.3264,0.069,0.3059,0.3067,0.2809,-0.0899,0.7576,0.7064,0.458201,CMN,BRACKET_BASE,false,true,0.9038034899999999,0.5585,0.829375,,0.3875,false
EVT-EAR-1595,Synod Monotheistic Mandate in Kingdom of France (Bourbon),1529,early_modern,religious,Western Europe,Kingdom of France (Bourbon),CHR-EAR-1595,1380.5,0.476,0.234,0.5239,0.723,53,0.6265,41.9,37.9,0.4632,55.1,21.2,0.3962,0.5222,0.4994,0.3717,0.5455,0.6825,0.5243,0.1603,0.5369,0.6087,0.809322,RMD,BRACKET_HIGH,true,false,0.46300211999999996,0.5643750000000001,0.66075,,0.3668,false
EVT-EAR-1596,Secular Legal Separation in Dutch Republic,1732,early_modern,religious,Northwestern Europe,Dutch Republic,CHR-EAR-1596,1287.9,0.452,0.246,0.5036,0.268,17.2,0.22,30.7,41.8,0.366,26,17.5,0.3233,0.3855,0.4201,0.2669,0.3577,0.2385,0.3337,-0.147,0.4923,0.669,0.522463,CMN,BRACKET_BASE,false,true,0.5989097600000001,0.36621396,0.49069548,,0.3019,false
EVT-EAR-1597,Fiscal Default Crisis in Portuguese Empire,1644,early_modern,collapse,Atlantic / Indian Ocean,Portuguese Empire,CHR-EAR-1597,1004.8,0.615,0.833,0.2055,0.343,54.7,0.445,33,41.8,0.3908,46.4,14.8,0.3518,0.4252,0.3561,0.0561,0.1395,0.0989,0.2152,-0.3263,0.7392,0.8348,0.645043,RMD,BRACKET_MEDIUM,false,true,0.6187904,0.38914560000000004,0.581847,,0.3634,false
EVT-EAR-1598,Agricultural Plague Wave in Mughal Empire,1738,early_modern,pandemic,South Asia,Mughal Empire,CHR-EAR-1598,1287.8,0.522,0.691,0.3491,0.586,27.9,0.4325,37.8,40.4,0.4341,81.7,14.1,0.3892,0.4347,0.3624,0.0256,0.1976,0.2921,0.2625,-0.1426,0.8593,0.7395,0.335821,CMN,BRACKET_BASE,false,true,0.9552364999999999,0.5722499999999999,0.848375,,0.4024,false
EVT-EAR-1599,Metallurgical Innovation Surge in Tokugawa Shogunate,1656,early_modern,technological,Japan,Tokugawa Shogunate,CHR-EAR-1599,918.4,0.529,0.294,0.3708,0.644,49.9,0.5715,36.7,39.8,0.4186,68.9,12.3,0.3679,0.3577,0.3883,0.4828,0.556,0.6154,0.48,0.2577,0.1808,0.6102,0.668848,RMD,BRACKET_MEDIUM,false,true,0.50013248,0.5503750000000001,0.6372500000000001,,0.3019,false
EVT-EAR-1600,Silver Flotilla Currency Shock in British Empire (Early),1670,early_modern,economic,British Isles / Global,British Empire (Early),CHR-EAR-1600,1056.1,0.504,0.807,0.2599,0.714,54.6,0.63,34.8,38,0.3874,83.8,19.7,0.419,0.4237,0.3984,0.2311,0.3607,0.5983,0.4024,0.1746,0.5266,0.6643,0.717401,RMD,BRACKET_HIGH,false,false,0.48291155999999996,0.565375,0.6656249999999999,,0.3843,false
EVT-EAR-1601,Military Coup d’État in Dutch Republic,1662,early_modern,revolution,Northwestern Europe,Dutch Republic,CHR-EAR-1601,1737,0.478,0.775,0.453,0.565,24.6,0.4055,38.2,38.2,0.4252,88.4,8.7,0.3679,0.4419,0.3384,0.0632,0.2112,0.2103,0.253,-0.2316,0.3619,0.653,0.487106,CMN,BRACKET_BASE,false,true,0.72532041,0.5424133000000001,0.78369759,,0.3829,false
EVT-EAR-1602,Harbor Incursion Sickness in Portuguese Empire,1755,early_modern,pandemic,Atlantic / Indian Ocean,Portuguese Empire,CHR-EAR-1602,2043.2,0.7,0.3,0.6079,0.383,49.3,0.438,28.3,39.2,0.3246,64.1,9.6,0.3491,0.4663,0.4301,0.0064,0.2056,0.1512,0.2519,-0.3151,0.7049,0.7708,0.565478,CMN,BRACKET_BASE,false,true,0.62133379,0.408204,0.5901946400000001,,0.4012,false
EVT-EAR-1603,Imperial Annexation War in Ming & Qing Dynasties,1784,early_modern,war,East Asia,Ming & Qing Dynasties,CHR-EAR-1603,1391.2,0.761,0.284,0.4262,0.434,47,0.452,28.2,38.7,0.3205,28.7,17.2,0.329,0.4541,0.4133,0.1234,0.3003,0.3936,0.3369,-0.0605,0.6674,0.6497,0.485935,CMN,BRACKET_BASE,false,true,0.6285410499999999,0.38534535,0.4971675,,0.3929,false
EVT-EAR-1604,Peasant Rebellion against Polish-Lithuanian Commonwealth,1760,early_modern,revolution,Eastern Europe,Polish-Lithuanian Commonwealth,CHR-EAR-1604,1955,0.561,0.863,0.458,0.551,33.2,0.4415,30.6,39.6,0.3518,35.5,9.4,0.3054,0.4417,0.2923,0,0.2589,0.5367,0.3059,0.095,0.6431,0.6544,0.419169,CMN,BRACKET_BASE,false,true,0.7182950399999999,0.52786214,0.69262565,,0.3904,false
EVT-EAR-1605,Sanitation & Medical Breakthrough in Safavid Empire,1720,early_modern,technological,Persia,Safavid Empire,CHR-EAR-1605,1896.3,0.452,0.102,0.7038,0.811,38.3,0.597,41.9,33.8,0.4386,47.5,14,0.3494,0.4811,0.5258,0.5995,0.6978,0.7218,0.6052,0.2407,0.4628,0.6148,0.531446,CMN,BRACKET_BASE,false,true,0.46122912,0.37063488,0.42202496,,0.2967,false
EVT-EAR-1606,Secular Legal Separation in Portuguese Empire,1776,early_modern,religious,Atlantic / Indian Ocean,Portuguese Empire,CHR-EAR-1606,1357.8,0.654,0.601,0.3545,0.267,25.1,0.259,39.6,42.6,0.4667,57,23.5,0.4101,0.3758,0.4069,0.2691,0.437,0.412,0.3802,0.0362,0.2821,0.558,0.638297,RMD,BRACKET_MEDIUM,false,true,0.42552975,0.3828503,0.4277833,,0.3202,false
EVT-EAR-1607,Debt Crisis Settlement of Ottoman Empire,1531,early_modern,economic,Southeast Europe / Near East,Ottoman Empire,CHR-EAR-1607,2361.2,0.693,0.301,0.6918,0.617,46.1,0.539,41.8,41.1,0.4814,74.8,10.4,0.3643,0.5696,0.5261,0.3645,0.5148,0.5422,0.5034,-0.0274,0.4624,0.5036,0.626931,CMN,BRACKET_BASE,false,true,0.37882695,0.50176112,0.7097614400000001,,0.352,false
EVT-EAR-1608,Navigational Instrument Reform in Ottoman Empire,1746,early_modern,technological,Southeast Europe / Near East,Ottoman Empire,CHR-EAR-1608,1270.5,0.675,0.569,0.3353,0.259,28,0.2695,29.7,32.1,0.2971,30.8,12.7,0.3116,0.2193,0.2441,0.3273,0.4531,0.5015,0.3491,0.2822,0.2862,0.7187,0.529086,CMN,BRACKET_BASE,false,true,0.55758963,0.3679018,0.37773736,,0.3137,false
EVT-EAR-1609,Epidemic Fever Outbreak across Spanish Empire,1531,early_modern,pandemic,Iberia / Americas,Spanish Empire,CHR-EAR-1609,2161.4,0.556,0.276,0.6888,0.537,50.8,0.5225,38.5,36.6,0.4188,59.5,19.7,0.3943,0.5662,0.5119,0.1051,0.2123,0.252,0.3295,-0.3142,0.9384,0.7898,0.724802,RMD,BRACKET_HIGH,false,false,0.48038355,0.405504,0.57621837,,0.3959,false
EVT-EAR-1610,Coalition Defense of British Empire (Early),1768,early_modern,war,British Isles / Global,British Empire (Early),CHR-EAR-1610,2086,0.76,0.862,0.4324,0.543,35.1,0.447,41.1,33.6,0.4288,50.5,20.8,0.3879,0.4532,0.3548,0.028,0.2022,0.3767,0.283,-0.0765,0.3827,0.5708,0.444014,CMN,BRACKET_BASE,false,true,0.74082889,0.51690008,0.73431978,,0.4075,false
EVT-EAR-1611,Judicial Standard Reform in Safavid Empire,1574,early_modern,transformation,Persia,Safavid Empire,CHR-EAR-1611,1795.6,0.55,0.895,0.4105,0.752,18.7,0.4695,41.8,39.4,0.4712,62.1,19.2,0.3948,0.3652,0.3888,0.3234,0.4572,0.6335,0.4336,0.2683,0.105,0.5985,0.689522,RMD,BRACKET_MEDIUM,false,false,0.5318106,0.48023874,0.4541477199999999,,0.3404,false
EVT-EAR-1612,Debt Crisis Settlement of Polish-Lithuanian Commonwealth,1590,early_modern,economic,Eastern Europe,Polish-Lithuanian Commonwealth,CHR-EAR-1612,1694.8,0.649,0.734,0.4031,0.547,19.2,0.3695,33.2,35.8,0.357,92,13.4,0.3943,0.4496,0.3699,0.2032,0.3695,0.2842,0.3353,-0.1654,0.5892,0.6972,0.515396,CMN,BRACKET_BASE,false,true,0.6983941499999999,0.52957615,0.7818018000000001,,0.3445,false
EVT-EAR-1613,Strategic Siege of British Empire (Early),1750,early_modern,war,British Isles / Global,British Empire (Early),CHR-EAR-1613,1301.8,0.477,0.526,0.4157,0.601,49.2,0.5465,29.4,40.6,0.3448,69.7,8.3,0.3487,0.4621,0.4197,0.0772,0.2242,0.1815,0.2729,-0.2806,0.6285,0.7426,0.377557,CMN,BRACKET_BASE,false,true,0.7160878,0.5421042,0.84720336,,0.3811,false
EVT-EAR-1614,Palatial Collapse of Ottoman Empire,1730,early_modern,collapse,Southeast Europe / Near East,Ottoman Empire,CHR-EAR-1614,1737.2,0.754,0.84,0.3508,0.794,47.9,0.6365,39.1,40.2,0.4469,50.1,21.8,0.3923,0.5568,0.4548,0.2223,0.3189,0.3574,0.382,-0.1994,0.5701,0.6651,0.752857,RMD,BRACKET_HIGH,true,false,0.34900709999999996,0.39039957,0.54061945,,0.3723,false
EVT-EAR-1615,Territorial Rupture of Spanish Empire,1617,early_modern,collapse,Iberia / Americas,Spanish Empire,CHR-EAR-1615,1146.6,0.539,0.211,0.4515,0.834,18,0.507,38.9,39.3,0.4393,40.9,14,0.3386,0.5095,0.3911,0.1534,0.2109,0.1216,0.2773,-0.3879,0.6026,0.7804,0.515984,CMN,BRACKET_BASE,false,true,0.76045866,0.55650045,0.9085331200000001,,0.3633,false
EVT-EAR-1616,Maritime Hegemony Clash in Safavid Empire,1762,early_modern,war,Persia,Safavid Empire,CHR-EAR-1616,2048.9,0.661,0.612,0.5275,0.312,34.2,0.327,41.9,35.3,0.4476,64.7,8.8,0.3458,0.4159,0.3687,0.1492,0.2746,0.4619,0.3341,0.046,0.3181,0.5391,0.789384,RMD,BRACKET_HIGH,true,false,0.4569957,0.56634438,0.6653695900000001,,0.3898,true
EVT-EAR-1617,Caravan Route Pestilence in Kingdom of France (Bourbon),1732,early_modern,pandemic,Western Europe,Kingdom of France (Bourbon),CHR-EAR-1617,937.1,0.679,0.253,0.3429,0.427,32,0.3735,28.6,41.7,0.3428,25.7,9.4,0.282,0.3626,0.2842,0,0.1366,0.0748,0.1716,-0.2878,0.8016,0.8269,0.581953,CMN,BRACKET_BASE,false,true,0.66621996,0.3818438,0.55759556,,0.3709,false
EVT-EAR-1618,Fiscal Default Crisis in Portuguese Empire,1706,early_modern,collapse,Atlantic / Indian Ocean,Portuguese Empire,CHR-EAR-1618,2389.3,0.608,0.129,0.7761,0.483,48.5,0.484,36.9,41.7,0.4322,39.5,23.2,0.3821,0.6151,0.5423,0.2603,0.3331,0.2083,0.3918,-0.4068,0.6213,0.7512,0.443081,CMN,BRACKET_BASE,false,true,0.72839851,0.59,1,,0.366,false
EVT-EAR-1619,Caravan Route Pestilence in Tokugawa Shogunate,1793,early_modern,pandemic,Japan,Tokugawa Shogunate,CHR-EAR-1619,968.6,0.549,0.199,0.4062,0.706,14.7,0.4265,33.4,42.9,0.4017,21,15.5,0.2979,0.4664,0.3939,0.0994,0.2566,0.201,0.2835,-0.2654,0.6362,0.7472,0.534614,CMN,BRACKET_BASE,false,true,0.64030098,0.39474127,0.57482831,,0.3766,false
EVT-EAR-1620,Fiscal Modernization in Dutch Republic,1762,early_modern,transformation,Northwestern Europe,Dutch Republic,CHR-EAR-1620,1169.2,0.767,0.766,0.2225,0.428,41,0.419,36.7,39.1,0.4144,36.6,21.1,0.3661,0.285,0.3449,0.2109,0.3504,0.5978,0.3578,0.3128,0.1758,0.6845,0.883358,RMD,BRACKET_HIGH,true,false,0.29011909,0.38212648,0.32952175,,0.3655,false
EVT-EAR-1621,Astronomical Standardization by British Empire (Early),1637,early_modern,technological,British Isles / Global,British Empire (Early),CHR-EAR-1621,2227.5,0.561,0.794,0.549,0.236,26.2,0.249,39.6,35.5,0.4241,27.1,11.8,0.2978,0.3108,0.3491,0.4113,0.5049,0.6051,0.4362,0.2943,0.2563,0.6697,0.66296,RMD,BRACKET_MEDIUM,false,true,0.54287296,0.52627938,0.5603462699999999,,0.3169,false
EVT-EAR-1622,Printing & Communications Diffusion in Ottoman Empire,1662,early_modern,technological,Southeast Europe / Near East,Ottoman Empire,CHR-EAR-1622,1785.4,0.564,0.232,0.6026,0.658,14.4,0.401,38,34.8,0.4026,30.8,21,0.3531,0.3776,0.4294,0.5272,0.6867,0.7394,0.5521,0.3618,0.1968,0.6636,0.543869,CMN,BRACKET_BASE,false,true,0.56124888,0.54022176,0.55684486,,0.3294,false
EVT-EAR-1623,Dynastic Disintegration of Tsardom & Russian Empire,1652,early_modern,collapse,Northern Eurasia,Tsardom & Russian Empire,CHR-EAR-1623,1194.3,0.766,0.683,0.2542,0.262,54.5,0.4035,34.7,38.1,0.3869,23.5,12.4,0.2905,0.4835,0.4119,0.0744,0.0991,0.1552,0.2448,-0.3283,0.8019,0.8511,0.520432,CMN,BRACKET_BASE,false,true,0.6543942,0.399556,0.58749588,,0.3762,false
EVT-EAR-1624,Urban Quarantine Emergency in Tokugawa Shogunate,1550,early_modern,pandemic,Japan,Tokugawa Shogunate,CHR-EAR-1624,1468.5,0.69,0.747,0.3285,0.535,28.3,0.409,34.4,35.1,0.3657,65.5,15.1,0.3782,0.4,0.3236,0.0109,0.2236,0.1563,0.2229,-0.2437,0.6791,0.7659,0.594974,CMN,BRACKET_BASE,false,true,0.58870008,0.38068362,0.54447477,,0.3914,false
EVT-EAR-1625,Agrarian Restructuring of Polish-Lithuanian Commonwealth,1682,early_modern,transformation,Eastern Europe,Polish-Lithuanian Commonwealth,CHR-EAR-1625,1057.9,0.539,0.6,0.312,0.492,12,0.306,39.6,34.3,0.4169,21.1,19.6,0.3187,0.2475,0.3221,0.2454,0.4944,0.4961,0.3611,0.2486,0.2154,0.6629,0.801492,RMD,BRACKET_HIGH,true,false,0.48250000000000004,0.5523750000000001,0.52475,,0.3341,true
EVT-EAR-1626,Synod Monotheistic Mandate in British Empire (Early),1682,early_modern,religious,British Isles / Global,British Empire (Early),CHR-EAR-1626,1143.7,0.701,0.378,0.3521,0.483,28.7,0.385,30.7,37.6,0.3408,57.9,14.7,0.3673,0.3952,0.4499,0.3673,0.4905,0.2512,0.3908,-0.144,0.365,0.6373,0.560421,CMN,BRACKET_BASE,false,true,0.45028499999999994,0.37962328,0.47810437999999994,,0.2886,false
EVT-EAR-1627,Territorial Rupture of Mughal Empire,1780,early_modern,collapse,South Asia,Mughal Empire,CHR-EAR-1627,1974.1,0.58,0.286,0.6303,0.809,52.5,0.667,37.4,40.4,0.4298,59.9,23.9,0.4157,0.6738,0.5656,0.3305,0.3899,0.3353,0.459,-0.3385,0.5323,0.6868,0.423747,CMN,BRACKET_BASE,false,true,0.69059806,0.56257286,0.8842377600000001,,0.3553,false
EVT-EAR-1628,Coalition Defense of Portuguese Empire,1580,early_modern,war,Atlantic / Indian Ocean,Portuguese Empire,CHR-EAR-1628,2169.5,0.634,0.722,0.5337,0.827,24.6,0.5365,37.9,33.2,0.392,83.7,8.7,0.364,0.5185,0.4636,0.2028,0.3003,0.515,0.4,-0.0035,0.461,0.5278,0.740191,RMD,BRACKET_HIGH,true,false,0.3873116,0.411203,0.48041043,,0.3976,false
EVT-EAR-1629,Sanitation & Medical Breakthrough in Polish-Lithuanian Commonwealth,1711,early_modern,technological,Eastern Europe,Polish-Lithuanian Commonwealth,CHR-EAR-1629,1066.7,0.576,0.541,0.3208,0.632,23.6,0.434,30.6,33.1,0.3128,40.6,9.9,0.3176,0.2991,0.336,0.4468,0.5564,0.4321,0.4141,0.133,0.2065,0.5933,0.772657,RMD,BRACKET_HIGH,true,false,0.42225885,0.37968944,0.45232300000000003,,0.2825,false
EVT-EAR-1630,Canal Infrastructure Boom in Portuguese Empire,1554,early_modern,economic,Atlantic / Indian Ocean,Portuguese Empire,CHR-EAR-1630,2044.8,0.456,0.745,0.548,0.71,53.4,0.622,39.7,37.4,0.4366,63.3,19.6,0.3982,0.4783,0.4517,0.349,0.4835,0.5596,0.4644,0.0813,0.2567,0.4971,0.84709,RMD,BRACKET_HIGH,true,false,0.2466114,0.38184142,0.39796679999999995,,0.3405,false
EVT-EAR-1631,Frontier Fragmentation of Tsardom & Russian Empire,1749,early_modern,collapse,Northern Eurasia,Tsardom & Russian Empire,CHR-EAR-1631,1375.7,0.775,0.178,0.4498,0.297,14.4,0.2205,32.4,32.6,0.3291,78.3,19.2,0.4116,0.4282,0.3176,0.09,0.1148,0.0669,0.2035,-0.3613,0.4899,0.7977,0.722538,RMD,BRACKET_HIGH,false,false,0.683913,0.561125,0.9195,,0.3561,true
EVT-EAR-1632,Sanitation & Medical Breakthrough in Kingdom of France (Bourbon),1738,early_modern,technological,Western Europe,Kingdom of France (Bourbon),CHR-EAR-1632,2045.8,0.753,0.391,0.5654,0.225,38,0.3025,33.2,33.2,0.3414,91.4,14.8,0.4008,0.3588,0.3891,0.463,0.5315,0.5027,0.449,0.1439,0.2346,0.585,0.580833,CMN,BRACKET_BASE,false,true,0.6138978799999999,0.51487986,0.6331062,,0.2676,false
EVT-EAR-1633,Agricultural Plague Wave in Ottoman Empire,1561,early_modern,pandemic,Southeast Europe / Near East,Ottoman Empire,CHR-EAR-1633,2257.6,0.775,0.208,0.6684,0.6,16.6,0.383,33,32.8,0.3368,72.1,21.7,0.4182,0.5264,0.5046,0.017,0.2463,0.2231,0.3035,-0.3033,0.777,0.7798,0.401964,CMN,BRACKET_BASE,false,true,0.80073292,0.58349302,0.86958768,,0.4088,false
EVT-EAR-1634,Maritime Trade Hub Expansion in Dutch Republic,1580,early_modern,economic,Northwestern Europe,Dutch Republic,CHR-EAR-1634,2353.4,0.453,0.51,0.6991,0.327,14.4,0.2355,36.8,39.3,0.4167,32.2,21,0.3563,0.4616,0.4245,0.3192,0.3957,0.3306,0.3863,-0.131,0.3349,0.5818,0.726585,RMD,BRACKET_HIGH,false,false,0.39351400000000003,0.38423276000000006,0.49373349,,0.2984,false
EVT-EAR-1635,Dynastic Disintegration of Dutch Republic,1713,early_modern,collapse,Northwestern Europe,Dutch Republic,CHR-EAR-1635,2123.8,0.456,0.455,0.6554,0.65,23.2,0.441,39.2,42.3,0.4606,93.3,22.5,0.4408,0.5496,0.4814,0.1322,0.1643,0.1972,0.3049,-0.3524,0.6125,0.7399,0.633037,RMD,BRACKET_MEDIUM,false,true,0.582375,0.595875,0.9822500000000001,,0.3731,true
EVT-EAR-1636,Palatial Collapse of British Empire (Early),1658,early_modern,collapse,British Isles / Global,British Empire (Early),CHR-EAR-1636,892.4,0.565,0.733,0.2215,0.67,36.6,0.518,40,36.3,0.4332,80.4,14.5,0.39,0.5298,0.4387,0.0733,0.1019,0.2604,0.2808,-0.2694,0.4576,0.714,0.725581,RMD,BRACKET_HIGH,false,false,0.4859739,0.41450514,0.5647872,,0.403,false
EVT-EAR-1637,Mercantile Tariff Overhaul across Ottoman Empire,1607,early_modern,economic,Southeast Europe / Near East,Ottoman Empire,CHR-EAR-1637,2370.3,0.714,0.71,0.5651,0.412,49.7,0.4545,31.6,33.8,0.3277,49.3,14.8,0.3561,0.3783,0.3424,0.2288,0.385,0.2099,0.3089,-0.1684,0.3121,0.5969,0.576258,CMN,BRACKET_BASE,false,true,0.5868037700000001,0.53169552,0.73538229,,0.3163,true
EVT-EAR-1638,Constitutional Reorganization of Spanish Empire,1706,early_modern,transformation,Iberia / Americas,Spanish Empire,CHR-EAR-1638,1513.1,0.768,0.767,0.3106,0.777,46.2,0.6195,40,40.5,0.4584,57.3,18.3,0.3845,0.386,0.455,0.3352,0.5133,0.723,0.4825,0.337,0.3647,0.6949,0.857325,RMD,BRACKET_HIGH,true,false,0.31932096,0.49042527,0.52884444,,0.3593,false
EVT-EAR-1639,Succession Conflict of Tokugawa Shogunate,1786,early_modern,war,Japan,Tokugawa Shogunate,CHR-EAR-1639,1201.9,0.712,0.728,0.2588,0.745,27.2,0.5085,35,42.1,0.4141,41.9,9.8,0.3194,0.3965,0.2852,0.0024,0.1334,0.4969,0.2629,0.1004,0.3625,0.5976,0.634712,RMD,BRACKET_MEDIUM,false,true,0.58668768,0.41623697,0.44038199999999994,,0.4022,false
EVT-EAR-1640,Urban Quarantine Emergency in Tsardom & Russian Empire,1671,early_modern,pandemic,Northern Eurasia,Tsardom & Russian Empire,CHR-EAR-1640,1737,0.78,0.708,0.3825,0.794,14.6,0.47,29,32.2,0.2901,72.6,21.8,0.4192,0.4674,0.3887,0.0937,0.3007,0.4129,0.3327,-0.0545,0.7788,0.6827,0.548882,CMN,BRACKET_BASE,false,true,0.6966394499999999,0.55604095,0.75573175,,0.4011,false
EVT-EAR-1641,Printing & Communications Diffusion in Polish-Lithuanian Commonwealth,1733,early_modern,technological,Eastern Europe,Polish-Lithuanian Commonwealth,CHR-EAR-1641,2072.9,0.78,0.85,0.4266,0.327,49.4,0.4105,37.2,36.8,0.406,23.6,22.5,0.3413,0.3425,0.3631,0.4673,0.5391,0.6299,0.4684,0.2874,0.4756,0.7176,0.437547,CMN,BRACKET_BASE,false,true,0.84725,0.545625,0.682625,,0.3104,false
EVT-EAR-1642,Astronomical Standardization by Dutch Republic,1572,early_modern,technological,Northwestern Europe,Dutch Republic,CHR-EAR-1642,1144.4,0.677,0.157,0.4258,0.41,19.8,0.304,33.4,37.4,0.3687,32.5,20,0.352,0.2735,0.3279,0.4272,0.5042,0.4345,0.3935,0.161,0.448,0.6642,0.69314,RMD,BRACKET_MEDIUM,false,false,0.49363615999999993,0.52846068,0.72446612,,0.276,false
EVT-EAR-1643,Caravan Route Pestilence in British Empire (Early),1557,early_modern,pandemic,British Isles / Global,British Empire (Early),CHR-EAR-1643,1620.2,0.518,0.707,0.4313,0.74,37.5,0.5575,38.9,40.3,0.4453,79.5,14.4,0.3887,0.5214,0.4451,0,0.173,0.4366,0.3152,-0.0848,0.8101,0.6632,0.498448,CMN,BRACKET_BASE,false,true,0.5775496,0.43716637999999997,0.51347637,,0.3941,false
EVT-EAR-1644,Educational Charter of Tsardom & Russian Empire,1581,early_modern,transformation,Northern Eurasia,Tsardom & Russian Empire,CHR-EAR-1644,2238.5,0.734,0.47,0.5971,0.725,28.2,0.5035,37.1,42,0.4362,59,18,0.3851,0.4149,0.4914,0.3978,0.5852,0.6386,0.5056,0.2237,0.1599,0.5603,0.823922,RMD,BRACKET_HIGH,true,false,0.29451394999999997,0.54778475,0.49704705,,0.3298,false
EVT-EAR-1645,Territorial Rupture of Portuguese Empire,1566,early_modern,collapse,Atlantic / Indian Ocean,Portuguese Empire,CHR-EAR-1645,2327,0.567,0.162,0.7625,0.403,26.6,0.3345,42,36.8,0.4577,43.4,22.1,0.3834,0.5962,0.4894,0.1115,0.1565,0.4137,0.3535,-0.1825,0.4852,0.6166,0.780923,RMD,BRACKET_HIGH,true,false,0.43368453,0.44253536,0.5648295999999999,,0.4107,false
EVT-EAR-1646,Borderlands Pacification of Dutch Republic,1726,early_modern,war,Northwestern Europe,Dutch Republic,CHR-EAR-1646,1212.7,0.69,0.835,0.2361,0.382,30.3,0.3425,29,39.8,0.3357,82,19.3,0.4155,0.3729,0.3187,0.1045,0.1546,0.2423,0.2386,-0.1306,0.4098,0.6658,0.510607,CMN,BRACKET_BASE,false,true,0.70479618,0.53303997,0.7331528100000001,,0.3601,false
EVT-EAR-1647,Treaty System Implementation across British Empire (Early),1564,early_modern,transformation,British Isles / Global,British Empire (Early),CHR-EAR-1647,2347,0.677,0.767,0.5531,0.719,17.9,0.449,37.5,40.6,0.4321,50.1,8.5,0.3258,0.3727,0.4332,0.3566,0.5816,0.5912,0.4671,0.2185,0.3887,0.63,0.531967,CMN,BRACKET_BASE,false,true,0.6629673600000001,0.5387496,0.5443214,,0.3278,false
EVT-EAR-1648,Peasant Rebellion against Tokugawa Shogunate,1792,early_modern,revolution,Japan,Tokugawa Shogunate,CHR-EAR-1648,1309.2,0.585,0.404,0.4218,0.317,52,0.4185,37.7,33.7,0.3928,30.8,15.3,0.3246,0.4126,0.2648,0,0.2624,0.1039,0.2087,-0.3087,0.7953,0.8106,0.407636,CMN,BRACKET_BASE,false,true,0.8773135199999998,0.5469165100000001,0.85336066,,0.3952,false
EVT-EAR-1649,Continental Standoff of Safavid Empire,1567,early_modern,war,Persia,Safavid Empire,CHR-EAR-1649,1264.8,0.669,0.115,0.4718,0.391,36.7,0.379,40,39.2,0.4506,63.3,23.2,0.4162,0.3881,0.3305,0.0717,0.1663,0.1427,0.2199,-0.2454,0.3538,0.6558,0.598366,CMN,BRACKET_BASE,false,true,0.66806608,0.48534126,0.77272832,,0.357,false
EVT-EAR-1650,Sanitation & Medical Breakthrough in Tsardom & Russian Empire,1535,early_modern,technological,Northern Eurasia,Tsardom & Russian Empire,CHR-EAR-1650,1719.3,0.553,0.232,0.5888,0.445,42.3,0.434,36.8,38.8,0.4137,78.7,9.3,0.3625,0.3675,0.3882,0.4847,0.5645,0.6227,0.4855,0.2552,0.3164,0.6314,0.580624,CMN,BRACKET_BASE,false,true,0.6461336,0.5489999999999999,0.6646249999999999,,0.3024,false
EVT-EAR-1651,Navigational Instrument Reform in Dutch Republic,1685,early_modern,technological,Northwestern Europe,Dutch Republic,CHR-EAR-1651,1834,0.752,0.297,0.5392,0.837,53.9,0.688,32.9,34.2,0.3441,40.7,16.5,0.3508,0.4048,0.46,0.554,0.6533,0.6622,0.5469,0.2574,0.4445,0.6444,0.579595,CMN,BRACKET_BASE,false,true,0.46299275999999995,0.54060672,0.6775406,,0.2957,false
EVT-EAR-1652,Imperial Unification of Spanish Empire,1732,early_modern,transformation,Iberia / Americas,Spanish Empire,CHR-EAR-1652,881.9,0.53,0.758,0.2218,0.532,35,0.441,30.7,36.8,0.336,83.5,18.9,0.4148,0.2703,0.347,0.2703,0.4077,0.6142,0.3819,0.3439,0.1111,0.6937,0.954072,RMD,BRACKET_HIGH,true,false,0.44684825999999994,0.54410148,0.45466104000000007,,0.3504,false
EVT-EAR-1653,Maritime Trade Hub Expansion in Safavid Empire,1654,early_modern,economic,Persia,Safavid Empire,CHR-EAR-1653,1401.7,0.568,0.538,0.4106,0.384,42.4,0.404,36.4,35.8,0.3914,70.6,12.3,0.3696,0.3561,0.2678,0.0507,0.139,0.3423,0.2312,-0.0138,0.5793,0.6014,0.425291,CMN,BRACKET_BASE,false,true,0.71510056,0.48089052,0.6761359399999999,,0.3942,false
EVT-EAR-1654,Educational Charter of Tsardom & Russian Empire,1719,early_modern,transformation,Northern Eurasia,Tsardom & Russian Empire,CHR-EAR-1654,1656.8,0.701,0.217,0.5328,0.315,47.3,0.394,32.7,40.6,0.3804,87.4,11.6,0.3816,0.369,0.4163,0.343,0.563,0.6507,0.4684,0.2817,0.202,0.6365,0.506417,CMN,BRACKET_BASE,false,true,0.56238468,0.54764328,0.49637880000000006,,0.3423,false
EVT-EAR-1655,Epidemic Fever Outbreak across Spanish Empire,1746,early_modern,pandemic,Iberia / Americas,Spanish Empire,CHR-EAR-1655,1354.9,0.656,0.597,0.3544,0.555,19.3,0.374,31.9,40.4,0.3706,20.3,20,0.3179,0.4296,0.3941,0,0.2363,0.1589,0.2438,-0.2707,0.6038,0.7623,0.649243,RMD,BRACKET_MEDIUM,false,true,0.6082486199999999,0.49664925000000004,0.83702992,,0.4017,false
EVT-EAR-1656,Urban Quarantine Emergency in British Empire (Early),1745,early_modern,pandemic,British Isles / Global,British Empire (Early),CHR-EAR-1656,1733.8,0.633,0.366,0.5284,0.326,28.7,0.3065,38.7,37.4,0.4258,51.7,12.2,0.3466,0.4611,0.4161,0.1412,0.3242,0.2907,0.3267,-0.1704,0.831,0.7407,0.648155,RMD,BRACKET_MEDIUM,false,true,0.52611546,0.38819200000000004,0.5463959100000001,,0.3747,false
EVT-EAR-1657,Astronomical Standardization by Tsardom & Russian Empire,1606,early_modern,technological,Northern Eurasia,Tsardom & Russian Empire,CHR-EAR-1657,1200.3,0.58,0.598,0.337,0.231,22.5,0.228,29.1,42.2,0.3512,94.5,23.6,0.4472,0.2978,0.324,0.3868,0.4562,0.5266,0.3983,0.2288,0.4998,0.7411,0.576554,CMN,BRACKET_BASE,false,true,0.58235289,0.37099755000000006,0.42178096,,0.2976,false
EVT-EAR-1658,Navigational Instrument Reform in Mughal Empire,1757,early_modern,technological,South Asia,Mughal Empire,CHR-EAR-1658,1309.6,0.659,0.737,0.2998,0.329,29.4,0.3115,33.4,41,0.3903,47.9,11.7,0.3386,0.242,0.2994,0.4021,0.5575,0.3862,0.3774,0.1442,0.3476,0.6445,0.5976,CMN,BRACKET_BASE,false,true,0.6554361599999999,0.52977379,0.7034316,,0.2911,false
EVT-EAR-1659,Monastic Network Expansion of Safavid Empire,1563,early_modern,religious,Persia,Safavid Empire,CHR-EAR-1659,966.1,0.653,0.133,0.3942,0.574,36.4,0.469,37.8,33.7,0.3939,49.2,21.9,0.3915,0.4451,0.4581,0.2618,0.3995,0.6538,0.4437,0.2087,0.3737,0.6476,0.69675,RMD,BRACKET_MEDIUM,false,false,0.5499702000000001,0.5705,0.6407499999999999,,0.3861,false
EVT-EAR-1660,Strategic Siege of Ottoman Empire,1746,early_modern,war,Southeast Europe / Near East,Ottoman Empire,CHR-EAR-1660,1962.6,0.553,0.444,0.588,0.418,13.2,0.275,37.5,40.4,0.4309,80.7,14,0.3878,0.3799,0.3173,0.1155,0.2393,0.1511,0.2406,-0.2288,0.4921,0.6825,0.752149,RMD,BRACKET_HIGH,true,false,0.56995302,0.39138938,0.5450499999999999,,0.3418,false
EVT-EAR-1661,Mercantile Tariff Overhaul across Ming & Qing Dynasties,1598,early_modern,economic,East Asia,Ming & Qing Dynasties,CHR-EAR-1661,1184.6,0.755,0.17,0.4088,0.422,37.1,0.3965,33.1,38.6,0.3727,93.3,13.1,0.3938,0.3583,0.3306,0.2183,0.356,0.4262,0.3379,0.0679,0.2896,0.5624,0.825254,RMD,BRACKET_HIGH,true,false,0.43373769000000006,0.38163215000000006,0.41359245,,0.3418,false
EVT-EAR-1662,Secular Legal Separation in Ottoman Empire,1763,early_modern,religious,Southeast Europe / Near East,Ottoman Empire,CHR-EAR-1662,1962.3,0.607,0.338,0.6035,0.514,36.3,0.4385,40.1,37.3,0.4403,35.8,20.1,0.3595,0.4897,0.4811,0.3655,0.4642,0.3787,0.4358,-0.111,0.3053,0.5439,0.539353,CMN,BRACKET_BASE,false,true,0.62610882,0.47304,0.6950190199999999,,0.2954,false
EVT-EAR-1663,Maritime Trade Hub Expansion in Dutch Republic,1643,early_modern,economic,Northwestern Europe,Dutch Republic,CHR-EAR-1663,1431,0.487,0.518,0.4484,0.834,24.7,0.5405,28.8,41.4,0.3432,25.3,14.2,0.3049,0.475,0.4188,0.1687,0.3401,0.5955,0.3996,0.1205,0.4412,0.6056,0.651231,RMD,BRACKET_MEDIUM,false,true,0.47722549,0.55923408,0.64259272,,0.4021,false
EVT-EAR-1664,Bureaucratic Consolidation of Tsardom & Russian Empire,1747,early_modern,transformation,Northern Eurasia,Tsardom & Russian Empire,CHR-EAR-1664,902.3,0.761,0.356,0.2784,0.759,47.1,0.615,29.6,40,0.3434,90.8,20.2,0.4273,0.2981,0.3274,0.2033,0.434,0.3986,0.3323,0.1005,0.1253,0.5301,0.525199,CMN,BRACKET_BASE,false,true,0.7000320000000001,0.530115,0.54808397,,0.337,false
EVT-EAR-1665,Imperial Annexation War in Spanish Empire,1527,early_modern,war,Iberia / Americas,Spanish Empire,CHR-EAR-1665,943.3,0.522,0.132,0.4279,0.821,53.6,0.6785,39.9,32.8,0.4111,39.3,22.7,0.3792,0.4275,0.3274,0.1463,0.2813,0.4913,0.3348,0.0638,0.3176,0.5162,0.64609,RMD,BRACKET_MEDIUM,false,true,0.65083024,0.5038245,0.62947336,,0.3968,false
EVT-EAR-1666,Mechanical Power Harnessing in Kingdom of France (Bourbon),1633,early_modern,technological,Western Europe,Kingdom of France (Bourbon),CHR-EAR-1666,2124.6,0.523,0.619,0.5863,0.554,21.4,0.384,34.9,33.6,0.3621,67.4,17.9,0.3943,0.3785,0.4309,0.4714,0.5706,0.6781,0.5059,0.2996,0.4997,0.7168,0.669516,RMD,BRACKET_MEDIUM,false,true,0.5262387900000001,0.545875,0.647875,,0.3185,false
EVT-EAR-1667,Printing & Communications Diffusion in Ming & Qing Dynasties,1617,early_modern,technological,East Asia,Ming & Qing Dynasties,CHR-EAR-1667,1043.6,0.547,0.223,0.419,0.459,40.3,0.431,30.7,37.7,0.3414,25.3,15.3,0.3104,0.3052,0.355,0.4398,0.5019,0.4342,0.4072,0.129,0.4128,0.6241,0.663945,RMD,BRACKET_MEDIUM,false,true,0.69067309,0.54025,0.7706250000000001,,0.272,false
EVT-EAR-1668,Administrative Codification of Kingdom of France (Bourbon),1626,early_modern,transformation,Western Europe,Kingdom of France (Bourbon),CHR-EAR-1668,2349.7,0.768,0.517,0.6015,0.782,43.9,0.6105,30.4,36.8,0.3328,42.2,15,0.3459,0.4156,0.4708,0.3535,0.5397,0.6637,0.4887,0.2481,0.287,0.604,0.780388,RMD,BRACKET_HIGH,true,false,0.41828365,0.5416796,0.52754796,,0.3478,false
EVT-EAR-1669,Institutional Dissolution of Ming & Qing Dynasties,1547,early_modern,collapse,East Asia,Ming & Qing Dynasties,CHR-EAR-1669,948.9,0.46,0.239,0.4158,0.29,38.8,0.339,31.1,36.8,0.3403,81.8,14.9,0.3933,0.487,0.3712,0,0.0652,0.2131,0.2273,-0.2739,0.7059,0.7901,0.491189,CMN,BRACKET_BASE,false,true,0.6385174599999999,0.40968848,0.5618466,,0.4059,false
EVT-EAR-1670,Caravan Route Pestilence in British Empire (Early),1784,early_modern,pandemic,British Isles / Global,British Empire (Early),CHR-EAR-1670,2159.6,0.757,0.664,0.5117,0.739,31,0.5245,39.2,32.2,0.4,56.7,13.4,0.3593,0.5206,0.4526,0.0973,0.2697,0.2656,0.3212,-0.255,0.7726,0.7454,0.566807,CMN,BRACKET_BASE,false,true,0.78851923,0.581125,0.925625,,0.3935,false
EVT-EAR-1671,Military Coup d’État in Ming & Qing Dynasties,1694,early_modern,revolution,East Asia,Ming & Qing Dynasties,CHR-EAR-1671,1467.6,0.567,0.395,0.4708,0.486,26.4,0.375,36.7,32.7,0.376,94.2,11.7,0.3875,0.4752,0.3796,0.073,0.1993,0.5862,0.3427,0.111,0.6786,0.6763,0.528252,CMN,BRACKET_BASE,false,true,0.76828818,0.5238213599999999,0.68512941,,0.3991,false
EVT-EAR-1672,Sanitation & Medical Breakthrough in Tokugawa Shogunate,1780,early_modern,technological,Japan,Tokugawa Shogunate,CHR-EAR-1672,2062.8,0.455,0.553,0.6106,0.659,37.4,0.5165,29.7,36.2,0.3217,71.3,16,0.3888,0.417,0.466,0.582,0.7396,0.6392,0.5688,0.2222,0.1571,0.5719,0.914662,RMD,BRACKET_HIGH,true,false,0.2876055,0.3959206,0.42971387999999994,,0.2907,false
EVT-EAR-1673,Strategic Siege of Spanish Empire,1738,early_modern,war,Iberia / Americas,Spanish Empire,CHR-EAR-1673,1804.1,0.438,0.678,0.5114,0.38,15,0.265,30.1,38.9,0.3422,68.2,16.8,0.3896,0.4485,0.3713,0.1213,0.2682,0.319,0.3057,-0.1295,0.6877,0.7041,0.478966,CMN,BRACKET_BASE,false,true,0.6830747,0.48173439999999995,0.7666959,,0.3807,false
EVT-EAR-1674,Treaty System Implementation across Mughal Empire,1769,early_modern,transformation,South Asia,Mughal Empire,CHR-EAR-1674,1697.5,0.442,0.471,0.5448,0.226,37.5,0.3005,32.2,39.2,0.3666,85,9.5,0.3691,0.328,0.3987,0.3215,0.5271,0.4692,0.4089,0.1412,0.288,0.5965,0.775692,RMD,BRACKET_HIGH,true,false,0.5272098000000001,0.47129519999999997,0.54959493,,0.3096,false
EVT-EAR-1675,Navigational Instrument Reform in Portuguese Empire,1652,early_modern,technological,Atlantic / Indian Ocean,Portuguese Empire,CHR-EAR-1675,1450.5,0.776,0.172,0.4706,0.644,52,0.582,31.3,42.5,0.3767,41,8.6,0.3118,0.3585,0.3948,0.4628,0.6012,0.6986,0.5032,0.3401,0.2326,0.6574,0.629161,CMN,BRACKET_BASE,false,true,0.41019405,0.37577672999999995,0.34960848,,0.331,false
EVT-EAR-1676,Printing & Communications Diffusion in Dutch Republic,1582,early_modern,technological,Northwestern Europe,Dutch Republic,CHR-EAR-1676,2227.5,0.562,0.269,0.7062,0.608,45.8,0.533,39,38.7,0.4368,58.1,10.6,0.347,0.4091,0.4663,0.5596,0.7171,0.7728,0.585,0.3637,0.3993,0.6748,0.42766,CMN,BRACKET_BASE,false,true,0.667135,0.5646249999999999,0.655375,,0.33,false
EVT-EAR-1677,Administrative Codification of Spanish Empire,1643,early_modern,transformation,Iberia / Americas,Spanish Empire,CHR-EAR-1677,1668.2,0.718,0.791,0.3584,0.239,47.9,0.359,38.2,32.5,0.391,35.2,11.2,0.3138,0.2495,0.3084,0.2413,0.3879,0.4883,0.3351,0.2388,0.1901,0.6402,0.664709,RMD,BRACKET_MEDIUM,false,true,0.46862877,0.37139068,0.31810054,,0.3285,false
EVT-EAR-1678,Navigational Instrument Reform in Portuguese Empire,1520,early_modern,technological,Atlantic / Indian Ocean,Portuguese Empire,CHR-EAR-1678,949.6,0.667,0.631,0.2363,0.806,15.3,0.4795,37.2,37.7,0.4114,87.2,18.8,0.4174,0.3353,0.3633,0.4753,0.56,0.6983,0.4864,0.363,0.4878,0.7789,0.837631,RMD,BRACKET_HIGH,true,false,0.377392,0.3766581,0.40140072,,0.3295,false
EVT-EAR-1679,Civic Restoration Revolt in Polish-Lithuanian Commonwealth,1592,early_modern,revolution,Eastern Europe,Polish-Lithuanian Commonwealth,CHR-EAR-1679,1055.1,0.777,0.686,0.214,0.442,24.1,0.3415,29,36.7,0.3171,56,15.1,0.3669,0.2915,0.1117,0,0.2642,0.3431,0.2021,0.0516,0.5922,0.675,0.745569,RMD,BRACKET_HIGH,true,false,0.6272693800000001,0.48245777999999995,0.6328,,0.3975,false
EVT-EAR-1680,Treaty System Implementation across Ottoman Empire,1642,early_modern,transformation,Southeast Europe / Near East,Ottoman Empire,CHR-EAR-1680,1429.7,0.678,0.745,0.3227,0.688,30.7,0.4975,31.4,41.1,0.3694,45.5,11.8,0.3353,0.3223,0.3643,0.2171,0.45,0.6014,0.391,0.2791,0.129,0.6345,0.687861,RMD,BRACKET_MEDIUM,false,false,0.5429164000000001,0.4927099100000001,0.49462979999999995,,0.373,false
EVT-EAR-1681,Monastic Network Expansion of Tsardom & Russian Empire,1685,early_modern,religious,Northern Eurasia,Tsardom & Russian Empire,CHR-EAR-1681,2299.6,0.462,0.655,0.639,0.52,14.6,0.333,41.1,33.9,0.4306,65.8,10.9,0.3575,0.4853,0.4656,0.3097,0.4852,0.7128,0.4917,0.2275,0.3807,0.6376,0.692024,RMD,BRACKET_MEDIUM,false,false,0.41351751999999997,0.39856068,0.39550504,,0.3837,false
EVT-EAR-1682,Printing & Communications Diffusion in Tokugawa Shogunate,1663,early_modern,technological,Japan,Tokugawa Shogunate,CHR-EAR-1682,1927.3,0.695,0.888,0.4031,0.489,51.8,0.5035,31.8,39.4,0.3635,79.9,15.4,0.3941,0.3232,0.3573,0.4645,0.5814,0.4914,0.4436,0.1682,0.2877,0.6022,0.801284,RMD,BRACKET_HIGH,true,false,0.34469325,0.37042655999999996,0.439875,,0.281,false
EVT-EAR-1683,Administrative Codification of Polish-Lithuanian Commonwealth,1548,early_modern,transformation,Eastern Europe,Polish-Lithuanian Commonwealth,CHR-EAR-1683,2242.6,0.553,0.335,0.693,0.699,16,0.4295,30.5,38.7,0.3453,51.4,18.9,0.3797,0.3588,0.4144,0.3641,0.5577,0.5563,0.4503,0.1975,0.2204,0.5716,0.551671,CMN,BRACKET_BASE,false,true,0.6476264,0.53045676,0.5173789200000001,,0.3152,false
EVT-EAR-1684,Frontier Fragmentation of Spanish Empire,1532,early_modern,collapse,Iberia / Americas,Spanish Empire,CHR-EAR-1684,2052.9,0.717,0.718,0.4799,0.415,28.5,0.35,29.2,41.3,0.3469,28,18.3,0.3327,0.5037,0.3904,0.1541,0.1821,0.2922,0.3045,-0.2115,0.4459,0.6792,0.638996,RMD,BRACKET_MEDIUM,false,true,0.5531652,0.40368464,0.54455764,,0.3761,false
EVT-EAR-1685,Harbor Incursion Sickness in Tokugawa Shogunate,1616,early_modern,pandemic,Japan,Tokugawa Shogunate,CHR-EAR-1685,1992.9,0.757,0.195,0.6093,0.504,42.8,0.466,37.8,36.1,0.4083,84,20.6,0.4237,0.5586,0.5134,0.021,0.149,0.2325,0.2949,-0.3261,0.786,0.7801,0.503371,CMN,BRACKET_BASE,false,true,0.63448317,0.42900801,0.58140264,,0.4092,false
EVT-EAR-1686,Decentralization Wave across Spanish Empire,1787,early_modern,collapse,Iberia / Americas,Spanish Empire,CHR-EAR-1686,1306.9,0.463,0.42,0.453,0.374,40.2,0.388,34.8,41.9,0.4108,74.4,15.7,0.3904,0.554,0.44,0.1266,0.1717,0.2173,0.3019,-0.3367,0.6885,0.7962,0.594154,CMN,BRACKET_BASE,false,true,0.6897369600000001,0.5556118,0.8770816400000001,,0.3788,false
EVT-EAR-1687,Sanitation & Medical Breakthrough in Kingdom of France (Bourbon),1596,early_modern,technological,Western Europe,Kingdom of France (Bourbon),CHR-EAR-1687,1325.4,0.511,0.116,0.5346,0.512,46.9,0.4905,37,41.2,0.4303,43.3,23.8,0.3917,0.3975,0.4292,0.5128,0.6183,0.6413,0.5198,0.2438,0.188,0.5903,0.757,RMD,BRACKET_HIGH,true,false,0.32841405,0.552875,0.637,,0.2999,false
EVT-EAR-1688,Dynastic Disintegration of Tsardom & Russian Empire,1536,early_modern,collapse,Northern Eurasia,Tsardom & Russian Empire,CHR-EAR-1688,1464.3,0.768,0.371,0.4168,0.319,26.3,0.291,40.7,37.3,0.4467,33.1,20.1,0.3538,0.4745,0.366,0.1106,0.1362,0.0611,0.2297,-0.4134,0.6505,0.8427,0.503297,CMN,BRACKET_BASE,false,true,0.8862857000000001,0.57025,0.9857499999999999,,0.365,true
EVT-EAR-1689,Popular Uprising of Tsardom & Russian Empire,1782,early_modern,revolution,Northern Eurasia,Tsardom & Russian Empire,CHR-EAR-1689,2121.4,0.668,0.333,0.6278,0.732,30.6,0.519,32.4,33.1,0.3321,24,9.8,0.279,0.5041,0.3359,0.1047,0.3843,0.4393,0.3537,-0.0648,0.6362,0.6022,0.504313,CMN,BRACKET_BASE,false,true,0.72359871,0.51149287,0.7509888,,0.4037,false
EVT-EAR-1690,Silver Flotilla Currency Shock in Ottoman Empire,1690,early_modern,economic,Southeast Europe / Near East,Ottoman Empire,CHR-EAR-1690,1169.2,0.708,0.474,0.3278,0.346,13.5,0.2405,33.1,39.9,0.3805,65.5,9.4,0.3497,0.3299,0.2342,0.0183,0.1528,0.4542,0.2379,0.1243,0.2653,0.6211,0.767236,RMD,BRACKET_HIGH,true,false,0.6375076,0.56426656,0.6068546,,0.4043,false
EVT-EAR-1691,Educational Charter of Dutch Republic,1530,early_modern,transformation,Northwestern Europe,Dutch Republic,CHR-EAR-1691,1746.7,0.427,0.409,0.5806,0.412,45.8,0.435,31.5,38.2,0.353,53.4,18.4,0.3799,0.3474,0.389,0.28,0.4817,0.5538,0.4104,0.2064,0.3105,0.6138,0.719688,RMD,BRACKET_HIGH,false,false,0.50693,0.554125,0.5845,,0.3407,false
EVT-EAR-1692,Mechanical Power Harnessing in Spanish Empire,1733,early_modern,technological,Iberia / Americas,Spanish Empire,CHR-EAR-1692,1934.6,0.461,0.874,0.4794,0.525,24.9,0.387,40.6,32.8,0.4186,50.3,17.3,0.3701,0.3277,0.3576,0.4092,0.4826,0.5472,0.4249,0.2195,0.2477,0.6177,0.567638,CMN,BRACKET_BASE,false,true,0.5328743499999999,0.37012726,0.38546247999999994,,0.2977,false
EVT-EAR-1693,Respiratory Virulence Wave across Tokugawa Shogunate,1597,early_modern,pandemic,Japan,Tokugawa Shogunate,CHR-EAR-1693,1686.8,0.456,0.453,0.5432,0.844,19.6,0.52,32.8,35,0.3478,58.9,8.2,0.336,0.5235,0.4884,0.0407,0.1416,0.4009,0.319,-0.1226,0.8995,0.7094,0.360425,CMN,BRACKET_BASE,false,true,0.8221884,0.5939558500000001,0.7786560600000001,,0.4098,false
EVT-EAR-1694,Frontier Campaign of Mughal Empire,1623,early_modern,war,South Asia,Mughal Empire,CHR-EAR-1694,2230.8,0.451,0.594,0.6428,0.232,41.7,0.3245,41.2,34.7,0.4365,49.7,21.2,0.3887,0.5072,0.4529,0.1502,0.2589,0.498,0.3734,-0.0092,0.3176,0.5038,0.699124,RMD,BRACKET_MEDIUM,false,false,0.47990455,0.51751332,0.6854173999999998,,0.4048,false
EVT-EAR-1695,Guild Monopoly Reform in Tokugawa Shogunate,1599,early_modern,economic,Japan,Tokugawa Shogunate,CHR-EAR-1695,1632.1,0.533,0.394,0.5237,0.529,17.3,0.351,34.5,39.3,0.392,37.9,23.8,0.3821,0.4671,0.4236,0.3083,0.4117,0.4116,0.4045,-0.0555,0.6195,0.6248,0.504829,CMN,BRACKET_BASE,false,true,0.62575,0.54025,0.78775,,0.316,true
EVT-EAR-1696,Mechanical Power Harnessing in Polish-Lithuanian Commonwealth,1707,early_modern,technological,Eastern Europe,Polish-Lithuanian Commonwealth,CHR-EAR-1696,1777.9,0.489,0.214,0.6286,0.768,54.7,0.6575,36.8,42.5,0.4359,76.9,10.5,0.3668,0.4482,0.4704,0.5234,0.6451,0.5836,0.5341,0.1354,0.1704,0.4874,0.498819,CMN,BRACKET_BASE,false,true,0.5667999,0.53238411,0.59573287,,0.2767,false
EVT-EAR-1697,Fiscal Default Crisis in Safavid Empire,1758,early_modern,collapse,Persia,Safavid Empire,CHR-EAR-1697,1164.8,0.65,0.264,0.407,0.72,22.3,0.4715,30.8,38.4,0.3467,56.4,23.8,0.4109,0.5121,0.442,0.0736,0.1341,0.1585,0.2641,-0.3536,0.837,0.8464,0.451742,CMN,BRACKET_BASE,false,true,0.8088709800000001,0.5740106999999999,0.90055494,,0.3813,false
EVT-EAR-1698,Temple Bureaucracy Reorganization of Kingdom of France (Bourbon),1580,early_modern,religious,Western Europe,Kingdom of France (Bourbon),CHR-EAR-1698,1920.5,0.654,0.692,0.4725,0.491,43.7,0.464,30.4,40.9,0.3574,40.4,16.1,0.3482,0.4507,0.503,0.3739,0.519,0.6994,0.5092,0.2487,0.3215,0.6506,0.824942,RMD,BRACKET_HIGH,true,false,0.35950555,0.54538251,0.5450784399999999,,0.3534,false
EVT-EAR-1699,Borderlands Pacification of Safavid Empire,1697,early_modern,war,Persia,Safavid Empire,CHR-EAR-1699,2394.6,0.46,0.288,0.7742,0.301,47.4,0.3875,36.3,33,0.3735,57.5,17.2,0.3793,0.5151,0.4482,0.2377,0.3038,0.2307,0.3471,-0.2844,0.5372,0.6876,0.514785,CMN,BRACKET_BASE,false,true,0.6439748000000001,0.566875,0.9155000000000001,,0.3422,false
EVT-EAR-1700,Agricultural Plague Wave in British Empire (Early),1566,early_modern,pandemic,British Isles / Global,British Empire (Early),CHR-EAR-1700,1884.7,0.741,0.453,0.5088,0.513,49,0.5015,33,38.6,0.3716,28.2,17.7,0.3302,0.4731,0.4513,0,0.1067,0.1769,0.2416,-0.2962,0.9312,0.8155,0.708443,RMD,BRACKET_HIGH,false,false,0.5439836699999999,0.41240940000000004,0.5695071399999999,,0.4039,false
EVT-EAR-1701,Military Coup d’État in Kingdom of France (Bourbon),1750,early_modern,revolution,Western Europe,Kingdom of France (Bourbon),CHR-EAR-1701,1671.7,0.48,0.763,0.4392,0.789,24.8,0.5185,28.3,41.5,0.3384,64.7,14.4,0.3738,0.4439,0.3008,0.0111,0.2762,0.2605,0.2585,-0.1834,0.3756,0.6285,0.678638,RMD,BRACKET_MEDIUM,false,true,0.51627932,0.3992191,0.5221863699999999,,0.4037,false
EVT-EAR-1702,Continental Standoff of Mughal Empire,1546,early_modern,war,South Asia,Mughal Empire,CHR-EAR-1702,1442.2,0.622,0.571,0.3949,0.542,48.6,0.514,29.4,39.8,0.34,71.1,16.9,0.3931,0.4836,0.4011,0.2275,0.3345,0.4471,0.3788,-0.0365,0.5337,0.5958,0.749493,RMD,BRACKET_HIGH,true,false,0.6887892200000001,0.5623750000000001,0.778625,,0.3721,false
EVT-EAR-1703,Urban Quarantine Emergency in Polish-Lithuanian Commonwealth,1576,early_modern,pandemic,Eastern Europe,Polish-Lithuanian Commonwealth,CHR-EAR-1703,1363,0.53,0.396,0.4546,0.554,14.6,0.35,33.3,33.6,0.3448,75.7,12.5,0.3757,0.4534,0.3865,0,0.1303,0.1725,0.2285,-0.2809,0.7392,0.7941,0.414591,CMN,BRACKET_BASE,false,true,0.7821795,0.49163595,0.8191440000000001,,0.3985,false
EVT-EAR-1704,Succession Conflict of Kingdom of France (Bourbon),1711,early_modern,war,Western Europe,Kingdom of France (Bourbon),CHR-EAR-1704,1756.3,0.761,0.142,0.563,0.637,50.9,0.573,35.5,36.2,0.3841,52,19.8,0.385,0.4763,0.4088,0.124,0.3235,0.4436,0.3552,-0.0327,0.5161,0.5487,0.549646,CMN,BRACKET_BASE,false,true,0.49107009000000007,0.40046050000000005,0.48695922,,0.4008,false
EVT-EAR-1705,Agrarian Insurgency in British Empire (Early),1719,early_modern,revolution,British Isles / Global,British Empire (Early),CHR-EAR-1705,1365.6,0.755,0.768,0.2762,0.821,33.8,0.5795,36.4,42.1,0.4292,31.2,22.4,0.361,0.4902,0.4021,0.1874,0.3428,0.443,0.3731,-0.0472,0.6434,0.6236,0.460182,CMN,BRACKET_BASE,false,true,0.61349616,0.49049000000000004,0.72975366,,0.3868,false
EVT-EAR-1706,Treaty System Implementation across Mughal Empire,1682,early_modern,transformation,South Asia,Mughal Empire,CHR-EAR-1706,1554,0.48,0.773,0.4058,0.833,31,0.5715,41.3,37.9,0.4568,39.6,10.6,0.3193,0.3404,0.4087,0.2994,0.4341,0.5915,0.4148,0.2511,0.3919,0.6485,0.711386,RMD,BRACKET_HIGH,false,false,0.39141928000000004,0.38638459999999997,0.36408862000000003,,0.3406,false
EVT-EAR-1707,Civic Restoration Revolt in Ming & Qing Dynasties,1721,early_modern,revolution,East Asia,Ming & Qing Dynasties,CHR-EAR-1707,1540.7,0.584,0.757,0.3759,0.538,43.1,0.4845,33,40.5,0.383,25.8,8.3,0.2768,0.3856,0.2353,0,0.1074,0.1989,0.1854,-0.1867,0.505,0.6706,0.288962,CMN,BRACKET_BASE,false,true,0.908875,0.5646249999999999,0.83925,,0.393,true
EVT-EAR-1708,Succession Conflict of Ottoman Empire,1559,early_modern,war,Southeast Europe / Near East,Ottoman Empire,CHR-EAR-1708,1391.4,0.777,0.247,0.4325,0.489,34.1,0.415,32.3,33.2,0.3317,29.9,11.1,0.3014,0.4245,0.3504,0.1085,0.1967,0.4596,0.3079,0.0351,0.3668,0.5638,0.486995,CMN,BRACKET_BASE,false,true,0.55880536,0.5063210800000001,0.65796171,,0.401,false
EVT-EAR-1709,Radical Assembly Schism in Safavid Empire,1619,early_modern,revolution,Persia,Safavid Empire,CHR-EAR-1709,2232.8,0.461,0.128,0.7802,0.559,50,0.5295,34.8,35.5,0.3724,58.8,22.2,0.4059,0.5103,0.4268,0.116,0.2344,0.595,0.3765,0.0847,0.7638,0.6144,0.519167,CMN,BRACKET_BASE,false,true,0.6368199999999999,0.42891948,0.4799277599999999,,0.403,false
EVT-EAR-1710,Imperial Annexation War in British Empire (Early),1793,early_modern,war,British Isles / Global,British Empire (Early),CHR-EAR-1710,1278.3,0.445,0.758,0.3496,0.58,49.3,0.5365,29.9,32.7,0.3028,37.3,21,0.367,0.4009,0.3292,0.1521,0.212,0.3945,0.2977,-0.0064,0.4634,0.571,0.580836,CMN,BRACKET_BASE,false,true,0.7036441999999999,0.49511364,0.68587266,,0.3773,false
EVT-EAR-1711,Administrative Codification of Dutch Republic,1589,early_modern,transformation,Northwestern Europe,Dutch Republic,CHR-EAR-1711,2238.4,0.649,0.58,0.5896,0.797,36.5,0.581,38.9,39.8,0.4423,33,13.8,0.3221,0.4331,0.5097,0.4497,0.5991,0.7176,0.5418,0.2845,0.2027,0.5924,0.539696,CMN,BRACKET_BASE,false,true,0.50495354,0.560375,0.523125,,0.3349,false
EVT-EAR-1712,Radical Assembly Schism in Safavid Empire,1747,early_modern,revolution,Persia,Safavid Empire,CHR-EAR-1712,956.3,0.534,0.101,0.4369,0.551,51.3,0.532,30.1,39.8,0.3476,77.6,15,0.39,0.4626,0.3618,0,0.1315,0.281,0.2474,-0.1816,0.4177,0.635,0.516968,CMN,BRACKET_BASE,false,true,0.6649899100000001,0.5212928200000001,0.79796064,,0.4083,false
EVT-EAR-1713,Institutional Dissolution of Mughal Empire,1741,early_modern,collapse,South Asia,Mughal Empire,CHR-EAR-1713,2047.9,0.629,0.873,0.4585,0.511,31.1,0.411,33.8,33.9,0.352,56.7,13.3,0.3588,0.4871,0.4284,0.0579,0.106,0.0887,0.2336,-0.3984,0.5815,0.8073,0.338983,CMN,BRACKET_BASE,false,true,0.9040828299999999,0.593625,0.989375,,0.3732,true
EVT-EAR-1714,Strategic Siege of Safavid Empire,1634,early_modern,war,Persia,Safavid Empire,CHR-EAR-1714,1748.5,0.657,0.271,0.5535,0.839,48.2,0.6605,34.1,37.9,0.3792,56.5,10.8,0.346,0.4947,0.4355,0.2587,0.3519,0.4816,0.4045,-0.0131,0.6263,0.5547,0.607323,CMN,BRACKET_BASE,false,true,0.54108504,0.3961032,0.48823410000000006,,0.3701,false
EVT-EAR-1715,Guild Monopoly Reform in Ming & Qing Dynasties,1623,early_modern,economic,East Asia,Ming & Qing Dynasties,CHR-EAR-1715,1364.8,0.618,0.843,0.2946,0.246,37.3,0.3095,39.6,36.3,0.4289,84.2,12.2,0.3819,0.3045,0.2454,0.1199,0.1978,0.0673,0.187,-0.2372,0.5145,0.7318,0.63091,RMD,BRACKET_MEDIUM,false,true,0.5855510099999999,0.46605262000000003,0.75966332,,0.324,true
EVT-EAR-1716,Caravan Route Pestilence in Dutch Republic,1754,early_modern,pandemic,Northwestern Europe,Dutch Republic,CHR-EAR-1716,1414.6,0.487,0.142,0.557,0.3,53.4,0.417,28.1,41.1,0.3338,18.9,10.5,0.2652,0.4457,0.4247,0,0.1671,0.191,0.2457,-0.2547,0.8018,0.7718,0.464952,CMN,BRACKET_BASE,false,true,0.654066,0.39105382,0.54932274,,0.4011,false
EVT-EAR-1717,Civic Restoration Revolt in Dutch Republic,1604,early_modern,revolution,Northwestern Europe,Dutch Republic,CHR-EAR-1717,932.8,0.616,0.22,0.3706,0.74,48.2,0.611,38.8,41.5,0.4515,50.3,15.2,0.3596,0.5413,0.4379,0.1282,0.2559,0.4827,0.3692,-0.0586,0.46,0.5617,0.648584,RMD,BRACKET_MEDIUM,false,true,0.63048438,0.599375,0.8097500000000001,,0.4072,false
EVT-EAR-1718,Maritime Trade Hub Expansion in Polish-Lithuanian Commonwealth,1547,early_modern,economic,Eastern Europe,Polish-Lithuanian Commonwealth,CHR-EAR-1718,2283.1,0.765,0.329,0.6416,0.641,32.8,0.4845,38.9,40.4,0.4459,63.8,16.7,0.3843,0.4615,0.3828,0.1739,0.273,0.6123,0.3807,0.1508,0.5746,0.6193,0.79695,RMD,BRACKET_HIGH,true,false,0.41728338000000004,0.4051691,0.43895492,,0.4028,false
EVT-EAR-1719,Continental Standoff of Kingdom of France (Bourbon),1674,early_modern,war,Western Europe,Kingdom of France (Bourbon),CHR-EAR-1719,1792.8,0.538,0.864,0.4227,0.608,32.2,0.465,35.6,42.6,0.4236,72.3,17.9,0.3994,0.4063,0.32,0.0579,0.2354,0.1414,0.2322,-0.2649,0.3983,0.6759,0.804307,RMD,BRACKET_HIGH,true,false,0.4852791,0.38196132000000005,0.5310721500000001,,0.3733,false
EVT-EAR-1720,Fiscal Modernization in Tokugawa Shogunate,1513,early_modern,transformation,Japan,Tokugawa Shogunate,CHR-EAR-1720,1924.5,0.616,0.357,0.5854,0.51,29.6,0.403,35,33.4,0.3619,66.5,21.5,0.4113,0.3362,0.3973,0.3261,0.5338,0.5112,0.4209,0.175,0.1705,0.5646,0.511333,CMN,BRACKET_BASE,false,true,0.56864808,0.53448964,0.51830988,,0.3168,false
EVT-EAR-1721,Harbor Incursion Sickness in Kingdom of France (Bourbon),1764,early_modern,pandemic,Western Europe,Kingdom of France (Bourbon),CHR-EAR-1721,1179.6,0.498,0.696,0.3269,0.211,32.8,0.2695,39.3,33.4,0.4082,47.7,22.4,0.3918,0.3746,0.3298,0,0.1158,0.0355,0.1711,-0.3391,0.9374,0.8968,0.467345,CMN,BRACKET_BASE,false,true,0.72866556,0.3867536,0.576283,,0.3699,false
EVT-EAR-1722,Civic Restoration Revolt in Polish-Lithuanian Commonwealth,1514,early_modern,revolution,Eastern Europe,Polish-Lithuanian Commonwealth,CHR-EAR-1722,965.3,0.703,0.462,0.2803,0.712,39.8,0.555,34.2,38.7,0.3851,65.5,10.5,0.3552,0.4315,0.2626,0.0613,0.2027,0.6216,0.3159,0.1901,0.7845,0.7457,0.714818,RMD,BRACKET_HIGH,false,false,0.5127584000000001,0.42092262,0.4529476499999999,,0.3935,false
EVT-EAR-1723,Metallurgical Innovation Surge in Ming & Qing Dynasties,1509,early_modern,technological,East Asia,Ming & Qing Dynasties,CHR-EAR-1723,2209,0.671,0.61,0.5664,0.403,22.8,0.3155,36.9,39.3,0.4178,84.6,15.3,0.3977,0.3762,0.4031,0.4825,0.6238,0.6488,0.5069,0.2726,0.1918,0.6302,0.607428,CMN,BRACKET_BASE,false,true,0.5290208000000001,0.5543750000000001,0.61175,,0.3115,false
EVT-EAR-1724,Mechanical Power Harnessing in Tokugawa Shogunate,1518,early_modern,technological,Japan,Tokugawa Shogunate,CHR-EAR-1724,1052.3,0.499,0.382,0.3879,0.569,48.9,0.529,29.7,39.4,0.3409,32.4,18.6,0.3448,0.3257,0.3728,0.4199,0.5228,0.5528,0.4388,0.2271,0.3781,0.6585,0.662075,RMD,BRACKET_MEDIUM,false,true,0.426017,0.37484805,0.41295304,,0.2979,false
EVT-EAR-1725,Urban Quarantine Emergency in Portuguese Empire,1742,early_modern,pandemic,Atlantic / Indian Ocean,Portuguese Empire,CHR-EAR-1725,1085.2,0.699,0.487,0.3049,0.688,27.7,0.4825,36.3,33.8,0.3783,72.2,16.4,0.3918,0.4675,0.4224,0.0958,0.3266,0.1577,0.294,-0.3098,0.6608,0.7876,0.494576,CMN,BRACKET_BASE,false,true,0.6837795,0.508008,0.89077856,,0.3793,false
EVT-EAR-1726,Orthodoxy & Heresy Trial Wave in Tsardom & Russian Empire,1582,early_modern,religious,Northern Eurasia,Tsardom & Russian Empire,CHR-EAR-1726,1545.9,0.573,0.254,0.5315,0.232,32.8,0.28,36,37.9,0.3997,36.4,10.6,0.3132,0.4283,0.4777,0.2999,0.3763,0.6669,0.4498,0.2386,0.2742,0.6457,0.722682,RMD,BRACKET_HIGH,false,false,0.37929690000000005,0.39411339,0.3706952,,0.375,false
EVT-EAR-1727,Pantheon Reformation of Polish-Lithuanian Commonwealth,1582,early_modern,religious,Eastern Europe,Polish-Lithuanian Commonwealth,CHR-EAR-1727,1291.7,0.569,0.748,0.3189,0.427,34.3,0.385,28.6,38.8,0.3254,52.8,22,0.3971,0.3158,0.3493,0.1978,0.2768,0.4516,0.3183,0.1358,0.328,0.6309,0.552931,CMN,BRACKET_BASE,false,true,0.771344,0.5360678999999999,0.5909912100000001,,0.35,false
EVT-EAR-1728,Frontier Campaign of Tsardom & Russian Empire,1723,early_modern,war,Northern Eurasia,Tsardom & Russian Empire,CHR-EAR-1728,1487.2,0.421,0.188,0.5817,0.381,13.2,0.2565,35.2,37.7,0.3899,30.9,20.4,0.3503,0.3949,0.3342,0.0384,0.197,0.3669,0.2663,-0.028,0.4567,0.5751,0.276034,CMN,BRACKET_BASE,false,true,0.89825,0.5775,0.7721250000000001,,0.4024,true
EVT-EAR-1729,Astronomical Standardization by Portuguese Empire,1517,early_modern,technological,Atlantic / Indian Ocean,Portuguese Empire,CHR-EAR-1729,988.9,0.473,0.883,0.229,0.527,16.6,0.3465,30.5,37.9,0.3405,65.9,22.5,0.4156,0.2362,0.2903,0.3404,0.4262,0.3798,0.3346,0.1436,0.4371,0.6794,0.38783,CMN,BRACKET_BASE,false,true,0.71626725,0.5218803,0.6833735999999999,,0.2702,true
EVT-EAR-1730,Dynastic Disintegration of Tokugawa Shogunate,1599,early_modern,collapse,Japan,Tokugawa Shogunate,CHR-EAR-1730,972.5,0.528,0.606,0.2914,0.836,28.8,0.562,32.5,36.3,0.3524,68.7,10,0.3562,0.4547,0.3564,0.0365,0.076,0.0259,0.1899,-0.4288,0.494,0.8042,0.419228,CMN,BRACKET_BASE,false,true,0.64240106,0.39971148,0.59595408,,0.3758,false
EVT-EAR-1731,Popular Uprising of Ottoman Empire,1781,early_modern,revolution,Southeast Europe / Near East,Ottoman Empire,CHR-EAR-1731,1048.4,0.485,0.612,0.3221,0.621,45.1,0.536,28.7,40.1,0.3343,58,9.4,0.3409,0.3892,0.2481,0,0.2594,0.4436,0.2681,0.0544,0.537,0.6148,0.392346,CMN,BRACKET_BASE,false,true,0.6891270799999999,0.55882344,0.67106448,,0.4044,false
EVT-EAR-1732,Popular Uprising of Safavid Empire,1707,early_modern,revolution,Persia,Safavid Empire,CHR-EAR-1732,1279.5,0.486,0.491,0.4177,0.354,14.5,0.2495,29.2,37.6,0.3247,36.3,21.6,0.368,0.3721,0.2896,0.0508,0.1615,0.4592,0.2666,0.0871,0.3709,0.621,0.654861,RMD,BRACKET_MEDIUM,false,true,0.47805615000000007,0.40230476,0.42605937000000005,,0.404,false
EVT-EAR-1733,Military Coup d’État in Tokugawa Shogunate,1714,early_modern,revolution,Japan,Tokugawa Shogunate,CHR-EAR-1733,1337.2,0.58,0.718,0.3363,0.232,51.8,0.375,32.4,42.9,0.3909,82.5,10.7,0.3729,0.3609,0.267,0.0079,0.1742,0.1888,0.1998,-0.1721,0.7233,0.7384,0.476725,CMN,BRACKET_BASE,false,true,0.6361727800000001,0.38482873,0.5295330300000001,,0.3843,false
EVT-EAR-1734,Educational Charter of Ottoman Empire,1569,early_modern,transformation,Southeast Europe / Near East,Ottoman Empire,CHR-EAR-1734,1986.2,0.572,0.38,0.6076,0.383,45.1,0.417,28.2,38.9,0.3217,35.8,11.1,0.3145,0.296,0.3547,0.2466,0.4668,0.397,0.3522,0.101,0.3064,0.5592,0.584526,CMN,BRACKET_BASE,false,true,0.6506287999999999,0.54875,0.641375,,0.3133,false
EVT-EAR-1735,Pantheon Reformation of Portuguese Empire,1603,early_modern,religious,Atlantic / Indian Ocean,Portuguese Empire,CHR-EAR-1735,1732.5,0.563,0.888,0.3924,0.21,46.6,0.338,30.5,33.6,0.3147,63.1,11.7,0.3585,0.3658,0.4359,0.3313,0.4982,0.4552,0.4173,0.0894,0.4215,0.6269,0.578095,CMN,BRACKET_BASE,false,true,0.6863256400000001,0.539,0.6679999999999999,,0.2983,false
EVT-EAR-1736,Military Coup d’État in Ming & Qing Dynasties,1652,early_modern,revolution,East Asia,Ming & Qing Dynasties,CHR-EAR-1736,1513,0.579,0.627,0.4093,0.26,53,0.395,39.1,42.5,0.4607,64.9,14.1,0.3725,0.5085,0.3954,0.0189,0.2031,0.6402,0.3532,0.1317,0.6133,0.6647,0.496972,CMN,BRACKET_BASE,false,true,0.71875918,0.55802175,0.70326124,,0.4002,false
EVT-EAR-1737,Hydraulic Engineering Grid in Tokugawa Shogunate,1666,early_modern,technological,Japan,Tokugawa Shogunate,CHR-EAR-1737,888.8,0.44,0.692,0.2704,0.236,34.1,0.2885,37.3,39.6,0.4239,50.2,19.9,0.383,0.2875,0.3414,0.4329,0.566,0.633,0.4522,0.3455,0.2375,0.7285,0.616564,CMN,BRACKET_BASE,false,true,0.58887192,0.45978126,0.54100686,,0.3246,false
EVT-EAR-1738,Printing & Communications Diffusion in British Empire (Early),1600,early_modern,technological,British Isles / Global,British Empire (Early),CHR-EAR-1738,1065.8,0.618,0.245,0.3968,0.77,24.4,0.507,30.8,38.3,0.3461,89.6,15.3,0.4019,0.3201,0.3502,0.4622,0.5595,0.5418,0.4468,0.2217,0.1841,0.6083,0.60305,CMN,BRACKET_BASE,false,true,0.52274669,0.550625,0.6763750000000001,,0.287,false
EVT-EAR-1739,Temple Bureaucracy Reorganization of Portuguese Empire,1708,early_modern,religious,Atlantic / Indian Ocean,Portuguese Empire,CHR-EAR-1739,1297.2,0.602,0.389,0.4181,0.831,21.8,0.5245,32,38.2,0.3584,94.8,19.3,0.426,0.3987,0.3904,0.3001,0.432,0.4769,0.3996,0.0782,0.3487,0.5643,0.733008,RMD,BRACKET_HIGH,true,false,0.35112192000000003,0.37753704,0.41349491,,0.3209,false
EVT-EAR-1740,Treaty System Implementation across Portuguese Empire,1650,early_modern,transformation,Atlantic / Indian Ocean,Portuguese Empire,CHR-EAR-1740,1809,0.479,0.632,0.5142,0.544,30.8,0.426,37.8,37,0.4137,74.6,23.7,0.4306,0.3368,0.3817,0.265,0.4162,0.5238,0.3847,0.187,0.396,0.6269,0.591219,CMN,BRACKET_BASE,false,true,0.5192991,0.37455968,0.37335744000000004,,0.3382,false
EVT-EAR-1741,Popular Uprising of British Empire (Early),1774,early_modern,revolution,British Isles / Global,British Empire (Early),CHR-EAR-1741,2012.2,0.682,0.65,0.5003,0.764,16,0.462,34.9,34.1,0.3651,23.6,10.6,0.2818,0.3917,0.3073,0.047,0.2349,0.0506,0.2063,-0.3411,0.4697,0.7325,0.468081,CMN,BRACKET_BASE,false,true,0.83075,0.5650000000000001,0.921125,,0.3727,true
EVT-EAR-1742,Maritime Hegemony Clash in Ottoman Empire,1706,early_modern,war,Southeast Europe / Near East,Ottoman Empire,CHR-EAR-1742,1584.9,0.535,0.162,0.5806,0.3,34.3,0.3215,33.8,37.7,0.3748,93.2,8.5,0.3707,0.4671,0.3871,0.219,0.3582,0.2382,0.3339,-0.2289,0.3312,0.6449,0.568013,CMN,BRACKET_BASE,false,true,0.64377198,0.5573750000000001,0.8425,,0.3383,true
EVT-EAR-1743,Metallurgical Innovation Surge in Kingdom of France (Bourbon),1748,early_modern,technological,Western Europe,Kingdom of France (Bourbon),CHR-EAR-1743,1879.5,0.697,0.519,0.5009,0.806,31.7,0.5615,34.9,35.3,0.3723,72.5,12.1,0.3706,0.384,0.4224,0.5239,0.6111,0.6018,0.5086,0.2178,0.2786,0.6021,0.607225,CMN,BRACKET_BASE,false,true,0.5343975000000001,0.47069952,0.62871155,,0.2841,false
EVT-EAR-1744,Metallurgical Innovation Surge in Spanish Empire,1736,early_modern,technological,Iberia / Americas,Spanish Empire,CHR-EAR-1744,1946.8,0.625,0.852,0.4399,0.711,44.7,0.579,36.8,35.5,0.3939,82.7,21.8,0.4286,0.4081,0.4386,0.4944,0.578,0.6349,0.5108,0.2268,0.2637,0.6065,0.754294,RMD,BRACKET_HIGH,true,false,0.31644592000000005,0.52319724,0.5821944200000001,,0.2994,false
EVT-EAR-1745,Frontier Fragmentation of Dutch Republic,1660,early_modern,collapse,Northwestern Europe,Dutch Republic,CHR-EAR-1745,962,0.49,0.329,0.3832,0.804,15.5,0.4795,30.5,35.8,0.3279,89.9,8.6,0.3686,0.5179,0.4178,0.077,0.0977,0.1727,0.2566,-0.3452,0.706,0.8143,0.545167,CMN,BRACKET_BASE,false,true,0.63154966,0.50402088,0.85810861,,0.3843,false
EVT-EAR-1746,Hydraulic Engineering Grid in Spanish Empire,1507,early_modern,technological,Iberia / Americas,Spanish Empire,CHR-EAR-1746,1685.9,0.72,0.363,0.4908,0.392,19.7,0.2945,28.5,39.4,0.3279,37.5,22.8,0.3763,0.3103,0.3492,0.4283,0.5266,0.6086,0.4446,0.2983,0.3522,0.7122,0.688104,RMD,BRACKET_MEDIUM,false,false,0.44446484999999997,0.37115820000000005,0.39264614999999997,,0.3146,false
EVT-EAR-1747,Synod Monotheistic Mandate in Dutch Republic,1778,early_modern,religious,Northwestern Europe,Dutch Republic,CHR-EAR-1747,1398.3,0.675,0.814,0.2948,0.743,47.5,0.609,40.8,32.4,0.4184,36.7,8.8,0.3048,0.4144,0.4637,0.3582,0.4707,0.4696,0.4353,0.0552,0.2268,0.5182,0.379772,CMN,BRACKET_BASE,false,true,0.63369642,0.52593019,0.60416334,,0.29,false
EVT-EAR-1748,Coalition Defense of Ming & Qing Dynasties,1509,early_modern,war,East Asia,Ming & Qing Dynasties,CHR-EAR-1748,1923.9,0.508,0.635,0.5342,0.619,24,0.4295,29.5,34.3,0.3081,18.6,10.5,0.2641,0.3952,0.3138,0.1195,0.3148,0.3741,0.3035,-0.0211,0.5923,0.5987,0.469428,CMN,BRACKET_BASE,false,true,0.87548748,0.56075,0.773375,,0.3818,true
EVT-EAR-1749,Epidemic Fever Outbreak across Kingdom of France (Bourbon),1590,early_modern,pandemic,Western Europe,Kingdom of France (Bourbon),CHR-EAR-1749,1861.6,0.448,0.632,0.5371,0.518,18.7,0.3525,41.8,42.8,0.4916,40.1,20.4,0.3692,0.4914,0.4443,0.0152,0.1967,0.353,0.3001,-0.1384,0.8562,0.7116,0.588604,CMN,BRACKET_BASE,false,true,0.61786272,0.51582046,0.7737408,,0.4085,false
EVT-EAR-1750,Sanitation & Medical Breakthrough in Dutch Republic,1719,early_modern,technological,Northwestern Europe,Dutch Republic,CHR-EAR-1750,1313.4,0.569,0.639,0.3572,0.727,28,0.5035,36.8,35,0.3909,46.9,19.8,0.3775,0.3615,0.3862,0.4706,0.6283,0.5074,0.4708,0.1459,0.3748,0.6147,0.408129,CMN,BRACKET_BASE,false,true,0.62550752,0.48887104,0.6713116199999999,,0.283,false
EVT-EAR-1751,Constitutional Reorganization of Kingdom of France (Bourbon),1705,early_modern,transformation,Western Europe,Kingdom of France (Bourbon),CHR-EAR-1751,1433.9,0.636,0.329,0.4612,0.514,39.7,0.4555,32.9,36.3,0.3567,88,15.5,0.4016,0.3344,0.3992,0.2573,0.4843,0.5997,0.415,0.2653,0.343,0.668,0.507335,CMN,BRACKET_BASE,false,true,0.55471225,0.5494154099999999,0.55250608,,0.3598,false
EVT-EAR-1752,Strategic Siege of Spanish Empire,1612,early_modern,war,Iberia / Americas,Spanish Empire,CHR-EAR-1752,915.5,0.761,0.232,0.319,0.293,47.7,0.385,33.1,42.2,0.3943,80.2,19.5,0.4149,0.4163,0.2986,0.1419,0.3235,0.329,0.3019,-0.0873,0.6616,0.6778,0.609703,CMN,BRACKET_BASE,false,true,0.47711999999999993,0.38406577000000003,0.5052465,,0.369,false
EVT-EAR-1753,Palatial Collapse of Portuguese Empire,1523,early_modern,collapse,Atlantic / Indian Ocean,Portuguese Empire,CHR-EAR-1753,2054.4,0.493,0.338,0.6615,0.552,39.8,0.475,28.9,41.7,0.346,87.2,18.8,0.4174,0.6052,0.4923,0.2573,0.3391,0.3886,0.4165,-0.2166,0.5605,0.6647,0.478457,CMN,BRACKET_BASE,false,true,0.54909412,0.39432403,0.54751509,,0.372,false
EVT-EAR-1754,Guild Monopoly Reform in Safavid Empire,1621,early_modern,economic,Persia,Safavid Empire,CHR-EAR-1754,1933.6,0.619,0.19,0.6369,0.598,33.4,0.466,35.1,36.6,0.3822,56.7,19.8,0.3913,0.422,0.3844,0.2204,0.308,0.2272,0.3124,-0.1948,0.3244,0.5935,0.722295,RMD,BRACKET_HIGH,false,false,0.36893245,0.38345450000000003,0.5085878399999999,,0.3229,false
EVT-EAR-1755,Succession Conflict of Dutch Republic,1708,early_modern,war,Northwestern Europe,Dutch Republic,CHR-EAR-1755,947.9,0.675,0.694,0.2146,0.312,25.6,0.284,32.6,42.6,0.3913,60.1,14.2,0.3675,0.3409,0.2471,0,0.052,0.2028,0.1686,-0.1381,0.3152,0.6499,0.767549,RMD,BRACKET_HIGH,true,false,0.54982176,0.5461896,0.72011226,,0.3885,true
EVT-EAR-1756,Agricultural Plague Wave in Kingdom of France (Bourbon),1553,early_modern,pandemic,Western Europe,Kingdom of France (Bourbon),CHR-EAR-1756,2181.6,0.705,0.655,0.5356,0.509,21.2,0.3605,28.9,38,0.3238,72.4,18.1,0.4005,0.4638,0.4172,0.0628,0.2308,0.3114,0.2972,-0.1524,0.6316,0.6872,0.568991,CMN,BRACKET_BASE,false,true,0.6179342400000001,0.56129568,0.81091296,,0.3998,false
EVT-EAR-1757,Educational Charter of Ming & Qing Dynasties,1509,early_modern,transformation,East Asia,Ming & Qing Dynasties,CHR-EAR-1757,2275.2,0.617,0.133,0.7428,0.295,35.6,0.3255,36.1,38.3,0.4032,86.3,15.8,0.4017,0.4082,0.471,0.3823,0.5485,0.5339,0.4688,0.1257,0.1743,0.5207,0.530768,CMN,BRACKET_BASE,false,true,0.43577000999999993,0.47346437,0.5350461999999999,,0.304,false
EVT-EAR-1758,Palatial Collapse of British Empire (Early),1772,early_modern,collapse,British Isles / Global,British Empire (Early),CHR-EAR-1758,2309,0.506,0.467,0.6846,0.361,43.7,0.399,36.2,36.5,0.3935,39.3,22.2,0.3767,0.5651,0.5144,0.1788,0.2052,0.1799,0.3287,-0.3852,0.5292,0.7487,0.507416,CMN,BRACKET_BASE,false,true,0.59711148,0.40901028,0.6093134199999999,,0.3648,false
EVT-EAR-1759,Astronomical Standardization by Safavid Empire,1562,early_modern,technological,Persia,Safavid Empire,CHR-EAR-1759,1587.2,0.483,0.382,0.5307,0.447,51,0.4785,30.8,36.9,0.3377,46.2,9.7,0.3259,0.3421,0.3855,0.4626,0.5409,0.5582,0.4579,0.2161,0.3113,0.6225,0.507472,CMN,BRACKET_BASE,false,true,0.5949748,0.47312771000000003,0.62808867,,0.2869,false
EVT-EAR-1760,Synod Monotheistic Mandate in Tsardom & Russian Empire,1702,early_modern,religious,Northern Eurasia,Tsardom & Russian Empire,CHR-EAR-1760,1906,0.483,0.415,0.6031,0.754,25.8,0.506,29.1,34.8,0.3068,75,17,0.3975,0.4082,0.3791,0.2169,0.2875,0.63,0.3843,0.2218,0.4465,0.649,0.606735,CMN,BRACKET_BASE,false,true,0.49460952,0.3919006,0.3967145999999999,,0.3898,false
EVT-EAR-1761,Agrarian Restructuring of Safavid Empire,1541,early_modern,transformation,Persia,Safavid Empire,CHR-EAR-1761,928.6,0.574,0.432,0.3185,0.566,37.4,0.47,32.3,41.4,0.3809,40.3,17.7,0.3561,0.286,0.3654,0.2762,0.5071,0.4591,0.3788,0.1731,0.1984,0.5977,0.870248,RMD,BRACKET_HIGH,true,false,0.5277779,0.5419259599999999,0.53434452,,0.3224,false
EVT-EAR-1762,Agrarian Restructuring of Spanish Empire,1779,early_modern,transformation,Iberia / Americas,Spanish Empire,CHR-EAR-1762,1830.3,0.486,0.851,0.4519,0.308,26.7,0.2875,37.3,38.9,0.4197,54.4,19.9,0.3888,0.2782,0.302,0.2001,0.3803,0.418,0.3157,0.1398,0.3408,0.6168,0.718566,RMD,BRACKET_HIGH,false,false,0.48322137000000004,0.46432185,0.5582447500000001,,0.3289,false
EVT-EAR-1763,Constitutional Reorganization of Dutch Republic,1629,early_modern,transformation,Northwestern Europe,Dutch Republic,CHR-EAR-1763,1103.8,0.688,0.419,0.3334,0.578,43.1,0.5045,31.3,41.4,0.3701,69.7,12,0.3672,0.3156,0.3865,0.2448,0.4509,0.5156,0.3827,0.2,0.164,0.5978,0.616983,CMN,BRACKET_BASE,false,true,0.4573901799999999,0.38738517,0.34524055,,0.3451,false
EVT-EAR-1764,Navigational Instrument Reform in Ming & Qing Dynasties,1697,early_modern,technological,East Asia,Ming & Qing Dynasties,CHR-EAR-1764,2340.6,0.441,0.294,0.7642,0.36,42.9,0.3945,34.9,39.9,0.3999,31.7,18.2,0.3412,0.423,0.4606,0.5545,0.6435,0.6505,0.5464,0.2275,0.1548,0.5578,0.717881,RMD,BRACKET_HIGH,false,false,0.50670846,0.55375,0.653,,0.2889,false
EVT-EAR-1765,Imperial Annexation War in Polish-Lithuanian Commonwealth,1735,early_modern,war,Eastern Europe,Polish-Lithuanian Commonwealth,CHR-EAR-1765,1902.3,0.661,0.506,0.5215,0.773,16.9,0.471,31.8,33,0.3251,76.7,14.6,0.3871,0.3832,0.3107,0.1553,0.2974,0.385,0.3063,0.0018,0.4974,0.5577,0.502486,CMN,BRACKET_BASE,false,true,0.6843423599999999,0.53823411,0.6868390099999999,,0.3686,false
EVT-EAR-1766,Strategic Siege of Spanish Empire,1662,early_modern,war,Iberia / Americas,Spanish Empire,CHR-EAR-1766,1597.2,0.665,0.395,0.4748,0.265,15.8,0.2115,37.1,35.4,0.3966,36.5,16.5,0.3429,0.4315,0.3582,0.0217,0.1548,0.4891,0.2911,0.0576,0.4412,0.609,0.427884,CMN,BRACKET_BASE,false,true,0.54955518,0.41642986000000004,0.4580864,,0.4051,false
EVT-EAR-1767,Respiratory Virulence Wave across Mughal Empire,1503,early_modern,pandemic,South Asia,Mughal Empire,CHR-EAR-1767,1410.3,0.679,0.29,0.4539,0.511,46.5,0.488,39.7,33.4,0.4126,57,12.3,0.3541,0.4873,0.4574,0.1126,0.2134,0.1564,0.2854,-0.3309,0.6828,0.7762,0.400655,CMN,BRACKET_BASE,false,true,0.5878619099999999,0.40076207999999997,0.60116742,,0.3665,false
EVT-EAR-1768,Coalition Defense of Ottoman Empire,1739,early_modern,war,Southeast Europe / Near East,Ottoman Empire,CHR-EAR-1768,1665,0.574,0.272,0.5565,0.409,42.5,0.417,35.8,39.4,0.4066,31.6,16.1,0.3304,0.4668,0.3707,0.0592,0.1425,0.2599,0.2598,-0.2069,0.5239,0.6657,0.371347,CMN,BRACKET_BASE,false,true,0.91030606,0.58025,0.8816250000000001,,0.397,true
EVT-EAR-1769,Maritime Trade Hub Expansion in Spanish Empire,1684,early_modern,economic,Iberia / Americas,Spanish Empire,CHR-EAR-1769,2176.4,0.728,0.181,0.6696,0.231,44.5,0.338,31.3,40.6,0.3653,23.6,15.4,0.3058,0.4537,0.3876,0.2701,0.385,0.4526,0.3898,-0.0011,0.5451,0.5609,0.595261,CMN,BRACKET_BASE,false,true,0.5208176700000001,0.36995057,0.44984999999999997,,0.3459,false
EVT-EAR-1770,Fiscal Default Crisis in Spanish Empire,1568,early_modern,collapse,Iberia / Americas,Spanish Empire,CHR-EAR-1770,1577.5,0.436,0.678,0.4535,0.818,37.1,0.5945,34.7,39.5,0.3953,20.9,17.7,0.3085,0.5412,0.4853,0.1927,0.2359,0.1637,0.3238,-0.3775,0.8371,0.8266,0.47364,CMN,BRACKET_BASE,false,true,0.7410527800000001,0.49144732,0.8855500000000001,,0.3616,false
EVT-EAR-1771,Palatial Collapse of Spanish Empire,1637,early_modern,collapse,Iberia / Americas,Spanish Empire,CHR-EAR-1771,2378.8,0.731,0.656,0.5784,0.319,29.3,0.306,32.1,37.4,0.3547,60,14.8,0.3704,0.4819,0.3806,0.1576,0.1977,0.1916,0.2819,-0.2903,0.4243,0.707,0.626452,CMN,BRACKET_BASE,false,true,0.7036897,0.5457575800000001,0.82371156,,0.3476,false
EVT-EAR-1772,Popular Uprising of British Empire (Early),1569,early_modern,revolution,British Isles / Global,British Empire (Early),CHR-EAR-1772,1708.5,0.461,0.166,0.6334,0.84,20.5,0.5225,33.4,33.1,0.3429,67.5,20.8,0.4089,0.5122,0.4175,0.0989,0.3253,0.3725,0.3453,-0.1397,0.4552,0.5944,0.603153,CMN,BRACKET_BASE,false,true,0.58582099,0.5052426400000001,0.7670596,,0.402,false
EVT-EAR-1773,Sanitation & Medical Breakthrough in Tokugawa Shogunate,1530,early_modern,technological,Japan,Tokugawa Shogunate,CHR-EAR-1773,1831.1,0.746,0.799,0.3897,0.511,18.5,0.348,41.9,40.6,0.4794,41.9,17.4,0.3574,0.3312,0.3643,0.4197,0.5344,0.6639,0.4627,0.3327,0.1539,0.6656,0.70408,RMD,BRACKET_HIGH,false,false,0.43889905,0.38877103999999996,0.3420414,,0.3303,false
EVT-EAR-1774,Synod Monotheistic Mandate in Dutch Republic,1611,early_modern,religious,Northwestern Europe,Dutch Republic,CHR-EAR-1774,1860.8,0.752,0.2,0.5753,0.692,28.6,0.489,38.2,35.2,0.4072,65.1,10.7,0.3558,0.4173,0.4232,0.2644,0.4098,0.5301,0.409,0.1128,0.5374,0.6045,0.642597,RMD,BRACKET_MEDIUM,false,true,0.5137785100000001,0.37435404,0.41572950000000003,,0.3588,false
EVT-EAR-1775,Institutional Dissolution of Kingdom of France (Bourbon),1665,early_modern,collapse,Western Europe,Kingdom of France (Bourbon),CHR-EAR-1775,925.9,0.473,0.84,0.2257,0.31,48.6,0.398,39.3,37.2,0.431,74.5,12.9,0.3765,0.4417,0.3602,0,0.0719,0.1711,0.209,-0.2706,0.5959,0.7669,0.4741,CMN,BRACKET_BASE,false,true,0.80675595,0.55432512,0.8368616600000001,,0.3987,false
EVT-EAR-1776,Temple Bureaucracy Reorganization of British Empire (Early),1639,early_modern,religious,British Isles / Global,British Empire (Early),CHR-EAR-1776,2220.5,0.512,0.492,0.6525,0.398,50.1,0.4495,36.1,35.7,0.3876,80,9.5,0.3647,0.4381,0.4716,0.3743,0.4381,0.5079,0.446,0.0698,0.2646,0.5104,0.600211,CMN,BRACKET_BASE,false,true,0.37197252,0.38040261999999997,0.4089348,,0.2972,false
EVT-EAR-1777,Frontier Fragmentation of Tokugawa Shogunate,1635,early_modern,collapse,Japan,Tokugawa Shogunate,CHR-EAR-1777,1940.5,0.628,0.747,0.4689,0.63,18.5,0.4075,40.5,35.4,0.4332,18.2,8.1,0.2505,0.5391,0.4261,0.0359,0.1315,0.1094,0.2484,-0.4297,0.5955,0.8145,0.38138,CMN,BRACKET_BASE,false,true,0.7472674,0.58612884,0.9201566399999999,,0.3881,false
EVT-EAR-1778,Debt Crisis Settlement of Tsardom & Russian Empire,1551,early_modern,economic,Northern Eurasia,Tsardom & Russian Empire,CHR-EAR-1778,910.8,0.743,0.562,0.2242,0.612,13.8,0.375,29.4,38.6,0.3328,67.5,9,0.3499,0.3974,0.3183,0.1492,0.2509,0.358,0.2948,-0.0394,0.5621,0.652,0.624016,CMN,BRACKET_BASE,false,true,0.62056956,0.47892920000000005,0.70221727,,0.3681,false
EVT-EAR-1779,Respiratory Virulence Wave across Tsardom & Russian Empire,1513,early_modern,pandemic,Northern Eurasia,Tsardom & Russian Empire,CHR-EAR-1779,1368.1,0.593,0.103,0.5249,0.216,28.4,0.25,37.6,35.9,0.4049,58.2,12.8,0.3582,0.4226,0.3881,0.0185,0.1684,0.3878,0.2771,-0.0348,0.8385,0.6814,0.630529,RMD,BRACKET_MEDIUM,false,true,0.54543632,0.40885184,0.5001920000000001,,0.4078,false
EVT-EAR-1780,Maritime Hegemony Clash in Polish-Lithuanian Commonwealth,1737,early_modern,war,Eastern Europe,Polish-Lithuanian Commonwealth,CHR-EAR-1780,1911.6,0.445,0.317,0.6454,0.723,38.1,0.552,28.1,40.2,0.3284,33.8,10,0.3048,0.5193,0.4463,0.1753,0.3522,0.6653,0.4317,0.146,0.6902,0.6525,0.612257,CMN,BRACKET_BASE,false,true,0.4435511999999999,0.4047475,0.46064474000000005,,0.4019,false
EVT-EAR-1781,Radical Assembly Schism in Ming & Qing Dynasties,1739,early_modern,revolution,East Asia,Ming & Qing Dynasties,CHR-EAR-1781,1178,0.653,0.212,0.4251,0.492,24.7,0.3695,28.1,38.4,0.3176,58,9.3,0.3404,0.3931,0.2826,0,0.2625,0.4892,0.2855,0.0961,0.6723,0.6831,0.63675,RMD,BRACKET_MEDIUM,false,true,0.7845373999999999,0.58325,0.745625,,0.4013,false
EVT-EAR-1782,Agrarian Insurgency in Mughal Empire,1653,early_modern,revolution,South Asia,Mughal Empire,CHR-EAR-1782,1156.3,0.488,0.863,0.2737,0.704,34.8,0.526,32.2,33.3,0.3312,88.2,20.7,0.4277,0.3995,0.2284,0,0.1704,0.0962,0.1789,-0.3033,0.7724,0.8172,0.507122,CMN,BRACKET_BASE,false,true,0.6388231299999999,0.38062535,0.55383504,,0.3826,false
EVT-EAR-1783,Popular Uprising of Ottoman Empire,1567,early_modern,revolution,Southeast Europe / Near East,Ottoman Empire,CHR-EAR-1783,1565.4,0.751,0.664,0.3601,0.401,46,0.4305,39.4,37.3,0.4327,72.6,17.2,0.3962,0.4847,0.3177,0.0286,0.2511,0.3926,0.2949,-0.0921,0.5827,0.6419,0.459762,CMN,BRACKET_BASE,false,true,0.72184795,0.49959969,0.73607206,,0.4052,false
EVT-EAR-1784,Imperial Annexation War in Tsardom & Russian Empire,1718,early_modern,war,Northern Eurasia,Tsardom & Russian Empire,CHR-EAR-1784,2075.2,0.689,0.217,0.6444,0.413,47.4,0.4435,35.5,32.3,0.3607,27.5,21.3,0.3464,0.4043,0.3472,0.0818,0.1816,0.3737,0.2777,-0.0306,0.5656,0.5706,0.459403,CMN,BRACKET_BASE,false,true,0.7426702399999999,0.49852112,0.7124538300000001,,0.3967,false
EVT-EAR-1785,Coalition Defense of Ming & Qing Dynasties,1752,early_modern,war,East Asia,Ming & Qing Dynasties,CHR-EAR-1785,2346.5,0.721,0.473,0.628,0.808,33.2,0.57,40.5,39.3,0.4566,55.8,13.7,0.3596,0.5454,0.4802,0.2113,0.3072,0.2715,0.3631,-0.2739,0.656,0.6937,0.385542,CMN,BRACKET_BASE,false,true,0.75877921,0.5004616,0.85832031,,0.357,false
EVT-EAR-1786,Caravan Route Pestilence in Tsardom & Russian Empire,1563,early_modern,pandemic,Northern Eurasia,Tsardom & Russian Empire,CHR-EAR-1786,1652.7,0.547,0.155,0.5965,0.772,43.4,0.603,28.4,38.6,0.3221,25.2,12.7,0.2971,0.5528,0.4858,0.1728,0.3385,0.4569,0.4014,-0.0959,0.7065,0.6302,0.562327,CMN,BRACKET_BASE,false,true,0.54026187,0.40370645000000005,0.52518168,,0.4002,false
EVT-EAR-1787,Respiratory Virulence Wave across Safavid Empire,1515,early_modern,pandemic,Persia,Safavid Empire,CHR-EAR-1787,1910.9,0.771,0.282,0.5579,0.238,13.9,0.1885,40.7,40.9,0.4683,33.2,15.8,0.3325,0.4068,0.3356,0.0456,0.1971,0.0759,0.2122,-0.3309,0.8881,0.8485,0.425359,CMN,BRACKET_BASE,false,true,0.9832273800000001,0.55775,0.935,,0.3684,true
EVT-EAR-1788,Frontier Fragmentation of Polish-Lithuanian Commonwealth,1562,early_modern,collapse,Eastern Europe,Polish-Lithuanian Commonwealth,CHR-EAR-1788,1237.6,0.646,0.288,0.4198,0.845,39.5,0.62,33.4,32.9,0.3417,68.1,16.4,0.3875,0.5688,0.4715,0.0891,0.1231,0.1785,0.2862,-0.3903,0.7276,0.8154,0.618312,CMN,BRACKET_BASE,false,true,0.50872243,0.4156806,0.59923773,,0.3882,false
EVT-EAR-1789,Maritime Trade Hub Expansion in Safavid Empire,1617,early_modern,economic,Persia,Safavid Empire,CHR-EAR-1789,1685.9,0.702,0.811,0.3618,0.26,20.7,0.2335,39.3,42.7,0.464,26.6,22.1,0.348,0.3447,0.2588,0.1015,0.1832,0.2683,0.2313,-0.0764,0.5406,0.6475,0.480948,CMN,BRACKET_BASE,false,true,0.7227374,0.5223931199999999,0.7104391,,0.359,false
EVT-EAR-1790,Civic Restoration Revolt in Kingdom of France (Bourbon),1711,early_modern,revolution,Western Europe,Kingdom of France (Bourbon),CHR-EAR-1790,1326.8,0.529,0.797,0.3252,0.601,49.7,0.549,29.8,33.7,0.3077,59.6,8.2,0.3369,0.42,0.3232,0.0416,0.1515,0.1783,0.2229,-0.2417,0.4699,0.7007,0.543554,CMN,BRACKET_BASE,false,true,0.5445882000000001,0.38666615000000004,0.53466099,,0.3819,false
EVT-EAR-1791,Temple Bureaucracy Reorganization of Kingdom of France (Bourbon),1513,early_modern,religious,Western Europe,Kingdom of France (Bourbon),CHR-EAR-1791,910.9,0.754,0.764,0.1603,0.678,19.5,0.4365,30.9,37,0.3394,34.3,15.5,0.3334,0.363,0.3635,0.2627,0.336,0.3082,0.3267,-0.0548,0.4432,0.63,0.614483,CMN,BRACKET_BASE,false,true,0.5643358199999999,0.527875,0.7492500000000001,,0.2802,true
EVT-EAR-1792,Constitutional Reorganization of Ottoman Empire,1647,early_modern,transformation,Southeast Europe / Near East,Ottoman Empire,CHR-EAR-1792,2222,0.767,0.143,0.6811,0.815,46.1,0.638,32.9,33.7,0.3411,87.2,11.7,0.3819,0.4433,0.5166,0.4188,0.6097,0.6136,0.5204,0.1703,0.1019,0.4984,0.511099,CMN,BRACKET_BASE,false,true,0.59164908,0.56025,0.540875,,0.3183,false
EVT-EAR-1793,Fiscal Default Crisis in Ming & Qing Dynasties,1629,early_modern,collapse,East Asia,Ming & Qing Dynasties,CHR-EAR-1793,2393,0.638,0.315,0.7123,0.599,34.8,0.4735,40.2,36.4,0.4359,59.1,9.2,0.3413,0.6075,0.5174,0.2604,0.3426,0.2277,0.3911,-0.3798,0.5948,0.7405,0.508297,CMN,BRACKET_BASE,false,true,0.6743108999999999,0.5096685000000001,0.90671319,,0.3624,false
EVT-EAR-1794,Military Coup d’État in Kingdom of France (Bourbon),1517,early_modern,revolution,Western Europe,Kingdom of France (Bourbon),CHR-EAR-1794,1061.6,0.446,0.13,0.4818,0.843,18.5,0.514,28.1,35,0.2972,69.2,12.8,0.3707,0.4376,0.3306,0,0.1798,0.5223,0.2941,0.0847,0.6254,0.6381,0.672015,RMD,BRACKET_MEDIUM,false,true,0.5809375999999999,0.61075,0.762875,,0.3915,false
EVT-EAR-1795,Administrative Codification of Safavid Empire,1531,early_modern,transformation,Persia,Safavid Empire,CHR-EAR-1795,1936.9,0.559,0.595,0.5343,0.641,16.5,0.403,34.6,34,0.3612,78.4,20.5,0.4182,0.31,0.3319,0.2006,0.3948,0.4559,0.3386,0.1459,0.268,0.581,0.733632,RMD,BRACKET_HIGH,true,false,0.552625,0.55075,0.613,,0.3479,true
EVT-EAR-1796,Printing & Communications Diffusion in Mughal Empire,1511,early_modern,technological,South Asia,Mughal Empire,CHR-EAR-1796,2248.6,0.755,0.837,0.4833,0.797,33.5,0.566,30.4,39.1,0.3466,24.3,22.9,0.3454,0.3849,0.4414,0.5419,0.6882,0.7064,0.5526,0.3215,0.1778,0.6387,0.486341,CMN,BRACKET_BASE,false,true,0.54651825,0.56175,0.6327499999999999,,0.3171,false
EVT-EAR-1797,Maritime Hegemony Clash in British Empire (Early),1696,early_modern,war,British Isles / Global,British Empire (Early),CHR-EAR-1797,1182.7,0.72,0.889,0.2032,0.59,13.8,0.364,36,33.4,0.3727,76.4,17.7,0.4023,0.4018,0.3253,0.1261,0.2595,0.1318,0.2489,-0.27,0.4993,0.7596,0.367575,CMN,BRACKET_BASE,false,true,0.84365856,0.52924872,0.8095854,,0.3481,false
EVT-EAR-1798,Guild Monopoly Reform in Tokugawa Shogunate,1770,early_modern,economic,Japan,Tokugawa Shogunate,CHR-EAR-1798,1011.5,0.445,0.533,0.3483,0.651,47.6,0.5635,40.8,32.8,0.4208,78.4,11.9,0.3752,0.4107,0.33,0.1178,0.2838,0.2887,0.2862,-0.122,0.3072,0.5728,0.418757,CMN,BRACKET_BASE,false,true,0.739466,0.54507408,0.73206624,,0.3722,true
EVT-EAR-1799,Mercantile Tariff Overhaul across Portuguese Empire,1759,early_modern,economic,Atlantic / Indian Ocean,Portuguese Empire,CHR-EAR-1799,1870.6,0.58,0.885,0.4239,0.415,22.1,0.318,35.6,34.3,0.3738,59.4,20.5,0.3981,0.3555,0.2892,0.0372,0.1999,0.3713,0.2506,0.0158,0.3857,0.5676,0.670405,RMD,BRACKET_MEDIUM,false,true,0.47694675999999997,0.3901866,0.44452782,,0.3988,false
EVT-EAR-1800,Judicial Standard Reform in Safavid Empire,1757,early_modern,transformation,Persia,Safavid Empire,CHR-EAR-1800,2180.9,0.674,0.855,0.4848,0.72,18.8,0.454,38,40.2,0.435,52.9,15.1,0.3627,0.3235,0.4025,0.3141,0.4642,0.4258,0.386,0.1023,0.3277,0.5611,0.486755,CMN,BRACKET_BASE,false,true,0.7161372,0.541625,0.6408750000000001,,0.295,true
EVT-EAR-1801,Constitutional Reorganization of Ottoman Empire,1696,early_modern,transformation,Southeast Europe / Near East,Ottoman Empire,CHR-EAR-1801,951.9,0.7,0.73,0.1973,0.228,21.3,0.2205,34.8,37.3,0.3832,72,8.3,0.3511,0.1902,0.2649,0.2063,0.3453,0.3771,0.2768,0.1869,0.3378,0.6952,0.78549,RMD,BRACKET_HIGH,true,false,0.66044784,0.51181686,0.54430437,,0.3083,false
EVT-EAR-1802,Silver Flotilla Currency Shock in Tokugawa Shogunate,1697,early_modern,economic,Japan,Tokugawa Shogunate,CHR-EAR-1802,2326.7,0.716,0.879,0.5026,0.754,40.8,0.581,39.1,35.5,0.4187,58.2,13.9,0.3637,0.4545,0.3869,0.1728,0.3182,0.5679,0.3801,0.1134,0.3832,0.5617,0.507913,CMN,BRACKET_BASE,false,true,0.68250602,0.56394322,0.63080304,,0.3998,false
EVT-EAR-1803,Mechanical Power Harnessing in British Empire (Early),1611,early_modern,technological,British Isles / Global,British Empire (Early),CHR-EAR-1803,946.6,0.473,0.411,0.3597,0.732,51,0.621,39.1,38.3,0.4355,23.2,14.9,0.3021,0.3644,0.4226,0.4716,0.6249,0.66,0.5087,0.2956,0.4606,0.6923,0.788699,RMD,BRACKET_HIGH,true,false,0.35665897,0.47053512000000003,0.5873107499999999,,0.3185,false
EVT-EAR-1804,Agrarian Restructuring of Polish-Lithuanian Commonwealth,1501,early_modern,transformation,Eastern Europe,Polish-Lithuanian Commonwealth,CHR-EAR-1804,1666.9,0.688,0.101,0.5741,0.682,20.9,0.4455,38.7,41.8,0.4522,44.3,22.9,0.3889,0.3908,0.419,0.2694,0.4288,0.6621,0.434,0.2713,0.2836,0.6266,0.584623,CMN,BRACKET_BASE,false,true,0.7033682,0.568875,0.595125,,0.3757,false
EVT-EAR-1805,Institutional Dissolution of Polish-Lithuanian Commonwealth,1551,early_modern,collapse,Eastern Europe,Polish-Lithuanian Commonwealth,CHR-EAR-1805,2247.8,0.65,0.577,0.5926,0.359,47.2,0.4155,31.2,36.8,0.3414,44.7,8.9,0.3196,0.5061,0.4481,0.1439,0.1774,0.0687,0.2688,-0.4374,0.526,0.7953,0.540048,CMN,BRACKET_BASE,false,true,0.59159826,0.50795205,0.9052465799999999,,0.3692,false
EVT-EAR-1806,Dynastic Disintegration of Polish-Lithuanian Commonwealth,1544,early_modern,collapse,Eastern Europe,Polish-Lithuanian Commonwealth,CHR-EAR-1806,1153.1,0.581,0.642,0.3113,0.666,32.4,0.495,37.2,32.7,0.3814,29.6,22.8,0.3592,0.5363,0.4825,0.1719,0.204,0.3384,0.3466,-0.1979,0.6571,0.723,0.44263,CMN,BRACKET_BASE,false,true,0.7435535999999999,0.48718998999999996,0.7941343200000001,,0.3864,false
EVT-EAR-1807,Borderlands Pacification of Kingdom of France (Bourbon),1542,early_modern,war,Western Europe,Kingdom of France (Bourbon),CHR-EAR-1807,2189.6,0.481,0.54,0.6394,0.625,16.6,0.3955,30.9,32.7,0.3136,55.4,14,0.3606,0.4313,0.3298,0.1169,0.1725,0.4751,0.3051,0.0438,0.378,0.5459,0.402426,CMN,BRACKET_BASE,false,true,0.8125662300000001,0.56744239,0.6639134,,0.4022,false
EVT-EAR-1808,Bureaucratic Consolidation of Dutch Republic,1585,early_modern,transformation,Northwestern Europe,Dutch Republic,CHR-EAR-1808,1558.5,0.636,0.424,0.4648,0.518,43,0.474,36.7,38.1,0.4084,75.7,15.5,0.3907,0.3444,0.3855,0.2378,0.4205,0.4931,0.3763,0.1487,0.3056,0.5846,0.597276,CMN,BRACKET_BASE,false,true,0.432798,0.37436272000000004,0.37718912000000004,,0.349,false
EVT-EAR-1809,Secular Legal Separation in Mughal Empire,1524,early_modern,religious,South Asia,Mughal Empire,CHR-EAR-1809,1028,0.734,0.412,0.3021,0.611,40.5,0.508,41.7,39.4,0.4701,32.3,8.4,0.2935,0.4076,0.4832,0.3282,0.459,0.5809,0.4518,0.1733,0.535,0.6653,0.523333,CMN,BRACKET_BASE,false,true,0.5745715800000001,0.38029199999999996,0.40131504,,0.3421,false
EVT-EAR-1810,Monastic Network Expansion of Spanish Empire,1647,early_modern,religious,Iberia / Americas,Spanish Empire,CHR-EAR-1810,1912,0.526,0.875,0.4538,0.334,52.4,0.429,38.1,41,0.4409,52.9,17.3,0.3737,0.3857,0.4191,0.2339,0.3349,0.4155,0.3578,0.0298,0.4765,0.5667,0.697205,RMD,BRACKET_MEDIUM,false,false,0.54562794,0.46452458,0.64248765,,0.3433,false
EVT-EAR-1811,Astronomical Standardization by Ming & Qing Dynasties,1759,early_modern,technological,East Asia,Ming & Qing Dynasties,CHR-EAR-1811,1776.4,0.741,0.228,0.5484,0.602,13.2,0.367,28.5,37.4,0.3159,87.2,19.1,0.4189,0.359,0.4015,0.4688,0.5857,0.6735,0.4977,0.3145,0.181,0.6604,0.596352,CMN,BRACKET_BASE,false,true,0.54391546,0.47121825,0.5248898,,0.3212,false
EVT-EAR-1812,Guild Monopoly Reform in Ottoman Empire,1597,early_modern,economic,Southeast Europe / Near East,Ottoman Empire,CHR-EAR-1812,1283.2,0.753,0.218,0.4205,0.821,32.7,0.574,38.6,32.6,0.3959,38.9,8.5,0.3075,0.4131,0.3556,0.0773,0.212,0.2672,0.265,-0.1459,0.5945,0.6489,0.526652,CMN,BRACKET_BASE,false,true,0.64621968,0.54596865,0.7848153999999999,,0.3848,false
EVT-EAR-1813,Educational Charter of Dutch Republic,1504,early_modern,transformation,Northwestern Europe,Dutch Republic,CHR-EAR-1813,1989.3,0.645,0.503,0.5496,0.595,32.8,0.4615,28.6,34.7,0.3008,42.3,16.5,0.3536,0.33,0.3564,0.2849,0.5329,0.588,0.4184,0.258,0.362,0.663,0.731384,RMD,BRACKET_HIGH,true,false,0.47271394000000005,0.38062024000000005,0.35000352,,0.3409,false
EVT-EAR-1814,Frontier Campaign of Spanish Empire,1739,early_modern,war,Iberia / Americas,Spanish Empire,CHR-EAR-1814,1300.9,0.62,0.122,0.4938,0.447,25,0.3485,40.3,39.9,0.458,94.9,21.3,0.436,0.4325,0.3448,0.0624,0.1375,0.5654,0.3085,0.1329,0.5092,0.634,0.609961,CMN,BRACKET_BASE,false,true,0.53780076,0.42817985999999997,0.45896331,,0.4043,false
EVT-EAR-1815,Harbor Incursion Sickness in Ottoman Empire,1596,early_modern,pandemic,Southeast Europe / Near East,Ottoman Empire,CHR-EAR-1815,1493.9,0.524,0.68,0.405,0.286,25.9,0.2725,29,39,0.3309,86.4,10.7,0.3763,0.3762,0.3273,0,0.1463,0.1613,0.2022,-0.2149,0.7438,0.7807,0.518653,CMN,BRACKET_BASE,false,true,0.59931768,0.37899729,0.5321382400000001,,0.3859,false
EVT-EAR-1816,Caravan Route Pestilence in Polish-Lithuanian Commonwealth,1666,early_modern,pandemic,Eastern Europe,Polish-Lithuanian Commonwealth,CHR-EAR-1816,928.4,0.591,0.845,0.1894,0.368,39.3,0.3805,31.2,34.1,0.3252,41.2,22.4,0.3811,0.3641,0.317,0,0.2247,0.0171,0.1846,-0.347,0.7769,0.8773,0.357604,CMN,BRACKET_BASE,false,true,0.9970982500000001,0.55725,0.94175,,0.3811,true
EVT-EAR-1817,Continental Standoff of Ming & Qing Dynasties,1755,early_modern,war,East Asia,Ming & Qing Dynasties,CHR-EAR-1817,1327.7,0.536,0.877,0.2994,0.444,51.9,0.4815,32.7,34.7,0.345,89.4,15.1,0.4007,0.4256,0.3482,0.1158,0.3112,0.3162,0.3034,-0.1094,0.4372,0.6295,0.530099,CMN,BRACKET_BASE,false,true,0.8242135199999999,0.5623750000000001,0.806875,,0.3794,true
EVT-EAR-1818,Debt Crisis Settlement of Polish-Lithuanian Commonwealth,1555,early_modern,economic,Eastern Europe,Polish-Lithuanian Commonwealth,CHR-EAR-1818,1794.5,0.696,0.272,0.5533,0.345,28.5,0.315,28.9,33.1,0.2944,88,14.5,0.3966,0.3689,0.2835,0.1231,0.2125,0.4932,0.2962,0.1243,0.5264,0.6543,0.860703,RMD,BRACKET_HIGH,true,false,0.47982240000000004,0.39160133999999996,0.41778177,,0.3927,false
EVT-EAR-1819,Temple Bureaucracy Reorganization of Ming & Qing Dynasties,1598,early_modern,religious,East Asia,Ming & Qing Dynasties,CHR-EAR-1819,1997.9,0.53,0.259,0.6595,0.617,20.5,0.411,29.7,35.9,0.3199,38.9,19.9,0.3645,0.4344,0.5038,0.4197,0.5017,0.5283,0.4776,0.0939,0.5217,0.6026,0.426429,CMN,BRACKET_BASE,false,true,0.7302742799999999,0.47352423999999993,0.63219298,,0.2839,false
EVT-EAR-1820,Debt Crisis Settlement of Portuguese Empire,1743,early_modern,economic,Atlantic / Indian Ocean,Portuguese Empire,CHR-EAR-1820,1134.9,0.504,0.392,0.4047,0.663,19.8,0.4305,37.6,32.9,0.3869,77.2,14.2,0.3856,0.3583,0.2764,0.0312,0.1397,0.1876,0.1986,-0.1707,0.3855,0.6352,0.856225,RMD,BRACKET_HIGH,true,false,0.38710393000000004,0.38197763999999995,0.49763967000000003,,0.377,false
EVT-EAR-1821,Systemic Governance Breakdown in Portuguese Empire,1626,early_modern,collapse,Atlantic / Indian Ocean,Portuguese Empire,CHR-EAR-1821,1680,0.64,0.705,0.4107,0.784,49.8,0.641,38.9,32.4,0.3979,22,8.2,0.2647,0.52,0.4687,0.0882,0.1104,0.1363,0.2647,-0.3837,0.72,0.7998,0.481654,CMN,BRACKET_BASE,false,true,0.72254922,0.5833598400000001,0.9125486100000001,,0.3733,false
EVT-EAR-1822,Urban Quarantine Emergency in Dutch Republic,1502,early_modern,pandemic,Northwestern Europe,Dutch Republic,CHR-EAR-1822,2211.4,0.593,0.821,0.5271,0.415,54,0.4775,37.6,35.9,0.4049,56.3,15.2,0.3678,0.5173,0.4643,0,0.2394,0.2083,0.2859,-0.309,0.8321,0.7935,0.643382,RMD,BRACKET_MEDIUM,false,true,0.4872575,0.42042083,0.5865743400000001,,0.4097,false
EVT-EAR-1823,Hydraulic Engineering Grid in Tsardom & Russian Empire,1716,early_modern,technological,Northern Eurasia,Tsardom & Russian Empire,CHR-EAR-1823,1069.8,0.649,0.422,0.3354,0.736,40.2,0.569,31.5,37.6,0.3494,72.8,14.7,0.3839,0.3369,0.3951,0.4834,0.5614,0.5349,0.4623,0.198,0.2833,0.6197,0.714253,RMD,BRACKET_HIGH,false,false,0.32046875999999996,0.37573536,0.44330924000000005,,0.2743,false
EVT-EAR-1824,Respiratory Virulence Wave across Safavid Empire,1660,early_modern,pandemic,Persia,Safavid Empire,CHR-EAR-1824,2034.8,0.443,0.133,0.733,0.522,49.8,0.51,28.4,35.8,0.3053,86.3,11.8,0.3817,0.5626,0.5424,0.103,0.2256,0.5515,0.397,-0.0111,0.8446,0.6149,0.790128,RMD,BRACKET_HIGH,true,false,0.45306521,0.43608213,0.4958166,,0.4031,false
EVT-EAR-1825,Monastic Network Expansion of Tokugawa Shogunate,1547,early_modern,religious,Japan,Tokugawa Shogunate,CHR-EAR-1825,1487.2,0.539,0.899,0.333,0.483,37.9,0.431,41.1,42.9,0.4846,78.1,14.3,0.3869,0.4255,0.4816,0.3152,0.4908,0.3986,0.4223,-0.0269,0.2973,0.5316,0.444226,CMN,BRACKET_BASE,false,true,0.65592036,0.53869927,0.67488834,,0.3145,false
EVT-EAR-1826,Canal Infrastructure Boom in Tokugawa Shogunate,1626,early_modern,economic,Japan,Tokugawa Shogunate,CHR-EAR-1826,1651.7,0.626,0.158,0.5717,0.449,44.9,0.449,31.2,33.2,0.3198,46.5,13.6,0.3459,0.4323,0.3656,0.2304,0.3782,0.5657,0.3944,0.1334,0.4045,0.6021,0.448849,CMN,BRACKET_BASE,false,true,0.8261156399999999,0.564875,0.6557499999999999,,0.3806,false
EVT-EAR-1827,Pantheon Reformation of Ottoman Empire,1706,early_modern,religious,Southeast Europe / Near East,Ottoman Empire,CHR-EAR-1827,1301.4,0.447,0.489,0.4357,0.637,35.3,0.495,38.1,40.6,0.4385,91,21.8,0.4355,0.4266,0.4881,0.3259,0.4504,0.3293,0.4041,-0.0973,0.4121,0.5802,0.405588,CMN,BRACKET_BASE,false,true,0.6292991,0.53196897,0.72381874,,0.3003,false
EVT-EAR-1828,Military Coup d’État in Spanish Empire,1748,early_modern,revolution,Iberia / Americas,Spanish Empire,CHR-EAR-1828,1308.2,0.571,0.408,0.4245,0.845,26,0.5525,30.2,38.7,0.342,68.4,11.6,0.3638,0.4902,0.3258,0,0.1536,0.3094,0.2558,-0.1808,0.6267,0.6865,0.587036,CMN,BRACKET_BASE,false,true,0.64347445,0.50596876,0.77968575,,0.4073,false
EVT-EAR-1829,Printing & Communications Diffusion in Mughal Empire,1675,early_modern,technological,South Asia,Mughal Empire,CHR-EAR-1829,2152.5,0.489,0.591,0.6121,0.396,32.4,0.36,33.9,40.5,0.3927,44.7,9.4,0.3221,0.3419,0.3775,0.4632,0.5529,0.7216,0.4914,0.3797,0.2361,0.6893,0.888387,RMD,BRACKET_HIGH,true,false,0.33201397,0.38250171,0.35410431,,0.3361,false
EVT-EAR-1830,Pantheon Reformation of Polish-Lithuanian Commonwealth,1675,early_modern,religious,Eastern Europe,Polish-Lithuanian Commonwealth,CHR-EAR-1830,2345.8,0.747,0.322,0.6653,0.506,19,0.348,36,42.8,0.4291,85.9,14.3,0.3938,0.4568,0.444,0.3123,0.3903,0.6583,0.4523,0.2015,0.423,0.6282,0.635221,RMD,BRACKET_MEDIUM,false,true,0.5444010000000001,0.50201184,0.5854385599999999,,0.3708,false
EVT-EAR-1831,Coalition Defense of Mughal Empire,1505,early_modern,war,South Asia,Mughal Empire,CHR-EAR-1831,1027.4,0.742,0.817,0.1781,0.674,22.3,0.4485,40.5,38.6,0.4524,73.4,13.6,0.3789,0.3188,0.2255,0.0728,0.1842,0.2354,0.2073,-0.0834,0.4593,0.628,0.491152,CMN,BRACKET_BASE,false,true,0.80483962,0.5291576499999999,0.7109603999999999,,0.36,true
EVT-EAR-1832,Printing & Communications Diffusion in Tokugawa Shogunate,1739,early_modern,technological,Japan,Tokugawa Shogunate,CHR-EAR-1832,1116.4,0.431,0.464,0.4002,0.226,24.9,0.2375,32.8,32.3,0.3316,23.9,20.6,0.3327,0.2547,0.2835,0.3436,0.4647,0.4156,0.3524,0.1609,0.2792,0.6413,0.464182,CMN,BRACKET_BASE,false,true,0.7084374999999999,0.53496235,0.63994375,,0.2809,true
EVT-EAR-1833,Borderlands Pacification of Ottoman Empire,1744,early_modern,war,Southeast Europe / Near East,Ottoman Empire,CHR-EAR-1833,2360.2,0.523,0.798,0.5934,0.713,21.3,0.463,39.9,37.8,0.4411,76.8,22.9,0.4287,0.4453,0.3796,0.2244,0.2985,0.3732,0.3442,-0.0721,0.6182,0.5989,0.479719,CMN,BRACKET_BASE,false,true,0.72270104,0.553375,0.802625,,0.3496,false
EVT-EAR-1834,Metallurgical Innovation Surge in Dutch Republic,1554,early_modern,technological,Northwestern Europe,Dutch Republic,CHR-EAR-1834,1994.3,0.558,0.667,0.5278,0.648,45.6,0.552,38.4,37,0.4202,18.6,18.7,0.3051,0.3654,0.404,0.5112,0.6299,0.5914,0.5004,0.226,0.3898,0.6245,0.4739,CMN,BRACKET_BASE,false,true,0.63263064,0.5393268,0.67587723,,0.2904,false
EVT-EAR-1835,Administrative Codification of Ming & Qing Dynasties,1512,early_modern,transformation,East Asia,Ming & Qing Dynasties,CHR-EAR-1835,1614.2,0.73,0.57,0.4072,0.234,16.7,0.2005,32.9,38.8,0.3717,68.5,23.3,0.4224,0.2732,0.352,0.2496,0.3736,0.5049,0.3507,0.2317,0.2974,0.6826,0.896875,RMD,BRACKET_HIGH,true,false,0.33570342,0.37931328,0.34901764,,0.3308,false
EVT-EAR-1836,Secular Legal Separation in Tsardom & Russian Empire,1507,early_modern,religious,Northern Eurasia,Tsardom & Russian Empire,CHR-EAR-1836,1511,0.658,0.204,0.512,0.564,39.6,0.48,30.4,32.5,0.307,46.2,19.2,0.3734,0.4227,0.4023,0.312,0.4395,0.3916,0.3936,-0.0311,0.3628,0.5426,0.47656,CMN,BRACKET_BASE,false,true,0.69929568,0.52902003,0.683864,,0.2982,true
EVT-EAR-1837,Temple Bureaucracy Reorganization of Portuguese Empire,1646,early_modern,religious,Atlantic / Indian Ocean,Portuguese Empire,CHR-EAR-1837,2004.2,0.669,0.75,0.4722,0.472,52.5,0.4985,34.6,39.3,0.393,89.2,20.5,0.4276,0.443,0.4283,0.3366,0.5092,0.6206,0.4675,0.1776,0.4276,0.6282,0.647849,RMD,BRACKET_MEDIUM,false,true,0.58725,0.555,0.6244999999999999,,0.3499,false
EVT-EAR-1838,Caravan Route Pestilence in Portuguese Empire,1527,early_modern,pandemic,Atlantic / Indian Ocean,Portuguese Empire,CHR-EAR-1838,2214.2,0.616,0.47,0.6263,0.564,30.1,0.4325,29.1,40.8,0.3428,20.8,22.3,0.3312,0.5183,0.4581,0.1261,0.2682,0.2889,0.3319,-0.2294,0.9223,0.7742,0.553499,CMN,BRACKET_BASE,false,true,0.6832012000000001,0.5468985000000001,0.82696632,,0.3869,false
EVT-EAR-1839,Monastic Network Expansion of Spanish Empire,1587,early_modern,religious,Iberia / Americas,Spanish Empire,CHR-EAR-1839,1047.8,0.735,0.479,0.2868,0.636,13.7,0.3865,29,37.3,0.3207,71.8,8.7,0.3529,0.3071,0.2941,0.1605,0.2356,0.5473,0.3089,0.2402,0.2433,0.6714,0.853757,RMD,BRACKET_HIGH,true,false,0.32121523999999996,0.3806868,0.35258494,,0.3783,false
EVT-EAR-1840,Military Coup d’État in Spanish Empire,1500,early_modern,revolution,Iberia / Americas,Spanish Empire,CHR-EAR-1840,1703.5,0.521,0.366,0.5542,0.403,20.7,0.305,29.1,42.3,0.3518,62.6,9.4,0.3464,0.3992,0.2602,0.0206,0.2466,0.4741,0.2801,0.0749,0.428,0.5958,0.830424,RMD,BRACKET_HIGH,true,false,0.56351302,0.5081055,0.64700964,,0.4047,false
EVT-EAR-1841,Constitutional Reorganization of Kingdom of France (Bourbon),1754,early_modern,transformation,Western Europe,Kingdom of France (Bourbon),CHR-EAR-1841,1365.1,0.681,0.573,0.3567,0.811,31.5,0.563,36.9,42.6,0.4376,45.3,23.4,0.393,0.3197,0.3709,0.3187,0.5625,0.4595,0.4063,0.1398,0.3226,0.5825,0.695087,RMD,BRACKET_MEDIUM,false,false,0.6093883999999999,0.4863405,0.5614589600000001,,0.3146,false
EVT-EAR-1842,Bureaucratic Consolidation of British Empire (Early),1584,early_modern,transformation,British Isles / Global,British Empire (Early),CHR-EAR-1842,1196.6,0.523,0.325,0.435,0.313,44.7,0.38,29,41.7,0.3471,69.5,9.9,0.3565,0.3253,0.379,0.2687,0.5112,0.5314,0.4031,0.2061,0.1717,0.6099,0.697379,RMD,BRACKET_MEDIUM,false,false,0.48135611999999994,0.5435456,0.51291332,,0.337,false
EVT-EAR-1843,Mechanical Power Harnessing in Ming & Qing Dynasties,1572,early_modern,technological,East Asia,Ming & Qing Dynasties,CHR-EAR-1843,1503.1,0.549,0.369,0.4931,0.594,43.9,0.5165,34.9,42.1,0.4131,82.8,14.3,0.3912,0.3918,0.4517,0.5194,0.661,0.535,0.5118,0.1432,0.3207,0.5741,0.852566,RMD,BRACKET_HIGH,true,false,0.29128,0.38412283999999997,0.45454163000000003,,0.2826,false
EVT-EAR-1844,Mercantile Tariff Overhaul across Kingdom of France (Bourbon),1774,early_modern,economic,Western Europe,Kingdom of France (Bourbon),CHR-EAR-1844,1517.9,0.523,0.284,0.5303,0.688,42.5,0.5565,40.2,39,0.4515,52.9,14,0.3572,0.4681,0.4303,0.2601,0.3555,0.6096,0.4247,0.1415,0.2821,0.5462,0.648142,RMD,BRACKET_MEDIUM,false,true,0.50169054,0.39370752000000003,0.38737369,,0.386,false
EVT-EAR-1845,Mercantile Tariff Overhaul across Tokugawa Shogunate,1737,early_modern,economic,Japan,Tokugawa Shogunate,CHR-EAR-1845,1711.7,0.655,0.213,0.562,0.689,34.5,0.517,39.1,34.7,0.4139,19.3,9.8,0.2633,0.4828,0.4431,0.2921,0.4387,0.298,0.3909,-0.1848,0.5826,0.6515,0.43288,CMN,BRACKET_BASE,false,true,0.68144047,0.47792472,0.7795838399999999,,0.3249,false
EVT-EAR-1846,Maritime Trade Hub Expansion in British Empire (Early),1602,early_modern,economic,British Isles / Global,British Empire (Early),CHR-EAR-1846,1066.4,0.553,0.352,0.3843,0.291,19.8,0.2445,32,35.3,0.341,47.4,13.8,0.3483,0.3334,0.2892,0.0317,0.0968,0.4998,0.2502,0.1664,0.3428,0.6601,0.394973,CMN,BRACKET_BASE,false,true,0.8119155099999998,0.5621462,0.6137203200000001,,0.4061,false
EVT-EAR-1847,Agricultural Plague Wave in Kingdom of France (Bourbon),1681,early_modern,pandemic,Western Europe,Kingdom of France (Bourbon),CHR-EAR-1847,1615.8,0.723,0.654,0.3845,0.684,37.9,0.5315,37.3,36.1,0.4029,36.7,19.1,0.3563,0.4804,0.4264,0,0.1257,0.5004,0.3066,0.02,0.9021,0.6685,0.492764,CMN,BRACKET_BASE,false,true,0.68731077,0.44097416,0.4794065,,0.3957,false
EVT-EAR-1848,Frontier Campaign of Polish-Lithuanian Commonwealth,1537,early_modern,war,Eastern Europe,Polish-Lithuanian Commonwealth,CHR-EAR-1848,1936.4,0.638,0.561,0.5207,0.355,34.3,0.349,40.4,41.5,0.4687,48.3,22.4,0.3927,0.4486,0.3899,0.1042,0.2007,0.4898,0.3266,0.0412,0.4239,0.5575,0.574429,CMN,BRACKET_BASE,false,true,0.5189674000000001,0.39958544,0.44567952,,0.406,false
EVT-EAR-1849,Mechanical Power Harnessing in Safavid Empire,1558,early_modern,technological,Persia,Safavid Empire,CHR-EAR-1849,1490.6,0.736,0.689,0.3378,0.644,19.9,0.4215,38,41.3,0.4416,84.2,8,0.3609,0.2944,0.354,0.4082,0.5659,0.4727,0.419,0.1783,0.2193,0.601,0.643099,RMD,BRACKET_MEDIUM,false,true,0.4724779,0.5320242000000001,0.62596924,,0.2875,false
EVT-EAR-1850,Coalition Defense of Mughal Empire,1570,early_modern,war,South Asia,Mughal Empire,CHR-EAR-1850,1923.4,0.675,0.663,0.4756,0.672,28.7,0.4795,31.4,36.3,0.3406,31.5,20.9,0.3542,0.4396,0.3238,0.109,0.238,0.454,0.3129,0.0144,0.493,0.5667,0.632469,RMD,BRACKET_MEDIUM,false,true,0.56389872,0.56341308,0.6972075200000001,,0.4009,false
EVT-EAR-1851,Agrarian Insurgency in Ming & Qing Dynasties,1504,early_modern,revolution,East Asia,Ming & Qing Dynasties,CHR-EAR-1851,1911,0.566,0.369,0.5933,0.269,22.6,0.2475,40,38.6,0.447,94.4,9.8,0.3782,0.4037,0.299,0.017,0.2056,0.6024,0.3055,0.1987,0.7317,0.7271,0.612607,CMN,BRACKET_BASE,false,true,0.67871902,0.43487472,0.47542817000000004,,0.3884,false
EVT-EAR-1852,Fiscal Default Crisis in Kingdom of France (Bourbon),1565,early_modern,collapse,Western Europe,Kingdom of France (Bourbon),CHR-EAR-1852,936.9,0.715,0.588,0.2315,0.237,39.9,0.318,35.6,39.7,0.4062,86.2,12.6,0.3856,0.4138,0.3359,0,0.0223,0.0414,0.1627,-0.3724,0.5516,0.8256,0.709289,RMD,BRACKET_HIGH,false,false,0.52031957,0.38913605,0.5703998400000001,,0.3705,false
EVT-EAR-1853,Urban Quarantine Emergency in Ottoman Empire,1740,early_modern,pandemic,Southeast Europe / Near East,Ottoman Empire,CHR-EAR-1853,1253.7,0.753,0.364,0.3691,0.369,21,0.2895,28.2,39.2,0.3235,19.4,16,0.2946,0.3726,0.3438,0,0.2348,0.0708,0.2044,-0.3018,0.8648,0.8619,0.608124,CMN,BRACKET_BASE,false,true,0.6389678400000001,0.38116911,0.5624072999999999,,0.3826,false
EVT-EAR-1854,Urban Quarantine Emergency in Tsardom & Russian Empire,1539,early_modern,pandemic,Northern Eurasia,Tsardom & Russian Empire,CHR-EAR-1854,1430.5,0.675,0.127,0.5092,0.698,44.2,0.57,29,41.2,0.3441,23.3,23.9,0.3474,0.4971,0.4394,0,0.1403,0.1369,0.2427,-0.3602,0.777,0.8053,0.34495,CMN,BRACKET_BASE,false,true,0.94455682,0.606375,0.96625,,0.3997,false
EVT-EAR-1855,Navigational Instrument Reform in Dutch Republic,1553,early_modern,technological,Northwestern Europe,Dutch Republic,CHR-EAR-1855,1086.1,0.749,0.547,0.2721,0.406,18,0.293,33.6,32.8,0.3433,26,10.4,0.2878,0.2285,0.2673,0.3091,0.3922,0.5247,0.3444,0.2962,0.381,0.7489,0.745812,RMD,BRACKET_HIGH,true,false,0.5167734,0.36756288000000004,0.36926926,,0.3205,false
EVT-EAR-1856,Agrarian Insurgency in Ottoman Empire,1643,early_modern,revolution,Southeast Europe / Near East,Ottoman Empire,CHR-EAR-1856,1355.4,0.65,0.26,0.4574,0.206,34.8,0.277,35.7,33.1,0.3677,77.6,21.4,0.422,0.4108,0.2505,0,0.2586,0.5076,0.2855,0.0968,0.6076,0.6689,0.567978,CMN,BRACKET_BASE,false,true,0.54732656,0.40171589999999996,0.45504342,,0.3983,false
EVT-EAR-1857,Guild Monopoly Reform in Mughal Empire,1632,early_modern,economic,South Asia,Mughal Empire,CHR-EAR-1857,1412.3,0.695,0.715,0.3221,0.814,25.2,0.533,32.6,36.4,0.3541,82.9,19.5,0.4173,0.4799,0.4436,0.1861,0.3415,0.574,0.405,0.0941,0.3335,0.5828,0.77643,RMD,BRACKET_HIGH,true,false,0.49710751999999997,0.5674767500000001,0.63965985,,0.3998,false
EVT-EAR-1858,Fiscal Default Crisis in Safavid Empire,1627,early_modern,collapse,Persia,Safavid Empire,CHR-EAR-1858,2154.2,0.461,0.863,0.5394,0.351,34.4,0.3475,32.1,42.2,0.3835,89.3,9.6,0.3731,0.5067,0.4452,0.1005,0.1583,0.2057,0.2833,-0.301,0.4633,0.7178,0.557983,CMN,BRACKET_BASE,false,true,0.46242035,0.41061651,0.5832251099999999,,0.3809,false
EVT-EAR-1859,Peasant Rebellion against Tsardom & Russian Empire,1702,early_modern,revolution,Northern Eurasia,Tsardom & Russian Empire,CHR-EAR-1859,1528,0.484,0.313,0.5359,0.404,49.1,0.4475,36.2,32.3,0.3683,57.3,9.7,0.3415,0.5223,0.3745,0.095,0.2776,0.2714,0.3082,-0.2509,0.3866,0.6594,0.654753,RMD,BRACKET_MEDIUM,false,true,0.44359952999999996,0.39168696,0.5360399,,0.3931,false
EVT-EAR-1860,Radical Assembly Schism in Spanish Empire,1525,early_modern,revolution,Iberia / Americas,Spanish Empire,CHR-EAR-1860,1398.5,0.545,0.208,0.5156,0.549,28.3,0.416,41.1,41.1,0.4738,31.9,16.5,0.3331,0.4312,0.3111,0,0.1904,0.1591,0.2184,-0.2721,0.4093,0.6684,0.318252,CMN,BRACKET_BASE,false,true,0.944875,0.57625,0.894375,,0.3962,true
EVT-EAR-1861,Orthodoxy & Heresy Trial Wave in Polish-Lithuanian Commonwealth,1643,early_modern,religious,Eastern Europe,Polish-Lithuanian Commonwealth,CHR-EAR-1861,2094.5,0.518,0.301,0.6755,0.828,44.1,0.6345,35.4,36.3,0.3836,32.4,23.9,0.3713,0.5458,0.5518,0.3954,0.4641,0.684,0.5282,0.1382,0.2321,0.5086,0.765244,RMD,BRACKET_HIGH,true,false,0.33232786999999997,0.5720000000000001,0.61675,,0.3645,false
EVT-EAR-1862,Urban Quarantine Emergency in Tokugawa Shogunate,1596,early_modern,pandemic,Japan,Tokugawa Shogunate,CHR-EAR-1862,1347.2,0.452,0.505,0.4412,0.557,29.1,0.424,30.7,41.6,0.3648,56.9,15.1,0.368,0.4525,0.4315,0.0662,0.1988,0.0986,0.2495,-0.3539,0.7507,0.8243,0.629868,CMN,BRACKET_BASE,false,true,0.49387452,0.38751141,0.58556528,,0.3735,false
EVT-EAR-1863,Palatial Collapse of Spanish Empire,1535,early_modern,collapse,Iberia / Americas,Spanish Empire,CHR-EAR-1863,984.4,0.609,0.492,0.3044,0.59,50.9,0.5495,40.1,38.6,0.4481,26.2,20.3,0.3379,0.5107,0.4335,0.1956,0.2263,0.2984,0.3329,-0.2123,0.49,0.6718,0.765587,RMD,BRACKET_HIGH,true,false,0.41686080000000003,0.39372991999999996,0.53979744,,0.363,false
EVT-EAR-1864,Systemic Governance Breakdown in Safavid Empire,1667,early_modern,collapse,Persia,Safavid Empire,CHR-EAR-1864,2363.6,0.459,0.702,0.6423,0.613,18.6,0.3995,38,32,0.3858,19,14.7,0.2866,0.4969,0.3789,0.0287,0.0978,0.3113,0.2627,-0.1856,0.61,0.6686,0.694333,RMD,BRACKET_MEDIUM,false,false,0.50221134,0.51568748,0.7934779200000001,,0.4094,false
EVT-EAR-1865,Imperial Annexation War in Ming & Qing Dynasties,1684,early_modern,war,East Asia,Ming & Qing Dynasties,CHR-EAR-1865,2367.2,0.729,0.605,0.5913,0.641,29.2,0.4665,28.6,33.4,0.293,65,13.2,0.3682,0.486,0.4377,0.2674,0.465,0.5459,0.4404,0.0599,0.6321,0.6178,0.733887,RMD,BRACKET_HIGH,true,false,0.45838848,0.39327687,0.4629096,,0.3738,false
EVT-EAR-1866,Strategic Siege of Polish-Lithuanian Commonwealth,1671,early_modern,war,Eastern Europe,Polish-Lithuanian Commonwealth,CHR-EAR-1866,1803.7,0.617,0.871,0.3997,0.216,13.7,0.1765,34.7,38.2,0.3875,81,16.8,0.4021,0.3577,0.2564,0,0.1626,0.1908,0.1935,-0.1669,0.4189,0.6803,0.510896,CMN,BRACKET_BASE,false,true,0.81913325,0.557125,0.813375,,0.3859,true
EVT-EAR-1867,Agrarian Restructuring of Ming & Qing Dynasties,1603,early_modern,transformation,East Asia,Ming & Qing Dynasties,CHR-EAR-1867,1947.4,0.565,0.109,0.681,0.577,15.2,0.3645,37.3,35.3,0.3981,30.5,10.8,0.3014,0.3818,0.4054,0.3119,0.4618,0.5424,0.4207,0.1606,0.1531,0.5385,0.694404,RMD,BRACKET_MEDIUM,false,false,0.55435692,0.55175,0.57025,,0.3284,false
EVT-EAR-1868,Epidemic Fever Outbreak across Portuguese Empire,1518,early_modern,pandemic,Atlantic / Indian Ocean,Portuguese Empire,CHR-EAR-1868,1866.3,0.484,0.353,0.6112,0.217,30.9,0.263,40.5,34,0.4248,43.7,14.5,0.3459,0.4648,0.4283,0.0466,0.1505,0.2838,0.2748,-0.181,0.8724,0.751,0.590661,CMN,BRACKET_BASE,false,true,0.82988336,0.55296225,0.7974633700000001,,0.4027,false
EVT-EAR-1869,Monastic Network Expansion of Kingdom of France (Bourbon),1662,early_modern,religious,Western Europe,Kingdom of France (Bourbon),CHR-EAR-1869,1126,0.631,0.446,0.3481,0.62,31,0.465,28,34.5,0.2932,50.7,12.9,0.3487,0.3918,0.3524,0.2428,0.3145,0.4485,0.35,0.0567,0.2538,0.5581,0.493242,CMN,BRACKET_BASE,false,true,0.6653283200000001,0.47633817,0.6013593,,0.3437,false
EVT-EAR-1870,Secular Legal Separation in Tsardom & Russian Empire,1569,early_modern,religious,Northern Eurasia,Tsardom & Russian Empire,CHR-EAR-1870,2201.8,0.757,0.279,0.6381,0.209,33.9,0.274,31.2,39.9,0.36,31.1,17.3,0.3353,0.4117,0.4344,0.3115,0.403,0.6004,0.4322,0.1887,0.3922,0.6391,0.564831,CMN,BRACKET_BASE,false,true,0.42764046,0.37980558,0.3778068,,0.3496,false
EVT-EAR-1871,Fiscal Default Crisis in Portuguese Empire,1711,early_modern,collapse,Atlantic / Indian Ocean,Portuguese Empire,CHR-EAR-1871,942.3,0.76,0.179,0.3421,0.706,51.4,0.61,37.1,40,0.4242,65.6,17.3,0.3893,0.59,0.4994,0.105,0.2011,0.34,0.3471,-0.25,0.6373,0.7179,0.399689,CMN,BRACKET_BASE,false,true,0.5815485899999999,0.42944958,0.583954,,0.4068,false
EVT-EAR-1872,Borderlands Pacification of Polish-Lithuanian Commonwealth,1710,early_modern,war,Eastern Europe,Polish-Lithuanian Commonwealth,CHR-EAR-1872,1710.2,0.575,0.748,0.4251,0.409,46.2,0.4355,41.5,38.3,0.4613,20.4,21.1,0.3238,0.4151,0.3387,0.0863,0.2467,0.4127,0.2999,-0.0024,0.4539,0.5465,0.432846,CMN,BRACKET_BASE,false,true,0.737698,0.5599595399999999,0.70196864,,0.3996,false
EVT-EAR-1873,Administrative Codification of Portuguese Empire,1516,early_modern,transformation,Atlantic / Indian Ocean,Portuguese Empire,CHR-EAR-1873,2338.6,0.532,0.641,0.6323,0.735,20,0.4675,39.3,39.6,0.4454,77.2,20.2,0.4156,0.3807,0.4315,0.3112,0.4706,0.6595,0.4507,0.2788,0.246,0.6103,0.699712,RMD,BRACKET_MEDIUM,false,false,0.40705425,0.39681845,0.3552031,,0.357,false
EVT-EAR-1874,Imperial Unification of Polish-Lithuanian Commonwealth,1665,early_modern,transformation,Eastern Europe,Polish-Lithuanian Commonwealth,CHR-EAR-1874,1689.5,0.769,0.146,0.5421,0.621,46,0.5405,33.4,35.5,0.3573,55,23.1,0.4056,0.3725,0.4491,0.3214,0.4595,0.6011,0.4407,0.2286,0.1076,0.5644,0.864416,RMD,BRACKET_HIGH,true,false,0.40400526000000003,0.38562055999999995,0.3194253,,0.3392,false
EVT-EAR-1875,Dynastic Disintegration of Safavid Empire,1742,early_modern,collapse,Persia,Safavid Empire,CHR-EAR-1875,905.2,0.667,0.57,0.2431,0.201,42.5,0.313,31.2,36.9,0.342,24.5,23.8,0.3505,0.4557,0.3685,0.1337,0.1958,0.1292,0.2566,-0.3265,0.6913,0.8444,0.722125,RMD,BRACKET_HIGH,false,false,0.5720585,0.38549370000000005,0.58359799,,0.353,false
EVT-EAR-1876,Debt Crisis Settlement of Tokugawa Shogunate,1774,early_modern,economic,Japan,Tokugawa Shogunate,CHR-EAR-1876,1019.3,0.715,0.171,0.3779,0.313,27.4,0.2935,32.6,42,0.3877,62,10.8,0.3527,0.3515,0.2537,0.0154,0.1034,0.1642,0.1776,-0.1873,0.4359,0.6813,0.43051,CMN,BRACKET_BASE,false,true,0.9389932500000001,0.55575,0.820375,,0.3766,true
EVT-EAR-1877,Civic Restoration Revolt in Safavid Empire,1678,early_modern,revolution,Persia,Safavid Empire,CHR-EAR-1877,1369.6,0.649,0.809,0.2967,0.565,46,0.5125,34.7,37.9,0.3857,26,18,0.3258,0.4077,0.3086,0.0256,0.1862,0.1876,0.2231,-0.2201,0.4279,0.6766,0.578234,CMN,BRACKET_BASE,false,true,0.6033475500000001,0.5371274,0.7805334899999999,,0.3868,false
EVT-EAR-1878,Constitutional Reorganization of Safavid Empire,1604,early_modern,transformation,Persia,Safavid Empire,CHR-EAR-1878,1152.8,0.443,0.701,0.3349,0.377,46.1,0.419,31.6,41,0.3709,76.4,12.7,0.3773,0.2888,0.3563,0.295,0.4562,0.4507,0.3694,0.1619,0.3757,0.6426,0.589035,CMN,BRACKET_BASE,false,true,0.6805,0.53825,0.61425,,0.3046,true
EVT-EAR-1879,Mercantile Tariff Overhaul across Tokugawa Shogunate,1564,early_modern,economic,Japan,Tokugawa Shogunate,CHR-EAR-1879,1867.3,0.728,0.723,0.4272,0.657,52.7,0.592,35.1,34.8,0.3714,63.2,20.6,0.4031,0.4542,0.3894,0.1697,0.26,0.3266,0.32,-0.1276,0.4797,0.6102,0.44191,CMN,BRACKET_BASE,false,true,0.89450725,0.564,0.8245,,0.3678,true
EVT-EAR-1880,Radical Assembly Schism in Safavid Empire,1663,early_modern,revolution,Persia,Safavid Empire,CHR-EAR-1880,1447.2,0.628,0.524,0.4085,0.621,44.5,0.533,29.9,33,0.3046,78,9.5,0.3628,0.4085,0.2656,0,0.2515,0.5796,0.301,0.1711,0.7317,0.7184,0.568149,CMN,BRACKET_BASE,false,true,0.59166886,0.41258814,0.45250988999999997,,0.3901,false
EVT-EAR-1881,Treaty System Implementation across Polish-Lithuanian Commonwealth,1602,early_modern,transformation,Eastern Europe,Polish-Lithuanian Commonwealth,CHR-EAR-1881,2349.3,0.687,0.811,0.5375,0.407,47.2,0.4395,36.5,33.4,0.3781,82.4,19,0.4143,0.3529,0.3936,0.3229,0.5073,0.5125,0.4178,0.1596,0.2922,0.586,0.675714,RMD,BRACKET_MEDIUM,false,true,0.51075614,0.3753222,0.36808248,,0.3129,false
EVT-EAR-1882,Urban Quarantine Emergency in Kingdom of France (Bourbon),1646,early_modern,pandemic,Western Europe,Kingdom of France (Bourbon),CHR-EAR-1882,1047.1,0.569,0.866,0.2204,0.804,36.1,0.5825,38.7,37.2,0.4246,81.1,13.9,0.3877,0.4936,0.462,0.2089,0.4237,0.1795,0.3535,-0.3141,0.803,0.8162,0.293601,CMN,BRACKET_BASE,false,true,0.8449563599999999,0.56725,0.9702500000000001,,0.3645,true
EVT-EAR-1883,Succession Conflict of Ottoman Empire,1762,early_modern,war,Southeast Europe / Near East,Ottoman Empire,CHR-EAR-1883,1504.7,0.732,0.821,0.3031,0.3,27.3,0.2865,29.6,36.1,0.32,44.7,15.9,0.3546,0.387,0.3099,0,0.0769,0.4555,0.2459,0.0685,0.3845,0.6267,0.512856,CMN,BRACKET_BASE,false,true,0.74982552,0.594125,0.7074999999999999,,0.4083,true
EVT-EAR-1884,Epidemic Fever Outbreak across Dutch Republic,1575,early_modern,pandemic,Northwestern Europe,Dutch Republic,CHR-EAR-1884,2056.5,0.528,0.612,0.5694,0.381,38.2,0.3815,34.7,37.7,0.3845,87.9,12.8,0.388,0.5109,0.4621,0,0.1823,0.4106,0.3132,-0.1003,0.8722,0.7019,0.438835,CMN,BRACKET_BASE,false,true,0.62053475,0.43690128,0.5269176900000001,,0.4015,false
EVT-EAR-1885,Caravan Route Pestilence in Safavid Empire,1602,early_modern,pandemic,Persia,Safavid Empire,CHR-EAR-1885,2236.8,0.558,0.295,0.702,0.373,51,0.4415,28.9,42.1,0.3484,92.3,12.9,0.392,0.5113,0.4536,0,0.2132,0.5439,0.3444,0.0326,0.9045,0.6499,0.528261,CMN,BRACKET_BASE,false,true,0.71880132,0.6279480599999999,0.7349472200000001,,0.3978,false
EVT-EAR-1886,Navigational Instrument Reform in Ottoman Empire,1595,early_modern,technological,Southeast Europe / Near East,Ottoman Empire,CHR-EAR-1886,2257.3,0.779,0.716,0.5147,0.527,35.4,0.4405,33.7,39.8,0.3863,66.7,13.1,0.3695,0.3309,0.3516,0.454,0.5544,0.5339,0.445,0.203,0.2686,0.6055,0.644225,RMD,BRACKET_MEDIUM,false,true,0.4870704,0.4683252,0.61669168,,0.2852,false
EVT-EAR-1887,Dynastic Disintegration of Tokugawa Shogunate,1613,early_modern,collapse,Japan,Tokugawa Shogunate,CHR-EAR-1887,1846.5,0.423,0.193,0.6724,0.298,49.3,0.3955,36.5,33.9,0.3811,29.3,16.5,0.327,0.5716,0.4605,0.2431,0.2996,0.2924,0.3734,-0.2792,0.6261,0.7199,0.658402,RMD,BRACKET_MEDIUM,false,true,0.52113815,0.39088375999999997,0.57007601,,0.3471,false
EVT-EAR-1888,Borderlands Pacification of Mughal Empire,1593,early_modern,war,South Asia,Mughal Empire,CHR-EAR-1888,2156.8,0.525,0.309,0.687,0.575,21.1,0.393,28.3,41,0.3354,53.5,8.3,0.3296,0.4077,0.3137,0.085,0.1776,0.2201,0.2408,-0.1876,0.624,0.675,0.556931,CMN,BRACKET_BASE,false,true,0.6106590000000001,0.375721,0.51790793,,0.3701,false
EVT-EAR-1889,Agricultural Plague Wave in Tsardom & Russian Empire,1584,early_modern,pandemic,Northern Eurasia,Tsardom & Russian Empire,CHR-EAR-1889,1615.8,0.629,0.453,0.473,0.332,53.8,0.435,36.8,35.7,0.3951,89.4,12.5,0.3877,0.4796,0.4215,0.1225,0.2458,0.5194,0.3578,0.0398,0.8708,0.6737,0.343885,CMN,BRACKET_BASE,false,true,0.7619097600000001,0.56453348,0.70835432,,0.4051,false
EVT-EAR-1890,Judicial Standard Reform in Dutch Republic,1550,early_modern,transformation,Northwestern Europe,Dutch Republic,CHR-EAR-1890,1340.6,0.763,0.385,0.3822,0.446,18.4,0.315,31.2,37.9,0.348,85.3,14.2,0.3928,0.3073,0.3313,0.2291,0.3756,0.5137,0.3514,0.2064,0.1467,0.6214,0.600501,CMN,BRACKET_BASE,false,true,0.7551705000000001,0.5489999999999999,0.537875,,0.3435,false
EVT-EAR-1891,Astronomical Standardization by Kingdom of France (Bourbon),1597,early_modern,technological,Western Europe,Kingdom of France (Bourbon),CHR-EAR-1891,1775,0.578,0.342,0.5627,0.442,16.4,0.303,32.3,39.1,0.3671,24.8,17.6,0.3204,0.3176,0.3624,0.4788,0.6234,0.4779,0.452,0.1603,0.2527,0.5948,0.64855,RMD,BRACKET_MEDIUM,false,true,0.42906475,0.48548709,0.67773475,,0.2886,false
EVT-EAR-1892,Agrarian Restructuring of Spanish Empire,1790,early_modern,transformation,Iberia / Americas,Spanish Empire,CHR-EAR-1892,1322.8,0.687,0.348,0.4115,0.815,17,0.4925,34.4,36.3,0.3729,58.2,13.8,0.3632,0.3323,0.3833,0.3087,0.5296,0.4601,0.4028,0.1278,0.185,0.5537,0.539553,CMN,BRACKET_BASE,false,true,0.5643765599999999,0.47874244000000005,0.5379907,,0.3125,false
EVT-EAR-1893,Systemic Governance Breakdown in Spanish Empire,1761,early_modern,collapse,Iberia / Americas,Spanish Empire,CHR-EAR-1893,1900,0.729,0.267,0.5722,0.503,45.4,0.4785,29.9,32.7,0.3028,24.3,13,0.2959,0.4736,0.3749,0.1565,0.225,0.0913,0.2643,-0.3823,0.5548,0.7721,0.677429,RMD,BRACKET_MEDIUM,false,true,0.5293355399999999,0.39119375999999995,0.58982396,,0.3594,false
EVT-EAR-1894,Agrarian Insurgency in Kingdom of France (Bourbon),1586,early_modern,revolution,Western Europe,Kingdom of France (Bourbon),CHR-EAR-1894,1343.4,0.45,0.636,0.4015,0.684,54.3,0.6135,30.7,36,0.3312,62.7,11.6,0.3575,0.4141,0.2377,0.0077,0.2622,0.2795,0.2402,-0.1346,0.4105,0.6034,0.518665,CMN,BRACKET_BASE,false,true,0.6711922100000001,0.55810902,0.7569429000000001,,0.402,false
EVT-EAR-1895,Synod Monotheistic Mandate in Safavid Empire,1595,early_modern,religious,Persia,Safavid Empire,CHR-EAR-1895,1835.3,0.756,0.181,0.5732,0.612,23.8,0.425,39.5,38.2,0.4392,77.5,8.5,0.3574,0.4414,0.4205,0.2726,0.3386,0.5004,0.3947,0.059,0.5005,0.5714,0.702612,RMD,BRACKET_HIGH,false,false,0.43172330999999997,0.54301184,0.66617285,,0.3549,false
EVT-EAR-1896,Treaty System Implementation across Kingdom of France (Bourbon),1770,early_modern,transformation,Western Europe,Kingdom of France (Bourbon),CHR-EAR-1896,1701.4,0.636,0.283,0.544,0.367,44.3,0.405,32.7,40.9,0.3822,60.9,15.3,0.3739,0.3754,0.4142,0.2714,0.4739,0.5395,0.4149,0.1641,0.1055,0.5453,0.623989,CMN,BRACKET_BASE,false,true,0.44500056,0.48935095,0.51241554,,0.3508,false
EVT-EAR-1897,Guild Monopoly Reform in Mughal Empire,1793,early_modern,economic,South Asia,Mughal Empire,CHR-EAR-1897,1709.9,0.775,0.533,0.4295,0.684,43.8,0.561,28.2,42,0.3403,55.1,22.2,0.4012,0.495,0.4442,0.2973,0.3486,0.4765,0.4123,-0.0185,0.5235,0.5712,0.530133,CMN,BRACKET_BASE,false,true,0.5053963,0.54060319,0.7068618600000001,,0.3511,false
EVT-EAR-1898,Imperial Annexation War in Portuguese Empire,1738,early_modern,war,Atlantic / Indian Ocean,Portuguese Empire,CHR-EAR-1898,871.5,0.589,0.135,0.3883,0.769,31.8,0.5435,38.6,39.2,0.4355,93.8,11.3,0.3852,0.393,0.2759,0.0324,0.1033,0.3306,0.227,-0.0624,0.3814,0.554,0.475704,CMN,BRACKET_BASE,false,true,0.7829313600000001,0.580375,0.7713749999999999,,0.4034,true
EVT-EAR-1899,Canal Infrastructure Boom in Safavid Empire,1625,early_modern,economic,Persia,Safavid Empire,CHR-EAR-1899,1764.2,0.441,0.868,0.4432,0.594,36.9,0.4815,36,33,0.3703,34.1,11.4,0.3125,0.3934,0.3216,0.1186,0.2392,0.2823,0.271,-0.1111,0.3838,0.5917,0.475644,CMN,BRACKET_BASE,false,true,0.6142443999999999,0.3917636,0.49704681,,0.3665,false
EVT-EAR-1900,Judicial Standard Reform in Spanish Empire,1641,early_modern,transformation,Iberia / Americas,Spanish Empire,CHR-EAR-1900,1057.9,0.529,0.539,0.3333,0.56,25.2,0.406,30.5,35.6,0.3267,90.2,14.5,0.3984,0.2699,0.3369,0.2433,0.4836,0.5271,0.3722,0.2572,0.153,0.6472,0.607167,CMN,BRACKET_BASE,false,true,0.39096225,0.3882336,0.32217978,,0.3404,false
EVT-EAR-1901,Decentralization Wave across Polish-Lithuanian Commonwealth,1791,early_modern,collapse,Eastern Europe,Polish-Lithuanian Commonwealth,CHR-EAR-1901,922.3,0.643,0.356,0.319,0.822,25.5,0.5385,29.6,32.5,0.2984,85.3,16,0.4018,0.4876,0.4055,0.0435,0.1304,0.2504,0.2635,-0.2372,0.5233,0.7155,0.572189,CMN,BRACKET_BASE,false,true,0.56882436,0.41144838,0.56885296,,0.4022,false
EVT-EAR-1902,Popular Uprising of Tokugawa Shogunate,1664,early_modern,revolution,Japan,Tokugawa Shogunate,CHR-EAR-1902,1979.5,0.574,0.676,0.5165,0.206,40.5,0.3055,37.2,35.2,0.3964,87.4,13.7,0.3921,0.3932,0.3087,0,0.1418,0.5611,0.281,0.1679,0.5787,0.6826,0.658046,RMD,BRACKET_MEDIUM,false,true,0.6195531000000001,0.42452280000000003,0.46124099999999996,,0.3934,false
EVT-EAR-1903,Palatial Collapse of Ottoman Empire,1528,early_modern,collapse,Southeast Europe / Near East,Ottoman Empire,CHR-EAR-1903,979.9,0.671,0.226,0.3644,0.716,31.4,0.515,29.5,36.1,0.3189,18.6,23.8,0.3306,0.5137,0.4254,0.0264,0.0644,0.2371,0.2534,-0.2766,0.6427,0.7603,0.511216,CMN,BRACKET_BASE,false,true,0.77990202,0.52430625,0.83236716,,0.4077,false
EVT-EAR-1904,Monastic Network Expansion of Spanish Empire,1736,early_modern,religious,Iberia / Americas,Spanish Empire,CHR-EAR-1904,1044.7,0.649,0.314,0.3613,0.619,32.1,0.47,28.2,39.5,0.3253,69.3,12.8,0.3708,0.3601,0.3308,0.1516,0.2287,0.2874,0.2717,-0.0727,0.3566,0.5849,0.368917,CMN,BRACKET_BASE,false,true,0.8448348999999999,0.548625,0.758125,,0.3441,true
EVT-EAR-1905,Agrarian Insurgency in Ming & Qing Dynasties,1773,early_modern,revolution,East Asia,Ming & Qing Dynasties,CHR-EAR-1905,1131.3,0.533,0.588,0.3363,0.629,27.2,0.4505,31.2,35.3,0.3324,24,15.2,0.306,0.432,0.3308,0.0313,0.2206,0.1253,0.228,-0.3067,0.3911,0.7255,0.51288,CMN,BRACKET_BASE,false,true,0.59420552,0.38399059,0.5435216,,0.385,false
EVT-EAR-1906,Dynastic Disintegration of Kingdom of France (Bourbon),1502,early_modern,collapse,Western Europe,Kingdom of France (Bourbon),CHR-EAR-1906,1883.9,0.516,0.583,0.5371,0.651,42.2,0.5365,28.1,39.7,0.3254,39.6,23.5,0.3838,0.5737,0.5232,0.2851,0.3523,0.1695,0.3808,-0.4042,0.5404,0.7735,0.752571,RMD,BRACKET_HIGH,true,false,0.43752984,0.40709760000000006,0.61730333,,0.3576,false
EVT-EAR-1907,Educational Charter of Polish-Lithuanian Commonwealth,1787,early_modern,transformation,Eastern Europe,Polish-Lithuanian Commonwealth,CHR-EAR-1907,1816.9,0.447,0.136,0.6746,0.736,25.4,0.495,28.9,34.1,0.3004,66.2,16.6,0.3865,0.3606,0.4324,0.3172,0.565,0.5543,0.4459,0.1937,0.3743,0.6077,0.698741,RMD,BRACKET_MEDIUM,false,false,0.41085632000000005,0.37936344,0.36795755999999996,,0.3318,false
EVT-EAR-1908,Agrarian Insurgency in Tsardom & Russian Empire,1729,early_modern,revolution,Northern Eurasia,Tsardom & Russian Empire,CHR-EAR-1908,1315.5,0.567,0.847,0.2959,0.546,44.9,0.4975,35.7,33.9,0.3725,20.1,23.2,0.3332,0.4277,0.2692,0.0606,0.2011,0.6137,0.3145,0.186,0.7946,0.7542,0.65465,RMD,BRACKET_MEDIUM,false,true,0.62502356,0.41315382,0.44765776,,0.3956,false
EVT-EAR-1909,Secular Legal Separation in Spanish Empire,1658,early_modern,religious,Iberia / Americas,Spanish Empire,CHR-EAR-1909,946.2,0.689,0.123,0.3812,0.592,22.3,0.4075,39.8,41,0.4592,33.1,19.6,0.3513,0.381,0.3994,0.3173,0.3838,0.4541,0.3871,0.0731,0.3515,0.5702,0.492227,CMN,BRACKET_BASE,false,true,0.6141284800000001,0.530292,0.62999916,,0.2965,true
EVT-EAR-1910,Popular Uprising of Safavid Empire,1640,early_modern,revolution,Persia,Safavid Empire,CHR-EAR-1910,2090.4,0.654,0.731,0.5046,0.652,51.1,0.5815,33.2,32.3,0.336,78.3,22.5,0.4281,0.4495,0.3222,0.0774,0.1975,0.2527,0.2599,-0.1968,0.5536,0.6614,0.339578,CMN,BRACKET_BASE,false,true,0.89838238,0.569625,0.871,,0.3867,true
EVT-EAR-1911,Peasant Rebellion against Mughal Empire,1746,early_modern,revolution,South Asia,Mughal Empire,CHR-EAR-1911,1724.5,0.689,0.889,0.3523,0.417,38.8,0.4025,41,42.4,0.4806,75.9,12.8,0.3774,0.447,0.3315,0,0.1622,0.215,0.2311,-0.232,0.6074,0.7218,0.499184,CMN,BRACKET_BASE,false,true,0.6284035,0.39553158,0.5490953,,0.4016,false
EVT-EAR-1912,Secular Legal Separation in Portuguese Empire,1722,early_modern,religious,Atlantic / Indian Ocean,Portuguese Empire,CHR-EAR-1912,1645.7,0.699,0.604,0.4144,0.816,39.1,0.6035,39.5,38.4,0.4404,30.8,23.8,0.3671,0.4689,0.4555,0.3456,0.4791,0.4798,0.4458,0.0109,0.4744,0.5357,0.571031,CMN,BRACKET_BASE,false,true,0.44008167,0.52929774,0.676906,,0.3168,false
EVT-EAR-1913,Pantheon Reformation of Tsardom & Russian Empire,1544,early_modern,religious,Northern Eurasia,Tsardom & Russian Empire,CHR-EAR-1913,1988.8,0.48,0.707,0.5378,0.451,43,0.4405,40.3,34.5,0.4256,40.5,19.6,0.3659,0.4898,0.5484,0.3987,0.5329,0.644,0.5228,0.1542,0.3957,0.6016,0.561241,CMN,BRACKET_BASE,false,true,0.5726720000000001,0.54418942,0.59890698,,0.3414,false
EVT-EAR-1914,Fiscal Modernization in Spanish Empire,1577,early_modern,transformation,Iberia / Americas,Spanish Empire,CHR-EAR-1914,2266.1,0.584,0.631,0.6009,0.736,38.3,0.5595,33.8,41.4,0.397,54.4,9.7,0.3378,0.368,0.4458,0.3682,0.5783,0.6968,0.4914,0.3288,0.2953,0.6478,0.522137,CMN,BRACKET_BASE,false,true,0.5499989999999999,0.49097105999999996,0.4977522,,0.3493,false
EVT-EAR-1915,Maritime Hegemony Clash in Ming & Qing Dynasties,1777,early_modern,war,East Asia,Ming & Qing Dynasties,CHR-EAR-1915,1335.8,0.481,0.687,0.375,0.849,29.3,0.571,29,35.3,0.3087,24.8,19.8,0.3314,0.3727,0.3032,0,0.1601,0.0752,0.1822,-0.2975,0.5745,0.7461,0.348069,CMN,BRACKET_BASE,false,true,0.8902159199999999,0.55142472,0.85478589,,0.3769,true
EVT-EAR-1916,Military Coup d’État in Dutch Republic,1591,early_modern,revolution,Northwestern Europe,Dutch Republic,CHR-EAR-1916,2055.7,0.523,0.311,0.6609,0.496,29.6,0.396,41.3,37.3,0.4532,81.1,16.4,0.4002,0.4639,0.3624,0.156,0.3533,0.424,0.3519,-0.0399,0.5104,0.5526,0.356349,CMN,BRACKET_BASE,false,true,0.73801148,0.50684184,0.72710343,,0.389,false
EVT-EAR-1917,Hydraulic Engineering Grid in Portuguese Empire,1501,early_modern,technological,Atlantic / Indian Ocean,Portuguese Empire,CHR-EAR-1917,1542.8,0.568,0.171,0.5571,0.457,44.5,0.451,34.8,33.2,0.3586,55.5,19.6,0.3887,0.3553,0.3941,0.4606,0.54,0.6337,0.4767,0.2784,0.3295,0.6577,0.464162,CMN,BRACKET_BASE,false,true,0.6512494200000001,0.53525428,0.59983655,,0.3112,false
EVT-EAR-1918,Administrative Codification of Ottoman Empire,1733,early_modern,transformation,Southeast Europe / Near East,Ottoman Empire,CHR-EAR-1918,2370.3,0.58,0.601,0.638,0.41,27.2,0.341,30.5,35.6,0.3267,19,8.3,0.2546,0.3364,0.3848,0.325,0.5013,0.4468,0.3989,0.1104,0.1667,0.5354,0.853823,RMD,BRACKET_HIGH,true,false,0.33346771000000003,0.3848166,0.37529473999999996,,0.2979,false
EVT-EAR-1919,Peasant Rebellion against Ottoman Empire,1591,early_modern,revolution,Southeast Europe / Near East,Ottoman Empire,CHR-EAR-1919,1452.7,0.713,0.277,0.4585,0.542,35,0.446,38.2,36.7,0.4162,26.4,10.5,0.2894,0.3856,0.2951,0,0.1101,0.3479,0.2277,-0.0377,0.6676,0.6192,0.363428,CMN,BRACKET_BASE,false,true,0.9836981800000001,0.580375,0.792875,,0.4071,true
EVT-EAR-1920,Metallurgical Innovation Surge in Kingdom of France (Bourbon),1609,early_modern,technological,Western Europe,Kingdom of France (Bourbon),CHR-EAR-1920,2173.6,0.452,0.779,0.5723,0.763,50.9,0.636,31.9,32.8,0.325,69.9,17,0.3924,0.4409,0.4615,0.5068,0.6215,0.6203,0.5302,0.1794,0.4942,0.6204,0.547686,CMN,BRACKET_BASE,false,true,0.4611756,0.46601549999999997,0.6171527700000001,,0.2886,false
EVT-EAR-1921,Judicial Standard Reform in Tsardom & Russian Empire,1674,early_modern,transformation,Northern Eurasia,Tsardom & Russian Empire,CHR-EAR-1921,891,0.771,0.568,0.2089,0.464,44.5,0.4545,30.7,37.4,0.3396,66.5,14.3,0.3753,0.2393,0.2762,0.1869,0.3454,0.4151,0.2926,0.1758,0.3174,0.6538,0.805077,RMD,BRACKET_HIGH,true,false,0.54395376,0.47909268000000005,0.54852908,,0.3236,false
EVT-EAR-1922,Caravan Route Pestilence in Mughal Empire,1641,early_modern,pandemic,South Asia,Mughal Empire,CHR-EAR-1922,1300.3,0.484,0.677,0.3679,0.598,45,0.524,30.3,40.2,0.3521,91.6,19.2,0.423,0.4648,0.4308,0.0749,0.184,0.2302,0.2769,-0.2346,0.9422,0.8056,0.451317,CMN,BRACKET_BASE,false,true,0.82081328,0.48670439,0.8055875,,0.3882,false
EVT-EAR-1923,Borderlands Pacification of Ottoman Empire,1701,early_modern,war,Southeast Europe / Near East,Ottoman Empire,CHR-EAR-1923,1127.9,0.423,0.112,0.5112,0.609,33.3,0.471,38.8,39.4,0.4389,61.5,21.9,0.4076,0.4906,0.4131,0.163,0.2402,0.5389,0.3692,0.0483,0.3511,0.5307,0.518266,CMN,BRACKET_BASE,false,true,0.49898458999999995,0.41283852000000004,0.44726864,,0.4046,false
EVT-EAR-1924,Succession Conflict of Ming & Qing Dynasties,1709,early_modern,war,East Asia,Ming & Qing Dynasties,CHR-EAR-1924,1458.5,0.718,0.656,0.3448,0.814,22.8,0.521,29.7,35.2,0.3157,27.2,20.1,0.3396,0.3819,0.2707,0.0954,0.2666,0.4207,0.2871,0.0388,0.6451,0.635,0.487097,CMN,BRACKET_BASE,false,true,0.6338909199999999,0.47595561,0.65616544,,0.3932,false
EVT-EAR-1925,Borderlands Pacification of Tokugawa Shogunate,1783,early_modern,war,Japan,Tokugawa Shogunate,CHR-EAR-1925,1419.1,0.422,0.302,0.5297,0.57,14.5,0.3575,41.8,38.3,0.4646,92.7,21.5,0.4353,0.5041,0.4112,0.1406,0.2501,0.3724,0.3357,-0.1317,0.4059,0.5998,0.434422,CMN,BRACKET_BASE,false,true,0.74662038,0.56824776,0.77568061,,0.3935,false
EVT-EAR-1926,Imperial Annexation War in Spanish Empire,1536,early_modern,war,Iberia / Americas,Spanish Empire,CHR-EAR-1926,2392.4,0.758,0.682,0.566,0.578,34.1,0.4595,39.2,41,0.4528,94,23.9,0.4484,0.516,0.4322,0.2305,0.3352,0.446,0.392,-0.07,0.4499,0.5585,0.573817,CMN,BRACKET_BASE,false,true,0.44255794,0.39561515999999997,0.49038504,,0.3779,false
EVT-EAR-1927,Imperial Unification of British Empire (Early),1584,early_modern,transformation,British Isles / Global,British Empire (Early),CHR-EAR-1927,1663.7,0.729,0.815,0.3468,0.387,26.8,0.3275,35.4,42.4,0.4202,79.8,13.4,0.384,0.2598,0.3305,0.2578,0.3824,0.5556,0.3572,0.2958,0.3448,0.7118,0.595509,CMN,BRACKET_BASE,false,true,0.54397941,0.37725624999999996,0.3383148,,0.3402,false
EVT-EAR-1928,Agricultural Plague Wave in Spanish Empire,1626,early_modern,pandemic,Iberia / Americas,Spanish Empire,CHR-EAR-1928,2295.5,0.463,0.633,0.6442,0.624,17.9,0.4015,40.3,34.5,0.4256,43.3,12.9,0.3372,0.5294,0.4592,0.0769,0.2085,0.2451,0.3038,-0.2843,0.9089,0.7901,0.65627,RMD,BRACKET_MEDIUM,false,true,0.65164218,0.41308812,0.58822488,,0.3968,false
EVT-EAR-1929,Navigational Instrument Reform in Spanish Empire,1561,early_modern,technological,Iberia / Americas,Spanish Empire,CHR-EAR-1929,1246.2,0.484,0.328,0.4586,0.626,35.2,0.489,28.2,43,0.3463,57.3,22.2,0.404,0.3592,0.3839,0.4413,0.56,0.5969,0.4683,0.2377,0.4462,0.6758,0.679707,RMD,BRACKET_MEDIUM,false,true,0.697125,0.5439999999999999,0.661375,,0.3045,false
EVT-EAR-1930,Imperial Unification of Safavid Empire,1507,early_modern,transformation,Persia,Safavid Empire,CHR-EAR-1930,857.3,0.648,0.516,0.2527,0.661,52.7,0.594,40.6,34.5,0.4288,36.4,23.5,0.3777,0.3063,0.381,0.3174,0.5264,0.6532,0.4369,0.3469,0.1612,0.6663,0.523452,CMN,BRACKET_BASE,false,true,0.6549849799999999,0.49424927999999996,0.46697438999999996,,0.351,false
EVT-EAR-1931,Orthodoxy & Heresy Trial Wave in Portuguese Empire,1701,early_modern,religious,Atlantic / Indian Ocean,Portuguese Empire,CHR-EAR-1931,1585.3,0.422,0.349,0.5585,0.758,16,0.459,28.8,35.5,0.3078,32,10.5,0.3034,0.362,0.3703,0.2538,0.3441,0.4531,0.3567,0.0911,0.2343,0.539,0.49428,CMN,BRACKET_BASE,false,true,0.7283666,0.545875,0.636875,,0.3309,true
EVT-EAR-1932,Metallurgical Innovation Surge in Dutch Republic,1556,early_modern,technological,Northwestern Europe,Dutch Republic,CHR-EAR-1932,1309.8,0.693,0.865,0.2513,0.452,42.9,0.4405,31.3,41.5,0.3707,91.3,8.6,0.3697,0.3007,0.3313,0.402,0.5141,0.5366,0.4169,0.2359,0.4741,0.7165,0.630436,RMD,BRACKET_MEDIUM,false,true,0.68528179,0.52322868,0.6341852400000001,,0.2998,false
EVT-EAR-1933,Popular Uprising of Dutch Republic,1665,early_modern,revolution,Northwestern Europe,Dutch Republic,CHR-EAR-1933,885.7,0.725,0.331,0.2924,0.706,39.4,0.55,29.9,34.9,0.316,89.9,17.1,0.4111,0.4389,0.3474,0.1184,0.336,0.3894,0.326,-0.0495,0.777,0.6772,0.485818,CMN,BRACKET_BASE,false,true,0.7732943800000001,0.563875,0.813125,,0.3909,false
EVT-EAR-1934,Epidemic Fever Outbreak across Portuguese Empire,1792,early_modern,pandemic,Atlantic / Indian Ocean,Portuguese Empire,CHR-EAR-1934,1466,0.744,0.682,0.3312,0.643,31.1,0.477,31.4,35,0.3328,20.6,16,0.299,0.4381,0.3694,0,0.2124,0.3728,0.2785,-0.0653,0.7281,0.6761,0.492377,CMN,BRACKET_BASE,false,true,0.60061488,0.39237120000000003,0.48907500000000004,,0.4069,false
EVT-EAR-1935,Fiscal Default Crisis in Ottoman Empire,1561,early_modern,collapse,Southeast Europe / Near East,Ottoman Empire,CHR-EAR-1935,2132.2,0.454,0.667,0.5946,0.723,47.3,0.598,34.8,38.3,0.3892,29.2,22.9,0.3587,0.5856,0.4798,0.2778,0.2981,0.2445,0.3772,-0.3411,0.4547,0.6906,0.458583,CMN,BRACKET_BASE,false,true,0.56594252,0.40754106,0.5916353599999999,,0.3483,false
EVT-EAR-1936,Agricultural Plague Wave in Polish-Lithuanian Commonwealth,1800,early_modern,pandemic,Eastern Europe,Polish-Lithuanian Commonwealth,CHR-EAR-1936,1135,0.757,0.117,0.4113,0.844,42.6,0.635,37,39.2,0.4183,85.6,23.1,0.4376,0.5078,0.4489,0.1353,0.2916,0.4086,0.3584,-0.0992,0.9076,0.6908,0.422753,CMN,BRACKET_BASE,false,true,0.72619118,0.578375,0.843,,0.3993,false
EVT-EAR-1937,Administrative Codification of Kingdom of France (Bourbon),1651,early_modern,transformation,Western Europe,Kingdom of France (Bourbon),CHR-EAR-1937,2022.3,0.757,0.151,0.6301,0.832,24.1,0.5365,33.4,34.1,0.3489,43.1,9.9,0.3219,0.3415,0.3744,0.2747,0.4991,0.6588,0.4297,0.3173,0.2977,0.6484,0.576575,CMN,BRACKET_BASE,false,true,0.71548608,0.567,0.5720000000000001,,0.3613,false
EVT-EAR-1938,Temple Bureaucracy Reorganization of Mughal Empire,1518,early_modern,religious,South Asia,Mughal Empire,CHR-EAR-1938,2040.4,0.755,0.895,0.4122,0.417,36.1,0.389,32.7,38.7,0.369,69.2,20.1,0.4072,0.3822,0.4493,0.3438,0.4479,0.2996,0.3846,-0.0826,0.385,0.5953,0.498019,CMN,BRACKET_BASE,false,true,0.44151544,0.3721815,0.4628442,,0.2795,false
EVT-EAR-1939,Epidemic Fever Outbreak across Polish-Lithuanian Commonwealth,1755,early_modern,pandemic,Eastern Europe,Polish-Lithuanian Commonwealth,CHR-EAR-1939,1350.2,0.461,0.834,0.3406,0.278,17.9,0.2285,34.2,38.9,0.3863,74.3,16.9,0.3963,0.3727,0.3296,0,0.1445,0.1017,0.1897,-0.271,0.6745,0.8017,0.455538,CMN,BRACKET_BASE,false,true,0.7753647600000001,0.46349429999999997,0.78811065,,0.3783,false
EVT-EAR-1940,Harbor Incursion Sickness in Ming & Qing Dynasties,1793,early_modern,pandemic,East Asia,Ming & Qing Dynasties,CHR-EAR-1940,858.4,0.467,0.595,0.2836,0.502,34.8,0.425,33.6,38.5,0.3775,79.7,20.1,0.4174,0.4025,0.353,0.0817,0.2241,0.0286,0.218,-0.3739,0.8671,0.8858,0.599024,CMN,BRACKET_BASE,false,true,0.5655188,0.39058656,0.6037903,,0.37,false
EVT-EAR-1941,Respiratory Virulence Wave across Ottoman Empire,1604,early_modern,pandemic,Southeast Europe / Near East,Ottoman Empire,CHR-EAR-1941,933.3,0.571,0.348,0.3458,0.418,29.4,0.356,30.1,37,0.3308,22.5,22,0.3354,0.4124,0.347,0,0.2016,0.2589,0.244,-0.1535,0.6347,0.7167,0.480891,CMN,BRACKET_BASE,false,true,0.60774428,0.38708567999999993,0.5207054999999999,,0.4018,false
EVT-EAR-1942,Metallurgical Innovation Surge in Safavid Empire,1745,early_modern,technological,Persia,Safavid Empire,CHR-EAR-1942,1140.1,0.678,0.412,0.3479,0.22,30.9,0.2645,28.3,36.6,0.309,22.6,22.1,0.3362,0.2402,0.2759,0.3466,0.4175,0.4765,0.3513,0.2363,0.4007,0.7196,0.771814,RMD,BRACKET_HIGH,true,false,0.47823775999999996,0.46804109999999993,0.61646914,,0.297,false
EVT-EAR-1943,Peasant Rebellion against Tokugawa Shogunate,1679,early_modern,revolution,Japan,Tokugawa Shogunate,CHR-EAR-1943,1753.3,0.449,0.214,0.6342,0.67,48.7,0.5785,36.6,33.9,0.3822,62.7,12.5,0.362,0.5619,0.4525,0.075,0.2605,0.3238,0.3347,-0.2381,0.4459,0.6308,0.426763,CMN,BRACKET_BASE,false,true,0.57983448,0.52224939,0.83503326,,0.406,false
EVT-EAR-1944,Constitutional Reorganization of Ottoman Empire,1642,early_modern,transformation,Southeast Europe / Near East,Ottoman Empire,CHR-EAR-1944,1253.3,0.613,0.184,0.465,0.64,31.5,0.4775,41.7,39.5,0.4707,63.5,13.9,0.37,0.3623,0.3889,0.2872,0.416,0.5456,0.4,0.1833,0.301,0.5923,0.649916,RMD,BRACKET_MEDIUM,false,true,0.47100872000000005,0.38243946,0.36925081,,0.3379,false
EVT-EAR-1945,Frontier Fragmentation of Kingdom of France (Bourbon),1763,early_modern,collapse,Western Europe,Kingdom of France (Bourbon),CHR-EAR-1945,1715.2,0.57,0.802,0.4117,0.608,16.6,0.387,37,39.9,0.4225,60.7,22.8,0.4112,0.5251,0.4375,0.2081,0.2686,0.2372,0.3353,-0.2879,0.6454,0.7636,0.518994,CMN,BRACKET_BASE,false,true,0.6290447100000001,0.38983308000000005,0.5757175999999999,,0.3477,false
EVT-EAR-1946,Strategic Siege of Safavid Empire,1522,early_modern,war,Persia,Safavid Empire,CHR-EAR-1946,1924.1,0.681,0.719,0.4572,0.758,18,0.469,35.8,37.9,0.3976,54,10.7,0.3422,0.3744,0.33,0.167,0.3668,0.3138,0.3104,-0.0606,0.3516,0.5521,0.414522,CMN,BRACKET_BASE,false,true,0.823375,0.553375,0.7553749999999999,,0.3523,true
EVT-EAR-1947,Frontier Campaign of Polish-Lithuanian Commonwealth,1635,early_modern,war,Eastern Europe,Polish-Lithuanian Commonwealth,CHR-EAR-1947,1113.5,0.667,0.3,0.3779,0.442,53.2,0.487,28.3,41.7,0.3396,74.7,18.6,0.4052,0.3553,0.2376,0.0244,0.2111,0.4515,0.256,0.0962,0.3122,0.5793,0.68566,RMD,BRACKET_MEDIUM,false,false,0.42981504,0.3989808,0.41363678000000004,,0.4049,false
EVT-EAR-1948,Respiratory Virulence Wave across Portuguese Empire,1603,early_modern,pandemic,Atlantic / Indian Ocean,Portuguese Empire,CHR-EAR-1948,2395.8,0.455,0.443,0.7295,0.522,18.4,0.353,33.6,42.4,0.4009,70.3,9.1,0.3533,0.4892,0.4656,0,0.1636,0.3367,0.291,-0.1525,0.7434,0.6757,0.531752,CMN,BRACKET_BASE,false,true,0.6310292399999999,0.42466380000000004,0.5402929999999999,,0.4101,false
EVT-EAR-1949,Caravan Route Pestilence in Dutch Republic,1767,early_modern,pandemic,Northwestern Europe,Dutch Republic,CHR-EAR-1949,2018.6,0.491,0.426,0.6265,0.536,38.8,0.462,39.8,40,0.4532,81,13.7,0.3866,0.5443,0.5092,0.0437,0.2218,0.348,0.3334,-0.1963,0.8095,0.7071,0.780454,RMD,BRACKET_HIGH,true,false,0.5728255,0.43015449,0.56124777,,0.4093,false
EVT-EAR-1950,Temple Bureaucracy Reorganization of Dutch Republic,1700,early_modern,religious,Northwestern Europe,Dutch Republic,CHR-EAR-1950,1603.6,0.498,0.21,0.5821,0.339,46.8,0.4035,30.3,35.7,0.3251,56.1,16.8,0.3755,0.4007,0.4673,0.2695,0.3479,0.5904,0.4152,0.1897,0.4561,0.6499,0.621852,CMN,BRACKET_BASE,false,true,0.6202773500000001,0.54314484,0.58822368,,0.3704,false
EVT-EAR-1951,Secular Legal Separation in Polish-Lithuanian Commonwealth,1784,early_modern,religious,Eastern Europe,Polish-Lithuanian Commonwealth,CHR-EAR-1951,1421.2,0.73,0.378,0.415,0.794,24.5,0.5195,35.1,32.4,0.357,77.9,12.9,0.3798,0.4385,0.4055,0.2362,0.3269,0.2991,0.3412,-0.1394,0.5135,0.6399,0.464423,CMN,BRACKET_BASE,false,true,0.84538608,0.54825,0.8242499999999999,,0.3219,true
EVT-EAR-1952,Military Coup d’État in British Empire (Early),1586,early_modern,revolution,British Isles / Global,British Empire (Early),CHR-EAR-1952,1102.1,0.617,0.482,0.3354,0.278,16.6,0.222,39.8,37.9,0.4406,92.7,24,0.4478,0.3452,0.2409,0,0.1897,0.4134,0.2378,0.0682,0.3754,0.611,0.830852,RMD,BRACKET_HIGH,true,false,0.54459207,0.5503806,0.633872,,0.4047,false
EVT-EAR-1953,Fiscal Default Crisis in Spanish Empire,1536,early_modern,collapse,Iberia / Americas,Spanish Empire,CHR-EAR-1953,2027.5,0.656,0.479,0.5634,0.784,39.7,0.5905,30.1,37.3,0.3326,90.1,15.1,0.4013,0.5381,0.4423,0.154,0.2526,0.1209,0.3016,-0.4172,0.4077,0.7342,0.498365,CMN,BRACKET_BASE,false,true,0.7451015,0.56782584,0.9075584,,0.3735,false
EVT-EAR-1954,Strategic Siege of Kingdom of France (Bourbon),1752,early_modern,war,Western Europe,Kingdom of France (Bourbon),CHR-EAR-1954,1240.6,0.673,0.303,0.408,0.643,50.1,0.572,32,36.5,0.3482,27.4,10.7,0.2931,0.3594,0.2794,0,0.1509,0.2759,0.2131,-0.0835,0.4675,0.5927,0.448033,CMN,BRACKET_BASE,false,true,0.8147058499999998,0.55510336,0.7380605000000001,,0.3996,true
EVT-EAR-1955,Civic Restoration Revolt in Polish-Lithuanian Commonwealth,1649,early_modern,revolution,Eastern Europe,Polish-Lithuanian Commonwealth,CHR-EAR-1955,1699.6,0.57,0.821,0.402,0.774,32.8,0.551,35,37.4,0.3859,24.8,22.4,0.3444,0.4872,0.3351,0.0708,0.3037,0.4918,0.3377,0.0046,0.3716,0.5245,0.647758,RMD,BRACKET_MEDIUM,false,true,0.62853136,0.57654628,0.69408,,0.4046,false
EVT-EAR-1956,Fiscal Default Crisis in Dutch Republic,1672,early_modern,collapse,Northwestern Europe,Dutch Republic,CHR-EAR-1956,2207.4,0.433,0.667,0.6203,0.58,45.1,0.5155,38.9,36.6,0.4231,94.3,12.3,0.3906,0.6218,0.5028,0.1893,0.2637,0.2548,0.3665,-0.367,0.7617,0.7848,0.611956,CMN,BRACKET_BASE,false,true,0.5759790000000001,0.5140114899999999,0.90152152,,0.3728,false
EVT-EAR-1957,Pantheon Reformation of Ottoman Empire,1655,early_modern,religious,Southeast Europe / Near East,Ottoman Empire,CHR-EAR-1957,1010.2,0.432,0.581,0.3374,0.803,40.7,0.605,32.7,36.4,0.3552,90.2,11.5,0.3834,0.4243,0.4674,0.2853,0.3913,0.5305,0.4198,0.1062,0.2239,0.5487,0.520112,CMN,BRACKET_BASE,false,true,0.63011592,0.48482847,0.5780204,,0.3561,false
EVT-EAR-1958,Coalition Defense of British Empire (Early),1771,early_modern,war,British Isles / Global,British Empire (Early),CHR-EAR-1958,1282.8,0.523,0.221,0.4885,0.383,42.7,0.405,29.1,36.1,0.3146,60.8,13.8,0.3663,0.4168,0.3062,0,0.0843,0.1785,0.1972,-0.2383,0.6173,0.7318,0.328697,CMN,BRACKET_BASE,false,true,0.90631009,0.5599855,0.83431546,,0.3949,true
EVT-EAR-1959,Canal Infrastructure Boom in British Empire (Early),1559,early_modern,economic,British Isles / Global,British Empire (Early),CHR-EAR-1959,1192.9,0.484,0.788,0.3069,0.709,14.7,0.428,29.9,34.8,0.3154,41.2,9.4,0.3161,0.3068,0.2254,0.0987,0.1627,0.362,0.2311,0.0552,0.5872,0.6491,0.377561,CMN,BRACKET_BASE,false,true,0.77706864,0.52945608,0.64871961,,0.372,false
EVT-EAR-1960,Borderlands Pacification of Ottoman Empire,1664,early_modern,war,Southeast Europe / Near East,Ottoman Empire,CHR-EAR-1960,2298.4,0.503,0.292,0.7353,0.622,28.4,0.453,31.4,39.3,0.3586,39.4,18.1,0.3564,0.5016,0.4096,0.2583,0.3107,0.4562,0.3873,-0.0454,0.6229,0.5782,0.5517,CMN,BRACKET_BASE,false,true,0.74908462,0.563875,0.7929999999999999,,0.3659,false
EVT-EAR-1961,Epidemic Fever Outbreak across Ming & Qing Dynasties,1799,early_modern,pandemic,East Asia,Ming & Qing Dynasties,CHR-EAR-1961,1955.4,0.766,0.697,0.4464,0.673,30.3,0.488,35.5,42.2,0.4201,73.1,10.7,0.3642,0.5154,0.4903,0.1271,0.2294,0.5363,0.3797,0.0209,0.7789,0.6328,0.709983,RMD,BRACKET_HIGH,false,false,0.45190545,0.4081396,0.47913873000000007,,0.408,false
EVT-EAR-1962,Decentralization Wave across Polish-Lithuanian Commonwealth,1693,early_modern,collapse,Eastern Europe,Polish-Lithuanian Commonwealth,CHR-EAR-1962,1313.7,0.724,0.28,0.4185,0.49,24.6,0.368,39.4,35.5,0.4219,19.2,12.9,0.2784,0.4473,0.3377,0.0706,0.1173,0.1017,0.2149,-0.3456,0.7892,0.8327,0.471578,CMN,BRACKET_BASE,false,true,0.76825062,0.47813849999999997,0.83859546,,0.3613,false
EVT-EAR-1963,Treaty System Implementation across Portuguese Empire,1731,early_modern,transformation,Atlantic / Indian Ocean,Portuguese Empire,CHR-EAR-1963,1083.6,0.534,0.517,0.345,0.573,46.1,0.517,31.4,33.2,0.322,35.9,8.5,0.3017,0.3103,0.3414,0.2275,0.3735,0.5085,0.3522,0.1982,0.2539,0.6229,0.698555,RMD,BRACKET_MEDIUM,false,false,0.448791,0.38412192,0.35891545,,0.3457,false
EVT-EAR-1964,Judicial Standard Reform in Mughal Empire,1716,early_modern,transformation,South Asia,Mughal Empire,CHR-EAR-1964,995.5,0.767,0.747,0.1833,0.588,51.1,0.5495,30.9,38.4,0.3478,35.4,18.9,0.3527,0.2626,0.3163,0.2269,0.4674,0.5544,0.3655,0.2918,0.3801,0.7205,0.58394,CMN,BRACKET_BASE,false,true,0.5838760799999999,0.38278722,0.35190921000000003,,0.3484,false
EVT-EAR-1965,Guild Monopoly Reform in Polish-Lithuanian Commonwealth,1560,early_modern,economic,Eastern Europe,Polish-Lithuanian Commonwealth,CHR-EAR-1965,1792.6,0.453,0.189,0.6507,0.8,36.4,0.582,33.3,34.6,0.3508,88.2,8.6,0.3672,0.553,0.5256,0.4034,0.4563,0.7398,0.5356,0.1868,0.4774,0.6127,0.677757,RMD,BRACKET_MEDIUM,false,true,0.42796197,0.39559353999999997,0.39755084999999996,,0.3712,false
EVT-EAR-1966,Decentralization Wave across Safavid Empire,1617,early_modern,collapse,Persia,Safavid Empire,CHR-EAR-1966,1185.7,0.533,0.128,0.4883,0.44,14.3,0.2915,30.7,39.5,0.3522,81.7,10.6,0.3717,0.4919,0.4042,0.174,0.2232,0.2826,0.3152,-0.2093,0.4927,0.6964,0.400213,CMN,BRACKET_BASE,false,true,0.7361184599999999,0.48079240000000006,0.7725020800000001,,0.3621,false
EVT-EAR-1967,Synod Monotheistic Mandate in British Empire (Early),1736,early_modern,religious,British Isles / Global,British Empire (Early),CHR-EAR-1967,1035.7,0.686,0.212,0.3785,0.303,39.8,0.3505,38.2,32.5,0.391,81.7,21,0.4237,0.3996,0.4733,0.2851,0.3818,0.6044,0.4288,0.2048,0.2223,0.6282,0.430258,CMN,BRACKET_BASE,false,true,0.64544004,0.56175,0.581125,,0.3662,false
EVT-EAR-1968,Systemic Governance Breakdown in Ming & Qing Dynasties,1623,early_modern,collapse,East Asia,Ming & Qing Dynasties,CHR-EAR-1968,2270.8,0.716,0.325,0.6544,0.616,34.9,0.4825,41.8,42.8,0.4916,86.1,22.4,0.4345,0.6057,0.5342,0.3126,0.3434,0.2311,0.4054,-0.3746,0.6646,0.7542,0.54214,CMN,BRACKET_BASE,false,true,0.6010916,0.51622168,0.9236738,,0.3508,false
EVT-EAR-1969,Strategic Siege of Safavid Empire,1746,early_modern,war,Persia,Safavid Empire,CHR-EAR-1969,886.6,0.74,0.429,0.2587,0.473,16.9,0.321,35.3,39.8,0.4036,90.6,23.2,0.4422,0.3277,0.2517,0.0895,0.2823,0.3516,0.2606,0.0239,0.4986,0.6201,0.609403,CMN,BRACKET_BASE,false,true,0.5768810400000001,0.38114086,0.44558000999999997,,0.3765,false
EVT-EAR-1970,Fiscal Default Crisis in British Empire (Early),1750,early_modern,collapse,British Isles / Global,British Empire (Early),CHR-EAR-1970,1088.2,0.613,0.155,0.4311,0.551,47.3,0.512,39.9,39,0.4483,51.2,16,0.3649,0.5333,0.4394,0.0809,0.1214,0.2499,0.285,-0.2834,0.5662,0.7159,0.574937,CMN,BRACKET_BASE,false,true,0.62494848,0.5842447799999999,0.8757489599999999,,0.3997,false
EVT-EAR-1971,Continental Standoff of Spanish Empire,1622,early_modern,war,Iberia / Americas,Spanish Empire,CHR-EAR-1971,1193.9,0.7,0.495,0.3302,0.812,54.1,0.6765,34.5,37.8,0.383,89.7,23.9,0.445,0.4142,0.3584,0.0971,0.2078,0.2928,0.2741,-0.1214,0.3186,0.5668,0.543319,CMN,BRACKET_BASE,false,true,0.53056809,0.39369492,0.492736,,0.3836,false
EVT-EAR-1972,Navigational Instrument Reform in Kingdom of France (Bourbon),1544,early_modern,technological,Western Europe,Kingdom of France (Bourbon),CHR-EAR-1972,1224.4,0.517,0.607,0.3594,0.809,34.4,0.5765,31,34.9,0.3279,52.8,10.3,0.3386,0.3206,0.3682,0.4657,0.6248,0.5966,0.4752,0.276,0.1657,0.6309,0.754996,RMD,BRACKET_HIGH,true,false,0.36458433,0.54832175,0.6025252,,0.3094,false
EVT-EAR-1973,Dynastic Disintegration of Polish-Lithuanian Commonwealth,1633,early_modern,collapse,Eastern Europe,Polish-Lithuanian Commonwealth,CHR-EAR-1973,2331.1,0.548,0.841,0.5655,0.272,29.2,0.282,30.2,38,0.3378,63.6,14,0.3706,0.5287,0.4294,0.1608,0.2413,0.1667,0.3054,-0.362,0.6759,0.8167,0.562511,CMN,BRACKET_BASE,false,true,0.5459771999999999,0.39784388,0.6087114,,0.3621,false
EVT-EAR-1974,Astronomical Standardization by Mughal Empire,1785,early_modern,technological,South Asia,Mughal Empire,CHR-EAR-1974,1593.2,0.574,0.132,0.58,0.595,30.7,0.451,34.1,35,0.3618,29.4,12.8,0.3087,0.3362,0.3658,0.4137,0.4921,0.5239,0.4263,0.1877,0.3636,0.6133,0.505574,CMN,BRACKET_BASE,false,true,0.70885214,0.5385,0.669875,,0.2874,false
EVT-EAR-1975,Agricultural Plague Wave in British Empire (Early),1570,early_modern,pandemic,British Isles / Global,British Empire (Early),CHR-EAR-1975,2059.5,0.619,0.825,0.4789,0.672,47.1,0.5715,37.5,40.3,0.4303,90,23.7,0.4442,0.5301,0.4997,0.0846,0.2559,0.2898,0.332,-0.2403,0.6636,0.7036,0.587027,CMN,BRACKET_BASE,false,true,0.56564032,0.41733657,0.58443943,,0.402,false
EVT-EAR-1976,Astronomical Standardization by Ottoman Empire,1600,early_modern,technological,Southeast Europe / Near East,Ottoman Empire,CHR-EAR-1976,1728.3,0.477,0.56,0.5156,0.493,35.4,0.4235,39.9,36.1,0.4309,50.2,12.4,0.3455,0.3823,0.4387,0.5006,0.622,0.6076,0.5102,0.2253,0.4824,0.6668,0.614531,CMN,BRACKET_BASE,false,true,0.53595192,0.5286826,0.6611083600000001,,0.2931,false
EVT-EAR-1977,Agrarian Restructuring of Mughal Empire,1548,early_modern,transformation,South Asia,Mughal Empire,CHR-EAR-1977,1405.7,0.699,0.887,0.2676,0.476,34.3,0.4095,31.8,38.9,0.3605,82.6,18.8,0.4135,0.292,0.3384,0.2366,0.3694,0.413,0.3299,0.121,0.3682,0.6318,0.635073,RMD,BRACKET_MEDIUM,false,true,0.74158693,0.535125,0.636125,,0.31,true
EVT-EAR-1978,Pantheon Reformation of Tsardom & Russian Empire,1700,early_modern,religious,Northern Eurasia,Tsardom & Russian Empire,CHR-EAR-1978,2007.4,0.581,0.505,0.5729,0.802,39.3,0.5975,29.8,32.8,0.3023,82.8,21.6,0.4277,0.4557,0.4949,0.3656,0.4659,0.4575,0.4479,0.0018,0.2741,0.4786,0.677647,RMD,BRACKET_MEDIUM,false,true,0.44088248,0.37746240000000003,0.43068206000000003,,0.2959,false
EVT-EAR-1979,Monastic Network Expansion of Mughal Empire,1504,early_modern,religious,South Asia,Mughal Empire,CHR-EAR-1979,1249.4,0.667,0.455,0.3665,0.541,25.2,0.3965,33.8,36.5,0.3676,62.3,8.4,0.3411,0.3738,0.3918,0.2313,0.3846,0.2865,0.3336,-0.0873,0.2275,0.5644,0.489186,CMN,BRACKET_BASE,false,true,0.51963564,0.46941768,0.66468616,,0.3104,false
EVT-EAR-1980,Secular Legal Separation in Ottoman Empire,1777,early_modern,religious,Southeast Europe / Near East,Ottoman Empire,CHR-EAR-1980,2237.3,0.692,0.282,0.6658,0.285,42,0.3525,30.8,39,0.3503,66.5,9,0.3488,0.4026,0.4519,0.3477,0.4641,0.3533,0.4039,-0.0493,0.52,0.5813,0.869531,RMD,BRACKET_HIGH,true,false,0.35166204,0.36526137,0.46167732,,0.2759,false
EVT-EAR-1981,Debt Crisis Settlement of Tsardom & Russian Empire,1569,early_modern,economic,Northern Eurasia,Tsardom & Russian Empire,CHR-EAR-1981,1595,0.673,0.656,0.3936,0.781,31.6,0.5485,38.1,37.2,0.4181,82.3,10.5,0.3717,0.4146,0.384,0.1416,0.2877,0.6035,0.3663,0.1889,0.4478,0.6399,0.565357,CMN,BRACKET_BASE,false,true,0.4354204,0.4029696,0.42557024999999993,,0.4017,false
EVT-EAR-1982,Debt Crisis Settlement of Spanish Empire,1531,early_modern,economic,Iberia / Americas,Spanish Empire,CHR-EAR-1982,1946.7,0.622,0.78,0.4624,0.436,20.2,0.319,34.9,38.9,0.3939,80.3,12.3,0.379,0.4572,0.4133,0.231,0.3314,0.6372,0.414,0.18,0.6332,0.7092,0.526002,CMN,BRACKET_BASE,false,true,0.78926911,0.5700000000000001,0.691875,,0.3923,false
EVT-EAR-1983,Mercantile Tariff Overhaul across Ming & Qing Dynasties,1593,early_modern,economic,East Asia,Ming & Qing Dynasties,CHR-EAR-1983,2033.3,0.536,0.336,0.6438,0.23,43.7,0.3335,36,40.2,0.4135,53.1,23.5,0.405,0.4034,0.3368,0.1275,0.2535,0.465,0.3172,0.0616,0.4604,0.5697,0.725359,RMD,BRACKET_HIGH,false,false,0.5276337,0.39976350000000005,0.44666921,,0.3937,false
EVT-EAR-1984,Debt Crisis Settlement of Polish-Lithuanian Commonwealth,1520,early_modern,economic,Eastern Europe,Polish-Lithuanian Commonwealth,CHR-EAR-1984,2150.3,0.647,0.541,0.5792,0.306,47.9,0.3925,41.4,32.6,0.4261,74.3,18,0.4018,0.4512,0.3683,0.19,0.3189,0.5657,0.3788,0.1145,0.4031,0.5829,0.700311,RMD,BRACKET_HIGH,false,false,0.58940338,0.51133244,0.6274423,,0.3953,false
EVT-EAR-1985,Imperial Unification of Polish-Lithuanian Commonwealth,1676,early_modern,transformation,Eastern Europe,Polish-Lithuanian Commonwealth,CHR-EAR-1985,960.8,0.725,0.163,0.3622,0.303,31.2,0.3075,33.3,41.9,0.3946,35.3,22.4,0.37,0.2775,0.3332,0.2249,0.3993,0.5834,0.3637,0.3059,0.3425,0.7212,0.742028,RMD,BRACKET_HIGH,true,false,0.6352240400000001,0.5377577,0.52911327,,0.3525,false
EVT-EAR-1986,Maritime Trade Hub Expansion in Portuguese Empire,1648,early_modern,economic,Atlantic / Indian Ocean,Portuguese Empire,CHR-EAR-1986,2137.1,0.517,0.842,0.5245,0.386,29.5,0.3405,40.1,36,0.4325,58,16.9,0.3784,0.388,0.3208,0.0866,0.1608,0.3068,0.2526,-0.0812,0.4724,0.5973,0.592613,CMN,BRACKET_BASE,false,true,0.6250943600000001,0.39879518,0.498332,,0.3835,false
EVT-EAR-1987,Dynastic Disintegration of Tsardom & Russian Empire,1610,early_modern,collapse,Northern Eurasia,Tsardom & Russian Empire,CHR-EAR-1987,880.4,0.631,0.532,0.2589,0.815,42.4,0.6195,37.1,40.7,0.4284,23.4,10.1,0.2787,0.5068,0.4164,0.0477,0.1173,0.1285,0.2433,-0.3783,0.4432,0.7491,0.528073,CMN,BRACKET_BASE,false,true,0.6238306,0.42690552000000004,0.6161625900000001,,0.3844,false
EVT-EAR-1988,Strategic Siege of Tsardom & Russian Empire,1796,early_modern,war,Northern Eurasia,Tsardom & Russian Empire,CHR-EAR-1988,895.3,0.422,0.433,0.3552,0.358,51.6,0.437,38.2,37.8,0.4228,74.5,23.4,0.429,0.3962,0.3536,0.0797,0.2589,0.419,0.3015,0.0228,0.3725,0.5532,0.373514,CMN,BRACKET_BASE,false,true,0.85047563,0.577,0.73275,,0.3994,true
EVT-EAR-1989,Strategic Siege of Spanish Empire,1514,early_modern,war,Iberia / Americas,Spanish Empire,CHR-EAR-1989,1540.5,0.611,0.842,0.3423,0.256,22.9,0.2425,41.7,39.9,0.4731,33.8,22.4,0.3668,0.3388,0.2763,0.02,0.1942,0.2035,0.2066,-0.1353,0.669,0.7116,0.582767,CMN,BRACKET_BASE,false,true,0.6716947,0.5321430399999999,0.76792045,,0.379,false
EVT-EAR-1990,Pantheon Reformation of Tokugawa Shogunate,1552,early_modern,religious,Japan,Tokugawa Shogunate,CHR-EAR-1990,2383.6,0.539,0.845,0.5806,0.703,31.7,0.51,40.9,42.2,0.4783,23.5,13.7,0.297,0.4586,0.5061,0.3748,0.4516,0.3346,0.4251,-0.124,0.2168,0.5158,0.752566,RMD,BRACKET_HIGH,true,false,0.41531167999999996,0.38204177,0.46377878,,0.2902,false
EVT-EAR-1991,Institutional Dissolution of Kingdom of France (Bourbon),1730,early_modern,collapse,Western Europe,Kingdom of France (Bourbon),CHR-EAR-1991,2236,0.75,0.758,0.5053,0.27,26.3,0.2665,30.6,33.2,0.3134,47.8,22.1,0.3904,0.4997,0.4008,0.1619,0.1944,0.283,0.308,-0.2167,0.417,0.6885,0.500253,CMN,BRACKET_BASE,false,true,0.7614848000000001,0.50200655,0.7935565800000001,,0.3693,false
EVT-EAR-1992,Judicial Standard Reform in Dutch Republic,1657,early_modern,transformation,Northwestern Europe,Dutch Republic,CHR-EAR-1992,1049,0.584,0.512,0.3226,0.3,36.1,0.3305,35.3,33.9,0.3682,70.8,13.7,0.3768,0.2655,0.3079,0.2065,0.4394,0.472,0.3383,0.2065,0.2295,0.6457,0.891664,RMD,BRACKET_HIGH,true,false,0.45921020000000007,0.3725106,0.33840632,,0.3372,false
EVT-EAR-1993,Printing & Communications Diffusion in British Empire (Early),1632,early_modern,technological,British Isles / Global,British Empire (Early),CHR-EAR-1993,1837.7,0.735,0.11,0.6014,0.793,27.5,0.534,32.9,39.9,0.3783,18.9,10.6,0.2657,0.3732,0.4291,0.486,0.6008,0.6976,0.5173,0.3244,0.3511,0.6659,0.875345,RMD,BRACKET_HIGH,true,false,0.37027536,0.37860921,0.3832549,,0.3239,false
EVT-EAR-1994,Epidemic Fever Outbreak across Polish-Lithuanian Commonwealth,1567,early_modern,pandemic,Eastern Europe,Polish-Lithuanian Commonwealth,CHR-EAR-1994,1236,0.508,0.31,0.4542,0.501,20.1,0.351,41.5,37.2,0.4547,52.9,21.5,0.3947,0.4925,0.4472,0,0.1071,0.2265,0.2547,-0.266,0.7811,0.7799,0.67398,RMD,BRACKET_MEDIUM,false,true,0.5811894,0.5002947,0.79385963,,0.4088,false
EVT-EAR-1995,Constitutional Reorganization of Dutch Republic,1697,early_modern,transformation,Northwestern Europe,Dutch Republic,CHR-EAR-1995,2184.1,0.761,0.599,0.5363,0.531,36.3,0.447,33.4,36.9,0.3657,39.4,21.4,0.3729,0.3404,0.3641,0.2916,0.439,0.5248,0.392,0.1844,0.311,0.605,0.506918,CMN,BRACKET_BASE,false,true,0.6775975,0.47477802,0.5378187999999999,,0.3221,false
EVT-EAR-1996,Fiscal Default Crisis in Ottoman Empire,1547,early_modern,collapse,Southeast Europe / Near East,Ottoman Empire,CHR-EAR-1996,2387.4,0.434,0.514,0.7123,0.254,50,0.377,30.7,39.5,0.3522,70.9,19.4,0.4054,0.5548,0.4498,0.0614,0.0934,0.2801,0.2879,-0.2747,0.7357,0.746,0.643969,RMD,BRACKET_MEDIUM,false,true,0.60481204,0.53777264,0.84861856,,0.4077,false
EVT-EAR-1997,Fiscal Default Crisis in British Empire (Early),1795,early_modern,collapse,British Isles / Global,British Empire (Early),CHR-EAR-1997,1053,0.76,0.507,0.2723,0.589,26.6,0.4275,30.8,37.6,0.3419,75.9,20.2,0.4144,0.44,0.3836,0.1569,0.1809,0.1265,0.2576,-0.3135,0.8396,0.8529,0.40395,CMN,BRACKET_BASE,false,true,0.66727314,0.38414416,0.58407528,,0.3444,false
EVT-EAR-1998,Popular Uprising of British Empire (Early),1694,early_modern,revolution,British Isles / Global,British Empire (Early),CHR-EAR-1998,2268.2,0.675,0.459,0.6258,0.597,26.5,0.431,28.6,40.8,0.3374,94.4,14.5,0.4017,0.5175,0.4292,0.1256,0.2873,0.5382,0.3796,0.0207,0.6321,0.5901,0.438684,CMN,BRACKET_BASE,false,true,0.72804413,0.5205394200000001,0.7198543799999999,,0.4056,false
EVT-EAR-1999,Civic Restoration Revolt in Tokugawa Shogunate,1681,early_modern,revolution,Japan,Tokugawa Shogunate,CHR-EAR-1999,2391.5,0.735,0.234,0.7071,0.508,12.3,0.3155,37.1,33.2,0.3834,45.8,19.5,0.3743,0.4922,0.3546,0,0.1787,0.196,0.2443,-0.2962,0.7929,0.7773,0.45995,CMN,BRACKET_BASE,false,true,0.8485592000000001,0.58025,0.918625,,0.4019,true
EVT-EAR-2000,Maritime Trade Hub Expansion in Tsardom & Russian Empire,1624,early_modern,economic,Northern Eurasia,Tsardom & Russian Empire,CHR-EAR-2000,2053.5,0.507,0.218,0.6931,0.498,31.4,0.406,40.4,35.7,0.4339,74.6,9.9,0.3616,0.4851,0.4448,0.1816,0.2351,0.3534,0.34,-0.1317,0.5995,0.621,0.408085,CMN,BRACKET_BASE,false,true,0.8526730800000001,0.572875,0.850625,,0.3759,true
