character_id,name,epoch,civilization,region,active_year_start,active_year_end,primary_domain,historical_role,associated_event_id,power_index,network_centrality,legitimacy,rationality,charisma,ideological_extremity,momentum,duration_of_influence_months,actor_volatility,trigger_force,token_impact_score_tis,tim_foundation,tim_dynamics,tim_chaos,mule_clause_risk
CHR-BRO-0001,Astronomer Wilhelm of Ancient Egypt,bronze_and_iron_age,Kingdom of Kush (Kerma/Napata),Nubia,-2657,-2620,Scientific,catalyst,EVT-BRO-0001,0.5051,0.8546,0.5101,0.6518,0.8113,0.7534,0.8164,45,0.5508,0.6296,0.678,1.1061,1.2114,1.1587,false
CHR-BRO-0002,Centurion Adams of Babylonia,bronze_and_iron_age,Babylonia,Mesopotamia,-2570,-2562,Military,architect,EVT-BRO-0002,0.6543,0.7745,0.8168,0.8686,0.64,0.3429,0.6985,148,0.2372,0.672,0.5568,0.834,0.8645,0.773,false
CHR-BRO-0003,Geometer Ashoka of Phoenician City-States,bronze_and_iron_age,Vedic Kingdoms,South Asia,-1151,-1117,Scientific,wildcard,EVT-BRO-0003,0.4834,0.5539,0.3252,0.6947,0.2008,0.5866,0.6041,14,0.446,0.5317,0.4954,0.9986,1.0486,1.0985,false
CHR-BRO-0004,Alchemist Godfrey of Indus Valley (Late),bronze_and_iron_age,Babylonia,Mesopotamia,-1478,-1456,Scientific,wildcard,EVT-BRO-0004,0.7749,0.4194,0.3559,0.4349,0.641,0.339,0.7286,35,0.452,0.7563,0.6056,1.0317,1.0833,1.1348,false
CHR-BRO-0005,Abbess Labarna of Ancient Egypt,bronze_and_iron_age,Western Zhou Dynasty,East Asia,-1845,-1819,Religious,disruptor,EVT-BRO-0005,0.7383,0.8066,0.4644,0.5471,0.8525,0.7422,0.9342,43,0.5975,0.8166,0.7611,1.2401,1.25,1.25,true
CHR-BRO-0006,Archon Hathor of Babylonia,bronze_and_iron_age,Hittite Empire,Anatolia,-3056,-3024,Political,disruptor,EVT-BRO-0006,0.7379,0.771,0.3678,0.6314,0.8222,0.9458,0.8447,33,0.6572,0.7806,0.7737,1.2444,1.25,1.25,true
CHR-BRO-0007,Centurion Cao of Elamite Empire,bronze_and_iron_age,Shang Dynasty,East Asia,-1993,-1979,Military,architect,EVT-BRO-0007,0.6532,0.6406,0.848,0.9109,0.7618,0.2083,0.7025,97,0.1487,0.6729,0.5299,0.8274,0.8576,0.7668,false
CHR-BRO-0008,Cardinal Colbert of Babylonia,bronze_and_iron_age,Vedic Kingdoms,South Asia,-1185,-1179,Religious,architect,EVT-BRO-0008,0.8658,0.7456,0.73,0.8469,0.7259,0.1995,0.6824,77,0.1763,0.7924,0.6041,0.8456,0.8765,0.7837,false
CHR-BRO-0009,Philosopher Labarna of Assyrian Empire,bronze_and_iron_age,Hittite Empire,Anatolia,-2386,-2349,Cultural,architect,EVT-BRO-0009,0.8947,0.7996,0.8489,0.8543,0.6444,0.4418,0.5512,162,0.2937,0.7573,0.6116,0.8475,0.8785,0.7854,false
CHR-BRO-0010,Polymath Tiglath of Elamite Empire,bronze_and_iron_age,Ancient Egypt,North Africa / Nile,-2425,-2392,Scientific,stabilizer,EVT-BRO-0010,0.6864,0.7706,0.7679,0.8889,0.534,0.2613,0.6452,38,0.1862,0.6699,0.532,0.8279,0.8582,0.7673,false
CHR-BRO-0011,Physician Naram-Sin of Assyrian Empire,bronze_and_iron_age,Vedic Kingdoms,South Asia,-2781,-2776,Scientific,disruptor,EVT-BRO-0011,0.7912,0.7077,0.2657,0.3606,0.88,0.8362,0.8987,26,0.7378,0.8342,0.8016,1.25,1.25,1.25,true
CHR-BRO-0012,Legate Saladin of Phoenician City-States,bronze_and_iron_age,Vedic Kingdoms,South Asia,-868,-838,Military,stabilizer,EVT-BRO-0012,0.6297,0.7706,0.932,0.7495,0.602,0.2267,0.662,127,0.2386,0.6426,0.5159,0.8239,0.8541,0.7636,false
CHR-BRO-0013,Physician Sherman of Ancient Egypt,bronze_and_iron_age,Elamite Empire,Ancient Iran,-1895,-1865,Scientific,wildcard,EVT-BRO-0013,0.8885,0.5081,0.2378,0.5419,0.6834,0.5297,0.5354,5,0.4939,0.7473,0.6597,1.0479,1.1003,1.1527,false
CHR-BRO-0014,Customs Director Telepinu of Phoenician City-States,bronze_and_iron_age,Ancient Egypt,North Africa / Nile,-1003,-966,Economic,catalyst,EVT-BRO-0014,0.7416,0.6656,0.6411,0.6498,0.9462,0.5337,0.9117,53,0.4419,0.8096,0.6974,1.1122,1.2181,1.1651,false
CHR-BRO-0015,Warlord Saladin of Vedic Kingdoms,bronze_and_iron_age,Ancient Egypt,North Africa / Nile,-1986,-1972,Military,architect,EVT-BRO-0015,0.872,0.8593,0.7601,0.8165,0.6711,0.446,0.5561,127,0.3148,0.7456,0.631,0.8522,0.8834,0.7899,false
CHR-BRO-0016,Scribe Rajaraja of Kingdom of Kush (Kerma/Napata),bronze_and_iron_age,Ancient Egypt,North Africa / Nile,-1711,-1668,Cultural,disruptor,EVT-BRO-0016,0.694,0.6613,0.2358,0.3566,0.8624,0.7466,0.9314,41,0.695,0.789,0.7623,1.2405,1.25,1.25,true
CHR-BRO-0017,Merchant Prince Ibn-Sina of Kingdom of Kush (Kerma/Napata),bronze_and_iron_age,Kingdom of Kush (Kerma/Napata),Nubia,-1986,-1967,Economic,wildcard,EVT-BRO-0017,0.5417,0.8419,0.3506,0.5779,0.3133,0.825,0.5959,67,0.6235,0.5634,0.6079,1.0324,1.084,1.1356,false
CHR-BRO-0018,Archon Vikram of Western Zhou Dynasty,bronze_and_iron_age,Assyrian Empire,Near East,-835,-800,Political,wildcard,EVT-BRO-0018,0.6331,0.6804,0.7298,0.3774,0.6053,0.7531,0.4253,26,0.6878,0.55,0.586,1.0258,1.0771,1.1284,false
CHR-BRO-0019,Polymath Marshall of Kingdom of Kush (Kerma/Napata),bronze_and_iron_age,Mycenaean Greece,Aegean,-2079,-2060,Scientific,stabilizer,EVT-BRO-0019,0.618,0.6914,0.7721,0.8208,0.4784,0.1801,0.6027,185,0.1797,0.6119,0.4791,0.8149,0.8447,0.7552,false
CHR-BRO-0020,Chancellor Mentuhotep of Minoan Civilization,bronze_and_iron_age,Western Zhou Dynasty,East Asia,-2042,-1997,Political,stabilizer,EVT-BRO-0020,0.76,0.7353,0.8259,0.697,0.6373,0.2975,0.5298,187,0.3003,0.6679,0.5525,0.8329,0.8634,0.772,false
CHR-BRO-0021,High Priest Franklin of Indus Valley (Late),bronze_and_iron_age,Elamite Empire,Ancient Iran,-1414,-1388,Religious,architect,EVT-BRO-0021,0.8531,0.6737,0.8898,0.8031,0.7624,0.2944,0.6357,88,0.2456,0.7662,0.5891,0.8419,0.8727,0.7803,false
CHR-BRO-0022,Rhetorician Heinrich of Assyrian Empire,bronze_and_iron_age,Ancient Egypt,North Africa / Nile,-1105,-1062,Cultural,wildcard,EVT-BRO-0022,0.7836,0.501,0.5343,0.6108,0.6543,0.6629,0.4721,61,0.526,0.659,0.6055,1.0316,1.0832,1.1348,false
CHR-BRO-0023,Treasurer Dara of Vedic Kingdoms,bronze_and_iron_age,Minoan Civilization,Aegean / Crete,-2675,-2668,Economic,stabilizer,EVT-BRO-0023,0.5947,0.5961,0.7356,0.7166,0.6955,0.2955,0.5187,173,0.2895,0.5643,0.5052,0.8213,0.8513,0.7612,false
CHR-BRO-0024,General Hathor of Elamite Empire,bronze_and_iron_age,Kingdom of Kush (Kerma/Napata),Nubia,-1904,-1898,Military,stabilizer,EVT-BRO-0024,0.6456,0.6646,0.7489,0.7875,0.6934,0.1636,0.42,190,0.188,0.5553,0.4884,0.8171,0.847,0.7573,false
CHR-BRO-0025,Centurion Averroes of Minoan Civilization,bronze_and_iron_age,Kingdom of Kush (Kerma/Napata),Nubia,-2938,-2933,Military,stabilizer,EVT-BRO-0025,0.7314,0.7882,0.9129,0.8831,0.5531,0.2025,0.4695,161,0.1597,0.6266,0.4994,0.8199,0.8498,0.7599,false
CHR-BRO-0026,Legate Qian of Minoan Civilization,bronze_and_iron_age,Vedic Kingdoms,South Asia,-2713,-2686,Military,stabilizer,EVT-BRO-0026,0.6197,0.7604,0.7957,0.9,0.6754,0.2013,0.4493,45,0.1506,0.5515,0.4933,0.8184,0.8483,0.7585,false
CHR-BRO-0027,Treasurer Belisarius of Minoan Civilization,bronze_and_iron_age,Assyrian Empire,Near East,-2815,-2798,Economic,architect,EVT-BRO-0027,0.7483,0.7978,0.7599,0.7155,0.562,0.1945,0.8059,135,0.2395,0.7714,0.5793,0.8395,0.8702,0.7781,false
CHR-BRO-0028,Customs Director Bradford of Phoenician City-States,bronze_and_iron_age,Mycenaean Greece,Aegean,-3054,-3025,Economic,wildcard,EVT-BRO-0028,0.4556,0.649,0.3731,0.722,0.6163,0.2906,0.5711,48,0.2843,0.5018,0.5095,1.0029,1.053,1.1031,false
CHR-BRO-0029,Rhetorician Nizam of Hittite Empire,bronze_and_iron_age,Elamite Empire,Ancient Iran,-1884,-1845,Cultural,wildcard,EVT-BRO-0029,0.4676,0.3999,0.2852,0.248,0.3493,0.4707,0.7171,63,0.6113,0.5674,0.5165,1.005,1.0552,1.1055,false
CHR-BRO-0030,Viceroy Nizam of Ancient Egypt,bronze_and_iron_age,Sumer & Akkad,Mesopotamia,-1414,-1400,Political,disruptor,EVT-BRO-0030,0.7207,0.6365,0.2036,0.614,0.7436,0.7924,0.8179,44,0.5892,0.7596,0.7277,1.2285,1.25,1.25,false
CHR-BRO-0031,Scribe Eleanor of Hittite Empire,bronze_and_iron_age,Phoenician City-States,Levant,-971,-954,Cultural,architect,EVT-BRO-0031,0.6831,0.685,0.8694,0.8242,0.5242,0.4356,0.6501,75,0.3057,0.6699,0.5369,0.8291,0.8594,0.7684,false
CHR-BRO-0032,Warlord Chandra of Elamite Empire,bronze_and_iron_age,Babylonia,Mesopotamia,-2104,-2083,Military,catalyst,EVT-BRO-0032,0.7035,0.7567,0.6787,0.779,0.7929,0.6887,0.7393,34,0.4549,0.7179,0.6657,1.1022,1.2072,1.1547,false
CHR-BRO-0033,Physician Samudra of Sumer & Akkad,bronze_and_iron_age,Mycenaean Greece,Aegean,-2153,-2134,Scientific,wildcard,EVT-BRO-0033,0.4763,0.3514,0.373,0.3659,0.3749,0.6123,0.4877,57,0.6232,0.4809,0.4874,0.9962,1.046,1.0959,false
CHR-BRO-0034,Chamberlain Enheduanna of Babylonia,bronze_and_iron_age,Babylonia,Mesopotamia,-1539,-1497,Economic,stabilizer,EVT-BRO-0034,0.6746,0.6269,0.902,0.7366,0.6274,0.1424,0.499,139,0.2029,0.6043,0.476,0.8141,0.8439,0.7545,false
CHR-BRO-0035,Governor Hammurabi of Babylonia,bronze_and_iron_age,Minoan Civilization,Aegean / Crete,-1900,-1876,Political,wildcard,EVT-BRO-0035,0.7154,0.5495,0.4868,0.266,0.2536,0.5039,0.409,21,0.619,0.5928,0.5243,1.0073,1.0576,1.108,false
CHR-BRO-0036,Merchant Prince Tiglath of Indus Valley (Late),bronze_and_iron_age,Sumer & Akkad,Mesopotamia,-1955,-1930,Economic,catalyst,EVT-BRO-0036,0.6381,0.7406,0.4837,0.7547,0.9089,0.7157,0.8617,36,0.4805,0.7276,0.7075,1.1153,1.2216,1.1685,false
CHR-BRO-0037,Synod Envoy Kheti of Shang Dynasty,bronze_and_iron_age,Ancient Egypt,North Africa / Nile,-2502,-2493,Religious,stabilizer,EVT-BRO-0037,0.7257,0.6023,0.9263,0.7019,0.6151,0.1555,0.6302,76,0.2268,0.6875,0.5042,0.821,0.8511,0.7609,false
CHR-BRO-0038,Rhetorician Wu of Hittite Empire,bronze_and_iron_age,Ancient Egypt,North Africa / Nile,-2271,-2237,Cultural,architect,EVT-BRO-0038,0.7586,0.6573,0.7298,0.7547,0.7658,0.3076,0.7592,75,0.2765,0.7589,0.6024,0.8452,0.8761,0.7834,false
CHR-BRO-0039,Philosopher Aurelius of Kingdom of Kush (Kerma/Napata),bronze_and_iron_age,Phoenician City-States,Levant,-2929,-2903,Cultural,catalyst,EVT-BRO-0039,0.641,0.8297,0.6633,0.6464,0.9417,0.4653,0.8115,34,0.4094,0.7092,0.6688,1.1032,1.2082,1.1557,false
CHR-BRO-0040,Polymath Tariq of Kingdom of Kush (Kerma/Napata),bronze_and_iron_age,Shang Dynasty,East Asia,-2650,-2641,Scientific,disruptor,EVT-BRO-0040,0.7268,0.5541,0.354,0.5931,0.7549,0.8924,0.7823,18,0.6496,0.749,0.7142,1.2239,1.25,1.25,false
CHR-BRO-0041,Poet Laureate Hathor of Shang Dynasty,bronze_and_iron_age,Phoenician City-States,Levant,-1115,-1072,Cultural,disruptor,EVT-BRO-0041,0.7656,0.6808,0.4545,0.4472,0.8958,0.7633,0.906,16,0.658,0.8218,0.7605,1.2399,1.25,1.25,true
CHR-BRO-0042,Commander Naram-Sin of Kingdom of Kush (Kerma/Napata),bronze_and_iron_age,Hittite Empire,Anatolia,-2224,-2218,Military,architect,EVT-BRO-0042,0.9174,0.8636,0.8764,0.758,0.6641,0.2073,0.7349,26,0.2247,0.8444,0.6243,0.8506,0.8817,0.7883,false
CHR-BRO-0043,Syndic Mentuhotep of Western Zhou Dynasty,bronze_and_iron_age,Sumer & Akkad,Mesopotamia,-815,-800,Economic,architect,EVT-BRO-0043,0.7457,0.6073,0.8576,0.7999,0.7061,0.2137,0.6947,49,0.2069,0.7253,0.5439,0.8308,0.8612,0.77,false
CHR-BRO-0044,Master Sculptor Justinian of Minoan Civilization,bronze_and_iron_age,Babylonia,Mesopotamia,-1373,-1337,Cultural,disruptor,EVT-BRO-0044,0.7898,0.793,0.2573,0.4298,0.9076,0.7863,0.8543,32,0.6783,0.8156,0.8014,1.25,1.25,1.25,true
CHR-BRO-0045,Philosopher Labarna of Western Zhou Dynasty,bronze_and_iron_age,Elamite Empire,Ancient Iran,-2463,-2421,Cultural,catalyst,EVT-BRO-0045,0.6215,0.9128,0.4701,0.601,0.7816,0.4568,0.816,23,0.4279,0.6993,0.6734,1.1046,1.2098,1.1572,false
CHR-BRO-0046,Minister Marshall of Phoenician City-States,bronze_and_iron_age,Shang Dynasty,East Asia,-1727,-1703,Political,catalyst,EVT-BRO-0046,0.7731,0.8197,0.6785,0.769,0.8493,0.7071,0.7831,35,0.469,0.7771,0.7109,1.1164,1.2227,1.1696,false
CHR-BRO-0047,Scribe Mazarin of Elamite Empire,bronze_and_iron_age,Indus Valley (Late),South Asia,-886,-869,Cultural,catalyst,EVT-BRO-0047,0.6354,0.8265,0.6292,0.648,0.8702,0.6467,0.7737,54,0.4993,0.6907,0.6811,1.107,1.2125,1.1598,false
CHR-BRO-0048,Chamberlain Tariq of Ancient Egypt,bronze_and_iron_age,Kingdom of Kush (Kerma/Napata),Nubia,-1596,-1583,Economic,disruptor,EVT-BRO-0048,0.7175,0.7166,0.4448,0.3793,0.755,0.8223,0.8305,27,0.7215,0.7627,0.7346,1.2309,1.25,1.25,false
CHR-BRO-0049,Cardinal Song of Babylonia,bronze_and_iron_age,Shang Dynasty,East Asia,-1304,-1285,Religious,wildcard,EVT-BRO-0049,0.8682,0.7886,0.2247,0.7671,0.8461,0.1625,0.7242,60,0.1977,0.8106,0.6844,1.0553,1.1081,1.1609,false
CHR-BRO-0050,Polymath Kheti of Shang Dynasty,bronze_and_iron_age,Kingdom of Kush (Kerma/Napata),Nubia,-2823,-2780,Scientific,disruptor,EVT-BRO-0050,0.9433,0.7192,0.2055,0.3905,0.7176,0.7619,0.7851,44,0.6857,0.88,0.7933,1.25,1.25,1.25,true
CHR-BRO-0051,Minister Nizam of Assyrian Empire,bronze_and_iron_age,Indus Valley (Late),South Asia,-1042,-1009,Political,stabilizer,EVT-BRO-0051,0.8363,0.7927,0.7371,0.8555,0.5052,0.2163,0.4288,91,0.1804,0.6733,0.534,0.8284,0.8587,0.7678,false
CHR-BRO-0052,Guild Master Zhao of Sumer & Akkad,bronze_and_iron_age,Western Zhou Dynasty,East Asia,-1646,-1622,Economic,stabilizer,EVT-BRO-0052,0.6764,0.7963,0.7307,0.7665,0.5017,0.1877,0.4282,95,0.2106,0.5771,0.4948,0.8187,0.8487,0.7588,false
CHR-BRO-0053,Treasurer Averroes of Sumer & Akkad,bronze_and_iron_age,Minoan Civilization,Aegean / Crete,-965,-926,Economic,catalyst,EVT-BRO-0053,0.5223,0.8595,0.627,0.5828,0.7411,0.6466,0.7527,51,0.5319,0.6144,0.6387,1.0937,1.1979,1.1458,false
CHR-BRO-0054,Patriarch Valdemar of Phoenician City-States,bronze_and_iron_age,Minoan Civilization,Aegean / Crete,-2410,-2383,Religious,stabilizer,EVT-BRO-0054,0.7452,0.6862,0.7407,0.7235,0.5881,0.1817,0.4626,175,0.2291,0.6322,0.5138,0.8234,0.8535,0.7632,false
CHR-BRO-0055,Viceroy Hamilton of Indus Valley (Late),bronze_and_iron_age,Minoan Civilization,Aegean / Crete,-897,-883,Political,wildcard,EVT-BRO-0055,0.6419,0.6752,0.4478,0.3682,0.3257,0.1563,0.6496,29,0.394,0.645,0.5183,1.0055,1.0558,1.106,false
CHR-BRO-0056,High Priest Mursili of Sumer & Akkad,bronze_and_iron_age,Elamite Empire,Ancient Iran,-1566,-1529,Religious,wildcard,EVT-BRO-0056,0.6353,0.6855,0.2039,0.3484,0.7575,0.8429,0.8339,37,0.7473,0.7147,0.739,1.0717,1.1253,1.1789,false
CHR-BRO-0057,General Kautilya of Minoan Civilization,bronze_and_iron_age,Western Zhou Dynasty,East Asia,-1917,-1906,Military,wildcard,EVT-BRO-0057,0.8781,0.5837,0.3514,0.5906,0.8113,0.2124,0.5986,26,0.3109,0.7663,0.6358,1.0407,1.0928,1.1448,false
CHR-BRO-0058,Warlord Ramesses of Phoenician City-States,bronze_and_iron_age,Indus Valley (Late),South Asia,-1388,-1354,Military,stabilizer,EVT-BRO-0058,0.6437,0.6112,0.8689,0.7467,0.6253,0.3317,0.4602,135,0.2925,0.5703,0.491,0.8178,0.8477,0.7579,false
CHR-BRO-0059,Senator Puduhepa of Minoan Civilization,bronze_and_iron_age,Hittite Empire,Anatolia,-1779,-1739,Political,stabilizer,EVT-BRO-0059,0.8039,0.7039,0.7969,0.864,0.594,0.326,0.4899,116,0.231,0.6783,0.5452,0.8311,0.8615,0.7703,false
CHR-BRO-0060,Governor Ramesses of Vedic Kingdoms,bronze_and_iron_age,Ancient Egypt,North Africa / Nile,-827,-800,Political,architect,EVT-BRO-0060,0.8634,0.7854,0.7235,0.7587,0.6372,0.2575,0.6578,161,0.2494,0.7811,0.6062,0.8461,0.8771,0.7842,false
CHR-BRO-0061,Master Sculptor Marshall of Mycenaean Greece,bronze_and_iron_age,Phoenician City-States,Levant,-1775,-1753,Cultural,architect,EVT-BRO-0061,0.6562,0.8798,0.7864,0.8226,0.5478,0.2579,0.7205,136,0.2177,0.6819,0.5552,0.8336,0.8641,0.7726,false
CHR-BRO-0062,General Valdemar of Hittite Empire,bronze_and_iron_age,Minoan Civilization,Aegean / Crete,-2371,-2365,Military,catalyst,EVT-BRO-0062,0.6896,0.8757,0.66,0.5914,0.8256,0.4785,0.8221,23,0.4435,0.7426,0.6771,1.1058,1.2111,1.1584,false
CHR-BRO-0063,Metallurgist Justinian of Elamite Empire,bronze_and_iron_age,Assyrian Empire,Near East,-2159,-2121,Scientific,stabilizer,EVT-BRO-0063,0.5899,0.5597,0.8047,0.829,0.6059,0.3254,0.5801,202,0.2482,0.586,0.4862,0.8166,0.8465,0.7569,false
CHR-BRO-0064,Pontiff Enheduanna of Ancient Egypt,bronze_and_iron_age,Babylonia,Mesopotamia,-2900,-2857,Religious,stabilizer,EVT-BRO-0064,0.7637,0.5985,0.9252,0.7296,0.6178,0.1342,0.5633,140,0.2023,0.6835,0.499,0.8198,0.8497,0.7598,false
CHR-BRO-0065,Astronomer Suppiluliuma of Indus Valley (Late),bronze_and_iron_age,Hittite Empire,Anatolia,-2151,-2108,Scientific,disruptor,EVT-BRO-0065,0.9314,0.7344,0.3298,0.3855,0.8654,0.6797,0.8695,31,0.6471,0.9066,0.8029,1.25,1.25,1.25,true
CHR-BRO-0066,Philosopher Richelieu of Sumer & Akkad,bronze_and_iron_age,Mycenaean Greece,Aegean,-2831,-2809,Cultural,wildcard,EVT-BRO-0066,0.7351,0.6897,0.359,0.6363,0.2118,0.676,0.7085,9,0.5199,0.7244,0.609,1.0327,1.0843,1.136,false
CHR-BRO-0067,Chancellor Vikram of Indus Valley (Late),bronze_and_iron_age,Hittite Empire,Anatolia,-2221,-2195,Political,catalyst,EVT-BRO-0067,0.6307,0.7427,0.6298,0.6109,0.9134,0.4722,0.8899,29,0.4306,0.7344,0.6669,1.1026,1.2076,1.1551,false
CHR-BRO-0068,Imam Marshall of Assyrian Empire,bronze_and_iron_age,Hittite Empire,Anatolia,-1542,-1517,Religious,wildcard,EVT-BRO-0068,0.7778,0.7258,0.2119,0.2892,0.3423,0.458,0.6784,50,0.5844,0.738,0.6395,1.0418,1.0939,1.146,false
CHR-BRO-0069,Polymath Wilhelm of Ancient Egypt,bronze_and_iron_age,Elamite Empire,Ancient Iran,-1803,-1788,Scientific,disruptor,EVT-BRO-0069,0.829,0.5093,0.4316,0.3732,0.836,0.8625,0.7972,40,0.7447,0.8163,0.7462,1.2349,1.25,1.25,false
CHR-BRO-0070,Arch-Engineer Nizam of Elamite Empire,bronze_and_iron_age,Babylonia,Mesopotamia,-1951,-1946,Scientific,disruptor,EVT-BRO-0070,0.848,0.6348,0.218,0.3512,0.9052,0.7046,0.7927,25,0.6767,0.8259,0.7782,1.246,1.25,1.25,true
CHR-BRO-0071,Arch-Engineer Adams of Elamite Empire,bronze_and_iron_age,Indus Valley (Late),South Asia,-1581,-1548,Scientific,catalyst,EVT-BRO-0071,0.6587,0.7045,0.5219,0.6217,0.946,0.7025,0.7817,60,0.5404,0.7079,0.7016,1.1135,1.2196,1.1665,false
CHR-BRO-0072,Warlord Rimush of Kingdom of Kush (Kerma/Napata),bronze_and_iron_age,Vedic Kingdoms,South Asia,-1366,-1334,Military,wildcard,EVT-BRO-0072,0.8399,0.3852,0.6117,0.386,0.3301,0.7085,0.7541,67,0.6612,0.8055,0.6062,1.0319,1.0834,1.135,false
CHR-BRO-0073,Imam Suppiluliuma of Mycenaean Greece,bronze_and_iron_age,Kingdom of Kush (Kerma/Napata),Nubia,-1202,-1188,Religious,catalyst,EVT-BRO-0073,0.6031,0.8842,0.5431,0.615,0.7652,0.6444,0.9226,33,0.5147,0.7309,0.6982,1.1124,1.2184,1.1654,false
CHR-BRO-0074,Warlord Samsi-Adad of Ancient Egypt,bronze_and_iron_age,Phoenician City-States,Levant,-2918,-2907,Military,catalyst,EVT-BRO-0074,0.5631,0.8697,0.6025,0.7067,0.8488,0.7558,0.8389,12,0.5246,0.6734,0.6922,1.1105,1.2163,1.1634,false
CHR-BRO-0075,Governor Cao of Minoan Civilization,bronze_and_iron_age,Kingdom of Kush (Kerma/Napata),Nubia,-1565,-1550,Political,catalyst,EVT-BRO-0075,0.5323,0.795,0.6909,0.7293,0.7324,0.6004,0.7277,59,0.4356,0.6105,0.6058,1.0833,1.1865,1.1349,false
CHR-BRO-0076,Physician Sumner of Western Zhou Dynasty,bronze_and_iron_age,Sumer & Akkad,Mesopotamia,-1844,-1800,Scientific,disruptor,EVT-BRO-0076,0.6585,0.5476,0.2772,0.3973,0.9331,0.8784,0.8819,7,0.7405,0.7479,0.7532,1.2374,1.25,1.25,true
CHR-BRO-0077,Prefect Averroes of Minoan Civilization,bronze_and_iron_age,Assyrian Empire,Near East,-2533,-2491,Political,disruptor,EVT-BRO-0077,0.7321,0.5841,0.292,0.5343,0.7626,0.7486,0.9338,42,0.6071,0.8128,0.7315,1.2299,1.25,1.25,false
CHR-BRO-0078,Scribe Qian of Western Zhou Dynasty,bronze_and_iron_age,Western Zhou Dynasty,East Asia,-1488,-1463,Cultural,catalyst,EVT-BRO-0078,0.7799,0.6702,0.6418,0.5814,0.7608,0.6522,0.8699,44,0.5354,0.8159,0.6947,1.1113,1.2172,1.1642,false
CHR-BRO-0079,Governor Cao of Phoenician City-States,bronze_and_iron_age,Elamite Empire,Ancient Iran,-2932,-2911,Political,disruptor,EVT-BRO-0079,0.6964,0.6827,0.2118,0.6103,0.7775,0.6507,0.7661,38,0.5202,0.7243,0.704,1.2204,1.25,1.25,false
CHR-BRO-0080,Customs Director Tiglath of Mycenaean Greece,bronze_and_iron_age,Assyrian Empire,Near East,-1875,-1866,Economic,architect,EVT-BRO-0080,0.9152,0.6513,0.697,0.8531,0.7753,0.2356,0.643,28,0.1913,0.8063,0.6122,0.8476,0.8786,0.7856,false
CHR-BRO-0081,Marshal Khaldun of Assyrian Empire,bronze_and_iron_age,Vedic Kingdoms,South Asia,-2838,-2807,Military,architect,EVT-BRO-0081,0.7841,0.724,0.686,0.8317,0.6637,0.4409,0.7962,129,0.3046,0.789,0.6296,0.8519,0.883,0.7895,false
CHR-BRO-0082,Viceroy Ashoka of Western Zhou Dynasty,bronze_and_iron_age,Phoenician City-States,Levant,-1990,-1946,Political,disruptor,EVT-BRO-0082,0.8558,0.6854,0.4027,0.4389,0.9164,0.7385,0.7686,31,0.6498,0.8209,0.7681,1.2425,1.25,1.25,true
CHR-BRO-0083,Marshal Belisarius of Ancient Egypt,bronze_and_iron_age,Minoan Civilization,Aegean / Crete,-1293,-1265,Military,disruptor,EVT-BRO-0083,0.7124,0.7028,0.5001,0.3447,0.7637,0.8007,0.9349,8,0.728,0.8014,0.7412,1.2332,1.25,1.25,false
CHR-BRO-0084,Archon Samsi-Adad of Vedic Kingdoms,bronze_and_iron_age,Babylonia,Mesopotamia,-2073,-2063,Political,catalyst,EVT-BRO-0084,0.8006,0.8384,0.4765,0.7154,0.759,0.5405,0.9051,23,0.4125,0.8424,0.7232,1.1203,1.227,1.1736,false
CHR-BRO-0085,High Priest Aurelius of Kingdom of Kush (Kerma/Napata),bronze_and_iron_age,Mycenaean Greece,Aegean,-874,-830,Religious,architect,EVT-BRO-0085,0.8138,0.6065,0.7133,0.8578,0.5922,0.3574,0.8041,138,0.2498,0.8099,0.5933,0.8429,0.8738,0.7813,false
CHR-BRO-0086,Archon Cao of Mycenaean Greece,bronze_and_iron_age,Minoan Civilization,Aegean / Crete,-1323,-1293,Political,architect,EVT-BRO-0086,0.6513,0.8207,0.8836,0.8104,0.5189,0.2546,0.7729,55,0.2221,0.6999,0.539,0.8296,0.8599,0.7689,false
CHR-BRO-0087,Metallurgist Franklin of Vedic Kingdoms,bronze_and_iron_age,Phoenician City-States,Levant,-836,-811,Scientific,wildcard,EVT-BRO-0087,0.7948,0.5411,0.6019,0.2458,0.6187,0.3203,0.8002,65,0.5373,0.7969,0.6183,1.0355,1.0873,1.139,false
CHR-BRO-0088,Hierophant Leonidas of Elamite Empire,bronze_and_iron_age,Minoan Civilization,Aegean / Crete,-2480,-2463,Religious,stabilizer,EVT-BRO-0088,0.8237,0.6538,0.7932,0.8073,0.5899,0.1877,0.5661,69,0.1902,0.7206,0.5359,0.8288,0.8591,0.7682,false
CHR-BRO-0089,Scribe Franklin of Hittite Empire,bronze_and_iron_age,Phoenician City-States,Levant,-1684,-1650,Cultural,architect,EVT-BRO-0089,0.8887,0.8182,0.7971,0.8853,0.742,0.4066,0.5981,44,0.2607,0.7725,0.6329,0.8527,0.8839,0.7903,false
CHR-BRO-0090,Syndic Solon of Vedic Kingdoms,bronze_and_iron_age,Assyrian Empire,Near East,-2672,-2630,Economic,disruptor,EVT-BRO-0090,0.665,0.7487,0.2641,0.6369,0.8187,0.6569,0.8614,12,0.51,0.7436,0.7209,1.2262,1.25,1.25,false
CHR-BRO-0091,Poet Laureate Rajaraja of Sumer & Akkad,bronze_and_iron_age,Ancient Egypt,North Africa / Nile,-2888,-2879,Cultural,architect,EVT-BRO-0091,0.7803,0.8389,0.8956,0.8862,0.6351,0.393,0.7477,94,0.2534,0.7673,0.6034,0.8454,0.8764,0.7836,false
CHR-BRO-0092,Polymath Chandra of Western Zhou Dynasty,bronze_and_iron_age,Minoan Civilization,Aegean / Crete,-2567,-2558,Scientific,disruptor,EVT-BRO-0092,0.9451,0.6122,0.2387,0.5834,0.8174,0.9319,0.7675,32,0.6742,0.8741,0.8026,1.25,1.25,1.25,true
CHR-BRO-0093,Customs Director Marshall of Phoenician City-States,bronze_and_iron_age,Elamite Empire,Ancient Iran,-2881,-2836,Economic,stabilizer,EVT-BRO-0093,0.7841,0.7396,0.7842,0.6933,0.6549,0.1664,0.4206,82,0.2365,0.6387,0.5302,0.8274,0.8577,0.7669,false
CHR-BRO-0094,Imam Mentuhotep of Minoan Civilization,bronze_and_iron_age,Hittite Empire,Anatolia,-1794,-1771,Religious,catalyst,EVT-BRO-0094,0.5041,0.76,0.5676,0.6386,0.7269,0.5501,0.8816,30,0.4558,0.6551,0.6251,1.0894,1.1932,1.1413,false
CHR-BRO-0095,Scribe Narmer of Western Zhou Dynasty,bronze_and_iron_age,Hittite Empire,Anatolia,-1348,-1320,Cultural,stabilizer,EVT-BRO-0095,0.7021,0.5913,0.8004,0.8113,0.4562,0.3391,0.6146,82,0.2639,0.6671,0.5051,0.8213,0.8513,0.7612,false
CHR-BRO-0096,Consul Constantine of Kingdom of Kush (Kerma/Napata),bronze_and_iron_age,Phoenician City-States,Levant,-1234,-1216,Political,stabilizer,EVT-BRO-0096,0.7296,0.7123,0.7227,0.7137,0.567,0.1362,0.5558,165,0.2112,0.6601,0.5201,0.825,0.8551,0.7646,false
CHR-BRO-0097,Poet Laureate Heinrich of Hittite Empire,bronze_and_iron_age,Kingdom of Kush (Kerma/Napata),Nubia,-1508,-1502,Cultural,architect,EVT-BRO-0097,0.8926,0.6725,0.8564,0.8559,0.521,0.3642,0.6385,121,0.2542,0.7909,0.5741,0.8382,0.8689,0.7769,false
CHR-BRO-0098,Commander Madison of Mycenaean Greece,bronze_and_iron_age,Shang Dynasty,East Asia,-3017,-3009,Military,catalyst,EVT-BRO-0098,0.6522,0.7146,0.6555,0.7054,0.9329,0.4731,0.9018,12,0.3838,0.752,0.6656,1.1022,1.2071,1.1546,false
CHR-BRO-0099,Senator Constantine of Phoenician City-States,bronze_and_iron_age,Ancient Egypt,North Africa / Nile,-973,-953,Political,catalyst,EVT-BRO-0099,0.8199,0.8501,0.7218,0.7315,0.8985,0.7291,0.7547,58,0.4988,0.7938,0.7311,1.1228,1.2297,1.1763,false
CHR-BRO-0100,Rhetorician Ibn-Sina of Sumer & Akkad,bronze_and_iron_age,Hittite Empire,Anatolia,-1380,-1336,Cultural,catalyst,EVT-BRO-0100,0.5708,0.8894,0.6948,0.7034,0.8055,0.7343,0.8935,36,0.5154,0.6999,0.6865,1.1087,1.2143,1.1615,false
CHR-BRO-0101,Hierophant Mazarin of Babylonia,bronze_and_iron_age,Mycenaean Greece,Aegean,-892,-867,Religious,wildcard,EVT-BRO-0101,0.5195,0.7643,0.5611,0.4242,0.6944,0.4789,0.8452,15,0.5274,0.6498,0.62,1.036,1.0878,1.1396,false
CHR-BRO-0102,Dramatist Adams of Minoan Civilization,bronze_and_iron_age,Sumer & Akkad,Mesopotamia,-954,-949,Cultural,stabilizer,EVT-BRO-0102,0.7995,0.754,0.8332,0.896,0.601,0.2613,0.569,137,0.1826,0.7073,0.5495,0.8322,0.8626,0.7713,false
CHR-BRO-0103,Imam Sargon of Sumer & Akkad,bronze_and_iron_age,Assyrian Empire,Near East,-1377,-1364,Religious,architect,EVT-BRO-0103,0.8329,0.6711,0.8669,0.73,0.6374,0.3521,0.7368,118,0.3111,0.7944,0.5946,0.8433,0.8741,0.7816,false
CHR-BRO-0104,General Eleanor of Western Zhou Dynasty,bronze_and_iron_age,Elamite Empire,Ancient Iran,-3049,-3034,Military,catalyst,EVT-BRO-0104,0.7725,0.8573,0.6277,0.6915,0.7771,0.6397,0.7805,49,0.4741,0.7757,0.704,1.1143,1.2204,1.1673,false
CHR-BRO-0105,Archon Song of Shang Dynasty,bronze_and_iron_age,Elamite Empire,Ancient Iran,-1505,-1493,Political,wildcard,EVT-BRO-0105,0.877,0.4826,0.6379,0.7356,0.3664,0.1521,0.881,71,0.2083,0.8786,0.551,1.0153,1.0661,1.1168,false
CHR-BRO-0106,Consul Qian of Indus Valley (Late),bronze_and_iron_age,Shang Dynasty,East Asia,-1078,-1050,Political,wildcard,EVT-BRO-0106,0.6573,0.8491,0.4888,0.6215,0.6926,0.452,0.4292,37,0.4152,0.566,0.5978,1.0293,1.0808,1.1323,false
CHR-BRO-0107,Vizier Otto of Sumer & Akkad,bronze_and_iron_age,Indus Valley (Late),South Asia,-1603,-1598,Political,architect,EVT-BRO-0107,0.7273,0.7754,0.8324,0.8318,0.5488,0.1897,0.8156,86,0.1789,0.7626,0.5564,0.8339,0.8644,0.7729,false
CHR-BRO-0108,Astronomer Harsha of Babylonia,bronze_and_iron_age,Kingdom of Kush (Kerma/Napata),Nubia,-1138,-1104,Scientific,catalyst,EVT-BRO-0108,0.6789,0.7252,0.645,0.6698,0.8154,0.7596,0.8876,22,0.5449,0.7624,0.6999,1.113,1.219,1.166,false
CHR-BRO-0109,Patriarch Li of Elamite Empire,bronze_and_iron_age,Indus Valley (Late),South Asia,-961,-951,Religious,disruptor,EVT-BRO-0109,0.7646,0.7158,0.2987,0.4364,0.7478,0.941,0.9582,22,0.7523,0.8421,0.7939,1.25,1.25,1.25,true
CHR-BRO-0110,Vizier Aurelius of Hittite Empire,bronze_and_iron_age,Western Zhou Dynasty,East Asia,-1430,-1409,Political,wildcard,EVT-BRO-0110,0.5597,0.7982,0.6121,0.4925,0.4139,0.3382,0.6338,65,0.4229,0.5893,0.5317,1.0095,1.06,1.1105,false
CHR-BRO-0111,Legate Averroes of Shang Dynasty,bronze_and_iron_age,Phoenician City-States,Levant,-2407,-2363,Military,wildcard,EVT-BRO-0111,0.8395,0.3656,0.2597,0.4342,0.2526,0.7142,0.4892,60,0.64,0.6994,0.5854,1.0256,1.0769,1.1282,false
CHR-BRO-0112,Treasurer Hattusili of Elamite Empire,bronze_and_iron_age,Shang Dynasty,East Asia,-1406,-1396,Economic,architect,EVT-BRO-0112,0.8412,0.7832,0.8009,0.7351,0.6228,0.3735,0.5586,161,0.3192,0.7282,0.5942,0.8432,0.874,0.7815,false
CHR-BRO-0113,Merchant Prince Li of Shang Dynasty,bronze_and_iron_age,Kingdom of Kush (Kerma/Napata),Nubia,-874,-841,Economic,catalyst,EVT-BRO-0113,0.6487,0.6988,0.6127,0.5708,0.8226,0.5583,0.8638,60,0.4938,0.7347,0.6639,1.1016,1.2065,1.1541,false
CHR-BRO-0114,Rhetorician Samudra of Hittite Empire,bronze_and_iron_age,Sumer & Akkad,Mesopotamia,-1767,-1746,Cultural,disruptor,EVT-BRO-0114,0.6758,0.8047,0.301,0.3978,0.8275,0.6882,0.8025,44,0.6452,0.7265,0.7374,1.2319,1.25,1.25,false
CHR-BRO-0115,Mint Overseer Harun of Phoenician City-States,bronze_and_iron_age,Babylonia,Mesopotamia,-1689,-1663,Economic,architect,EVT-BRO-0115,0.8543,0.8496,0.7497,0.9137,0.7005,0.1831,0.7123,117,0.1347,0.7975,0.6097,0.847,0.878,0.785,false
CHR-BRO-0116,Hierophant Li of Elamite Empire,bronze_and_iron_age,Elamite Empire,Ancient Iran,-2179,-2154,Religious,architect,EVT-BRO-0116,0.8966,0.7064,0.7019,0.8221,0.5385,0.2244,0.6107,33,0.2011,0.7823,0.5749,0.8384,0.8691,0.7771,false
CHR-BRO-0117,Governor Madison of Mycenaean Greece,bronze_and_iron_age,Indus Valley (Late),South Asia,-2285,-2262,Political,architect,EVT-BRO-0117,0.8832,0.7415,0.7103,0.8524,0.5421,0.2366,0.8152,130,0.1921,0.856,0.6075,0.8464,0.8774,0.7845,false
CHR-BRO-0118,Alchemist Franklin of Sumer & Akkad,bronze_and_iron_age,Mycenaean Greece,Aegean,-1274,-1241,Scientific,disruptor,EVT-BRO-0118,0.756,0.686,0.4033,0.3521,0.8859,0.7273,0.828,44,0.6876,0.7848,0.7501,1.2363,1.25,1.25,true
CHR-BRO-0119,Physician Mirabeau of Minoan Civilization,bronze_and_iron_age,Indus Valley (Late),South Asia,-1348,-1327,Scientific,catalyst,EVT-BRO-0119,0.6509,0.8875,0.5524,0.5625,0.912,0.7881,0.8986,46,0.6128,0.75,0.7523,1.1295,1.237,1.1833,true
CHR-BRO-0120,Chronicler Hattusili of Western Zhou Dynasty,bronze_and_iron_age,Ancient Egypt,North Africa / Nile,-1216,-1209,Cultural,catalyst,EVT-BRO-0120,0.5124,0.7016,0.5581,0.7759,0.8531,0.661,0.8794,26,0.4426,0.6592,0.6478,1.0965,1.201,1.1488,false
CHR-BRO-0121,Dramatist Kautilya of Indus Valley (Late),bronze_and_iron_age,Mycenaean Greece,Aegean,-1095,-1083,Cultural,wildcard,EVT-BRO-0121,0.8222,0.5441,0.7297,0.7979,0.6446,0.2265,0.4457,40,0.2143,0.6716,0.5218,1.0065,1.0569,1.1072,false
CHR-BRO-0122,Cardinal Harsha of Hittite Empire,bronze_and_iron_age,Phoenician City-States,Levant,-851,-819,Religious,catalyst,EVT-BRO-0122,0.6587,0.8496,0.5743,0.6583,0.886,0.5064,0.8917,39,0.424,0.7519,0.6944,1.1112,1.2171,1.1641,false
CHR-BRO-0123,Physician Aurelius of Phoenician City-States,bronze_and_iron_age,Kingdom of Kush (Kerma/Napata),Nubia,-2712,-2687,Scientific,catalyst,EVT-BRO-0123,0.764,0.8982,0.6762,0.6882,0.8215,0.5315,0.8637,30,0.4217,0.8039,0.7062,1.115,1.2211,1.168,false
CHR-BRO-0124,Chronicler Franklin of Phoenician City-States,bronze_and_iron_age,Elamite Empire,Ancient Iran,-2558,-2539,Cultural,wildcard,EVT-BRO-0124,0.4994,0.3864,0.5346,0.779,0.2518,0.6113,0.519,29,0.4161,0.5072,0.4477,0.9843,1.0335,1.0827,false
CHR-BRO-0125,Legate Tiglath of Mycenaean Greece,bronze_and_iron_age,Kingdom of Kush (Kerma/Napata),Nubia,-1775,-1730,Military,disruptor,EVT-BRO-0125,0.8917,0.807,0.248,0.3493,0.8693,0.859,0.8305,44,0.7548,0.8672,0.8355,1.25,1.25,1.25,true
CHR-BRO-0126,Minister Mazarin of Elamite Empire,bronze_and_iron_age,Mycenaean Greece,Aegean,-825,-800,Political,catalyst,EVT-BRO-0126,0.5341,0.8131,0.6261,0.5515,0.8091,0.656,0.8566,51,0.5523,0.6631,0.6636,1.1015,1.2064,1.154,false
CHR-BRO-0127,Cardinal Rajaraja of Babylonia,bronze_and_iron_age,Indus Valley (Late),South Asia,-1967,-1959,Religious,catalyst,EVT-BRO-0127,0.778,0.6993,0.5406,0.7393,0.9019,0.6689,0.7577,16,0.4648,0.7699,0.7076,1.1154,1.2216,1.1685,false
CHR-BRO-0128,Mint Overseer Marshall of Kingdom of Kush (Kerma/Napata),bronze_and_iron_age,Ancient Egypt,North Africa / Nile,-2819,-2810,Economic,catalyst,EVT-BRO-0128,0.7423,0.7204,0.6004,0.6139,0.7677,0.5228,0.8401,28,0.4545,0.7814,0.6725,1.1043,1.2095,1.1569,false
CHR-BRO-0129,Governor Vikram of Mycenaean Greece,bronze_and_iron_age,Vedic Kingdoms,South Asia,-1366,-1354,Political,disruptor,EVT-BRO-0129,0.7777,0.5946,0.2195,0.4212,0.7023,0.9231,0.9095,21,0.751,0.8304,0.7708,1.2434,1.25,1.25,true
CHR-BRO-0130,Cardinal Kheti of Vedic Kingdoms,bronze_and_iron_age,Kingdom of Kush (Kerma/Napata),Nubia,-955,-933,Religious,disruptor,EVT-BRO-0130,0.6933,0.6703,0.308,0.519,0.933,0.8123,0.8459,40,0.6466,0.7544,0.7558,1.2383,1.25,1.25,true
CHR-BRO-0131,Guild Master Al-Mansur of Western Zhou Dynasty,bronze_and_iron_age,Ancient Egypt,North Africa / Nile,-1583,-1556,Economic,stabilizer,EVT-BRO-0131,0.8243,0.5731,0.936,0.7203,0.547,0.1677,0.6318,149,0.2237,0.7473,0.5144,0.8235,0.8537,0.7633,false
CHR-BRO-0132,Customs Director Samsi-Adad of Western Zhou Dynasty,bronze_and_iron_age,Indus Valley (Late),South Asia,-2613,-2594,Economic,architect,EVT-BRO-0132,0.7388,0.6673,0.8452,0.9081,0.7183,0.2817,0.799,96,0.1868,0.7629,0.5747,0.8384,0.8691,0.777,false
CHR-BRO-0133,Imam Wu of Minoan Civilization,bronze_and_iron_age,Minoan Civilization,Aegean / Crete,-911,-893,Religious,stabilizer,EVT-BRO-0133,0.7943,0.5789,0.7907,0.7321,0.6527,0.3359,0.4081,204,0.3019,0.6398,0.5292,0.8272,0.8575,0.7667,false
CHR-BRO-0134,Warlord Marshall of Hittite Empire,bronze_and_iron_age,Minoan Civilization,Aegean / Crete,-2710,-2696,Military,disruptor,EVT-BRO-0134,0.6755,0.849,0.2323,0.4554,0.8996,0.7308,0.7625,47,0.6377,0.7103,0.7592,1.2394,1.25,1.25,true
CHR-BRO-0135,Legate Hathor of Assyrian Empire,bronze_and_iron_age,Babylonia,Mesopotamia,-1175,-1146,Military,disruptor,EVT-BRO-0135,0.7697,0.6127,0.2131,0.4495,0.9471,0.7376,0.7246,38,0.644,0.7517,0.7519,1.2369,1.25,1.25,true
CHR-BRO-0136,Chronicler Tariq of Shang Dynasty,bronze_and_iron_age,Assyrian Empire,Near East,-1982,-1964,Cultural,catalyst,EVT-BRO-0136,0.7488,0.8516,0.5848,0.6058,0.9187,0.639,0.854,27,0.5166,0.7909,0.7379,1.1249,1.2321,1.1785,false
CHR-BRO-0137,Consul Justinian of Assyrian Empire,bronze_and_iron_age,Ancient Egypt,North Africa / Nile,-882,-866,Political,catalyst,EVT-BRO-0137,0.7778,0.7068,0.6911,0.7147,0.826,0.5271,0.7909,29,0.4062,0.783,0.6672,1.1027,1.2077,1.1552,false
CHR-BRO-0138,Commander Aurelius of Hittite Empire,bronze_and_iron_age,Shang Dynasty,East Asia,-2418,-2382,Military,catalyst,EVT-BRO-0138,0.6417,0.9189,0.6185,0.7404,0.8763,0.5461,0.8495,58,0.4029,0.7248,0.6902,1.1099,1.2156,1.1628,false
CHR-BRO-0139,Archon Ibn-Sina of Assyrian Empire,bronze_and_iron_age,Elamite Empire,Ancient Iran,-2071,-2059,Political,stabilizer,EVT-BRO-0139,0.6909,0.7485,0.9348,0.771,0.5991,0.2218,0.5792,230,0.2254,0.6462,0.513,0.8232,0.8533,0.763,false
CHR-BRO-0140,Treasurer Godfrey of Shang Dynasty,bronze_and_iron_age,Babylonia,Mesopotamia,-2684,-2656,Economic,wildcard,EVT-BRO-0140,0.5088,0.7327,0.6937,0.6156,0.7052,0.3774,0.5899,49,0.3809,0.5412,0.5378,1.0113,1.0619,1.1125,false
CHR-BRO-0141,Arch-Engineer Wu of Shang Dynasty,bronze_and_iron_age,Mycenaean Greece,Aegean,-1177,-1170,Scientific,wildcard,EVT-BRO-0141,0.479,0.6514,0.5274,0.6989,0.5835,0.4606,0.5446,25,0.3809,0.5052,0.5181,1.0054,1.0557,1.106,false
CHR-BRO-0142,Guild Master Enheduanna of Western Zhou Dynasty,bronze_and_iron_age,Ancient Egypt,North Africa / Nile,-2695,-2664,Economic,disruptor,EVT-BRO-0142,0.8405,0.7076,0.4094,0.4865,0.8292,0.7424,0.7499,34,0.6279,0.8043,0.7492,1.236,1.25,1.25,false
CHR-BRO-0143,Philosopher Bradford of Sumer & Akkad,bronze_and_iron_age,Shang Dynasty,East Asia,-2742,-2716,Cultural,architect,EVT-BRO-0143,0.8481,0.7908,0.7977,0.8007,0.6306,0.3078,0.7566,114,0.2536,0.8115,0.6151,0.8483,0.8793,0.7862,false
CHR-BRO-0144,Dramatist Wu of Western Zhou Dynasty,bronze_and_iron_age,Minoan Civilization,Aegean / Crete,-1331,-1294,Cultural,stabilizer,EVT-BRO-0144,0.5837,0.6829,0.8698,0.6956,0.4717,0.2595,0.4066,148,0.282,0.5129,0.4473,0.807,0.8366,0.75,false
CHR-BRO-0145,Admiral Leonidas of Western Zhou Dynasty,bronze_and_iron_age,Western Zhou Dynasty,East Asia,-1126,-1120,Military,disruptor,EVT-BRO-0145,0.719,0.7067,0.2545,0.6236,0.7195,0.8142,0.8305,18,0.5953,0.7636,0.7338,1.2306,1.25,1.25,false
CHR-BRO-0146,Customs Director Tariq of Babylonia,bronze_and_iron_age,Elamite Empire,Ancient Iran,-1009,-974,Economic,catalyst,EVT-BRO-0146,0.8002,0.6904,0.619,0.6282,0.8358,0.5795,0.7469,26,0.4756,0.7789,0.6846,1.1082,1.2137,1.1609,false
CHR-BRO-0147,Chancellor Talleyrand of Minoan Civilization,bronze_and_iron_age,Shang Dynasty,East Asia,-1086,-1081,Political,architect,EVT-BRO-0147,0.8542,0.7139,0.8371,0.9172,0.5292,0.3007,0.7445,84,0.1918,0.8103,0.5772,0.839,0.8697,0.7776,false
CHR-BRO-0148,Abbess Harsha of Kingdom of Kush (Kerma/Napata),bronze_and_iron_age,Ancient Egypt,North Africa / Nile,-824,-817,Religious,stabilizer,EVT-BRO-0148,0.7905,0.6827,0.8482,0.7683,0.6027,0.2377,0.5992,92,0.2347,0.714,0.5427,0.8305,0.8609,0.7697,false
CHR-BRO-0149,Vizier Dara of Minoan Civilization,bronze_and_iron_age,Mycenaean Greece,Aegean,-1770,-1735,Political,wildcard,EVT-BRO-0149,0.5704,0.7109,0.1795,0.5411,0.2353,0.6537,0.8214,15,0.5563,0.6708,0.6108,1.0332,1.0849,1.1366,false
CHR-BRO-0150,Strategos Aurelius of Shang Dynasty,bronze_and_iron_age,Sumer & Akkad,Mesopotamia,-1119,-1106,Military,architect,EVT-BRO-0150,0.7674,0.6771,0.8392,0.8065,0.5228,0.3722,0.7113,63,0.2829,0.745,0.5601,0.8348,0.8653,0.7737,false
CHR-BRO-0151,Guild Master Cao of Babylonia,bronze_and_iron_age,Phoenician City-States,Levant,-1289,-1268,Economic,stabilizer,EVT-BRO-0151,0.588,0.7108,0.8874,0.8371,0.5161,0.2758,0.4224,105,0.2194,0.5218,0.4552,0.809,0.8386,0.75,false
CHR-BRO-0152,Hierophant Rajaraja of Kingdom of Kush (Kerma/Napata),bronze_and_iron_age,Hittite Empire,Anatolia,-1204,-1175,Religious,architect,EVT-BRO-0152,0.7525,0.7395,0.8279,0.9108,0.6164,0.2923,0.7743,82,0.1907,0.7612,0.5732,0.838,0.8687,0.7767,false
CHR-BRO-0153,Customs Director Nizam of Kingdom of Kush (Kerma/Napata),bronze_and_iron_age,Western Zhou Dynasty,East Asia,-1294,-1288,Economic,stabilizer,EVT-BRO-0153,0.6711,0.7486,0.7503,0.8151,0.6748,0.2118,0.5782,39,0.1984,0.6339,0.534,0.8284,0.8587,0.7678,false
CHR-BRO-0154,Chamberlain Belisarius of Assyrian Empire,bronze_and_iron_age,Minoan Civilization,Aegean / Crete,-1638,-1615,Economic,wildcard,EVT-BRO-0154,0.7335,0.7653,0.6415,0.4013,0.813,0.7342,0.5717,17,0.6665,0.6688,0.6818,1.0545,1.1073,1.16,false
CHR-BRO-0155,Mint Overseer Hamilton of Shang Dynasty,bronze_and_iron_age,Mycenaean Greece,Aegean,-2395,-2366,Economic,disruptor,EVT-BRO-0155,0.7246,0.6097,0.255,0.5179,0.9379,0.8684,0.8808,35,0.6753,0.7871,0.7743,1.2446,1.25,1.25,true
CHR-BRO-0156,Imam Wilhelm of Mycenaean Greece,bronze_and_iron_age,Phoenician City-States,Levant,-1944,-1902,Religious,catalyst,EVT-BRO-0156,0.797,0.7632,0.5274,0.6113,0.9085,0.7807,0.7046,43,0.5847,0.7601,0.7395,1.1254,1.2326,1.179,false
CHR-BRO-0157,Dramatist Labarna of Mycenaean Greece,bronze_and_iron_age,Western Zhou Dynasty,East Asia,-1884,-1840,Cultural,catalyst,EVT-BRO-0157,0.742,0.881,0.6175,0.5829,0.7758,0.5459,0.77,22,0.4815,0.7532,0.6905,1.11,1.2157,1.1629,false
CHR-BRO-0158,Cardinal Chandra of Sumer & Akkad,bronze_and_iron_age,Hittite Empire,Anatolia,-2895,-2889,Religious,stabilizer,EVT-BRO-0158,0.6808,0.7815,0.8927,0.7997,0.4577,0.2325,0.595,43,0.2164,0.6465,0.501,0.8202,0.8502,0.7602,false
CHR-BRO-0159,Guild Master Ramesses of Kingdom of Kush (Kerma/Napata),bronze_and_iron_age,Indus Valley (Late),South Asia,-2874,-2836,Economic,disruptor,EVT-BRO-0159,0.8753,0.7067,0.4223,0.6026,0.8053,0.7736,0.8557,43,0.5855,0.8675,0.7677,1.2423,1.25,1.25,true
CHR-BRO-0160,Vizier Alexander of Mycenaean Greece,bronze_and_iron_age,Elamite Empire,Ancient Iran,-1942,-1906,Political,disruptor,EVT-BRO-0160,0.8764,0.6852,0.488,0.3532,0.7974,0.9425,0.7596,10,0.7947,0.8297,0.7803,1.2467,1.25,1.25,true
CHR-BRO-0161,Alchemist Leonidas of Western Zhou Dynasty,bronze_and_iron_age,Minoan Civilization,Aegean / Crete,-2869,-2830,Scientific,disruptor,EVT-BRO-0161,0.696,0.5714,0.4184,0.4827,0.9411,0.7349,0.842,20,0.6261,0.7544,0.7214,1.2264,1.25,1.25,false
CHR-BRO-0162,Geometer Justinian of Minoan Civilization,bronze_and_iron_age,Phoenician City-States,Levant,-2359,-2317,Scientific,disruptor,EVT-BRO-0162,0.7902,0.8226,0.4578,0.323,0.8343,0.8529,0.7605,46,0.7649,0.7783,0.7762,1.2453,1.25,1.25,true
CHR-BRO-0163,Centurion Khaldun of Phoenician City-States,bronze_and_iron_age,Elamite Empire,Ancient Iran,-2910,-2885,Military,disruptor,EVT-BRO-0163,0.8183,0.814,0.3044,0.6322,0.7443,0.888,0.7418,33,0.6279,0.7877,0.7707,1.2434,1.25,1.25,true
CHR-BRO-0164,Patriarch Leonidas of Assyrian Empire,bronze_and_iron_age,Elamite Empire,Ancient Iran,-1812,-1800,Religious,disruptor,EVT-BRO-0164,0.8023,0.6097,0.3305,0.4798,0.9357,0.8397,0.8172,8,0.6799,0.8083,0.7739,1.2445,1.25,1.25,true
CHR-BRO-0165,Minister Dara of Sumer & Akkad,bronze_and_iron_age,Sumer & Akkad,Mesopotamia,-3004,-2989,Political,wildcard,EVT-BRO-0165,0.8091,0.5434,0.2298,0.3503,0.3261,0.5804,0.5184,21,0.615,0.6928,0.607,1.0321,1.0837,1.1353,false
CHR-BRO-0166,Poet Laureate Richelieu of Hittite Empire,bronze_and_iron_age,Shang Dynasty,East Asia,-1502,-1490,Cultural,architect,EVT-BRO-0166,0.7624,0.7199,0.7494,0.8937,0.7532,0.3548,0.6913,77,0.2306,0.7339,0.5989,0.8443,0.8752,0.7825,false
CHR-BRO-0167,Commander Harun of Vedic Kingdoms,bronze_and_iron_age,Ancient Egypt,North Africa / Nile,-2118,-2099,Military,catalyst,EVT-BRO-0167,0.634,0.8946,0.544,0.6836,0.9444,0.5148,0.8974,60,0.4156,0.7393,0.7076,1.1154,1.2216,1.1685,false
CHR-BRO-0168,Customs Director Averroes of Assyrian Empire,bronze_and_iron_age,Shang Dynasty,East Asia,-1596,-1574,Economic,stabilizer,EVT-BRO-0168,0.6226,0.6768,0.905,0.8323,0.5868,0.1873,0.4356,47,0.1775,0.5478,0.4565,0.8093,0.8389,0.7501,false
CHR-BRO-0169,Senator Seneb of Sumer & Akkad,bronze_and_iron_age,Babylonia,Mesopotamia,-2760,-2755,Political,wildcard,EVT-BRO-0169,0.6823,0.4512,0.6188,0.3515,0.4026,0.6453,0.7387,9,0.6469,0.7049,0.5768,1.023,1.0742,1.1253,false
CHR-BRO-0170,Centurion Chandra of Shang Dynasty,bronze_and_iron_age,Mycenaean Greece,Aegean,-1224,-1209,Military,wildcard,EVT-BRO-0170,0.6407,0.503,0.7496,0.534,0.7363,0.7823,0.7863,64,0.6242,0.6989,0.6297,1.0389,1.0909,1.1428,false
CHR-BRO-0171,Dramatist Harun of Hittite Empire,bronze_and_iron_age,Kingdom of Kush (Kerma/Napata),Nubia,-1827,-1810,Cultural,stabilizer,EVT-BRO-0171,0.8428,0.685,0.7538,0.8388,0.6551,0.1547,0.5637,61,0.1579,0.7312,0.5522,0.8328,0.8633,0.7719,false
CHR-BRO-0172,Strategos Enheduanna of Assyrian Empire,bronze_and_iron_age,Minoan Civilization,Aegean / Crete,-3053,-3009,Military,wildcard,EVT-BRO-0172,0.7216,0.3981,0.4554,0.3496,0.5378,0.5572,0.8847,64,0.6038,0.7868,0.624,1.0372,1.0891,1.1409,false
CHR-BRO-0173,Strategos Naram-Sin of Kingdom of Kush (Kerma/Napata),bronze_and_iron_age,Hittite Empire,Anatolia,-2038,-2025,Military,stabilizer,EVT-BRO-0173,0.834,0.7246,0.885,0.8089,0.6868,0.1775,0.4784,64,0.1843,0.6918,0.5396,0.8298,0.8601,0.769,false
CHR-BRO-0174,Astronomer Samsi-Adad of Ancient Egypt,bronze_and_iron_age,Mycenaean Greece,Aegean,-1854,-1820,Scientific,architect,EVT-BRO-0174,0.779,0.7862,0.8541,0.8513,0.5676,0.2326,0.5985,99,0.1906,0.7068,0.5445,0.8309,0.8614,0.7701,false
CHR-BRO-0175,Imam Sumner of Sumer & Akkad,bronze_and_iron_age,Sumer & Akkad,Mesopotamia,-2792,-2764,Religious,architect,EVT-BRO-0175,0.7418,0.8723,0.8106,0.828,0.7707,0.3161,0.6723,106,0.2441,0.714,0.6077,0.8465,0.8775,0.7846,false
CHR-BRO-0176,Scribe Averroes of Babylonia,bronze_and_iron_age,Assyrian Empire,Near East,-2794,-2765,Cultural,stabilizer,EVT-BRO-0176,0.6875,0.6289,0.9337,0.8845,0.557,0.2064,0.6294,148,0.161,0.6643,0.4875,0.8169,0.8468,0.7572,false
CHR-BRO-0177,Synod Envoy Li of Phoenician City-States,bronze_and_iron_age,Hittite Empire,Anatolia,-2451,-2441,Religious,architect,EVT-BRO-0177,0.8182,0.6483,0.7703,0.8293,0.7746,0.2286,0.7512,32,0.1996,0.7914,0.5965,0.8437,0.8746,0.782,false
CHR-BRO-0178,Senator Al-Mansur of Vedic Kingdoms,bronze_and_iron_age,Shang Dynasty,East Asia,-860,-835,Political,disruptor,EVT-BRO-0178,0.7382,0.8031,0.4806,0.3771,0.7864,0.8069,0.7817,19,0.7149,0.7556,0.7443,1.2343,1.25,1.25,false
CHR-BRO-0179,Astronomer Heinrich of Kingdom of Kush (Kerma/Napata),bronze_and_iron_age,Kingdom of Kush (Kerma/Napata),Nubia,-2913,-2885,Scientific,wildcard,EVT-BRO-0179,0.8097,0.6628,0.5283,0.5735,0.7977,0.366,0.7763,67,0.3963,0.7964,0.6613,1.0484,1.1008,1.1532,false
CHR-BRO-0180,Pontiff Enheduanna of Hittite Empire,bronze_and_iron_age,Assyrian Empire,Near East,-1434,-1417,Religious,architect,EVT-BRO-0180,0.6601,0.7822,0.6884,0.8666,0.5249,0.3962,0.77,84,0.2648,0.704,0.5738,0.8382,0.8688,0.7768,false
CHR-BRO-0181,Archon Marshall of Babylonia,bronze_and_iron_age,Hittite Empire,Anatolia,-2756,-2736,Political,disruptor,EVT-BRO-0181,0.7883,0.5606,0.3234,0.5989,0.8355,0.856,0.7256,34,0.6286,0.7632,0.7314,1.2298,1.25,1.25,false
CHR-BRO-0182,Merchant Prince Saladin of Babylonia,bronze_and_iron_age,Elamite Empire,Ancient Iran,-2002,-1968,Economic,wildcard,EVT-BRO-0182,0.636,0.6096,0.5638,0.2972,0.5773,0.2472,0.7837,57,0.475,0.6951,0.5704,1.0211,1.0722,1.1232,false
CHR-BRO-0183,Cardinal Wilhelm of Shang Dynasty,bronze_and_iron_age,Minoan Civilization,Aegean / Crete,-1805,-1800,Religious,architect,EVT-BRO-0183,0.9103,0.6483,0.7925,0.8222,0.6215,0.4169,0.5658,68,0.2973,0.7725,0.5951,0.8434,0.8742,0.7817,false
CHR-BRO-0184,Admiral Zhang of Babylonia,bronze_and_iron_age,Vedic Kingdoms,South Asia,-1301,-1281,Military,catalyst,EVT-BRO-0184,0.6359,0.8759,0.6805,0.5516,0.8512,0.5315,0.7823,56,0.4899,0.6945,0.6695,1.1034,1.2085,1.1559,false
CHR-BRO-0185,Polymath Bradford of Shang Dynasty,bronze_and_iron_age,Kingdom of Kush (Kerma/Napata),Nubia,-1137,-1101,Scientific,wildcard,EVT-BRO-0185,0.8313,0.5987,0.4781,0.3166,0.2068,0.296,0.5569,10,0.4897,0.7216,0.5429,1.0129,1.0635,1.1142,false
CHR-BRO-0186,Minister Sargon of Kingdom of Kush (Kerma/Napata),bronze_and_iron_age,Kingdom of Kush (Kerma/Napata),Nubia,-1606,-1570,Political,catalyst,EVT-BRO-0186,0.5635,0.7809,0.7244,0.5624,0.8667,0.6402,0.8736,39,0.5389,0.6875,0.6645,1.1018,1.2068,1.1543,false
CHR-BRO-0187,Chamberlain Puduhepa of Assyrian Empire,bronze_and_iron_age,Sumer & Akkad,Mesopotamia,-3080,-3040,Economic,wildcard,EVT-BRO-0187,0.6879,0.6181,0.5901,0.4058,0.5343,0.6919,0.4982,62,0.6431,0.612,0.594,1.0282,1.0796,1.131,false
CHR-BRO-0188,Metallurgist Qian of Mycenaean Greece,bronze_and_iron_age,Hittite Empire,Anatolia,-1867,-1851,Scientific,stabilizer,EVT-BRO-0188,0.7622,0.7648,0.8238,0.7247,0.4975,0.1884,0.4118,224,0.2318,0.622,0.5013,0.8203,0.8503,0.7603,false
CHR-BRO-0189,Philosopher Averroes of Minoan Civilization,bronze_and_iron_age,Western Zhou Dynasty,East Asia,-2067,-2047,Cultural,disruptor,EVT-BRO-0189,0.6084,0.5678,0.2053,0.5585,0.7041,0.7801,0.7362,35,0.6108,0.6595,0.6719,1.2093,1.25,1.25,false
CHR-BRO-0190,Admiral Hathor of Vedic Kingdoms,bronze_and_iron_age,Mycenaean Greece,Aegean,-2286,-2271,Military,disruptor,EVT-BRO-0190,0.7096,0.8056,0.3556,0.4843,0.8152,0.7963,0.813,30,0.656,0.751,0.7521,1.237,1.25,1.25,true
CHR-BRO-0191,Warlord Saladin of Minoan Civilization,bronze_and_iron_age,Phoenician City-States,Levant,-2925,-2908,Military,wildcard,EVT-BRO-0191,0.7529,0.7947,0.1763,0.318,0.4704,0.7186,0.5205,10,0.7003,0.6599,0.6803,1.0541,1.1068,1.1595,false
CHR-BRO-0192,Cardinal Suppiluliuma of Assyrian Empire,bronze_and_iron_age,Elamite Empire,Ancient Iran,-2030,-1992,Religious,architect,EVT-BRO-0192,0.6909,0.867,0.8358,0.7265,0.644,0.4152,0.766,95,0.3444,0.7209,0.6067,0.8462,0.8772,0.7843,false
CHR-BRO-0193,Master Sculptor Chen of Assyrian Empire,bronze_and_iron_age,Hittite Empire,Anatolia,-2587,-2562,Cultural,wildcard,EVT-BRO-0193,0.7491,0.6297,0.25,0.6604,0.4859,0.3605,0.8921,5,0.35,0.8063,0.6345,1.0403,1.0924,1.1444,false
CHR-BRO-0194,Arch-Engineer Belisarius of Phoenician City-States,bronze_and_iron_age,Minoan Civilization,Aegean / Crete,-1514,-1506,Scientific,architect,EVT-BRO-0194,0.8675,0.6125,0.8097,0.7867,0.5676,0.4425,0.6237,173,0.3279,0.77,0.5835,0.8405,0.8713,0.779,false
CHR-BRO-0195,High Priest Kheti of Indus Valley (Late),bronze_and_iron_age,Kingdom of Kush (Kerma/Napata),Nubia,-1524,-1488,Religious,architect,EVT-BRO-0195,0.8272,0.7834,0.7767,0.8273,0.6802,0.1949,0.6897,141,0.1838,0.7722,0.59,0.8421,0.8729,0.7805,false
CHR-BRO-0196,Geometer Necker of Indus Valley (Late),bronze_and_iron_age,Hittite Empire,Anatolia,-2405,-2361,Scientific,disruptor,EVT-BRO-0196,0.7643,0.7118,0.2917,0.5783,0.7903,0.6739,0.9009,40,0.5478,0.8189,0.7445,1.2344,1.25,1.25,false
CHR-BRO-0197,Chancellor Adams of Ancient Egypt,bronze_and_iron_age,Assyrian Empire,Near East,-1454,-1419,Political,wildcard,EVT-BRO-0197,0.8063,0.4214,0.5216,0.7489,0.4668,0.8487,0.4072,71,0.5499,0.6467,0.5836,1.0251,1.0763,1.1276,false
CHR-BRO-0198,Customs Director Bradford of Vedic Kingdoms,bronze_and_iron_age,Ancient Egypt,North Africa / Nile,-3047,-3027,Economic,disruptor,EVT-BRO-0198,0.9202,0.7135,0.4107,0.6142,0.8054,0.7246,0.7541,12,0.5552,0.8538,0.7579,1.239,1.25,1.25,true
CHR-BRO-0199,Strategos Sumner of Sumer & Akkad,bronze_and_iron_age,Babylonia,Mesopotamia,-3063,-3019,Military,stabilizer,EVT-BRO-0199,0.8443,0.6764,0.7568,0.7242,0.688,0.3079,0.5684,195,0.2918,0.7339,0.5853,0.841,0.8717,0.7794,false
CHR-BRO-0200,Consul Samudra of Assyrian Empire,bronze_and_iron_age,Babylonia,Mesopotamia,-3034,-3029,Political,catalyst,EVT-BRO-0200,0.6576,0.7983,0.5301,0.6569,0.9036,0.5547,0.7699,36,0.4489,0.7025,0.6825,1.1075,1.213,1.1602,false
CHR-BRO-0201,Arch-Engineer Harun of Western Zhou Dynasty,bronze_and_iron_age,Vedic Kingdoms,South Asia,-1425,-1384,Scientific,catalyst,EVT-BRO-0201,0.674,0.8502,0.524,0.5505,0.7909,0.7876,0.786,43,0.6185,0.7188,0.7208,1.1195,1.2262,1.1729,false
CHR-BRO-0202,Arch-Engineer Friedrich of Elamite Empire,bronze_and_iron_age,Vedic Kingdoms,South Asia,-925,-899,Scientific,catalyst,EVT-BRO-0202,0.5418,0.7658,0.5633,0.6395,0.8797,0.7361,0.7018,51,0.5483,0.6058,0.6597,1.1003,1.2051,1.1527,false
CHR-BRO-0203,Mint Overseer Ibn-Sina of Elamite Empire,bronze_and_iron_age,Hittite Empire,Anatolia,-2012,-1973,Economic,catalyst,EVT-BRO-0203,0.652,0.7484,0.6674,0.5557,0.7997,0.681,0.7762,32,0.5626,0.7017,0.6693,1.1033,1.2084,1.1559,false
CHR-BRO-0204,Chamberlain Hattusili of Vedic Kingdoms,bronze_and_iron_age,Phoenician City-States,Levant,-1101,-1079,Economic,wildcard,EVT-BRO-0204,0.5677,0.7355,0.7253,0.6147,0.2926,0.2586,0.4253,27,0.322,0.5107,0.4455,0.9836,1.0328,1.082,false
CHR-BRO-0205,Hierophant Aurelius of Mycenaean Greece,bronze_and_iron_age,Shang Dynasty,East Asia,-2400,-2394,Religious,architect,EVT-BRO-0205,0.7359,0.713,0.7176,0.7256,0.7136,0.4198,0.6758,83,0.3471,0.7119,0.6043,0.8456,0.8766,0.7838,false
CHR-BRO-0206,Chronicler Puduhepa of Ancient Egypt,bronze_and_iron_age,Hittite Empire,Anatolia,-2336,-2325,Cultural,stabilizer,EVT-BRO-0206,0.6318,0.7031,0.87,0.7982,0.4505,0.2188,0.4371,208,0.2103,0.5539,0.4525,0.8083,0.8379,0.75,false
CHR-BRO-0207,Patriarch Bradford of Babylonia,bronze_and_iron_age,Babylonia,Mesopotamia,-1415,-1386,Religious,catalyst,EVT-BRO-0207,0.5631,0.7591,0.7075,0.6105,0.7387,0.5895,0.878,19,0.4895,0.689,0.6343,1.0923,1.1963,1.1443,false
CHR-BRO-0208,Senator Adams of Babylonia,bronze_and_iron_age,Western Zhou Dynasty,East Asia,-2365,-2360,Political,wildcard,EVT-BRO-0208,0.5811,0.603,0.7031,0.3415,0.8249,0.5168,0.8595,29,0.5877,0.6924,0.6285,1.0386,1.0905,1.1424,false
CHR-BRO-0209,Mint Overseer Al-Mansur of Sumer & Akkad,bronze_and_iron_age,Shang Dynasty,East Asia,-1420,-1395,Economic,disruptor,EVT-BRO-0209,0.8846,0.6494,0.4443,0.516,0.8636,0.8623,0.729,39,0.6731,0.8223,0.7666,1.242,1.25,1.25,true
CHR-BRO-0210,Imam Eleanor of Mycenaean Greece,bronze_and_iron_age,Vedic Kingdoms,South Asia,-2463,-2451,Religious,stabilizer,EVT-BRO-0210,0.6036,0.6801,0.8863,0.7317,0.5842,0.1399,0.4081,124,0.2041,0.5254,0.4475,0.8071,0.8366,0.75,false
CHR-BRO-0211,Scribe Gao of Phoenician City-States,bronze_and_iron_age,Elamite Empire,Ancient Iran,-1456,-1424,Cultural,catalyst,EVT-BRO-0211,0.6428,0.6629,0.6197,0.6367,0.8722,0.4836,0.7476,46,0.4234,0.6847,0.6318,1.0915,1.1955,1.1435,false
CHR-BRO-0212,Prefect Suppiluliuma of Vedic Kingdoms,bronze_and_iron_age,Sumer & Akkad,Mesopotamia,-2868,-2833,Political,architect,EVT-BRO-0212,0.7005,0.6671,0.8924,0.7271,0.5203,0.3235,0.5593,161,0.2982,0.644,0.5101,0.8225,0.8526,0.7623,false
CHR-BRO-0213,Abbess Harun of Assyrian Empire,bronze_and_iron_age,Elamite Empire,Ancient Iran,-1814,-1774,Religious,catalyst,EVT-BRO-0213,0.8056,0.7469,0.6441,0.5551,0.7459,0.6639,0.7055,46,0.5544,0.7656,0.6886,1.1094,1.2151,1.1622,false
CHR-BRO-0214,Hierophant Colbert of Shang Dynasty,bronze_and_iron_age,Babylonia,Mesopotamia,-2779,-2746,Religious,catalyst,EVT-BRO-0214,0.5184,0.8561,0.4602,0.6952,0.8904,0.4636,0.8104,60,0.3842,0.6352,0.6519,1.0978,1.2024,1.1501,false
CHR-BRO-0215,Warlord Naram-Sin of Ancient Egypt,bronze_and_iron_age,Minoan Civilization,Aegean / Crete,-1750,-1714,Military,stabilizer,EVT-BRO-0215,0.7892,0.7919,0.7406,0.6974,0.6607,0.1351,0.4737,43,0.2189,0.663,0.5476,0.8317,0.8621,0.7708,false
CHR-BRO-0216,Chronicler Thutmose of Phoenician City-States,bronze_and_iron_age,Elamite Empire,Ancient Iran,-2650,-2608,Cultural,stabilizer,EVT-BRO-0216,0.762,0.7267,0.7528,0.8182,0.5857,0.2474,0.6196,116,0.2146,0.705,0.5512,0.8326,0.8631,0.7717,false
CHR-BRO-0217,Patriarch Alexander of Ancient Egypt,bronze_and_iron_age,Elamite Empire,Ancient Iran,-1768,-1726,Religious,wildcard,EVT-BRO-0217,0.8602,0.8488,0.5661,0.3428,0.5362,0.1765,0.7116,22,0.4168,0.8008,0.6323,1.0397,1.0917,1.1436,false
CHR-BRO-0218,Rhetorician Hathor of Elamite Empire,bronze_and_iron_age,Sumer & Akkad,Mesopotamia,-1897,-1888,Cultural,stabilizer,EVT-BRO-0218,0.7394,0.6004,0.7642,0.7077,0.5267,0.3012,0.5227,68,0.2967,0.6528,0.5157,0.8239,0.854,0.7636,false
CHR-BRO-0219,Marshal Labarna of Western Zhou Dynasty,bronze_and_iron_age,Shang Dynasty,East Asia,-1338,-1300,Military,wildcard,EVT-BRO-0219,0.8921,0.3937,0.7134,0.3984,0.6088,0.7599,0.7805,31,0.6808,0.8475,0.6632,1.049,1.1014,1.1539,false
CHR-BRO-0220,Governor Harun of Western Zhou Dynasty,bronze_and_iron_age,Minoan Civilization,Aegean / Crete,-1185,-1140,Political,wildcard,EVT-BRO-0220,0.8689,0.7968,0.6195,0.365,0.6485,0.3018,0.8033,53,0.4684,0.8427,0.6696,1.0509,1.1034,1.156,false
CHR-BRO-0221,Viceroy Sumner of Vedic Kingdoms,bronze_and_iron_age,Assyrian Empire,Near East,-1180,-1144,Political,catalyst,EVT-BRO-0221,0.5437,0.7556,0.4575,0.6255,0.8347,0.6864,0.7691,51,0.5305,0.6338,0.6658,1.1022,1.2072,1.1547,false
CHR-BRO-0222,Dramatist Richelieu of Assyrian Empire,bronze_and_iron_age,Assyrian Empire,Near East,-2430,-2424,Cultural,architect,EVT-BRO-0222,0.765,0.8647,0.722,0.781,0.5496,0.2026,0.6112,162,0.2108,0.7035,0.5642,0.8358,0.8664,0.7746,false
CHR-BRO-0223,Synod Envoy Sherman of Sumer & Akkad,bronze_and_iron_age,Phoenician City-States,Levant,-977,-972,Religious,disruptor,EVT-BRO-0223,0.6441,0.7027,0.4718,0.4334,0.7688,0.7478,0.9042,16,0.6572,0.7482,0.7107,1.2227,1.25,1.25,false
CHR-BRO-0224,Legate Averroes of Western Zhou Dynasty,bronze_and_iron_age,Western Zhou Dynasty,East Asia,-1942,-1907,Military,architect,EVT-BRO-0224,0.7425,0.6098,0.7736,0.8844,0.5228,0.2871,0.817,161,0.2014,0.7723,0.5495,0.8322,0.8626,0.7713,false
CHR-BRO-0225,Mint Overseer Kheti of Phoenician City-States,bronze_and_iron_age,Phoenician City-States,Levant,-1665,-1632,Economic,disruptor,EVT-BRO-0225,0.6979,0.793,0.2043,0.5279,0.9341,0.7889,0.8921,45,0.6305,0.7756,0.7889,1.2497,1.25,1.25,true
CHR-BRO-0226,Guild Master Justinian of Kingdom of Kush (Kerma/Napata),bronze_and_iron_age,Western Zhou Dynasty,East Asia,-1850,-1829,Economic,architect,EVT-BRO-0226,0.7994,0.6995,0.7215,0.7567,0.6524,0.4307,0.6411,72,0.337,0.7361,0.6034,0.8454,0.8764,0.7836,false
CHR-BRO-0227,Physician Colbert of Babylonia,bronze_and_iron_age,Vedic Kingdoms,South Asia,-853,-814,Scientific,architect,EVT-BRO-0227,0.7857,0.8426,0.8607,0.8277,0.5803,0.3132,0.714,77,0.2427,0.757,0.5865,0.8413,0.8721,0.7797,false
CHR-BRO-0228,Pontiff Kheti of Assyrian Empire,bronze_and_iron_age,Western Zhou Dynasty,East Asia,-964,-951,Religious,stabilizer,EVT-BRO-0228,0.7157,0.704,0.9152,0.7551,0.5837,0.1703,0.5313,72,0.2076,0.6419,0.498,0.8195,0.8495,0.7596,false
CHR-BRO-0229,Metallurgist Qian of Mycenaean Greece,bronze_and_iron_age,Sumer & Akkad,Mesopotamia,-1979,-1961,Scientific,disruptor,EVT-BRO-0229,0.697,0.8092,0.2899,0.5608,0.9401,0.8266,0.9268,25,0.6329,0.7889,0.7926,1.25,1.25,1.25,true
CHR-BRO-0230,Chancellor Godfrey of Babylonia,bronze_and_iron_age,Hittite Empire,Anatolia,-1628,-1612,Political,stabilizer,EVT-BRO-0230,0.6372,0.5604,0.8584,0.8876,0.6626,0.2517,0.5494,213,0.182,0.6021,0.4827,0.8157,0.8456,0.7561,false
CHR-BRO-0231,Astronomer Suppiluliuma of Elamite Empire,bronze_and_iron_age,Babylonia,Mesopotamia,-2866,-2822,Scientific,disruptor,EVT-BRO-0231,0.8328,0.7175,0.2328,0.5684,0.8046,0.8561,0.9255,32,0.6438,0.8698,0.8021,1.25,1.25,1.25,true
CHR-BRO-0232,Customs Director Chen of Phoenician City-States,bronze_and_iron_age,Indus Valley (Late),South Asia,-2866,-2837,Economic,catalyst,EVT-BRO-0232,0.5901,0.7506,0.5182,0.5638,0.7469,0.4709,0.8523,19,0.4536,0.695,0.6406,1.0943,1.1985,1.1464,false
CHR-BRO-0233,Governor Kautilya of Assyrian Empire,bronze_and_iron_age,Babylonia,Mesopotamia,-2593,-2571,Political,wildcard,EVT-BRO-0233,0.5526,0.514,0.5698,0.4789,0.8177,0.4938,0.8605,41,0.5074,0.6758,0.6101,1.033,1.0847,1.1363,false
CHR-BRO-0234,Arch-Engineer Heinrich of Western Zhou Dynasty,bronze_and_iron_age,Phoenician City-States,Levant,-2663,-2655,Scientific,architect,EVT-BRO-0234,0.8904,0.8421,0.7233,0.8817,0.7206,0.3195,0.7735,56,0.2189,0.8437,0.6545,0.858,0.8894,0.7952,false
CHR-BRO-0235,Synod Envoy Heinrich of Babylonia,bronze_and_iron_age,Vedic Kingdoms,South Asia,-1485,-1467,Religious,stabilizer,EVT-BRO-0235,0.6922,0.7418,0.7617,0.8609,0.6186,0.2281,0.4949,106,0.1836,0.6133,0.5163,0.824,0.8542,0.7637,false
CHR-BRO-0236,Chamberlain Franklin of Western Zhou Dynasty,bronze_and_iron_age,Shang Dynasty,East Asia,-2545,-2521,Economic,catalyst,EVT-BRO-0236,0.7543,0.7282,0.6767,0.6691,0.7534,0.6408,0.7295,40,0.4859,0.7444,0.6652,1.102,1.207,1.1545,false
CHR-BRO-0237,Prefect Necker of Vedic Kingdoms,bronze_and_iron_age,Vedic Kingdoms,South Asia,-1121,-1112,Political,catalyst,EVT-BRO-0237,0.7531,0.709,0.5675,0.762,0.8434,0.7505,0.783,37,0.4942,0.7651,0.7063,1.115,1.2212,1.1681,false
CHR-BRO-0238,Alchemist Madison of Sumer & Akkad,bronze_and_iron_age,Babylonia,Mesopotamia,-2998,-2975,Scientific,disruptor,EVT-BRO-0238,0.715,0.8272,0.4642,0.5025,0.7748,0.8037,0.8359,16,0.6506,0.7634,0.7434,1.234,1.25,1.25,false
CHR-BRO-0239,High Priest Saladin of Indus Valley (Late),bronze_and_iron_age,Assyrian Empire,Near East,-2040,-2030,Religious,catalyst,EVT-BRO-0239,0.7578,0.7788,0.6988,0.5503,0.7914,0.6798,0.7314,59,0.5648,0.7472,0.6893,1.1096,1.2153,1.1625,false
CHR-BRO-0240,Vizier Theodosius of Ancient Egypt,bronze_and_iron_age,Kingdom of Kush (Kerma/Napata),Nubia,-1188,-1160,Political,architect,EVT-BRO-0240,0.7595,0.7688,0.6869,0.8077,0.5525,0.3289,0.7721,106,0.2606,0.7645,0.5941,0.8432,0.874,0.7815,false
CHR-BRO-0241,Astronomer Sun of Mycenaean Greece,bronze_and_iron_age,Vedic Kingdoms,South Asia,-1463,-1432,Scientific,catalyst,EVT-BRO-0241,0.6315,0.8803,0.6687,0.6507,0.8577,0.6704,0.9007,59,0.5098,0.7392,0.7048,1.1145,1.2207,1.1676,false
CHR-BRO-0242,Viceroy Tiglath of Elamite Empire,bronze_and_iron_age,Phoenician City-States,Levant,-2389,-2374,Political,architect,EVT-BRO-0242,0.7892,0.7715,0.8342,0.7056,0.6614,0.3313,0.553,48,0.3129,0.6947,0.5762,0.8387,0.8694,0.7774,false
CHR-BRO-0243,Astronomer Marshall of Ancient Egypt,bronze_and_iron_age,Vedic Kingdoms,South Asia,-2430,-2392,Scientific,disruptor,EVT-BRO-0243,0.648,0.5606,0.2062,0.5679,0.9078,0.7429,0.8538,15,0.5875,0.7303,0.7228,1.2268,1.25,1.25,false
CHR-BRO-0244,Chronicler Telepinu of Western Zhou Dynasty,bronze_and_iron_age,Phoenician City-States,Levant,-1695,-1654,Cultural,catalyst,EVT-BRO-0244,0.7331,0.8653,0.7093,0.7799,0.734,0.5214,0.9089,24,0.3708,0.8034,0.6778,1.106,1.2113,1.1587,false
CHR-BRO-0245,Treasurer Chandra of Babylonia,bronze_and_iron_age,Hittite Empire,Anatolia,-2375,-2343,Economic,architect,EVT-BRO-0245,0.6748,0.8182,0.7534,0.832,0.5746,0.4481,0.6425,147,0.3081,0.6619,0.5743,0.8383,0.8689,0.7769,false
CHR-BRO-0246,Dramatist Seneb of Sumer & Akkad,bronze_and_iron_age,Western Zhou Dynasty,East Asia,-2308,-2277,Cultural,wildcard,EVT-BRO-0246,0.7454,0.6039,0.3039,0.435,0.2407,0.7882,0.4877,28,0.6766,0.6423,0.6023,1.0307,1.0822,1.1338,false
CHR-BRO-0247,Physician Seneb of Sumer & Akkad,bronze_and_iron_age,Shang Dynasty,East Asia,-2268,-2259,Scientific,catalyst,EVT-BRO-0247,0.8077,0.7928,0.452,0.7304,0.948,0.7099,0.7464,17,0.4898,0.7832,0.7498,1.1287,1.2362,1.1824,false
CHR-BRO-0248,Prefect Enheduanna of Vedic Kingdoms,bronze_and_iron_age,Phoenician City-States,Levant,-1822,-1789,Political,wildcard,EVT-BRO-0248,0.7139,0.6543,0.3385,0.3933,0.7412,0.7654,0.7272,26,0.6861,0.7193,0.7082,1.0625,1.1156,1.1687,false
CHR-BRO-0249,Admiral Marshall of Phoenician City-States,bronze_and_iron_age,Kingdom of Kush (Kerma/Napata),Nubia,-2043,-1999,Military,disruptor,EVT-BRO-0249,0.6038,0.7783,0.2249,0.4008,0.93,0.7661,0.7355,7,0.6826,0.6565,0.7399,1.2328,1.25,1.25,false
CHR-BRO-0250,Rhetorician Li of Western Zhou Dynasty,bronze_and_iron_age,Minoan Civilization,Aegean / Crete,-1368,-1363,Cultural,stabilizer,EVT-BRO-0250,0.6726,0.6703,0.7591,0.6914,0.5624,0.1355,0.6768,137,0.2221,0.6743,0.5144,0.8235,0.8537,0.7633,false
CHR-BRO-0251,Metallurgist Kautilya of Babylonia,bronze_and_iron_age,Ancient Egypt,North Africa / Nile,-2883,-2840,Scientific,wildcard,EVT-BRO-0251,0.4407,0.5834,0.323,0.2376,0.7171,0.5136,0.832,60,0.638,0.5972,0.6129,1.0339,1.0856,1.1373,false
CHR-BRO-0252,Legate Tiglath of Assyrian Empire,bronze_and_iron_age,Shang Dynasty,East Asia,-1040,-1015,Military,architect,EVT-BRO-0252,0.7089,0.6061,0.8319,0.916,0.7297,0.2348,0.7694,106,0.1594,0.7331,0.5492,0.8321,0.8626,0.7712,false
CHR-BRO-0253,Merchant Prince Thutmose of Sumer & Akkad,bronze_and_iron_age,Sumer & Akkad,Mesopotamia,-2652,-2622,Economic,disruptor,EVT-BRO-0253,0.8079,0.8319,0.2267,0.4716,0.7472,0.7999,0.8287,9,0.6642,0.8162,0.7869,1.249,1.25,1.25,true
CHR-BRO-0254,Consul Baldwin of Sumer & Akkad,bronze_and_iron_age,Assyrian Empire,Near East,-2183,-2140,Political,stabilizer,EVT-BRO-0254,0.6373,0.7108,0.8077,0.824,0.62,0.2989,0.5997,138,0.2375,0.6222,0.5218,0.8254,0.8556,0.765,false
CHR-BRO-0255,Dramatist Ashoka of Shang Dynasty,bronze_and_iron_age,Babylonia,Mesopotamia,-2746,-2722,Cultural,stabilizer,EVT-BRO-0255,0.7279,0.59,0.8544,0.8555,0.5748,0.2242,0.5805,210,0.1844,0.6689,0.4992,0.8198,0.8498,0.7598,false
CHR-BRO-0256,Governor Kautilya of Sumer & Akkad,bronze_and_iron_age,Western Zhou Dynasty,East Asia,-2820,-2813,Political,architect,EVT-BRO-0256,0.883,0.6763,0.8015,0.8657,0.6656,0.1938,0.6126,162,0.164,0.7749,0.5696,0.8371,0.8677,0.7759,false
CHR-BRO-0257,Imam Zhang of Babylonia,bronze_and_iron_age,Kingdom of Kush (Kerma/Napata),Nubia,-1244,-1202,Religious,disruptor,EVT-BRO-0257,0.7816,0.6879,0.4312,0.5116,0.9384,0.7311,0.7697,28,0.6097,0.7769,0.7458,1.2348,1.25,1.25,false
CHR-BRO-0258,Astronomer Hathor of Elamite Empire,bronze_and_iron_age,Ancient Egypt,North Africa / Nile,-2224,-2204,Scientific,catalyst,EVT-BRO-0258,0.5918,0.7455,0.4812,0.573,0.9376,0.4658,0.9069,38,0.4464,0.7178,0.6795,1.1066,1.2119,1.1593,false
CHR-BRO-0259,Strategos Telepinu of Ancient Egypt,bronze_and_iron_age,Kingdom of Kush (Kerma/Napata),Nubia,-2042,-2029,Military,stabilizer,EVT-BRO-0259,0.7589,0.5577,0.9339,0.7794,0.6018,0.2597,0.641,226,0.2402,0.7117,0.5164,0.824,0.8542,0.7637,false
CHR-BRO-0260,Mint Overseer Seneb of Mycenaean Greece,bronze_and_iron_age,Babylonia,Mesopotamia,-918,-898,Economic,disruptor,EVT-BRO-0260,0.6621,0.7961,0.4271,0.5378,0.9408,0.8149,0.7322,35,0.6385,0.6901,0.7385,1.2323,1.25,1.25,false
CHR-BRO-0261,Pontiff Alexander of Phoenician City-States,bronze_and_iron_age,Minoan Civilization,Aegean / Crete,-1147,-1123,Religious,wildcard,EVT-BRO-0261,0.7558,0.4044,0.5205,0.3173,0.4232,0.7706,0.5392,20,0.7267,0.6692,0.5916,1.0275,1.0789,1.1302,false
CHR-BRO-0262,Patriarch Franklin of Ancient Egypt,bronze_and_iron_age,Phoenician City-States,Levant,-2962,-2941,Religious,disruptor,EVT-BRO-0262,0.8823,0.5783,0.4331,0.4973,0.8726,0.6858,0.7675,6,0.5942,0.8364,0.738,1.2321,1.25,1.25,false
CHR-BRO-0263,Polymath Kautilya of Mycenaean Greece,bronze_and_iron_age,Shang Dynasty,East Asia,-2671,-2634,Scientific,stabilizer,EVT-BRO-0263,0.8439,0.7382,0.8562,0.842,0.6685,0.188,0.4243,42,0.173,0.6761,0.5361,0.8289,0.8592,0.7682,false
CHR-BRO-0264,Archon Harsha of Phoenician City-States,bronze_and_iron_age,Western Zhou Dynasty,East Asia,-2235,-2201,Political,wildcard,EVT-BRO-0264,0.4125,0.5888,0.2833,0.7865,0.2019,0.2022,0.7283,38,0.2079,0.5389,0.4436,0.9831,1.0322,1.0814,false
CHR-BRO-0265,Minister Friedrich of Shang Dynasty,bronze_and_iron_age,Phoenician City-States,Levant,-2833,-2824,Political,catalyst,EVT-BRO-0265,0.6118,0.7746,0.642,0.5824,0.8898,0.7257,0.9079,26,0.5716,0.7302,0.7043,1.1144,1.2205,1.1674,false
CHR-BRO-0266,Consul Eleanor of Minoan Civilization,bronze_and_iron_age,Shang Dynasty,East Asia,-3010,-2988,Political,disruptor,EVT-BRO-0266,0.6913,0.5396,0.506,0.4408,0.8512,0.8005,0.896,31,0.6799,0.7732,0.7133,1.2236,1.25,1.25,false
CHR-BRO-0267,Governor Chandra of Ancient Egypt,bronze_and_iron_age,Shang Dynasty,East Asia,-1389,-1376,Political,stabilizer,EVT-BRO-0267,0.6595,0.6121,0.7306,0.8151,0.5261,0.1387,0.4416,115,0.1618,0.5724,0.4588,0.8099,0.8395,0.7506,false
CHR-BRO-0268,Merchant Prince Sun of Babylonia,bronze_and_iron_age,Shang Dynasty,East Asia,-1669,-1640,Economic,disruptor,EVT-BRO-0268,0.7822,0.5534,0.3277,0.3957,0.707,0.7256,0.8849,9,0.6649,0.8233,0.7236,1.2272,1.25,1.25,false
CHR-BRO-0269,Geometer Naram-Sin of Assyrian Empire,bronze_and_iron_age,Minoan Civilization,Aegean / Crete,-1629,-1589,Scientific,stabilizer,EVT-BRO-0269,0.8118,0.7108,0.9208,0.7907,0.6421,0.2721,0.5178,49,0.2407,0.6942,0.5428,0.8305,0.8609,0.7697,false
CHR-BRO-0270,Treasurer Saladin of Elamite Empire,bronze_and_iron_age,Shang Dynasty,East Asia,-2698,-2690,Economic,wildcard,EVT-BRO-0270,0.5944,0.4163,0.5834,0.3411,0.6112,0.8102,0.7654,17,0.7345,0.6628,0.6137,1.0341,1.0858,1.1375,false
CHR-BRO-0271,Scribe Qian of Assyrian Empire,bronze_and_iron_age,Elamite Empire,Ancient Iran,-1238,-1207,Cultural,stabilizer,EVT-BRO-0271,0.7596,0.7226,0.7215,0.7451,0.4885,0.2989,0.4339,132,0.2769,0.6293,0.5221,0.8254,0.8556,0.765,false
CHR-BRO-0272,Alchemist Madison of Assyrian Empire,bronze_and_iron_age,Vedic Kingdoms,South Asia,-2692,-2657,Scientific,stabilizer,EVT-BRO-0272,0.5876,0.5766,0.8961,0.722,0.6015,0.3403,0.4084,139,0.3092,0.5159,0.4602,0.8102,0.8399,0.7509,false
CHR-BRO-0273,Geometer Nizam of Western Zhou Dynasty,bronze_and_iron_age,Mycenaean Greece,Aegean,-1436,-1428,Scientific,catalyst,EVT-BRO-0273,0.7932,0.9069,0.6921,0.6927,0.7921,0.6064,0.8542,18,0.4569,0.8176,0.7184,1.1188,1.2253,1.1721,false
CHR-BRO-0274,Chamberlain Qian of Hittite Empire,bronze_and_iron_age,Vedic Kingdoms,South Asia,-1781,-1766,Economic,catalyst,EVT-BRO-0274,0.5574,0.8234,0.5134,0.5603,0.942,0.6057,0.8688,60,0.5227,0.682,0.696,1.1117,1.2176,1.1647,false
CHR-BRO-0275,Philosopher Harsha of Indus Valley (Late),bronze_and_iron_age,Assyrian Empire,Near East,-2405,-2378,Cultural,disruptor,EVT-BRO-0275,0.737,0.6757,0.3575,0.4007,0.9318,0.7847,0.7991,6,0.692,0.7618,0.7572,1.2387,1.25,1.25,true
CHR-BRO-0276,Warlord Wu of Minoan Civilization,bronze_and_iron_age,Minoan Civilization,Aegean / Crete,-1346,-1333,Military,architect,EVT-BRO-0276,0.6937,0.8308,0.7318,0.8948,0.6552,0.2659,0.7722,29,0.1855,0.7251,0.5841,0.8407,0.8715,0.7792,false
CHR-BRO-0277,Arch-Engineer Al-Mansur of Minoan Civilization,bronze_and_iron_age,Minoan Civilization,Aegean / Crete,-1009,-992,Scientific,stabilizer,EVT-BRO-0277,0.7012,0.7836,0.9279,0.6973,0.5759,0.1964,0.5348,114,0.2496,0.6346,0.5112,0.8228,0.8529,0.7626,false
CHR-BRO-0278,Treasurer Wilhelm of Minoan Civilization,bronze_and_iron_age,Western Zhou Dynasty,East Asia,-1731,-1723,Economic,catalyst,EVT-BRO-0278,0.7791,0.7181,0.7072,0.767,0.7305,0.5401,0.7993,31,0.3866,0.7872,0.6539,1.0985,1.2031,1.1508,false
CHR-BRO-0279,Prefect Lafayette of Hittite Empire,bronze_and_iron_age,Assyrian Empire,Near East,-2217,-2189,Political,wildcard,EVT-BRO-0279,0.4124,0.5279,0.6008,0.303,0.4463,0.4357,0.5747,71,0.5664,0.4773,0.4756,0.9927,1.0423,1.0919,false
CHR-BRO-0280,Prefect Zhao of Ancient Egypt,bronze_and_iron_age,Vedic Kingdoms,South Asia,-2246,-2232,Political,catalyst,EVT-BRO-0280,0.7515,0.6613,0.6791,0.6853,0.9362,0.698,0.8089,22,0.5063,0.7744,0.7014,1.1134,1.2195,1.1664,false
CHR-BRO-0281,Rhetorician Harsha of Vedic Kingdoms,bronze_and_iron_age,Shang Dynasty,East Asia,-820,-800,Cultural,catalyst,EVT-BRO-0281,0.7027,0.7552,0.5098,0.7144,0.8852,0.7145,0.7331,55,0.5,0.7149,0.7022,1.1137,1.2198,1.1667,false
CHR-BRO-0282,Hierophant Gao of Western Zhou Dynasty,bronze_and_iron_age,Minoan Civilization,Aegean / Crete,-1162,-1119,Religious,stabilizer,EVT-BRO-0282,0.8382,0.7559,0.7959,0.7529,0.5916,0.3229,0.6448,48,0.285,0.7608,0.5896,0.842,0.8728,0.7804,false
CHR-BRO-0283,Marshal Narmer of Minoan Civilization,bronze_and_iron_age,Assyrian Empire,Near East,-2002,-1967,Military,disruptor,EVT-BRO-0283,0.7285,0.5611,0.29,0.3329,0.8285,0.7156,0.7213,32,0.6913,0.7256,0.7105,1.2226,1.25,1.25,false
CHR-BRO-0284,Geometer Hathor of Phoenician City-States,bronze_and_iron_age,Mycenaean Greece,Aegean,-2575,-2557,Scientific,catalyst,EVT-BRO-0284,0.5048,0.8509,0.6585,0.7394,0.7386,0.7144,0.8343,53,0.4875,0.6366,0.6441,1.0954,1.1997,1.1476,false
CHR-BRO-0285,Astronomer Saladin of Kingdom of Kush (Kerma/Napata),bronze_and_iron_age,Indus Valley (Late),South Asia,-3054,-3032,Scientific,catalyst,EVT-BRO-0285,0.7869,0.7486,0.6575,0.6917,0.8551,0.5922,0.715,12,0.4502,0.7581,0.683,1.1077,1.2131,1.1604,false
CHR-BRO-0286,Master Sculptor Bradford of Vedic Kingdoms,bronze_and_iron_age,Phoenician City-States,Levant,-2687,-2664,Cultural,catalyst,EVT-BRO-0286,0.5548,0.7758,0.6328,0.7472,0.8279,0.4745,0.7835,56,0.3637,0.6463,0.6173,1.087,1.1905,1.1387,false
CHR-BRO-0287,Senator Talleyrand of Assyrian Empire,bronze_and_iron_age,Babylonia,Mesopotamia,-2517,-2505,Political,stabilizer,EVT-BRO-0287,0.707,0.5829,0.9024,0.6929,0.5969,0.2796,0.5044,114,0.2933,0.626,0.4964,0.8191,0.8491,0.7592,false
CHR-BRO-0288,Physician Labarna of Babylonia,bronze_and_iron_age,Minoan Civilization,Aegean / Crete,-1235,-1221,Scientific,disruptor,EVT-BRO-0288,0.6745,0.5583,0.3883,0.4406,0.836,0.7504,0.727,47,0.6549,0.6955,0.6885,1.215,1.25,1.25,false
CHR-BRO-0289,Pontiff Sumner of Minoan Civilization,bronze_and_iron_age,Shang Dynasty,East Asia,-2467,-2435,Religious,catalyst,EVT-BRO-0289,0.7929,0.6929,0.6883,0.5775,0.948,0.5277,0.9291,30,0.4751,0.8474,0.7152,1.1178,1.2242,1.171,false
CHR-BRO-0290,Guild Master Franklin of Sumer & Akkad,bronze_and_iron_age,Assyrian Empire,Near East,-1491,-1465,Economic,architect,EVT-BRO-0290,0.7866,0.7512,0.8637,0.7927,0.7651,0.4019,0.6437,40,0.3046,0.7294,0.6049,0.8458,0.8768,0.7839,false
CHR-BRO-0291,Master Sculptor Li of Western Zhou Dynasty,bronze_and_iron_age,Kingdom of Kush (Kerma/Napata),Nubia,-1661,-1641,Cultural,stabilizer,EVT-BRO-0291,0.7518,0.7123,0.8062,0.8323,0.4761,0.3264,0.6176,40,0.247,0.6981,0.5356,0.8288,0.8591,0.7681,false
CHR-BRO-0292,Mint Overseer Rajaraja of Kingdom of Kush (Kerma/Napata),bronze_and_iron_age,Shang Dynasty,East Asia,-1123,-1078,Economic,disruptor,EVT-BRO-0292,0.9479,0.7782,0.2813,0.3988,0.7367,0.8216,0.9598,42,0.7114,0.9527,0.8333,1.25,1.25,1.25,true
CHR-BRO-0293,Merchant Prince Hathor of Ancient Egypt,bronze_and_iron_age,Minoan Civilization,Aegean / Crete,-2389,-2355,Economic,architect,EVT-BRO-0293,0.8163,0.6892,0.7084,0.8786,0.5167,0.2858,0.7565,147,0.2036,0.7924,0.5765,0.8388,0.8695,0.7774,false
CHR-BRO-0294,Centurion Colbert of Kingdom of Kush (Kerma/Napata),bronze_and_iron_age,Mycenaean Greece,Aegean,-1332,-1317,Military,architect,EVT-BRO-0294,0.7039,0.7837,0.7802,0.7379,0.6237,0.285,0.7214,34,0.2736,0.7109,0.5731,0.838,0.8686,0.7767,false
CHR-BRO-0295,Governor Franklin of Minoan Civilization,bronze_and_iron_age,Vedic Kingdoms,South Asia,-1335,-1330,Political,stabilizer,EVT-BRO-0295,0.6924,0.6501,0.7677,0.8235,0.6548,0.1529,0.6221,139,0.1647,0.6643,0.5171,0.8242,0.8544,0.7639,false
CHR-BRO-0296,Astronomer Tariq of Indus Valley (Late),bronze_and_iron_age,Minoan Civilization,Aegean / Crete,-2284,-2246,Scientific,disruptor,EVT-BRO-0296,0.678,0.6274,0.4404,0.5568,0.9392,0.9031,0.9259,8,0.6732,0.7772,0.757,1.2387,1.25,1.25,true
CHR-BRO-0297,Senator Friedrich of Phoenician City-States,bronze_and_iron_age,Indus Valley (Late),South Asia,-1003,-981,Political,wildcard,EVT-BRO-0297,0.4879,0.671,0.4909,0.5178,0.3119,0.3977,0.7466,30,0.4399,0.5914,0.5161,1.0048,1.0551,1.1053,false
CHR-BRO-0298,Admiral Mentuhotep of Vedic Kingdoms,bronze_and_iron_age,Ancient Egypt,North Africa / Nile,-823,-816,Military,disruptor,EVT-BRO-0298,0.8597,0.7361,0.2501,0.4883,0.8615,0.7315,0.7737,25,0.6216,0.8253,0.7809,1.2469,1.25,1.25,true
CHR-BRO-0299,Cardinal Thutmose of Elamite Empire,bronze_and_iron_age,Hittite Empire,Anatolia,-2865,-2859,Religious,wildcard,EVT-BRO-0299,0.7061,0.504,0.6303,0.7401,0.6789,0.8455,0.5233,7,0.5527,0.633,0.6092,1.0328,1.0844,1.1361,false
CHR-BRO-0300,Warlord Ibn-Sina of Babylonia,bronze_and_iron_age,Mycenaean Greece,Aegean,-1902,-1887,Military,stabilizer,EVT-BRO-0300,0.5836,0.7648,0.8058,0.7518,0.5228,0.2983,0.4679,109,0.2733,0.5374,0.4858,0.8165,0.8464,0.7568,false
CHR-BRO-0301,Commander Necker of Mycenaean Greece,bronze_and_iron_age,Phoenician City-States,Levant,-2782,-2743,Military,catalyst,EVT-BRO-0301,0.5068,0.6979,0.5201,0.6329,0.9405,0.7288,0.7456,37,0.548,0.6023,0.66,1.1004,1.2052,1.1528,false
CHR-BRO-0302,Viceroy Eleanor of Western Zhou Dynasty,bronze_and_iron_age,Vedic Kingdoms,South Asia,-2578,-2550,Political,wildcard,EVT-BRO-0302,0.8359,0.7028,0.6734,0.2501,0.5266,0.3052,0.5883,17,0.5275,0.7369,0.5976,1.0293,1.0807,1.1322,false
CHR-BRO-0303,Imam Eleanor of Assyrian Empire,bronze_and_iron_age,Hittite Empire,Anatolia,-2438,-2407,Religious,catalyst,EVT-BRO-0303,0.5883,0.7972,0.7172,0.699,0.7458,0.5421,0.751,19,0.4215,0.6534,0.6158,1.0865,1.19,1.1382,false
CHR-BRO-0304,Physician Harun of Minoan Civilization,bronze_and_iron_age,Shang Dynasty,East Asia,-1161,-1154,Scientific,disruptor,EVT-BRO-0304,0.8555,0.6807,0.4333,0.5971,0.8794,0.723,0.73,40,0.563,0.8053,0.7427,1.2337,1.25,1.25,false
CHR-BRO-0305,Warlord Harsha of Ancient Egypt,bronze_and_iron_age,Babylonia,Mesopotamia,-2482,-2467,Military,architect,EVT-BRO-0305,0.8738,0.6621,0.7894,0.841,0.5838,0.3578,0.808,145,0.2584,0.8475,0.6092,0.8469,0.8778,0.7849,false
CHR-BRO-0306,Philosopher Harun of Shang Dynasty,bronze_and_iron_age,Western Zhou Dynasty,East Asia,-1782,-1750,Cultural,stabilizer,EVT-BRO-0306,0.7363,0.5774,0.8932,0.8544,0.5008,0.1751,0.5697,125,0.1603,0.6696,0.4755,0.814,0.8437,0.7544,false
CHR-BRO-0307,Geometer Hamilton of Minoan Civilization,bronze_and_iron_age,Elamite Empire,Ancient Iran,-2525,-2508,Scientific,stabilizer,EVT-BRO-0307,0.7715,0.6836,0.8264,0.7587,0.5626,0.1234,0.4043,145,0.1824,0.6247,0.4884,0.8171,0.847,0.7574,false
CHR-BRO-0308,Treasurer Sherman of Western Zhou Dynasty,bronze_and_iron_age,Elamite Empire,Ancient Iran,-2963,-2949,Economic,wildcard,EVT-BRO-0308,0.8935,0.7601,0.497,0.369,0.2345,0.4116,0.596,52,0.5213,0.7745,0.6056,1.0317,1.0832,1.1348,false
CHR-BRO-0309,Commander Sumner of Mycenaean Greece,bronze_and_iron_age,Shang Dynasty,East Asia,-1144,-1128,Military,wildcard,EVT-BRO-0309,0.6629,0.512,0.7391,0.7746,0.4106,0.2399,0.8701,4,0.2327,0.7458,0.508,1.0024,1.0525,1.1026,false
CHR-BRO-0310,Legate Alexander of Phoenician City-States,bronze_and_iron_age,Indus Valley (Late),South Asia,-2192,-2167,Military,architect,EVT-BRO-0310,0.6775,0.7392,0.7539,0.873,0.5533,0.3356,0.7321,118,0.2313,0.6993,0.5544,0.8334,0.8639,0.7724,false
CHR-BRO-0311,Consul Zhang of Babylonia,bronze_and_iron_age,Sumer & Akkad,Mesopotamia,-2739,-2707,Political,disruptor,EVT-BRO-0311,0.7624,0.832,0.4647,0.5645,0.8266,0.8186,0.7755,13,0.6271,0.7677,0.7538,1.2376,1.25,1.25,true
CHR-BRO-0312,Physician Richelieu of Hittite Empire,bronze_and_iron_age,Indus Valley (Late),South Asia,-2778,-2772,Scientific,architect,EVT-BRO-0312,0.8251,0.7418,0.8995,0.904,0.6023,0.3264,0.7341,111,0.2112,0.7887,0.5818,0.8401,0.8709,0.7787,false
CHR-BRO-0313,Philosopher Rimush of Kingdom of Kush (Kerma/Napata),bronze_and_iron_age,Minoan Civilization,Aegean / Crete,-1527,-1492,Cultural,stabilizer,EVT-BRO-0313,0.6579,0.6203,0.8429,0.7125,0.5531,0.2682,0.4962,106,0.2778,0.5933,0.4852,0.8164,0.8462,0.7566,false
CHR-BRO-0314,Archon Saladin of Minoan Civilization,bronze_and_iron_age,Shang Dynasty,East Asia,-2422,-2401,Political,wildcard,EVT-BRO-0314,0.8651,0.7143,0.272,0.4787,0.3019,0.6629,0.6974,28,0.5921,0.798,0.6716,1.0515,1.1041,1.1566,false
CHR-BRO-0315,Poet Laureate Chen of Elamite Empire,bronze_and_iron_age,Indus Valley (Late),South Asia,-2122,-2088,Cultural,catalyst,EVT-BRO-0315,0.6094,0.8419,0.5754,0.7248,0.7855,0.6141,0.8644,25,0.4447,0.7114,0.6745,1.105,1.2102,1.1576,false
CHR-BRO-0316,Treasurer Justinian of Assyrian Empire,bronze_and_iron_age,Shang Dynasty,East Asia,-2362,-2317,Economic,catalyst,EVT-BRO-0316,0.7652,0.8013,0.5389,0.6191,0.9435,0.5811,0.8316,21,0.481,0.7918,0.7301,1.1225,1.2294,1.1759,false
CHR-BRO-0317,Philosopher Suppiluliuma of Western Zhou Dynasty,bronze_and_iron_age,Minoan Civilization,Aegean / Crete,-1243,-1211,Cultural,wildcard,EVT-BRO-0317,0.6721,0.4208,0.3602,0.3791,0.3264,0.7765,0.7082,11,0.6987,0.6866,0.5978,1.0294,1.0808,1.1323,false
CHR-BRO-0318,Marshal Hammurabi of Elamite Empire,bronze_and_iron_age,Phoenician City-States,Levant,-2800,-2793,Military,wildcard,EVT-BRO-0318,0.8017,0.807,0.3441,0.4858,0.2291,0.4721,0.715,46,0.4932,0.767,0.6252,1.0376,1.0894,1.1413,false
CHR-BRO-0319,Imam Adams of Indus Valley (Late),bronze_and_iron_age,Hittite Empire,Anatolia,-1432,-1402,Religious,disruptor,EVT-BRO-0319,0.7381,0.8478,0.2011,0.5267,0.7101,0.8144,0.8285,21,0.6439,0.7742,0.7682,1.2425,1.25,1.25,true
CHR-BRO-0320,Governor Samudra of Mycenaean Greece,bronze_and_iron_age,Minoan Civilization,Aegean / Crete,-2901,-2863,Political,architect,EVT-BRO-0320,0.8908,0.6609,0.6875,0.7386,0.623,0.3818,0.7876,120,0.3216,0.8495,0.635,0.8532,0.8844,0.7908,false
CHR-BRO-0321,Cardinal Li of Sumer & Akkad,bronze_and_iron_age,Mycenaean Greece,Aegean,-1907,-1885,Religious,wildcard,EVT-BRO-0321,0.8846,0.4515,0.5872,0.6479,0.5576,0.7232,0.6293,67,0.5376,0.7825,0.6343,1.0403,1.0923,1.1443,false
CHR-BRO-0322,Cardinal Baldwin of Assyrian Empire,bronze_and_iron_age,Vedic Kingdoms,South Asia,-3082,-3064,Religious,architect,EVT-BRO-0322,0.8418,0.7159,0.8739,0.8587,0.513,0.385,0.6289,109,0.2632,0.7567,0.5665,0.8364,0.867,0.7752,false
CHR-BRO-0323,Legate Chen of Shang Dynasty,bronze_and_iron_age,Sumer & Akkad,Mesopotamia,-853,-813,Military,wildcard,EVT-BRO-0323,0.8618,0.4602,0.4982,0.6815,0.381,0.7545,0.8285,11,0.5365,0.8485,0.6452,1.0436,1.0957,1.1479,false
CHR-BRO-0324,Marshal Hammurabi of Ancient Egypt,bronze_and_iron_age,Assyrian Empire,Near East,-2723,-2696,Military,architect,EVT-BRO-0324,0.7722,0.8696,0.6845,0.827,0.664,0.3922,0.7697,46,0.2826,0.7712,0.6376,0.8538,0.8851,0.7914,false
CHR-BRO-0325,Imam Chandra of Assyrian Empire,bronze_and_iron_age,Elamite Empire,Ancient Iran,-2275,-2247,Religious,disruptor,EVT-BRO-0325,0.7717,0.5046,0.301,0.3459,0.8523,0.8313,0.9169,32,0.7427,0.8298,0.7613,1.2401,1.25,1.25,true
CHR-BRO-0326,Consul Theodosius of Babylonia,bronze_and_iron_age,Hittite Empire,Anatolia,-2455,-2437,Political,disruptor,EVT-BRO-0326,0.9118,0.7935,0.2996,0.435,0.8511,0.9145,0.8027,29,0.7397,0.8682,0.8305,1.25,1.25,1.25,true
CHR-BRO-0327,Hierophant Samsi-Adad of Assyrian Empire,bronze_and_iron_age,Hittite Empire,Anatolia,-2286,-2277,Religious,wildcard,EVT-BRO-0327,0.6406,0.3817,0.3874,0.7999,0.6899,0.66,0.6379,40,0.43,0.6395,0.5868,1.0261,1.0774,1.1287,false
CHR-BRO-0328,Alchemist Leonidas of Western Zhou Dynasty,bronze_and_iron_age,Shang Dynasty,East Asia,-1871,-1848,Scientific,architect,EVT-BRO-0328,0.7512,0.7489,0.7493,0.8716,0.6339,0.414,0.7492,71,0.2712,0.7504,0.6012,0.8449,0.8758,0.7831,false
CHR-BRO-0329,Alchemist Mirabeau of Ancient Egypt,bronze_and_iron_age,Vedic Kingdoms,South Asia,-2819,-2778,Scientific,catalyst,EVT-BRO-0329,0.5911,0.7498,0.7451,0.5803,0.8929,0.6914,0.9165,27,0.5556,0.7213,0.6818,1.1073,1.2127,1.16,false
CHR-BRO-0330,Scribe Wu of Sumer & Akkad,bronze_and_iron_age,Phoenician City-States,Levant,-1816,-1791,Cultural,stabilizer,EVT-BRO-0330,0.8051,0.5621,0.7855,0.8467,0.5528,0.1953,0.6239,100,0.1743,0.7326,0.5205,0.825,0.8552,0.7647,false
CHR-BRO-0331,Master Sculptor Hammurabi of Phoenician City-States,bronze_and_iron_age,Mycenaean Greece,Aegean,-2486,-2469,Cultural,catalyst,EVT-BRO-0331,0.778,0.7704,0.734,0.5916,0.8283,0.6974,0.7319,53,0.5529,0.7596,0.6957,1.1117,1.2175,1.1646,false
CHR-BRO-0332,Customs Director Aurelius of Kingdom of Kush (Kerma/Napata),bronze_and_iron_age,Elamite Empire,Ancient Iran,-2100,-2095,Economic,catalyst,EVT-BRO-0332,0.7474,0.8957,0.5182,0.6208,0.8199,0.6654,0.7695,55,0.5223,0.7562,0.7266,1.1214,1.2282,1.1748,false
CHR-BRO-0333,Poet Laureate Theodosius of Kingdom of Kush (Kerma/Napata),bronze_and_iron_age,Ancient Egypt,North Africa / Nile,-1151,-1125,Cultural,architect,EVT-BRO-0333,0.8602,0.6899,0.868,0.9185,0.67,0.3863,0.5916,81,0.2339,0.7528,0.583,0.8404,0.8712,0.7789,false
CHR-BRO-0334,Archon Chandra of Phoenician City-States,bronze_and_iron_age,Shang Dynasty,East Asia,-1495,-1473,Political,wildcard,EVT-BRO-0334,0.5391,0.4269,0.6153,0.5589,0.4656,0.7437,0.8601,54,0.5924,0.6675,0.5697,1.0209,1.072,1.123,false
CHR-BRO-0335,Centurion Harun of Assyrian Empire,bronze_and_iron_age,Hittite Empire,Anatolia,-2211,-2180,Military,catalyst,EVT-BRO-0335,0.5442,0.7959,0.7442,0.678,0.8775,0.664,0.917,37,0.493,0.6933,0.6659,1.1023,1.2072,1.1547,false
CHR-BRO-0336,Archon Tariq of Kingdom of Kush (Kerma/Napata),bronze_and_iron_age,Kingdom of Kush (Kerma/Napata),Nubia,-2311,-2306,Political,catalyst,EVT-BRO-0336,0.5036,0.7398,0.545,0.7652,0.725,0.7679,0.7857,58,0.5013,0.6164,0.6359,1.0928,1.1969,1.1448,false
CHR-BRO-0337,Senator Qian of Babylonia,bronze_and_iron_age,Mycenaean Greece,Aegean,-1172,-1138,Political,architect,EVT-BRO-0337,0.8252,0.6461,0.7461,0.9198,0.5157,0.3866,0.6245,81,0.2334,0.7449,0.5616,0.8352,0.8657,0.7741,false
CHR-BRO-0338,Master Sculptor Samsi-Adad of Kingdom of Kush (Kerma/Napata),bronze_and_iron_age,Kingdom of Kush (Kerma/Napata),Nubia,-1249,-1204,Cultural,architect,EVT-BRO-0338,0.7077,0.7442,0.8844,0.8693,0.7211,0.3,0.609,179,0.2154,0.6682,0.5512,0.8326,0.863,0.7717,false
CHR-BRO-0339,Minister Tariq of Western Zhou Dynasty,bronze_and_iron_age,Kingdom of Kush (Kerma/Napata),Nubia,-1646,-1616,Political,architect,EVT-BRO-0339,0.8096,0.8156,0.7887,0.8297,0.7522,0.3167,0.5809,72,0.2435,0.7181,0.6019,0.8451,0.876,0.7832,false
CHR-BRO-0340,Mint Overseer Ashoka of Elamite Empire,bronze_and_iron_age,Kingdom of Kush (Kerma/Napata),Nubia,-832,-809,Economic,stabilizer,EVT-BRO-0340,0.7701,0.6213,0.8065,0.8313,0.4642,0.3203,0.4217,189,0.2445,0.6307,0.4944,0.8186,0.8486,0.7587,false
CHR-BRO-0341,High Priest Vikram of Kingdom of Kush (Kerma/Napata),bronze_and_iron_age,Assyrian Empire,Near East,-1639,-1630,Religious,catalyst,EVT-BRO-0341,0.7633,0.771,0.733,0.7196,0.7724,0.7587,0.7524,20,0.5196,0.7589,0.6897,1.1098,1.2155,1.1626,false
CHR-BRO-0342,Rhetorician Godfrey of Babylonia,bronze_and_iron_age,Minoan Civilization,Aegean / Crete,-2548,-2528,Cultural,stabilizer,EVT-BRO-0342,0.8174,0.7356,0.7625,0.7726,0.6991,0.2046,0.5282,135,0.216,0.7018,0.5646,0.8359,0.8665,0.7747,false
CHR-BRO-0343,Centurion Constantine of Sumer & Akkad,bronze_and_iron_age,Shang Dynasty,East Asia,-2691,-2651,Military,catalyst,EVT-BRO-0343,0.7495,0.868,0.6703,0.7781,0.9209,0.6966,0.7814,20,0.4592,0.7622,0.7215,1.1198,1.2264,1.1731,false
CHR-BRO-0344,Dramatist Baldwin of Sumer & Akkad,bronze_and_iron_age,Babylonia,Mesopotamia,-2276,-2247,Cultural,wildcard,EVT-BRO-0344,0.7576,0.6013,0.4596,0.703,0.5953,0.7659,0.8194,62,0.5314,0.7823,0.6756,1.0527,1.1053,1.1579,false
CHR-BRO-0345,Polymath Gao of Phoenician City-States,bronze_and_iron_age,Elamite Empire,Ancient Iran,-3021,-2997,Scientific,stabilizer,EVT-BRO-0345,0.7086,0.7925,0.8642,0.6897,0.5756,0.2471,0.4508,217,0.2787,0.6055,0.5161,0.824,0.8541,0.7637,false
CHR-BRO-0346,Commander Vikram of Mycenaean Greece,bronze_and_iron_age,Minoan Civilization,Aegean / Crete,-1720,-1678,Military,stabilizer,EVT-BRO-0346,0.7865,0.7241,0.7755,0.8894,0.6303,0.1473,0.5822,218,0.1289,0.7048,0.5372,0.8291,0.8595,0.7685,false
CHR-BRO-0347,Dramatist Narmer of Kingdom of Kush (Kerma/Napata),bronze_and_iron_age,Vedic Kingdoms,South Asia,-2101,-2081,Cultural,architect,EVT-BRO-0347,0.7864,0.7611,0.7237,0.8595,0.6701,0.3879,0.6588,74,0.2642,0.7354,0.6029,0.8453,0.8762,0.7835,false
CHR-BRO-0348,Strategos Necker of Western Zhou Dynasty,bronze_and_iron_age,Hittite Empire,Anatolia,-1544,-1501,Military,disruptor,EVT-BRO-0348,0.6557,0.8397,0.5184,0.621,0.9481,0.8181,0.7869,7,0.5986,0.7082,0.74,1.2328,1.25,1.25,false
CHR-BRO-0349,Legate Tariq of Elamite Empire,bronze_and_iron_age,Kingdom of Kush (Kerma/Napata),Nubia,-2934,-2893,Military,disruptor,EVT-BRO-0349,0.6129,0.7722,0.3789,0.3222,0.8274,0.7898,0.8676,42,0.7338,0.7148,0.7378,1.232,1.25,1.25,false
CHR-BRO-0350,Geometer Labarna of Indus Valley (Late),bronze_and_iron_age,Western Zhou Dynasty,East Asia,-1379,-1364,Scientific,wildcard,EVT-BRO-0350,0.7043,0.5937,0.1744,0.2069,0.7893,0.4636,0.4299,12,0.6284,0.5946,0.6398,1.0419,1.094,1.1461,false
CHR-BRO-0351,Hierophant Ibn-Sina of Minoan Civilization,bronze_and_iron_age,Assyrian Empire,Near East,-2920,-2903,Religious,catalyst,EVT-BRO-0351,0.7623,0.7167,0.6402,0.5502,0.8023,0.6305,0.7916,24,0.5402,0.774,0.6902,1.1099,1.2156,1.1628,false
CHR-BRO-0352,Governor Zhang of Hittite Empire,bronze_and_iron_age,Sumer & Akkad,Mesopotamia,-2105,-2090,Political,catalyst,EVT-BRO-0352,0.6282,0.8996,0.5668,0.7071,0.8987,0.7262,0.7684,29,0.5095,0.6842,0.7089,1.1158,1.2221,1.169,false
CHR-BRO-0353,Geometer Thutmose of Kingdom of Kush (Kerma/Napata),bronze_and_iron_age,Babylonia,Mesopotamia,-2991,-2957,Scientific,architect,EVT-BRO-0353,0.6988,0.6474,0.6856,0.9116,0.5363,0.3313,0.6094,131,0.2099,0.663,0.5292,0.8272,0.8575,0.7667,false
CHR-BRO-0354,Hierophant Sargon of Kingdom of Kush (Kerma/Napata),bronze_and_iron_age,Ancient Egypt,North Africa / Nile,-1282,-1266,Religious,wildcard,EVT-BRO-0354,0.6003,0.5878,0.596,0.4999,0.6842,0.4001,0.4988,27,0.4501,0.5597,0.5411,1.0123,1.063,1.1136,false
CHR-BRO-0355,Patriarch Sun of Assyrian Empire,bronze_and_iron_age,Babylonia,Mesopotamia,-3047,-3037,Religious,architect,EVT-BRO-0355,0.6567,0.6687,0.6883,0.762,0.6763,0.1815,0.7121,133,0.2098,0.6788,0.543,0.8306,0.861,0.7698,false
CHR-BRO-0356,Geometer Eleanor of Minoan Civilization,bronze_and_iron_age,Vedic Kingdoms,South Asia,-2289,-2262,Scientific,catalyst,EVT-BRO-0356,0.517,0.8794,0.6027,0.5905,0.8993,0.6921,0.9388,15,0.5508,0.6857,0.7009,1.1133,1.2193,1.1663,false
CHR-BRO-0357,Guild Master Marshall of Ancient Egypt,bronze_and_iron_age,Ancient Egypt,North Africa / Nile,-1949,-1925,Economic,architect,EVT-BRO-0357,0.8754,0.7938,0.829,0.8092,0.6378,0.1865,0.8054,60,0.1887,0.8474,0.609,0.8468,0.8778,0.7849,false
CHR-BRO-0358,Pontiff Solon of Mycenaean Greece,bronze_and_iron_age,Phoenician City-States,Levant,-2900,-2890,Religious,stabilizer,EVT-BRO-0358,0.6826,0.6178,0.8948,0.8045,0.6196,0.1423,0.6316,232,0.1689,0.6622,0.4926,0.8182,0.8481,0.7583,false
CHR-BRO-0359,Poet Laureate Averroes of Minoan Civilization,bronze_and_iron_age,Vedic Kingdoms,South Asia,-2096,-2069,Cultural,stabilizer,EVT-BRO-0359,0.7615,0.6106,0.8643,0.7415,0.4944,0.2472,0.5775,163,0.2528,0.6879,0.5063,0.8216,0.8516,0.7614,false
CHR-BRO-0360,Philosopher Heinrich of Minoan Civilization,bronze_and_iron_age,Shang Dynasty,East Asia,-2138,-2131,Cultural,disruptor,EVT-BRO-0360,0.9435,0.6684,0.3322,0.5394,0.7168,0.8432,0.9112,38,0.6519,0.9306,0.7966,1.25,1.25,1.25,true
CHR-BRO-0361,Archon Naram-Sin of Assyrian Empire,bronze_and_iron_age,Vedic Kingdoms,South Asia,-2564,-2559,Political,disruptor,EVT-BRO-0361,0.6616,0.5506,0.3238,0.4676,0.9442,0.7387,0.9584,31,0.6356,0.7804,0.7384,1.2323,1.25,1.25,false
CHR-BRO-0362,General Suppiluliuma of Ancient Egypt,bronze_and_iron_age,Vedic Kingdoms,South Asia,-2561,-2548,Military,stabilizer,EVT-BRO-0362,0.5897,0.7338,0.9135,0.814,0.55,0.1587,0.669,168,0.1724,0.6214,0.4821,0.8156,0.8454,0.7559,false
CHR-BRO-0363,Senator Rajaraja of Sumer & Akkad,bronze_and_iron_age,Shang Dynasty,East Asia,-1394,-1370,Political,architect,EVT-BRO-0363,0.8023,0.6454,0.8971,0.9102,0.5019,0.3747,0.6331,65,0.2322,0.7346,0.5386,0.8295,0.8598,0.7688,false
CHR-BRO-0364,Arch-Engineer Samudra of Phoenician City-States,bronze_and_iron_age,Sumer & Akkad,Mesopotamia,-1122,-1104,Scientific,disruptor,EVT-BRO-0364,0.7049,0.7817,0.3318,0.5427,0.9394,0.7317,0.7987,13,0.5945,0.7424,0.7536,1.2375,1.25,1.25,true
CHR-BRO-0365,Merchant Prince Hammurabi of Phoenician City-States,bronze_and_iron_age,Ancient Egypt,North Africa / Nile,-2450,-2429,Economic,stabilizer,EVT-BRO-0365,0.7504,0.6936,0.7807,0.8783,0.5035,0.1346,0.6275,62,0.1282,0.7012,0.5095,0.8223,0.8524,0.7622,false
CHR-BRO-0366,Chancellor Gao of Mycenaean Greece,bronze_and_iron_age,Assyrian Empire,Near East,-2879,-2870,Political,stabilizer,EVT-BRO-0366,0.609,0.7943,0.925,0.7414,0.6628,0.1942,0.6412,102,0.2264,0.6219,0.5166,0.8241,0.8542,0.7638,false
CHR-BRO-0367,Prefect Colbert of Indus Valley (Late),bronze_and_iron_age,Assyrian Empire,Near East,-1700,-1690,Political,wildcard,EVT-BRO-0367,0.7757,0.4383,0.6161,0.5133,0.4418,0.3765,0.7485,10,0.4316,0.7648,0.5574,1.0172,1.0681,1.1189,false
CHR-BRO-0368,Centurion Mentuhotep of Assyrian Empire,bronze_and_iron_age,Babylonia,Mesopotamia,-2713,-2705,Military,stabilizer,EVT-BRO-0368,0.6804,0.5639,0.7341,0.8955,0.4545,0.224,0.5334,117,0.1642,0.6216,0.4683,0.8122,0.8419,0.7528,false
CHR-BRO-0369,Imam Kheti of Indus Valley (Late),bronze_and_iron_age,Vedic Kingdoms,South Asia,-936,-892,Religious,architect,EVT-BRO-0369,0.8867,0.6782,0.8376,0.7431,0.5233,0.252,0.5779,91,0.2544,0.7632,0.5555,0.8336,0.8641,0.7726,false
CHR-BRO-0370,Cardinal Narmer of Kingdom of Kush (Kerma/Napata),bronze_and_iron_age,Assyrian Empire,Near East,-1324,-1289,Religious,disruptor,EVT-BRO-0370,0.8045,0.6253,0.2437,0.4767,0.7562,0.818,0.73,12,0.6706,0.7747,0.7423,1.2336,1.25,1.25,false
CHR-BRO-0371,Chamberlain Seneb of Kingdom of Kush (Kerma/Napata),bronze_and_iron_age,Ancient Egypt,North Africa / Nile,-912,-867,Economic,stabilizer,EVT-BRO-0371,0.7249,0.7272,0.7251,0.7771,0.6445,0.2175,0.4355,206,0.2202,0.6092,0.5236,0.8258,0.856,0.7654,false
CHR-BRO-0372,Dramatist Talleyrand of Minoan Civilization,bronze_and_iron_age,Phoenician City-States,Levant,-2952,-2932,Cultural,wildcard,EVT-BRO-0372,0.8064,0.7094,0.258,0.5624,0.2429,0.367,0.5896,51,0.4023,0.7197,0.584,1.0252,1.0765,1.1277,false
CHR-BRO-0373,Pontiff Franklin of Sumer & Akkad,bronze_and_iron_age,Sumer & Akkad,Mesopotamia,-1349,-1334,Religious,disruptor,EVT-BRO-0373,0.8938,0.7825,0.3057,0.6228,0.8786,0.6778,0.9159,21,0.5275,0.9027,0.8,1.25,1.25,1.25,true
CHR-BRO-0374,Polymath Mursili of Western Zhou Dynasty,bronze_and_iron_age,Babylonia,Mesopotamia,-1655,-1641,Scientific,architect,EVT-BRO-0374,0.8404,0.7366,0.8842,0.7762,0.7698,0.2157,0.6213,107,0.2197,0.7528,0.5844,0.8408,0.8715,0.7792,false
CHR-BRO-0375,Rhetorician Necker of Indus Valley (Late),bronze_and_iron_age,Sumer & Akkad,Mesopotamia,-930,-897,Cultural,stabilizer,EVT-BRO-0375,0.7073,0.658,0.934,0.7735,0.6949,0.1972,0.4483,132,0.2119,0.6037,0.4945,0.8186,0.8486,0.7587,false
CHR-BRO-0376,Mint Overseer Tiglath of Kingdom of Kush (Kerma/Napata),bronze_and_iron_age,Elamite Empire,Ancient Iran,-1883,-1862,Economic,wildcard,EVT-BRO-0376,0.6432,0.6151,0.6413,0.6933,0.3095,0.3052,0.6124,44,0.3059,0.6308,0.4883,0.9965,1.0463,1.0962,false
CHR-BRO-0377,Arch-Engineer Richelieu of Mycenaean Greece,bronze_and_iron_age,Mycenaean Greece,Aegean,-1875,-1866,Scientific,architect,EVT-BRO-0377,0.8381,0.8677,0.8978,0.8988,0.6366,0.4448,0.5908,26,0.273,0.7392,0.6058,0.846,0.877,0.7841,false
CHR-BRO-0378,Abbess Thutmose of Hittite Empire,bronze_and_iron_age,Hittite Empire,Anatolia,-2483,-2440,Religious,disruptor,EVT-BRO-0378,0.9359,0.5795,0.5173,0.4165,0.8899,0.8119,0.8501,12,0.6977,0.9016,0.7811,1.247,1.25,1.25,true
CHR-BRO-0379,Guild Master Samudra of Babylonia,bronze_and_iron_age,Phoenician City-States,Levant,-3082,-3069,Economic,stabilizer,EVT-BRO-0379,0.6765,0.6171,0.7471,0.7756,0.6955,0.2631,0.5846,83,0.2438,0.6397,0.5297,0.8273,0.8576,0.7668,false
CHR-BRO-0380,Admiral Rajaraja of Shang Dynasty,bronze_and_iron_age,Assyrian Empire,Near East,-1263,-1228,Military,disruptor,EVT-BRO-0380,0.7774,0.6662,0.2929,0.3724,0.8608,0.8939,0.7801,44,0.7608,0.7784,0.7766,1.2454,1.25,1.25,true
CHR-BRO-0381,Centurion Dara of Phoenician City-States,bronze_and_iron_age,Shang Dynasty,East Asia,-2413,-2385,Military,catalyst,EVT-BRO-0381,0.7798,0.8588,0.6953,0.6052,0.7276,0.6668,0.834,48,0.5308,0.8015,0.7082,1.1156,1.2218,1.1687,false
CHR-BRO-0382,Consul Saladin of Kingdom of Kush (Kerma/Napata),bronze_and_iron_age,Mycenaean Greece,Aegean,-1852,-1825,Political,disruptor,EVT-BRO-0382,0.6305,0.7401,0.2836,0.6378,0.8387,0.8102,0.753,45,0.5862,0.6795,0.7187,1.2254,1.25,1.25,false
CHR-BRO-0383,Alchemist Sumner of Vedic Kingdoms,bronze_and_iron_age,Minoan Civilization,Aegean / Crete,-1267,-1233,Scientific,disruptor,EVT-BRO-0383,0.6861,0.6369,0.2707,0.5453,0.7099,0.6791,0.879,31,0.5669,0.7633,0.7029,1.22,1.25,1.25,false
CHR-BRO-0384,Chancellor Naram-Sin of Hittite Empire,bronze_and_iron_age,Babylonia,Mesopotamia,-2276,-2268,Political,catalyst,EVT-BRO-0384,0.5763,0.8628,0.4962,0.6393,0.7332,0.786,0.8785,44,0.5734,0.6972,0.7016,1.1135,1.2195,1.1665,false
CHR-BRO-0385,Syndic Song of Babylonia,bronze_and_iron_age,Babylonia,Mesopotamia,-2291,-2286,Economic,stabilizer,EVT-BRO-0385,0.5934,0.6894,0.7607,0.7383,0.5074,0.3377,0.6068,70,0.2997,0.5987,0.5066,0.8216,0.8517,0.7615,false
CHR-BRO-0386,Consul Hamilton of Minoan Civilization,bronze_and_iron_age,Western Zhou Dynasty,East Asia,-1805,-1763,Political,disruptor,EVT-BRO-0386,0.6268,0.5787,0.4948,0.4049,0.8356,0.6846,0.8552,48,0.6399,0.7181,0.6801,1.2121,1.25,1.25,false
CHR-BRO-0387,Admiral Tiglath of Assyrian Empire,bronze_and_iron_age,Shang Dynasty,East Asia,-2528,-2494,Military,stabilizer,EVT-BRO-0387,0.6987,0.6058,0.778,0.8187,0.6145,0.3095,0.5419,93,0.2454,0.636,0.5167,0.8241,0.8543,0.7638,false
CHR-BRO-0388,Centurion Chen of Minoan Civilization,bronze_and_iron_age,Western Zhou Dynasty,East Asia,-964,-939,Military,wildcard,EVT-BRO-0388,0.5477,0.8277,0.2815,0.5207,0.3486,0.7022,0.4213,14,0.5908,0.4972,0.5777,1.0233,1.0745,1.1256,false
CHR-BRO-0389,Vizier Sherman of Elamite Empire,bronze_and_iron_age,Shang Dynasty,East Asia,-2553,-2508,Political,architect,EVT-BRO-0389,0.6903,0.8397,0.8371,0.8242,0.5582,0.2208,0.7231,43,0.1983,0.7034,0.5489,0.832,0.8625,0.7712,false
CHR-BRO-0390,Syndic Gao of Assyrian Empire,bronze_and_iron_age,Phoenician City-States,Levant,-1526,-1515,Economic,disruptor,EVT-BRO-0390,0.6586,0.659,0.3301,0.4271,0.741,0.8106,0.8597,39,0.6918,0.739,0.7208,1.2262,1.25,1.25,false
CHR-BRO-0391,Pontiff Bradford of Mycenaean Greece,bronze_and_iron_age,Shang Dynasty,East Asia,-1907,-1867,Religious,stabilizer,EVT-BRO-0391,0.7122,0.6594,0.8295,0.898,0.5979,0.1466,0.615,92,0.1243,0.6733,0.503,0.8207,0.8508,0.7607,false
CHR-BRO-0392,Poet Laureate Seneb of Hittite Empire,bronze_and_iron_age,Phoenician City-States,Levant,-1942,-1929,Cultural,wildcard,EVT-BRO-0392,0.6711,0.706,0.4774,0.7235,0.3457,0.6228,0.6674,66,0.4496,0.6696,0.5851,1.0255,1.0768,1.1281,false
CHR-BRO-0393,Vizier Telepinu of Sumer & Akkad,bronze_and_iron_age,Sumer & Akkad,Mesopotamia,-1382,-1366,Political,architect,EVT-BRO-0393,0.7445,0.7306,0.7411,0.9146,0.5974,0.3612,0.676,135,0.2233,0.7171,0.5711,0.8375,0.8681,0.7762,false
CHR-BRO-0394,Poet Laureate Marshall of Phoenician City-States,bronze_and_iron_age,Phoenician City-States,Levant,-1915,-1882,Cultural,catalyst,EVT-BRO-0394,0.7716,0.7133,0.5705,0.6798,0.7459,0.5532,0.7497,59,0.4367,0.7628,0.6662,1.1023,1.2073,1.1548,false
CHR-BRO-0395,Pontiff Averroes of Western Zhou Dynasty,bronze_and_iron_age,Ancient Egypt,North Africa / Nile,-3019,-3011,Religious,disruptor,EVT-BRO-0395,0.6692,0.8349,0.3346,0.5592,0.9113,0.8109,0.785,40,0.6259,0.7155,0.7572,1.2387,1.25,1.25,true
CHR-BRO-0396,Patriarch Wilhelm of Kingdom of Kush (Kerma/Napata),bronze_and_iron_age,Elamite Empire,Ancient Iran,-2395,-2361,Religious,wildcard,EVT-BRO-0396,0.4465,0.3717,0.4158,0.7559,0.4348,0.3219,0.829,55,0.283,0.5995,0.4759,0.9928,1.0424,1.092,false
CHR-BRO-0397,Patriarch Song of Hittite Empire,bronze_and_iron_age,Mycenaean Greece,Aegean,-965,-960,Religious,wildcard,EVT-BRO-0397,0.4393,0.5687,0.7481,0.5512,0.3813,0.2869,0.7328,24,0.3678,0.5567,0.4529,0.9859,1.0352,1.0845,false
CHR-BRO-0398,Poet Laureate Khaldun of Shang Dynasty,bronze_and_iron_age,Minoan Civilization,Aegean / Crete,-1014,-1004,Cultural,catalyst,EVT-BRO-0398,0.7752,0.8325,0.7024,0.694,0.7959,0.5006,0.8681,34,0.4033,0.8123,0.6884,1.1094,1.215,1.1622,false
CHR-BRO-0399,Cardinal Samudra of Babylonia,bronze_and_iron_age,Vedic Kingdoms,South Asia,-2048,-2018,Religious,wildcard,EVT-BRO-0399,0.708,0.8268,0.6176,0.2268,0.6379,0.7794,0.4453,27,0.7763,0.6029,0.6573,1.0472,1.0996,1.1519,false
CHR-BRO-0400,Merchant Prince Labarna of Ancient Egypt,bronze_and_iron_age,Ancient Egypt,North Africa / Nile,-1223,-1186,Economic,architect,EVT-BRO-0400,0.7343,0.6518,0.7836,0.8036,0.5581,0.2813,0.7929,131,0.2389,0.7577,0.5577,0.8342,0.8647,0.7731,false
CHR-BRO-0401,Poet Laureate Thutmose of Kingdom of Kush (Kerma/Napata),bronze_and_iron_age,Shang Dynasty,East Asia,-2915,-2892,Cultural,stabilizer,EVT-BRO-0401,0.5832,0.5665,0.7738,0.8408,0.6703,0.2724,0.6626,130,0.2158,0.6149,0.5021,0.8205,0.8505,0.7605,false
CHR-BRO-0402,Merchant Prince Bradford of Ancient Egypt,bronze_and_iron_age,Babylonia,Mesopotamia,-866,-846,Economic,stabilizer,EVT-BRO-0402,0.6314,0.5847,0.9201,0.77,0.4523,0.1398,0.5609,120,0.1849,0.6032,0.438,0.8047,0.8342,0.75,false
CHR-BRO-0403,Commander Labarna of Vedic Kingdoms,bronze_and_iron_age,Indus Valley (Late),South Asia,-1465,-1423,Military,stabilizer,EVT-BRO-0403,0.5924,0.7628,0.8456,0.7707,0.5956,0.1816,0.5547,160,0.2054,0.5773,0.4892,0.8173,0.8472,0.7575,false
CHR-BRO-0404,Customs Director Sherman of Phoenician City-States,bronze_and_iron_age,Indus Valley (Late),South Asia,-1324,-1300,Economic,architect,EVT-BRO-0404,0.8697,0.7741,0.7765,0.8166,0.6624,0.2315,0.7654,26,0.2074,0.8279,0.614,0.848,0.8791,0.786,false
CHR-BRO-0405,Dramatist Sumner of Indus Valley (Late),bronze_and_iron_age,Mycenaean Greece,Aegean,-1418,-1404,Cultural,disruptor,EVT-BRO-0405,0.6267,0.8153,0.4054,0.6496,0.7712,0.7283,0.776,9,0.5394,0.6865,0.6973,1.2181,1.25,1.25,false
CHR-BRO-0406,General Bradford of Elamite Empire,bronze_and_iron_age,Shang Dynasty,East Asia,-2942,-2915,Military,stabilizer,EVT-BRO-0406,0.6013,0.6084,0.7292,0.6939,0.5981,0.205,0.5661,88,0.2555,0.5872,0.4894,0.8174,0.8473,0.7576,false
CHR-BRO-0407,Treasurer Harun of Hittite Empire,bronze_and_iron_age,Assyrian Empire,Near East,-885,-855,Economic,catalyst,EVT-BRO-0407,0.5126,0.737,0.4628,0.6741,0.7949,0.7843,0.7557,41,0.5551,0.6098,0.6589,1.1001,1.2048,1.1525,false
CHR-BRO-0408,Geometer Theodosius of Assyrian Empire,bronze_and_iron_age,Sumer & Akkad,Mesopotamia,-2742,-2697,Scientific,wildcard,EVT-BRO-0408,0.6309,0.3947,0.3937,0.4271,0.5553,0.1974,0.8698,23,0.3851,0.7265,0.5496,1.0149,1.0656,1.1164,false
CHR-BRO-0409,Legate Heinrich of Elamite Empire,bronze_and_iron_age,Indus Valley (Late),South Asia,-1515,-1505,Military,disruptor,EVT-BRO-0409,0.7572,0.7586,0.2198,0.3946,0.9173,0.7787,0.9007,16,0.6921,0.8146,0.8009,1.25,1.25,1.25,true
CHR-BRO-0410,Marshal Lafayette of Mycenaean Greece,bronze_and_iron_age,Kingdom of Kush (Kerma/Napata),Nubia,-1284,-1278,Military,disruptor,EVT-BRO-0410,0.6054,0.7871,0.495,0.6458,0.8929,0.7989,0.9044,33,0.5766,0.725,0.7271,1.2283,1.25,1.25,false
CHR-BRO-0411,Vizier Sargon of Sumer & Akkad,bronze_and_iron_age,Elamite Empire,Ancient Iran,-1635,-1601,Political,wildcard,EVT-BRO-0411,0.599,0.4948,0.5649,0.4332,0.7906,0.5179,0.877,39,0.5424,0.7102,0.6236,1.0371,1.0889,1.1408,false
CHR-BRO-0412,Alchemist Nizam of Shang Dynasty,bronze_and_iron_age,Kingdom of Kush (Kerma/Napata),Nubia,-2662,-2623,Scientific,disruptor,EVT-BRO-0412,0.7299,0.7006,0.4184,0.4984,0.8061,0.8397,0.9512,18,0.6706,0.8184,0.7604,1.2398,1.25,1.25,true
CHR-BRO-0413,Admiral Franklin of Shang Dynasty,bronze_and_iron_age,Kingdom of Kush (Kerma/Napata),Nubia,-821,-807,Military,architect,EVT-BRO-0413,0.8003,0.776,0.8178,0.8099,0.5741,0.4108,0.8055,72,0.3005,0.8024,0.6128,0.8477,0.8788,0.7857,false
CHR-BRO-0414,Physician Lafayette of Phoenician City-States,bronze_and_iron_age,Sumer & Akkad,Mesopotamia,-3078,-3055,Scientific,architect,EVT-BRO-0414,0.8494,0.6027,0.7866,0.8828,0.6371,0.2387,0.6479,103,0.178,0.7688,0.5585,0.8344,0.8649,0.7733,false
CHR-BRO-0415,Alchemist Lafayette of Minoan Civilization,bronze_and_iron_age,Hittite Empire,Anatolia,-2187,-2166,Scientific,disruptor,EVT-BRO-0415,0.6608,0.8242,0.2846,0.3764,0.8465,0.8876,0.9105,43,0.7556,0.7607,0.7882,1.2494,1.25,1.25,true
CHR-BRO-0416,Chamberlain Khaldun of Phoenician City-States,bronze_and_iron_age,Kingdom of Kush (Kerma/Napata),Nubia,-2269,-2232,Economic,wildcard,EVT-BRO-0416,0.8528,0.5041,0.6467,0.6744,0.7074,0.6822,0.7783,6,0.5039,0.823,0.6656,1.0497,1.1022,1.1547,false
CHR-BRO-0417,Legate Aurelius of Mycenaean Greece,bronze_and_iron_age,Kingdom of Kush (Kerma/Napata),Nubia,-950,-911,Military,stabilizer,EVT-BRO-0417,0.6005,0.767,0.8755,0.7144,0.5377,0.2298,0.5439,214,0.2577,0.5779,0.4886,0.8172,0.8471,0.7574,false
CHR-BRO-0418,Dramatist Averroes of Hittite Empire,bronze_and_iron_age,Phoenician City-States,Levant,-1222,-1189,Cultural,catalyst,EVT-BRO-0418,0.5761,0.6938,0.7244,0.6635,0.9359,0.6369,0.9133,60,0.4867,0.711,0.6654,1.1021,1.2071,1.1546,false
CHR-BRO-0419,Prefect Solon of Ancient Egypt,bronze_and_iron_age,Indus Valley (Late),South Asia,-2725,-2716,Political,disruptor,EVT-BRO-0419,0.8339,0.7292,0.4427,0.4351,0.9158,0.8954,0.7384,21,0.7301,0.7957,0.7843,1.2481,1.25,1.25,true
CHR-BRO-0420,Mint Overseer Hammurabi of Western Zhou Dynasty,bronze_and_iron_age,Assyrian Empire,Near East,-2176,-2135,Economic,architect,EVT-BRO-0420,0.8335,0.8185,0.8233,0.7337,0.6212,0.336,0.6733,158,0.3012,0.7694,0.6067,0.8463,0.8772,0.7843,false
CHR-BRO-0421,Marshal Godfrey of Assyrian Empire,bronze_and_iron_age,Kingdom of Kush (Kerma/Napata),Nubia,-2944,-2916,Military,wildcard,EVT-BRO-0421,0.8668,0.3521,0.7056,0.6699,0.3673,0.4897,0.6029,58,0.4099,0.7612,0.5344,1.0103,1.0609,1.1114,false
CHR-BRO-0422,Polymath Chen of Phoenician City-States,bronze_and_iron_age,Elamite Empire,Ancient Iran,-1760,-1718,Scientific,wildcard,EVT-BRO-0422,0.7763,0.7938,0.5379,0.2747,0.5646,0.6377,0.455,40,0.6815,0.6478,0.6442,1.0433,1.0954,1.1476,false
CHR-BRO-0423,General Kautilya of Kingdom of Kush (Kerma/Napata),bronze_and_iron_age,Babylonia,Mesopotamia,-2863,-2837,Military,disruptor,EVT-BRO-0423,0.7516,0.552,0.3346,0.5292,0.8236,0.9251,0.8106,48,0.6979,0.7752,0.7447,1.2344,1.25,1.25,false
CHR-BRO-0424,Dramatist Aurelius of Sumer & Akkad,bronze_and_iron_age,Assyrian Empire,Near East,-2427,-2409,Cultural,catalyst,EVT-BRO-0424,0.6784,0.8456,0.5138,0.7576,0.8231,0.6113,0.8084,25,0.4269,0.7304,0.6936,1.111,1.2168,1.1639,false
CHR-BRO-0425,Consul Khaldun of Sumer & Akkad,bronze_and_iron_age,Hittite Empire,Anatolia,-2702,-2690,Political,stabilizer,EVT-BRO-0425,0.6627,0.7589,0.7543,0.7278,0.5411,0.1928,0.6302,71,0.2325,0.6497,0.5223,0.8255,0.8557,0.7651,false
CHR-BRO-0426,Arch-Engineer Alexander of Mycenaean Greece,bronze_and_iron_age,Sumer & Akkad,Mesopotamia,-1020,-996,Scientific,stabilizer,EVT-BRO-0426,0.7885,0.5617,0.8002,0.7071,0.4623,0.1675,0.4107,192,0.2302,0.6374,0.4721,0.8131,0.8429,0.7536,false
CHR-BRO-0427,Strategos Hathor of Sumer & Akkad,bronze_and_iron_age,Mycenaean Greece,Aegean,-1645,-1615,Military,disruptor,EVT-BRO-0427,0.6947,0.6154,0.4394,0.6462,0.8213,0.8458,0.8453,47,0.5998,0.7549,0.7166,1.2247,1.25,1.25,false
CHR-BRO-0428,Philosopher Labarna of Sumer & Akkad,bronze_and_iron_age,Mycenaean Greece,Aegean,-2492,-2460,Cultural,disruptor,EVT-BRO-0428,0.8286,0.5442,0.4628,0.5059,0.7362,0.6607,0.811,8,0.5774,0.8216,0.6984,1.2184,1.25,1.25,false
CHR-BRO-0429,General Zhao of Hittite Empire,bronze_and_iron_age,Elamite Empire,Ancient Iran,-2411,-2373,Military,wildcard,EVT-BRO-0429,0.7105,0.555,0.4608,0.527,0.3964,0.6119,0.5066,28,0.5424,0.629,0.5657,1.0197,1.0707,1.1217,false
CHR-BRO-0430,Merchant Prince Ashoka of Vedic Kingdoms,bronze_and_iron_age,Shang Dynasty,East Asia,-1615,-1609,Economic,stabilizer,EVT-BRO-0430,0.5896,0.7375,0.7209,0.7107,0.5364,0.3074,0.6623,165,0.2984,0.6187,0.5263,0.8265,0.8567,0.766,false
CHR-BRO-0431,Merchant Prince Chen of Sumer & Akkad,bronze_and_iron_age,Babylonia,Mesopotamia,-2112,-2083,Economic,stabilizer,EVT-BRO-0431,0.6426,0.6429,0.8274,0.8173,0.4724,0.3128,0.5638,192,0.2477,0.6111,0.4858,0.8165,0.8464,0.7568,false
CHR-BRO-0432,Viceroy Solon of Western Zhou Dynasty,bronze_and_iron_age,Elamite Empire,Ancient Iran,-1270,-1239,Political,catalyst,EVT-BRO-0432,0.6061,0.7096,0.4611,0.7592,0.7405,0.5121,0.7305,26,0.3765,0.6558,0.6214,1.0882,1.1919,1.14,false
CHR-BRO-0433,Governor Tiglath of Minoan Civilization,bronze_and_iron_age,Hittite Empire,Anatolia,-1396,-1361,Political,disruptor,EVT-BRO-0433,0.794,0.5088,0.3232,0.3542,0.9375,0.7861,0.787,47,0.7159,0.7912,0.7514,1.2367,1.25,1.25,true
CHR-BRO-0434,Chamberlain Mursili of Elamite Empire,bronze_and_iron_age,Sumer & Akkad,Mesopotamia,-1016,-993,Economic,stabilizer,EVT-BRO-0434,0.7236,0.6393,0.8847,0.6959,0.6106,0.2401,0.4891,94,0.2721,0.6298,0.5045,0.8211,0.8511,0.761,false
CHR-BRO-0435,Scribe Richelieu of Indus Valley (Late),bronze_and_iron_age,Minoan Civilization,Aegean / Crete,-2163,-2123,Cultural,stabilizer,EVT-BRO-0435,0.7471,0.7242,0.8603,0.6806,0.6534,0.2436,0.6497,61,0.2815,0.7081,0.5574,0.8341,0.8646,0.7731,false
CHR-BRO-0436,Physician Wu of Phoenician City-States,bronze_and_iron_age,Minoan Civilization,Aegean / Crete,-1662,-1646,Scientific,catalyst,EVT-BRO-0436,0.566,0.7833,0.6508,0.7722,0.7428,0.4546,0.8998,23,0.3412,0.6995,0.6199,1.0878,1.1914,1.1396,false
CHR-BRO-0437,Cardinal Harun of Sumer & Akkad,bronze_and_iron_age,Kingdom of Kush (Kerma/Napata),Nubia,-2989,-2962,Religious,wildcard,EVT-BRO-0437,0.4166,0.4644,0.3773,0.4882,0.4848,0.7704,0.8852,61,0.6411,0.604,0.5827,1.0248,1.0761,1.1273,false
CHR-BRO-0438,Dramatist Zhao of Babylonia,bronze_and_iron_age,Phoenician City-States,Levant,-2981,-2942,Cultural,catalyst,EVT-BRO-0438,0.6603,0.7794,0.46,0.5664,0.8079,0.6529,0.9268,19,0.5433,0.7669,0.7158,1.118,1.2245,1.1712,false
CHR-BRO-0439,Governor Vikram of Western Zhou Dynasty,bronze_and_iron_age,Mycenaean Greece,Aegean,-1413,-1402,Political,stabilizer,EVT-BRO-0439,0.8456,0.7946,0.8176,0.864,0.5527,0.1346,0.4048,40,0.1353,0.6693,0.5194,0.8248,0.855,0.7644,false
CHR-BRO-0440,Arch-Engineer Qian of Shang Dynasty,bronze_and_iron_age,Mycenaean Greece,Aegean,-1424,-1386,Scientific,catalyst,EVT-BRO-0440,0.5453,0.8336,0.6833,0.5517,0.7757,0.7712,0.9121,33,0.6098,0.692,0.6843,1.1081,1.2136,1.1608,false
CHR-BRO-0441,Viceroy Seneb of Western Zhou Dynasty,bronze_and_iron_age,Ancient Egypt,North Africa / Nile,-3086,-3079,Political,disruptor,EVT-BRO-0441,0.682,0.7867,0.3189,0.4888,0.7366,0.769,0.8368,8,0.6401,0.7439,0.7335,1.2306,1.25,1.25,false
CHR-BRO-0442,Viceroy Tariq of Mycenaean Greece,bronze_and_iron_age,Indus Valley (Late),South Asia,-1551,-1520,Political,stabilizer,EVT-BRO-0442,0.6965,0.7941,0.8394,0.7978,0.5144,0.2323,0.6323,215,0.2173,0.6708,0.5263,0.8265,0.8567,0.766,false
CHR-BRO-0443,Marshal Enheduanna of Babylonia,bronze_and_iron_age,Kingdom of Kush (Kerma/Napata),Nubia,-1191,-1170,Military,architect,EVT-BRO-0443,0.6844,0.639,0.7688,0.7191,0.7484,0.4446,0.7625,130,0.3627,0.7157,0.5974,0.844,0.8748,0.7822,false
CHR-BRO-0444,Arch-Engineer Friedrich of Sumer & Akkad,bronze_and_iron_age,Indus Valley (Late),South Asia,-2313,-2277,Scientific,disruptor,EVT-BRO-0444,0.6883,0.7678,0.415,0.5039,0.9089,0.8054,0.9403,34,0.6508,0.7891,0.7687,1.2427,1.25,1.25,true
CHR-BRO-0445,Mint Overseer Khaldun of Sumer & Akkad,bronze_and_iron_age,Minoan Civilization,Aegean / Crete,-1589,-1571,Economic,disruptor,EVT-BRO-0445,0.8044,0.7953,0.3552,0.4139,0.8761,0.8518,0.7869,6,0.719,0.7974,0.7914,1.25,1.25,1.25,true
CHR-BRO-0446,Polymath Gao of Minoan Civilization,bronze_and_iron_age,Kingdom of Kush (Kerma/Napata),Nubia,-1626,-1603,Scientific,architect,EVT-BRO-0446,0.667,0.8685,0.7265,0.7253,0.559,0.4498,0.6136,85,0.3623,0.6457,0.5815,0.84,0.8708,0.7786,false
CHR-BRO-0447,Merchant Prince Rajaraja of Elamite Empire,bronze_and_iron_age,Minoan Civilization,Aegean / Crete,-2251,-2214,Economic,stabilizer,EVT-BRO-0447,0.6077,0.638,0.778,0.8926,0.5743,0.1431,0.4773,155,0.1252,0.5556,0.4544,0.8088,0.8384,0.75,false
CHR-BRO-0448,Marshal Harun of Indus Valley (Late),bronze_and_iron_age,Kingdom of Kush (Kerma/Napata),Nubia,-942,-901,Military,disruptor,EVT-BRO-0448,0.9157,0.8447,0.4916,0.4489,0.8116,0.8569,0.9176,6,0.704,0.9165,0.8219,1.25,1.25,1.25,true
CHR-BRO-0449,Physician Qian of Assyrian Empire,bronze_and_iron_age,Kingdom of Kush (Kerma/Napata),Nubia,-2397,-2364,Scientific,stabilizer,EVT-BRO-0449,0.7851,0.7001,0.7401,0.7099,0.6981,0.2703,0.413,95,0.2802,0.6363,0.549,0.8321,0.8625,0.7712,false
CHR-BRO-0450,Synod Envoy Franklin of Babylonia,bronze_and_iron_age,Western Zhou Dynasty,East Asia,-2963,-2952,Religious,architect,EVT-BRO-0450,0.7539,0.8203,0.7293,0.8558,0.6214,0.2105,0.7322,158,0.1773,0.7452,0.5804,0.8398,0.8705,0.7783,false
CHR-BRO-0451,High Priest Valdemar of Sumer & Akkad,bronze_and_iron_age,Sumer & Akkad,Mesopotamia,-2495,-2458,Religious,architect,EVT-BRO-0451,0.7068,0.6111,0.6848,0.906,0.7087,0.3118,0.7687,94,0.2029,0.7316,0.573,0.8379,0.8686,0.7766,false
CHR-BRO-0452,Polymath Vikram of Shang Dynasty,bronze_and_iron_age,Babylonia,Mesopotamia,-2497,-2484,Scientific,wildcard,EVT-BRO-0452,0.7528,0.7621,0.3332,0.5191,0.7799,0.541,0.7686,52,0.5109,0.7591,0.7067,1.062,1.1151,1.1682,false
CHR-BRO-0453,Geometer Lafayette of Vedic Kingdoms,bronze_and_iron_age,Western Zhou Dynasty,East Asia,-1980,-1945,Scientific,architect,EVT-BRO-0453,0.8357,0.7784,0.8588,0.8436,0.5392,0.3222,0.7498,140,0.2393,0.8014,0.5893,0.842,0.8728,0.7804,false
CHR-BRO-0454,Imam Puduhepa of Babylonia,bronze_and_iron_age,Ancient Egypt,North Africa / Nile,-2461,-2420,Religious,disruptor,EVT-BRO-0454,0.8227,0.5249,0.2047,0.4737,0.7923,0.6743,0.9385,35,0.6003,0.869,0.751,1.2366,1.25,1.25,true
CHR-BRO-0455,Poet Laureate Constantine of Sumer & Akkad,bronze_and_iron_age,Babylonia,Mesopotamia,-1535,-1527,Cultural,stabilizer,EVT-BRO-0455,0.5808,0.7688,0.9235,0.836,0.5468,0.2251,0.6697,89,0.1945,0.6164,0.4926,0.8182,0.8481,0.7583,false
CHR-BRO-0456,Guild Master Otto of Sumer & Akkad,bronze_and_iron_age,Kingdom of Kush (Kerma/Napata),Nubia,-2449,-2405,Economic,stabilizer,EVT-BRO-0456,0.7223,0.5546,0.9211,0.7361,0.5101,0.2352,0.4133,103,0.2495,0.5987,0.4586,0.8098,0.8395,0.7506,false
CHR-BRO-0457,Arch-Engineer Eleanor of Vedic Kingdoms,bronze_and_iron_age,Phoenician City-States,Levant,-3096,-3081,Scientific,disruptor,EVT-BRO-0457,0.7908,0.7631,0.3669,0.5417,0.8318,0.8695,0.8543,26,0.6639,0.8162,0.7817,1.2472,1.25,1.25,true
CHR-BRO-0458,Patriarch Al-Mansur of Phoenician City-States,bronze_and_iron_age,Western Zhou Dynasty,East Asia,-1020,-1013,Religious,catalyst,EVT-BRO-0458,0.598,0.8314,0.5305,0.7308,0.8832,0.5914,0.9292,38,0.4303,0.7305,0.6952,1.1115,1.2173,1.1644,false
CHR-BRO-0459,Synod Envoy Mirabeau of Phoenician City-States,bronze_and_iron_age,Assyrian Empire,Near East,-2987,-2958,Religious,stabilizer,EVT-BRO-0459,0.6561,0.7453,0.8233,0.7342,0.5568,0.2511,0.5573,86,0.2584,0.6166,0.5116,0.8228,0.8529,0.7626,false
CHR-BRO-0460,Centurion Narmer of Sumer & Akkad,bronze_and_iron_age,Shang Dynasty,East Asia,-2554,-2521,Military,catalyst,EVT-BRO-0460,0.6537,0.7993,0.464,0.5696,0.906,0.4998,0.7941,44,0.4651,0.7099,0.6884,1.1094,1.215,1.1622,false
CHR-BRO-0461,Prefect Zhang of Shang Dynasty,bronze_and_iron_age,Indus Valley (Late),South Asia,-1072,-1054,Political,wildcard,EVT-BRO-0461,0.7792,0.8461,0.3536,0.3681,0.7094,0.8194,0.8777,61,0.7256,0.8186,0.7789,1.0837,1.1379,1.192,true
CHR-BRO-0462,Legate Ramesses of Mycenaean Greece,bronze_and_iron_age,Babylonia,Mesopotamia,-1253,-1237,Military,architect,EVT-BRO-0462,0.6862,0.7957,0.8823,0.7702,0.6112,0.4049,0.5692,79,0.3173,0.6394,0.552,0.8328,0.8632,0.7718,false
CHR-BRO-0463,Abbess Constantine of Ancient Egypt,bronze_and_iron_age,Sumer & Akkad,Mesopotamia,-3034,-3007,Religious,catalyst,EVT-BRO-0463,0.5316,0.9012,0.571,0.7249,0.7477,0.6743,0.8632,55,0.4747,0.6643,0.6675,1.1028,1.2078,1.1553,false
CHR-BRO-0464,Mint Overseer Zhao of Indus Valley (Late),bronze_and_iron_age,Sumer & Akkad,Mesopotamia,-1712,-1703,Economic,architect,EVT-BRO-0464,0.9011,0.7857,0.7378,0.8751,0.5459,0.2769,0.7277,138,0.2009,0.8318,0.6082,0.8466,0.8776,0.7847,false
CHR-BRO-0465,Commander Samsi-Adad of Western Zhou Dynasty,bronze_and_iron_age,Western Zhou Dynasty,East Asia,-2094,-2078,Military,catalyst,EVT-BRO-0465,0.5014,0.8272,0.6415,0.7374,0.9016,0.4987,0.8507,32,0.3807,0.6411,0.6361,1.0929,1.1969,1.1449,false
CHR-BRO-0466,Geometer Sumner of Elamite Empire,bronze_and_iron_age,Shang Dynasty,East Asia,-2919,-2897,Scientific,disruptor,EVT-BRO-0466,0.6382,0.6797,0.249,0.6382,0.8561,0.7607,0.9052,17,0.5613,0.745,0.733,1.2304,1.25,1.25,false
CHR-BRO-0467,Polymath Tiglath of Sumer & Akkad,bronze_and_iron_age,Indus Valley (Late),South Asia,-1863,-1842,Scientific,architect,EVT-BRO-0467,0.854,0.8089,0.8391,0.8567,0.7721,0.3779,0.7239,164,0.2606,0.8019,0.6392,0.8542,0.8855,0.7917,false
CHR-BRO-0468,Senator Justinian of Kingdom of Kush (Kerma/Napata),bronze_and_iron_age,Indus Valley (Late),South Asia,-2823,-2808,Political,architect,EVT-BRO-0468,0.7824,0.8336,0.7618,0.7907,0.5346,0.2548,0.8156,155,0.232,0.7957,0.5957,0.8435,0.8744,0.7818,false
CHR-BRO-0469,Legate Necker of Elamite Empire,bronze_and_iron_age,Phoenician City-States,Levant,-2632,-2599,Military,wildcard,EVT-BRO-0469,0.505,0.4958,0.1744,0.7175,0.6387,0.4783,0.6635,11,0.3804,0.5684,0.5644,1.0193,1.0703,1.1212,false
CHR-BRO-0470,Treasurer Tariq of Hittite Empire,bronze_and_iron_age,Ancient Egypt,North Africa / Nile,-2915,-2885,Economic,disruptor,EVT-BRO-0470,0.7648,0.7539,0.329,0.6073,0.9085,0.7289,0.9166,36,0.5608,0.8255,0.7741,1.2446,1.25,1.25,true
CHR-BRO-0471,Astronomer Tariq of Phoenician City-States,bronze_and_iron_age,Hittite Empire,Anatolia,-1372,-1334,Scientific,stabilizer,EVT-BRO-0471,0.7971,0.7752,0.8688,0.8593,0.634,0.1568,0.4079,89,0.1488,0.6414,0.5155,0.8238,0.854,0.7635,false
CHR-BRO-0472,Treasurer Solon of Hittite Empire,bronze_and_iron_age,Mycenaean Greece,Aegean,-1358,-1338,Economic,disruptor,EVT-BRO-0472,0.609,0.7807,0.3388,0.3888,0.8889,0.7316,0.9015,28,0.6714,0.726,0.7443,1.2343,1.25,1.25,false
CHR-BRO-0473,Customs Director Heinrich of Assyrian Empire,bronze_and_iron_age,Sumer & Akkad,Mesopotamia,-873,-853,Economic,wildcard,EVT-BRO-0473,0.6759,0.6982,0.4011,0.3562,0.7325,0.4189,0.8264,70,0.5313,0.7361,0.6625,1.0487,1.1012,1.1536,false
CHR-BRO-0474,Polymath Friedrich of Indus Valley (Late),bronze_and_iron_age,Sumer & Akkad,Mesopotamia,-2141,-2124,Scientific,catalyst,EVT-BRO-0474,0.7267,0.7027,0.5563,0.6507,0.885,0.4555,0.7544,28,0.4024,0.7378,0.6632,1.1014,1.2063,1.1538,false
CHR-BRO-0475,Rhetorician Sumner of Phoenician City-States,bronze_and_iron_age,Western Zhou Dynasty,East Asia,-2891,-2855,Cultural,catalyst,EVT-BRO-0475,0.5146,0.7357,0.6778,0.5568,0.8161,0.6198,0.858,22,0.5315,0.652,0.6375,1.0933,1.1974,1.1454,false
CHR-BRO-0476,Master Sculptor Kheti of Vedic Kingdoms,bronze_and_iron_age,Babylonia,Mesopotamia,-1358,-1353,Cultural,disruptor,EVT-BRO-0476,0.8276,0.693,0.4426,0.554,0.7942,0.9412,0.8673,30,0.6936,0.8435,0.7793,1.2464,1.25,1.25,true
CHR-BRO-0477,Hierophant Thutmose of Sumer & Akkad,bronze_and_iron_age,Indus Valley (Late),South Asia,-1287,-1267,Religious,disruptor,EVT-BRO-0477,0.7598,0.8214,0.486,0.3513,0.9131,0.8219,0.7334,22,0.7353,0.7492,0.7673,1.2422,1.25,1.25,true
CHR-BRO-0478,Commander Eleanor of Western Zhou Dynasty,bronze_and_iron_age,Minoan Civilization,Aegean / Crete,-926,-919,Military,disruptor,EVT-BRO-0478,0.7963,0.5116,0.5012,0.424,0.7545,0.7636,0.7815,9,0.6698,0.7904,0.6994,1.2188,1.25,1.25,false
CHR-BRO-0479,Mint Overseer Theodosius of Minoan Civilization,bronze_and_iron_age,Assyrian Empire,Near East,-2603,-2580,Economic,wildcard,EVT-BRO-0479,0.6664,0.4344,0.5818,0.5411,0.3771,0.5155,0.7047,19,0.4872,0.6817,0.5361,1.0108,1.0614,1.1119,false
CHR-BRO-0480,Hierophant Wu of Ancient Egypt,bronze_and_iron_age,Western Zhou Dynasty,East Asia,-1724,-1684,Religious,wildcard,EVT-BRO-0480,0.764,0.509,0.6924,0.6129,0.5605,0.3237,0.622,6,0.3554,0.7072,0.5434,1.013,1.0637,1.1143,false
CHR-BRO-0481,Warlord Sargon of Sumer & Akkad,bronze_and_iron_age,Western Zhou Dynasty,East Asia,-916,-909,Military,catalyst,EVT-BRO-0481,0.6923,0.7189,0.7015,0.7118,0.8706,0.7909,0.9007,57,0.5395,0.7757,0.7095,1.116,1.2223,1.1691,false
CHR-BRO-0482,Strategos Puduhepa of Minoan Civilization,bronze_and_iron_age,Phoenician City-States,Levant,-1312,-1276,Military,stabilizer,EVT-BRO-0482,0.5847,0.6999,0.7967,0.7685,0.5819,0.2011,0.5179,52,0.2163,0.558,0.4782,0.8146,0.8444,0.755,false
CHR-BRO-0483,Merchant Prince Dara of Ancient Egypt,bronze_and_iron_age,Hittite Empire,Anatolia,-2981,-2965,Economic,catalyst,EVT-BRO-0483,0.6813,0.8871,0.6163,0.7555,0.9051,0.567,0.7495,13,0.4058,0.7086,0.6872,1.109,1.2146,1.1618,false
CHR-BRO-0484,Pontiff Solon of Western Zhou Dynasty,bronze_and_iron_age,Kingdom of Kush (Kerma/Napata),Nubia,-3070,-3025,Religious,stabilizer,EVT-BRO-0484,0.8158,0.6967,0.8699,0.7175,0.4766,0.1731,0.5076,76,0.2278,0.6925,0.5092,0.8223,0.8523,0.7621,false
CHR-BRO-0485,Arch-Engineer Colbert of Kingdom of Kush (Kerma/Napata),bronze_and_iron_age,Sumer & Akkad,Mesopotamia,-3089,-3044,Scientific,catalyst,EVT-BRO-0485,0.7919,0.7188,0.7124,0.7047,0.8018,0.7215,0.7345,35,0.5084,0.7689,0.688,1.1092,1.2149,1.162,false
CHR-BRO-0486,Master Sculptor Samsi-Adad of Hittite Empire,bronze_and_iron_age,Ancient Egypt,North Africa / Nile,-2485,-2456,Cultural,catalyst,EVT-BRO-0486,0.6017,0.7863,0.4533,0.7451,0.7404,0.5158,0.8161,49,0.3854,0.6874,0.6466,1.0962,1.2006,1.1484,false
CHR-BRO-0487,Customs Director Mentuhotep of Vedic Kingdoms,bronze_and_iron_age,Ancient Egypt,North Africa / Nile,-1352,-1307,Economic,catalyst,EVT-BRO-0487,0.7237,0.6818,0.6031,0.7147,0.8969,0.5323,0.7059,41,0.4088,0.7166,0.6574,1.0996,1.2043,1.1519,false
CHR-BRO-0488,Customs Director Justinian of Elamite Empire,bronze_and_iron_age,Minoan Civilization,Aegean / Crete,-865,-835,Economic,disruptor,EVT-BRO-0488,0.9328,0.5328,0.2479,0.462,0.725,0.7384,0.9174,31,0.6382,0.9266,0.7723,1.244,1.25,1.25,true
CHR-BRO-0489,Archon Al-Mansur of Shang Dynasty,bronze_and_iron_age,Mycenaean Greece,Aegean,-1419,-1375,Political,catalyst,EVT-BRO-0489,0.6813,0.8431,0.7125,0.7431,0.7971,0.5958,0.743,17,0.4263,0.706,0.6588,1.1,1.2048,1.1524,false
CHR-BRO-0490,Governor Richelieu of Ancient Egypt,bronze_and_iron_age,Ancient Egypt,North Africa / Nile,-3057,-3015,Political,disruptor,EVT-BRO-0490,0.9328,0.7133,0.3961,0.3374,0.8485,0.766,0.8296,40,0.7143,0.8915,0.8003,1.25,1.25,1.25,true
CHR-BRO-0491,Consul Godfrey of Vedic Kingdoms,bronze_and_iron_age,Ancient Egypt,North Africa / Nile,-1330,-1305,Political,wildcard,EVT-BRO-0491,0.766,0.7554,0.201,0.7994,0.3114,0.7018,0.8448,14,0.4512,0.7975,0.6734,1.052,1.1046,1.1572,false
CHR-BRO-0492,Consul Baldwin of Mycenaean Greece,bronze_and_iron_age,Western Zhou Dynasty,East Asia,-1440,-1424,Political,stabilizer,EVT-BRO-0492,0.6001,0.7559,0.8561,0.8982,0.6631,0.1351,0.5109,37,0.1184,0.5644,0.4793,0.8149,0.8447,0.7553,false
CHR-BRO-0493,Consul Enheduanna of Mycenaean Greece,bronze_and_iron_age,Mycenaean Greece,Aegean,-2663,-2656,Political,stabilizer,EVT-BRO-0493,0.8475,0.721,0.9313,0.744,0.5059,0.2546,0.5098,79,0.2553,0.7125,0.5302,0.8274,0.8577,0.7669,false
CHR-BRO-0494,Dramatist Aurelius of Hittite Empire,bronze_and_iron_age,Vedic Kingdoms,South Asia,-1072,-1053,Cultural,architect,EVT-BRO-0494,0.8271,0.6066,0.6995,0.8463,0.7759,0.3687,0.7129,42,0.2612,0.7814,0.6141,0.8481,0.8791,0.786,false
CHR-BRO-0495,Consul Saladin of Mycenaean Greece,bronze_and_iron_age,Phoenician City-States,Levant,-1387,-1382,Political,disruptor,EVT-BRO-0495,0.8509,0.5455,0.208,0.6346,0.7664,0.8921,0.9303,13,0.6287,0.8827,0.7803,1.2467,1.25,1.25,true
CHR-BRO-0496,Archon Richelieu of Shang Dynasty,bronze_and_iron_age,Mycenaean Greece,Aegean,-1406,-1372,Political,catalyst,EVT-BRO-0496,0.6946,0.6532,0.6443,0.6949,0.9341,0.5968,0.9384,36,0.451,0.7921,0.6929,1.1107,1.2165,1.1636,false
CHR-BRO-0497,Chancellor Hamilton of Babylonia,bronze_and_iron_age,Phoenician City-States,Levant,-1578,-1549,Political,disruptor,EVT-BRO-0497,0.9017,0.6608,0.3613,0.4401,0.925,0.7159,0.8361,21,0.6379,0.8754,0.788,1.2493,1.25,1.25,true
CHR-BRO-0498,Guild Master Labarna of Mycenaean Greece,bronze_and_iron_age,Ancient Egypt,North Africa / Nile,-858,-821,Economic,wildcard,EVT-BRO-0498,0.6111,0.4038,0.524,0.5508,0.496,0.2382,0.6177,63,0.3437,0.6137,0.4862,0.9959,1.0456,1.0954,false
CHR-BRO-0499,Legate Wilhelm of Shang Dynasty,bronze_and_iron_age,Phoenician City-States,Levant,-1707,-1662,Military,stabilizer,EVT-BRO-0499,0.8381,0.6746,0.7921,0.6892,0.5892,0.2016,0.4867,120,0.2562,0.6975,0.5387,0.8295,0.8599,0.7688,false
CHR-BRO-0500,Treasurer Constantine of Assyrian Empire,bronze_and_iron_age,Phoenician City-States,Levant,-1379,-1336,Economic,architect,EVT-BRO-0500,0.695,0.6404,0.6902,0.7811,0.5429,0.3103,0.7529,76,0.2646,0.7182,0.5527,0.833,0.8634,0.772,false
CHR-BRO-0501,Minister Enheduanna of Minoan Civilization,bronze_and_iron_age,Ancient Egypt,North Africa / Nile,-1492,-1480,Political,wildcard,EVT-BRO-0501,0.4534,0.6445,0.2266,0.5873,0.5216,0.5063,0.6015,32,0.4595,0.5126,0.5524,1.0157,1.0665,1.1173,false
CHR-BRO-0502,Centurion Constantine of Indus Valley (Late),bronze_and_iron_age,Babylonia,Mesopotamia,-1600,-1580,Military,catalyst,EVT-BRO-0502,0.6565,0.7774,0.6453,0.771,0.8227,0.7716,0.8719,33,0.5003,0.7427,0.6976,1.1122,1.2182,1.1652,false
CHR-BRO-0503,Customs Director Necker of Phoenician City-States,bronze_and_iron_age,Hittite Empire,Anatolia,-1904,-1895,Economic,disruptor,EVT-BRO-0503,0.6002,0.7061,0.2768,0.6419,0.9001,0.8735,0.9036,41,0.6158,0.7216,0.7478,1.2355,1.25,1.25,false
CHR-BRO-0504,Senator Enheduanna of Sumer & Akkad,bronze_and_iron_age,Western Zhou Dynasty,East Asia,-1400,-1386,Political,stabilizer,EVT-BRO-0504,0.7459,0.7889,0.9124,0.7861,0.5966,0.265,0.4163,51,0.2395,0.614,0.516,0.8239,0.8541,0.7636,false
CHR-BRO-0505,Astronomer Eleanor of Hittite Empire,bronze_and_iron_age,Assyrian Empire,Near East,-2876,-2848,Scientific,catalyst,EVT-BRO-0505,0.7886,0.8851,0.6609,0.7736,0.8092,0.762,0.7842,35,0.4942,0.7868,0.7285,1.122,1.2288,1.1754,false
CHR-BRO-0506,Governor Saladin of Indus Valley (Late),bronze_and_iron_age,Western Zhou Dynasty,East Asia,-1911,-1886,Political,disruptor,EVT-BRO-0506,0.721,0.8419,0.4741,0.3839,0.8628,0.8236,0.83,28,0.7199,0.7646,0.7674,1.2422,1.25,1.25,true
CHR-BRO-0507,Abbess Belisarius of Kingdom of Kush (Kerma/Napata),bronze_and_iron_age,Shang Dynasty,East Asia,-1021,-1003,Religious,catalyst,EVT-BRO-0507,0.7089,0.7374,0.5277,0.7149,0.7201,0.6396,0.7163,42,0.4623,0.7119,0.6607,1.1006,1.2054,1.153,false
CHR-BRO-0508,Scribe Theodosius of Kingdom of Kush (Kerma/Napata),bronze_and_iron_age,Kingdom of Kush (Kerma/Napata),Nubia,-941,-934,Cultural,disruptor,EVT-BRO-0508,0.6228,0.6511,0.3411,0.4836,0.837,0.7969,0.8523,27,0.6566,0.7146,0.718,1.2252,1.25,1.25,false
CHR-BRO-0509,Astronomer Telepinu of Sumer & Akkad,bronze_and_iron_age,Sumer & Akkad,Mesopotamia,-1058,-1016,Scientific,stabilizer,EVT-BRO-0509,0.762,0.6381,0.7976,0.7748,0.5022,0.1327,0.6177,219,0.1789,0.7042,0.5056,0.8214,0.8514,0.7613,false
CHR-BRO-0510,Cardinal Sumner of Assyrian Empire,bronze_and_iron_age,Babylonia,Mesopotamia,-2120,-2085,Religious,architect,EVT-BRO-0510,0.8475,0.8052,0.7184,0.9049,0.5033,0.4111,0.7996,32,0.2531,0.8284,0.6227,0.8502,0.8813,0.788,false
CHR-BRO-0511,Chronicler Gao of Vedic Kingdoms,bronze_and_iron_age,Hittite Empire,Anatolia,-2100,-2062,Cultural,architect,EVT-BRO-0511,0.9103,0.8454,0.709,0.8051,0.6155,0.3305,0.6292,72,0.2627,0.7978,0.6295,0.8519,0.883,0.7895,false
CHR-BRO-0512,Customs Director Talleyrand of Western Zhou Dynasty,bronze_and_iron_age,Western Zhou Dynasty,East Asia,-1187,-1173,Economic,architect,EVT-BRO-0512,0.8885,0.8261,0.7474,0.7403,0.6695,0.4326,0.582,126,0.3462,0.7659,0.6369,0.8537,0.8849,0.7912,false
CHR-BRO-0513,Chronicler Dara of Minoan Civilization,bronze_and_iron_age,Western Zhou Dynasty,East Asia,-2223,-2200,Cultural,wildcard,EVT-BRO-0513,0.4499,0.5159,0.4188,0.4155,0.7446,0.8075,0.5914,23,0.696,0.5065,0.5987,1.0296,1.0811,1.1326,false
CHR-BRO-0514,Metallurgist Valdemar of Shang Dynasty,bronze_and_iron_age,Indus Valley (Late),South Asia,-1984,-1977,Scientific,catalyst,EVT-BRO-0514,0.7034,0.677,0.6868,0.5671,0.8857,0.7133,0.8506,19,0.5731,0.7623,0.6978,1.1123,1.2182,1.1653,false
CHR-BRO-0515,Metallurgist Hathor of Assyrian Empire,bronze_and_iron_age,Elamite Empire,Ancient Iran,-3040,-3032,Scientific,wildcard,EVT-BRO-0515,0.5181,0.6848,0.6633,0.6318,0.5516,0.7496,0.7831,45,0.5589,0.6241,0.597,1.0291,1.0805,1.132,false
CHR-BRO-0516,Synod Envoy Marshall of Minoan Civilization,bronze_and_iron_age,Phoenician City-States,Levant,-2751,-2718,Religious,catalyst,EVT-BRO-0516,0.7186,0.8036,0.5338,0.6809,0.8525,0.4832,0.9155,52,0.4011,0.7973,0.7004,1.1131,1.2192,1.1661,false
CHR-BRO-0517,Master Sculptor Khaldun of Ancient Egypt,bronze_and_iron_age,Kingdom of Kush (Kerma/Napata),Nubia,-2842,-2804,Cultural,wildcard,EVT-BRO-0517,0.4532,0.5285,0.5171,0.406,0.4631,0.6622,0.4586,37,0.6281,0.4553,0.5081,1.0024,1.0526,1.1027,false
CHR-BRO-0518,General Theodosius of Phoenician City-States,bronze_and_iron_age,Minoan Civilization,Aegean / Crete,-2974,-2948,Military,disruptor,EVT-BRO-0518,0.7041,0.7411,0.2434,0.5747,0.755,0.8054,0.7991,17,0.6154,0.7421,0.738,1.2321,1.25,1.25,false
CHR-BRO-0519,Astronomer Al-Mansur of Assyrian Empire,bronze_and_iron_age,Assyrian Empire,Near East,-1170,-1135,Scientific,wildcard,EVT-BRO-0519,0.4106,0.5381,0.5564,0.2931,0.2916,0.6765,0.431,37,0.6917,0.4188,0.4729,0.9919,1.0415,1.0911,false
CHR-BRO-0520,Admiral Sargon of Elamite Empire,bronze_and_iron_age,Assyrian Empire,Near East,-1105,-1069,Military,stabilizer,EVT-BRO-0520,0.6688,0.6626,0.8124,0.8841,0.5818,0.1988,0.4773,148,0.1573,0.5922,0.4798,0.815,0.8449,0.7554,false
CHR-BRO-0521,Chronicler Telepinu of Phoenician City-States,bronze_and_iron_age,Minoan Civilization,Aegean / Crete,-1101,-1063,Cultural,stabilizer,EVT-BRO-0521,0.815,0.6064,0.8775,0.7285,0.5223,0.3204,0.4506,159,0.2959,0.6692,0.5145,0.8236,0.8537,0.7633,false
CHR-BRO-0522,Prefect Puduhepa of Sumer & Akkad,bronze_and_iron_age,Kingdom of Kush (Kerma/Napata),Nubia,-1417,-1389,Political,disruptor,EVT-BRO-0522,0.6721,0.6259,0.4873,0.4596,0.7505,0.8464,0.7305,8,0.6934,0.6955,0.6893,1.2153,1.25,1.25,false
CHR-BRO-0523,Minister Heinrich of Phoenician City-States,bronze_and_iron_age,Babylonia,Mesopotamia,-2390,-2352,Political,architect,EVT-BRO-0523,0.6826,0.8573,0.7007,0.8641,0.5609,0.3981,0.5516,52,0.267,0.6302,0.5626,0.8354,0.866,0.7743,false
CHR-BRO-0524,Scribe Al-Mansur of Western Zhou Dynasty,bronze_and_iron_age,Ancient Egypt,North Africa / Nile,-2577,-2534,Cultural,stabilizer,EVT-BRO-0524,0.8325,0.6596,0.7283,0.8524,0.6441,0.1903,0.6497,163,0.1689,0.7594,0.5642,0.8358,0.8664,0.7746,false
CHR-BRO-0525,Vizier Aurelius of Western Zhou Dynasty,bronze_and_iron_age,Indus Valley (Late),South Asia,-1471,-1446,Political,architect,EVT-BRO-0525,0.8709,0.876,0.874,0.7171,0.534,0.1924,0.5564,179,0.2377,0.7451,0.5683,0.8368,0.8674,0.7756,false
CHR-BRO-0526,Admiral Mentuhotep of Elamite Empire,bronze_and_iron_age,Vedic Kingdoms,South Asia,-2214,-2177,Military,stabilizer,EVT-BRO-0526,0.6072,0.6058,0.7224,0.829,0.6025,0.3299,0.4092,124,0.2505,0.528,0.4802,0.8151,0.845,0.7555,false
CHR-BRO-0527,Marshal Tariq of Kingdom of Kush (Kerma/Napata),bronze_and_iron_age,Hittite Empire,Anatolia,-2884,-2861,Military,stabilizer,EVT-BRO-0527,0.7383,0.6677,0.9076,0.8348,0.4563,0.3124,0.5885,71,0.2388,0.6784,0.5058,0.8214,0.8515,0.7613,false
CHR-BRO-0528,Customs Director Saladin of Vedic Kingdoms,bronze_and_iron_age,Assyrian Empire,Near East,-1494,-1451,Economic,architect,EVT-BRO-0528,0.8837,0.8149,0.8323,0.9005,0.7494,0.412,0.7208,36,0.2558,0.8185,0.6472,0.8562,0.8875,0.7936,false
CHR-BRO-0529,Prefect Madison of Mycenaean Greece,bronze_and_iron_age,Vedic Kingdoms,South Asia,-993,-980,Political,stabilizer,EVT-BRO-0529,0.7493,0.7837,0.8262,0.7353,0.6453,0.1648,0.497,88,0.2148,0.6484,0.5316,0.8278,0.858,0.7672,false
CHR-BRO-0530,Viceroy Hamilton of Assyrian Empire,bronze_and_iron_age,Ancient Egypt,North Africa / Nile,-2835,-2826,Political,disruptor,EVT-BRO-0530,0.9397,0.7237,0.4109,0.4632,0.8588,0.7381,0.9143,29,0.6374,0.9295,0.8059,1.25,1.25,1.25,true
CHR-BRO-0531,Rhetorician Thutmose of Western Zhou Dynasty,bronze_and_iron_age,Elamite Empire,Ancient Iran,-2838,-2829,Cultural,stabilizer,EVT-BRO-0531,0.7744,0.6636,0.9292,0.7878,0.4673,0.3276,0.5088,72,0.2699,0.6682,0.5064,0.8216,0.8516,0.7615,false
CHR-BRO-0532,Rhetorician Enheduanna of Shang Dynasty,bronze_and_iron_age,Kingdom of Kush (Kerma/Napata),Nubia,-3043,-3005,Cultural,stabilizer,EVT-BRO-0532,0.7784,0.7808,0.7624,0.7536,0.622,0.1499,0.578,81,0.1981,0.6982,0.5503,0.8324,0.8628,0.7715,false
CHR-BRO-0533,Admiral Aurelius of Hittite Empire,bronze_and_iron_age,Vedic Kingdoms,South Asia,-2997,-2972,Military,disruptor,EVT-BRO-0533,0.6782,0.7174,0.2447,0.4286,0.7995,0.8019,0.7437,16,0.6867,0.7044,0.733,1.2304,1.25,1.25,false
CHR-BRO-0534,Viceroy Thutmose of Vedic Kingdoms,bronze_and_iron_age,Kingdom of Kush (Kerma/Napata),Nubia,-2465,-2435,Political,disruptor,EVT-BRO-0534,0.6194,0.5765,0.2887,0.5982,0.8802,0.6644,0.7527,42,0.5331,0.6727,0.6771,1.2111,1.25,1.25,false
CHR-BRO-0535,Scribe Constantine of Sumer & Akkad,bronze_and_iron_age,Kingdom of Kush (Kerma/Napata),Nubia,-1866,-1841,Cultural,wildcard,EVT-BRO-0535,0.4367,0.6213,0.531,0.6907,0.2677,0.3732,0.764,16,0.3412,0.5676,0.4755,0.9926,1.0423,1.0919,false
CHR-BRO-0536,Geometer Friedrich of Mycenaean Greece,bronze_and_iron_age,Hittite Empire,Anatolia,-2694,-2656,Scientific,architect,EVT-BRO-0536,0.7599,0.7794,0.8118,0.7723,0.5658,0.3132,0.628,114,0.2704,0.7072,0.5631,0.8355,0.8661,0.7744,false
CHR-BRO-0537,Legate Zhao of Assyrian Empire,bronze_and_iron_age,Ancient Egypt,North Africa / Nile,-1095,-1082,Military,wildcard,EVT-BRO-0537,0.7922,0.7711,0.5851,0.2883,0.4289,0.4429,0.6405,8,0.5773,0.7315,0.6176,1.0353,1.0871,1.1388,false
CHR-BRO-0538,Commander Madison of Phoenician City-States,bronze_and_iron_age,Elamite Empire,Ancient Iran,-2004,-1970,Military,architect,EVT-BRO-0538,0.8778,0.8299,0.8009,0.7667,0.6565,0.3628,0.5569,174,0.298,0.7495,0.6119,0.8475,0.8785,0.7855,false
CHR-BRO-0539,Imam Ramesses of Shang Dynasty,bronze_and_iron_age,Ancient Egypt,North Africa / Nile,-1295,-1268,Religious,catalyst,EVT-BRO-0539,0.6435,0.8278,0.5707,0.6991,0.7511,0.6771,0.8238,31,0.489,0.7156,0.6808,1.107,1.2124,1.1597,false
CHR-BRO-0540,Consul Mazarin of Babylonia,bronze_and_iron_age,Assyrian Empire,Near East,-2204,-2181,Political,disruptor,EVT-BRO-0540,0.9489,0.8171,0.2708,0.4578,0.9124,0.8226,0.7753,46,0.6824,0.8794,0.8364,1.25,1.25,1.25,true
CHR-BRO-0541,Customs Director Talleyrand of Shang Dynasty,bronze_and_iron_age,Assyrian Empire,Near East,-2045,-2025,Economic,stabilizer,EVT-BRO-0541,0.7788,0.7115,0.7995,0.8544,0.5184,0.2626,0.6642,49,0.2041,0.733,0.5455,0.8312,0.8616,0.7704,false
CHR-BRO-0542,Imam Qian of Indus Valley (Late),bronze_and_iron_age,Western Zhou Dynasty,East Asia,-1781,-1774,Religious,disruptor,EVT-BRO-0542,0.6264,0.6951,0.3314,0.4732,0.723,0.9294,0.8978,41,0.7281,0.735,0.7366,1.2316,1.25,1.25,false
CHR-BRO-0543,Physician Puduhepa of Minoan Civilization,bronze_and_iron_age,Sumer & Akkad,Mesopotamia,-1883,-1860,Scientific,wildcard,EVT-BRO-0543,0.8483,0.8375,0.1502,0.3161,0.4709,0.6446,0.8141,26,0.6642,0.8346,0.7463,1.0739,1.1276,1.1813,false
CHR-BRO-0544,Hierophant Suppiluliuma of Indus Valley (Late),bronze_and_iron_age,Hittite Empire,Anatolia,-2758,-2735,Religious,disruptor,EVT-BRO-0544,0.9037,0.8338,0.3977,0.444,0.7248,0.7258,0.8034,20,0.6409,0.8636,0.7771,1.2456,1.25,1.25,true
CHR-BRO-0545,Chronicler Zhao of Vedic Kingdoms,bronze_and_iron_age,Minoan Civilization,Aegean / Crete,-2889,-2869,Cultural,catalyst,EVT-BRO-0545,0.7419,0.7393,0.5761,0.6887,0.7296,0.4673,0.7448,53,0.3893,0.7431,0.6456,1.0959,1.2002,1.148,false
CHR-BRO-0546,Commander Lafayette of Sumer & Akkad,bronze_and_iron_age,Sumer & Akkad,Mesopotamia,-1551,-1526,Military,stabilizer,EVT-BRO-0546,0.7797,0.747,0.73,0.7297,0.5781,0.3069,0.6223,158,0.2886,0.7167,0.5736,0.8381,0.8688,0.7768,false
CHR-BRO-0547,Alchemist Ramesses of Assyrian Empire,bronze_and_iron_age,Sumer & Akkad,Mesopotamia,-1529,-1497,Scientific,architect,EVT-BRO-0547,0.8443,0.8561,0.7736,0.9014,0.6272,0.3298,0.8172,131,0.2142,0.8335,0.6332,0.8528,0.884,0.7904,false
CHR-BRO-0548,Patriarch Colbert of Hittite Empire,bronze_and_iron_age,Elamite Empire,Ancient Iran,-2684,-2644,Religious,architect,EVT-BRO-0548,0.8213,0.6755,0.8118,0.7501,0.7242,0.3556,0.76,37,0.3027,0.7968,0.6139,0.848,0.8791,0.786,false
CHR-BRO-0549,Guild Master Wu of Vedic Kingdoms,bronze_and_iron_age,Western Zhou Dynasty,East Asia,-2383,-2348,Economic,stabilizer,EVT-BRO-0549,0.7881,0.6609,0.8352,0.7162,0.6468,0.3259,0.4448,91,0.3048,0.6508,0.5395,0.8297,0.8601,0.769,false
CHR-BRO-0550,Viceroy Averroes of Western Zhou Dynasty,bronze_and_iron_age,Western Zhou Dynasty,East Asia,-2787,-2775,Political,wildcard,EVT-BRO-0550,0.4376,0.4115,0.6829,0.6421,0.3704,0.5497,0.8741,52,0.4538,0.6122,0.4899,0.997,1.0468,1.0967,false
CHR-BRO-0551,Syndic Ramesses of Sumer & Akkad,bronze_and_iron_age,Hittite Empire,Anatolia,-2133,-2092,Economic,catalyst,EVT-BRO-0551,0.6503,0.6906,0.7276,0.671,0.7205,0.6276,0.8381,33,0.4783,0.7254,0.6378,1.0934,1.1975,1.1455,false
CHR-BRO-0552,Minister Colbert of Shang Dynasty,bronze_and_iron_age,Phoenician City-States,Levant,-2025,-1982,Political,stabilizer,EVT-BRO-0552,0.6236,0.6972,0.7694,0.7345,0.4555,0.1533,0.6545,181,0.2094,0.636,0.4863,0.8166,0.8465,0.7569,false
CHR-BRO-0553,Scribe Enheduanna of Shang Dynasty,bronze_and_iron_age,Babylonia,Mesopotamia,-999,-982,Cultural,wildcard,EVT-BRO-0553,0.8782,0.7416,0.4765,0.3888,0.7779,0.5669,0.4322,33,0.5891,0.6998,0.6803,1.0541,1.1068,1.1595,false
CHR-BRO-0554,Poet Laureate Sumner of Indus Valley (Late),bronze_and_iron_age,Western Zhou Dynasty,East Asia,-1815,-1790,Cultural,architect,EVT-BRO-0554,0.8044,0.7184,0.8172,0.7873,0.5096,0.3712,0.6084,148,0.2919,0.726,0.5612,0.835,0.8656,0.7739,false
CHR-BRO-0555,Alchemist Wu of Sumer & Akkad,bronze_and_iron_age,Assyrian Empire,Near East,-2737,-2730,Scientific,stabilizer,EVT-BRO-0555,0.836,0.7013,0.9393,0.8971,0.4664,0.1495,0.515,207,0.1262,0.7076,0.495,0.8188,0.8487,0.7589,false
CHR-BRO-0556,Chancellor Adams of Sumer & Akkad,bronze_and_iron_age,Mycenaean Greece,Aegean,-2537,-2526,Political,architect,EVT-BRO-0556,0.8019,0.8512,0.8568,0.9113,0.5225,0.2778,0.6523,24,0.1832,0.7421,0.5648,0.8359,0.8665,0.7748,false
CHR-BRO-0557,Marshal Colbert of Mycenaean Greece,bronze_and_iron_age,Kingdom of Kush (Kerma/Napata),Nubia,-923,-913,Military,architect,EVT-BRO-0557,0.8499,0.7111,0.8127,0.7307,0.7738,0.4066,0.6444,130,0.338,0.7677,0.6251,0.8508,0.8819,0.7885,false
CHR-BRO-0558,Physician Qian of Minoan Civilization,bronze_and_iron_age,Vedic Kingdoms,South Asia,-1250,-1242,Scientific,catalyst,EVT-BRO-0558,0.8099,0.8655,0.5059,0.7468,0.8973,0.7911,0.9065,50,0.5221,0.8486,0.7836,1.1393,1.2478,1.1936,true
CHR-BRO-0559,Cardinal Mentuhotep of Vedic Kingdoms,bronze_and_iron_age,Vedic Kingdoms,South Asia,-1812,-1792,Religious,wildcard,EVT-BRO-0559,0.5035,0.576,0.3821,0.5062,0.7846,0.3109,0.6854,27,0.4023,0.5763,0.5659,1.0198,1.0708,1.1217,false
CHR-BRO-0560,General Mazarin of Kingdom of Kush (Kerma/Napata),bronze_and_iron_age,Ancient Egypt,North Africa / Nile,-834,-817,Military,stabilizer,EVT-BRO-0560,0.6346,0.6573,0.9171,0.7108,0.5858,0.161,0.4212,240,0.2251,0.5492,0.4552,0.809,0.8386,0.75,false
CHR-BRO-0561,Arch-Engineer Wu of Ancient Egypt,bronze_and_iron_age,Western Zhou Dynasty,East Asia,-1481,-1454,Scientific,architect,EVT-BRO-0561,0.8659,0.763,0.6962,0.9149,0.7612,0.3325,0.7434,121,0.2088,0.8169,0.6411,0.8547,0.886,0.7922,false
CHR-BRO-0562,Syndic Mentuhotep of Indus Valley (Late),bronze_and_iron_age,Ancient Egypt,North Africa / Nile,-849,-811,Economic,catalyst,EVT-BRO-0562,0.5815,0.8144,0.6782,0.5528,0.8727,0.58,0.7945,54,0.5136,0.6667,0.6592,1.1001,1.2049,1.1525,false
CHR-BRO-0563,Customs Director Kautilya of Indus Valley (Late),bronze_and_iron_age,Vedic Kingdoms,South Asia,-1828,-1811,Economic,disruptor,EVT-BRO-0563,0.7918,0.5397,0.2296,0.5042,0.7021,0.9129,0.8115,35,0.7044,0.7996,0.7447,1.2344,1.25,1.25,false
CHR-BRO-0564,General Harsha of Hittite Empire,bronze_and_iron_age,Elamite Empire,Ancient Iran,-2102,-2081,Military,architect,EVT-BRO-0564,0.8376,0.7878,0.7484,0.8784,0.5637,0.3741,0.5868,179,0.2478,0.7373,0.5875,0.8415,0.8723,0.7799,false
CHR-BRO-0565,High Priest Mentuhotep of Ancient Egypt,bronze_and_iron_age,Mycenaean Greece,Aegean,-1431,-1421,Religious,stabilizer,EVT-BRO-0565,0.5962,0.7719,0.8469,0.7709,0.6711,0.341,0.4319,59,0.285,0.5305,0.5082,0.822,0.8521,0.7619,false
CHR-BRO-0566,Astronomer Madison of Ancient Egypt,bronze_and_iron_age,Indus Valley (Late),South Asia,-2082,-2044,Scientific,catalyst,EVT-BRO-0566,0.7143,0.7756,0.6844,0.5537,0.756,0.5024,0.8389,32,0.4744,0.7641,0.6634,1.1015,1.2064,1.1539,false
CHR-BRO-0567,Astronomer Zhang of Elamite Empire,bronze_and_iron_age,Western Zhou Dynasty,East Asia,-2401,-2376,Scientific,catalyst,EVT-BRO-0567,0.6672,0.7209,0.5584,0.7437,0.7539,0.5833,0.8,53,0.4198,0.7203,0.6525,1.098,1.2026,1.1503,false
CHR-BRO-0568,Commander Wilhelm of Vedic Kingdoms,bronze_and_iron_age,Assyrian Empire,Near East,-1811,-1779,Military,architect,EVT-BRO-0568,0.8942,0.7001,0.7039,0.7545,0.5563,0.2772,0.8061,106,0.2614,0.859,0.6164,0.8486,0.8797,0.7865,false
CHR-BRO-0569,Centurion Puduhepa of Shang Dynasty,bronze_and_iron_age,Phoenician City-States,Levant,-1244,-1211,Military,wildcard,EVT-BRO-0569,0.7496,0.4054,0.741,0.3712,0.338,0.4757,0.7717,21,0.5522,0.7584,0.5434,1.013,1.0637,1.1143,false
CHR-BRO-0570,High Priest Hattusili of Phoenician City-States,bronze_and_iron_age,Assyrian Empire,Near East,-1278,-1254,Religious,architect,EVT-BRO-0570,0.8397,0.6639,0.8853,0.7587,0.7633,0.3988,0.6655,42,0.3201,0.77,0.6072,0.8464,0.8773,0.7844,false
CHR-BRO-0571,Minister Samsi-Adad of Hittite Empire,bronze_and_iron_age,Elamite Empire,Ancient Iran,-2572,-2529,Political,architect,EVT-BRO-0571,0.9018,0.8301,0.8317,0.7713,0.5901,0.263,0.6856,32,0.2458,0.8154,0.609,0.8468,0.8778,0.7849,false
CHR-BRO-0572,Viceroy Chandra of Phoenician City-States,bronze_and_iron_age,Vedic Kingdoms,South Asia,-1719,-1688,Political,stabilizer,EVT-BRO-0572,0.8352,0.6685,0.8516,0.8944,0.6453,0.2874,0.4422,114,0.1965,0.678,0.5354,0.8287,0.859,0.7681,false
CHR-BRO-0573,Geometer Mazarin of Kingdom of Kush (Kerma/Napata),bronze_and_iron_age,Western Zhou Dynasty,East Asia,-819,-801,Scientific,catalyst,EVT-BRO-0573,0.5459,0.7309,0.5761,0.7065,0.8457,0.7184,0.7131,31,0.506,0.6128,0.6448,1.0956,1.1999,1.1478,false
CHR-BRO-0574,Chronicler Chen of Mycenaean Greece,bronze_and_iron_age,Assyrian Empire,Near East,-1050,-1027,Cultural,catalyst,EVT-BRO-0574,0.5296,0.652,0.495,0.6451,0.9405,0.4866,0.7491,55,0.4208,0.6174,0.6249,1.0893,1.1931,1.1412,false
CHR-BRO-0575,Chamberlain Hattusili of Indus Valley (Late),bronze_and_iron_age,Babylonia,Mesopotamia,-3098,-3060,Economic,disruptor,EVT-BRO-0575,0.8906,0.8375,0.464,0.3914,0.8964,0.7907,0.8913,39,0.6996,0.8909,0.8191,1.25,1.25,1.25,true
CHR-BRO-0576,Marshal Richelieu of Phoenician City-States,bronze_and_iron_age,Hittite Empire,Anatolia,-3010,-3002,Military,stabilizer,EVT-BRO-0576,0.6291,0.6141,0.7946,0.8485,0.5838,0.2806,0.5764,161,0.2161,0.608,0.4936,0.8184,0.8484,0.7585,false
CHR-BRO-0577,Guild Master Labarna of Indus Valley (Late),bronze_and_iron_age,Mycenaean Greece,Aegean,-1770,-1753,Economic,wildcard,EVT-BRO-0577,0.4349,0.7259,0.303,0.7611,0.6983,0.713,0.7737,13,0.4759,0.5704,0.627,1.0381,1.09,1.1419,false
CHR-BRO-0578,Astronomer Mentuhotep of Shang Dynasty,bronze_and_iron_age,Kingdom of Kush (Kerma/Napata),Nubia,-1156,-1127,Scientific,architect,EVT-BRO-0578,0.8738,0.6459,0.8158,0.7783,0.6128,0.1889,0.6636,164,0.2053,0.7897,0.5646,0.8359,0.8665,0.7747,false
CHR-BRO-0579,Poet Laureate Bradford of Shang Dynasty,bronze_and_iron_age,Vedic Kingdoms,South Asia,-1878,-1850,Cultural,stabilizer,EVT-BRO-0579,0.7196,0.5783,0.8882,0.8957,0.4611,0.3337,0.5053,191,0.219,0.6339,0.4781,0.8146,0.8444,0.755,false
CHR-BRO-0580,Arch-Engineer Justinian of Ancient Egypt,bronze_and_iron_age,Phoenician City-States,Levant,-1726,-1681,Scientific,architect,EVT-BRO-0580,0.7116,0.653,0.711,0.8422,0.5786,0.2873,0.6915,101,0.2225,0.7035,0.5463,0.8314,0.8618,0.7705,false
CHR-BRO-0581,Mint Overseer Sargon of Western Zhou Dynasty,bronze_and_iron_age,Shang Dynasty,East Asia,-2854,-2839,Economic,catalyst,EVT-BRO-0581,0.6295,0.6541,0.4833,0.6964,0.7206,0.718,0.8854,28,0.5108,0.7319,0.6709,1.1038,1.209,1.1564,false
CHR-BRO-0582,Chancellor Labarna of Indus Valley (Late),bronze_and_iron_age,Babylonia,Mesopotamia,-3065,-3058,Political,stabilizer,EVT-BRO-0582,0.6208,0.6269,0.8892,0.7335,0.629,0.3148,0.6351,147,0.2906,0.6265,0.5105,0.8226,0.8527,0.7624,false
CHR-BRO-0583,Customs Director Khaldun of Elamite Empire,bronze_and_iron_age,Vedic Kingdoms,South Asia,-3098,-3057,Economic,catalyst,EVT-BRO-0583,0.6742,0.904,0.6765,0.6256,0.9161,0.4505,0.7154,59,0.4125,0.6907,0.6675,1.1028,1.2078,1.1553,false
CHR-BRO-0584,Polymath Song of Shang Dynasty,bronze_and_iron_age,Sumer & Akkad,Mesopotamia,-2482,-2453,Scientific,architect,EVT-BRO-0584,0.9061,0.6024,0.694,0.8959,0.5237,0.2343,0.6096,114,0.1692,0.7875,0.5578,0.8342,0.8647,0.7732,false
CHR-BRO-0585,Hierophant Lafayette of Vedic Kingdoms,bronze_and_iron_age,Minoan Civilization,Aegean / Crete,-2256,-2212,Religious,architect,EVT-BRO-0585,0.7378,0.8486,0.8692,0.8368,0.6777,0.2042,0.6392,39,0.1837,0.6983,0.5611,0.835,0.8656,0.7739,false
CHR-BRO-0586,Consul Imhotep of Hittite Empire,bronze_and_iron_age,Vedic Kingdoms,South Asia,-821,-807,Political,catalyst,EVT-BRO-0586,0.6754,0.7307,0.537,0.6592,0.8557,0.4664,0.8137,36,0.4036,0.7307,0.6622,1.1011,1.2059,1.1535,false
CHR-BRO-0587,Centurion Friedrich of Indus Valley (Late),bronze_and_iron_age,Vedic Kingdoms,South Asia,-1228,-1193,Military,architect,EVT-BRO-0587,0.8429,0.7037,0.7446,0.749,0.5604,0.2474,0.713,120,0.2492,0.7909,0.5825,0.8403,0.871,0.7788,false
CHR-BRO-0588,High Priest Baldwin of Minoan Civilization,bronze_and_iron_age,Assyrian Empire,Near East,-2463,-2440,Religious,disruptor,EVT-BRO-0588,0.76,0.7449,0.3333,0.3274,0.7662,0.8706,0.8058,33,0.7716,0.7783,0.7684,1.2426,1.25,1.25,true
CHR-BRO-0589,Legate Puduhepa of Mycenaean Greece,bronze_and_iron_age,Shang Dynasty,East Asia,-2162,-2137,Military,catalyst,EVT-BRO-0589,0.5825,0.7627,0.6374,0.7748,0.7872,0.6127,0.9089,49,0.419,0.7131,0.6539,1.0985,1.2031,1.1508,false
CHR-BRO-0590,Mint Overseer Justinian of Shang Dynasty,bronze_and_iron_age,Assyrian Empire,Near East,-1610,-1576,Economic,catalyst,EVT-BRO-0590,0.7431,0.717,0.4844,0.7111,0.9426,0.5845,0.8405,45,0.4367,0.782,0.7145,1.1176,1.224,1.1708,false
CHR-BRO-0591,Dramatist Naram-Sin of Indus Valley (Late),bronze_and_iron_age,Shang Dynasty,East Asia,-1598,-1581,Cultural,stabilizer,EVT-BRO-0591,0.6013,0.6936,0.748,0.8723,0.547,0.2319,0.4194,77,0.1798,0.5286,0.4657,0.8116,0.8413,0.7522,false
CHR-BRO-0592,Scribe Chen of Mycenaean Greece,bronze_and_iron_age,Hittite Empire,Anatolia,-2855,-2838,Cultural,catalyst,EVT-BRO-0592,0.5379,0.7843,0.6778,0.7378,0.8093,0.7566,0.8974,48,0.5094,0.6817,0.6669,1.1026,1.2076,1.1551,false
CHR-BRO-0593,Imam Zhang of Hittite Empire,bronze_and_iron_age,Phoenician City-States,Levant,-1899,-1886,Religious,architect,EVT-BRO-0593,0.8875,0.8525,0.8509,0.7089,0.7395,0.404,0.5751,173,0.3476,0.7625,0.637,0.8537,0.8849,0.7912,false
CHR-BRO-0594,Legate Otto of Hittite Empire,bronze_and_iron_age,Western Zhou Dynasty,East Asia,-2901,-2879,Military,catalyst,EVT-BRO-0594,0.7478,0.7893,0.5784,0.7384,0.7295,0.7509,0.8651,25,0.5063,0.7947,0.7124,1.1169,1.2233,1.1701,false
CHR-BRO-0595,High Priest Hamilton of Hittite Empire,bronze_and_iron_age,Babylonia,Mesopotamia,-2106,-2100,Religious,architect,EVT-BRO-0595,0.9036,0.8733,0.7357,0.864,0.7449,0.3895,0.7624,94,0.2628,0.8472,0.6746,0.863,0.8945,0.7998,false
CHR-BRO-0596,Chancellor Heinrich of Phoenician City-States,bronze_and_iron_age,Minoan Civilization,Aegean / Crete,-1984,-1973,Political,catalyst,EVT-BRO-0596,0.6749,0.8897,0.7204,0.6183,0.7827,0.7122,0.8808,19,0.547,0.7573,0.7056,1.1148,1.2209,1.1678,false
CHR-BRO-0597,Consul Ramesses of Ancient Egypt,bronze_and_iron_age,Elamite Empire,Ancient Iran,-2510,-2480,Political,architect,EVT-BRO-0597,0.6815,0.8489,0.8865,0.7875,0.6272,0.2806,0.8062,103,0.2465,0.7314,0.5768,0.8389,0.8696,0.7775,false
CHR-BRO-0598,Metallurgist Hamilton of Ancient Egypt,bronze_and_iron_age,Sumer & Akkad,Mesopotamia,-1594,-1569,Scientific,disruptor,EVT-BRO-0598,0.8912,0.7493,0.4124,0.6435,0.7633,0.8674,0.8505,34,0.6119,0.8749,0.784,1.248,1.25,1.25,true
CHR-BRO-0599,Cardinal Bradford of Indus Valley (Late),bronze_and_iron_age,Kingdom of Kush (Kerma/Napata),Nubia,-2366,-2336,Religious,disruptor,EVT-BRO-0599,0.8967,0.5868,0.494,0.5009,0.8076,0.7795,0.7994,20,0.6393,0.8578,0.7457,1.2348,1.25,1.25,false
CHR-BRO-0600,Viceroy Averroes of Shang Dynasty,bronze_and_iron_age,Vedic Kingdoms,South Asia,-2180,-2164,Political,architect,EVT-BRO-0600,0.8136,0.7695,0.8785,0.8626,0.7758,0.3773,0.6951,91,0.2574,0.7662,0.6151,0.8483,0.8793,0.7862,false
CHR-BRO-0601,Guild Master Chandra of Vedic Kingdoms,bronze_and_iron_age,Shang Dynasty,East Asia,-2180,-2150,Economic,disruptor,EVT-BRO-0601,0.6514,0.5618,0.5143,0.6126,0.8171,0.8096,0.873,28,0.5985,0.74,0.69,1.2156,1.25,1.25,false
CHR-BRO-0602,Senator Ramesses of Hittite Empire,bronze_and_iron_age,Assyrian Empire,Near East,-874,-858,Political,architect,EVT-BRO-0602,0.7638,0.7954,0.7916,0.8284,0.5828,0.3095,0.5947,104,0.2405,0.6962,0.5627,0.8354,0.866,0.7743,false
CHR-BRO-0603,High Priest Saladin of Elamite Empire,bronze_and_iron_age,Babylonia,Mesopotamia,-1421,-1415,Religious,wildcard,EVT-BRO-0603,0.7029,0.5066,0.5224,0.3467,0.2392,0.1618,0.6635,9,0.4076,0.6872,0.4918,0.9975,1.0474,1.0973,false
CHR-BRO-0604,Strategos Leonidas of Elamite Empire,bronze_and_iron_age,Ancient Egypt,North Africa / Nile,-2914,-2903,Military,catalyst,EVT-BRO-0604,0.6314,0.8218,0.4716,0.7033,0.9139,0.6064,0.895,28,0.4516,0.7368,0.7111,1.1165,1.2228,1.1697,false
CHR-BRO-0605,Cardinal Alexander of Vedic Kingdoms,bronze_and_iron_age,Indus Valley (Late),South Asia,-3095,-3082,Religious,stabilizer,EVT-BRO-0605,0.6869,0.7532,0.7264,0.8106,0.5819,0.3491,0.5707,112,0.2693,0.6404,0.5468,0.8315,0.8619,0.7707,false
CHR-BRO-0606,Warlord Dara of Sumer & Akkad,bronze_and_iron_age,Indus Valley (Late),South Asia,-1071,-1048,Military,catalyst,EVT-BRO-0606,0.5904,0.8074,0.7178,0.6141,0.7456,0.7565,0.8958,48,0.5712,0.7126,0.6759,1.1054,1.2107,1.1581,false
CHR-BRO-0607,Abbess Labarna of Assyrian Empire,bronze_and_iron_age,Phoenician City-States,Levant,-2313,-2291,Religious,disruptor,EVT-BRO-0607,0.6929,0.6206,0.2339,0.3352,0.7048,0.7535,0.828,13,0.7091,0.7469,0.7191,1.2256,1.25,1.25,false
CHR-BRO-0608,Physician Al-Mansur of Kingdom of Kush (Kerma/Napata),bronze_and_iron_age,Ancient Egypt,North Africa / Nile,-3084,-3056,Scientific,wildcard,EVT-BRO-0608,0.5625,0.4577,0.7317,0.7122,0.4692,0.6915,0.6332,69,0.4896,0.5908,0.5196,1.0059,1.0562,1.1065,false
CHR-BRO-0609,Chronicler Madison of Shang Dynasty,bronze_and_iron_age,Assyrian Empire,Near East,-2296,-2260,Cultural,wildcard,EVT-BRO-0609,0.6705,0.3974,0.4213,0.7132,0.5328,0.6427,0.6827,48,0.4648,0.6754,0.5782,1.0235,1.0746,1.1258,false
CHR-BRO-0610,Archon Solon of Mycenaean Greece,bronze_and_iron_age,Minoan Civilization,Aegean / Crete,-1940,-1900,Political,catalyst,EVT-BRO-0610,0.6292,0.8464,0.4515,0.7718,0.9252,0.7699,0.7019,38,0.499,0.6583,0.7101,1.1162,1.2225,1.1693,false
CHR-BRO-0611,High Priest Zhang of Western Zhou Dynasty,bronze_and_iron_age,Sumer & Akkad,Mesopotamia,-2942,-2926,Religious,wildcard,EVT-BRO-0611,0.4639,0.7324,0.3732,0.449,0.7276,0.4856,0.6129,26,0.5183,0.5235,0.59,1.027,1.0783,1.1297,false
CHR-BRO-0612,Syndic Ibn-Sina of Elamite Empire,bronze_and_iron_age,Phoenician City-States,Levant,-1020,-994,Economic,architect,EVT-BRO-0612,0.9101,0.8319,0.769,0.7716,0.6443,0.4058,0.7219,108,0.3171,0.8348,0.6526,0.8575,0.8889,0.7948,false
CHR-BRO-0613,Astronomer Necker of Ancient Egypt,bronze_and_iron_age,Hittite Empire,Anatolia,-827,-800,Scientific,catalyst,EVT-BRO-0613,0.6629,0.8042,0.7119,0.6096,0.8468,0.7453,0.8092,21,0.5678,0.7214,0.6949,1.1114,1.2172,1.1643,false
CHR-BRO-0614,Patriarch Baldwin of Indus Valley (Late),bronze_and_iron_age,Western Zhou Dynasty,East Asia,-2667,-2635,Religious,catalyst,EVT-BRO-0614,0.508,0.8504,0.5334,0.7318,0.7387,0.7459,0.8209,27,0.507,0.6332,0.6605,1.1005,1.2054,1.153,false
CHR-BRO-0615,Consul Narmer of Kingdom of Kush (Kerma/Napata),bronze_and_iron_age,Ancient Egypt,North Africa / Nile,-2921,-2906,Political,stabilizer,EVT-BRO-0615,0.7812,0.6117,0.8664,0.6939,0.4982,0.2888,0.4081,146,0.2975,0.632,0.495,0.8188,0.8487,0.7589,false
CHR-BRO-0616,Vizier Ashoka of Hittite Empire,bronze_and_iron_age,Sumer & Akkad,Mesopotamia,-1334,-1318,Political,architect,EVT-BRO-0616,0.7012,0.6588,0.7762,0.7782,0.5601,0.1832,0.7421,124,0.2025,0.7175,0.5304,0.8275,0.8578,0.7669,false
CHR-BRO-0617,Mint Overseer Valdemar of Sumer & Akkad,bronze_and_iron_age,Mycenaean Greece,Aegean,-1444,-1429,Economic,stabilizer,EVT-BRO-0617,0.7086,0.5599,0.756,0.8213,0.4565,0.3164,0.5339,58,0.2475,0.6387,0.4905,0.8177,0.8476,0.7578,false
CHR-BRO-0618,Philosopher Hathor of Shang Dynasty,bronze_and_iron_age,Vedic Kingdoms,South Asia,-1865,-1851,Cultural,wildcard,EVT-BRO-0618,0.7176,0.5938,0.3883,0.2938,0.4405,0.2697,0.5581,52,0.488,0.6538,0.5552,1.0166,1.0674,1.1182,false
CHR-BRO-0619,Polymath Richelieu of Babylonia,bronze_and_iron_age,Babylonia,Mesopotamia,-1293,-1274,Scientific,wildcard,EVT-BRO-0619,0.8597,0.7067,0.4403,0.7715,0.3091,0.6203,0.4424,5,0.4244,0.6928,0.5941,1.0282,1.0796,1.1311,false
CHR-BRO-0620,Archon Khaldun of Phoenician City-States,bronze_and_iron_age,Ancient Egypt,North Africa / Nile,-1213,-1195,Political,disruptor,EVT-BRO-0620,0.6414,0.6212,0.3205,0.4748,0.9072,0.9276,0.7987,8,0.7264,0.7043,0.7428,1.2338,1.25,1.25,false
CHR-BRO-0621,Physician Richelieu of Assyrian Empire,bronze_and_iron_age,Sumer & Akkad,Mesopotamia,-1760,-1753,Scientific,architect,EVT-BRO-0621,0.8849,0.7534,0.7782,0.72,0.6582,0.2942,0.5731,144,0.2871,0.7602,0.5992,0.8444,0.8753,0.7826,false
CHR-BRO-0622,Scribe Wu of Vedic Kingdoms,bronze_and_iron_age,Indus Valley (Late),South Asia,-2149,-2136,Cultural,wildcard,EVT-BRO-0622,0.8869,0.3868,0.3279,0.6267,0.656,0.5992,0.7542,48,0.4862,0.8338,0.667,1.0501,1.1026,1.1551,false
CHR-BRO-0623,Hierophant Averroes of Ancient Egypt,bronze_and_iron_age,Minoan Civilization,Aegean / Crete,-1100,-1066,Religious,disruptor,EVT-BRO-0623,0.8457,0.6181,0.3837,0.4173,0.9478,0.682,0.8805,16,0.6324,0.8596,0.7714,1.2437,1.25,1.25,true
CHR-BRO-0624,Abbess Belisarius of Elamite Empire,bronze_and_iron_age,Western Zhou Dynasty,East Asia,-1841,-1819,Religious,disruptor,EVT-BRO-0624,0.6399,0.6653,0.4502,0.4653,0.9314,0.786,0.8097,40,0.6603,0.7078,0.7206,1.2261,1.25,1.25,false
CHR-BRO-0625,Guild Master Kheti of Kingdom of Kush (Kerma/Napata),bronze_and_iron_age,Hittite Empire,Anatolia,-1105,-1076,Economic,wildcard,EVT-BRO-0625,0.5834,0.5468,0.2058,0.7654,0.2317,0.4925,0.8885,56,0.3636,0.7055,0.5609,1.0183,1.0692,1.1201,false
CHR-BRO-0626,Imam Averroes of Shang Dynasty,bronze_and_iron_age,Babylonia,Mesopotamia,-989,-965,Religious,catalyst,EVT-BRO-0626,0.5095,0.8825,0.4982,0.6316,0.7816,0.5404,0.7462,26,0.4544,0.6042,0.6386,1.0937,1.1978,1.1457,false
CHR-BRO-0627,Strategos Naram-Sin of Ancient Egypt,bronze_and_iron_age,Western Zhou Dynasty,East Asia,-2528,-2489,Military,disruptor,EVT-BRO-0627,0.7381,0.6897,0.4985,0.5022,0.742,0.6806,0.7454,47,0.5892,0.741,0.6882,1.2149,1.25,1.25,false
CHR-BRO-0628,Viceroy Averroes of Sumer & Akkad,bronze_and_iron_age,Phoenician City-States,Levant,-1547,-1517,Political,disruptor,EVT-BRO-0628,0.8766,0.5257,0.3483,0.4168,0.7806,0.8664,0.9568,14,0.7248,0.9087,0.7829,1.2476,1.25,1.25,true
CHR-BRO-0629,Metallurgist Mursili of Phoenician City-States,bronze_and_iron_age,Assyrian Empire,Near East,-2805,-2782,Scientific,wildcard,EVT-BRO-0629,0.8467,0.4124,0.5855,0.67,0.5946,0.3191,0.4516,68,0.3245,0.6887,0.5363,1.0109,1.0614,1.112,false
CHR-BRO-0630,Prefect Adams of Assyrian Empire,bronze_and_iron_age,Western Zhou Dynasty,East Asia,-2143,-2133,Political,catalyst,EVT-BRO-0630,0.5136,0.7741,0.5773,0.6043,0.8377,0.5453,0.8276,15,0.4705,0.6392,0.6382,1.0935,1.1977,1.1456,false
CHR-BRO-0631,Philosopher Hattusili of Sumer & Akkad,bronze_and_iron_age,Assyrian Empire,Near East,-2905,-2885,Cultural,catalyst,EVT-BRO-0631,0.6758,0.9199,0.6923,0.6503,0.8242,0.7898,0.9331,18,0.5698,0.7787,0.7373,1.1247,1.2319,1.1783,false
CHR-BRO-0632,Chancellor Suppiluliuma of Minoan Civilization,bronze_and_iron_age,Hittite Empire,Anatolia,-2658,-2648,Political,catalyst,EVT-BRO-0632,0.5038,0.889,0.5942,0.6197,0.7399,0.4871,0.8332,50,0.4337,0.6356,0.6279,1.0903,1.1941,1.1422,false
CHR-BRO-0633,Syndic Adams of Minoan Civilization,bronze_and_iron_age,Babylonia,Mesopotamia,-2761,-2740,Economic,catalyst,EVT-BRO-0633,0.7005,0.7956,0.5151,0.6537,0.8626,0.4914,0.8594,31,0.4188,0.7641,0.6923,1.1106,1.2163,1.1635,false
CHR-BRO-0634,Dramatist Sun of Mycenaean Greece,bronze_and_iron_age,Minoan Civilization,Aegean / Crete,-1937,-1907,Cultural,disruptor,EVT-BRO-0634,0.7755,0.7557,0.4471,0.5691,0.7313,0.7052,0.8972,33,0.5681,0.8242,0.7341,1.2308,1.25,1.25,false
CHR-BRO-0635,Synod Envoy Imhotep of Mycenaean Greece,bronze_and_iron_age,Vedic Kingdoms,South Asia,-1272,-1256,Religious,catalyst,EVT-BRO-0635,0.8097,0.821,0.6587,0.7591,0.9157,0.547,0.7216,60,0.394,0.7744,0.6994,1.1128,1.2188,1.1658,false
CHR-BRO-0636,Centurion Puduhepa of Assyrian Empire,bronze_and_iron_age,Minoan Civilization,Aegean / Crete,-2360,-2335,Military,architect,EVT-BRO-0636,0.8911,0.8499,0.7114,0.9185,0.6498,0.2428,0.7433,74,0.1622,0.832,0.6286,0.8516,0.8828,0.7893,false
CHR-BRO-0637,Merchant Prince Mirabeau of Shang Dynasty,bronze_and_iron_age,Kingdom of Kush (Kerma/Napata),Nubia,-872,-844,Economic,stabilizer,EVT-BRO-0637,0.8481,0.7213,0.8714,0.6871,0.6292,0.3058,0.4307,140,0.3093,0.6812,0.5536,0.8332,0.8637,0.7722,false
CHR-BRO-0638,Philosopher Li of Sumer & Akkad,bronze_and_iron_age,Assyrian Empire,Near East,-2987,-2960,Cultural,architect,EVT-BRO-0638,0.6893,0.8193,0.7105,0.8233,0.5142,0.3811,0.5703,167,0.2789,0.6417,0.5528,0.833,0.8635,0.772,false
CHR-BRO-0639,Cardinal Zhang of Shang Dynasty,bronze_and_iron_age,Phoenician City-States,Levant,-2959,-2923,Religious,wildcard,EVT-BRO-0639,0.7507,0.6578,0.356,0.3096,0.601,0.7341,0.6687,72,0.7122,0.7179,0.6858,1.0558,1.1085,1.1613,false
CHR-BRO-0640,Philosopher Marshall of Kingdom of Kush (Kerma/Napata),bronze_and_iron_age,Ancient Egypt,North Africa / Nile,-1839,-1816,Cultural,architect,EVT-BRO-0640,0.8654,0.6927,0.6821,0.7305,0.566,0.444,0.6464,161,0.3567,0.7778,0.614,0.848,0.8791,0.786,false
CHR-BRO-0641,Chronicler Eleanor of Phoenician City-States,bronze_and_iron_age,Hittite Empire,Anatolia,-1038,-1023,Cultural,architect,EVT-BRO-0641,0.8308,0.8408,0.7926,0.89,0.7179,0.2471,0.5879,159,0.1785,0.7337,0.593,0.8429,0.8737,0.7812,false
CHR-BRO-0642,High Priest Aurelius of Assyrian Empire,bronze_and_iron_age,Babylonia,Mesopotamia,-2762,-2725,Religious,disruptor,EVT-BRO-0642,0.9376,0.8426,0.4266,0.5021,0.8202,0.9366,0.7332,8,0.7172,0.8558,0.8165,1.25,1.25,1.25,true
CHR-BRO-0643,Pontiff Sumner of Ancient Egypt,bronze_and_iron_age,Elamite Empire,Ancient Iran,-1293,-1277,Religious,catalyst,EVT-BRO-0643,0.5168,0.7499,0.6745,0.7154,0.7789,0.697,0.8534,56,0.4908,0.6514,0.6379,1.0934,1.1976,1.1455,false
CHR-BRO-0644,Marshal Sargon of Minoan Civilization,bronze_and_iron_age,Assyrian Empire,Near East,-1708,-1703,Military,catalyst,EVT-BRO-0644,0.6089,0.8352,0.7171,0.7257,0.7213,0.6134,0.8479,47,0.4439,0.7045,0.6469,1.0963,1.2007,1.1485,false
CHR-BRO-0645,Pontiff Dara of Mycenaean Greece,bronze_and_iron_age,Mycenaean Greece,Aegean,-2016,-2011,Religious,stabilizer,EVT-BRO-0645,0.7374,0.703,0.7882,0.7972,0.6834,0.2646,0.5978,100,0.2337,0.6816,0.553,0.833,0.8635,0.7721,false
CHR-BRO-0646,Philosopher Song of Assyrian Empire,bronze_and_iron_age,Hittite Empire,Anatolia,-2735,-2710,Cultural,stabilizer,EVT-BRO-0646,0.6332,0.7818,0.9214,0.8734,0.6644,0.1354,0.5233,137,0.131,0.5892,0.4882,0.8171,0.847,0.7573,false
CHR-BRO-0647,Centurion Alexander of Elamite Empire,bronze_and_iron_age,Indus Valley (Late),South Asia,-2746,-2721,Military,catalyst,EVT-BRO-0647,0.6832,0.8036,0.4973,0.6028,0.8402,0.5218,0.9327,45,0.4595,0.783,0.7057,1.1148,1.221,1.1679,false
CHR-BRO-0648,Synod Envoy Sargon of Hittite Empire,bronze_and_iron_age,Mycenaean Greece,Aegean,-2009,-1986,Religious,stabilizer,EVT-BRO-0648,0.684,0.7232,0.9059,0.7115,0.6781,0.1376,0.6467,119,0.213,0.6691,0.5227,0.8256,0.8558,0.7652,false
CHR-BRO-0649,Mint Overseer Valdemar of Sumer & Akkad,bronze_and_iron_age,Kingdom of Kush (Kerma/Napata),Nubia,-1990,-1957,Economic,stabilizer,EVT-BRO-0649,0.8257,0.7346,0.93,0.8727,0.5907,0.2091,0.4022,233,0.1682,0.6563,0.5103,0.8225,0.8526,0.7623,false
CHR-BRO-0650,Legate Naram-Sin of Vedic Kingdoms,bronze_and_iron_age,Babylonia,Mesopotamia,-1518,-1512,Military,architect,EVT-BRO-0650,0.7399,0.7369,0.7779,0.9072,0.7446,0.3368,0.6159,162,0.2148,0.6903,0.577,0.8389,0.8696,0.7775,false
CHR-BRO-0651,Consul Hamilton of Sumer & Akkad,bronze_and_iron_age,Ancient Egypt,North Africa / Nile,-1788,-1768,Political,stabilizer,EVT-BRO-0651,0.597,0.5838,0.735,0.8289,0.5555,0.3259,0.4993,146,0.2485,0.5579,0.479,0.8148,0.8446,0.7552,false
CHR-BRO-0652,Rhetorician Dara of Minoan Civilization,bronze_and_iron_age,Assyrian Empire,Near East,-2214,-2199,Cultural,disruptor,EVT-BRO-0652,0.6163,0.618,0.2586,0.5843,0.7684,0.7796,0.9094,37,0.5976,0.7335,0.7103,1.2226,1.25,1.25,false
CHR-BRO-0653,Arch-Engineer Sumner of Babylonia,bronze_and_iron_age,Babylonia,Mesopotamia,-860,-842,Scientific,wildcard,EVT-BRO-0653,0.4387,0.4938,0.4907,0.7879,0.3924,0.2991,0.6476,15,0.2556,0.5222,0.4461,0.9838,1.033,1.0822,false
CHR-BRO-0654,Customs Director Zhao of Western Zhou Dynasty,bronze_and_iron_age,Shang Dynasty,East Asia,-1726,-1720,Economic,stabilizer,EVT-BRO-0654,0.6099,0.7436,0.7709,0.7654,0.5679,0.1768,0.6041,63,0.2057,0.6076,0.501,0.8202,0.8502,0.7602,false
CHR-BRO-0655,Arch-Engineer Telepinu of Minoan Civilization,bronze_and_iron_age,Indus Valley (Late),South Asia,-1461,-1451,Scientific,catalyst,EVT-BRO-0655,0.6844,0.7152,0.5181,0.6126,0.768,0.6567,0.9085,60,0.522,0.7741,0.6959,1.1117,1.2176,1.1647,false
CHR-BRO-0656,Admiral Hammurabi of Western Zhou Dynasty,bronze_and_iron_age,Minoan Civilization,Aegean / Crete,-1222,-1209,Military,stabilizer,EVT-BRO-0656,0.7659,0.7634,0.8221,0.7926,0.614,0.2142,0.464,180,0.2108,0.6452,0.528,0.8269,0.8571,0.7664,false
CHR-BRO-0657,Vizier Telepinu of Hittite Empire,bronze_and_iron_age,Babylonia,Mesopotamia,-2526,-2510,Political,architect,EVT-BRO-0657,0.8557,0.7561,0.7948,0.7401,0.5036,0.1918,0.7844,106,0.2258,0.8272,0.5828,0.8404,0.8711,0.7789,false
CHR-BRO-0658,Hierophant Kautilya of Phoenician City-States,bronze_and_iron_age,Hittite Empire,Anatolia,-830,-809,Religious,disruptor,EVT-BRO-0658,0.7822,0.5503,0.347,0.3593,0.9108,0.6703,0.8178,24,0.6555,0.7964,0.7353,1.2312,1.25,1.25,false
CHR-BRO-0659,Chronicler Aurelius of Assyrian Empire,bronze_and_iron_age,Indus Valley (Late),South Asia,-1952,-1940,Cultural,wildcard,EVT-BRO-0659,0.6069,0.5056,0.5287,0.4869,0.4523,0.3976,0.819,53,0.4554,0.6917,0.5507,1.0152,1.066,1.1167,false
CHR-BRO-0660,Syndic Zhao of Babylonia,bronze_and_iron_age,Ancient Egypt,North Africa / Nile,-1932,-1916,Economic,stabilizer,EVT-BRO-0660,0.83,0.7321,0.8295,0.7459,0.6694,0.1511,0.4943,168,0.2026,0.6957,0.5443,0.8309,0.8613,0.7701,false
CHR-BRO-0661,Alchemist Song of Babylonia,bronze_and_iron_age,Babylonia,Mesopotamia,-1173,-1164,Scientific,catalyst,EVT-BRO-0661,0.7848,0.6757,0.5814,0.566,0.914,0.4738,0.7185,55,0.4539,0.7583,0.6771,1.1058,1.2111,1.1584,false
CHR-BRO-0662,Master Sculptor Ramesses of Babylonia,bronze_and_iron_age,Indus Valley (Late),South Asia,-2586,-2570,Cultural,disruptor,EVT-BRO-0662,0.8804,0.5726,0.3802,0.4133,0.8078,0.7378,0.7301,12,0.6622,0.8203,0.7387,1.2323,1.25,1.25,false
CHR-BRO-0663,Patriarch Enheduanna of Indus Valley (Late),bronze_and_iron_age,Assyrian Empire,Near East,-2874,-2860,Religious,disruptor,EVT-BRO-0663,0.6445,0.5059,0.3689,0.322,0.8787,0.7996,0.9209,37,0.7388,0.7551,0.7239,1.2272,1.25,1.25,false
CHR-BRO-0664,Commander Kautilya of Indus Valley (Late),bronze_and_iron_age,Western Zhou Dynasty,East Asia,-2102,-2066,Military,disruptor,EVT-BRO-0664,0.8177,0.7437,0.3098,0.4649,0.7014,0.9456,0.8404,9,0.7403,0.8268,0.7849,1.2483,1.25,1.25,true
CHR-BRO-0665,Strategos Sherman of Kingdom of Kush (Kerma/Napata),bronze_and_iron_age,Shang Dynasty,East Asia,-1844,-1814,Military,disruptor,EVT-BRO-0665,0.8237,0.7448,0.2606,0.4779,0.7418,0.8673,0.7974,21,0.6947,0.8132,0.7787,1.2461,1.25,1.25,true
CHR-BRO-0666,Strategos Rajaraja of Kingdom of Kush (Kerma/Napata),bronze_and_iron_age,Assyrian Empire,Near East,-1037,-1032,Military,stabilizer,EVT-BRO-0666,0.6993,0.7564,0.7701,0.7415,0.6821,0.2175,0.5809,239,0.238,0.652,0.5463,0.8314,0.8618,0.7706,false
CHR-BRO-0667,Rhetorician Aurelius of Vedic Kingdoms,bronze_and_iron_age,Phoenician City-States,Levant,-982,-968,Cultural,wildcard,EVT-BRO-0667,0.6591,0.4907,0.3985,0.6909,0.3258,0.5621,0.7456,21,0.4356,0.6937,0.559,1.0177,1.0686,1.1195,false
CHR-BRO-0668,Imam Kautilya of Elamite Empire,bronze_and_iron_age,Shang Dynasty,East Asia,-1201,-1190,Religious,wildcard,EVT-BRO-0668,0.846,0.7213,0.3362,0.473,0.432,0.5596,0.5803,60,0.5433,0.7397,0.6482,1.0445,1.0967,1.1489,false
CHR-BRO-0669,Marshal Adams of Elamite Empire,bronze_and_iron_age,Kingdom of Kush (Kerma/Napata),Nubia,-2152,-2111,Military,disruptor,EVT-BRO-0669,0.7524,0.6461,0.4872,0.4839,0.8536,0.8604,0.733,18,0.6883,0.7446,0.7291,1.2291,1.25,1.25,false
CHR-BRO-0670,High Priest Ibn-Sina of Kingdom of Kush (Kerma/Napata),bronze_and_iron_age,Western Zhou Dynasty,East Asia,-1082,-1067,Religious,catalyst,EVT-BRO-0670,0.5582,0.6795,0.5662,0.7244,0.7836,0.5241,0.8157,54,0.3999,0.6612,0.6171,1.0869,1.1904,1.1387,false
CHR-BRO-0671,Minister Marshall of Sumer & Akkad,bronze_and_iron_age,Indus Valley (Late),South Asia,-1607,-1588,Political,stabilizer,EVT-BRO-0671,0.7525,0.6194,0.7281,0.7078,0.4698,0.2206,0.5332,191,0.2564,0.6648,0.5064,0.8216,0.8516,0.7615,false
CHR-BRO-0672,Rhetorician Hamilton of Shang Dynasty,bronze_and_iron_age,Vedic Kingdoms,South Asia,-2703,-2690,Cultural,architect,EVT-BRO-0672,0.6769,0.6289,0.8909,0.7267,0.6399,0.399,0.7664,160,0.3362,0.7127,0.5589,0.8345,0.865,0.7734,false
CHR-BRO-0673,Imam Enheduanna of Minoan Civilization,bronze_and_iron_age,Sumer & Akkad,Mesopotamia,-1425,-1410,Religious,architect,EVT-BRO-0673,0.9081,0.7533,0.8856,0.8012,0.5182,0.4331,0.8126,71,0.316,0.8699,0.626,0.851,0.8821,0.7887,false
CHR-BRO-0674,Chamberlain Alexander of Minoan Civilization,bronze_and_iron_age,Vedic Kingdoms,South Asia,-2479,-2438,Economic,disruptor,EVT-BRO-0674,0.6037,0.6463,0.2726,0.524,0.867,0.8472,0.735,45,0.6616,0.6562,0.7118,1.2231,1.25,1.25,false
CHR-BRO-0675,Synod Envoy Rimush of Assyrian Empire,bronze_and_iron_age,Assyrian Empire,Near East,-2647,-2639,Religious,disruptor,EVT-BRO-0675,0.8768,0.6499,0.326,0.4494,0.9193,0.6825,0.8437,47,0.6165,0.8636,0.7784,1.2461,1.25,1.25,true
CHR-BRO-0676,Geometer Madison of Sumer & Akkad,bronze_and_iron_age,Minoan Civilization,Aegean / Crete,-2648,-2604,Scientific,stabilizer,EVT-BRO-0676,0.812,0.6157,0.7415,0.7818,0.5127,0.3015,0.6693,147,0.2599,0.7549,0.5546,0.8334,0.8639,0.7725,false
CHR-BRO-0677,Senator Mazarin of Shang Dynasty,bronze_and_iron_age,Mycenaean Greece,Aegean,-2992,-2976,Political,disruptor,EVT-BRO-0677,0.6445,0.723,0.4951,0.6356,0.8622,0.8364,0.7267,15,0.6004,0.6774,0.7021,1.2197,1.25,1.25,false
CHR-BRO-0678,Mint Overseer Ramesses of Vedic Kingdoms,bronze_and_iron_age,Kingdom of Kush (Kerma/Napata),Nubia,-2126,-2120,Economic,disruptor,EVT-BRO-0678,0.6585,0.6269,0.2578,0.3231,0.8364,0.6535,0.7559,31,0.6652,0.6975,0.7036,1.2202,1.25,1.25,false
CHR-BRO-0679,Treasurer Chen of Sumer & Akkad,bronze_and_iron_age,Sumer & Akkad,Mesopotamia,-1430,-1421,Economic,architect,EVT-BRO-0679,0.792,0.7138,0.8408,0.7722,0.5957,0.4269,0.6542,161,0.3274,0.7369,0.5839,0.8406,0.8714,0.7791,false
CHR-BRO-0680,Rhetorician Mursili of Ancient Egypt,bronze_and_iron_age,Indus Valley (Late),South Asia,-1078,-1047,Cultural,architect,EVT-BRO-0680,0.6595,0.868,0.8532,0.8657,0.6898,0.4217,0.612,83,0.278,0.6405,0.575,0.8384,0.8691,0.7771,false
CHR-BRO-0681,Mint Overseer Samudra of Assyrian Empire,bronze_and_iron_age,Assyrian Empire,Near East,-2752,-2716,Economic,wildcard,EVT-BRO-0681,0.4631,0.5923,0.59,0.6934,0.6846,0.2838,0.61,14,0.2952,0.5218,0.4977,0.9993,1.0493,1.0992,false
CHR-BRO-0682,Synod Envoy Harsha of Mycenaean Greece,bronze_and_iron_age,Shang Dynasty,East Asia,-922,-913,Religious,wildcard,EVT-BRO-0682,0.4705,0.7516,0.71,0.3984,0.5909,0.693,0.7786,41,0.6473,0.5937,0.5988,1.0296,1.0811,1.1326,false
CHR-BRO-0683,General Mursili of Phoenician City-States,bronze_and_iron_age,Vedic Kingdoms,South Asia,-1570,-1551,Military,disruptor,EVT-BRO-0683,0.8259,0.5472,0.3748,0.6155,0.8195,0.776,0.939,35,0.5802,0.8712,0.7505,1.2364,1.25,1.25,true
CHR-BRO-0684,Minister Zhang of Sumer & Akkad,bronze_and_iron_age,Minoan Civilization,Aegean / Crete,-2038,-2002,Political,architect,EVT-BRO-0684,0.8502,0.6481,0.7541,0.8139,0.5275,0.3839,0.6154,48,0.285,0.7563,0.5727,0.8379,0.8685,0.7766,false
CHR-BRO-0685,Chancellor Labarna of Kingdom of Kush (Kerma/Napata),bronze_and_iron_age,Sumer & Akkad,Mesopotamia,-2890,-2852,Political,architect,EVT-BRO-0685,0.7525,0.6384,0.7877,0.7318,0.7759,0.2706,0.7119,97,0.2694,0.7362,0.5823,0.8402,0.871,0.7788,false
CHR-BRO-0686,Alchemist Otto of Shang Dynasty,bronze_and_iron_age,Minoan Civilization,Aegean / Crete,-1484,-1450,Scientific,wildcard,EVT-BRO-0686,0.7356,0.7751,0.4016,0.3391,0.7056,0.6404,0.4736,50,0.6506,0.6308,0.666,1.0498,1.1023,1.1548,false
CHR-BRO-0687,Hierophant Qian of Assyrian Empire,bronze_and_iron_age,Phoenician City-States,Levant,-1539,-1534,Religious,stabilizer,EVT-BRO-0687,0.6345,0.7466,0.849,0.7475,0.5853,0.2207,0.4476,219,0.2366,0.5597,0.4864,0.8166,0.8465,0.7569,false
CHR-BRO-0688,Scribe Telepinu of Assyrian Empire,bronze_and_iron_age,Babylonia,Mesopotamia,-2140,-2132,Cultural,architect,EVT-BRO-0688,0.7426,0.6396,0.7473,0.8167,0.5221,0.2461,0.7896,169,0.2147,0.7614,0.5497,0.8322,0.8627,0.7713,false
CHR-BRO-0689,Warlord Mirabeau of Kingdom of Kush (Kerma/Napata),bronze_and_iron_age,Sumer & Akkad,Mesopotamia,-2735,-2701,Military,architect,EVT-BRO-0689,0.8023,0.8501,0.8038,0.7573,0.5693,0.448,0.6219,142,0.3454,0.7302,0.6057,0.846,0.877,0.7841,false
CHR-BRO-0690,Syndic Valdemar of Sumer & Akkad,bronze_and_iron_age,Mycenaean Greece,Aegean,-1279,-1243,Economic,architect,EVT-BRO-0690,0.8517,0.842,0.8612,0.8347,0.5749,0.3925,0.7747,48,0.2789,0.8209,0.6227,0.8502,0.8813,0.788,false
CHR-BRO-0691,Chronicler Labarna of Shang Dynasty,bronze_and_iron_age,Vedic Kingdoms,South Asia,-1520,-1492,Cultural,wildcard,EVT-BRO-0691,0.6482,0.742,0.659,0.2142,0.223,0.1722,0.6419,19,0.479,0.6457,0.5023,1.0007,1.0507,1.1008,false
CHR-BRO-0692,Hierophant Mentuhotep of Indus Valley (Late),bronze_and_iron_age,Assyrian Empire,Near East,-1998,-1968,Religious,stabilizer,EVT-BRO-0692,0.7023,0.638,0.8308,0.8595,0.5595,0.2329,0.4849,235,0.1867,0.6154,0.4868,0.8168,0.8466,0.757,false
CHR-BRO-0693,Synod Envoy Sumner of Babylonia,bronze_and_iron_age,Assyrian Empire,Near East,-1043,-1035,Religious,wildcard,EVT-BRO-0693,0.7033,0.5002,0.4952,0.6537,0.6308,0.3961,0.5854,64,0.3712,0.6562,0.5605,1.0181,1.0691,1.12,false
CHR-BRO-0694,Physician Constantine of Minoan Civilization,bronze_and_iron_age,Kingdom of Kush (Kerma/Napata),Nubia,-1781,-1761,Scientific,stabilizer,EVT-BRO-0694,0.7441,0.6638,0.8476,0.8166,0.5781,0.1858,0.5611,118,0.1846,0.6709,0.5088,0.8222,0.8522,0.762,false
CHR-BRO-0695,Pontiff Valdemar of Elamite Empire,bronze_and_iron_age,Minoan Civilization,Aegean / Crete,-1129,-1096,Religious,stabilizer,EVT-BRO-0695,0.6019,0.75,0.8475,0.8467,0.629,0.2384,0.5201,169,0.1959,0.5692,0.494,0.8185,0.8485,0.7586,false
CHR-BRO-0696,Geometer Leonidas of Phoenician City-States,bronze_and_iron_age,Phoenician City-States,Levant,-1654,-1623,Scientific,catalyst,EVT-BRO-0696,0.7997,0.7955,0.7471,0.6991,0.7757,0.754,0.9105,53,0.5275,0.844,0.7256,1.1211,1.2278,1.1745,false
CHR-BRO-0697,Consul Talleyrand of Elamite Empire,bronze_and_iron_age,Ancient Egypt,North Africa / Nile,-2857,-2823,Political,stabilizer,EVT-BRO-0697,0.7646,0.5891,0.8078,0.7832,0.6026,0.3156,0.4317,223,0.2662,0.6314,0.5121,0.823,0.8531,0.7627,false
CHR-BRO-0698,Treasurer Harsha of Sumer & Akkad,bronze_and_iron_age,Babylonia,Mesopotamia,-1603,-1561,Economic,disruptor,EVT-BRO-0698,0.86,0.6693,0.3197,0.5371,0.7513,0.8597,0.8135,9,0.6613,0.8414,0.7702,1.2432,1.25,1.25,true
CHR-BRO-0699,Pontiff Vikram of Assyrian Empire,bronze_and_iron_age,Minoan Civilization,Aegean / Crete,-1694,-1676,Religious,architect,EVT-BRO-0699,0.8545,0.8123,0.7408,0.8037,0.6647,0.3018,0.7743,87,0.249,0.8224,0.6323,0.8526,0.8837,0.7902,false
CHR-BRO-0700,Marshal Necker of Kingdom of Kush (Kerma/Napata),bronze_and_iron_age,Elamite Empire,Ancient Iran,-2866,-2836,Military,disruptor,EVT-BRO-0700,0.9178,0.7404,0.224,0.5021,0.9023,0.6513,0.7792,19,0.5746,0.8623,0.7929,1.25,1.25,1.25,true
CHR-BRO-0701,Warlord Heinrich of Ancient Egypt,bronze_and_iron_age,Ancient Egypt,North Africa / Nile,-1218,-1186,Military,disruptor,EVT-BRO-0701,0.6779,0.6783,0.2501,0.4806,0.8801,0.7032,0.9464,16,0.6113,0.7853,0.7516,1.2368,1.25,1.25,true
CHR-BRO-0702,Imam Wilhelm of Sumer & Akkad,bronze_and_iron_age,Sumer & Akkad,Mesopotamia,-1073,-1067,Religious,stabilizer,EVT-BRO-0702,0.8206,0.565,0.7507,0.7619,0.5221,0.2986,0.5503,59,0.2683,0.7125,0.5324,0.828,0.8583,0.7674,false
CHR-BRO-0703,Chronicler Ashoka of Hittite Empire,bronze_and_iron_age,Western Zhou Dynasty,East Asia,-1685,-1652,Cultural,wildcard,EVT-BRO-0703,0.6888,0.7652,0.5622,0.426,0.7891,0.6078,0.7823,69,0.5909,0.7262,0.6863,1.0559,1.1087,1.1615,false
CHR-BRO-0704,Syndic Rajaraja of Hittite Empire,bronze_and_iron_age,Vedic Kingdoms,South Asia,-2247,-2228,Economic,wildcard,EVT-BRO-0704,0.7654,0.3658,0.3405,0.3809,0.6591,0.6915,0.5499,34,0.6553,0.6792,0.6282,1.0385,1.0904,1.1423,false
CHR-BRO-0705,Syndic Theodosius of Minoan Civilization,bronze_and_iron_age,Babylonia,Mesopotamia,-2313,-2297,Economic,wildcard,EVT-BRO-0705,0.8497,0.6785,0.2815,0.2869,0.7673,0.3401,0.6809,35,0.5266,0.7822,0.6899,1.057,1.1098,1.1627,false
CHR-BRO-0706,Scribe Narmer of Shang Dynasty,bronze_and_iron_age,Shang Dynasty,East Asia,-2233,-2202,Cultural,wildcard,EVT-BRO-0706,0.4212,0.6224,0.1869,0.5979,0.8202,0.5136,0.665,49,0.4578,0.5187,0.5999,1.03,1.0815,1.133,false
CHR-BRO-0707,Rhetorician Heinrich of Indus Valley (Late),bronze_and_iron_age,Ancient Egypt,North Africa / Nile,-1287,-1274,Cultural,architect,EVT-BRO-0707,0.8776,0.7233,0.8577,0.9057,0.5491,0.2304,0.6999,30,0.1624,0.8065,0.5688,0.8369,0.8675,0.7757,false
CHR-BRO-0708,Legate Naram-Sin of Shang Dynasty,bronze_and_iron_age,Vedic Kingdoms,South Asia,-2696,-2657,Military,wildcard,EVT-BRO-0708,0.41,0.3793,0.4664,0.7528,0.6882,0.3621,0.487,38,0.3046,0.4408,0.4557,0.9867,1.036,1.0854,false
CHR-BRO-0709,Philosopher Seneb of Indus Valley (Late),bronze_and_iron_age,Indus Valley (Late),South Asia,-2613,-2604,Cultural,catalyst,EVT-BRO-0709,0.7052,0.6897,0.5129,0.5571,0.7654,0.5624,0.9205,31,0.5026,0.7913,0.6879,1.1092,1.2148,1.162,false
CHR-BRO-0710,Guild Master Alexander of Indus Valley (Late),bronze_and_iron_age,Elamite Empire,Ancient Iran,-1982,-1944,Economic,catalyst,EVT-BRO-0710,0.6394,0.7979,0.6223,0.7065,0.8683,0.5127,0.7317,18,0.4031,0.6763,0.6489,1.0969,1.2014,1.1491,false
CHR-BRO-0711,Viceroy Mazarin of Assyrian Empire,bronze_and_iron_age,Phoenician City-States,Levant,-2401,-2373,Political,stabilizer,EVT-BRO-0711,0.6084,0.6151,0.9148,0.8688,0.4876,0.2034,0.6179,165,0.1673,0.6122,0.4558,0.8091,0.8387,0.75,false
CHR-BRO-0712,Dramatist Heinrich of Ancient Egypt,bronze_and_iron_age,Hittite Empire,Anatolia,-1971,-1953,Cultural,stabilizer,EVT-BRO-0712,0.7526,0.6758,0.8881,0.8309,0.4527,0.3427,0.472,45,0.2559,0.6404,0.4993,0.8198,0.8498,0.7598,false
CHR-BRO-0713,Vizier Ibn-Sina of Ancient Egypt,bronze_and_iron_age,Phoenician City-States,Levant,-2587,-2582,Political,architect,EVT-BRO-0713,0.8187,0.8178,0.8999,0.9161,0.5207,0.3864,0.6078,54,0.2352,0.7343,0.5688,0.8369,0.8675,0.7757,false
CHR-BRO-0714,Syndic Nizam of Assyrian Empire,bronze_and_iron_age,Assyrian Empire,Near East,-1221,-1176,Economic,catalyst,EVT-BRO-0714,0.6791,0.9011,0.5587,0.7394,0.7321,0.5396,0.7853,21,0.4001,0.7216,0.6706,1.1038,1.2089,1.1563,false
CHR-BRO-0715,Arch-Engineer Sun of Assyrian Empire,bronze_and_iron_age,Phoenician City-States,Levant,-1783,-1748,Scientific,disruptor,EVT-BRO-0715,0.6583,0.5746,0.3338,0.3559,0.9091,0.8736,0.7821,47,0.7589,0.7078,0.7343,1.2308,1.25,1.25,false
CHR-BRO-0716,Warlord Theodosius of Western Zhou Dynasty,bronze_and_iron_age,Kingdom of Kush (Kerma/Napata),Nubia,-1828,-1810,Military,disruptor,EVT-BRO-0716,0.8462,0.6226,0.308,0.3595,0.9007,0.7685,0.7648,42,0.7045,0.8136,0.7713,1.2436,1.25,1.25,true
CHR-BRO-0717,Admiral Tariq of Vedic Kingdoms,bronze_and_iron_age,Western Zhou Dynasty,East Asia,-2136,-2131,Military,stabilizer,EVT-BRO-0717,0.6547,0.6991,0.8764,0.6987,0.4832,0.1867,0.6515,72,0.244,0.6534,0.4942,0.8186,0.8485,0.7587,false
CHR-BRO-0718,Strategos Justinian of Sumer & Akkad,bronze_and_iron_age,Vedic Kingdoms,South Asia,-2564,-2528,Military,catalyst,EVT-BRO-0718,0.5495,0.8664,0.5582,0.7206,0.7477,0.6256,0.8111,49,0.4525,0.6541,0.6531,1.0982,1.2028,1.1505,false
CHR-BRO-0719,Rhetorician Franklin of Ancient Egypt,bronze_and_iron_age,Vedic Kingdoms,South Asia,-2475,-2433,Cultural,wildcard,EVT-BRO-0719,0.4393,0.5861,0.2411,0.7389,0.517,0.254,0.4359,38,0.2576,0.4379,0.4677,0.9903,1.0398,1.0893,false
CHR-BRO-0720,Guild Master Gao of Assyrian Empire,bronze_and_iron_age,Mycenaean Greece,Aegean,-1167,-1138,Economic,wildcard,EVT-BRO-0720,0.6881,0.7679,0.634,0.7981,0.6514,0.4717,0.8252,71,0.3368,0.743,0.6261,1.0378,1.0897,1.1416,false
CHR-BRO-0721,Imam Adams of Hittite Empire,bronze_and_iron_age,Shang Dynasty,East Asia,-2874,-2851,Religious,stabilizer,EVT-BRO-0721,0.654,0.7753,0.8776,0.8288,0.5133,0.3124,0.588,232,0.2418,0.6276,0.5127,0.8231,0.8532,0.7629,false
CHR-BRO-0722,Warlord Mirabeau of Hittite Empire,bronze_and_iron_age,Sumer & Akkad,Mesopotamia,-1195,-1189,Military,wildcard,EVT-BRO-0722,0.5046,0.6112,0.602,0.4004,0.2263,0.7918,0.8838,72,0.6957,0.6563,0.5729,1.0219,1.073,1.1241,false
CHR-BRO-0723,Astronomer Mazarin of Hittite Empire,bronze_and_iron_age,Hittite Empire,Anatolia,-2376,-2350,Scientific,stabilizer,EVT-BRO-0723,0.6186,0.665,0.7385,0.8315,0.6024,0.2662,0.552,236,0.2174,0.5919,0.5021,0.8205,0.8505,0.7605,false
CHR-BRO-0724,Customs Director Sun of Babylonia,bronze_and_iron_age,Ancient Egypt,North Africa / Nile,-2886,-2875,Economic,architect,EVT-BRO-0724,0.8855,0.7246,0.896,0.7752,0.6409,0.2578,0.6543,132,0.2413,0.793,0.5847,0.8408,0.8716,0.7793,false
CHR-BRO-0725,Syndic Sun of Western Zhou Dynasty,bronze_and_iron_age,Kingdom of Kush (Kerma/Napata),Nubia,-1272,-1230,Economic,architect,EVT-BRO-0725,0.7967,0.6672,0.8203,0.7756,0.6583,0.34,0.6807,84,0.2822,0.7503,0.5803,0.8398,0.8705,0.7783,false
CHR-BRO-0726,Patriarch Tariq of Assyrian Empire,bronze_and_iron_age,Indus Valley (Late),South Asia,-871,-828,Religious,wildcard,EVT-BRO-0726,0.8813,0.7016,0.7352,0.6503,0.3657,0.6768,0.7158,26,0.5133,0.8151,0.6333,1.04,1.092,1.144,false
CHR-BRO-0727,Customs Director Chandra of Sumer & Akkad,bronze_and_iron_age,Sumer & Akkad,Mesopotamia,-1102,-1086,Economic,architect,EVT-BRO-0727,0.896,0.8378,0.7817,0.7421,0.768,0.3204,0.6166,83,0.2891,0.7843,0.6401,0.8545,0.8857,0.792,false
CHR-BRO-0728,Prefect Gao of Elamite Empire,bronze_and_iron_age,Kingdom of Kush (Kerma/Napata),Nubia,-2458,-2443,Political,wildcard,EVT-BRO-0728,0.6278,0.8064,0.703,0.4577,0.3926,0.3293,0.4908,41,0.4358,0.573,0.5166,1.005,1.0552,1.1055,false
CHR-BRO-0729,Merchant Prince Harun of Western Zhou Dynasty,bronze_and_iron_age,Sumer & Akkad,Mesopotamia,-2371,-2358,Economic,stabilizer,EVT-BRO-0729,0.6505,0.6527,0.7963,0.8831,0.5623,0.3491,0.55,151,0.233,0.6103,0.506,0.8215,0.8515,0.7614,false
CHR-BRO-0730,Treasurer Samsi-Adad of Western Zhou Dynasty,bronze_and_iron_age,Elamite Empire,Ancient Iran,-2492,-2452,Economic,wildcard,EVT-BRO-0730,0.8522,0.4523,0.5766,0.4341,0.4966,0.5067,0.6339,32,0.5363,0.7649,0.5971,1.0291,1.0806,1.132,false
CHR-BRO-0731,Strategos Constantine of Mycenaean Greece,bronze_and_iron_age,Mycenaean Greece,Aegean,-2265,-2255,Military,stabilizer,EVT-BRO-0731,0.6301,0.6908,0.8922,0.7613,0.5837,0.2039,0.4025,225,0.2213,0.539,0.4624,0.8107,0.8404,0.7514,false
CHR-BRO-0732,Pontiff Puduhepa of Phoenician City-States,bronze_and_iron_age,Vedic Kingdoms,South Asia,-1639,-1617,Religious,stabilizer,EVT-BRO-0732,0.699,0.6062,0.926,0.8524,0.5479,0.3477,0.6448,104,0.2476,0.6773,0.5115,0.8228,0.8529,0.7626,false
CHR-BRO-0733,Warlord Samsi-Adad of Indus Valley (Late),bronze_and_iron_age,Kingdom of Kush (Kerma/Napata),Nubia,-1501,-1480,Military,architect,EVT-BRO-0733,0.8808,0.7291,0.8924,0.8105,0.6497,0.3787,0.6248,156,0.2841,0.7784,0.5978,0.8441,0.8749,0.7823,false
CHR-BRO-0734,Legate Ramesses of Sumer & Akkad,bronze_and_iron_age,Hittite Empire,Anatolia,-1815,-1792,Military,wildcard,EVT-BRO-0734,0.7869,0.4182,0.687,0.7415,0.5815,0.8074,0.7695,14,0.5329,0.7799,0.6274,1.0382,1.0901,1.1421,false
CHR-BRO-0735,Metallurgist Richelieu of Kingdom of Kush (Kerma/Napata),bronze_and_iron_age,Hittite Empire,Anatolia,-2050,-2035,Scientific,wildcard,EVT-BRO-0735,0.4087,0.7371,0.6259,0.4603,0.5885,0.8389,0.8522,10,0.6893,0.5861,0.6191,1.0357,1.0875,1.1393,false
CHR-BRO-0736,Commander Adams of Indus Valley (Late),bronze_and_iron_age,Mycenaean Greece,Aegean,-1614,-1594,Military,catalyst,EVT-BRO-0736,0.5613,0.8165,0.6257,0.5912,0.8018,0.5779,0.7845,16,0.4933,0.6506,0.6453,1.0958,1.2001,1.1479,false
CHR-BRO-0737,High Priest Dara of Hittite Empire,bronze_and_iron_age,Ancient Egypt,North Africa / Nile,-2561,-2523,Religious,stabilizer,EVT-BRO-0737,0.5801,0.7222,0.9107,0.7719,0.6253,0.2926,0.5143,205,0.2604,0.5538,0.4885,0.8172,0.8471,0.7574,false
CHR-BRO-0738,Commander Talleyrand of Ancient Egypt,bronze_and_iron_age,Babylonia,Mesopotamia,-881,-854,Military,wildcard,EVT-BRO-0738,0.6799,0.7797,0.577,0.3122,0.7454,0.1794,0.8789,55,0.4336,0.7595,0.6342,1.0403,1.0923,1.1443,false
CHR-BRO-0739,Patriarch Otto of Ancient Egypt,bronze_and_iron_age,Western Zhou Dynasty,East Asia,-2930,-2921,Religious,stabilizer,EVT-BRO-0739,0.7714,0.7764,0.8279,0.8663,0.6127,0.2214,0.4724,160,0.1776,0.6518,0.5292,0.8272,0.8574,0.7667,false
CHR-BRO-0740,Chronicler Li of Sumer & Akkad,bronze_and_iron_age,Phoenician City-States,Levant,-2997,-2986,Cultural,architect,EVT-BRO-0740,0.7371,0.7606,0.8293,0.8408,0.5018,0.3173,0.7532,40,0.2382,0.7435,0.5592,0.8346,0.8651,0.7735,false
CHR-BRO-0741,Commander Justinian of Minoan Civilization,bronze_and_iron_age,Elamite Empire,Ancient Iran,-2021,-2015,Military,wildcard,EVT-BRO-0741,0.7126,0.6708,0.5531,0.3537,0.2515,0.3097,0.8396,29,0.478,0.7634,0.5659,1.0198,1.0708,1.1217,false
CHR-BRO-0742,Marshal Chen of Western Zhou Dynasty,bronze_and_iron_age,Shang Dynasty,East Asia,-1162,-1144,Military,architect,EVT-BRO-0742,0.7855,0.8754,0.8111,0.7865,0.6835,0.1987,0.7894,113,0.2061,0.7871,0.608,0.8466,0.8775,0.7846,false
CHR-BRO-0743,Guild Master Belisarius of Elamite Empire,bronze_and_iron_age,Indus Valley (Late),South Asia,-2231,-2210,Economic,wildcard,EVT-BRO-0743,0.8056,0.6649,0.2229,0.3922,0.4916,0.1844,0.7232,35,0.3961,0.7726,0.6191,1.0357,1.0875,1.1393,false
CHR-BRO-0744,Commander Hattusili of Elamite Empire,bronze_and_iron_age,Elamite Empire,Ancient Iran,-1258,-1253,Military,wildcard,EVT-BRO-0744,0.749,0.7652,0.3152,0.4647,0.4674,0.7066,0.6317,67,0.621,0.7021,0.6681,1.0504,1.103,1.1555,false
CHR-BRO-0745,Hierophant Telepinu of Phoenician City-States,bronze_and_iron_age,Shang Dynasty,East Asia,-2638,-2597,Religious,catalyst,EVT-BRO-0745,0.7899,0.6818,0.526,0.7466,0.7311,0.6626,0.9137,40,0.458,0.8394,0.7059,1.1149,1.221,1.168,false
CHR-BRO-0746,Viceroy Sargon of Western Zhou Dynasty,bronze_and_iron_age,Kingdom of Kush (Kerma/Napata),Nubia,-1272,-1262,Political,architect,EVT-BRO-0746,0.6741,0.7035,0.7311,0.9024,0.7039,0.3209,0.6955,73,0.2093,0.6827,0.5639,0.8357,0.8663,0.7746,false
CHR-BRO-0747,Astronomer Seneb of Mycenaean Greece,bronze_and_iron_age,Ancient Egypt,North Africa / Nile,-1282,-1275,Scientific,architect,EVT-BRO-0747,0.6842,0.8436,0.7204,0.8796,0.779,0.2804,0.7912,158,0.2004,0.727,0.6092,0.8469,0.8778,0.7849,false
CHR-BRO-0748,Chronicler Ashoka of Mycenaean Greece,bronze_and_iron_age,Minoan Civilization,Aegean / Crete,-2727,-2703,Cultural,stabilizer,EVT-BRO-0748,0.6967,0.6433,0.8707,0.7034,0.6719,0.3158,0.4343,101,0.3062,0.5917,0.5117,0.8229,0.853,0.7627,false
CHR-BRO-0749,Guild Master Ibn-Sina of Hittite Empire,bronze_and_iron_age,Phoenician City-States,Levant,-2027,-2006,Economic,stabilizer,EVT-BRO-0749,0.6526,0.5913,0.8812,0.7462,0.5096,0.2527,0.6497,198,0.2533,0.6514,0.4882,0.8171,0.847,0.7573,false
CHR-BRO-0750,Master Sculptor Mazarin of Vedic Kingdoms,bronze_and_iron_age,Ancient Egypt,North Africa / Nile,-1539,-1508,Cultural,stabilizer,EVT-BRO-0750,0.5965,0.5819,0.8421,0.7719,0.6999,0.1547,0.4495,217,0.1914,0.5377,0.4592,0.81,0.8396,0.7507,false
CHR-BRO-0751,Strategos Mirabeau of Minoan Civilization,bronze_and_iron_age,Mycenaean Greece,Aegean,-841,-825,Military,architect,EVT-BRO-0751,0.8408,0.8237,0.7732,0.8202,0.6537,0.2402,0.5701,69,0.21,0.7325,0.585,0.8409,0.8717,0.7794,false
CHR-BRO-0752,Alchemist Gao of Babylonia,bronze_and_iron_age,Vedic Kingdoms,South Asia,-1731,-1716,Scientific,stabilizer,EVT-BRO-0752,0.8201,0.6592,0.8228,0.7704,0.4506,0.2473,0.5728,107,0.2384,0.7212,0.5237,0.8258,0.856,0.7654,false
CHR-BRO-0753,Centurion Sun of Phoenician City-States,bronze_and_iron_age,Kingdom of Kush (Kerma/Napata),Nubia,-1801,-1758,Military,wildcard,EVT-BRO-0753,0.5956,0.3907,0.4396,0.7584,0.5442,0.2027,0.6919,47,0.2221,0.6342,0.4914,0.9974,1.0473,1.0972,false
CHR-BRO-0754,Prefect Nizam of Babylonia,bronze_and_iron_age,Elamite Empire,Ancient Iran,-1719,-1685,Political,stabilizer,EVT-BRO-0754,0.6898,0.7046,0.8848,0.8526,0.6156,0.3402,0.4876,127,0.2438,0.609,0.5135,0.8233,0.8535,0.7631,false
CHR-BRO-0755,Arch-Engineer Wu of Assyrian Empire,bronze_and_iron_age,Phoenician City-States,Levant,-1091,-1065,Scientific,architect,EVT-BRO-0755,0.8803,0.835,0.8646,0.914,0.6711,0.3597,0.6891,99,0.2228,0.8038,0.6211,0.8498,0.8809,0.7876,false
CHR-BRO-0756,Chancellor Zhang of Ancient Egypt,bronze_and_iron_age,Elamite Empire,Ancient Iran,-1170,-1149,Political,disruptor,EVT-BRO-0756,0.8391,0.6773,0.3381,0.4448,0.8434,0.658,0.7405,18,0.6066,0.7997,0.7416,1.2334,1.25,1.25,false
CHR-BRO-0757,Master Sculptor Hammurabi of Elamite Empire,bronze_and_iron_age,Western Zhou Dynasty,East Asia,-3002,-2995,Cultural,stabilizer,EVT-BRO-0757,0.6339,0.6536,0.7475,0.7529,0.4628,0.1868,0.6567,226,0.217,0.643,0.4901,0.8176,0.8475,0.7577,false
CHR-BRO-0758,Viceroy Gao of Minoan Civilization,bronze_and_iron_age,Shang Dynasty,East Asia,-998,-973,Political,stabilizer,EVT-BRO-0758,0.6787,0.6629,0.7747,0.7176,0.4897,0.1641,0.5989,121,0.2232,0.6468,0.4937,0.8184,0.8484,0.7586,false
CHR-BRO-0759,Imam Lafayette of Phoenician City-States,bronze_and_iron_age,Kingdom of Kush (Kerma/Napata),Nubia,-1647,-1623,Religious,architect,EVT-BRO-0759,0.6818,0.786,0.8288,0.8776,0.7625,0.1836,0.7634,89,0.153,0.7144,0.568,0.8367,0.8673,0.7755,false
CHR-BRO-0760,Customs Director Harsha of Western Zhou Dynasty,bronze_and_iron_age,Ancient Egypt,North Africa / Nile,-1085,-1074,Economic,disruptor,EVT-BRO-0760,0.8376,0.6114,0.404,0.4135,0.8671,0.8443,0.9396,36,0.7154,0.8784,0.7877,1.2493,1.25,1.25,true
CHR-BRO-0761,Alchemist Chen of Vedic Kingdoms,bronze_and_iron_age,Minoan Civilization,Aegean / Crete,-1530,-1501,Scientific,wildcard,EVT-BRO-0761,0.8355,0.831,0.469,0.404,0.3195,0.613,0.4452,59,0.6045,0.6794,0.6231,1.0369,1.0888,1.1406,false
CHR-BRO-0762,Philosopher Mazarin of Elamite Empire,bronze_and_iron_age,Western Zhou Dynasty,East Asia,-2562,-2543,Cultural,disruptor,EVT-BRO-0762,0.7493,0.6708,0.4364,0.6421,0.7453,0.7567,0.8115,25,0.5573,0.7742,0.7092,1.2222,1.25,1.25,false
CHR-BRO-0763,Chronicler Hathor of Elamite Empire,bronze_and_iron_age,Indus Valley (Late),South Asia,-1551,-1543,Cultural,stabilizer,EVT-BRO-0763,0.6616,0.5991,0.8152,0.6825,0.5834,0.3108,0.603,100,0.3141,0.6382,0.5142,0.8235,0.8536,0.7632,false
CHR-BRO-0764,Chancellor Leonidas of Indus Valley (Late),bronze_and_iron_age,Kingdom of Kush (Kerma/Napata),Nubia,-949,-943,Political,architect,EVT-BRO-0764,0.9174,0.84,0.7669,0.8431,0.6691,0.1914,0.7507,81,0.1741,0.8507,0.6282,0.8515,0.8827,0.7892,false
CHR-BRO-0765,Scribe Kautilya of Assyrian Empire,bronze_and_iron_age,Kingdom of Kush (Kerma/Napata),Nubia,-1857,-1828,Cultural,architect,EVT-BRO-0765,0.8746,0.8162,0.8615,0.7096,0.6559,0.4166,0.6999,117,0.3535,0.8047,0.6353,0.8533,0.8845,0.7909,false
CHR-BRO-0766,Imam Mirabeau of Mycenaean Greece,bronze_and_iron_age,Elamite Empire,Ancient Iran,-2165,-2122,Religious,catalyst,EVT-BRO-0766,0.6054,0.8762,0.496,0.7453,0.8745,0.5199,0.8413,36,0.3873,0.6998,0.6813,1.1071,1.2125,1.1598,false
CHR-BRO-0767,High Priest Lafayette of Sumer & Akkad,bronze_and_iron_age,Assyrian Empire,Near East,-1560,-1532,Religious,disruptor,EVT-BRO-0767,0.7605,0.7131,0.4738,0.5833,0.8634,0.9283,0.8148,34,0.6725,0.7822,0.7615,1.2402,1.25,1.25,true
CHR-BRO-0768,Syndic Constantine of Babylonia,bronze_and_iron_age,Minoan Civilization,Aegean / Crete,-1947,-1910,Economic,wildcard,EVT-BRO-0768,0.8908,0.5291,0.308,0.3526,0.816,0.2103,0.6292,25,0.4289,0.7861,0.652,1.0456,1.0979,1.1501,false
CHR-BRO-0769,Scribe Cao of Elamite Empire,bronze_and_iron_age,Babylonia,Mesopotamia,-1023,-1003,Cultural,architect,EVT-BRO-0769,0.8549,0.6399,0.7629,0.8712,0.5141,0.416,0.5531,167,0.2724,0.7342,0.5623,0.8353,0.8659,0.7742,false
CHR-BRO-0770,Admiral Heinrich of Mycenaean Greece,bronze_and_iron_age,Sumer & Akkad,Mesopotamia,-1852,-1842,Military,architect,EVT-BRO-0770,0.6669,0.8413,0.8291,0.8517,0.7304,0.3758,0.7783,131,0.262,0.7115,0.6001,0.8446,0.8755,0.7828,false
CHR-BRO-0771,Physician Harun of Western Zhou Dynasty,bronze_and_iron_age,Mycenaean Greece,Aegean,-1859,-1841,Scientific,architect,EVT-BRO-0771,0.8898,0.6907,0.8872,0.8382,0.7248,0.2803,0.5838,50,0.221,0.7674,0.5838,0.8406,0.8714,0.7791,false
CHR-BRO-0772,Chamberlain Ibn-Sina of Minoan Civilization,bronze_and_iron_age,Shang Dynasty,East Asia,-2406,-2384,Economic,wildcard,EVT-BRO-0772,0.5335,0.5036,0.1813,0.2713,0.5361,0.7839,0.4988,62,0.7563,0.5196,0.6,1.03,1.0815,1.133,false
CHR-BRO-0773,Master Sculptor Hamilton of Assyrian Empire,bronze_and_iron_age,Assyrian Empire,Near East,-2359,-2332,Cultural,disruptor,EVT-BRO-0773,0.8027,0.7173,0.4589,0.3635,0.8986,0.9027,0.8182,32,0.7696,0.8089,0.7871,1.2491,1.25,1.25,true
CHR-BRO-0774,Polymath Mirabeau of Ancient Egypt,bronze_and_iron_age,Western Zhou Dynasty,East Asia,-3094,-3087,Scientific,catalyst,EVT-BRO-0774,0.7772,0.6958,0.6738,0.6988,0.7378,0.5139,0.9194,33,0.4075,0.8341,0.672,1.1042,1.2093,1.1568,false
CHR-BRO-0775,Strategos Telepinu of Babylonia,bronze_and_iron_age,Vedic Kingdoms,South Asia,-2063,-2055,Military,wildcard,EVT-BRO-0775,0.4716,0.3576,0.7133,0.3286,0.6786,0.482,0.6452,61,0.5767,0.541,0.5046,1.0014,1.0515,1.1015,false
CHR-BRO-0776,Senator Suppiluliuma of Elamite Empire,bronze_and_iron_age,Western Zhou Dynasty,East Asia,-2368,-2354,Political,wildcard,EVT-BRO-0776,0.7555,0.5696,0.6426,0.5113,0.4468,0.7635,0.5745,37,0.6261,0.6831,0.6022,1.0307,1.0822,1.1337,false
CHR-BRO-0777,Synod Envoy Al-Mansur of Shang Dynasty,bronze_and_iron_age,Shang Dynasty,East Asia,-1762,-1720,Religious,catalyst,EVT-BRO-0777,0.6502,0.6514,0.7483,0.7664,0.7587,0.5271,0.9277,51,0.3804,0.7612,0.6291,1.0907,1.1946,1.1426,false
CHR-BRO-0778,Physician Al-Mansur of Phoenician City-States,bronze_and_iron_age,Phoenician City-States,Levant,-2217,-2209,Scientific,stabilizer,EVT-BRO-0778,0.6419,0.7055,0.7294,0.7065,0.4818,0.1368,0.6261,122,0.2152,0.6356,0.4947,0.8187,0.8487,0.7588,false
CHR-BRO-0779,Alchemist Richelieu of Ancient Egypt,bronze_and_iron_age,Shang Dynasty,East Asia,-1213,-1176,Scientific,catalyst,EVT-BRO-0779,0.508,0.8134,0.5529,0.6692,0.8254,0.7298,0.7759,54,0.5303,0.6152,0.6599,1.1004,1.2052,1.1528,false
CHR-BRO-0780,Geometer Enheduanna of Babylonia,bronze_and_iron_age,Hittite Empire,Anatolia,-1306,-1274,Scientific,catalyst,EVT-BRO-0780,0.6368,0.8497,0.7138,0.775,0.9161,0.6686,0.832,14,0.4468,0.7149,0.689,1.1095,1.2152,1.1624,false
CHR-BRO-0781,Consul Khaldun of Sumer & Akkad,bronze_and_iron_age,Elamite Empire,Ancient Iran,-1419,-1393,Political,catalyst,EVT-BRO-0781,0.7739,0.7428,0.4663,0.6173,0.9046,0.6937,0.7192,51,0.5382,0.752,0.725,1.1209,1.2276,1.1743,false
CHR-BRO-0782,Strategos Thutmose of Phoenician City-States,bronze_and_iron_age,Vedic Kingdoms,South Asia,-1837,-1796,Military,disruptor,EVT-BRO-0782,0.9117,0.6153,0.3608,0.5707,0.9288,0.6944,0.9091,29,0.5618,0.9107,0.7854,1.2485,1.25,1.25,true
CHR-BRO-0783,Minister Samsi-Adad of Indus Valley (Late),bronze_and_iron_age,Indus Valley (Late),South Asia,-2351,-2320,Political,catalyst,EVT-BRO-0783,0.6874,0.7219,0.7206,0.7228,0.7716,0.5063,0.8627,49,0.3917,0.7576,0.643,1.0951,1.1993,1.1472,false
CHR-BRO-0784,Metallurgist Leonidas of Mycenaean Greece,bronze_and_iron_age,Mycenaean Greece,Aegean,-2690,-2663,Scientific,stabilizer,EVT-BRO-0784,0.7909,0.661,0.8931,0.7399,0.5758,0.126,0.5927,148,0.1931,0.7116,0.5147,0.8236,0.8538,0.7634,false
CHR-BRO-0785,Chancellor Harsha of Minoan Civilization,bronze_and_iron_age,Elamite Empire,Ancient Iran,-2943,-2909,Political,stabilizer,EVT-BRO-0785,0.6923,0.7834,0.7995,0.7951,0.5942,0.168,0.5409,89,0.1865,0.6318,0.5163,0.824,0.8542,0.7637,false
CHR-BRO-0786,Chronicler Zhang of Assyrian Empire,bronze_and_iron_age,Ancient Egypt,North Africa / Nile,-1709,-1691,Cultural,disruptor,EVT-BRO-0786,0.894,0.7282,0.2993,0.4732,0.8583,0.7724,0.8084,6,0.6496,0.8598,0.795,1.25,1.25,1.25,true
CHR-BRO-0787,Abbess Gao of Indus Valley (Late),bronze_and_iron_age,Babylonia,Mesopotamia,-1093,-1085,Religious,catalyst,EVT-BRO-0787,0.5406,0.764,0.6337,0.6365,0.844,0.6675,0.9162,23,0.5155,0.6908,0.6687,1.1031,1.2082,1.1557,false
CHR-BRO-0788,Chancellor Eleanor of Kingdom of Kush (Kerma/Napata),bronze_and_iron_age,Babylonia,Mesopotamia,-2562,-2524,Political,wildcard,EVT-BRO-0788,0.5931,0.3687,0.362,0.4547,0.2971,0.2951,0.8507,24,0.4202,0.6961,0.5111,1.0033,1.0535,1.1037,false
CHR-BRO-0789,Alchemist Rimush of Hittite Empire,bronze_and_iron_age,Elamite Empire,Ancient Iran,-2806,-2799,Scientific,disruptor,EVT-BRO-0789,0.6267,0.6132,0.3719,0.3926,0.8551,0.9338,0.7606,6,0.7706,0.6802,0.7243,1.2274,1.25,1.25,false
CHR-BRO-0790,Prefect Franklin of Babylonia,bronze_and_iron_age,Phoenician City-States,Levant,-1020,-994,Political,wildcard,EVT-BRO-0790,0.5583,0.4501,0.6901,0.4298,0.6706,0.2228,0.5558,16,0.3965,0.5573,0.484,0.9952,1.045,1.0947,false
CHR-BRO-0791,Warlord Hamilton of Phoenician City-States,bronze_and_iron_age,Hittite Empire,Anatolia,-1622,-1585,Military,wildcard,EVT-BRO-0791,0.5001,0.7226,0.583,0.2627,0.3023,0.4965,0.6798,22,0.6169,0.572,0.5338,1.0101,1.0606,1.1111,false
CHR-BRO-0792,Polymath Franklin of Phoenician City-States,bronze_and_iron_age,Vedic Kingdoms,South Asia,-964,-927,Scientific,disruptor,EVT-BRO-0792,0.6373,0.5894,0.4041,0.5542,0.9145,0.8131,0.8586,41,0.6294,0.7258,0.7175,1.2251,1.25,1.25,false
CHR-BRO-0793,Centurion Talleyrand of Kingdom of Kush (Kerma/Napata),bronze_and_iron_age,Assyrian Empire,Near East,-1477,-1457,Military,catalyst,EVT-BRO-0793,0.5042,0.7338,0.5862,0.6006,0.7923,0.5714,0.7665,18,0.4854,0.6092,0.617,1.0869,1.1904,1.1386,false
CHR-BRO-0794,Physician Chen of Minoan Civilization,bronze_and_iron_age,Ancient Egypt,North Africa / Nile,-2954,-2913,Scientific,disruptor,EVT-BRO-0794,0.8833,0.792,0.5062,0.6222,0.9199,0.8711,0.8712,38,0.6245,0.8785,0.8072,1.25,1.25,1.25,true
CHR-BRO-0795,Governor Song of Elamite Empire,bronze_and_iron_age,Western Zhou Dynasty,East Asia,-2982,-2947,Political,disruptor,EVT-BRO-0795,0.8127,0.5554,0.4325,0.6164,0.721,0.7535,0.8351,9,0.5685,0.8217,0.7089,1.2221,1.25,1.25,false
CHR-BRO-0796,Strategos Colbert of Mycenaean Greece,bronze_and_iron_age,Vedic Kingdoms,South Asia,-1940,-1896,Military,disruptor,EVT-BRO-0796,0.6198,0.5291,0.5041,0.5353,0.9366,0.8484,0.805,45,0.6565,0.6939,0.6956,1.2175,1.25,1.25,false
CHR-BRO-0797,Arch-Engineer Li of Hittite Empire,bronze_and_iron_age,Indus Valley (Late),South Asia,-1143,-1108,Scientific,stabilizer,EVT-BRO-0797,0.7566,0.7857,0.7715,0.8143,0.5219,0.1428,0.4779,36,0.1643,0.6451,0.5105,0.8226,0.8527,0.7624,false
CHR-BRO-0798,Polymath Dara of Indus Valley (Late),bronze_and_iron_age,Phoenician City-States,Levant,-982,-976,Scientific,architect,EVT-BRO-0798,0.6656,0.7861,0.7713,0.8566,0.512,0.1957,0.7084,122,0.1695,0.6827,0.5268,0.8266,0.8568,0.7661,false
CHR-BRO-0799,Dramatist Constantine of Western Zhou Dynasty,bronze_and_iron_age,Kingdom of Kush (Kerma/Napata),Nubia,-1357,-1348,Cultural,architect,EVT-BRO-0799,0.7582,0.8336,0.7624,0.9132,0.6607,0.4459,0.7488,49,0.2664,0.7545,0.621,0.8498,0.8809,0.7876,false
CHR-BRO-0800,Scribe Li of Minoan Civilization,bronze_and_iron_age,Sumer & Akkad,Mesopotamia,-2103,-2096,Cultural,disruptor,EVT-BRO-0800,0.8103,0.7647,0.4721,0.3289,0.9456,0.7808,0.7485,32,0.726,0.7856,0.7749,1.2448,1.25,1.25,true
CHR-BRO-0801,Chronicler Zhang of Hittite Empire,bronze_and_iron_age,Ancient Egypt,North Africa / Nile,-1131,-1107,Cultural,catalyst,EVT-BRO-0801,0.716,0.7899,0.5248,0.7173,0.8167,0.4998,0.9093,22,0.3912,0.7933,0.693,1.1108,1.2166,1.1637,false
CHR-BRO-0802,Patriarch Suppiluliuma of Assyrian Empire,bronze_and_iron_age,Vedic Kingdoms,South Asia,-1718,-1678,Religious,wildcard,EVT-BRO-0802,0.4257,0.3759,0.4255,0.6025,0.4637,0.1979,0.747,71,0.2977,0.5542,0.4514,0.9854,1.0347,1.084,false
CHR-BRO-0803,Geometer Mentuhotep of Phoenician City-States,bronze_and_iron_age,Sumer & Akkad,Mesopotamia,-1505,-1486,Scientific,catalyst,EVT-BRO-0803,0.7821,0.7029,0.6487,0.7292,0.7504,0.6173,0.8572,23,0.444,0.8121,0.6834,1.1078,1.2133,1.1605,false
CHR-BRO-0804,Hierophant Sherman of Kingdom of Kush (Kerma/Napata),bronze_and_iron_age,Elamite Empire,Ancient Iran,-2066,-2056,Religious,catalyst,EVT-BRO-0804,0.613,0.8552,0.4942,0.7473,0.9,0.798,0.7022,22,0.5254,0.6487,0.7048,1.1145,1.2206,1.1676,false
CHR-BRO-0805,General Puduhepa of Western Zhou Dynasty,bronze_and_iron_age,Mycenaean Greece,Aegean,-2485,-2474,Military,disruptor,EVT-BRO-0805,0.6011,0.7046,0.2389,0.3723,0.9107,0.8492,0.7221,33,0.7385,0.6495,0.7358,1.2313,1.25,1.25,false
CHR-BRO-0806,Metallurgist Li of Minoan Civilization,bronze_and_iron_age,Western Zhou Dynasty,East Asia,-2063,-2038,Scientific,stabilizer,EVT-BRO-0806,0.5878,0.7014,0.8353,0.8872,0.5527,0.1243,0.6001,81,0.1185,0.5927,0.4658,0.8116,0.8413,0.7522,false
CHR-BRO-0807,Chancellor Baldwin of Phoenician City-States,bronze_and_iron_age,Indus Valley (Late),South Asia,-3039,-3028,Political,architect,EVT-BRO-0807,0.8124,0.8566,0.8642,0.7088,0.6438,0.2172,0.7688,67,0.2542,0.7949,0.6042,0.8456,0.8766,0.7838,false
CHR-BRO-0808,Admiral Song of Western Zhou Dynasty,bronze_and_iron_age,Minoan Civilization,Aegean / Crete,-1873,-1851,Military,architect,EVT-BRO-0808,0.6981,0.8323,0.8782,0.7922,0.6163,0.3722,0.6616,65,0.29,0.6835,0.5695,0.8371,0.8677,0.7758,false
CHR-BRO-0809,Marshal Chen of Assyrian Empire,bronze_and_iron_age,Mycenaean Greece,Aegean,-1102,-1074,Military,disruptor,EVT-BRO-0809,0.8854,0.8289,0.4314,0.5643,0.9335,0.6809,0.9333,21,0.5583,0.9046,0.8065,1.25,1.25,1.25,true
CHR-BRO-0810,Archon Wu of Elamite Empire,bronze_and_iron_age,Kingdom of Kush (Kerma/Napata),Nubia,-2914,-2896,Political,stabilizer,EVT-BRO-0810,0.7095,0.5968,0.7846,0.8834,0.6376,0.2143,0.5852,39,0.1654,0.6598,0.5098,0.8224,0.8525,0.7622,false
CHR-BRO-0811,Cardinal Rimush of Western Zhou Dynasty,bronze_and_iron_age,Phoenician City-States,Levant,-2716,-2692,Religious,architect,EVT-BRO-0811,0.7478,0.8572,0.7672,0.8572,0.7023,0.3226,0.5575,104,0.2327,0.6717,0.5833,0.8405,0.8712,0.779,false
CHR-BRO-0812,Astronomer Imhotep of Babylonia,bronze_and_iron_age,Babylonia,Mesopotamia,-994,-971,Scientific,disruptor,EVT-BRO-0812,0.6665,0.8326,0.3346,0.3977,0.7494,0.7143,0.9525,29,0.6583,0.7809,0.7506,1.2365,1.25,1.25,true
CHR-BRO-0813,Syndic Kheti of Western Zhou Dynasty,bronze_and_iron_age,Western Zhou Dynasty,East Asia,-1456,-1417,Economic,wildcard,EVT-BRO-0813,0.6691,0.6659,0.2558,0.5358,0.4111,0.2535,0.8812,54,0.3589,0.7539,0.5967,1.029,1.0804,1.1319,false
CHR-BRO-0814,Mint Overseer Seneb of Hittite Empire,bronze_and_iron_age,Mycenaean Greece,Aegean,-2315,-2271,Economic,stabilizer,EVT-BRO-0814,0.6187,0.7766,0.8747,0.739,0.5418,0.3484,0.6232,92,0.3047,0.6205,0.5238,0.8258,0.8561,0.7654,false
CHR-BRO-0815,Rhetorician Colbert of Mycenaean Greece,bronze_and_iron_age,Kingdom of Kush (Kerma/Napata),Nubia,-1292,-1267,Cultural,catalyst,EVT-BRO-0815,0.5692,0.7512,0.4759,0.5531,0.7234,0.6118,0.7918,32,0.5293,0.6582,0.6488,1.0969,1.2013,1.1491,false
CHR-BRO-0816,General Li of Western Zhou Dynasty,bronze_and_iron_age,Assyrian Empire,Near East,-2900,-2856,Military,architect,EVT-BRO-0816,0.8532,0.7002,0.7386,0.7178,0.6951,0.2821,0.702,36,0.2821,0.7927,0.6105,0.8472,0.8782,0.7852,false
CHR-BRO-0817,Physician Friedrich of Sumer & Akkad,bronze_and_iron_age,Vedic Kingdoms,South Asia,-2873,-2858,Scientific,wildcard,EVT-BRO-0817,0.8242,0.8291,0.6616,0.7722,0.7814,0.6658,0.8649,29,0.4468,0.8404,0.7225,1.0667,1.1201,1.1734,false
CHR-BRO-0818,Viceroy Ramesses of Phoenician City-States,bronze_and_iron_age,Hittite Empire,Anatolia,-2308,-2290,Political,disruptor,EVT-BRO-0818,0.6031,0.5432,0.4999,0.6079,0.8132,0.8807,0.8722,13,0.6364,0.7108,0.6868,1.2144,1.25,1.25,false
CHR-BRO-0819,Cardinal Hathor of Sumer & Akkad,bronze_and_iron_age,Minoan Civilization,Aegean / Crete,-1239,-1206,Religious,stabilizer,EVT-BRO-0819,0.7054,0.7271,0.919,0.7678,0.6736,0.1208,0.4559,186,0.1765,0.6056,0.4927,0.8182,0.8481,0.7583,false
CHR-BRO-0820,Marshal Ramesses of Sumer & Akkad,bronze_and_iron_age,Western Zhou Dynasty,East Asia,-1348,-1305,Military,catalyst,EVT-BRO-0820,0.6539,0.7951,0.5241,0.7756,0.8879,0.5653,0.7801,20,0.3948,0.7044,0.6765,1.1056,1.2109,1.1583,false
CHR-BRO-0821,Marshal Hammurabi of Indus Valley (Late),bronze_and_iron_age,Babylonia,Mesopotamia,-1825,-1805,Military,wildcard,EVT-BRO-0821,0.7363,0.5835,0.3748,0.5056,0.7025,0.1911,0.7704,11,0.3428,0.75,0.6084,1.0325,1.0842,1.1358,false
CHR-BRO-0822,Mint Overseer Labarna of Assyrian Empire,bronze_and_iron_age,Shang Dynasty,East Asia,-2079,-2053,Economic,stabilizer,EVT-BRO-0822,0.6652,0.6622,0.8146,0.875,0.5626,0.3475,0.662,59,0.2363,0.6639,0.5262,0.8265,0.8567,0.766,false
CHR-BRO-0823,Merchant Prince Adams of Western Zhou Dynasty,bronze_and_iron_age,Elamite Empire,Ancient Iran,-2171,-2136,Economic,wildcard,EVT-BRO-0823,0.7296,0.6459,0.209,0.5503,0.2759,0.4758,0.4274,33,0.4627,0.6087,0.5577,1.0173,1.0682,1.1191,false
CHR-BRO-0824,Geometer Harsha of Assyrian Empire,bronze_and_iron_age,Western Zhou Dynasty,East Asia,-952,-919,Scientific,wildcard,EVT-BRO-0824,0.5193,0.462,0.4036,0.3252,0.4373,0.4605,0.7344,30,0.5676,0.6053,0.5373,1.0112,1.0618,1.1123,false
CHR-BRO-0825,Vizier Sun of Hittite Empire,bronze_and_iron_age,Assyrian Empire,Near East,-1068,-1061,Political,architect,EVT-BRO-0825,0.7008,0.8677,0.8151,0.714,0.5953,0.329,0.7109,32,0.3075,0.7048,0.5834,0.8405,0.8713,0.779,false
CHR-BRO-0826,Commander Rimush of Vedic Kingdoms,bronze_and_iron_age,Western Zhou Dynasty,East Asia,-2527,-2483,Military,architect,EVT-BRO-0826,0.7993,0.8081,0.8705,0.856,0.5146,0.2216,0.7428,145,0.1828,0.7767,0.563,0.8355,0.8661,0.7744,false
CHR-BRO-0827,Vizier Baldwin of Ancient Egypt,bronze_and_iron_age,Indus Valley (Late),South Asia,-843,-815,Political,stabilizer,EVT-BRO-0827,0.7425,0.7871,0.7561,0.7964,0.6217,0.2147,0.6163,184,0.2091,0.692,0.5562,0.8338,0.8643,0.7728,false
CHR-BRO-0828,Minister Qian of Elamite Empire,bronze_and_iron_age,Vedic Kingdoms,South Asia,-1182,-1148,Political,catalyst,EVT-BRO-0828,0.5448,0.7589,0.4808,0.6166,0.9314,0.5714,0.7494,35,0.4774,0.6267,0.659,1.1001,1.2048,1.1525,false
CHR-BRO-0829,Guild Master Baldwin of Minoan Civilization,bronze_and_iron_age,Western Zhou Dynasty,East Asia,-2788,-2769,Economic,disruptor,EVT-BRO-0829,0.8874,0.6656,0.4219,0.5519,0.7566,0.9213,0.9469,30,0.6847,0.9112,0.7956,1.25,1.25,1.25,true
CHR-BRO-0830,Minister Sargon of Assyrian Empire,bronze_and_iron_age,Minoan Civilization,Aegean / Crete,-1693,-1679,Political,stabilizer,EVT-BRO-0830,0.7041,0.5792,0.7596,0.898,0.5001,0.1234,0.465,48,0.1127,0.6085,0.4553,0.809,0.8386,0.75,false
CHR-BRO-0831,Alchemist Colbert of Elamite Empire,bronze_and_iron_age,Vedic Kingdoms,South Asia,-2585,-2564,Scientific,stabilizer,EVT-BRO-0831,0.673,0.7876,0.9069,0.7783,0.6647,0.2708,0.52,57,0.2462,0.6118,0.5251,0.8262,0.8564,0.7657,false
CHR-BRO-0832,Minister Madison of Indus Valley (Late),bronze_and_iron_age,Ancient Egypt,North Africa / Nile,-939,-904,Political,disruptor,EVT-BRO-0832,0.7923,0.6088,0.471,0.6491,0.9399,0.9246,0.9199,27,0.6378,0.8434,0.7775,1.2457,1.25,1.25,true
CHR-BRO-0833,Alchemist Enheduanna of Hittite Empire,bronze_and_iron_age,Babylonia,Mesopotamia,-1740,-1711,Scientific,disruptor,EVT-BRO-0833,0.687,0.6107,0.515,0.5723,0.7778,0.6666,0.8375,16,0.5471,0.7472,0.6755,1.2106,1.25,1.25,false
CHR-BRO-0834,Marshal Talleyrand of Phoenician City-States,bronze_and_iron_age,Indus Valley (Late),South Asia,-1622,-1606,Military,wildcard,EVT-BRO-0834,0.4127,0.8148,0.4839,0.5786,0.2568,0.5506,0.4012,13,0.486,0.4081,0.4794,0.9938,1.0435,1.0932,false
CHR-BRO-0835,Admiral Wu of Indus Valley (Late),bronze_and_iron_age,Sumer & Akkad,Mesopotamia,-3010,-2978,Military,wildcard,EVT-BRO-0835,0.4942,0.3607,0.241,0.6796,0.29,0.3323,0.574,24,0.3264,0.5261,0.449,0.9847,1.0339,1.0832,false
CHR-BRO-0836,Geometer Ibn-Sina of Sumer & Akkad,bronze_and_iron_age,Mycenaean Greece,Aegean,-836,-800,Scientific,architect,EVT-BRO-0836,0.672,0.7209,0.7822,0.7784,0.585,0.2542,0.7356,139,0.2379,0.6974,0.5452,0.8311,0.8615,0.7703,false
CHR-BRO-0837,Treasurer Sargon of Sumer & Akkad,bronze_and_iron_age,Ancient Egypt,North Africa / Nile,-1255,-1237,Economic,wildcard,EVT-BRO-0837,0.5986,0.3665,0.2154,0.7013,0.6707,0.285,0.489,69,0.2919,0.5547,0.5147,1.0044,1.0546,1.1049,false
CHR-BRO-0838,Polymath Talleyrand of Assyrian Empire,bronze_and_iron_age,Elamite Empire,Ancient Iran,-1497,-1485,Scientific,architect,EVT-BRO-0838,0.7822,0.8218,0.7746,0.8712,0.5436,0.201,0.7627,91,0.1649,0.7744,0.5739,0.8382,0.8688,0.7768,false
CHR-BRO-0839,Chamberlain Zhang of Shang Dynasty,bronze_and_iron_age,Kingdom of Kush (Kerma/Napata),Nubia,-1731,-1723,Economic,disruptor,EVT-BRO-0839,0.84,0.7918,0.3015,0.4183,0.77,0.812,0.7454,17,0.6968,0.8022,0.7768,1.2455,1.25,1.25,true
CHR-BRO-0840,Chancellor Al-Mansur of Western Zhou Dynasty,bronze_and_iron_age,Mycenaean Greece,Aegean,-915,-904,Political,architect,EVT-BRO-0840,0.812,0.7404,0.6834,0.8412,0.5053,0.3964,0.5923,139,0.2776,0.7241,0.5778,0.8391,0.8698,0.7777,false
CHR-BRO-0841,Syndic Puduhepa of Western Zhou Dynasty,bronze_and_iron_age,Vedic Kingdoms,South Asia,-1801,-1780,Economic,disruptor,EVT-BRO-0841,0.7553,0.6475,0.5007,0.5683,0.9114,0.8766,0.7707,38,0.6542,0.7615,0.7413,1.2332,1.25,1.25,false
CHR-BRO-0842,Syndic Samudra of Vedic Kingdoms,bronze_and_iron_age,Assyrian Empire,Near East,-2220,-2201,Economic,architect,EVT-BRO-0842,0.7421,0.7582,0.7868,0.8831,0.5273,0.1886,0.7122,116,0.1527,0.7301,0.5406,0.83,0.8604,0.7693,false
CHR-BRO-0843,Admiral Hathor of Western Zhou Dynasty,bronze_and_iron_age,Elamite Empire,Ancient Iran,-2364,-2336,Military,stabilizer,EVT-BRO-0843,0.7524,0.6276,0.9055,0.8791,0.5222,0.1333,0.5476,92,0.1271,0.6705,0.4782,0.8146,0.8444,0.755,false
CHR-BRO-0844,Syndic Zhang of Phoenician City-States,bronze_and_iron_age,Shang Dynasty,East Asia,-2934,-2917,Economic,wildcard,EVT-BRO-0844,0.5096,0.6025,0.6354,0.4263,0.4749,0.2346,0.8394,24,0.4042,0.6415,0.5153,1.0046,1.0548,1.105,false
CHR-BRO-0845,General Necker of Assyrian Empire,bronze_and_iron_age,Elamite Empire,Ancient Iran,-994,-954,Military,stabilizer,EVT-BRO-0845,0.8001,0.6824,0.8516,0.8125,0.5263,0.2193,0.4111,48,0.2034,0.6445,0.5001,0.82,0.85,0.76,false
CHR-BRO-0846,Chronicler Ramesses of Assyrian Empire,bronze_and_iron_age,Indus Valley (Late),South Asia,-1831,-1810,Cultural,stabilizer,EVT-BRO-0846,0.6662,0.6396,0.8646,0.7775,0.6638,0.1627,0.5971,146,0.1926,0.6385,0.5007,0.8202,0.8502,0.7602,false
CHR-BRO-0847,Warlord Necker of Assyrian Empire,bronze_and_iron_age,Shang Dynasty,East Asia,-1092,-1073,Military,stabilizer,EVT-BRO-0847,0.6064,0.706,0.825,0.8631,0.5548,0.2642,0.5925,193,0.2006,0.6009,0.4936,0.8184,0.8484,0.7585,false
CHR-BRO-0848,Hierophant Ibn-Sina of Sumer & Akkad,bronze_and_iron_age,Shang Dynasty,East Asia,-1220,-1175,Religious,architect,EVT-BRO-0848,0.732,0.7899,0.7691,0.7743,0.5232,0.2096,0.7502,91,0.2177,0.7393,0.5583,0.8343,0.8649,0.7733,false
CHR-BRO-0849,Marshal Talleyrand of Western Zhou Dynasty,bronze_and_iron_age,Assyrian Empire,Near East,-2733,-2726,Military,wildcard,EVT-BRO-0849,0.494,0.6774,0.424,0.6335,0.839,0.2619,0.5817,33,0.3142,0.5291,0.5534,1.016,1.0668,1.1176,false
CHR-BRO-0850,Marshal Imhotep of Kingdom of Kush (Kerma/Napata),bronze_and_iron_age,Ancient Egypt,North Africa / Nile,-2373,-2358,Military,catalyst,EVT-BRO-0850,0.6323,0.7938,0.4889,0.6671,0.863,0.6392,0.8465,33,0.486,0.718,0.6972,1.1121,1.218,1.1651,false
CHR-BRO-0851,Admiral Samudra of Babylonia,bronze_and_iron_age,Babylonia,Mesopotamia,-2673,-2633,Military,architect,EVT-BRO-0851,0.7488,0.6554,0.7275,0.8192,0.5495,0.2641,0.7963,99,0.2225,0.7678,0.5633,0.8356,0.8661,0.7744,false
CHR-BRO-0852,Chronicler Baldwin of Hittite Empire,bronze_and_iron_age,Western Zhou Dynasty,East Asia,-958,-943,Cultural,architect,EVT-BRO-0852,0.7762,0.7417,0.8148,0.8204,0.7285,0.4211,0.7882,95,0.3004,0.781,0.6235,0.8504,0.8815,0.7882,false
CHR-BRO-0853,Commander Gao of Minoan Civilization,bronze_and_iron_age,Sumer & Akkad,Mesopotamia,-1203,-1176,Military,wildcard,EVT-BRO-0853,0.6446,0.5226,0.2323,0.6195,0.2057,0.2401,0.4662,54,0.3103,0.5732,0.4721,0.9916,1.0412,1.0908,false
CHR-BRO-0854,Arch-Engineer Baldwin of Ancient Egypt,bronze_and_iron_age,Western Zhou Dynasty,East Asia,-3033,-3028,Scientific,wildcard,EVT-BRO-0854,0.8314,0.699,0.3526,0.3084,0.7451,0.3929,0.4413,53,0.5423,0.6754,0.6489,1.0447,1.0969,1.1491,false
CHR-BRO-0855,Commander Imhotep of Hittite Empire,bronze_and_iron_age,Phoenician City-States,Levant,-2149,-2112,Military,wildcard,EVT-BRO-0855,0.8971,0.7022,0.3338,0.647,0.4052,0.447,0.7879,31,0.4,0.8534,0.6599,1.048,1.1004,1.1528,false
CHR-BRO-0856,Guild Master Sun of Sumer & Akkad,bronze_and_iron_age,Ancient Egypt,North Africa / Nile,-2191,-2172,Economic,architect,EVT-BRO-0856,0.8052,0.8027,0.7882,0.7616,0.6932,0.4089,0.7361,164,0.3236,0.7776,0.6305,0.8521,0.8833,0.7898,false
CHR-BRO-0857,Alchemist Khaldun of Indus Valley (Late),bronze_and_iron_age,Kingdom of Kush (Kerma/Napata),Nubia,-1446,-1436,Scientific,wildcard,EVT-BRO-0857,0.8476,0.5493,0.4571,0.4219,0.6955,0.6936,0.6735,8,0.6359,0.778,0.6869,1.0561,1.1089,1.1617,false
CHR-BRO-0858,Metallurgist Sun of Hittite Empire,bronze_and_iron_age,Kingdom of Kush (Kerma/Napata),Nubia,-2422,-2415,Scientific,disruptor,EVT-BRO-0858,0.6549,0.7503,0.509,0.6027,0.7497,0.6818,0.752,7,0.5396,0.6937,0.6728,1.2096,1.25,1.25,false
CHR-BRO-0859,Patriarch Puduhepa of Kingdom of Kush (Kerma/Napata),bronze_and_iron_age,Mycenaean Greece,Aegean,-849,-841,Religious,stabilizer,EVT-BRO-0859,0.7919,0.5667,0.7741,0.769,0.6603,0.2417,0.4291,186,0.2364,0.6468,0.5168,0.8241,0.8543,0.7638,false
CHR-BRO-0860,Vizier Theodosius of Babylonia,bronze_and_iron_age,Mycenaean Greece,Aegean,-2105,-2069,Political,wildcard,EVT-BRO-0860,0.7701,0.5088,0.3612,0.2368,0.2142,0.5694,0.7997,41,0.6663,0.7819,0.6084,1.0325,1.0841,1.1358,false
CHR-BRO-0861,Consul Suppiluliuma of Elamite Empire,bronze_and_iron_age,Assyrian Empire,Near East,-1077,-1035,Political,catalyst,EVT-BRO-0861,0.7666,0.883,0.6608,0.7388,0.9209,0.7272,0.7138,50,0.4942,0.7455,0.7254,1.121,1.2278,1.1744,false
CHR-BRO-0862,Hierophant Sherman of Indus Valley (Late),bronze_and_iron_age,Mycenaean Greece,Aegean,-870,-864,Religious,stabilizer,EVT-BRO-0862,0.5893,0.7235,0.9285,0.721,0.6111,0.2509,0.4071,94,0.2649,0.5164,0.4673,0.812,0.8417,0.7525,false
CHR-BRO-0863,Vizier Heinrich of Assyrian Empire,bronze_and_iron_age,Minoan Civilization,Aegean / Crete,-1814,-1771,Political,architect,EVT-BRO-0863,0.863,0.7282,0.8519,0.861,0.5023,0.2987,0.8124,177,0.2189,0.8428,0.5887,0.8418,0.8726,0.7802,false
CHR-BRO-0864,Metallurgist Otto of Shang Dynasty,bronze_and_iron_age,Vedic Kingdoms,South Asia,-1884,-1868,Scientific,catalyst,EVT-BRO-0864,0.6048,0.7909,0.6758,0.7029,0.8072,0.4582,0.7243,34,0.3777,0.6526,0.6156,1.0864,1.1899,1.1381,false
CHR-BRO-0865,Mint Overseer Leonidas of Minoan Civilization,bronze_and_iron_age,Ancient Egypt,North Africa / Nile,-1708,-1695,Economic,disruptor,EVT-BRO-0865,0.9428,0.5127,0.2262,0.4486,0.7556,0.684,0.8074,26,0.6177,0.8886,0.7546,1.2378,1.25,1.25,true
CHR-BRO-0866,Abbess Khaldun of Sumer & Akkad,bronze_and_iron_age,Mycenaean Greece,Aegean,-2706,-2667,Religious,stabilizer,EVT-BRO-0866,0.711,0.7988,0.8233,0.6953,0.542,0.2894,0.4759,170,0.297,0.617,0.5266,0.8265,0.8568,0.7661,false
CHR-BRO-0867,Dramatist Mirabeau of Babylonia,bronze_and_iron_age,Elamite Empire,Ancient Iran,-2944,-2907,Cultural,catalyst,EVT-BRO-0867,0.5989,0.731,0.7229,0.5934,0.794,0.5266,0.8691,53,0.4666,0.707,0.6359,1.0928,1.1969,1.1448,false
CHR-BRO-0868,Metallurgist Wu of Mycenaean Greece,bronze_and_iron_age,Phoenician City-States,Levant,-2143,-2102,Scientific,disruptor,EVT-BRO-0868,0.933,0.7879,0.3612,0.358,0.8449,0.7241,0.8956,44,0.683,0.918,0.8171,1.25,1.25,1.25,true
CHR-BRO-0869,Dramatist Narmer of Sumer & Akkad,bronze_and_iron_age,Mycenaean Greece,Aegean,-2098,-2069,Cultural,architect,EVT-BRO-0869,0.7205,0.7305,0.7397,0.8459,0.7629,0.4308,0.6625,28,0.2925,0.6973,0.6019,0.8451,0.876,0.7832,false
CHR-BRO-0870,Prefect Song of Sumer & Akkad,bronze_and_iron_age,Phoenician City-States,Levant,-2541,-2513,Political,wildcard,EVT-BRO-0870,0.7741,0.4644,0.7288,0.5935,0.7277,0.7517,0.7166,42,0.5791,0.7511,0.64,1.042,1.0941,1.1462,false
CHR-BRO-0871,Merchant Prince Vikram of Shang Dynasty,bronze_and_iron_age,Ancient Egypt,North Africa / Nile,-1568,-1548,Economic,stabilizer,EVT-BRO-0871,0.8221,0.6167,0.9132,0.7873,0.5841,0.1616,0.6456,105,0.1871,0.7515,0.526,0.8264,0.8566,0.7659,false
CHR-BRO-0872,Philosopher Hammurabi of Minoan Civilization,bronze_and_iron_age,Minoan Civilization,Aegean / Crete,-2924,-2884,Cultural,architect,EVT-BRO-0872,0.7785,0.8673,0.8261,0.8511,0.6932,0.3542,0.5713,89,0.2515,0.6956,0.5924,0.8427,0.8736,0.7811,false
CHR-BRO-0873,Senator Telepinu of Sumer & Akkad,bronze_and_iron_age,Kingdom of Kush (Kerma/Napata),Nubia,-2717,-2677,Political,wildcard,EVT-BRO-0873,0.8274,0.8251,0.2361,0.4867,0.4619,0.6243,0.6079,39,0.5688,0.7396,0.6868,1.056,1.1088,1.1616,false
CHR-BRO-0874,Centurion Tariq of Babylonia,bronze_and_iron_age,Shang Dynasty,East Asia,-1277,-1246,Military,architect,EVT-BRO-0874,0.7344,0.6716,0.706,0.7757,0.6871,0.2986,0.5837,125,0.2615,0.6741,0.5604,0.8348,0.8654,0.7738,false
CHR-BRO-0875,Merchant Prince Franklin of Mycenaean Greece,bronze_and_iron_age,Western Zhou Dynasty,East Asia,-1299,-1269,Economic,stabilizer,EVT-BRO-0875,0.6753,0.6201,0.7605,0.8098,0.6142,0.3243,0.4883,171,0.2573,0.6005,0.5093,0.8223,0.8524,0.7621,false
CHR-BRO-0876,Marshal Seneb of Ancient Egypt,bronze_and_iron_age,Vedic Kingdoms,South Asia,-1411,-1377,Military,disruptor,EVT-BRO-0876,0.6053,0.8163,0.3742,0.6184,0.7071,0.9032,0.9073,40,0.6424,0.7261,0.7331,1.2304,1.25,1.25,false
CHR-BRO-0877,Dramatist Hammurabi of Indus Valley (Late),bronze_and_iron_age,Phoenician City-States,Levant,-1177,-1168,Cultural,stabilizer,EVT-BRO-0877,0.6305,0.6842,0.9004,0.8826,0.511,0.131,0.6272,96,0.1242,0.6292,0.4665,0.8118,0.8414,0.7524,false
CHR-BRO-0878,Archon Talleyrand of Assyrian Empire,bronze_and_iron_age,Elamite Empire,Ancient Iran,-1527,-1494,Political,architect,EVT-BRO-0878,0.8979,0.652,0.8702,0.8725,0.7464,0.2412,0.5523,157,0.1843,0.7596,0.5726,0.8379,0.8685,0.7766,false
CHR-BRO-0879,Patriarch Zhang of Mycenaean Greece,bronze_and_iron_age,Assyrian Empire,Near East,-2894,-2861,Religious,stabilizer,EVT-BRO-0879,0.7773,0.6785,0.8463,0.8358,0.6846,0.1558,0.4262,97,0.16,0.6369,0.5097,0.8224,0.8525,0.7622,false
CHR-BRO-0880,General Vikram of Shang Dynasty,bronze_and_iron_age,Vedic Kingdoms,South Asia,-1076,-1064,Military,wildcard,EVT-BRO-0880,0.8669,0.8024,0.5718,0.5249,0.3049,0.6539,0.7621,11,0.5645,0.825,0.6618,1.0485,1.101,1.1534,false
CHR-BRO-0881,Astronomer Li of Hittite Empire,bronze_and_iron_age,Indus Valley (Late),South Asia,-1381,-1350,Scientific,stabilizer,EVT-BRO-0881,0.8325,0.6808,0.8681,0.7524,0.5356,0.3449,0.4851,234,0.2962,0.6935,0.5407,0.83,0.8604,0.7693,false
CHR-BRO-0882,Rhetorician Rimush of Minoan Civilization,bronze_and_iron_age,Kingdom of Kush (Kerma/Napata),Nubia,-3047,-3018,Cultural,disruptor,EVT-BRO-0882,0.7937,0.6328,0.3242,0.6087,0.8598,0.7167,0.9112,20,0.554,0.8407,0.7536,1.2375,1.25,1.25,true
CHR-BRO-0883,Synod Envoy Imhotep of Assyrian Empire,bronze_and_iron_age,Ancient Egypt,North Africa / Nile,-1966,-1959,Religious,wildcard,EVT-BRO-0883,0.5654,0.5453,0.1774,0.382,0.7759,0.1818,0.6689,71,0.3999,0.6068,0.5803,1.0241,1.0753,1.1265,false
CHR-BRO-0884,Guild Master Li of Phoenician City-States,bronze_and_iron_age,Western Zhou Dynasty,East Asia,-2534,-2518,Economic,architect,EVT-BRO-0884,0.8784,0.7243,0.889,0.8371,0.754,0.2876,0.5628,120,0.2252,0.7522,0.5881,0.8417,0.8725,0.7801,false
CHR-BRO-0885,Strategos Adams of Kingdom of Kush (Kerma/Napata),bronze_and_iron_age,Sumer & Akkad,Mesopotamia,-2083,-2077,Military,architect,EVT-BRO-0885,0.6569,0.7282,0.7514,0.7637,0.7318,0.3571,0.7777,85,0.2967,0.7052,0.5901,0.8422,0.873,0.7805,false
CHR-BRO-0886,Centurion Solon of Ancient Egypt,bronze_and_iron_age,Kingdom of Kush (Kerma/Napata),Nubia,-2738,-2715,Military,stabilizer,EVT-BRO-0886,0.7037,0.6618,0.7472,0.8486,0.547,0.2759,0.4706,137,0.2137,0.6105,0.5021,0.8205,0.8505,0.7605,false
CHR-BRO-0887,Cardinal Hamilton of Indus Valley (Late),bronze_and_iron_age,Babylonia,Mesopotamia,-2701,-2678,Religious,architect,EVT-BRO-0887,0.8405,0.7632,0.866,0.7194,0.5712,0.4154,0.6101,130,0.348,0.7483,0.5915,0.8425,0.8733,0.7809,false
CHR-BRO-0888,Vizier Al-Mansur of Phoenician City-States,bronze_and_iron_age,Western Zhou Dynasty,East Asia,-1254,-1239,Political,disruptor,EVT-BRO-0888,0.8154,0.5895,0.3105,0.46,0.7831,0.7268,0.7532,43,0.6334,0.7905,0.7277,1.2286,1.25,1.25,false
CHR-BRO-0889,Cardinal Richelieu of Mycenaean Greece,bronze_and_iron_age,Indus Valley (Late),South Asia,-1469,-1460,Religious,architect,EVT-BRO-0889,0.8214,0.6388,0.8224,0.8406,0.5224,0.3207,0.7201,129,0.24,0.7809,0.5614,0.8351,0.8657,0.774,false
CHR-BRO-0890,Senator Baldwin of Vedic Kingdoms,bronze_and_iron_age,Assyrian Empire,Near East,-1498,-1465,Political,disruptor,EVT-BRO-0890,0.6425,0.5873,0.4419,0.603,0.9047,0.6781,0.8131,6,0.5376,0.7107,0.6838,1.2134,1.25,1.25,false
CHR-BRO-0891,Merchant Prince Zhang of Kingdom of Kush (Kerma/Napata),bronze_and_iron_age,Hittite Empire,Anatolia,-1856,-1820,Economic,architect,EVT-BRO-0891,0.8272,0.6038,0.7836,0.7053,0.5134,0.2334,0.8129,121,0.2641,0.8215,0.5677,0.8367,0.8673,0.7754,false
CHR-BRO-0892,Customs Director Hathor of Babylonia,bronze_and_iron_age,Minoan Civilization,Aegean / Crete,-1279,-1247,Economic,stabilizer,EVT-BRO-0892,0.6764,0.6314,0.7636,0.783,0.6387,0.3312,0.5776,166,0.2741,0.6369,0.5304,0.8275,0.8578,0.7669,false
CHR-BRO-0893,Master Sculptor Solon of Hittite Empire,bronze_and_iron_age,Sumer & Akkad,Mesopotamia,-1725,-1681,Cultural,stabilizer,EVT-BRO-0893,0.6313,0.7032,0.8877,0.7823,0.6323,0.1802,0.4319,67,0.199,0.5516,0.4721,0.8131,0.8429,0.7536,false
CHR-BRO-0894,Marshal Sherman of Mycenaean Greece,bronze_and_iron_age,Elamite Empire,Ancient Iran,-1942,-1899,Military,catalyst,EVT-BRO-0894,0.5904,0.892,0.5157,0.7336,0.9212,0.5274,0.8118,51,0.3969,0.679,0.6822,1.1074,1.2129,1.1601,false
CHR-BRO-0895,Mint Overseer Wu of Mycenaean Greece,bronze_and_iron_age,Assyrian Empire,Near East,-2473,-2460,Economic,wildcard,EVT-BRO-0895,0.5175,0.7779,0.5513,0.3941,0.5395,0.7361,0.8329,24,0.671,0.6437,0.6375,1.0413,1.0933,1.1454,false
CHR-BRO-0896,Abbess Theodosius of Western Zhou Dynasty,bronze_and_iron_age,Indus Valley (Late),South Asia,-1510,-1497,Religious,wildcard,EVT-BRO-0896,0.6175,0.7947,0.1909,0.518,0.6821,0.3327,0.6116,71,0.4073,0.6151,0.6226,1.0368,1.0886,1.1404,false
CHR-BRO-0897,Merchant Prince Theodosius of Phoenician City-States,bronze_and_iron_age,Babylonia,Mesopotamia,-2178,-2138,Economic,disruptor,EVT-BRO-0897,0.7287,0.5625,0.2135,0.3541,0.8637,0.8948,0.959,25,0.7703,0.8208,0.7851,1.2484,1.25,1.25,true
CHR-BRO-0898,General Colbert of Babylonia,bronze_and_iron_age,Mycenaean Greece,Aegean,-1541,-1534,Military,catalyst,EVT-BRO-0898,0.7978,0.8521,0.6594,0.6621,0.8919,0.4714,0.9399,13,0.4046,0.8546,0.7237,1.1205,1.2272,1.1738,false
CHR-BRO-0899,Consul Adams of Phoenician City-States,bronze_and_iron_age,Elamite Empire,Ancient Iran,-2452,-2438,Political,wildcard,EVT-BRO-0899,0.7717,0.6161,0.4119,0.4687,0.3183,0.7475,0.5122,32,0.6394,0.6679,0.6074,1.0322,1.0838,1.1354,false
CHR-BRO-0900,Philosopher Rimush of Shang Dynasty,bronze_and_iron_age,Indus Valley (Late),South Asia,-2559,-2516,Cultural,disruptor,EVT-BRO-0900,0.7621,0.6513,0.4447,0.5292,0.7277,0.7732,0.8742,14,0.622,0.807,0.7236,1.2271,1.25,1.25,false
CHR-BRO-0901,Centurion Labarna of Assyrian Empire,bronze_and_iron_age,Babylonia,Mesopotamia,-1586,-1564,Military,disruptor,EVT-BRO-0901,0.6332,0.6343,0.2349,0.3667,0.9468,0.7617,0.774,22,0.6975,0.6895,0.734,1.2307,1.25,1.25,false
CHR-BRO-0902,Polymath Hamilton of Minoan Civilization,bronze_and_iron_age,Minoan Civilization,Aegean / Crete,-1765,-1752,Scientific,architect,EVT-BRO-0902,0.7324,0.7164,0.818,0.7164,0.7462,0.4134,0.7529,39,0.3485,0.7406,0.6098,0.847,0.878,0.785,false
CHR-BRO-0903,Physician Richelieu of Hittite Empire,bronze_and_iron_age,Shang Dynasty,East Asia,-1406,-1379,Scientific,wildcard,EVT-BRO-0903,0.7667,0.7078,0.1624,0.2655,0.7082,0.542,0.7122,70,0.6382,0.7449,0.7127,1.0638,1.117,1.1702,false
CHR-BRO-0904,Alchemist Rajaraja of Minoan Civilization,bronze_and_iron_age,Vedic Kingdoms,South Asia,-2183,-2175,Scientific,wildcard,EVT-BRO-0904,0.5531,0.6947,0.3586,0.2327,0.8038,0.67,0.7401,58,0.7186,0.6279,0.6771,1.0531,1.1058,1.1584,false
CHR-BRO-0905,Poet Laureate Naram-Sin of Assyrian Empire,bronze_and_iron_age,Mycenaean Greece,Aegean,-2705,-2681,Cultural,wildcard,EVT-BRO-0905,0.6741,0.363,0.651,0.4499,0.2689,0.4087,0.4012,11,0.4794,0.5649,0.4472,0.9842,1.0334,1.0826,false
CHR-BRO-0906,Archon Alexander of Indus Valley (Late),bronze_and_iron_age,Babylonia,Mesopotamia,-1229,-1194,Political,wildcard,EVT-BRO-0906,0.8476,0.7295,0.5647,0.7757,0.826,0.2425,0.7672,51,0.2334,0.8154,0.6514,1.0454,1.0977,1.15,false
CHR-BRO-0907,Geometer Kautilya of Elamite Empire,bronze_and_iron_age,Vedic Kingdoms,South Asia,-2950,-2943,Scientific,catalyst,EVT-BRO-0907,0.5021,0.7388,0.7256,0.612,0.7952,0.632,0.914,20,0.51,0.6668,0.6344,1.0923,1.1964,1.1443,false
CHR-BRO-0908,Syndic Richelieu of Phoenician City-States,bronze_and_iron_age,Minoan Civilization,Aegean / Crete,-2140,-2128,Economic,stabilizer,EVT-BRO-0908,0.6011,0.7116,0.7478,0.7495,0.5784,0.3233,0.4486,157,0.2869,0.5401,0.4973,0.8193,0.8493,0.7594,false
CHR-BRO-0909,Patriarch Rajaraja of Assyrian Empire,bronze_and_iron_age,Western Zhou Dynasty,East Asia,-862,-855,Religious,disruptor,EVT-BRO-0909,0.654,0.5538,0.3094,0.325,0.8603,0.7988,0.9067,45,0.7369,0.7551,0.7343,1.2308,1.25,1.25,false
CHR-BRO-0910,Archon Al-Mansur of Elamite Empire,bronze_and_iron_age,Mycenaean Greece,Aegean,-2546,-2528,Political,disruptor,EVT-BRO-0910,0.754,0.8109,0.4639,0.5811,0.9352,0.8346,0.7705,36,0.6267,0.7606,0.7657,1.2417,1.25,1.25,true
CHR-BRO-0911,Strategos Mentuhotep of Vedic Kingdoms,bronze_and_iron_age,Minoan Civilization,Aegean / Crete,-982,-977,Military,disruptor,EVT-BRO-0911,0.8151,0.6908,0.4808,0.3664,0.718,0.8142,0.7441,28,0.7239,0.7867,0.7324,1.2302,1.25,1.25,false
CHR-BRO-0912,Abbess Imhotep of Hittite Empire,bronze_and_iron_age,Shang Dynasty,East Asia,-1328,-1283,Religious,wildcard,EVT-BRO-0912,0.4717,0.6191,0.5463,0.3158,0.4813,0.6466,0.4054,46,0.6654,0.4452,0.5204,1.0061,1.0564,1.1067,false
CHR-BRO-0913,Chronicler Kautilya of Elamite Empire,bronze_and_iron_age,Indus Valley (Late),South Asia,-2244,-2219,Cultural,stabilizer,EVT-BRO-0913,0.7393,0.566,0.7204,0.7403,0.5681,0.2787,0.4705,132,0.2692,0.6317,0.5083,0.822,0.8521,0.7619,false
CHR-BRO-0914,Polymath Seneb of Sumer & Akkad,bronze_and_iron_age,Babylonia,Mesopotamia,-901,-862,Scientific,disruptor,EVT-BRO-0914,0.9252,0.5575,0.2678,0.4749,0.7013,0.7444,0.8863,19,0.6348,0.9096,0.7642,1.2411,1.25,1.25,true
CHR-BRO-0915,Marshal Averroes of Kingdom of Kush (Kerma/Napata),bronze_and_iron_age,Minoan Civilization,Aegean / Crete,-2546,-2507,Military,architect,EVT-BRO-0915,0.8821,0.8203,0.8768,0.7406,0.6462,0.3705,0.7057,137,0.3149,0.8115,0.6272,0.8513,0.8824,0.789,false
CHR-BRO-0916,Legate Zhao of Shang Dynasty,bronze_and_iron_age,Assyrian Empire,Near East,-2647,-2623,Military,disruptor,EVT-BRO-0916,0.6406,0.7977,0.4431,0.5542,0.8258,0.7537,0.799,13,0.5997,0.704,0.7146,1.224,1.25,1.25,false
CHR-BRO-0917,Polymath Nizam of Vedic Kingdoms,bronze_and_iron_age,Indus Valley (Late),South Asia,-1036,-1017,Scientific,disruptor,EVT-BRO-0917,0.8737,0.6069,0.3399,0.5777,0.8825,0.6922,0.8098,31,0.5572,0.8481,0.7543,1.2377,1.25,1.25,true
CHR-BRO-0918,Commander Godfrey of Vedic Kingdoms,bronze_and_iron_age,Indus Valley (Late),South Asia,-2338,-2318,Military,wildcard,EVT-BRO-0918,0.7007,0.4484,0.3227,0.286,0.5891,0.4871,0.8722,68,0.6006,0.7693,0.6381,1.0414,1.0935,1.1456,false
CHR-BRO-0919,Arch-Engineer Mirabeau of Sumer & Akkad,bronze_and_iron_age,Ancient Egypt,North Africa / Nile,-2683,-2669,Scientific,architect,EVT-BRO-0919,0.7291,0.8036,0.7276,0.7249,0.621,0.2631,0.7917,144,0.2691,0.7542,0.5952,0.8434,0.8743,0.7817,false
CHR-BRO-0920,Cardinal Samudra of Assyrian Empire,bronze_and_iron_age,Elamite Empire,Ancient Iran,-1568,-1525,Religious,architect,EVT-BRO-0920,0.8823,0.6892,0.7864,0.7309,0.7219,0.2254,0.6895,146,0.2473,0.8052,0.6043,0.8457,0.8766,0.7838,false
CHR-BRO-0921,Rhetorician Bradford of Sumer & Akkad,bronze_and_iron_age,Sumer & Akkad,Mesopotamia,-2280,-2255,Cultural,stabilizer,EVT-BRO-0921,0.8249,0.7189,0.8344,0.7618,0.6483,0.1857,0.4967,112,0.2119,0.6936,0.5421,0.8304,0.8607,0.7696,false
CHR-BRO-0922,Poet Laureate Rimush of Mycenaean Greece,bronze_and_iron_age,Hittite Empire,Anatolia,-897,-877,Cultural,wildcard,EVT-BRO-0922,0.8733,0.7734,0.5921,0.3274,0.4685,0.5818,0.8887,20,0.6272,0.8794,0.6996,1.0599,1.1129,1.1659,false
CHR-BRO-0923,Hierophant Tariq of Western Zhou Dynasty,bronze_and_iron_age,Phoenician City-States,Levant,-2723,-2714,Religious,disruptor,EVT-BRO-0923,0.8508,0.6011,0.3088,0.6132,0.9016,0.9253,0.9316,43,0.6561,0.8831,0.8051,1.25,1.25,1.25,true
CHR-BRO-0924,Syndic Li of Babylonia,bronze_and_iron_age,Phoenician City-States,Levant,-2134,-2094,Economic,architect,EVT-BRO-0924,0.7826,0.8598,0.7111,0.7022,0.673,0.397,0.6069,61,0.3474,0.7123,0.6199,0.8495,0.8806,0.7873,false
CHR-BRO-0925,Chronicler Samsi-Adad of Babylonia,bronze_and_iron_age,Indus Valley (Late),South Asia,-1303,-1260,Cultural,architect,EVT-BRO-0925,0.7559,0.6621,0.7618,0.7295,0.582,0.3997,0.7161,52,0.3351,0.74,0.5803,0.8398,0.8705,0.7783,false
CHR-BRO-0926,Philosopher Al-Mansur of Ancient Egypt,bronze_and_iron_age,Elamite Empire,Ancient Iran,-1480,-1458,Cultural,stabilizer,EVT-BRO-0926,0.7699,0.606,0.8286,0.7517,0.5478,0.2284,0.4153,60,0.2383,0.6281,0.4917,0.8179,0.8479,0.7581,false
CHR-BRO-0927,Senator Eleanor of Kingdom of Kush (Kerma/Napata),bronze_and_iron_age,Elamite Empire,Ancient Iran,-1134,-1100,Political,architect,EVT-BRO-0927,0.6992,0.7805,0.6828,0.8588,0.7522,0.2741,0.7148,108,0.2076,0.7055,0.5918,0.8426,0.8734,0.7809,false
CHR-BRO-0928,Arch-Engineer Narmer of Assyrian Empire,bronze_and_iron_age,Minoan Civilization,Aegean / Crete,-958,-952,Scientific,wildcard,EVT-BRO-0928,0.5858,0.8068,0.3257,0.2556,0.5555,0.2393,0.5497,44,0.4918,0.5714,0.5738,1.0221,1.0732,1.1244,false
CHR-BRO-0929,General Marshall of Shang Dynasty,bronze_and_iron_age,Sumer & Akkad,Mesopotamia,-2007,-2001,Military,catalyst,EVT-BRO-0929,0.7924,0.7156,0.5595,0.6431,0.7448,0.6821,0.9123,42,0.5195,0.8403,0.7182,1.1187,1.2253,1.172,false
CHR-BRO-0930,Legate Seneb of Indus Valley (Late),bronze_and_iron_age,Assyrian Empire,Near East,-1556,-1533,Military,wildcard,EVT-BRO-0930,0.8307,0.6947,0.5954,0.4302,0.6716,0.1822,0.7444,56,0.376,0.7962,0.6206,1.0362,1.088,1.1398,false
CHR-BRO-0931,Centurion Adams of Shang Dynasty,bronze_and_iron_age,Indus Valley (Late),South Asia,-2676,-2652,Military,catalyst,EVT-BRO-0931,0.8173,0.7087,0.5196,0.5675,0.7704,0.6824,0.7978,35,0.5575,0.8095,0.7179,1.1186,1.2252,1.1719,false
CHR-BRO-0932,Consul Hamilton of Vedic Kingdoms,bronze_and_iron_age,Assyrian Empire,Near East,-940,-918,Political,stabilizer,EVT-BRO-0932,0.6116,0.7403,0.8845,0.7708,0.5492,0.1812,0.6576,60,0.2052,0.63,0.4952,0.8188,0.8488,0.7589,false
CHR-BRO-0933,Imam Telepinu of Phoenician City-States,bronze_and_iron_age,Vedic Kingdoms,South Asia,-861,-841,Religious,catalyst,EVT-BRO-0933,0.6276,0.7272,0.4865,0.7272,0.8048,0.4581,0.7247,38,0.3654,0.6665,0.6291,1.0907,1.1945,1.1426,false
CHR-BRO-0934,Alchemist Harsha of Indus Valley (Late),bronze_and_iron_age,Indus Valley (Late),South Asia,-2598,-2571,Scientific,catalyst,EVT-BRO-0934,0.7112,0.8803,0.7254,0.673,0.9174,0.6572,0.8543,39,0.4921,0.7684,0.718,1.1187,1.2252,1.1719,false
CHR-BRO-0935,Merchant Prince Adams of Shang Dynasty,bronze_and_iron_age,Kingdom of Kush (Kerma/Napata),Nubia,-2389,-2382,Economic,catalyst,EVT-BRO-0935,0.7229,0.8337,0.5233,0.7024,0.8389,0.5122,0.9034,43,0.4049,0.7951,0.7065,1.115,1.2212,1.1681,false
CHR-BRO-0936,Admiral Colbert of Babylonia,bronze_and_iron_age,Phoenician City-States,Levant,-2123,-2105,Military,disruptor,EVT-BRO-0936,0.8068,0.572,0.3809,0.4008,0.7588,0.8285,0.8305,22,0.7138,0.8163,0.742,1.2335,1.25,1.25,false
CHR-BRO-0937,Chamberlain Harsha of Shang Dynasty,bronze_and_iron_age,Kingdom of Kush (Kerma/Napata),Nubia,-2909,-2874,Economic,architect,EVT-BRO-0937,0.6565,0.6417,0.7931,0.715,0.6273,0.2695,0.6772,29,0.2772,0.6648,0.5314,0.8277,0.858,0.7672,false
CHR-BRO-0938,Mint Overseer Imhotep of Indus Valley (Late),bronze_and_iron_age,Vedic Kingdoms,South Asia,-932,-922,Economic,architect,EVT-BRO-0938,0.8088,0.761,0.8351,0.7393,0.6349,0.3448,0.8009,57,0.3027,0.8056,0.613,0.8478,0.8788,0.7858,false
CHR-BRO-0939,Chronicler Kautilya of Ancient Egypt,bronze_and_iron_age,Kingdom of Kush (Kerma/Napata),Nubia,-1603,-1580,Cultural,stabilizer,EVT-BRO-0939,0.6067,0.789,0.8404,0.7775,0.6498,0.2242,0.6117,99,0.2233,0.6087,0.52,0.8249,0.8551,0.7646,false
CHR-BRO-0940,Merchant Prince Mursili of Assyrian Empire,bronze_and_iron_age,Ancient Egypt,North Africa / Nile,-1691,-1677,Economic,stabilizer,EVT-BRO-0940,0.8251,0.6082,0.7322,0.7049,0.5448,0.2902,0.5563,64,0.2927,0.7176,0.5477,0.8317,0.8622,0.7709,false
CHR-BRO-0941,Abbess Sargon of Western Zhou Dynasty,bronze_and_iron_age,Babylonia,Mesopotamia,-1191,-1178,Religious,catalyst,EVT-BRO-0941,0.5692,0.8876,0.6492,0.6385,0.9492,0.5468,0.8053,35,0.4542,0.6636,0.6738,1.1047,1.21,1.1574,false
CHR-BRO-0942,Governor Baldwin of Shang Dynasty,bronze_and_iron_age,Ancient Egypt,North Africa / Nile,-1459,-1421,Political,architect,EVT-BRO-0942,0.754,0.8705,0.6884,0.9123,0.6507,0.41,0.7688,118,0.2489,0.7599,0.629,0.8517,0.8829,0.7894,false
CHR-BRO-0943,Poet Laureate Theodosius of Mycenaean Greece,bronze_and_iron_age,Shang Dynasty,East Asia,-1073,-1034,Cultural,stabilizer,EVT-BRO-0943,0.6475,0.6042,0.9152,0.8186,0.5301,0.1897,0.4583,224,0.1855,0.5718,0.4468,0.8069,0.8364,0.75,false
CHR-BRO-0944,Strategos Richelieu of Phoenician City-States,bronze_and_iron_age,Hittite Empire,Anatolia,-830,-800,Military,disruptor,EVT-BRO-0944,0.7513,0.5273,0.4488,0.5813,0.7992,0.8234,0.7443,25,0.621,0.7485,0.698,1.2183,1.25,1.25,false
CHR-BRO-0945,Chronicler Valdemar of Western Zhou Dynasty,bronze_and_iron_age,Indus Valley (Late),South Asia,-1895,-1886,Cultural,stabilizer,EVT-BRO-0945,0.756,0.7442,0.9276,0.6926,0.6683,0.3034,0.5978,126,0.3054,0.6927,0.5587,0.8344,0.865,0.7734,false
CHR-BRO-0946,Arch-Engineer Rimush of Mycenaean Greece,bronze_and_iron_age,Shang Dynasty,East Asia,-1650,-1625,Scientific,stabilizer,EVT-BRO-0946,0.5909,0.6467,0.7423,0.8544,0.5051,0.193,0.6239,223,0.1693,0.6041,0.4761,0.8141,0.8439,0.7545,false
CHR-BRO-0947,Hierophant Belisarius of Shang Dynasty,bronze_and_iron_age,Elamite Empire,Ancient Iran,-985,-953,Religious,catalyst,EVT-BRO-0947,0.6447,0.8894,0.5286,0.7076,0.8547,0.7271,0.827,22,0.5098,0.7176,0.7177,1.1186,1.2251,1.1718,false
CHR-BRO-0948,Customs Director Dara of Western Zhou Dynasty,bronze_and_iron_age,Kingdom of Kush (Kerma/Napata),Nubia,-2440,-2420,Economic,stabilizer,EVT-BRO-0948,0.7901,0.6066,0.839,0.7473,0.4761,0.1739,0.4636,160,0.2133,0.6595,0.4843,0.8161,0.846,0.7564,false
CHR-BRO-0949,Scribe Seneb of Mycenaean Greece,bronze_and_iron_age,Hittite Empire,Anatolia,-1490,-1485,Cultural,disruptor,EVT-BRO-0949,0.6904,0.6356,0.512,0.542,0.7538,0.6747,0.7738,40,0.5664,0.7238,0.67,1.2086,1.25,1.25,false
CHR-BRO-0950,Master Sculptor Suppiluliuma of Indus Valley (Late),bronze_and_iron_age,Shang Dynasty,East Asia,-2975,-2959,Cultural,stabilizer,EVT-BRO-0950,0.7941,0.6617,0.7926,0.8585,0.6927,0.1794,0.5846,148,0.1604,0.7103,0.5441,0.8308,0.8612,0.7701,false
CHR-BRO-0951,Imam Mazarin of Babylonia,bronze_and_iron_age,Ancient Egypt,North Africa / Nile,-953,-923,Religious,stabilizer,EVT-BRO-0951,0.6493,0.7094,0.922,0.7504,0.5374,0.1734,0.4823,71,0.2115,0.5825,0.468,0.8121,0.8418,0.7527,false
CHR-BRO-0952,Admiral Mursili of Western Zhou Dynasty,bronze_and_iron_age,Babylonia,Mesopotamia,-1991,-1951,Military,wildcard,EVT-BRO-0952,0.8049,0.5566,0.3935,0.7577,0.5705,0.2094,0.5619,13,0.2259,0.7077,0.5587,1.0176,1.0685,1.1194,false
CHR-BRO-0953,Customs Director Mirabeau of Babylonia,bronze_and_iron_age,Indus Valley (Late),South Asia,-2734,-2698,Economic,catalyst,EVT-BRO-0953,0.5677,0.7876,0.639,0.5656,0.8126,0.6494,0.7462,44,0.5419,0.6391,0.6491,1.097,1.2014,1.1492,false
CHR-BRO-0954,Consul Chen of Kingdom of Kush (Kerma/Napata),bronze_and_iron_age,Shang Dynasty,East Asia,-1762,-1733,Political,disruptor,EVT-BRO-0954,0.6463,0.5023,0.3307,0.4589,0.8203,0.7026,0.8165,13,0.6218,0.7144,0.6818,1.2127,1.25,1.25,false
CHR-BRO-0955,Minister Talleyrand of Shang Dynasty,bronze_and_iron_age,Indus Valley (Late),South Asia,-2305,-2274,Political,architect,EVT-BRO-0955,0.7757,0.7099,0.7576,0.8093,0.6728,0.2308,0.6385,26,0.2108,0.7208,0.5655,0.8361,0.8667,0.7749,false
CHR-BRO-0956,Imam Samsi-Adad of Vedic Kingdoms,bronze_and_iron_age,Indus Valley (Late),South Asia,-1240,-1199,Religious,catalyst,EVT-BRO-0956,0.7053,0.8185,0.6544,0.593,0.7455,0.7146,0.7069,53,0.5608,0.7059,0.6791,1.1064,1.2118,1.1591,false
CHR-BRO-0957,Admiral Theodosius of Ancient Egypt,bronze_and_iron_age,Minoan Civilization,Aegean / Crete,-955,-934,Military,stabilizer,EVT-BRO-0957,0.8335,0.5977,0.7269,0.7524,0.4661,0.338,0.4171,110,0.2928,0.667,0.5209,0.8251,0.8553,0.7648,false
CHR-BRO-0958,Scribe Franklin of Phoenician City-States,bronze_and_iron_age,Sumer & Akkad,Mesopotamia,-2912,-2906,Cultural,disruptor,EVT-BRO-0958,0.8791,0.562,0.2867,0.4092,0.8736,0.8958,0.7898,37,0.7433,0.8434,0.7888,1.2496,1.25,1.25,true
CHR-BRO-0959,Chamberlain Alexander of Ancient Egypt,bronze_and_iron_age,Western Zhou Dynasty,East Asia,-1226,-1182,Economic,architect,EVT-BRO-0959,0.6853,0.6909,0.7489,0.794,0.6802,0.3078,0.7406,59,0.2569,0.7074,0.5697,0.8371,0.8678,0.7759,false
CHR-BRO-0960,Dramatist Samudra of Ancient Egypt,bronze_and_iron_age,Hittite Empire,Anatolia,-1373,-1360,Cultural,architect,EVT-BRO-0960,0.8222,0.6263,0.8839,0.8876,0.5825,0.2133,0.6119,145,0.1628,0.7381,0.5279,0.8269,0.8571,0.7664,false
CHR-BRO-0961,Patriarch Mentuhotep of Western Zhou Dynasty,bronze_and_iron_age,Hittite Empire,Anatolia,-2337,-2322,Religious,architect,EVT-BRO-0961,0.6816,0.8042,0.801,0.8748,0.5228,0.222,0.6932,104,0.1736,0.6862,0.5329,0.8281,0.8584,0.7675,false
CHR-BRO-0962,Rhetorician Samsi-Adad of Ancient Egypt,bronze_and_iron_age,Hittite Empire,Anatolia,-1609,-1584,Cultural,disruptor,EVT-BRO-0962,0.8723,0.6114,0.2327,0.4054,0.9007,0.7074,0.9211,20,0.651,0.8918,0.7956,1.25,1.25,1.25,true
CHR-BRO-0963,Scribe Harsha of Minoan Civilization,bronze_and_iron_age,Elamite Empire,Ancient Iran,-2473,-2468,Cultural,wildcard,EVT-BRO-0963,0.6767,0.7782,0.6279,0.5443,0.8068,0.2555,0.777,40,0.3556,0.7168,0.6218,1.0365,1.0884,1.1402,false
CHR-BRO-0964,Polymath Labarna of Indus Valley (Late),bronze_and_iron_age,Babylonia,Mesopotamia,-3003,-2963,Scientific,disruptor,EVT-BRO-0964,0.7443,0.6081,0.5048,0.634,0.9346,0.7439,0.7353,14,0.5549,0.7407,0.7072,1.2215,1.25,1.25,false
CHR-BRO-0965,Astronomer Mirabeau of Vedic Kingdoms,bronze_and_iron_age,Western Zhou Dynasty,East Asia,-1067,-1026,Scientific,catalyst,EVT-BRO-0965,0.7152,0.8316,0.6928,0.5615,0.8541,0.5833,0.8321,58,0.5109,0.762,0.6966,1.1119,1.2178,1.1649,false
CHR-BRO-0966,Polymath Khaldun of Minoan Civilization,bronze_and_iron_age,Hittite Empire,Anatolia,-1611,-1601,Scientific,wildcard,EVT-BRO-0966,0.5565,0.3702,0.3521,0.5217,0.3615,0.5299,0.8033,35,0.5041,0.6552,0.5376,1.0113,1.0618,1.1124,false
CHR-BRO-0967,Chamberlain Qian of Western Zhou Dynasty,bronze_and_iron_age,Shang Dynasty,East Asia,-1088,-1065,Economic,architect,EVT-BRO-0967,0.7272,0.7851,0.6909,0.8425,0.5677,0.3242,0.5626,164,0.2408,0.6613,0.5565,0.8339,0.8644,0.7729,false
CHR-BRO-0968,Guild Master Narmer of Babylonia,bronze_and_iron_age,Shang Dynasty,East Asia,-1601,-1594,Economic,catalyst,EVT-BRO-0968,0.7656,0.6509,0.6952,0.7242,0.7451,0.6953,0.9207,44,0.4856,0.8276,0.6875,1.1091,1.2147,1.1619,false
CHR-BRO-0969,General Zhang of Mycenaean Greece,bronze_and_iron_age,Indus Valley (Late),South Asia,-2186,-2176,Military,architect,EVT-BRO-0969,0.8612,0.8294,0.8297,0.9053,0.7658,0.197,0.6369,151,0.1459,0.7715,0.6014,0.845,0.8759,0.7831,false
CHR-BRO-0970,Syndic Marshall of Vedic Kingdoms,bronze_and_iron_age,Indus Valley (Late),South Asia,-1530,-1513,Economic,wildcard,EVT-BRO-0970,0.8458,0.452,0.5457,0.5009,0.6707,0.4118,0.5045,53,0.4554,0.7093,0.5877,1.0263,1.0776,1.1289,false
CHR-BRO-0971,High Priest Vikram of Indus Valley (Late),bronze_and_iron_age,Minoan Civilization,Aegean / Crete,-2972,-2956,Religious,disruptor,EVT-BRO-0971,0.6454,0.7314,0.3822,0.5218,0.8433,0.706,0.8182,30,0.5921,0.7145,0.7119,1.2231,1.25,1.25,false
CHR-BRO-0972,Customs Director Ashoka of Hittite Empire,bronze_and_iron_age,Ancient Egypt,North Africa / Nile,-1209,-1190,Economic,disruptor,EVT-BRO-0972,0.6016,0.5572,0.466,0.5823,0.7313,0.924,0.8242,46,0.6708,0.6907,0.6802,1.2122,1.25,1.25,false
CHR-BRO-0973,Viceroy Valdemar of Sumer & Akkad,bronze_and_iron_age,Assyrian Empire,Near East,-1022,-1015,Political,wildcard,EVT-BRO-0973,0.8366,0.4581,0.3216,0.5181,0.7264,0.7727,0.5472,32,0.6273,0.7208,0.6767,1.053,1.1057,1.1583,false
CHR-BRO-0974,Chamberlain Ashoka of Kingdom of Kush (Kerma/Napata),bronze_and_iron_age,Sumer & Akkad,Mesopotamia,-1696,-1665,Economic,stabilizer,EVT-BRO-0974,0.6484,0.7798,0.721,0.857,0.493,0.2203,0.4863,46,0.1817,0.5835,0.4941,0.8185,0.8485,0.7586,false
CHR-BRO-0975,Chronicler Thutmose of Babylonia,bronze_and_iron_age,Sumer & Akkad,Mesopotamia,-2022,-1991,Cultural,stabilizer,EVT-BRO-0975,0.6169,0.5574,0.7427,0.8288,0.4958,0.3321,0.6567,37,0.2516,0.6328,0.4948,0.8187,0.8487,0.7588,false
CHR-BRO-0976,Astronomer Sumner of Ancient Egypt,bronze_and_iron_age,Shang Dynasty,East Asia,-3014,-2990,Scientific,disruptor,EVT-BRO-0976,0.7052,0.5085,0.3772,0.5967,0.8383,0.8977,0.839,10,0.6505,0.7587,0.7213,1.2263,1.25,1.25,false
CHR-BRO-0977,Consul Franklin of Babylonia,bronze_and_iron_age,Babylonia,Mesopotamia,-1476,-1471,Political,disruptor,EVT-BRO-0977,0.8176,0.5567,0.5192,0.3789,0.7112,0.8899,0.7604,22,0.7555,0.7947,0.7213,1.2263,1.25,1.25,false
CHR-BRO-0978,Metallurgist Mentuhotep of Phoenician City-States,bronze_and_iron_age,Mycenaean Greece,Aegean,-1864,-1857,Scientific,disruptor,EVT-BRO-0978,0.7355,0.6914,0.3782,0.4337,0.8962,0.8692,0.868,32,0.7177,0.7885,0.7731,1.2442,1.25,1.25,true
CHR-BRO-0979,Commander Naram-Sin of Vedic Kingdoms,bronze_and_iron_age,Vedic Kingdoms,South Asia,-2997,-2991,Military,wildcard,EVT-BRO-0979,0.7041,0.4448,0.5389,0.383,0.5742,0.7126,0.8473,70,0.6648,0.7614,0.6398,1.0419,1.094,1.1461,false
CHR-BRO-0980,Rhetorician Wu of Shang Dynasty,bronze_and_iron_age,Sumer & Akkad,Mesopotamia,-3057,-3034,Cultural,disruptor,EVT-BRO-0980,0.7162,0.5249,0.4542,0.621,0.7527,0.8194,0.778,24,0.5992,0.741,0.6838,1.2134,1.25,1.25,false
CHR-BRO-0981,Mint Overseer Dara of Mycenaean Greece,bronze_and_iron_age,Shang Dynasty,East Asia,-2304,-2278,Economic,catalyst,EVT-BRO-0981,0.8055,0.7051,0.5813,0.657,0.9003,0.7935,0.9146,39,0.5683,0.8491,0.7574,1.1311,1.2388,1.1849,true
CHR-BRO-0982,Dramatist Necker of Hittite Empire,bronze_and_iron_age,Ancient Egypt,North Africa / Nile,-1221,-1189,Cultural,wildcard,EVT-BRO-0982,0.6663,0.6983,0.6004,0.3626,0.2027,0.5055,0.8485,61,0.5714,0.7391,0.5767,1.023,1.0741,1.1253,false
CHR-BRO-0983,Admiral Zhang of Hittite Empire,bronze_and_iron_age,Shang Dynasty,East Asia,-938,-928,Military,disruptor,EVT-BRO-0983,0.6338,0.7847,0.3444,0.3889,0.8266,0.6936,0.9404,22,0.6523,0.7564,0.7414,1.2333,1.25,1.25,false
CHR-BRO-0984,Rhetorician Li of Mycenaean Greece,bronze_and_iron_age,Sumer & Akkad,Mesopotamia,-1380,-1354,Cultural,disruptor,EVT-BRO-0984,0.9373,0.5137,0.3961,0.416,0.7413,0.8017,0.7344,25,0.6928,0.8561,0.7426,1.2337,1.25,1.25,false
CHR-BRO-0985,Imam Song of Sumer & Akkad,bronze_and_iron_age,Kingdom of Kush (Kerma/Napata),Nubia,-1691,-1669,Religious,wildcard,EVT-BRO-0985,0.4244,0.4203,0.4367,0.3359,0.4648,0.7615,0.7358,7,0.7128,0.549,0.553,1.0159,1.0667,1.1175,false
CHR-BRO-0986,Astronomer Cao of Indus Valley (Late),bronze_and_iron_age,Hittite Empire,Anatolia,-2951,-2912,Scientific,catalyst,EVT-BRO-0986,0.5572,0.7119,0.5312,0.7761,0.8403,0.5442,0.7389,30,0.384,0.6299,0.6227,1.0886,1.1923,1.1405,false
CHR-BRO-0987,Vizier Colbert of Sumer & Akkad,bronze_and_iron_age,Sumer & Akkad,Mesopotamia,-1746,-1706,Political,stabilizer,EVT-BRO-0987,0.6889,0.7561,0.7221,0.7569,0.695,0.2373,0.6275,142,0.2402,0.6643,0.5596,0.8347,0.8652,0.7736,false
CHR-BRO-0988,Abbess Vikram of Minoan Civilization,bronze_and_iron_age,Sumer & Akkad,Mesopotamia,-2027,-2013,Religious,wildcard,EVT-BRO-0988,0.5546,0.807,0.3409,0.4994,0.6773,0.3424,0.694,71,0.4215,0.6103,0.6077,1.0323,1.0839,1.1355,false
CHR-BRO-0989,Customs Director Labarna of Hittite Empire,bronze_and_iron_age,Elamite Empire,Ancient Iran,-1822,-1785,Economic,architect,EVT-BRO-0989,0.7394,0.6054,0.733,0.821,0.6525,0.2244,0.8069,54,0.2017,0.7664,0.5639,0.8357,0.8663,0.7746,false
CHR-BRO-0990,Customs Director Mirabeau of Vedic Kingdoms,bronze_and_iron_age,Ancient Egypt,North Africa / Nile,-2810,-2796,Economic,architect,EVT-BRO-0990,0.6675,0.6715,0.6914,0.7287,0.5795,0.3866,0.7322,44,0.3289,0.6934,0.5668,0.8364,0.867,0.7752,false
CHR-BRO-0991,Philosopher Chen of Mycenaean Greece,bronze_and_iron_age,Sumer & Akkad,Mesopotamia,-1604,-1581,Cultural,disruptor,EVT-BRO-0991,0.8031,0.6383,0.2224,0.6301,0.7628,0.8635,0.8766,42,0.6167,0.8325,0.7682,1.2425,1.25,1.25,true
CHR-BRO-0992,Chamberlain Vikram of Mycenaean Greece,bronze_and_iron_age,Ancient Egypt,North Africa / Nile,-1610,-1594,Economic,disruptor,EVT-BRO-0992,0.8566,0.8259,0.3506,0.4225,0.8212,0.8744,0.8912,7,0.726,0.8704,0.8199,1.25,1.25,1.25,true
CHR-BRO-0993,Archon Madison of Vedic Kingdoms,bronze_and_iron_age,Assyrian Empire,Near East,-2026,-1982,Political,stabilizer,EVT-BRO-0993,0.709,0.5844,0.7416,0.8499,0.469,0.3023,0.5213,162,0.2262,0.6339,0.4921,0.8181,0.848,0.7582,false
CHR-BRO-0994,Customs Director Eleanor of Elamite Empire,bronze_and_iron_age,Sumer & Akkad,Mesopotamia,-2843,-2809,Economic,architect,EVT-BRO-0994,0.6986,0.6377,0.7411,0.8348,0.634,0.4493,0.8058,69,0.3072,0.7415,0.5878,0.8416,0.8724,0.78,false
CHR-BRO-0995,Customs Director Otto of Sumer & Akkad,bronze_and_iron_age,Indus Valley (Late),South Asia,-2986,-2968,Economic,catalyst,EVT-BRO-0995,0.7973,0.9061,0.6389,0.6514,0.9097,0.7347,0.8833,15,0.5416,0.8317,0.7679,1.1344,1.2424,1.1884,true
CHR-BRO-0996,Chronicler Al-Mansur of Elamite Empire,bronze_and_iron_age,Elamite Empire,Ancient Iran,-3031,-2996,Cultural,disruptor,EVT-BRO-0996,0.8974,0.7014,0.4814,0.5676,0.7587,0.6655,0.8578,44,0.5489,0.8816,0.7453,1.2346,1.25,1.25,false
CHR-BRO-0997,Astronomer Alexander of Sumer & Akkad,bronze_and_iron_age,Hittite Empire,Anatolia,-1059,-1035,Scientific,architect,EVT-BRO-0997,0.7624,0.6124,0.8278,0.8057,0.5367,0.4355,0.5682,49,0.3149,0.6848,0.5405,0.83,0.8603,0.7692,false
CHR-BRO-0998,Chancellor Sargon of Sumer & Akkad,bronze_and_iron_age,Elamite Empire,Ancient Iran,-2233,-2211,Political,disruptor,EVT-BRO-0998,0.8674,0.6673,0.3229,0.511,0.8375,0.7149,0.8983,17,0.6019,0.8798,0.7767,1.2455,1.25,1.25,true
CHR-BRO-0999,General Vikram of Phoenician City-States,bronze_and_iron_age,Sumer & Akkad,Mesopotamia,-931,-918,Military,catalyst,EVT-BRO-0999,0.5005,0.6925,0.7307,0.68,0.8249,0.4951,0.8731,21,0.4075,0.6495,0.6009,1.0818,1.1848,1.1333,false
CHR-BRO-1000,Marshal Friedrich of Phoenician City-States,bronze_and_iron_age,Phoenician City-States,Levant,-1758,-1720,Military,wildcard,EVT-BRO-1000,0.6617,0.6414,0.5124,0.2556,0.2331,0.5429,0.6788,13,0.6436,0.6685,0.5658,1.0198,1.0707,1.1217,false
CHR-BRO-1001,Arch-Engineer Friedrich of Shang Dynasty,bronze_and_iron_age,Minoan Civilization,Aegean / Crete,-1679,-1667,Scientific,catalyst,EVT-BRO-1001,0.6034,0.7948,0.7004,0.6675,0.7406,0.4725,0.7131,57,0.4025,0.6473,0.6056,1.0833,1.1864,1.1348,false
CHR-BRO-1002,Geometer Al-Mansur of Hittite Empire,bronze_and_iron_age,Shang Dynasty,East Asia,-1880,-1844,Scientific,architect,EVT-BRO-1002,0.7326,0.6408,0.692,0.7942,0.5534,0.4292,0.57,134,0.3175,0.6675,0.5533,0.8331,0.8636,0.7721,false
CHR-BRO-1003,Synod Envoy Sumner of Assyrian Empire,bronze_and_iron_age,Elamite Empire,Ancient Iran,-1342,-1337,Religious,architect,EVT-BRO-1003,0.8118,0.8645,0.7868,0.7603,0.5418,0.2398,0.6446,93,0.2397,0.7449,0.5799,0.8396,0.8704,0.7782,false
CHR-BRO-1004,General Sargon of Indus Valley (Late),bronze_and_iron_age,Ancient Egypt,North Africa / Nile,-1836,-1830,Military,catalyst,EVT-BRO-1004,0.7778,0.9033,0.7363,0.7482,0.7777,0.766,0.7724,37,0.5089,0.7756,0.7163,1.1181,1.2246,1.1714,false
CHR-BRO-1005,Poet Laureate Ashoka of Hittite Empire,bronze_and_iron_age,Assyrian Empire,Near East,-1498,-1487,Cultural,catalyst,EVT-BRO-1005,0.7,0.8288,0.6624,0.7688,0.8538,0.7422,0.9027,25,0.4867,0.7811,0.7194,1.1191,1.2257,1.1724,false
CHR-BRO-1006,Hierophant Qian of Assyrian Empire,bronze_and_iron_age,Sumer & Akkad,Mesopotamia,-2113,-2095,Religious,disruptor,EVT-BRO-1006,0.7906,0.5867,0.2718,0.5875,0.7856,0.9106,0.7688,29,0.6615,0.7819,0.7489,1.2359,1.25,1.25,false
CHR-BRO-1007,Archon Gao of Minoan Civilization,bronze_and_iron_age,Indus Valley (Late),South Asia,-2687,-2644,Political,architect,EVT-BRO-1007,0.859,0.7353,0.6856,0.8716,0.5449,0.4242,0.746,68,0.2763,0.8138,0.6202,0.8496,0.8806,0.7874,false
CHR-BRO-1008,Metallurgist Imhotep of Kingdom of Kush (Kerma/Napata),bronze_and_iron_age,Vedic Kingdoms,South Asia,-2163,-2151,Scientific,stabilizer,EVT-BRO-1008,0.647,0.7693,0.8277,0.8631,0.5506,0.3391,0.5944,55,0.238,0.626,0.5238,0.8259,0.8561,0.7654,false
CHR-BRO-1009,Customs Director Chandra of Phoenician City-States,bronze_and_iron_age,Indus Valley (Late),South Asia,-2130,-2098,Economic,wildcard,EVT-BRO-1009,0.8993,0.7096,0.5485,0.2828,0.5167,0.2875,0.4687,58,0.5024,0.7271,0.6032,1.031,1.0825,1.1341,false
CHR-BRO-1010,Master Sculptor Hathor of Sumer & Akkad,bronze_and_iron_age,Minoan Civilization,Aegean / Crete,-2688,-2682,Cultural,wildcard,EVT-BRO-1010,0.6348,0.4223,0.1967,0.5752,0.3284,0.1878,0.7218,68,0.3063,0.6696,0.5093,1.0028,1.0529,1.1031,false
CHR-BRO-1011,Arch-Engineer Harsha of Ancient Egypt,bronze_and_iron_age,Vedic Kingdoms,South Asia,-2868,-2844,Scientific,disruptor,EVT-BRO-1011,0.8899,0.5686,0.377,0.4996,0.9483,0.7226,0.7617,25,0.6115,0.8386,0.76,1.2397,1.25,1.25,true
CHR-BRO-1012,Consul Al-Mansur of Phoenician City-States,bronze_and_iron_age,Minoan Civilization,Aegean / Crete,-1067,-1053,Political,architect,EVT-BRO-1012,0.725,0.8477,0.6843,0.7063,0.5902,0.4059,0.7857,48,0.3498,0.7493,0.6219,0.85,0.8811,0.7878,false
CHR-BRO-1013,Hierophant Vikram of Hittite Empire,bronze_and_iron_age,Kingdom of Kush (Kerma/Napata),Nubia,-2333,-2314,Religious,architect,EVT-BRO-1013,0.7501,0.6715,0.7516,0.8448,0.7621,0.2712,0.7885,76,0.2132,0.7655,0.5941,0.8432,0.874,0.7815,false
CHR-BRO-1014,Geometer Nizam of Assyrian Empire,bronze_and_iron_age,Western Zhou Dynasty,East Asia,-2790,-2785,Scientific,stabilizer,EVT-BRO-1014,0.6664,0.6617,0.7309,0.6848,0.4998,0.288,0.444,95,0.3016,0.5775,0.4933,0.8184,0.8483,0.7585,false
CHR-BRO-1015,Guild Master Rimush of Sumer & Akkad,bronze_and_iron_age,Assyrian Empire,Near East,-1497,-1482,Economic,catalyst,EVT-BRO-1015,0.6001,0.854,0.5447,0.6143,0.8127,0.6414,0.7644,56,0.5136,0.6658,0.6757,1.1054,1.2106,1.158,false
CHR-BRO-1016,Minister Baldwin of Assyrian Empire,bronze_and_iron_age,Babylonia,Mesopotamia,-878,-854,Political,wildcard,EVT-BRO-1016,0.8108,0.6983,0.5124,0.635,0.2509,0.8013,0.5125,20,0.5832,0.6915,0.6092,1.0327,1.0844,1.136,false
CHR-BRO-1017,Governor Hathor of Minoan Civilization,bronze_and_iron_age,Assyrian Empire,Near East,-2578,-2533,Political,catalyst,EVT-BRO-1017,0.7939,0.6686,0.619,0.6302,0.7909,0.694,0.7679,12,0.5319,0.7835,0.6933,1.1109,1.2167,1.1638,false
CHR-BRO-1018,Marshal Averroes of Babylonia,bronze_and_iron_age,Hittite Empire,Anatolia,-1033,-1003,Military,disruptor,EVT-BRO-1018,0.805,0.5052,0.4636,0.4517,0.7097,0.7695,0.9018,18,0.6589,0.8437,0.7152,1.2243,1.25,1.25,false
CHR-BRO-1019,Chronicler Rimush of Elamite Empire,bronze_and_iron_age,Indus Valley (Late),South Asia,-2188,-2173,Cultural,disruptor,EVT-BRO-1019,0.6104,0.5296,0.4591,0.6325,0.7986,0.7648,0.9205,44,0.5662,0.7345,0.6771,1.2111,1.25,1.25,false
CHR-BRO-1020,Chronicler Talleyrand of Western Zhou Dynasty,bronze_and_iron_age,Vedic Kingdoms,South Asia,-1065,-1045,Cultural,catalyst,EVT-BRO-1020,0.8179,0.7305,0.6156,0.6526,0.9472,0.7511,0.7933,18,0.5493,0.8081,0.7436,1.1267,1.234,1.1804,false
CHR-BRO-1021,Scribe Talleyrand of Western Zhou Dynasty,bronze_and_iron_age,Mycenaean Greece,Aegean,-2763,-2731,Cultural,stabilizer,EVT-BRO-1021,0.5983,0.6018,0.8301,0.7452,0.5083,0.3415,0.6201,74,0.2982,0.607,0.4901,0.8176,0.8475,0.7577,false
CHR-BRO-1022,Governor Thutmose of Kingdom of Kush (Kerma/Napata),bronze_and_iron_age,Assyrian Empire,Near East,-2317,-2291,Political,stabilizer,EVT-BRO-1022,0.5814,0.7897,0.7938,0.7696,0.6149,0.3061,0.5978,206,0.2682,0.5879,0.5238,0.8258,0.8561,0.7654,false
CHR-BRO-1023,Pontiff Wu of Western Zhou Dynasty,bronze_and_iron_age,Kingdom of Kush (Kerma/Napata),Nubia,-1128,-1095,Religious,architect,EVT-BRO-1023,0.6584,0.6999,0.8522,0.867,0.5624,0.3321,0.8064,164,0.2326,0.7176,0.5462,0.8314,0.8618,0.7705,false
CHR-BRO-1024,Geometer Sherman of Phoenician City-States,bronze_and_iron_age,Phoenician City-States,Levant,-2814,-2779,Scientific,stabilizer,EVT-BRO-1024,0.6226,0.7811,0.8132,0.8925,0.6045,0.2355,0.4704,214,0.1715,0.5617,0.4934,0.8184,0.8483,0.7585,false
CHR-BRO-1025,Astronomer Hamilton of Minoan Civilization,bronze_and_iron_age,Mycenaean Greece,Aegean,-2217,-2184,Scientific,architect,EVT-BRO-1025,0.784,0.8712,0.7919,0.8844,0.6655,0.2,0.5752,93,0.1578,0.7005,0.5694,0.8371,0.8677,0.7758,false
CHR-BRO-1026,Hierophant Harsha of Mycenaean Greece,bronze_and_iron_age,Assyrian Empire,Near East,-1828,-1799,Religious,disruptor,EVT-BRO-1026,0.7988,0.7237,0.4461,0.6319,0.7634,0.939,0.8441,10,0.6536,0.8169,0.764,1.2411,1.25,1.25,true
CHR-BRO-1027,Scribe Mentuhotep of Sumer & Akkad,bronze_and_iron_age,Kingdom of Kush (Kerma/Napata),Nubia,-3072,-3027,Cultural,architect,EVT-BRO-1027,0.8169,0.8783,0.731,0.739,0.61,0.221,0.803,122,0.241,0.8113,0.621,0.8498,0.8809,0.7876,false
CHR-BRO-1028,Polymath Aurelius of Western Zhou Dynasty,bronze_and_iron_age,Elamite Empire,Ancient Iran,-2167,-2140,Scientific,architect,EVT-BRO-1028,0.9008,0.6171,0.6862,0.768,0.7202,0.4451,0.8067,142,0.3386,0.8632,0.6565,0.8585,0.8899,0.7957,false
CHR-BRO-1029,Arch-Engineer Narmer of Western Zhou Dynasty,bronze_and_iron_age,Hittite Empire,Anatolia,-1983,-1951,Scientific,stabilizer,EVT-BRO-1029,0.6152,0.7751,0.7661,0.8035,0.578,0.1703,0.4432,167,0.1834,0.5464,0.482,0.8156,0.8454,0.7559,false
CHR-BRO-1030,Astronomer Vikram of Assyrian Empire,bronze_and_iron_age,Western Zhou Dynasty,East Asia,-1035,-991,Scientific,disruptor,EVT-BRO-1030,0.7797,0.7331,0.379,0.3736,0.7658,0.6838,0.9485,26,0.6551,0.8472,0.758,1.239,1.25,1.25,true
CHR-BRO-1031,Pontiff Heinrich of Assyrian Empire,bronze_and_iron_age,Phoenician City-States,Levant,-3063,-3025,Religious,wildcard,EVT-BRO-1031,0.5716,0.6849,0.392,0.7485,0.6288,0.4734,0.5859,8,0.3625,0.5773,0.5722,1.0217,1.0728,1.1238,false
CHR-BRO-1032,Geometer Nizam of Phoenician City-States,bronze_and_iron_age,Elamite Empire,Ancient Iran,-1453,-1446,Scientific,catalyst,EVT-BRO-1032,0.5547,0.7697,0.5775,0.7226,0.8488,0.6865,0.9099,27,0.482,0.6968,0.677,1.1058,1.2111,1.1584,false
CHR-BRO-1033,Hierophant Kautilya of Assyrian Empire,bronze_and_iron_age,Shang Dynasty,East Asia,-2531,-2511,Religious,architect,EVT-BRO-1033,0.6896,0.8242,0.7848,0.7665,0.6052,0.4055,0.5958,162,0.3195,0.652,0.5702,0.8373,0.8679,0.776,false
CHR-BRO-1034,Treasurer Cao of Kingdom of Kush (Kerma/Napata),bronze_and_iron_age,Elamite Empire,Ancient Iran,-838,-833,Economic,catalyst,EVT-BRO-1034,0.6058,0.893,0.5672,0.6555,0.8076,0.7151,0.7059,45,0.5298,0.6458,0.6802,1.1068,1.2122,1.1595,false
CHR-BRO-1035,Treasurer Puduhepa of Hittite Empire,bronze_and_iron_age,Indus Valley (Late),South Asia,-2428,-2416,Economic,stabilizer,EVT-BRO-1035,0.5821,0.6267,0.8949,0.8848,0.4569,0.1331,0.4224,128,0.1242,0.5182,0.4077,0.7973,0.8265,0.75,false
CHR-BRO-1036,Syndic Lafayette of Elamite Empire,bronze_and_iron_age,Minoan Civilization,Aegean / Crete,-2428,-2391,Economic,wildcard,EVT-BRO-1036,0.8992,0.3784,0.7045,0.6883,0.367,0.2966,0.7304,28,0.3041,0.8317,0.5358,1.0107,1.0613,1.1118,false
CHR-BRO-1037,Chamberlain Bradford of Vedic Kingdoms,bronze_and_iron_age,Indus Valley (Late),South Asia,-1475,-1432,Economic,stabilizer,EVT-BRO-1037,0.8424,0.7294,0.8146,0.7125,0.6529,0.2608,0.565,142,0.2741,0.7314,0.5747,0.8384,0.8691,0.777,false
CHR-BRO-1038,Dramatist Averroes of Assyrian Empire,bronze_and_iron_age,Shang Dynasty,East Asia,-1567,-1547,Cultural,wildcard,EVT-BRO-1038,0.7794,0.5756,0.2684,0.4898,0.5567,0.6042,0.8982,43,0.5572,0.8269,0.6887,1.0566,1.1094,1.1623,false
CHR-BRO-1039,Geometer Franklin of Western Zhou Dynasty,bronze_and_iron_age,Vedic Kingdoms,South Asia,-1926,-1912,Scientific,architect,EVT-BRO-1039,0.8291,0.6218,0.7139,0.7968,0.7105,0.3827,0.5868,62,0.2929,0.7322,0.5913,0.8425,0.8733,0.7808,false
CHR-BRO-1040,Chronicler Friedrich of Assyrian Empire,bronze_and_iron_age,Shang Dynasty,East Asia,-1706,-1680,Cultural,disruptor,EVT-BRO-1040,0.8713,0.5477,0.2272,0.4104,0.811,0.7877,0.7672,45,0.6887,0.8297,0.7616,1.2403,1.25,1.25,true
CHR-BRO-1041,Syndic Kheti of Shang Dynasty,bronze_and_iron_age,Indus Valley (Late),South Asia,-2715,-2685,Economic,catalyst,EVT-BRO-1041,0.5906,0.9061,0.583,0.6502,0.8811,0.6208,0.7272,19,0.4853,0.6453,0.6771,1.1058,1.2111,1.1584,false
CHR-BRO-1042,Admiral Song of Mycenaean Greece,bronze_and_iron_age,Elamite Empire,Ancient Iran,-2977,-2934,Military,stabilizer,EVT-BRO-1042,0.7927,0.7201,0.7562,0.7097,0.6899,0.3012,0.5066,107,0.2958,0.6782,0.5697,0.8372,0.8678,0.7759,false
CHR-BRO-1043,Patriarch Godfrey of Elamite Empire,bronze_and_iron_age,Assyrian Empire,Near East,-1740,-1717,Religious,wildcard,EVT-BRO-1043,0.7059,0.5528,0.4363,0.7418,0.4192,0.5742,0.833,16,0.4162,0.7567,0.6026,1.0308,1.0823,1.1339,false
CHR-BRO-1044,Chronicler Naram-Sin of Hittite Empire,bronze_and_iron_age,Assyrian Empire,Near East,-2187,-2174,Cultural,architect,EVT-BRO-1044,0.6812,0.6469,0.8377,0.7341,0.7629,0.3286,0.7175,65,0.2972,0.6957,0.5682,0.8368,0.8674,0.7756,false
CHR-BRO-1045,Cardinal Madison of Mycenaean Greece,bronze_and_iron_age,Vedic Kingdoms,South Asia,-2722,-2717,Religious,stabilizer,EVT-BRO-1045,0.5819,0.5603,0.7504,0.8454,0.4928,0.2698,0.5939,167,0.2122,0.5867,0.4657,0.8116,0.8412,0.7522,false
CHR-BRO-1046,Physician Constantine of Elamite Empire,bronze_and_iron_age,Elamite Empire,Ancient Iran,-1968,-1929,Scientific,wildcard,EVT-BRO-1046,0.728,0.4487,0.5858,0.5382,0.2359,0.448,0.8702,32,0.4549,0.7849,0.5469,1.0141,1.0648,1.1155,false
CHR-BRO-1047,Admiral Hathor of Ancient Egypt,bronze_and_iron_age,Mycenaean Greece,Aegean,-1485,-1460,Military,stabilizer,EVT-BRO-1047,0.6894,0.7908,0.7225,0.687,0.5847,0.3355,0.6364,86,0.3242,0.6682,0.5679,0.8367,0.8673,0.7755,false
CHR-BRO-1048,Vizier Baldwin of Western Zhou Dynasty,bronze_and_iron_age,Kingdom of Kush (Kerma/Napata),Nubia,-1627,-1616,Political,architect,EVT-BRO-1048,0.8887,0.848,0.8735,0.8609,0.7265,0.4121,0.6362,174,0.2756,0.7877,0.6352,0.8533,0.8845,0.7908,false
CHR-BRO-1049,Polymath Harun of Western Zhou Dynasty,bronze_and_iron_age,Assyrian Empire,Near East,-1966,-1923,Scientific,stabilizer,EVT-BRO-1049,0.6665,0.7486,0.805,0.8854,0.6011,0.2444,0.5474,53,0.1795,0.6189,0.5131,0.8232,0.8533,0.763,false
CHR-BRO-1050,Geometer Harsha of Ancient Egypt,bronze_and_iron_age,Ancient Egypt,North Africa / Nile,-1725,-1702,Scientific,architect,EVT-BRO-1050,0.8803,0.8417,0.8048,0.7372,0.648,0.197,0.7357,92,0.2299,0.8225,0.6161,0.8486,0.8796,0.7865,false
CHR-BRO-1051,Marshal Otto of Assyrian Empire,bronze_and_iron_age,Phoenician City-States,Levant,-2490,-2472,Military,wildcard,EVT-BRO-1051,0.8225,0.6867,0.3024,0.6732,0.4348,0.3646,0.8483,49,0.3457,0.8328,0.6419,1.0426,1.0947,1.1468,false
CHR-BRO-1052,Chronicler Hattusili of Kingdom of Kush (Kerma/Napata),bronze_and_iron_age,Ancient Egypt,North Africa / Nile,-1783,-1743,Cultural,disruptor,EVT-BRO-1052,0.6682,0.5967,0.4825,0.4942,0.7928,0.6538,0.9434,39,0.5798,0.7783,0.6921,1.2163,1.25,1.25,false
CHR-BRO-1053,Poet Laureate Qian of Hittite Empire,bronze_and_iron_age,Elamite Empire,Ancient Iran,-2634,-2609,Cultural,catalyst,EVT-BRO-1053,0.7079,0.7188,0.543,0.5657,0.8649,0.7455,0.7158,52,0.5899,0.7111,0.7011,1.1134,1.2194,1.1664,false
CHR-BRO-1054,General Zhang of Kingdom of Kush (Kerma/Napata),bronze_and_iron_age,Sumer & Akkad,Mesopotamia,-2576,-2554,Military,architect,EVT-BRO-1054,0.682,0.8205,0.817,0.832,0.5901,0.3017,0.7892,75,0.2348,0.7249,0.5724,0.8378,0.8685,0.7765,false
CHR-BRO-1055,Guild Master Li of Phoenician City-States,bronze_and_iron_age,Minoan Civilization,Aegean / Crete,-938,-927,Economic,architect,EVT-BRO-1055,0.9155,0.7985,0.8894,0.7847,0.5166,0.3228,0.5764,163,0.269,0.7798,0.5828,0.8404,0.8711,0.7789,false
CHR-BRO-1056,Philosopher Mursili of Babylonia,bronze_and_iron_age,Western Zhou Dynasty,East Asia,-1555,-1547,Cultural,disruptor,EVT-BRO-1056,0.7442,0.7011,0.2915,0.4252,0.7484,0.9156,0.8024,39,0.7452,0.7675,0.7608,1.24,1.25,1.25,true
CHR-BRO-1057,Abbess Hamilton of Ancient Egypt,bronze_and_iron_age,Minoan Civilization,Aegean / Crete,-1767,-1723,Religious,architect,EVT-BRO-1057,0.8314,0.802,0.7419,0.8083,0.5356,0.3152,0.5528,100,0.2534,0.72,0.5741,0.8382,0.8689,0.7769,false
CHR-BRO-1058,Consul Hamilton of Shang Dynasty,bronze_and_iron_age,Babylonia,Mesopotamia,-1993,-1963,Political,wildcard,EVT-BRO-1058,0.6206,0.5155,0.1957,0.654,0.6078,0.563,0.4235,21,0.4545,0.5418,0.5693,1.0208,1.0718,1.1229,false
CHR-BRO-1059,Centurion Harun of Kingdom of Kush (Kerma/Napata),bronze_and_iron_age,Kingdom of Kush (Kerma/Napata),Nubia,-1588,-1566,Military,stabilizer,EVT-BRO-1059,0.6127,0.6732,0.7425,0.7423,0.4846,0.2733,0.6165,174,0.2655,0.6143,0.499,0.8197,0.8497,0.7598,false
CHR-BRO-1060,Marshal Eleanor of Western Zhou Dynasty,bronze_and_iron_age,Western Zhou Dynasty,East Asia,-1556,-1518,Military,catalyst,EVT-BRO-1060,0.548,0.7218,0.7196,0.5795,0.7414,0.6614,0.8666,23,0.541,0.6754,0.6347,1.0924,1.1965,1.1445,false
CHR-BRO-1061,Synod Envoy Otto of Western Zhou Dynasty,bronze_and_iron_age,Babylonia,Mesopotamia,-2693,-2650,Religious,disruptor,EVT-BRO-1061,0.7099,0.7594,0.4952,0.5816,0.7566,0.8595,0.7945,44,0.639,0.7437,0.7244,1.2274,1.25,1.25,false
CHR-BRO-1062,Chamberlain Sherman of Minoan Civilization,bronze_and_iron_age,Assyrian Empire,Near East,-1446,-1433,Economic,wildcard,EVT-BRO-1062,0.4303,0.402,0.3677,0.6726,0.777,0.6623,0.8671,47,0.4949,0.605,0.5934,1.028,1.0794,1.1308,false
CHR-BRO-1063,Philosopher Baldwin of Kingdom of Kush (Kerma/Napata),bronze_and_iron_age,Vedic Kingdoms,South Asia,-1766,-1728,Cultural,stabilizer,EVT-BRO-1063,0.799,0.7245,0.9295,0.7229,0.5382,0.1278,0.5395,240,0.2024,0.6952,0.5102,0.8225,0.8526,0.7623,false
CHR-BRO-1064,Rhetorician Ashoka of Vedic Kingdoms,bronze_and_iron_age,Mycenaean Greece,Aegean,-1828,-1810,Cultural,disruptor,EVT-BRO-1064,0.6956,0.53,0.4498,0.3961,0.7343,0.8133,0.809,36,0.7086,0.7409,0.6921,1.2163,1.25,1.25,false
CHR-BRO-1065,Marshal Rimush of Sumer & Akkad,bronze_and_iron_age,Mycenaean Greece,Aegean,-1313,-1299,Military,catalyst,EVT-BRO-1065,0.7407,0.6803,0.4816,0.7355,0.7907,0.7566,0.7399,20,0.5106,0.7404,0.6954,1.1115,1.2174,1.1645,false
CHR-BRO-1066,Treasurer Harun of Ancient Egypt,bronze_and_iron_age,Phoenician City-States,Levant,-1834,-1807,Economic,stabilizer,EVT-BRO-1066,0.7058,0.7917,0.7568,0.7004,0.6487,0.2068,0.5568,62,0.2532,0.6462,0.5464,0.8314,0.8618,0.7706,false
CHR-BRO-1067,Mint Overseer Valdemar of Assyrian Empire,bronze_and_iron_age,Mycenaean Greece,Aegean,-2802,-2786,Economic,catalyst,EVT-BRO-1067,0.7735,0.7167,0.7496,0.5689,0.8828,0.5179,0.7235,15,0.4745,0.7535,0.6661,1.1023,1.2073,1.1548,false
CHR-BRO-1068,Treasurer Naram-Sin of Minoan Civilization,bronze_and_iron_age,Vedic Kingdoms,South Asia,-1844,-1834,Economic,wildcard,EVT-BRO-1068,0.8477,0.3597,0.2945,0.2905,0.618,0.3827,0.4056,70,0.5461,0.6709,0.5828,1.0249,1.0761,1.1273,false
CHR-BRO-1069,Dramatist Lafayette of Elamite Empire,bronze_and_iron_age,Ancient Egypt,North Africa / Nile,-2096,-2054,Cultural,catalyst,EVT-BRO-1069,0.6324,0.8883,0.7357,0.6926,0.95,0.7027,0.7068,45,0.505,0.6622,0.6871,1.1089,1.2145,1.1617,false
CHR-BRO-1070,Pontiff Imhotep of Hittite Empire,bronze_and_iron_age,Ancient Egypt,North Africa / Nile,-1201,-1186,Religious,disruptor,EVT-BRO-1070,0.7387,0.5105,0.3355,0.4261,0.7729,0.7331,0.7649,34,0.6535,0.7492,0.697,1.218,1.25,1.25,false
CHR-BRO-1071,Prefect Franklin of Assyrian Empire,bronze_and_iron_age,Elamite Empire,Ancient Iran,-880,-875,Political,disruptor,EVT-BRO-1071,0.7062,0.6096,0.5165,0.3718,0.8145,0.9381,0.8753,22,0.7831,0.7738,0.7419,1.2335,1.25,1.25,false
CHR-BRO-1072,Dramatist Cao of Minoan Civilization,bronze_and_iron_age,Assyrian Empire,Near East,-2788,-2743,Cultural,stabilizer,EVT-BRO-1072,0.683,0.6255,0.9047,0.8258,0.4946,0.3142,0.5409,45,0.2442,0.6261,0.4853,0.8164,0.8462,0.7566,false
CHR-BRO-1073,Marshal Sherman of Minoan Civilization,bronze_and_iron_age,Vedic Kingdoms,South Asia,-2087,-2069,Military,disruptor,EVT-BRO-1073,0.9413,0.6224,0.4672,0.5085,0.746,0.7024,0.8632,48,0.5969,0.9101,0.7533,1.2374,1.25,1.25,true
CHR-BRO-1074,Archon Li of Minoan Civilization,bronze_and_iron_age,Hittite Empire,Anatolia,-1589,-1574,Political,architect,EVT-BRO-1074,0.8771,0.783,0.7497,0.7821,0.6596,0.2967,0.6386,82,0.2573,0.7817,0.6119,0.8475,0.8785,0.7855,false
CHR-BRO-1075,Chamberlain Chandra of Vedic Kingdoms,bronze_and_iron_age,Kingdom of Kush (Kerma/Napata),Nubia,-3043,-3019,Economic,architect,EVT-BRO-1075,0.774,0.6892,0.8824,0.8938,0.5304,0.287,0.6773,129,0.1966,0.7353,0.5382,0.8294,0.8597,0.7687,false
CHR-BRO-1076,Master Sculptor Chen of Sumer & Akkad,bronze_and_iron_age,Sumer & Akkad,Mesopotamia,-2987,-2946,Cultural,architect,EVT-BRO-1076,0.7432,0.7174,0.7649,0.8741,0.657,0.2355,0.8157,64,0.1807,0.7722,0.5794,0.8395,0.8703,0.7781,false
CHR-BRO-1077,Geometer Telepinu of Mycenaean Greece,bronze_and_iron_age,Indus Valley (Late),South Asia,-2326,-2321,Scientific,architect,EVT-BRO-1077,0.7481,0.6173,0.7627,0.7542,0.7771,0.294,0.7717,178,0.2699,0.7575,0.5921,0.8426,0.8735,0.781,false
CHR-BRO-1078,Legate Madison of Western Zhou Dynasty,bronze_and_iron_age,Sumer & Akkad,Mesopotamia,-2183,-2152,Military,stabilizer,EVT-BRO-1078,0.5907,0.6621,0.7819,0.7673,0.4682,0.1416,0.6089,181,0.1871,0.598,0.4632,0.811,0.8406,0.7516,false
CHR-BRO-1079,Pontiff Kautilya of Shang Dynasty,bronze_and_iron_age,Kingdom of Kush (Kerma/Napata),Nubia,-2047,-2028,Religious,catalyst,EVT-BRO-1079,0.7796,0.903,0.4616,0.7723,0.8153,0.7354,0.7351,55,0.4816,0.7618,0.7384,1.1251,1.2323,1.1787,false
CHR-BRO-1080,Metallurgist Heinrich of Phoenician City-States,bronze_and_iron_age,Indus Valley (Late),South Asia,-2486,-2477,Scientific,stabilizer,EVT-BRO-1080,0.7557,0.5766,0.9268,0.8583,0.6643,0.3023,0.6358,62,0.222,0.7077,0.5302,0.8274,0.8577,0.7669,false
CHR-BRO-1081,Pontiff Enheduanna of Assyrian Empire,bronze_and_iron_age,Hittite Empire,Anatolia,-999,-961,Religious,architect,EVT-BRO-1081,0.8538,0.8287,0.7783,0.8061,0.7231,0.4241,0.7935,140,0.309,0.8297,0.6607,0.8595,0.891,0.7966,false
CHR-BRO-1082,Dramatist Rajaraja of Western Zhou Dynasty,bronze_and_iron_age,Elamite Empire,Ancient Iran,-1596,-1558,Cultural,architect,EVT-BRO-1082,0.7799,0.6767,0.6804,0.8744,0.6378,0.386,0.6724,73,0.2558,0.7369,0.5891,0.8419,0.8727,0.7803,false
CHR-BRO-1083,High Priest Mursili of Elamite Empire,bronze_and_iron_age,Hittite Empire,Anatolia,-1507,-1478,Religious,wildcard,EVT-BRO-1083,0.5745,0.3952,0.6552,0.4248,0.4469,0.697,0.6481,23,0.6361,0.6039,0.5349,1.0105,1.061,1.1115,false
CHR-BRO-1084,Pontiff Marshall of Vedic Kingdoms,bronze_and_iron_age,Shang Dynasty,East Asia,-3039,-3028,Religious,wildcard,EVT-BRO-1084,0.6064,0.5242,0.6364,0.3469,0.4502,0.312,0.7572,35,0.4825,0.6667,0.5272,1.0081,1.0586,1.109,false
CHR-BRO-1085,Geometer Mentuhotep of Phoenician City-States,bronze_and_iron_age,Minoan Civilization,Aegean / Crete,-2578,-2542,Scientific,wildcard,EVT-BRO-1085,0.6883,0.6811,0.2518,0.4196,0.3526,0.3653,0.5449,47,0.4729,0.6309,0.5675,1.0203,1.0713,1.1223,false
CHR-BRO-1086,Guild Master Naram-Sin of Assyrian Empire,bronze_and_iron_age,Assyrian Empire,Near East,-2444,-2422,Economic,disruptor,EVT-BRO-1086,0.9167,0.5845,0.3321,0.3891,0.8926,0.7071,0.8911,11,0.659,0.9065,0.7878,1.2493,1.25,1.25,true
CHR-BRO-1087,Minister Colbert of Sumer & Akkad,bronze_and_iron_age,Sumer & Akkad,Mesopotamia,-2179,-2159,Political,architect,EVT-BRO-1087,0.9028,0.8666,0.6971,0.77,0.5729,0.209,0.7111,73,0.2195,0.8262,0.6214,0.8499,0.881,0.7877,false
CHR-BRO-1088,High Priest Valdemar of Mycenaean Greece,bronze_and_iron_age,Shang Dynasty,East Asia,-1262,-1225,Religious,wildcard,EVT-BRO-1088,0.8977,0.5405,0.4847,0.7213,0.6626,0.4284,0.6445,22,0.3535,0.7965,0.6313,1.0394,1.0914,1.1433,false
CHR-BRO-1089,Commander Narmer of Babylonia,bronze_and_iron_age,Western Zhou Dynasty,East Asia,-1818,-1803,Military,catalyst,EVT-BRO-1089,0.6617,0.892,0.7251,0.6039,0.7623,0.6502,0.8643,24,0.5231,0.7427,0.688,1.1092,1.2149,1.1621,false
CHR-BRO-1090,Geometer Madison of Shang Dynasty,bronze_and_iron_age,Hittite Empire,Anatolia,-2195,-2177,Scientific,stabilizer,EVT-BRO-1090,0.661,0.7277,0.8737,0.8003,0.475,0.2067,0.4104,92,0.2032,0.5608,0.4608,0.8104,0.84,0.7511,false
CHR-BRO-1091,Consul Li of Phoenician City-States,bronze_and_iron_age,Babylonia,Mesopotamia,-1963,-1951,Political,architect,EVT-BRO-1091,0.9033,0.8647,0.8432,0.7569,0.657,0.4115,0.7588,137,0.3273,0.8455,0.6575,0.8587,0.8902,0.7959,false
CHR-BRO-1092,Vizier Adams of Hittite Empire,bronze_and_iron_age,Vedic Kingdoms,South Asia,-2339,-2334,Political,wildcard,EVT-BRO-1092,0.4065,0.6948,0.7448,0.6242,0.6256,0.4423,0.5518,64,0.4091,0.4646,0.4931,0.9979,1.0478,1.0977,false
CHR-BRO-1093,Commander Qian of Vedic Kingdoms,bronze_and_iron_age,Hittite Empire,Anatolia,-2048,-2011,Military,catalyst,EVT-BRO-1093,0.6497,0.6679,0.5431,0.7052,0.898,0.7599,0.7087,33,0.5274,0.6733,0.678,1.1061,1.2114,1.1587,false
CHR-BRO-1094,Customs Director Eleanor of Ancient Egypt,bronze_and_iron_age,Assyrian Empire,Near East,-2323,-2290,Economic,disruptor,EVT-BRO-1094,0.9171,0.6024,0.2942,0.6348,0.9309,0.8222,0.7653,14,0.5937,0.8564,0.7862,1.2488,1.25,1.25,true
CHR-BRO-1095,Strategos Justinian of Minoan Civilization,bronze_and_iron_age,Kingdom of Kush (Kerma/Napata),Nubia,-2758,-2726,Military,wildcard,EVT-BRO-1095,0.8527,0.7211,0.1995,0.7448,0.2231,0.391,0.7003,37,0.3231,0.7917,0.6113,1.0334,1.0851,1.1367,false
CHR-BRO-1096,Governor Tiglath of Elamite Empire,bronze_and_iron_age,Shang Dynasty,East Asia,-1741,-1733,Political,wildcard,EVT-BRO-1096,0.5648,0.3548,0.2522,0.2201,0.383,0.6169,0.6729,58,0.6984,0.608,0.5591,1.0177,1.0686,1.1195,false
CHR-BRO-1097,Astronomer Aurelius of Western Zhou Dynasty,bronze_and_iron_age,Kingdom of Kush (Kerma/Napata),Nubia,-1454,-1440,Scientific,architect,EVT-BRO-1097,0.8229,0.8718,0.7289,0.8152,0.6078,0.3654,0.6973,75,0.2751,0.7727,0.6234,0.8504,0.8815,0.7881,false
CHR-BRO-1098,Minister Solon of Assyrian Empire,bronze_and_iron_age,Shang Dynasty,East Asia,-1439,-1399,Political,disruptor,EVT-BRO-1098,0.6741,0.7964,0.483,0.5942,0.9332,0.7347,0.7634,30,0.5703,0.7098,0.7247,1.2275,1.25,1.25,false
CHR-BRO-1099,Merchant Prince Sherman of Western Zhou Dynasty,bronze_and_iron_age,Indus Valley (Late),South Asia,-1320,-1282,Economic,wildcard,EVT-BRO-1099,0.7202,0.4829,0.5077,0.3369,0.6484,0.2422,0.852,61,0.4527,0.7729,0.5963,1.0289,1.0803,1.1318,false
CHR-BRO-1100,Metallurgist Vikram of Indus Valley (Late),bronze_and_iron_age,Shang Dynasty,East Asia,-1226,-1200,Scientific,wildcard,EVT-BRO-1100,0.4297,0.513,0.3927,0.4236,0.7911,0.6904,0.8266,61,0.6334,0.5885,0.6201,1.036,1.0878,1.1396,false
CHR-BRO-1101,Mint Overseer Colbert of Babylonia,bronze_and_iron_age,Kingdom of Kush (Kerma/Napata),Nubia,-2220,-2190,Economic,catalyst,EVT-BRO-1101,0.6442,0.8274,0.6824,0.7497,0.8687,0.6824,0.8589,23,0.4664,0.7301,0.6909,1.1101,1.2159,1.163,false
CHR-BRO-1102,Metallurgist Rimush of Ancient Egypt,bronze_and_iron_age,Kingdom of Kush (Kerma/Napata),Nubia,-2159,-2134,Scientific,stabilizer,EVT-BRO-1102,0.8384,0.671,0.8086,0.8618,0.4677,0.1782,0.4771,93,0.1582,0.6939,0.5047,0.8212,0.8512,0.7611,false
CHR-BRO-1103,Consul Godfrey of Phoenician City-States,bronze_and_iron_age,Hittite Empire,Anatolia,-2979,-2942,Political,stabilizer,EVT-BRO-1103,0.6326,0.7223,0.7266,0.7748,0.6447,0.1277,0.6125,81,0.1764,0.6246,0.5128,0.8232,0.8533,0.7629,false
CHR-BRO-1104,Abbess Heinrich of Phoenician City-States,bronze_and_iron_age,Mycenaean Greece,Aegean,-1977,-1969,Religious,disruptor,EVT-BRO-1104,0.7984,0.806,0.2812,0.4848,0.7264,0.8326,0.7472,6,0.6739,0.778,0.7641,1.2411,1.25,1.25,true
CHR-BRO-1105,Treasurer Saladin of Phoenician City-States,bronze_and_iron_age,Assyrian Empire,Near East,-1389,-1372,Economic,catalyst,EVT-BRO-1105,0.6839,0.7643,0.5518,0.5603,0.8209,0.7145,0.7208,51,0.5771,0.6987,0.6909,1.1101,1.2158,1.163,false
CHR-BRO-1106,Philosopher Bradford of Shang Dynasty,bronze_and_iron_age,Hittite Empire,Anatolia,-1953,-1929,Cultural,architect,EVT-BRO-1106,0.6852,0.7582,0.6876,0.8848,0.6483,0.3115,0.8162,104,0.2133,0.7376,0.5884,0.8418,0.8725,0.7802,false
CHR-BRO-1107,Mint Overseer Telepinu of Babylonia,bronze_and_iron_age,Phoenician City-States,Levant,-1062,-1055,Economic,wildcard,EVT-BRO-1107,0.8351,0.5676,0.3788,0.7871,0.7245,0.2287,0.6453,31,0.2208,0.7592,0.6065,1.0319,1.0835,1.1351,false
CHR-BRO-1108,Cardinal Telepinu of Elamite Empire,bronze_and_iron_age,Western Zhou Dynasty,East Asia,-2325,-2290,Religious,disruptor,EVT-BRO-1108,0.7632,0.549,0.3687,0.4644,0.8719,0.7408,0.8315,33,0.6382,0.7905,0.7297,1.2292,1.25,1.25,false
CHR-BRO-1109,Vizier Valdemar of Elamite Empire,bronze_and_iron_age,Babylonia,Mesopotamia,-2289,-2250,Political,stabilizer,EVT-BRO-1109,0.8337,0.7543,0.8385,0.821,0.6729,0.1546,0.6153,210,0.1668,0.7463,0.5631,0.8355,0.8661,0.7744,false
CHR-BRO-1110,Strategos Ashoka of Babylonia,bronze_and_iron_age,Kingdom of Kush (Kerma/Napata),Nubia,-2293,-2251,Military,wildcard,EVT-BRO-1110,0.8859,0.6996,0.2787,0.2129,0.6887,0.3146,0.4373,50,0.5508,0.7064,0.654,1.0462,1.0985,1.1508,false
CHR-BRO-1111,Merchant Prince Tiglath of Sumer & Akkad,bronze_and_iron_age,Elamite Empire,Ancient Iran,-2040,-2022,Economic,disruptor,EVT-BRO-1111,0.6765,0.5617,0.487,0.5123,0.8323,0.8548,0.8817,20,0.6713,0.7586,0.7144,1.224,1.25,1.25,false
CHR-BRO-1112,Poet Laureate Belisarius of Elamite Empire,bronze_and_iron_age,Sumer & Akkad,Mesopotamia,-2310,-2272,Cultural,wildcard,EVT-BRO-1112,0.7109,0.7791,0.3206,0.4772,0.6699,0.311,0.547,21,0.4169,0.6454,0.6179,1.0354,1.0871,1.1389,false
CHR-BRO-1113,Rhetorician Telepinu of Vedic Kingdoms,bronze_and_iron_age,Sumer & Akkad,Mesopotamia,-819,-812,Cultural,disruptor,EVT-BRO-1113,0.8526,0.7228,0.2783,0.4829,0.7961,0.7361,0.9383,27,0.6266,0.8869,0.7902,1.25,1.25,1.25,true
CHR-BRO-1114,Guild Master Baldwin of Mycenaean Greece,bronze_and_iron_age,Assyrian Empire,Near East,-1791,-1777,Economic,architect,EVT-BRO-1114,0.9119,0.8094,0.8179,0.8694,0.6203,0.4496,0.6996,91,0.2901,0.827,0.6396,0.8543,0.8856,0.7918,false
CHR-BRO-1115,Senator Wilhelm of Sumer & Akkad,bronze_and_iron_age,Mycenaean Greece,Aegean,-2669,-2643,Political,wildcard,EVT-BRO-1115,0.4208,0.768,0.1943,0.3231,0.8178,0.3651,0.467,23,0.521,0.4393,0.5823,1.0247,1.0759,1.1272,false
CHR-BRO-1116,Legate Samsi-Adad of Indus Valley (Late),bronze_and_iron_age,Vedic Kingdoms,South Asia,-1404,-1368,Military,catalyst,EVT-BRO-1116,0.5473,0.6539,0.7006,0.5723,0.8416,0.4559,0.7575,43,0.4418,0.6314,0.5945,1.0798,1.1826,1.1312,false
CHR-BRO-1117,High Priest Richelieu of Sumer & Akkad,bronze_and_iron_age,Western Zhou Dynasty,East Asia,-1452,-1446,Religious,disruptor,EVT-BRO-1117,0.7219,0.8252,0.3854,0.5474,0.837,0.906,0.95,9,0.6793,0.8132,0.7923,1.25,1.25,1.25,true
CHR-BRO-1118,Warlord Wu of Minoan Civilization,bronze_and_iron_age,Ancient Egypt,North Africa / Nile,-3063,-3058,Military,disruptor,EVT-BRO-1118,0.9026,0.7872,0.266,0.5625,0.8264,0.8084,0.885,36,0.6229,0.8956,0.817,1.25,1.25,1.25,true
CHR-BRO-1119,Warlord Suppiluliuma of Minoan Civilization,bronze_and_iron_age,Western Zhou Dynasty,East Asia,-1422,-1383,Military,stabilizer,EVT-BRO-1119,0.6856,0.6966,0.8651,0.6928,0.5314,0.304,0.665,174,0.3056,0.6773,0.5298,0.8273,0.8576,0.7668,false
CHR-BRO-1120,Strategos Alexander of Minoan Civilization,bronze_and_iron_age,Babylonia,Mesopotamia,-3078,-3058,Military,disruptor,EVT-BRO-1120,0.7429,0.7954,0.4365,0.3585,0.8681,0.8118,0.7653,42,0.7266,0.7519,0.7602,1.2398,1.25,1.25,true
CHR-BRO-1121,Legate Sherman of Minoan Civilization,bronze_and_iron_age,Western Zhou Dynasty,East Asia,-1228,-1221,Military,architect,EVT-BRO-1121,0.7839,0.8781,0.8813,0.8243,0.5732,0.3928,0.7162,58,0.2843,0.7568,0.6007,0.8448,0.8757,0.783,false
CHR-BRO-1122,Centurion Franklin of Phoenician City-States,bronze_and_iron_age,Assyrian Empire,Near East,-1292,-1279,Military,disruptor,EVT-BRO-1122,0.8256,0.5974,0.2439,0.5892,0.7429,0.8973,0.957,33,0.6541,0.8782,0.7817,1.2472,1.25,1.25,true
CHR-BRO-1123,Poet Laureate Li of Elamite Empire,bronze_and_iron_age,Assyrian Empire,Near East,-3054,-3020,Cultural,disruptor,EVT-BRO-1123,0.799,0.7978,0.4081,0.5191,0.74,0.7172,0.8247,17,0.5991,0.8093,0.7449,1.2345,1.25,1.25,false
CHR-BRO-1124,Dramatist Sherman of Babylonia,bronze_and_iron_age,Indus Valley (Late),South Asia,-1088,-1056,Cultural,catalyst,EVT-BRO-1124,0.5057,0.8747,0.6917,0.6755,0.9435,0.773,0.7671,18,0.5487,0.6102,0.6772,1.1058,1.2111,1.1585,false
CHR-BRO-1125,Poet Laureate Heinrich of Minoan Civilization,bronze_and_iron_age,Hittite Empire,Anatolia,-1190,-1156,Cultural,wildcard,EVT-BRO-1125,0.4457,0.5382,0.6739,0.6245,0.6256,0.3459,0.8159,56,0.3607,0.5937,0.5116,1.0035,1.0537,1.1038,false
CHR-BRO-1126,Centurion Rajaraja of Western Zhou Dynasty,bronze_and_iron_age,Sumer & Akkad,Mesopotamia,-2523,-2482,Military,catalyst,EVT-BRO-1126,0.6758,0.8474,0.7063,0.5872,0.9202,0.4987,0.7519,45,0.4558,0.7062,0.6717,1.1041,1.2092,1.1567,false
CHR-BRO-1127,Prefect Belisarius of Assyrian Empire,bronze_and_iron_age,Elamite Empire,Ancient Iran,-2608,-2567,Political,catalyst,EVT-BRO-1127,0.5403,0.7316,0.5382,0.6771,0.7678,0.7626,0.7429,13,0.5427,0.6213,0.6481,1.0967,1.2011,1.1489,false
CHR-BRO-1128,Legate Otto of Western Zhou Dynasty,bronze_and_iron_age,Mycenaean Greece,Aegean,-2334,-2294,Military,architect,EVT-BRO-1128,0.8769,0.8001,0.7008,0.8449,0.6382,0.3269,0.7929,36,0.241,0.8433,0.6406,0.8546,0.8859,0.7921,false
CHR-BRO-1129,Dramatist Justinian of Assyrian Empire,bronze_and_iron_age,Sumer & Akkad,Mesopotamia,-1811,-1771,Cultural,catalyst,EVT-BRO-1129,0.5996,0.8866,0.548,0.7695,0.7449,0.7185,0.8936,51,0.4745,0.7172,0.6932,1.1108,1.2166,1.1637,false
CHR-BRO-1130,Vizier Hathor of Phoenician City-States,bronze_and_iron_age,Ancient Egypt,North Africa / Nile,-3082,-3058,Political,catalyst,EVT-BRO-1130,0.5219,0.6606,0.4626,0.5897,0.7878,0.7906,0.7928,35,0.6005,0.6302,0.6595,1.1002,1.205,1.1526,false
CHR-BRO-1131,Physician Heinrich of Kingdom of Kush (Kerma/Napata),bronze_and_iron_age,Vedic Kingdoms,South Asia,-1412,-1397,Scientific,wildcard,EVT-BRO-1131,0.8325,0.7815,0.2025,0.7209,0.5081,0.4094,0.8993,17,0.3442,0.8592,0.6916,1.0575,1.1103,1.1632,false
CHR-BRO-1132,Chronicler Naram-Sin of Hittite Empire,bronze_and_iron_age,Assyrian Empire,Near East,-1716,-1692,Cultural,stabilizer,EVT-BRO-1132,0.8474,0.6691,0.9213,0.8955,0.5889,0.1265,0.5922,129,0.1155,0.7453,0.5215,0.8253,0.8555,0.7649,false
CHR-BRO-1133,Master Sculptor Li of Assyrian Empire,bronze_and_iron_age,Indus Valley (Late),South Asia,-2988,-2961,Cultural,disruptor,EVT-BRO-1133,0.8038,0.6895,0.327,0.4492,0.7628,0.9315,0.9578,36,0.7411,0.8654,0.797,1.25,1.25,1.25,true
CHR-BRO-1134,Scribe Nizam of Elamite Empire,bronze_and_iron_age,Vedic Kingdoms,South Asia,-1011,-983,Cultural,architect,EVT-BRO-1134,0.9039,0.6878,0.8198,0.8094,0.6082,0.2008,0.7556,173,0.1957,0.8446,0.5914,0.8425,0.8733,0.7808,false
CHR-BRO-1135,Archon Marshall of Sumer & Akkad,bronze_and_iron_age,Kingdom of Kush (Kerma/Napata),Nubia,-2508,-2501,Political,architect,EVT-BRO-1135,0.8761,0.7978,0.8511,0.8676,0.5599,0.3069,0.8124,61,0.2196,0.8506,0.6121,0.8476,0.8786,0.7856,false
CHR-BRO-1136,Geometer Dara of Minoan Civilization,bronze_and_iron_age,Vedic Kingdoms,South Asia,-2705,-2688,Scientific,disruptor,EVT-BRO-1136,0.8912,0.6236,0.4647,0.4135,0.8813,0.7256,0.8467,19,0.6561,0.8734,0.7672,1.2422,1.25,1.25,true
CHR-BRO-1137,Minister Rimush of Kingdom of Kush (Kerma/Napata),bronze_and_iron_age,Elamite Empire,Ancient Iran,-1764,-1757,Political,wildcard,EVT-BRO-1137,0.6908,0.6844,0.4237,0.4141,0.8267,0.6622,0.442,9,0.624,0.5913,0.6519,1.0456,1.0979,1.1501,false
CHR-BRO-1138,Archon Baldwin of Minoan Civilization,bronze_and_iron_age,Hittite Empire,Anatolia,-2926,-2918,Political,architect,EVT-BRO-1138,0.6919,0.8558,0.86,0.7079,0.5947,0.3021,0.7805,63,0.2971,0.7274,0.5815,0.8401,0.8708,0.7786,false
CHR-BRO-1139,Consul Sumner of Western Zhou Dynasty,bronze_and_iron_age,Babylonia,Mesopotamia,-1511,-1478,Political,disruptor,EVT-BRO-1139,0.7208,0.5893,0.3157,0.5495,0.933,0.7264,0.8215,44,0.5885,0.7611,0.7317,1.2299,1.25,1.25,false
CHR-BRO-1140,Prefect Adams of Phoenician City-States,bronze_and_iron_age,Sumer & Akkad,Mesopotamia,-1342,-1325,Political,stabilizer,EVT-BRO-1140,0.8445,0.7574,0.8608,0.8107,0.6549,0.1985,0.5572,223,0.1939,0.7296,0.5597,0.8347,0.8652,0.7736,false
CHR-BRO-1141,Imam Aurelius of Ancient Egypt,bronze_and_iron_age,Elamite Empire,Ancient Iran,-1468,-1463,Religious,wildcard,EVT-BRO-1141,0.5178,0.7534,0.226,0.462,0.4447,0.3852,0.4184,55,0.4616,0.4781,0.534,1.0102,1.0607,1.1112,false
CHR-BRO-1142,Vizier Eleanor of Phoenician City-States,bronze_and_iron_age,Kingdom of Kush (Kerma/Napata),Nubia,-1154,-1143,Political,stabilizer,EVT-BRO-1142,0.837,0.6626,0.7257,0.8862,0.5981,0.2003,0.5192,201,0.1571,0.7099,0.5394,0.8297,0.86,0.769,false
CHR-BRO-1143,Astronomer Solon of Minoan Civilization,bronze_and_iron_age,Kingdom of Kush (Kerma/Napata),Nubia,-2605,-2563,Scientific,stabilizer,EVT-BRO-1143,0.8337,0.5955,0.739,0.7638,0.5459,0.1288,0.6597,59,0.1825,0.7641,0.5358,0.8288,0.8591,0.7682,false
CHR-BRO-1144,Treasurer Samudra of Indus Valley (Late),bronze_and_iron_age,Indus Valley (Late),South Asia,-2243,-2207,Economic,disruptor,EVT-BRO-1144,0.7041,0.7246,0.3323,0.3814,0.9266,0.8514,0.762,41,0.735,0.7272,0.7634,1.2409,1.25,1.25,true
CHR-BRO-1145,Syndic Kautilya of Indus Valley (Late),bronze_and_iron_age,Phoenician City-States,Levant,-2570,-2557,Economic,wildcard,EVT-BRO-1145,0.7606,0.7266,0.3182,0.4809,0.7643,0.2828,0.4246,61,0.401,0.6262,0.614,1.0342,1.0859,1.1376,false
CHR-BRO-1146,Mint Overseer Marshall of Babylonia,bronze_and_iron_age,Kingdom of Kush (Kerma/Napata),Nubia,-1166,-1155,Economic,stabilizer,EVT-BRO-1146,0.8012,0.746,0.9274,0.8122,0.6602,0.1819,0.5373,93,0.1848,0.6957,0.5358,0.8288,0.8591,0.7682,false
CHR-BRO-1147,Polymath Otto of Shang Dynasty,bronze_and_iron_age,Indus Valley (Late),South Asia,-2547,-2517,Scientific,stabilizer,EVT-BRO-1147,0.6942,0.6524,0.8189,0.8516,0.5933,0.2084,0.4869,67,0.1784,0.6113,0.4902,0.8176,0.8475,0.7578,false
CHR-BRO-1148,Dramatist Al-Mansur of Babylonia,bronze_and_iron_age,Sumer & Akkad,Mesopotamia,-2591,-2578,Cultural,stabilizer,EVT-BRO-1148,0.8229,0.7436,0.8205,0.8084,0.5257,0.3199,0.4017,207,0.2557,0.6544,0.5319,0.8278,0.8581,0.7673,false
CHR-BRO-1149,Arch-Engineer Necker of Babylonia,bronze_and_iron_age,Ancient Egypt,North Africa / Nile,-2685,-2651,Scientific,stabilizer,EVT-BRO-1149,0.7056,0.6889,0.7286,0.7984,0.4673,0.3457,0.56,177,0.2737,0.6474,0.5229,0.8256,0.8558,0.7652,false
CHR-BRO-1150,Archon Rajaraja of Kingdom of Kush (Kerma/Napata),bronze_and_iron_age,Sumer & Akkad,Mesopotamia,-1005,-971,Political,stabilizer,EVT-BRO-1150,0.7143,0.5563,0.8306,0.8288,0.4567,0.3416,0.4868,155,0.2564,0.6233,0.4803,0.8152,0.845,0.7555,false
CHR-BRO-1151,Alchemist Lafayette of Shang Dynasty,bronze_and_iron_age,Assyrian Empire,Near East,-2095,-2089,Scientific,disruptor,EVT-BRO-1151,0.8963,0.539,0.2632,0.3546,0.8889,0.6818,0.8753,26,0.6636,0.8879,0.7778,1.2458,1.25,1.25,true
CHR-BRO-1152,Abbess Eleanor of Mycenaean Greece,bronze_and_iron_age,Sumer & Akkad,Mesopotamia,-1288,-1269,Religious,catalyst,EVT-BRO-1152,0.5481,0.7752,0.549,0.6792,0.8525,0.7334,0.9262,60,0.5271,0.6994,0.6913,1.1102,1.216,1.1631,false
CHR-BRO-1153,Strategos Marshall of Ancient Egypt,bronze_and_iron_age,Kingdom of Kush (Kerma/Napata),Nubia,-1140,-1099,Military,architect,EVT-BRO-1153,0.6889,0.7435,0.8506,0.9163,0.7407,0.3552,0.6321,167,0.2194,0.6662,0.5621,0.8353,0.8658,0.7742,false
CHR-BRO-1154,Alchemist Ashoka of Hittite Empire,bronze_and_iron_age,Mycenaean Greece,Aegean,-2713,-2679,Scientific,wildcard,EVT-BRO-1154,0.8874,0.6168,0.6847,0.238,0.4223,0.4526,0.5989,64,0.6073,0.772,0.6051,1.0315,1.0831,1.1347,false
CHR-BRO-1155,General Naram-Sin of Ancient Egypt,bronze_and_iron_age,Indus Valley (Late),South Asia,-1432,-1404,Military,catalyst,EVT-BRO-1155,0.664,0.8417,0.5483,0.738,0.8203,0.5434,0.7631,51,0.4027,0.7036,0.6695,1.1034,1.2085,1.1559,false
CHR-BRO-1156,Viceroy Ashoka of Vedic Kingdoms,bronze_and_iron_age,Kingdom of Kush (Kerma/Napata),Nubia,-1231,-1216,Political,wildcard,EVT-BRO-1156,0.7321,0.4471,0.6553,0.2868,0.5535,0.5839,0.4611,41,0.6485,0.6237,0.56,1.018,1.0689,1.1198,false
CHR-BRO-1157,Chamberlain Mentuhotep of Babylonia,bronze_and_iron_age,Indus Valley (Late),South Asia,-1263,-1248,Economic,wildcard,EVT-BRO-1157,0.7425,0.4355,0.2167,0.4346,0.4398,0.417,0.4984,29,0.4912,0.6448,0.5608,1.0182,1.0692,1.1201,false
CHR-BRO-1158,Scribe Qian of Indus Valley (Late),bronze_and_iron_age,Assyrian Empire,Near East,-903,-886,Cultural,stabilizer,EVT-BRO-1158,0.7126,0.78,0.8393,0.8803,0.5073,0.3333,0.5445,158,0.2265,0.6454,0.525,0.8261,0.8564,0.7657,false
CHR-BRO-1159,Alchemist Cao of Phoenician City-States,bronze_and_iron_age,Babylonia,Mesopotamia,-2460,-2416,Scientific,architect,EVT-BRO-1159,0.9126,0.8458,0.6991,0.8384,0.6034,0.2287,0.7478,46,0.1951,0.8467,0.6302,0.852,0.8832,0.7897,false
CHR-BRO-1160,Strategos Franklin of Western Zhou Dynasty,bronze_and_iron_age,Elamite Empire,Ancient Iran,-2464,-2454,Military,architect,EVT-BRO-1160,0.7325,0.7964,0.6917,0.8334,0.5766,0.3623,0.8018,35,0.2644,0.7602,0.6028,0.8453,0.8762,0.7834,false
CHR-BRO-1161,Guild Master Song of Shang Dynasty,bronze_and_iron_age,Vedic Kingdoms,South Asia,-1240,-1209,Economic,architect,EVT-BRO-1161,0.7214,0.6922,0.882,0.8315,0.7736,0.3467,0.6715,45,0.2576,0.7014,0.5732,0.838,0.8687,0.7767,false
CHR-BRO-1162,Alchemist Justinian of Indus Valley (Late),bronze_and_iron_age,Kingdom of Kush (Kerma/Napata),Nubia,-1046,-1006,Scientific,stabilizer,EVT-BRO-1162,0.7246,0.5612,0.7509,0.816,0.5451,0.3383,0.5898,114,0.2612,0.6707,0.5204,0.825,0.8552,0.7647,false
CHR-BRO-1163,Hierophant Kheti of Western Zhou Dynasty,bronze_and_iron_age,Hittite Empire,Anatolia,-1933,-1923,Religious,wildcard,EVT-BRO-1163,0.4141,0.6192,0.7335,0.5016,0.5641,0.4373,0.8408,52,0.4678,0.5848,0.5243,1.0073,1.0577,1.108,false
CHR-BRO-1164,General Lafayette of Vedic Kingdoms,bronze_and_iron_age,Hittite Empire,Anatolia,-2172,-2146,Military,wildcard,EVT-BRO-1164,0.494,0.8356,0.3136,0.483,0.2534,0.5709,0.4056,28,0.544,0.4586,0.5278,1.0083,1.0588,1.1092,false
CHR-BRO-1165,Dramatist Suppiluliuma of Mycenaean Greece,bronze_and_iron_age,Kingdom of Kush (Kerma/Napata),Nubia,-971,-960,Cultural,architect,EVT-BRO-1165,0.7335,0.6098,0.7502,0.852,0.588,0.1921,0.6887,115,0.17,0.7156,0.5275,0.8268,0.857,0.7663,false
CHR-BRO-1166,Rhetorician Samsi-Adad of Babylonia,bronze_and_iron_age,Sumer & Akkad,Mesopotamia,-1187,-1182,Cultural,wildcard,EVT-BRO-1166,0.8236,0.359,0.5226,0.7009,0.68,0.3243,0.4727,15,0.3117,0.6833,0.544,1.0132,1.0639,1.1145,false
CHR-BRO-1167,Cardinal Constantine of Assyrian Empire,bronze_and_iron_age,Kingdom of Kush (Kerma/Napata),Nubia,-2896,-2879,Religious,disruptor,EVT-BRO-1167,0.8559,0.8025,0.434,0.5343,0.7659,0.881,0.9084,46,0.6733,0.8769,0.7975,1.25,1.25,1.25,true
CHR-BRO-1168,Senator Madison of Babylonia,bronze_and_iron_age,Mycenaean Greece,Aegean,-1541,-1530,Political,wildcard,EVT-BRO-1168,0.7381,0.4691,0.186,0.5089,0.5494,0.3424,0.523,33,0.4167,0.6521,0.5731,1.0219,1.073,1.1241,false
CHR-BRO-1169,Imam Necker of Shang Dynasty,bronze_and_iron_age,Kingdom of Kush (Kerma/Napata),Nubia,-2069,-2061,Religious,wildcard,EVT-BRO-1169,0.648,0.6433,0.5613,0.2041,0.3691,0.5717,0.4442,25,0.6838,0.5665,0.5499,1.015,1.0657,1.1165,false
CHR-BRO-1170,Legate Vikram of Hittite Empire,bronze_and_iron_age,Kingdom of Kush (Kerma/Napata),Nubia,-1079,-1048,Military,stabilizer,EVT-BRO-1170,0.6922,0.6001,0.7569,0.7813,0.5739,0.3103,0.5209,57,0.2645,0.6237,0.5091,0.8222,0.8523,0.7621,false
CHR-BRO-1171,Chancellor Theodosius of Western Zhou Dynasty,bronze_and_iron_age,Kingdom of Kush (Kerma/Napata),Nubia,-961,-920,Political,wildcard,EVT-BRO-1171,0.5918,0.4891,0.3664,0.519,0.8399,0.3761,0.7842,46,0.4286,0.6688,0.6088,1.0326,1.0843,1.1359,false
CHR-BRO-1172,Warlord Sherman of Sumer & Akkad,bronze_and_iron_age,Babylonia,Mesopotamia,-1183,-1176,Military,wildcard,EVT-BRO-1172,0.5923,0.8442,0.2849,0.6562,0.4969,0.725,0.7873,43,0.5344,0.6703,0.6648,1.0494,1.1019,1.1544,false
CHR-BRO-1173,Marshal Necker of Mycenaean Greece,bronze_and_iron_age,Phoenician City-States,Levant,-1005,-1000,Military,architect,EVT-BRO-1173,0.853,0.7487,0.8207,0.7292,0.7645,0.3093,0.5835,51,0.29,0.7452,0.6056,0.846,0.8769,0.7841,false
CHR-BRO-1174,Consul Valdemar of Minoan Civilization,bronze_and_iron_age,Minoan Civilization,Aegean / Crete,-2196,-2155,Political,disruptor,EVT-BRO-1174,0.768,0.5707,0.269,0.5326,0.7235,0.9308,0.7919,32,0.6991,0.7775,0.741,1.2331,1.25,1.25,false
CHR-BRO-1175,High Priest Richelieu of Indus Valley (Late),bronze_and_iron_age,Western Zhou Dynasty,East Asia,-2600,-2570,Religious,catalyst,EVT-BRO-1175,0.6718,0.7723,0.4823,0.748,0.8298,0.5839,0.7976,45,0.4179,0.7221,0.6799,1.1067,1.2121,1.1594,false
CHR-BRO-1176,Hierophant Al-Mansur of Ancient Egypt,bronze_and_iron_age,Kingdom of Kush (Kerma/Napata),Nubia,-1142,-1117,Religious,stabilizer,EVT-BRO-1176,0.6278,0.7892,0.9019,0.7862,0.6769,0.2619,0.6758,109,0.2379,0.647,0.538,0.8294,0.8597,0.7687,false
CHR-BRO-1177,Marshal Hattusili of Mycenaean Greece,bronze_and_iron_age,Shang Dynasty,East Asia,-2822,-2786,Military,architect,EVT-BRO-1177,0.7184,0.7868,0.6917,0.8993,0.7093,0.2103,0.7717,66,0.1555,0.7397,0.5872,0.8414,0.8722,0.7799,false
CHR-BRO-1178,Strategos Hattusili of Sumer & Akkad,bronze_and_iron_age,Babylonia,Mesopotamia,-865,-855,Military,catalyst,EVT-BRO-1178,0.6694,0.8885,0.5847,0.7308,0.772,0.4764,0.8828,29,0.3728,0.7547,0.6753,1.1052,1.2105,1.1578,false
CHR-BRO-1179,Abbess Adams of Western Zhou Dynasty,bronze_and_iron_age,Western Zhou Dynasty,East Asia,-2284,-2263,Religious,catalyst,EVT-BRO-1179,0.8178,0.7342,0.5907,0.6878,0.892,0.6292,0.826,31,0.4707,0.8211,0.7232,1.1203,1.227,1.1737,false
CHR-BRO-1180,Geometer Eleanor of Indus Valley (Late),bronze_and_iron_age,Sumer & Akkad,Mesopotamia,-888,-844,Scientific,wildcard,EVT-BRO-1180,0.4841,0.4143,0.2552,0.3235,0.3344,0.3515,0.6571,42,0.514,0.5533,0.4929,0.9979,1.0478,1.0977,false
CHR-BRO-1181,Prefect Al-Mansur of Indus Valley (Late),bronze_and_iron_age,Babylonia,Mesopotamia,-2848,-2827,Political,catalyst,EVT-BRO-1181,0.6366,0.6613,0.4647,0.6449,0.7888,0.517,0.8511,58,0.436,0.7224,0.6532,1.0982,1.2028,1.1505,false
CHR-BRO-1182,Mint Overseer Baldwin of Assyrian Empire,bronze_and_iron_age,Kingdom of Kush (Kerma/Napata),Nubia,-1985,-1980,Economic,disruptor,EVT-BRO-1182,0.7061,0.6242,0.4568,0.4964,0.9086,0.949,0.7393,17,0.7263,0.7193,0.7392,1.2325,1.25,1.25,false
CHR-BRO-1183,Syndic Qian of Elamite Empire,bronze_and_iron_age,Indus Valley (Late),South Asia,-3055,-3032,Economic,stabilizer,EVT-BRO-1183,0.797,0.5568,0.7622,0.8909,0.4625,0.2408,0.4556,79,0.175,0.6604,0.4858,0.8165,0.8464,0.7568,false
CHR-BRO-1184,Dramatist Enheduanna of Sumer & Akkad,bronze_and_iron_age,Vedic Kingdoms,South Asia,-1607,-1593,Cultural,disruptor,EVT-BRO-1184,0.8527,0.7589,0.4656,0.5526,0.9305,0.8629,0.7801,14,0.6552,0.8236,0.7888,1.2497,1.25,1.25,true
CHR-BRO-1185,Geometer Theodosius of Elamite Empire,bronze_and_iron_age,Kingdom of Kush (Kerma/Napata),Nubia,-2696,-2682,Scientific,stabilizer,EVT-BRO-1185,0.8365,0.7884,0.9397,0.8978,0.5696,0.2706,0.4698,205,0.1864,0.6898,0.535,0.8286,0.8589,0.768,false
CHR-BRO-1186,Legate Wilhelm of Ancient Egypt,bronze_and_iron_age,Shang Dynasty,East Asia,-3027,-3006,Military,wildcard,EVT-BRO-1186,0.7952,0.8383,0.4265,0.6738,0.2723,0.6403,0.7842,36,0.4833,0.7908,0.6527,1.0458,1.0981,1.1504,false
CHR-BRO-1187,Mint Overseer Sumner of Ancient Egypt,bronze_and_iron_age,Elamite Empire,Ancient Iran,-2812,-2798,Economic,wildcard,EVT-BRO-1187,0.5352,0.3612,0.3141,0.4404,0.7781,0.4899,0.7763,63,0.5247,0.6317,0.5912,1.0274,1.0787,1.1301,false
CHR-BRO-1188,Viceroy Puduhepa of Shang Dynasty,bronze_and_iron_age,Phoenician City-States,Levant,-1626,-1610,Political,stabilizer,EVT-BRO-1188,0.7022,0.6187,0.8521,0.6808,0.6678,0.1219,0.4927,156,0.2206,0.6184,0.4915,0.8179,0.8478,0.7581,false
CHR-BRO-1189,Marshal Aurelius of Shang Dynasty,bronze_and_iron_age,Elamite Empire,Ancient Iran,-1123,-1083,Military,disruptor,EVT-BRO-1189,0.862,0.8326,0.3677,0.3943,0.8041,0.8571,0.8715,37,0.7314,0.8658,0.8138,1.25,1.25,1.25,true
CHR-BRO-1190,Philosopher Sumner of Vedic Kingdoms,bronze_and_iron_age,Hittite Empire,Anatolia,-892,-869,Cultural,disruptor,EVT-BRO-1190,0.6808,0.6257,0.4747,0.5513,0.8248,0.7815,0.8613,24,0.6151,0.753,0.7092,1.2222,1.25,1.25,false
CHR-BRO-1191,Synod Envoy Sun of Ancient Egypt,bronze_and_iron_age,Hittite Empire,Anatolia,-1170,-1148,Religious,architect,EVT-BRO-1191,0.9053,0.8715,0.8914,0.8403,0.5058,0.3707,0.7558,73,0.2652,0.8455,0.6207,0.8497,0.8808,0.7875,false
CHR-BRO-1192,Marshal Eleanor of Minoan Civilization,bronze_and_iron_age,Phoenician City-States,Levant,-989,-967,Military,architect,EVT-BRO-1192,0.7107,0.7315,0.8002,0.7829,0.5338,0.3313,0.589,64,0.2742,0.662,0.5363,0.8289,0.8593,0.7683,false
CHR-BRO-1193,Metallurgist Justinian of Phoenician City-States,bronze_and_iron_age,Hittite Empire,Anatolia,-886,-878,Scientific,architect,EVT-BRO-1193,0.65,0.8322,0.7895,0.91,0.6378,0.379,0.8133,150,0.2345,0.7153,0.5874,0.8415,0.8723,0.7799,false
CHR-BRO-1194,Scribe Zhang of Phoenician City-States,bronze_and_iron_age,Indus Valley (Late),South Asia,-1049,-1022,Cultural,architect,EVT-BRO-1194,0.6806,0.7016,0.8296,0.8468,0.6932,0.3719,0.6996,144,0.2625,0.6882,0.5648,0.8359,0.8665,0.7748,false
CHR-BRO-1195,Rhetorician Colbert of Babylonia,bronze_and_iron_age,Vedic Kingdoms,South Asia,-1742,-1698,Cultural,catalyst,EVT-BRO-1195,0.7016,0.8639,0.6754,0.6953,0.8231,0.713,0.7127,52,0.5089,0.706,0.69,1.1099,1.2155,1.1627,false
CHR-BRO-1196,Admiral Rimush of Shang Dynasty,bronze_and_iron_age,Minoan Civilization,Aegean / Crete,-1452,-1443,Military,wildcard,EVT-BRO-1196,0.4762,0.5048,0.7363,0.4092,0.8428,0.8437,0.5637,4,0.7172,0.5112,0.5882,1.0265,1.0778,1.1291,false
CHR-BRO-1197,Centurion Ashoka of Minoan Civilization,bronze_and_iron_age,Ancient Egypt,North Africa / Nile,-1885,-1840,Military,architect,EVT-BRO-1197,0.6854,0.7788,0.6891,0.7584,0.594,0.3106,0.7474,80,0.2761,0.7102,0.5791,0.8395,0.8702,0.778,false
CHR-BRO-1198,Prefect Suppiluliuma of Indus Valley (Late),bronze_and_iron_age,Minoan Civilization,Aegean / Crete,-1542,-1525,Political,architect,EVT-BRO-1198,0.6978,0.6274,0.8692,0.7744,0.6755,0.2525,0.8003,90,0.2391,0.7388,0.5522,0.8328,0.8633,0.7719,false
CHR-BRO-1199,Treasurer Thutmose of Kingdom of Kush (Kerma/Napata),bronze_and_iron_age,Elamite Empire,Ancient Iran,-3000,-2993,Economic,architect,EVT-BRO-1199,0.7516,0.7857,0.7661,0.8307,0.6198,0.2971,0.7389,154,0.2332,0.7465,0.586,0.8412,0.8719,0.7796,false
CHR-BRO-1200,Legate Valdemar of Elamite Empire,bronze_and_iron_age,Babylonia,Mesopotamia,-1914,-1904,Military,wildcard,EVT-BRO-1200,0.7,0.365,0.4214,0.6164,0.2276,0.2737,0.7841,63,0.3287,0.7336,0.4996,0.9999,1.0499,1.0999,false
CHR-BRO-1201,General Ashoka of Mycenaean Greece,bronze_and_iron_age,Phoenician City-States,Levant,-1162,-1121,Military,disruptor,EVT-BRO-1201,0.8863,0.7367,0.3688,0.4834,0.9068,0.9104,0.8639,6,0.7135,0.8774,0.8232,1.25,1.25,1.25,true
CHR-BRO-1202,Syndic Li of Phoenician City-States,bronze_and_iron_age,Mycenaean Greece,Aegean,-2127,-2098,Economic,disruptor,EVT-BRO-1202,0.7441,0.8236,0.3865,0.5225,0.8254,0.684,0.7728,30,0.5808,0.7556,0.7371,1.2318,1.25,1.25,false
CHR-BRO-1203,Patriarch Gao of Indus Valley (Late),bronze_and_iron_age,Western Zhou Dynasty,East Asia,-2842,-2832,Religious,catalyst,EVT-BRO-1203,0.6555,0.6513,0.7136,0.7771,0.8266,0.736,0.7066,16,0.4795,0.6759,0.6417,1.0946,1.1989,1.1468,false
CHR-BRO-1204,Arch-Engineer Leonidas of Western Zhou Dynasty,bronze_and_iron_age,Hittite Empire,Anatolia,-2990,-2965,Scientific,catalyst,EVT-BRO-1204,0.558,0.6813,0.6845,0.6504,0.7428,0.5352,0.8451,18,0.4424,0.6729,0.6092,1.0844,1.1877,1.136,false
CHR-BRO-1205,Governor Godfrey of Elamite Empire,bronze_and_iron_age,Babylonia,Mesopotamia,-2045,-2026,Political,catalyst,EVT-BRO-1205,0.8161,0.7824,0.6233,0.6029,0.7421,0.4776,0.8274,42,0.4374,0.8206,0.686,1.1086,1.2142,1.1614,false
CHR-BRO-1206,Mint Overseer Valdemar of Sumer & Akkad,bronze_and_iron_age,Ancient Egypt,North Africa / Nile,-1990,-1961,Economic,catalyst,EVT-BRO-1206,0.518,0.7725,0.535,0.6978,0.8941,0.6236,0.7471,40,0.4629,0.6096,0.6467,1.0962,1.2006,1.1484,false
CHR-BRO-1207,Rhetorician Mursili of Indus Valley (Late),bronze_and_iron_age,Minoan Civilization,Aegean / Crete,-883,-840,Cultural,catalyst,EVT-BRO-1207,0.6633,0.7824,0.5879,0.6702,0.7915,0.5253,0.8468,40,0.4275,0.7367,0.6654,1.1021,1.2071,1.1546,false
CHR-BRO-1208,Imam Godfrey of Minoan Civilization,bronze_and_iron_age,Babylonia,Mesopotamia,-2435,-2411,Religious,stabilizer,EVT-BRO-1208,0.7855,0.6258,0.7254,0.8673,0.5065,0.2504,0.4626,105,0.1915,0.6564,0.5073,0.8218,0.8519,0.7617,false
CHR-BRO-1209,Master Sculptor Puduhepa of Western Zhou Dynasty,bronze_and_iron_age,Babylonia,Mesopotamia,-2719,-2706,Cultural,disruptor,EVT-BRO-1209,0.8862,0.8073,0.2205,0.4212,0.8307,0.8164,0.894,18,0.6976,0.8893,0.8307,1.25,1.25,1.25,true
CHR-BRO-1210,Guild Master Madison of Elamite Empire,bronze_and_iron_age,Shang Dynasty,East Asia,-2029,-1998,Economic,catalyst,EVT-BRO-1210,0.6919,0.7972,0.6438,0.7396,0.7396,0.771,0.9083,20,0.5157,0.7785,0.704,1.1143,1.2204,1.1673,false
CHR-BRO-1211,Centurion Marshall of Kingdom of Kush (Kerma/Napata),bronze_and_iron_age,Vedic Kingdoms,South Asia,-3023,-3004,Military,wildcard,EVT-BRO-1211,0.5259,0.3712,0.5293,0.2976,0.8334,0.2837,0.5389,39,0.493,0.5311,0.5177,1.0053,1.0556,1.1059,false
CHR-BRO-1212,Centurion Li of Elamite Empire,bronze_and_iron_age,Hittite Empire,Anatolia,-2008,-1982,Military,wildcard,EVT-BRO-1212,0.6268,0.6384,0.4444,0.4777,0.6816,0.6913,0.5318,23,0.6068,0.5888,0.6198,1.036,1.0877,1.1395,false
CHR-BRO-1213,Philosopher Constantine of Babylonia,bronze_and_iron_age,Shang Dynasty,East Asia,-3084,-3058,Cultural,architect,EVT-BRO-1213,0.8481,0.8486,0.704,0.8788,0.7063,0.4456,0.7206,82,0.2834,0.7971,0.6558,0.8583,0.8897,0.7955,false
CHR-BRO-1214,Poet Laureate Eleanor of Phoenician City-States,bronze_and_iron_age,Elamite Empire,Ancient Iran,-2573,-2552,Cultural,disruptor,EVT-BRO-1214,0.8737,0.6084,0.3937,0.5869,0.8071,0.6883,0.8396,15,0.5507,0.86,0.7412,1.2332,1.25,1.25,false
CHR-BRO-1215,Poet Laureate Ashoka of Kingdom of Kush (Kerma/Napata),bronze_and_iron_age,Hittite Empire,Anatolia,-874,-843,Cultural,architect,EVT-BRO-1215,0.8557,0.8335,0.7114,0.7262,0.6985,0.3307,0.5772,83,0.3023,0.7443,0.6225,0.8501,0.8812,0.7879,false
CHR-BRO-1216,Hierophant Justinian of Kingdom of Kush (Kerma/Napata),bronze_and_iron_age,Indus Valley (Late),South Asia,-2892,-2868,Religious,architect,EVT-BRO-1216,0.8181,0.6482,0.8427,0.7099,0.5591,0.3794,0.7153,179,0.3348,0.777,0.5801,0.8397,0.8704,0.7783,false
CHR-BRO-1217,Treasurer Labarna of Ancient Egypt,bronze_and_iron_age,Babylonia,Mesopotamia,-2468,-2439,Economic,catalyst,EVT-BRO-1217,0.6321,0.8706,0.4753,0.5695,0.8622,0.5567,0.9285,34,0.4936,0.7507,0.7147,1.1176,1.2241,1.1709,false
CHR-BRO-1218,Patriarch Sargon of Indus Valley (Late),bronze_and_iron_age,Elamite Empire,Ancient Iran,-1093,-1057,Religious,architect,EVT-BRO-1218,0.8098,0.63,0.7561,0.8089,0.7742,0.2149,0.7118,169,0.203,0.7706,0.586,0.8412,0.8719,0.7796,false
CHR-BRO-1219,Arch-Engineer Friedrich of Assyrian Empire,bronze_and_iron_age,Hittite Empire,Anatolia,-1480,-1468,Scientific,disruptor,EVT-BRO-1219,0.7197,0.6008,0.5163,0.6017,0.7049,0.7641,0.8174,44,0.5812,0.7588,0.6813,1.2125,1.25,1.25,false
CHR-BRO-1220,High Priest Zhang of Phoenician City-States,bronze_and_iron_age,Hittite Empire,Anatolia,-1130,-1115,Religious,catalyst,EVT-BRO-1220,0.7826,0.8051,0.6242,0.6932,0.8243,0.656,0.7976,49,0.4814,0.7886,0.711,1.1165,1.2228,1.1696,false
CHR-BRO-1221,Dramatist Franklin of Phoenician City-States,bronze_and_iron_age,Assyrian Empire,Near East,-1914,-1907,Cultural,architect,EVT-BRO-1221,0.8612,0.6599,0.8147,0.8561,0.5831,0.3708,0.7216,87,0.2573,0.8053,0.5913,0.8425,0.8733,0.7808,false
CHR-BRO-1222,Viceroy Franklin of Assyrian Empire,bronze_and_iron_age,Western Zhou Dynasty,East Asia,-1347,-1308,Political,catalyst,EVT-BRO-1222,0.5859,0.7981,0.5408,0.5574,0.7615,0.5102,0.9242,44,0.4764,0.7213,0.6636,1.1015,1.2065,1.154,false
CHR-BRO-1223,Senator Ramesses of Ancient Egypt,bronze_and_iron_age,Kingdom of Kush (Kerma/Napata),Nubia,-2168,-2134,Political,disruptor,EVT-BRO-1223,0.7906,0.5271,0.3333,0.3458,0.8653,0.9413,0.9043,8,0.7977,0.8361,0.7827,1.2475,1.25,1.25,true
CHR-BRO-1224,Viceroy Necker of Mycenaean Greece,bronze_and_iron_age,Shang Dynasty,East Asia,-1337,-1324,Political,wildcard,EVT-BRO-1224,0.4493,0.6097,0.1944,0.4817,0.5483,0.6397,0.4176,14,0.579,0.4366,0.5511,1.0153,1.0661,1.1169,false
CHR-BRO-1225,Rhetorician Alexander of Ancient Egypt,bronze_and_iron_age,Assyrian Empire,Near East,-1891,-1859,Cultural,wildcard,EVT-BRO-1225,0.4091,0.7881,0.4888,0.5147,0.2991,0.5888,0.8413,25,0.5371,0.582,0.5553,1.0166,1.0674,1.1182,false
CHR-BRO-1226,High Priest Thutmose of Hittite Empire,bronze_and_iron_age,Kingdom of Kush (Kerma/Napata),Nubia,-1946,-1941,Religious,stabilizer,EVT-BRO-1226,0.6614,0.6734,0.7551,0.8604,0.6309,0.2942,0.5444,63,0.2169,0.6146,0.5183,0.8245,0.8547,0.7642,false
CHR-BRO-1227,Merchant Prince Li of Assyrian Empire,bronze_and_iron_age,Western Zhou Dynasty,East Asia,-1982,-1970,Economic,stabilizer,EVT-BRO-1227,0.6261,0.5811,0.9233,0.8461,0.6096,0.3255,0.4035,48,0.2397,0.5371,0.4598,0.8101,0.8398,0.7508,false
CHR-BRO-1228,Scribe Kautilya of Sumer & Akkad,bronze_and_iron_age,Kingdom of Kush (Kerma/Napata),Nubia,-2983,-2946,Cultural,disruptor,EVT-BRO-1228,0.7343,0.8473,0.3691,0.3565,0.8939,0.8592,0.7524,45,0.7513,0.7416,0.7818,1.2472,1.25,1.25,true
CHR-BRO-1229,Pontiff Belisarius of Western Zhou Dynasty,bronze_and_iron_age,Indus Valley (Late),South Asia,-2301,-2275,Religious,catalyst,EVT-BRO-1229,0.6752,0.88,0.4692,0.6917,0.9075,0.7141,0.7344,38,0.5112,0.6989,0.7227,1.1201,1.2268,1.1735,false
CHR-BRO-1230,Merchant Prince Chandra of Vedic Kingdoms,bronze_and_iron_age,Babylonia,Mesopotamia,-935,-892,Economic,stabilizer,EVT-BRO-1230,0.6961,0.5632,0.9074,0.7918,0.5879,0.2664,0.5697,83,0.2373,0.6456,0.4918,0.818,0.8479,0.7581,false
CHR-BRO-1231,Geometer Wilhelm of Mycenaean Greece,bronze_and_iron_age,Assyrian Empire,Near East,-1677,-1640,Scientific,disruptor,EVT-BRO-1231,0.6954,0.711,0.2825,0.3516,0.7516,0.9383,0.7715,23,0.7934,0.7258,0.7539,1.2376,1.25,1.25,true
CHR-BRO-1232,Rhetorician Samudra of Kingdom of Kush (Kerma/Napata),bronze_and_iron_age,Minoan Civilization,Aegean / Crete,-2682,-2646,Cultural,catalyst,EVT-BRO-1232,0.5329,0.7116,0.6012,0.6237,0.8902,0.6102,0.8427,18,0.4932,0.6568,0.6501,1.0973,1.2018,1.1495,false
CHR-BRO-1233,Imam Labarna of Sumer & Akkad,bronze_and_iron_age,Shang Dynasty,East Asia,-2471,-2427,Religious,disruptor,EVT-BRO-1233,0.6166,0.6534,0.3542,0.4261,0.7412,0.6585,0.7484,35,0.6162,0.6693,0.6676,1.2078,1.25,1.25,false
CHR-BRO-1234,Cardinal Valdemar of Vedic Kingdoms,bronze_and_iron_age,Shang Dynasty,East Asia,-2641,-2617,Religious,stabilizer,EVT-BRO-1234,0.7537,0.6967,0.8439,0.8991,0.6642,0.3063,0.6012,62,0.2036,0.6927,0.5493,0.8321,0.8626,0.7712,false
CHR-BRO-1235,Polymath Saladin of Hittite Empire,bronze_and_iron_age,Kingdom of Kush (Kerma/Napata),Nubia,-1439,-1396,Scientific,architect,EVT-BRO-1235,0.691,0.8617,0.7714,0.8237,0.7436,0.2441,0.7389,153,0.2102,0.7102,0.5927,0.8428,0.8736,0.7811,false
CHR-BRO-1236,Metallurgist Colbert of Sumer & Akkad,bronze_and_iron_age,Phoenician City-States,Levant,-1048,-1038,Scientific,catalyst,EVT-BRO-1236,0.7784,0.8424,0.6931,0.5783,0.7767,0.4874,0.8321,15,0.4545,0.7999,0.6872,1.109,1.2146,1.1618,false
CHR-BRO-1237,Strategos Zhao of Mycenaean Greece,bronze_and_iron_age,Ancient Egypt,North Africa / Nile,-1157,-1131,Military,catalyst,EVT-BRO-1237,0.6421,0.6996,0.5822,0.6023,0.7961,0.6726,0.8818,42,0.5352,0.738,0.6797,1.1066,1.212,1.1593,false
CHR-BRO-1238,Dramatist Gao of Shang Dynasty,bronze_and_iron_age,Assyrian Empire,Near East,-1677,-1641,Cultural,disruptor,EVT-BRO-1238,0.6632,0.747,0.4333,0.4626,0.7204,0.8086,0.8677,16,0.673,0.745,0.7209,1.2262,1.25,1.25,false
CHR-BRO-1239,High Priest Colbert of Vedic Kingdoms,bronze_and_iron_age,Elamite Empire,Ancient Iran,-882,-862,Religious,architect,EVT-BRO-1239,0.7472,0.8221,0.8215,0.8906,0.6075,0.1898,0.5616,68,0.1496,0.673,0.5373,0.8292,0.8595,0.7685,false
CHR-BRO-1240,Pontiff Mirabeau of Assyrian Empire,bronze_and_iron_age,Sumer & Akkad,Mesopotamia,-2695,-2683,Religious,stabilizer,EVT-BRO-1240,0.7284,0.5953,0.8315,0.8545,0.5406,0.1248,0.5096,91,0.1351,0.6409,0.4718,0.8131,0.8428,0.7536,false
CHR-BRO-1241,High Priest Justinian of Vedic Kingdoms,bronze_and_iron_age,Mycenaean Greece,Aegean,-1117,-1111,Religious,catalyst,EVT-BRO-1241,0.7926,0.8893,0.6937,0.5893,0.8796,0.4558,0.7626,32,0.4333,0.7806,0.6974,1.1122,1.2181,1.1651,false
CHR-BRO-1242,Philosopher Hammurabi of Kingdom of Kush (Kerma/Napata),bronze_and_iron_age,Western Zhou Dynasty,East Asia,-1230,-1217,Cultural,disruptor,EVT-BRO-1242,0.7858,0.5945,0.2108,0.3916,0.9295,0.7382,0.7943,15,0.6733,0.7892,0.7643,1.2412,1.25,1.25,true
CHR-BRO-1243,Imam Cao of Kingdom of Kush (Kerma/Napata),bronze_and_iron_age,Mycenaean Greece,Aegean,-1334,-1329,Religious,stabilizer,EVT-BRO-1243,0.7688,0.5753,0.8166,0.8936,0.6383,0.3318,0.4193,38,0.2191,0.629,0.5106,0.8226,0.8527,0.7624,false
CHR-BRO-1244,Dramatist Lafayette of Phoenician City-States,bronze_and_iron_age,Assyrian Empire,Near East,-2522,-2500,Cultural,catalyst,EVT-BRO-1244,0.5819,0.8171,0.7209,0.7466,0.8132,0.7389,0.8811,37,0.4961,0.7016,0.6736,1.1047,1.2099,1.1573,false
CHR-BRO-1245,Scribe Wu of Sumer & Akkad,bronze_and_iron_age,Shang Dynasty,East Asia,-2251,-2222,Cultural,architect,EVT-BRO-1245,0.889,0.7661,0.8382,0.7525,0.7472,0.4118,0.5713,93,0.3297,0.7619,0.6253,0.8508,0.8819,0.7886,false
CHR-BRO-1246,Poet Laureate Sherman of Shang Dynasty,bronze_and_iron_age,Shang Dynasty,East Asia,-1628,-1607,Cultural,architect,EVT-BRO-1246,0.7672,0.7092,0.7705,0.9198,0.5865,0.4114,0.5672,180,0.2458,0.6872,0.5599,0.8347,0.8653,0.7737,false
CHR-BRO-1247,Philosopher Ramesses of Babylonia,bronze_and_iron_age,Vedic Kingdoms,South Asia,-1266,-1259,Cultural,catalyst,EVT-BRO-1247,0.5708,0.6586,0.6149,0.5699,0.7735,0.6967,0.9049,35,0.5634,0.7044,0.6578,1.0997,1.2044,1.1521,false
CHR-BRO-1248,Astronomer Hattusili of Hittite Empire,bronze_and_iron_age,Hittite Empire,Anatolia,-1714,-1686,Scientific,wildcard,EVT-BRO-1248,0.5765,0.4805,0.4851,0.2497,0.8125,0.4276,0.6639,63,0.589,0.6114,0.5908,1.0272,1.0786,1.13,false
CHR-BRO-1249,Pontiff Ibn-Sina of Assyrian Empire,bronze_and_iron_age,Babylonia,Mesopotamia,-1599,-1574,Religious,stabilizer,EVT-BRO-1249,0.5891,0.7006,0.8372,0.8489,0.6447,0.143,0.6552,97,0.1471,0.6155,0.4926,0.8182,0.8481,0.7583,false
CHR-BRO-1250,Scribe Imhotep of Indus Valley (Late),bronze_and_iron_age,Elamite Empire,Ancient Iran,-2626,-2610,Cultural,architect,EVT-BRO-1250,0.8872,0.7192,0.6904,0.8493,0.625,0.2389,0.6554,138,0.1948,0.7945,0.5961,0.8436,0.8745,0.7819,false
CHR-BRO-1251,Astronomer Vikram of Minoan Civilization,bronze_and_iron_age,Shang Dynasty,East Asia,-863,-819,Scientific,architect,EVT-BRO-1251,0.7114,0.602,0.8938,0.8487,0.5916,0.3018,0.745,92,0.2266,0.7248,0.5321,0.8279,0.8582,0.7673,false
CHR-BRO-1252,Physician Friedrich of Western Zhou Dynasty,bronze_and_iron_age,Mycenaean Greece,Aegean,-886,-853,Scientific,architect,EVT-BRO-1252,0.7729,0.7661,0.7423,0.8103,0.7215,0.4123,0.7791,117,0.301,0.7754,0.6303,0.8521,0.8832,0.7897,false
CHR-BRO-1253,Admiral Rimush of Phoenician City-States,bronze_and_iron_age,Shang Dynasty,East Asia,-2491,-2473,Military,catalyst,EVT-BRO-1253,0.5915,0.7748,0.7126,0.6294,0.8375,0.7755,0.8702,53,0.5731,0.703,0.6838,1.1079,1.2134,1.1607,false
CHR-BRO-1254,Physician Rimush of Indus Valley (Late),bronze_and_iron_age,Elamite Empire,Ancient Iran,-1125,-1082,Scientific,wildcard,EVT-BRO-1254,0.4522,0.844,0.3751,0.443,0.7025,0.5901,0.4262,61,0.5736,0.4418,0.5878,1.0263,1.0777,1.129,false
CHR-BRO-1255,Strategos Dara of Hittite Empire,bronze_and_iron_age,Assyrian Empire,Near East,-2025,-2004,Military,stabilizer,EVT-BRO-1255,0.6529,0.7252,0.9297,0.7791,0.6479,0.229,0.4698,208,0.225,0.5796,0.4921,0.8181,0.848,0.7582,false
CHR-BRO-1256,Scribe Sargon of Assyrian Empire,bronze_and_iron_age,Phoenician City-States,Levant,-2365,-2320,Cultural,disruptor,EVT-BRO-1256,0.7494,0.6227,0.2435,0.447,0.7046,0.8279,0.7452,16,0.6905,0.7477,0.7257,1.2279,1.25,1.25,false
CHR-BRO-1257,Marshal Labarna of Assyrian Empire,bronze_and_iron_age,Ancient Egypt,North Africa / Nile,-826,-800,Military,wildcard,EVT-BRO-1257,0.8094,0.8352,0.5215,0.6846,0.4982,0.7005,0.736,15,0.508,0.78,0.6815,1.0544,1.1072,1.1599,false
CHR-BRO-1258,Mint Overseer Qian of Babylonia,bronze_and_iron_age,Phoenician City-States,Levant,-2595,-2559,Economic,architect,EVT-BRO-1258,0.8121,0.8624,0.6977,0.8269,0.7747,0.3392,0.5669,178,0.2561,0.714,0.6234,0.8504,0.8815,0.7881,false
CHR-BRO-1259,Vizier Harun of Assyrian Empire,bronze_and_iron_age,Minoan Civilization,Aegean / Crete,-1508,-1489,Political,architect,EVT-BRO-1259,0.6905,0.6098,0.8979,0.782,0.6766,0.2708,0.6203,169,0.2444,0.6624,0.5204,0.825,0.8552,0.7646,false
CHR-BRO-1260,Strategos Labarna of Phoenician City-States,bronze_and_iron_age,Minoan Civilization,Aegean / Crete,-1052,-1047,Military,architect,EVT-BRO-1260,0.7532,0.7453,0.7739,0.7567,0.7639,0.2394,0.8023,120,0.2414,0.7728,0.6057,0.846,0.877,0.7841,false
CHR-BRO-1261,Merchant Prince Zhao of Mycenaean Greece,bronze_and_iron_age,Assyrian Empire,Near East,-1076,-1060,Economic,wildcard,EVT-BRO-1261,0.4297,0.4372,0.6818,0.3453,0.3644,0.4006,0.5251,47,0.5276,0.4678,0.4311,0.9793,1.0283,1.0773,false
CHR-BRO-1262,Arch-Engineer Kheti of Phoenician City-States,bronze_and_iron_age,Kingdom of Kush (Kerma/Napata),Nubia,-2794,-2773,Scientific,stabilizer,EVT-BRO-1262,0.6086,0.6458,0.7413,0.8658,0.4532,0.3159,0.5913,53,0.2251,0.6017,0.4857,0.8165,0.8463,0.7567,false
CHR-BRO-1263,High Priest Harsha of Western Zhou Dynasty,bronze_and_iron_age,Vedic Kingdoms,South Asia,-2355,-2350,Religious,architect,EVT-BRO-1263,0.8984,0.6513,0.8627,0.8439,0.5279,0.41,0.7743,50,0.2831,0.8488,0.6007,0.8448,0.8757,0.783,false
CHR-BRO-1264,Commander Cao of Elamite Empire,bronze_and_iron_age,Western Zhou Dynasty,East Asia,-2702,-2677,Military,catalyst,EVT-BRO-1264,0.7193,0.7399,0.6646,0.7557,0.75,0.6662,0.7539,48,0.4553,0.7331,0.6621,1.1011,1.2059,1.1535,false
CHR-BRO-1265,Consul Khaldun of Sumer & Akkad,bronze_and_iron_age,Babylonia,Mesopotamia,-2567,-2530,Political,disruptor,EVT-BRO-1265,0.8395,0.6303,0.2156,0.6453,0.8933,0.825,0.7545,41,0.5898,0.8055,0.7715,1.2437,1.25,1.25,true
CHR-BRO-1266,High Priest Hathor of Babylonia,bronze_and_iron_age,Indus Valley (Late),South Asia,-1477,-1442,Religious,catalyst,EVT-BRO-1266,0.6954,0.8354,0.6329,0.5745,0.734,0.5958,0.8025,26,0.5106,0.7382,0.677,1.1058,1.2111,1.1584,false
CHR-BRO-1267,Scribe Song of Phoenician City-States,bronze_and_iron_age,Assyrian Empire,Near East,-2466,-2429,Cultural,wildcard,EVT-BRO-1267,0.8407,0.634,0.4325,0.6539,0.6571,0.2087,0.5427,24,0.2774,0.7215,0.5906,1.0272,1.0785,1.1299,false
CHR-BRO-1268,Arch-Engineer Otto of Ancient Egypt,bronze_and_iron_age,Vedic Kingdoms,South Asia,-1072,-1048,Scientific,catalyst,EVT-BRO-1268,0.8042,0.7252,0.6933,0.6235,0.8118,0.7692,0.7272,56,0.5729,0.7734,0.7056,1.1147,1.2209,1.1678,false
CHR-BRO-1269,Cardinal Mazarin of Phoenician City-States,bronze_and_iron_age,Kingdom of Kush (Kerma/Napata),Nubia,-1772,-1767,Religious,stabilizer,EVT-BRO-1269,0.7474,0.578,0.8803,0.8176,0.4872,0.2696,0.4849,165,0.226,0.6424,0.4809,0.8153,0.8451,0.7556,false
CHR-BRO-1270,Metallurgist Mazarin of Babylonia,bronze_and_iron_age,Shang Dynasty,East Asia,-2403,-2361,Scientific,catalyst,EVT-BRO-1270,0.6129,0.7737,0.466,0.668,0.8505,0.637,0.7138,14,0.4845,0.6533,0.6695,1.1034,1.2085,1.1559,false
CHR-BRO-1271,Astronomer Justinian of Minoan Civilization,bronze_and_iron_age,Hittite Empire,Anatolia,-1454,-1432,Scientific,architect,EVT-BRO-1271,0.8082,0.8414,0.7148,0.7863,0.555,0.2734,0.6039,69,0.2436,0.7265,0.5823,0.8402,0.871,0.7788,false
CHR-BRO-1272,Dramatist Bradford of Sumer & Akkad,bronze_and_iron_age,Sumer & Akkad,Mesopotamia,-3063,-3051,Cultural,wildcard,EVT-BRO-1272,0.4212,0.3953,0.6141,0.6843,0.7307,0.4852,0.8941,48,0.4004,0.6104,0.5355,1.0106,1.0612,1.1117,false
CHR-BRO-1273,Marshal Vikram of Babylonia,bronze_and_iron_age,Kingdom of Kush (Kerma/Napata),Nubia,-1446,-1410,Military,catalyst,EVT-BRO-1273,0.514,0.7017,0.6894,0.7795,0.8949,0.7995,0.9229,18,0.51,0.6776,0.6684,1.1031,1.2081,1.1556,false
CHR-BRO-1274,Legate Zhang of Indus Valley (Late),bronze_and_iron_age,Kingdom of Kush (Kerma/Napata),Nubia,-1898,-1882,Military,stabilizer,EVT-BRO-1274,0.8021,0.6893,0.7447,0.7819,0.5062,0.2825,0.5642,240,0.2503,0.707,0.5433,0.8306,0.861,0.7699,false
CHR-BRO-1275,Physician Imhotep of Phoenician City-States,bronze_and_iron_age,Minoan Civilization,Aegean / Crete,-2933,-2895,Scientific,disruptor,EVT-BRO-1275,0.8925,0.846,0.3248,0.4926,0.8459,0.7106,0.8157,22,0.609,0.8617,0.7987,1.25,1.25,1.25,true
CHR-BRO-1276,Cardinal Chen of Indus Valley (Late),bronze_and_iron_age,Hittite Empire,Anatolia,-1287,-1277,Religious,catalyst,EVT-BRO-1276,0.524,0.8538,0.7237,0.7528,0.8809,0.7804,0.8169,49,0.5138,0.6411,0.6708,1.1038,1.2089,1.1564,false
CHR-BRO-1277,Cardinal Constantine of Ancient Egypt,bronze_and_iron_age,Elamite Empire,Ancient Iran,-1490,-1480,Religious,wildcard,EVT-BRO-1277,0.591,0.6791,0.3773,0.3139,0.3543,0.3709,0.6351,50,0.5285,0.6087,0.5502,1.0151,1.0658,1.1166,false
CHR-BRO-1278,Admiral Baldwin of Mycenaean Greece,bronze_and_iron_age,Minoan Civilization,Aegean / Crete,-2577,-2552,Military,catalyst,EVT-BRO-1278,0.7429,0.6757,0.6662,0.6894,0.9444,0.6894,0.7665,14,0.5,0.7523,0.696,1.1118,1.2176,1.1647,false
CHR-BRO-1279,Warlord Zhang of Babylonia,bronze_and_iron_age,Hittite Empire,Anatolia,-3088,-3075,Military,stabilizer,EVT-BRO-1279,0.7641,0.58,0.9208,0.7594,0.4801,0.2269,0.6682,41,0.2338,0.7257,0.5043,0.821,0.8511,0.761,false
CHR-BRO-1280,Syndic Telepinu of Kingdom of Kush (Kerma/Napata),bronze_and_iron_age,Assyrian Empire,Near East,-1502,-1494,Economic,wildcard,EVT-BRO-1280,0.6062,0.6033,0.6222,0.3909,0.6006,0.2787,0.6487,25,0.4439,0.6232,0.5395,1.0118,1.0624,1.113,false
CHR-BRO-1281,Mint Overseer Zhang of Ancient Egypt,bronze_and_iron_age,Shang Dynasty,East Asia,-1232,-1211,Economic,disruptor,EVT-BRO-1281,0.7091,0.7836,0.4699,0.4978,0.815,0.812,0.8707,43,0.6571,0.7737,0.7476,1.2354,1.25,1.25,false
CHR-BRO-1282,Prefect Wilhelm of Indus Valley (Late),bronze_and_iron_age,Babylonia,Mesopotamia,-1910,-1887,Political,architect,EVT-BRO-1282,0.6908,0.721,0.694,0.8851,0.5035,0.3062,0.7233,86,0.2105,0.7038,0.5471,0.8316,0.862,0.7707,false
CHR-BRO-1283,Consul Ramesses of Vedic Kingdoms,bronze_and_iron_age,Sumer & Akkad,Mesopotamia,-2105,-2100,Political,wildcard,EVT-BRO-1283,0.6132,0.6898,0.5846,0.4204,0.4023,0.2887,0.5009,71,0.4341,0.5683,0.5061,1.0018,1.0519,1.102,false
CHR-BRO-1284,Minister Labarna of Phoenician City-States,bronze_and_iron_age,Kingdom of Kush (Kerma/Napata),Nubia,-2036,-2029,Political,catalyst,EVT-BRO-1284,0.7141,0.8743,0.5121,0.5823,0.8082,0.5634,0.7377,39,0.4906,0.7235,0.6957,1.1117,1.2175,1.1646,false
CHR-BRO-1285,Philosopher Hammurabi of Ancient Egypt,bronze_and_iron_age,Babylonia,Mesopotamia,-1713,-1701,Cultural,wildcard,EVT-BRO-1285,0.7797,0.4477,0.638,0.5786,0.5626,0.7525,0.5762,42,0.5869,0.6983,0.603,1.0309,1.0825,1.134,false
CHR-BRO-1286,Marshal Rimush of Western Zhou Dynasty,bronze_and_iron_age,Minoan Civilization,Aegean / Crete,-1369,-1354,Military,architect,EVT-BRO-1286,0.7144,0.6498,0.8067,0.7702,0.7176,0.2632,0.6697,91,0.2465,0.6965,0.5545,0.8334,0.8639,0.7724,false
CHR-BRO-1287,Vizier Labarna of Mycenaean Greece,bronze_and_iron_age,Ancient Egypt,North Africa / Nile,-1883,-1839,Political,disruptor,EVT-BRO-1287,0.8175,0.619,0.2228,0.404,0.9278,0.8646,0.8895,14,0.7303,0.8463,0.807,1.25,1.25,1.25,true
CHR-BRO-1288,Alchemist Suppiluliuma of Assyrian Empire,bronze_and_iron_age,Vedic Kingdoms,South Asia,-2931,-2914,Scientific,catalyst,EVT-BRO-1288,0.727,0.7751,0.5197,0.6932,0.7358,0.7092,0.9049,14,0.508,0.7981,0.7139,1.1174,1.2238,1.1706,false
CHR-BRO-1289,Philosopher Qian of Sumer & Akkad,bronze_and_iron_age,Babylonia,Mesopotamia,-1120,-1105,Cultural,disruptor,EVT-BRO-1289,0.9156,0.7141,0.2516,0.4202,0.9277,0.8647,0.9224,43,0.7222,0.9184,0.8471,1.25,1.25,1.25,true
CHR-BRO-1290,Alchemist Song of Ancient Egypt,bronze_and_iron_age,Mycenaean Greece,Aegean,-1853,-1836,Scientific,disruptor,EVT-BRO-1290,0.7785,0.5677,0.5013,0.4644,0.9406,0.8622,0.8867,41,0.6989,0.8218,0.7599,1.2396,1.25,1.25,true
CHR-BRO-1291,Alchemist Leonidas of Indus Valley (Late),bronze_and_iron_age,Western Zhou Dynasty,East Asia,-1465,-1421,Scientific,stabilizer,EVT-BRO-1291,0.5984,0.556,0.8191,0.8966,0.6812,0.2535,0.483,224,0.1784,0.5523,0.4689,0.8124,0.8421,0.7529,false
CHR-BRO-1292,Geometer Mazarin of Indus Valley (Late),bronze_and_iron_age,Assyrian Empire,Near East,-1372,-1354,Scientific,catalyst,EVT-BRO-1292,0.7071,0.7551,0.5016,0.6167,0.9476,0.4709,0.754,39,0.4271,0.7258,0.6849,1.1082,1.2138,1.161,false
CHR-BRO-1293,Chronicler Samudra of Mycenaean Greece,bronze_and_iron_age,Assyrian Empire,Near East,-1638,-1603,Cultural,stabilizer,EVT-BRO-1293,0.6248,0.5767,0.722,0.8217,0.4873,0.3025,0.5544,60,0.2404,0.5967,0.481,0.8153,0.8452,0.7557,false
CHR-BRO-1294,Senator Labarna of Indus Valley (Late),bronze_and_iron_age,Sumer & Akkad,Mesopotamia,-1404,-1389,Political,disruptor,EVT-BRO-1294,0.8468,0.706,0.2305,0.5994,0.8276,0.7746,0.8779,26,0.5876,0.8592,0.7866,1.2489,1.25,1.25,true
CHR-BRO-1295,Astronomer Necker of Indus Valley (Late),bronze_and_iron_age,Western Zhou Dynasty,East Asia,-1607,-1593,Scientific,disruptor,EVT-BRO-1295,0.8866,0.8167,0.395,0.5738,0.8518,0.8318,0.7314,32,0.629,0.8245,0.7882,1.2494,1.25,1.25,true
CHR-BRO-1296,Customs Director Justinian of Sumer & Akkad,bronze_and_iron_age,Hittite Empire,Anatolia,-830,-800,Economic,disruptor,EVT-BRO-1296,0.8964,0.7955,0.3875,0.6223,0.8783,0.6971,0.7581,12,0.5374,0.8411,0.7736,1.2444,1.25,1.25,true
CHR-BRO-1297,Dramatist Harsha of Elamite Empire,bronze_and_iron_age,Hittite Empire,Anatolia,-2594,-2552,Cultural,architect,EVT-BRO-1297,0.7117,0.874,0.8402,0.9175,0.5426,0.1889,0.5977,172,0.1357,0.6661,0.5285,0.827,0.8573,0.7665,false
CHR-BRO-1298,Warlord Sherman of Vedic Kingdoms,bronze_and_iron_age,Minoan Civilization,Aegean / Crete,-2066,-2023,Military,catalyst,EVT-BRO-1298,0.7602,0.8456,0.5165,0.6526,0.8611,0.6018,0.9031,40,0.4746,0.8174,0.7375,1.1248,1.2319,1.1784,false
CHR-BRO-1299,Chancellor Sumner of Babylonia,bronze_and_iron_age,Babylonia,Mesopotamia,-2495,-2482,Political,catalyst,EVT-BRO-1299,0.556,0.7593,0.6135,0.5662,0.8266,0.7497,0.7682,13,0.5918,0.6409,0.6649,1.1019,1.2069,1.1544,false
CHR-BRO-1300,Warlord Wu of Kingdom of Kush (Kerma/Napata),bronze_and_iron_age,Ancient Egypt,North Africa / Nile,-1920,-1875,Military,architect,EVT-BRO-1300,0.8992,0.6877,0.7424,0.8157,0.5159,0.2229,0.7639,42,0.2036,0.8451,0.5883,0.8417,0.8725,0.7801,false
CHR-BRO-1301,Scribe Sherman of Elamite Empire,bronze_and_iron_age,Minoan Civilization,Aegean / Crete,-2745,-2726,Cultural,catalyst,EVT-BRO-1301,0.5051,0.8592,0.7326,0.7626,0.7315,0.6679,0.8605,20,0.4527,0.6473,0.6328,1.0918,1.1958,1.1438,false
CHR-BRO-1302,Treasurer Lafayette of Shang Dynasty,bronze_and_iron_age,Minoan Civilization,Aegean / Crete,-3023,-2997,Economic,disruptor,EVT-BRO-1302,0.6257,0.5737,0.4418,0.4471,0.8787,0.6539,0.7253,29,0.6034,0.6656,0.6646,1.2068,1.25,1.25,false
CHR-BRO-1303,Chronicler Baldwin of Babylonia,bronze_and_iron_age,Mycenaean Greece,Aegean,-1456,-1428,Cultural,architect,EVT-BRO-1303,0.8358,0.6551,0.791,0.832,0.5695,0.354,0.7072,41,0.261,0.7844,0.5811,0.84,0.8707,0.7785,false
CHR-BRO-1304,Marshal Kautilya of Mycenaean Greece,bronze_and_iron_age,Elamite Empire,Ancient Iran,-2397,-2355,Military,catalyst,EVT-BRO-1304,0.7367,0.7935,0.5474,0.6406,0.7402,0.6044,0.8233,60,0.4819,0.7713,0.6916,1.1104,1.2161,1.1632,false
CHR-BRO-1305,Merchant Prince Harun of Shang Dynasty,bronze_and_iron_age,Phoenician City-States,Levant,-2563,-2521,Economic,stabilizer,EVT-BRO-1305,0.7705,0.6234,0.8347,0.7434,0.5057,0.1201,0.4641,226,0.1883,0.6479,0.479,0.8148,0.8446,0.7552,false
CHR-BRO-1306,Archon Tariq of Vedic Kingdoms,bronze_and_iron_age,Vedic Kingdoms,South Asia,-2889,-2868,Political,catalyst,EVT-BRO-1306,0.812,0.895,0.5643,0.5645,0.8363,0.679,0.7477,12,0.5573,0.7863,0.742,1.1262,1.2335,1.1799,false
CHR-BRO-1307,Prefect Mirabeau of Elamite Empire,bronze_and_iron_age,Ancient Egypt,North Africa / Nile,-2105,-2087,Political,architect,EVT-BRO-1307,0.6933,0.6572,0.8966,0.7704,0.7706,0.3242,0.757,42,0.2769,0.7188,0.5715,0.8376,0.8682,0.7763,false
CHR-BRO-1308,Chancellor Sherman of Shang Dynasty,bronze_and_iron_age,Sumer & Akkad,Mesopotamia,-1734,-1723,Political,stabilizer,EVT-BRO-1308,0.691,0.6712,0.7241,0.6897,0.4811,0.2648,0.669,147,0.2876,0.6822,0.5288,0.8271,0.8573,0.7666,false
CHR-BRO-1309,Scribe Leonidas of Minoan Civilization,bronze_and_iron_age,Vedic Kingdoms,South Asia,-1946,-1915,Cultural,architect,EVT-BRO-1309,0.8454,0.7632,0.8096,0.7367,0.584,0.4108,0.6327,110,0.337,0.7603,0.6022,0.8451,0.8761,0.7833,false
CHR-BRO-1310,Arch-Engineer Valdemar of Babylonia,bronze_and_iron_age,Ancient Egypt,North Africa / Nile,-1992,-1979,Scientific,architect,EVT-BRO-1310,0.7194,0.8593,0.6873,0.7284,0.7601,0.2094,0.7223,167,0.2405,0.7206,0.6074,0.8464,0.8774,0.7845,false
CHR-BRO-1311,Prefect Belisarius of Mycenaean Greece,bronze_and_iron_age,Indus Valley (Late),South Asia,-2912,-2883,Political,wildcard,EVT-BRO-1311,0.7218,0.6498,0.5895,0.4652,0.7674,0.3868,0.8562,38,0.4608,0.7756,0.6473,1.0442,1.0964,1.1486,false
CHR-BRO-1312,Polymath Enheduanna of Sumer & Akkad,bronze_and_iron_age,Kingdom of Kush (Kerma/Napata),Nubia,-1114,-1090,Scientific,catalyst,EVT-BRO-1312,0.5964,0.7603,0.7274,0.6077,0.8886,0.6601,0.705,53,0.5262,0.6399,0.6481,1.0966,1.2011,1.1489,false
CHR-BRO-1313,Metallurgist Cao of Elamite Empire,bronze_and_iron_age,Shang Dynasty,East Asia,-2509,-2470,Scientific,disruptor,EVT-BRO-1313,0.8615,0.829,0.3653,0.6163,0.7405,0.6874,0.8644,33,0.5356,0.8627,0.7662,1.2418,1.25,1.25,true
CHR-BRO-1314,Synod Envoy Alexander of Ancient Egypt,bronze_and_iron_age,Hittite Empire,Anatolia,-2374,-2337,Religious,wildcard,EVT-BRO-1314,0.8546,0.663,0.6877,0.4898,0.3152,0.4141,0.8266,32,0.4622,0.8434,0.6032,1.031,1.0825,1.1341,false
CHR-BRO-1315,Astronomer Hathor of Kingdom of Kush (Kerma/Napata),bronze_and_iron_age,Mycenaean Greece,Aegean,-1778,-1737,Scientific,stabilizer,EVT-BRO-1315,0.6986,0.7514,0.884,0.7742,0.5681,0.1478,0.4966,38,0.1868,0.6178,0.4921,0.8181,0.848,0.7582,false
CHR-BRO-1316,Polymath Chandra of Mycenaean Greece,bronze_and_iron_age,Babylonia,Mesopotamia,-1152,-1112,Scientific,architect,EVT-BRO-1316,0.6567,0.8205,0.8677,0.7086,0.7047,0.3094,0.7746,48,0.3004,0.7039,0.5834,0.8405,0.8713,0.779,false
CHR-BRO-1317,Archon Seneb of Vedic Kingdoms,bronze_and_iron_age,Western Zhou Dynasty,East Asia,-3009,-2999,Political,stabilizer,EVT-BRO-1317,0.7698,0.7783,0.9238,0.6949,0.6845,0.3497,0.4183,47,0.3274,0.6292,0.5499,0.8323,0.8627,0.7714,false
CHR-BRO-1318,Warlord Rajaraja of Shang Dynasty,bronze_and_iron_age,Vedic Kingdoms,South Asia,-936,-919,Military,catalyst,EVT-BRO-1318,0.5546,0.8169,0.5714,0.613,0.8793,0.6988,0.8456,57,0.5429,0.671,0.6869,1.1089,1.2145,1.1617,false
CHR-BRO-1319,Abbess Thutmose of Ancient Egypt,bronze_and_iron_age,Western Zhou Dynasty,East Asia,-2886,-2846,Religious,wildcard,EVT-BRO-1319,0.4496,0.5976,0.3123,0.7944,0.5382,0.2868,0.7197,46,0.2462,0.5576,0.5128,1.0038,1.054,1.1042,false
CHR-BRO-1320,Commander Saladin of Sumer & Akkad,bronze_and_iron_age,Minoan Civilization,Aegean / Crete,-1891,-1862,Military,architect,EVT-BRO-1320,0.7704,0.7001,0.8699,0.8503,0.5523,0.3535,0.7609,30,0.2516,0.7666,0.5681,0.8368,0.8674,0.7755,false
CHR-BRO-1321,Customs Director Hammurabi of Sumer & Akkad,bronze_and_iron_age,Hittite Empire,Anatolia,-1630,-1614,Economic,disruptor,EVT-BRO-1321,0.8686,0.605,0.4211,0.4893,0.7022,0.9244,0.9353,44,0.7175,0.8953,0.7756,1.2451,1.25,1.25,true
CHR-BRO-1322,Archon Valdemar of Mycenaean Greece,bronze_and_iron_age,Elamite Empire,Ancient Iran,-862,-852,Political,stabilizer,EVT-BRO-1322,0.7231,0.7406,0.7736,0.8784,0.4919,0.2604,0.6552,63,0.191,0.696,0.5317,0.8278,0.8581,0.7672,false
CHR-BRO-1323,Alchemist Labarna of Phoenician City-States,bronze_and_iron_age,Vedic Kingdoms,South Asia,-2995,-2971,Scientific,catalyst,EVT-BRO-1323,0.636,0.8097,0.6914,0.5709,0.7248,0.4938,0.8491,38,0.4615,0.7212,0.6429,1.095,1.1993,1.1472,false
CHR-BRO-1324,Marshal Hattusili of Indus Valley (Late),bronze_and_iron_age,Ancient Egypt,North Africa / Nile,-2801,-2788,Military,architect,EVT-BRO-1324,0.8333,0.6291,0.7381,0.8555,0.6167,0.3733,0.6869,67,0.2589,0.7748,0.5876,0.8416,0.8723,0.78,false
CHR-BRO-1325,Metallurgist Sumner of Assyrian Empire,bronze_and_iron_age,Assyrian Empire,Near East,-2844,-2823,Scientific,disruptor,EVT-BRO-1325,0.7287,0.5521,0.4981,0.426,0.7008,0.8185,0.8514,28,0.6962,0.7777,0.6995,1.2188,1.25,1.25,false
CHR-BRO-1326,Customs Director Belisarius of Shang Dynasty,bronze_and_iron_age,Assyrian Empire,Near East,-2481,-2438,Economic,stabilizer,EVT-BRO-1326,0.7764,0.5924,0.7963,0.6834,0.5861,0.3102,0.4084,225,0.3134,0.6292,0.5149,0.8237,0.8538,0.7634,false
CHR-BRO-1327,Dramatist Tiglath of Assyrian Empire,bronze_and_iron_age,Shang Dynasty,East Asia,-2861,-2819,Cultural,wildcard,EVT-BRO-1327,0.6344,0.4835,0.2068,0.7648,0.3492,0.6567,0.5825,21,0.4459,0.6136,0.5605,1.0181,1.069,1.12,false
CHR-BRO-1328,Strategos Harun of Hittite Empire,bronze_and_iron_age,Ancient Egypt,North Africa / Nile,-2782,-2761,Military,wildcard,EVT-BRO-1328,0.444,0.4809,0.5196,0.7311,0.8425,0.5529,0.8483,66,0.4109,0.6057,0.5812,1.0244,1.0756,1.1268,false
CHR-BRO-1329,Strategos Bradford of Vedic Kingdoms,bronze_and_iron_age,Minoan Civilization,Aegean / Crete,-1407,-1370,Military,catalyst,EVT-BRO-1329,0.5577,0.8544,0.4562,0.7407,0.9045,0.7572,0.8719,37,0.5082,0.6834,0.715,1.1177,1.2242,1.1709,false
CHR-BRO-1330,Merchant Prince Naram-Sin of Ancient Egypt,bronze_and_iron_age,Ancient Egypt,North Africa / Nile,-977,-950,Economic,catalyst,EVT-BRO-1330,0.7405,0.7039,0.7198,0.6683,0.7235,0.5764,0.8141,35,0.454,0.7699,0.6524,1.098,1.2026,1.1503,false
CHR-BRO-1331,Astronomer Lafayette of Mycenaean Greece,bronze_and_iron_age,Sumer & Akkad,Mesopotamia,-2668,-2637,Scientific,disruptor,EVT-BRO-1331,0.7862,0.8307,0.2442,0.3212,0.8627,0.6664,0.7672,27,0.6726,0.7786,0.7751,1.2449,1.25,1.25,true
CHR-BRO-1332,Chancellor Richelieu of Babylonia,bronze_and_iron_age,Minoan Civilization,Aegean / Crete,-2448,-2435,Political,wildcard,EVT-BRO-1332,0.5436,0.5084,0.5869,0.3454,0.6677,0.3932,0.444,19,0.5239,0.5038,0.5119,1.0036,1.0538,1.1039,false
CHR-BRO-1333,High Priest Saladin of Mycenaean Greece,bronze_and_iron_age,Kingdom of Kush (Kerma/Napata),Nubia,-2934,-2928,Religious,catalyst,EVT-BRO-1333,0.5423,0.8316,0.624,0.6934,0.843,0.4681,0.785,48,0.3873,0.6394,0.6277,1.0902,1.194,1.1421,false
CHR-BRO-1334,Abbess Marshall of Babylonia,bronze_and_iron_age,Minoan Civilization,Aegean / Crete,-2394,-2384,Religious,catalyst,EVT-BRO-1334,0.7695,0.7751,0.5508,0.6761,0.7254,0.6125,0.7023,21,0.4682,0.7426,0.6758,1.1054,1.2106,1.158,false
CHR-BRO-1335,Syndic Thutmose of Western Zhou Dynasty,bronze_and_iron_age,Indus Valley (Late),South Asia,-2031,-2012,Economic,stabilizer,EVT-BRO-1335,0.625,0.6244,0.76,0.8977,0.4599,0.2192,0.5934,86,0.1608,0.6123,0.4699,0.8126,0.8423,0.7531,false
CHR-BRO-1336,Prefect Valdemar of Elamite Empire,bronze_and_iron_age,Shang Dynasty,East Asia,-1840,-1798,Political,wildcard,EVT-BRO-1336,0.4706,0.352,0.5461,0.2317,0.6402,0.4352,0.6342,57,0.6018,0.536,0.5107,1.0032,1.0534,1.1035,false
CHR-BRO-1337,Imam Wilhelm of Hittite Empire,bronze_and_iron_age,Babylonia,Mesopotamia,-1037,-994,Religious,wildcard,EVT-BRO-1337,0.5999,0.6966,0.4393,0.5249,0.5776,0.5152,0.7305,26,0.4952,0.6521,0.6078,1.0323,1.084,1.1356,false
CHR-BRO-1338,Master Sculptor Lafayette of Western Zhou Dynasty,bronze_and_iron_age,Vedic Kingdoms,South Asia,-3059,-3051,Cultural,disruptor,EVT-BRO-1338,0.7708,0.7872,0.3091,0.4905,0.7651,0.8413,0.875,38,0.6754,0.8125,0.7776,1.2458,1.25,1.25,true
CHR-BRO-1339,Alchemist Belisarius of Vedic Kingdoms,bronze_and_iron_age,Vedic Kingdoms,South Asia,-2279,-2234,Scientific,architect,EVT-BRO-1339,0.697,0.6695,0.839,0.8894,0.6123,0.2926,0.7317,138,0.2016,0.7109,0.5418,0.8303,0.8607,0.7695,false
CHR-BRO-1340,Arch-Engineer Harsha of Kingdom of Kush (Kerma/Napata),bronze_and_iron_age,Sumer & Akkad,Mesopotamia,-2717,-2712,Scientific,stabilizer,EVT-BRO-1340,0.7862,0.6272,0.8788,0.865,0.4948,0.2078,0.5893,102,0.1714,0.7075,0.5033,0.8208,0.8508,0.7607,false
CHR-BRO-1341,Chancellor Colbert of Indus Valley (Late),bronze_and_iron_age,Kingdom of Kush (Kerma/Napata),Nubia,-2475,-2446,Political,wildcard,EVT-BRO-1341,0.6051,0.7835,0.6594,0.6018,0.5712,0.8335,0.4435,44,0.6159,0.5405,0.6,1.03,1.0815,1.133,false
CHR-BRO-1342,Consul Harsha of Hittite Empire,bronze_and_iron_age,Kingdom of Kush (Kerma/Napata),Nubia,-1015,-970,Political,stabilizer,EVT-BRO-1342,0.6957,0.6455,0.9067,0.695,0.6172,0.2653,0.5811,49,0.2851,0.6498,0.5149,0.8237,0.8538,0.7634,false
CHR-BRO-1343,Strategos Hattusili of Mycenaean Greece,bronze_and_iron_age,Assyrian Empire,Near East,-1881,-1846,Military,stabilizer,EVT-BRO-1343,0.7438,0.7924,0.8319,0.8626,0.6975,0.3098,0.461,121,0.2236,0.6307,0.5487,0.832,0.8624,0.7711,false
CHR-BRO-1344,Admiral Chen of Minoan Civilization,bronze_and_iron_age,Vedic Kingdoms,South Asia,-1691,-1677,Military,disruptor,EVT-BRO-1344,0.7818,0.6634,0.3511,0.4458,0.898,0.6937,0.8636,46,0.624,0.8145,0.7559,1.2383,1.25,1.25,true
CHR-BRO-1345,Legate Franklin of Babylonia,bronze_and_iron_age,Kingdom of Kush (Kerma/Napata),Nubia,-2002,-1985,Military,disruptor,EVT-BRO-1345,0.8941,0.6722,0.2168,0.4339,0.7962,0.7563,0.7998,11,0.6612,0.8564,0.7838,1.2479,1.25,1.25,true
CHR-BRO-1346,Patriarch Heinrich of Assyrian Empire,bronze_and_iron_age,Indus Valley (Late),South Asia,-2876,-2839,Religious,wildcard,EVT-BRO-1346,0.7265,0.6038,0.1765,0.2619,0.4866,0.4633,0.6624,24,0.6007,0.7009,0.6333,1.04,1.092,1.144,false
CHR-BRO-1347,Arch-Engineer Hamilton of Minoan Civilization,bronze_and_iron_age,Sumer & Akkad,Mesopotamia,-1023,-1016,Scientific,catalyst,EVT-BRO-1347,0.745,0.8889,0.6106,0.6325,0.7915,0.702,0.8563,14,0.5347,0.7896,0.7294,1.1223,1.2291,1.1757,false
CHR-BRO-1348,Strategos Narmer of Indus Valley (Late),bronze_and_iron_age,Vedic Kingdoms,South Asia,-1663,-1633,Military,stabilizer,EVT-BRO-1348,0.5861,0.7908,0.8786,0.8336,0.5335,0.31,0.5045,219,0.2382,0.5535,0.4878,0.817,0.8469,0.7572,false
CHR-BRO-1349,High Priest Otto of Mycenaean Greece,bronze_and_iron_age,Minoan Civilization,Aegean / Crete,-2949,-2918,Religious,stabilizer,EVT-BRO-1349,0.7464,0.5789,0.8773,0.714,0.4879,0.3141,0.4974,206,0.3,0.6468,0.4949,0.8187,0.8487,0.7588,false
CHR-BRO-1350,High Priest Mentuhotep of Phoenician City-States,bronze_and_iron_age,Mycenaean Greece,Aegean,-969,-941,Religious,wildcard,EVT-BRO-1350,0.6003,0.7542,0.3671,0.6623,0.2126,0.3854,0.4215,63,0.3615,0.5288,0.4963,0.9989,1.0488,1.0988,false
CHR-BRO-1351,Patriarch Labarna of Minoan Civilization,bronze_and_iron_age,Western Zhou Dynasty,East Asia,-1605,-1574,Religious,wildcard,EVT-BRO-1351,0.5016,0.6832,0.1806,0.2951,0.2774,0.4398,0.6742,44,0.5723,0.5706,0.5538,1.0161,1.0669,1.1177,false
CHR-BRO-1352,Mint Overseer Sherman of Sumer & Akkad,bronze_and_iron_age,Minoan Civilization,Aegean / Crete,-2674,-2652,Economic,catalyst,EVT-BRO-1352,0.5439,0.794,0.6085,0.5651,0.9206,0.7295,0.7931,48,0.5822,0.6436,0.6825,1.1075,1.2129,1.1602,false
CHR-BRO-1353,Senator Ibn-Sina of Vedic Kingdoms,bronze_and_iron_age,Vedic Kingdoms,South Asia,-1213,-1190,Political,stabilizer,EVT-BRO-1353,0.8272,0.6839,0.8758,0.8858,0.5131,0.3232,0.4932,194,0.2187,0.6936,0.5269,0.8266,0.8569,0.7661,false
CHR-BRO-1354,Dramatist Kautilya of Kingdom of Kush (Kerma/Napata),bronze_and_iron_age,Western Zhou Dynasty,East Asia,-3052,-3016,Cultural,architect,EVT-BRO-1354,0.6934,0.6404,0.7869,0.8034,0.527,0.3957,0.6078,91,0.2962,0.6592,0.5301,0.8274,0.8577,0.7669,false
CHR-BRO-1355,Poet Laureate Tariq of Vedic Kingdoms,bronze_and_iron_age,Assyrian Empire,Near East,-2670,-2648,Cultural,architect,EVT-BRO-1355,0.8446,0.6664,0.8015,0.7422,0.6174,0.3073,0.7482,65,0.2825,0.806,0.5948,0.8433,0.8742,0.7816,false
CHR-BRO-1356,Minister Zhao of Shang Dynasty,bronze_and_iron_age,Assyrian Empire,Near East,-1910,-1900,Political,wildcard,EVT-BRO-1356,0.8889,0.4312,0.2719,0.2053,0.6705,0.6322,0.5403,21,0.7134,0.7494,0.6759,1.0528,1.1054,1.158,false
CHR-BRO-1357,Master Sculptor Hathor of Assyrian Empire,bronze_and_iron_age,Indus Valley (Late),South Asia,-1266,-1230,Cultural,wildcard,EVT-BRO-1357,0.4821,0.7502,0.2424,0.6646,0.4053,0.2633,0.7689,25,0.2993,0.5968,0.5412,1.0124,1.063,1.1136,false
CHR-BRO-1358,Chancellor Mentuhotep of Ancient Egypt,bronze_and_iron_age,Kingdom of Kush (Kerma/Napata),Nubia,-2595,-2551,Political,stabilizer,EVT-BRO-1358,0.7616,0.7064,0.7973,0.8671,0.6036,0.2548,0.4841,222,0.1939,0.6506,0.5247,0.8261,0.8563,0.7656,false
CHR-BRO-1359,Alchemist Vikram of Elamite Empire,bronze_and_iron_age,Kingdom of Kush (Kerma/Napata),Nubia,-2687,-2657,Scientific,catalyst,EVT-BRO-1359,0.6184,0.8579,0.6859,0.7042,0.8272,0.6968,0.7681,39,0.4963,0.6782,0.6733,1.1046,1.2098,1.1572,false
CHR-BRO-1360,Master Sculptor Marshall of Kingdom of Kush (Kerma/Napata),bronze_and_iron_age,Assyrian Empire,Near East,-2842,-2815,Cultural,catalyst,EVT-BRO-1360,0.7907,0.6732,0.5416,0.6194,0.825,0.5806,0.9253,35,0.4806,0.8445,0.7132,1.1171,1.2235,1.1703,false
CHR-BRO-1361,Master Sculptor Nizam of Shang Dynasty,bronze_and_iron_age,Ancient Egypt,North Africa / Nile,-2437,-2394,Cultural,disruptor,EVT-BRO-1361,0.6138,0.5726,0.336,0.3227,0.7556,0.8351,0.7832,8,0.7562,0.6816,0.6957,1.2175,1.25,1.25,false
CHR-BRO-1362,Viceroy Theodosius of Minoan Civilization,bronze_and_iron_age,Assyrian Empire,Near East,-1641,-1634,Political,wildcard,EVT-BRO-1362,0.8628,0.6564,0.2357,0.687,0.6979,0.6393,0.8073,36,0.4762,0.8406,0.7279,1.0684,1.1218,1.1752,false
CHR-BRO-1363,Customs Director Imhotep of Assyrian Empire,bronze_and_iron_age,Shang Dynasty,East Asia,-1843,-1811,Economic,stabilizer,EVT-BRO-1363,0.7023,0.722,0.885,0.6923,0.6413,0.1612,0.5462,80,0.2344,0.6398,0.5131,0.8232,0.8533,0.763,false
CHR-BRO-1364,Cardinal Theodosius of Mycenaean Greece,bronze_and_iron_age,Hittite Empire,Anatolia,-1513,-1483,Religious,architect,EVT-BRO-1364,0.7967,0.8211,0.8218,0.9131,0.7485,0.444,0.685,137,0.2654,0.752,0.6261,0.851,0.8822,0.7888,false
CHR-BRO-1365,Hierophant Adams of Minoan Civilization,bronze_and_iron_age,Ancient Egypt,North Africa / Nile,-1196,-1169,Religious,wildcard,EVT-BRO-1365,0.634,0.5023,0.236,0.3342,0.2665,0.4566,0.8294,63,0.5612,0.7122,0.5764,1.0229,1.0741,1.1252,false
CHR-BRO-1366,Polymath Sargon of Mycenaean Greece,bronze_and_iron_age,Phoenician City-States,Levant,-1660,-1647,Scientific,stabilizer,EVT-BRO-1366,0.6229,0.729,0.7848,0.7907,0.6983,0.2094,0.5455,142,0.2094,0.5919,0.515,0.8237,0.8538,0.7634,false
CHR-BRO-1367,Guild Master Enheduanna of Sumer & Akkad,bronze_and_iron_age,Mycenaean Greece,Aegean,-2037,-2022,Economic,stabilizer,EVT-BRO-1367,0.7207,0.716,0.8719,0.6934,0.4677,0.1675,0.407,74,0.2371,0.5952,0.472,0.8131,0.8429,0.7536,false
CHR-BRO-1368,Merchant Prince Labarna of Indus Valley (Late),bronze_and_iron_age,Phoenician City-States,Levant,-2535,-2503,Economic,disruptor,EVT-BRO-1368,0.8614,0.5028,0.2896,0.4139,0.721,0.9134,0.8045,27,0.7498,0.8387,0.757,1.2386,1.25,1.25,true
CHR-BRO-1369,Chronicler Friedrich of Phoenician City-States,bronze_and_iron_age,Ancient Egypt,North Africa / Nile,-2585,-2565,Cultural,stabilizer,EVT-BRO-1369,0.7492,0.7725,0.7597,0.7367,0.5337,0.1345,0.6031,202,0.1989,0.6907,0.5311,0.8276,0.8579,0.7671,false
CHR-BRO-1370,High Priest Sumner of Elamite Empire,bronze_and_iron_age,Mycenaean Greece,Aegean,-1268,-1232,Religious,catalyst,EVT-BRO-1370,0.7757,0.8649,0.5974,0.6245,0.9474,0.5047,0.8028,47,0.4401,0.7865,0.7209,1.1196,1.2262,1.1729,false
CHR-BRO-1371,General Mursili of Minoan Civilization,bronze_and_iron_age,Assyrian Empire,Near East,-2311,-2292,Military,architect,EVT-BRO-1371,0.7517,0.7738,0.7031,0.8422,0.6086,0.2748,0.7167,135,0.2163,0.7377,0.5816,0.8401,0.8708,0.7786,false
CHR-BRO-1372,Marshal Aurelius of Hittite Empire,bronze_and_iron_age,Vedic Kingdoms,South Asia,-3095,-3084,Military,disruptor,EVT-BRO-1372,0.8217,0.7545,0.3669,0.5751,0.791,0.8601,0.7519,32,0.6425,0.7938,0.7636,1.2409,1.25,1.25,true
CHR-BRO-1373,Admiral Godfrey of Mycenaean Greece,bronze_and_iron_age,Vedic Kingdoms,South Asia,-1934,-1908,Military,architect,EVT-BRO-1373,0.9043,0.6031,0.825,0.7435,0.6541,0.2287,0.6343,67,0.2426,0.7963,0.5744,0.8383,0.869,0.777,false
CHR-BRO-1374,Customs Director Ibn-Sina of Assyrian Empire,bronze_and_iron_age,Minoan Civilization,Aegean / Crete,-3077,-3056,Economic,stabilizer,EVT-BRO-1374,0.7887,0.7907,0.8669,0.8833,0.6236,0.293,0.6249,38,0.2049,0.7231,0.5662,0.8363,0.8669,0.7751,false
CHR-BRO-1375,Vizier Leonidas of Vedic Kingdoms,bronze_and_iron_age,Shang Dynasty,East Asia,-1137,-1128,Political,stabilizer,EVT-BRO-1375,0.5992,0.7327,0.8829,0.6855,0.6928,0.218,0.5048,90,0.2662,0.5614,0.4995,0.8199,0.8499,0.7599,false
CHR-BRO-1376,Geometer Alexander of Hittite Empire,bronze_and_iron_age,Minoan Civilization,Aegean / Crete,-2092,-2051,Scientific,disruptor,EVT-BRO-1376,0.7985,0.5637,0.4972,0.389,0.7735,0.7461,0.8952,10,0.6786,0.8372,0.7272,1.2284,1.25,1.25,false
CHR-BRO-1377,Abbess Seneb of Mycenaean Greece,bronze_and_iron_age,Phoenician City-States,Levant,-854,-838,Religious,stabilizer,EVT-BRO-1377,0.6045,0.7915,0.9292,0.7637,0.607,0.2876,0.4897,210,0.2619,0.5586,0.4964,0.8191,0.8491,0.7592,false
CHR-BRO-1378,Chamberlain Rajaraja of Phoenician City-States,bronze_and_iron_age,Kingdom of Kush (Kerma/Napata),Nubia,-2272,-2229,Economic,stabilizer,EVT-BRO-1378,0.8182,0.6943,0.7217,0.7245,0.5259,0.161,0.4439,145,0.2182,0.6685,0.5199,0.8249,0.8551,0.7645,false
CHR-BRO-1379,Metallurgist Gao of Indus Valley (Late),bronze_and_iron_age,Shang Dynasty,East Asia,-985,-979,Scientific,wildcard,EVT-BRO-1379,0.853,0.5587,0.5066,0.595,0.412,0.4964,0.7106,43,0.4507,0.796,0.6095,1.0328,1.0845,1.1361,false
CHR-BRO-1380,Scribe Dara of Ancient Egypt,bronze_and_iron_age,Babylonia,Mesopotamia,-2425,-2387,Cultural,stabilizer,EVT-BRO-1380,0.6238,0.7645,0.7884,0.8157,0.623,0.3189,0.4786,91,0.2516,0.5657,0.5141,0.8235,0.8536,0.7632,false
CHR-BRO-1381,Metallurgist Otto of Elamite Empire,bronze_and_iron_age,Phoenician City-States,Levant,-2676,-2661,Scientific,stabilizer,EVT-BRO-1381,0.8499,0.6256,0.8692,0.7664,0.6247,0.3262,0.596,115,0.2799,0.7483,0.5631,0.8355,0.8661,0.7744,false
CHR-BRO-1382,Vizier Sun of Hittite Empire,bronze_and_iron_age,Ancient Egypt,North Africa / Nile,-2611,-2583,Political,stabilizer,EVT-BRO-1382,0.6958,0.6122,0.9283,0.7478,0.5144,0.2774,0.4706,182,0.2648,0.6057,0.4749,0.8138,0.8436,0.7543,false
CHR-BRO-1383,Master Sculptor Imhotep of Babylonia,bronze_and_iron_age,Minoan Civilization,Aegean / Crete,-1469,-1433,Cultural,wildcard,EVT-BRO-1383,0.6167,0.5266,0.6978,0.355,0.3347,0.7598,0.8666,46,0.7024,0.7166,0.5898,1.0269,1.0783,1.1296,false
CHR-BRO-1384,Admiral Imhotep of Phoenician City-States,bronze_and_iron_age,Hittite Empire,Anatolia,-1852,-1838,Military,wildcard,EVT-BRO-1384,0.5414,0.5953,0.5868,0.3627,0.6065,0.646,0.4867,47,0.6416,0.5195,0.5587,1.0176,1.0685,1.1194,false
CHR-BRO-1385,Warlord Sun of Shang Dynasty,bronze_and_iron_age,Sumer & Akkad,Mesopotamia,-1012,-997,Military,stabilizer,EVT-BRO-1385,0.8084,0.7546,0.8768,0.6956,0.4854,0.1481,0.5822,240,0.2262,0.7179,0.5252,0.8262,0.8564,0.7657,false
CHR-BRO-1386,Alchemist Suppiluliuma of Kingdom of Kush (Kerma/Napata),bronze_and_iron_age,Hittite Empire,Anatolia,-2707,-2675,Scientific,architect,EVT-BRO-1386,0.8936,0.8348,0.7172,0.8411,0.5698,0.3886,0.5774,56,0.2737,0.7671,0.6152,0.8483,0.8794,0.7863,false
CHR-BRO-1387,Dramatist Zhang of Minoan Civilization,bronze_and_iron_age,Vedic Kingdoms,South Asia,-1632,-1615,Cultural,catalyst,EVT-BRO-1387,0.6456,0.7745,0.5082,0.731,0.8625,0.4914,0.7325,42,0.3802,0.6803,0.6532,1.0982,1.2028,1.1505,false
CHR-BRO-1388,Commander Thutmose of Indus Valley (Late),bronze_and_iron_age,Mycenaean Greece,Aegean,-2128,-2097,Military,architect,EVT-BRO-1388,0.6617,0.6182,0.7876,0.8531,0.6152,0.3092,0.5623,180,0.228,0.6219,0.5097,0.8224,0.8525,0.7622,false
CHR-BRO-1389,Hierophant Thutmose of Kingdom of Kush (Kerma/Napata),bronze_and_iron_age,Ancient Egypt,North Africa / Nile,-2619,-2600,Religious,disruptor,EVT-BRO-1389,0.6195,0.6965,0.2566,0.486,0.8467,0.6783,0.8695,6,0.5962,0.7195,0.7186,1.2254,1.25,1.25,false
CHR-BRO-1390,Hierophant Song of Shang Dynasty,bronze_and_iron_age,Mycenaean Greece,Aegean,-2889,-2850,Religious,architect,EVT-BRO-1390,0.6611,0.7279,0.8141,0.8873,0.5619,0.2322,0.8114,171,0.1724,0.7212,0.5395,0.8297,0.8601,0.769,false
CHR-BRO-1391,Prefect Narmer of Elamite Empire,bronze_and_iron_age,Assyrian Empire,Near East,-2230,-2193,Political,catalyst,EVT-BRO-1391,0.5071,0.8968,0.5052,0.6549,0.908,0.4675,0.7727,15,0.4063,0.6134,0.6503,1.0973,1.2018,1.1496,false
CHR-BRO-1392,Synod Envoy Ibn-Sina of Hittite Empire,bronze_and_iron_age,Minoan Civilization,Aegean / Crete,-2154,-2116,Religious,stabilizer,EVT-BRO-1392,0.7982,0.7542,0.754,0.8265,0.6043,0.1315,0.6197,115,0.1525,0.7268,0.5493,0.8321,0.8626,0.7712,false
CHR-BRO-1393,Prefect Wilhelm of Shang Dynasty,bronze_and_iron_age,Indus Valley (Late),South Asia,-2254,-2213,Political,architect,EVT-BRO-1393,0.7327,0.8324,0.7773,0.7055,0.7559,0.3828,0.6356,34,0.3387,0.6939,0.6112,0.8473,0.8783,0.7853,false
CHR-BRO-1394,Customs Director Naram-Sin of Mycenaean Greece,bronze_and_iron_age,Shang Dynasty,East Asia,-2913,-2868,Economic,catalyst,EVT-BRO-1394,0.7673,0.7752,0.5856,0.7426,0.8041,0.7816,0.7874,15,0.5195,0.7753,0.7184,1.1188,1.2253,1.1721,false
CHR-BRO-1395,Admiral Nizam of Sumer & Akkad,bronze_and_iron_age,Ancient Egypt,North Africa / Nile,-1162,-1128,Military,stabilizer,EVT-BRO-1395,0.6981,0.5837,0.9138,0.8401,0.5266,0.2878,0.6131,176,0.2238,0.6641,0.4928,0.8182,0.8482,0.7584,false
CHR-BRO-1396,Scribe Vikram of Sumer & Akkad,bronze_and_iron_age,Hittite Empire,Anatolia,-2544,-2509,Cultural,disruptor,EVT-BRO-1396,0.667,0.5809,0.3705,0.3877,0.7151,0.8148,0.8468,10,0.7136,0.7389,0.704,1.2204,1.25,1.25,false
CHR-BRO-1397,Warlord Eleanor of Assyrian Empire,bronze_and_iron_age,Assyrian Empire,Near East,-960,-940,Military,disruptor,EVT-BRO-1397,0.7834,0.5599,0.2421,0.394,0.7633,0.7345,0.884,48,0.6702,0.8236,0.7432,1.2339,1.25,1.25,false
CHR-BRO-1398,Cardinal Gao of Phoenician City-States,bronze_and_iron_age,Western Zhou Dynasty,East Asia,-1964,-1949,Religious,architect,EVT-BRO-1398,0.7914,0.7314,0.7089,0.8647,0.5349,0.2572,0.5642,26,0.1962,0.7005,0.5469,0.8315,0.862,0.7707,false
CHR-BRO-1399,Marshal Richelieu of Babylonia,bronze_and_iron_age,Minoan Civilization,Aegean / Crete,-2616,-2580,Military,wildcard,EVT-BRO-1399,0.526,0.7482,0.4684,0.3884,0.7467,0.4793,0.4426,34,0.5454,0.4926,0.5778,1.0233,1.0745,1.1257,false
CHR-BRO-1400,Merchant Prince Ashoka of Shang Dynasty,bronze_and_iron_age,Shang Dynasty,East Asia,-1053,-1021,Economic,disruptor,EVT-BRO-1400,0.62,0.5152,0.419,0.5142,0.9021,0.7558,0.8795,35,0.6208,0.7238,0.6953,1.2174,1.25,1.25,false
CHR-BRO-1401,Physician Sargon of Ancient Egypt,bronze_and_iron_age,Ancient Egypt,North Africa / Nile,-1492,-1459,Scientific,stabilizer,EVT-BRO-1401,0.8192,0.6459,0.7456,0.8863,0.6961,0.1485,0.658,218,0.1311,0.7547,0.5582,0.8343,0.8648,0.7733,false
CHR-BRO-1402,Chronicler Bradford of Vedic Kingdoms,bronze_and_iron_age,Assyrian Empire,Near East,-942,-937,Cultural,catalyst,EVT-BRO-1402,0.6906,0.7403,0.5497,0.7766,0.7639,0.6986,0.711,33,0.461,0.6988,0.6659,1.1023,1.2072,1.1548,false
CHR-BRO-1403,Vizier Mirabeau of Assyrian Empire,bronze_and_iron_age,Elamite Empire,Ancient Iran,-1060,-1020,Political,wildcard,EVT-BRO-1403,0.5339,0.7607,0.5287,0.3058,0.4772,0.7352,0.4501,43,0.7147,0.5004,0.5788,1.0236,1.0748,1.126,false
CHR-BRO-1404,Alchemist Dara of Hittite Empire,bronze_and_iron_age,Shang Dynasty,East Asia,-1725,-1714,Scientific,stabilizer,EVT-BRO-1404,0.7204,0.6098,0.9221,0.7548,0.4947,0.1397,0.6327,227,0.1924,0.6853,0.4817,0.8155,0.8453,0.7558,false
CHR-BRO-1405,Philosopher Rajaraja of Babylonia,bronze_and_iron_age,Vedic Kingdoms,South Asia,-1466,-1425,Cultural,architect,EVT-BRO-1405,0.871,0.7441,0.7943,0.7554,0.7065,0.4409,0.6802,42,0.3428,0.7947,0.6363,0.8535,0.8848,0.7911,false
CHR-BRO-1406,Polymath Mursili of Shang Dynasty,bronze_and_iron_age,Babylonia,Mesopotamia,-2461,-2420,Scientific,catalyst,EVT-BRO-1406,0.7529,0.6957,0.7469,0.595,0.8366,0.7898,0.8457,24,0.5974,0.79,0.709,1.1158,1.2221,1.169,false
CHR-BRO-1407,Vizier Zhao of Indus Valley (Late),bronze_and_iron_age,Sumer & Akkad,Mesopotamia,-1823,-1809,Political,catalyst,EVT-BRO-1407,0.6717,0.7533,0.7288,0.6712,0.793,0.674,0.9116,39,0.5014,0.7676,0.6813,1.1071,1.2125,1.1598,false
CHR-BRO-1408,Philosopher Zhao of Minoan Civilization,bronze_and_iron_age,Hittite Empire,Anatolia,-1173,-1131,Cultural,disruptor,EVT-BRO-1408,0.9304,0.5187,0.4543,0.3974,0.8846,0.8373,0.9397,43,0.72,0.9341,0.7943,1.25,1.25,1.25,true
CHR-BRO-1409,Warlord Naram-Sin of Hittite Empire,bronze_and_iron_age,Hittite Empire,Anatolia,-2494,-2478,Military,catalyst,EVT-BRO-1409,0.8196,0.8827,0.6636,0.6659,0.8103,0.7117,0.7157,25,0.5229,0.778,0.7233,1.1203,1.227,1.1737,false
CHR-BRO-1410,Metallurgist Telepinu of Shang Dynasty,bronze_and_iron_age,Hittite Empire,Anatolia,-1705,-1669,Scientific,catalyst,EVT-BRO-1410,0.5311,0.7403,0.5362,0.6144,0.7809,0.4742,0.7597,42,0.4299,0.6225,0.6117,1.0852,1.1885,1.1369,false
CHR-BRO-1411,General Aurelius of Assyrian Empire,bronze_and_iron_age,Assyrian Empire,Near East,-2805,-2788,Military,disruptor,EVT-BRO-1411,0.726,0.8162,0.335,0.5931,0.7046,0.9337,0.901,10,0.6703,0.796,0.7717,1.2437,1.25,1.25,true
CHR-BRO-1412,Dramatist Godfrey of Babylonia,bronze_and_iron_age,Kingdom of Kush (Kerma/Napata),Nubia,-2297,-2253,Cultural,wildcard,EVT-BRO-1412,0.8717,0.8358,0.2237,0.3776,0.3984,0.2163,0.4275,58,0.4194,0.6941,0.6084,1.0325,1.0841,1.1358,false
CHR-BRO-1413,Syndic Theodosius of Assyrian Empire,bronze_and_iron_age,Kingdom of Kush (Kerma/Napata),Nubia,-1048,-1025,Economic,wildcard,EVT-BRO-1413,0.5766,0.8369,0.3398,0.3687,0.2512,0.6094,0.7107,19,0.6203,0.6303,0.603,1.0309,1.0824,1.134,false
CHR-BRO-1414,Mint Overseer Samudra of Sumer & Akkad,bronze_and_iron_age,Kingdom of Kush (Kerma/Napata),Nubia,-2433,-2396,Economic,disruptor,EVT-BRO-1414,0.8643,0.6539,0.4113,0.4478,0.9268,0.7267,0.8961,48,0.6395,0.877,0.7831,1.2477,1.25,1.25,true
CHR-BRO-1415,Minister Seneb of Vedic Kingdoms,bronze_and_iron_age,Shang Dynasty,East Asia,-1334,-1297,Political,catalyst,EVT-BRO-1415,0.5927,0.6651,0.5569,0.7317,0.7855,0.4734,0.7705,22,0.3708,0.6638,0.6101,1.0847,1.188,1.1363,false
CHR-BRO-1416,Astronomer Khaldun of Phoenician City-States,bronze_and_iron_age,Western Zhou Dynasty,East Asia,-2853,-2825,Scientific,architect,EVT-BRO-1416,0.7533,0.8042,0.8917,0.8758,0.7649,0.4157,0.7223,61,0.2699,0.7409,0.6114,0.8474,0.8784,0.7854,false
CHR-BRO-1417,Governor Suppiluliuma of Phoenician City-States,bronze_and_iron_age,Elamite Empire,Ancient Iran,-2170,-2156,Political,architect,EVT-BRO-1417,0.6659,0.7815,0.7251,0.7924,0.5494,0.2152,0.6446,33,0.2114,0.6574,0.533,0.8281,0.8584,0.7675,false
CHR-BRO-1418,Alchemist Colbert of Kingdom of Kush (Kerma/Napata),bronze_and_iron_age,Minoan Civilization,Aegean / Crete,-971,-952,Scientific,wildcard,EVT-BRO-1418,0.527,0.523,0.6259,0.7503,0.282,0.1723,0.4371,71,0.211,0.4911,0.3938,0.9681,1.0165,1.065,false
CHR-BRO-1419,Dramatist Kautilya of Shang Dynasty,bronze_and_iron_age,Western Zhou Dynasty,East Asia,-1024,-994,Cultural,catalyst,EVT-BRO-1419,0.5409,0.8562,0.5188,0.6366,0.748,0.6483,0.778,17,0.5058,0.6357,0.6561,1.0992,1.2039,1.1515,false
CHR-BRO-1420,High Priest Samsi-Adad of Indus Valley (Late),bronze_and_iron_age,Ancient Egypt,North Africa / Nile,-2313,-2299,Religious,catalyst,EVT-BRO-1420,0.6203,0.7341,0.6366,0.6117,0.9451,0.6546,0.7725,60,0.5215,0.6811,0.6768,1.1057,1.211,1.1583,false
CHR-BRO-1421,Philosopher Vikram of Elamite Empire,bronze_and_iron_age,Kingdom of Kush (Kerma/Napata),Nubia,-1188,-1157,Cultural,stabilizer,EVT-BRO-1421,0.7264,0.7831,0.8299,0.6816,0.5289,0.3176,0.5967,62,0.318,0.6745,0.5485,0.8319,0.8624,0.7711,false
CHR-BRO-1422,Hierophant Madison of Indus Valley (Late),bronze_and_iron_age,Shang Dynasty,East Asia,-2220,-2212,Religious,disruptor,EVT-BRO-1422,0.7164,0.5572,0.3985,0.4912,0.9161,0.6945,0.848,28,0.6016,0.7691,0.7171,1.2249,1.25,1.25,false
CHR-BRO-1423,Centurion Ashoka of Kingdom of Kush (Kerma/Napata),bronze_and_iron_age,Sumer & Akkad,Mesopotamia,-2631,-2586,Military,disruptor,EVT-BRO-1423,0.9241,0.5697,0.4523,0.5837,0.8958,0.7275,0.9415,17,0.5719,0.931,0.7768,1.2455,1.25,1.25,true
CHR-BRO-1424,Commander Harun of Babylonia,bronze_and_iron_age,Sumer & Akkad,Mesopotamia,-1861,-1827,Military,wildcard,EVT-BRO-1424,0.5436,0.827,0.5476,0.4865,0.8308,0.2241,0.8672,12,0.3688,0.6731,0.6192,1.0358,1.0875,1.1393,false
CHR-BRO-1425,Legate Constantine of Hittite Empire,bronze_and_iron_age,Kingdom of Kush (Kerma/Napata),Nubia,-2002,-1994,Military,wildcard,EVT-BRO-1425,0.6402,0.4123,0.4933,0.4281,0.4444,0.6962,0.5891,7,0.634,0.6197,0.5606,1.0182,1.0691,1.12,false
CHR-BRO-1426,Arch-Engineer Sherman of Indus Valley (Late),bronze_and_iron_age,Hittite Empire,Anatolia,-1365,-1326,Scientific,architect,EVT-BRO-1426,0.9147,0.6706,0.7519,0.7203,0.5879,0.3436,0.7184,146,0.3117,0.8362,0.6155,0.8484,0.8795,0.7863,false
CHR-BRO-1427,Arch-Engineer Labarna of Shang Dynasty,bronze_and_iron_age,Sumer & Akkad,Mesopotamia,-1769,-1750,Scientific,wildcard,EVT-BRO-1427,0.8929,0.7426,0.1681,0.5116,0.7036,0.2942,0.6067,31,0.3913,0.7784,0.6829,1.0549,1.1076,1.1604,false
CHR-BRO-1428,Master Sculptor Kautilya of Vedic Kingdoms,bronze_and_iron_age,Kingdom of Kush (Kerma/Napata),Nubia,-2112,-2106,Cultural,disruptor,EVT-BRO-1428,0.8559,0.5496,0.4858,0.4691,0.8847,0.8189,0.8816,43,0.6749,0.8662,0.7622,1.2404,1.25,1.25,true
CHR-BRO-1429,Geometer Zhang of Minoan Civilization,bronze_and_iron_age,Phoenician City-States,Levant,-1082,-1075,Scientific,architect,EVT-BRO-1429,0.866,0.8163,0.6899,0.7276,0.6365,0.2023,0.6383,126,0.2373,0.7749,0.6051,0.8459,0.8768,0.784,false
CHR-BRO-1430,High Priest Imhotep of Assyrian Empire,bronze_and_iron_age,Kingdom of Kush (Kerma/Napata),Nubia,-2162,-2125,Religious,stabilizer,EVT-BRO-1430,0.6979,0.6057,0.7962,0.8529,0.6794,0.2709,0.4302,73,0.209,0.5908,0.5001,0.82,0.85,0.76,false
CHR-BRO-1431,Treasurer Narmer of Mycenaean Greece,bronze_and_iron_age,Phoenician City-States,Levant,-2624,-2603,Economic,catalyst,EVT-BRO-1431,0.7749,0.7026,0.5106,0.6073,0.9157,0.703,0.7891,36,0.5478,0.7806,0.7289,1.1221,1.229,1.1755,false
CHR-BRO-1432,Customs Director Hattusili of Kingdom of Kush (Kerma/Napata),bronze_and_iron_age,Indus Valley (Late),South Asia,-822,-800,Economic,stabilizer,EVT-BRO-1432,0.7344,0.7026,0.8021,0.7823,0.5377,0.1962,0.6537,206,0.207,0.7021,0.5278,0.8268,0.8571,0.7663,false
CHR-BRO-1433,Minister Lafayette of Phoenician City-States,bronze_and_iron_age,Indus Valley (Late),South Asia,-1186,-1164,Political,stabilizer,EVT-BRO-1433,0.7629,0.7186,0.8938,0.6977,0.4575,0.1671,0.61,48,0.2347,0.7017,0.5094,0.8223,0.8524,0.7622,false
CHR-BRO-1434,Minister Saladin of Phoenician City-States,bronze_and_iron_age,Vedic Kingdoms,South Asia,-939,-923,Political,catalyst,EVT-BRO-1434,0.5609,0.9026,0.5592,0.55,0.8045,0.7299,0.9397,30,0.5899,0.7124,0.7133,1.1172,1.2236,1.1704,false
CHR-BRO-1435,Vizier Mentuhotep of Vedic Kingdoms,bronze_and_iron_age,Sumer & Akkad,Mesopotamia,-1953,-1945,Political,wildcard,EVT-BRO-1435,0.5738,0.5253,0.6306,0.7703,0.2111,0.4105,0.7107,59,0.3201,0.6286,0.4705,0.9912,1.0407,1.0903,false
CHR-BRO-1436,Centurion Justinian of Hittite Empire,bronze_and_iron_age,Ancient Egypt,North Africa / Nile,-2035,-2012,Military,disruptor,EVT-BRO-1436,0.9232,0.6208,0.332,0.3339,0.731,0.6613,0.785,38,0.6637,0.8679,0.7506,1.2365,1.25,1.25,true
CHR-BRO-1437,Customs Director Song of Minoan Civilization,bronze_and_iron_age,Mycenaean Greece,Aegean,-2214,-2200,Economic,stabilizer,EVT-BRO-1437,0.7258,0.7694,0.9245,0.7529,0.6083,0.312,0.4271,162,0.2795,0.6063,0.5189,0.8246,0.8548,0.7643,false
CHR-BRO-1438,Hierophant Ibn-Sina of Indus Valley (Late),bronze_and_iron_age,Indus Valley (Late),South Asia,-2597,-2552,Religious,stabilizer,EVT-BRO-1438,0.8448,0.6753,0.7892,0.7644,0.6014,0.3011,0.5565,95,0.2684,0.7295,0.5642,0.8358,0.8664,0.7746,false
CHR-BRO-1439,Chronicler Seneb of Kingdom of Kush (Kerma/Napata),bronze_and_iron_age,Hittite Empire,Anatolia,-2797,-2768,Cultural,disruptor,EVT-BRO-1439,0.7761,0.649,0.3837,0.5957,0.8319,0.9403,0.7775,39,0.6723,0.7767,0.7557,1.2382,1.25,1.25,true
CHR-BRO-1440,Guild Master Mursili of Sumer & Akkad,bronze_and_iron_age,Phoenician City-States,Levant,-2362,-2324,Economic,catalyst,EVT-BRO-1440,0.5481,0.8069,0.6211,0.7702,0.8639,0.6451,0.8571,46,0.4374,0.6717,0.6624,1.1011,1.206,1.1536,false
CHR-BRO-1441,Polymath Baldwin of Babylonia,bronze_and_iron_age,Mycenaean Greece,Aegean,-1206,-1168,Scientific,disruptor,EVT-BRO-1441,0.6224,0.7381,0.4673,0.3912,0.7444,0.9234,0.7362,45,0.7661,0.6679,0.7106,1.2227,1.25,1.25,false
CHR-BRO-1442,Chamberlain Samsi-Adad of Shang Dynasty,bronze_and_iron_age,Shang Dynasty,East Asia,-2319,-2283,Economic,wildcard,EVT-BRO-1442,0.7988,0.4897,0.3794,0.7018,0.7363,0.5844,0.5506,9,0.4413,0.6995,0.6308,1.0392,1.0912,1.1432,false
CHR-BRO-1443,Treasurer Otto of Western Zhou Dynasty,bronze_and_iron_age,Vedic Kingdoms,South Asia,-3056,-3036,Economic,catalyst,EVT-BRO-1443,0.7008,0.8775,0.6055,0.6342,0.9242,0.6505,0.8322,18,0.5081,0.7534,0.7256,1.1211,1.2278,1.1744,false
CHR-BRO-1444,Polymath Marshall of Mycenaean Greece,bronze_and_iron_age,Minoan Civilization,Aegean / Crete,-2419,-2392,Scientific,catalyst,EVT-BRO-1444,0.7773,0.8671,0.647,0.604,0.8749,0.4558,0.747,58,0.4259,0.7652,0.6911,1.1102,1.2159,1.1631,false
CHR-BRO-1445,Treasurer Nizam of Assyrian Empire,bronze_and_iron_age,Western Zhou Dynasty,East Asia,-1492,-1457,Economic,architect,EVT-BRO-1445,0.6977,0.7764,0.7086,0.7705,0.7218,0.3483,0.7154,156,0.2889,0.7048,0.5993,0.8444,0.8753,0.7826,false
CHR-BRO-1446,Philosopher Gao of Kingdom of Kush (Kerma/Napata),bronze_and_iron_age,Western Zhou Dynasty,East Asia,-1578,-1543,Cultural,wildcard,EVT-BRO-1446,0.8399,0.7904,0.1511,0.5045,0.5042,0.5349,0.894,15,0.5152,0.8615,0.7282,1.0684,1.1219,1.1753,false
CHR-BRO-1447,Merchant Prince Chandra of Vedic Kingdoms,bronze_and_iron_age,Western Zhou Dynasty,East Asia,-2344,-2333,Economic,wildcard,EVT-BRO-1447,0.5362,0.4874,0.6784,0.3522,0.7539,0.5006,0.465,64,0.5742,0.5077,0.5296,1.0089,1.0593,1.1098,false
CHR-BRO-1448,Master Sculptor Mentuhotep of Elamite Empire,bronze_and_iron_age,Vedic Kingdoms,South Asia,-2248,-2207,Cultural,catalyst,EVT-BRO-1448,0.7998,0.8523,0.6692,0.5844,0.797,0.7269,0.7676,13,0.5713,0.7869,0.7254,1.121,1.2278,1.1744,false
CHR-BRO-1449,Rhetorician Imhotep of Shang Dynasty,bronze_and_iron_age,Mycenaean Greece,Aegean,-1257,-1218,Cultural,architect,EVT-BRO-1449,0.6646,0.747,0.8306,0.806,0.7401,0.2903,0.8018,96,0.2422,0.7195,0.5797,0.8396,0.8703,0.7782,false
CHR-BRO-1450,Synod Envoy Otto of Mycenaean Greece,bronze_and_iron_age,Minoan Civilization,Aegean / Crete,-1273,-1254,Religious,wildcard,EVT-BRO-1450,0.7583,0.433,0.6647,0.6779,0.3474,0.2035,0.7161,19,0.2628,0.7414,0.4942,0.9983,1.0482,1.0981,false
CHR-BRO-1451,Syndic Aurelius of Shang Dynasty,bronze_and_iron_age,Minoan Civilization,Aegean / Crete,-1989,-1950,Economic,disruptor,EVT-BRO-1451,0.6838,0.7256,0.2507,0.472,0.8064,0.7447,0.9126,15,0.6363,0.7754,0.7507,1.2365,1.25,1.25,true
CHR-BRO-1452,Senator Samudra of Phoenician City-States,bronze_and_iron_age,Western Zhou Dynasty,East Asia,-1320,-1300,Political,wildcard,EVT-BRO-1452,0.6376,0.5511,0.2112,0.3351,0.8022,0.5052,0.6749,57,0.585,0.6525,0.6515,1.0455,1.0977,1.15,false
CHR-BRO-1453,Treasurer Godfrey of Minoan Civilization,bronze_and_iron_age,Indus Valley (Late),South Asia,-2687,-2676,Economic,wildcard,EVT-BRO-1453,0.4619,0.5564,0.5233,0.6723,0.202,0.8192,0.6384,13,0.5735,0.5325,0.5119,1.0036,1.0538,1.1039,false
CHR-BRO-1454,Physician Aurelius of Phoenician City-States,bronze_and_iron_age,Western Zhou Dynasty,East Asia,-1732,-1721,Scientific,wildcard,EVT-BRO-1454,0.4236,0.4725,0.6808,0.4116,0.2284,0.8159,0.6483,13,0.7021,0.5135,0.492,0.9976,1.0475,1.0974,false
CHR-BRO-1455,Warlord Puduhepa of Minoan Civilization,bronze_and_iron_age,Kingdom of Kush (Kerma/Napata),Nubia,-2748,-2717,Military,disruptor,EVT-BRO-1455,0.8033,0.5437,0.2316,0.3856,0.9158,0.8991,0.8745,33,0.7567,0.8318,0.7933,1.25,1.25,1.25,true
CHR-BRO-1456,Rhetorician Rajaraja of Elamite Empire,bronze_and_iron_age,Elamite Empire,Ancient Iran,-819,-800,Cultural,architect,EVT-BRO-1456,0.8783,0.8793,0.7527,0.752,0.5046,0.1911,0.7898,51,0.2195,0.8429,0.6114,0.8474,0.8784,0.7854,false
CHR-BRO-1457,Strategos Rimush of Minoan Civilization,bronze_and_iron_age,Ancient Egypt,North Africa / Nile,-2822,-2815,Military,stabilizer,EVT-BRO-1457,0.5968,0.6978,0.7892,0.8062,0.4772,0.1669,0.6649,136,0.1804,0.624,0.481,0.8153,0.8452,0.7557,false
CHR-BRO-1458,Treasurer Hathor of Western Zhou Dynasty,bronze_and_iron_age,Sumer & Akkad,Mesopotamia,-2712,-2704,Economic,wildcard,EVT-BRO-1458,0.8306,0.5892,0.3102,0.2453,0.2722,0.2726,0.4468,10,0.5137,0.6771,0.5515,1.0154,1.0662,1.117,false
CHR-BRO-1459,Archon Saladin of Phoenician City-States,bronze_and_iron_age,Assyrian Empire,Near East,-2521,-2516,Political,catalyst,EVT-BRO-1459,0.6913,0.6874,0.6595,0.7639,0.8741,0.488,0.9349,54,0.362,0.7887,0.6663,1.1024,1.2074,1.1549,false
CHR-BRO-1460,Minister Mentuhotep of Elamite Empire,bronze_and_iron_age,Mycenaean Greece,Aegean,-1361,-1355,Political,wildcard,EVT-BRO-1460,0.7314,0.3607,0.2852,0.3249,0.4743,0.5126,0.6173,41,0.5939,0.6858,0.5828,1.0248,1.0761,1.1273,false
CHR-BRO-1461,Guild Master Friedrich of Hittite Empire,bronze_and_iron_age,Elamite Empire,Ancient Iran,-2707,-2700,Economic,wildcard,EVT-BRO-1461,0.7979,0.6543,0.38,0.4565,0.3983,0.3886,0.5453,27,0.466,0.6969,0.5866,1.026,1.0773,1.1286,false
CHR-BRO-1462,Marshal Enheduanna of Vedic Kingdoms,bronze_and_iron_age,Assyrian Empire,Near East,-1111,-1095,Military,architect,EVT-BRO-1462,0.7573,0.7334,0.7767,0.7252,0.744,0.4498,0.6003,105,0.3623,0.6945,0.6045,0.8457,0.8767,0.7838,false
CHR-BRO-1463,Master Sculptor Constantine of Assyrian Empire,bronze_and_iron_age,Western Zhou Dynasty,East Asia,-921,-890,Cultural,wildcard,EVT-BRO-1463,0.8211,0.5294,0.2728,0.4197,0.5903,0.4745,0.5915,64,0.5274,0.7293,0.6349,1.0405,1.0925,1.1445,false
CHR-BRO-1464,General Hammurabi of Assyrian Empire,bronze_and_iron_age,Kingdom of Kush (Kerma/Napata),Nubia,-2987,-2963,Military,wildcard,EVT-BRO-1464,0.7953,0.4544,0.6579,0.4486,0.3368,0.3701,0.6883,33,0.4608,0.7525,0.538,1.0114,1.062,1.1126,false
CHR-BRO-1465,Treasurer Theodosius of Assyrian Empire,bronze_and_iron_age,Minoan Civilization,Aegean / Crete,-2811,-2805,Economic,wildcard,EVT-BRO-1465,0.6508,0.4811,0.5707,0.3118,0.8313,0.7136,0.7552,60,0.7009,0.6926,0.6572,1.0472,1.0995,1.1519,false
CHR-BRO-1466,Commander Gao of Phoenician City-States,bronze_and_iron_age,Minoan Civilization,Aegean / Crete,-2402,-2394,Military,architect,EVT-BRO-1466,0.6893,0.6279,0.6991,0.8911,0.5048,0.4296,0.7625,32,0.2693,0.7186,0.5566,0.8339,0.8644,0.7729,false
CHR-BRO-1467,Viceroy Talleyrand of Minoan Civilization,bronze_and_iron_age,Shang Dynasty,East Asia,-1562,-1538,Political,catalyst,EVT-BRO-1467,0.5372,0.8412,0.4844,0.6579,0.8718,0.6107,0.8634,56,0.4764,0.6677,0.681,1.107,1.2125,1.1597,false
CHR-BRO-1468,Arch-Engineer Imhotep of Phoenician City-States,bronze_and_iron_age,Vedic Kingdoms,South Asia,-2882,-2854,Scientific,stabilizer,EVT-BRO-1468,0.6728,0.6863,0.8307,0.7634,0.6248,0.1329,0.6665,158,0.1847,0.6703,0.5135,0.8233,0.8535,0.7631,false
CHR-BRO-1469,Governor Baldwin of Mycenaean Greece,bronze_and_iron_age,Mycenaean Greece,Aegean,-3035,-3030,Political,stabilizer,EVT-BRO-1469,0.7437,0.7001,0.8058,0.8861,0.6343,0.1856,0.5836,91,0.1498,0.6797,0.5266,0.8265,0.8568,0.7661,false
CHR-BRO-1470,Physician Samudra of Babylonia,bronze_and_iron_age,Hittite Empire,Anatolia,-2341,-2329,Scientific,stabilizer,EVT-BRO-1470,0.808,0.6645,0.7514,0.8974,0.5727,0.2814,0.4444,163,0.192,0.6626,0.5264,0.8265,0.8567,0.766,false
CHR-BRO-1471,Scribe Vikram of Kingdom of Kush (Kerma/Napata),bronze_and_iron_age,Elamite Empire,Ancient Iran,-2915,-2882,Cultural,architect,EVT-BRO-1471,0.7772,0.7006,0.7185,0.7993,0.5287,0.4254,0.8061,91,0.3131,0.7888,0.6016,0.845,0.8759,0.7832,false
CHR-BRO-1472,Mint Overseer Imhotep of Phoenician City-States,bronze_and_iron_age,Elamite Empire,Ancient Iran,-2232,-2223,Economic,wildcard,EVT-BRO-1472,0.7429,0.4828,0.6032,0.7266,0.496,0.5836,0.624,11,0.4285,0.6954,0.567,1.0201,1.0711,1.1221,false
CHR-BRO-1473,Merchant Prince Dara of Shang Dynasty,bronze_and_iron_age,Elamite Empire,Ancient Iran,-2706,-2687,Economic,architect,EVT-BRO-1473,0.8625,0.8578,0.8607,0.7034,0.6353,0.3744,0.7732,69,0.3355,0.8268,0.6405,0.8546,0.8858,0.792,false
CHR-BRO-1474,Astronomer Zhao of Mycenaean Greece,bronze_and_iron_age,Ancient Egypt,North Africa / Nile,-2971,-2950,Scientific,stabilizer,EVT-BRO-1474,0.7106,0.778,0.8945,0.7618,0.5711,0.1964,0.6278,116,0.2173,0.6775,0.5261,0.8264,0.8567,0.766,false
CHR-BRO-1475,Dramatist Eleanor of Assyrian Empire,bronze_and_iron_age,Shang Dynasty,East Asia,-2879,-2843,Cultural,architect,EVT-BRO-1475,0.7064,0.8059,0.7643,0.8702,0.6215,0.4164,0.6878,49,0.2731,0.699,0.5864,0.8413,0.872,0.7797,false
CHR-BRO-1476,Treasurer Mursili of Minoan Civilization,bronze_and_iron_age,Babylonia,Mesopotamia,-1651,-1644,Economic,wildcard,EVT-BRO-1476,0.6159,0.778,0.3973,0.7603,0.3929,0.241,0.5014,20,0.2403,0.5701,0.5132,1.004,1.0542,1.1044,false
CHR-BRO-1477,Philosopher Hammurabi of Hittite Empire,bronze_and_iron_age,Indus Valley (Late),South Asia,-2868,-2839,Cultural,disruptor,EVT-BRO-1477,0.9395,0.7698,0.3978,0.3233,0.7847,0.7393,0.7616,37,0.708,0.8683,0.7872,1.2491,1.25,1.25,true
CHR-BRO-1478,Consul Dara of Babylonia,bronze_and_iron_age,Indus Valley (Late),South Asia,-1189,-1146,Political,stabilizer,EVT-BRO-1478,0.6616,0.568,0.8238,0.7172,0.5601,0.1354,0.5442,196,0.2091,0.6147,0.4683,0.8122,0.8419,0.7528,false
CHR-BRO-1479,Viceroy Harsha of Western Zhou Dynasty,bronze_and_iron_age,Phoenician City-States,Levant,-1069,-1048,Political,architect,EVT-BRO-1479,0.8879,0.7426,0.897,0.7328,0.6145,0.3619,0.8044,38,0.3145,0.8545,0.6241,0.8505,0.8817,0.7883,false
CHR-BRO-1480,Poet Laureate Marshall of Elamite Empire,bronze_and_iron_age,Assyrian Empire,Near East,-1181,-1147,Cultural,catalyst,EVT-BRO-1480,0.6425,0.6638,0.61,0.7391,0.7868,0.7873,0.8449,38,0.5241,0.7235,0.6751,1.1052,1.2104,1.1578,false
CHR-BRO-1481,Governor Ramesses of Vedic Kingdoms,bronze_and_iron_age,Mycenaean Greece,Aegean,-1704,-1675,Political,disruptor,EVT-BRO-1481,0.7162,0.8321,0.4086,0.5697,0.871,0.787,0.9351,36,0.6086,0.8038,0.7735,1.2444,1.25,1.25,true
CHR-BRO-1482,Geometer Hammurabi of Ancient Egypt,bronze_and_iron_age,Elamite Empire,Ancient Iran,-2470,-2461,Scientific,wildcard,EVT-BRO-1482,0.7948,0.7494,0.6678,0.6677,0.2333,0.4345,0.5377,34,0.3834,0.692,0.5418,1.0125,1.0632,1.1138,false
CHR-BRO-1483,Metallurgist Wilhelm of Phoenician City-States,bronze_and_iron_age,Western Zhou Dynasty,East Asia,-1099,-1074,Scientific,architect,EVT-BRO-1483,0.7283,0.769,0.7859,0.8186,0.5089,0.4137,0.5686,94,0.2976,0.6644,0.5516,0.8327,0.8632,0.7718,false
CHR-BRO-1484,Guild Master Belisarius of Ancient Egypt,bronze_and_iron_age,Western Zhou Dynasty,East Asia,-2579,-2550,Economic,stabilizer,EVT-BRO-1484,0.8071,0.7592,0.8143,0.6948,0.6386,0.2918,0.481,200,0.2985,0.6767,0.5612,0.8351,0.8656,0.774,false
CHR-BRO-1485,Legate Leonidas of Babylonia,bronze_and_iron_age,Kingdom of Kush (Kerma/Napata),Nubia,-1401,-1381,Military,catalyst,EVT-BRO-1485,0.5961,0.7858,0.4635,0.6288,0.7542,0.7599,0.807,39,0.5655,0.6804,0.6873,1.109,1.2146,1.1618,false
CHR-BRO-1486,High Priest Solon of Elamite Empire,bronze_and_iron_age,Ancient Egypt,North Africa / Nile,-2567,-2538,Religious,catalyst,EVT-BRO-1486,0.7192,0.7046,0.7206,0.7461,0.7797,0.4857,0.7858,27,0.3698,0.7458,0.6338,1.0921,1.1962,1.1442,false
CHR-BRO-1487,Dramatist Heinrich of Kingdom of Kush (Kerma/Napata),bronze_and_iron_age,Assyrian Empire,Near East,-1439,-1422,Cultural,wildcard,EVT-BRO-1487,0.6434,0.4457,0.5193,0.2932,0.5628,0.336,0.8829,52,0.5214,0.7392,0.5784,1.0235,1.0747,1.1259,false
CHR-BRO-1488,Syndic Hathor of Phoenician City-States,bronze_and_iron_age,Ancient Egypt,North Africa / Nile,-2458,-2436,Economic,disruptor,EVT-BRO-1488,0.9442,0.6567,0.4104,0.4663,0.7638,0.7566,0.7551,8,0.6451,0.8685,0.7615,1.2402,1.25,1.25,true
CHR-BRO-1489,Warlord Sherman of Assyrian Empire,bronze_and_iron_age,Vedic Kingdoms,South Asia,-1287,-1270,Military,stabilizer,EVT-BRO-1489,0.7288,0.7326,0.7572,0.7031,0.6031,0.2402,0.546,220,0.2685,0.6557,0.5396,0.8297,0.8601,0.769,false
CHR-BRO-1490,Syndic Wilhelm of Western Zhou Dynasty,bronze_and_iron_age,Mycenaean Greece,Aegean,-1239,-1224,Economic,architect,EVT-BRO-1490,0.9139,0.7799,0.8501,0.7633,0.572,0.2218,0.6239,106,0.2292,0.7979,0.5849,0.8409,0.8717,0.7794,false
CHR-BRO-1491,Abbess Vikram of Ancient Egypt,bronze_and_iron_age,Kingdom of Kush (Kerma/Napata),Nubia,-2274,-2260,Religious,architect,EVT-BRO-1491,0.8588,0.7948,0.7648,0.8012,0.6379,0.433,0.8086,115,0.3159,0.8388,0.6493,0.8567,0.8881,0.794,false
CHR-BRO-1492,Dramatist Saladin of Elamite Empire,bronze_and_iron_age,Western Zhou Dynasty,East Asia,-1433,-1420,Cultural,stabilizer,EVT-BRO-1492,0.7113,0.6425,0.7265,0.8944,0.6026,0.3304,0.4875,158,0.218,0.6218,0.5199,0.8249,0.8551,0.7645,false
CHR-BRO-1493,Imam Richelieu of Indus Valley (Late),bronze_and_iron_age,Assyrian Empire,Near East,-2404,-2362,Religious,architect,EVT-BRO-1493,0.6531,0.6502,0.8223,0.8386,0.5576,0.3302,0.5699,113,0.2458,0.6198,0.5053,0.8213,0.8514,0.7612,false
CHR-BRO-1494,Imam Samudra of Kingdom of Kush (Kerma/Napata),bronze_and_iron_age,Babylonia,Mesopotamia,-2241,-2226,Religious,catalyst,EVT-BRO-1494,0.7901,0.8472,0.7232,0.6038,0.832,0.7353,0.8889,37,0.5658,0.8296,0.7405,1.1258,1.233,1.1794,false
CHR-BRO-1495,Commander Tariq of Assyrian Empire,bronze_and_iron_age,Elamite Empire,Ancient Iran,-933,-888,Military,catalyst,EVT-BRO-1495,0.7246,0.863,0.4616,0.588,0.8556,0.5176,0.8489,15,0.4648,0.7743,0.7184,1.1188,1.2253,1.1721,false
CHR-BRO-1496,Geometer Zhang of Sumer & Akkad,bronze_and_iron_age,Elamite Empire,Ancient Iran,-1831,-1816,Scientific,architect,EVT-BRO-1496,0.7077,0.6949,0.8129,0.9059,0.7486,0.3964,0.5975,175,0.2453,0.6637,0.5659,0.8362,0.8668,0.775,false
CHR-BRO-1497,Centurion Labarna of Mycenaean Greece,bronze_and_iron_age,Elamite Empire,Ancient Iran,-2937,-2930,Military,stabilizer,EVT-BRO-1497,0.8117,0.7118,0.7969,0.8462,0.527,0.2179,0.4848,175,0.1858,0.681,0.5222,0.8254,0.8556,0.7651,false
CHR-BRO-1498,Master Sculptor Heinrich of Assyrian Empire,bronze_and_iron_age,Indus Valley (Late),South Asia,-1903,-1860,Cultural,disruptor,EVT-BRO-1498,0.9365,0.6141,0.5199,0.3501,0.8603,0.8254,0.9385,47,0.7377,0.9373,0.8004,1.25,1.25,1.25,true
CHR-BRO-1499,Polymath Kheti of Vedic Kingdoms,bronze_and_iron_age,Western Zhou Dynasty,East Asia,-1029,-1003,Scientific,architect,EVT-BRO-1499,0.6698,0.7103,0.6958,0.7511,0.7392,0.3413,0.7603,85,0.2951,0.706,0.593,0.8429,0.8737,0.7812,false
CHR-BRO-1500,Viceroy Belisarius of Indus Valley (Late),bronze_and_iron_age,Sumer & Akkad,Mesopotamia,-838,-833,Political,stabilizer,EVT-BRO-1500,0.6558,0.6348,0.872,0.8673,0.5511,0.2676,0.5048,230,0.2001,0.5954,0.4771,0.8144,0.8442,0.7548,false
CHR-BRO-1501,High Priest Kheti of Sumer & Akkad,bronze_and_iron_age,Ancient Egypt,North Africa / Nile,-2786,-2750,Religious,wildcard,EVT-BRO-1501,0.6589,0.4413,0.3901,0.5405,0.5571,0.7229,0.7296,43,0.5912,0.6872,0.6163,1.0349,1.0866,1.1384,false
CHR-BRO-1502,Arch-Engineer Valdemar of Mycenaean Greece,bronze_and_iron_age,Vedic Kingdoms,South Asia,-2838,-2794,Scientific,wildcard,EVT-BRO-1502,0.8406,0.62,0.7347,0.5052,0.6304,0.3,0.8529,55,0.3974,0.8455,0.6219,1.0366,1.0884,1.1402,false
CHR-BRO-1503,Metallurgist Harsha of Ancient Egypt,bronze_and_iron_age,Sumer & Akkad,Mesopotamia,-1034,-1028,Scientific,disruptor,EVT-BRO-1503,0.9291,0.7393,0.2744,0.6083,0.8355,0.939,0.842,6,0.6654,0.8942,0.8278,1.25,1.25,1.25,true
CHR-BRO-1504,Admiral Samudra of Minoan Civilization,bronze_and_iron_age,Mycenaean Greece,Aegean,-1925,-1909,Military,wildcard,EVT-BRO-1504,0.4254,0.6533,0.6598,0.4974,0.6731,0.3675,0.7976,44,0.4351,0.5743,0.5392,1.0118,1.0624,1.1129,false
CHR-BRO-1505,Commander Belisarius of Phoenician City-States,bronze_and_iron_age,Phoenician City-States,Levant,-1279,-1257,Military,architect,EVT-BRO-1505,0.8302,0.6232,0.7174,0.7888,0.7267,0.3618,0.7776,160,0.2865,0.8091,0.6198,0.8495,0.8805,0.7873,false
CHR-BRO-1506,Polymath Eleanor of Vedic Kingdoms,bronze_and_iron_age,Hittite Empire,Anatolia,-2516,-2502,Scientific,wildcard,EVT-BRO-1506,0.7277,0.7162,0.1617,0.4314,0.6825,0.6432,0.5432,8,0.6059,0.6539,0.6819,1.0546,1.1073,1.16,false
CHR-BRO-1507,Governor Richelieu of Vedic Kingdoms,bronze_and_iron_age,Babylonia,Mesopotamia,-1133,-1089,Political,disruptor,EVT-BRO-1507,0.8114,0.5285,0.3656,0.5019,0.7393,0.7564,0.7521,35,0.6273,0.7877,0.7076,1.2216,1.25,1.25,false
CHR-BRO-1508,Chamberlain Theodosius of Shang Dynasty,bronze_and_iron_age,Elamite Empire,Ancient Iran,-1134,-1128,Economic,catalyst,EVT-BRO-1508,0.5444,0.8192,0.7169,0.7554,0.8753,0.7773,0.8383,20,0.511,0.6619,0.6732,1.1045,1.2097,1.1571,false
CHR-BRO-1509,Geometer Sherman of Phoenician City-States,bronze_and_iron_age,Western Zhou Dynasty,East Asia,-1744,-1717,Scientific,catalyst,EVT-BRO-1509,0.5746,0.892,0.5345,0.7456,0.7703,0.5128,0.8929,32,0.3836,0.702,0.6631,1.1014,1.2063,1.1538,false
CHR-BRO-1510,Treasurer Kautilya of Mycenaean Greece,bronze_and_iron_age,Western Zhou Dynasty,East Asia,-2410,-2372,Economic,architect,EVT-BRO-1510,0.7912,0.7438,0.8053,0.8918,0.5907,0.2628,0.77,72,0.1855,0.7827,0.5778,0.8391,0.8698,0.7777,false
CHR-BRO-1511,Poet Laureate Tariq of Elamite Empire,bronze_and_iron_age,Babylonia,Mesopotamia,-939,-894,Cultural,stabilizer,EVT-BRO-1511,0.7464,0.6149,0.7582,0.8948,0.5638,0.1395,0.4645,112,0.1223,0.6336,0.4834,0.8159,0.8458,0.7562,false
CHR-BRO-1512,Centurion Wu of Indus Valley (Late),bronze_and_iron_age,Indus Valley (Late),South Asia,-3080,-3052,Military,stabilizer,EVT-BRO-1512,0.6903,0.5836,0.9116,0.7499,0.5286,0.3248,0.4295,86,0.2875,0.586,0.4739,0.8136,0.8433,0.754,false
CHR-BRO-1513,Abbess Ibn-Sina of Sumer & Akkad,bronze_and_iron_age,Minoan Civilization,Aegean / Crete,-2367,-2322,Religious,stabilizer,EVT-BRO-1513,0.686,0.655,0.8535,0.8439,0.4891,0.2981,0.6079,97,0.2271,0.6547,0.5015,0.8204,0.8504,0.7603,false
CHR-BRO-1514,Polymath Li of Sumer & Akkad,bronze_and_iron_age,Sumer & Akkad,Mesopotamia,-1132,-1121,Scientific,architect,EVT-BRO-1514,0.9128,0.8084,0.748,0.7806,0.5279,0.3209,0.686,48,0.2702,0.8221,0.6159,0.8485,0.8795,0.7864,false
CHR-BRO-1515,Chancellor Marshall of Minoan Civilization,bronze_and_iron_age,Vedic Kingdoms,South Asia,-1782,-1774,Political,disruptor,EVT-BRO-1515,0.8727,0.5494,0.4235,0.3569,0.81,0.8651,0.8696,18,0.7541,0.8715,0.7721,1.2439,1.25,1.25,true
CHR-BRO-1516,Rhetorician Gao of Mycenaean Greece,bronze_and_iron_age,Mycenaean Greece,Aegean,-2661,-2641,Cultural,stabilizer,EVT-BRO-1516,0.843,0.5788,0.7425,0.7448,0.6905,0.3047,0.4056,158,0.28,0.6681,0.5462,0.8314,0.8618,0.7705,false
CHR-BRO-1517,Prefect Mirabeau of Indus Valley (Late),bronze_and_iron_age,Ancient Egypt,North Africa / Nile,-3047,-3010,Political,catalyst,EVT-BRO-1517,0.683,0.8397,0.5304,0.59,0.778,0.5014,0.7262,55,0.4557,0.7002,0.665,1.102,1.2069,1.1545,false
CHR-BRO-1518,Cardinal Rajaraja of Vedic Kingdoms,bronze_and_iron_age,Shang Dynasty,East Asia,-1296,-1256,Religious,catalyst,EVT-BRO-1518,0.7386,0.7943,0.5018,0.6693,0.7227,0.4853,0.8479,37,0.408,0.7823,0.6785,1.1062,1.2116,1.1589,false
CHR-BRO-1519,Warlord Averroes of Kingdom of Kush (Kerma/Napata),bronze_and_iron_age,Mycenaean Greece,Aegean,-2131,-2108,Military,wildcard,EVT-BRO-1519,0.472,0.7995,0.6531,0.3012,0.4387,0.1952,0.5942,69,0.447,0.5209,0.4918,0.9975,1.0474,1.0973,false
CHR-BRO-1520,Abbess Bradford of Kingdom of Kush (Kerma/Napata),bronze_and_iron_age,Babylonia,Mesopotamia,-1062,-1049,Religious,wildcard,EVT-BRO-1520,0.5003,0.7523,0.2365,0.5584,0.321,0.534,0.5039,22,0.4878,0.5017,0.5402,1.0121,1.0627,1.1133,false
CHR-BRO-1521,Rhetorician Telepinu of Hittite Empire,bronze_and_iron_age,Mycenaean Greece,Aegean,-825,-808,Cultural,catalyst,EVT-BRO-1521,0.6433,0.6612,0.641,0.6591,0.809,0.5325,0.8449,49,0.4367,0.7239,0.6409,1.0944,1.1986,1.1465,false
CHR-BRO-1522,Abbess Wu of Hittite Empire,bronze_and_iron_age,Elamite Empire,Ancient Iran,-2660,-2621,Religious,catalyst,EVT-BRO-1522,0.7654,0.716,0.5534,0.6025,0.778,0.4656,0.8594,39,0.4315,0.803,0.6787,1.1063,1.2117,1.159,false
CHR-BRO-1523,Governor Richelieu of Ancient Egypt,bronze_and_iron_age,Shang Dynasty,East Asia,-2172,-2147,Political,architect,EVT-BRO-1523,0.6535,0.8676,0.8101,0.8341,0.7077,0.2317,0.7795,30,0.1988,0.7039,0.5786,0.8393,0.8701,0.7779,false
CHR-BRO-1524,Mint Overseer Alexander of Assyrian Empire,bronze_and_iron_age,Elamite Empire,Ancient Iran,-1185,-1176,Economic,stabilizer,EVT-BRO-1524,0.7694,0.7219,0.8972,0.7352,0.651,0.1782,0.6259,146,0.2215,0.712,0.5424,0.8304,0.8608,0.7697,false
CHR-BRO-1525,Dramatist Adams of Vedic Kingdoms,bronze_and_iron_age,Vedic Kingdoms,South Asia,-1317,-1309,Cultural,disruptor,EVT-BRO-1525,0.9316,0.8445,0.3073,0.397,0.8724,0.7187,0.7623,41,0.6609,0.8639,0.812,1.25,1.25,1.25,true
CHR-BRO-1526,General Tariq of Hittite Empire,bronze_and_iron_age,Babylonia,Mesopotamia,-2123,-2110,Military,wildcard,EVT-BRO-1526,0.6319,0.5923,0.3062,0.5869,0.3715,0.5729,0.6054,52,0.493,0.6213,0.5693,1.0208,1.0718,1.1229,false
CHR-BRO-1527,Consul Wu of Elamite Empire,bronze_and_iron_age,Babylonia,Mesopotamia,-1518,-1474,Political,wildcard,EVT-BRO-1527,0.8687,0.8423,0.2723,0.2875,0.4067,0.4377,0.692,43,0.5751,0.798,0.6824,1.0547,1.1074,1.1602,false
CHR-BRO-1528,Admiral Heinrich of Ancient Egypt,bronze_and_iron_age,Elamite Empire,Ancient Iran,-3070,-3054,Military,disruptor,EVT-BRO-1528,0.7195,0.6751,0.2468,0.4949,0.9207,0.7379,0.7691,47,0.6215,0.7393,0.7459,1.2348,1.25,1.25,false
CHR-BRO-1529,Poet Laureate Solon of Sumer & Akkad,bronze_and_iron_age,Hittite Empire,Anatolia,-2708,-2664,Cultural,catalyst,EVT-BRO-1529,0.5791,0.739,0.5208,0.6161,0.8444,0.6479,0.7066,18,0.5159,0.6301,0.6526,1.0981,1.2026,1.1503,false
CHR-BRO-1530,Merchant Prince Alexander of Hittite Empire,bronze_and_iron_age,Sumer & Akkad,Mesopotamia,-2870,-2852,Economic,architect,EVT-BRO-1530,0.6872,0.6323,0.8128,0.7368,0.7069,0.2557,0.7846,118,0.2594,0.7262,0.5606,0.8349,0.8655,0.7738,false
CHR-BRO-1531,Chamberlain Sumner of Hittite Empire,bronze_and_iron_age,Kingdom of Kush (Kerma/Napata),Nubia,-1499,-1463,Economic,stabilizer,EVT-BRO-1531,0.7743,0.777,0.7581,0.8427,0.4753,0.1859,0.5162,188,0.1716,0.671,0.5188,0.8246,0.8548,0.7643,false
CHR-BRO-1532,Synod Envoy Mentuhotep of Kingdom of Kush (Kerma/Napata),bronze_and_iron_age,Indus Valley (Late),South Asia,-1617,-1602,Religious,architect,EVT-BRO-1532,0.7133,0.6636,0.7846,0.9109,0.7072,0.2593,0.5604,73,0.1742,0.6521,0.5329,0.8281,0.8584,0.7675,false
CHR-BRO-1533,Pontiff Adams of Western Zhou Dynasty,bronze_and_iron_age,Kingdom of Kush (Kerma/Napata),Nubia,-2611,-2566,Religious,architect,EVT-BRO-1533,0.8591,0.6349,0.7813,0.8593,0.6596,0.4321,0.714,30,0.2864,0.801,0.6098,0.847,0.878,0.785,false
CHR-BRO-1534,Chancellor Eleanor of Babylonia,bronze_and_iron_age,Minoan Civilization,Aegean / Crete,-2943,-2903,Political,architect,EVT-BRO-1534,0.8096,0.6693,0.748,0.798,0.6736,0.4026,0.6312,51,0.3023,0.7382,0.5942,0.8432,0.874,0.7815,false
CHR-BRO-1535,Synod Envoy Sherman of Phoenician City-States,bronze_and_iron_age,Shang Dynasty,East Asia,-2870,-2861,Religious,stabilizer,EVT-BRO-1535,0.6909,0.7748,0.7742,0.8127,0.5365,0.2653,0.5172,45,0.2263,0.6214,0.5187,0.8246,0.8548,0.7643,false
CHR-BRO-1536,Customs Director Mirabeau of Phoenician City-States,bronze_and_iron_age,Hittite Empire,Anatolia,-2584,-2546,Economic,architect,EVT-BRO-1536,0.8512,0.6291,0.7578,0.7684,0.764,0.2154,0.603,125,0.2235,0.7519,0.5803,0.8398,0.8705,0.7783,false
CHR-BRO-1537,Astronomer Zhang of Kingdom of Kush (Kerma/Napata),bronze_and_iron_age,Hittite Empire,Anatolia,-2640,-2615,Scientific,catalyst,EVT-BRO-1537,0.5656,0.8303,0.5644,0.7523,0.8711,0.5451,0.8479,20,0.3964,0.6785,0.6615,1.1009,1.2057,1.1533,false
CHR-BRO-1538,Patriarch Richelieu of Phoenician City-States,bronze_and_iron_age,Kingdom of Kush (Kerma/Napata),Nubia,-2099,-2066,Religious,stabilizer,EVT-BRO-1538,0.7994,0.6102,0.8435,0.7633,0.4748,0.1746,0.4614,156,0.2056,0.6642,0.4855,0.8164,0.8463,0.7567,false
CHR-BRO-1539,Syndic Zhang of Shang Dynasty,bronze_and_iron_age,Ancient Egypt,North Africa / Nile,-1246,-1223,Economic,stabilizer,EVT-BRO-1539,0.6645,0.6452,0.8124,0.7235,0.5894,0.2373,0.6576,79,0.2569,0.6617,0.5181,0.8245,0.8546,0.7641,false
CHR-BRO-1540,General Mirabeau of Minoan Civilization,bronze_and_iron_age,Vedic Kingdoms,South Asia,-2012,-1968,Military,architect,EVT-BRO-1540,0.7816,0.7725,0.8096,0.8346,0.5865,0.4316,0.7704,62,0.2985,0.7771,0.6069,0.8463,0.8772,0.7844,false
CHR-BRO-1541,Metallurgist Labarna of Indus Valley (Late),bronze_and_iron_age,Elamite Empire,Ancient Iran,-1551,-1543,Scientific,catalyst,EVT-BRO-1541,0.6493,0.7867,0.6361,0.6285,0.9343,0.7189,0.7009,29,0.5452,0.6699,0.6884,1.1093,1.215,1.1622,false
CHR-BRO-1542,Patriarch Telepinu of Babylonia,bronze_and_iron_age,Kingdom of Kush (Kerma/Napata),Nubia,-1810,-1767,Religious,catalyst,EVT-BRO-1542,0.5133,0.8405,0.6887,0.5766,0.8624,0.7194,0.793,24,0.5714,0.6252,0.6629,1.1013,1.2062,1.1538,false
CHR-BRO-1543,Hierophant Tariq of Elamite Empire,bronze_and_iron_age,Elamite Empire,Ancient Iran,-3097,-3073,Religious,catalyst,EVT-BRO-1543,0.8128,0.657,0.7326,0.6042,0.8329,0.5321,0.8186,22,0.4639,0.8151,0.6758,1.1054,1.2107,1.158,false
CHR-BRO-1544,Senator Puduhepa of Vedic Kingdoms,bronze_and_iron_age,Minoan Civilization,Aegean / Crete,-2230,-2188,Political,catalyst,EVT-BRO-1544,0.6042,0.7847,0.5228,0.5812,0.9283,0.475,0.7686,44,0.4469,0.6699,0.6632,1.1014,1.2063,1.1539,false
CHR-BRO-1545,Vizier Sherman of Sumer & Akkad,bronze_and_iron_age,Indus Valley (Late),South Asia,-2103,-2077,Political,architect,EVT-BRO-1545,0.8485,0.7227,0.6909,0.9081,0.7168,0.4127,0.8121,138,0.2523,0.834,0.6473,0.8562,0.8876,0.7936,false
CHR-BRO-1546,Dramatist Necker of Hittite Empire,bronze_and_iron_age,Elamite Empire,Ancient Iran,-2974,-2969,Cultural,architect,EVT-BRO-1546,0.8573,0.7407,0.833,0.7125,0.7441,0.4291,0.7707,157,0.3583,0.8226,0.6481,0.8564,0.8878,0.7938,false
CHR-BRO-1547,Treasurer Chen of Babylonia,bronze_and_iron_age,Assyrian Empire,Near East,-2895,-2886,Economic,catalyst,EVT-BRO-1547,0.5662,0.8544,0.5427,0.7061,0.7546,0.5792,0.9319,25,0.4365,0.7125,0.67,1.1035,1.2086,1.1561,false
CHR-BRO-1548,Rhetorician Mentuhotep of Indus Valley (Late),bronze_and_iron_age,Elamite Empire,Ancient Iran,-2709,-2695,Cultural,disruptor,EVT-BRO-1548,0.7309,0.7582,0.3994,0.4541,0.7125,0.7027,0.7781,34,0.6243,0.7498,0.7128,1.2234,1.25,1.25,false
CHR-BRO-1549,Merchant Prince Labarna of Minoan Civilization,bronze_and_iron_age,Indus Valley (Late),South Asia,-1907,-1864,Economic,catalyst,EVT-BRO-1549,0.6402,0.7882,0.6872,0.7296,0.9073,0.5343,0.9321,41,0.4024,0.757,0.6791,1.1064,1.2118,1.1591,false
CHR-BRO-1550,Scribe Otto of Assyrian Empire,bronze_and_iron_age,Mycenaean Greece,Aegean,-1349,-1324,Cultural,stabilizer,EVT-BRO-1550,0.777,0.7354,0.7632,0.8673,0.65,0.2229,0.6163,92,0.1778,0.7127,0.5583,0.8343,0.8649,0.7733,false
CHR-BRO-1551,Warlord Hathor of Kingdom of Kush (Kerma/Napata),bronze_and_iron_age,Assyrian Empire,Near East,-1396,-1367,Military,wildcard,EVT-BRO-1551,0.4263,0.7237,0.3108,0.6434,0.7141,0.659,0.6059,64,0.5078,0.4981,0.5987,1.0296,1.0811,1.1326,false
CHR-BRO-1552,Synod Envoy Al-Mansur of Babylonia,bronze_and_iron_age,Kingdom of Kush (Kerma/Napata),Nubia,-2347,-2316,Religious,stabilizer,EVT-BRO-1552,0.8492,0.6919,0.7838,0.7238,0.5275,0.1478,0.5606,97,0.212,0.7338,0.5369,0.8291,0.8594,0.7684,false
CHR-BRO-1553,Geometer Franklin of Babylonia,bronze_and_iron_age,Indus Valley (Late),South Asia,-2579,-2550,Scientific,stabilizer,EVT-BRO-1553,0.648,0.5561,0.7676,0.7201,0.683,0.3141,0.594,163,0.297,0.6264,0.5213,0.8252,0.8554,0.7649,false
CHR-BRO-1554,Scribe Samudra of Babylonia,bronze_and_iron_age,Indus Valley (Late),South Asia,-1262,-1244,Cultural,wildcard,EVT-BRO-1554,0.8585,0.7419,0.4393,0.4389,0.5875,0.3914,0.7823,52,0.4763,0.828,0.6742,1.0523,1.1049,1.1575,false
CHR-BRO-1555,Abbess Lafayette of Indus Valley (Late),bronze_and_iron_age,Vedic Kingdoms,South Asia,-1071,-1053,Religious,stabilizer,EVT-BRO-1555,0.8003,0.6549,0.8995,0.8732,0.6795,0.2056,0.4436,190,0.1662,0.6576,0.514,0.8234,0.8536,0.7632,false
CHR-BRO-1556,Warlord Mentuhotep of Western Zhou Dynasty,bronze_and_iron_age,Western Zhou Dynasty,East Asia,-1760,-1748,Military,wildcard,EVT-BRO-1556,0.8043,0.5872,0.1821,0.5226,0.5267,0.1733,0.6088,63,0.3254,0.7261,0.5911,1.0273,1.0787,1.1301,false
CHR-BRO-1557,Rhetorician Samsi-Adad of Assyrian Empire,bronze_and_iron_age,Elamite Empire,Ancient Iran,-2875,-2866,Cultural,disruptor,EVT-BRO-1557,0.6361,0.6835,0.5036,0.5633,0.7643,0.9077,0.7437,31,0.6722,0.6791,0.6954,1.2174,1.25,1.25,false
CHR-BRO-1558,Pontiff Narmer of Mycenaean Greece,bronze_and_iron_age,Elamite Empire,Ancient Iran,-1899,-1869,Religious,catalyst,EVT-BRO-1558,0.6821,0.7145,0.7464,0.7448,0.8815,0.7531,0.8337,38,0.5041,0.7427,0.6861,1.1086,1.2142,1.1614,false
CHR-BRO-1559,Viceroy Godfrey of Mycenaean Greece,bronze_and_iron_age,Sumer & Akkad,Mesopotamia,-1534,-1527,Political,stabilizer,EVT-BRO-1559,0.5933,0.6616,0.7641,0.8579,0.5215,0.262,0.6165,215,0.2021,0.6026,0.4883,0.8171,0.847,0.7573,false
CHR-BRO-1560,Chronicler Naram-Sin of Minoan Civilization,bronze_and_iron_age,Mycenaean Greece,Aegean,-989,-982,Cultural,catalyst,EVT-BRO-1560,0.7155,0.7021,0.7418,0.7102,0.8799,0.5509,0.7388,56,0.4203,0.7248,0.6499,1.0972,1.2017,1.1495,false
CHR-BRO-1561,Cardinal Mazarin of Western Zhou Dynasty,bronze_and_iron_age,Shang Dynasty,East Asia,-980,-965,Religious,catalyst,EVT-BRO-1561,0.554,0.8684,0.7079,0.6151,0.7589,0.7039,0.7922,44,0.5444,0.6493,0.6555,1.099,1.2036,1.1513,false
CHR-BRO-1562,Viceroy Sargon of Indus Valley (Late),bronze_and_iron_age,Assyrian Empire,Near East,-1874,-1838,Political,catalyst,EVT-BRO-1562,0.556,0.9113,0.5694,0.6874,0.9065,0.629,0.739,35,0.4708,0.6292,0.6756,1.1053,1.2106,1.1579,false
CHR-BRO-1563,Metallurgist Friedrich of Mycenaean Greece,bronze_and_iron_age,Kingdom of Kush (Kerma/Napata),Nubia,-1827,-1794,Scientific,wildcard,EVT-BRO-1563,0.6771,0.7254,0.7009,0.4949,0.7849,0.1687,0.4448,36,0.3369,0.5842,0.543,1.0129,1.0635,1.1142,false
CHR-BRO-1564,Scribe Leonidas of Assyrian Empire,bronze_and_iron_age,Phoenician City-States,Levant,-1791,-1752,Cultural,architect,EVT-BRO-1564,0.8404,0.7986,0.7586,0.7441,0.5575,0.3183,0.6698,54,0.2871,0.7722,0.5987,0.8443,0.8752,0.7825,false
CHR-BRO-1565,Abbess Mursili of Western Zhou Dynasty,bronze_and_iron_age,Mycenaean Greece,Aegean,-1365,-1354,Religious,stabilizer,EVT-BRO-1565,0.8164,0.7816,0.7356,0.8794,0.5246,0.1501,0.4001,68,0.1354,0.6499,0.515,0.8237,0.8538,0.7634,false
CHR-BRO-1566,Synod Envoy Sumner of Indus Valley (Late),bronze_and_iron_age,Vedic Kingdoms,South Asia,-1514,-1495,Religious,wildcard,EVT-BRO-1566,0.637,0.39,0.5381,0.3791,0.7618,0.1728,0.8217,31,0.3968,0.7109,0.5584,1.0175,1.0684,1.1193,false
CHR-BRO-1567,Vizier Naram-Sin of Sumer & Akkad,bronze_and_iron_age,Vedic Kingdoms,South Asia,-2708,-2686,Political,disruptor,EVT-BRO-1567,0.7338,0.677,0.4292,0.366,0.7036,0.774,0.7632,6,0.704,0.7456,0.7099,1.2224,1.25,1.25,false
CHR-BRO-1568,Syndic Dara of Babylonia,bronze_and_iron_age,Phoenician City-States,Levant,-3066,-3051,Economic,disruptor,EVT-BRO-1568,0.6941,0.5903,0.4453,0.5919,0.8501,0.8242,0.7564,39,0.6162,0.719,0.7026,1.2199,1.25,1.25,false
CHR-BRO-1569,Synod Envoy Rajaraja of Elamite Empire,bronze_and_iron_age,Mycenaean Greece,Aegean,-1073,-1064,Religious,architect,EVT-BRO-1569,0.8931,0.6488,0.8901,0.9077,0.647,0.1839,0.7246,131,0.1381,0.8257,0.5695,0.8371,0.8677,0.7759,false
CHR-BRO-1570,Strategos Baldwin of Western Zhou Dynasty,bronze_and_iron_age,Assyrian Empire,Near East,-2863,-2845,Military,disruptor,EVT-BRO-1570,0.7594,0.8278,0.4942,0.6005,0.7138,0.7791,0.747,26,0.5893,0.7544,0.7206,1.2261,1.25,1.25,false
CHR-BRO-1571,Imam Mursili of Sumer & Akkad,bronze_and_iron_age,Vedic Kingdoms,South Asia,-2075,-2040,Religious,catalyst,EVT-BRO-1571,0.7673,0.6861,0.6275,0.5992,0.751,0.7443,0.7887,23,0.5726,0.7759,0.6946,1.1113,1.2171,1.1642,false
CHR-BRO-1572,Abbess Mursili of Mycenaean Greece,bronze_and_iron_age,Shang Dynasty,East Asia,-856,-839,Religious,wildcard,EVT-BRO-1572,0.889,0.5124,0.1564,0.5545,0.6535,0.5841,0.6114,70,0.5148,0.778,0.6831,1.0549,1.1077,1.1604,false
CHR-BRO-1573,Marshal Aurelius of Ancient Egypt,bronze_and_iron_age,Elamite Empire,Ancient Iran,-1146,-1113,Military,catalyst,EVT-BRO-1573,0.5543,0.6772,0.4901,0.7761,0.945,0.6475,0.7656,16,0.4357,0.6388,0.6561,1.0992,1.2038,1.1515,false
CHR-BRO-1574,Physician Suppiluliuma of Elamite Empire,bronze_and_iron_age,Phoenician City-States,Levant,-2819,-2782,Scientific,catalyst,EVT-BRO-1574,0.6147,0.6898,0.6449,0.6422,0.9099,0.7844,0.8758,18,0.5711,0.7192,0.6961,1.1118,1.2176,1.1647,false
CHR-BRO-1575,Abbess Mirabeau of Assyrian Empire,bronze_and_iron_age,Assyrian Empire,Near East,-1828,-1811,Religious,architect,EVT-BRO-1575,0.7756,0.6863,0.8542,0.7939,0.5045,0.3481,0.6131,41,0.2771,0.7106,0.5416,0.8302,0.8606,0.7695,false
CHR-BRO-1576,Centurion Samsi-Adad of Shang Dynasty,bronze_and_iron_age,Ancient Egypt,North Africa / Nile,-2061,-2045,Military,catalyst,EVT-BRO-1576,0.7231,0.8242,0.4946,0.7285,0.8498,0.4522,0.8548,24,0.3619,0.7758,0.692,1.1105,1.2163,1.1634,false
CHR-BRO-1577,Master Sculptor Rajaraja of Assyrian Empire,bronze_and_iron_age,Kingdom of Kush (Kerma/Napata),Nubia,-2055,-2021,Cultural,architect,EVT-BRO-1577,0.8824,0.741,0.7854,0.8893,0.5107,0.2391,0.5719,102,0.1749,0.7582,0.557,0.834,0.8645,0.773,false
CHR-BRO-1578,Poet Laureate Leonidas of Phoenician City-States,bronze_and_iron_age,Mycenaean Greece,Aegean,-2283,-2273,Cultural,catalyst,EVT-BRO-1578,0.7152,0.8048,0.6069,0.6308,0.9197,0.4882,0.8719,13,0.4287,0.7779,0.6993,1.1128,1.2187,1.1658,false
CHR-BRO-1579,Legate Harun of Kingdom of Kush (Kerma/Napata),bronze_and_iron_age,Vedic Kingdoms,South Asia,-1010,-1003,Military,catalyst,EVT-BRO-1579,0.5235,0.9069,0.694,0.7203,0.8724,0.5628,0.8434,54,0.4213,0.6515,0.6533,1.0983,1.2029,1.1506,false
CHR-BRO-1580,Metallurgist Tariq of Babylonia,bronze_and_iron_age,Sumer & Akkad,Mesopotamia,-1579,-1548,Scientific,architect,EVT-BRO-1580,0.796,0.6572,0.7879,0.8988,0.6451,0.2786,0.6731,99,0.1899,0.7468,0.5634,0.8356,0.8662,0.7744,false
CHR-BRO-1581,Syndic Valdemar of Elamite Empire,bronze_and_iron_age,Assyrian Empire,Near East,-1413,-1397,Economic,wildcard,EVT-BRO-1581,0.5998,0.5653,0.2182,0.5979,0.4176,0.6168,0.6598,20,0.5095,0.6238,0.5872,1.0261,1.0775,1.1288,false
CHR-BRO-1582,Metallurgist Vikram of Kingdom of Kush (Kerma/Napata),bronze_and_iron_age,Hittite Empire,Anatolia,-1581,-1536,Scientific,catalyst,EVT-BRO-1582,0.5437,0.7376,0.592,0.6305,0.7488,0.6747,0.7783,15,0.5221,0.6376,0.6361,1.0929,1.197,1.1449,false
CHR-BRO-1583,General Averroes of Hittite Empire,bronze_and_iron_age,Phoenician City-States,Levant,-2663,-2650,Military,wildcard,EVT-BRO-1583,0.7561,0.4683,0.3921,0.4198,0.414,0.6772,0.668,4,0.6287,0.7209,0.6129,1.0339,1.0856,1.1373,false
CHR-BRO-1584,Chancellor Rimush of Minoan Civilization,bronze_and_iron_age,Shang Dynasty,East Asia,-2884,-2871,Political,wildcard,EVT-BRO-1584,0.8364,0.4687,0.5073,0.6489,0.2822,0.5509,0.7716,49,0.451,0.8105,0.5869,1.0261,1.0774,1.1287,false
CHR-BRO-1585,Prefect Hattusili of Hittite Empire,bronze_and_iron_age,Kingdom of Kush (Kerma/Napata),Nubia,-835,-804,Political,stabilizer,EVT-BRO-1585,0.7051,0.5949,0.81,0.8401,0.637,0.3147,0.481,226,0.2373,0.6155,0.5074,0.8218,0.8519,0.7617,false
CHR-BRO-1586,Rhetorician Baldwin of Vedic Kingdoms,bronze_and_iron_age,Western Zhou Dynasty,East Asia,-2758,-2744,Cultural,catalyst,EVT-BRO-1586,0.7369,0.8555,0.6556,0.6182,0.9014,0.6445,0.7181,34,0.5131,0.7294,0.7057,1.1148,1.221,1.1679,false
CHR-BRO-1587,Chancellor Harun of Hittite Empire,bronze_and_iron_age,Ancient Egypt,North Africa / Nile,-2400,-2387,Political,wildcard,EVT-BRO-1587,0.7415,0.6432,0.4857,0.6599,0.5388,0.8351,0.5873,18,0.5876,0.6798,0.6445,1.0433,1.0955,1.1477,false
CHR-BRO-1588,Master Sculptor Aurelius of Mycenaean Greece,bronze_and_iron_age,Mycenaean Greece,Aegean,-2015,-1972,Cultural,catalyst,EVT-BRO-1588,0.5985,0.7121,0.532,0.6268,0.7675,0.7142,0.8547,16,0.5437,0.701,0.6724,1.1043,1.2095,1.1569,false
CHR-BRO-1589,Scribe Thutmose of Shang Dynasty,bronze_and_iron_age,Phoenician City-States,Levant,-1363,-1340,Cultural,architect,EVT-BRO-1589,0.9143,0.6836,0.8972,0.8412,0.6141,0.4355,0.6419,89,0.2972,0.8054,0.6031,0.8454,0.8763,0.7835,false
CHR-BRO-1590,Centurion Wilhelm of Elamite Empire,bronze_and_iron_age,Mycenaean Greece,Aegean,-2713,-2708,Military,wildcard,EVT-BRO-1590,0.7612,0.5968,0.5063,0.4043,0.3962,0.2204,0.7631,43,0.4081,0.762,0.5659,1.0198,1.0708,1.1218,false
CHR-BRO-1591,Polymath Chen of Vedic Kingdoms,bronze_and_iron_age,Babylonia,Mesopotamia,-2122,-2086,Scientific,stabilizer,EVT-BRO-1591,0.7251,0.7185,0.8362,0.8237,0.6983,0.1919,0.5927,136,0.1841,0.6722,0.5367,0.829,0.8594,0.7684,false
CHR-BRO-1592,Prefect Hathor of Vedic Kingdoms,bronze_and_iron_age,Assyrian Empire,Near East,-1302,-1293,Political,catalyst,EVT-BRO-1592,0.7271,0.8977,0.6251,0.7652,0.9099,0.5507,0.8315,26,0.3928,0.7689,0.7095,1.116,1.2223,1.1691,false
CHR-BRO-1593,Consul Seneb of Shang Dynasty,bronze_and_iron_age,Elamite Empire,Ancient Iran,-1183,-1159,Political,disruptor,EVT-BRO-1593,0.643,0.7048,0.4307,0.3997,0.8734,0.7715,0.9295,40,0.6859,0.7576,0.7396,1.2327,1.25,1.25,false
CHR-BRO-1594,Geometer Belisarius of Elamite Empire,bronze_and_iron_age,Mycenaean Greece,Aegean,-2344,-2310,Scientific,catalyst,EVT-BRO-1594,0.6832,0.7533,0.7149,0.7527,0.802,0.7223,0.7699,15,0.4848,0.7179,0.6688,1.1032,1.2082,1.1557,false
CHR-BRO-1595,Governor Sun of Kingdom of Kush (Kerma/Napata),bronze_and_iron_age,Phoenician City-States,Levant,-871,-834,Political,wildcard,EVT-BRO-1595,0.4388,0.5608,0.6342,0.7926,0.6878,0.3726,0.5513,8,0.29,0.4838,0.4825,0.9948,1.0445,1.0942,false
CHR-BRO-1596,Viceroy Imhotep of Sumer & Akkad,bronze_and_iron_age,Minoan Civilization,Aegean / Crete,-2502,-2488,Political,wildcard,EVT-BRO-1596,0.4965,0.4926,0.6514,0.2467,0.3958,0.7082,0.4454,10,0.7308,0.476,0.503,1.0009,1.0509,1.101,false
CHR-BRO-1597,Vizier Franklin of Western Zhou Dynasty,bronze_and_iron_age,Babylonia,Mesopotamia,-2479,-2442,Political,disruptor,EVT-BRO-1597,0.7127,0.5306,0.4341,0.5226,0.7589,0.9233,0.801,24,0.7003,0.748,0.7107,1.2227,1.25,1.25,false
CHR-BRO-1598,Prefect Richelieu of Shang Dynasty,bronze_and_iron_age,Assyrian Empire,Near East,-1980,-1936,Political,catalyst,EVT-BRO-1598,0.5096,0.7952,0.5964,0.6806,0.9258,0.5685,0.7081,56,0.4439,0.589,0.6334,1.092,1.196,1.144,false
CHR-BRO-1599,Philosopher Madison of Ancient Egypt,bronze_and_iron_age,Sumer & Akkad,Mesopotamia,-1689,-1664,Cultural,disruptor,EVT-BRO-1599,0.7243,0.501,0.2456,0.6442,0.7119,0.8926,0.7901,23,0.6242,0.7506,0.7086,1.222,1.25,1.25,false
CHR-BRO-1600,Mint Overseer Seneb of Shang Dynasty,bronze_and_iron_age,Elamite Empire,Ancient Iran,-2228,-2221,Economic,stabilizer,EVT-BRO-1600,0.6129,0.6921,0.8497,0.7975,0.5002,0.1567,0.445,137,0.1796,0.5457,0.4475,0.8071,0.8366,0.75,false
CHR-BRO-1601,Scribe Khaldun of Assyrian Empire,bronze_and_iron_age,Kingdom of Kush (Kerma/Napata),Nubia,-2294,-2259,Cultural,architect,EVT-BRO-1601,0.7184,0.6289,0.7661,0.7212,0.7558,0.2886,0.6672,168,0.2837,0.6979,0.568,0.8367,0.8673,0.7755,false
CHR-BRO-1602,Master Sculptor Li of Sumer & Akkad,bronze_and_iron_age,Elamite Empire,Ancient Iran,-1378,-1348,Cultural,architect,EVT-BRO-1602,0.6726,0.6897,0.8104,0.7661,0.5307,0.3916,0.6758,57,0.3128,0.6739,0.542,0.8303,0.8607,0.7696,false
CHR-BRO-1603,Metallurgist Chandra of Phoenician City-States,bronze_and_iron_age,Vedic Kingdoms,South Asia,-2476,-2458,Scientific,architect,EVT-BRO-1603,0.8313,0.8352,0.7971,0.7218,0.609,0.409,0.8154,63,0.3436,0.8249,0.6423,0.855,0.8863,0.7924,false
CHR-BRO-1604,Rhetorician Naram-Sin of Babylonia,bronze_and_iron_age,Shang Dynasty,East Asia,-1094,-1064,Cultural,wildcard,EVT-BRO-1604,0.4552,0.4762,0.5424,0.3979,0.422,0.5001,0.8479,59,0.5511,0.6123,0.5266,1.008,1.0584,1.1088,false
CHR-BRO-1605,Chancellor Richelieu of Minoan Civilization,bronze_and_iron_age,Babylonia,Mesopotamia,-1671,-1630,Political,disruptor,EVT-BRO-1605,0.8951,0.563,0.3032,0.4109,0.9144,0.6704,0.747,10,0.6297,0.8358,0.7571,1.2387,1.25,1.25,true
CHR-BRO-1606,Mint Overseer Mazarin of Phoenician City-States,bronze_and_iron_age,Minoan Civilization,Aegean / Crete,-2008,-1968,Economic,architect,EVT-BRO-1606,0.9128,0.6952,0.8191,0.7501,0.6242,0.2783,0.6446,89,0.2641,0.8055,0.5951,0.8434,0.8743,0.7817,false
CHR-BRO-1607,Prefect Colbert of Shang Dynasty,bronze_and_iron_age,Ancient Egypt,North Africa / Nile,-2846,-2801,Political,disruptor,EVT-BRO-1607,0.8026,0.7121,0.2713,0.3364,0.8327,0.8748,0.9478,30,0.7692,0.8607,0.8118,1.25,1.25,1.25,true
CHR-BRO-1608,Poet Laureate Madison of Western Zhou Dynasty,bronze_and_iron_age,Ancient Egypt,North Africa / Nile,-1429,-1419,Cultural,disruptor,EVT-BRO-1608,0.6081,0.5255,0.2286,0.5638,0.8978,0.7086,0.884,30,0.5724,0.7185,0.7034,1.2202,1.25,1.25,false
CHR-BRO-1609,Prefect Marshall of Ancient Egypt,bronze_and_iron_age,Minoan Civilization,Aegean / Crete,-1079,-1072,Political,stabilizer,EVT-BRO-1609,0.6525,0.579,0.8073,0.8974,0.5619,0.1996,0.5605,59,0.1511,0.6157,0.4727,0.8133,0.843,0.7538,false
CHR-BRO-1610,Synod Envoy Rajaraja of Indus Valley (Late),bronze_and_iron_age,Mycenaean Greece,Aegean,-2486,-2479,Religious,stabilizer,EVT-BRO-1610,0.6307,0.6643,0.784,0.8449,0.597,0.2535,0.5961,74,0.2043,0.6169,0.5037,0.8209,0.8509,0.7608,false
CHR-BRO-1611,Polymath Solon of Ancient Egypt,bronze_and_iron_age,Western Zhou Dynasty,East Asia,-1841,-1819,Scientific,architect,EVT-BRO-1611,0.8873,0.6627,0.8365,0.8752,0.6334,0.2007,0.5546,118,0.1627,0.7542,0.5521,0.8328,0.8633,0.7719,false
CHR-BRO-1612,Consul Mazarin of Shang Dynasty,bronze_and_iron_age,Elamite Empire,Ancient Iran,-2702,-2691,Political,stabilizer,EVT-BRO-1612,0.8431,0.5537,0.7651,0.7429,0.6666,0.3204,0.4451,153,0.2888,0.6839,0.545,0.8311,0.8615,0.7703,false
CHR-BRO-1613,Alchemist Mirabeau of Mycenaean Greece,bronze_and_iron_age,Assyrian Empire,Near East,-2706,-2688,Scientific,stabilizer,EVT-BRO-1613,0.8381,0.7898,0.8821,0.7507,0.5283,0.3328,0.4747,93,0.2911,0.6927,0.5526,0.8329,0.8634,0.772,false
CHR-BRO-1614,Master Sculptor Alexander of Sumer & Akkad,bronze_and_iron_age,Indus Valley (Late),South Asia,-852,-814,Cultural,catalyst,EVT-BRO-1614,0.6493,0.8613,0.601,0.6684,0.8319,0.5146,0.8867,32,0.4231,0.7443,0.683,1.1076,1.2131,1.1604,false
CHR-BRO-1615,Arch-Engineer Heinrich of Elamite Empire,bronze_and_iron_age,Assyrian Empire,Near East,-2503,-2464,Scientific,wildcard,EVT-BRO-1615,0.7116,0.7833,0.5973,0.5302,0.5133,0.5998,0.5306,59,0.5348,0.6392,0.6057,1.0317,1.0833,1.1349,false
CHR-BRO-1616,Viceroy Adams of Phoenician City-States,bronze_and_iron_age,Vedic Kingdoms,South Asia,-1529,-1508,Political,stabilizer,EVT-BRO-1616,0.6686,0.6284,0.8433,0.8439,0.4839,0.2128,0.4607,209,0.1845,0.5854,0.4585,0.8098,0.8394,0.7505,false
CHR-BRO-1617,Geometer Franklin of Assyrian Empire,bronze_and_iron_age,Western Zhou Dynasty,East Asia,-1307,-1262,Scientific,wildcard,EVT-BRO-1617,0.6912,0.3536,0.5785,0.5671,0.4175,0.6709,0.8464,18,0.5519,0.7533,0.5799,1.024,1.0752,1.1264,false
CHR-BRO-1618,Syndic Lafayette of Minoan Civilization,bronze_and_iron_age,Ancient Egypt,North Africa / Nile,-1435,-1428,Economic,catalyst,EVT-BRO-1618,0.7557,0.8326,0.5862,0.6475,0.796,0.5119,0.7231,27,0.4322,0.7426,0.6775,1.1059,1.2112,1.1586,false
CHR-BRO-1619,Pontiff Theodosius of Shang Dynasty,bronze_and_iron_age,Kingdom of Kush (Kerma/Napata),Nubia,-2732,-2701,Religious,wildcard,EVT-BRO-1619,0.4568,0.8284,0.3431,0.6645,0.2335,0.5079,0.4034,67,0.4217,0.4355,0.4926,0.9978,1.0477,1.0976,false
CHR-BRO-1620,Senator Li of Babylonia,bronze_and_iron_age,Kingdom of Kush (Kerma/Napata),Nubia,-3094,-3053,Political,stabilizer,EVT-BRO-1620,0.7686,0.6637,0.9323,0.7109,0.5538,0.3312,0.6767,178,0.3101,0.7319,0.5472,0.8316,0.862,0.7708,false
CHR-BRO-1621,Commander Colbert of Babylonia,bronze_and_iron_age,Indus Valley (Late),South Asia,-2496,-2466,Military,architect,EVT-BRO-1621,0.6702,0.8262,0.8892,0.7983,0.6796,0.4476,0.6585,142,0.3247,0.6655,0.5805,0.8398,0.8705,0.7784,false
CHR-BRO-1622,Synod Envoy Labarna of Kingdom of Kush (Kerma/Napata),bronze_and_iron_age,Vedic Kingdoms,South Asia,-1135,-1094,Religious,architect,EVT-BRO-1622,0.7645,0.8096,0.8071,0.8375,0.6576,0.3982,0.6628,63,0.2803,0.7238,0.5978,0.8441,0.8749,0.7823,false
CHR-BRO-1623,Centurion Qian of Babylonia,bronze_and_iron_age,Kingdom of Kush (Kerma/Napata),Nubia,-2141,-2113,Military,architect,EVT-BRO-1623,0.8935,0.6468,0.8312,0.7395,0.7633,0.4489,0.7739,168,0.3547,0.8457,0.6482,0.8565,0.8878,0.7938,false
CHR-BRO-1624,Prefect Eleanor of Western Zhou Dynasty,bronze_and_iron_age,Western Zhou Dynasty,East Asia,-2868,-2826,Political,architect,EVT-BRO-1624,0.9066,0.6486,0.7854,0.8644,0.7166,0.3937,0.7831,125,0.2646,0.8572,0.6362,0.8535,0.8847,0.7911,false
CHR-BRO-1625,Patriarch Puduhepa of Hittite Empire,bronze_and_iron_age,Vedic Kingdoms,South Asia,-2173,-2165,Religious,architect,EVT-BRO-1625,0.8145,0.6445,0.7503,0.8459,0.6717,0.2082,0.8184,27,0.1812,0.8161,0.5877,0.8416,0.8724,0.78,false
CHR-BRO-1626,Physician Lafayette of Assyrian Empire,bronze_and_iron_age,Minoan Civilization,Aegean / Crete,-851,-817,Scientific,catalyst,EVT-BRO-1626,0.7659,0.8822,0.6177,0.6693,0.9214,0.6529,0.8813,56,0.4918,0.8121,0.7469,1.1278,1.2352,1.1815,false
CHR-BRO-1627,Governor Harun of Kingdom of Kush (Kerma/Napata),bronze_and_iron_age,Vedic Kingdoms,South Asia,-2060,-2032,Political,catalyst,EVT-BRO-1627,0.7527,0.7637,0.5519,0.7175,0.7552,0.6811,0.8329,13,0.4818,0.7848,0.702,1.1136,1.2197,1.1667,false
CHR-BRO-1628,Arch-Engineer Justinian of Ancient Egypt,bronze_and_iron_age,Mycenaean Greece,Aegean,-2608,-2565,Scientific,disruptor,EVT-BRO-1628,0.6691,0.6593,0.3316,0.3497,0.8318,0.8448,0.835,27,0.7476,0.7354,0.7423,1.2336,1.25,1.25,false
CHR-BRO-1629,Metallurgist Narmer of Phoenician City-States,bronze_and_iron_age,Western Zhou Dynasty,East Asia,-2523,-2502,Scientific,catalyst,EVT-BRO-1629,0.6963,0.6792,0.7326,0.6299,0.9226,0.7205,0.7287,29,0.5453,0.7093,0.677,1.1057,1.2111,1.1584,false
CHR-BRO-1630,Alchemist Eleanor of Assyrian Empire,bronze_and_iron_age,Shang Dynasty,East Asia,-911,-900,Scientific,catalyst,EVT-BRO-1630,0.7429,0.6827,0.5496,0.7233,0.7687,0.5349,0.7892,22,0.4058,0.7614,0.6609,1.1007,1.2055,1.1531,false
CHR-BRO-1631,Abbess Chandra of Babylonia,bronze_and_iron_age,Hittite Empire,Anatolia,-959,-922,Religious,catalyst,EVT-BRO-1631,0.7653,0.8905,0.4575,0.6955,0.9373,0.5611,0.7613,48,0.4328,0.7637,0.7333,1.1235,1.2305,1.177,false
CHR-BRO-1632,Imam Tiglath of Mycenaean Greece,bronze_and_iron_age,Minoan Civilization,Aegean / Crete,-1213,-1177,Religious,disruptor,EVT-BRO-1632,0.8814,0.6874,0.3028,0.6309,0.7609,0.7602,0.8937,18,0.5646,0.8863,0.7739,1.2445,1.25,1.25,true
CHR-BRO-1633,Master Sculptor Eleanor of Vedic Kingdoms,bronze_and_iron_age,Sumer & Akkad,Mesopotamia,-2874,-2832,Cultural,disruptor,EVT-BRO-1633,0.8672,0.8339,0.2608,0.5962,0.7808,0.9304,0.8348,21,0.6671,0.8543,0.8179,1.25,1.25,1.25,true
CHR-BRO-1634,Syndic Sargon of Sumer & Akkad,bronze_and_iron_age,Assyrian Empire,Near East,-1073,-1065,Economic,catalyst,EVT-BRO-1634,0.5633,0.8907,0.4746,0.6027,0.8956,0.7291,0.8871,27,0.5632,0.6928,0.7236,1.1204,1.2271,1.1738,false
CHR-BRO-1635,Scribe Solon of Western Zhou Dynasty,bronze_and_iron_age,Shang Dynasty,East Asia,-1308,-1273,Cultural,wildcard,EVT-BRO-1635,0.5608,0.8498,0.5948,0.4124,0.7334,0.1718,0.5296,57,0.3797,0.5483,0.5528,1.0158,1.0666,1.1174,false
CHR-BRO-1636,Pontiff Labarna of Sumer & Akkad,bronze_and_iron_age,Mycenaean Greece,Aegean,-1584,-1565,Religious,disruptor,EVT-BRO-1636,0.7346,0.8147,0.2062,0.4285,0.8851,0.6716,0.8964,18,0.6215,0.7994,0.7818,1.2472,1.25,1.25,true
CHR-BRO-1637,Syndic Vikram of Minoan Civilization,bronze_and_iron_age,Minoan Civilization,Aegean / Crete,-1983,-1971,Economic,wildcard,EVT-BRO-1637,0.8931,0.472,0.5616,0.631,0.2459,0.695,0.4106,66,0.532,0.7001,0.5591,1.0177,1.0686,1.1195,false
CHR-BRO-1638,Pontiff Necker of Sumer & Akkad,bronze_and_iron_age,Indus Valley (Late),South Asia,-2807,-2775,Religious,disruptor,EVT-BRO-1638,0.7353,0.7738,0.2777,0.3515,0.9432,0.7987,0.8979,33,0.7236,0.8003,0.8005,1.25,1.25,1.25,true
CHR-BRO-1639,General Seneb of Babylonia,bronze_and_iron_age,Vedic Kingdoms,South Asia,-2723,-2716,Military,catalyst,EVT-BRO-1639,0.762,0.7634,0.6705,0.6891,0.843,0.4902,0.7338,16,0.4005,0.7507,0.6636,1.1015,1.2064,1.154,false
CHR-BRO-1640,Customs Director Lafayette of Minoan Civilization,bronze_and_iron_age,Kingdom of Kush (Kerma/Napata),Nubia,-1477,-1472,Economic,stabilizer,EVT-BRO-1640,0.7969,0.6205,0.8442,0.7953,0.4713,0.1519,0.6521,52,0.1783,0.739,0.5094,0.8223,0.8524,0.7621,false
CHR-BRO-1641,Marshal Wu of Phoenician City-States,bronze_and_iron_age,Kingdom of Kush (Kerma/Napata),Nubia,-2606,-2599,Military,stabilizer,EVT-BRO-1641,0.7038,0.7439,0.7864,0.8623,0.5758,0.2909,0.6654,50,0.2143,0.6884,0.5456,0.8312,0.8616,0.7704,false
CHR-BRO-1642,Metallurgist Qian of Phoenician City-States,bronze_and_iron_age,Hittite Empire,Anatolia,-2440,-2425,Scientific,wildcard,EVT-BRO-1642,0.807,0.6768,0.4497,0.6507,0.5458,0.7364,0.5348,61,0.5428,0.6981,0.6483,1.0445,1.0967,1.1489,false
CHR-BRO-1643,Customs Director Narmer of Sumer & Akkad,bronze_and_iron_age,Minoan Civilization,Aegean / Crete,-1959,-1924,Economic,stabilizer,EVT-BRO-1643,0.6132,0.5688,0.8308,0.7562,0.4732,0.1503,0.603,229,0.197,0.6091,0.4517,0.8081,0.8377,0.75,false
CHR-BRO-1644,Prefect Alexander of Babylonia,bronze_and_iron_age,Mycenaean Greece,Aegean,-2648,-2635,Political,stabilizer,EVT-BRO-1644,0.6272,0.7173,0.7786,0.6916,0.5987,0.1646,0.6401,122,0.2365,0.6324,0.5125,0.8231,0.8532,0.7628,false
CHR-BRO-1645,Arch-Engineer Narmer of Vedic Kingdoms,bronze_and_iron_age,Assyrian Empire,Near East,-2358,-2330,Scientific,disruptor,EVT-BRO-1645,0.8125,0.7091,0.2511,0.4041,0.7625,0.8048,0.89,15,0.7003,0.8435,0.7828,1.2476,1.25,1.25,true
CHR-BRO-1646,Abbess Alexander of Mycenaean Greece,bronze_and_iron_age,Phoenician City-States,Levant,-2588,-2563,Religious,disruptor,EVT-BRO-1646,0.677,0.7155,0.4517,0.5992,0.796,0.8225,0.8706,41,0.6116,0.7544,0.7248,1.2276,1.25,1.25,false
CHR-BRO-1647,Chronicler Puduhepa of Vedic Kingdoms,bronze_and_iron_age,Minoan Civilization,Aegean / Crete,-2058,-2015,Cultural,stabilizer,EVT-BRO-1647,0.657,0.5844,0.8946,0.8541,0.6373,0.326,0.4244,199,0.236,0.564,0.4779,0.8146,0.8444,0.755,false
CHR-BRO-1648,Poet Laureate Mursili of Mycenaean Greece,bronze_and_iron_age,Kingdom of Kush (Kerma/Napata),Nubia,-1711,-1677,Cultural,architect,EVT-BRO-1648,0.8829,0.6829,0.8306,0.8516,0.7344,0.2106,0.6835,80,0.1795,0.8031,0.5918,0.8426,0.8734,0.7809,false
CHR-BRO-1649,Alchemist Suppiluliuma of Minoan Civilization,bronze_and_iron_age,Minoan Civilization,Aegean / Crete,-2852,-2844,Scientific,catalyst,EVT-BRO-1649,0.5349,0.6518,0.6395,0.6268,0.7641,0.4628,0.7008,58,0.418,0.6012,0.5754,1.0737,1.176,1.1249,false
CHR-BRO-1650,Prefect Wu of Vedic Kingdoms,bronze_and_iron_age,Shang Dynasty,East Asia,-3006,-2990,Political,catalyst,EVT-BRO-1650,0.6899,0.6578,0.5366,0.6143,0.8858,0.6979,0.7786,50,0.5418,0.7254,0.6911,1.1102,1.2159,1.1631,false
CHR-BRO-1651,Minister Khaldun of Vedic Kingdoms,bronze_and_iron_age,Vedic Kingdoms,South Asia,-921,-911,Political,wildcard,EVT-BRO-1651,0.704,0.3653,0.5117,0.4407,0.2058,0.479,0.6762,29,0.5191,0.6929,0.5117,1.0035,1.0537,1.1039,false
CHR-BRO-1652,Hierophant Hattusili of Minoan Civilization,bronze_and_iron_age,Hittite Empire,Anatolia,-1567,-1540,Religious,disruptor,EVT-BRO-1652,0.7684,0.7269,0.4013,0.4709,0.8574,0.657,0.9476,14,0.5931,0.8401,0.7568,1.2386,1.25,1.25,true
CHR-BRO-1653,Astronomer Sun of Western Zhou Dynasty,bronze_and_iron_age,Mycenaean Greece,Aegean,-2845,-2835,Scientific,catalyst,EVT-BRO-1653,0.7849,0.7989,0.5519,0.7001,0.8254,0.6225,0.8879,18,0.4612,0.8261,0.7262,1.1213,1.2281,1.1747,false
CHR-BRO-1654,Strategos Imhotep of Babylonia,bronze_and_iron_age,Babylonia,Mesopotamia,-2880,-2845,Military,disruptor,EVT-BRO-1654,0.6607,0.6763,0.3408,0.3863,0.9463,0.7966,0.7518,10,0.7051,0.6971,0.7374,1.2319,1.25,1.25,false
CHR-BRO-1655,Hierophant Chen of Babylonia,bronze_and_iron_age,Indus Valley (Late),South Asia,-2733,-2728,Religious,architect,EVT-BRO-1655,0.8235,0.7195,0.7191,0.8953,0.6755,0.2254,0.7379,127,0.165,0.7893,0.5929,0.8429,0.8737,0.7812,false
CHR-BRO-1656,Cardinal Solon of Shang Dynasty,bronze_and_iron_age,Sumer & Akkad,Mesopotamia,-2256,-2212,Religious,catalyst,EVT-BRO-1656,0.7865,0.7744,0.4976,0.6953,0.7289,0.5548,0.8458,33,0.4298,0.8102,0.6977,1.1123,1.2182,1.1652,false
CHR-BRO-1657,Senator Mursili of Mycenaean Greece,bronze_and_iron_age,Elamite Empire,Ancient Iran,-2808,-2780,Political,wildcard,EVT-BRO-1657,0.4642,0.3647,0.2436,0.2286,0.4789,0.3766,0.5235,61,0.574,0.4879,0.4918,0.9975,1.0474,1.0973,false
CHR-BRO-1658,Customs Director Kheti of Minoan Civilization,bronze_and_iron_age,Mycenaean Greece,Aegean,-824,-809,Economic,disruptor,EVT-BRO-1658,0.7574,0.8151,0.4961,0.3232,0.9173,0.7751,0.7332,26,0.7259,0.7477,0.7597,1.2396,1.25,1.25,true
CHR-BRO-1659,Chancellor Valdemar of Sumer & Akkad,bronze_and_iron_age,Indus Valley (Late),South Asia,-1965,-1939,Political,architect,EVT-BRO-1659,0.7015,0.6696,0.6835,0.7469,0.6702,0.3295,0.6427,162,0.2913,0.678,0.5665,0.8364,0.867,0.7752,false
CHR-BRO-1660,Treasurer Dara of Western Zhou Dynasty,bronze_and_iron_age,Elamite Empire,Ancient Iran,-965,-941,Economic,catalyst,EVT-BRO-1660,0.57,0.8442,0.625,0.7195,0.8081,0.6487,0.7262,56,0.4646,0.6324,0.6481,1.0967,1.2011,1.1489,false
CHR-BRO-1661,Syndic Hammurabi of Hittite Empire,bronze_and_iron_age,Assyrian Empire,Near East,-2640,-2617,Economic,disruptor,EVT-BRO-1661,0.6874,0.6711,0.2648,0.5201,0.8835,0.7152,0.923,24,0.5975,0.7817,0.7483,1.2357,1.25,1.25,false
CHR-BRO-1662,Geometer Narmer of Hittite Empire,bronze_and_iron_age,Ancient Egypt,North Africa / Nile,-1738,-1715,Scientific,wildcard,EVT-BRO-1662,0.4807,0.5147,0.5577,0.4132,0.4049,0.321,0.5788,60,0.4539,0.5199,0.4667,0.99,1.0395,1.089,false
CHR-BRO-1663,Centurion Chandra of Ancient Egypt,bronze_and_iron_age,Indus Valley (Late),South Asia,-1658,-1619,Military,wildcard,EVT-BRO-1663,0.5522,0.6849,0.6684,0.5537,0.3345,0.4578,0.6846,39,0.4521,0.6051,0.5178,1.0053,1.0556,1.1059,false
CHR-BRO-1664,Chancellor Dara of Shang Dynasty,bronze_and_iron_age,Assyrian Empire,Near East,-1165,-1126,Political,wildcard,EVT-BRO-1664,0.8079,0.6793,0.4277,0.5286,0.3489,0.6431,0.5705,48,0.5573,0.7129,0.619,1.0357,1.0875,1.1393,false
CHR-BRO-1665,Philosopher Alexander of Vedic Kingdoms,bronze_and_iron_age,Shang Dynasty,East Asia,-1669,-1661,Cultural,catalyst,EVT-BRO-1665,0.798,0.7113,0.7054,0.7031,0.7783,0.4892,0.7672,38,0.3931,0.7857,0.6557,1.099,1.2037,1.1514,false
CHR-BRO-1666,Commander Thutmose of Phoenician City-States,bronze_and_iron_age,Kingdom of Kush (Kerma/Napata),Nubia,-3091,-3078,Military,stabilizer,EVT-BRO-1666,0.6603,0.5877,0.9151,0.7102,0.5789,0.3435,0.5549,91,0.3167,0.6182,0.4978,0.8195,0.8494,0.7595,false
CHR-BRO-1667,Physician Al-Mansur of Western Zhou Dynasty,bronze_and_iron_age,Western Zhou Dynasty,East Asia,-1999,-1977,Scientific,disruptor,EVT-BRO-1667,0.6998,0.5394,0.4302,0.4778,0.9322,0.9171,0.8878,18,0.7196,0.775,0.7495,1.2361,1.25,1.25,false
CHR-BRO-1668,General Bradford of Indus Valley (Late),bronze_and_iron_age,Western Zhou Dynasty,East Asia,-1183,-1176,Military,wildcard,EVT-BRO-1668,0.5504,0.7324,0.5139,0.2527,0.4565,0.7347,0.6205,67,0.741,0.5784,0.6052,1.0316,1.0831,1.1347,false
CHR-BRO-1669,Cardinal Qian of Minoan Civilization,bronze_and_iron_age,Kingdom of Kush (Kerma/Napata),Nubia,-939,-932,Religious,stabilizer,EVT-BRO-1669,0.6069,0.7481,0.8794,0.8586,0.4792,0.1652,0.5398,236,0.1533,0.58,0.4607,0.8103,0.84,0.751,false
CHR-BRO-1670,Minister Averroes of Indus Valley (Late),bronze_and_iron_age,Hittite Empire,Anatolia,-1785,-1752,Political,disruptor,EVT-BRO-1670,0.6342,0.8413,0.5141,0.4865,0.9283,0.905,0.8171,17,0.7092,0.7073,0.7566,1.2385,1.25,1.25,true
CHR-BRO-1671,Strategos Narmer of Indus Valley (Late),bronze_and_iron_age,Vedic Kingdoms,South Asia,-2602,-2557,Military,catalyst,EVT-BRO-1671,0.7192,0.7174,0.6986,0.686,0.8416,0.5265,0.7739,20,0.4202,0.7411,0.6545,1.0987,1.2033,1.151,false
CHR-BRO-1672,High Priest Solon of Mycenaean Greece,bronze_and_iron_age,Babylonia,Mesopotamia,-1062,-1042,Religious,wildcard,EVT-BRO-1672,0.669,0.7363,0.1944,0.5793,0.8155,0.3853,0.7983,24,0.403,0.7208,0.6792,1.0537,1.1064,1.1591,false
CHR-BRO-1673,Governor Suppiluliuma of Shang Dynasty,bronze_and_iron_age,Indus Valley (Late),South Asia,-920,-908,Political,wildcard,EVT-BRO-1673,0.8657,0.8412,0.5667,0.7295,0.6576,0.7866,0.7521,64,0.5285,0.8202,0.7289,1.0687,1.1221,1.1755,false
CHR-BRO-1674,Marshal Qian of Assyrian Empire,bronze_and_iron_age,Indus Valley (Late),South Asia,-1003,-988,Military,architect,EVT-BRO-1674,0.6637,0.7856,0.8228,0.8885,0.5559,0.2826,0.7995,94,0.1971,0.718,0.5528,0.833,0.8635,0.772,false
CHR-BRO-1675,Consul Bradford of Western Zhou Dynasty,bronze_and_iron_age,Indus Valley (Late),South Asia,-2507,-2483,Political,stabilizer,EVT-BRO-1675,0.6625,0.5511,0.8716,0.8761,0.4527,0.3473,0.4619,121,0.2356,0.5823,0.4566,0.8093,0.8389,0.7501,false
CHR-BRO-1676,Viceroy Saladin of Indus Valley (Late),bronze_and_iron_age,Shang Dynasty,East Asia,-2560,-2542,Political,stabilizer,EVT-BRO-1676,0.7533,0.7169,0.7584,0.8351,0.5009,0.3117,0.4128,146,0.2383,0.6171,0.5121,0.823,0.8531,0.7628,false
CHR-BRO-1677,Physician Adams of Hittite Empire,bronze_and_iron_age,Indus Valley (Late),South Asia,-1511,-1484,Scientific,wildcard,EVT-BRO-1677,0.8268,0.7726,0.6797,0.7786,0.6194,0.8073,0.5723,43,0.5144,0.725,0.6655,1.0497,1.1021,1.1546,false
CHR-BRO-1678,Physician Bradford of Minoan Civilization,bronze_and_iron_age,Vedic Kingdoms,South Asia,-1075,-1048,Scientific,catalyst,EVT-BRO-1678,0.7868,0.7375,0.6969,0.744,0.7932,0.5596,0.7899,49,0.4078,0.788,0.6718,1.1041,1.2093,1.1567,false
CHR-BRO-1679,Alchemist Ashoka of Indus Valley (Late),bronze_and_iron_age,Sumer & Akkad,Mesopotamia,-2473,-2467,Scientific,stabilizer,EVT-BRO-1679,0.6336,0.6874,0.7306,0.8096,0.6077,0.1228,0.5439,132,0.1566,0.5977,0.4891,0.8173,0.8472,0.7575,false
CHR-BRO-1680,Viceroy Aurelius of Hittite Empire,bronze_and_iron_age,Shang Dynasty,East Asia,-2288,-2256,Political,disruptor,EVT-BRO-1680,0.9417,0.7399,0.3499,0.3466,0.8829,0.7108,0.7382,36,0.6821,0.8603,0.7939,1.25,1.25,1.25,true
CHR-BRO-1681,Rhetorician Sherman of Hittite Empire,bronze_and_iron_age,Western Zhou Dynasty,East Asia,-2041,-2018,Cultural,wildcard,EVT-BRO-1681,0.6714,0.6891,0.5471,0.4365,0.7331,0.3066,0.4605,50,0.4351,0.5871,0.5697,1.0209,1.072,1.123,false
CHR-BRO-1682,Patriarch Song of Assyrian Empire,bronze_and_iron_age,Mycenaean Greece,Aegean,-1757,-1735,Religious,stabilizer,EVT-BRO-1682,0.7483,0.6299,0.8715,0.7602,0.5651,0.2695,0.4753,107,0.2547,0.6391,0.5029,0.8207,0.8507,0.7607,false
CHR-BRO-1683,Polymath Talleyrand of Western Zhou Dynasty,bronze_and_iron_age,Sumer & Akkad,Mesopotamia,-2685,-2673,Scientific,stabilizer,EVT-BRO-1683,0.7598,0.6269,0.9186,0.7125,0.6733,0.2016,0.5432,52,0.2446,0.6732,0.5192,0.8247,0.8549,0.7644,false
CHR-BRO-1684,Centurion Thutmose of Shang Dynasty,bronze_and_iron_age,Hittite Empire,Anatolia,-863,-842,Military,stabilizer,EVT-BRO-1684,0.6221,0.6277,0.8882,0.8524,0.5372,0.2511,0.407,51,0.1993,0.536,0.4475,0.8071,0.8366,0.75,false
CHR-BRO-1685,High Priest Chen of Minoan Civilization,bronze_and_iron_age,Elamite Empire,Ancient Iran,-1266,-1241,Religious,architect,EVT-BRO-1685,0.9,0.6083,0.8238,0.867,0.6004,0.4371,0.8155,27,0.2851,0.8662,0.6185,0.8491,0.8802,0.787,false
CHR-BRO-1686,High Priest Talleyrand of Babylonia,bronze_and_iron_age,Sumer & Akkad,Mesopotamia,-2235,-2228,Religious,architect,EVT-BRO-1686,0.7772,0.6726,0.8297,0.825,0.5193,0.3533,0.6498,124,0.2642,0.7262,0.5493,0.8321,0.8626,0.7712,false
CHR-BRO-1687,Merchant Prince Godfrey of Hittite Empire,bronze_and_iron_age,Ancient Egypt,North Africa / Nile,-2756,-2728,Economic,architect,EVT-BRO-1687,0.72,0.8665,0.7899,0.7612,0.6548,0.2687,0.7629,57,0.2538,0.7372,0.5959,0.8436,0.8745,0.7819,false
CHR-BRO-1688,Chamberlain Samsi-Adad of Kingdom of Kush (Kerma/Napata),bronze_and_iron_age,Babylonia,Mesopotamia,-2896,-2859,Economic,stabilizer,EVT-BRO-1688,0.592,0.6199,0.747,0.6994,0.4805,0.1916,0.4786,75,0.2461,0.5466,0.4539,0.8087,0.8382,0.75,false
CHR-BRO-1689,High Priest Madison of Western Zhou Dynasty,bronze_and_iron_age,Shang Dynasty,East Asia,-1944,-1920,Religious,disruptor,EVT-BRO-1689,0.663,0.744,0.4336,0.6155,0.8601,0.8188,0.7517,37,0.6016,0.6984,0.7178,1.2251,1.25,1.25,false
CHR-BRO-1690,Abbess Hathor of Kingdom of Kush (Kerma/Napata),bronze_and_iron_age,Sumer & Akkad,Mesopotamia,-1121,-1083,Religious,catalyst,EVT-BRO-1690,0.7974,0.6509,0.5948,0.7466,0.9124,0.7264,0.8654,26,0.4899,0.8246,0.7258,1.1211,1.2279,1.1745,false
CHR-BRO-1691,Centurion Samsi-Adad of Ancient Egypt,bronze_and_iron_age,Hittite Empire,Anatolia,-1728,-1717,Military,architect,EVT-BRO-1691,0.8607,0.7133,0.754,0.9074,0.6721,0.3144,0.5962,40,0.2035,0.7549,0.5888,0.8418,0.8726,0.7802,false
CHR-BRO-1692,Admiral Theodosius of Babylonia,bronze_and_iron_age,Vedic Kingdoms,South Asia,-1003,-985,Military,architect,EVT-BRO-1692,0.8543,0.7616,0.8676,0.8142,0.6033,0.1943,0.6797,157,0.19,0.7845,0.5719,0.8377,0.8683,0.7764,false
CHR-BRO-1693,Chancellor Leonidas of Babylonia,bronze_and_iron_age,Shang Dynasty,East Asia,-1687,-1664,Political,catalyst,EVT-BRO-1693,0.7339,0.8468,0.454,0.7549,0.788,0.7103,0.7041,20,0.4777,0.722,0.7077,1.1154,1.2217,1.1685,false
CHR-BRO-1694,Pontiff Li of Babylonia,bronze_and_iron_age,Assyrian Empire,Near East,-1030,-1011,Religious,architect,EVT-BRO-1694,0.8489,0.7856,0.6866,0.8922,0.6974,0.4079,0.6826,57,0.2579,0.7824,0.635,0.8532,0.8844,0.7908,false
CHR-BRO-1695,Geometer Narmer of Sumer & Akkad,bronze_and_iron_age,Vedic Kingdoms,South Asia,-2645,-2635,Scientific,wildcard,EVT-BRO-1695,0.5404,0.7697,0.2455,0.4119,0.4167,0.6229,0.7669,19,0.6055,0.631,0.6264,1.0379,1.0898,1.1417,false
CHR-BRO-1696,Commander Wu of Assyrian Empire,bronze_and_iron_age,Kingdom of Kush (Kerma/Napata),Nubia,-939,-902,Military,disruptor,EVT-BRO-1696,0.8299,0.6535,0.3644,0.6007,0.8643,0.8512,0.8429,9,0.6252,0.8351,0.7728,1.2441,1.25,1.25,true
CHR-BRO-1697,Archon Li of Vedic Kingdoms,bronze_and_iron_age,Vedic Kingdoms,South Asia,-2110,-2074,Political,stabilizer,EVT-BRO-1697,0.6492,0.6556,0.9126,0.6981,0.5011,0.2198,0.4948,224,0.2609,0.5875,0.4668,0.8118,0.8415,0.7524,false
CHR-BRO-1698,Dramatist Qian of Babylonia,bronze_and_iron_age,Hittite Empire,Anatolia,-1719,-1694,Cultural,stabilizer,EVT-BRO-1698,0.8184,0.6994,0.8316,0.7952,0.6668,0.3054,0.4804,155,0.2551,0.6832,0.5545,0.8334,0.8639,0.7724,false
CHR-BRO-1699,Cardinal Harun of Hittite Empire,bronze_and_iron_age,Mycenaean Greece,Aegean,-1120,-1077,Religious,stabilizer,EVT-BRO-1699,0.5969,0.7197,0.9325,0.8938,0.5036,0.3329,0.6246,98,0.2195,0.608,0.4884,0.8171,0.847,0.7574,false
CHR-BRO-1700,Treasurer Belisarius of Mycenaean Greece,bronze_and_iron_age,Western Zhou Dynasty,East Asia,-1034,-1022,Economic,wildcard,EVT-BRO-1700,0.5794,0.5247,0.6994,0.2642,0.7225,0.3531,0.6566,17,0.5445,0.6103,0.5502,1.0151,1.0658,1.1166,false
CHR-BRO-1701,Customs Director Constantine of Ancient Egypt,bronze_and_iron_age,Assyrian Empire,Near East,-1969,-1964,Economic,architect,EVT-BRO-1701,0.8343,0.6912,0.8865,0.7123,0.6389,0.4019,0.5628,154,0.3448,0.7257,0.5785,0.8393,0.87,0.7779,false
CHR-BRO-1702,Abbess Gao of Assyrian Empire,bronze_and_iron_age,Vedic Kingdoms,South Asia,-2372,-2350,Religious,wildcard,EVT-BRO-1702,0.7034,0.5591,0.3591,0.7729,0.6973,0.7991,0.8202,59,0.5131,0.7501,0.6826,1.0548,1.1075,1.1603,false
CHR-BRO-1703,Cardinal Leonidas of Western Zhou Dynasty,bronze_and_iron_age,Western Zhou Dynasty,East Asia,-1339,-1323,Religious,stabilizer,EVT-BRO-1703,0.7629,0.6988,0.7208,0.7922,0.453,0.249,0.6663,102,0.2284,0.7243,0.5391,0.8296,0.86,0.7689,false
CHR-BRO-1704,Archon Mazarin of Hittite Empire,bronze_and_iron_age,Assyrian Empire,Near East,-1328,-1292,Political,stabilizer,EVT-BRO-1704,0.7763,0.5612,0.7459,0.8038,0.6691,0.1862,0.6441,181,0.1912,0.7234,0.5384,0.8294,0.8598,0.7688,false
CHR-BRO-1705,Customs Director Hattusili of Assyrian Empire,bronze_and_iron_age,Mycenaean Greece,Aegean,-1736,-1692,Economic,disruptor,EVT-BRO-1705,0.6653,0.5827,0.2239,0.5343,0.8377,0.7537,0.8023,6,0.6097,0.7201,0.7137,1.2237,1.25,1.25,false
CHR-BRO-1706,Arch-Engineer Bradford of Ancient Egypt,bronze_and_iron_age,Kingdom of Kush (Kerma/Napata),Nubia,-1604,-1578,Scientific,disruptor,EVT-BRO-1706,0.7393,0.8447,0.2764,0.5069,0.7229,0.8624,0.7593,30,0.6778,0.7473,0.7602,1.2398,1.25,1.25,true
CHR-BRO-1707,Prefect Franklin of Ancient Egypt,bronze_and_iron_age,Vedic Kingdoms,South Asia,-2343,-2333,Political,architect,EVT-BRO-1707,0.9003,0.7434,0.8492,0.9046,0.7047,0.2192,0.5515,103,0.1573,0.7608,0.5777,0.8391,0.8698,0.7777,false
CHR-BRO-1708,Astronomer Colbert of Mycenaean Greece,bronze_and_iron_age,Shang Dynasty,East Asia,-1294,-1288,Scientific,disruptor,EVT-BRO-1708,0.9066,0.6786,0.3376,0.5649,0.748,0.7368,0.7741,24,0.586,0.8536,0.7553,1.2381,1.25,1.25,true
CHR-BRO-1709,Chamberlain Franklin of Shang Dynasty,bronze_and_iron_age,Ancient Egypt,North Africa / Nile,-1309,-1275,Economic,stabilizer,EVT-BRO-1709,0.6326,0.6006,0.8093,0.8888,0.6996,0.2797,0.5892,203,0.1954,0.6152,0.5081,0.822,0.8521,0.7619,false
CHR-BRO-1710,Merchant Prince Wu of Minoan Civilization,bronze_and_iron_age,Mycenaean Greece,Aegean,-2029,-2007,Economic,disruptor,EVT-BRO-1710,0.9484,0.6428,0.236,0.3225,0.8971,0.9198,0.8446,37,0.7987,0.9069,0.843,1.25,1.25,1.25,true
CHR-BRO-1711,Abbess Narmer of Ancient Egypt,bronze_and_iron_age,Vedic Kingdoms,South Asia,-2604,-2573,Religious,architect,EVT-BRO-1711,0.8831,0.7686,0.682,0.7977,0.6756,0.3129,0.5612,76,0.2576,0.7543,0.6104,0.8472,0.8782,0.7852,false
CHR-BRO-1712,Chronicler Godfrey of Ancient Egypt,bronze_and_iron_age,Assyrian Empire,Near East,-2117,-2081,Cultural,architect,EVT-BRO-1712,0.6958,0.8747,0.7705,0.7924,0.5892,0.2261,0.6746,82,0.2169,0.6873,0.562,0.8352,0.8658,0.7741,false
CHR-BRO-1713,Syndic Sargon of Shang Dynasty,bronze_and_iron_age,Kingdom of Kush (Kerma/Napata),Nubia,-2304,-2275,Economic,catalyst,EVT-BRO-1713,0.623,0.7909,0.5414,0.6173,0.8854,0.732,0.879,53,0.5574,0.7254,0.7138,1.1174,1.2238,1.1706,false
CHR-BRO-1714,Governor Ramesses of Minoan Civilization,bronze_and_iron_age,Shang Dynasty,East Asia,-1117,-1072,Political,wildcard,EVT-BRO-1714,0.5944,0.3739,0.2427,0.3067,0.2316,0.5017,0.6102,40,0.5975,0.6007,0.5166,1.005,1.0552,1.1055,false
CHR-BRO-1715,Commander Valdemar of Mycenaean Greece,bronze_and_iron_age,Western Zhou Dynasty,East Asia,-2307,-2291,Military,wildcard,EVT-BRO-1715,0.7939,0.4941,0.5829,0.508,0.3329,0.6157,0.5918,40,0.5539,0.713,0.57,1.021,1.072,1.1231,false
CHR-BRO-1716,Centurion Seneb of Sumer & Akkad,bronze_and_iron_age,Minoan Civilization,Aegean / Crete,-2125,-2082,Military,catalyst,EVT-BRO-1716,0.5711,0.9045,0.7117,0.6926,0.7368,0.4704,0.8723,53,0.3889,0.6916,0.6346,1.0924,1.1964,1.1444,false
CHR-BRO-1717,Archon Samudra of Ancient Egypt,bronze_and_iron_age,Assyrian Empire,Near East,-1190,-1178,Political,architect,EVT-BRO-1717,0.8341,0.8079,0.7663,0.7585,0.7358,0.4145,0.686,173,0.328,0.7748,0.6406,0.8546,0.8859,0.7921,false
CHR-BRO-1718,Marshal Zhao of Mycenaean Greece,bronze_and_iron_age,Babylonia,Mesopotamia,-2626,-2607,Military,disruptor,EVT-BRO-1718,0.8859,0.6802,0.4556,0.3948,0.7785,0.8805,0.8711,20,0.7428,0.88,0.7877,1.2493,1.25,1.25,true
CHR-BRO-1719,Metallurgist Li of Ancient Egypt,bronze_and_iron_age,Shang Dynasty,East Asia,-1065,-1031,Scientific,catalyst,EVT-BRO-1719,0.5807,0.7156,0.4958,0.7455,0.7702,0.7922,0.8457,15,0.5233,0.6867,0.6769,1.1057,1.211,1.1584,false
CHR-BRO-1720,Metallurgist Gao of Hittite Empire,bronze_and_iron_age,Mycenaean Greece,Aegean,-1359,-1319,Scientific,architect,EVT-BRO-1720,0.8925,0.6364,0.8717,0.8359,0.6464,0.2685,0.6533,86,0.2163,0.7968,0.5748,0.8384,0.8691,0.7771,false
CHR-BRO-1721,Prefect Averroes of Ancient Egypt,bronze_and_iron_age,Minoan Civilization,Aegean / Crete,-3010,-2995,Political,architect,EVT-BRO-1721,0.7212,0.7854,0.7991,0.8554,0.7094,0.2668,0.5903,61,0.2057,0.6688,0.5604,0.8349,0.8654,0.7738,false
CHR-BRO-1722,Prefect Qian of Babylonia,bronze_and_iron_age,Phoenician City-States,Levant,-2883,-2840,Political,stabilizer,EVT-BRO-1722,0.7877,0.7173,0.8807,0.8018,0.5194,0.1655,0.4445,204,0.1818,0.6504,0.4958,0.819,0.8489,0.759,false
CHR-BRO-1723,Geometer Vikram of Sumer & Akkad,bronze_and_iron_age,Sumer & Akkad,Mesopotamia,-2494,-2450,Scientific,disruptor,EVT-BRO-1723,0.6205,0.6362,0.456,0.4574,0.8683,0.9479,0.849,14,0.7453,0.7119,0.7319,1.23,1.25,1.25,false
CHR-BRO-1724,Synod Envoy Samudra of Hittite Empire,bronze_and_iron_age,Phoenician City-States,Levant,-1578,-1533,Religious,disruptor,EVT-BRO-1724,0.7091,0.6852,0.4301,0.629,0.9463,0.8315,0.7423,40,0.6012,0.7224,0.7336,1.2306,1.25,1.25,false
CHR-BRO-1725,Scribe Li of Phoenician City-States,bronze_and_iron_age,Sumer & Akkad,Mesopotamia,-3093,-3051,Cultural,disruptor,EVT-BRO-1725,0.7951,0.615,0.4796,0.5514,0.7164,0.9058,0.7519,8,0.6772,0.7778,0.7216,1.2265,1.25,1.25,false
CHR-BRO-1726,Merchant Prince Hammurabi of Mycenaean Greece,bronze_and_iron_age,Western Zhou Dynasty,East Asia,-2217,-2199,Economic,architect,EVT-BRO-1726,0.916,0.7741,0.8744,0.8777,0.7467,0.3263,0.6235,166,0.2243,0.799,0.6183,0.8491,0.8802,0.787,false
CHR-BRO-1727,Centurion Ibn-Sina of Phoenician City-States,bronze_and_iron_age,Sumer & Akkad,Mesopotamia,-2777,-2767,Military,disruptor,EVT-BRO-1727,0.6905,0.815,0.3314,0.4599,0.9061,0.8075,0.7798,21,0.6738,0.7262,0.7628,1.2406,1.25,1.25,true
CHR-BRO-1728,Polymath Hattusili of Sumer & Akkad,bronze_and_iron_age,Vedic Kingdoms,South Asia,-1680,-1670,Scientific,stabilizer,EVT-BRO-1728,0.8033,0.6437,0.9343,0.7572,0.457,0.2962,0.6063,58,0.2695,0.7245,0.52,0.8249,0.8551,0.7646,false
CHR-BRO-1729,Chancellor Adams of Assyrian Empire,bronze_and_iron_age,Babylonia,Mesopotamia,-3052,-3027,Political,wildcard,EVT-BRO-1729,0.5195,0.3698,0.6071,0.5523,0.6395,0.4306,0.4773,5,0.4392,0.5026,0.4791,0.9937,1.0434,1.0931,false
CHR-BRO-1730,Pontiff Puduhepa of Minoan Civilization,bronze_and_iron_age,Sumer & Akkad,Mesopotamia,-2669,-2646,Religious,disruptor,EVT-BRO-1730,0.7588,0.7563,0.3418,0.6134,0.7793,0.8904,0.8355,38,0.6385,0.7895,0.7641,1.2411,1.25,1.25,true
CHR-BRO-1731,Merchant Prince Telepinu of Minoan Civilization,bronze_and_iron_age,Western Zhou Dynasty,East Asia,-2100,-2065,Economic,catalyst,EVT-BRO-1731,0.5492,0.7036,0.7445,0.627,0.7606,0.6728,0.7164,27,0.5229,0.6161,0.6095,1.0845,1.1878,1.1361,false
CHR-BRO-1732,Guild Master Rimush of Phoenician City-States,bronze_and_iron_age,Kingdom of Kush (Kerma/Napata),Nubia,-2279,-2264,Economic,architect,EVT-BRO-1732,0.6658,0.6428,0.7783,0.8949,0.6311,0.433,0.672,118,0.269,0.6683,0.5507,0.8325,0.8629,0.7716,false
CHR-BRO-1733,Abbess Al-Mansur of Vedic Kingdoms,bronze_and_iron_age,Kingdom of Kush (Kerma/Napata),Nubia,-1643,-1616,Religious,catalyst,EVT-BRO-1733,0.5754,0.7427,0.6982,0.7687,0.883,0.5041,0.7395,59,0.3677,0.6411,0.616,1.0865,1.19,1.1383,false
CHR-BRO-1734,Geometer Naram-Sin of Hittite Empire,bronze_and_iron_age,Shang Dynasty,East Asia,-1139,-1118,Scientific,stabilizer,EVT-BRO-1734,0.6918,0.7029,0.9056,0.8882,0.4571,0.1723,0.5537,196,0.1421,0.6366,0.4709,0.8128,0.8426,0.7534,false
CHR-BRO-1735,Astronomer Sherman of Hittite Empire,bronze_and_iron_age,Elamite Empire,Ancient Iran,-2364,-2341,Scientific,catalyst,EVT-BRO-1735,0.5948,0.9083,0.6779,0.7479,0.8314,0.6746,0.8367,13,0.4633,0.6916,0.6812,1.1071,1.2125,1.1598,false
CHR-BRO-1736,Metallurgist Mazarin of Minoan Civilization,bronze_and_iron_age,Vedic Kingdoms,South Asia,-1132,-1101,Scientific,disruptor,EVT-BRO-1736,0.9046,0.7094,0.2628,0.5891,0.7934,0.7981,0.8702,41,0.6045,0.8909,0.7961,1.25,1.25,1.25,true
CHR-BRO-1737,Poet Laureate Hammurabi of Western Zhou Dynasty,bronze_and_iron_age,Shang Dynasty,East Asia,-1624,-1583,Cultural,catalyst,EVT-BRO-1737,0.7317,0.6601,0.7327,0.6948,0.845,0.6432,0.7872,60,0.4742,0.7539,0.6652,1.1021,1.207,1.1545,false
CHR-BRO-1738,Cardinal Telepinu of Kingdom of Kush (Kerma/Napata),bronze_and_iron_age,Shang Dynasty,East Asia,-3100,-3071,Religious,architect,EVT-BRO-1738,0.7461,0.6335,0.8493,0.7835,0.698,0.2667,0.6819,125,0.2416,0.7204,0.5544,0.8334,0.8639,0.7724,false
CHR-BRO-1739,Vizier Sherman of Elamite Empire,bronze_and_iron_age,Hittite Empire,Anatolia,-2609,-2596,Political,stabilizer,EVT-BRO-1739,0.7116,0.5746,0.7733,0.892,0.6383,0.1439,0.562,184,0.1259,0.6517,0.4938,0.8185,0.8484,0.7586,false
CHR-BRO-1740,Chancellor Hathor of Sumer & Akkad,bronze_and_iron_age,Phoenician City-States,Levant,-2281,-2244,Political,architect,EVT-BRO-1740,0.7517,0.7951,0.7971,0.8462,0.5171,0.1968,0.792,112,0.1753,0.7678,0.5611,0.835,0.8656,0.7739,false
CHR-BRO-1741,Customs Director Mazarin of Phoenician City-States,bronze_and_iron_age,Elamite Empire,Ancient Iran,-2895,-2865,Economic,catalyst,EVT-BRO-1741,0.5419,0.6958,0.5188,0.7133,0.9063,0.5486,0.7482,35,0.4177,0.6245,0.6328,1.0918,1.1958,1.1438,false
CHR-BRO-1742,Alchemist Rajaraja of Phoenician City-States,bronze_and_iron_age,Indus Valley (Late),South Asia,-2020,-1989,Scientific,architect,EVT-BRO-1742,0.6549,0.7027,0.7142,0.8842,0.5827,0.405,0.7017,66,0.2604,0.6736,0.5569,0.834,0.8645,0.773,false
CHR-BRO-1743,Physician Samudra of Mycenaean Greece,bronze_and_iron_age,Kingdom of Kush (Kerma/Napata),Nubia,-1307,-1294,Scientific,wildcard,EVT-BRO-1743,0.7895,0.7479,0.2558,0.7134,0.3546,0.7352,0.485,64,0.5109,0.6677,0.6345,1.0404,1.0924,1.1444,false
CHR-BRO-1744,General Cao of Sumer & Akkad,bronze_and_iron_age,Minoan Civilization,Aegean / Crete,-2341,-2317,Military,wildcard,EVT-BRO-1744,0.871,0.6915,0.1585,0.3239,0.2638,0.5128,0.4755,63,0.5944,0.7128,0.6272,1.0382,1.0901,1.142,false
CHR-BRO-1745,Customs Director Theodosius of Mycenaean Greece,bronze_and_iron_age,Indus Valley (Late),South Asia,-2496,-2491,Economic,architect,EVT-BRO-1745,0.686,0.6106,0.6932,0.8164,0.6088,0.2562,0.6519,179,0.2199,0.6724,0.5305,0.8275,0.8578,0.767,false
CHR-BRO-1746,Poet Laureate Imhotep of Indus Valley (Late),bronze_and_iron_age,Sumer & Akkad,Mesopotamia,-2229,-2206,Cultural,stabilizer,EVT-BRO-1746,0.6853,0.7285,0.7609,0.7284,0.6964,0.296,0.479,204,0.2838,0.6028,0.5388,0.8295,0.8599,0.7688,false
CHR-BRO-1747,Rhetorician Chandra of Elamite Empire,bronze_and_iron_age,Western Zhou Dynasty,East Asia,-930,-888,Cultural,wildcard,EVT-BRO-1747,0.6366,0.586,0.4853,0.7991,0.4878,0.7814,0.7346,19,0.4912,0.6758,0.6091,1.0327,1.0844,1.136,false
CHR-BRO-1748,Rhetorician Wu of Western Zhou Dynasty,bronze_and_iron_age,Ancient Egypt,North Africa / Nile,-1924,-1892,Cultural,disruptor,EVT-BRO-1748,0.6632,0.5151,0.3445,0.474,0.7756,0.9465,0.8466,6,0.7362,0.7365,0.7202,1.226,1.25,1.25,false
CHR-BRO-1749,Viceroy Constantine of Phoenician City-States,bronze_and_iron_age,Assyrian Empire,Near East,-1472,-1439,Political,disruptor,EVT-BRO-1749,0.8301,0.5665,0.218,0.5423,0.8022,0.8727,0.9224,23,0.6652,0.867,0.7832,1.2477,1.25,1.25,true
CHR-BRO-1750,Metallurgist Wu of Minoan Civilization,bronze_and_iron_age,Elamite Empire,Ancient Iran,-2912,-2902,Scientific,wildcard,EVT-BRO-1750,0.7554,0.7354,0.3273,0.6059,0.3434,0.4072,0.606,52,0.4007,0.6956,0.5896,1.0269,1.0782,1.1296,false
CHR-BRO-1751,Arch-Engineer Ibn-Sina of Kingdom of Kush (Kerma/Napata),bronze_and_iron_age,Western Zhou Dynasty,East Asia,-1091,-1086,Scientific,catalyst,EVT-BRO-1751,0.5389,0.8659,0.6411,0.5739,0.7483,0.6654,0.8563,48,0.5457,0.6659,0.6623,1.1011,1.206,1.1536,false
CHR-BRO-1752,Legate Sun of Babylonia,bronze_and_iron_age,Hittite Empire,Anatolia,-1074,-1041,Military,stabilizer,EVT-BRO-1752,0.8382,0.678,0.919,0.8382,0.6353,0.315,0.5158,148,0.2384,0.7092,0.5474,0.8316,0.8621,0.7708,false
CHR-BRO-1753,Astronomer Richelieu of Minoan Civilization,bronze_and_iron_age,Kingdom of Kush (Kerma/Napata),Nubia,-2578,-2555,Scientific,stabilizer,EVT-BRO-1753,0.8176,0.656,0.7399,0.8958,0.5127,0.143,0.6235,206,0.1236,0.74,0.5259,0.8264,0.8566,0.7659,false
CHR-BRO-1754,High Priest Thutmose of Vedic Kingdoms,bronze_and_iron_age,Shang Dynasty,East Asia,-2683,-2675,Religious,disruptor,EVT-BRO-1754,0.7645,0.6393,0.254,0.52,0.8731,0.6923,0.9514,31,0.5862,0.8392,0.7631,1.2408,1.25,1.25,true
CHR-BRO-1755,Chancellor Rajaraja of Elamite Empire,bronze_and_iron_age,Shang Dynasty,East Asia,-832,-809,Political,stabilizer,EVT-BRO-1755,0.7219,0.7255,0.9197,0.7096,0.521,0.2441,0.6637,171,0.2672,0.6986,0.5262,0.8264,0.8567,0.766,false
CHR-BRO-1756,Treasurer Sumner of Mycenaean Greece,bronze_and_iron_age,Elamite Empire,Ancient Iran,-1547,-1502,Economic,stabilizer,EVT-BRO-1756,0.6836,0.5688,0.87,0.7875,0.6329,0.2864,0.5252,90,0.2495,0.6202,0.4965,0.8191,0.8491,0.7592,false
CHR-BRO-1757,Customs Director Hattusili of Babylonia,bronze_and_iron_age,Hittite Empire,Anatolia,-1143,-1124,Economic,stabilizer,EVT-BRO-1757,0.6417,0.747,0.7826,0.7982,0.586,0.1301,0.594,160,0.1659,0.6226,0.5008,0.8202,0.8502,0.7602,false
CHR-BRO-1758,Master Sculptor Zhao of Shang Dynasty,bronze_and_iron_age,Vedic Kingdoms,South Asia,-1869,-1826,Cultural,stabilizer,EVT-BRO-1758,0.6898,0.7265,0.8829,0.8249,0.5359,0.3126,0.4563,117,0.2438,0.5964,0.4976,0.8194,0.8494,0.7595,false
CHR-BRO-1759,Mint Overseer Sherman of Ancient Egypt,bronze_and_iron_age,Babylonia,Mesopotamia,-910,-889,Economic,architect,EVT-BRO-1759,0.8491,0.6985,0.7061,0.7663,0.5504,0.3117,0.7162,93,0.2727,0.796,0.5949,0.8433,0.8742,0.7816,false
CHR-BRO-1760,Centurion Madison of Shang Dynasty,bronze_and_iron_age,Hittite Empire,Anatolia,-2243,-2224,Military,wildcard,EVT-BRO-1760,0.8134,0.8339,0.3563,0.5294,0.7469,0.4933,0.6579,17,0.482,0.7512,0.7011,1.0603,1.1133,1.1663,false
CHR-BRO-1761,Geometer Tiglath of Elamite Empire,bronze_and_iron_age,Mycenaean Greece,Aegean,-1066,-1031,Scientific,disruptor,EVT-BRO-1761,0.7327,0.7027,0.2035,0.5445,0.7422,0.8037,0.7746,20,0.6296,0.7495,0.7391,1.2325,1.25,1.25,false
CHR-BRO-1762,Chronicler Necker of Phoenician City-States,bronze_and_iron_age,Western Zhou Dynasty,East Asia,-2514,-2487,Cultural,stabilizer,EVT-BRO-1762,0.7177,0.5637,0.7629,0.8413,0.5416,0.225,0.578,94,0.1919,0.6618,0.4973,0.8193,0.8493,0.7594,false
CHR-BRO-1763,Vizier Franklin of Assyrian Empire,bronze_and_iron_age,Shang Dynasty,East Asia,-1510,-1491,Political,architect,EVT-BRO-1763,0.6658,0.648,0.7385,0.7148,0.5884,0.3215,0.8195,154,0.3034,0.7273,0.5635,0.8356,0.8662,0.7745,false
CHR-BRO-1764,Astronomer Constantine of Indus Valley (Late),bronze_and_iron_age,Phoenician City-States,Levant,-1490,-1454,Scientific,catalyst,EVT-BRO-1764,0.7881,0.8324,0.6599,0.7628,0.9242,0.5463,0.8817,43,0.3918,0.8255,0.7206,1.1195,1.2261,1.1728,false
CHR-BRO-1765,Astronomer Alexander of Sumer & Akkad,bronze_and_iron_age,Minoan Civilization,Aegean / Crete,-1105,-1094,Scientific,architect,EVT-BRO-1765,0.7199,0.6968,0.8761,0.9192,0.5713,0.3675,0.645,160,0.2241,0.6899,0.5385,0.8295,0.8598,0.7688,false
CHR-BRO-1766,Abbess Baldwin of Hittite Empire,bronze_and_iron_age,Babylonia,Mesopotamia,-1516,-1507,Religious,architect,EVT-BRO-1766,0.6553,0.6154,0.8927,0.9154,0.5569,0.2477,0.5582,129,0.1661,0.6165,0.4755,0.814,0.8438,0.7544,false
CHR-BRO-1767,Senator Mursili of Minoan Civilization,bronze_and_iron_age,Kingdom of Kush (Kerma/Napata),Nubia,-2247,-2202,Political,catalyst,EVT-BRO-1767,0.5131,0.8752,0.6292,0.5829,0.8228,0.7864,0.8595,50,0.6018,0.6517,0.6878,1.1092,1.2148,1.162,false
CHR-BRO-1768,Minister Ramesses of Assyrian Empire,bronze_and_iron_age,Sumer & Akkad,Mesopotamia,-1615,-1588,Political,architect,EVT-BRO-1768,0.7764,0.8614,0.858,0.896,0.7627,0.3024,0.7009,45,0.2032,0.7462,0.6076,0.8465,0.8774,0.7845,false
CHR-BRO-1769,Viceroy Dara of Sumer & Akkad,bronze_and_iron_age,Shang Dynasty,East Asia,-1729,-1705,Political,wildcard,EVT-BRO-1769,0.4221,0.7927,0.6286,0.3936,0.3182,0.1695,0.5331,26,0.3879,0.4665,0.445,0.9835,1.0327,1.0819,false
CHR-BRO-1770,Philosopher Colbert of Assyrian Empire,bronze_and_iron_age,Ancient Egypt,North Africa / Nile,-2061,-2017,Cultural,disruptor,EVT-BRO-1770,0.7485,0.6984,0.4371,0.5828,0.8366,0.866,0.8156,15,0.6416,0.7753,0.7468,1.2351,1.25,1.25,false
CHR-BRO-1771,Master Sculptor Suppiluliuma of Western Zhou Dynasty,bronze_and_iron_age,Elamite Empire,Ancient Iran,-2162,-2148,Cultural,catalyst,EVT-BRO-1771,0.6556,0.721,0.6328,0.663,0.8528,0.5771,0.8055,39,0.457,0.7156,0.6609,1.1007,1.2055,1.1531,false
CHR-BRO-1772,Philosopher Enheduanna of Ancient Egypt,bronze_and_iron_age,Minoan Civilization,Aegean / Crete,-2091,-2081,Cultural,wildcard,EVT-BRO-1772,0.7223,0.7136,0.7387,0.7829,0.4014,0.606,0.6793,36,0.4115,0.7051,0.5776,1.0233,1.0744,1.1256,false
CHR-BRO-1773,Archon Averroes of Sumer & Akkad,bronze_and_iron_age,Western Zhou Dynasty,East Asia,-2839,-2805,Political,disruptor,EVT-BRO-1773,0.6568,0.5861,0.4728,0.5662,0.845,0.7104,0.821,7,0.5721,0.7225,0.683,1.2131,1.25,1.25,false
CHR-BRO-1774,Geometer Solon of Indus Valley (Late),bronze_and_iron_age,Kingdom of Kush (Kerma/Napata),Nubia,-2192,-2157,Scientific,architect,EVT-BRO-1774,0.7752,0.7963,0.7793,0.8834,0.5948,0.3462,0.5506,156,0.2314,0.6853,0.5649,0.836,0.8665,0.7748,false
CHR-BRO-1775,Syndic Tiglath of Hittite Empire,bronze_and_iron_age,Ancient Egypt,North Africa / Nile,-2013,-1997,Economic,stabilizer,EVT-BRO-1775,0.7005,0.7076,0.731,0.7513,0.6908,0.2449,0.5118,162,0.2468,0.625,0.5377,0.8293,0.8596,0.7686,false
CHR-BRO-1776,Marshal Nizam of Ancient Egypt,bronze_and_iron_age,Shang Dynasty,East Asia,-1816,-1798,Military,stabilizer,EVT-BRO-1776,0.7944,0.6229,0.8907,0.887,0.5926,0.2913,0.5804,176,0.2022,0.7088,0.5283,0.827,0.8572,0.7664,false
CHR-BRO-1777,Admiral Friedrich of Vedic Kingdoms,bronze_and_iron_age,Mycenaean Greece,Aegean,-1476,-1463,Military,wildcard,EVT-BRO-1777,0.5448,0.7129,0.4065,0.5621,0.4138,0.2576,0.6582,45,0.3478,0.5902,0.5238,1.0071,1.0575,1.1079,false
CHR-BRO-1778,Scribe Rimush of Indus Valley (Late),bronze_and_iron_age,Indus Valley (Late),South Asia,-1664,-1646,Cultural,architect,EVT-BRO-1778,0.6842,0.8289,0.7423,0.918,0.7161,0.4333,0.6456,136,0.2577,0.6688,0.5945,0.8432,0.8741,0.7815,false
CHR-BRO-1779,Polymath Belisarius of Hittite Empire,bronze_and_iron_age,Western Zhou Dynasty,East Asia,-1984,-1954,Scientific,architect,EVT-BRO-1779,0.7101,0.7006,0.8813,0.7227,0.5303,0.3325,0.7844,130,0.3049,0.7398,0.5554,0.8336,0.8641,0.7726,false
CHR-BRO-1780,Alchemist Alexander of Western Zhou Dynasty,bronze_and_iron_age,Vedic Kingdoms,South Asia,-1404,-1395,Scientific,catalyst,EVT-BRO-1780,0.6698,0.6804,0.4509,0.7394,0.8435,0.751,0.9288,15,0.5058,0.7734,0.7159,1.118,1.2245,1.1713,false
CHR-BRO-1781,Archon Baldwin of Vedic Kingdoms,bronze_and_iron_age,Hittite Empire,Anatolia,-970,-943,Political,disruptor,EVT-BRO-1781,0.7235,0.8053,0.2464,0.479,0.8397,0.672,0.8406,44,0.5965,0.7704,0.7559,1.2383,1.25,1.25,true
CHR-BRO-1782,Hierophant Averroes of Western Zhou Dynasty,bronze_and_iron_age,Western Zhou Dynasty,East Asia,-1950,-1909,Religious,stabilizer,EVT-BRO-1782,0.7562,0.6817,0.8675,0.7718,0.5221,0.3361,0.4608,85,0.2821,0.6381,0.5138,0.8234,0.8535,0.7631,false
CHR-BRO-1783,Strategos Justinian of Minoan Civilization,bronze_and_iron_age,Elamite Empire,Ancient Iran,-1690,-1648,Military,disruptor,EVT-BRO-1783,0.7284,0.5429,0.3449,0.4982,0.8919,0.8725,0.8212,37,0.6871,0.7655,0.742,1.2335,1.25,1.25,false
CHR-BRO-1784,Admiral Song of Ancient Egypt,bronze_and_iron_age,Hittite Empire,Anatolia,-898,-862,Military,stabilizer,EVT-BRO-1784,0.774,0.7813,0.8788,0.8766,0.5193,0.2057,0.6446,67,0.1646,0.7223,0.5344,0.8285,0.8588,0.7678,false
CHR-BRO-1785,Vizier Cao of Babylonia,bronze_and_iron_age,Shang Dynasty,East Asia,-1791,-1765,Political,architect,EVT-BRO-1785,0.7928,0.7353,0.8729,0.748,0.6818,0.2875,0.7065,26,0.2698,0.7583,0.5852,0.841,0.8717,0.7794,false
CHR-BRO-1786,Scribe Mentuhotep of Ancient Egypt,bronze_and_iron_age,Babylonia,Mesopotamia,-1663,-1627,Cultural,stabilizer,EVT-BRO-1786,0.7234,0.7223,0.7856,0.7927,0.5953,0.1476,0.5692,55,0.1774,0.6617,0.5178,0.8244,0.8545,0.7641,false
CHR-BRO-1787,Astronomer Li of Vedic Kingdoms,bronze_and_iron_age,Babylonia,Mesopotamia,-2458,-2449,Scientific,architect,EVT-BRO-1787,0.834,0.8361,0.7151,0.8313,0.7651,0.352,0.7889,180,0.2603,0.8159,0.6567,0.8586,0.89,0.7957,false
CHR-BRO-1788,Scribe Cao of Assyrian Empire,bronze_and_iron_age,Elamite Empire,Ancient Iran,-2054,-2017,Cultural,wildcard,EVT-BRO-1788,0.6361,0.7075,0.2952,0.6054,0.2703,0.786,0.4215,55,0.5903,0.5503,0.577,1.0231,1.0743,1.1254,false
CHR-BRO-1789,Prefect Suppiluliuma of Hittite Empire,bronze_and_iron_age,Vedic Kingdoms,South Asia,-1552,-1538,Political,architect,EVT-BRO-1789,0.7161,0.7699,0.844,0.8977,0.5645,0.4006,0.6034,71,0.2514,0.671,0.5505,0.8324,0.8629,0.7715,false
CHR-BRO-1790,Abbess Hathor of Phoenician City-States,bronze_and_iron_age,Sumer & Akkad,Mesopotamia,-1131,-1101,Religious,disruptor,EVT-BRO-1790,0.7754,0.6453,0.2322,0.6254,0.8481,0.7192,0.9066,13,0.5469,0.8279,0.7572,1.2387,1.25,1.25,true
CHR-BRO-1791,Marshal Samudra of Kingdom of Kush (Kerma/Napata),bronze_and_iron_age,Mycenaean Greece,Aegean,-2759,-2738,Military,stabilizer,EVT-BRO-1791,0.6388,0.7235,0.8922,0.7869,0.675,0.1348,0.4932,232,0.1739,0.5805,0.4851,0.8163,0.8462,0.7566,false
CHR-BRO-1792,Governor Lafayette of Babylonia,bronze_and_iron_age,Babylonia,Mesopotamia,-1487,-1444,Political,architect,EVT-BRO-1792,0.6921,0.8008,0.7071,0.9078,0.6673,0.2729,0.6442,160,0.1826,0.6729,0.5647,0.8359,0.8665,0.7748,false
CHR-BRO-1793,Master Sculptor Adams of Elamite Empire,bronze_and_iron_age,Kingdom of Kush (Kerma/Napata),Nubia,-1869,-1864,Cultural,disruptor,EVT-BRO-1793,0.6619,0.6892,0.2392,0.6043,0.7455,0.7306,0.7337,21,0.5632,0.6906,0.6962,1.2177,1.25,1.25,false
CHR-BRO-1794,Strategos Mursili of Mycenaean Greece,bronze_and_iron_age,Minoan Civilization,Aegean / Crete,-2396,-2378,Military,disruptor,EVT-BRO-1794,0.7932,0.5227,0.284,0.5035,0.8286,0.7318,0.78,34,0.6141,0.788,0.7242,1.2273,1.25,1.25,false
CHR-BRO-1795,Dramatist Samsi-Adad of Mycenaean Greece,bronze_and_iron_age,Elamite Empire,Ancient Iran,-2780,-2764,Cultural,architect,EVT-BRO-1795,0.7248,0.6274,0.7502,0.8471,0.537,0.2035,0.5746,77,0.1782,0.6648,0.5052,0.8213,0.8513,0.7612,false
CHR-BRO-1796,Poet Laureate Talleyrand of Ancient Egypt,bronze_and_iron_age,Minoan Civilization,Aegean / Crete,-2095,-2081,Cultural,wildcard,EVT-BRO-1796,0.5919,0.5586,0.2547,0.6345,0.5656,0.7136,0.8644,61,0.5396,0.7009,0.6461,1.0438,1.096,1.1482,false
CHR-BRO-1797,Governor Li of Mycenaean Greece,bronze_and_iron_age,Babylonia,Mesopotamia,-1497,-1477,Political,stabilizer,EVT-BRO-1797,0.648,0.7581,0.8586,0.8323,0.6085,0.3365,0.4303,48,0.2521,0.5609,0.5045,0.8211,0.8512,0.761,false
CHR-BRO-1798,Consul Wu of Elamite Empire,bronze_and_iron_age,Babylonia,Mesopotamia,-2358,-2352,Political,catalyst,EVT-BRO-1798,0.7954,0.7172,0.5155,0.6773,0.9015,0.6238,0.8883,60,0.4733,0.8325,0.7331,1.1234,1.2304,1.1769,false
CHR-BRO-1799,Cardinal Rajaraja of Hittite Empire,bronze_and_iron_age,Hittite Empire,Anatolia,-2132,-2112,Religious,disruptor,EVT-BRO-1799,0.7442,0.7546,0.2051,0.6029,0.7996,0.6557,0.8964,11,0.5264,0.8051,0.7513,1.2367,1.25,1.25,true
CHR-BRO-1800,Strategos Ashoka of Hittite Empire,bronze_and_iron_age,Kingdom of Kush (Kerma/Napata),Nubia,-1636,-1593,Military,architect,EVT-BRO-1800,0.6554,0.754,0.7803,0.7636,0.5197,0.3602,0.5961,48,0.2983,0.6317,0.5321,0.8279,0.8582,0.7673,false
CHR-BRO-1801,Philosopher Cao of Assyrian Empire,bronze_and_iron_age,Kingdom of Kush (Kerma/Napata),Nubia,-907,-895,Cultural,stabilizer,EVT-BRO-1801,0.7547,0.6201,0.7509,0.7304,0.6915,0.1829,0.5543,135,0.2263,0.6745,0.5344,0.8285,0.8588,0.7678,false
CHR-BRO-1802,Customs Director Averroes of Indus Valley (Late),bronze_and_iron_age,Phoenician City-States,Levant,-1917,-1909,Economic,architect,EVT-BRO-1802,0.6779,0.8316,0.8236,0.7697,0.5307,0.289,0.6563,145,0.2597,0.6693,0.5448,0.831,0.8614,0.7702,false
CHR-BRO-1803,Syndic Nizam of Elamite Empire,bronze_and_iron_age,Indus Valley (Late),South Asia,-2146,-2114,Economic,architect,EVT-BRO-1803,0.7644,0.7416,0.7615,0.703,0.697,0.2943,0.5741,106,0.2957,0.6883,0.5759,0.8387,0.8693,0.7773,false
CHR-BRO-1804,Master Sculptor Richelieu of Vedic Kingdoms,bronze_and_iron_age,Babylonia,Mesopotamia,-1866,-1840,Cultural,disruptor,EVT-BRO-1804,0.6627,0.5356,0.2887,0.374,0.8097,0.8172,0.891,33,0.7216,0.754,0.7261,1.228,1.25,1.25,false
CHR-BRO-1805,Viceroy Ramesses of Mycenaean Greece,bronze_and_iron_age,Elamite Empire,Ancient Iran,-2285,-2259,Political,wildcard,EVT-BRO-1805,0.7942,0.8162,0.6155,0.5348,0.7252,0.8175,0.8178,72,0.6413,0.8037,0.7368,1.071,1.1246,1.1781,false
CHR-BRO-1806,Admiral Seneb of Phoenician City-States,bronze_and_iron_age,Shang Dynasty,East Asia,-1400,-1389,Military,architect,EVT-BRO-1806,0.8747,0.8549,0.7901,0.8092,0.617,0.3812,0.6418,175,0.286,0.7815,0.6234,0.8504,0.8815,0.7881,false
CHR-BRO-1807,Imam Necker of Assyrian Empire,bronze_and_iron_age,Indus Valley (Late),South Asia,-1291,-1272,Religious,catalyst,EVT-BRO-1807,0.6166,0.8135,0.4889,0.6304,0.7896,0.4898,0.755,13,0.4297,0.672,0.6509,1.0975,1.2021,1.1498,false
CHR-BRO-1808,Patriarch Necker of Minoan Civilization,bronze_and_iron_age,Babylonia,Mesopotamia,-1685,-1648,Religious,catalyst,EVT-BRO-1808,0.5721,0.7328,0.5092,0.5782,0.7741,0.5727,0.806,28,0.4973,0.6656,0.646,1.096,1.2004,1.1482,false
CHR-BRO-1809,Master Sculptor Saladin of Vedic Kingdoms,bronze_and_iron_age,Elamite Empire,Ancient Iran,-2673,-2641,Cultural,wildcard,EVT-BRO-1809,0.5767,0.393,0.6947,0.2098,0.2261,0.794,0.7312,16,0.7921,0.6385,0.5359,1.0108,1.0613,1.1118,false
CHR-BRO-1810,Minister Kheti of Elamite Empire,bronze_and_iron_age,Vedic Kingdoms,South Asia,-2851,-2841,Political,catalyst,EVT-BRO-1810,0.5317,0.8819,0.7338,0.7779,0.9285,0.6326,0.7327,47,0.4274,0.6121,0.647,1.0963,1.2007,1.1485,false
CHR-BRO-1811,Centurion Hathor of Hittite Empire,bronze_and_iron_age,Babylonia,Mesopotamia,-2040,-2000,Military,stabilizer,EVT-BRO-1811,0.7246,0.6624,0.7839,0.7519,0.6251,0.1553,0.5345,113,0.2017,0.6485,0.5118,0.8229,0.853,0.7627,false
CHR-BRO-1812,Philosopher Rajaraja of Mycenaean Greece,bronze_and_iron_age,Phoenician City-States,Levant,-1707,-1672,Cultural,stabilizer,EVT-BRO-1812,0.7886,0.7128,0.7258,0.7218,0.5192,0.1598,0.5388,139,0.219,0.6887,0.5281,0.8269,0.8572,0.7664,false
CHR-BRO-1813,Astronomer Leonidas of Elamite Empire,bronze_and_iron_age,Phoenician City-States,Levant,-827,-813,Scientific,architect,EVT-BRO-1813,0.7225,0.6809,0.715,0.742,0.7218,0.2776,0.815,168,0.2678,0.7595,0.5963,0.8437,0.8746,0.782,false
CHR-BRO-1814,Arch-Engineer Samsi-Adad of Mycenaean Greece,bronze_and_iron_age,Phoenician City-States,Levant,-882,-873,Scientific,disruptor,EVT-BRO-1814,0.65,0.5991,0.3355,0.6334,0.7045,0.9453,0.8509,25,0.656,0.7303,0.7122,1.2232,1.25,1.25,false
CHR-BRO-1815,Syndic Imhotep of Phoenician City-States,bronze_and_iron_age,Western Zhou Dynasty,East Asia,-1719,-1677,Economic,disruptor,EVT-BRO-1815,0.771,0.7489,0.2319,0.5371,0.8629,0.9069,0.8202,28,0.6849,0.7907,0.7935,1.25,1.25,1.25,true
CHR-BRO-1816,Marshal Rimush of Mycenaean Greece,bronze_and_iron_age,Kingdom of Kush (Kerma/Napata),Nubia,-1973,-1944,Military,architect,EVT-BRO-1816,0.835,0.8437,0.8612,0.8408,0.6766,0.2883,0.6209,135,0.2237,0.7494,0.595,0.8434,0.8742,0.7817,false
CHR-BRO-1817,Arch-Engineer Zhang of Elamite Empire,bronze_and_iron_age,Elamite Empire,Ancient Iran,-1791,-1786,Scientific,wildcard,EVT-BRO-1817,0.7552,0.5198,0.3906,0.751,0.4885,0.6514,0.8965,24,0.4502,0.8117,0.6456,1.0437,1.0959,1.1481,false
CHR-BRO-1818,Syndic Eleanor of Indus Valley (Late),bronze_and_iron_age,Mycenaean Greece,Aegean,-966,-941,Economic,catalyst,EVT-BRO-1818,0.645,0.6617,0.6354,0.7277,0.8221,0.672,0.8391,52,0.4721,0.7226,0.6606,1.1006,1.2054,1.153,false
CHR-BRO-1819,Geometer Qian of Hittite Empire,bronze_and_iron_age,Mycenaean Greece,Aegean,-1656,-1633,Scientific,stabilizer,EVT-BRO-1819,0.587,0.6282,0.7321,0.7469,0.4903,0.3006,0.6424,181,0.2769,0.6092,0.4954,0.8189,0.8488,0.759,false
CHR-BRO-1820,Legate Franklin of Sumer & Akkad,bronze_and_iron_age,Shang Dynasty,East Asia,-1956,-1914,Military,stabilizer,EVT-BRO-1820,0.601,0.7873,0.9178,0.8995,0.6037,0.2719,0.5064,186,0.1862,0.5632,0.4889,0.8173,0.8472,0.7575,false
CHR-BRO-1821,Polymath Godfrey of Phoenician City-States,bronze_and_iron_age,Kingdom of Kush (Kerma/Napata),Nubia,-892,-884,Scientific,wildcard,EVT-BRO-1821,0.453,0.4927,0.6037,0.3716,0.6063,0.621,0.4736,49,0.6247,0.4612,0.5133,1.004,1.0542,1.1044,false
CHR-BRO-1822,Mint Overseer Bradford of Assyrian Empire,bronze_and_iron_age,Babylonia,Mesopotamia,-1144,-1102,Economic,stabilizer,EVT-BRO-1822,0.7876,0.6124,0.822,0.7039,0.4819,0.171,0.5405,191,0.2336,0.6888,0.5004,0.8201,0.8501,0.7601,false
CHR-BRO-1823,Astronomer Franklin of Phoenician City-States,bronze_and_iron_age,Shang Dynasty,East Asia,-2610,-2579,Scientific,architect,EVT-BRO-1823,0.7037,0.7196,0.8787,0.805,0.6356,0.3836,0.7932,88,0.2893,0.7395,0.5776,0.8391,0.8698,0.7777,false
CHR-BRO-1824,Abbess Bradford of Minoan Civilization,bronze_and_iron_age,Vedic Kingdoms,South Asia,-2839,-2817,Religious,architect,EVT-BRO-1824,0.7349,0.6345,0.8586,0.7082,0.7229,0.4033,0.7486,121,0.3475,0.7404,0.5888,0.8419,0.8727,0.7803,false
CHR-BRO-1825,Chamberlain Wu of Kingdom of Kush (Kerma/Napata),bronze_and_iron_age,Babylonia,Mesopotamia,-2030,-1993,Economic,stabilizer,EVT-BRO-1825,0.6156,0.6561,0.8512,0.8188,0.504,0.1591,0.4404,163,0.1702,0.5455,0.4418,0.8057,0.8352,0.75,false
CHR-BRO-1826,Treasurer Zhao of Hittite Empire,bronze_and_iron_age,Kingdom of Kush (Kerma/Napata),Nubia,-1173,-1157,Economic,catalyst,EVT-BRO-1826,0.5255,0.7209,0.4937,0.7472,0.7801,0.7121,0.898,32,0.4824,0.6745,0.6613,1.1008,1.2057,1.1532,false
CHR-BRO-1827,Guild Master Kautilya of Minoan Civilization,bronze_and_iron_age,Elamite Empire,Ancient Iran,-2479,-2434,Economic,wildcard,EVT-BRO-1827,0.5548,0.5888,0.5346,0.5839,0.2816,0.7285,0.8238,28,0.5723,0.6624,0.5695,1.0208,1.0719,1.1229,false
CHR-BRO-1828,Dramatist Kheti of Shang Dynasty,bronze_and_iron_age,Western Zhou Dynasty,East Asia,-2953,-2942,Cultural,catalyst,EVT-BRO-1828,0.5029,0.887,0.5614,0.7301,0.9482,0.4593,0.8121,44,0.3646,0.6266,0.6491,1.097,1.2014,1.1492,false
CHR-BRO-1829,Chancellor Song of Minoan Civilization,bronze_and_iron_age,Elamite Empire,Ancient Iran,-1676,-1644,Political,wildcard,EVT-BRO-1829,0.7575,0.5021,0.4764,0.5235,0.425,0.427,0.8672,6,0.4518,0.8014,0.5988,1.0296,1.0811,1.1326,false
CHR-BRO-1830,Imam Rajaraja of Assyrian Empire,bronze_and_iron_age,Phoenician City-States,Levant,-2524,-2492,Religious,catalyst,EVT-BRO-1830,0.6999,0.837,0.4794,0.5888,0.7859,0.6129,0.7748,22,0.5121,0.7298,0.6992,1.1127,1.2187,1.1657,false
CHR-BRO-1831,Philosopher Sumner of Indus Valley (Late),bronze_and_iron_age,Indus Valley (Late),South Asia,-876,-866,Cultural,architect,EVT-BRO-1831,0.8955,0.6382,0.7935,0.8108,0.7351,0.2652,0.626,103,0.2272,0.7877,0.5937,0.843,0.8739,0.7814,false
CHR-BRO-1832,Mint Overseer Bradford of Sumer & Akkad,bronze_and_iron_age,Mycenaean Greece,Aegean,-2337,-2319,Economic,catalyst,EVT-BRO-1832,0.5085,0.906,0.6413,0.6672,0.7822,0.6725,0.9308,30,0.5027,0.6774,0.6734,1.1046,1.2098,1.1572,false
CHR-BRO-1833,Physician Talleyrand of Shang Dynasty,bronze_and_iron_age,Babylonia,Mesopotamia,-2586,-2559,Scientific,architect,EVT-BRO-1833,0.6586,0.8024,0.7836,0.8867,0.6108,0.393,0.7438,180,0.2532,0.6927,0.5745,0.8383,0.869,0.777,false
CHR-BRO-1834,Patriarch Harun of Western Zhou Dynasty,bronze_and_iron_age,Elamite Empire,Ancient Iran,-1524,-1498,Religious,wildcard,EVT-BRO-1834,0.8465,0.5501,0.1533,0.4648,0.783,0.7613,0.8871,60,0.6482,0.8627,0.7703,1.0811,1.1351,1.1892,true
CHR-BRO-1835,Centurion Harsha of Kingdom of Kush (Kerma/Napata),bronze_and_iron_age,Shang Dynasty,East Asia,-1417,-1411,Military,architect,EVT-BRO-1835,0.8661,0.6916,0.6856,0.7067,0.6769,0.3919,0.5573,41,0.3426,0.7426,0.6103,0.8471,0.8781,0.7851,false
CHR-BRO-1836,Warlord Imhotep of Elamite Empire,bronze_and_iron_age,Phoenician City-States,Levant,-2751,-2726,Military,wildcard,EVT-BRO-1836,0.6403,0.51,0.7021,0.6445,0.8163,0.346,0.829,44,0.3507,0.7158,0.5828,1.0249,1.0761,1.1273,false
CHR-BRO-1837,Astronomer Song of Shang Dynasty,bronze_and_iron_age,Phoenician City-States,Levant,-2375,-2349,Scientific,wildcard,EVT-BRO-1837,0.6548,0.7141,0.4495,0.5873,0.8463,0.1765,0.8724,63,0.2946,0.7419,0.6308,1.0392,1.0912,1.1432,false
CHR-BRO-1838,Chancellor Narmer of Minoan Civilization,bronze_and_iron_age,Sumer & Akkad,Mesopotamia,-3075,-3052,Political,wildcard,EVT-BRO-1838,0.712,0.5976,0.6317,0.3951,0.2221,0.6561,0.4378,12,0.6305,0.6023,0.5321,1.0096,1.0601,1.1106,false
CHR-BRO-1839,Prefect Harsha of Western Zhou Dynasty,bronze_and_iron_age,Assyrian Empire,Near East,-2572,-2531,Political,disruptor,EVT-BRO-1839,0.6119,0.5776,0.493,0.4625,0.8892,0.6644,0.7584,33,0.6009,0.6705,0.664,1.2066,1.25,1.25,false
CHR-BRO-1840,Polymath Colbert of Western Zhou Dynasty,bronze_and_iron_age,Elamite Empire,Ancient Iran,-3092,-3071,Scientific,wildcard,EVT-BRO-1840,0.7679,0.4642,0.617,0.351,0.5852,0.7348,0.4215,24,0.6919,0.6293,0.5936,1.0281,1.0795,1.1309,false
CHR-BRO-1841,Strategos Mirabeau of Ancient Egypt,bronze_and_iron_age,Sumer & Akkad,Mesopotamia,-2656,-2614,Military,disruptor,EVT-BRO-1841,0.8886,0.7164,0.2003,0.4082,0.7055,0.6743,0.7957,16,0.6331,0.8515,0.7655,1.2416,1.25,1.25,true
CHR-BRO-1842,Alchemist Sargon of Western Zhou Dynasty,bronze_and_iron_age,Kingdom of Kush (Kerma/Napata),Nubia,-2361,-2343,Scientific,catalyst,EVT-BRO-1842,0.7582,0.7413,0.6523,0.7154,0.9248,0.4555,0.7309,28,0.37,0.7473,0.6664,1.1024,1.2074,1.1549,false
CHR-BRO-1843,Senator Belisarius of Hittite Empire,bronze_and_iron_age,Elamite Empire,Ancient Iran,-2240,-2228,Political,architect,EVT-BRO-1843,0.8963,0.6682,0.7205,0.7375,0.7015,0.2255,0.5516,152,0.244,0.7584,0.5872,0.8414,0.8722,0.7799,false
CHR-BRO-1844,Admiral Adams of Elamite Empire,bronze_and_iron_age,Hittite Empire,Anatolia,-1690,-1683,Military,disruptor,EVT-BRO-1844,0.7422,0.5556,0.207,0.3419,0.7054,0.7784,0.8771,41,0.7182,0.7962,0.7352,1.2312,1.25,1.25,false
CHR-BRO-1845,Archon Thutmose of Vedic Kingdoms,bronze_and_iron_age,Indus Valley (Late),South Asia,-2186,-2171,Political,wildcard,EVT-BRO-1845,0.852,0.8202,0.5088,0.3802,0.5956,0.2249,0.7899,70,0.4223,0.8272,0.6577,1.0473,1.0997,1.152,false
CHR-BRO-1846,Alchemist Wu of Western Zhou Dynasty,bronze_and_iron_age,Hittite Empire,Anatolia,-852,-835,Scientific,catalyst,EVT-BRO-1846,0.7179,0.7958,0.4664,0.7278,0.929,0.4508,0.915,52,0.3615,0.7968,0.71,1.1162,1.2225,1.1693,false
CHR-BRO-1847,Prefect Mazarin of Sumer & Akkad,bronze_and_iron_age,Shang Dynasty,East Asia,-2321,-2294,Political,catalyst,EVT-BRO-1847,0.8157,0.6678,0.4734,0.7702,0.7833,0.6108,0.7334,42,0.4203,0.7828,0.6874,1.109,1.2146,1.1618,false
CHR-BRO-1848,Mint Overseer Adams of Kingdom of Kush (Kerma/Napata),bronze_and_iron_age,Western Zhou Dynasty,East Asia,-871,-838,Economic,catalyst,EVT-BRO-1848,0.614,0.8786,0.663,0.6557,0.7895,0.6019,0.7194,47,0.4731,0.6561,0.6528,1.0981,1.2027,1.1504,false
CHR-BRO-1849,Governor Solon of Kingdom of Kush (Kerma/Napata),bronze_and_iron_age,Babylonia,Mesopotamia,-1435,-1414,Political,catalyst,EVT-BRO-1849,0.7957,0.7831,0.4988,0.6838,0.7508,0.6439,0.8292,19,0.48,0.8091,0.7159,1.118,1.2245,1.1712,false
CHR-BRO-1850,Dramatist Sumner of Sumer & Akkad,bronze_and_iron_age,Phoenician City-States,Levant,-1735,-1700,Cultural,stabilizer,EVT-BRO-1850,0.7786,0.79,0.8583,0.875,0.6452,0.1623,0.5092,96,0.1436,0.6708,0.5311,0.8276,0.8579,0.7671,false
CHR-BRO-1851,Marshal Nizam of Sumer & Akkad,bronze_and_iron_age,Phoenician City-States,Levant,-1857,-1813,Military,wildcard,EVT-BRO-1851,0.4296,0.6554,0.2065,0.6531,0.4782,0.4893,0.5927,24,0.4181,0.4948,0.5364,1.0109,1.0615,1.112,false
CHR-BRO-1852,Cardinal Song of Shang Dynasty,bronze_and_iron_age,Mycenaean Greece,Aegean,-2395,-2355,Religious,wildcard,EVT-BRO-1852,0.7501,0.4885,0.2418,0.7731,0.6885,0.4852,0.8793,55,0.356,0.8018,0.6559,1.0468,1.0991,1.1515,false
CHR-BRO-1853,Polymath Tiglath of Western Zhou Dynasty,bronze_and_iron_age,Assyrian Empire,Near East,-2590,-2569,Scientific,stabilizer,EVT-BRO-1853,0.6643,0.6309,0.8998,0.7238,0.507,0.1455,0.4115,70,0.2109,0.5632,0.4441,0.8063,0.8358,0.75,false
CHR-BRO-1854,Alchemist Adams of Kingdom of Kush (Kerma/Napata),bronze_and_iron_age,Mycenaean Greece,Aegean,-3052,-3035,Scientific,wildcard,EVT-BRO-1854,0.7549,0.7048,0.3481,0.6249,0.4921,0.3678,0.8369,47,0.3715,0.7877,0.6329,1.0399,1.0919,1.1439,false
CHR-BRO-1855,Consul Theodosius of Vedic Kingdoms,bronze_and_iron_age,Elamite Empire,Ancient Iran,-1605,-1574,Political,wildcard,EVT-BRO-1855,0.4908,0.3757,0.7378,0.6653,0.4816,0.1904,0.8099,24,0.2625,0.6184,0.4443,0.9833,1.0325,1.0816,false
CHR-BRO-1856,Master Sculptor Thutmose of Vedic Kingdoms,bronze_and_iron_age,Western Zhou Dynasty,East Asia,-2872,-2856,Cultural,wildcard,EVT-BRO-1856,0.801,0.6927,0.6958,0.3968,0.8093,0.4572,0.4882,69,0.5302,0.6759,0.6279,1.0384,1.0903,1.1422,false
CHR-BRO-1857,Admiral Marshall of Shang Dynasty,bronze_and_iron_age,Indus Valley (Late),South Asia,-2693,-2664,Military,catalyst,EVT-BRO-1857,0.7382,0.8471,0.73,0.6623,0.8973,0.7005,0.9372,40,0.5191,0.8178,0.7358,1.1243,1.2313,1.1778,false
CHR-BRO-1858,Philosopher Rajaraja of Sumer & Akkad,bronze_and_iron_age,Vedic Kingdoms,South Asia,-2273,-2233,Cultural,catalyst,EVT-BRO-1858,0.6897,0.6901,0.5533,0.5817,0.7446,0.5849,0.9064,12,0.5016,0.7764,0.6769,1.1057,1.211,1.1584,false
CHR-BRO-1859,Strategos Mentuhotep of Indus Valley (Late),bronze_and_iron_age,Babylonia,Mesopotamia,-1751,-1746,Military,wildcard,EVT-BRO-1859,0.7278,0.7554,0.5891,0.4882,0.7173,0.3192,0.7837,28,0.4155,0.7501,0.635,1.0405,1.0925,1.1445,false
CHR-BRO-1860,Admiral Suppiluliuma of Elamite Empire,bronze_and_iron_age,Sumer & Akkad,Mesopotamia,-2919,-2914,Military,architect,EVT-BRO-1860,0.7246,0.756,0.8538,0.8325,0.6896,0.2988,0.7853,120,0.2331,0.7489,0.5836,0.8406,0.8713,0.7791,false
CHR-BRO-1861,Imam Puduhepa of Mycenaean Greece,bronze_and_iron_age,Vedic Kingdoms,South Asia,-2785,-2758,Religious,stabilizer,EVT-BRO-1861,0.62,0.6151,0.7493,0.6881,0.673,0.2482,0.4925,93,0.2801,0.569,0.5,0.82,0.85,0.76,false
CHR-BRO-1862,Astronomer Lafayette of Babylonia,bronze_and_iron_age,Sumer & Akkad,Mesopotamia,-869,-842,Scientific,wildcard,EVT-BRO-1862,0.7122,0.7935,0.2135,0.3952,0.3271,0.6101,0.4555,63,0.6075,0.6095,0.6149,1.0345,1.0862,1.1379,false
CHR-BRO-1863,Hierophant Godfrey of Elamite Empire,bronze_and_iron_age,Hittite Empire,Anatolia,-1908,-1873,Religious,catalyst,EVT-BRO-1863,0.5105,0.8016,0.6293,0.6838,0.7822,0.5727,0.8928,34,0.4444,0.6634,0.6379,1.0934,1.1976,1.1455,false
CHR-BRO-1864,Chamberlain Sargon of Assyrian Empire,bronze_and_iron_age,Mycenaean Greece,Aegean,-2576,-2561,Economic,architect,EVT-BRO-1864,0.9165,0.7758,0.8678,0.7116,0.5106,0.4117,0.6666,70,0.3501,0.8165,0.6115,0.8474,0.8784,0.7854,false
CHR-BRO-1865,Merchant Prince Kheti of Mycenaean Greece,bronze_and_iron_age,Elamite Empire,Ancient Iran,-1053,-1046,Economic,stabilizer,EVT-BRO-1865,0.7689,0.7281,0.7835,0.8298,0.6928,0.1371,0.4747,107,0.1536,0.6512,0.5273,0.8267,0.857,0.7662,false
CHR-BRO-1866,Pontiff Ibn-Sina of Western Zhou Dynasty,bronze_and_iron_age,Ancient Egypt,North Africa / Nile,-2026,-1991,Religious,stabilizer,EVT-BRO-1866,0.6592,0.7465,0.7858,0.8273,0.552,0.2645,0.5791,206,0.2186,0.6272,0.5162,0.824,0.8541,0.7637,false
CHR-BRO-1867,Rhetorician Labarna of Mycenaean Greece,bronze_and_iron_age,Vedic Kingdoms,South Asia,-1118,-1079,Cultural,architect,EVT-BRO-1867,0.6811,0.6634,0.6962,0.7091,0.7414,0.4358,0.7534,152,0.3634,0.71,0.6043,0.8457,0.8766,0.7838,false
CHR-BRO-1868,Merchant Prince Leonidas of Indus Valley (Late),bronze_and_iron_age,Sumer & Akkad,Mesopotamia,-1315,-1288,Economic,architect,EVT-BRO-1868,0.6632,0.8471,0.7702,0.7447,0.5945,0.2662,0.6836,146,0.2608,0.6713,0.5603,0.8348,0.8654,0.7737,false
CHR-BRO-1869,Mint Overseer Adams of Vedic Kingdoms,bronze_and_iron_age,Western Zhou Dynasty,East Asia,-1967,-1952,Economic,wildcard,EVT-BRO-1869,0.8129,0.4169,0.4635,0.5052,0.6153,0.8181,0.5243,13,0.6565,0.6974,0.6378,1.0413,1.0934,1.1455,false
CHR-BRO-1870,Synod Envoy Song of Minoan Civilization,bronze_and_iron_age,Babylonia,Mesopotamia,-1501,-1493,Religious,disruptor,EVT-BRO-1870,0.7186,0.8343,0.4747,0.5907,0.8716,0.6646,0.8902,42,0.537,0.7872,0.7417,1.2334,1.25,1.25,false
CHR-BRO-1871,Governor Wilhelm of Kingdom of Kush (Kerma/Napata),bronze_and_iron_age,Hittite Empire,Anatolia,-2425,-2402,Political,catalyst,EVT-BRO-1871,0.8055,0.9143,0.7224,0.5663,0.9099,0.746,0.8661,57,0.5898,0.8297,0.7663,1.1339,1.2419,1.1879,true
CHR-BRO-1872,Master Sculptor Rimush of Assyrian Empire,bronze_and_iron_age,Phoenician City-States,Levant,-2608,-2577,Cultural,disruptor,EVT-BRO-1872,0.889,0.6948,0.2059,0.5934,0.7357,0.8598,0.9476,10,0.6332,0.9124,0.8077,1.25,1.25,1.25,true
CHR-BRO-1873,Chamberlain Ashoka of Ancient Egypt,bronze_and_iron_age,Phoenician City-States,Levant,-2570,-2549,Economic,architect,EVT-BRO-1873,0.7049,0.8303,0.7254,0.8884,0.7169,0.2169,0.8134,63,0.1643,0.7483,0.5959,0.8436,0.8745,0.7819,false
CHR-BRO-1874,Archon Narmer of Shang Dynasty,bronze_and_iron_age,Shang Dynasty,East Asia,-1336,-1313,Political,disruptor,EVT-BRO-1874,0.8626,0.7644,0.5099,0.5432,0.7558,0.926,0.9195,8,0.6914,0.8854,0.7924,1.25,1.25,1.25,true
CHR-BRO-1875,Metallurgist Cao of Phoenician City-States,bronze_and_iron_age,Phoenician City-States,Levant,-1441,-1435,Scientific,catalyst,EVT-BRO-1875,0.7728,0.7151,0.479,0.5806,0.8732,0.4882,0.9267,37,0.4538,0.8344,0.7167,1.1183,1.2248,1.1715,false
CHR-BRO-1876,Centurion Khaldun of Sumer & Akkad,bronze_and_iron_age,Babylonia,Mesopotamia,-2496,-2468,Military,stabilizer,EVT-BRO-1876,0.8316,0.5839,0.8276,0.8897,0.5179,0.1487,0.6604,149,0.1295,0.7631,0.5173,0.8243,0.8544,0.7639,false
CHR-BRO-1877,Chamberlain Narmer of Ancient Egypt,bronze_and_iron_age,Ancient Egypt,North Africa / Nile,-1617,-1608,Economic,architect,EVT-BRO-1877,0.8551,0.6914,0.8916,0.7683,0.6423,0.3986,0.6574,109,0.3152,0.776,0.5947,0.8433,0.8741,0.7816,false
CHR-BRO-1878,Merchant Prince Zhao of Mycenaean Greece,bronze_and_iron_age,Minoan Civilization,Aegean / Crete,-3002,-2958,Economic,disruptor,EVT-BRO-1878,0.8685,0.7789,0.2205,0.448,0.8151,0.7979,0.9046,43,0.675,0.883,0.8171,1.25,1.25,1.25,true
CHR-BRO-1879,High Priest Hammurabi of Minoan Civilization,bronze_and_iron_age,Ancient Egypt,North Africa / Nile,-2353,-2336,Religious,stabilizer,EVT-BRO-1879,0.6774,0.7215,0.9152,0.8866,0.4845,0.1318,0.4243,147,0.1226,0.5761,0.4478,0.8072,0.8367,0.75,false
CHR-BRO-1880,Vizier Otto of Vedic Kingdoms,bronze_and_iron_age,Phoenician City-States,Levant,-1022,-995,Political,stabilizer,EVT-BRO-1880,0.6425,0.6386,0.9138,0.8673,0.6477,0.3433,0.6317,174,0.238,0.6382,0.5151,0.8237,0.8538,0.7634,false
CHR-BRO-1881,Alchemist Averroes of Elamite Empire,bronze_and_iron_age,Assyrian Empire,Near East,-1867,-1856,Scientific,stabilizer,EVT-BRO-1881,0.761,0.6609,0.8656,0.8359,0.505,0.2147,0.6005,60,0.1894,0.6968,0.5091,0.8222,0.8523,0.7621,false
CHR-BRO-1882,Cardinal Ramesses of Vedic Kingdoms,bronze_and_iron_age,Sumer & Akkad,Mesopotamia,-2827,-2820,Religious,architect,EVT-BRO-1882,0.8872,0.8631,0.8625,0.7778,0.5255,0.2526,0.6947,179,0.2374,0.8102,0.597,0.8439,0.8747,0.7821,false
CHR-BRO-1883,Imam Harsha of Shang Dynasty,bronze_and_iron_age,Ancient Egypt,North Africa / Nile,-1916,-1904,Religious,architect,EVT-BRO-1883,0.7259,0.6664,0.851,0.7992,0.5691,0.2435,0.8047,63,0.2222,0.7574,0.549,0.832,0.8625,0.7712,false
CHR-BRO-1884,Metallurgist Mazarin of Phoenician City-States,bronze_and_iron_age,Ancient Egypt,North Africa / Nile,-2228,-2219,Scientific,disruptor,EVT-BRO-1884,0.8938,0.5696,0.3612,0.3356,0.7046,0.9092,0.7869,17,0.7868,0.851,0.7661,1.2418,1.25,1.25,true
CHR-BRO-1885,Metallurgist Richelieu of Western Zhou Dynasty,bronze_and_iron_age,Assyrian Empire,Near East,-933,-901,Scientific,catalyst,EVT-BRO-1885,0.6162,0.7098,0.5784,0.5816,0.844,0.6709,0.7911,28,0.5446,0.6862,0.6695,1.1034,1.2085,1.1559,false
CHR-BRO-1886,General Tariq of Minoan Civilization,bronze_and_iron_age,Minoan Civilization,Aegean / Crete,-1139,-1122,Military,disruptor,EVT-BRO-1886,0.8883,0.6031,0.2639,0.3939,0.7143,0.9495,0.8144,19,0.7778,0.8587,0.7882,1.2494,1.25,1.25,true
CHR-BRO-1887,Hierophant Sun of Vedic Kingdoms,bronze_and_iron_age,Elamite Empire,Ancient Iran,-888,-848,Religious,architect,EVT-BRO-1887,0.8296,0.6186,0.7928,0.8937,0.5691,0.3082,0.7091,42,0.2072,0.7814,0.5642,0.8358,0.8664,0.7746,false
CHR-BRO-1888,Guild Master Khaldun of Indus Valley (Late),bronze_and_iron_age,Babylonia,Mesopotamia,-2728,-2722,Economic,stabilizer,EVT-BRO-1888,0.6122,0.7761,0.9218,0.7495,0.5803,0.2764,0.4479,106,0.2634,0.5465,0.4855,0.8164,0.8463,0.7567,false
CHR-BRO-1889,Warlord Godfrey of Sumer & Akkad,bronze_and_iron_age,Phoenician City-States,Levant,-2715,-2673,Military,stabilizer,EVT-BRO-1889,0.7189,0.7895,0.8591,0.8854,0.5366,0.2135,0.4251,194,0.164,0.6014,0.4942,0.8186,0.8485,0.7587,false
CHR-BRO-1890,Commander Seneb of Hittite Empire,bronze_and_iron_age,Minoan Civilization,Aegean / Crete,-2267,-2237,Military,wildcard,EVT-BRO-1890,0.6959,0.4609,0.3654,0.7383,0.5584,0.6277,0.8276,71,0.4447,0.7485,0.6217,1.0365,1.0883,1.1402,false
CHR-BRO-1891,Polymath Thutmose of Vedic Kingdoms,bronze_and_iron_age,Assyrian Empire,Near East,-1739,-1701,Scientific,disruptor,EVT-BRO-1891,0.8853,0.709,0.2292,0.5478,0.8608,0.8999,0.8041,42,0.6761,0.8528,0.8121,1.25,1.25,1.25,true
CHR-BRO-1892,Geometer Imhotep of Assyrian Empire,bronze_and_iron_age,Mycenaean Greece,Aegean,-850,-833,Scientific,stabilizer,EVT-BRO-1892,0.765,0.789,0.9248,0.8299,0.4793,0.2453,0.5799,80,0.2077,0.691,0.5213,0.8252,0.8554,0.7649,false
CHR-BRO-1893,High Priest Baldwin of Ancient Egypt,bronze_and_iron_age,Shang Dynasty,East Asia,-1396,-1371,Religious,architect,EVT-BRO-1893,0.6638,0.6563,0.8774,0.8506,0.7158,0.4301,0.7648,72,0.2898,0.7042,0.5707,0.8374,0.868,0.7761,false
CHR-BRO-1894,Imam Tariq of Ancient Egypt,bronze_and_iron_age,Sumer & Akkad,Mesopotamia,-823,-813,Religious,stabilizer,EVT-BRO-1894,0.694,0.6329,0.8832,0.7951,0.4539,0.2516,0.5913,125,0.2282,0.6529,0.4849,0.8163,0.8461,0.7566,false
CHR-BRO-1895,Warlord Qian of Minoan Civilization,bronze_and_iron_age,Elamite Empire,Ancient Iran,-1798,-1763,Military,stabilizer,EVT-BRO-1895,0.6563,0.6756,0.8872,0.8102,0.4977,0.2635,0.6244,131,0.2267,0.6435,0.494,0.8185,0.8485,0.7586,false
CHR-BRO-1896,Philosopher Aurelius of Ancient Egypt,bronze_and_iron_age,Hittite Empire,Anatolia,-1209,-1198,Cultural,wildcard,EVT-BRO-1896,0.6011,0.3945,0.5125,0.4508,0.7675,0.7342,0.4403,32,0.6417,0.5368,0.577,1.0231,1.0742,1.1254,false
CHR-BRO-1897,Dramatist Mazarin of Shang Dynasty,bronze_and_iron_age,Minoan Civilization,Aegean / Crete,-2022,-2008,Cultural,catalyst,EVT-BRO-1897,0.5478,0.8522,0.4783,0.6022,0.7643,0.6702,0.8675,13,0.534,0.6757,0.6821,1.1074,1.2128,1.1601,false
CHR-BRO-1898,Commander Godfrey of Sumer & Akkad,bronze_and_iron_age,Babylonia,Mesopotamia,-2280,-2265,Military,stabilizer,EVT-BRO-1898,0.7971,0.6711,0.7273,0.7903,0.4857,0.1587,0.6494,104,0.1842,0.738,0.5318,0.8278,0.8581,0.7672,false
CHR-BRO-1899,Legate Ashoka of Kingdom of Kush (Kerma/Napata),bronze_and_iron_age,Kingdom of Kush (Kerma/Napata),Nubia,-2393,-2366,Military,stabilizer,EVT-BRO-1899,0.8146,0.7261,0.7236,0.8002,0.6736,0.2145,0.615,67,0.2071,0.7348,0.5757,0.8386,0.8693,0.7773,false
CHR-BRO-1900,Alchemist Zhang of Kingdom of Kush (Kerma/Napata),bronze_and_iron_age,Assyrian Empire,Near East,-989,-978,Scientific,disruptor,EVT-BRO-1900,0.7344,0.6011,0.279,0.3366,0.7267,0.7026,0.7495,37,0.683,0.7404,0.7059,1.221,1.25,1.25,false
CHR-BRO-1901,Cardinal Leonidas of Vedic Kingdoms,bronze_and_iron_age,Babylonia,Mesopotamia,-2204,-2192,Religious,catalyst,EVT-BRO-1901,0.5758,0.8252,0.5538,0.6989,0.7756,0.5212,0.7593,27,0.4111,0.6492,0.6358,1.0928,1.1969,1.1448,false
CHR-BRO-1902,Vizier Mentuhotep of Mycenaean Greece,bronze_and_iron_age,Assyrian Empire,Near East,-2394,-2367,Political,catalyst,EVT-BRO-1902,0.6526,0.8634,0.5001,0.6607,0.9212,0.5278,0.8776,41,0.4335,0.7426,0.7086,1.1157,1.222,1.1688,false
CHR-BRO-1903,Minister Mentuhotep of Vedic Kingdoms,bronze_and_iron_age,Hittite Empire,Anatolia,-1994,-1970,Political,stabilizer,EVT-BRO-1903,0.7491,0.6442,0.8534,0.8488,0.4522,0.1216,0.4909,119,0.1364,0.6458,0.4658,0.8116,0.8413,0.7522,false
CHR-BRO-1904,Governor Heinrich of Vedic Kingdoms,bronze_and_iron_age,Sumer & Akkad,Mesopotamia,-1375,-1370,Political,catalyst,EVT-BRO-1904,0.8184,0.8636,0.5755,0.6311,0.8087,0.6049,0.8578,23,0.4869,0.8341,0.7357,1.1243,1.2313,1.1778,false
CHR-BRO-1905,Chamberlain Belisarius of Hittite Empire,bronze_and_iron_age,Elamite Empire,Ancient Iran,-1271,-1239,Economic,architect,EVT-BRO-1905,0.9172,0.6557,0.6853,0.7623,0.7235,0.3386,0.5885,138,0.2881,0.7858,0.6186,0.8492,0.8802,0.787,false
CHR-BRO-1906,Philosopher Thutmose of Sumer & Akkad,bronze_and_iron_age,Assyrian Empire,Near East,-921,-877,Cultural,architect,EVT-BRO-1906,0.766,0.7708,0.7522,0.7797,0.6133,0.3784,0.7509,83,0.2993,0.7599,0.6043,0.8457,0.8766,0.7838,false
CHR-BRO-1907,Astronomer Friedrich of Western Zhou Dynasty,bronze_and_iron_age,Babylonia,Mesopotamia,-3074,-3031,Scientific,catalyst,EVT-BRO-1907,0.7741,0.9043,0.6085,0.7144,0.7291,0.6166,0.8913,58,0.4511,0.821,0.7181,1.1187,1.2253,1.172,false
CHR-BRO-1908,Pontiff Samudra of Elamite Empire,bronze_and_iron_age,Sumer & Akkad,Mesopotamia,-2982,-2946,Religious,stabilizer,EVT-BRO-1908,0.8093,0.5703,0.9242,0.7569,0.5816,0.2955,0.6301,69,0.2693,0.7376,0.5337,0.8283,0.8586,0.7677,false
CHR-BRO-1909,Metallurgist Mentuhotep of Sumer & Akkad,bronze_and_iron_age,Minoan Civilization,Aegean / Crete,-2551,-2535,Scientific,disruptor,EVT-BRO-1909,0.7172,0.8315,0.4403,0.558,0.9479,0.941,0.8005,12,0.6915,0.7505,0.7855,1.2485,1.25,1.25,true
CHR-BRO-1910,Guild Master Chandra of Shang Dynasty,bronze_and_iron_age,Mycenaean Greece,Aegean,-1618,-1588,Economic,architect,EVT-BRO-1910,0.8934,0.7551,0.8894,0.7647,0.5487,0.4383,0.7297,39,0.3368,0.8279,0.6169,0.8488,0.8798,0.7867,false
CHR-BRO-1911,Admiral Hathor of Hittite Empire,bronze_and_iron_age,Indus Valley (Late),South Asia,-2958,-2927,Military,catalyst,EVT-BRO-1911,0.5355,0.6696,0.4585,0.5735,0.8903,0.496,0.8824,49,0.4612,0.6743,0.6501,1.0973,1.2018,1.1495,false
CHR-BRO-1912,Treasurer Vikram of Indus Valley (Late),bronze_and_iron_age,Mycenaean Greece,Aegean,-1281,-1250,Economic,wildcard,EVT-BRO-1912,0.8057,0.7969,0.6516,0.3893,0.5883,0.5083,0.4017,10,0.5595,0.6441,0.6111,1.0333,1.085,1.1367,false
CHR-BRO-1913,Governor Song of Sumer & Akkad,bronze_and_iron_age,Minoan Civilization,Aegean / Crete,-1944,-1905,Political,architect,EVT-BRO-1913,0.7713,0.7935,0.7677,0.8757,0.5565,0.3931,0.5569,129,0.2587,0.6855,0.5673,0.8365,0.8672,0.7753,false
CHR-BRO-1914,Minister Colbert of Assyrian Empire,bronze_and_iron_age,Hittite Empire,Anatolia,-3100,-3059,Political,architect,EVT-BRO-1914,0.7532,0.735,0.8387,0.8485,0.7451,0.2851,0.6895,90,0.2183,0.7277,0.5802,0.8397,0.8705,0.7783,false
CHR-BRO-1915,Geometer Ashoka of Babylonia,bronze_and_iron_age,Hittite Empire,Anatolia,-2977,-2950,Scientific,architect,EVT-BRO-1915,0.7018,0.7937,0.8128,0.896,0.5329,0.3249,0.5606,37,0.2145,0.6453,0.5312,0.8277,0.858,0.7671,false
CHR-BRO-1916,Chamberlain Tariq of Phoenician City-States,bronze_and_iron_age,Elamite Empire,Ancient Iran,-2599,-2586,Economic,wildcard,EVT-BRO-1916,0.8977,0.4575,0.4209,0.6647,0.7949,0.371,0.8201,58,0.3531,0.8666,0.6656,1.0497,1.1022,1.1547,false
CHR-BRO-1917,Strategos Rimush of Indus Valley (Late),bronze_and_iron_age,Mycenaean Greece,Aegean,-1635,-1615,Military,architect,EVT-BRO-1917,0.855,0.734,0.6996,0.8323,0.5165,0.3781,0.729,125,0.2729,0.8046,0.6058,0.846,0.877,0.7841,false
CHR-BRO-1918,Admiral Alexander of Babylonia,bronze_and_iron_age,Western Zhou Dynasty,East Asia,-1122,-1101,Military,stabilizer,EVT-BRO-1918,0.7449,0.6762,0.8459,0.7143,0.5629,0.3002,0.5571,91,0.2929,0.6697,0.5304,0.8275,0.8577,0.7669,false
CHR-BRO-1919,Merchant Prince Al-Mansur of Shang Dynasty,bronze_and_iron_age,Ancient Egypt,North Africa / Nile,-1601,-1562,Economic,architect,EVT-BRO-1919,0.6906,0.8722,0.6804,0.7644,0.6189,0.3164,0.7417,82,0.276,0.711,0.5988,0.8443,0.8752,0.7825,false
CHR-BRO-1920,Mint Overseer Sun of Elamite Empire,bronze_and_iron_age,Phoenician City-States,Levant,-1264,-1253,Economic,wildcard,EVT-BRO-1920,0.7828,0.4898,0.3504,0.5009,0.2311,0.1851,0.5099,25,0.3421,0.6736,0.498,0.9994,1.0494,1.0993,false
CHR-BRO-1921,Philosopher Justinian of Assyrian Empire,bronze_and_iron_age,Shang Dynasty,East Asia,-952,-937,Cultural,architect,EVT-BRO-1921,0.9043,0.7702,0.7227,0.8028,0.6239,0.3803,0.8059,130,0.2887,0.8649,0.6507,0.8571,0.8884,0.7944,false
CHR-BRO-1922,Pontiff Khaldun of Mycenaean Greece,bronze_and_iron_age,Assyrian Empire,Near East,-2299,-2293,Religious,disruptor,EVT-BRO-1922,0.8017,0.844,0.4205,0.5295,0.7237,0.6919,0.7945,40,0.5812,0.7988,0.74,1.2328,1.25,1.25,false
CHR-BRO-1923,Physician Franklin of Sumer & Akkad,bronze_and_iron_age,Indus Valley (Late),South Asia,-1301,-1258,Scientific,disruptor,EVT-BRO-1923,0.7011,0.618,0.2703,0.574,0.7419,0.6801,0.7432,21,0.5531,0.7179,0.687,1.2145,1.25,1.25,false
CHR-BRO-1924,Vizier Friedrich of Minoan Civilization,bronze_and_iron_age,Sumer & Akkad,Mesopotamia,-2463,-2437,Political,stabilizer,EVT-BRO-1924,0.7788,0.6934,0.7845,0.7945,0.6531,0.3135,0.4784,231,0.2595,0.6586,0.5473,0.8316,0.8621,0.7708,false
CHR-BRO-1925,Alchemist Chen of Vedic Kingdoms,bronze_and_iron_age,Indus Valley (Late),South Asia,-938,-932,Scientific,architect,EVT-BRO-1925,0.8995,0.7755,0.754,0.9163,0.6352,0.1807,0.7742,121,0.1322,0.8494,0.6085,0.8467,0.8777,0.7847,false
CHR-BRO-1926,Commander Hammurabi of Minoan Civilization,bronze_and_iron_age,Mycenaean Greece,Aegean,-1244,-1200,Military,disruptor,EVT-BRO-1926,0.7813,0.6842,0.3619,0.4066,0.7618,0.8629,0.8468,24,0.7282,0.8075,0.7622,1.2404,1.25,1.25,true
CHR-BRO-1927,Poet Laureate Justinian of Vedic Kingdoms,bronze_and_iron_age,Indus Valley (Late),South Asia,-1690,-1661,Cultural,catalyst,EVT-BRO-1927,0.5507,0.7739,0.6013,0.5577,0.7431,0.6726,0.8861,13,0.5575,0.6849,0.661,1.1007,1.2056,1.1531,false
CHR-BRO-1928,Chamberlain Sargon of Sumer & Akkad,bronze_and_iron_age,Shang Dynasty,East Asia,-1665,-1636,Economic,disruptor,EVT-BRO-1928,0.8701,0.791,0.3245,0.355,0.769,0.6696,0.818,16,0.6573,0.8492,0.7745,1.2447,1.25,1.25,true
CHR-BRO-1929,Polymath Zhao of Assyrian Empire,bronze_and_iron_age,Hittite Empire,Anatolia,-2063,-2036,Scientific,disruptor,EVT-BRO-1929,0.9087,0.6164,0.3239,0.6453,0.8399,0.9362,0.8427,30,0.6454,0.8823,0.7978,1.25,1.25,1.25,true
CHR-BRO-1930,Cardinal Ramesses of Indus Valley (Late),bronze_and_iron_age,Indus Valley (Late),South Asia,-1143,-1117,Religious,architect,EVT-BRO-1930,0.8999,0.8787,0.8357,0.7962,0.6685,0.4484,0.6112,152,0.3261,0.7844,0.6426,0.8551,0.8864,0.7925,false
CHR-BRO-1931,Customs Director Ibn-Sina of Elamite Empire,bronze_and_iron_age,Mycenaean Greece,Aegean,-1812,-1778,Economic,disruptor,EVT-BRO-1931,0.7966,0.5913,0.3128,0.3353,0.7571,0.8526,0.8569,32,0.7587,0.8207,0.7598,1.2396,1.25,1.25,true
CHR-BRO-1932,Abbess Kautilya of Kingdom of Kush (Kerma/Napata),bronze_and_iron_age,Vedic Kingdoms,South Asia,-2914,-2875,Religious,stabilizer,EVT-BRO-1932,0.8462,0.5598,0.9247,0.8522,0.6391,0.2,0.468,234,0.1739,0.6949,0.5065,0.8216,0.8517,0.7615,false
CHR-BRO-1933,Treasurer Nizam of Kingdom of Kush (Kerma/Napata),bronze_and_iron_age,Babylonia,Mesopotamia,-1942,-1904,Economic,wildcard,EVT-BRO-1933,0.5215,0.7368,0.4317,0.5371,0.3968,0.3492,0.6199,65,0.406,0.5609,0.5258,1.0077,1.0581,1.1085,false
CHR-BRO-1934,Centurion Mursili of Babylonia,bronze_and_iron_age,Vedic Kingdoms,South Asia,-2324,-2304,Military,wildcard,EVT-BRO-1934,0.6689,0.6004,0.2873,0.6854,0.265,0.6706,0.7344,65,0.4926,0.6951,0.5948,1.0284,1.0799,1.1313,false
CHR-BRO-1935,Astronomer Theodosius of Western Zhou Dynasty,bronze_and_iron_age,Kingdom of Kush (Kerma/Napata),Nubia,-2423,-2398,Scientific,architect,EVT-BRO-1935,0.7984,0.8564,0.7925,0.7044,0.7259,0.1886,0.7006,113,0.2421,0.7593,0.6059,0.846,0.877,0.7841,false
CHR-BRO-1936,Patriarch Sargon of Western Zhou Dynasty,bronze_and_iron_age,Vedic Kingdoms,South Asia,-2823,-2818,Religious,catalyst,EVT-BRO-1936,0.7379,0.7667,0.5932,0.6246,0.9088,0.6477,0.8609,20,0.5116,0.7871,0.7215,1.1198,1.2264,1.1731,false
CHR-BRO-1937,Senator Telepinu of Minoan Civilization,bronze_and_iron_age,Babylonia,Mesopotamia,-2188,-2174,Political,disruptor,EVT-BRO-1937,0.8392,0.5866,0.5055,0.336,0.8481,0.9298,0.7961,13,0.7969,0.822,0.7665,1.242,1.25,1.25,true
CHR-BRO-1938,Dramatist Li of Kingdom of Kush (Kerma/Napata),bronze_and_iron_age,Mycenaean Greece,Aegean,-2257,-2236,Cultural,wildcard,EVT-BRO-1938,0.5721,0.5513,0.3023,0.3663,0.8077,0.8219,0.5835,59,0.7278,0.5767,0.6591,1.0477,1.1001,1.1525,false
CHR-BRO-1939,Commander Richelieu of Vedic Kingdoms,bronze_and_iron_age,Kingdom of Kush (Kerma/Napata),Nubia,-1421,-1400,Military,wildcard,EVT-BRO-1939,0.6122,0.7729,0.7371,0.4499,0.4208,0.6882,0.4312,48,0.6192,0.5398,0.5538,1.0161,1.067,1.1178,false
CHR-BRO-1940,Chancellor Sun of Mycenaean Greece,bronze_and_iron_age,Western Zhou Dynasty,East Asia,-2006,-1995,Political,wildcard,EVT-BRO-1940,0.7293,0.5978,0.6535,0.6537,0.3864,0.7399,0.8149,14,0.5431,0.7636,0.6151,1.0345,1.0863,1.138,false
CHR-BRO-1941,Mint Overseer Justinian of Shang Dynasty,bronze_and_iron_age,Hittite Empire,Anatolia,-1557,-1540,Economic,wildcard,EVT-BRO-1941,0.4652,0.5012,0.4291,0.2197,0.5625,0.211,0.4464,23,0.4957,0.4577,0.4706,0.9912,1.0407,1.0903,false
CHR-BRO-1942,Rhetorician Madison of Hittite Empire,bronze_and_iron_age,Babylonia,Mesopotamia,-2415,-2380,Cultural,stabilizer,EVT-BRO-1942,0.7377,0.6278,0.7678,0.8981,0.5872,0.3255,0.4236,238,0.2137,0.612,0.5074,0.8218,0.8519,0.7617,false
CHR-BRO-1943,Marshal Richelieu of Hittite Empire,bronze_and_iron_age,Kingdom of Kush (Kerma/Napata),Nubia,-2994,-2984,Military,disruptor,EVT-BRO-1943,0.8582,0.7536,0.2001,0.6327,0.8456,0.7101,0.8783,40,0.5387,0.8662,0.791,1.25,1.25,1.25,true
CHR-BRO-1944,Pontiff Kheti of Ancient Egypt,bronze_and_iron_age,Shang Dynasty,East Asia,-2791,-2765,Religious,catalyst,EVT-BRO-1944,0.6905,0.9105,0.4727,0.631,0.7709,0.645,0.726,33,0.507,0.7047,0.7017,1.1135,1.2196,1.1665,false
CHR-BRO-1945,Patriarch Tiglath of Hittite Empire,bronze_and_iron_age,Assyrian Empire,Near East,-2808,-2766,Religious,wildcard,EVT-BRO-1945,0.7802,0.7179,0.6737,0.4108,0.5764,0.2804,0.8836,25,0.4348,0.8216,0.6259,1.0378,1.0897,1.1415,false
CHR-BRO-1946,Pontiff Seneb of Ancient Egypt,bronze_and_iron_age,Assyrian Empire,Near East,-1409,-1373,Religious,architect,EVT-BRO-1946,0.8515,0.6244,0.8569,0.7771,0.6774,0.1922,0.7749,37,0.2076,0.8209,0.5787,0.8394,0.8701,0.7779,false
CHR-BRO-1947,Chancellor Puduhepa of Mycenaean Greece,bronze_and_iron_age,Hittite Empire,Anatolia,-1611,-1582,Political,catalyst,EVT-BRO-1947,0.5932,0.7782,0.4723,0.6823,0.8442,0.7612,0.7417,26,0.5394,0.6526,0.6857,1.1085,1.2141,1.1613,false
CHR-BRO-1948,Chronicler Otto of Sumer & Akkad,bronze_and_iron_age,Assyrian Empire,Near East,-2364,-2335,Cultural,stabilizer,EVT-BRO-1948,0.7604,0.7562,0.8291,0.8201,0.6856,0.1968,0.4401,208,0.1884,0.6323,0.528,0.8269,0.8571,0.7664,false
CHR-BRO-1949,Master Sculptor Rimush of Sumer & Akkad,bronze_and_iron_age,Minoan Civilization,Aegean / Crete,-1267,-1260,Cultural,architect,EVT-BRO-1949,0.6501,0.7668,0.746,0.7201,0.5802,0.428,0.6555,120,0.354,0.6522,0.5665,0.8364,0.867,0.7752,false
CHR-BRO-1950,Warlord Alexander of Kingdom of Kush (Kerma/Napata),bronze_and_iron_age,Shang Dynasty,East Asia,-1856,-1848,Military,disruptor,EVT-BRO-1950,0.7997,0.7941,0.5035,0.3213,0.7331,0.6999,0.9302,7,0.6893,0.8519,0.7571,1.2387,1.25,1.25,true
CHR-BRO-1951,Poet Laureate Justinian of Shang Dynasty,bronze_and_iron_age,Phoenician City-States,Levant,-2602,-2596,Cultural,disruptor,EVT-BRO-1951,0.6478,0.5942,0.5032,0.4888,0.8168,0.8448,0.8835,30,0.678,0.7421,0.7081,1.2218,1.25,1.25,false
CHR-BRO-1952,Admiral Seneb of Shang Dynasty,bronze_and_iron_age,Shang Dynasty,East Asia,-1909,-1898,Military,wildcard,EVT-BRO-1952,0.5207,0.5058,0.5462,0.4307,0.211,0.1847,0.8112,29,0.377,0.6369,0.4609,0.9883,1.0377,1.0871,false
CHR-BRO-1953,Commander Harsha of Minoan Civilization,bronze_and_iron_age,Elamite Empire,Ancient Iran,-834,-824,Military,architect,EVT-BRO-1953,0.7923,0.6504,0.7061,0.8297,0.6567,0.24,0.567,149,0.2052,0.7022,0.5531,0.8331,0.8635,0.7721,false
CHR-BRO-1954,Merchant Prince Naram-Sin of Phoenician City-States,bronze_and_iron_age,Kingdom of Kush (Kerma/Napata),Nubia,-1225,-1195,Economic,architect,EVT-BRO-1954,0.6625,0.8609,0.8637,0.8874,0.5664,0.2496,0.746,176,0.1811,0.6959,0.5483,0.8319,0.8623,0.771,false
CHR-BRO-1955,Astronomer Zhao of Assyrian Empire,bronze_and_iron_age,Kingdom of Kush (Kerma/Napata),Nubia,-1578,-1538,Scientific,stabilizer,EVT-BRO-1955,0.7355,0.6826,0.8557,0.728,0.6672,0.2451,0.5418,110,0.2585,0.658,0.5324,0.828,0.8583,0.7674,false
CHR-BRO-1956,Astronomer Mirabeau of Indus Valley (Late),bronze_and_iron_age,Shang Dynasty,East Asia,-2041,-2028,Scientific,catalyst,EVT-BRO-1956,0.7973,0.8957,0.5634,0.6925,0.7804,0.7403,0.7681,28,0.5239,0.7856,0.736,1.1244,1.2314,1.1779,false
CHR-BRO-1957,Hierophant Sargon of Ancient Egypt,bronze_and_iron_age,Western Zhou Dynasty,East Asia,-2553,-2521,Religious,architect,EVT-BRO-1957,0.722,0.6103,0.8891,0.7952,0.6479,0.2572,0.8024,135,0.231,0.7542,0.5495,0.8322,0.8626,0.7713,false
CHR-BRO-1958,Abbess Sumner of Vedic Kingdoms,bronze_and_iron_age,Western Zhou Dynasty,East Asia,-987,-961,Religious,disruptor,EVT-BRO-1958,0.7442,0.8399,0.4875,0.3341,0.7976,0.8211,0.755,20,0.7435,0.7485,0.7526,1.2372,1.25,1.25,true
CHR-BRO-1959,Philosopher Hattusili of Shang Dynasty,bronze_and_iron_age,Minoan Civilization,Aegean / Crete,-2727,-2689,Cultural,architect,EVT-BRO-1959,0.6934,0.8609,0.7525,0.7896,0.6399,0.4194,0.6107,128,0.3149,0.6603,0.5883,0.8417,0.8725,0.7801,false
CHR-BRO-1960,Scribe Bradford of Phoenician City-States,bronze_and_iron_age,Western Zhou Dynasty,East Asia,-2802,-2797,Cultural,catalyst,EVT-BRO-1960,0.6905,0.746,0.6625,0.6918,0.8917,0.4675,0.9196,25,0.3879,0.7822,0.6755,1.1053,1.2105,1.1579,false
CHR-BRO-1961,Warlord Chandra of Ancient Egypt,bronze_and_iron_age,Babylonia,Mesopotamia,-2321,-2296,Military,catalyst,EVT-BRO-1961,0.627,0.9101,0.6504,0.6553,0.8517,0.642,0.7495,34,0.4933,0.676,0.6819,1.1073,1.2128,1.16,false
CHR-BRO-1962,Hierophant Baldwin of Vedic Kingdoms,bronze_and_iron_age,Babylonia,Mesopotamia,-2043,-2034,Religious,architect,EVT-BRO-1962,0.6925,0.8294,0.8611,0.9149,0.5796,0.3434,0.59,147,0.2142,0.6515,0.5426,0.8305,0.8609,0.7697,false
CHR-BRO-1963,Poet Laureate Hathor of Western Zhou Dynasty,bronze_and_iron_age,Phoenician City-States,Levant,-2804,-2767,Cultural,catalyst,EVT-BRO-1963,0.7217,0.7568,0.6247,0.5593,0.8039,0.5343,0.8588,45,0.4875,0.7766,0.6831,1.1077,1.2132,1.1604,false
CHR-BRO-1964,Mint Overseer Marshall of Babylonia,bronze_and_iron_age,Assyrian Empire,Near East,-1376,-1368,Economic,stabilizer,EVT-BRO-1964,0.6758,0.7085,0.9314,0.878,0.6465,0.1975,0.4991,233,0.1598,0.6051,0.4896,0.8175,0.8474,0.7576,false
CHR-BRO-1965,Patriarch Wilhelm of Elamite Empire,bronze_and_iron_age,Babylonia,Mesopotamia,-2325,-2293,Religious,wildcard,EVT-BRO-1965,0.572,0.3539,0.3858,0.6512,0.4094,0.6386,0.5637,30,0.4937,0.5687,0.5167,1.005,1.0553,1.1055,false
CHR-BRO-1966,Polymath Leonidas of Kingdom of Kush (Kerma/Napata),bronze_and_iron_age,Babylonia,Mesopotamia,-2434,-2427,Scientific,architect,EVT-BRO-1966,0.6559,0.7642,0.7996,0.7666,0.7412,0.2106,0.8187,61,0.222,0.721,0.5759,0.8387,0.8694,0.7773,false
CHR-BRO-1967,Archon Sumner of Kingdom of Kush (Kerma/Napata),bronze_and_iron_age,Minoan Civilization,Aegean / Crete,-2567,-2562,Political,catalyst,EVT-BRO-1967,0.5717,0.6757,0.4868,0.6259,0.8853,0.597,0.9141,57,0.4856,0.7087,0.6738,1.1047,1.2099,1.1573,false
CHR-BRO-1968,Mint Overseer Colbert of Hittite Empire,bronze_and_iron_age,Minoan Civilization,Aegean / Crete,-1237,-1226,Economic,architect,EVT-BRO-1968,0.8043,0.8744,0.8331,0.7536,0.7657,0.3329,0.6817,95,0.2897,0.7553,0.6283,0.8516,0.8827,0.7893,false
CHR-BRO-1969,Merchant Prince Qian of Vedic Kingdoms,bronze_and_iron_age,Shang Dynasty,East Asia,-1892,-1865,Economic,wildcard,EVT-BRO-1969,0.7923,0.5841,0.4487,0.5912,0.6271,0.621,0.8992,10,0.5149,0.8351,0.6834,1.055,1.1078,1.1605,false
CHR-BRO-1970,Commander Averroes of Hittite Empire,bronze_and_iron_age,Indus Valley (Late),South Asia,-1916,-1901,Military,disruptor,EVT-BRO-1970,0.9481,0.7215,0.2784,0.6239,0.7785,0.6786,0.7681,42,0.5274,0.8761,0.77,1.2431,1.25,1.25,true
CHR-BRO-1971,Prefect Justinian of Ancient Egypt,bronze_and_iron_age,Indus Valley (Late),South Asia,-2200,-2158,Political,stabilizer,EVT-BRO-1971,0.5951,0.6633,0.9285,0.8422,0.4668,0.2322,0.4676,53,0.195,0.5441,0.4383,0.8048,0.8343,0.75,false
CHR-BRO-1972,Master Sculptor Qian of Shang Dynasty,bronze_and_iron_age,Sumer & Akkad,Mesopotamia,-2996,-2981,Cultural,stabilizer,EVT-BRO-1972,0.8121,0.7698,0.8789,0.828,0.463,0.3188,0.5273,45,0.2454,0.6982,0.5356,0.8288,0.8591,0.7681,false
CHR-BRO-1973,Rhetorician Wilhelm of Elamite Empire,bronze_and_iron_age,Minoan Civilization,Aegean / Crete,-2066,-2034,Cultural,catalyst,EVT-BRO-1973,0.7066,0.8909,0.6313,0.7213,0.8827,0.6816,0.7407,34,0.4802,0.7203,0.7068,1.1152,1.2214,1.1683,false
CHR-BRO-1974,Scribe Mursili of Hittite Empire,bronze_and_iron_age,Phoenician City-States,Levant,-1962,-1923,Cultural,wildcard,EVT-BRO-1974,0.5573,0.6344,0.3668,0.7878,0.2552,0.712,0.6628,7,0.4621,0.5995,0.5529,1.0159,1.0667,1.1175,false
CHR-BRO-1975,Chronicler Leonidas of Phoenician City-States,bronze_and_iron_age,Assyrian Empire,Near East,-1317,-1304,Cultural,stabilizer,EVT-BRO-1975,0.7799,0.5856,0.7869,0.8944,0.491,0.2942,0.4797,68,0.1999,0.6598,0.4991,0.8198,0.8498,0.7598,false
CHR-BRO-1976,High Priest Telepinu of Mycenaean Greece,bronze_and_iron_age,Vedic Kingdoms,South Asia,-2125,-2094,Religious,architect,EVT-BRO-1976,0.6726,0.6188,0.7019,0.8015,0.5457,0.3438,0.7233,65,0.2711,0.6929,0.5426,0.8305,0.8609,0.7697,false
CHR-BRO-1977,Senator Aurelius of Phoenician City-States,bronze_and_iron_age,Babylonia,Mesopotamia,-1030,-990,Political,architect,EVT-BRO-1977,0.6781,0.6217,0.8086,0.8908,0.7387,0.2079,0.5611,110,0.1585,0.6313,0.5135,0.8233,0.8535,0.7631,false
CHR-BRO-1978,Chamberlain Constantine of Shang Dynasty,bronze_and_iron_age,Minoan Civilization,Aegean / Crete,-1185,-1174,Economic,disruptor,EVT-BRO-1978,0.7649,0.5892,0.3847,0.6101,0.9165,0.8709,0.9562,26,0.6304,0.8415,0.7722,1.2439,1.25,1.25,true
CHR-BRO-1979,Imam Hammurabi of Kingdom of Kush (Kerma/Napata),bronze_and_iron_age,Mycenaean Greece,Aegean,-1247,-1208,Religious,architect,EVT-BRO-1979,0.6714,0.6241,0.8315,0.7009,0.5042,0.394,0.7786,81,0.3466,0.7143,0.5448,0.831,0.8614,0.7702,false
CHR-BRO-1980,Master Sculptor Aurelius of Vedic Kingdoms,bronze_and_iron_age,Kingdom of Kush (Kerma/Napata),Nubia,-2667,-2629,Cultural,disruptor,EVT-BRO-1980,0.7253,0.6851,0.2441,0.3642,0.8499,0.7757,0.885,44,0.7058,0.7892,0.7681,1.2425,1.25,1.25,true
CHR-BRO-1981,Marshal Ashoka of Shang Dynasty,bronze_and_iron_age,Shang Dynasty,East Asia,-972,-959,Military,wildcard,EVT-BRO-1981,0.6932,0.3862,0.4866,0.264,0.6696,0.6299,0.4314,55,0.6829,0.5885,0.579,1.0237,1.0749,1.1261,false
CHR-BRO-1982,Patriarch Enheduanna of Kingdom of Kush (Kerma/Napata),bronze_and_iron_age,Indus Valley (Late),South Asia,-2199,-2158,Religious,disruptor,EVT-BRO-1982,0.6714,0.7804,0.4648,0.4086,0.8499,0.8441,0.9213,9,0.7178,0.7713,0.7603,1.2398,1.25,1.25,true
CHR-BRO-1983,Synod Envoy Sargon of Assyrian Empire,bronze_and_iron_age,Babylonia,Mesopotamia,-2746,-2701,Religious,catalyst,EVT-BRO-1983,0.5397,0.7733,0.7048,0.5586,0.9211,0.5924,0.7008,21,0.5169,0.6042,0.6347,1.0924,1.1965,1.1444,false
CHR-BRO-1984,Chronicler Chandra of Minoan Civilization,bronze_and_iron_age,Minoan Civilization,Aegean / Crete,-1234,-1207,Cultural,wildcard,EVT-BRO-1984,0.4233,0.5999,0.3877,0.479,0.8037,0.2747,0.6395,4,0.3978,0.5098,0.5408,1.0122,1.0628,1.1135,false
CHR-BRO-1985,Legate Nizam of Sumer & Akkad,bronze_and_iron_age,Minoan Civilization,Aegean / Crete,-1218,-1212,Military,catalyst,EVT-BRO-1985,0.7462,0.6971,0.7216,0.7338,0.7654,0.5715,0.9245,43,0.4188,0.8175,0.6715,1.104,1.2092,1.1566,false
CHR-BRO-1986,Alchemist Naram-Sin of Minoan Civilization,bronze_and_iron_age,Kingdom of Kush (Kerma/Napata),Nubia,-2474,-2433,Scientific,disruptor,EVT-BRO-1986,0.7756,0.6989,0.2949,0.3355,0.8196,0.8107,0.8645,6,0.7376,0.8111,0.7767,1.2455,1.25,1.25,true
CHR-BRO-1987,Prefect Aurelius of Indus Valley (Late),bronze_and_iron_age,Minoan Civilization,Aegean / Crete,-1429,-1420,Political,stabilizer,EVT-BRO-1987,0.6277,0.7192,0.8922,0.798,0.5118,0.2726,0.4223,110,0.2373,0.5456,0.4667,0.8118,0.8415,0.7524,false
CHR-BRO-1988,Pontiff Samudra of Indus Valley (Late),bronze_and_iron_age,Hittite Empire,Anatolia,-3014,-2975,Religious,catalyst,EVT-BRO-1988,0.7443,0.7757,0.6553,0.6601,0.9426,0.4533,0.737,53,0.3966,0.7414,0.6738,1.1048,1.21,1.1574,false
CHR-BRO-1989,Pontiff Gao of Minoan Civilization,bronze_and_iron_age,Elamite Empire,Ancient Iran,-2812,-2771,Religious,stabilizer,EVT-BRO-1989,0.7365,0.7828,0.7727,0.7971,0.5517,0.1837,0.5705,51,0.1933,0.6701,0.5303,0.8275,0.8577,0.7669,false
CHR-BRO-1990,Customs Director Suppiluliuma of Shang Dynasty,bronze_and_iron_age,Babylonia,Mesopotamia,-1197,-1181,Economic,catalyst,EVT-BRO-1990,0.6933,0.6949,0.5756,0.6338,0.9373,0.6788,0.7087,44,0.5225,0.6995,0.687,1.1089,1.2145,1.1617,false
CHR-BRO-1991,Customs Director Zhao of Babylonia,bronze_and_iron_age,Mycenaean Greece,Aegean,-1479,-1438,Economic,stabilizer,EVT-BRO-1991,0.7931,0.655,0.8819,0.7268,0.6721,0.3214,0.5821,211,0.2973,0.7087,0.5583,0.8344,0.8649,0.7733,false
CHR-BRO-1992,Alchemist Ashoka of Sumer & Akkad,bronze_and_iron_age,Ancient Egypt,North Africa / Nile,-1190,-1146,Scientific,wildcard,EVT-BRO-1992,0.5867,0.4306,0.1872,0.4697,0.7099,0.3523,0.4504,72,0.4413,0.5322,0.5459,1.0138,1.0645,1.1152,false
CHR-BRO-1993,Pontiff Suppiluliuma of Shang Dynasty,bronze_and_iron_age,Hittite Empire,Anatolia,-1651,-1622,Religious,disruptor,EVT-BRO-1993,0.668,0.5494,0.3395,0.3672,0.8828,0.9238,0.7881,13,0.7783,0.716,0.7363,1.2315,1.25,1.25,false
CHR-BRO-1994,Chamberlain Saladin of Kingdom of Kush (Kerma/Napata),bronze_and_iron_age,Phoenician City-States,Levant,-1551,-1527,Economic,architect,EVT-BRO-1994,0.65,0.7277,0.8734,0.8364,0.6934,0.3154,0.5917,140,0.2395,0.6267,0.5326,0.828,0.8583,0.7674,false
CHR-BRO-1995,Strategos Bradford of Elamite Empire,bronze_and_iron_age,Elamite Empire,Ancient Iran,-1941,-1924,Military,wildcard,EVT-BRO-1995,0.7814,0.6543,0.2737,0.2174,0.7219,0.5751,0.6706,65,0.6789,0.7371,0.7004,1.0601,1.1131,1.1661,false
CHR-BRO-1996,Dramatist Sargon of Hittite Empire,bronze_and_iron_age,Babylonia,Mesopotamia,-2091,-2070,Cultural,stabilizer,EVT-BRO-1996,0.8474,0.6931,0.9045,0.8785,0.624,0.2679,0.6678,80,0.1947,0.7756,0.5654,0.8361,0.8667,0.7749,false
CHR-BRO-1997,Treasurer Song of Kingdom of Kush (Kerma/Napata),bronze_and_iron_age,Western Zhou Dynasty,East Asia,-2209,-2195,Economic,architect,EVT-BRO-1997,0.6608,0.8385,0.8157,0.8579,0.7239,0.4348,0.6606,66,0.2884,0.6607,0.5894,0.842,0.8728,0.7804,false
CHR-BRO-1998,Abbess Hathor of Hittite Empire,bronze_and_iron_age,Sumer & Akkad,Mesopotamia,-1581,-1572,Religious,stabilizer,EVT-BRO-1998,0.6959,0.6868,0.8546,0.7819,0.6148,0.311,0.4614,62,0.2646,0.6021,0.5105,0.8226,0.8527,0.7624,false
CHR-BRO-1999,Archon Godfrey of Babylonia,bronze_and_iron_age,Minoan Civilization,Aegean / Crete,-1284,-1258,Political,disruptor,EVT-BRO-1999,0.6523,0.6455,0.5009,0.3849,0.7614,0.8516,0.9185,47,0.7334,0.7588,0.7203,1.226,1.25,1.25,false
CHR-BRO-2000,General Talleyrand of Minoan Civilization,bronze_and_iron_age,Shang Dynasty,East Asia,-2331,-2289,Military,architect,EVT-BRO-2000,0.9143,0.8615,0.8062,0.8343,0.5754,0.4357,0.7144,112,0.3007,0.8343,0.6443,0.8555,0.8868,0.7929,false
