event_id,name,year,epoch,category,region,civilization,primary_actor_id,gdp_per_capita_usd,gini_inequality,political_event_density,historical_epoch_score_E,average_income_score,literacy_rate_pct,social_range_score_S,life_expectancy_years,birth_rate_per_1000,age_range_score_A,population_density_sqkm,urbanization_rate_pct,population_range_score_P,cth_before,cth_prelude,cth_during,cth_transition,cth_after,cth_global,delta_cth,black_swan_index,evei,ultra_cth,prediction,certainty_bracket,alphabreak,recommend_anchor,foundation_risk,dynamics_risk,chaos_risk,temporal_risk,butterfly_risk,mule_clause_active
EVT-CON-0001,Civic Restoration Revolt in Latin America (Mercosur/Alliance),1958,contemporary,revolution,Latin America,Latin America (Mercosur/Alliance),CHR-CON-0001,32507.3,0.347,0.168,0.7062,0.55,93,0.74,61.7,17.5,0.5541,373.2,40.4,0.6307,0.7223,0.5468,0.3079,0.4182,0.9001,0.5791,0.1778,0.767,0.6177,0.625987,CMN,BRACKET_BASE,false,true,0.49799232,0.57329881,0.69681432,,0.394,false
EVT-CON-0002,Caravan Route Pestilence in Middle East & North Africa (MENA),2013,contemporary,pandemic,Middle East,Middle East & North Africa (MENA),CHR-CON-0002,42535.5,0.507,0.594,0.6206,0.683,67.8,0.6805,65,17.1,0.5872,158.8,73.8,0.7358,0.7491,0.6708,0.27,0.3963,0.5986,0.537,-0.1505,0.6605,0.5932,0.659472,RMD,BRACKET_MEDIUM,false,true,0.38517336,0.43457834999999995,0.54585387,,0.4066,false
EVT-CON-0003,Provincial Autonomy Insurgency against USSR / Russian Federation,1977,contemporary,revolution,Eurasia,USSR / Russian Federation,CHR-CON-0003,35807.6,0.38,0.418,0.651,0.583,87.7,0.73,83.7,16.2,0.7832,569.8,43.9,0.6788,0.7452,0.6199,0.2687,0.4294,0.7243,0.5575,-0.0209,0.7284,0.4988,0.52856,CMN,BRACKET_BASE,false,true,0.6520888800000001,0.63217587,0.75091932,,0.3921,false
EVT-CON-0004,Decentralization Wave across Middle East & North Africa (MENA),1978,contemporary,collapse,Middle East,Middle East & North Africa (MENA),CHR-CON-0004,36584,0.415,0.888,0.5065,0.615,72.6,0.6705,70.5,10.1,0.6044,270.1,75.7,0.7838,0.7071,0.5999,0.306,0.3744,0.447,0.4869,-0.2601,0.4557,0.6172,0.494293,CMN,BRACKET_BASE,false,true,0.6491863800000001,0.602,0.9252499999999999,,0.3862,false
EVT-CON-0005,Secular Legal Separation in Latin America (Mercosur/Alliance),1987,contemporary,religious,Latin America,Latin America (Mercosur/Alliance),CHR-CON-0005,13200.4,0.549,0.683,0.3176,0.222,72.5,0.4735,83.7,20.9,0.8114,495.6,40,0.6492,0.5996,0.6215,0.494,0.5513,0.6232,0.5779,0.0236,0.5119,0.5303,0.528449,CMN,BRACKET_BASE,false,true,0.615375,0.55225,0.731125,,0.3116,false
EVT-CON-0006,Treaty System Implementation across Latin America (Mercosur/Alliance),2019,contemporary,transformation,Latin America,Latin America (Mercosur/Alliance),CHR-CON-0006,8783.6,0.409,0.112,0.4912,0.448,96.9,0.7085,73,20.3,0.6926,516.8,56.6,0.7352,0.5665,0.6023,0.5257,0.7329,0.7731,0.6401,0.2066,0.2253,0.514,0.650768,RMD,BRACKET_MEDIUM,false,true,0.39327914999999997,0.38761450000000003,0.33552885000000005,,0.3301,false
EVT-CON-0007,Printing & Communications Diffusion in Republic of India,1960,contemporary,technological,South Asia,Republic of India,CHR-CON-0007,33423.1,0.438,0.67,0.5366,0.783,69.3,0.738,75.3,21,0.7215,339,47.9,0.6612,0.5882,0.6348,0.7088,0.7842,0.9077,0.7247,0.3195,0.2398,0.5631,0.766441,RMD,BRACKET_HIGH,true,false,0.240426,0.3908937,0.3735603,,0.3223,false
EVT-CON-0008,Bureaucratic Consolidation of Latin America (Mercosur/Alliance),2004,contemporary,transformation,Latin America,Latin America (Mercosur/Alliance),CHR-CON-0008,46559.5,0.62,0.643,0.6082,0.422,84.1,0.6315,64.7,20.6,0.605,151.8,85.3,0.79,0.5492,0.6111,0.4669,0.6944,0.8457,0.6335,0.2965,0.3549,0.6021,0.671481,RMD,BRACKET_MEDIUM,false,true,0.43004240000000005,0.5703223000000001,0.561903,,0.3683,false
EVT-CON-0009,Urban Quarantine Emergency in Latin America (Mercosur/Alliance),1962,contemporary,pandemic,Latin America,Latin America (Mercosur/Alliance),CHR-CON-0009,10436.4,0.324,0.767,0.335,0.479,89.1,0.685,80.5,22.6,0.7871,543.6,71.4,0.8129,0.6879,0.6316,0.3181,0.4593,0.513,0.522,-0.1749,0.9119,0.6814,0.587305,CMN,BRACKET_BASE,false,true,0.67973374,0.5631048000000001,0.823072,,0.3901,false
EVT-CON-0010,Metallurgical Innovation Surge in Japan,2019,contemporary,technological,East Asia,Japan,CHR-CON-0010,46556.2,0.558,0.831,0.5703,0.429,86.4,0.6465,70.8,17.5,0.6521,501.4,41,0.655,0.5452,0.5821,0.6946,0.7561,0.8521,0.686,0.3069,0.1765,0.5595,0.903418,RMD,BRACKET_HIGH,true,false,0.18248779999999998,0.39233238000000004,0.38981215999999996,,0.313,false
EVT-CON-0011,Urban Quarantine Emergency in Middle East & North Africa (MENA),1984,contemporary,pandemic,Middle East,Middle East & North Africa (MENA),CHR-CON-0011,36057.3,0.347,0.337,0.6874,0.82,73.6,0.778,64.4,29.5,0.6552,534.2,52.7,0.7181,0.7979,0.7187,0.2889,0.52,0.677,0.6005,-0.1209,0.6964,0.5513,0.374174,CMN,BRACKET_BASE,false,true,0.5278838400000001,0.54260634,0.7679952399999999,,0.3957,false
EVT-CON-0012,Sanitation & Medical Breakthrough in Middle East & North Africa (MENA),1969,contemporary,technological,Middle East,Middle East & North Africa (MENA),CHR-CON-0012,20212,0.402,0.229,0.5609,0.772,78.8,0.78,67.3,19.1,0.624,127.9,67.3,0.6876,0.6081,0.6469,0.7084,0.8209,0.7885,0.7146,0.1804,0.3326,0.5158,0.771934,RMD,BRACKET_HIGH,true,false,0.31178939999999994,0.55259692,0.64783632,,0.2837,false
EVT-CON-0013,Grain Market Price Shock across Republic of India,2010,contemporary,economic,South Asia,Republic of India,CHR-CON-0013,40858,0.265,0.176,0.8035,0.844,82.2,0.833,71.2,12.6,0.627,186.2,60.3,0.6798,0.7718,0.737,0.6226,0.7903,0.7915,0.7426,0.0197,0.4003,0.4012,0.800411,RMD,BRACKET_HIGH,true,false,0.25402175,0.5649093000000001,0.6623232,,0.3371,false
EVT-CON-0014,Bureaucratic Consolidation of Middle East & North Africa (MENA),1996,contemporary,transformation,Middle East,Middle East & North Africa (MENA),CHR-CON-0014,28608.4,0.272,0.283,0.6592,0.681,79.3,0.737,77.3,28,0.7851,386.7,71.9,0.7907,0.6655,0.7274,0.6513,0.7892,0.8901,0.7447,0.2246,0.2496,0.4865,0.82029,RMD,BRACKET_HIGH,true,false,0.27404265000000005,0.5440492,0.49150350000000004,,0.3279,false
EVT-CON-0015,Popular Uprising of Japan,1991,contemporary,revolution,East Asia,Japan,CHR-CON-0015,5532.8,0.428,0.547,0.3258,0.781,70.8,0.7445,59.9,21.4,0.5581,140.6,54.5,0.6305,0.5918,0.4329,0.1985,0.4055,0.4698,0.4197,-0.122,0.762,0.6421,0.475968,CMN,BRACKET_BASE,false,true,0.60469728,0.56034692,0.78373107,,0.3993,false
EVT-CON-0016,Caravan Route Pestilence in USSR / Russian Federation,2011,contemporary,pandemic,Eurasia,USSR / Russian Federation,CHR-CON-0016,30100.9,0.432,0.317,0.6144,0.412,78.9,0.6005,67.4,31.6,0.7001,346.4,56.6,0.7063,0.6894,0.6632,0.3815,0.5604,0.6431,0.5875,-0.0463,0.7969,0.567,0.811644,RMD,BRACKET_HIGH,true,false,0.30207461999999996,0.40914296,0.5206538399999999,,0.3893,false
EVT-CON-0017,Frontier Campaign of Southeast Asia (ASEAN),1989,contemporary,war,Southeast Asia,Southeast Asia (ASEAN),CHR-CON-0017,7316.7,0.478,0.105,0.4594,0.215,67.9,0.447,77.5,31.4,0.8076,488,69.9,0.7976,0.7063,0.6021,0.2866,0.4143,0.6299,0.5278,-0.0764,0.4465,0.5258,0.676996,RMD,BRACKET_MEDIUM,false,true,0.39195199999999997,0.5984577200000001,0.7684902000000001,,0.4062,false
EVT-CON-0018,Frontier Campaign of Middle East & North Africa (MENA),1945,contemporary,war,Middle East,Middle East & North Africa (MENA),CHR-CON-0018,26843.9,0.532,0.402,0.5296,0.42,77,0.595,78.8,10.6,0.6968,525.3,47,0.6884,0.6001,0.5181,0.2051,0.3252,0.6406,0.4578,0.0405,0.6351,0.5374,0.744003,RMD,BRACKET_HIGH,true,false,0.40009778,0.54618036,0.7252178399999999,,0.4047,false
EVT-CON-0019,Astronomical Standardization by Japan,1975,contemporary,technological,East Asia,Japan,CHR-CON-0019,47150.4,0.343,0.823,0.6426,0.548,97.4,0.761,68.9,13.4,0.607,360.6,80.9,0.8307,0.6371,0.6732,0.7199,0.8039,0.9613,0.7591,0.3242,0.3127,0.5817,0.893185,RMD,BRACKET_HIGH,true,false,0.25415115000000005,0.47320730999999994,0.50911199,,0.3279,false
EVT-CON-0020,Systemic Governance Breakdown in United States,1955,contemporary,collapse,North America,United States,CHR-CON-0020,14009.1,0.566,0.469,0.384,0.397,69.1,0.544,82.8,19.3,0.7921,99.6,54.9,0.6075,0.7117,0.6011,0.3421,0.3754,0.416,0.4893,-0.2957,0.4096,0.6341,0.74985,RMD,BRACKET_HIGH,true,false,0.48325242,0.5905998,0.87890751,,0.3654,false
EVT-CON-0021,Orthodoxy & Heresy Trial Wave in Japan,1995,contemporary,religious,East Asia,Japan,CHR-CON-0021,29034.7,0.627,0.735,0.4209,0.819,98.6,0.9025,61.8,16.1,0.5468,216.8,53.2,0.6553,0.678,0.7324,0.6494,0.7221,0.7752,0.7114,0.0972,0.3258,0.4834,0.499539,CMN,BRACKET_BASE,false,true,0.46895116000000003,0.53523045,0.58884488,,0.2902,false
EVT-CON-0022,Pantheon Reformation of USSR / Russian Federation,2021,contemporary,religious,Eurasia,USSR / Russian Federation,CHR-CON-0022,18814.8,0.483,0.857,0.3357,0.455,72.3,0.589,58.1,17.7,0.5165,114.7,69.6,0.6913,0.5732,0.6274,0.4839,0.534,0.7012,0.5839,0.128,0.2502,0.5455,0.670462,RMD,BRACKET_MEDIUM,false,true,0.40720626,0.39476626,0.38928834,,0.3354,false
EVT-CON-0023,Mechanical Power Harnessing in Global Transnational Institutions,2002,contemporary,technological,Global,Global Transnational Institutions,CHR-CON-0023,44560.6,0.548,0.607,0.6226,0.64,89.4,0.767,62.2,15.1,0.5451,421.2,57.5,0.7249,0.5659,0.6226,0.7285,0.8167,0.9381,0.7344,0.3722,0.4944,0.6644,0.7585,RMD,BRACKET_HIGH,true,false,0.27860623999999995,0.5558498,0.63711061,,0.3288,false
EVT-CON-0024,Frontier Fragmentation of USSR / Russian Federation,2014,contemporary,collapse,Eurasia,USSR / Russian Federation,CHR-CON-0024,31195.7,0.391,0.741,0.5094,0.666,89,0.778,68.6,26.5,0.6824,463.8,79.9,0.8439,0.8353,0.7251,0.3609,0.4455,0.4159,0.5565,-0.4194,0.603,0.7118,0.674757,RMD,BRACKET_MEDIUM,false,true,0.39076463999999994,0.63975,1,,0.3784,false
EVT-CON-0025,Peasant Rebellion against European Union / Western Europe,1947,contemporary,revolution,Europe,European Union / Western Europe,CHR-CON-0025,44339.6,0.362,0.716,0.6437,0.361,66,0.5105,63.6,29.6,0.6471,148.7,64.2,0.6831,0.6187,0.5026,0.154,0.3548,0.5467,0.4354,-0.072,0.7098,0.5761,0.611745,CMN,BRACKET_BASE,false,true,0.5850979199999999,0.59509152,0.7776221599999998,,0.4025,false
EVT-CON-0026,Monastic Network Expansion of Southeast Asia (ASEAN),2009,contemporary,religious,Southeast Asia,Southeast Asia (ASEAN),CHR-CON-0026,35092.2,0.302,0.647,0.5993,0.204,94.1,0.5725,64.5,28.1,0.6478,99.7,78,0.7231,0.5934,0.6619,0.4811,0.5946,0.7337,0.6129,0.1403,0.222,0.4883,0.707671,RMD,BRACKET_HIGH,false,false,0.35421086,0.572125,0.6085,,0.3537,false
EVT-CON-0027,Mercantile Tariff Overhaul across USSR / Russian Federation,1974,contemporary,economic,Eurasia,USSR / Russian Federation,CHR-CON-0027,6156.8,0.388,0.12,0.4715,0.37,65.8,0.514,56,21.2,0.5149,294.1,42.5,0.6239,0.5468,0.5003,0.369,0.4677,0.3823,0.4532,-0.1645,0.609,0.646,0.609124,CMN,BRACKET_BASE,false,true,0.4168227,0.37269640000000004,0.517104,,0.3134,false
EVT-CON-0028,Grain Market Price Shock across Japan,2016,contemporary,economic,East Asia,Japan,CHR-CON-0028,5203.8,0.352,0.125,0.4722,0.726,75.1,0.7385,61.1,21.9,0.574,63.9,82.2,0.7119,0.6254,0.5585,0.315,0.4733,0.7439,0.5432,0.1185,0.6019,0.5768,0.594959,CMN,BRACKET_BASE,false,true,0.53664756,0.598375,0.737,,0.4022,false
EVT-CON-0029,Printing & Communications Diffusion in People's Republic of China,2009,contemporary,technological,East Asia,People's Republic of China,CHR-CON-0029,42526.9,0.641,0.853,0.5026,0.437,82.1,0.629,65,21.1,0.6112,107,63.1,0.6537,0.5066,0.541,0.5931,0.6778,0.8107,0.6258,0.3041,0.316,0.6118,0.542793,CMN,BRACKET_BASE,false,true,0.45913854,0.558875,0.601125,,0.3231,false
EVT-CON-0030,Grain Market Price Shock across Sub-Saharan Africa,1989,contemporary,economic,Africa,Sub-Saharan Africa,CHR-CON-0030,43157.4,0.356,0.788,0.6133,0.753,86.4,0.8085,57.8,17.6,0.5127,426.4,81.1,0.8438,0.7741,0.7386,0.5618,0.6167,0.9345,0.7251,0.1604,0.5263,0.558,0.680306,RMD,BRACKET_MEDIUM,false,false,0.3237882,0.41699112,0.42518135999999995,,0.3895,false
EVT-CON-0031,Pantheon Reformation of United States,1955,contemporary,religious,North America,United States,CHR-CON-0031,37607.8,0.579,0.556,0.5661,0.366,90.6,0.636,67.3,9.2,0.5646,114.1,64.3,0.6644,0.6524,0.7208,0.538,0.6077,0.5981,0.6234,-0.0543,0.2569,0.4585,0.838069,RMD,BRACKET_HIGH,true,false,0.23110032,0.39349737999999995,0.45089326,,0.2995,false
EVT-CON-0032,Military Coup d’État in Middle East & North Africa (MENA),2015,contemporary,revolution,Middle East,Middle East & North Africa (MENA),CHR-CON-0032,12183.9,0.491,0.392,0.4132,0.384,90.8,0.646,58,30.8,0.594,491,80.7,0.852,0.6081,0.4725,0.2009,0.3108,0.3297,0.3844,-0.2784,0.3721,0.6254,0.618668,CMN,BRACKET_BASE,false,true,0.4601039,0.5698392600000001,0.8415176000000001,,0.3839,false
EVT-CON-0033,Debt Crisis Settlement of Japan,1998,contemporary,economic,East Asia,Japan,CHR-CON-0033,23029.3,0.311,0.113,0.6483,0.282,72.3,0.5025,65.8,27.2,0.6564,372.8,47,0.6636,0.677,0.6118,0.4295,0.5383,0.568,0.5649,-0.109,0.4296,0.5252,0.713449,RMD,BRACKET_HIGH,false,false,0.42565103,0.5562247499999999,0.74927709,,0.3532,false
EVT-CON-0034,Metallurgical Innovation Surge in Sub-Saharan Africa,1995,contemporary,technological,Africa,Sub-Saharan Africa,CHR-CON-0034,31585.9,0.379,0.334,0.6386,0.201,76.4,0.4825,65.1,11.1,0.5523,365.6,82.4,0.8392,0.5515,0.5763,0.654,0.7817,0.8855,0.6898,0.334,0.2774,0.6287,0.833524,RMD,BRACKET_HIGH,true,false,0.22500108000000002,0.5473557,0.5481597,,0.3287,false
EVT-CON-0035,Agricultural Plague Wave in Global Transnational Institutions,1948,contemporary,pandemic,Global,Global Transnational Institutions,CHR-CON-0035,23271.4,0.421,0.611,0.4681,0.372,67.7,0.5245,56.5,12.8,0.4699,389.5,61.9,0.7413,0.6105,0.5404,0.1131,0.3103,0.2638,0.3676,-0.3467,0.8604,0.8129,0.658502,RMD,BRACKET_MEDIUM,false,true,0.5916215,0.5274671099999999,0.8887502400000001,,0.4025,false
EVT-CON-0036,Mercantile Tariff Overhaul across USSR / Russian Federation,1947,contemporary,economic,Eurasia,USSR / Russian Federation,CHR-CON-0036,4320.4,0.534,0.844,0.194,0.496,77.2,0.634,58.6,9.2,0.4709,234.8,61.6,0.7031,0.5587,0.5181,0.2801,0.4206,0.4198,0.4395,-0.1389,0.3867,0.6068,0.708937,RMD,BRACKET_HIGH,false,false,0.46045476,0.55475443,0.7684917499999999,,0.3621,false
EVT-CON-0037,Maritime Trade Hub Expansion in Latin America (Mercosur/Alliance),2010,contemporary,economic,Latin America,Latin America (Mercosur/Alliance),CHR-CON-0037,37197.9,0.343,0.209,0.7373,0.338,91.4,0.626,59.7,21.1,0.5541,340.6,49.1,0.6675,0.6294,0.54,0.3893,0.554,0.5557,0.5337,-0.0737,0.4082,0.4842,0.449598,CMN,BRACKET_BASE,false,true,0.5252091600000001,0.49446474999999995,0.70527424,,0.3585,false
EVT-CON-0038,Agricultural Plague Wave in Southeast Asia (ASEAN),1997,contemporary,pandemic,Southeast Asia,Southeast Asia (ASEAN),CHR-CON-0038,12924.3,0.493,0.561,0.3685,0.223,95.7,0.59,74.3,27.7,0.751,259.1,38.6,0.5952,0.6615,0.6164,0.266,0.4677,0.3011,0.4625,-0.3604,0.7579,0.7577,0.540168,CMN,BRACKET_BASE,false,true,0.5500461600000001,0.596625,1,,0.3796,false
EVT-CON-0039,Respiratory Virulence Wave across Republic of India,1981,contemporary,pandemic,South Asia,Republic of India,CHR-CON-0039,44857,0.411,0.105,0.8169,0.326,88.1,0.6035,70.2,18.8,0.6534,404.5,51,0.6895,0.7412,0.6846,0.3994,0.5155,0.502,0.5685,-0.2392,0.7357,0.632,0.64217,RMD,BRACKET_MEDIUM,false,true,0.41831999999999997,0.50210496,0.83814192,,0.3677,false
EVT-CON-0040,Institutional Dissolution of United States,1994,contemporary,collapse,North America,United States,CHR-CON-0040,5069.9,0.509,0.15,0.4164,0.66,89.8,0.779,75.9,23.8,0.7448,220.8,64.1,0.7112,0.7308,0.6797,0.3422,0.3925,0.5097,0.531,-0.2211,0.431,0.5661,0.590462,CMN,BRACKET_BASE,false,true,0.40196532,0.42045678999999997,0.55668447,,0.3928,false
EVT-CON-0041,Mercantile Tariff Overhaul across Sub-Saharan Africa,1968,contemporary,economic,Africa,Sub-Saharan Africa,CHR-CON-0041,11624.8,0.534,0.871,0.2515,0.643,85.1,0.747,82.7,25.4,0.8276,545.2,41.5,0.6636,0.5856,0.5041,0.2689,0.39,0.743,0.4983,0.1574,0.4205,0.5462,0.71212,RMD,BRACKET_HIGH,false,false,0.39886182,0.609375,0.7106250000000001,,0.4031,false
EVT-CON-0042,Metallurgical Innovation Surge in USSR / Russian Federation,1949,contemporary,technological,Eurasia,USSR / Russian Federation,CHR-CON-0042,30781.4,0.563,0.368,0.5659,0.692,83,0.761,68.9,26.7,0.6868,543.9,64.5,0.7784,0.6573,0.6861,0.7545,0.8831,0.9933,0.7949,0.336,0.3009,0.5846,0.791321,RMD,BRACKET_HIGH,true,false,0.32179775,0.5680000000000001,0.5972500000000001,,0.3249,false
EVT-CON-0043,Educational Charter of European Union / Western Europe,1991,contemporary,transformation,Europe,European Union / Western Europe,CHR-CON-0043,40328.2,0.396,0.116,0.7774,0.515,91.7,0.716,64.7,26.8,0.6422,219.1,78.7,0.7836,0.6152,0.6739,0.542,0.6797,0.929,0.688,0.3138,0.3752,0.5729,0.796465,RMD,BRACKET_HIGH,true,false,0.24084680000000003,0.56929866,0.55507276,,0.3663,false
EVT-CON-0044,Silver Flotilla Currency Shock in Global Transnational Institutions,1996,contemporary,economic,Global,Global Transnational Institutions,CHR-CON-0044,44049.2,0.352,0.765,0.6294,0.639,67.3,0.656,56.5,11.4,0.4615,77.8,70.8,0.6692,0.5872,0.5222,0.4197,0.5711,0.522,0.5244,-0.0652,0.2654,0.4695,0.525043,CMN,BRACKET_BASE,false,true,0.464166,0.5042268,0.6919583,,0.3266,false
EVT-CON-0045,Pantheon Reformation of United States,2013,contemporary,religious,North America,United States,CHR-CON-0045,42062.5,0.488,0.882,0.5356,0.654,69.8,0.676,69.3,13,0.6089,145.5,77.8,0.7495,0.604,0.676,0.4911,0.6235,0.8039,0.6397,0.1999,0.4773,0.5842,0.533804,CMN,BRACKET_BASE,false,true,0.55863675,0.554001,0.5887035,,0.3658,false
EVT-CON-0046,Constitutional Reorganization of People's Republic of China,1957,contemporary,transformation,East Asia,People's Republic of China,CHR-CON-0046,45284,0.323,0.515,0.7242,0.279,77,0.5245,57.9,14.2,0.4934,345.4,50.9,0.6776,0.5528,0.6098,0.4764,0.7198,0.8066,0.6331,0.2538,0.3424,0.5913,0.64506,RMD,BRACKET_MEDIUM,false,true,0.38518221,0.47591324,0.5129224,,0.3572,false
EVT-CON-0047,Educational Charter of Republic of India,2003,contemporary,transformation,South Asia,Republic of India,CHR-CON-0047,20664.5,0.637,0.392,0.4456,0.689,98.5,0.837,79.5,31.4,0.8292,253.5,67,0.7357,0.6452,0.6685,0.5442,0.7233,0.9572,0.7077,0.312,0.2645,0.5478,0.718496,RMD,BRACKET_HIGH,false,false,0.17497200000000002,0.40611174,0.35649368,,0.3742,false
EVT-CON-0048,Synod Monotheistic Mandate in United States,1970,contemporary,religious,North America,United States,CHR-CON-0048,45033,0.621,0.494,0.6388,0.824,81.6,0.82,67,22.3,0.64,87.4,52.5,0.5861,0.6423,0.6422,0.4593,0.6246,0.8886,0.6514,0.2463,0.4031,0.549,0.716292,RMD,BRACKET_HIGH,false,false,0.34404977999999997,0.50686031,0.580384,,0.3902,false
EVT-CON-0049,Strategic Siege of Sub-Saharan Africa,1995,contemporary,war,Africa,Sub-Saharan Africa,CHR-CON-0049,33618,0.418,0.165,0.6958,0.775,94,0.8575,57,13.4,0.4789,453.5,61.6,0.7508,0.7012,0.5979,0.2512,0.4235,0.7844,0.5516,0.0832,0.3219,0.4506,0.805929,RMD,BRACKET_HIGH,true,false,0.41820459000000004,0.56769171,0.67886712,,0.3946,false
EVT-CON-0050,Secular Legal Separation in Middle East & North Africa (MENA),2000,contemporary,religious,Middle East,Middle East & North Africa (MENA),CHR-CON-0050,27169.4,0.459,0.144,0.6319,0.372,84.4,0.608,75.7,28.2,0.769,157.4,38.4,0.5582,0.6734,0.6752,0.5592,0.6351,0.6818,0.6449,0.0084,0.4317,0.4411,0.544806,CMN,BRACKET_BASE,false,true,0.3338933,0.5471702,0.67474064,,0.3106,false
EVT-CON-0051,Military Coup d’État in Latin America (Mercosur/Alliance),1981,contemporary,revolution,Latin America,Latin America (Mercosur/Alliance),CHR-CON-0051,37221.4,0.396,0.638,0.5929,0.741,97.9,0.86,80,19.7,0.7644,451,43.2,0.6584,0.719,0.5682,0.342,0.5713,0.4057,0.5212,-0.3133,0.7756,0.6605,0.601857,CMN,BRACKET_BASE,false,true,0.53461683,0.5726825600000001,0.8974515200000001,,0.3796,false
EVT-CON-0052,Institutional Dissolution of European Union / Western Europe,2024,contemporary,collapse,Europe,European Union / Western Europe,CHR-CON-0052,25147.3,0.626,0.738,0.3854,0.397,96.7,0.682,77.2,21.9,0.7474,278.1,51.2,0.6634,0.6823,0.5755,0.2645,0.2859,0.3853,0.4387,-0.297,0.6001,0.6682,0.586593,CMN,BRACKET_BASE,false,true,0.52665948,0.42443376,0.6055041,,0.387,false
EVT-CON-0053,Fiscal Default Crisis in Latin America (Mercosur/Alliance),2021,contemporary,collapse,Latin America,Latin America (Mercosur/Alliance),CHR-CON-0053,21528.8,0.503,0.814,0.367,0.835,73.7,0.786,75.8,27.7,0.7671,556.8,76.4,0.8396,0.7428,0.664,0.4037,0.4705,0.5606,0.5683,-0.1822,0.666,0.6069,0.579117,CMN,BRACKET_BASE,false,true,0.47988424,0.5108553,0.81823239,,0.3801,false
EVT-CON-0054,Bureaucratic Consolidation of Southeast Asia (ASEAN),1990,contemporary,transformation,Southeast Asia,Southeast Asia (ASEAN),CHR-CON-0054,23413.5,0.635,0.426,0.4607,0.662,86,0.761,80.2,11.2,0.7155,136.2,57.5,0.6432,0.5637,0.6138,0.4947,0.7421,0.7135,0.6256,0.1498,0.3636,0.5112,0.87805,RMD,BRACKET_HIGH,true,false,0.35774784000000004,0.55664127,0.58223384,,0.3372,false
EVT-CON-0055,Popular Uprising of Sub-Saharan Africa,1958,contemporary,revolution,Africa,Sub-Saharan Africa,CHR-CON-0055,38059.7,0.443,0.46,0.6397,0.575,73.8,0.6565,63.8,14.1,0.5563,92.8,65.7,0.6564,0.6317,0.4657,0.1071,0.2343,0.3882,0.3654,-0.2435,0.3569,0.5728,0.521695,CMN,BRACKET_BASE,false,true,0.64506866,0.627125,0.9121250000000001,,0.407,false
EVT-CON-0056,Astronomical Standardization by Latin America (Mercosur/Alliance),1952,contemporary,technological,Latin America,Latin America (Mercosur/Alliance),CHR-CON-0056,39969.7,0.577,0.34,0.6527,0.515,65.8,0.5865,68,25.7,0.6711,329.1,49.3,0.6661,0.5672,0.6059,0.7107,0.773,0.7684,0.685,0.2012,0.2375,0.5115,0.763064,RMD,BRACKET_HIGH,true,false,0.22927576,0.37839023,0.42361719999999997,,0.2746,false
EVT-CON-0057,Harbor Incursion Sickness in Japan,1946,contemporary,pandemic,East Asia,Japan,CHR-CON-0057,25947.9,0.398,0.354,0.5762,0.646,89.2,0.769,71.3,20.8,0.6773,86.1,64.8,0.6465,0.727,0.6984,0.2203,0.3943,0.4687,0.5017,-0.2583,0.789,0.6634,0.565647,CMN,BRACKET_BASE,false,true,0.39863835,0.44423584,0.58748976,,0.4076,false
EVT-CON-0058,Silver Flotilla Currency Shock in Sub-Saharan Africa,1954,contemporary,economic,Africa,Sub-Saharan Africa,CHR-CON-0058,12918.4,0.326,0.752,0.3613,0.293,65.6,0.4745,64,27.5,0.6388,366.7,79.3,0.8239,0.573,0.5185,0.4038,0.5143,0.3778,0.4775,-0.1952,0.3927,0.6124,0.503361,CMN,BRACKET_BASE,false,true,0.58083228,0.54658212,0.78264648,,0.3163,false
EVT-CON-0059,Decentralization Wave across Latin America (Mercosur/Alliance),2022,contemporary,collapse,Latin America,Latin America (Mercosur/Alliance),CHR-CON-0059,29732.7,0.392,0.164,0.669,0.791,67.7,0.734,61.1,29.7,0.6208,522.4,79.1,0.8485,0.8167,0.7637,0.3809,0.4789,0.4868,0.5854,-0.3299,0.6966,0.6787,0.735659,RMD,BRACKET_HIGH,true,false,0.33256257,0.5322554999999999,0.8911732700000001,,0.3843,false
EVT-CON-0060,Frontier Fragmentation of Southeast Asia (ASEAN),1970,contemporary,collapse,Southeast Asia,Southeast Asia (ASEAN),CHR-CON-0060,32372,0.361,0.194,0.693,0.474,66.6,0.57,74.3,30.3,0.7666,409.2,61.7,0.7438,0.7447,0.6902,0.4271,0.4762,0.4044,0.5485,-0.3403,0.5804,0.6544,0.781428,RMD,BRACKET_HIGH,true,false,0.26544523,0.41352069999999996,0.6074081100000001,,0.3533,false
EVT-CON-0061,Harbor Incursion Sickness in People's Republic of China,1964,contemporary,pandemic,East Asia,People's Republic of China,CHR-CON-0061,40795,0.559,0.317,0.6724,0.828,80.7,0.8175,69.2,26.5,0.6888,162.1,55.6,0.6463,0.7768,0.7116,0.2851,0.4437,0.7028,0.584,-0.074,0.7934,0.5415,0.523494,CMN,BRACKET_BASE,false,true,0.43452532,0.6330392,0.7810518799999999,,0.3942,false
EVT-CON-0062,Temple Bureaucracy Reorganization of Southeast Asia (ASEAN),2011,contemporary,religious,Southeast Asia,Southeast Asia (ASEAN),CHR-CON-0062,4907.1,0.578,0.334,0.339,0.408,94.4,0.676,84.3,23.5,0.8335,137.4,62.5,0.6688,0.6738,0.6699,0.4706,0.5298,0.797,0.6282,0.1232,0.459,0.534,0.688119,RMD,BRACKET_MEDIUM,false,false,0.36654299999999995,0.520968,0.6300429000000001,,0.3841,false
EVT-CON-0063,Temple Bureaucracy Reorganization of Republic of India,2002,contemporary,religious,South Asia,Republic of India,CHR-CON-0063,37650.6,0.586,0.778,0.4978,0.822,83.8,0.83,76.4,11.1,0.674,564.2,39.1,0.6541,0.6275,0.5889,0.4596,0.6219,0.8263,0.6248,0.1988,0.544,0.5731,0.847222,RMD,BRACKET_HIGH,true,false,0.39623181,0.5726638199999999,0.62473466,,0.3811,false
EVT-CON-0064,Military Coup d’État in European Union / Western Europe,1962,contemporary,revolution,Europe,European Union / Western Europe,CHR-CON-0064,21066.8,0.562,0.734,0.3691,0.328,79.5,0.5615,79.9,8.9,0.6985,576.6,78.7,0.8536,0.6538,0.5326,0.2352,0.5073,0.4325,0.4723,-0.2213,0.6403,0.6652,0.484468,CMN,BRACKET_BASE,false,true,0.5187091,0.40942428,0.5695816,,0.4022,false
EVT-CON-0065,Harbor Incursion Sickness in Japan,1992,contemporary,pandemic,East Asia,Japan,CHR-CON-0065,11351.2,0.531,0.619,0.3256,0.26,99.2,0.626,58.7,11.6,0.4864,512.7,38.4,0.6436,0.616,0.5932,0.325,0.4292,0.4205,0.4768,-0.1955,0.9328,0.7531,0.488466,CMN,BRACKET_BASE,false,true,0.7967682,0.569125,0.915125,,0.3546,false
EVT-CON-0066,Pantheon Reformation of Middle East & North Africa (MENA),1987,contemporary,religious,Middle East,Middle East & North Africa (MENA),CHR-CON-0066,42799.4,0.275,0.628,0.6824,0.221,96.6,0.5935,70.1,23,0.6775,220.9,42.8,0.6047,0.6561,0.7259,0.6377,0.7397,0.6948,0.6908,0.0387,0.3651,0.4492,0.790139,RMD,BRACKET_HIGH,true,false,0.24981789,0.53546925,0.6278279999999999,,0.2704,false
EVT-CON-0067,Fiscal Default Crisis in European Union / Western Europe,2026,contemporary,collapse,Europe,European Union / Western Europe,CHR-CON-0067,36764.3,0.402,0.312,0.6848,0.395,97.8,0.6865,59.7,30.6,0.6111,283,85.4,0.8356,0.8041,0.6907,0.4324,0.5253,0.3611,0.5627,-0.443,0.7088,0.7491,0.446658,CMN,BRACKET_BASE,false,true,0.53225,0.60625,1,,0.3712,false
EVT-CON-0068,Grain Market Price Shock across Japan,1966,contemporary,economic,East Asia,Japan,CHR-CON-0068,7943.8,0.494,0.257,0.4146,0.208,91.3,0.5605,67.5,10.9,0.5769,179.3,79.8,0.7746,0.5534,0.4667,0.3413,0.5183,0.3482,0.4456,-0.2052,0.5291,0.6403,0.511704,CMN,BRACKET_BASE,false,true,0.5302007999999999,0.3928301,0.54346381,,0.3347,false
EVT-CON-0069,Military Coup d’État in United States,1960,contemporary,revolution,North America,United States,CHR-CON-0069,22403.7,0.359,0.835,0.4117,0.336,67.1,0.5035,83.4,17,0.7848,330.3,84.4,0.8418,0.6356,0.5357,0.2539,0.4688,0.3979,0.4584,-0.2377,0.4219,0.6088,0.678801,RMD,BRACKET_MEDIUM,false,true,0.33087372,0.40168126,0.5488943199999999,,0.3898,false
EVT-CON-0070,Debt Crisis Settlement of Japan,2005,contemporary,economic,East Asia,Japan,CHR-CON-0070,9967.2,0.44,0.227,0.458,0.311,70.1,0.506,71.3,14.1,0.6371,210.7,83.1,0.8028,0.6399,0.5573,0.4396,0.5318,0.5336,0.5404,-0.1063,0.3359,0.5312,0.568264,CMN,BRACKET_BASE,false,true,0.42956272000000006,0.38504170000000004,0.47654298,,0.3272,false
EVT-CON-0071,Frontier Campaign of Global Transnational Institutions,2016,contemporary,war,Global,Global Transnational Institutions,CHR-CON-0071,35434.4,0.554,0.213,0.657,0.614,98,0.797,58.2,24.1,0.556,504.8,70.7,0.804,0.6628,0.5474,0.2586,0.4354,0.7678,0.5344,0.105,0.5492,0.5225,0.771341,RMD,BRACKET_HIGH,true,false,0.33451704000000004,0.5457969,0.696261,,0.3923,false
EVT-CON-0072,Mercantile Tariff Overhaul across Middle East & North Africa (MENA),1964,contemporary,economic,Middle East,Middle East & North Africa (MENA),CHR-CON-0072,17906,0.611,0.597,0.3671,0.389,78.3,0.586,67.4,11,0.5765,393.7,59.7,0.731,0.5195,0.4261,0.2807,0.3367,0.6276,0.4381,0.1081,0.489,0.5812,0.500043,CMN,BRACKET_BASE,false,true,0.66356532,0.5589054,0.6350618699999999,,0.3917,false
EVT-CON-0073,Epidemic Fever Outbreak across Republic of India,1955,contemporary,pandemic,South Asia,Republic of India,CHR-CON-0073,39869.3,0.463,0.847,0.5339,0.405,84.3,0.624,61.1,21.5,0.5716,73.6,77.6,0.6991,0.6422,0.6049,0.1743,0.3258,0.5698,0.4634,-0.0724,0.7806,0.6048,0.576608,CMN,BRACKET_BASE,false,true,0.6452555200000001,0.5391667600000001,0.75606984,,0.4042,false
EVT-CON-0074,Debt Crisis Settlement of Middle East & North Africa (MENA),1971,contemporary,economic,Middle East,Middle East & North Africa (MENA),CHR-CON-0074,34892.2,0.582,0.465,0.5681,0.391,95.3,0.672,84.5,10.2,0.7558,421,54.9,0.7119,0.6867,0.6216,0.4037,0.4857,0.6561,0.5708,-0.0306,0.6257,0.5036,0.717961,RMD,BRACKET_HIGH,false,false,0.32528500000000005,0.4106586,0.49963994000000006,,0.3861,false
EVT-CON-0075,Guild Monopoly Reform in People's Republic of China,2007,contemporary,economic,East Asia,People's Republic of China,CHR-CON-0075,16979.1,0.299,0.231,0.5622,0.469,91,0.6895,60.5,16.1,0.5328,359.5,72.5,0.7884,0.6201,0.5776,0.3861,0.4983,0.5183,0.5201,-0.1018,0.5561,0.5563,0.285007,CMN,BRACKET_BASE,false,true,0.708875,0.56875,0.82725,,0.3492,false
EVT-CON-0076,Dynastic Disintegration of Southeast Asia (ASEAN),1951,contemporary,collapse,Southeast Asia,Southeast Asia (ASEAN),CHR-CON-0076,28542.4,0.353,0.515,0.5647,0.474,85.8,0.666,80.2,29.3,0.8241,578.3,68.8,0.8044,0.8585,0.7851,0.5598,0.6161,0.585,0.6809,-0.2735,0.725,0.6507,0.523582,CMN,BRACKET_BASE,false,true,0.41723848,0.40312524000000005,0.5859530399999999,,0.343,false
EVT-CON-0077,Epidemic Fever Outbreak across Sub-Saharan Africa,2020,contemporary,pandemic,Africa,Sub-Saharan Africa,CHR-CON-0077,28451.5,0.478,0.759,0.4532,0.719,79.1,0.755,72,11.6,0.6296,497.5,63,0.7645,0.6793,0.6132,0.1416,0.3186,0.5028,0.4511,-0.1765,0.8867,0.6713,0.443407,CMN,BRACKET_BASE,false,true,0.64285814,0.45281064,0.55771573,,0.3982,false
EVT-CON-0078,Imperial Annexation War in United States,1997,contemporary,war,North America,United States,CHR-CON-0078,34875.8,0.452,0.166,0.6966,0.392,94.8,0.67,76,21.1,0.7297,138.9,52.9,0.6216,0.7168,0.65,0.3432,0.5188,0.6876,0.5833,-0.0292,0.3885,0.4284,0.610073,CMN,BRACKET_BASE,false,true,0.38150000000000006,0.61475,0.779375,,0.4045,false
EVT-CON-0079,Palatial Collapse of Southeast Asia (ASEAN),1972,contemporary,collapse,Southeast Asia,Southeast Asia (ASEAN),CHR-CON-0079,33016.5,0.426,0.857,0.4804,0.334,86.3,0.5985,83.9,29.9,0.8676,477.6,67.5,0.784,0.8128,0.6989,0.3437,0.4131,0.4342,0.5405,-0.3786,0.4237,0.6484,0.63173,RMD,BRACKET_MEDIUM,false,true,0.43441848000000005,0.44923986,0.63277125,,0.3848,false
EVT-CON-0080,Hydraulic Engineering Grid in Republic of India,2018,contemporary,technological,South Asia,Republic of India,CHR-CON-0080,47599.2,0.549,0.514,0.6775,0.764,77.2,0.768,56,14.1,0.4723,243.9,43.2,0.6139,0.5581,0.6091,0.6988,0.7948,0.9174,0.7156,0.3593,0.3713,0.6292,0.807613,RMD,BRACKET_HIGH,true,false,0.2979364,0.39336984,0.39599484999999995,,0.3291,false
EVT-CON-0081,Secular Legal Separation in USSR / Russian Federation,1975,contemporary,religious,Eurasia,USSR / Russian Federation,CHR-CON-0081,33011.2,0.395,0.168,0.6964,0.841,98.9,0.915,61.6,19.9,0.5674,575.4,70.5,0.8125,0.7305,0.7936,0.6722,0.7763,0.7515,0.7448,0.021,0.2804,0.3846,0.578548,CMN,BRACKET_BASE,false,true,0.31829048,0.48781017,0.6061201900000001,,0.2843,false
EVT-CON-0082,Grain Market Price Shock across Southeast Asia (ASEAN),1961,contemporary,economic,Southeast Asia,Southeast Asia (ASEAN),CHR-CON-0082,19072.4,0.351,0.566,0.4649,0.214,74.8,0.481,61.4,30,0.6258,423.7,45,0.6628,0.6057,0.559,0.3665,0.5207,0.4984,0.5101,-0.1073,0.4696,0.5696,0.381983,CMN,BRACKET_BASE,false,true,0.692607,0.5476159,0.7534267,,0.3519,false
EVT-CON-0083,Respiratory Virulence Wave across Southeast Asia (ASEAN),1998,contemporary,pandemic,Southeast Asia,Southeast Asia (ASEAN),CHR-CON-0083,41846.1,0.411,0.746,0.5976,0.792,79.3,0.7925,59.3,9.2,0.4784,189.6,82.5,0.7921,0.735,0.6749,0.3578,0.5965,0.6112,0.5951,-0.1238,0.9036,0.6425,0.705654,RMD,BRACKET_HIGH,false,false,0.43408002,0.56907991,0.80066671,,0.3959,false
EVT-CON-0084,Caravan Route Pestilence in United States,2000,contemporary,pandemic,North America,United States,CHR-CON-0084,28832.4,0.477,0.637,0.4935,0.618,98.6,0.802,57,22.2,0.5317,202.3,73.1,0.7498,0.743,0.7048,0.3917,0.5119,0.6135,0.593,-0.1295,0.6581,0.5904,0.618666,CMN,BRACKET_BASE,false,true,0.55999053,0.598375,0.8837499999999999,,0.3916,false
EVT-CON-0085,Urban Quarantine Emergency in Latin America (Mercosur/Alliance),1999,contemporary,pandemic,Latin America,Latin America (Mercosur/Alliance),CHR-CON-0085,44955.3,0.415,0.28,0.7641,0.441,90.4,0.6725,66.2,16.6,0.5971,311.6,63.7,0.7341,0.7783,0.7535,0.4271,0.645,0.6342,0.6476,-0.1441,0.7313,0.5856,0.443425,CMN,BRACKET_BASE,false,true,0.45479643,0.41545476000000003,0.5553176400000001,,0.3892,false
EVT-CON-0086,Palatial Collapse of European Union / Western Europe,1963,contemporary,collapse,Europe,European Union / Western Europe,CHR-CON-0086,23747.3,0.302,0.867,0.4313,0.826,68.8,0.757,77.4,30.6,0.8018,354.7,64.6,0.748,0.7954,0.7373,0.5053,0.562,0.6017,0.6403,-0.1937,0.7089,0.6133,0.541909,CMN,BRACKET_BASE,false,true,0.54270734,0.56595832,0.84218528,,0.3552,false
EVT-CON-0087,Agrarian Insurgency in People's Republic of China,1950,contemporary,revolution,East Asia,People's Republic of China,CHR-CON-0087,30733.4,0.414,0.695,0.5121,0.225,97.9,0.602,80.2,17.5,0.7533,297.1,83.5,0.8297,0.7733,0.6212,0.234,0.4185,0.6671,0.5428,-0.1062,0.4005,0.5074,0.660972,RMD,BRACKET_MEDIUM,false,true,0.36547445,0.5853879200000001,0.7936856899999999,,0.3943,false
EVT-CON-0088,Debt Crisis Settlement of Japan,2011,contemporary,economic,East Asia,Japan,CHR-CON-0088,39956.3,0.429,0.178,0.7456,0.439,70.2,0.5705,61.7,11,0.5151,259.6,45,0.6274,0.6299,0.5564,0.4007,0.4846,0.8252,0.5794,0.1953,0.4329,0.569,0.731426,RMD,BRACKET_HIGH,true,false,0.39807224,0.41862435,0.42034706,,0.3962,false
EVT-CON-0089,Orthodoxy & Heresy Trial Wave in Middle East & North Africa (MENA),1947,contemporary,religious,Middle East,Middle East & North Africa (MENA),CHR-CON-0089,20073.1,0.313,0.542,0.4925,0.472,68.6,0.579,69.6,14.7,0.6224,395.8,46,0.6629,0.5494,0.5616,0.3948,0.466,0.7736,0.5491,0.2242,0.4707,0.6147,0.731677,RMD,BRACKET_HIGH,true,false,0.42802802,0.40018316,0.40152276,,0.3811,false
EVT-CON-0090,Imperial Annexation War in Middle East & North Africa (MENA),1988,contemporary,war,Middle East,Middle East & North Africa (MENA),CHR-CON-0090,32280,0.406,0.243,0.664,0.441,82.9,0.635,69.9,18.2,0.6466,433.9,50.1,0.6901,0.6753,0.612,0.3315,0.4117,0.6259,0.5313,-0.0494,0.4556,0.4787,0.561928,CMN,BRACKET_BASE,false,true,0.32772593,0.42777364,0.50526504,,0.4007,false
EVT-CON-0091,Agrarian Restructuring of Latin America (Mercosur/Alliance),2023,contemporary,transformation,Latin America,Latin America (Mercosur/Alliance),CHR-CON-0091,37592.9,0.595,0.363,0.6191,0.629,74.5,0.687,83.9,20.4,0.8106,551.7,75.4,0.834,0.6243,0.6558,0.5929,0.8353,0.7472,0.6911,0.1229,0.1396,0.4138,0.655001,RMD,BRACKET_MEDIUM,false,true,0.47535182,0.577,0.563875,,0.3169,false
EVT-CON-0092,Coalition Defense of Japan,1988,contemporary,war,East Asia,Japan,CHR-CON-0092,39521.2,0.49,0.439,0.6451,0.466,76.7,0.6165,56,24.4,0.5341,403.4,51.7,0.6928,0.6126,0.5421,0.3247,0.4454,0.7127,0.5275,0.1001,0.6192,0.5695,0.740496,RMD,BRACKET_HIGH,true,false,0.44134195,0.40672768000000004,0.44768569999999996,,0.3993,false
EVT-CON-0093,Civic Restoration Revolt in Middle East & North Africa (MENA),1957,contemporary,revolution,Middle East,Middle East & North Africa (MENA),CHR-CON-0093,24874.9,0.376,0.107,0.6472,0.302,94.4,0.623,83.4,28.9,0.8562,233.7,38.1,0.5853,0.6996,0.5232,0.1982,0.3169,0.4832,0.4442,-0.2164,0.7706,0.6205,0.663948,RMD,BRACKET_MEDIUM,false,true,0.46994480999999994,0.43754536,0.5699885,,0.4055,false
EVT-CON-0094,Hydraulic Engineering Grid in People's Republic of China,2020,contemporary,technological,East Asia,People's Republic of China,CHR-CON-0094,21063,0.522,0.732,0.3817,0.464,74.5,0.6045,79.9,26.6,0.8047,209.1,39.5,0.5842,0.5501,0.5804,0.651,0.7216,0.7236,0.6453,0.1735,0.1565,0.4942,0.845283,RMD,BRACKET_HIGH,true,false,0.2729807,0.5495858,0.61376124,,0.2761,false
EVT-CON-0095,Coalition Defense of Latin America (Mercosur/Alliance),2020,contemporary,war,Latin America,Latin America (Mercosur/Alliance),CHR-CON-0095,10183.8,0.439,0.535,0.3679,0.717,73.6,0.7265,75.9,20.1,0.7226,525,81.8,0.8624,0.7349,0.6383,0.3322,0.4977,0.8795,0.6165,0.1446,0.6834,0.6064,0.708516,RMD,BRACKET_HIGH,false,false,0.40375,0.642625,0.777875,,0.3895,false
EVT-CON-0096,Agricultural Plague Wave in Global Transnational Institutions,1945,contemporary,pandemic,Global,Global Transnational Institutions,CHR-CON-0096,10182.6,0.32,0.682,0.3595,0.734,72.7,0.7305,59,28,0.588,486.3,48.2,0.6888,0.6617,0.6063,0.2098,0.3172,0.5967,0.4783,-0.065,0.7809,0.6086,0.398652,CMN,BRACKET_BASE,false,true,0.7516297599999999,0.61247832,0.77987632,,0.4058,false
EVT-CON-0097,Navigational Instrument Reform in Sub-Saharan Africa,1958,contemporary,technological,Africa,Sub-Saharan Africa,CHR-CON-0097,10113.5,0.62,0.192,0.4158,0.814,77.8,0.796,74.6,23.2,0.7272,220.1,80.4,0.7924,0.5879,0.6338,0.7189,0.8433,0.8326,0.7233,0.2447,0.4113,0.5741,0.761908,RMD,BRACKET_HIGH,true,false,0.23152537999999998,0.56325,0.700625,,0.2989,false
EVT-CON-0098,Provincial Autonomy Insurgency against Middle East & North Africa (MENA),2022,contemporary,revolution,Middle East,Middle East & North Africa (MENA),CHR-CON-0098,16569.3,0.644,0.878,0.2609,0.326,74.3,0.5345,55.6,20.7,0.5076,410.5,41.5,0.6431,0.5629,0.4219,0.1643,0.3131,0.4364,0.3797,-0.1265,0.7345,0.6865,0.446052,CMN,BRACKET_BASE,false,true,0.7514804700000001,0.504897,0.7791875,,0.3998,false
EVT-CON-0099,Strategic Siege of USSR / Russian Federation,1952,contemporary,war,Eurasia,USSR / Russian Federation,CHR-CON-0099,30563.8,0.501,0.708,0.4806,0.388,67.5,0.5315,69.6,25.1,0.6848,90,70.9,0.6802,0.557,0.5149,0.1728,0.318,0.4699,0.4065,-0.0871,0.5461,0.559,0.492382,CMN,BRACKET_BASE,false,true,0.70681458,0.570971,0.77182112,,0.404,false
EVT-CON-0100,Strategic Siege of USSR / Russian Federation,1975,contemporary,war,Eurasia,USSR / Russian Federation,CHR-CON-0100,5447.7,0.603,0.801,0.1963,0.26,98.7,0.6235,66.5,22.3,0.6346,367.5,75.2,0.8035,0.5278,0.4832,0.2731,0.3906,0.3899,0.4129,-0.1379,0.419,0.5911,0.464431,CMN,BRACKET_BASE,false,true,0.60947505,0.47146889999999997,0.7214319,,0.3519,false
EVT-CON-0101,Epidemic Fever Outbreak across Sub-Saharan Africa,1959,contemporary,pandemic,Africa,Sub-Saharan Africa,CHR-CON-0101,11791.5,0.546,0.426,0.3829,0.265,87.8,0.5715,82.5,16.8,0.7739,73.2,43.5,0.5283,0.5945,0.5201,0.2062,0.396,0.4161,0.4266,-0.1784,0.6027,0.6178,0.70314,RMD,BRACKET_HIGH,false,false,0.43467030000000006,0.40857876,0.5583226,,0.3947,false
EVT-CON-0102,Decentralization Wave across Global Transnational Institutions,1979,contemporary,collapse,Global,Global Transnational Institutions,CHR-CON-0102,15486.3,0.292,0.525,0.4626,0.764,85.8,0.811,72.8,30.9,0.754,78.2,72.2,0.6765,0.8207,0.7606,0.5243,0.5961,0.6271,0.6658,-0.1936,0.4661,0.5469,0.67621,RMD,BRACKET_MEDIUM,false,true,0.2982036,0.5803449399999999,0.81633971,,0.3585,false
EVT-CON-0103,Dynastic Disintegration of United States,2020,contemporary,collapse,North America,United States,CHR-CON-0103,19664.7,0.499,0.378,0.4822,0.523,83.9,0.681,70.9,25.2,0.6994,62.5,47.5,0.5368,0.705,0.6487,0.3526,0.3798,0.3016,0.4775,-0.4034,0.6104,0.721,0.571431,CMN,BRACKET_BASE,false,true,0.48671196000000005,0.51799889,0.92176668,,0.3631,false
EVT-CON-0104,Harbor Incursion Sickness in Middle East & North Africa (MENA),1968,contemporary,pandemic,Middle East,Middle East & North Africa (MENA),CHR-CON-0104,34109,0.606,0.46,0.5553,0.788,79.2,0.79,76.1,31.3,0.792,504.8,82,0.8605,0.7845,0.7162,0.2297,0.4312,0.588,0.5499,-0.1965,0.8121,0.6185,0.607771,CMN,BRACKET_BASE,false,true,0.5375413399999999,0.63126987,0.82237715,,0.3924,false
EVT-CON-0105,Temple Bureaucracy Reorganization of Sub-Saharan Africa,1975,contemporary,religious,Africa,Sub-Saharan Africa,CHR-CON-0105,33585.6,0.629,0.891,0.4144,0.406,99.2,0.699,76.1,26.6,0.7638,411.7,51.7,0.6943,0.6849,0.6664,0.5031,0.6279,0.7436,0.6452,0.0587,0.2745,0.4487,0.524596,CMN,BRACKET_BASE,false,true,0.36192592,0.39980892,0.41379864,,0.3627,false
EVT-CON-0106,Synod Monotheistic Mandate in Southeast Asia (ASEAN),1981,contemporary,religious,Southeast Asia,Southeast Asia (ASEAN),CHR-CON-0106,31440.3,0.438,0.628,0.5313,0.847,96.2,0.9045,69.9,22.5,0.6724,287.3,43.1,0.6252,0.6467,0.6814,0.5375,0.6446,0.7507,0.6522,0.104,0.2747,0.4386,0.693631,RMD,BRACKET_MEDIUM,false,false,0.371259,0.570375,0.6335000000000001,,0.3411,false
EVT-CON-0107,Institutional Dissolution of Republic of India,1968,contemporary,collapse,South Asia,Republic of India,CHR-CON-0107,5984.8,0.637,0.635,0.2407,0.381,73,0.5555,60.5,29.8,0.615,534.5,65.1,0.7802,0.6387,0.5804,0.2869,0.3312,0.2466,0.4168,-0.3921,0.7822,0.8256,0.453283,CMN,BRACKET_BASE,false,true,0.6475886,0.5693721599999999,0.94364127,,0.3627,false
EVT-CON-0108,Agrarian Restructuring of Sub-Saharan Africa,1996,contemporary,transformation,Africa,Sub-Saharan Africa,CHR-CON-0108,29202.8,0.512,0.633,0.4875,0.475,75,0.6125,72.3,19,0.6772,492.7,69.3,0.7953,0.5665,0.5968,0.4728,0.6037,0.71,0.59,0.1435,0.1453,0.4772,0.757966,RMD,BRACKET_HIGH,true,false,0.35683108999999996,0.3862642,0.35140871999999995,,0.3404,false
EVT-CON-0109,Grain Market Price Shock across People's Republic of China,1959,contemporary,economic,East Asia,People's Republic of China,CHR-CON-0109,32742.6,0.574,0.109,0.658,0.219,80.5,0.512,83.1,24.8,0.8283,180.1,76.4,0.7579,0.7631,0.7194,0.5677,0.7227,0.5674,0.6681,-0.1957,0.6327,0.5941,0.69233,RMD,BRACKET_MEDIUM,false,false,0.37128938000000006,0.38768302,0.5362072,,0.3271,false
EVT-CON-0110,Educational Charter of Japan,1992,contemporary,transformation,East Asia,Japan,CHR-CON-0110,8959.5,0.636,0.506,0.3065,0.825,93.9,0.882,71.1,14.8,0.6391,484.8,57.8,0.7366,0.5685,0.6328,0.5622,0.7271,0.8227,0.6627,0.2542,0.1356,0.527,0.873588,RMD,BRACKET_HIGH,true,false,0.13207014,0.39261477,0.30782583,,0.3344,false
EVT-CON-0111,Synod Monotheistic Mandate in Southeast Asia (ASEAN),1945,contemporary,religious,Southeast Asia,Southeast Asia (ASEAN),CHR-CON-0111,6514.1,0.29,0.439,0.4084,0.301,94,0.6205,83.5,22.1,0.8164,335.8,68,0.761,0.6725,0.7036,0.6143,0.6818,0.8026,0.695,0.1301,0.3585,0.5131,0.724067,RMD,BRACKET_HIGH,false,false,0.36253854999999996,0.5575,0.6275,,0.3135,false
EVT-CON-0112,Navigational Instrument Reform in Sub-Saharan Africa,1974,contemporary,technological,Africa,Sub-Saharan Africa,CHR-CON-0112,25952.1,0.451,0.88,0.4025,0.731,76,0.7455,63.7,23.1,0.6092,529.2,39.1,0.6494,0.523,0.559,0.6064,0.7179,0.7502,0.6313,0.2272,0.3421,0.5746,0.606122,CMN,BRACKET_BASE,false,true,0.47872392,0.48421330000000007,0.59214526,,0.3017,false
EVT-CON-0113,Sanitation & Medical Breakthrough in People's Republic of China,1962,contemporary,technological,East Asia,People's Republic of China,CHR-CON-0113,42125.1,0.414,0.302,0.7324,0.304,95.9,0.6315,70.8,26.7,0.7073,514.5,56.5,0.7344,0.6519,0.6985,0.804,0.8796,0.9425,0.7953,0.2906,0.3449,0.5625,0.724404,RMD,BRACKET_HIGH,false,false,0.29912500000000003,0.565125,0.68,,0.3063,false
EVT-CON-0114,Provincial Autonomy Insurgency against Republic of India,1991,contemporary,revolution,South Asia,Republic of India,CHR-CON-0114,23950.1,0.524,0.774,0.3944,0.326,95.5,0.6405,79.1,25.3,0.7883,357.5,60.5,0.728,0.638,0.4648,0.0869,0.2245,0.4861,0.3801,-0.1519,0.683,0.6093,0.56685,CMN,BRACKET_BASE,false,true,0.5307071,0.62195179,0.79842655,,0.3948,false
EVT-CON-0115,Imperial Annexation War in Middle East & North Africa (MENA),2022,contemporary,war,Middle East,Middle East & North Africa (MENA),CHR-CON-0115,47634.1,0.347,0.567,0.7225,0.605,81.5,0.71,59,17.7,0.5262,141.9,58.3,0.6502,0.6107,0.5513,0.2465,0.3012,0.3546,0.4129,-0.2561,0.3867,0.5712,0.477129,CMN,BRACKET_BASE,false,true,0.5615768000000001,0.41310771,0.5613893999999999,,0.3756,false
EVT-CON-0116,Borderlands Pacification of United States,2011,contemporary,war,North America,United States,CHR-CON-0116,16780.3,0.368,0.298,0.5196,0.215,89.2,0.5535,64.5,31.8,0.67,419.2,65.9,0.7666,0.6386,0.5198,0.2058,0.4009,0.7076,0.4945,0.069,0.5447,0.542,0.556432,CMN,BRACKET_BASE,false,true,0.488254,0.43981223,0.48784228,,0.39,false
EVT-CON-0117,Agrarian Insurgency in Latin America (Mercosur/Alliance),2015,contemporary,revolution,Latin America,Latin America (Mercosur/Alliance),CHR-CON-0117,27213.7,0.462,0.177,0.6215,0.788,65.6,0.722,64.5,28.3,0.649,570.3,40.6,0.6624,0.7443,0.6165,0.3617,0.6248,0.6792,0.6053,-0.0651,0.6931,0.5396,0.890221,RMD,BRACKET_HIGH,true,false,0.32373071000000003,0.40294488,0.50115,,0.4011,false
EVT-CON-0118,Guild Monopoly Reform in Republic of India,1995,contemporary,economic,South Asia,Republic of India,CHR-CON-0118,44081.6,0.517,0.405,0.6882,0.417,97.2,0.6945,63.1,12.8,0.541,333.3,42.6,0.6335,0.6541,0.5551,0.4233,0.585,0.6004,0.5636,-0.0537,0.3552,0.4592,0.640637,RMD,BRACKET_MEDIUM,false,true,0.30184752,0.38715035999999997,0.45429798,,0.3592,false
EVT-CON-0119,Frontier Fragmentation of Japan,1979,contemporary,collapse,East Asia,Japan,CHR-CON-0119,19360.4,0.411,0.425,0.4918,0.825,85.5,0.84,82.5,20.5,0.7961,329.1,44.3,0.6411,0.7527,0.6742,0.3053,0.365,0.4315,0.5057,-0.3212,0.7122,0.6623,0.278708,CMN,BRACKET_BASE,false,true,0.7466072999999999,0.62519595,0.93943102,,0.3922,false
EVT-CON-0120,Navigational Instrument Reform in Sub-Saharan Africa,2012,contemporary,technological,Africa,Sub-Saharan Africa,CHR-CON-0120,30606.8,0.298,0.688,0.5479,0.828,72,0.774,67.6,21.4,0.641,306.9,47.3,0.651,0.5958,0.6309,0.6895,0.7684,0.9545,0.7278,0.3587,0.4784,0.6489,0.775605,RMD,BRACKET_HIGH,true,false,0.21949760000000001,0.39244945999999997,0.37772616000000003,,0.3352,false
EVT-CON-0121,Imperial Annexation War in Sub-Saharan Africa,1998,contemporary,war,Africa,Sub-Saharan Africa,CHR-CON-0121,22494.3,0.53,0.556,0.4449,0.524,82.9,0.6765,56.5,14.8,0.4819,363.2,49.5,0.6742,0.6203,0.5469,0.2299,0.3106,0.3584,0.4132,-0.2619,0.5617,0.6714,0.779044,RMD,BRACKET_HIGH,true,false,0.37370872,0.40495686000000003,0.5746784,,0.3827,false
EVT-CON-0122,Territorial Rupture of USSR / Russian Federation,1954,contemporary,collapse,Eurasia,USSR / Russian Federation,CHR-CON-0122,46607.4,0.525,0.532,0.6704,0.653,73.8,0.6955,65,19.7,0.6028,246.9,60.6,0.7018,0.7923,0.7007,0.3871,0.4228,0.5154,0.5637,-0.2769,0.5826,0.6299,0.508858,CMN,BRACKET_BASE,false,true,0.5743221199999999,0.5991221600000001,0.9002859600000002,,0.385,false
EVT-CON-0123,Pantheon Reformation of Republic of India,1987,contemporary,religious,South Asia,Republic of India,CHR-CON-0123,46419.5,0.485,0.3,0.7503,0.238,91,0.574,83.6,29.6,0.8625,556.1,49.1,0.703,0.7451,0.7475,0.6593,0.721,0.9016,0.7549,0.1565,0.2475,0.4484,0.852629,RMD,BRACKET_HIGH,true,false,0.24042816,0.47907458999999997,0.5107497,,0.3365,false
EVT-CON-0124,Urban Quarantine Emergency in European Union / Western Europe,1992,contemporary,pandemic,Europe,European Union / Western Europe,CHR-CON-0124,15759.9,0.301,0.272,0.5383,0.681,68.1,0.681,64.7,19.8,0.6002,111.6,48.4,0.5833,0.6434,0.5748,0.2072,0.4404,0.4061,0.4544,-0.2373,0.8519,0.6982,0.573435,CMN,BRACKET_BASE,false,true,0.76113114,0.596625,0.9315,,0.4014,false
EVT-CON-0125,Palatial Collapse of Latin America (Mercosur/Alliance),2022,contemporary,collapse,Latin America,Latin America (Mercosur/Alliance),CHR-CON-0125,34785.2,0.484,0.309,0.6433,0.276,86.4,0.57,60,29.6,0.6084,84.1,43,0.5358,0.6422,0.5478,0.2309,0.271,0.3031,0.399,-0.3391,0.4438,0.6508,0.476375,CMN,BRACKET_BASE,false,true,0.59736,0.602375,0.966625,,0.3735,true
EVT-CON-0126,Maritime Hegemony Clash in Latin America (Mercosur/Alliance),1994,contemporary,war,Latin America,Latin America (Mercosur/Alliance),CHR-CON-0126,11767.4,0.278,0.659,0.3932,0.627,93.8,0.7825,70,13.7,0.6207,559.5,49.6,0.706,0.6347,0.573,0.2529,0.4258,0.4151,0.4603,-0.2196,0.666,0.6456,0.705276,RMD,BRACKET_HIGH,false,false,0.42613375,0.5703307499999999,0.8577384499999999,,0.3882,false
EVT-CON-0127,Administrative Codification of Southeast Asia (ASEAN),1993,contemporary,transformation,Southeast Asia,Southeast Asia (ASEAN),CHR-CON-0127,23777.4,0.466,0.257,0.5654,0.232,84.6,0.539,67.4,18.5,0.6215,311,41,0.6205,0.5046,0.5515,0.4296,0.5773,0.7155,0.5557,0.2109,0.3333,0.5683,0.838784,RMD,BRACKET_HIGH,true,false,0.25685856,0.39714844,0.37061376,,0.3464,false
EVT-CON-0128,Borderlands Pacification of USSR / Russian Federation,2022,contemporary,war,Eurasia,USSR / Russian Federation,CHR-CON-0128,6969,0.578,0.896,0.189,0.501,81,0.6555,57.1,17.8,0.5063,544.4,53.7,0.7245,0.5613,0.4961,0.21,0.3313,0.351,0.3899,-0.2103,0.6759,0.7099,0.688587,RMD,BRACKET_MEDIUM,false,false,0.5386952199999999,0.39494521,0.5623174,,0.3775,false
EVT-CON-0129,Respiratory Virulence Wave across Global Transnational Institutions,1986,contemporary,pandemic,Global,Global Transnational Institutions,CHR-CON-0129,13183.4,0.39,0.297,0.4809,0.42,78.8,0.604,82.1,19.5,0.7858,176.9,50.7,0.6281,0.6681,0.5917,0.1622,0.354,0.5694,0.4691,-0.0987,0.7238,0.5836,0.754826,RMD,BRACKET_HIGH,true,false,0.51207102,0.5442871499999999,0.76200892,,0.3948,false
EVT-CON-0130,Decentralization Wave across Sub-Saharan Africa,2023,contemporary,collapse,Africa,Sub-Saharan Africa,CHR-CON-0130,33046.7,0.306,0.301,0.6835,0.715,72.4,0.7195,58.9,19.5,0.5359,152.1,51.3,0.6202,0.7102,0.6354,0.3148,0.3935,0.4983,0.5104,-0.2119,0.4615,0.569,0.490029,CMN,BRACKET_BASE,false,true,0.66465234,0.60625,0.9023749999999999,,0.3933,false
EVT-CON-0131,Caravan Route Pestilence in Republic of India,2022,contemporary,pandemic,South Asia,Republic of India,CHR-CON-0131,45861.9,0.267,0.648,0.7063,0.75,80.4,0.777,81.4,29.8,0.84,314.8,44.7,0.6398,0.797,0.7618,0.4334,0.5569,0.563,0.6224,-0.234,0.6201,0.5629,0.663365,RMD,BRACKET_MEDIUM,false,true,0.2590764,0.42241875,0.58520644,,0.3796,false
EVT-CON-0132,Coalition Defense of Sub-Saharan Africa,2004,contemporary,war,Africa,Sub-Saharan Africa,CHR-CON-0132,44520.6,0.468,0.664,0.6291,0.726,92.3,0.8245,67.9,24.4,0.6622,317.1,65.3,0.7434,0.7172,0.6607,0.3298,0.4559,0.7915,0.591,0.0743,0.4549,0.4665,0.599943,CMN,BRACKET_BASE,false,true,0.3717042,0.5260258800000001,0.6529399800000001,,0.4021,false
EVT-CON-0133,Monastic Network Expansion of Global Transnational Institutions,2019,contemporary,religious,Global,Global Transnational Institutions,CHR-CON-0133,18436.3,0.563,0.407,0.4433,0.753,89.3,0.823,59.5,21.5,0.5544,301.7,56,0.6933,0.5842,0.6004,0.4827,0.5641,0.6533,0.5769,0.0691,0.4508,0.5069,0.774821,RMD,BRACKET_HIGH,true,false,0.2695887,0.47371266,0.6187062999999999,,0.3229,false
EVT-CON-0134,Epidemic Fever Outbreak across Republic of India,1972,contemporary,pandemic,South Asia,Republic of India,CHR-CON-0134,40188.4,0.32,0.886,0.568,0.795,75.2,0.7735,82.6,29.8,0.853,68.8,51.2,0.5623,0.7552,0.6792,0.228,0.4709,0.6834,0.5633,-0.0718,0.8459,0.5511,0.76306,RMD,BRACKET_HIGH,true,false,0.35719584,0.44497781999999997,0.50465928,,0.3956,false
EVT-CON-0135,Guild Monopoly Reform in Latin America (Mercosur/Alliance),1994,contemporary,economic,Latin America,Latin America (Mercosur/Alliance),CHR-CON-0135,43345.9,0.318,0.642,0.6702,0.725,97.9,0.852,63,12.4,0.5375,83,75.5,0.6973,0.764,0.6692,0.4273,0.4956,0.727,0.6166,-0.037,0.5516,0.4789,0.649357,RMD,BRACKET_MEDIUM,false,true,0.4113044,0.4201947,0.49513572,,0.3997,false
EVT-CON-0136,Agrarian Insurgency in Sub-Saharan Africa,1963,contemporary,revolution,Africa,Sub-Saharan Africa,CHR-CON-0136,36790.5,0.542,0.128,0.6982,0.484,88.4,0.684,56.5,31.3,0.5809,560.7,58.1,0.7486,0.7776,0.6379,0.2812,0.4281,0.9724,0.6194,0.1948,0.4197,0.5457,0.622001,CMN,BRACKET_BASE,false,true,0.31938095000000005,0.61010922,0.7081456199999999,,0.4071,false
EVT-CON-0137,Maritime Trade Hub Expansion in USSR / Russian Federation,1945,contemporary,economic,Eurasia,USSR / Russian Federation,CHR-CON-0137,23666.4,0.381,0.561,0.4987,0.4,84.8,0.624,77.8,19.9,0.7419,160.1,55.4,0.6444,0.6987,0.6558,0.3833,0.447,0.6534,0.5676,-0.0453,0.3592,0.4646,0.665687,RMD,BRACKET_MEDIUM,false,true,0.38527076,0.41659412,0.4780031799999999,,0.3954,false
EVT-CON-0138,Astronomical Standardization by Sub-Saharan Africa,1973,contemporary,technological,Africa,Sub-Saharan Africa,CHR-CON-0138,21484.7,0.471,0.575,0.4479,0.424,89.6,0.66,83,13.1,0.7571,142,66.8,0.6927,0.5986,0.6567,0.7599,0.8223,0.7309,0.7137,0.1323,0.3711,0.5145,0.65949,RMD,BRACKET_MEDIUM,false,true,0.36818280000000003,0.39352423999999997,0.49239120000000003,,0.2758,false
EVT-CON-0139,Educational Charter of Sub-Saharan Africa,1997,contemporary,transformation,Africa,Sub-Saharan Africa,CHR-CON-0139,22984.5,0.39,0.142,0.6155,0.285,97.7,0.631,77.5,25.6,0.7728,200.6,85.2,0.8097,0.6398,0.6945,0.6428,0.8075,0.7625,0.7094,0.1227,0.1833,0.4392,0.550228,CMN,BRACKET_BASE,false,true,0.31372977999999996,0.47447846999999993,0.51120125,,0.2971,false
EVT-CON-0140,Epidemic Fever Outbreak across Japan,2015,contemporary,pandemic,East Asia,Japan,CHR-CON-0140,35486.5,0.434,0.786,0.5215,0.73,71.1,0.7205,83.4,29.9,0.8622,300.2,81,0.8179,0.83,0.766,0.4058,0.5206,0.6166,0.6278,-0.2134,0.7905,0.6272,0.509387,CMN,BRACKET_BASE,false,true,0.46659554,0.42590196,0.5744163,,0.3993,false
EVT-CON-0141,Orthodoxy & Heresy Trial Wave in Latin America (Mercosur/Alliance),2011,contemporary,religious,Latin America,Latin America (Mercosur/Alliance),CHR-CON-0141,35505.1,0.635,0.8,0.4572,0.536,81.4,0.675,77.1,27,0.7769,567.4,50.4,0.711,0.6902,0.7339,0.5627,0.6755,0.8636,0.7052,0.1734,0.2553,0.5011,0.635341,RMD,BRACKET_MEDIUM,false,true,0.37355439,0.4909584,0.5252707600000001,,0.3658,false
EVT-CON-0142,Canal Infrastructure Boom in United States,1981,contemporary,economic,North America,United States,CHR-CON-0142,40994,0.495,0.417,0.6634,0.211,92.1,0.566,80.6,14.9,0.742,238.7,40.5,0.5988,0.6825,0.594,0.4897,0.6411,0.6114,0.6037,-0.0711,0.4084,0.4748,0.80573,RMD,BRACKET_HIGH,true,false,0.22324687000000001,0.39258336,0.47450264000000003,,0.338,false
EVT-CON-0143,Agricultural Plague Wave in USSR / Russian Federation,1967,contemporary,pandemic,Eurasia,USSR / Russian Federation,CHR-CON-0143,47621.5,0.588,0.298,0.7308,0.694,93.5,0.8145,56.2,26.5,0.5488,146.7,66.1,0.6916,0.745,0.7084,0.2471,0.368,0.5073,0.5152,-0.2377,0.8105,0.6469,0.737301,RMD,BRACKET_HIGH,true,false,0.3570518,0.44119614,0.5742963,,0.4084,false
EVT-CON-0144,Secular Legal Separation in European Union / Western Europe,2012,contemporary,religious,Europe,European Union / Western Europe,CHR-CON-0144,24564.5,0.347,0.411,0.5619,0.301,71.8,0.5095,81,21.7,0.7871,566.4,39.1,0.6544,0.6622,0.6455,0.5476,0.6708,0.6191,0.629,-0.0431,0.3928,0.4727,0.794304,RMD,BRACKET_HIGH,true,false,0.20709350999999998,0.38267284,0.45708963,,0.2978,false
EVT-CON-0145,Coalition Defense of USSR / Russian Federation,1982,contemporary,war,Eurasia,USSR / Russian Federation,CHR-CON-0145,34315,0.292,0.513,0.6355,0.446,92.2,0.684,56.9,31.7,0.5876,136.6,79,0.7509,0.6186,0.5624,0.2976,0.3963,0.7614,0.5273,0.1428,0.6621,0.5866,0.693193,RMD,BRACKET_MEDIUM,false,false,0.4803033,0.606125,0.752,,0.4038,false
EVT-CON-0146,Epidemic Fever Outbreak across Latin America (Mercosur/Alliance),1982,contemporary,pandemic,Latin America,Latin America (Mercosur/Alliance),CHR-CON-0146,24957.4,0.448,0.492,0.5109,0.405,69.6,0.5505,56.5,23.5,0.5341,148.2,61.2,0.6678,0.6448,0.5956,0.2364,0.4672,0.5635,0.5015,-0.0813,0.8599,0.6496,0.786966,RMD,BRACKET_HIGH,true,false,0.33265263,0.4094376,0.52017051,,0.4037,false
EVT-CON-0147,Civic Restoration Revolt in United States,1952,contemporary,revolution,North America,United States,CHR-CON-0147,39109.3,0.319,0.38,0.7104,0.744,82.1,0.7825,61.5,18,0.5549,488.3,43.5,0.6656,0.6772,0.5877,0.3745,0.4817,0.4304,0.5103,-0.2468,0.6017,0.6065,0.756112,RMD,BRACKET_HIGH,true,false,0.28397884,0.39238232,0.5570041,,0.3491,false
EVT-CON-0148,Canal Infrastructure Boom in Republic of India,1947,contemporary,economic,South Asia,Republic of India,CHR-CON-0148,25902.4,0.629,0.365,0.5032,0.506,91.8,0.712,67,13,0.5842,204.3,47.3,0.6215,0.6223,0.5809,0.3649,0.4607,0.4548,0.4967,-0.1675,0.3894,0.5479,0.625254,CMN,BRACKET_BASE,false,true,0.5951167199999999,0.56246309,0.7852024599999999,,0.3458,false
EVT-CON-0149,Educational Charter of Southeast Asia (ASEAN),1963,contemporary,transformation,Southeast Asia,Southeast Asia (ASEAN),CHR-CON-0149,44304.8,0.453,0.312,0.7373,0.358,74.6,0.552,58.6,31,0.6017,395.8,72.4,0.7949,0.5573,0.5996,0.5039,0.6596,0.8811,0.6403,0.3238,0.327,0.603,0.597048,CMN,BRACKET_BASE,false,true,0.500125,0.576,0.5736249999999999,,0.3557,false
EVT-CON-0150,Systemic Governance Breakdown in Global Transnational Institutions,2014,contemporary,collapse,Global,Global Transnational Institutions,CHR-CON-0150,14814.4,0.591,0.874,0.2622,0.663,80.4,0.7335,75.4,30.4,0.779,135.4,58,0.6453,0.699,0.6408,0.3793,0.4687,0.3108,0.4997,-0.3882,0.5445,0.7095,0.625684,CMN,BRACKET_BASE,false,true,0.40741008,0.57805524,0.9299604400000001,,0.3636,false
EVT-CON-0151,Astronomical Standardization by Southeast Asia (ASEAN),2003,contemporary,technological,Southeast Asia,Southeast Asia (ASEAN),CHR-CON-0151,32008.5,0.439,0.226,0.6568,0.21,96.5,0.5875,82.7,20.1,0.7958,542.3,83.1,0.8712,0.6539,0.685,0.7252,0.7924,0.9542,0.7621,0.3003,0.3273,0.568,0.801687,RMD,BRACKET_HIGH,true,false,0.198875,0.563625,0.585125,,0.3233,false
EVT-CON-0152,Military Coup d’État in Middle East & North Africa (MENA),2010,contemporary,revolution,Middle East,Middle East & North Africa (MENA),CHR-CON-0152,45442.8,0.518,0.215,0.7571,0.823,75.7,0.79,80,16.7,0.7464,170,49.5,0.6192,0.7543,0.6724,0.4336,0.6445,0.5826,0.6175,-0.1717,0.5522,0.5167,0.736852,RMD,BRACKET_HIGH,true,false,0.4307592600000001,0.50025612,0.77600675,,0.38,false
EVT-CON-0153,Guild Monopoly Reform in Sub-Saharan Africa,2012,contemporary,economic,Africa,Sub-Saharan Africa,CHR-CON-0153,32467.5,0.304,0.636,0.5784,0.606,84.1,0.7235,67.3,11.4,0.5778,266.5,48.7,0.6478,0.6442,0.6163,0.3951,0.4722,0.7854,0.5826,0.1412,0.2658,0.4907,0.690435,RMD,BRACKET_MEDIUM,false,false,0.46517047,0.5998749999999999,0.6472500000000001,,0.3978,false
EVT-CON-0154,Civic Restoration Revolt in European Union / Western Europe,1958,contemporary,revolution,Europe,European Union / Western Europe,CHR-CON-0154,37838.8,0.405,0.843,0.5343,0.58,66.3,0.6215,79,16.8,0.7362,120.4,44.1,0.5673,0.6292,0.465,0.0809,0.3554,0.7266,0.4514,0.0974,0.538,0.5333,0.594198,CMN,BRACKET_BASE,false,true,0.49042342,0.46246200000000004,0.48800412,,0.4081,false
EVT-CON-0155,Fiscal Default Crisis in People's Republic of China,2026,contemporary,collapse,East Asia,People's Republic of China,CHR-CON-0155,4058.8,0.285,0.823,0.2726,0.305,77,0.5375,82.5,18.8,0.7859,61.6,63.7,0.6168,0.6959,0.6248,0.3,0.3653,0.3793,0.4731,-0.3166,0.6552,0.7254,0.75191,RMD,BRACKET_HIGH,true,false,0.39841263,0.40748004000000004,0.5988360399999999,,0.3722,false
EVT-CON-0156,Strategic Siege of Southeast Asia (ASEAN),1950,contemporary,war,Southeast Asia,Southeast Asia (ASEAN),CHR-CON-0156,17642,0.412,0.813,0.3596,0.339,98.7,0.663,69.3,17.6,0.6365,164.9,48.9,0.614,0.5515,0.4403,0.1346,0.2202,0.2525,0.3198,-0.299,0.4823,0.6632,0.658982,RMD,BRACKET_MEDIUM,false,true,0.5096049199999999,0.41638189999999997,0.5945785,,0.3856,false
EVT-CON-0157,Judicial Standard Reform in USSR / Russian Federation,1959,contemporary,transformation,Eurasia,USSR / Russian Federation,CHR-CON-0157,13895.8,0.402,0.17,0.5218,0.472,91.3,0.6925,69.9,11.3,0.6052,336.7,70.6,0.7742,0.5583,0.6376,0.5098,0.6822,0.8056,0.6387,0.2473,0.391,0.5884,0.740219,RMD,BRACKET_HIGH,true,false,0.35535132,0.38439695999999995,0.3566904,,0.3431,false
EVT-CON-0158,Mechanical Power Harnessing in Sub-Saharan Africa,1987,contemporary,technological,Africa,Sub-Saharan Africa,CHR-CON-0158,3545.4,0.359,0.403,0.3718,0.737,69,0.7135,59.9,25.1,0.5803,294.3,76.9,0.796,0.5193,0.5669,0.6458,0.7708,0.8675,0.6741,0.3482,0.2664,0.6348,0.893332,RMD,BRACKET_HIGH,true,false,0.21395720000000001,0.47513948000000006,0.5325231600000001,,0.3296,false
EVT-CON-0159,Bureaucratic Consolidation of Latin America (Mercosur/Alliance),1986,contemporary,transformation,Latin America,Latin America (Mercosur/Alliance),CHR-CON-0159,22540.2,0.467,0.634,0.4408,0.374,87.9,0.6265,78.6,25.9,0.7865,507.3,39.3,0.6474,0.514,0.5726,0.4857,0.6854,0.6727,0.5861,0.1587,0.3871,0.5344,0.725283,RMD,BRACKET_HIGH,false,false,0.36086345000000003,0.38897803,0.38390703000000004,,0.3174,false
EVT-CON-0160,Mechanical Power Harnessing in European Union / Western Europe,1951,contemporary,technological,Europe,European Union / Western Europe,CHR-CON-0160,6183.8,0.37,0.35,0.4081,0.206,98.4,0.595,68,28.6,0.6885,460.2,52.6,0.7068,0.5041,0.5575,0.6774,0.7389,0.6662,0.6288,0.1621,0.3531,0.5521,0.816292,RMD,BRACKET_HIGH,true,false,0.21548160000000002,0.38826645000000004,0.48628962,,0.2768,false
EVT-CON-0161,Grain Market Price Shock across Middle East & North Africa (MENA),1993,contemporary,economic,Middle East,Middle East & North Africa (MENA),CHR-CON-0161,40154.5,0.636,0.566,0.5689,0.242,97.9,0.6105,72.3,27.4,0.7276,220.3,70.8,0.7445,0.6461,0.5597,0.3535,0.4942,0.4667,0.504,-0.1794,0.4471,0.5526,0.622445,CMN,BRACKET_BASE,false,true,0.35575722,0.39536679,0.5243542800000001,,0.3615,false
EVT-CON-0162,Urban Quarantine Emergency in People's Republic of China,1972,contemporary,pandemic,East Asia,People's Republic of China,CHR-CON-0162,45140.4,0.356,0.323,0.7706,0.259,98.2,0.6205,60.2,11.6,0.5025,344.9,76.1,0.8034,0.7342,0.7033,0.4379,0.6497,0.5609,0.6172,-0.1733,0.6731,0.6078,0.789414,RMD,BRACKET_HIGH,true,false,0.25984050000000003,0.40490175,0.55710336,,0.37,false
EVT-CON-0163,Temple Bureaucracy Reorganization of Middle East & North Africa (MENA),2019,contemporary,religious,Middle East,Middle East & North Africa (MENA),CHR-CON-0163,32764.4,0.572,0.645,0.498,0.588,74.5,0.6665,79.7,15.7,0.7371,550.9,54.7,0.7303,0.6311,0.6333,0.5425,0.6758,0.6556,0.6277,0.0245,0.2411,0.4183,0.764419,RMD,BRACKET_HIGH,true,false,0.40964976,0.55775,0.664125,,0.3018,false
EVT-CON-0164,Judicial Standard Reform in United States,2008,contemporary,transformation,North America,United States,CHR-CON-0164,40046.6,0.556,0.147,0.7176,0.595,74.4,0.6695,67.7,19.3,0.6295,373.9,44.3,0.6503,0.5702,0.6095,0.5029,0.7442,0.6751,0.6204,0.1049,0.2063,0.4357,0.862117,RMD,BRACKET_HIGH,true,false,0.36562967999999996,0.5722499999999999,0.610125,,0.3272,false
EVT-CON-0165,Sanitation & Medical Breakthrough in Latin America (Mercosur/Alliance),1957,contemporary,technological,Latin America,Latin America (Mercosur/Alliance),CHR-CON-0165,25514.9,0.568,0.163,0.5786,0.408,96,0.684,61.2,25.1,0.5943,246.8,50.9,0.6532,0.5721,0.6095,0.6571,0.742,0.8403,0.6842,0.2682,0.1559,0.5353,0.85823,RMD,BRACKET_HIGH,true,false,0.24145466000000002,0.560625,0.5735,,0.3133,false
EVT-CON-0166,Popular Uprising of USSR / Russian Federation,1991,contemporary,revolution,Eurasia,USSR / Russian Federation,CHR-CON-0166,45412.9,0.628,0.351,0.683,0.722,79.1,0.7565,69.8,27.6,0.7019,364.9,83.9,0.8465,0.8162,0.7142,0.4244,0.67,0.7294,0.6708,-0.0868,0.5081,0.4827,0.345945,CMN,BRACKET_BASE,false,true,0.49804425999999996,0.613,0.8323750000000001,,0.4015,false
EVT-CON-0167,Agricultural Plague Wave in Middle East & North Africa (MENA),1980,contemporary,pandemic,Middle East,Middle East & North Africa (MENA),CHR-CON-0167,5565.6,0.533,0.113,0.4248,0.439,87,0.6545,59.7,24.8,0.5763,530.2,66.8,0.7881,0.6871,0.6182,0.1694,0.4007,0.639,0.5029,-0.0481,0.8252,0.6139,0.723502,RMD,BRACKET_HIGH,false,false,0.35310408000000004,0.4452048,0.5087271,,0.394,false
EVT-CON-0168,Sanitation & Medical Breakthrough in People's Republic of China,1975,contemporary,technological,East Asia,People's Republic of China,CHR-CON-0168,43132.2,0.453,0.304,0.7291,0.758,67.5,0.7165,57.6,19.5,0.5219,215.2,71.5,0.7463,0.6148,0.664,0.7424,0.895,0.7842,0.7401,0.1694,0.2186,0.481,0.738275,RMD,BRACKET_HIGH,true,false,0.37268785,0.57575,0.691625,,0.2833,false
EVT-CON-0169,Strategic Siege of Japan,1982,contemporary,war,East Asia,Japan,CHR-CON-0169,44480.7,0.638,0.376,0.6642,0.562,76.1,0.6615,83.4,14.9,0.7722,486.7,64.1,0.7684,0.6675,0.6049,0.3401,0.5026,0.4397,0.511,-0.2278,0.362,0.5288,0.63044,RMD,BRACKET_MEDIUM,false,true,0.42742840000000004,0.40376992,0.5374507199999999,,0.371,false
EVT-CON-0170,Continental Standoff of People's Republic of China,1961,contemporary,war,East Asia,People's Republic of China,CHR-CON-0170,34592.7,0.368,0.236,0.6983,0.382,75.2,0.567,81,13.6,0.7385,352.9,74.5,0.7971,0.6547,0.5748,0.3627,0.5288,0.5019,0.5246,-0.1528,0.4352,0.5207,0.651869,RMD,BRACKET_MEDIUM,false,true,0.3433338,0.49110518999999997,0.74518164,,0.3675,false
EVT-CON-0171,Respiratory Virulence Wave across Republic of India,1989,contemporary,pandemic,South Asia,Republic of India,CHR-CON-0171,14781.4,0.443,0.431,0.4392,0.549,76.8,0.6585,69.5,27.7,0.6993,265.7,63.2,0.7201,0.6863,0.6489,0.3695,0.5681,0.7063,0.5958,0.02,0.6831,0.542,0.458813,CMN,BRACKET_BASE,false,true,0.45217208000000003,0.517328,0.7224229600000001,,0.3981,false
EVT-CON-0172,Urban Quarantine Emergency in Southeast Asia (ASEAN),2020,contemporary,pandemic,Southeast Asia,Southeast Asia (ASEAN),CHR-CON-0172,15295,0.385,0.75,0.3655,0.563,67.9,0.621,74.2,26.7,0.7439,521.1,65.3,0.7793,0.6889,0.6127,0.296,0.5186,0.7015,0.5635,0.0126,0.8667,0.5939,0.583596,CMN,BRACKET_BASE,false,true,0.58518672,0.519532,0.71226034,,0.4026,false
EVT-CON-0173,Strategic Siege of European Union / Western Europe,1962,contemporary,war,Europe,European Union / Western Europe,CHR-CON-0173,9659.9,0.426,0.657,0.3305,0.708,92.1,0.8145,58.9,20.9,0.5443,220,77.1,0.7759,0.6826,0.5839,0.3325,0.4138,0.74,0.5506,0.0574,0.6316,0.5655,0.534218,CMN,BRACKET_BASE,false,true,0.63125888,0.53624606,0.7054470399999999,,0.4051,false
EVT-CON-0174,Silver Flotilla Currency Shock in USSR / Russian Federation,1995,contemporary,economic,Eurasia,USSR / Russian Federation,CHR-CON-0174,43820.5,0.457,0.394,0.7071,0.569,94.8,0.7585,63.1,23.5,0.6052,69.2,66.6,0.6397,0.6525,0.5641,0.2864,0.3643,0.5192,0.4773,-0.1333,0.436,0.5004,0.539302,CMN,BRACKET_BASE,false,true,0.46059495,0.41223278,0.51803388,,0.3968,false
EVT-CON-0175,Secular Legal Separation in Southeast Asia (ASEAN),2004,contemporary,religious,Southeast Asia,Southeast Asia (ASEAN),CHR-CON-0175,4842.1,0.365,0.257,0.4255,0.493,72.5,0.609,65.2,28.3,0.6566,499.4,45.2,0.6757,0.632,0.6044,0.4443,0.6036,0.6714,0.5911,0.0394,0.2625,0.4632,0.485983,CMN,BRACKET_BASE,false,true,0.45168552,0.39656183999999994,0.4209387,,0.3603,false
EVT-CON-0176,Respiratory Virulence Wave across People's Republic of China,2007,contemporary,pandemic,East Asia,People's Republic of China,CHR-CON-0176,10729.6,0.436,0.236,0.4634,0.724,76.1,0.7425,60.6,9,0.4912,413.3,79,0.831,0.7064,0.6769,0.2095,0.363,0.4292,0.477,-0.2772,0.6876,0.697,0.714475,RMD,BRACKET_HIGH,false,false,0.36455504,0.4370589999999999,0.592669,,0.4065,false
EVT-CON-0177,Strategic Siege of Middle East & North Africa (MENA),1966,contemporary,war,Middle East,Middle East & North Africa (MENA),CHR-CON-0177,8663,0.436,0.512,0.362,0.691,89.4,0.7925,74,8.5,0.6325,562.7,57.5,0.7459,0.6737,0.5709,0.4111,0.5606,0.7666,0.5966,0.0929,0.4388,0.5218,0.528478,CMN,BRACKET_BASE,false,true,0.6510607199999999,0.59175,0.69275,,0.3944,false
EVT-CON-0178,Debt Crisis Settlement of Middle East & North Africa (MENA),1963,contemporary,economic,Middle East,Middle East & North Africa (MENA),CHR-CON-0178,11507.2,0.307,0.853,0.324,0.769,71.5,0.742,71,11.1,0.6158,92.1,54.2,0.5984,0.5932,0.555,0.3209,0.4693,0.7109,0.5299,0.1177,0.3817,0.5367,0.693069,RMD,BRACKET_MEDIUM,false,false,0.4078251,0.59275,0.6848750000000001,,0.3987,false
EVT-CON-0179,Systemic Governance Breakdown in Latin America (Mercosur/Alliance),1992,contemporary,collapse,Latin America,Latin America (Mercosur/Alliance),CHR-CON-0179,43209.7,0.593,0.528,0.6206,0.485,65.7,0.571,68.4,14.3,0.607,498.2,85.2,0.8756,0.7261,0.6349,0.2943,0.3767,0.3766,0.4817,-0.3495,0.4173,0.6533,0.402895,CMN,BRACKET_BASE,false,true,0.63823692,0.52551861,0.8781327800000002,,0.3774,false
EVT-CON-0180,Grain Market Price Shock across Japan,1950,contemporary,economic,East Asia,Japan,CHR-CON-0180,4805.2,0.499,0.393,0.3441,0.423,70.2,0.5625,74.8,19.2,0.7054,186.6,60.1,0.679,0.6372,0.5912,0.4793,0.5967,0.5131,0.5635,-0.1241,0.2836,0.5261,0.816272,RMD,BRACKET_HIGH,true,false,0.21367896,0.3881696,0.47947458000000004,,0.3074,false
EVT-CON-0181,Agrarian Insurgency in Sub-Saharan Africa,1953,contemporary,revolution,Africa,Sub-Saharan Africa,CHR-CON-0181,8831.1,0.304,0.853,0.3008,0.809,74.1,0.775,80.7,9.5,0.7107,500.1,72.1,0.8103,0.6675,0.5274,0.3029,0.4792,0.5604,0.5075,-0.1071,0.4917,0.5428,0.358307,CMN,BRACKET_BASE,false,true,0.5652980000000001,0.532336,0.78388173,,0.3963,false
EVT-CON-0182,Urban Quarantine Emergency in Middle East & North Africa (MENA),1986,contemporary,pandemic,Middle East,Middle East & North Africa (MENA),CHR-CON-0182,39476.8,0.447,0.523,0.6324,0.648,70.2,0.675,58.9,9.1,0.4735,325,52,0.6786,0.7117,0.6829,0.3207,0.4862,0.751,0.5905,0.0393,0.806,0.5856,0.447507,CMN,BRACKET_BASE,false,true,0.5039473,0.41783366,0.4794504,,0.4037,false
EVT-CON-0183,Succession Conflict of European Union / Western Europe,2025,contemporary,war,Europe,European Union / Western Europe,CHR-CON-0183,39034.5,0.558,0.535,0.5915,0.61,85.7,0.7335,74.9,15.2,0.6824,248.4,56.8,0.6832,0.7089,0.6574,0.351,0.4927,0.4686,0.5357,-0.2403,0.5504,0.5963,0.386004,CMN,BRACKET_BASE,false,true,0.6825296000000001,0.5714011800000001,0.8514207,,0.3771,false
EVT-CON-0184,Territorial Rupture of Latin America (Mercosur/Alliance),1960,contemporary,collapse,Latin America,Latin America (Mercosur/Alliance),CHR-CON-0184,18556.4,0.623,0.618,0.363,0.265,86.6,0.5655,69.6,19.1,0.6488,245.2,57.6,0.6863,0.6905,0.6029,0.3004,0.3598,0.4801,0.4867,-0.2104,0.6869,0.6787,0.771657,RMD,BRACKET_HIGH,true,false,0.39548418,0.4116007,0.56879895,,0.3911,false
EVT-CON-0185,Peasant Rebellion against Southeast Asia (ASEAN),2018,contemporary,revolution,Southeast Asia,Southeast Asia (ASEAN),CHR-CON-0185,8224.9,0.459,0.382,0.3902,0.285,69.8,0.4915,56.4,29.1,0.5666,326.3,45.1,0.6444,0.5401,0.4284,0.1427,0.3717,0.7086,0.4383,0.1685,0.5704,0.6463,0.740447,RMD,BRACKET_HIGH,true,false,0.38038542999999997,0.42880110999999993,0.47055024000000006,,0.3887,false
EVT-CON-0186,Frontier Fragmentation of Japan,1959,contemporary,collapse,East Asia,Japan,CHR-CON-0186,16420.1,0.286,0.615,0.4458,0.816,84.1,0.8285,70.1,29.7,0.7177,213.2,84.3,0.8096,0.7794,0.6644,0.2883,0.3125,0.4212,0.4932,-0.3582,0.4908,0.6473,0.45588,CMN,BRACKET_BASE,false,true,0.51863215,0.6290033,0.9273044000000001,,0.3977,false
EVT-CON-0187,Bureaucratic Consolidation of Middle East & North Africa (MENA),1945,contemporary,transformation,Middle East,Middle East & North Africa (MENA),CHR-CON-0187,12020.8,0.569,0.838,0.2545,0.556,86.1,0.7085,77.5,16.2,0.7164,571,84.6,0.8824,0.5555,0.5763,0.4936,0.7235,0.8284,0.6355,0.2729,0.2206,0.5806,0.846311,RMD,BRACKET_HIGH,true,false,0.17052769999999998,0.39358879999999996,0.33593406,,0.3523,false
EVT-CON-0188,Monastic Network Expansion of Sub-Saharan Africa,1959,contemporary,religious,Africa,Sub-Saharan Africa,CHR-CON-0188,35666.8,0.546,0.899,0.4556,0.496,80.6,0.651,66.6,28.1,0.6704,185.3,51,0.633,0.6405,0.6512,0.478,0.5323,0.6386,0.5881,-0.0019,0.5276,0.4964,0.657033,RMD,BRACKET_MEDIUM,false,true,0.48479002,0.54945948,0.7005909899999999,,0.3403,false
EVT-CON-0189,Judicial Standard Reform in United States,1988,contemporary,transformation,North America,United States,CHR-CON-0189,31428.4,0.339,0.497,0.6002,0.217,77.5,0.496,66.3,31.7,0.6888,376.7,40.9,0.6338,0.5011,0.5705,0.4292,0.6569,0.7058,0.5727,0.2047,0.3806,0.5679,0.779644,RMD,BRACKET_HIGH,true,false,0.29579732000000003,0.40300515000000003,0.382526,,0.3477,false
EVT-CON-0190,Coalition Defense of Sub-Saharan Africa,1970,contemporary,war,Africa,Sub-Saharan Africa,CHR-CON-0190,40304.8,0.525,0.266,0.6935,0.764,77,0.767,64.8,13.1,0.5611,332.3,52.3,0.6818,0.6277,0.5874,0.3967,0.5676,0.3983,0.5155,-0.2294,0.5763,0.5947,0.475012,CMN,BRACKET_BASE,false,true,0.5202695,0.40136183999999997,0.5632949,,0.3415,false
EVT-CON-0191,Temple Bureaucracy Reorganization of USSR / Russian Federation,1989,contemporary,religious,Eurasia,USSR / Russian Federation,CHR-CON-0191,4119.9,0.49,0.221,0.3923,0.37,70.3,0.5365,75.3,28.4,0.7659,394.8,41,0.6377,0.6267,0.6653,0.5535,0.6646,0.6764,0.6373,0.0497,0.4943,0.5262,0.646163,RMD,BRACKET_MEDIUM,false,true,0.41446800000000006,0.48254724,0.6499944,,0.2988,false
EVT-CON-0192,Mechanical Power Harnessing in USSR / Russian Federation,2009,contemporary,technological,Eurasia,USSR / Russian Federation,CHR-CON-0192,14405.6,0.471,0.331,0.4574,0.8,67.8,0.739,77,20.2,0.735,377.8,39.1,0.625,0.5649,0.6011,0.719,0.7882,0.7111,0.6769,0.1462,0.3234,0.5001,0.600832,CMN,BRACKET_BASE,false,true,0.30098094000000003,0.49526849999999994,0.70197168,,0.2762,false
EVT-CON-0193,Hydraulic Engineering Grid in Global Transnational Institutions,1969,contemporary,technological,Global,Global Transnational Institutions,CHR-CON-0193,47347.1,0.403,0.39,0.7562,0.24,90.3,0.5715,58.9,25.7,0.5731,392.6,73.8,0.8013,0.598,0.6399,0.7199,0.7919,0.7722,0.7044,0.1742,0.1805,0.4841,0.685101,RMD,BRACKET_MEDIUM,false,false,0.22072764000000003,0.5428224,0.6266782799999999,,0.2706,false
EVT-CON-0194,Frontier Campaign of Republic of India,1990,contemporary,war,South Asia,Republic of India,CHR-CON-0194,12017,0.261,0.584,0.4231,0.397,69.1,0.544,71.7,12.8,0.6336,419.7,54.4,0.7092,0.6285,0.5865,0.378,0.545,0.3799,0.5036,-0.2486,0.3904,0.6217,0.42996,CMN,BRACKET_BASE,false,true,0.57546986,0.57625,0.883875,,0.3456,false
EVT-CON-0195,Bureaucratic Consolidation of Japan,1955,contemporary,transformation,East Asia,Japan,CHR-CON-0195,28291.3,0.493,0.471,0.5336,0.318,98.5,0.6515,68,8.6,0.5685,531.4,74.7,0.8277,0.5521,0.6195,0.5526,0.6831,0.7682,0.6351,0.2161,0.2432,0.5445,0.77272,RMD,BRACKET_HIGH,true,false,0.42266455,0.55875,0.5485,,0.3206,false
EVT-CON-0196,Orthodoxy & Heresy Trial Wave in United States,1948,contemporary,religious,North America,United States,CHR-CON-0196,41104.9,0.634,0.863,0.4889,0.367,90.6,0.6365,75.4,29.8,0.7754,137.6,79.2,0.7524,0.6442,0.6297,0.4475,0.6147,0.5475,0.5767,-0.0967,0.4542,0.5106,0.559821,CMN,BRACKET_BASE,false,true,0.39800609,0.4877832000000001,0.72065786,,0.3388,false
EVT-CON-0197,Popular Uprising of Middle East & North Africa (MENA),1971,contemporary,revolution,Middle East,Middle East & North Africa (MENA),CHR-CON-0197,30805.5,0.428,0.246,0.6432,0.366,83.7,0.6015,61.2,14.8,0.5325,263.6,45.1,0.629,0.6329,0.5089,0.2844,0.4755,0.5187,0.4841,-0.1142,0.6163,0.5792,0.539131,CMN,BRACKET_BASE,false,true,0.5477110000000001,0.40531568,0.5295575,,0.3899,false
EVT-CON-0198,Caravan Route Pestilence in Sub-Saharan Africa,2001,contemporary,pandemic,Africa,Sub-Saharan Africa,CHR-CON-0198,32132.3,0.375,0.773,0.513,0.671,74.3,0.707,57.5,12.2,0.477,74.3,60.8,0.6158,0.6645,0.6015,0.1206,0.2283,0.3583,0.3946,-0.3062,0.8028,0.7415,0.669615,RMD,BRACKET_MEDIUM,false,true,0.68004065,0.6266246,0.8869171499999999,,0.409,false
EVT-CON-0199,Coalition Defense of Global Transnational Institutions,1980,contemporary,war,Global,Global Transnational Institutions,CHR-CON-0199,14700.1,0.548,0.161,0.488,0.684,65.7,0.6705,68.2,9.3,0.5749,326,39,0.6139,0.5952,0.5139,0.2499,0.4125,0.6002,0.4743,0.005,0.5499,0.5102,0.50134,CMN,BRACKET_BASE,false,true,0.71663416,0.5794572,0.72525808,,0.4025,false
EVT-CON-0200,Institutional Dissolution of Latin America (Mercosur/Alliance),2016,contemporary,collapse,Latin America,Latin America (Mercosur/Alliance),CHR-CON-0200,15386.4,0.352,0.402,0.4806,0.337,82.4,0.5805,75.1,19.6,0.711,344.6,74.5,0.7954,0.7806,0.7198,0.4285,0.5239,0.3797,0.5665,-0.4009,0.6572,0.745,0.502489,CMN,BRACKET_BASE,false,true,0.54116406,0.52153578,0.93825907,,0.3668,false
EVT-CON-0201,Frontier Campaign of Latin America (Mercosur/Alliance),1985,contemporary,war,Latin America,Latin America (Mercosur/Alliance),CHR-CON-0201,44874.1,0.374,0.219,0.794,0.831,85.4,0.8425,58.8,12.1,0.4904,402.5,80.9,0.8386,0.6988,0.6052,0.3824,0.4741,0.7589,0.5839,0.0601,0.3083,0.4205,0.529262,CMN,BRACKET_BASE,false,true,0.42943265,0.59298267,0.64532664,,0.4036,false
EVT-CON-0202,Secular Legal Separation in Sub-Saharan Africa,1971,contemporary,religious,Africa,Sub-Saharan Africa,CHR-CON-0202,39839,0.336,0.555,0.6593,0.325,83.9,0.582,67.2,21.2,0.6355,82.3,69.3,0.6657,0.5938,0.6261,0.5397,0.6524,0.8058,0.6436,0.212,0.2846,0.5341,0.664983,RMD,BRACKET_MEDIUM,false,true,0.32161056000000005,0.3826746,0.34335982,,0.3329,false
EVT-CON-0203,Civic Restoration Revolt in Global Transnational Institutions,1948,contemporary,revolution,Global,Global Transnational Institutions,CHR-CON-0203,37342.8,0.469,0.441,0.6312,0.578,84.5,0.7115,57.5,9.5,0.4608,465.2,71.3,0.8011,0.7275,0.6394,0.365,0.5788,0.4291,0.548,-0.2984,0.7965,0.7197,0.585888,CMN,BRACKET_BASE,false,true,0.49625090000000005,0.588875,0.9712500000000001,,0.3731,false
EVT-CON-0204,Grain Market Price Shock across Southeast Asia (ASEAN),1990,contemporary,economic,Southeast Asia,Southeast Asia (ASEAN),CHR-CON-0204,3975.2,0.518,0.418,0.3235,0.487,85.3,0.67,63.1,30.1,0.6448,141.9,80.4,0.7607,0.5524,0.4546,0.2267,0.335,0.5604,0.4258,0.008,0.3715,0.4814,0.740647,RMD,BRACKET_HIGH,true,false,0.3676647799999999,0.5687027499999999,0.6807360800000001,,0.4015,false
EVT-CON-0205,Strategic Siege of Southeast Asia (ASEAN),2016,contemporary,war,Southeast Asia,Southeast Asia (ASEAN),CHR-CON-0205,9479.3,0.404,0.673,0.3306,0.673,90.9,0.791,62.9,13.8,0.5448,134.7,72.3,0.7164,0.5542,0.4547,0.2561,0.36,0.5244,0.4299,-0.0298,0.6316,0.554,0.330573,CMN,BRACKET_BASE,false,true,0.77007699,0.581125,0.800875,,0.3903,false
EVT-CON-0206,Mercantile Tariff Overhaul across European Union / Western Europe,1982,contemporary,economic,Europe,European Union / Western Europe,CHR-CON-0206,36663.6,0.592,0.145,0.677,0.798,95,0.874,75.4,25.5,0.7496,357.7,52.3,0.6871,0.8186,0.795,0.5735,0.6872,0.6116,0.6972,-0.207,0.3509,0.4844,0.63549,RMD,BRACKET_MEDIUM,false,true,0.46543559999999995,0.59325,0.852125,,0.3366,false
EVT-CON-0207,Coalition Defense of People's Republic of China,2022,contemporary,war,East Asia,People's Republic of China,CHR-CON-0207,47218.4,0.478,0.401,0.7293,0.799,68.6,0.7425,81.7,26.3,0.8223,154.1,70.4,0.7166,0.7381,0.6852,0.4304,0.5595,0.7015,0.6229,-0.0366,0.5774,0.45,0.346396,CMN,BRACKET_BASE,false,true,0.6646249999999999,0.602,0.8056249999999999,,0.3928,false
EVT-CON-0208,Frontier Campaign of Global Transnational Institutions,2021,contemporary,war,Global,Global Transnational Institutions,CHR-CON-0208,8060.7,0.313,0.597,0.368,0.378,83.7,0.6075,64.5,11,0.5452,562.7,39.4,0.6554,0.5924,0.5275,0.27,0.3782,0.3079,0.4152,-0.2845,0.5598,0.6955,0.365775,CMN,BRACKET_BASE,false,true,0.7889856,0.56423322,0.8769332200000001,,0.3539,false
EVT-CON-0209,Mechanical Power Harnessing in Republic of India,2004,contemporary,technological,South Asia,Republic of India,CHR-CON-0209,34477.5,0.284,0.574,0.621,0.554,82.7,0.6905,80.7,23.5,0.7947,493.8,58.9,0.7434,0.6399,0.6622,0.7778,0.8746,0.9684,0.7846,0.3285,0.2051,0.5427,0.830517,RMD,BRACKET_HIGH,true,false,0.21639424,0.47465914,0.53154805,,0.3206,false
EVT-CON-0210,Debt Crisis Settlement of Global Transnational Institutions,2024,contemporary,economic,Global,Global Transnational Institutions,CHR-CON-0210,23770,0.607,0.404,0.4789,0.404,85.7,0.6305,84.2,22,0.8234,67.2,77.5,0.6921,0.6332,0.5907,0.3141,0.409,0.6319,0.5158,-0.0013,0.4654,0.4571,0.480893,CMN,BRACKET_BASE,false,true,0.60618816,0.58650922,0.7171347400000001,,0.4008,false
EVT-CON-0211,Maritime Trade Hub Expansion in Latin America (Mercosur/Alliance),2000,contemporary,economic,Latin America,Latin America (Mercosur/Alliance),CHR-CON-0211,40287.3,0.417,0.617,0.6205,0.413,93.2,0.6725,70.3,18.6,0.6533,105.8,59.9,0.6369,0.6623,0.5789,0.4097,0.5776,0.4341,0.5325,-0.2282,0.4003,0.5614,0.737863,RMD,BRACKET_HIGH,true,false,0.45132087,0.49754130999999996,0.78573375,,0.3436,false
EVT-CON-0212,Military Coup d’État in European Union / Western Europe,2006,contemporary,revolution,Europe,European Union / Western Europe,CHR-CON-0212,36290.7,0.466,0.452,0.6193,0.41,65.9,0.5345,81.7,31.1,0.8511,248.7,75.6,0.7773,0.6935,0.6038,0.3283,0.4438,0.5743,0.5287,-0.1192,0.6497,0.5561,0.617093,CMN,BRACKET_BASE,false,true,0.41346582,0.5807620299999999,0.8093319999999999,,0.3963,false
EVT-CON-0213,Administrative Codification of Republic of India,1984,contemporary,transformation,South Asia,Republic of India,CHR-CON-0213,25996.6,0.423,0.731,0.456,0.48,75.7,0.6185,60.5,12.1,0.5088,93.6,40.5,0.531,0.4305,0.4559,0.3506,0.4825,0.7015,0.4842,0.271,0.2041,0.5899,0.615972,CMN,BRACKET_BASE,false,true,0.64632783,0.5680000000000001,0.556875,,0.3592,false
EVT-CON-0214,Institutional Dissolution of USSR / Russian Federation,1995,contemporary,collapse,Eurasia,USSR / Russian Federation,CHR-CON-0214,38732.5,0.627,0.411,0.6053,0.564,88.8,0.726,70.9,10.5,0.6112,391.4,80.8,0.8361,0.8232,0.7483,0.3837,0.4664,0.4812,0.5806,-0.342,0.764,0.7143,0.741735,RMD,BRACKET_HIGH,true,false,0.44603685,0.60545908,0.93230997,,0.3822,false
EVT-CON-0215,Respiratory Virulence Wave across Southeast Asia (ASEAN),2007,contemporary,pandemic,Southeast Asia,Southeast Asia (ASEAN),CHR-CON-0215,42084.4,0.492,0.854,0.543,0.206,75.4,0.48,64.7,29.9,0.6608,342.2,72,0.7824,0.7126,0.6762,0.3143,0.431,0.5365,0.5341,-0.1761,0.7593,0.6623,0.504837,CMN,BRACKET_BASE,false,true,0.73295325,0.6005,0.9075,,0.3976,false
EVT-CON-0216,Popular Uprising of Sub-Saharan Africa,1971,contemporary,revolution,Africa,Sub-Saharan Africa,CHR-CON-0216,7109.9,0.522,0.867,0.2157,0.347,75.8,0.5525,72.2,18.6,0.6738,576,42.3,0.6716,0.6196,0.5006,0.2588,0.5223,0.6771,0.5157,0.0575,0.368,0.5368,0.504018,CMN,BRACKET_BASE,false,true,0.5029555299999999,0.5836243799999999,0.6668265099999999,,0.4031,false
EVT-CON-0217,Synod Monotheistic Mandate in Southeast Asia (ASEAN),1995,contemporary,religious,Southeast Asia,Southeast Asia (ASEAN),CHR-CON-0217,44975.5,0.263,0.359,0.7862,0.846,83.6,0.841,74.9,9.3,0.647,180.8,67.6,0.7142,0.7472,0.7955,0.7087,0.7881,0.7869,0.7653,0.0397,0.2941,0.3838,0.647416,RMD,BRACKET_MEDIUM,false,true,0.3258135999999999,0.54481218,0.6120884,,0.2725,false
EVT-CON-0218,Mercantile Tariff Overhaul across Global Transnational Institutions,2013,contemporary,economic,Global,Global Transnational Institutions,CHR-CON-0218,21305.3,0.535,0.295,0.511,0.298,78.4,0.541,72.3,20.3,0.685,528.4,79.7,0.8523,0.7106,0.6795,0.454,0.6331,0.6024,0.6159,-0.1082,0.3701,0.5204,0.60562,CMN,BRACKET_BASE,false,true,0.4175644,0.5611529799999999,0.7414069299999999,,0.362,false
EVT-CON-0219,Secular Legal Separation in Southeast Asia (ASEAN),1982,contemporary,religious,Southeast Asia,Southeast Asia (ASEAN),CHR-CON-0219,13979.8,0.307,0.518,0.4467,0.4,92.1,0.6605,69.5,22.3,0.6669,314.2,74.8,0.7902,0.6365,0.6773,0.5553,0.6998,0.5527,0.6243,-0.0838,0.4429,0.5199,0.488031,CMN,BRACKET_BASE,false,true,0.5306822000000001,0.562,0.7768750000000001,,0.2921,false
EVT-CON-0220,Decentralization Wave across Japan,2000,contemporary,collapse,East Asia,Japan,CHR-CON-0220,38778.7,0.308,0.275,0.7422,0.797,90.2,0.8495,81.7,23.8,0.8073,360.9,53.3,0.6927,0.8369,0.7533,0.4665,0.541,0.4166,0.6029,-0.4203,0.729,0.6794,0.687791,RMD,BRACKET_MEDIUM,false,false,0.29584216,0.41748837,0.63356022,,0.3697,false
EVT-CON-0221,Palatial Collapse of United States,2012,contemporary,collapse,North America,United States,CHR-CON-0221,15456.2,0.412,0.464,0.4447,0.391,85.2,0.6215,61.9,12.5,0.5262,450.3,81.5,0.8498,0.6894,0.6031,0.3603,0.4206,0.4568,0.506,-0.2326,0.7731,0.71,0.805053,RMD,BRACKET_HIGH,true,false,0.32490612,0.40053166,0.57571052,,0.3615,false
EVT-CON-0222,Silver Flotilla Currency Shock in Republic of India,1990,contemporary,economic,South Asia,Republic of India,CHR-CON-0222,5336.4,0.569,0.56,0.2778,0.81,78.6,0.798,80,30.5,0.8292,254.9,45.5,0.6286,0.7017,0.6146,0.3804,0.464,0.6539,0.5629,-0.0478,0.6198,0.525,0.557287,CMN,BRACKET_BASE,false,true,0.38739606,0.50343934,0.7226260200000001,,0.3954,false
EVT-CON-0223,Palatial Collapse of Middle East & North Africa (MENA),1987,contemporary,collapse,Middle East,Middle East & North Africa (MENA),CHR-CON-0223,19703.7,0.445,0.234,0.542,0.27,68.6,0.478,78.8,25.8,0.788,575.1,44.1,0.6805,0.6916,0.5855,0.3194,0.3682,0.3805,0.469,-0.3111,0.6709,0.6945,0.771081,RMD,BRACKET_HIGH,true,false,0.34683615,0.41537729999999995,0.61121043,,0.3612,false
EVT-CON-0224,Bureaucratic Consolidation of United States,2006,contemporary,transformation,North America,United States,CHR-CON-0224,5532.8,0.273,0.437,0.4053,0.359,87.6,0.6175,60.5,26,0.5922,350.9,44.2,0.6452,0.5131,0.5513,0.4775,0.6973,0.7254,0.5929,0.2123,0.1399,0.5374,0.590863,CMN,BRACKET_BASE,false,true,0.39812448,0.3908031,0.32348322,,0.3302,false
EVT-CON-0225,Grain Market Price Shock across United States,1979,contemporary,economic,North America,United States,CHR-CON-0225,16808,0.498,0.523,0.4133,0.459,74.4,0.6015,78.2,15.6,0.7204,416,44.8,0.6605,0.661,0.5888,0.4831,0.6046,0.4307,0.5536,-0.2303,0.3557,0.583,0.673011,RMD,BRACKET_MEDIUM,false,true,0.38341071000000004,0.571125,0.850125,,0.3237,false
EVT-CON-0226,Epidemic Fever Outbreak across Global Transnational Institutions,2011,contemporary,pandemic,Global,Global Transnational Institutions,CHR-CON-0226,32601.2,0.59,0.538,0.5232,0.588,88.4,0.736,78.5,16.2,0.7272,438.9,51.4,0.6974,0.7369,0.6749,0.2996,0.5238,0.3661,0.5203,-0.3708,0.8134,0.7356,0.600322,CMN,BRACKET_BASE,false,true,0.45639076,0.54823712,0.9508589999999999,,0.3906,false
EVT-CON-0227,Astronomical Standardization by Latin America (Mercosur/Alliance),1987,contemporary,technological,Latin America,Latin America (Mercosur/Alliance),CHR-CON-0227,22876.6,0.424,0.764,0.4178,0.368,69.8,0.533,68.5,18.1,0.6309,128.9,52.2,0.6127,0.4898,0.5392,0.6248,0.7146,0.614,0.5965,0.1242,0.2894,0.5322,0.823779,RMD,BRACKET_HIGH,true,false,0.25595999999999997,0.395769,0.47528976999999994,,0.2764,false
EVT-CON-0228,Maritime Trade Hub Expansion in Latin America (Mercosur/Alliance),1955,contemporary,economic,Latin America,Latin America (Mercosur/Alliance),CHR-CON-0228,8470.1,0.547,0.137,0.4395,0.755,92.5,0.84,84.3,29.3,0.8683,561,69.8,0.8072,0.7652,0.7091,0.5585,0.7356,0.5531,0.6643,-0.2121,0.3187,0.502,0.616312,CMN,BRACKET_BASE,false,true,0.4239337,0.50338948,0.7551866399999999,,0.3367,false
EVT-CON-0229,Caravan Route Pestilence in Japan,1983,contemporary,pandemic,East Asia,Japan,CHR-CON-0229,46687.9,0.507,0.768,0.6057,0.394,82.2,0.608,78,17.7,0.7308,255.8,47.4,0.6383,0.7183,0.6867,0.2026,0.3176,0.6754,0.5201,-0.0429,0.6274,0.5183,0.487582,CMN,BRACKET_BASE,false,true,0.54507327,0.46970832,0.51097536,,0.3996,false
EVT-CON-0230,Civic Restoration Revolt in USSR / Russian Federation,2001,contemporary,revolution,Eurasia,USSR / Russian Federation,CHR-CON-0230,40951.6,0.509,0.42,0.6579,0.575,76.8,0.6715,63.6,12.7,0.5457,380.2,83.5,0.8475,0.7097,0.552,0.2787,0.5194,0.8055,0.5731,0.0958,0.7496,0.5879,0.559176,CMN,BRACKET_BASE,false,true,0.56098386,0.52265372,0.6728856000000001,,0.389,false
EVT-CON-0231,Agricultural Plague Wave in USSR / Russian Federation,1956,contemporary,pandemic,Eurasia,USSR / Russian Federation,CHR-CON-0231,32414.8,0.601,0.418,0.5542,0.376,81.3,0.5945,77.7,8.7,0.6736,500.6,67.7,0.7884,0.6838,0.6468,0.3788,0.5987,0.4936,0.5603,-0.1902,0.7805,0.6545,0.461617,CMN,BRACKET_BASE,false,true,0.5254131999999999,0.39616432,0.56023555,,0.3728,false
EVT-CON-0232,Grain Market Price Shock across Republic of India,2002,contemporary,economic,South Asia,Republic of India,CHR-CON-0232,38875.4,0.624,0.148,0.6864,0.604,96,0.782,81.6,23.4,0.8038,422.2,80.2,0.8386,0.8016,0.7548,0.5045,0.6483,0.8101,0.7039,0.0085,0.2557,0.3577,0.625743,CMN,BRACKET_BASE,false,true,0.27663203999999997,0.41772788,0.43046129999999994,,0.3959,false
EVT-CON-0233,Coalition Defense of Middle East & North Africa (MENA),1971,contemporary,war,Middle East,Middle East & North Africa (MENA),CHR-CON-0233,21668.8,0.518,0.136,0.5671,0.262,66.8,0.465,66,22.6,0.631,435.5,40.7,0.6433,0.5454,0.4434,0.1098,0.2217,0.2684,0.3177,-0.277,0.5943,0.6787,0.707577,RMD,BRACKET_HIGH,false,false,0.51089423,0.40021727999999995,0.571155,,0.3941,false
EVT-CON-0234,Palatial Collapse of Japan,1968,contemporary,collapse,East Asia,Japan,CHR-CON-0234,34806.5,0.319,0.287,0.6996,0.8,73.4,0.767,62.4,21.5,0.5856,436.5,61.2,0.746,0.849,0.7295,0.5181,0.6143,0.4096,0.6241,-0.4394,0.4082,0.6615,0.553695,CMN,BRACKET_BASE,false,true,0.5135966399999999,0.5957704500000001,0.9347723,,0.367,false
EVT-CON-0235,Administrative Codification of United States,1977,contemporary,transformation,North America,United States,CHR-CON-0235,33299.8,0.49,0.374,0.6087,0.761,80.9,0.785,66.8,10.5,0.567,410.9,83.3,0.8521,0.6508,0.73,0.6777,0.9257,0.8343,0.7637,0.1835,0.3656,0.5264,0.83049,RMD,BRACKET_HIGH,true,false,0.19643033000000001,0.498666,0.5575023,,0.3199,false
EVT-CON-0236,Dynastic Disintegration of People's Republic of China,1949,contemporary,collapse,East Asia,People's Republic of China,CHR-CON-0236,15319.4,0.477,0.593,0.3852,0.256,66.4,0.46,66.9,23.1,0.6437,289.8,41.2,0.6163,0.6659,0.5955,0.2521,0.2795,0.322,0.423,-0.3439,0.5401,0.7274,0.476867,CMN,BRACKET_BASE,false,true,0.5675409,0.42363732,0.6164479199999999,,0.3731,false
EVT-CON-0237,Harbor Incursion Sickness in Japan,1983,contemporary,pandemic,East Asia,Japan,CHR-CON-0237,37087.3,0.541,0.199,0.6799,0.628,93.4,0.781,65.3,17.8,0.5946,69.8,63.7,0.6258,0.7093,0.6506,0.3505,0.4519,0.3361,0.4997,-0.3732,0.7646,0.7144,0.538534,CMN,BRACKET_BASE,false,true,0.64317795,0.58515564,0.9519795,,0.3669,false
EVT-CON-0238,Provincial Autonomy Insurgency against Middle East & North Africa (MENA),1967,contemporary,revolution,Middle East,Middle East & North Africa (MENA),CHR-CON-0238,11630.3,0.611,0.189,0.4331,0.579,73.3,0.656,66.2,12.1,0.5701,148.3,52.6,0.6249,0.6404,0.4728,0.1737,0.3116,0.4983,0.4194,-0.1421,0.4405,0.568,0.553104,CMN,BRACKET_BASE,false,true,0.5166826,0.4117585,0.51990802,,0.406,false
EVT-CON-0239,Territorial Rupture of Japan,1991,contemporary,collapse,East Asia,Japan,CHR-CON-0239,41331.8,0.473,0.277,0.7151,0.287,66.2,0.4745,73.9,9.4,0.6369,241.4,48.7,0.6406,0.6825,0.5979,0.2412,0.3064,0.3039,0.4264,-0.3786,0.6172,0.7148,0.579427,CMN,BRACKET_BASE,false,true,0.46601422,0.43587180000000003,0.64130066,,0.3746,false
EVT-CON-0240,Agricultural Plague Wave in USSR / Russian Federation,1984,contemporary,pandemic,Eurasia,USSR / Russian Federation,CHR-CON-0240,7491.8,0.528,0.85,0.2225,0.614,72.6,0.67,57.4,10,0.4628,366.8,77.5,0.8149,0.6219,0.5609,0.1512,0.3698,0.3767,0.4161,-0.2452,0.6495,0.7215,0.695765,RMD,BRACKET_MEDIUM,false,false,0.51570485,0.41722181999999997,0.58271909,,0.4035,false
EVT-CON-0241,Grain Market Price Shock across Southeast Asia (ASEAN),2011,contemporary,economic,Southeast Asia,Southeast Asia (ASEAN),CHR-CON-0241,28793.7,0.646,0.733,0.4137,0.292,96.3,0.6275,58.1,24.3,0.5561,411,58.1,0.7261,0.6092,0.5094,0.3675,0.4288,0.4776,0.4785,-0.1316,0.5759,0.6054,0.736225,RMD,BRACKET_HIGH,true,false,0.34773539000000003,0.39078067,0.52033982,,0.3445,false
EVT-CON-0242,Continental Standoff of Global Transnational Institutions,1984,contemporary,war,Global,Global Transnational Institutions,CHR-CON-0242,19174.2,0.617,0.702,0.3452,0.217,75.6,0.4865,60.2,19.8,0.5517,58.1,55.8,0.573,0.5284,0.4355,0.1075,0.2528,0.253,0.3154,-0.2754,0.5699,0.7137,0.397712,CMN,BRACKET_BASE,false,true,0.711578,0.50896728,0.85873905,,0.3894,false
EVT-CON-0243,Monastic Network Expansion of European Union / Western Europe,1978,contemporary,religious,Europe,European Union / Western Europe,CHR-CON-0243,8608,0.362,0.314,0.4431,0.471,94.1,0.706,77,26.8,0.7746,434.5,58,0.7297,0.6809,0.6984,0.5043,0.6722,0.7322,0.6576,0.0513,0.5048,0.4953,0.697028,RMD,BRACKET_MEDIUM,false,false,0.27962783999999996,0.49689200000000006,0.6562728299999999,,0.3607,false
EVT-CON-0244,Navigational Instrument Reform in Sub-Saharan Africa,2022,contemporary,technological,Africa,Sub-Saharan Africa,CHR-CON-0244,25856.2,0.318,0.325,0.6081,0.477,95.4,0.7155,65.6,26.4,0.6495,576.6,41.9,0.6696,0.5764,0.6081,0.714,0.7805,0.8567,0.7071,0.2803,0.1791,0.5302,0.711674,RMD,BRACKET_HIGH,false,false,0.20047118000000003,0.39690377,0.39571267,,0.3072,false
EVT-CON-0245,Mechanical Power Harnessing in Latin America (Mercosur/Alliance),2026,contemporary,technological,Latin America,Latin America (Mercosur/Alliance),CHR-CON-0245,37607,0.54,0.84,0.4926,0.239,76.2,0.5005,60.9,9.4,0.4969,561,66.2,0.7892,0.5266,0.58,0.6237,0.7053,0.8844,0.664,0.3578,0.4008,0.6999,0.54479,CMN,BRACKET_BASE,false,true,0.5764528,0.558125,0.6005,,0.3327,false
EVT-CON-0246,Urban Quarantine Emergency in Japan,1998,contemporary,pandemic,East Asia,Japan,CHR-CON-0246,17378.1,0.337,0.412,0.5,0.41,94.5,0.6775,75.3,19.8,0.7143,324.3,74.8,0.7925,0.759,0.6989,0.2034,0.3626,0.5112,0.507,-0.2478,0.8594,0.6949,0.477721,CMN,BRACKET_BASE,false,true,0.5521152,0.45282333999999996,0.57137216,,0.4029,false
EVT-CON-0247,Judicial Standard Reform in People's Republic of China,1952,contemporary,transformation,East Asia,People's Republic of China,CHR-CON-0247,29593.2,0.41,0.547,0.5474,0.273,86.2,0.5675,69.3,19.9,0.6503,151.9,53,0.6286,0.531,0.574,0.5086,0.6473,0.6407,0.5803,0.1097,0.3176,0.5039,0.6625,RMD,BRACKET_MEDIUM,false,true,0.50214912,0.5434008,0.5951919999999999,,0.2943,false
EVT-CON-0248,Epidemic Fever Outbreak across People's Republic of China,1971,contemporary,pandemic,East Asia,People's Republic of China,CHR-CON-0248,13335.8,0.492,0.245,0.4673,0.363,84,0.6015,70.6,20.4,0.6673,328.2,83.1,0.8349,0.6672,0.6142,0.3623,0.4765,0.4893,0.5219,-0.1779,0.6297,0.6231,0.687536,RMD,BRACKET_MEDIUM,false,false,0.53465476,0.5010395400000001,0.8084960999999999,,0.365,false
EVT-CON-0249,Epidemic Fever Outbreak across Latin America (Mercosur/Alliance),1952,contemporary,pandemic,Latin America,Latin America (Mercosur/Alliance),CHR-CON-0249,18904.7,0.554,0.494,0.4241,0.742,76.9,0.7555,63.5,21.2,0.5957,460.8,76.8,0.8279,0.7059,0.635,0.3147,0.4425,0.3899,0.4976,-0.316,0.72,0.7143,0.533121,CMN,BRACKET_BASE,false,true,0.42239448,0.41020112000000003,0.60504192,,0.3744,false
EVT-CON-0250,Maritime Hegemony Clash in Middle East & North Africa (MENA),1949,contemporary,war,Middle East,Middle East & North Africa (MENA),CHR-CON-0250,30955.8,0.477,0.547,0.5396,0.21,65.7,0.4335,78,9.8,0.6834,388.2,79.8,0.8305,0.5843,0.5327,0.2433,0.3465,0.5821,0.4578,-0.0022,0.3085,0.4598,0.697549,RMD,BRACKET_MEDIUM,false,false,0.43878702,0.603125,0.7468750000000001,,0.4037,false
EVT-CON-0251,Synod Monotheistic Mandate in Southeast Asia (ASEAN),1986,contemporary,religious,Southeast Asia,Southeast Asia (ASEAN),CHR-CON-0251,18274.2,0.374,0.495,0.4721,0.23,93.4,0.582,63.9,10.2,0.534,548,43.1,0.672,0.5965,0.6362,0.4956,0.5901,0.492,0.5621,-0.1045,0.4011,0.5485,0.802418,RMD,BRACKET_HIGH,true,false,0.22954149999999998,0.38506095,0.48616398,,0.2929,false
EVT-CON-0252,Military Coup d’État in Sub-Saharan Africa,2020,contemporary,revolution,Africa,Sub-Saharan Africa,CHR-CON-0252,18867.6,0.359,0.402,0.5098,0.776,92.3,0.8495,79.2,10,0.6975,395.9,55.1,0.7084,0.7124,0.5928,0.3586,0.5441,0.4163,0.5248,-0.2961,0.3736,0.5748,0.511113,CMN,BRACKET_BASE,false,true,0.46898934000000003,0.40799342,0.5644555499999999,,0.3698,false
EVT-CON-0253,Temple Bureaucracy Reorganization of Middle East & North Africa (MENA),1949,contemporary,religious,Middle East,Middle East & North Africa (MENA),CHR-CON-0253,19904,0.646,0.804,0.3125,0.828,88.3,0.8555,69.8,21.2,0.6635,90.1,48,0.5658,0.62,0.5836,0.4531,0.5167,0.8377,0.6022,0.2177,0.5291,0.6051,0.760593,RMD,BRACKET_HIGH,true,false,0.32738008,0.5845,0.6603749999999999,,0.3844,false
EVT-CON-0254,Territorial Rupture of Latin America (Mercosur/Alliance),2010,contemporary,collapse,Latin America,Latin America (Mercosur/Alliance),CHR-CON-0254,21813.7,0.315,0.812,0.4265,0.461,91.5,0.688,81,18.7,0.7691,406.7,73,0.7999,0.7752,0.6574,0.3207,0.4003,0.5318,0.5371,-0.2434,0.6179,0.6334,0.672344,RMD,BRACKET_MEDIUM,false,true,0.41950186000000006,0.5953133199999999,0.86484132,,0.4019,false
EVT-CON-0255,Navigational Instrument Reform in USSR / Russian Federation,1971,contemporary,technological,Eurasia,USSR / Russian Federation,CHR-CON-0255,40517.4,0.489,0.551,0.6207,0.297,66.6,0.4815,77.7,31.3,0.8092,345.5,80.3,0.8246,0.5855,0.6195,0.7299,0.8836,0.8871,0.7411,0.3016,0.2345,0.5648,0.802959,RMD,BRACKET_HIGH,true,false,0.1723344,0.55332992,0.5922948600000001,,0.3153,false
EVT-CON-0256,Monastic Network Expansion of Latin America (Mercosur/Alliance),1946,contemporary,religious,Latin America,Latin America (Mercosur/Alliance),CHR-CON-0256,9784.4,0.511,0.179,0.4495,0.588,67.2,0.63,74.7,12.4,0.6635,343,39.4,0.6195,0.6166,0.6746,0.519,0.666,0.704,0.636,0.0874,0.3159,0.4947,0.756655,RMD,BRACKET_HIGH,true,false,0.18700989999999998,0.38282458,0.3991172499999999,,0.3307,false
EVT-CON-0257,Respiratory Virulence Wave across Japan,1993,contemporary,pandemic,East Asia,Japan,CHR-CON-0257,45310.6,0.368,0.683,0.6605,0.392,97.2,0.682,71,20.7,0.6734,218,68.4,0.7317,0.7125,0.6906,0.4311,0.5481,0.7259,0.6216,0.0134,0.7238,0.5158,0.716794,RMD,BRACKET_HIGH,false,false,0.27201773999999995,0.4180596,0.5023179,,0.3909,false
EVT-CON-0258,Strategic Siege of Global Transnational Institutions,2025,contemporary,war,Global,Global Transnational Institutions,CHR-CON-0258,34075.2,0.288,0.249,0.7137,0.262,65.8,0.46,67.8,14.9,0.6042,571.8,67.2,0.7955,0.7083,0.595,0.3507,0.4599,0.7546,0.5737,0.0463,0.3188,0.468,0.908527,RMD,BRACKET_HIGH,true,false,0.29112852,0.42008904,0.43698344,,0.4053,false
EVT-CON-0259,Dynastic Disintegration of USSR / Russian Federation,2004,contemporary,collapse,Eurasia,USSR / Russian Federation,CHR-CON-0259,4868.5,0.526,0.622,0.2679,0.525,85.7,0.691,63.6,14.9,0.5589,405.4,52.4,0.6966,0.6569,0.6027,0.3121,0.4073,0.3621,0.4682,-0.2948,0.7233,0.7423,0.543958,CMN,BRACKET_BASE,false,true,0.57270464,0.41120184,0.61134997,,0.3569,false
EVT-CON-0260,Constitutional Reorganization of Latin America (Mercosur/Alliance),2002,contemporary,transformation,Latin America,Latin America (Mercosur/Alliance),CHR-CON-0260,37112.1,0.61,0.606,0.5373,0.738,75.3,0.7455,71.5,12.1,0.6272,275.9,84.6,0.8298,0.5944,0.637,0.5543,0.6894,0.8163,0.6583,0.2219,0.2498,0.5258,0.817263,RMD,BRACKET_HIGH,true,false,0.29082494999999997,0.5475864,0.5076157,,0.3317,false
EVT-CON-0261,Institutional Dissolution of Sub-Saharan Africa,1969,contemporary,collapse,Africa,Sub-Saharan Africa,CHR-CON-0261,11143.6,0.488,0.603,0.3414,0.834,72.6,0.78,56.7,30.4,0.5776,201.1,58.1,0.6744,0.6858,0.6021,0.3834,0.4291,0.2522,0.4705,-0.4336,0.4296,0.7167,0.578304,CMN,BRACKET_BASE,false,true,0.6667264,0.599375,1,,0.361,false
EVT-CON-0262,Printing & Communications Diffusion in Sub-Saharan Africa,1948,contemporary,technological,Africa,Sub-Saharan Africa,CHR-CON-0262,18608.9,0.639,0.371,0.4328,0.822,73.1,0.7765,71.6,29.4,0.7321,341.4,79.9,0.8217,0.6346,0.6702,0.7296,0.8261,0.8815,0.7484,0.2469,0.4278,0.5791,0.833921,RMD,BRACKET_HIGH,true,false,0.14924662,0.38921823,0.41298208,,0.3049,false
EVT-CON-0263,Metallurgical Innovation Surge in United States,1997,contemporary,technological,North America,United States,CHR-CON-0263,7164.3,0.598,0.377,0.3404,0.226,75.9,0.4925,59.6,20.5,0.5495,517.5,46,0.6823,0.4178,0.4703,0.5224,0.6459,0.7857,0.5684,0.3679,0.3114,0.6992,0.762208,RMD,BRACKET_HIGH,true,false,0.5339475,0.5509620000000001,0.55022144,,0.3361,false
EVT-CON-0264,Administrative Codification of Latin America (Mercosur/Alliance),1997,contemporary,transformation,Latin America,Latin America (Mercosur/Alliance),CHR-CON-0264,10492.1,0.467,0.382,0.4082,0.388,71.5,0.5515,55.3,14.3,0.466,93.7,66.5,0.6611,0.4645,0.4998,0.4056,0.6313,0.6722,0.5347,0.2077,0.1442,0.5644,0.708631,RMD,BRACKET_HIGH,false,false,0.34592354999999997,0.563625,0.53575,,0.3371,false
EVT-CON-0265,Systemic Governance Breakdown in Japan,1985,contemporary,collapse,East Asia,Japan,CHR-CON-0265,19663.7,0.446,0.335,0.511,0.278,89.6,0.587,57.2,21.4,0.529,531.7,50.1,0.7048,0.6797,0.5767,0.2586,0.3449,0.2583,0.4236,-0.4214,0.7905,0.8111,0.67528,RMD,BRACKET_MEDIUM,false,true,0.4950298,0.41054984,0.6280901999999999,,0.3736,false
EVT-CON-0266,Judicial Standard Reform in Japan,2012,contemporary,transformation,East Asia,Japan,CHR-CON-0266,45585.5,0.389,0.802,0.621,0.701,67,0.6855,74.5,12.2,0.6601,266,67,0.7391,0.5867,0.6539,0.5602,0.6812,0.891,0.6746,0.3043,0.1324,0.5324,0.668117,RMD,BRACKET_MEDIUM,false,true,0.38035795000000006,0.49694320000000003,0.4581936,,0.349,false
EVT-CON-0267,Maritime Trade Hub Expansion in USSR / Russian Federation,1958,contemporary,economic,Eurasia,USSR / Russian Federation,CHR-CON-0267,9947.8,0.483,0.894,0.2449,0.523,85.2,0.6875,67.9,19.4,0.6322,117,71.1,0.7002,0.6386,0.5994,0.328,0.4765,0.7457,0.5576,0.1071,0.3849,0.5494,0.884517,RMD,BRACKET_HIGH,true,false,0.36671817,0.5215595,0.63928008,,0.4026,false
EVT-CON-0268,Temple Bureaucracy Reorganization of Global Transnational Institutions,1969,contemporary,religious,Global,Global Transnational Institutions,CHR-CON-0268,41564.9,0.573,0.591,0.593,0.808,84,0.824,71.8,21.5,0.6868,558.3,55.4,0.7348,0.7464,0.7797,0.6175,0.7636,0.8367,0.7488,0.0903,0.398,0.4627,0.562535,CMN,BRACKET_BASE,false,true,0.27587419999999996,0.49220111000000005,0.6014735999999999,,0.3472,false
EVT-CON-0269,Frontier Campaign of Middle East & North Africa (MENA),2008,contemporary,war,Middle East,Middle East & North Africa (MENA),CHR-CON-0269,42459.5,0.332,0.152,0.805,0.37,83.5,0.6025,72.1,26.5,0.7201,119.8,46.6,0.5794,0.6493,0.5348,0.3594,0.5502,0.3916,0.4971,-0.2577,0.5073,0.5768,0.468885,CMN,BRACKET_BASE,false,true,0.645624,0.51808806,0.8487746999999999,,0.3547,false
EVT-CON-0270,Treaty System Implementation across Middle East & North Africa (MENA),1971,contemporary,transformation,Middle East,Middle East & North Africa (MENA),CHR-CON-0270,22710.4,0.644,0.259,0.5018,0.375,67,0.5225,82,27.7,0.8339,298.3,69.5,0.7599,0.5948,0.671,0.5528,0.7697,0.7338,0.6644,0.139,0.1809,0.4716,0.663106,RMD,BRACKET_MEDIUM,false,true,0.22409497999999997,0.39020481,0.35540531999999997,,0.3208,false
EVT-CON-0271,Silver Flotilla Currency Shock in Republic of India,1960,contemporary,economic,South Asia,Republic of India,CHR-CON-0271,40802.8,0.535,0.495,0.6263,0.404,65.4,0.529,65.7,27.1,0.6548,62.7,64.8,0.6235,0.5601,0.5323,0.3953,0.4971,0.4224,0.4814,-0.1377,0.5344,0.5664,0.543542,CMN,BRACKET_BASE,false,true,0.6676521599999999,0.555875,0.83175,,0.3094,false
EVT-CON-0272,Urban Quarantine Emergency in USSR / Russian Federation,2013,contemporary,pandemic,Eurasia,USSR / Russian Federation,CHR-CON-0272,11776.9,0.641,0.262,0.4035,0.562,73.2,0.647,83.6,15.2,0.7761,137.9,51.4,0.6136,0.6609,0.6216,0.1558,0.3065,0.5774,0.4644,-0.0835,0.7782,0.5957,0.594062,CMN,BRACKET_BASE,false,true,0.52901648,0.6300666399999999,0.7833623000000001,,0.394,false
EVT-CON-0273,Hydraulic Engineering Grid in European Union / Western Europe,1974,contemporary,technological,Europe,European Union / Western Europe,CHR-CON-0273,23373.3,0.583,0.788,0.3673,0.253,79.2,0.5225,69.2,28.3,0.6996,475.4,81.7,0.8547,0.5381,0.5942,0.6457,0.7978,0.8575,0.6867,0.3194,0.1502,0.6016,0.799867,RMD,BRACKET_HIGH,true,false,0.21618927,0.38526914,0.34576640000000003,,0.3251,false
EVT-CON-0274,Respiratory Virulence Wave across United States,1965,contemporary,pandemic,North America,United States,CHR-CON-0274,5906.1,0.319,0.72,0.3099,0.433,87.1,0.652,83.2,15.6,0.7742,155.8,40.3,0.5669,0.6333,0.597,0.1484,0.2694,0.5991,0.4494,-0.0342,0.7076,0.565,0.485027,CMN,BRACKET_BASE,false,true,0.6554926,0.5703742399999999,0.74857086,,0.3952,false
EVT-CON-0275,Canal Infrastructure Boom in Republic of India,1994,contemporary,economic,South Asia,Republic of India,CHR-CON-0275,13352.1,0.37,0.149,0.5329,0.616,74.3,0.6795,58,19.2,0.5244,122.3,47.6,0.5859,0.5684,0.5388,0.3698,0.432,0.7302,0.5278,0.1618,0.4106,0.5595,0.778098,RMD,BRACKET_HIGH,true,false,0.32192185999999995,0.55940674,0.6006414600000001,,0.3865,false
EVT-CON-0276,Astronomical Standardization by Japan,1996,contemporary,technological,East Asia,Japan,CHR-CON-0276,13194.2,0.311,0.304,0.5026,0.844,80.9,0.8265,76.8,27.6,0.7773,84.9,76,0.7015,0.6085,0.6438,0.7323,0.8779,0.8812,0.7487,0.2727,0.3127,0.5395,0.892508,RMD,BRACKET_HIGH,true,false,0.13447979999999998,0.38827182,0.39718980000000004,,0.311,false
EVT-CON-0277,Fiscal Default Crisis in People's Republic of China,2017,contemporary,collapse,East Asia,People's Republic of China,CHR-CON-0277,44569.3,0.492,0.836,0.5708,0.231,92.3,0.577,71.4,12.2,0.6267,210.4,85.4,0.8142,0.7815,0.6674,0.2842,0.3793,0.3832,0.4991,-0.3983,0.5076,0.7058,0.655471,RMD,BRACKET_MEDIUM,false,true,0.46019509999999997,0.6093748,0.9355467,,0.3886,false
EVT-CON-0278,Synod Monotheistic Mandate in Republic of India,1992,contemporary,religious,South Asia,Republic of India,CHR-CON-0278,19842.9,0.566,0.811,0.3338,0.641,84.5,0.743,60.3,16.9,0.5354,88.6,79.8,0.7236,0.5624,0.6001,0.4234,0.4755,0.644,0.5411,0.0816,0.256,0.4962,0.79074,RMD,BRACKET_HIGH,true,false,0.43392303,0.55208055,0.60767472,,0.3522,false
EVT-CON-0279,Civic Restoration Revolt in Sub-Saharan Africa,1989,contemporary,revolution,Africa,Sub-Saharan Africa,CHR-CON-0279,21284.9,0.536,0.437,0.468,0.636,68.1,0.6585,58.3,13,0.4905,63.5,77.8,0.6895,0.6337,0.489,0.0995,0.3544,0.717,0.4587,0.0833,0.5731,0.5757,0.513168,CMN,BRACKET_BASE,false,true,0.62683513,0.5837319899999999,0.73368355,,0.404,false
EVT-CON-0280,Temple Bureaucracy Reorganization of Sub-Saharan Africa,1956,contemporary,religious,Africa,Sub-Saharan Africa,CHR-CON-0280,29037.1,0.404,0.748,0.4839,0.307,83.7,0.572,83.1,21.2,0.8067,414.9,80.1,0.8368,0.7086,0.7298,0.6094,0.7142,0.6042,0.6732,-0.1044,0.2319,0.465,0.706615,RMD,BRACKET_HIGH,false,false,0.284383,0.54589248,0.6842498,,0.2916,false
EVT-CON-0281,Debt Crisis Settlement of USSR / Russian Federation,2014,contemporary,economic,Eurasia,USSR / Russian Federation,CHR-CON-0281,32174.7,0.611,0.874,0.4123,0.789,81.4,0.8015,59.3,27.4,0.5876,164.7,61.5,0.6769,0.6526,0.5545,0.3486,0.5282,0.4778,0.5123,-0.1748,0.4028,0.5549,0.601742,CMN,BRACKET_BASE,false,true,0.65999625,0.58175,0.8508749999999999,,0.3703,false
EVT-CON-0282,Maritime Hegemony Clash in Southeast Asia (ASEAN),2021,contemporary,war,Southeast Asia,Southeast Asia (ASEAN),CHR-CON-0282,7841.1,0.346,0.644,0.342,0.73,93,0.83,67,31.3,0.694,533.7,44.6,0.6775,0.7139,0.673,0.4658,0.6236,0.4728,0.5898,-0.2411,0.4753,0.5991,0.659065,RMD,BRACKET_MEDIUM,false,true,0.29829048,0.41101200000000004,0.56723998,,0.3442,false
EVT-CON-0283,Radical Assembly Schism in European Union / Western Europe,1993,contemporary,revolution,Europe,European Union / Western Europe,CHR-CON-0283,8906.4,0.435,0.265,0.4386,0.778,78.1,0.7795,69.8,19.5,0.6533,306.2,44.1,0.6348,0.6814,0.5441,0.2948,0.4214,0.3999,0.4683,-0.2815,0.4642,0.6173,0.621202,CMN,BRACKET_BASE,false,true,0.5694213,0.57550186,0.86512272,,0.3773,false
EVT-CON-0284,Caravan Route Pestilence in Japan,2013,contemporary,pandemic,East Asia,Japan,CHR-CON-0284,35268.6,0.463,0.452,0.6111,0.504,78,0.642,81.2,24.6,0.8067,560.4,56.4,0.7401,0.7302,0.6639,0.1979,0.3882,0.5285,0.5017,-0.2017,0.8632,0.6457,0.444987,CMN,BRACKET_BASE,false,true,0.606267,0.6458750000000001,0.90875,,0.4018,false
EVT-CON-0285,Epidemic Fever Outbreak across European Union / Western Europe,1972,contemporary,pandemic,Europe,European Union / Western Europe,CHR-CON-0285,46547.9,0.586,0.615,0.6266,0.315,97.6,0.6455,74.3,12.5,0.6598,215.1,51.6,0.6468,0.7032,0.6297,0.1825,0.2846,0.4084,0.4417,-0.2948,0.6039,0.6504,0.656822,RMD,BRACKET_MEDIUM,false,true,0.69582442,0.6469999999999999,0.967,,0.4078,false
EVT-CON-0286,Orthodoxy & Heresy Trial Wave in Republic of India,1986,contemporary,religious,South Asia,Republic of India,CHR-CON-0286,7793,0.395,0.56,0.3521,0.733,86.2,0.7975,82.4,19.4,0.7884,320.1,49.9,0.667,0.6548,0.6509,0.5209,0.6709,0.7823,0.656,0.1275,0.3176,0.4875,0.68097,RMD,BRACKET_MEDIUM,false,false,0.35495646,0.55543488,0.5860728000000001,,0.3556,false
EVT-CON-0287,Frontier Fragmentation of Republic of India,2013,contemporary,collapse,South Asia,Republic of India,CHR-CON-0287,46826.2,0.642,0.514,0.6426,0.847,97.8,0.9125,57.5,24.7,0.552,324,71.2,0.7744,0.8072,0.7204,0.3965,0.4915,0.522,0.5875,-0.2852,0.6647,0.6341,0.541793,CMN,BRACKET_BASE,false,true,0.42892842,0.52167822,0.8663900999999999,,0.3843,false
EVT-CON-0288,Mechanical Power Harnessing in Middle East & North Africa (MENA),2021,contemporary,technological,Middle East,Middle East & North Africa (MENA),CHR-CON-0288,24699.6,0.541,0.581,0.454,0.314,71.7,0.5155,78.5,19.5,0.747,227.5,81.2,0.7988,0.5707,0.6009,0.6562,0.7534,0.9179,0.6998,0.3472,0.2616,0.6254,0.788888,RMD,BRACKET_HIGH,true,false,0.2192256,0.54874675,0.5191,,0.3343,false
EVT-CON-0289,Monastic Network Expansion of Southeast Asia (ASEAN),1975,contemporary,religious,Southeast Asia,Southeast Asia (ASEAN),CHR-CON-0289,32854.8,0.442,0.349,0.6266,0.268,96.1,0.6145,59.9,16.4,0.5281,456.1,41.1,0.6487,0.6534,0.7216,0.5654,0.6658,0.5387,0.629,-0.1147,0.511,0.5543,0.720144,RMD,BRACKET_HIGH,false,false,0.31725834,0.5428982299999999,0.74597544,,0.2946,false
EVT-CON-0290,Canal Infrastructure Boom in European Union / Western Europe,1999,contemporary,economic,Europe,European Union / Western Europe,CHR-CON-0290,38879.1,0.57,0.395,0.6285,0.765,97.1,0.868,58.8,26.1,0.5744,569,84.5,0.8817,0.7078,0.6659,0.4639,0.5789,0.5722,0.5977,-0.1356,0.4461,0.5041,0.844565,RMD,BRACKET_HIGH,true,false,0.23441979000000002,0.389844,0.4988142,,0.3473,false
EVT-CON-0291,Constitutional Reorganization of Japan,1960,contemporary,transformation,East Asia,Japan,CHR-CON-0291,5028.9,0.331,0.808,0.272,0.588,77.6,0.682,83.9,24.2,0.8334,462.2,66.3,0.7756,0.5901,0.6307,0.5686,0.7519,0.8184,0.6719,0.2283,0.3565,0.5743,0.703479,RMD,BRACKET_HIGH,false,false,0.47056172999999996,0.56425,0.5650000000000001,,0.3296,false
EVT-CON-0292,Monastic Network Expansion of Sub-Saharan Africa,1988,contemporary,religious,Africa,Sub-Saharan Africa,CHR-CON-0292,44696.2,0.435,0.621,0.6535,0.806,77.5,0.7905,57.2,16.9,0.502,317.2,72.8,0.7809,0.6509,0.6224,0.4928,0.6291,0.7656,0.6322,0.1147,0.4306,0.5077,0.791442,RMD,BRACKET_HIGH,true,false,0.40898931,0.5526853,0.61569485,,0.3622,false
EVT-CON-0293,Provincial Autonomy Insurgency against United States,1956,contemporary,revolution,North America,United States,CHR-CON-0293,10255.5,0.554,0.589,0.3178,0.661,90.3,0.782,75.4,19.2,0.7118,151,69.4,0.7102,0.6822,0.585,0.352,0.5717,0.5796,0.5541,-0.1026,0.3937,0.5121,0.731493,RMD,BRACKET_HIGH,true,false,0.24517439999999996,0.41804025,0.5130867,,0.3887,false
EVT-CON-0294,Metallurgical Innovation Surge in United States,1999,contemporary,technological,North America,United States,CHR-CON-0294,40474.9,0.602,0.518,0.5964,0.31,88.8,0.599,59.9,10.1,0.4903,566.7,44.9,0.6834,0.5285,0.5561,0.6239,0.7275,0.7459,0.6364,0.2174,0.4404,0.6046,0.796702,RMD,BRACKET_HIGH,true,false,0.35523848,0.5392106999999999,0.6425233,,0.2943,false
EVT-CON-0295,Agricultural Plague Wave in Southeast Asia (ASEAN),1984,contemporary,pandemic,Southeast Asia,Southeast Asia (ASEAN),CHR-CON-0295,7692.2,0.497,0.196,0.4298,0.797,93.6,0.8665,55.5,20.7,0.5065,373.3,68.9,0.7732,0.6975,0.6626,0.2756,0.4426,0.6383,0.5433,-0.0592,0.9272,0.6233,0.554185,CMN,BRACKET_BASE,false,true,0.5331212399999999,0.41983032000000003,0.5142528,,0.4054,false
EVT-CON-0296,Guild Monopoly Reform in European Union / Western Europe,1971,contemporary,economic,Europe,European Union / Western Europe,CHR-CON-0296,39199.4,0.619,0.656,0.5384,0.523,76.6,0.6445,69.2,14,0.6138,226.9,72,0.7526,0.6829,0.63,0.3847,0.553,0.5528,0.5607,-0.1301,0.4441,0.5418,0.738134,RMD,BRACKET_HIGH,true,false,0.38600513999999997,0.4952695,0.7421232599999998,,0.3721,false
EVT-CON-0297,Coalition Defense of Japan,2024,contemporary,war,East Asia,Japan,CHR-CON-0297,42634,0.321,0.385,0.74,0.766,96.3,0.8645,80.7,17.4,0.7581,579.4,51.6,0.7185,0.768,0.68,0.4296,0.503,0.7708,0.6303,0.0028,0.5754,0.421,0.628108,CMN,BRACKET_BASE,false,true,0.39023786,0.424116,0.47973182,,0.4043,false
EVT-CON-0298,Maritime Trade Hub Expansion in USSR / Russian Federation,2018,contemporary,economic,Eurasia,USSR / Russian Federation,CHR-CON-0298,37774.5,0.355,0.479,0.6579,0.515,83.9,0.677,70,26.6,0.6981,365.4,62,0.7371,0.7134,0.6536,0.4839,0.5969,0.5325,0.5961,-0.1809,0.5372,0.557,0.61835,CMN,BRACKET_BASE,false,true,0.38738478,0.48135932,0.7615148799999999,,0.3284,false
EVT-CON-0299,Hydraulic Engineering Grid in Republic of India,1956,contemporary,technological,South Asia,Republic of India,CHR-CON-0299,39246.2,0.383,0.73,0.5874,0.274,71.8,0.496,64.7,20.9,0.6068,524.5,52,0.7133,0.5416,0.5729,0.6677,0.7601,0.6633,0.6411,0.1217,0.4464,0.5538,0.607312,CMN,BRACKET_BASE,false,true,0.5047984999999999,0.542211,0.7193860000000001,,0.2751,false
EVT-CON-0300,Mechanical Power Harnessing in Middle East & North Africa (MENA),2008,contemporary,technological,Middle East,Middle East & North Africa (MENA),CHR-CON-0300,8894.7,0.61,0.639,0.2738,0.372,99.5,0.6835,62.4,26.5,0.6156,56.7,39.5,0.4898,0.4164,0.473,0.5503,0.6374,0.6997,0.5554,0.2833,0.3214,0.6274,0.881155,RMD,BRACKET_HIGH,true,false,0.22085992,0.39227598,0.4220776,,0.3087,false
EVT-CON-0301,Navigational Instrument Reform in People's Republic of China,2004,contemporary,technological,East Asia,People's Republic of China,CHR-CON-0301,12422.8,0.345,0.61,0.3937,0.601,82.1,0.711,60.2,14.4,0.5193,190.6,80.1,0.7805,0.5293,0.5763,0.6391,0.762,0.6897,0.6393,0.1604,0.2171,0.5273,0.70452,RMD,BRACKET_HIGH,false,false,0.30730871,0.47475338,0.60579368,,0.2765,false
EVT-CON-0302,Grain Market Price Shock across Sub-Saharan Africa,2013,contemporary,economic,Africa,Sub-Saharan Africa,CHR-CON-0302,7776.8,0.462,0.899,0.2301,0.781,66.4,0.7225,61.3,29,0.6188,327.7,51.4,0.6762,0.5564,0.4596,0.3056,0.3858,0.3323,0.4079,-0.2241,0.6227,0.671,0.694976,RMD,BRACKET_MEDIUM,false,false,0.5444933399999999,0.49433019999999994,0.8282020200000001,,0.3337,false
EVT-CON-0303,Institutional Dissolution of Global Transnational Institutions,1983,contemporary,collapse,Global,Global Transnational Institutions,CHR-CON-0303,19291,0.322,0.329,0.5466,0.819,81.7,0.818,77.9,24.8,0.7723,240,44.9,0.6212,0.7457,0.6313,0.2428,0.3067,0.409,0.4671,-0.3367,0.5673,0.6331,0.509127,CMN,BRACKET_BASE,false,true,0.42711394,0.45242119999999997,0.61933179,,0.4025,false
EVT-CON-0304,Coalition Defense of People's Republic of China,2007,contemporary,war,East Asia,People's Republic of China,CHR-CON-0304,35490.4,0.385,0.413,0.6482,0.375,99.2,0.6835,60.8,15.3,0.5312,97.9,47.9,0.5713,0.6253,0.5618,0.3912,0.5079,0.6532,0.5479,0.0279,0.671,0.5334,0.662801,RMD,BRACKET_MEDIUM,false,true,0.44383911000000004,0.5616198,0.7156595,,0.3764,false
EVT-CON-0305,Administrative Codification of Global Transnational Institutions,1957,contemporary,transformation,Global,Global Transnational Institutions,CHR-CON-0305,31204.4,0.525,0.301,0.6012,0.226,78.1,0.5035,81.2,27.8,0.8259,528.4,64,0.7738,0.5775,0.6217,0.554,0.7292,0.8868,0.6738,0.3093,0.2799,0.5774,0.540692,CMN,BRACKET_BASE,false,true,0.5338047,0.573875,0.547125,,0.3472,false
EVT-CON-0306,Imperial Annexation War in United States,1983,contemporary,war,North America,United States,CHR-CON-0306,42909.7,0.408,0.842,0.5792,0.599,76.1,0.68,63,20.8,0.5879,558.3,65.3,0.7843,0.6699,0.5574,0.2883,0.4713,0.6448,0.5263,-0.0251,0.4087,0.4687,0.541925,CMN,BRACKET_BASE,false,true,0.4700487,0.608125,0.77875,,0.4042,false
EVT-CON-0307,Territorial Rupture of People's Republic of China,2010,contemporary,collapse,East Asia,People's Republic of China,CHR-CON-0307,28613.6,0.538,0.717,0.4492,0.813,81,0.8115,60.9,30.9,0.6259,571.6,66.6,0.7925,0.7793,0.6666,0.306,0.3746,0.4245,0.5102,-0.3548,0.5908,0.6863,0.634862,RMD,BRACKET_MEDIUM,false,true,0.5740267199999999,0.63125,1,,0.3914,false
EVT-CON-0308,Astronomical Standardization by Global Transnational Institutions,2013,contemporary,technological,Global,Global Transnational Institutions,CHR-CON-0308,38692.7,0.392,0.396,0.6799,0.646,91.5,0.7805,61,31,0.6275,91.6,79.4,0.724,0.6223,0.6665,0.7764,0.8615,0.9377,0.7729,0.3154,0.1783,0.5317,0.901998,RMD,BRACKET_HIGH,true,false,0.11114040000000001,0.40162198,0.39252096,,0.3155,false
EVT-CON-0309,Continental Standoff of Global Transnational Institutions,1951,contemporary,war,Global,Global Transnational Institutions,CHR-CON-0309,17892.4,0.607,0.737,0.3262,0.532,92,0.726,67.3,24.4,0.6558,574.1,74.3,0.8313,0.6982,0.6195,0.371,0.5122,0.5504,0.5503,-0.1478,0.5739,0.5971,0.422514,CMN,BRACKET_BASE,false,true,0.64887888,0.56216421,0.79947924,,0.3798,false
EVT-CON-0310,Judicial Standard Reform in Global Transnational Institutions,2007,contemporary,transformation,Global,Global Transnational Institutions,CHR-CON-0310,41189.2,0.584,0.706,0.5518,0.22,95.8,0.589,68.2,23.3,0.6589,150,63.8,0.6817,0.5403,0.59,0.4898,0.6963,0.6839,0.6001,0.1436,0.3568,0.5268,0.506835,CMN,BRACKET_BASE,false,true,0.417945,0.55239055,0.5879850999999999,,0.3188,false
EVT-CON-0311,Systemic Governance Breakdown in Japan,1962,contemporary,collapse,East Asia,Japan,CHR-CON-0311,23672.7,0.369,0.414,0.5464,0.318,72.9,0.5235,71.7,15.5,0.6498,471.6,42.4,0.6576,0.6925,0.5944,0.2419,0.3412,0.3297,0.4399,-0.3628,0.4695,0.6853,0.354331,CMN,BRACKET_BASE,false,true,0.7857744,0.612125,0.99225,,0.3827,false
EVT-CON-0312,Caravan Route Pestilence in Middle East & North Africa (MENA),1992,contemporary,pandemic,Middle East,Middle East & North Africa (MENA),CHR-CON-0312,35587,0.5,0.684,0.5332,0.224,82,0.522,74.9,9.2,0.6464,346.2,42.4,0.6352,0.6488,0.6124,0.2807,0.4411,0.3396,0.4645,-0.3092,0.6937,0.7152,0.604754,CMN,BRACKET_BASE,false,true,0.50153688,0.4051039,0.6018520199999999,,0.3704,false
EVT-CON-0313,Sanitation & Medical Breakthrough in United States,2010,contemporary,technological,North America,United States,CHR-CON-0313,12423.9,0.503,0.152,0.4837,0.272,71.1,0.4915,77.6,24.7,0.7685,333.6,85.7,0.849,0.5624,0.5932,0.6518,0.7134,0.7462,0.6534,0.1838,0.4157,0.5716,0.68857,RMD,BRACKET_MEDIUM,false,false,0.46046412,0.52494496,0.636807,,0.2818,false
EVT-CON-0314,Palatial Collapse of Republic of India,2008,contemporary,collapse,South Asia,Republic of India,CHR-CON-0314,31938.4,0.503,0.874,0.4425,0.379,65.7,0.518,65.6,12.6,0.5667,500.6,84.9,0.8744,0.7012,0.6375,0.2481,0.3223,0.3326,0.4483,-0.3686,0.5756,0.7439,0.633843,RMD,BRACKET_MEDIUM,false,true,0.49431497999999996,0.4273192,0.6215802,,0.3819,false
EVT-CON-0315,Secular Legal Separation in Southeast Asia (ASEAN),1978,contemporary,religious,Southeast Asia,Southeast Asia (ASEAN),CHR-CON-0315,34542.7,0.502,0.588,0.552,0.506,93.1,0.7185,71.5,14.9,0.644,74.5,82.2,0.723,0.7029,0.686,0.5258,0.6968,0.6236,0.647,-0.0793,0.2068,0.4373,0.572925,CMN,BRACKET_BASE,false,true,0.34391552000000003,0.49784387999999996,0.66292344,,0.3327,false
EVT-CON-0316,Bureaucratic Consolidation of People's Republic of China,2019,contemporary,transformation,East Asia,People's Republic of China,CHR-CON-0316,36762.2,0.27,0.51,0.665,0.591,65.1,0.621,79.2,20.5,0.7605,115.4,58.1,0.6342,0.588,0.6365,0.5025,0.6404,0.7736,0.6282,0.1856,0.1967,0.4724,0.596743,CMN,BRACKET_BASE,false,true,0.5232900799999999,0.5725,0.565375,,0.3483,false
EVT-CON-0317,Respiratory Virulence Wave across Southeast Asia (ASEAN),2018,contemporary,pandemic,Southeast Asia,Southeast Asia (ASEAN),CHR-CON-0317,45016,0.465,0.555,0.6672,0.494,92.4,0.709,59.8,16.2,0.5258,505.4,75.2,0.8266,0.7791,0.7463,0.4743,0.6214,0.5471,0.6336,-0.232,0.6828,0.6407,0.768523,RMD,BRACKET_HIGH,true,false,0.27765712000000004,0.39782599999999996,0.5663228,,0.3571,false
EVT-CON-0318,Popular Uprising of Japan,1956,contemporary,revolution,East Asia,Japan,CHR-CON-0318,32213.5,0.303,0.156,0.7204,0.826,90,0.863,79.1,9.9,0.6959,290.2,78.1,0.8009,0.7756,0.6068,0.3722,0.5802,0.6463,0.5962,-0.1293,0.783,0.5537,0.658552,RMD,BRACKET_MEDIUM,false,true,0.37492191999999996,0.42309396000000005,0.54105025,,0.3999,false
EVT-CON-0319,Urban Quarantine Emergency in Middle East & North Africa (MENA),2023,contemporary,pandemic,Middle East,Middle East & North Africa (MENA),CHR-CON-0319,27934.2,0.392,0.527,0.5439,0.538,73.6,0.637,59.5,23,0.5634,349.2,68.1,0.7643,0.6653,0.6152,0.204,0.3295,0.6938,0.5016,0.0285,0.7048,0.5599,0.530504,CMN,BRACKET_BASE,false,true,0.53000806,0.44309664000000004,0.48372913000000006,,0.3936,false
EVT-CON-0320,Navigational Instrument Reform in Middle East & North Africa (MENA),1960,contemporary,technological,Middle East,Middle East & North Africa (MENA),CHR-CON-0320,15138.1,0.282,0.18,0.566,0.692,80.7,0.7495,81,20.3,0.7787,312.4,70.8,0.7698,0.6596,0.7171,0.7703,0.8933,0.9312,0.7943,0.2716,0.4004,0.5626,0.566911,CMN,BRACKET_BASE,false,true,0.29066423999999996,0.39236678,0.40883688999999995,,0.3103,false
EVT-CON-0321,Mechanical Power Harnessing in Republic of India,1962,contemporary,technological,South Asia,Republic of India,CHR-CON-0321,38667.1,0.569,0.364,0.6362,0.411,71.7,0.564,60.3,24.2,0.5792,417.7,55,0.7118,0.5825,0.6347,0.691,0.7915,0.9227,0.7245,0.3402,0.3617,0.6372,0.78853,RMD,BRACKET_HIGH,true,false,0.21969761999999998,0.38014888,0.369799,,0.328,false
EVT-CON-0322,Harbor Incursion Sickness in United States,1958,contemporary,pandemic,North America,United States,CHR-CON-0322,31210.9,0.635,0.666,0.4588,0.817,84.6,0.8315,72.7,20.1,0.6881,288.1,68.9,0.7544,0.7252,0.6893,0.2579,0.4601,0.6456,0.5556,-0.0796,0.6551,0.54,0.530706,CMN,BRACKET_BASE,false,true,0.551765,0.5592543600000001,0.78551462,,0.4019,false
EVT-CON-0323,Systemic Governance Breakdown in Latin America (Mercosur/Alliance),1953,contemporary,collapse,Latin America,Latin America (Mercosur/Alliance),CHR-CON-0323,7534.3,0.302,0.546,0.3819,0.364,87.8,0.621,61,8.5,0.4925,65.3,58.7,0.596,0.6717,0.5613,0.3585,0.3979,0.2476,0.4474,-0.4241,0.7613,0.825,0.465842,CMN,BRACKET_BASE,false,true,0.60437755,0.39905976000000004,0.62960166,,0.3583,false
EVT-CON-0324,Palatial Collapse of United States,1981,contemporary,collapse,North America,United States,CHR-CON-0324,38582.9,0.497,0.645,0.5728,0.362,78.4,0.573,74.7,9.2,0.6443,448.6,56.5,0.7245,0.6945,0.6111,0.2268,0.2753,0.4141,0.4444,-0.2804,0.7331,0.6962,0.369833,CMN,BRACKET_BASE,false,true,0.7616192800000001,0.5471925799999999,0.8772251799999999,,0.4024,false
EVT-CON-0325,Radical Assembly Schism in European Union / Western Europe,2024,contemporary,revolution,Europe,European Union / Western Europe,CHR-CON-0325,11208,0.595,0.327,0.3927,0.727,87.2,0.7995,80.2,13.6,0.7299,230.7,65.2,0.7198,0.6931,0.5922,0.2444,0.4933,0.8423,0.5731,0.1492,0.6509,0.585,0.576914,CMN,BRACKET_BASE,false,true,0.49980792000000007,0.5637779599999999,0.70862688,,0.3964,false
EVT-CON-0326,Peasant Rebellion against United States,2019,contemporary,revolution,North America,United States,CHR-CON-0326,43553.3,0.461,0.364,0.7125,0.343,85.6,0.5995,60.7,14.6,0.5259,65.7,40.2,0.5039,0.6827,0.5574,0.1972,0.4574,0.7285,0.5246,0.0458,0.5947,0.5277,0.73841,RMD,BRACKET_HIGH,true,false,0.33475902,0.54503281,0.70308945,,0.3943,false
EVT-CON-0327,Imperial Annexation War in United States,2008,contemporary,war,North America,United States,CHR-CON-0327,45031.1,0.311,0.694,0.6718,0.546,73.3,0.6395,59.8,10.5,0.4916,72.7,49.1,0.5558,0.5673,0.5118,0.183,0.2335,0.7133,0.4418,0.146,0.5954,0.5873,0.666383,RMD,BRACKET_MEDIUM,false,true,0.45300771,0.44078643999999995,0.47010599999999997,,0.3979,false
EVT-CON-0328,Decentralization Wave across USSR / Russian Federation,1961,contemporary,collapse,Eurasia,USSR / Russian Federation,CHR-CON-0328,45530.9,0.631,0.834,0.5383,0.592,75.5,0.6735,84.2,12.5,0.7664,287.2,52,0.6697,0.741,0.6338,0.4014,0.489,0.3045,0.5139,-0.4365,0.5945,0.7176,0.715872,RMD,BRACKET_HIGH,false,false,0.33796912999999995,0.51660642,0.9318331200000001,,0.3687,false
EVT-CON-0329,Decentralization Wave across Global Transnational Institutions,1955,contemporary,collapse,Global,Global Transnational Institutions,CHR-CON-0329,8831.6,0.309,0.819,0.3095,0.733,75.1,0.742,74.8,30.3,0.772,409.7,63.1,0.7509,0.726,0.6678,0.36,0.458,0.5396,0.5503,-0.1864,0.4775,0.5765,0.717208,RMD,BRACKET_HIGH,false,false,0.44095714999999996,0.5885410600000001,0.8316469200000001,,0.3889,false
EVT-CON-0330,Pantheon Reformation of People's Republic of China,1999,contemporary,religious,East Asia,People's Republic of China,CHR-CON-0330,5479.6,0.545,0.312,0.3607,0.375,70.7,0.541,61.4,16.3,0.5436,323.5,76.5,0.8008,0.5743,0.537,0.4354,0.5161,0.7408,0.5607,0.1665,0.487,0.6249,0.565248,CMN,BRACKET_BASE,false,true,0.47244544,0.38615833,0.39420108000000004,,0.3629,false
EVT-CON-0331,Orthodoxy & Heresy Trial Wave in Sub-Saharan Africa,1980,contemporary,religious,Africa,Sub-Saharan Africa,CHR-CON-0331,35318.6,0.474,0.67,0.5428,0.757,73.6,0.7465,65.4,18.9,0.6023,351.2,41.1,0.6298,0.6792,0.7302,0.6039,0.7037,0.8879,0.721,0.2087,0.547,0.5957,0.596821,CMN,BRACKET_BASE,false,true,0.33443925,0.38471960000000005,0.38016368000000006,,0.3458,false
EVT-CON-0332,Bureaucratic Consolidation of Global Transnational Institutions,1986,contemporary,transformation,Global,Global Transnational Institutions,CHR-CON-0332,44436.7,0.276,0.28,0.8012,0.315,65.9,0.487,80.9,25.2,0.807,560.4,54.6,0.7311,0.6121,0.6594,0.573,0.7527,0.7395,0.6673,0.1274,0.1437,0.4204,0.783113,RMD,BRACKET_HIGH,true,false,0.20932009000000004,0.5501248799999999,0.5287444,,0.3095,false
EVT-CON-0333,Mercantile Tariff Overhaul across People's Republic of China,1978,contemporary,economic,East Asia,People's Republic of China,CHR-CON-0333,15156.1,0.283,0.813,0.376,0.329,78.4,0.5565,66.2,31.7,0.6877,524.2,47,0.6882,0.6378,0.5753,0.3937,0.4783,0.7408,0.5652,0.103,0.3151,0.5214,0.47596,CMN,BRACKET_BASE,false,true,0.50381316,0.50923368,0.6012328,,0.3917,false
EVT-CON-0334,Frontier Fragmentation of Japan,2024,contemporary,collapse,East Asia,Japan,CHR-CON-0334,11085.1,0.646,0.267,0.3943,0.575,83.8,0.7065,70.1,25.9,0.6949,519.5,85.6,0.8806,0.7473,0.6402,0.3923,0.4581,0.3753,0.5226,-0.372,0.4798,0.6815,0.474219,CMN,BRACKET_BASE,false,true,0.56542756,0.59925,0.985875,,0.3611,false
EVT-CON-0335,Synod Monotheistic Mandate in United States,1949,contemporary,religious,North America,United States,CHR-CON-0335,3995.2,0.517,0.113,0.4155,0.724,77.4,0.749,69,8.7,0.5799,91.2,45.3,0.5532,0.5536,0.6173,0.4732,0.6034,0.7216,0.5938,0.168,0.3,0.5341,0.863157,RMD,BRACKET_HIGH,true,false,0.30383892,0.38150582,0.36612096,,0.3421,false
EVT-CON-0336,Frontier Campaign of European Union / Western Europe,1975,contemporary,war,Europe,European Union / Western Europe,CHR-CON-0336,16026.9,0.452,0.396,0.4582,0.584,78.5,0.6845,74.9,26.2,0.7484,378.5,46.5,0.6622,0.5923,0.4981,0.2573,0.3322,0.72,0.48,0.1277,0.6844,0.5864,0.935762,RMD,BRACKET_HIGH,true,false,0.37007685,0.42176678,0.46662,,0.4048,false
EVT-CON-0337,Pantheon Reformation of People's Republic of China,2010,contemporary,religious,East Asia,People's Republic of China,CHR-CON-0337,46501.8,0.326,0.194,0.8305,0.743,99.2,0.8675,84.1,14.4,0.7767,91.3,39.1,0.5222,0.7985,0.8137,0.7217,0.8505,0.6544,0.7678,-0.1441,0.4449,0.4478,0.770862,RMD,BRACKET_HIGH,true,false,0.17404904000000002,0.39319554,0.48475867,,0.2927,false
EVT-CON-0338,Military Coup d’État in Japan,1947,contemporary,revolution,East Asia,Japan,CHR-CON-0338,17386.8,0.342,0.463,0.4833,0.228,80.9,0.5185,59,23.7,0.5622,520,51.6,0.7107,0.5589,0.4536,0.0989,0.2748,0.5456,0.3864,-0.0133,0.651,0.5653,0.512844,CMN,BRACKET_BASE,false,true,0.59976956,0.43163742,0.49962608999999997,,0.3986,false
EVT-CON-0339,Imperial Unification of European Union / Western Europe,1972,contemporary,transformation,Europe,European Union / Western Europe,CHR-CON-0339,26400.9,0.332,0.271,0.625,0.387,99.4,0.6905,63.5,10.5,0.5315,174.3,78.5,0.766,0.5789,0.6401,0.5429,0.7174,0.8727,0.6704,0.2938,0.3916,0.6095,0.719523,RMD,BRACKET_HIGH,false,false,0.2409333,0.38686392,0.35187084,,0.3474,false
EVT-CON-0340,Guild Monopoly Reform in Latin America (Mercosur/Alliance),2003,contemporary,economic,Latin America,Latin America (Mercosur/Alliance),CHR-CON-0340,9934.7,0.584,0.32,0.3866,0.532,67.7,0.6045,65.4,30.3,0.6707,118.3,74.5,0.718,0.6747,0.5778,0.3455,0.4515,0.5292,0.5157,-0.1455,0.3868,0.556,0.581535,CMN,BRACKET_BASE,false,true,0.44657729999999995,0.41348776,0.5251934100000001,,0.3811,false
EVT-CON-0341,Fiscal Modernization in Global Transnational Institutions,1953,contemporary,transformation,Global,Global Transnational Institutions,CHR-CON-0341,32186.6,0.538,0.126,0.6587,0.496,97.3,0.7345,68.5,19.3,0.6381,107.9,48.5,0.5813,0.5791,0.6456,0.5836,0.8037,0.9151,0.7054,0.336,0.3327,0.5899,0.808656,RMD,BRACKET_HIGH,true,false,0.24532704,0.57725,0.5497500000000001,,0.3498,false
EVT-CON-0342,Secular Legal Separation in Middle East & North Africa (MENA),1950,contemporary,religious,Middle East,Middle East & North Africa (MENA),CHR-CON-0342,27111.9,0.271,0.407,0.6088,0.516,66.5,0.5905,77.1,31.3,0.8027,424.2,61.9,0.7474,0.72,0.6868,0.5339,0.6648,0.6227,0.6456,-0.0973,0.4224,0.4878,0.677761,RMD,BRACKET_MEDIUM,false,true,0.29337754,0.39965232,0.49638347,,0.3276,false
EVT-CON-0343,Frontier Fragmentation of People's Republic of China,2000,contemporary,collapse,East Asia,People's Republic of China,CHR-CON-0343,30058.8,0.633,0.229,0.5801,0.787,82,0.8035,73,11.8,0.6416,203.8,44.3,0.6064,0.7464,0.6555,0.3703,0.4577,0.536,0.5532,-0.2104,0.5875,0.5867,0.367922,CMN,BRACKET_BASE,false,true,0.6785928,0.58304968,0.8509829999999999,,0.3869,false
EVT-CON-0344,Monastic Network Expansion of United States,1966,contemporary,religious,North America,United States,CHR-CON-0344,3929.1,0.615,0.274,0.3372,0.21,86.8,0.539,76.2,11.3,0.673,329.9,39.6,0.6177,0.4995,0.5027,0.3253,0.465,0.5764,0.4738,0.0769,0.4503,0.5517,0.40957,CMN,BRACKET_BASE,false,true,0.72438483,0.563125,0.70175,,0.3625,false
EVT-CON-0345,Popular Uprising of United States,1965,contemporary,revolution,North America,United States,CHR-CON-0345,24267.7,0.303,0.341,0.5935,0.841,65.8,0.7495,82.8,20.3,0.7981,375.8,49.6,0.6772,0.7582,0.6079,0.3617,0.561,0.7465,0.6071,-0.0117,0.5976,0.4646,0.710949,RMD,BRACKET_HIGH,false,false,0.29322535,0.53368658,0.724032,,0.4036,false
EVT-CON-0346,Grain Market Price Shock across United States,1952,contemporary,economic,North America,United States,CHR-CON-0346,33732.8,0.268,0.136,0.7506,0.575,92.3,0.749,58.3,11.1,0.4791,193.3,78.4,0.773,0.715,0.6516,0.5081,0.6679,0.7261,0.6537,0.0111,0.4431,0.45,0.676265,RMD,BRACKET_MEDIUM,false,true,0.42503811999999996,0.5669184899999999,0.6865569,,0.362,false
EVT-CON-0347,Mercantile Tariff Overhaul across Global Transnational Institutions,2019,contemporary,economic,Global,Global Transnational Institutions,CHR-CON-0347,30513.6,0.543,0.284,0.5947,0.816,71.3,0.7645,56.9,28,0.5654,215.5,63.2,0.7049,0.7141,0.6529,0.462,0.6166,0.752,0.6395,0.0379,0.3451,0.4481,0.796936,RMD,BRACKET_HIGH,true,false,0.24349934,0.40243755999999997,0.43020816,,0.3848,false
EVT-CON-0348,Synod Monotheistic Mandate in Southeast Asia (ASEAN),1964,contemporary,religious,Southeast Asia,Southeast Asia (ASEAN),CHR-CON-0348,39574.2,0.481,0.772,0.5484,0.235,97.5,0.605,63.1,30.5,0.6472,463.3,61.7,0.7528,0.6515,0.6878,0.5022,0.5587,0.6488,0.6098,-0.0027,0.5137,0.4898,0.57991,CMN,BRACKET_BASE,false,true,0.5667241399999999,0.569375,0.75575,,0.3351,false
EVT-CON-0349,Fiscal Default Crisis in United States,1958,contemporary,collapse,North America,United States,CHR-CON-0349,46287.6,0.423,0.446,0.7239,0.661,89.2,0.7765,70.6,20.3,0.6667,452.8,69.6,0.7907,0.8284,0.7301,0.4089,0.4923,0.4663,0.5852,-0.3621,0.5194,0.6303,0.769135,RMD,BRACKET_HIGH,true,false,0.2904948,0.42136345,0.61111596,,0.371,false
EVT-CON-0350,Agrarian Restructuring of Middle East & North Africa (MENA),1951,contemporary,transformation,Middle East,Middle East & North Africa (MENA),CHR-CON-0350,47897.2,0.344,0.764,0.6667,0.72,83.3,0.7765,75.6,20.9,0.7242,325.2,62.3,0.7302,0.632,0.7073,0.6566,0.812,0.8903,0.7396,0.2583,0.2079,0.4963,0.917787,RMD,BRACKET_HIGH,true,false,0.17177406,0.40323801,0.3332748,,0.3281,false
EVT-CON-0351,Silver Flotilla Currency Shock in European Union / Western Europe,1993,contemporary,economic,Europe,European Union / Western Europe,CHR-CON-0351,26684.7,0.646,0.456,0.4778,0.762,93.5,0.8485,62.5,9.9,0.5171,530.6,60,0.7541,0.6217,0.569,0.3893,0.5076,0.6225,0.542,0.0008,0.594,0.5024,0.590688,CMN,BRACKET_BASE,false,true,0.38271655,0.38839024000000005,0.46529755,,0.3721,false
EVT-CON-0352,Radical Assembly Schism in European Union / Western Europe,2009,contemporary,revolution,Europe,European Union / Western Europe,CHR-CON-0352,46779.6,0.613,0.623,0.6182,0.653,91.2,0.7825,82.7,14.5,0.7622,290.5,41.9,0.62,0.7194,0.6194,0.2197,0.3457,0.9012,0.5611,0.1818,0.5889,0.551,0.589633,CMN,BRACKET_BASE,false,true,0.5661980999999999,0.69257886,0.7483077,,0.4097,false
EVT-CON-0353,Fiscal Modernization in Republic of India,1982,contemporary,transformation,South Asia,Republic of India,CHR-CON-0353,14200.6,0.411,0.531,0.4136,0.584,87.7,0.7305,80.8,17.4,0.7592,120.4,62.2,0.6578,0.5805,0.6374,0.5481,0.7523,0.8027,0.6642,0.2222,0.2328,0.5227,0.853358,RMD,BRACKET_HIGH,true,false,0.15119027000000002,0.4038255,0.34366159,,0.3336,false
EVT-CON-0354,Astronomical Standardization by Middle East & North Africa (MENA),1983,contemporary,technological,Middle East,Middle East & North Africa (MENA),CHR-CON-0354,46026.3,0.395,0.565,0.6943,0.403,82,0.6115,74.4,15,0.6758,217.9,64.6,0.7127,0.5973,0.628,0.7054,0.8644,0.8875,0.7365,0.2902,0.3364,0.5736,0.845141,RMD,BRACKET_HIGH,true,false,0.30233160000000003,0.568375,0.6331249999999999,,0.3182,false
EVT-CON-0355,Civic Restoration Revolt in European Union / Western Europe,1982,contemporary,revolution,Europe,European Union / Western Europe,CHR-CON-0355,38974.7,0.275,0.721,0.6201,0.321,96.3,0.642,63.4,8.5,0.5184,170,64.1,0.6922,0.6265,0.4864,0.1433,0.3048,0.5389,0.42,-0.0876,0.4108,0.5129,0.899016,RMD,BRACKET_HIGH,true,false,0.36908904000000003,0.42943406,0.51116472,,0.4018,false
EVT-CON-0356,Fiscal Modernization in United States,1975,contemporary,transformation,North America,United States,CHR-CON-0356,26828,0.567,0.853,0.3837,0.324,65.8,0.491,82.3,22.7,0.8071,212.1,82.3,0.7993,0.5671,0.5966,0.5285,0.6904,0.6949,0.6155,0.1278,0.3924,0.5448,0.619592,CMN,BRACKET_BASE,false,true,0.34696404000000003,0.3852833,0.39607687,,0.3044,false
EVT-CON-0357,Orthodoxy & Heresy Trial Wave in People's Republic of China,1978,contemporary,religious,East Asia,People's Republic of China,CHR-CON-0357,40287.3,0.61,0.577,0.5746,0.511,69.4,0.6025,61.7,13,0.5271,114.4,69.2,0.6891,0.6081,0.6418,0.5117,0.6538,0.5206,0.5872,-0.0875,0.2802,0.4917,0.651007,RMD,BRACKET_MEDIUM,false,true,0.38193705,0.561125,0.747125,,0.2957,false
EVT-CON-0358,Military Coup d’État in Southeast Asia (ASEAN),1994,contemporary,revolution,Southeast Asia,Southeast Asia (ASEAN),CHR-CON-0358,4480.4,0.503,0.627,0.2698,0.73,98.9,0.8595,71.8,26.5,0.7168,448.1,50,0.6919,0.6631,0.5741,0.3631,0.6236,0.7804,0.6009,0.1173,0.5749,0.5602,0.575498,CMN,BRACKET_BASE,false,true,0.37327704,0.41157491,0.44655248000000003,,0.4009,false
EVT-CON-0359,Educational Charter of Southeast Asia (ASEAN),1954,contemporary,transformation,Southeast Asia,Southeast Asia (ASEAN),CHR-CON-0359,28002.8,0.501,0.153,0.624,0.379,90.4,0.6415,78.4,16.5,0.7279,153.8,53.1,0.63,0.5812,0.6435,0.5224,0.7271,0.8066,0.6562,0.2254,0.1005,0.4778,0.894527,RMD,BRACKET_HIGH,true,false,0.14801724,0.40123874,0.31776822,,0.3449,false
EVT-CON-0360,Respiratory Virulence Wave across Japan,1991,contemporary,pandemic,East Asia,Japan,CHR-CON-0360,28590.1,0.424,0.293,0.6104,0.227,67.9,0.453,67.1,14.7,0.5954,436.9,70.7,0.7936,0.6465,0.6265,0.266,0.4545,0.3536,0.4694,-0.2929,0.6993,0.7142,0.574062,CMN,BRACKET_BASE,false,true,0.46506256,0.41590164,0.61088832,,0.3807,false
EVT-CON-0361,Epidemic Fever Outbreak across European Union / Western Europe,2001,contemporary,pandemic,Europe,European Union / Western Europe,CHR-CON-0361,17985.1,0.587,0.733,0.3342,0.249,94.6,0.5975,74,19.8,0.7003,321.2,82.7,0.8313,0.7125,0.6354,0.2972,0.5206,0.6574,0.5646,-0.0551,0.9489,0.6522,0.556555,CMN,BRACKET_BASE,false,true,0.64573765,0.59114673,0.7789029199999999,,0.4032,false
EVT-CON-0362,Synod Monotheistic Mandate in People's Republic of China,1985,contemporary,religious,East Asia,People's Republic of China,CHR-CON-0362,15814.7,0.636,0.706,0.3081,0.706,73.9,0.7225,78.6,15.3,0.7229,98.1,51.5,0.5894,0.5823,0.621,0.521,0.588,0.5529,0.573,-0.0294,0.253,0.4461,0.656129,RMD,BRACKET_MEDIUM,false,true,0.28483959000000003,0.37486848,0.42712932000000003,,0.2691,false
EVT-CON-0363,Coalition Defense of Japan,1973,contemporary,war,East Asia,Japan,CHR-CON-0363,21452.5,0.606,0.368,0.4692,0.454,79,0.622,82.4,13.5,0.753,292.2,51.5,0.6684,0.6785,0.5977,0.276,0.4705,0.729,0.5503,0.0505,0.4703,0.4982,0.436589,CMN,BRACKET_BASE,false,true,0.6173347,0.60783427,0.7130349599999999,,0.4005,false
EVT-CON-0364,Mechanical Power Harnessing in Latin America (Mercosur/Alliance),1954,contemporary,technological,Latin America,Latin America (Mercosur/Alliance),CHR-CON-0364,31264.5,0.315,0.765,0.5256,0.59,66.6,0.628,79.9,13.7,0.7273,210.8,66.8,0.7213,0.5794,0.6292,0.6801,0.8368,0.929,0.7309,0.3496,0.2331,0.5949,0.694996,RMD,BRACKET_MEDIUM,false,false,0.21203743,0.39636536,0.35062921,,0.3344,false
EVT-CON-0365,Treaty System Implementation across Japan,1948,contemporary,transformation,East Asia,Japan,CHR-CON-0365,22189.4,0.531,0.763,0.3798,0.762,98.8,0.875,67.9,15.5,0.6088,124.4,38,0.5391,0.5105,0.574,0.4313,0.6474,0.8187,0.5964,0.3082,0.2667,0.5836,0.7297,RMD,BRACKET_HIGH,false,false,0.29418597,0.39105608000000003,0.34665498,,0.3706,false
EVT-CON-0366,Succession Conflict of Global Transnational Institutions,2013,contemporary,war,Global,Global Transnational Institutions,CHR-CON-0366,5273.5,0.639,0.532,0.2646,0.617,84.7,0.732,66.1,11,0.5625,344.4,62.2,0.7338,0.6001,0.5188,0.3246,0.4395,0.5851,0.4936,-0.015,0.5046,0.5304,0.663377,RMD,BRACKET_MEDIUM,false,true,0.38718096,0.49003863999999997,0.6830227999999999,,0.3846,false
EVT-CON-0367,Palatial Collapse of United States,1997,contemporary,collapse,North America,United States,CHR-CON-0367,31153.1,0.498,0.445,0.5657,0.784,99.4,0.889,82.5,21.9,0.8045,254.8,59.8,0.7,0.8354,0.7304,0.3477,0.3903,0.5301,0.5668,-0.3053,0.4462,0.5675,0.639727,RMD,BRACKET_MEDIUM,false,true,0.33854939999999994,0.44409068000000007,0.5885273599999999,,0.4039,false
EVT-CON-0368,Fiscal Modernization in Latin America (Mercosur/Alliance),1951,contemporary,transformation,Latin America,Latin America (Mercosur/Alliance),CHR-CON-0368,36101.6,0.542,0.815,0.4859,0.794,94.8,0.871,55.6,19.8,0.5022,496.2,63.4,0.7663,0.5419,0.5959,0.5245,0.6701,0.8488,0.6362,0.3069,0.2696,0.5843,0.735413,RMD,BRACKET_HIGH,true,false,0.36214248,0.39006152,0.3324279,,0.3463,false
EVT-CON-0369,Hydraulic Engineering Grid in Japan,2013,contemporary,technological,East Asia,Japan,CHR-CON-0369,44706.9,0.429,0.353,0.7358,0.476,73.8,0.607,61,25.5,0.5945,465.5,44.7,0.6682,0.6092,0.6434,0.7587,0.9113,0.9516,0.7748,0.3424,0.3571,0.6136,0.780764,RMD,BRACKET_HIGH,true,false,0.21473504000000002,0.48433500000000007,0.5779914300000001,,0.3251,false
EVT-CON-0370,Systemic Governance Breakdown in United States,1988,contemporary,collapse,North America,United States,CHR-CON-0370,45297,0.292,0.393,0.7702,0.756,84.4,0.8,73.8,12.8,0.6562,452.1,46.9,0.677,0.7879,0.6757,0.3986,0.4828,0.4119,0.5514,-0.376,0.7895,0.6965,0.671342,RMD,BRACKET_MEDIUM,false,true,0.42729236000000004,0.58532544,0.9401782,,0.3665,false
EVT-CON-0371,Synod Monotheistic Mandate in Middle East & North Africa (MENA),1971,contemporary,religious,Middle East,Middle East & North Africa (MENA),CHR-CON-0371,21136.3,0.543,0.33,0.4966,0.624,87.3,0.7485,62.5,8.5,0.5087,86.7,68.9,0.6675,0.6369,0.6058,0.4306,0.5231,0.4999,0.5393,-0.137,0.4302,0.5485,0.698999,RMD,BRACKET_MEDIUM,false,false,0.28601592000000003,0.3907356,0.50669208,,0.3255,false
EVT-CON-0372,Temple Bureaucracy Reorganization of European Union / Western Europe,1982,contemporary,religious,Europe,European Union / Western Europe,CHR-CON-0372,13198.8,0.604,0.309,0.4133,0.711,97,0.8405,62.6,16.6,0.5584,515.1,60.4,0.754,0.6495,0.6361,0.5265,0.7024,0.8417,0.6712,0.1922,0.4796,0.5819,0.742093,RMD,BRACKET_HIGH,true,false,0.43125555,0.55345668,0.5847246899999999,,0.362,false
EVT-CON-0373,Continental Standoff of Sub-Saharan Africa,1959,contemporary,war,Africa,Sub-Saharan Africa,CHR-CON-0373,43163.6,0.431,0.545,0.6637,0.706,81.4,0.76,80.8,10.2,0.716,491.7,63.6,0.7666,0.7879,0.7399,0.5579,0.6346,0.6516,0.6744,-0.1363,0.375,0.4764,0.770627,RMD,BRACKET_HIGH,true,false,0.33974963999999996,0.5638776,0.7491159200000002,,0.3385,false
EVT-CON-0374,Military Coup d’État in Southeast Asia (ASEAN),2007,contemporary,revolution,Southeast Asia,Southeast Asia (ASEAN),CHR-CON-0374,7438.9,0.515,0.639,0.2892,0.758,77.6,0.767,60,27.8,0.5976,277.5,79.8,0.8062,0.621,0.4594,0.0623,0.2402,0.5828,0.3931,-0.0382,0.4938,0.526,0.663337,RMD,BRACKET_MEDIUM,false,true,0.40612127,0.466716,0.50572208,,0.4031,false
EVT-CON-0375,Canal Infrastructure Boom in Japan,1951,contemporary,economic,East Asia,Japan,CHR-CON-0375,20534.4,0.547,0.294,0.5008,0.762,74.9,0.7555,66.1,11.9,0.5679,196.1,46.9,0.6166,0.5904,0.5011,0.2831,0.3721,0.5041,0.4502,-0.0863,0.3807,0.4981,0.732818,RMD,BRACKET_HIGH,true,false,0.35636208,0.56194455,0.73124763,,0.3857,false
EVT-CON-0376,Respiratory Virulence Wave across Middle East & North Africa (MENA),1995,contemporary,pandemic,Middle East,Middle East & North Africa (MENA),CHR-CON-0376,28077.1,0.563,0.85,0.397,0.411,72.1,0.566,64.3,22.3,0.6109,220.7,58.3,0.6821,0.6511,0.5826,0.2506,0.3622,0.5808,0.4855,-0.0703,0.7483,0.619,0.583902,CMN,BRACKET_BASE,false,true,0.46156110000000006,0.5228493599999999,0.76581584,,0.4057,false
EVT-CON-0377,Guild Monopoly Reform in Sub-Saharan Africa,2016,contemporary,economic,Africa,Sub-Saharan Africa,CHR-CON-0377,46797.7,0.481,0.419,0.7192,0.664,96.8,0.816,76.5,8.8,0.6613,167.6,72.9,0.7352,0.6999,0.6731,0.5065,0.6689,0.4606,0.6018,-0.2393,0.4638,0.5457,0.82649,RMD,BRACKET_HIGH,true,false,0.32885964,0.40378685999999997,0.5475479999999999,,0.3353,false
EVT-CON-0378,Pantheon Reformation of Latin America (Mercosur/Alliance),1994,contemporary,religious,Latin America,Latin America (Mercosur/Alliance),CHR-CON-0378,16717.2,0.648,0.743,0.3015,0.429,70.7,0.568,75.9,25.8,0.7568,410.5,53.3,0.7021,0.5439,0.5385,0.3614,0.5212,0.4751,0.488,-0.0688,0.2299,0.4807,0.601013,CMN,BRACKET_BASE,false,true,0.3799782,0.4860808,0.66739784,,0.337,false
EVT-CON-0379,Continental Standoff of Sub-Saharan Africa,1970,contemporary,war,Africa,Sub-Saharan Africa,CHR-CON-0379,41313.9,0.485,0.237,0.7233,0.843,73.7,0.79,77.3,15.6,0.7107,443.9,83.1,0.8567,0.7682,0.669,0.4926,0.5744,0.5915,0.6191,-0.1767,0.4411,0.5021,0.720715,RMD,BRACKET_HIGH,false,false,0.39138452,0.4893639999999999,0.7433801999999999,,0.3513,false
EVT-CON-0380,Harbor Incursion Sickness in Global Transnational Institutions,1982,contemporary,pandemic,Global,Global Transnational Institutions,CHR-CON-0380,38375.6,0.515,0.748,0.5346,0.474,73.3,0.6035,80.5,26,0.8075,422,69.5,0.7851,0.7241,0.6648,0.36,0.4895,0.4219,0.5321,-0.3022,0.6868,0.673,0.57251,CMN,BRACKET_BASE,false,true,0.42636803999999995,0.41197776,0.6054705,,0.3671,false
EVT-CON-0381,Institutional Dissolution of European Union / Western Europe,1997,contemporary,collapse,Europe,European Union / Western Europe,CHR-CON-0381,29193.7,0.512,0.873,0.4155,0.365,72.5,0.545,62.5,17.1,0.5603,410.2,49.3,0.682,0.6902,0.5992,0.3705,0.4656,0.3418,0.4935,-0.3484,0.4892,0.7123,0.660917,RMD,BRACKET_MEDIUM,false,true,0.41942994,0.5676425700000001,0.8919291500000001,,0.3563,false
EVT-CON-0382,Synod Monotheistic Mandate in United States,2000,contemporary,religious,North America,United States,CHR-CON-0382,25048.8,0.462,0.358,0.5477,0.527,68.4,0.6055,56.6,18.7,0.5064,146.2,45.9,0.5903,0.5569,0.6049,0.4285,0.5546,0.6918,0.5673,0.1349,0.2147,0.5076,0.782328,RMD,BRACKET_HIGH,true,false,0.28000219,0.39706326000000003,0.38223788,,0.3577,false
EVT-CON-0383,Debt Crisis Settlement of Sub-Saharan Africa,2001,contemporary,economic,Africa,Sub-Saharan Africa,CHR-CON-0383,5959.8,0.613,0.43,0.3092,0.482,65.4,0.568,71.8,29.3,0.7336,198.2,69.6,0.7309,0.6122,0.566,0.3058,0.482,0.5481,0.5028,-0.0641,0.4834,0.5438,0.584334,CMN,BRACKET_BASE,false,true,0.56470128,0.5565842799999999,0.73621876,,0.3871,false
EVT-CON-0384,Respiratory Virulence Wave across Republic of India,1950,contemporary,pandemic,South Asia,Republic of India,CHR-CON-0384,19124.5,0.637,0.273,0.4674,0.803,83.8,0.8205,75.1,28.5,0.7644,289.5,65.4,0.7373,0.7454,0.7014,0.3658,0.4931,0.4619,0.5535,-0.2835,0.6582,0.6398,0.52116,CMN,BRACKET_BASE,false,true,0.6587716800000001,0.6051249999999999,0.974625,,0.3777,false
EVT-CON-0385,Palatial Collapse of Latin America (Mercosur/Alliance),1970,contemporary,collapse,Latin America,Latin America (Mercosur/Alliance),CHR-CON-0385,25634.9,0.609,0.419,0.4906,0.644,98.2,0.813,64.2,15.1,0.5666,312.1,66.2,0.7467,0.7102,0.6229,0.3996,0.424,0.3487,0.5011,-0.3615,0.6446,0.7058,0.537176,CMN,BRACKET_BASE,false,true,0.5870445,0.5125892,0.90472767,,0.3517,false
EVT-CON-0386,Mechanical Power Harnessing in Japan,1967,contemporary,technological,East Asia,Japan,CHR-CON-0386,35538.9,0.475,0.207,0.6834,0.781,87.5,0.828,60.3,28.8,0.6068,429.3,50.6,0.6918,0.6057,0.648,0.7591,0.9186,0.7262,0.7315,0.1205,0.2777,0.4468,0.678897,RMD,BRACKET_MEDIUM,false,true,0.37514928,0.51220935,0.6939298800000001,,0.2929,false
EVT-CON-0387,Systemic Governance Breakdown in Republic of India,2022,contemporary,collapse,South Asia,Republic of India,CHR-CON-0387,34854.6,0.631,0.684,0.4873,0.288,90.3,0.5955,60.3,25.6,0.5876,296.1,42.7,0.6254,0.6268,0.5598,0.1701,0.2497,0.3664,0.3946,-0.2604,0.4015,0.6204,0.487525,CMN,BRACKET_BASE,false,true,0.6101708,0.53748104,0.84662754,,0.4032,false
EVT-CON-0388,Coalition Defense of Japan,1967,contemporary,war,East Asia,Japan,CHR-CON-0388,18182.7,0.496,0.333,0.4833,0.523,71.8,0.6205,81.2,17.9,0.7665,503.3,77.8,0.8393,0.6588,0.5756,0.3299,0.3918,0.601,0.5114,-0.0578,0.5934,0.529,0.539109,CMN,BRACKET_BASE,false,true,0.644125,0.5976250000000001,0.82225,,0.3963,false
EVT-CON-0389,Silver Flotilla Currency Shock in Sub-Saharan Africa,2004,contemporary,economic,Africa,Sub-Saharan Africa,CHR-CON-0389,4881,0.308,0.866,0.2602,0.725,97.8,0.8515,55.6,9.5,0.4404,75,48.8,0.5565,0.4921,0.4331,0.1857,0.2894,0.5497,0.39,0.0576,0.3223,0.5089,0.443274,CMN,BRACKET_BASE,false,true,0.55187226,0.50245359,0.6291614400000001,,0.4024,false
EVT-CON-0390,Orthodoxy & Heresy Trial Wave in People's Republic of China,1947,contemporary,religious,East Asia,People's Republic of China,CHR-CON-0390,28525.5,0.46,0.835,0.4364,0.441,65.6,0.5485,56.3,24.1,0.5355,149.1,77.6,0.7502,0.5453,0.5844,0.3981,0.5612,0.4633,0.5105,-0.082,0.2971,0.5205,0.504971,CMN,BRACKET_BASE,false,true,0.48109115999999996,0.38414616,0.46420999999999996,,0.3192,false
EVT-CON-0391,Mechanical Power Harnessing in People's Republic of China,1996,contemporary,technological,East Asia,People's Republic of China,CHR-CON-0391,30218,0.408,0.718,0.5024,0.4,80.6,0.603,69.5,20.2,0.6543,112.7,61,0.647,0.5556,0.5871,0.66,0.7516,0.8657,0.684,0.3101,0.2139,0.587,0.779921,RMD,BRACKET_HIGH,true,false,0.3262633,0.38697528,0.36175769,,0.3222,false
EVT-CON-0392,Educational Charter of United States,1987,contemporary,transformation,North America,United States,CHR-CON-0392,21551.1,0.294,0.322,0.5775,0.413,88.3,0.648,79.3,17.2,0.7418,485.8,60.7,0.7512,0.6054,0.6258,0.5472,0.7008,0.8553,0.6669,0.2499,0.1677,0.5118,0.467797,CMN,BRACKET_BASE,false,true,0.5358721200000001,0.57375,0.5291250000000001,,0.3444,false
EVT-CON-0393,Metallurgical Innovation Surge in Sub-Saharan Africa,2010,contemporary,technological,Africa,Sub-Saharan Africa,CHR-CON-0393,39799.3,0.553,0.184,0.7052,0.451,96.9,0.71,61.7,26.9,0.6105,555,40,0.6574,0.6287,0.6715,0.7404,0.819,0.8178,0.7355,0.1891,0.3399,0.5132,0.533686,CMN,BRACKET_BASE,false,true,0.39695244,0.38933344,0.43496907999999995,,0.2786,false
EVT-CON-0394,Navigational Instrument Reform in Sub-Saharan Africa,2021,contemporary,technological,Africa,Sub-Saharan Africa,CHR-CON-0394,30901.6,0.431,0.68,0.513,0.28,66.8,0.474,80,22.8,0.783,541.4,78.6,0.8486,0.5747,0.5978,0.6999,0.7652,0.7165,0.6708,0.1418,0.2256,0.4975,0.590209,CMN,BRACKET_BASE,false,true,0.47532576000000004,0.5324217299999999,0.648318,,0.2707,false
EVT-CON-0395,Maritime Trade Hub Expansion in Republic of India,1988,contemporary,economic,South Asia,Republic of India,CHR-CON-0395,41099.3,0.586,0.737,0.5411,0.779,66.1,0.72,73.2,24.2,0.7181,394.2,45.9,0.6621,0.6776,0.6106,0.4117,0.5165,0.5891,0.5611,-0.0885,0.6033,0.5317,0.4755,CMN,BRACKET_BASE,false,true,0.63007624,0.5800000000000001,0.8315,,0.3684,false
EVT-CON-0396,Peasant Rebellion against Global Transnational Institutions,2011,contemporary,revolution,Global,Global Transnational Institutions,CHR-CON-0396,8896.7,0.572,0.263,0.398,0.393,72.9,0.561,69.2,20.9,0.6552,340.4,42.6,0.635,0.6234,0.4869,0.0879,0.2501,0.8176,0.4532,0.1942,0.3991,0.5925,0.488773,CMN,BRACKET_BASE,false,true,0.59063107,0.7040000000000001,0.80075,,0.4134,false
EVT-CON-0397,Administrative Codification of Republic of India,2023,contemporary,transformation,South Asia,Republic of India,CHR-CON-0397,41904.6,0.608,0.428,0.6344,0.765,68.8,0.7265,73.3,25.3,0.7258,430.8,63.5,0.7565,0.6591,0.6831,0.5816,0.7847,0.8633,0.7144,0.2042,0.3846,0.5234,0.778721,RMD,BRACKET_HIGH,true,false,0.20171379,0.5444040600000001,0.53834055,,0.3462,false
EVT-CON-0398,Borderlands Pacification of Republic of India,1988,contemporary,war,South Asia,Republic of India,CHR-CON-0398,24863.2,0.304,0.678,0.4974,0.597,91.4,0.7555,75.8,30.2,0.7821,561.3,57.9,0.7477,0.7239,0.6667,0.3584,0.4454,0.628,0.5645,-0.0959,0.682,0.547,0.778432,RMD,BRACKET_HIGH,true,false,0.30597402,0.41710788000000004,0.5300968500000001,,0.4007,false
EVT-CON-0399,Agrarian Restructuring of Southeast Asia (ASEAN),2018,contemporary,transformation,Southeast Asia,Southeast Asia (ASEAN),CHR-CON-0399,12541.4,0.279,0.584,0.4224,0.536,72.3,0.6295,70.6,27.4,0.7093,65,68.2,0.6432,0.546,0.5955,0.5052,0.6643,0.8818,0.6386,0.3358,0.1899,0.5946,0.482359,CMN,BRACKET_BASE,false,true,0.45565169999999994,0.51778305,0.50039094,,0.3558,false
EVT-CON-0400,Guild Monopoly Reform in Republic of India,1997,contemporary,economic,South Asia,Republic of India,CHR-CON-0400,12249.8,0.528,0.589,0.3435,0.337,77.3,0.555,71.2,18.4,0.6618,402.2,55.8,0.7131,0.5501,0.5242,0.2646,0.4282,0.6534,0.4841,0.1033,0.2844,0.5228,0.690705,RMD,BRACKET_MEDIUM,false,false,0.40185288,0.51211707,0.6092850000000001,,0.4,false
EVT-CON-0401,Grain Market Price Shock across Latin America (Mercosur/Alliance),2001,contemporary,economic,Latin America,Latin America (Mercosur/Alliance),CHR-CON-0401,26987.7,0.31,0.426,0.5903,0.788,65.3,0.7205,76.4,26.8,0.7682,532.4,74.5,0.8269,0.6846,0.6081,0.3286,0.4174,0.8537,0.5785,0.1691,0.5578,0.5489,0.627707,CMN,BRACKET_BASE,false,true,0.47828440000000005,0.64225,0.7527499999999999,,0.3967,false
EVT-CON-0402,Institutional Dissolution of Middle East & North Africa (MENA),1967,contemporary,collapse,Middle East,Middle East & North Africa (MENA),CHR-CON-0402,26357.9,0.362,0.454,0.5607,0.337,82.9,0.583,83.1,24.3,0.8253,347.3,81.6,0.8315,0.8366,0.7671,0.5538,0.6224,0.4919,0.6544,-0.3447,0.6221,0.6763,0.688631,RMD,BRACKET_MEDIUM,false,false,0.3283182,0.5152224999999999,0.8911285200000001,,0.3488,false
EVT-CON-0403,Imperial Unification of Sub-Saharan Africa,1994,contemporary,transformation,Africa,Sub-Saharan Africa,CHR-CON-0403,25156,0.554,0.874,0.3663,0.219,78.3,0.501,73.8,12.5,0.6544,554.6,44.7,0.6808,0.4455,0.4863,0.4054,0.6495,0.7619,0.5497,0.3164,0.3015,0.648,0.53184,CMN,BRACKET_BASE,false,true,0.52869824,0.49377916,0.50991666,,0.3526,false
EVT-CON-0404,Frontier Fragmentation of Republic of India,1971,contemporary,collapse,South Asia,Republic of India,CHR-CON-0404,46458.9,0.633,0.305,0.7047,0.31,69.3,0.5015,67.7,25.5,0.6667,360.7,61.1,0.7317,0.7988,0.6843,0.4001,0.4863,0.3894,0.5518,-0.4094,0.4647,0.6863,0.764299,RMD,BRACKET_HIGH,true,false,0.3678119,0.5133299600000001,0.8918484300000001,,0.3693,false
EVT-CON-0405,Dynastic Disintegration of Sub-Saharan Africa,1953,contemporary,collapse,Africa,Sub-Saharan Africa,CHR-CON-0405,21136.9,0.534,0.701,0.388,0.373,71.8,0.5455,66,27,0.6574,329,71,0.7745,0.6808,0.5714,0.1737,0.2566,0.4247,0.4214,-0.2561,0.6471,0.6914,0.341985,CMN,BRACKET_BASE,false,true,0.753287,0.629875,0.937,,0.4077,false
EVT-CON-0406,Popular Uprising of United States,1995,contemporary,revolution,North America,United States,CHR-CON-0406,7130.7,0.48,0.135,0.4481,0.627,76.9,0.698,73.4,17.5,0.6801,101.5,46,0.5644,0.6437,0.4738,0.1082,0.3718,0.6647,0.4524,0.021,0.6856,0.5388,0.364085,CMN,BRACKET_BASE,false,true,0.73775536,0.56860109,0.7210476,,0.4014,false
EVT-CON-0407,Respiratory Virulence Wave across Republic of India,1946,contemporary,pandemic,South Asia,Republic of India,CHR-CON-0407,6479.8,0.554,0.885,0.1951,0.757,98.7,0.872,67,27.4,0.6706,342.4,71.2,0.7784,0.6629,0.6117,0.3471,0.5714,0.4016,0.5189,-0.2613,0.6896,0.6828,0.674778,RMD,BRACKET_MEDIUM,false,true,0.49657535999999997,0.49397463999999996,0.84583488,,0.3664,false
EVT-CON-0408,Monastic Network Expansion of United States,2021,contemporary,religious,North America,United States,CHR-CON-0408,13615.3,0.533,0.858,0.2736,0.375,81.3,0.594,81.4,28.7,0.8334,570.9,49.7,0.7079,0.6379,0.6181,0.5242,0.639,0.6778,0.6194,0.0399,0.2961,0.4704,0.808767,RMD,BRACKET_HIGH,true,false,0.2456348,0.47131629999999997,0.59605959,,0.3203,false
EVT-CON-0409,Epidemic Fever Outbreak across Sub-Saharan Africa,2006,contemporary,pandemic,Africa,Sub-Saharan Africa,CHR-CON-0409,18082.2,0.343,0.323,0.5313,0.274,68.5,0.4795,68,18.8,0.6297,577.6,63,0.7753,0.6558,0.6329,0.3331,0.4585,0.5918,0.5344,-0.064,0.668,0.5855,0.677827,RMD,BRACKET_MEDIUM,false,true,0.463359,0.41570921,0.5306392,,0.3917,false
EVT-CON-0410,Peasant Rebellion against Sub-Saharan Africa,1961,contemporary,revolution,Africa,Sub-Saharan Africa,CHR-CON-0410,12892.2,0.438,0.418,0.4276,0.647,67.3,0.66,78,20.8,0.7494,220.2,44.7,0.614,0.7025,0.6164,0.3429,0.5006,0.4804,0.5286,-0.2221,0.5008,0.5996,0.458887,CMN,BRACKET_BASE,false,true,0.46376927999999995,0.40613383999999997,0.5560631,,0.3799,false
EVT-CON-0411,Educational Charter of Latin America (Mercosur/Alliance),1955,contemporary,transformation,Latin America,Latin America (Mercosur/Alliance),CHR-CON-0411,42602,0.602,0.192,0.7133,0.706,81.8,0.762,70.3,24.5,0.6887,351.2,43.5,0.6418,0.6037,0.6396,0.5331,0.7731,0.7612,0.6621,0.1575,0.3661,0.482,0.641253,RMD,BRACKET_MEDIUM,false,true,0.46231046000000003,0.54867892,0.5647434299999999,,0.3365,false
EVT-CON-0412,Educational Charter of Southeast Asia (ASEAN),2013,contemporary,transformation,Southeast Asia,Southeast Asia (ASEAN),CHR-CON-0412,6282.8,0.453,0.861,0.2308,0.281,89.3,0.587,59.6,11.2,0.4937,425.9,84.7,0.8617,0.4712,0.5028,0.3984,0.5607,0.7395,0.5345,0.2683,0.3376,0.6626,0.586906,CMN,BRACKET_BASE,false,true,0.42442848,0.38676681999999996,0.35924037000000003,,0.3545,false
EVT-CON-0413,Radical Assembly Schism in People's Republic of China,1947,contemporary,revolution,East Asia,People's Republic of China,CHR-CON-0413,9416.9,0.299,0.782,0.3289,0.711,98.6,0.8485,80.6,27.5,0.8176,541.8,44.5,0.6781,0.7083,0.5534,0.3494,0.6198,0.9058,0.6273,0.1975,0.6156,0.5913,0.822825,RMD,BRACKET_HIGH,true,false,0.258228,0.4274073,0.4534228,,0.3862,false
EVT-CON-0414,Treaty System Implementation across Japan,1964,contemporary,transformation,East Asia,Japan,CHR-CON-0414,40255.9,0.633,0.128,0.7021,0.494,69.9,0.5965,75.4,23.1,0.7352,237,67.2,0.7318,0.6297,0.6975,0.6202,0.7539,0.8647,0.7132,0.235,0.1112,0.4796,0.885207,RMD,BRACKET_HIGH,true,false,0.1163916,0.39149708,0.30213488,,0.3293,false
EVT-CON-0415,Popular Uprising of Southeast Asia (ASEAN),1960,contemporary,revolution,Southeast Asia,Southeast Asia (ASEAN),CHR-CON-0415,26680.9,0.53,0.84,0.3974,0.784,85.7,0.8205,60,21.5,0.5598,527.9,57.5,0.7413,0.6857,0.5763,0.3252,0.5246,0.6872,0.5598,0.0015,0.6252,0.5205,0.689542,RMD,BRACKET_MEDIUM,false,false,0.48562500000000003,0.603125,0.7957500000000001,,0.4026,false
EVT-CON-0416,Palatial Collapse of Southeast Asia (ASEAN),2003,contemporary,collapse,Southeast Asia,Southeast Asia (ASEAN),CHR-CON-0416,21493,0.415,0.602,0.4566,0.823,91.3,0.868,70.8,21.8,0.6779,346.6,56.6,0.7063,0.7351,0.622,0.412,0.484,0.4223,0.5351,-0.3128,0.5859,0.645,0.640309,RMD,BRACKET_MEDIUM,false,true,0.30005124,0.40018524,0.5840116399999999,,0.3524,false
EVT-CON-0417,Systemic Governance Breakdown in Republic of India,2018,contemporary,collapse,South Asia,Republic of India,CHR-CON-0417,31376.2,0.445,0.156,0.6703,0.536,86.1,0.6985,64.3,11.8,0.5479,370.5,74.6,0.8011,0.7362,0.6804,0.3699,0.3912,0.4734,0.5302,-0.2628,0.5141,0.6129,0.718884,RMD,BRACKET_HIGH,false,false,0.40356122,0.41799933,0.57815764,,0.3744,false
EVT-CON-0418,Agricultural Plague Wave in Japan,2026,contemporary,pandemic,East Asia,Japan,CHR-CON-0418,47220,0.264,0.319,0.8181,0.578,78.2,0.68,58.8,9.6,0.4754,574.5,84.7,0.8834,0.7788,0.7411,0.3249,0.5416,0.8066,0.6386,0.0278,0.8342,0.5575,0.652101,RMD,BRACKET_MEDIUM,false,true,0.59947206,0.64025,0.79375,,0.3905,false
EVT-CON-0419,Grain Market Price Shock across Latin America (Mercosur/Alliance),1951,contemporary,economic,Latin America,Latin America (Mercosur/Alliance),CHR-CON-0419,17592.4,0.338,0.646,0.4315,0.753,98.3,0.868,69.7,21.9,0.6666,102.8,72.4,0.6973,0.6368,0.6027,0.3991,0.4806,0.7052,0.5649,0.0684,0.3046,0.4482,0.588129,CMN,BRACKET_BASE,false,true,0.30862531,0.40009299000000004,0.41256059999999994,,0.388,false
EVT-CON-0420,Mercantile Tariff Overhaul across Sub-Saharan Africa,1964,contemporary,economic,Africa,Sub-Saharan Africa,CHR-CON-0420,22093.5,0.606,0.285,0.4998,0.352,68.1,0.5165,56.3,23.1,0.5295,421.5,43.3,0.654,0.6258,0.5427,0.4334,0.553,0.3939,0.5098,-0.2319,0.4615,0.6387,0.736121,RMD,BRACKET_HIGH,true,false,0.36911948,0.54831205,0.8085883,,0.3252,false
EVT-CON-0421,Dynastic Disintegration of Republic of India,2009,contemporary,collapse,South Asia,Republic of India,CHR-CON-0421,4978.3,0.284,0.281,0.4438,0.708,80.6,0.757,82.7,12,0.7472,459.2,59.2,0.7397,0.7644,0.7138,0.3982,0.4379,0.5149,0.5658,-0.2495,0.7956,0.6714,0.408692,CMN,BRACKET_BASE,false,true,0.49922027999999996,0.52298175,0.86487296,,0.3778,false
EVT-CON-0422,Civic Restoration Revolt in USSR / Russian Federation,2018,contemporary,revolution,Eurasia,USSR / Russian Federation,CHR-CON-0422,38090.7,0.292,0.131,0.784,0.85,65.2,0.751,60.8,27.2,0.6026,204.3,48.8,0.629,0.7185,0.6031,0.3227,0.5162,0.4587,0.5238,-0.2598,0.5623,0.5902,0.723502,RMD,BRACKET_HIGH,false,false,0.3103631,0.40716936000000004,0.57228649,,0.3883,false
EVT-CON-0423,Military Coup d’État in Latin America (Mercosur/Alliance),2022,contemporary,revolution,Latin America,Latin America (Mercosur/Alliance),CHR-CON-0423,23076.6,0.603,0.396,0.4763,0.561,81.5,0.688,62.1,28.3,0.6232,504,62.9,0.7649,0.7373,0.567,0.3075,0.4975,0.8127,0.5844,0.0754,0.3801,0.4976,0.705742,RMD,BRACKET_HIGH,false,false,0.3271688,0.6175970999999999,0.68756102,,0.3896,false
EVT-CON-0424,Agrarian Insurgency in Republic of India,1945,contemporary,revolution,South Asia,Republic of India,CHR-CON-0424,47158.3,0.515,0.124,0.8007,0.236,68.2,0.459,70.1,31.5,0.7285,415.9,63.9,0.756,0.7123,0.5928,0.3856,0.5047,0.6754,0.5742,-0.0369,0.5006,0.4768,0.558514,CMN,BRACKET_BASE,false,true,0.42806400000000006,0.40838938,0.48137670000000005,,0.3952,false
EVT-CON-0425,Coalition Defense of Japan,2025,contemporary,war,East Asia,Japan,CHR-CON-0425,47455.9,0.394,0.192,0.8193,0.295,69.7,0.496,58.6,9.2,0.4709,244.8,84.3,0.8196,0.6605,0.5986,0.2994,0.4254,0.4858,0.4939,-0.1747,0.6576,0.6208,0.45549,CMN,BRACKET_BASE,false,true,0.52934397,0.41413768,0.56742618,,0.3858,false
EVT-CON-0426,Orthodoxy & Heresy Trial Wave in People's Republic of China,2007,contemporary,religious,East Asia,People's Republic of China,CHR-CON-0426,41369.9,0.642,0.265,0.6683,0.762,88.2,0.822,70.6,26.6,0.7045,249.4,64.3,0.721,0.7577,0.7612,0.6196,0.7869,0.7537,0.7358,-0.004,0.2989,0.3777,0.736609,RMD,BRACKET_HIGH,true,false,0.18249594,0.39331932000000003,0.42641100000000004,,0.3288,false
EVT-CON-0427,Radical Assembly Schism in Latin America (Mercosur/Alliance),2012,contemporary,revolution,Latin America,Latin America (Mercosur/Alliance),CHR-CON-0427,24374.9,0.568,0.755,0.3907,0.233,71.9,0.476,58.3,19.3,0.5283,56,80.5,0.6939,0.5124,0.4081,0.099,0.2785,0.5652,0.3726,0.0528,0.429,0.5565,0.416466,CMN,BRACKET_BASE,false,true,0.66848175,0.6055,0.74725,,0.4014,false
EVT-CON-0428,Metallurgical Innovation Surge in Southeast Asia (ASEAN),1973,contemporary,technological,Southeast Asia,Southeast Asia (ASEAN),CHR-CON-0428,39797.5,0.389,0.25,0.7346,0.753,83,0.7915,57.6,14.5,0.4919,222.6,45.5,0.6188,0.5912,0.6496,0.7378,0.8019,0.8861,0.7333,0.2949,0.4109,0.5893,0.553928,CMN,BRACKET_BASE,false,true,0.4570251,0.560875,0.688875,,0.3081,false
EVT-CON-0429,Mechanical Power Harnessing in People's Republic of China,2000,contemporary,technological,East Asia,People's Republic of China,CHR-CON-0429,30534.9,0.329,0.534,0.5841,0.756,89.2,0.824,61.1,31.6,0.6322,69.7,53.4,0.5742,0.5885,0.6461,0.7296,0.8157,0.9474,0.7455,0.3589,0.2805,0.5879,0.81259,RMD,BRACKET_HIGH,true,false,0.1657567,0.5476437,0.56701528,,0.329,false
EVT-CON-0430,Epidemic Fever Outbreak across Southeast Asia (ASEAN),1949,contemporary,pandemic,Southeast Asia,Southeast Asia (ASEAN),CHR-CON-0430,32758.3,0.312,0.498,0.62,0.34,78.9,0.5645,76.2,18.1,0.7138,66.7,48.4,0.546,0.6591,0.6269,0.2951,0.4269,0.5758,0.5168,-0.0833,0.6156,0.5441,0.513634,CMN,BRACKET_BASE,false,true,0.50618898,0.41824032,0.5300788700000001,,0.4006,false
EVT-CON-0431,Respiratory Virulence Wave across Republic of India,1987,contemporary,pandemic,South Asia,Republic of India,CHR-CON-0431,46976,0.516,0.853,0.5801,0.341,74.2,0.5415,70.6,25,0.6949,176.6,83.8,0.7935,0.7067,0.6419,0.2131,0.3893,0.5243,0.4951,-0.1824,0.6638,0.622,0.365792,CMN,BRACKET_BASE,false,true,0.60608398,0.55896603,0.84546328,,0.4064,false
EVT-CON-0432,Educational Charter of USSR / Russian Federation,1957,contemporary,transformation,Eurasia,USSR / Russian Federation,CHR-CON-0432,6327.1,0.463,0.146,0.4427,0.219,76.1,0.49,63.4,24.2,0.6126,482.5,65.3,0.7737,0.5198,0.5592,0.4917,0.6344,0.6704,0.5751,0.1506,0.1781,0.5241,0.584139,CMN,BRACKET_BASE,false,true,0.33496235999999996,0.46770528,0.50690275,,0.308,false
EVT-CON-0433,Navigational Instrument Reform in Middle East & North Africa (MENA),1999,contemporary,technological,Middle East,Middle East & North Africa (MENA),CHR-CON-0433,20238.4,0.425,0.625,0.4355,0.535,96.6,0.7505,70.1,29.9,0.7189,428.7,77.8,0.8277,0.5864,0.6245,0.7309,0.8,0.922,0.7328,0.3356,0.4756,0.6444,0.543315,CMN,BRACKET_BASE,false,true,0.36052340000000005,0.5462512,0.62645502,,0.3223,false
EVT-CON-0434,Agricultural Plague Wave in Japan,1967,contemporary,pandemic,East Asia,Japan,CHR-CON-0434,44544.8,0.588,0.278,0.7091,0.343,86.1,0.602,64.6,24,0.6243,305,72.8,0.778,0.7025,0.6356,0.3778,0.6167,0.3578,0.5381,-0.3447,0.7578,0.7153,0.59662,CMN,BRACKET_BASE,false,true,0.46356288,0.40649334000000004,0.6148934,,0.3733,false
EVT-CON-0435,Educational Charter of Latin America (Mercosur/Alliance),2012,contemporary,transformation,Latin America,Latin America (Mercosur/Alliance),CHR-CON-0435,4210.5,0.288,0.347,0.4159,0.479,78.9,0.634,72.9,17.8,0.6765,388.2,82.8,0.8455,0.5534,0.6032,0.4827,0.7012,0.8798,0.6441,0.3264,0.3346,0.6309,0.996738,RMD,BRACKET_HIGH,true,false,0.2524015,0.40580447,0.36622432,,0.3664,false
EVT-CON-0436,Hydraulic Engineering Grid in Republic of India,2002,contemporary,technological,South Asia,Republic of India,CHR-CON-0436,19384,0.546,0.765,0.3495,0.616,90.3,0.7595,79.8,19.5,0.761,87.2,77.1,0.7089,0.5702,0.6046,0.6624,0.7586,0.7811,0.6754,0.2109,0.2231,0.5192,0.722424,RMD,BRACKET_HIGH,false,false,0.26671436,0.5573750000000001,0.634,,0.2943,false
EVT-CON-0437,Respiratory Virulence Wave across People's Republic of China,1974,contemporary,pandemic,East Asia,People's Republic of China,CHR-CON-0437,40021.5,0.422,0.462,0.6631,0.589,81.7,0.703,60.3,22.1,0.5666,397.4,61.6,0.7412,0.7154,0.6661,0.1668,0.3797,0.7193,0.5295,0.0039,0.7549,0.5309,0.717461,RMD,BRACKET_HIGH,false,false,0.48286276,0.47905148,0.50671677,,0.4037,false
EVT-CON-0438,Radical Assembly Schism in United States,2013,contemporary,revolution,North America,United States,CHR-CON-0438,46281,0.334,0.444,0.7511,0.266,86.2,0.564,80.3,23.4,0.7898,263.2,51.8,0.6624,0.7889,0.7018,0.3705,0.4936,0.8385,0.6387,0.0496,0.6951,0.5148,0.734878,RMD,BRACKET_HIGH,true,false,0.31157945,0.5489433399999999,0.7010753099999999,,0.3981,false
EVT-CON-0439,Succession Conflict of People's Republic of China,1999,contemporary,war,East Asia,People's Republic of China,CHR-CON-0439,30564.4,0.372,0.541,0.5694,0.484,95.4,0.719,73.4,25.1,0.7257,545,52.1,0.7166,0.7134,0.5948,0.4181,0.5384,0.7682,0.6066,0.0548,0.6621,0.523,0.502342,CMN,BRACKET_BASE,false,true,0.40842513,0.41671196000000005,0.47155442999999997,,0.3979,false
EVT-CON-0440,Peasant Rebellion against Japan,1970,contemporary,revolution,East Asia,Japan,CHR-CON-0440,33698.2,0.303,0.656,0.5837,0.349,89.4,0.6215,57.8,31.9,0.5985,529.6,73.7,0.8225,0.7243,0.5933,0.3694,0.4743,0.449,0.5221,-0.2753,0.3678,0.6001,0.624848,CMN,BRACKET_BASE,false,true,0.36212879,0.5715664199999999,0.8353375799999999,,0.3639,false
EVT-CON-0441,Judicial Standard Reform in People's Republic of China,1975,contemporary,transformation,East Asia,People's Republic of China,CHR-CON-0441,13166.1,0.37,0.156,0.5291,0.621,69.1,0.656,74.6,19.1,0.7026,317.2,51.3,0.6734,0.5457,0.5689,0.5155,0.718,0.7774,0.6251,0.2317,0.3145,0.5506,0.854652,RMD,BRACKET_HIGH,true,false,0.2836824,0.3844832,0.33830884,,0.3318,false
EVT-CON-0442,Mercantile Tariff Overhaul across United States,1948,contemporary,economic,North America,United States,CHR-CON-0442,38266.2,0.511,0.298,0.6698,0.278,76,0.519,70.7,19.5,0.663,109.2,46.4,0.5717,0.6558,0.5655,0.3374,0.5081,0.6582,0.545,0.0024,0.3033,0.4294,0.383632,CMN,BRACKET_BASE,false,true,0.69810176,0.599375,0.73075,,0.3977,false
EVT-CON-0443,Printing & Communications Diffusion in United States,1953,contemporary,technological,North America,United States,CHR-CON-0443,30200.6,0.344,0.358,0.6294,0.211,67,0.4405,65.9,27.2,0.6575,456,83.5,0.8607,0.5543,0.6021,0.679,0.7426,0.687,0.653,0.1327,0.3043,0.5186,0.657882,RMD,BRACKET_MEDIUM,false,true,0.44106390000000006,0.5449043600000001,0.6927224399999999,,0.2695,false
EVT-CON-0444,Hydraulic Engineering Grid in Japan,1959,contemporary,technological,East Asia,Japan,CHR-CON-0444,28357.5,0.261,0.845,0.4916,0.469,96.2,0.7155,74.8,22.7,0.7264,425.2,62.9,0.7526,0.6282,0.6554,0.7751,0.8427,0.9927,0.7788,0.3645,0.354,0.6253,0.704596,RMD,BRACKET_HIGH,false,false,0.28947428,0.5482663200000001,0.59990029,,0.3236,false
EVT-CON-0445,Mechanical Power Harnessing in USSR / Russian Federation,1956,contemporary,technological,Eurasia,USSR / Russian Federation,CHR-CON-0445,39491.3,0.433,0.682,0.589,0.454,88.6,0.67,81.8,30,0.8455,298.1,53.2,0.6784,0.6486,0.6928,0.7382,0.8695,1,0.7898,0.3665,0.3072,0.589,0.853624,RMD,BRACKET_HIGH,true,false,0.16801358000000002,0.5488860000000001,0.5426298,,0.3276,false
EVT-CON-0446,Military Coup d’État in Japan,1946,contemporary,revolution,East Asia,Japan,CHR-CON-0446,9488.8,0.471,0.475,0.37,0.347,65.4,0.5005,77.2,12.9,0.6934,269.6,62.9,0.7196,0.66,0.5073,0.1159,0.2455,0.6376,0.4333,-0.0224,0.7506,0.5952,0.49325,CMN,BRACKET_BASE,false,true,0.5523942300000001,0.45585447999999995,0.48776268,,0.4015,false
EVT-CON-0447,Coalition Defense of United States,1948,contemporary,war,North America,United States,CHR-CON-0447,25308.3,0.496,0.74,0.4252,0.327,93.7,0.632,55.4,10.9,0.4466,341.2,66,0.7522,0.5423,0.4787,0.2892,0.3983,0.4661,0.4349,-0.0762,0.6654,0.6119,0.542335,CMN,BRACKET_BASE,false,true,0.6274759400000001,0.46950820000000004,0.7206715499999999,,0.3636,false
EVT-CON-0448,Agricultural Plague Wave in European Union / Western Europe,2003,contemporary,pandemic,Europe,European Union / Western Europe,CHR-CON-0448,21526.2,0.576,0.598,0.4098,0.772,95.2,0.862,73.2,27.5,0.7379,409.1,63.7,0.7538,0.7494,0.7239,0.4294,0.5435,0.7663,0.6425,0.0169,0.7585,0.5273,0.638289,RMD,BRACKET_MEDIUM,false,true,0.37958495999999997,0.59444397,0.75141121,,0.4009,false
EVT-CON-0449,Harbor Incursion Sickness in Japan,1963,contemporary,pandemic,East Asia,Japan,CHR-CON-0449,15557.3,0.575,0.435,0.4054,0.301,97.1,0.636,69,24.7,0.6759,403.4,50.6,0.6873,0.6299,0.6024,0.3158,0.472,0.6501,0.534,0.0202,0.6425,0.5439,0.632611,RMD,BRACKET_MEDIUM,false,true,0.55095556,0.5159174999999999,0.71714403,,0.3987,false
EVT-CON-0450,Imperial Unification of Republic of India,2005,contemporary,transformation,South Asia,Republic of India,CHR-CON-0450,45799,0.64,0.642,0.5956,0.338,79.3,0.5655,70.9,23.4,0.6886,412.6,63.4,0.7529,0.5902,0.6421,0.5873,0.8294,0.6977,0.6693,0.1075,0.318,0.4901,0.691194,RMD,BRACKET_MEDIUM,false,false,0.38074517999999996,0.573125,0.625,,0.3073,false
EVT-CON-0451,Peasant Rebellion against European Union / Western Europe,1955,contemporary,revolution,Europe,European Union / Western Europe,CHR-CON-0451,7520.5,0.472,0.88,0.2305,0.264,87.1,0.5675,69,14.2,0.6129,439,61.2,0.7464,0.6326,0.5032,0.1828,0.3642,0.4581,0.4282,-0.1745,0.7289,0.6948,0.604195,CMN,BRACKET_BASE,false,true,0.63073281,0.58470557,0.83651832,,0.4033,false
EVT-CON-0452,Territorial Rupture of Middle East & North Africa (MENA),1979,contemporary,collapse,Middle East,Middle East & North Africa (MENA),CHR-CON-0452,4202.2,0.516,0.821,0.2052,0.717,70.4,0.7105,65.1,17.3,0.5895,419.1,51.7,0.6956,0.6274,0.5186,0.3003,0.3995,0.2992,0.429,-0.3282,0.4059,0.6829,0.455863,CMN,BRACKET_BASE,false,true,0.6361451300000001,0.49875980000000003,0.84067576,,0.3571,false
EVT-CON-0453,Institutional Dissolution of Global Transnational Institutions,1958,contemporary,collapse,Global,Global Transnational Institutions,CHR-CON-0453,21670,0.454,0.671,0.4258,0.376,83.8,0.607,61.5,22.1,0.5795,112.7,51.2,0.598,0.6373,0.5569,0.288,0.3654,0.2824,0.426,-0.3549,0.6847,0.751,0.439885,CMN,BRACKET_BASE,false,true,0.73142055,0.5675957,0.9265241700000002,,0.3606,false
EVT-CON-0454,Debt Crisis Settlement of Sub-Saharan Africa,1978,contemporary,economic,Africa,Sub-Saharan Africa,CHR-CON-0454,39710.7,0.572,0.469,0.6132,0.538,78.9,0.6635,67.8,26.3,0.6726,574.6,52.2,0.7209,0.7147,0.6938,0.5873,0.7414,0.6415,0.6757,-0.0732,0.5274,0.509,0.72253,RMD,BRACKET_HIGH,false,false,0.26625795,0.38872092999999996,0.48735358,,0.3017,false
EVT-CON-0455,Orthodoxy & Heresy Trial Wave in Latin America (Mercosur/Alliance),1964,contemporary,religious,Latin America,Latin America (Mercosur/Alliance),CHR-CON-0455,9267.4,0.537,0.255,0.4142,0.66,94.6,0.803,67,25.9,0.6616,315.1,58.5,0.7089,0.6792,0.755,0.6073,0.6942,0.6747,0.6821,-0.0045,0.4691,0.4679,0.75607,RMD,BRACKET_HIGH,true,false,0.28890520000000003,0.49307176,0.67741709,,0.2864,false
EVT-CON-0456,Imperial Annexation War in People's Republic of China,2009,contemporary,war,East Asia,People's Republic of China,CHR-CON-0456,28726.2,0.566,0.812,0.4134,0.782,77.8,0.78,83.3,13.8,0.7645,381.4,38.4,0.6222,0.6496,0.5902,0.293,0.422,0.7512,0.5412,0.1016,0.5311,0.524,0.812614,RMD,BRACKET_HIGH,true,false,0.26017799999999996,0.4311632,0.46933256,,0.4032,false
EVT-CON-0457,Mercantile Tariff Overhaul across Republic of India,1957,contemporary,economic,South Asia,Republic of India,CHR-CON-0457,17613.1,0.303,0.341,0.5337,0.451,81.1,0.631,63.8,28.9,0.6451,567.1,56.9,0.7434,0.6222,0.5874,0.405,0.4782,0.408,0.5002,-0.2142,0.585,0.6204,0.688038,RMD,BRACKET_MEDIUM,false,false,0.49898706,0.56875,0.893375,,0.3262,false
EVT-CON-0458,Imperial Annexation War in Southeast Asia (ASEAN),2023,contemporary,war,Southeast Asia,Southeast Asia (ASEAN),CHR-CON-0458,21856.9,0.548,0.504,0.4494,0.212,69.7,0.4545,72.2,26.7,0.7224,287.4,65.8,0.7387,0.5854,0.4676,0.1247,0.2638,0.376,0.3635,-0.2094,0.4541,0.6127,0.710633,RMD,BRACKET_HIGH,false,false,0.5957874,0.58852101,0.8437775500000001,,0.4053,false
EVT-CON-0459,Monastic Network Expansion of USSR / Russian Federation,1976,contemporary,religious,Eurasia,USSR / Russian Federation,CHR-CON-0459,10559,0.275,0.662,0.3824,0.251,88.3,0.567,62.7,10.4,0.5222,128.5,65.7,0.68,0.5229,0.5946,0.4459,0.5006,0.5274,0.5183,0.0045,0.2672,0.4785,0.633702,RMD,BRACKET_MEDIUM,false,true,0.38690103,0.37445130000000004,0.42021315,,0.291,false
EVT-CON-0460,Mechanical Power Harnessing in Latin America (Mercosur/Alliance),1953,contemporary,technological,Latin America,Latin America (Mercosur/Alliance),CHR-CON-0460,31376.1,0.552,0.717,0.4699,0.641,86.6,0.7535,81.9,18.1,0.7752,221.8,43.8,0.61,0.5769,0.6067,0.6529,0.7515,0.7957,0.6767,0.2188,0.42,0.5534,0.473546,CMN,BRACKET_BASE,false,true,0.53118444,0.555375,0.6579999999999999,,0.3005,false
EVT-CON-0461,Fiscal Modernization in United States,2011,contemporary,transformation,North America,United States,CHR-CON-0461,25665.4,0.587,0.172,0.5715,0.756,91,0.833,69.7,9.3,0.591,103.5,49.8,0.5848,0.5344,0.573,0.4376,0.6359,0.881,0.6124,0.3466,0.1938,0.5663,0.893203,RMD,BRACKET_HIGH,true,false,0.16883592,0.40340664000000004,0.34331872,,0.3795,false
EVT-CON-0462,Urban Quarantine Emergency in United States,1978,contemporary,pandemic,North America,United States,CHR-CON-0462,9245.6,0.587,0.6,0.2955,0.45,79.2,0.621,83.7,9.7,0.7442,95.2,51.9,0.5893,0.6288,0.5537,0.2957,0.4399,0.6189,0.5074,-0.0099,0.8913,0.6091,0.606561,CMN,BRACKET_BASE,false,true,0.5439818200000001,0.40801264,0.4983274,,0.3989,false
EVT-CON-0463,Silver Flotilla Currency Shock in Sub-Saharan Africa,1965,contemporary,economic,Africa,Sub-Saharan Africa,CHR-CON-0463,19811.8,0.553,0.238,0.5093,0.732,95.3,0.8425,57.5,28.1,0.5724,465.4,57.7,0.7331,0.6883,0.6474,0.3755,0.5316,0.7382,0.5962,0.0499,0.6037,0.5192,0.542592,CMN,BRACKET_BASE,false,true,0.42874033999999994,0.41605542,0.4728366,,0.4003,false
EVT-CON-0464,Secular Legal Separation in European Union / Western Europe,1945,contemporary,religious,Europe,European Union / Western Europe,CHR-CON-0464,47509.5,0.574,0.63,0.6344,0.525,90.4,0.7145,83.1,19.1,0.7941,507.8,74.6,0.8239,0.7749,0.79,0.5914,0.7345,0.7893,0.736,0.0144,0.2754,0.3852,0.653449,RMD,BRACKET_MEDIUM,false,true,0.1794768,0.40467245,0.42733641,,0.3564,false
EVT-CON-0465,Hydraulic Engineering Grid in Latin America (Mercosur/Alliance),2024,contemporary,technological,Latin America,Latin America (Mercosur/Alliance),CHR-CON-0465,32580.3,0.26,0.122,0.7468,0.613,81.2,0.7125,63.4,22,0.5994,496,55.7,0.7277,0.6446,0.6993,0.7608,0.833,0.8042,0.7484,0.1596,0.491,0.5301,0.819532,RMD,BRACKET_HIGH,true,false,0.27954188,0.5359819200000001,0.6916388399999999,,0.2677,false
EVT-CON-0466,Bureaucratic Consolidation of Global Transnational Institutions,1964,contemporary,transformation,Global,Global Transnational Institutions,CHR-CON-0466,12090.6,0.551,0.113,0.478,0.819,82.8,0.8235,57.5,25.2,0.555,531.2,64.4,0.7762,0.5473,0.6061,0.549,0.7164,0.8474,0.6532,0.3001,0.3703,0.6062,0.699128,RMD,BRACKET_MEDIUM,false,false,0.38172596000000003,0.3907124,0.3441204,,0.3411,false
EVT-CON-0467,Orthodoxy & Heresy Trial Wave in People's Republic of China,1974,contemporary,religious,East Asia,People's Republic of China,CHR-CON-0467,10964.4,0.604,0.453,0.35,0.77,67.7,0.7235,83.6,27.4,0.8493,112.2,42,0.5517,0.6652,0.6508,0.4742,0.5265,0.785,0.6203,0.1198,0.3175,0.4856,0.554755,CMN,BRACKET_BASE,false,true,0.36894375,0.41135146,0.40479064,,0.3803,false
EVT-CON-0468,Frontier Campaign of United States,1946,contemporary,war,North America,United States,CHR-CON-0468,20338.5,0.293,0.259,0.5858,0.529,68.2,0.6055,81.8,29.1,0.8401,430.2,85.8,0.8679,0.7508,0.6625,0.3989,0.4963,0.6253,0.5868,-0.1255,0.6868,0.5648,0.638808,RMD,BRACKET_MEDIUM,false,true,0.32026912,0.41407672,0.54190164,,0.3921,false
EVT-CON-0469,Orthodoxy & Heresy Trial Wave in Global Transnational Institutions,1949,contemporary,religious,Global,Global Transnational Institutions,CHR-CON-0469,10333.8,0.551,0.859,0.2384,0.423,75,0.5865,55.9,11.5,0.4556,498,66.3,0.781,0.5104,0.5381,0.3868,0.4939,0.5763,0.5011,0.0659,0.3409,0.5587,0.683921,RMD,BRACKET_MEDIUM,false,false,0.36817563000000003,0.38652375000000005,0.42515273000000003,,0.3353,false
EVT-CON-0470,Treaty System Implementation across Global Transnational Institutions,1950,contemporary,transformation,Global,Global Transnational Institutions,CHR-CON-0470,6615.8,0.472,0.326,0.3886,0.271,97.5,0.623,68,15.8,0.6117,55.1,63.1,0.6057,0.448,0.5124,0.4305,0.6069,0.5664,0.5128,0.1184,0.1755,0.4943,0.701464,RMD,BRACKET_HIGH,false,false,0.35211,0.37987983999999997,0.36262074000000005,,0.3042,false
EVT-CON-0471,Territorial Rupture of Republic of India,1999,contemporary,collapse,South Asia,Republic of India,CHR-CON-0471,33246.6,0.555,0.862,0.4423,0.806,74.1,0.7735,65,20.2,0.6058,189.5,78.2,0.7706,0.7235,0.6634,0.4095,0.4968,0.4642,0.5515,-0.2593,0.5359,0.6308,0.699814,RMD,BRACKET_MEDIUM,false,false,0.34672748,0.5104126800000001,0.8427535399999999,,0.3504,false
EVT-CON-0472,Harbor Incursion Sickness in Latin America (Mercosur/Alliance),2000,contemporary,pandemic,Latin America,Latin America (Mercosur/Alliance),CHR-CON-0472,17550.5,0.414,0.116,0.5673,0.633,71.8,0.6755,77.1,25,0.7649,468.7,59,0.7401,0.7578,0.7129,0.2168,0.4487,0.5759,0.5424,-0.1819,0.7335,0.6104,0.684664,RMD,BRACKET_MEDIUM,false,false,0.44949326,0.44427459999999996,0.5458846500000001,,0.3968,false
EVT-CON-0473,Territorial Rupture of People's Republic of China,1992,contemporary,collapse,East Asia,People's Republic of China,CHR-CON-0473,21570.8,0.271,0.181,0.6268,0.471,94.8,0.7095,62.6,12.6,0.5344,140.1,48.8,0.6017,0.6893,0.6119,0.2205,0.271,0.4266,0.4439,-0.2627,0.8433,0.7021,0.438441,CMN,BRACKET_BASE,false,true,0.62660929,0.43268651999999996,0.58352648,,0.4046,false
EVT-CON-0474,Peasant Rebellion against Southeast Asia (ASEAN),1978,contemporary,revolution,Southeast Asia,Southeast Asia (ASEAN),CHR-CON-0474,3855.7,0.309,0.134,0.4703,0.619,86.6,0.7425,77.2,10.1,0.6766,408.8,59.2,0.7313,0.6853,0.5903,0.247,0.4088,0.8343,0.5531,0.149,0.4162,0.5311,0.700187,RMD,BRACKET_HIGH,false,false,0.46575984000000004,0.59585112,0.71816667,,0.3966,false
EVT-CON-0475,Educational Charter of Middle East & North Africa (MENA),1966,contemporary,transformation,Middle East,Middle East & North Africa (MENA),CHR-CON-0475,20096.6,0.29,0.606,0.4804,0.798,93.9,0.8685,68.7,15.2,0.6157,103.8,52.3,0.5975,0.584,0.6541,0.5924,0.8396,0.8498,0.704,0.2658,0.3079,0.5558,0.67649,RMD,BRACKET_MEDIUM,false,true,0.32795799,0.39079096999999996,0.33079551999999995,,0.3366,false
EVT-CON-0476,Canal Infrastructure Boom in Sub-Saharan Africa,2015,contemporary,economic,Africa,Sub-Saharan Africa,CHR-CON-0476,34606.9,0.568,0.547,0.5451,0.441,71.4,0.5775,80.9,12.6,0.7314,411,56.9,0.7201,0.6055,0.5205,0.3902,0.5673,0.4822,0.5131,-0.1233,0.3767,0.5127,0.676501,RMD,BRACKET_MEDIUM,false,true,0.33139680000000005,0.39845360999999996,0.50151835,,0.3425,false
EVT-CON-0477,Succession Conflict of United States,2020,contemporary,war,North America,United States,CHR-CON-0477,30802.5,0.298,0.247,0.6819,0.557,69.5,0.626,82.6,31.4,0.8626,516.1,41.1,0.6576,0.7287,0.6763,0.3992,0.5747,0.548,0.5854,-0.1807,0.3942,0.5006,0.70731,RMD,BRACKET_HIGH,false,false,0.25045929,0.4144767,0.53463735,,0.3789,false
EVT-CON-0478,Systemic Governance Breakdown in Japan,1962,contemporary,collapse,East Asia,Japan,CHR-CON-0478,44100.9,0.404,0.213,0.7799,0.594,89.3,0.7435,75.6,20.1,0.7194,153.5,60.9,0.6689,0.8294,0.7601,0.5156,0.6043,0.6324,0.6684,-0.197,0.6973,0.5743,0.879203,RMD,BRACKET_HIGH,true,false,0.2921499,0.40943676,0.56476048,,0.3646,false
EVT-CON-0479,Secular Legal Separation in USSR / Russian Federation,1964,contemporary,religious,Eurasia,USSR / Russian Federation,CHR-CON-0479,36341.7,0.467,0.247,0.681,0.543,78.8,0.6655,83,11.7,0.7487,305.2,75.1,0.7896,0.674,0.6668,0.495,0.6356,0.6801,0.6303,0.0061,0.3005,0.3941,0.721723,RMD,BRACKET_HIGH,false,false,0.26275,0.577125,0.7055,,0.3499,false
EVT-CON-0480,Maritime Hegemony Clash in Latin America (Mercosur/Alliance),1977,contemporary,war,Latin America,Latin America (Mercosur/Alliance),CHR-CON-0480,43185,0.362,0.759,0.6204,0.432,95,0.691,77.3,11.6,0.6867,333.8,75.5,0.7981,0.7222,0.6527,0.3056,0.4611,0.6598,0.5603,-0.0624,0.6435,0.5249,0.362327,CMN,BRACKET_BASE,false,true,0.684777,0.61625,0.8405,,0.4057,false
EVT-CON-0481,Decentralization Wave across Middle East & North Africa (MENA),1960,contemporary,collapse,Middle East,Middle East & North Africa (MENA),CHR-CON-0481,32537.5,0.294,0.11,0.7398,0.716,67.8,0.697,59.2,22.5,0.5572,198.7,57,0.668,0.7928,0.6838,0.3622,0.4165,0.4509,0.5412,-0.3419,0.8044,0.7166,0.561168,CMN,BRACKET_BASE,false,true,0.5319963,0.42598248,0.6188506500000001,,0.378,false
EVT-CON-0482,Urban Quarantine Emergency in Southeast Asia (ASEAN),1969,contemporary,pandemic,Southeast Asia,Southeast Asia (ASEAN),CHR-CON-0482,46762.6,0.47,0.729,0.6292,0.577,94.9,0.763,70.6,19,0.6589,334.1,58.1,0.7111,0.7814,0.7485,0.2815,0.4705,0.449,0.5462,-0.3324,0.6291,0.6591,0.636782,RMD,BRACKET_MEDIUM,false,true,0.45886555,0.6263099200000001,0.9262008,,0.4035,false
EVT-CON-0483,Popular Uprising of European Union / Western Europe,1954,contemporary,revolution,Europe,European Union / Western Europe,CHR-CON-0483,22885.4,0.308,0.125,0.6444,0.63,99.3,0.8115,84.4,27.1,0.8561,192.6,82.3,0.7923,0.7803,0.6012,0.3667,0.6145,0.5701,0.5866,-0.2102,0.3527,0.4849,0.466364,CMN,BRACKET_BASE,false,true,0.47395999999999994,0.52695648,0.78800975,,0.4005,false
EVT-CON-0484,Imperial Annexation War in Sub-Saharan Africa,1946,contemporary,war,Africa,Sub-Saharan Africa,CHR-CON-0484,19845.8,0.316,0.168,0.6017,0.79,69,0.74,60.3,23.6,0.5756,202.5,56.8,0.6684,0.6002,0.529,0.2304,0.3005,0.4388,0.4198,-0.1614,0.6919,0.6025,0.792688,RMD,BRACKET_HIGH,true,false,0.35172549000000003,0.40350243,0.54267171,,0.3943,false
EVT-CON-0485,Harbor Incursion Sickness in European Union / Western Europe,1947,contemporary,pandemic,Europe,European Union / Western Europe,CHR-CON-0485,6148.3,0.451,0.249,0.4138,0.226,90.1,0.5635,73.1,11.3,0.6396,580,63.6,0.7786,0.6267,0.6008,0.1549,0.3361,0.3744,0.4186,-0.2523,0.8459,0.7352,0.422445,CMN,BRACKET_BASE,false,true,0.85579456,0.611375,0.940375,,0.4048,false
EVT-CON-0486,Silver Flotilla Currency Shock in Middle East & North Africa (MENA),1958,contemporary,economic,Middle East,Middle East & North Africa (MENA),CHR-CON-0486,35053.2,0.539,0.214,0.6577,0.495,92.5,0.71,84.3,30.3,0.8743,146.5,51.1,0.6165,0.7364,0.7077,0.5084,0.6806,0.7098,0.6686,-0.0266,0.4775,0.4274,0.647323,RMD,BRACKET_MEDIUM,false,true,0.34777792,0.40529214,0.47472886999999997,,0.3661,false
EVT-CON-0487,Synod Monotheistic Mandate in United States,1957,contemporary,religious,North America,United States,CHR-CON-0487,22768.5,0.499,0.428,0.4951,0.344,85.1,0.5975,77.2,23.5,0.757,117,57.2,0.6307,0.6352,0.6362,0.5207,0.6131,0.836,0.6482,0.2008,0.4558,0.5749,0.779896,RMD,BRACKET_HIGH,true,false,0.31451406000000004,0.38917494,0.38049774000000003,,0.3598,false
EVT-CON-0488,Secular Legal Separation in United States,1982,contemporary,religious,North America,United States,CHR-CON-0488,12639.8,0.295,0.614,0.4095,0.587,84.2,0.7145,80.4,29.2,0.8257,183.9,51.4,0.6344,0.6123,0.5888,0.4927,0.55,0.7836,0.6055,0.1713,0.4845,0.5512,0.501442,CMN,BRACKET_BASE,false,true,0.58097638,0.5715,0.6367499999999999,,0.3585,false
EVT-CON-0489,Temple Bureaucracy Reorganization of United States,1995,contemporary,religious,North America,United States,CHR-CON-0489,19405.5,0.478,0.374,0.4874,0.705,72.4,0.7145,84.1,17.9,0.7977,540.6,66.5,0.788,0.7107,0.702,0.5969,0.7183,0.7492,0.6954,0.0385,0.5022,0.4764,0.719427,RMD,BRACKET_HIGH,false,false,0.32773416,0.55975,0.714125,,0.3198,false
EVT-CON-0490,Popular Uprising of European Union / Western Europe,2000,contemporary,revolution,Europe,European Union / Western Europe,CHR-CON-0490,20007.9,0.337,0.253,0.5714,0.235,76.9,0.502,64.9,11.7,0.5537,515,51,0.707,0.6582,0.5021,0.1436,0.2544,0.57,0.4257,-0.0882,0.4961,0.5576,0.533309,CMN,BRACKET_BASE,false,true,0.43785692000000004,0.44003445999999996,0.51366755,,0.3944,false
EVT-CON-0491,Agricultural Plague Wave in European Union / Western Europe,1995,contemporary,pandemic,Europe,European Union / Western Europe,CHR-CON-0491,14595.3,0.557,0.36,0.4246,0.653,97.2,0.8125,56.2,28.3,0.5596,289.2,53.4,0.6772,0.655,0.6165,0.1168,0.2987,0.3601,0.4094,-0.2949,0.9151,0.7485,0.437195,CMN,BRACKET_BASE,false,true,0.88057452,0.642375,0.9516249999999999,,0.4081,false
EVT-CON-0492,Maritime Hegemony Clash in Southeast Asia (ASEAN),1945,contemporary,war,Southeast Asia,Southeast Asia (ASEAN),CHR-CON-0492,47487.3,0.559,0.169,0.777,0.214,65.5,0.4345,59.2,17.6,0.5278,218.6,54.3,0.6614,0.5575,0.4379,0.0899,0.2307,0.6001,0.3832,0.0426,0.4813,0.5124,0.546712,CMN,BRACKET_BASE,false,true,0.59083728,0.4496384,0.49020036,,0.3944,false
EVT-CON-0493,Sanitation & Medical Breakthrough in European Union / Western Europe,1958,contemporary,technological,Europe,European Union / Western Europe,CHR-CON-0493,12732.4,0.626,0.796,0.2564,0.392,76.8,0.58,78.8,8.8,0.686,356.1,62.1,0.7358,0.5027,0.5514,0.6556,0.7521,0.7613,0.6446,0.2586,0.3968,0.6405,0.70093,RMD,BRACKET_HIGH,false,false,0.34830722999999997,0.5319468,0.6560849999999999,,0.2955,false
EVT-CON-0494,Territorial Rupture of Japan,1988,contemporary,collapse,East Asia,Japan,CHR-CON-0494,40994.6,0.304,0.804,0.6046,0.366,77.1,0.5685,65.1,22.4,0.6201,544.1,81.4,0.8629,0.7869,0.6716,0.284,0.3218,0.3538,0.4836,-0.4331,0.7986,0.7945,0.500099,CMN,BRACKET_BASE,false,true,0.645,0.644125,1,,0.383,false
EVT-CON-0495,Coalition Defense of Japan,2012,contemporary,war,East Asia,Japan,CHR-CON-0495,47942.9,0.375,0.385,0.7715,0.463,72.7,0.595,62.2,16.8,0.5553,552.5,70.9,0.8116,0.6743,0.5777,0.3045,0.3869,0.5037,0.4894,-0.1706,0.4469,0.5456,0.707601,RMD,BRACKET_HIGH,false,false,0.483633,0.4951839900000001,0.75282086,,0.3908,false
EVT-CON-0496,Epidemic Fever Outbreak across Southeast Asia (ASEAN),2023,contemporary,pandemic,Southeast Asia,Southeast Asia (ASEAN),CHR-CON-0496,43293.2,0.488,0.695,0.6028,0.413,68.1,0.547,83.8,11.9,0.7585,158.7,54.9,0.6413,0.7061,0.6478,0.2885,0.502,0.6254,0.554,-0.0807,0.7641,0.5784,0.531229,CMN,BRACKET_BASE,false,true,0.5201678999999999,0.5913646400000001,0.7906729499999999,,0.4047,false
EVT-CON-0497,Popular Uprising of Sub-Saharan Africa,2001,contemporary,revolution,Africa,Sub-Saharan Africa,CHR-CON-0497,8860.8,0.284,0.254,0.4868,0.71,99.2,0.851,70.7,12.4,0.6204,231,60.9,0.6984,0.7624,0.6277,0.3469,0.567,0.6979,0.6004,-0.0645,0.3522,0.4592,0.467715,CMN,BRACKET_BASE,false,true,0.5340929200000001,0.59277878,0.7276024,,0.4042,false
EVT-CON-0498,Synod Monotheistic Mandate in Latin America (Mercosur/Alliance),1991,contemporary,religious,Latin America,Latin America (Mercosur/Alliance),CHR-CON-0498,25486.4,0.543,0.817,0.3896,0.476,75.3,0.6145,73.8,18,0.6874,288.6,83,0.825,0.675,0.6364,0.4897,0.5458,0.6543,0.6002,-0.0207,0.2956,0.4614,0.62233,CMN,BRACKET_BASE,false,true,0.36655035999999996,0.55363392,0.6667791000000001,,0.3457,false
EVT-CON-0499,Pantheon Reformation of European Union / Western Europe,1977,contemporary,religious,Europe,European Union / Western Europe,CHR-CON-0499,6996.1,0.56,0.56,0.2954,0.468,99.5,0.7315,60.6,28.8,0.61,390.7,42.5,0.6445,0.5526,0.6201,0.4713,0.6311,0.6363,0.5823,0.0837,0.29,0.5022,0.708587,RMD,BRACKET_HIGH,false,false,0.46903176,0.47807789,0.5839982499999999,,0.3217,false
EVT-CON-0500,Epidemic Fever Outbreak across Southeast Asia (ASEAN),2008,contemporary,pandemic,Southeast Asia,Southeast Asia (ASEAN),CHR-CON-0500,4882.4,0.297,0.269,0.4426,0.465,92.8,0.6965,70.1,11.7,0.6097,329,41.4,0.6265,0.6176,0.5686,0.2361,0.4599,0.6264,0.5017,0.0088,0.7863,0.569,0.645588,RMD,BRACKET_MEDIUM,false,true,0.44984929,0.41641782,0.49369399999999997,,0.4041,false
EVT-CON-0501,Bureaucratic Consolidation of European Union / Western Europe,2022,contemporary,transformation,Europe,European Union / Western Europe,CHR-CON-0501,35192.2,0.312,0.887,0.5252,0.823,70.2,0.7625,60.4,27.5,0.6001,505.9,59.6,0.7487,0.5465,0.6085,0.5383,0.7116,0.6656,0.6141,0.1191,0.3753,0.505,0.827715,RMD,BRACKET_HIGH,true,false,0.23701944,0.37443768,0.38173553,,0.3009,false
EVT-CON-0502,Frontier Campaign of People's Republic of China,1979,contemporary,war,East Asia,People's Republic of China,CHR-CON-0502,31994.3,0.343,0.555,0.5867,0.399,73.2,0.5655,77.7,30,0.8014,320,64.7,0.741,0.7172,0.6011,0.2529,0.3681,0.4821,0.4843,-0.2351,0.3337,0.5473,0.543752,CMN,BRACKET_BASE,false,true,0.406392,0.420665,0.548188,,0.4044,false
EVT-CON-0503,Hydraulic Engineering Grid in Latin America (Mercosur/Alliance),1962,contemporary,technological,Latin America,Latin America (Mercosur/Alliance),CHR-CON-0503,30773.9,0.54,0.111,0.6499,0.478,77.2,0.625,62.6,29.9,0.6382,244.4,55.8,0.677,0.6065,0.6404,0.7401,0.8146,0.8501,0.7303,0.2436,0.431,0.5823,0.688356,RMD,BRACKET_MEDIUM,false,false,0.268173,0.38377983,0.43590564,,0.2939,false
EVT-CON-0504,Dynastic Disintegration of People's Republic of China,2009,contemporary,collapse,East Asia,People's Republic of China,CHR-CON-0504,17467.3,0.608,0.22,0.4771,0.276,73.7,0.5065,81.6,16,0.7594,406.9,43.2,0.6509,0.6807,0.5618,0.3498,0.4027,0.409,0.4808,-0.2717,0.7838,0.7112,0.611652,CMN,BRACKET_BASE,false,true,0.5309023500000001,0.40527058,0.5935818900000001,,0.3508,false
EVT-CON-0505,Maritime Trade Hub Expansion in Latin America (Mercosur/Alliance),1997,contemporary,economic,Latin America,Latin America (Mercosur/Alliance),CHR-CON-0505,36294.3,0.54,0.826,0.485,0.307,84.1,0.574,64.7,12.8,0.5582,217.8,46.1,0.6202,0.591,0.5565,0.3101,0.4229,0.3616,0.4484,-0.2294,0.4886,0.6334,0.49711,CMN,BRACKET_BASE,false,true,0.53389336,0.4808541,0.7839981300000001,,0.3443,false
EVT-CON-0506,Agricultural Plague Wave in Global Transnational Institutions,2015,contemporary,pandemic,Global,Global Transnational Institutions,CHR-CON-0506,27184.6,0.572,0.688,0.4349,0.657,85.4,0.7555,78.5,16.8,0.7308,244.2,42.1,0.6085,0.6966,0.6362,0.3028,0.4407,0.669,0.5491,-0.0276,0.8834,0.5776,0.665154,RMD,BRACKET_MEDIUM,false,true,0.463375,0.610625,0.8175,,0.4054,false
EVT-CON-0507,Harbor Incursion Sickness in People's Republic of China,2017,contemporary,pandemic,East Asia,People's Republic of China,CHR-CON-0507,3940.7,0.584,0.47,0.2878,0.343,78.9,0.566,58.3,23.3,0.5523,91.9,84.7,0.7507,0.5972,0.5353,0.1674,0.3431,0.3872,0.406,-0.21,0.74,0.7175,0.519369,CMN,BRACKET_BASE,false,true,0.5910057799999999,0.5679706800000001,0.8409742,,0.3999,false
EVT-CON-0508,Harbor Incursion Sickness in Middle East & North Africa (MENA),2016,contemporary,pandemic,Middle East,Middle East & North Africa (MENA),CHR-CON-0508,22483,0.328,0.727,0.4541,0.785,87.4,0.8295,61.1,12.5,0.5176,415.6,71.8,0.7954,0.6981,0.6452,0.3684,0.5361,0.4033,0.5302,-0.2948,0.7155,0.6979,0.6244,CMN,BRACKET_BASE,false,true,0.485682,0.587875,0.9775,,0.3616,false
EVT-CON-0509,Guild Monopoly Reform in USSR / Russian Federation,1983,contemporary,economic,Eurasia,USSR / Russian Federation,CHR-CON-0509,20587.9,0.359,0.708,0.4335,0.285,71.3,0.499,70.2,20,0.6606,269.1,85.7,0.8335,0.6207,0.5222,0.3163,0.4469,0.4798,0.4772,-0.1409,0.5953,0.6159,0.379354,CMN,BRACKET_BASE,false,true,0.7617276,0.5588464000000001,0.80125003,,0.3711,false
EVT-CON-0510,Popular Uprising of Latin America (Mercosur/Alliance),2026,contemporary,revolution,Latin America,Latin America (Mercosur/Alliance),CHR-CON-0510,5828.1,0.498,0.567,0.3014,0.578,94.2,0.76,64.7,12.7,0.5576,561.3,83.5,0.8757,0.6669,0.5529,0.2998,0.409,0.4264,0.471,-0.2405,0.7659,0.7085,0.495874,CMN,BRACKET_BASE,false,true,0.5547438,0.39505284,0.56495322,,0.3759,false
EVT-CON-0511,Respiratory Virulence Wave across Southeast Asia (ASEAN),2008,contemporary,pandemic,Southeast Asia,Southeast Asia (ASEAN),CHR-CON-0511,14319.3,0.261,0.538,0.4576,0.436,80.7,0.6215,76.2,28.6,0.7768,308,50.6,0.6678,0.6918,0.6644,0.315,0.5264,0.6822,0.576,-0.0096,0.7255,0.5382,0.551546,CMN,BRACKET_BASE,false,true,0.48980904000000003,0.5869555,0.75218676,,0.4042,false
EVT-CON-0512,Decentralization Wave across Sub-Saharan Africa,1978,contemporary,collapse,Africa,Sub-Saharan Africa,CHR-CON-0512,33250.9,0.366,0.696,0.5488,0.613,73.4,0.6735,69.2,13.8,0.6126,412.4,69.8,0.7849,0.7458,0.6854,0.2983,0.3428,0.386,0.4917,-0.3598,0.6671,0.7158,0.577362,CMN,BRACKET_BASE,false,true,0.47649302000000004,0.44262576,0.6335036399999999,,0.3832,false
EVT-CON-0513,Grain Market Price Shock across Global Transnational Institutions,1991,contemporary,economic,Global,Global Transnational Institutions,CHR-CON-0513,28902.5,0.267,0.198,0.6888,0.703,66.6,0.6845,67.9,20.1,0.6364,274.6,64.7,0.73,0.6719,0.5921,0.3277,0.4982,0.6374,0.5455,-0.0345,0.4662,0.4637,0.768981,RMD,BRACKET_HIGH,true,false,0.47174160000000004,0.58109794,0.7305154200000001,,0.3996,false
EVT-CON-0514,Agricultural Plague Wave in People's Republic of China,1962,contemporary,pandemic,East Asia,People's Republic of China,CHR-CON-0514,27355.8,0.499,0.743,0.4418,0.481,73.6,0.6085,63.7,16.1,0.5672,311.2,74.6,0.7885,0.6521,0.6215,0.2376,0.393,0.4369,0.4682,-0.2152,0.7927,0.7018,0.545518,CMN,BRACKET_BASE,false,true,0.48770680000000005,0.41290326,0.57278331,,0.397,false
EVT-CON-0515,Astronomical Standardization by Sub-Saharan Africa,2012,contemporary,technological,Africa,Sub-Saharan Africa,CHR-CON-0515,35347.7,0.443,0.378,0.64,0.421,81,0.6155,72.4,22.2,0.6975,491.4,39.1,0.6441,0.5927,0.6193,0.7051,0.8274,0.7441,0.6977,0.1514,0.1821,0.4643,0.538745,CMN,BRACKET_BASE,false,true,0.4230564,0.569375,0.6765,,0.2778,false
EVT-CON-0516,Metallurgical Innovation Surge in Japan,1975,contemporary,technological,East Asia,Japan,CHR-CON-0516,36056.7,0.563,0.263,0.6448,0.604,97.8,0.791,67.1,15.8,0.602,306.2,85.1,0.8398,0.6228,0.679,0.7272,0.7918,0.9639,0.7569,0.3411,0.2771,0.5778,0.676013,RMD,BRACKET_MEDIUM,false,true,0.26350784,0.3886287,0.36069042,,0.3279,false
EVT-CON-0517,Frontier Fragmentation of People's Republic of China,1960,contemporary,collapse,East Asia,People's Republic of China,CHR-CON-0517,13207.1,0.398,0.791,0.3306,0.685,67.5,0.68,66.1,14.3,0.5823,329.2,78.8,0.8136,0.6796,0.6006,0.2854,0.356,0.264,0.4371,-0.4156,0.5369,0.7497,0.619275,CMN,BRACKET_BASE,false,true,0.49674167999999996,0.40899228,0.6193717200000001,,0.3712,false
EVT-CON-0518,Monastic Network Expansion of Southeast Asia (ASEAN),1968,contemporary,religious,Southeast Asia,Southeast Asia (ASEAN),CHR-CON-0518,20918.8,0.439,0.548,0.4605,0.216,96.6,0.591,82.6,18.9,0.7876,406.6,75.6,0.8129,0.6344,0.686,0.6013,0.7069,0.5613,0.638,-0.0731,0.4589,0.5083,0.716303,RMD,BRACKET_HIGH,false,false,0.22558998,0.37628634,0.45987072999999995,,0.2754,false
EVT-CON-0519,Respiratory Virulence Wave across Sub-Saharan Africa,2018,contemporary,pandemic,Africa,Sub-Saharan Africa,CHR-CON-0519,39846.9,0.441,0.11,0.7614,0.408,86,0.634,67.6,9.8,0.5714,488.7,78.2,0.8392,0.7861,0.7449,0.3783,0.6081,0.5478,0.613,-0.2383,0.8531,0.6769,0.662468,RMD,BRACKET_MEDIUM,false,true,0.40775680000000003,0.51867648,0.84964352,,0.3959,false
EVT-CON-0520,Treaty System Implementation across United States,1980,contemporary,transformation,North America,United States,CHR-CON-0520,34854.3,0.313,0.468,0.6475,0.838,89.7,0.8675,58.1,17,0.5123,322.1,38.8,0.612,0.5463,0.5776,0.4594,0.6275,0.8936,0.6209,0.3473,0.3364,0.5975,0.775329,RMD,BRACKET_HIGH,true,false,0.31553516,0.5035299999999999,0.5329178400000001,,0.3745,false
EVT-CON-0521,Civic Restoration Revolt in United States,1951,contemporary,revolution,North America,United States,CHR-CON-0521,36444.4,0.344,0.201,0.7326,0.611,65.4,0.6325,75.4,12.8,0.6734,176.8,57.8,0.6636,0.7647,0.6566,0.3605,0.6261,0.8389,0.6494,0.0742,0.4242,0.4703,0.609713,CMN,BRACKET_BASE,false,true,0.38606561999999994,0.6078696800000001,0.6926420699999999,,0.3965,false
EVT-CON-0522,Epidemic Fever Outbreak across USSR / Russian Federation,1970,contemporary,pandemic,Eurasia,USSR / Russian Federation,CHR-CON-0522,22975.9,0.326,0.179,0.6236,0.78,68.2,0.731,75.4,29.2,0.7718,110.8,42.7,0.5543,0.7344,0.656,0.2216,0.3584,0.7418,0.5424,0.0074,0.8333,0.5234,0.674216,RMD,BRACKET_MEDIUM,false,true,0.32383816,0.46189298,0.48807171,,0.4008,false
EVT-CON-0523,Fiscal Default Crisis in European Union / Western Europe,1960,contemporary,collapse,Europe,European Union / Western Europe,CHR-CON-0523,27091.6,0.269,0.214,0.6672,0.296,70.4,0.5,71.9,29.3,0.7347,92.9,45.1,0.5535,0.72,0.6533,0.2869,0.3581,0.3875,0.4812,-0.3325,0.5557,0.6632,0.354102,CMN,BRACKET_BASE,false,true,0.80602288,0.616625,0.993,,0.3837,false
EVT-CON-0524,Navigational Instrument Reform in Sub-Saharan Africa,1990,contemporary,technological,Africa,Sub-Saharan Africa,CHR-CON-0524,41431.1,0.575,0.421,0.6422,0.819,96.9,0.894,82.8,31.7,0.8665,134.5,46.7,0.5883,0.6944,0.7166,0.7856,0.9272,0.9888,0.8225,0.2944,0.3943,0.5271,0.840957,RMD,BRACKET_HIGH,true,false,0.1163293,0.39379352,0.39703754999999996,,0.3114,false
EVT-CON-0525,Military Coup d’État in Global Transnational Institutions,1997,contemporary,revolution,Global,Global Transnational Institutions,CHR-CON-0525,14024,0.376,0.62,0.3958,0.843,86.5,0.854,68.6,14.7,0.6116,462.6,67.7,0.7827,0.7373,0.6291,0.3768,0.6482,0.7931,0.6369,0.0558,0.7736,0.5743,0.641452,RMD,BRACKET_MEDIUM,false,true,0.37393488,0.42788448,0.48482304,,0.4014,false
EVT-CON-0526,Caravan Route Pestilence in Latin America (Mercosur/Alliance),1968,contemporary,pandemic,Latin America,Latin America (Mercosur/Alliance),CHR-CON-0526,9557.9,0.616,0.143,0.4268,0.306,79.6,0.551,56.1,9.7,0.447,498.7,48.9,0.6941,0.6255,0.5478,0.0714,0.2453,0.6626,0.4305,0.0371,0.7009,0.6115,0.453223,CMN,BRACKET_BASE,false,true,0.5959758,0.46928448,0.4986625599999999,,0.4055,false
EVT-CON-0527,Epidemic Fever Outbreak across Global Transnational Institutions,2024,contemporary,pandemic,Global,Global Transnational Institutions,CHR-CON-0527,34802.2,0.608,0.806,0.4572,0.414,96.8,0.691,82.7,31.7,0.8654,330,46,0.6498,0.7055,0.6433,0.2473,0.464,0.4055,0.4931,-0.3,0.7475,0.6768,0.497151,CMN,BRACKET_BASE,false,true,0.4465126,0.42845752000000004,0.6092582799999999,,0.4024,false
EVT-CON-0528,Sanitation & Medical Breakthrough in USSR / Russian Federation,1949,contemporary,technological,Eurasia,USSR / Russian Federation,CHR-CON-0528,46494.9,0.397,0.51,0.7144,0.717,78.4,0.7505,69.5,14.4,0.6195,75.4,62.3,0.6244,0.5864,0.6077,0.7146,0.7941,0.7833,0.6972,0.1969,0.4754,0.5425,0.771324,RMD,BRACKET_HIGH,true,false,0.33178075,0.38174592,0.4512948,,0.2792,false
EVT-CON-0529,Maritime Hegemony Clash in Republic of India,2011,contemporary,war,South Asia,Republic of India,CHR-CON-0529,8654.2,0.386,0.519,0.3748,0.606,86.8,0.737,70,9.5,0.5955,385.5,54.1,0.7015,0.5647,0.4912,0.2219,0.3396,0.5183,0.4271,-0.0464,0.4315,0.5068,0.883439,RMD,BRACKET_HIGH,true,false,0.33816544,0.41033882000000005,0.48946698000000005,,0.4002,false
EVT-CON-0530,Debt Crisis Settlement of USSR / Russian Federation,1976,contemporary,economic,Eurasia,USSR / Russian Federation,CHR-CON-0530,9480.8,0.401,0.662,0.3349,0.597,79.3,0.695,68.6,16.3,0.6212,521.6,42.1,0.6634,0.5823,0.4898,0.3118,0.4412,0.6728,0.4996,0.0905,0.3547,0.5199,0.434948,CMN,BRACKET_BASE,false,true,0.50162862,0.5895,0.683125,,0.3965,false
EVT-CON-0531,Mercantile Tariff Overhaul across Latin America (Mercosur/Alliance),2012,contemporary,economic,Latin America,Latin America (Mercosur/Alliance),CHR-CON-0531,40798.4,0.538,0.899,0.5042,0.26,98.1,0.6205,65.4,16.7,0.5891,452.3,82.4,0.8546,0.6552,0.5838,0.4627,0.5358,0.8274,0.613,0.1722,0.2696,0.5333,0.574476,CMN,BRACKET_BASE,false,true,0.42288986,0.5596509000000001,0.5592332799999999,,0.3855,false
EVT-CON-0532,Caravan Route Pestilence in Republic of India,1992,contemporary,pandemic,South Asia,Republic of India,CHR-CON-0532,18270.5,0.277,0.387,0.5336,0.402,90.3,0.6525,83.8,15.9,0.7825,76.2,66.7,0.6472,0.7402,0.6844,0.3514,0.5136,0.4635,0.5506,-0.2767,0.6555,0.648,0.66779,RMD,BRACKET_MEDIUM,false,true,0.40247735,0.602125,0.9673750000000001,,0.3834,false
EVT-CON-0533,Judicial Standard Reform in People's Republic of China,1978,contemporary,transformation,East Asia,People's Republic of China,CHR-CON-0533,9816,0.368,0.701,0.3361,0.717,71,0.7135,67.1,25.2,0.6584,370.2,55.7,0.7066,0.5384,0.5944,0.5184,0.6946,0.8098,0.6311,0.2714,0.2286,0.5775,0.796723,RMD,BRACKET_HIGH,true,false,0.31414725,0.54556887,0.4916436,,0.3401,false
EVT-CON-0534,Decentralization Wave across United States,1982,contemporary,collapse,North America,United States,CHR-CON-0534,38908.4,0.401,0.716,0.5832,0.21,84.1,0.5255,57.3,25.4,0.5541,301.1,60,0.7131,0.6794,0.6018,0.366,0.3864,0.3496,0.4766,-0.3298,0.474,0.6772,0.730339,RMD,BRACKET_HIGH,true,false,0.3362736,0.4024224,0.58048761,,0.348,false
EVT-CON-0535,Educational Charter of Global Transnational Institutions,2025,contemporary,transformation,Global,Global Transnational Institutions,CHR-CON-0535,26183,0.601,0.415,0.4991,0.708,76.1,0.7345,69.2,26.4,0.6882,111.6,45,0.5663,0.5635,0.6069,0.4835,0.6236,0.7089,0.5973,0.1454,0.1277,0.4522,0.745527,RMD,BRACKET_HIGH,true,false,0.30974633999999995,0.39332055,0.35068109999999997,,0.3355,false
EVT-CON-0536,Monastic Network Expansion of Sub-Saharan Africa,1963,contemporary,religious,Africa,Sub-Saharan Africa,CHR-CON-0536,30814.1,0.61,0.663,0.4636,0.328,71.7,0.5225,78.4,28.1,0.7975,535.5,76.4,0.8368,0.6173,0.6769,0.549,0.6144,0.6269,0.6169,0.0096,0.5143,0.4962,0.714588,RMD,BRACKET_HIGH,false,false,0.34763619,0.5523750000000001,0.73575,,0.2835,false
EVT-CON-0537,Borderlands Pacification of Middle East & North Africa (MENA),1959,contemporary,war,Middle East,Middle East & North Africa (MENA),CHR-CON-0537,9311.2,0.507,0.278,0.4167,0.378,90.3,0.6405,62.7,20.6,0.5834,139.3,62,0.6673,0.5958,0.5264,0.3329,0.528,0.7046,0.5375,0.1088,0.6374,0.602,0.522891,CMN,BRACKET_BASE,false,true,0.57757259,0.48712110999999997,0.63219526,,0.3943,false
EVT-CON-0538,Systemic Governance Breakdown in Global Transnational Institutions,1953,contemporary,collapse,Global,Global Transnational Institutions,CHR-CON-0538,31785,0.605,0.533,0.5128,0.327,89.3,0.61,73,28.5,0.7418,159.9,57.5,0.6548,0.7617,0.6669,0.3482,0.3971,0.4935,0.5335,-0.2682,0.5439,0.6311,0.5196,CMN,BRACKET_BASE,false,true,0.4352293,0.41248368,0.5748628299999999,,0.3895,false
EVT-CON-0539,Astronomical Standardization by Southeast Asia (ASEAN),1989,contemporary,technological,Southeast Asia,Southeast Asia (ASEAN),CHR-CON-0539,38047.9,0.552,0.746,0.5211,0.308,66.1,0.4845,77.2,11.8,0.6868,569.8,73.3,0.8258,0.5782,0.6179,0.6661,0.7958,0.9474,0.7211,0.3692,0.2888,0.6477,0.746594,RMD,BRACKET_HIGH,true,false,0.20794284000000002,0.39938094999999996,0.34998213,,0.3386,false
EVT-CON-0540,Bureaucratic Consolidation of People's Republic of China,2007,contemporary,transformation,East Asia,People's Republic of China,CHR-CON-0540,12383.8,0.331,0.657,0.3835,0.68,70.7,0.6935,56,16.1,0.4843,512.2,65.9,0.7811,0.5269,0.5537,0.4724,0.6973,0.7257,0.5952,0.1988,0.2797,0.5731,0.859903,RMD,BRACKET_HIGH,true,false,0.37578479000000004,0.564,0.5745,,0.3321,false
EVT-CON-0541,Orthodoxy & Heresy Trial Wave in USSR / Russian Federation,1948,contemporary,religious,Eurasia,USSR / Russian Federation,CHR-CON-0541,38436.3,0.6,0.865,0.4745,0.457,92,0.6885,62,11.9,0.5237,541.6,40.1,0.6561,0.5885,0.5775,0.4607,0.5197,0.6154,0.5524,0.0269,0.4449,0.5027,0.586272,CMN,BRACKET_BASE,false,true,0.36106062,0.37545567999999996,0.43349968000000005,,0.3246,false
EVT-CON-0542,Synod Monotheistic Mandate in USSR / Russian Federation,1983,contemporary,religious,Eurasia,USSR / Russian Federation,CHR-CON-0542,40789.3,0.459,0.376,0.6847,0.42,89.8,0.659,77.3,11.8,0.6879,303.6,51.9,0.6732,0.6457,0.7202,0.6269,0.725,0.7342,0.6904,0.0885,0.4702,0.4906,0.562215,CMN,BRACKET_BASE,false,true,0.4410602,0.52659474,0.61313931,,0.286,false
EVT-CON-0543,Imperial Unification of Southeast Asia (ASEAN),1997,contemporary,transformation,Southeast Asia,Southeast Asia (ASEAN),CHR-CON-0543,11818.9,0.335,0.656,0.3775,0.483,85.7,0.67,83.1,8.9,0.7329,508,39.9,0.6505,0.496,0.5575,0.4149,0.6504,0.7447,0.5727,0.2487,0.2744,0.5658,0.802933,RMD,BRACKET_HIGH,true,false,0.34626132000000004,0.3860239,0.34794275999999996,,0.3618,false
EVT-CON-0544,Radical Assembly Schism in People's Republic of China,2004,contemporary,revolution,East Asia,People's Republic of China,CHR-CON-0544,39325.7,0.576,0.732,0.5296,0.551,65.1,0.601,55.7,30.1,0.5651,321.3,60.9,0.7223,0.6064,0.4402,0.1014,0.2682,0.425,0.3682,-0.1814,0.3552,0.5624,0.425944,CMN,BRACKET_BASE,false,true,0.57268878,0.52057777,0.77369194,,0.4055,false
EVT-CON-0545,Popular Uprising of United States,1949,contemporary,revolution,North America,United States,CHR-CON-0545,21465,0.582,0.68,0.3829,0.576,87,0.723,62.4,31.1,0.6432,304,48,0.6538,0.6421,0.494,0.2331,0.3462,0.599,0.4629,-0.0431,0.4423,0.5015,0.670137,RMD,BRACKET_MEDIUM,false,true,0.38799389999999995,0.42139688000000003,0.49123356,,0.4065,false
EVT-CON-0546,Silver Flotilla Currency Shock in Japan,2000,contemporary,economic,East Asia,Japan,CHR-CON-0546,15581.2,0.627,0.664,0.3213,0.503,81,0.6565,58.1,11.2,0.4775,422.9,53.8,0.7067,0.5829,0.5516,0.445,0.5489,0.4983,0.5253,-0.0846,0.3327,0.5406,0.80548,RMD,BRACKET_HIGH,true,false,0.3019328,0.37958625,0.46834975999999995,,0.298,false
EVT-CON-0547,Decentralization Wave across People's Republic of China,2011,contemporary,collapse,East Asia,People's Republic of China,CHR-CON-0547,14482.1,0.459,0.501,0.4107,0.814,88.9,0.8515,67.2,16.1,0.6049,502.3,48.6,0.6932,0.6926,0.6274,0.3818,0.4786,0.3552,0.5071,-0.3374,0.4636,0.648,0.274073,CMN,BRACKET_BASE,false,true,0.5893914,0.57515139,0.8906548000000001,,0.3573,false
EVT-CON-0548,Constitutional Reorganization of European Union / Western Europe,2012,contemporary,transformation,Europe,European Union / Western Europe,CHR-CON-0548,20562.7,0.335,0.356,0.5461,0.406,96.4,0.685,64.8,12.1,0.5551,518.5,43.8,0.6715,0.5261,0.5829,0.5107,0.6565,0.6317,0.5816,0.1056,0.1712,0.4619,0.794111,RMD,BRACKET_HIGH,true,false,0.26401917999999996,0.53162802,0.54448416,,0.2946,false
EVT-CON-0549,Printing & Communications Diffusion in Sub-Saharan Africa,1955,contemporary,technological,Africa,Sub-Saharan Africa,CHR-CON-0549,23242,0.524,0.432,0.4907,0.806,72.9,0.7675,63.6,12.1,0.5421,527.5,70.9,0.8082,0.5589,0.6139,0.6874,0.7584,0.7202,0.6678,0.1613,0.3617,0.5375,0.76954,RMD,BRACKET_HIGH,true,false,0.2595369,0.38917124999999997,0.46275708,,0.2702,false
EVT-CON-0550,Epidemic Fever Outbreak across Japan,1968,contemporary,pandemic,East Asia,Japan,CHR-CON-0550,33740.7,0.352,0.66,0.5682,0.305,86.9,0.587,59.5,13.2,0.5046,192.2,78.7,0.7741,0.656,0.592,0.1128,0.2161,0.3946,0.3943,-0.2614,0.9024,0.7478,0.548346,CMN,BRACKET_BASE,false,true,0.4617215,0.44272845000000005,0.5705570799999999,,0.4087,false
EVT-CON-0551,Imperial Unification of USSR / Russian Federation,1957,contemporary,transformation,Eurasia,USSR / Russian Federation,CHR-CON-0551,23558.6,0.373,0.757,0.4413,0.843,93.7,0.89,83.7,22.5,0.821,442.3,54.5,0.7135,0.6045,0.6708,0.5266,0.7396,0.7989,0.6681,0.1944,0.3533,0.5005,0.804515,RMD,BRACKET_HIGH,true,false,0.276023,0.5514463500000001,0.5454396,,0.351,false
EVT-CON-0552,Territorial Rupture of United States,2025,contemporary,collapse,North America,United States,CHR-CON-0552,31895.4,0.432,0.827,0.4775,0.825,97,0.8975,78.3,25.5,0.7808,417.1,45.1,0.6622,0.8067,0.7554,0.4488,0.4917,0.5162,0.6038,-0.2905,0.4643,0.5796,0.685808,RMD,BRACKET_MEDIUM,false,false,0.35263008,0.59796855,0.8848366799999999,,0.3641,false
EVT-CON-0553,Printing & Communications Diffusion in European Union / Western Europe,1996,contemporary,technological,Europe,European Union / Western Europe,CHR-CON-0553,11317.6,0.502,0.691,0.3124,0.789,93.2,0.8605,60.2,13.6,0.5145,479.8,51.1,0.7023,0.5248,0.5791,0.6605,0.7749,0.8562,0.6791,0.3314,0.3735,0.6492,0.833909,RMD,BRACKET_HIGH,true,false,0.31487425,0.39429,0.40710659999999993,,0.3232,false
EVT-CON-0554,Harbor Incursion Sickness in United States,1980,contemporary,pandemic,North America,United States,CHR-CON-0554,46421.7,0.567,0.365,0.7062,0.79,67.5,0.7325,58.7,21.4,0.5452,197.4,70.4,0.7346,0.6998,0.6652,0.2602,0.3773,0.3268,0.4659,-0.373,0.8597,0.7488,0.291606,CMN,BRACKET_BASE,false,true,0.85078896,0.620125,1,,0.3813,false
EVT-CON-0555,Agrarian Restructuring of Japan,1948,contemporary,transformation,East Asia,Japan,CHR-CON-0555,14319.9,0.567,0.25,0.4522,0.32,72.6,0.523,58.5,12.7,0.4908,546.1,40.5,0.6587,0.4576,0.5247,0.4026,0.5635,0.7467,0.539,0.2891,0.296,0.6402,0.661227,RMD,BRACKET_MEDIUM,false,true,0.4436775,0.3965652,0.35815736,,0.3524,false
EVT-CON-0556,Pantheon Reformation of Global Transnational Institutions,2014,contemporary,religious,Global,Global Transnational Institutions,CHR-CON-0556,33952.6,0.647,0.201,0.6193,0.441,77.5,0.608,67.1,17.6,0.6128,456.9,39.5,0.6408,0.6465,0.6703,0.5098,0.5629,0.5621,0.5903,-0.0844,0.2183,0.4541,0.408975,CMN,BRACKET_BASE,false,true,0.48036337999999995,0.5484017999999999,0.681483,,0.2978,false
EVT-CON-0557,Agrarian Restructuring of European Union / Western Europe,1970,contemporary,transformation,Europe,European Union / Western Europe,CHR-CON-0557,44179.8,0.458,0.223,0.7614,0.293,93.7,0.615,78.8,16.4,0.7316,394.6,59.8,0.7317,0.5927,0.6549,0.543,0.7244,0.7041,0.6438,0.1114,0.3593,0.4638,0.824468,RMD,BRACKET_HIGH,true,false,0.30567032,0.55184964,0.6012913599999999,,0.3107,false
EVT-CON-0558,Frontier Fragmentation of Middle East & North Africa (MENA),1987,contemporary,collapse,Middle East,Middle East & North Africa (MENA),CHR-CON-0558,36370.5,0.368,0.86,0.5271,0.622,81.4,0.718,72.6,25.2,0.7177,332.2,52.7,0.6837,0.72,0.6097,0.2851,0.3344,0.4957,0.489,-0.2243,0.6877,0.6286,0.655685,RMD,BRACKET_MEDIUM,false,true,0.43189107,0.51546552,0.81728325,,0.4018,false
EVT-CON-0559,Hydraulic Engineering Grid in European Union / Western Europe,1984,contemporary,technological,Europe,European Union / Western Europe,CHR-CON-0559,26361.9,0.566,0.472,0.4941,0.335,67,0.5025,84.4,9.6,0.7511,485.7,83.4,0.8647,0.5706,0.6236,0.6744,0.7992,0.7859,0.6907,0.2153,0.3827,0.5798,0.714334,RMD,BRACKET_HIGH,false,false,0.40160244000000006,0.55625,0.683375,,0.2936,false
EVT-CON-0560,Territorial Rupture of USSR / Russian Federation,2003,contemporary,collapse,Eurasia,USSR / Russian Federation,CHR-CON-0560,32751.5,0.277,0.153,0.7339,0.698,70.3,0.7005,64.7,18.7,0.5936,283.1,45.5,0.6362,0.8158,0.7075,0.367,0.4326,0.4742,0.5594,-0.3416,0.8037,0.7112,0.308277,CMN,BRACKET_BASE,false,true,0.8018913599999999,0.618875,0.992375,,0.3849,false
EVT-CON-0561,Metallurgical Innovation Surge in Middle East & North Africa (MENA),1962,contemporary,technological,Middle East,Middle East & North Africa (MENA),CHR-CON-0561,28261.1,0.267,0.178,0.6891,0.82,77.7,0.7985,61.7,20.6,0.5727,341.4,47.5,0.6597,0.5817,0.6312,0.7087,0.8341,0.945,0.7401,0.3633,0.3094,0.5945,0.944331,RMD,BRACKET_HIGH,true,false,0.20404799999999998,0.3876855,0.36675416,,0.3335,false
EVT-CON-0562,Strategic Siege of Japan,1987,contemporary,war,East Asia,Japan,CHR-CON-0562,28580.4,0.283,0.131,0.7012,0.484,89.4,0.689,58.7,11,0.4828,181.1,77.8,0.7653,0.7108,0.6506,0.4544,0.5357,0.6518,0.6007,-0.059,0.631,0.5387,0.461328,CMN,BRACKET_BASE,false,true,0.55486886,0.4832560000000001,0.7124883,,0.369,false
EVT-CON-0563,Agrarian Restructuring of USSR / Russian Federation,1974,contemporary,transformation,Eurasia,USSR / Russian Federation,CHR-CON-0563,25277.7,0.292,0.163,0.6593,0.841,97.8,0.9095,60.8,17.4,0.5438,190,85.6,0.8078,0.6228,0.6582,0.54,0.7618,0.9554,0.7076,0.3326,0.3378,0.5772,0.668157,RMD,BRACKET_MEDIUM,false,true,0.45525000000000004,0.5862499999999999,0.587375,,0.3705,false
EVT-CON-0564,Metallurgical Innovation Surge in Southeast Asia (ASEAN),1952,contemporary,technological,Southeast Asia,Southeast Asia (ASEAN),CHR-CON-0564,17453.3,0.423,0.721,0.3822,0.529,65.3,0.591,57.4,17.7,0.509,267.9,69.4,0.7517,0.4809,0.5131,0.5812,0.6413,0.7154,0.5864,0.2345,0.2343,0.5929,0.652722,RMD,BRACKET_MEDIUM,false,true,0.4574504,0.5495,0.6372500000000001,,0.2982,false
EVT-CON-0565,Succession Conflict of United States,1984,contemporary,war,North America,United States,CHR-CON-0565,22026.7,0.318,0.82,0.4251,0.262,66.8,0.465,84.3,23.1,0.8311,113.5,60.8,0.6465,0.5888,0.5454,0.3509,0.4724,0.431,0.4777,-0.1578,0.4322,0.5651,0.610322,CMN,BRACKET_BASE,false,true,0.505272,0.55350821,0.78105276,,0.3407,false
EVT-CON-0566,Agrarian Restructuring of European Union / Western Europe,1961,contemporary,transformation,Europe,European Union / Western Europe,CHR-CON-0566,27982.7,0.549,0.806,0.4136,0.374,67.9,0.5265,67.2,26.2,0.6655,266.9,71.3,0.7609,0.4917,0.5355,0.414,0.5711,0.7321,0.5489,0.2404,0.2222,0.5745,0.853206,RMD,BRACKET_HIGH,true,false,0.30926556,0.394753,0.34975226,,0.3541,false
EVT-CON-0567,Radical Assembly Schism in Southeast Asia (ASEAN),1960,contemporary,revolution,Southeast Asia,Southeast Asia (ASEAN),CHR-CON-0567,9299.3,0.284,0.56,0.3989,0.598,75.2,0.675,69.5,30.6,0.7167,251.3,67.6,0.738,0.6171,0.4849,0.2263,0.3668,0.5709,0.4532,-0.0462,0.4323,0.4944,0.756602,RMD,BRACKET_HIGH,true,false,0.34805066,0.40437712,0.4776,,0.4054,false
EVT-CON-0568,Navigational Instrument Reform in United States,1980,contemporary,technological,North America,United States,CHR-CON-0568,44526.6,0.515,0.654,0.6181,0.592,77.3,0.6825,80.8,29,0.8288,167.9,77.7,0.7593,0.6254,0.6488,0.7495,0.8733,0.9517,0.7697,0.3263,0.4479,0.5988,0.773915,RMD,BRACKET_HIGH,true,false,0.27250388999999997,0.38278799999999996,0.39307339999999996,,0.3241,false
EVT-CON-0569,Fiscal Modernization in Sub-Saharan Africa,1965,contemporary,transformation,Africa,Sub-Saharan Africa,CHR-CON-0569,29572.5,0.289,0.889,0.481,0.699,74.3,0.721,75.9,23.9,0.7454,486.2,46.5,0.6803,0.5578,0.6213,0.5167,0.7426,0.6885,0.6254,0.1307,0.3174,0.4878,0.61977,CMN,BRACKET_BASE,false,true,0.5329997999999999,0.55609472,0.5817882000000001,,0.32,false
EVT-CON-0570,Mechanical Power Harnessing in Southeast Asia (ASEAN),1950,contemporary,technological,Southeast Asia,Southeast Asia (ASEAN),CHR-CON-0570,14196.5,0.624,0.856,0.2521,0.508,76.9,0.6385,76,23,0.7411,544.3,78,0.846,0.5306,0.5757,0.664,0.763,0.8256,0.6718,0.295,0.3745,0.6382,0.719561,RMD,BRACKET_HIGH,false,false,0.35629875,0.47520569999999995,0.59560676,,0.3125,false
EVT-CON-0571,Astronomical Standardization by Japan,1948,contemporary,technological,East Asia,Japan,CHR-CON-0571,20897,0.641,0.291,0.4768,0.537,89.4,0.7155,83.5,30.7,0.868,513.9,52.2,0.7128,0.6282,0.6737,0.732,0.8887,0.8669,0.7579,0.2387,0.3587,0.5395,0.721226,RMD,BRACKET_HIGH,false,false,0.30548745,0.567875,0.6605,,0.3059,false
EVT-CON-0572,Synod Monotheistic Mandate in European Union / Western Europe,1998,contemporary,religious,Europe,European Union / Western Europe,CHR-CON-0572,47652,0.468,0.523,0.6996,0.492,77.8,0.635,75.4,26.6,0.7562,290.2,45.8,0.6394,0.7299,0.7501,0.5815,0.6636,0.8924,0.7235,0.1625,0.4596,0.519,0.814294,RMD,BRACKET_HIGH,true,false,0.162424,0.39713316,0.39352386,,0.37,false
EVT-CON-0573,Radical Assembly Schism in Republic of India,1945,contemporary,revolution,South Asia,Republic of India,CHR-CON-0573,17287.9,0.521,0.275,0.4851,0.845,97.9,0.912,75.8,28.5,0.7719,554.5,61.5,0.7648,0.7293,0.5818,0.2445,0.5053,0.7599,0.5642,0.0306,0.6041,0.4722,0.663936,RMD,BRACKET_MEDIUM,false,true,0.37807608,0.45233218,0.4894396,,0.3957,false
EVT-CON-0574,Debt Crisis Settlement of USSR / Russian Federation,2002,contemporary,economic,Eurasia,USSR / Russian Federation,CHR-CON-0574,45486.1,0.416,0.891,0.5853,0.377,72.9,0.553,68,21.2,0.6441,528.8,74.1,0.8244,0.6628,0.6192,0.4093,0.4866,0.8268,0.6009,0.164,0.5744,0.5948,0.747297,RMD,BRACKET_HIGH,true,false,0.3994552,0.5360625,0.6668518800000001,,0.3983,false
EVT-CON-0575,Provincial Autonomy Insurgency against Japan,2017,contemporary,revolution,East Asia,Japan,CHR-CON-0575,45957.1,0.616,0.704,0.5856,0.684,95.6,0.82,60.1,31.4,0.6202,284.7,76.4,0.7911,0.6988,0.541,0.2267,0.4295,0.5769,0.4946,-0.1219,0.457,0.5062,0.720828,RMD,BRACKET_HIGH,false,false,0.34663758,0.42002163000000003,0.5201574,,0.4035,false
EVT-CON-0576,Systemic Governance Breakdown in European Union / Western Europe,2000,contemporary,collapse,Europe,European Union / Western Europe,CHR-CON-0576,31831.5,0.374,0.305,0.651,0.505,88.6,0.6955,64.5,13,0.5572,171.6,52,0.6324,0.6965,0.5795,0.3535,0.3741,0.3445,0.4696,-0.352,0.7856,0.7309,0.614402,CMN,BRACKET_BASE,false,true,0.50569155,0.51918444,0.9190291199999999,,0.3533,false
EVT-CON-0577,Imperial Unification of USSR / Russian Federation,1962,contemporary,transformation,Eurasia,USSR / Russian Federation,CHR-CON-0577,8263.9,0.357,0.496,0.3869,0.737,82.2,0.7795,61.8,21,0.5762,165.2,81.1,0.7752,0.5121,0.5808,0.502,0.6899,0.6235,0.5817,0.1114,0.176,0.4728,0.717715,RMD,BRACKET_HIGH,false,false,0.46115223,0.49467488,0.54745509,,0.3033,false
EVT-CON-0578,Palatial Collapse of Global Transnational Institutions,1996,contemporary,collapse,Global,Global Transnational Institutions,CHR-CON-0578,45699.2,0.298,0.281,0.8056,0.418,92.6,0.672,64.2,24.7,0.6242,329.8,63.2,0.7357,0.7988,0.6979,0.3103,0.3615,0.5952,0.5527,-0.2036,0.5776,0.5691,0.58069,CMN,BRACKET_BASE,false,true,0.498382,0.45416059000000003,0.57311298,,0.409,false
EVT-CON-0579,Printing & Communications Diffusion in European Union / Western Europe,1979,contemporary,technological,Europe,European Union / Western Europe,CHR-CON-0579,16777.3,0.477,0.219,0.5105,0.399,83.2,0.6155,63.2,9.3,0.521,57,57.6,0.5806,0.4677,0.4897,0.5862,0.7225,0.7261,0.5984,0.2584,0.4212,0.6278,0.648143,RMD,BRACKET_MEDIUM,false,true,0.32172549999999994,0.3863592,0.42409720000000006,,0.3056,false
EVT-CON-0580,Monastic Network Expansion of USSR / Russian Federation,2016,contemporary,religious,Eurasia,USSR / Russian Federation,CHR-CON-0580,30786.9,0.349,0.21,0.6776,0.655,82.6,0.7405,76,28,0.7711,406.1,57,0.7198,0.6975,0.7188,0.6262,0.735,0.7354,0.7026,0.0379,0.4863,0.4437,0.412055,CMN,BRACKET_BASE,false,true,0.5652369300000001,0.5504688,0.6687067000000001,,0.2923,false
EVT-CON-0581,Respiratory Virulence Wave across Middle East & North Africa (MENA),2020,contemporary,pandemic,Middle East,Middle East & North Africa (MENA),CHR-CON-0581,31249.8,0.381,0.874,0.4729,0.223,79.8,0.5105,74.2,25.4,0.7361,315.7,53.9,0.686,0.6457,0.623,0.3667,0.5111,0.4691,0.5231,-0.1766,0.854,0.6809,0.438703,CMN,BRACKET_BASE,false,true,0.75791133,0.5516844,0.83933992,,0.3572,false
EVT-CON-0582,Urban Quarantine Emergency in United States,1958,contemporary,pandemic,North America,United States,CHR-CON-0582,16084.9,0.583,0.156,0.4914,0.522,98.2,0.752,65.7,28.8,0.665,415.6,80,0.8364,0.7667,0.7216,0.2384,0.4502,0.6539,0.5662,-0.1128,0.8151,0.6084,0.533517,CMN,BRACKET_BASE,false,true,0.51149532,0.4584652800000001,0.53864656,,0.3931,false
EVT-CON-0583,Provincial Autonomy Insurgency against United States,1957,contemporary,revolution,North America,United States,CHR-CON-0583,12748.8,0.355,0.488,0.4302,0.84,68.9,0.7645,64.5,30.5,0.6622,573.4,72.8,0.8237,0.739,0.5766,0.2807,0.4295,0.5643,0.518,-0.1747,0.5844,0.5919,0.702081,RMD,BRACKET_HIGH,false,false,0.44063175,0.42481608,0.55492711,,0.4041,false
EVT-CON-0584,Radical Assembly Schism in Sub-Saharan Africa,1958,contemporary,revolution,Africa,Sub-Saharan Africa,CHR-CON-0584,18859,0.448,0.855,0.3472,0.537,74.9,0.643,61.3,24,0.5888,262.2,79.7,0.8016,0.6299,0.4734,0.1644,0.4014,0.3908,0.412,-0.2391,0.533,0.6555,0.565784,CMN,BRACKET_BASE,false,true,0.5056956,0.40897875,0.56638568,,0.4023,false
EVT-CON-0585,Agrarian Insurgency in Sub-Saharan Africa,2004,contemporary,revolution,Africa,Sub-Saharan Africa,CHR-CON-0585,23589.5,0.388,0.477,0.5211,0.325,96.6,0.6455,68.8,31.3,0.7133,296.2,46.8,0.6459,0.6285,0.5057,0.2395,0.4526,0.7987,0.525,0.1702,0.7476,0.6268,0.622604,CMN,BRACKET_BASE,false,true,0.65941044,0.630125,0.7681250000000001,,0.3884,false
EVT-CON-0586,Agricultural Plague Wave in Middle East & North Africa (MENA),2012,contemporary,pandemic,Middle East,Middle East & North Africa (MENA),CHR-CON-0586,45514,0.463,0.302,0.7482,0.805,94.4,0.8745,75.5,13.4,0.6781,166.8,74.1,0.7409,0.8173,0.7613,0.4272,0.6236,0.5188,0.6296,-0.2985,0.827,0.6528,0.667957,RMD,BRACKET_MEDIUM,false,true,0.46462454,0.5177728,0.87442832,,0.3841,false
EVT-CON-0587,Peasant Rebellion against Sub-Saharan Africa,1975,contemporary,revolution,Africa,Sub-Saharan Africa,CHR-CON-0587,7216.2,0.612,0.16,0.4018,0.251,89.5,0.573,57.5,20.7,0.528,432.5,84.6,0.8623,0.6281,0.5267,0.1355,0.3968,0.3943,0.4163,-0.2338,0.3608,0.621,0.746324,RMD,BRACKET_HIGH,true,false,0.56528395,0.59318028,0.84885129,,0.4056,false
EVT-CON-0588,Civic Restoration Revolt in Japan,1989,contemporary,revolution,East Asia,Japan,CHR-CON-0588,24242.7,0.317,0.75,0.4664,0.202,68.3,0.4425,73,12.2,0.644,139.4,51.9,0.6169,0.6041,0.444,0.0748,0.1973,0.5298,0.37,-0.0743,0.6669,0.6039,0.490589,CMN,BRACKET_BASE,false,true,0.4775358,0.45294249999999997,0.5180016799999999,,0.3957,false
EVT-CON-0589,Monastic Network Expansion of Sub-Saharan Africa,1973,contemporary,religious,Africa,Sub-Saharan Africa,CHR-CON-0589,21190.9,0.62,0.146,0.5292,0.429,74.5,0.587,61.1,31.6,0.6322,459.7,47.2,0.6797,0.6078,0.5988,0.4252,0.5707,0.5245,0.5454,-0.0833,0.4699,0.5302,0.681929,RMD,BRACKET_MEDIUM,false,false,0.43899828,0.5630000000000001,0.7965,,0.3308,false
EVT-CON-0590,Peasant Rebellion against Global Transnational Institutions,1948,contemporary,revolution,Global,Global Transnational Institutions,CHR-CON-0590,37750.7,0.386,0.414,0.6679,0.499,99.2,0.7455,81,11.1,0.7235,130.7,42.3,0.5642,0.7382,0.5954,0.2741,0.5303,0.6584,0.5593,-0.0798,0.3738,0.446,0.544024,CMN,BRACKET_BASE,false,true,0.5174522400000001,0.6041741400000001,0.75336144,,0.4011,false
EVT-CON-0591,Institutional Dissolution of United States,1955,contemporary,collapse,North America,United States,CHR-CON-0591,33133.1,0.593,0.219,0.6228,0.798,70.3,0.7505,59.1,18.3,0.5309,402.9,77.3,0.8207,0.8128,0.721,0.3341,0.3583,0.6257,0.5704,-0.1871,0.6445,0.6065,0.657744,RMD,BRACKET_MEDIUM,false,true,0.47790375,0.6501250000000001,0.9075,,0.4095,false
EVT-CON-0592,Pantheon Reformation of United States,1997,contemporary,religious,North America,United States,CHR-CON-0592,34020.1,0.286,0.418,0.6631,0.642,79.4,0.718,55.8,19.8,0.5043,191.6,86,0.8104,0.6831,0.6723,0.5014,0.5596,0.5962,0.6025,-0.0869,0.2212,0.4494,0.588589,CMN,BRACKET_BASE,false,true,0.34331868,0.480213,0.6517400500000001,,0.325,false
EVT-CON-0593,Grain Market Price Shock across Japan,1998,contemporary,economic,East Asia,Japan,CHR-CON-0593,45208.9,0.608,0.653,0.5966,0.666,65.1,0.6585,69.1,28.3,0.6986,210.7,57.3,0.6738,0.6967,0.6698,0.4054,0.5736,0.582,0.5855,-0.1147,0.2891,0.4712,0.708948,RMD,BRACKET_HIGH,false,false,0.3142321,0.4903388,0.69144463,,0.3742,false
EVT-CON-0594,Maritime Hegemony Clash in European Union / Western Europe,1983,contemporary,war,Europe,European Union / Western Europe,CHR-CON-0594,20049.5,0.28,0.322,0.5682,0.708,79.4,0.751,62.8,16.9,0.5623,424.7,68.9,0.7825,0.6232,0.5144,0.3539,0.4806,0.5131,0.497,-0.1101,0.3783,0.5018,0.462799,CMN,BRACKET_BASE,false,true,0.71946722,0.5766249999999999,0.800875,,0.3643,false
EVT-CON-0595,Constitutional Reorganization of Sub-Saharan Africa,1982,contemporary,transformation,Africa,Sub-Saharan Africa,CHR-CON-0595,4755,0.51,0.306,0.3665,0.319,70.9,0.514,57.8,17.8,0.5139,161.4,45.9,0.5975,0.4338,0.4684,0.3528,0.506,0.695,0.4912,0.2612,0.144,0.5979,0.563311,CMN,BRACKET_BASE,false,true,0.56322575,0.566,0.539,,0.3582,false
EVT-CON-0596,Frontier Fragmentation of Japan,1950,contemporary,collapse,East Asia,Japan,CHR-CON-0596,4576.5,0.613,0.289,0.3391,0.602,66.2,0.632,56.9,13.5,0.4784,229,77.8,0.7823,0.7044,0.6027,0.3791,0.4704,0.3228,0.4959,-0.3816,0.5416,0.754,0.387129,CMN,BRACKET_BASE,false,true,0.6521915400000001,0.55913694,0.89995536,,0.3596,false
EVT-CON-0597,Borderlands Pacification of Middle East & North Africa (MENA),2014,contemporary,war,Middle East,Middle East & North Africa (MENA),CHR-CON-0597,40747,0.642,0.525,0.5847,0.843,67,0.7565,76.8,9.1,0.6663,357.4,72.5,0.788,0.7338,0.6229,0.361,0.5186,0.7406,0.5954,0.0068,0.6881,0.5046,0.82202,RMD,BRACKET_HIGH,true,false,0.32146779999999997,0.43010464000000004,0.50035265,,0.4038,false
EVT-CON-0598,Orthodoxy & Heresy Trial Wave in USSR / Russian Federation,1953,contemporary,religious,Eurasia,USSR / Russian Federation,CHR-CON-0598,39474.8,0.521,0.436,0.6363,0.717,70.4,0.7105,74.7,27.7,0.7553,461.5,43.5,0.6615,0.7373,0.8088,0.6375,0.7759,0.6496,0.7218,-0.0877,0.4604,0.4771,0.505271,CMN,BRACKET_BASE,false,true,0.48657456,0.574,0.786125,,0.3023,false
EVT-CON-0599,Respiratory Virulence Wave across Republic of India,1991,contemporary,pandemic,South Asia,Republic of India,CHR-CON-0599,45737.6,0.364,0.798,0.6311,0.399,77.5,0.587,59.9,18.2,0.5389,81.7,59.2,0.6147,0.6545,0.6077,0.2637,0.4071,0.685,0.5236,0.0305,0.7454,0.5693,0.815565,RMD,BRACKET_HIGH,true,false,0.31607082000000003,0.42007284,0.48553282999999997,,0.4051,false
EVT-CON-0600,Bureaucratic Consolidation of Southeast Asia (ASEAN),1995,contemporary,transformation,Southeast Asia,Southeast Asia (ASEAN),CHR-CON-0600,35110.8,0.402,0.513,0.6096,0.269,68.3,0.476,78.4,24.9,0.7783,364.8,74.6,0.8,0.5965,0.64,0.5305,0.7479,0.7999,0.663,0.2034,0.3811,0.5555,0.802111,RMD,BRACKET_HIGH,true,false,0.24298486,0.5574834399999999,0.5589226500000001,,0.341,false
EVT-CON-0601,Metallurgical Innovation Surge in United States,1966,contemporary,technological,North America,United States,CHR-CON-0601,11505.9,0.396,0.374,0.441,0.402,77.6,0.589,72.1,21,0.6871,207.7,73.7,0.7547,0.5737,0.6279,0.7435,0.8993,0.7057,0.71,0.132,0.4792,0.5635,0.725586,RMD,BRACKET_HIGH,false,false,0.26206312,0.581375,0.8215,,0.2927,false
EVT-CON-0602,Military Coup d’État in Japan,2019,contemporary,revolution,East Asia,Japan,CHR-CON-0602,43966.7,0.583,0.658,0.5914,0.423,92.2,0.6725,60.7,13.6,0.5199,55.3,83.2,0.7065,0.613,0.4719,0.1617,0.275,0.7308,0.4505,0.1178,0.577,0.5703,0.543249,CMN,BRACKET_BASE,false,true,0.63008,0.63396576,0.72048048,,0.397,false
EVT-CON-0603,Hydraulic Engineering Grid in European Union / Western Europe,1984,contemporary,technological,Europe,European Union / Western Europe,CHR-CON-0603,4631.1,0.482,0.828,0.2172,0.563,69,0.6265,69,8.7,0.5799,352.3,53.7,0.693,0.4677,0.5177,0.6146,0.68,0.6876,0.5935,0.2199,0.4963,0.6593,0.666497,RMD,BRACKET_MEDIUM,false,true,0.49338565,0.53424941,0.70256232,,0.2802,false
EVT-CON-0604,Epidemic Fever Outbreak across USSR / Russian Federation,1966,contemporary,pandemic,Eurasia,USSR / Russian Federation,CHR-CON-0604,16575.9,0.516,0.62,0.3767,0.475,88.1,0.678,68.7,8.9,0.5779,429.7,67.1,0.7744,0.6879,0.6098,0.1623,0.3917,0.5086,0.4721,-0.1793,0.6057,0.6334,0.698208,RMD,BRACKET_MEDIUM,false,false,0.4233058,0.56178213,0.8390998,,0.4013,false
EVT-CON-0605,Respiratory Virulence Wave across People's Republic of China,2017,contemporary,pandemic,East Asia,People's Republic of China,CHR-CON-0605,15934.7,0.313,0.86,0.3599,0.827,92.6,0.8765,70.8,25.2,0.6983,390,82.5,0.8443,0.7683,0.7126,0.4278,0.6034,0.4247,0.5874,-0.3436,0.8561,0.7394,0.402207,CMN,BRACKET_BASE,false,true,0.50379922,0.50465558,0.89319902,,0.3688,false
EVT-CON-0606,Grain Market Price Shock across European Union / Western Europe,2004,contemporary,economic,Europe,European Union / Western Europe,CHR-CON-0606,22803,0.527,0.176,0.5626,0.835,97.4,0.9045,59.6,27.4,0.5909,523,60.6,0.7561,0.6541,0.5798,0.3996,0.5444,0.6473,0.565,-0.0068,0.3153,0.4038,0.709165,RMD,BRACKET_HIGH,false,false,0.38326531,0.52801514,0.6823321,,0.3805,false
EVT-CON-0607,Judicial Standard Reform in Global Transnational Institutions,1988,contemporary,transformation,Global,Global Transnational Institutions,CHR-CON-0607,9389.5,0.501,0.249,0.4279,0.562,93.4,0.748,78.4,23.9,0.7723,338,83.2,0.8375,0.5783,0.6066,0.462,0.6217,0.75,0.6037,0.1717,0.2315,0.4884,0.861536,RMD,BRACKET_HIGH,true,false,0.25157607,0.49570639999999994,0.53140991,,0.3599,false
EVT-CON-0608,Military Coup d’État in USSR / Russian Federation,2018,contemporary,revolution,Eurasia,USSR / Russian Federation,CHR-CON-0608,37510.5,0.494,0.363,0.6486,0.463,76.3,0.613,55.3,12.1,0.4528,509.5,83.1,0.8667,0.6917,0.5224,0.2593,0.5335,0.5476,0.5109,-0.1441,0.4692,0.568,0.58581,CMN,BRACKET_BASE,false,true,0.5950062000000002,0.5784505999999999,0.7899110100000001,,0.4023,false
EVT-CON-0609,Navigational Instrument Reform in Global Transnational Institutions,1985,contemporary,technological,Global,Global Transnational Institutions,CHR-CON-0609,13064.7,0.472,0.752,0.3188,0.382,68.4,0.533,78.5,24.9,0.7794,466.4,50.1,0.6953,0.4946,0.5401,0.6311,0.7296,0.7094,0.621,0.2148,0.2375,0.5607,0.647811,RMD,BRACKET_MEDIUM,false,true,0.34607837999999996,0.38118096,0.41984865000000005,,0.2858,false
EVT-CON-0610,Administrative Codification of Sub-Saharan Africa,2000,contemporary,transformation,Africa,Sub-Saharan Africa,CHR-CON-0610,24728.1,0.446,0.797,0.4179,0.619,97.5,0.797,65.2,30.4,0.6692,323.9,57,0.7034,0.5682,0.6145,0.5263,0.7077,0.7168,0.6267,0.1486,0.3168,0.5068,0.650523,RMD,BRACKET_MEDIUM,false,true,0.37431096,0.38306856000000006,0.37121890999999996,,0.3152,false
EVT-CON-0611,Civic Restoration Revolt in Global Transnational Institutions,2003,contemporary,revolution,Global,Global Transnational Institutions,CHR-CON-0611,7636,0.384,0.117,0.4869,0.376,65.6,0.516,73.4,10.3,0.6369,176.4,82.4,0.7864,0.6523,0.5449,0.2022,0.4446,0.7125,0.5113,0.0602,0.4356,0.5254,0.490425,CMN,BRACKET_BASE,false,true,0.5094504,0.6315,0.7703749999999999,,0.3906,false
EVT-CON-0612,Frontier Fragmentation of European Union / Western Europe,1946,contemporary,collapse,Europe,European Union / Western Europe,CHR-CON-0612,35847.5,0.621,0.101,0.6742,0.726,83.3,0.7795,77.2,29.5,0.793,364.1,81.4,0.8339,0.8296,0.7545,0.4129,0.4377,0.5259,0.5921,-0.3037,0.6073,0.6088,0.51164,CMN,BRACKET_BASE,false,true,0.5665323600000001,0.6143782400000001,0.9180558400000001,,0.3857,false
EVT-CON-0613,Harbor Incursion Sickness in Japan,1972,contemporary,pandemic,East Asia,Japan,CHR-CON-0613,46829.3,0.404,0.178,0.8149,0.448,81.6,0.632,62.9,21.2,0.5892,483.7,81.4,0.8544,0.7673,0.7127,0.4324,0.6398,0.7815,0.6667,0.0142,0.8593,0.5471,0.527588,CMN,BRACKET_BASE,false,true,0.5852352000000001,0.5835698,0.74165844,,0.3992,false
EVT-CON-0614,Borderlands Pacification of Republic of India,1975,contemporary,war,South Asia,Republic of India,CHR-CON-0614,39150.5,0.494,0.651,0.577,0.432,66.9,0.5505,58.5,29.1,0.5892,390,69.7,0.7803,0.635,0.5265,0.3442,0.5271,0.4164,0.4898,-0.2186,0.5722,0.6336,0.546103,CMN,BRACKET_BASE,false,true,0.50438938,0.38800716,0.54264912,,0.3562,false
EVT-CON-0615,Respiratory Virulence Wave across Japan,1995,contemporary,pandemic,East Asia,Japan,CHR-CON-0615,33051.8,0.506,0.486,0.568,0.734,73.8,0.736,78.5,28,0.798,435.5,85.6,0.8678,0.8024,0.771,0.3398,0.5152,0.4614,0.578,-0.341,0.7776,0.6932,0.610854,CMN,BRACKET_BASE,false,true,0.35173736,0.43387773999999996,0.6150442399999999,,0.3969,false
EVT-CON-0616,Respiratory Virulence Wave across Republic of India,2019,contemporary,pandemic,South Asia,Republic of India,CHR-CON-0616,44911.1,0.525,0.829,0.566,0.662,96.2,0.812,80.8,20.4,0.7772,348,68.7,0.7671,0.8094,0.7845,0.4649,0.6989,0.8029,0.7121,-0.0065,0.9499,0.5477,0.566699,CMN,BRACKET_BASE,false,true,0.45230946000000005,0.4216744,0.50407695,,0.4005,false
EVT-CON-0617,Pantheon Reformation of United States,1966,contemporary,religious,North America,United States,CHR-CON-0617,22801.2,0.616,0.755,0.3622,0.672,96.9,0.8205,80.6,16.8,0.7534,515.2,72.5,0.8145,0.6831,0.6742,0.5105,0.6038,0.5466,0.6036,-0.1365,0.2709,0.481,0.541457,CMN,BRACKET_BASE,false,true,0.4193886,0.38757509,0.47525289,,0.3123,false
EVT-CON-0618,Printing & Communications Diffusion in People's Republic of China,1983,contemporary,technological,East Asia,People's Republic of China,CHR-CON-0618,3929.1,0.322,0.497,0.3582,0.356,96.2,0.659,56.1,18.7,0.501,304.9,49,0.659,0.4919,0.5301,0.6391,0.7817,0.7724,0.643,0.2805,0.2369,0.613,0.678317,RMD,BRACKET_MEDIUM,false,true,0.39091104000000004,0.54489962,0.61013367,,0.3078,false
EVT-CON-0619,Institutional Dissolution of Southeast Asia (ASEAN),1998,contemporary,collapse,Southeast Asia,Southeast Asia (ASEAN),CHR-CON-0619,12380.5,0.302,0.894,0.321,0.601,96.6,0.7835,55.3,21,0.5062,512.6,76.4,0.8336,0.7535,0.6336,0.3403,0.3632,0.3681,0.4917,-0.3854,0.7323,0.7796,0.415499,CMN,BRACKET_BASE,false,true,0.70066244,0.5163508800000001,0.90663836,,0.3641,false
EVT-CON-0620,Continental Standoff of Sub-Saharan Africa,2018,contemporary,war,Africa,Sub-Saharan Africa,CHR-CON-0620,34437.1,0.573,0.223,0.6393,0.463,87.6,0.6695,71.2,14.8,0.6402,276.5,55.8,0.6859,0.6491,0.5689,0.3649,0.551,0.4144,0.5097,-0.2347,0.4929,0.5876,0.786653,RMD,BRACKET_HIGH,true,false,0.4083534,0.3945303,0.54571699,,0.3516,false
EVT-CON-0621,Civic Restoration Revolt in Latin America (Mercosur/Alliance),1955,contemporary,revolution,Latin America,Latin America (Mercosur/Alliance),CHR-CON-0621,33400,0.518,0.89,0.4464,0.592,76.9,0.6805,56,12.2,0.4609,252.3,54.4,0.6723,0.5458,0.3859,0.1535,0.2991,0.2381,0.3245,-0.3077,0.5351,0.6918,0.695522,RMD,BRACKET_MEDIUM,false,false,0.398174,0.39006913000000004,0.56798812,,0.3765,false
EVT-CON-0622,Educational Charter of European Union / Western Europe,1992,contemporary,transformation,Europe,European Union / Western Europe,CHR-CON-0622,36399.2,0.356,0.274,0.7067,0.551,68.4,0.6175,57.4,10.2,0.464,218.1,57.7,0.6783,0.5649,0.6088,0.5387,0.7617,0.7512,0.6451,0.1863,0.1479,0.4993,0.754148,RMD,BRACKET_HIGH,true,false,0.21181405,0.3879884,0.32955633,,0.3225,false
EVT-CON-0623,Maritime Trade Hub Expansion in USSR / Russian Federation,2002,contemporary,economic,Eurasia,USSR / Russian Federation,CHR-CON-0623,30166,0.504,0.343,0.5856,0.602,72,0.661,83.6,21.7,0.8151,260.7,51.5,0.6602,0.6885,0.6283,0.5211,0.6095,0.5704,0.6036,-0.1181,0.3825,0.4801,0.542681,CMN,BRACKET_BASE,false,true,0.37848940000000003,0.54106196,0.7241574,,0.3067,false
EVT-CON-0624,Orthodoxy & Heresy Trial Wave in USSR / Russian Federation,2019,contemporary,religious,Eurasia,USSR / Russian Federation,CHR-CON-0624,5078.3,0.365,0.409,0.382,0.562,90.4,0.733,79.3,16.2,0.7358,170.4,62.2,0.6829,0.6071,0.625,0.4341,0.5483,0.7218,0.5873,0.1147,0.3753,0.5081,0.860171,RMD,BRACKET_HIGH,true,false,0.25398978,0.40360320000000005,0.41577953,,0.3724,false
EVT-CON-0625,Palatial Collapse of Southeast Asia (ASEAN),2009,contemporary,collapse,Southeast Asia,Southeast Asia (ASEAN),CHR-CON-0625,18251.4,0.342,0.732,0.4104,0.846,70.9,0.7775,78.9,14.1,0.7189,310.3,55.3,0.6918,0.7968,0.7205,0.5038,0.5479,0.4385,0.6015,-0.3583,0.4772,0.6568,0.742135,RMD,BRACKET_HIGH,true,false,0.27032579,0.416784,0.60318516,,0.3504,false
EVT-CON-0626,Frontier Campaign of European Union / Western Europe,1983,contemporary,war,Europe,European Union / Western Europe,CHR-CON-0626,16410.3,0.418,0.542,0.428,0.509,70.8,0.6085,72.7,25.5,0.7205,416.7,69.2,0.7826,0.6754,0.6011,0.3351,0.4906,0.6035,0.5411,-0.0719,0.6435,0.5662,0.640222,RMD,BRACKET_MEDIUM,false,true,0.36095235,0.41734289999999996,0.5303913,,0.3945,false
EVT-CON-0627,Dynastic Disintegration of USSR / Russian Federation,1972,contemporary,collapse,Eurasia,USSR / Russian Federation,CHR-CON-0627,21465,0.469,0.148,0.5764,0.711,65.8,0.6845,57,12.4,0.4729,538.4,74.4,0.8272,0.6935,0.5867,0.2735,0.2949,0.2588,0.4215,-0.4347,0.5568,0.7439,0.478274,CMN,BRACKET_BASE,false,true,0.55863072,0.4218108,0.634644,,0.3699,false
EVT-CON-0628,Decentralization Wave across Middle East & North Africa (MENA),1972,contemporary,collapse,Middle East,Middle East & North Africa (MENA),CHR-CON-0628,26981.1,0.417,0.224,0.6188,0.587,81.2,0.6995,73,21.1,0.6974,112.6,49.1,0.5874,0.7204,0.6151,0.352,0.4347,0.3054,0.4855,-0.415,0.4254,0.6581,0.495914,CMN,BRACKET_BASE,false,true,0.38036159999999997,0.42361824000000003,0.62730577,,0.3694,false
EVT-CON-0629,Orthodoxy & Heresy Trial Wave in Southeast Asia (ASEAN),2011,contemporary,religious,Southeast Asia,Southeast Asia (ASEAN),CHR-CON-0629,5001.3,0.365,0.259,0.4263,0.524,66.1,0.5925,83.4,11.4,0.7512,222.4,80.6,0.7942,0.6727,0.6408,0.47,0.5889,0.6279,0.6001,-0.0448,0.4271,0.4955,0.740635,RMD,BRACKET_HIGH,true,false,0.40322078,0.48296247999999997,0.6800152399999999,,0.3478,false
EVT-CON-0630,Civic Restoration Revolt in United States,1954,contemporary,revolution,North America,United States,CHR-CON-0630,19775,0.279,0.43,0.5336,0.222,73.5,0.4785,71.2,19.8,0.6702,579.1,84.5,0.883,0.6781,0.5382,0.1773,0.4325,0.8611,0.5374,0.183,0.4047,0.5776,0.64784,RMD,BRACKET_MEDIUM,false,true,0.36922025,0.46611642,0.47817728,,0.4049,false
EVT-CON-0631,Military Coup d’État in Global Transnational Institutions,1972,contemporary,revolution,Global,Global Transnational Institutions,CHR-CON-0631,9901.7,0.496,0.442,0.3761,0.21,84.1,0.5255,77.9,13.7,0.7057,79.3,61.2,0.6225,0.6051,0.4933,0.1284,0.3827,0.4735,0.4166,-0.1316,0.5563,0.599,0.605449,CMN,BRACKET_BASE,false,true,0.53059671,0.5263958400000001,0.7917,,0.4043,false
EVT-CON-0632,Fiscal Default Crisis in Latin America (Mercosur/Alliance),2016,contemporary,collapse,Latin America,Latin America (Mercosur/Alliance),CHR-CON-0632,13143.2,0.329,0.874,0.3258,0.561,91.8,0.7395,66.9,13.6,0.5867,259.1,59.8,0.7012,0.657,0.5429,0.3285,0.378,0.2835,0.438,-0.3735,0.5221,0.7144,0.604181,CMN,BRACKET_BASE,false,true,0.38326516,0.39579145,0.5909795999999999,,0.3571,false
EVT-CON-0633,Astronomical Standardization by People's Republic of China,1948,contemporary,technological,East Asia,People's Republic of China,CHR-CON-0633,6515.7,0.57,0.608,0.2737,0.335,83.9,0.587,56.5,21.3,0.5209,295.5,53.3,0.6783,0.4327,0.4603,0.5261,0.6145,0.6958,0.5459,0.2631,0.4635,0.6807,0.647327,RMD,BRACKET_MEDIUM,false,true,0.43154636,0.36731052000000003,0.39765,,0.3096,false
EVT-CON-0634,Secular Legal Separation in Republic of India,2022,contemporary,religious,South Asia,Republic of India,CHR-CON-0634,41151,0.562,0.751,0.5445,0.238,71.7,0.4775,76.6,25.9,0.7649,344.6,59.6,0.7209,0.5913,0.6652,0.5011,0.5725,0.4677,0.5596,-0.1236,0.3416,0.5141,0.755805,RMD,BRACKET_HIGH,true,false,0.3543129,0.3955702,0.4905213600000001,,0.2954,false
EVT-CON-0635,Frontier Campaign of Republic of India,1961,contemporary,war,South Asia,Republic of India,CHR-CON-0635,17057.2,0.437,0.539,0.4291,0.251,87.2,0.5615,59.3,11.3,0.491,390.4,59.5,0.7294,0.5312,0.4388,0.2791,0.3327,0.5131,0.419,-0.0181,0.5583,0.5571,0.479563,CMN,BRACKET_BASE,false,true,0.5371351000000001,0.38208796,0.4644,,0.3764,false
EVT-CON-0636,Sanitation & Medical Breakthrough in United States,2014,contemporary,technological,North America,United States,CHR-CON-0636,8389.2,0.526,0.559,0.3184,0.772,72.8,0.75,72.4,31.6,0.7539,77.1,42.2,0.5255,0.4912,0.5127,0.5788,0.7025,0.8105,0.6191,0.3193,0.2625,0.5947,0.662813,RMD,BRACKET_MEDIUM,false,true,0.39114306000000004,0.54737444,0.53582976,,0.33,false
EVT-CON-0637,Urban Quarantine Emergency in Japan,1971,contemporary,pandemic,East Asia,Japan,CHR-CON-0637,41020.3,0.465,0.506,0.646,0.684,82,0.752,65.8,9.1,0.5478,466.7,51.6,0.7028,0.714,0.6403,0.2425,0.3449,0.755,0.5393,0.041,0.9246,0.5914,0.478905,CMN,BRACKET_BASE,false,true,0.6779311,0.5767012499999999,0.72049332,,0.3957,false
EVT-CON-0638,Frontier Campaign of Sub-Saharan Africa,1985,contemporary,war,Africa,Sub-Saharan Africa,CHR-CON-0638,37507.2,0.589,0.307,0.6369,0.363,66.4,0.5135,55.2,23.4,0.5195,335.5,60.9,0.7254,0.5693,0.4843,0.3095,0.4876,0.4519,0.4605,-0.1174,0.4869,0.5646,0.528121,CMN,BRACKET_BASE,false,true,0.64998234,0.567625,0.822625,,0.3605,false
EVT-CON-0639,Harbor Incursion Sickness in Latin America (Mercosur/Alliance),1997,contemporary,pandemic,Latin America,Latin America (Mercosur/Alliance),CHR-CON-0639,26311,0.417,0.718,0.4645,0.46,77.9,0.6195,58.4,21.5,0.5425,63.6,64.8,0.6246,0.6587,0.61,0.3474,0.5499,0.4148,0.5162,-0.2439,0.6423,0.6783,0.716904,RMD,BRACKET_HIGH,false,false,0.4468534,0.55911865,0.86032608,,0.3634,false
EVT-CON-0640,Palatial Collapse of Global Transnational Institutions,1971,contemporary,collapse,Global,Global Transnational Institutions,CHR-CON-0640,5925.5,0.282,0.167,0.4871,0.787,82,0.8035,67.8,9.9,0.5742,215.5,38.7,0.5824,0.7486,0.688,0.3828,0.4541,0.3431,0.5233,-0.4055,0.7426,0.7549,0.287937,CMN,BRACKET_BASE,false,true,0.74532675,0.6044999999999999,1,,0.3674,false
EVT-CON-0641,Temple Bureaucracy Reorganization of Sub-Saharan Africa,1966,contemporary,religious,Africa,Sub-Saharan Africa,CHR-CON-0641,40859.6,0.448,0.715,0.5869,0.749,90.3,0.826,58.8,29.7,0.596,445.9,84.5,0.864,0.7451,0.823,0.6961,0.7751,0.9767,0.8032,0.2316,0.5367,0.5879,0.802529,RMD,BRACKET_HIGH,true,false,0.18619017999999998,0.47906666,0.54133953,,0.3352,false
EVT-CON-0642,Decentralization Wave across Southeast Asia (ASEAN),1957,contemporary,collapse,Southeast Asia,Southeast Asia (ASEAN),CHR-CON-0642,43943.9,0.38,0.827,0.6014,0.818,98.2,0.9,75.9,26,0.758,279,68.3,0.7491,0.8206,0.7236,0.5057,0.5541,0.5646,0.6337,-0.256,0.4297,0.5368,0.720596,RMD,BRACKET_HIGH,false,false,0.25105264,0.53273652,0.8403475499999999,,0.3497,false
EVT-CON-0643,Grain Market Price Shock across USSR / Russian Federation,1991,contemporary,economic,Eurasia,USSR / Russian Federation,CHR-CON-0643,39375.1,0.606,0.846,0.4869,0.653,79.2,0.7225,71,11.7,0.6194,445.8,65.4,0.7685,0.6791,0.6434,0.5256,0.6576,0.5318,0.6075,-0.1473,0.3155,0.5141,0.815421,RMD,BRACKET_HIGH,true,false,0.22654485000000002,0.3868571,0.48479362000000004,,0.3109,false
EVT-CON-0644,Epidemic Fever Outbreak across United States,2019,contemporary,pandemic,North America,United States,CHR-CON-0644,5558.3,0.466,0.816,0.2339,0.205,65.7,0.431,58.6,27.1,0.5783,566.4,50.5,0.7114,0.5279,0.4669,0,0.1997,0.2734,0.2936,-0.2545,0.8316,0.7889,0.534148,CMN,BRACKET_BASE,false,true,0.63652788,0.41679976,0.55868672,,0.4084,false
EVT-CON-0645,Hydraulic Engineering Grid in European Union / Western Europe,2005,contemporary,technological,Europe,European Union / Western Europe,CHR-CON-0645,5180.4,0.352,0.769,0.2788,0.322,91.4,0.618,68.7,30,0.7045,319.9,54.8,0.6915,0.5293,0.557,0.6331,0.7029,0.6761,0.6197,0.1468,0.3872,0.5659,0.75022,RMD,BRACKET_HIGH,true,false,0.504625,0.548375,0.72575,,0.2671,false
EVT-CON-0646,Continental Standoff of USSR / Russian Federation,2010,contemporary,war,Eurasia,USSR / Russian Federation,CHR-CON-0646,35769.2,0.451,0.176,0.702,0.712,72,0.716,78.3,18.6,0.7394,453.6,57,0.7278,0.7622,0.664,0.5129,0.7127,0.9052,0.7114,0.143,0.6065,0.5352,0.603269,CMN,BRACKET_BASE,false,true,0.36770585,0.41044944000000005,0.43207132,,0.3953,false
EVT-CON-0647,Epidemic Fever Outbreak across Sub-Saharan Africa,2009,contemporary,pandemic,Africa,Sub-Saharan Africa,CHR-CON-0647,7890.7,0.608,0.195,0.3986,0.712,65.8,0.685,58.3,11.3,0.4803,115.6,55.1,0.6193,0.61,0.5899,0.2859,0.53,0.347,0.4726,-0.263,0.9106,0.7651,0.593767,CMN,BRACKET_BASE,false,true,0.49872696,0.39751823999999997,0.58537272,,0.3708,false
EVT-CON-0648,Fiscal Modernization in People's Republic of China,2021,contemporary,transformation,East Asia,People's Republic of China,CHR-CON-0648,15288.4,0.422,0.539,0.4177,0.643,96.2,0.8025,69.1,14.3,0.6146,287.4,46.9,0.6442,0.5022,0.5304,0.3808,0.6205,0.625,0.5318,0.1228,0.1699,0.4636,0.64988,RMD,BRACKET_MEDIUM,false,true,0.33189888,0.384972,0.3622073,,0.3543,false
EVT-CON-0649,Systemic Governance Breakdown in Global Transnational Institutions,1985,contemporary,collapse,Global,Global Transnational Institutions,CHR-CON-0649,6470,0.634,0.481,0.2922,0.448,91.9,0.6835,82.5,25.8,0.8279,393.7,40,0.6325,0.6956,0.6145,0.3825,0.4642,0.3691,0.5052,-0.3265,0.6708,0.7035,0.561105,CMN,BRACKET_BASE,false,true,0.49975584,0.498012,0.8760909200000001,,0.3542,false
EVT-CON-0650,Navigational Instrument Reform in People's Republic of China,1991,contemporary,technological,East Asia,People's Republic of China,CHR-CON-0650,22851.5,0.583,0.868,0.3386,0.571,85.2,0.7115,65.9,15.8,0.5891,217,44.6,0.6124,0.4948,0.5396,0.5997,0.7269,0.699,0.612,0.2042,0.2096,0.5468,0.438574,CMN,BRACKET_BASE,false,true,0.46912610999999993,0.5479222199999999,0.61158916,,0.2923,false
EVT-CON-0651,Canal Infrastructure Boom in Sub-Saharan Africa,1995,contemporary,economic,Africa,Sub-Saharan Africa,CHR-CON-0651,12076.9,0.274,0.668,0.3945,0.267,93.4,0.6005,72.2,24.4,0.7086,373.8,56.6,0.7118,0.6397,0.5549,0.3068,0.4501,0.6915,0.5286,0.0518,0.3119,0.4804,0.590163,CMN,BRACKET_BASE,false,true,0.43229184,0.41037003,0.43069416,,0.4036,false
EVT-CON-0652,Guild Monopoly Reform in Global Transnational Institutions,2004,contemporary,economic,Global,Global Transnational Institutions,CHR-CON-0652,20617.1,0.334,0.884,0.3885,0.823,77,0.7965,60.7,10.2,0.4995,428.7,71.8,0.7977,0.6112,0.5479,0.3077,0.3641,0.7039,0.507,0.0927,0.5922,0.5754,0.536459,CMN,BRACKET_BASE,false,true,0.5632146,0.59975,0.732625,,0.4037,false
EVT-CON-0653,Continental Standoff of Global Transnational Institutions,1953,contemporary,war,Global,Global Transnational Institutions,CHR-CON-0653,28001.4,0.499,0.523,0.5136,0.377,82.6,0.6015,75.2,9,0.6485,227.6,73.9,0.7624,0.6994,0.5987,0.3085,0.3953,0.4075,0.4819,-0.2919,0.6954,0.6969,0.293516,CMN,BRACKET_BASE,false,true,0.7079085599999999,0.5827178,0.9054416700000001,,0.3744,false
EVT-CON-0654,Pantheon Reformation of United States,2013,contemporary,religious,North America,United States,CHR-CON-0654,27899.8,0.383,0.323,0.6075,0.226,84.3,0.5345,76.3,24.1,0.7509,106.3,85.6,0.7658,0.619,0.6332,0.4837,0.6242,0.6228,0.5966,0.0038,0.2369,0.4073,0.737629,RMD,BRACKET_HIGH,true,false,0.44891441000000004,0.5667500000000001,0.687625,,0.3259,false
EVT-CON-0655,Palatial Collapse of Latin America (Mercosur/Alliance),1946,contemporary,collapse,Latin America,Latin America (Mercosur/Alliance),CHR-CON-0655,46050.1,0.362,0.606,0.6921,0.663,86.9,0.766,84.1,20.7,0.8145,509.1,63.8,0.7701,0.8351,0.7169,0.3372,0.4178,0.5879,0.579,-0.2472,0.4591,0.5374,0.667236,RMD,BRACKET_MEDIUM,false,true,0.42175559999999995,0.45980264,0.5923887999999999,,0.4072,false
EVT-CON-0656,Peasant Rebellion against Japan,2016,contemporary,revolution,East Asia,Japan,CHR-CON-0656,46024,0.633,0.744,0.5691,0.845,71,0.7775,74.6,9.6,0.6456,498.9,81,0.8547,0.7662,0.6074,0.3415,0.4998,0.9465,0.6323,0.1803,0.6599,0.5935,0.709943,RMD,BRACKET_HIGH,false,false,0.35722258,0.45861732,0.47682461,,0.3951,false
EVT-CON-0657,Institutional Dissolution of Sub-Saharan Africa,1957,contemporary,collapse,Africa,Sub-Saharan Africa,CHR-CON-0657,20868.9,0.551,0.562,0.4222,0.207,76.7,0.487,70.8,29.1,0.7217,112.5,65,0.6669,0.6418,0.5326,0.2523,0.3019,0.3941,0.4245,-0.2477,0.7582,0.7087,0.639753,RMD,BRACKET_MEDIUM,false,true,0.52227,0.40524588,0.57376428,,0.3846,false
EVT-CON-0658,Fiscal Modernization in Japan,1982,contemporary,transformation,East Asia,Japan,CHR-CON-0658,11942.8,0.265,0.714,0.3822,0.398,98.8,0.693,82.2,28.8,0.8426,477.9,67,0.7816,0.5823,0.6356,0.5781,0.7612,0.7346,0.6584,0.1523,0.272,0.4926,0.718309,RMD,BRACKET_HIGH,false,false,0.32572688,0.38607152,0.36071244,,0.3085,false
EVT-CON-0659,Strategic Siege of Latin America (Mercosur/Alliance),2024,contemporary,war,Latin America,Latin America (Mercosur/Alliance),CHR-CON-0659,26556.6,0.38,0.167,0.6432,0.793,68.6,0.7395,77.6,27.2,0.7835,57.3,64.3,0.6145,0.6738,0.5639,0.3978,0.4956,0.3878,0.5038,-0.286,0.3854,0.5559,0.654965,RMD,BRACKET_MEDIUM,false,true,0.46275076,0.5099287499999999,0.82622036,,0.3462,false
EVT-CON-0660,Coalition Defense of USSR / Russian Federation,2010,contemporary,war,Eurasia,USSR / Russian Federation,CHR-CON-0660,43703.4,0.261,0.568,0.7127,0.667,73.4,0.7005,80.4,31.9,0.8419,375.5,61.1,0.7346,0.7625,0.7131,0.4469,0.6117,0.563,0.6194,-0.1995,0.413,0.5027,0.560576,CMN,BRACKET_BASE,false,true,0.31298745,0.40287392,0.526449,,0.3713,false
EVT-CON-0661,Silver Flotilla Currency Shock in European Union / Western Europe,1971,contemporary,economic,Europe,European Union / Western Europe,CHR-CON-0661,46415.4,0.565,0.83,0.5673,0.548,78.8,0.668,69.8,27.4,0.7007,477.6,66.1,0.777,0.7534,0.6853,0.5284,0.6428,0.6406,0.6501,-0.1128,0.4981,0.525,0.80407,RMD,BRACKET_HIGH,true,false,0.21643853,0.3916444,0.49954711999999996,,0.3407,false
EVT-CON-0662,Institutional Dissolution of Middle East & North Africa (MENA),1992,contemporary,collapse,Middle East,Middle East & North Africa (MENA),CHR-CON-0662,43906.3,0.401,0.422,0.7163,0.279,98.4,0.6315,72.6,10.2,0.6277,289.7,80.6,0.8133,0.8286,0.7325,0.3998,0.4812,0.6003,0.6085,-0.2283,0.6258,0.6134,0.396135,CMN,BRACKET_BASE,false,true,0.61398864,0.60255468,0.8747488200000001,,0.3975,false
EVT-CON-0663,Administrative Codification of European Union / Western Europe,1966,contemporary,transformation,Europe,European Union / Western Europe,CHR-CON-0663,29984.3,0.393,0.268,0.6398,0.627,94.7,0.787,83.8,20.1,0.8077,203.8,76.7,0.7684,0.6695,0.7344,0.6473,0.7697,0.9016,0.7445,0.2321,0.1928,0.4684,0.730834,RMD,BRACKET_HIGH,true,false,0.2162664,0.5539763999999999,0.4804336,,0.3326,false
EVT-CON-0664,Dynastic Disintegration of People's Republic of China,1952,contemporary,collapse,East Asia,People's Republic of China,CHR-CON-0664,23270.2,0.338,0.282,0.5917,0.773,92.2,0.8475,77.5,31.6,0.8088,206.2,38.4,0.5777,0.7878,0.7146,0.5038,0.5683,0.5751,0.6299,-0.2127,0.7871,0.6044,0.569101,CMN,BRACKET_BASE,false,true,0.45725822999999993,0.39962298,0.56673342,,0.346,false
EVT-CON-0665,Frontier Fragmentation of United States,2009,contemporary,collapse,North America,United States,CHR-CON-0665,24982.7,0.553,0.431,0.4979,0.464,88.4,0.674,71.9,20.9,0.6843,109,66.9,0.6741,0.7634,0.6441,0.3735,0.4441,0.3198,0.509,-0.4436,0.7137,0.7695,0.448346,CMN,BRACKET_BASE,false,true,0.59419468,0.5957894800000001,0.9856188899999999,,0.3715,false
EVT-CON-0666,Civic Restoration Revolt in People's Republic of China,2004,contemporary,revolution,East Asia,People's Republic of China,CHR-CON-0666,43312.5,0.38,0.558,0.6765,0.416,86.3,0.6395,72.1,26.8,0.7219,283.2,48.1,0.6492,0.7045,0.585,0.3062,0.4833,0.3589,0.4876,-0.3456,0.6212,0.6662,0.454523,CMN,BRACKET_BASE,false,true,0.529046,0.42345802000000005,0.6304263900000001,,0.3749,false
EVT-CON-0667,Metallurgical Innovation Surge in Sub-Saharan Africa,2011,contemporary,technological,Africa,Sub-Saharan Africa,CHR-CON-0667,17146.5,0.44,0.47,0.4497,0.452,78.3,0.6175,83.9,29.6,0.8658,285.3,49.2,0.6552,0.5932,0.6282,0.6988,0.7862,0.8325,0.7078,0.2393,0.3994,0.5691,0.483776,CMN,BRACKET_BASE,false,true,0.3625443,0.46479107999999997,0.5887497,,0.3001,false
EVT-CON-0668,Debt Crisis Settlement of Middle East & North Africa (MENA),1969,contemporary,economic,Middle East,Middle East & North Africa (MENA),CHR-CON-0668,46270.8,0.434,0.861,0.596,0.763,98.6,0.8745,62.7,31.1,0.6464,519.8,76.1,0.8331,0.7992,0.7395,0.5205,0.6283,0.6384,0.6652,-0.1608,0.3286,0.4814,0.650362,RMD,BRACKET_MEDIUM,false,true,0.35242017999999997,0.49565201000000003,0.7212993099999999,,0.3579,false
EVT-CON-0669,Frontier Campaign of United States,1956,contemporary,war,North America,United States,CHR-CON-0669,47039.7,0.594,0.257,0.7361,0.3,75.2,0.526,79.9,15.7,0.7393,489.4,77,0.8333,0.7189,0.675,0.4278,0.5151,0.8687,0.6411,0.1498,0.4325,0.5188,0.602056,CMN,BRACKET_BASE,false,true,0.4932136,0.58488574,0.6411337199999999,,0.4031,false
EVT-CON-0670,Strategic Siege of Japan,2021,contemporary,war,East Asia,Japan,CHR-CON-0670,38248.8,0.432,0.172,0.7311,0.263,77.7,0.52,67.7,31.6,0.7033,253.2,71.3,0.7571,0.7564,0.6728,0.3261,0.4172,0.4753,0.5296,-0.2811,0.6506,0.6513,0.411592,CMN,BRACKET_BASE,false,true,0.57547784,0.51282672,0.849079,,0.3909,false
EVT-CON-0671,Military Coup d’État in Middle East & North Africa (MENA),1969,contemporary,revolution,Middle East,Middle East & North Africa (MENA),CHR-CON-0671,7455.3,0.65,0.605,0.2591,0.246,97.6,0.611,64.8,26.3,0.6403,178.1,60,0.6751,0.5656,0.4398,0.1839,0.3515,0.6283,0.4338,0.0627,0.3735,0.5307,0.82378,RMD,BRACKET_HIGH,true,false,0.2830539,0.42495495,0.45491442,,0.4037,false
EVT-CON-0672,Continental Standoff of Sub-Saharan Africa,1968,contemporary,war,Africa,Sub-Saharan Africa,CHR-CON-0672,31959.5,0.433,0.491,0.5786,0.264,73.9,0.5015,73.7,15.6,0.6719,180.1,80.2,0.7769,0.6529,0.5951,0.3971,0.456,0.5832,0.5369,-0.0697,0.405,0.5061,0.361308,CMN,BRACKET_BASE,false,true,0.6661296,0.581,0.785125,,0.3682,false
EVT-CON-0673,Guild Monopoly Reform in Southeast Asia (ASEAN),2006,contemporary,economic,Southeast Asia,Southeast Asia (ASEAN),CHR-CON-0673,33367.2,0.397,0.215,0.6849,0.564,83.4,0.699,60.3,21,0.56,72.1,77.8,0.6987,0.6556,0.5556,0.3023,0.359,0.5263,0.4798,-0.1293,0.3942,0.5068,0.793975,RMD,BRACKET_HIGH,true,false,0.40490669999999995,0.42079284,0.5222653700000001,,0.3938,false
EVT-CON-0674,Monastic Network Expansion of European Union / Western Europe,1951,contemporary,religious,Europe,European Union / Western Europe,CHR-CON-0674,22880.6,0.513,0.399,0.5006,0.699,76.2,0.7305,84.2,9.4,0.7478,175.8,64.9,0.6987,0.6797,0.7254,0.602,0.684,0.6565,0.6695,-0.0232,0.3973,0.445,0.733086,RMD,BRACKET_HIGH,true,false,0.24171275000000003,0.3830077,0.4478513,,0.28,false
EVT-CON-0675,Temple Bureaucracy Reorganization of Global Transnational Institutions,1993,contemporary,religious,Global,Global Transnational Institutions,CHR-CON-0675,28725.5,0.554,0.717,0.4454,0.502,70.7,0.6045,77.3,13.8,0.6999,65.2,66.5,0.6349,0.6398,0.6997,0.5176,0.6581,0.506,0.6042,-0.1338,0.2174,0.4941,0.798196,RMD,BRACKET_HIGH,true,false,0.18870106,0.39815148,0.47436504,,0.3127,false
EVT-CON-0676,Harbor Incursion Sickness in USSR / Russian Federation,1963,contemporary,pandemic,Eurasia,USSR / Russian Federation,CHR-CON-0676,43928.1,0.448,0.455,0.6925,0.841,74.9,0.795,82.6,28.5,0.8452,440.2,66.6,0.7736,0.8355,0.7688,0.3519,0.4968,0.6598,0.6226,-0.1757,0.6205,0.5301,0.668058,RMD,BRACKET_MEDIUM,false,true,0.31529508,0.43997466,0.55017118,,0.4062,false
EVT-CON-0677,Administrative Codification of USSR / Russian Federation,1958,contemporary,transformation,Eurasia,USSR / Russian Federation,CHR-CON-0677,34105,0.478,0.636,0.5409,0.565,73.6,0.6505,57.5,28.1,0.5724,236.9,59.3,0.6923,0.5548,0.6166,0.4891,0.6577,0.7573,0.6151,0.2025,0.2549,0.5385,0.845415,RMD,BRACKET_HIGH,true,false,0.2436498,0.47780760000000005,0.5049885,,0.3413,false
EVT-CON-0678,Bureaucratic Consolidation of Republic of India,2010,contemporary,transformation,South Asia,Republic of India,CHR-CON-0678,22905.4,0.267,0.372,0.5827,0.541,94.1,0.741,72.2,20.1,0.6828,395,69.8,0.7818,0.5858,0.627,0.5573,0.7947,0.7209,0.6571,0.1351,0.2775,0.4714,0.86742,RMD,BRACKET_HIGH,true,false,0.30185999999999996,0.53720199,0.54255498,,0.3179,false
EVT-CON-0679,Imperial Unification of European Union / Western Europe,1981,contemporary,transformation,Europe,European Union / Western Europe,CHR-CON-0679,25478.1,0.498,0.523,0.4913,0.806,69.6,0.751,65.9,25.2,0.6455,233.5,49.2,0.6407,0.5433,0.614,0.5259,0.7464,0.6637,0.6187,0.1204,0.1214,0.4422,0.846767,RMD,BRACKET_HIGH,true,false,0.17624987999999997,0.39469518000000003,0.351695,,0.3131,false
EVT-CON-0680,Astronomical Standardization by Southeast Asia (ASEAN),2011,contemporary,technological,Southeast Asia,Southeast Asia (ASEAN),CHR-CON-0680,47297.7,0.269,0.885,0.6475,0.62,79.9,0.7095,82.7,20,0.7952,390.4,61.9,0.7414,0.6638,0.7085,0.8018,0.8842,0.9978,0.8112,0.334,0.2579,0.552,0.584683,CMN,BRACKET_BASE,false,true,0.33650604000000006,0.550021,0.58848942,,0.3142,false
EVT-CON-0681,Frontier Fragmentation of People's Republic of China,1949,contemporary,collapse,East Asia,People's Republic of China,CHR-CON-0681,20090.1,0.288,0.376,0.5499,0.639,91.1,0.775,69.6,30.4,0.7166,180.9,80.6,0.7792,0.8458,0.7322,0.5269,0.5477,0.4262,0.6158,-0.4196,0.7552,0.7392,0.391078,CMN,BRACKET_BASE,false,true,0.57310494,0.605,1,,0.3566,false
EVT-CON-0682,Guild Monopoly Reform in Sub-Saharan Africa,1986,contemporary,economic,Africa,Sub-Saharan Africa,CHR-CON-0682,9473,0.64,0.745,0.2382,0.272,69.9,0.4855,69.1,19,0.6428,402.3,69.4,0.7811,0.5431,0.4999,0.2854,0.3621,0.3658,0.4113,-0.1773,0.5731,0.664,0.342334,CMN,BRACKET_BASE,false,true,0.65216862,0.48551893,0.78582444,,0.3418,false
EVT-CON-0683,Urban Quarantine Emergency in People's Republic of China,1966,contemporary,pandemic,East Asia,People's Republic of China,CHR-CON-0683,8733.5,0.341,0.56,0.3767,0.428,69.4,0.561,73.4,13.8,0.6579,530.5,63.6,0.7721,0.6652,0.6136,0.3044,0.4417,0.5978,0.5245,-0.0674,0.8483,0.6391,0.536238,CMN,BRACKET_BASE,false,true,0.6332149199999999,0.5750094,0.78234168,,0.3993,false
EVT-CON-0684,Maritime Hegemony Clash in People's Republic of China,1980,contemporary,war,East Asia,People's Republic of China,CHR-CON-0684,6309.3,0.355,0.312,0.4252,0.771,73.1,0.751,68.5,15.7,0.6165,197.7,73.6,0.7507,0.6739,0.6267,0.3444,0.4122,0.4727,0.506,-0.2012,0.6735,0.6381,0.469888,CMN,BRACKET_BASE,false,true,0.6524465199999999,0.5748528,0.8590229199999999,,0.3725,false
EVT-CON-0685,Peasant Rebellion against Japan,2019,contemporary,revolution,East Asia,Japan,CHR-CON-0685,33541,0.426,0.271,0.6609,0.284,75.9,0.5215,71.6,30.4,0.7381,127.6,65.8,0.68,0.6964,0.6015,0.232,0.4453,0.6197,0.519,-0.0767,0.4212,0.4886,0.714956,RMD,BRACKET_HIGH,false,false,0.39153550000000004,0.623,0.82925,,0.4029,false
EVT-CON-0686,Borderlands Pacification of People's Republic of China,1983,contemporary,war,East Asia,People's Republic of China,CHR-CON-0686,25218.9,0.604,0.455,0.4775,0.404,92,0.662,74.2,14,0.6677,70,59.6,0.6055,0.6063,0.5499,0.2515,0.437,0.3851,0.446,-0.2212,0.5207,0.6085,0.481291,CMN,BRACKET_BASE,false,true,0.53502925,0.4030689,0.5582682,,0.3829,false
EVT-CON-0687,Popular Uprising of Japan,2020,contemporary,revolution,East Asia,Japan,CHR-CON-0687,29413.5,0.482,0.23,0.6193,0.774,77,0.772,72.1,30,0.7411,293.5,61.4,0.7183,0.7668,0.6471,0.3772,0.6391,0.9196,0.67,0.1528,0.7433,0.5785,0.715308,RMD,BRACKET_HIGH,false,false,0.34531848,0.634625,0.771,,0.3868,false
EVT-CON-0688,Orthodoxy & Heresy Trial Wave in People's Republic of China,1966,contemporary,religious,East Asia,People's Republic of China,CHR-CON-0688,46275.2,0.606,0.353,0.6968,0.303,76,0.5315,60.7,28.6,0.6099,316.2,46.4,0.6487,0.6224,0.6315,0.5151,0.6503,0.5,0.5839,-0.1224,0.3702,0.5129,0.60623,CMN,BRACKET_BASE,false,true,0.38900608000000003,0.3789565,0.47375037,,0.2982,false
EVT-CON-0689,Borderlands Pacification of Global Transnational Institutions,1960,contemporary,war,Global,Global Transnational Institutions,CHR-CON-0689,18768.6,0.573,0.853,0.3094,0.283,92.2,0.6025,76.9,29,0.7868,344.4,65.8,0.7518,0.6014,0.5564,0.2955,0.3616,0.4103,0.445,-0.1911,0.4172,0.5827,0.433653,CMN,BRACKET_BASE,false,true,0.6628581600000001,0.51300556,0.79908102,,0.3656,false
EVT-CON-0690,Agrarian Insurgency in Southeast Asia (ASEAN),1949,contemporary,revolution,Southeast Asia,Southeast Asia (ASEAN),CHR-CON-0690,7184.6,0.489,0.57,0.3154,0.205,73.9,0.472,58.2,19.1,0.526,510.8,81.5,0.8589,0.541,0.3893,0.1142,0.2273,0.3426,0.3229,-0.1984,0.513,0.6684,0.499761,CMN,BRACKET_BASE,false,true,0.50551461,0.41068162,0.55500279,,0.4001,false
EVT-CON-0691,Canal Infrastructure Boom in Southeast Asia (ASEAN),1955,contemporary,economic,Southeast Asia,Southeast Asia (ASEAN),CHR-CON-0691,13592.6,0.608,0.108,0.4759,0.653,72.9,0.691,69.5,25.1,0.6837,219.1,74.6,0.7631,0.6285,0.605,0.5035,0.5847,0.5247,0.5693,-0.1038,0.304,0.4845,0.752464,RMD,BRACKET_HIGH,true,false,0.34466769,0.53984166,0.7075017600000001,,0.293,false
EVT-CON-0692,Fiscal Modernization in Latin America (Mercosur/Alliance),1981,contemporary,transformation,Latin America,Latin America (Mercosur/Alliance),CHR-CON-0692,14475,0.262,0.28,0.5361,0.584,84.1,0.7125,67.1,11.3,0.575,203,72.4,0.7466,0.5304,0.5594,0.459,0.6201,0.7284,0.5795,0.198,0.3852,0.5597,0.506174,CMN,BRACKET_BASE,false,true,0.46014254,0.47963096,0.53704984,,0.3406,false
EVT-CON-0693,Constitutional Reorganization of United States,2025,contemporary,transformation,North America,United States,CHR-CON-0693,44216.9,0.475,0.205,0.762,0.787,70.8,0.7475,75.6,24.2,0.744,391.1,50.3,0.6835,0.6427,0.6974,0.572,0.7436,0.9474,0.7206,0.3047,0.1272,0.4883,0.70858,RMD,BRACKET_HIGH,false,false,0.26969582,0.4056171,0.32185338,,0.365,false
EVT-CON-0694,Epidemic Fever Outbreak across Sub-Saharan Africa,1973,contemporary,pandemic,Africa,Sub-Saharan Africa,CHR-CON-0694,4024.9,0.518,0.46,0.3113,0.785,67.6,0.7305,60.2,24.8,0.5817,288.2,81.2,0.8159,0.6908,0.6109,0.2399,0.4296,0.5725,0.5087,-0.1183,0.902,0.6759,0.615264,CMN,BRACKET_BASE,false,true,0.50233414,0.41438959999999997,0.52873832,,0.4045,false
EVT-CON-0695,Printing & Communications Diffusion in Southeast Asia (ASEAN),1996,contemporary,technological,Southeast Asia,Southeast Asia (ASEAN),CHR-CON-0695,42967.3,0.602,0.114,0.74,0.794,72.6,0.76,79.1,18.7,0.7487,423,70.4,0.7897,0.6773,0.7292,0.8204,0.9243,0.9631,0.8229,0.2858,0.2524,0.5101,0.781865,RMD,BRACKET_HIGH,true,false,0.14054705,0.56975,0.651375,,0.3059,false
EVT-CON-0696,Coalition Defense of United States,2026,contemporary,war,North America,United States,CHR-CON-0696,10709.1,0.452,0.796,0.2904,0.259,83.1,0.545,58.8,12.7,0.494,208.4,76.4,0.7685,0.589,0.4824,0.3105,0.4371,0.3473,0.4333,-0.2417,0.5403,0.6962,0.542288,CMN,BRACKET_BASE,false,true,0.46362712,0.39307264,0.55898106,,0.3427,false
EVT-CON-0697,Agrarian Insurgency in Middle East & North Africa (MENA),1952,contemporary,revolution,Middle East,Middle East & North Africa (MENA),CHR-CON-0697,36264.2,0.486,0.444,0.6155,0.519,97.2,0.7455,80.2,27,0.8103,525,79.8,0.8524,0.8237,0.7099,0.4141,0.6575,0.6772,0.6565,-0.1465,0.4199,0.4884,0.610663,CMN,BRACKET_BASE,false,true,0.32191732,0.41585226000000003,0.51643088,,0.4006,false
EVT-CON-0698,Silver Flotilla Currency Shock in Global Transnational Institutions,1945,contemporary,economic,Global,Global Transnational Institutions,CHR-CON-0698,27522.3,0.375,0.517,0.5483,0.414,65,0.532,71.9,19.2,0.6741,161.3,48.6,0.6109,0.5914,0.5641,0.4546,0.5889,0.4282,0.5254,-0.1632,0.3003,0.53,0.594182,CMN,BRACKET_BASE,false,true,0.6241020500000001,0.563125,0.7975,,0.3094,false
EVT-CON-0699,Palatial Collapse of Global Transnational Institutions,1962,contemporary,collapse,Global,Global Transnational Institutions,CHR-CON-0699,28534.2,0.38,0.531,0.5517,0.404,69.6,0.55,58.6,26.9,0.5771,96.3,48,0.5706,0.6761,0.6164,0.3173,0.3795,0.3741,0.4727,-0.302,0.5868,0.688,0.71234,RMD,BRACKET_HIGH,false,false,0.520608,0.5081403800000001,0.86609277,,0.3581,false
EVT-CON-0700,Territorial Rupture of Japan,1948,contemporary,collapse,East Asia,Japan,CHR-CON-0700,42844.7,0.448,0.562,0.6507,0.37,86.2,0.616,73.4,23.7,0.7173,460.9,82.7,0.8574,0.8122,0.7342,0.4225,0.4463,0.4923,0.5815,-0.3199,0.7698,0.6976,0.505452,CMN,BRACKET_BASE,false,true,0.54176556,0.42141695999999995,0.61185654,,0.368,false
EVT-CON-0701,Strategic Siege of Southeast Asia (ASEAN),1968,contemporary,war,Southeast Asia,Southeast Asia (ASEAN),CHR-CON-0701,25339.4,0.616,0.325,0.514,0.463,83.6,0.6495,73.7,14.8,0.6671,499.4,42.8,0.6637,0.6909,0.6426,0.3362,0.4945,0.4073,0.5143,-0.2836,0.5302,0.6411,0.484126,CMN,BRACKET_BASE,false,true,0.6028892100000001,0.56577378,0.86476522,,0.3703,false
EVT-CON-0702,Bureaucratic Consolidation of Japan,2022,contemporary,transformation,East Asia,Japan,CHR-CON-0702,35560.8,0.306,0.272,0.7148,0.668,78.9,0.7285,60.5,10.4,0.4986,276.2,82.6,0.8199,0.6221,0.664,0.5952,0.7733,0.8606,0.703,0.2385,0.118,0.497,0.754016,RMD,BRACKET_HIGH,true,false,0.34530105,0.48640064,0.443969,,0.3328,false
EVT-CON-0703,Succession Conflict of Global Transnational Institutions,1991,contemporary,war,Global,Global Transnational Institutions,CHR-CON-0703,6095.3,0.566,0.262,0.3749,0.611,79.2,0.7015,70.6,30.2,0.7261,93.5,44.9,0.553,0.558,0.4627,0.2296,0.2994,0.6971,0.4494,0.1391,0.6308,0.5924,0.534521,CMN,BRACKET_BASE,false,true,0.6475742,0.53698356,0.6864605600000001,,0.405,false
EVT-CON-0704,Administrative Codification of People's Republic of China,1976,contemporary,transformation,East Asia,People's Republic of China,CHR-CON-0704,44315.7,0.649,0.42,0.6462,0.66,72.4,0.692,65.6,18.4,0.6015,153.7,69.9,0.7139,0.6041,0.6611,0.5972,0.8336,0.7404,0.6873,0.1363,0.1226,0.4433,0.530611,CMN,BRACKET_BASE,false,true,0.36027027,0.39780496,0.34147705,,0.3146,false
EVT-CON-0705,Agrarian Restructuring of People's Republic of China,1952,contemporary,transformation,East Asia,People's Republic of China,CHR-CON-0705,47032.9,0.631,0.442,0.6694,0.598,80.4,0.701,74.4,30.6,0.7694,568.5,71.3,0.8156,0.6479,0.6782,0.5692,0.7334,0.9423,0.7142,0.2944,0.2856,0.5394,0.805626,RMD,BRACKET_HIGH,true,false,0.18487512999999997,0.56632176,0.53053488,,0.3638,false
EVT-CON-0706,Mercantile Tariff Overhaul across Middle East & North Africa (MENA),1961,contemporary,economic,Middle East,Middle East & North Africa (MENA),CHR-CON-0706,20829.7,0.408,0.152,0.5878,0.564,95.3,0.7585,80.1,26,0.8032,101.1,45.2,0.5601,0.6276,0.5479,0.4342,0.5972,0.4457,0.5305,-0.1819,0.4989,0.5305,0.593779,CMN,BRACKET_BASE,false,true,0.46649785,0.38692940000000003,0.51765318,,0.3287,false
EVT-CON-0707,Navigational Instrument Reform in United States,1958,contemporary,technological,North America,United States,CHR-CON-0707,23832.1,0.57,0.504,0.4606,0.5,97.4,0.737,73.7,24.5,0.7253,473.9,71.6,0.8039,0.5846,0.6405,0.6884,0.7715,0.7394,0.6849,0.1548,0.4233,0.531,0.793848,RMD,BRACKET_HIGH,true,false,0.25773228,0.472944,0.6502636799999999,,0.2692,false
EVT-CON-0708,Printing & Communications Diffusion in Southeast Asia (ASEAN),2005,contemporary,technological,Southeast Asia,Southeast Asia (ASEAN),CHR-CON-0708,33161.3,0.431,0.831,0.488,0.699,96.4,0.8315,77.5,15.6,0.7128,241.2,64.6,0.7201,0.6178,0.6658,0.7621,0.861,0.881,0.7575,0.2632,0.3,0.5423,0.431995,CMN,BRACKET_BASE,false,true,0.399848,0.50304806,0.6314842,,0.3005,false
EVT-CON-0709,Judicial Standard Reform in Global Transnational Institutions,1967,contemporary,transformation,Global,Global Transnational Institutions,CHR-CON-0709,9006.3,0.359,0.527,0.3837,0.527,81.4,0.6705,69.2,8.6,0.5814,195.7,75.8,0.7609,0.5172,0.5955,0.4588,0.6669,0.8625,0.6202,0.3453,0.1571,0.6104,0.691773,RMD,BRACKET_MEDIUM,false,false,0.28433867,0.39386328,0.3243615,,0.3662,false
EVT-CON-0710,Respiratory Virulence Wave across Republic of India,1959,contemporary,pandemic,South Asia,Republic of India,CHR-CON-0710,12656.5,0.369,0.894,0.3034,0.207,83.9,0.523,70.7,27.1,0.7086,503.5,58.7,0.7438,0.6394,0.5777,0.1287,0.3313,0.6184,0.4591,-0.021,0.9125,0.6392,0.668312,RMD,BRACKET_MEDIUM,false,true,0.53090208,0.6461250000000001,0.8045,,0.3955,false
EVT-CON-0711,Canal Infrastructure Boom in Middle East & North Africa (MENA),2015,contemporary,economic,Middle East,Middle East & North Africa (MENA),CHR-CON-0711,27315.1,0.458,0.637,0.4856,0.247,73.6,0.4915,56.8,22.5,0.5313,367.7,49.7,0.6761,0.5516,0.4707,0.2738,0.4076,0.4725,0.4352,-0.0791,0.5695,0.5888,0.486629,CMN,BRACKET_BASE,false,true,0.65982,0.548002,0.75243651,,0.3728,false
EVT-CON-0712,Military Coup d’État in Latin America (Mercosur/Alliance),2020,contemporary,revolution,Latin America,Latin America (Mercosur/Alliance),CHR-CON-0712,25316,0.565,0.683,0.4217,0.786,87.1,0.8285,65.6,20.2,0.6123,89.5,78.1,0.7158,0.6942,0.542,0.1506,0.3085,0.6025,0.4596,-0.0917,0.4928,0.5233,0.60816,CMN,BRACKET_BASE,false,true,0.38649310000000003,0.549536,0.7349766999999999,,0.3977,false
EVT-CON-0713,Judicial Standard Reform in Republic of India,1945,contemporary,transformation,South Asia,Republic of India,CHR-CON-0713,23632.1,0.599,0.523,0.4444,0.696,80.6,0.751,74,13.7,0.6637,68.8,65.4,0.6333,0.5562,0.6003,0.5133,0.6421,0.759,0.6142,0.2028,0.1533,0.499,0.830676,RMD,BRACKET_HIGH,true,false,0.258972,0.39346933000000006,0.33230648,,0.3285,false
EVT-CON-0714,Dynastic Disintegration of People's Republic of China,2016,contemporary,collapse,East Asia,People's Republic of China,CHR-CON-0714,32993.7,0.408,0.473,0.6008,0.525,89.7,0.711,76.6,31.3,0.7973,154.3,42.7,0.5782,0.7451,0.6914,0.4464,0.5038,0.5141,0.5802,-0.231,0.5442,0.5744,0.455809,CMN,BRACKET_BASE,false,true,0.44852444,0.41816323,0.57565684,,0.3496,false
EVT-CON-0715,Epidemic Fever Outbreak across United States,2014,contemporary,pandemic,North America,United States,CHR-CON-0715,24942.6,0.274,0.508,0.5581,0.653,72.7,0.69,57.9,15.6,0.5018,324.2,85.5,0.846,0.7445,0.7109,0.3209,0.461,0.373,0.5221,-0.3715,0.9209,0.7983,0.701818,RMD,BRACKET_HIGH,false,false,0.34511189999999997,0.42138800000000004,0.62594147,,0.3763,false
EVT-CON-0716,Coalition Defense of Southeast Asia (ASEAN),2026,contemporary,war,Southeast Asia,Southeast Asia (ASEAN),CHR-CON-0716,37985.6,0.496,0.198,0.7018,0.333,70.1,0.517,61.5,11.2,0.5141,276.1,83.1,0.8223,0.6824,0.5957,0.3138,0.4502,0.6484,0.5381,-0.034,0.487,0.5102,0.629867,CMN,BRACKET_BASE,false,true,0.5027847599999999,0.5212194600000001,0.72136624,,0.4028,false
EVT-CON-0717,Fiscal Default Crisis in People's Republic of China,1969,contemporary,collapse,East Asia,People's Republic of China,CHR-CON-0717,26416.1,0.462,0.526,0.5096,0.416,78.2,0.599,57.8,19.1,0.5217,555.3,53.8,0.7264,0.6566,0.5676,0.2541,0.2765,0.284,0.4078,-0.3726,0.4135,0.69,0.69559,RMD,BRACKET_MEDIUM,false,false,0.4196946,0.41471973,0.59964495,,0.3644,false
EVT-CON-0718,Grain Market Price Shock across USSR / Russian Federation,1951,contemporary,economic,Eurasia,USSR / Russian Federation,CHR-CON-0718,14205.8,0.407,0.577,0.401,0.797,93.1,0.864,56.3,17.7,0.4971,96.9,52,0.5911,0.6016,0.5642,0.3709,0.4864,0.7386,0.5523,0.137,0.5202,0.5697,0.777601,RMD,BRACKET_HIGH,true,false,0.37281134,0.57493191,0.6477438799999999,,0.3915,false
EVT-CON-0719,Military Coup d’État in Republic of India,1965,contemporary,revolution,South Asia,Republic of India,CHR-CON-0719,26923.8,0.648,0.299,0.5265,0.248,88.4,0.566,55.9,30.7,0.5708,80.1,73.6,0.6853,0.6563,0.565,0.2408,0.3873,0.5757,0.485,-0.0806,0.493,0.5473,0.509847,CMN,BRACKET_BASE,false,true,0.59028114,0.58048986,0.7629813,,0.4058,false
EVT-CON-0720,Silver Flotilla Currency Shock in United States,1952,contemporary,economic,North America,United States,CHR-CON-0720,40570.5,0.365,0.478,0.6803,0.728,74.2,0.735,77.5,11,0.6852,246.2,42.7,0.612,0.724,0.6548,0.4866,0.5665,0.8939,0.6652,0.1699,0.3082,0.4837,0.728413,RMD,BRACKET_HIGH,false,false,0.32993765999999997,0.5138928899999999,0.573153,,0.3974,false
EVT-CON-0721,Monastic Network Expansion of Republic of India,1964,contemporary,religious,South Asia,Republic of India,CHR-CON-0721,47883.8,0.331,0.481,0.7554,0.754,87.3,0.8135,63.1,15.5,0.5572,363.3,40.7,0.6302,0.7377,0.8083,0.669,0.8435,0.8059,0.7729,0.0682,0.2657,0.4143,0.733667,RMD,BRACKET_HIGH,true,false,0.17432376000000002,0.571375,0.64125,,0.3131,false
EVT-CON-0722,Educational Charter of Southeast Asia (ASEAN),1993,contemporary,transformation,Southeast Asia,Southeast Asia (ASEAN),CHR-CON-0722,8931.5,0.527,0.458,0.3533,0.378,92.8,0.653,58.2,12.6,0.487,524.7,66.5,0.7858,0.5105,0.548,0.4082,0.5539,0.8059,0.5653,0.2954,0.2543,0.6291,0.936206,RMD,BRACKET_HIGH,true,false,0.284585,0.39245178000000003,0.35393589,,0.373,false
EVT-CON-0723,Radical Assembly Schism in Republic of India,1971,contemporary,revolution,South Asia,Republic of India,CHR-CON-0723,18550.1,0.498,0.575,0.4134,0.389,78.8,0.5885,60.4,23.9,0.5785,564,41.8,0.6675,0.6492,0.505,0.2451,0.4689,0.6208,0.4978,-0.0284,0.388,0.5053,0.711668,RMD,BRACKET_HIGH,false,false,0.30691596,0.42594528000000004,0.48848608,,0.4043,false
EVT-CON-0724,Dynastic Disintegration of USSR / Russian Federation,1971,contemporary,collapse,Eurasia,USSR / Russian Federation,CHR-CON-0724,33222.8,0.615,0.427,0.5546,0.297,94.6,0.6215,64,16.3,0.5716,133.9,66.5,0.687,0.678,0.6228,0.2974,0.3418,0.281,0.4442,-0.397,0.4714,0.7001,0.476089,CMN,BRACKET_BASE,false,true,0.59296419,0.5279046000000001,0.9135731,,0.3666,false
EVT-CON-0725,Debt Crisis Settlement of European Union / Western Europe,1946,contemporary,economic,Europe,European Union / Western Europe,CHR-CON-0725,25734.7,0.599,0.716,0.4054,0.392,96.5,0.6785,67.4,9.1,0.5651,354.8,45.8,0.654,0.604,0.5702,0.3616,0.4402,0.6156,0.5183,0.0116,0.3384,0.4735,0.633729,RMD,BRACKET_MEDIUM,false,true,0.40180299999999997,0.40193216,0.44713596000000005,,0.3793,false
EVT-CON-0726,Agrarian Insurgency in Southeast Asia (ASEAN),2001,contemporary,revolution,Southeast Asia,Southeast Asia (ASEAN),CHR-CON-0726,9919.3,0.488,0.206,0.4495,0.794,81,0.802,69.4,13.2,0.6112,195.3,58.3,0.6733,0.6495,0.5547,0.2069,0.4549,0.4686,0.4669,-0.1809,0.4392,0.5581,0.586188,CMN,BRACKET_BASE,false,true,0.4700928,0.60675,0.8895,,0.4038,false
EVT-CON-0727,Frontier Campaign of United States,1960,contemporary,war,North America,United States,CHR-CON-0727,17121.6,0.556,0.48,0.4116,0.353,83.2,0.5925,76.9,15.9,0.7082,188.2,65,0.7041,0.5728,0.4542,0.2753,0.38,0.5678,0.45,-0.005,0.3247,0.457,0.478881,CMN,BRACKET_BASE,false,true,0.4380116,0.40950790000000004,0.4558923200000001,,0.3939,false
EVT-CON-0728,Secular Legal Separation in European Union / Western Europe,1957,contemporary,religious,Europe,European Union / Western Europe,CHR-CON-0728,43746.9,0.285,0.785,0.6408,0.373,79.1,0.582,83.6,23.3,0.8247,440.7,60.6,0.7437,0.7165,0.6917,0.5505,0.675,0.7338,0.6735,0.0173,0.2981,0.4067,0.720968,RMD,BRACKET_HIGH,false,false,0.23253094,0.56213727,0.6475759200000001,,0.3449,false
EVT-CON-0729,Grain Market Price Shock across Japan,2022,contemporary,economic,East Asia,Japan,CHR-CON-0729,13194.1,0.517,0.612,0.3484,0.648,93.6,0.792,80.6,10.2,0.7138,263,84.9,0.8278,0.7457,0.7137,0.4506,0.5685,0.4995,0.5956,-0.2462,0.5635,0.6257,0.588397,CMN,BRACKET_BASE,false,true,0.46831939999999994,0.5896250000000001,0.9276249999999999,,0.3485,false
EVT-CON-0730,Hydraulic Engineering Grid in Republic of India,2002,contemporary,technological,South Asia,Republic of India,CHR-CON-0730,43859,0.622,0.477,0.6331,0.632,71.1,0.6715,58.3,17.7,0.5187,113,67.7,0.6807,0.5654,0.6083,0.6623,0.7846,0.9363,0.7114,0.3709,0.4181,0.6613,0.813547,RMD,BRACKET_HIGH,true,false,0.39138075,0.55101491,0.55298528,,0.3378,false
EVT-CON-0731,Imperial Unification of Japan,1988,contemporary,transformation,East Asia,Japan,CHR-CON-0731,6019.4,0.494,0.292,0.3868,0.329,78.3,0.556,80.4,9.9,0.7099,284.3,79,0.804,0.5153,0.5581,0.4272,0.6557,0.8531,0.6019,0.3378,0.1171,0.5938,0.793153,RMD,BRACKET_HIGH,true,false,0.27158236999999996,0.41070997,0.33432186,,0.3751,false
EVT-CON-0732,Agrarian Insurgency in United States,1952,contemporary,revolution,North America,United States,CHR-CON-0732,22680.7,0.273,0.409,0.5678,0.697,85.9,0.778,77.8,11.2,0.6897,220,72.4,0.7524,0.6935,0.6068,0.3593,0.4777,0.6413,0.5557,-0.0522,0.358,0.4424,0.678556,RMD,BRACKET_MEDIUM,false,true,0.35278751999999997,0.60375,0.777875,,0.3975,false
EVT-CON-0733,Coalition Defense of USSR / Russian Federation,2011,contemporary,war,Eurasia,USSR / Russian Federation,CHR-CON-0733,4117.8,0.356,0.88,0.2348,0.267,87.1,0.569,67.4,27.9,0.6779,349.2,40.5,0.6263,0.5608,0.4657,0.1252,0.2745,0.3711,0.3595,-0.1897,0.5986,0.6598,0.562182,CMN,BRACKET_BASE,false,true,0.6596289,0.592875,0.900375,,0.4034,false
EVT-CON-0734,Imperial Annexation War in Middle East & North Africa (MENA),1972,contemporary,war,Middle East,Middle East & North Africa (MENA),CHR-CON-0734,12858.9,0.489,0.322,0.4408,0.542,74,0.641,65.9,18.3,0.6041,117.3,80.4,0.7469,0.6158,0.5037,0.2074,0.3466,0.5964,0.454,-0.0194,0.3813,0.4829,0.392218,CMN,BRACKET_BASE,false,true,0.5995495599999999,0.59615931,0.723426,,0.4063,false
EVT-CON-0735,Provincial Autonomy Insurgency against Latin America (Mercosur/Alliance),1991,contemporary,revolution,Latin America,Latin America (Mercosur/Alliance),CHR-CON-0735,40043,0.563,0.306,0.6678,0.468,68.1,0.5745,75.1,15.3,0.6852,542.7,77.7,0.8443,0.6992,0.5448,0.2181,0.4583,0.6353,0.5111,-0.0639,0.7405,0.5605,0.611516,CMN,BRACKET_BASE,false,true,0.48906,0.42443576,0.5053137600000001,,0.3958,false
EVT-CON-0736,Military Coup d’État in Latin America (Mercosur/Alliance),1992,contemporary,revolution,Latin America,Latin America (Mercosur/Alliance),CHR-CON-0736,28017.9,0.418,0.555,0.5285,0.213,81,0.5115,56.9,10.6,0.461,321.2,50.7,0.6713,0.5551,0.3891,0.1678,0.3509,0.6168,0.4159,0.0617,0.754,0.6267,0.655316,RMD,BRACKET_MEDIUM,false,true,0.44709754999999995,0.4111263,0.46473210000000004,,0.4029,false
EVT-CON-0737,Territorial Rupture of Middle East & North Africa (MENA),1969,contemporary,collapse,Middle East,Middle East & North Africa (MENA),CHR-CON-0737,30528.3,0.493,0.753,0.4692,0.411,74,0.5755,56.5,18.6,0.5047,213.7,61.8,0.6973,0.6314,0.56,0.2715,0.2923,0.4426,0.4396,-0.1888,0.4511,0.6123,0.626521,CMN,BRACKET_BASE,false,true,0.46131822,0.57226425,0.8075668,,0.387,false
EVT-CON-0738,Civic Restoration Revolt in Latin America (Mercosur/Alliance),2022,contemporary,revolution,Latin America,Latin America (Mercosur/Alliance),CHR-CON-0738,14340.8,0.344,0.54,0.4322,0.684,95.2,0.818,56,27.6,0.5533,248.8,38.5,0.5918,0.599,0.4355,0.0979,0.2816,0.6399,0.4108,0.0409,0.7606,0.5717,0.533778,CMN,BRACKET_BASE,false,true,0.52852284,0.44587810000000005,0.4802504,,0.3986,false
EVT-CON-0739,Succession Conflict of Sub-Saharan Africa,1982,contemporary,war,Africa,Sub-Saharan Africa,CHR-CON-0739,26253.9,0.367,0.243,0.6215,0.588,85.5,0.7215,60.5,12.5,0.5112,100.7,40,0.5338,0.6261,0.5209,0.3486,0.4446,0.4839,0.4848,-0.1422,0.647,0.5904,0.591693,CMN,BRACKET_BASE,false,true,0.54880416,0.5476556800000001,0.7910568,,0.3599,false
EVT-CON-0740,Strategic Siege of USSR / Russian Federation,1969,contemporary,war,Eurasia,USSR / Russian Federation,CHR-CON-0740,34157.5,0.358,0.27,0.6872,0.655,90.3,0.779,73.6,14.6,0.6648,528.8,52.3,0.7154,0.765,0.7031,0.3893,0.5516,0.7712,0.636,0.0062,0.5762,0.4577,0.767494,RMD,BRACKET_HIGH,true,false,0.22319995000000004,0.43932072,0.50261931,,0.4049,false
EVT-CON-0741,Imperial Unification of Middle East & North Africa (MENA),1974,contemporary,transformation,Middle East,Middle East & North Africa (MENA),CHR-CON-0741,42389,0.453,0.756,0.5869,0.784,84.4,0.814,70.7,27.9,0.7134,231.5,77,0.7791,0.647,0.7257,0.624,0.7893,0.9287,0.7429,0.2817,0.2759,0.5339,0.689866,RMD,BRACKET_MEDIUM,false,false,0.27545856,0.40866198,0.34621868,,0.3454,false
EVT-CON-0742,Decentralization Wave across European Union / Western Europe,1961,contemporary,collapse,Europe,European Union / Western Europe,CHR-CON-0742,12252.8,0.631,0.207,0.4273,0.456,66.2,0.559,69.6,27.8,0.701,518.4,41,0.6574,0.713,0.6382,0.4005,0.4759,0.3528,0.5161,-0.3602,0.5895,0.7188,0.664615,RMD,BRACKET_MEDIUM,false,true,0.42853709999999995,0.40104836000000005,0.6008145300000001,,0.3558,false
EVT-CON-0743,Monastic Network Expansion of USSR / Russian Federation,2012,contemporary,religious,Eurasia,USSR / Russian Federation,CHR-CON-0743,30692.4,0.435,0.371,0.6026,0.711,99.3,0.852,57.3,28.4,0.5721,104.4,48,0.5765,0.6365,0.6252,0.4375,0.5994,0.753,0.6103,0.1165,0.2478,0.4509,0.68218,RMD,BRACKET_MEDIUM,false,false,0.33795440000000004,0.39425228,0.38217028000000003,,0.3803,false
EVT-CON-0744,Maritime Hegemony Clash in Latin America (Mercosur/Alliance),1985,contemporary,war,Latin America,Latin America (Mercosur/Alliance),CHR-CON-0744,45790.9,0.625,0.659,0.5949,0.733,89.4,0.8135,56.8,12.5,0.4713,564.3,72.5,0.8211,0.6337,0.5803,0.3819,0.5632,0.7345,0.5787,0.1008,0.3973,0.5018,0.703083,RMD,BRACKET_HIGH,false,false,0.5056901500000001,0.589125,0.685,,0.3921,false
EVT-CON-0745,Administrative Codification of Sub-Saharan Africa,2008,contemporary,transformation,Africa,Sub-Saharan Africa,CHR-CON-0745,25043.2,0.644,0.367,0.4903,0.489,92.3,0.706,76.9,16.2,0.71,191.9,85.4,0.8075,0.5807,0.6307,0.5777,0.817,0.7506,0.6713,0.1699,0.3646,0.527,0.55886,CMN,BRACKET_BASE,false,true,0.5416129700000001,0.568625,0.598625,,0.3199,false
EVT-CON-0746,Strategic Siege of People's Republic of China,1984,contemporary,war,East Asia,People's Republic of China,CHR-CON-0746,13121.3,0.319,0.606,0.409,0.74,76.5,0.7525,57.5,20.6,0.5274,185.6,82.4,0.7901,0.6945,0.5834,0.372,0.4991,0.7458,0.579,0.0513,0.5535,0.5427,0.556355,CMN,BRACKET_BASE,false,true,0.54076958,0.5996250000000001,0.748125,,0.4013,false
EVT-CON-0747,Dynastic Disintegration of Global Transnational Institutions,2020,contemporary,collapse,Global,Global Transnational Institutions,CHR-CON-0747,14460.5,0.582,0.114,0.4897,0.843,72.4,0.7835,58.3,28.1,0.5811,548.2,60.4,0.7585,0.7543,0.6906,0.4335,0.5126,0.4531,0.5688,-0.3012,0.5665,0.6561,0.637827,RMD,BRACKET_MEDIUM,false,true,0.50399744,0.5755474199999999,0.88975929,,0.3519,false
EVT-CON-0748,Canal Infrastructure Boom in Sub-Saharan Africa,2024,contemporary,economic,Africa,Sub-Saharan Africa,CHR-CON-0748,7063,0.499,0.745,0.2588,0.721,88.6,0.8035,63.8,8.9,0.5251,347.3,75.4,0.8005,0.5583,0.4801,0.2057,0.3558,0.3765,0.3953,-0.1818,0.589,0.6373,0.435024,CMN,BRACKET_BASE,false,true,0.5601906000000001,0.49800817999999997,0.8021380399999999,,0.3838,false
EVT-CON-0749,Epidemic Fever Outbreak across Republic of India,1960,contemporary,pandemic,South Asia,Republic of India,CHR-CON-0749,19875.7,0.29,0.841,0.4079,0.48,79.4,0.637,76.1,16.8,0.705,350.2,77.7,0.8126,0.7324,0.7033,0.3676,0.5834,0.5355,0.5844,-0.1969,0.6582,0.6384,0.770753,RMD,BRACKET_HIGH,true,false,0.25836804,0.41094473,0.57024705,,0.3897,false
EVT-CON-0750,Debt Crisis Settlement of United States,1964,contemporary,economic,North America,United States,CHR-CON-0750,42592.7,0.379,0.61,0.6547,0.598,76.8,0.683,66.9,8.6,0.5567,412.4,81.9,0.8454,0.6799,0.6448,0.4431,0.5388,0.5023,0.5618,-0.1776,0.3178,0.5212,0.738769,RMD,BRACKET_HIGH,true,false,0.35028349,0.5135322600000001,0.7700223,,0.3325,false
EVT-CON-0751,Imperial Annexation War in Global Transnational Institutions,2015,contemporary,war,Global,Global Transnational Institutions,CHR-CON-0751,5287.3,0.503,0.562,0.2966,0.523,79.7,0.66,70,17.4,0.6429,81,67.3,0.6546,0.5864,0.5133,0.2967,0.4143,0.4332,0.4488,-0.1532,0.3198,0.5528,0.338423,CMN,BRACKET_BASE,false,true,0.766125,0.576875,0.8218749999999999,,0.3645,true
EVT-CON-0752,Sanitation & Medical Breakthrough in Southeast Asia (ASEAN),2006,contemporary,technological,Southeast Asia,Southeast Asia (ASEAN),CHR-CON-0752,30968.7,0.56,0.675,0.4764,0.384,86.8,0.626,67.5,15.6,0.6051,297.5,47.3,0.6487,0.535,0.5825,0.6459,0.7491,0.7763,0.6578,0.2413,0.2583,0.5688,0.740317,RMD,BRACKET_HIGH,true,false,0.25624599,0.39369095,0.41031892000000003,,0.2995,false
EVT-CON-0753,Dynastic Disintegration of Southeast Asia (ASEAN),1985,contemporary,collapse,Southeast Asia,Southeast Asia (ASEAN),CHR-CON-0753,36374.8,0.343,0.479,0.6489,0.738,94.3,0.8405,76.9,12.9,0.6902,256.6,72.6,0.7645,0.8379,0.7426,0.4547,0.5404,0.4968,0.6145,-0.3411,0.4941,0.6108,0.470215,CMN,BRACKET_BASE,false,true,0.43677425000000003,0.5998825000000001,0.91896431,,0.3636,false
EVT-CON-0754,Coalition Defense of People's Republic of China,1954,contemporary,war,East Asia,People's Republic of China,CHR-CON-0754,30236.8,0.523,0.537,0.5223,0.688,93.1,0.8095,83.2,25.8,0.8354,110.2,54.7,0.6139,0.7524,0.6692,0.3914,0.4577,0.5108,0.5563,-0.2416,0.5332,0.5687,0.521851,CMN,BRACKET_BASE,false,true,0.5337787199999999,0.60475,0.9285,,0.3771,false
EVT-CON-0755,Institutional Dissolution of Southeast Asia (ASEAN),2014,contemporary,collapse,Southeast Asia,Southeast Asia (ASEAN),CHR-CON-0755,30820.2,0.329,0.636,0.5561,0.757,93.7,0.847,67.2,25.5,0.6613,246.7,68.3,0.7402,0.8291,0.7309,0.5221,0.5739,0.473,0.6258,-0.3561,0.6753,0.6815,0.619049,CMN,BRACKET_BASE,false,true,0.40834585000000007,0.52578431,0.9232655399999998,,0.3517,false
EVT-CON-0756,Secular Legal Separation in People's Republic of China,1992,contemporary,religious,East Asia,People's Republic of China,CHR-CON-0756,16569.2,0.426,0.192,0.5321,0.626,95.5,0.7905,56.3,30.7,0.5751,485.3,51.5,0.7052,0.6089,0.6708,0.5372,0.7162,0.8185,0.6703,0.2096,0.2508,0.5212,0.830534,RMD,BRACKET_HIGH,true,false,0.1943235,0.46958740000000004,0.4854932,,0.3472,false
EVT-CON-0757,Sanitation & Medical Breakthrough in Global Transnational Institutions,1970,contemporary,technological,Global,Global Transnational Institutions,CHR-CON-0757,32899.6,0.378,0.256,0.6741,0.393,92.5,0.659,56.5,29,0.5671,309.5,57.3,0.7016,0.5942,0.6394,0.7123,0.7877,0.7493,0.6966,0.1551,0.1933,0.477,0.532922,CMN,BRACKET_BASE,false,true,0.45243224,0.47474187,0.609258,,0.2699,false
EVT-CON-0758,Secular Legal Separation in People's Republic of China,1973,contemporary,religious,East Asia,People's Republic of China,CHR-CON-0758,33011.2,0.396,0.531,0.5872,0.467,70.8,0.5875,71.4,13.8,0.6363,131.9,50.4,0.6054,0.6137,0.6077,0.5001,0.5729,0.8521,0.6293,0.2384,0.381,0.5823,0.700097,RMD,BRACKET_HIGH,false,false,0.46846086,0.55747584,0.5635564,,0.3661,false
EVT-CON-0759,Sanitation & Medical Breakthrough in European Union / Western Europe,1968,contemporary,technological,Europe,European Union / Western Europe,CHR-CON-0759,41007.4,0.52,0.13,0.7421,0.743,86.9,0.806,72,20.3,0.6818,533.5,44.9,0.679,0.6372,0.6681,0.7313,0.8531,0.7968,0.7373,0.1596,0.3594,0.4715,0.741289,RMD,BRACKET_HIGH,true,false,0.20668830000000002,0.566,0.6955,,0.2805,false
EVT-CON-0760,Harbor Incursion Sickness in Southeast Asia (ASEAN),2021,contemporary,pandemic,Southeast Asia,Southeast Asia (ASEAN),CHR-CON-0760,46741.4,0.603,0.532,0.6482,0.573,94.8,0.7605,82.8,27.6,0.8419,199.9,82.3,0.795,0.7904,0.7441,0.4366,0.5701,0.6601,0.6403,-0.1303,0.802,0.5633,0.542237,CMN,BRACKET_BASE,false,true,0.36738921,0.4210311,0.5511916800000001,,0.3927,false
EVT-CON-0761,Frontier Fragmentation of Global Transnational Institutions,2004,contemporary,collapse,Global,Global Transnational Institutions,CHR-CON-0761,21083,0.408,0.259,0.5579,0.765,72.2,0.7435,80.4,22.1,0.7831,85,55,0.5966,0.7334,0.6715,0.3502,0.4109,0.5193,0.5371,-0.2141,0.7598,0.6229,0.651153,RMD,BRACKET_MEDIUM,false,true,0.5320727999999999,0.5931733499999999,0.87082996,,0.3907,false
EVT-CON-0762,Silver Flotilla Currency Shock in People's Republic of China,2026,contemporary,economic,East Asia,People's Republic of China,CHR-CON-0762,37409.4,0.542,0.501,0.5919,0.467,95.2,0.7095,60.6,25.8,0.592,116.9,70.6,0.6976,0.6798,0.5988,0.4378,0.5094,0.6537,0.5759,-0.0261,0.2825,0.4307,0.767375,RMD,BRACKET_HIGH,true,false,0.33952899000000003,0.40052065000000003,0.4444986,,0.3716,false
EVT-CON-0763,Fiscal Modernization in People's Republic of China,1961,contemporary,transformation,East Asia,People's Republic of China,CHR-CON-0763,13565.6,0.588,0.586,0.3383,0.782,76.9,0.7755,73.3,27.8,0.7408,137.5,67.1,0.6919,0.5386,0.6024,0.5138,0.7087,0.6675,0.6062,0.1289,0.106,0.4479,0.592696,CMN,BRACKET_BASE,false,true,0.39006852000000003,0.49863528000000007,0.51453432,,0.3119,false
EVT-CON-0764,Urban Quarantine Emergency in United States,1949,contemporary,pandemic,North America,United States,CHR-CON-0764,33293.4,0.277,0.461,0.6464,0.793,71.4,0.7535,77.3,28.2,0.7863,157.3,56.7,0.6496,0.7511,0.7261,0.3835,0.5065,0.5877,0.591,-0.1634,0.6861,0.5618,0.753946,RMD,BRACKET_HIGH,true,false,0.39369681,0.53083366,0.8304798500000001,,0.3933,false
EVT-CON-0765,Secular Legal Separation in Southeast Asia (ASEAN),2024,contemporary,religious,Southeast Asia,Southeast Asia (ASEAN),CHR-CON-0765,3924.4,0.326,0.458,0.3686,0.358,67.9,0.5185,81.4,10.7,0.7254,227.7,81.8,0.8019,0.6045,0.5657,0.3671,0.5464,0.4732,0.5114,-0.1313,0.3341,0.5426,0.480787,CMN,BRACKET_BASE,false,true,0.53659431,0.48749715,0.71992368,,0.3515,false
EVT-CON-0766,Secular Legal Separation in European Union / Western Europe,2018,contemporary,religious,Europe,European Union / Western Europe,CHR-CON-0766,15441.4,0.514,0.847,0.299,0.285,89.1,0.588,66.7,26.2,0.6601,252.1,45.3,0.6268,0.5638,0.5446,0.4125,0.554,0.6185,0.5387,0.0547,0.2023,0.478,0.821617,RMD,BRACKET_HIGH,true,false,0.22789339999999997,0.38580371999999996,0.39920824999999993,,0.3461,false
EVT-CON-0767,Educational Charter of United States,1978,contemporary,transformation,North America,United States,CHR-CON-0767,47149.5,0.505,0.815,0.5964,0.202,91,0.556,74.3,24.2,0.73,429.1,58,0.7288,0.5947,0.6228,0.523,0.6718,0.7077,0.624,0.113,0.2276,0.4656,0.515113,CMN,BRACKET_BASE,false,true,0.3926572300000001,0.5421156,0.5654796000000001,,0.3186,false
EVT-CON-0768,Military Coup d’État in Latin America (Mercosur/Alliance),1956,contemporary,revolution,Latin America,Latin America (Mercosur/Alliance),CHR-CON-0768,24409.9,0.575,0.605,0.434,0.789,86.9,0.829,81.6,11.5,0.7324,252.4,54.1,0.6708,0.7254,0.5962,0.3499,0.5779,0.9028,0.6304,0.1774,0.7181,0.606,0.750546,RMD,BRACKET_HIGH,true,false,0.26272402,0.43058037,0.46529288,,0.3868,false
EVT-CON-0769,Orthodoxy & Heresy Trial Wave in Sub-Saharan Africa,1969,contemporary,religious,Africa,Sub-Saharan Africa,CHR-CON-0769,47252,0.31,0.264,0.8211,0.307,85.1,0.579,72.6,14.3,0.6523,116.4,50.2,0.5953,0.6656,0.6905,0.5495,0.656,0.6513,0.6426,-0.0143,0.3488,0.4171,0.832643,RMD,BRACKET_HIGH,true,false,0.26822123999999997,0.39003577999999994,0.44563142,,0.3078,false
EVT-CON-0770,Judicial Standard Reform in People's Republic of China,1982,contemporary,transformation,East Asia,People's Republic of China,CHR-CON-0770,30721.2,0.53,0.227,0.6176,0.65,97.5,0.8125,65.4,13.3,0.5687,394.3,56.9,0.7171,0.6048,0.6812,0.608,0.8304,0.9078,0.7264,0.303,0.2114,0.5466,0.779684,RMD,BRACKET_HIGH,true,false,0.25657401,0.40194,0.32275071,,0.3448,false
EVT-CON-0771,Metallurgical Innovation Surge in European Union / Western Europe,1976,contemporary,technological,Europe,European Union / Western Europe,CHR-CON-0771,35464.1,0.594,0.834,0.4589,0.717,71.6,0.7165,56.7,24.9,0.5446,138.8,49.1,0.6026,0.5182,0.5663,0.6304,0.7726,0.7483,0.6472,0.2301,0.2895,0.5686,0.806515,RMD,BRACKET_HIGH,true,false,0.3066471,0.38573977,0.40842828,,0.2997,false
EVT-CON-0772,Secular Legal Separation in People's Republic of China,2013,contemporary,religious,East Asia,People's Republic of China,CHR-CON-0772,19511.6,0.641,0.809,0.3089,0.498,94.9,0.7235,55.4,25.7,0.5354,65.8,62.2,0.614,0.5642,0.5347,0.3664,0.4922,0.7059,0.5327,0.1417,0.516,0.6003,0.688088,RMD,BRACKET_MEDIUM,false,false,0.39408005999999995,0.574125,0.675875,,0.3819,false
EVT-CON-0773,Dynastic Disintegration of Sub-Saharan Africa,1976,contemporary,collapse,Africa,Sub-Saharan Africa,CHR-CON-0773,38859.6,0.545,0.396,0.6355,0.545,72.2,0.6335,73.3,18.1,0.6826,453.2,75.2,0.8187,0.8046,0.702,0.3958,0.4899,0.4414,0.5667,-0.3632,0.6447,0.6946,0.771052,RMD,BRACKET_HIGH,true,false,0.273216,0.4298445,0.6388164900000001,,0.3673,false
EVT-CON-0774,Synod Monotheistic Mandate in European Union / Western Europe,1991,contemporary,religious,Europe,European Union / Western Europe,CHR-CON-0774,24057.1,0.371,0.391,0.5562,0.541,70.4,0.6225,59.8,28.3,0.5984,154.6,52.9,0.6294,0.5865,0.6153,0.5243,0.6451,0.827,0.6396,0.2405,0.53,0.6258,0.703662,RMD,BRACKET_HIGH,false,false,0.38416464000000006,0.49502916,0.5676238800000001,,0.3429,false
EVT-CON-0775,Institutional Dissolution of Middle East & North Africa (MENA),1998,contemporary,collapse,Middle East,Middle East & North Africa (MENA),CHR-CON-0775,39689.5,0.431,0.219,0.7303,0.475,97.5,0.725,75.5,22.8,0.7345,88.4,45.4,0.5514,0.8149,0.7491,0.4375,0.4801,0.3871,0.5737,-0.4278,0.6161,0.6866,0.539281,CMN,BRACKET_BASE,false,true,0.46466419999999997,0.60109034,0.9678789999999999,,0.3684,false
EVT-CON-0776,Printing & Communications Diffusion in Sub-Saharan Africa,1991,contemporary,technological,Africa,Sub-Saharan Africa,CHR-CON-0776,16740.1,0.523,0.252,0.4865,0.756,93.3,0.8445,71.4,9.6,0.6111,541.6,83.1,0.8711,0.6213,0.6488,0.7366,0.8651,0.8448,0.7433,0.2235,0.4857,0.5808,0.821158,RMD,BRACKET_HIGH,true,false,0.22011471999999999,0.3891635,0.43921385999999996,,0.296,false
EVT-CON-0777,Treaty System Implementation across USSR / Russian Federation,1959,contemporary,transformation,Eurasia,USSR / Russian Federation,CHR-CON-0777,35747.2,0.286,0.316,0.7093,0.301,66.1,0.481,67.1,18.7,0.6194,102.4,67.2,0.671,0.5228,0.5797,0.4686,0.6516,0.663,0.5771,0.1402,0.3161,0.5133,0.897127,RMD,BRACKET_HIGH,true,false,0.2667702,0.38949384000000004,0.38665075,,0.3182,false
EVT-CON-0778,Canal Infrastructure Boom in People's Republic of China,1970,contemporary,economic,East Asia,People's Republic of China,CHR-CON-0778,31571.2,0.54,0.314,0.5961,0.624,96.7,0.7955,56.8,14,0.4803,527.8,73.2,0.8197,0.7083,0.6749,0.5304,0.6346,0.6416,0.638,-0.0667,0.4253,0.4916,0.691216,RMD,BRACKET_MEDIUM,false,false,0.32562232,0.48536824,0.6940983,,0.3267,false
EVT-CON-0779,Orthodoxy & Heresy Trial Wave in Sub-Saharan Africa,1966,contemporary,religious,Africa,Sub-Saharan Africa,CHR-CON-0779,40207.5,0.56,0.245,0.6885,0.585,96,0.7725,82,22.4,0.8021,297.7,67.8,0.7513,0.7436,0.8139,0.6684,0.843,0.8793,0.7896,0.1357,0.4587,0.4785,0.687645,RMD,BRACKET_MEDIUM,false,false,0.29423449,0.55698792,0.60239487,,0.3329,false
EVT-CON-0780,Urban Quarantine Emergency in Global Transnational Institutions,1985,contemporary,pandemic,Global,Global Transnational Institutions,CHR-CON-0780,5904.1,0.383,0.67,0.3057,0.44,72.2,0.581,69,30.4,0.7101,136.1,74.2,0.7266,0.661,0.6118,0.3024,0.5438,0.4442,0.5126,-0.2168,0.6369,0.6668,0.623714,CMN,BRACKET_BASE,false,true,0.41014069999999997,0.51056829,0.8443452,,0.3891,false
EVT-CON-0781,Palatial Collapse of European Union / Western Europe,1994,contemporary,collapse,Europe,European Union / Western Europe,CHR-CON-0781,19520.3,0.277,0.73,0.4419,0.437,71.8,0.5775,81,22.8,0.7937,263,48.7,0.6468,0.7385,0.6412,0.4071,0.4979,0.3474,0.5264,-0.3911,0.6621,0.7348,0.766191,RMD,BRACKET_HIGH,true,false,0.37987603999999997,0.40737938999999995,0.625224,,0.3626,false
EVT-CON-0782,Astronomical Standardization by Southeast Asia (ASEAN),1980,contemporary,technological,Southeast Asia,Southeast Asia (ASEAN),CHR-CON-0782,41994.4,0.358,0.486,0.6928,0.434,89,0.662,71.6,13.7,0.6379,430.1,67,0.7739,0.6063,0.6646,0.734,0.8007,0.8244,0.726,0.2181,0.2348,0.5076,0.814171,RMD,BRACKET_HIGH,true,false,0.22366493999999998,0.38047474,0.40849392,,0.2853,false
EVT-CON-0783,Civic Restoration Revolt in European Union / Western Europe,1995,contemporary,revolution,Europe,European Union / Western Europe,CHR-CON-0783,29249.8,0.33,0.228,0.6641,0.607,94.1,0.774,57.2,22.2,0.5338,253.6,43.1,0.6162,0.7203,0.5858,0.2868,0.4175,0.5968,0.5214,-0.1235,0.5679,0.5429,0.852365,RMD,BRACKET_HIGH,true,false,0.3934315,0.4298688,0.54470238,,0.4052,false
EVT-CON-0784,Temple Bureaucracy Reorganization of USSR / Russian Federation,2019,contemporary,religious,Eurasia,USSR / Russian Federation,CHR-CON-0784,31348.7,0.456,0.41,0.5905,0.511,83.9,0.675,82.4,10.3,0.7338,388.7,74.2,0.8026,0.7501,0.8209,0.6229,0.7099,0.813,0.7434,0.0629,0.204,0.4151,0.813337,RMD,BRACKET_HIGH,true,false,0.18594377,0.38763468,0.3843,,0.3448,false
EVT-CON-0785,Guild Monopoly Reform in Republic of India,1952,contemporary,economic,South Asia,Republic of India,CHR-CON-0785,27128.1,0.547,0.847,0.3942,0.745,71.2,0.7285,70.6,20.7,0.6691,316.5,56,0.6967,0.6785,0.5953,0.338,0.3941,0.6871,0.5386,0.0086,0.3652,0.4572,0.77178,RMD,BRACKET_HIGH,true,false,0.29149458,0.42663205,0.46480076,,0.4053,false
EVT-CON-0786,Grain Market Price Shock across Sub-Saharan Africa,1974,contemporary,economic,Africa,Sub-Saharan Africa,CHR-CON-0786,45911.8,0.558,0.777,0.5807,0.221,94.6,0.5835,77.4,28.7,0.7904,540,61.4,0.7624,0.7516,0.682,0.5513,0.675,0.5249,0.637,-0.2267,0.4055,0.5606,0.68425,RMD,BRACKET_MEDIUM,false,false,0.4095054,0.5542892800000001,0.7916151200000001,,0.3277,false
EVT-CON-0787,Orthodoxy & Heresy Trial Wave in Latin America (Mercosur/Alliance),2006,contemporary,religious,Latin America,Latin America (Mercosur/Alliance),CHR-CON-0787,37707.9,0.529,0.222,0.6822,0.576,97.5,0.7755,67,16,0.6022,136.6,38.2,0.5469,0.6844,0.7533,0.6166,0.7877,0.5515,0.6787,-0.1329,0.4957,0.5167,0.772111,RMD,BRACKET_HIGH,true,false,0.36004705,0.55217151,0.7395176499999999,,0.3016,false
EVT-CON-0788,Debt Crisis Settlement of Japan,1979,contemporary,economic,East Asia,Japan,CHR-CON-0788,15331.7,0.438,0.868,0.3146,0.654,86.5,0.7595,72.2,12.1,0.6348,303.2,60.2,0.7146,0.5621,0.5264,0.3525,0.4062,0.5225,0.4739,-0.0396,0.3658,0.4865,0.453808,CMN,BRACKET_BASE,false,true,0.46860879999999994,0.39066533999999997,0.46211487,,0.3556,false
EVT-CON-0789,Maritime Trade Hub Expansion in USSR / Russian Federation,1975,contemporary,economic,Eurasia,USSR / Russian Federation,CHR-CON-0789,33243.6,0.523,0.281,0.6262,0.449,84.2,0.6455,69.2,30.2,0.711,269.6,80.9,0.8096,0.6841,0.6417,0.4079,0.5349,0.7884,0.6114,0.1043,0.5963,0.538,0.779232,RMD,BRACKET_HIGH,true,false,0.36067289999999996,0.41470875,0.4495934999999999,,0.3981,false
EVT-CON-0790,Imperial Annexation War in Japan,1985,contemporary,war,East Asia,Japan,CHR-CON-0790,39855,0.548,0.322,0.6658,0.422,77.5,0.5985,61.9,12.3,0.525,194.3,67.2,0.7174,0.5828,0.5257,0.3584,0.5066,0.6119,0.5171,0.0291,0.6376,0.5367,0.662223,RMD,BRACKET_MEDIUM,false,true,0.5166168400000001,0.4979472,0.6947169,,0.3724,false
EVT-CON-0791,Pantheon Reformation of Sub-Saharan Africa,2002,contemporary,religious,Africa,Sub-Saharan Africa,CHR-CON-0791,11973.5,0.427,0.889,0.2814,0.651,76.7,0.709,71,18.6,0.6608,401.5,52,0.6939,0.5471,0.5174,0.393,0.521,0.5329,0.5023,-0.0142,0.2739,0.4585,0.507965,CMN,BRACKET_BASE,false,true,0.5544783999999999,0.54828632,0.66617856,,0.33,false
EVT-CON-0792,Frontier Fragmentation of European Union / Western Europe,1990,contemporary,collapse,Europe,European Union / Western Europe,CHR-CON-0792,22620.4,0.594,0.635,0.4032,0.363,76.8,0.5655,82.2,28.1,0.8384,530.4,53.8,0.7231,0.6936,0.6081,0.2187,0.2454,0.4882,0.4508,-0.2054,0.4268,0.5766,0.585693,CMN,BRACKET_BASE,false,true,0.6643749999999999,0.645,0.908375,,0.4107,false
EVT-CON-0793,Judicial Standard Reform in European Union / Western Europe,1962,contemporary,transformation,Europe,European Union / Western Europe,CHR-CON-0793,39717.9,0.318,0.477,0.6871,0.549,73.2,0.6405,64.9,31.3,0.6713,170.8,38.6,0.5651,0.5905,0.6687,0.587,0.76,0.7947,0.6802,0.2042,0.1366,0.4746,0.84688,RMD,BRACKET_HIGH,true,false,0.22448395000000002,0.46436266,0.44608931999999996,,0.3219,false
EVT-CON-0794,Maritime Trade Hub Expansion in Sub-Saharan Africa,1962,contemporary,economic,Africa,Sub-Saharan Africa,CHR-CON-0794,26267.8,0.468,0.862,0.4057,0.258,89.4,0.576,65.9,12.1,0.5669,520.4,77.6,0.8407,0.6146,0.5165,0.3807,0.4445,0.7206,0.5354,0.106,0.4081,0.557,0.846731,RMD,BRACKET_HIGH,true,false,0.29218917,0.39904984000000004,0.41270670000000004,,0.3891,false
EVT-CON-0795,Respiratory Virulence Wave across Latin America (Mercosur/Alliance),2017,contemporary,pandemic,Latin America,Latin America (Mercosur/Alliance),CHR-CON-0795,46300.2,0.421,0.31,0.7654,0.707,96.5,0.836,83.6,8.6,0.7365,395.9,78.8,0.8269,0.8826,0.8609,0.3786,0.5475,0.8808,0.7101,-0.0018,0.8674,0.4971,0.396922,CMN,BRACKET_BASE,false,true,0.518,0.688,0.80675,,0.3987,false
EVT-CON-0796,Secular Legal Separation in Global Transnational Institutions,1953,contemporary,religious,Global,Global Transnational Institutions,CHR-CON-0796,11643,0.32,0.891,0.3099,0.241,76.8,0.5045,72.2,24.5,0.7092,149.2,47.6,0.6003,0.5634,0.5595,0.4697,0.6024,0.6929,0.5776,0.1295,0.4128,0.5746,0.667245,RMD,BRACKET_MEDIUM,false,true,0.36172801000000004,0.54184559,0.6051779199999999,,0.3322,false
EVT-CON-0797,Agricultural Plague Wave in European Union / Western Europe,1953,contemporary,pandemic,Europe,European Union / Western Europe,CHR-CON-0797,37660.7,0.559,0.753,0.5135,0.336,80.4,0.57,77.9,18,0.7315,135,49.8,0.6041,0.641,0.57,0.2217,0.3745,0.3162,0.4247,-0.3248,0.767,0.7249,0.519075,CMN,BRACKET_BASE,false,true,0.6460368799999999,0.57530688,0.9065455499999999,,0.3851,false
EVT-CON-0798,Synod Monotheistic Mandate in Latin America (Mercosur/Alliance),1976,contemporary,religious,Latin America,Latin America (Mercosur/Alliance),CHR-CON-0798,16989.9,0.329,0.785,0.3871,0.423,69,0.5565,55.4,11,0.4472,344.3,48.3,0.6643,0.5552,0.5563,0.3628,0.4815,0.4281,0.4768,-0.1271,0.4402,0.6001,0.753259,RMD,BRACKET_HIGH,true,false,0.4028512,0.388443,0.5079249,,0.3229,false
EVT-CON-0799,Sanitation & Medical Breakthrough in Japan,1963,contemporary,technological,East Asia,Japan,CHR-CON-0799,18804.7,0.509,0.531,0.4256,0.371,86.7,0.619,61.1,19.2,0.5578,502.1,63.4,0.7671,0.5418,0.5753,0.6924,0.7967,0.7606,0.6734,0.2188,0.3526,0.5959,0.794517,RMD,BRACKET_HIGH,true,false,0.32088036000000003,0.560625,0.726375,,0.2846,false
EVT-CON-0800,Frontier Campaign of Middle East & North Africa (MENA),2000,contemporary,war,Middle East,Middle East & North Africa (MENA),CHR-CON-0800,42156,0.57,0.196,0.7177,0.73,94.7,0.8385,76.5,20,0.7285,476.9,52.7,0.7099,0.7105,0.6651,0.3541,0.4399,0.575,0.5489,-0.1355,0.4258,0.4669,0.847147,RMD,BRACKET_HIGH,true,false,0.331908,0.41181888,0.51295356,,0.3957,false
EVT-CON-0801,Treaty System Implementation across Republic of India,2017,contemporary,transformation,South Asia,Republic of India,CHR-CON-0801,8328.9,0.607,0.254,0.3851,0.678,94.4,0.811,64.2,22.7,0.6122,540.1,40.7,0.6589,0.5252,0.5658,0.5003,0.6781,0.7277,0.5994,0.2025,0.201,0.5184,0.793038,RMD,BRACKET_HIGH,true,false,0.283875,0.563375,0.545375,,0.3245,false
EVT-CON-0802,Harbor Incursion Sickness in Southeast Asia (ASEAN),1992,contemporary,pandemic,Southeast Asia,Southeast Asia (ASEAN),CHR-CON-0802,14536.1,0.331,0.892,0.3323,0.673,68.9,0.681,76,29.6,0.7807,419.5,47.1,0.6726,0.6548,0.5802,0.2503,0.3665,0.5333,0.477,-0.1215,0.6704,0.5941,0.575676,CMN,BRACKET_BASE,false,true,0.4428340800000001,0.40632288,0.52505712,,0.4045,false
EVT-CON-0803,Coalition Defense of Sub-Saharan Africa,1995,contemporary,war,Africa,Sub-Saharan Africa,CHR-CON-0803,4349.8,0.488,0.839,0.2095,0.847,65,0.7485,71,22.2,0.6824,345.9,53.8,0.6922,0.5631,0.4918,0.2982,0.4238,0.7024,0.4959,0.1393,0.3164,0.5383,0.451812,CMN,BRACKET_BASE,false,true,0.48882306,0.592875,0.6646249999999999,,0.3997,false
EVT-CON-0804,Urban Quarantine Emergency in European Union / Western Europe,1973,contemporary,pandemic,Europe,European Union / Western Europe,CHR-CON-0804,7013.8,0.6,0.199,0.3919,0.231,88.5,0.558,79.7,22.9,0.7803,543.4,55.6,0.7339,0.6631,0.6133,0.3309,0.5041,0.3975,0.5018,-0.2656,0.6929,0.6871,0.590302,CMN,BRACKET_BASE,false,true,0.61425756,0.51533129,0.88550374,,0.3659,false
EVT-CON-0805,Synod Monotheistic Mandate in Republic of India,2021,contemporary,religious,South Asia,Republic of India,CHR-CON-0805,6626.1,0.522,0.487,0.3254,0.244,88.8,0.566,74.2,21.8,0.7145,518.4,74.8,0.8264,0.589,0.5981,0.4303,0.5004,0.5215,0.5279,-0.0675,0.4996,0.5505,0.753037,RMD,BRACKET_HIGH,true,false,0.38836306,0.39403625,0.4989636,,0.3174,false
EVT-CON-0806,Administrative Codification of People's Republic of China,1981,contemporary,transformation,East Asia,People's Republic of China,CHR-CON-0806,45565.3,0.302,0.738,0.6661,0.819,96.4,0.8915,56.4,29.4,0.5684,152.5,53.2,0.6299,0.597,0.6311,0.5263,0.6624,0.7437,0.6321,0.1467,0.1724,0.4334,0.637917,RMD,BRACKET_MEDIUM,false,true,0.45954399999999995,0.56725,0.573875,,0.3292,false
EVT-CON-0807,Dynastic Disintegration of Sub-Saharan Africa,1957,contemporary,collapse,Africa,Sub-Saharan Africa,CHR-CON-0807,45174.9,0.501,0.537,0.6632,0.262,86.4,0.563,71.9,11.1,0.6255,447.6,52.7,0.7053,0.7356,0.6773,0.375,0.4231,0.3962,0.5214,-0.3394,0.649,0.6978,0.802146,RMD,BRACKET_HIGH,true,false,0.30588896,0.42071329999999996,0.6263447999999999,,0.3579,false
EVT-CON-0808,Synod Monotheistic Mandate in Middle East & North Africa (MENA),1947,contemporary,religious,Middle East,Middle East & North Africa (MENA),CHR-CON-0808,13751.6,0.315,0.816,0.3528,0.549,71.4,0.6315,71.8,15.6,0.6514,495.8,64.3,0.7707,0.6492,0.6723,0.4961,0.6362,0.8024,0.6512,0.1532,0.2802,0.5374,0.882177,RMD,BRACKET_HIGH,true,false,0.2695588,0.3861753,0.370125,,0.3696,false
EVT-CON-0809,Epidemic Fever Outbreak across Latin America (Mercosur/Alliance),1979,contemporary,pandemic,Latin America,Latin America (Mercosur/Alliance),CHR-CON-0809,26144.4,0.566,0.14,0.5917,0.834,91.1,0.8725,70.9,12.5,0.6232,344.8,61.2,0.7289,0.7894,0.7106,0.3395,0.5367,0.4152,0.5583,-0.3742,0.6748,0.6877,0.582852,CMN,BRACKET_BASE,false,true,0.44583168,0.42761478,0.6268748500000001,,0.3906,false
EVT-CON-0810,Frontier Fragmentation of United States,1994,contemporary,collapse,North America,United States,CHR-CON-0810,20566.8,0.59,0.576,0.4036,0.826,74.7,0.7865,77.5,27.3,0.783,531.9,50.6,0.7073,0.752,0.6566,0.3584,0.3994,0.5332,0.5399,-0.2188,0.4857,0.5736,0.782685,RMD,BRACKET_HIGH,true,false,0.23953176,0.41367144000000006,0.55170997,,0.3934,false
EVT-CON-0811,Bureaucratic Consolidation of Global Transnational Institutions,2022,contemporary,transformation,Global,Global Transnational Institutions,CHR-CON-0811,7268,0.63,0.627,0.2568,0.451,92.1,0.686,81.3,12.4,0.7346,120,41.3,0.553,0.4616,0.4867,0.4252,0.6163,0.6348,0.5249,0.1732,0.3321,0.5549,0.618803,CMN,BRACKET_BASE,false,true,0.59748091,0.5573750000000001,0.597875,,0.3192,false
EVT-CON-0812,Harbor Incursion Sickness in Latin America (Mercosur/Alliance),1968,contemporary,pandemic,Latin America,Latin America (Mercosur/Alliance),CHR-CON-0812,16316.8,0.438,0.4,0.4638,0.48,94.2,0.711,69,12.5,0.6027,458.1,55.8,0.7225,0.6463,0.6205,0.2288,0.3624,0.6775,0.5071,0.0312,0.9198,0.6102,0.402649,CMN,BRACKET_BASE,false,true,0.6754683,0.6139804600000001,0.7347856200000001,,0.4019,false
EVT-CON-0813,Frontier Campaign of European Union / Western Europe,2006,contemporary,war,Europe,European Union / Western Europe,CHR-CON-0813,23302.1,0.314,0.472,0.5422,0.501,85.1,0.676,56.8,17.5,0.5013,331,86,0.85,0.6694,0.593,0.3301,0.3952,0.4745,0.4924,-0.1949,0.5988,0.627,0.596842,CMN,BRACKET_BASE,false,true,0.49237499999999995,0.587875,0.90175,,0.3761,false
EVT-CON-0814,Epidemic Fever Outbreak across Latin America (Mercosur/Alliance),1957,contemporary,pandemic,Latin America,Latin America (Mercosur/Alliance),CHR-CON-0814,5908.8,0.603,0.15,0.3958,0.411,94.1,0.676,75.3,18.9,0.7089,326.1,64,0.7389,0.6653,0.6148,0.305,0.4105,0.4518,0.4895,-0.2135,0.8162,0.6822,0.472609,CMN,BRACKET_BASE,false,true,0.7268255400000001,0.5898749999999999,0.92675,,0.3814,false
EVT-CON-0815,Silver Flotilla Currency Shock in United States,1980,contemporary,economic,North America,United States,CHR-CON-0815,39095.7,0.274,0.37,0.7268,0.333,86.7,0.6,75,19.8,0.7111,301.5,83.5,0.8307,0.7796,0.703,0.5116,0.5864,0.9238,0.7009,0.1442,0.5959,0.5512,0.620939,CMN,BRACKET_BASE,false,true,0.47198119999999993,0.59294196,0.6686132800000001,,0.3994,false
EVT-CON-0816,Constitutional Reorganization of Middle East & North Africa (MENA),1993,contemporary,transformation,Middle East,Middle East & North Africa (MENA),CHR-CON-0816,22910.1,0.275,0.664,0.4928,0.777,87.7,0.827,77,13.3,0.6936,347.8,78.2,0.8146,0.65,0.7083,0.5989,0.7777,0.9867,0.7443,0.3367,0.3028,0.5855,0.895387,RMD,BRACKET_HIGH,true,false,0.26286624000000003,0.5805,0.56525,,0.3557,false
EVT-CON-0817,Monastic Network Expansion of Latin America (Mercosur/Alliance),2026,contemporary,religious,Latin America,Latin America (Mercosur/Alliance),CHR-CON-0817,44256.9,0.302,0.546,0.712,0.728,73.2,0.73,77.8,13.8,0.7053,515.8,81.2,0.8581,0.7461,0.7338,0.5882,0.6956,0.9299,0.7387,0.1838,0.3959,0.5061,0.810511,RMD,BRACKET_HIGH,true,false,0.18970587,0.50016272,0.56180628,,0.3751,false
EVT-CON-0818,Frontier Fragmentation of People's Republic of China,2007,contemporary,collapse,East Asia,People's Republic of China,CHR-CON-0818,37025.4,0.644,0.164,0.659,0.637,96.5,0.801,75.7,15,0.6898,568,84.9,0.8836,0.874,0.7838,0.4551,0.5433,0.588,0.6488,-0.286,0.4074,0.5638,0.566685,CMN,BRACKET_BASE,false,true,0.39374746,0.5258195800000001,0.8320042999999999,,0.3871,false
EVT-CON-0819,Harbor Incursion Sickness in Japan,2013,contemporary,pandemic,East Asia,Japan,CHR-CON-0819,24432.5,0.514,0.126,0.5962,0.623,77.1,0.697,55.6,12.9,0.4608,192.3,49.4,0.6277,0.6573,0.5937,0.1046,0.3069,0.7021,0.4729,0.0448,0.7712,0.5839,0.443525,CMN,BRACKET_BASE,false,true,0.6779474,0.683375,0.8063750000000001,,0.4061,false
EVT-CON-0820,Orthodoxy & Heresy Trial Wave in Middle East & North Africa (MENA),1958,contemporary,religious,Middle East,Middle East & North Africa (MENA),CHR-CON-0820,36523.1,0.305,0.263,0.7264,0.33,76.4,0.547,64.6,9.8,0.5391,511.9,54.3,0.723,0.6251,0.6575,0.4668,0.576,0.7036,0.6058,0.0785,0.2391,0.4603,0.37726,CMN,BRACKET_BASE,false,true,0.51682358,0.5573275500000001,0.60643654,,0.3583,false
EVT-CON-0821,Agrarian Insurgency in Republic of India,1974,contemporary,revolution,South Asia,Republic of India,CHR-CON-0821,8900.5,0.292,0.211,0.4976,0.797,82.4,0.8105,58.7,22.4,0.5512,323.6,56.8,0.7023,0.7023,0.5698,0.3342,0.4575,0.6892,0.5506,-0.0131,0.5596,0.4981,0.400421,CMN,BRACKET_BASE,false,true,0.65559125,0.5947225199999999,0.74109249,,0.4041,false
EVT-CON-0822,Administrative Codification of United States,2009,contemporary,transformation,North America,United States,CHR-CON-0822,36637.9,0.311,0.476,0.6618,0.435,77.7,0.606,60.8,12.4,0.5138,454.3,40.9,0.6474,0.5406,0.5843,0.4576,0.6461,0.8401,0.6137,0.2995,0.1659,0.566,0.585088,CMN,BRACKET_BASE,false,true,0.545125,0.579125,0.545875,,0.3666,false
EVT-CON-0823,Fiscal Modernization in People's Republic of China,2010,contemporary,transformation,East Asia,People's Republic of China,CHR-CON-0823,36658.2,0.262,0.447,0.6854,0.562,78.5,0.6735,62.5,22.8,0.5945,317.9,42.3,0.6285,0.5555,0.5936,0.4863,0.6441,0.6727,0.5904,0.1172,0.2616,0.4657,0.573845,CMN,BRACKET_BASE,false,true,0.4205817,0.3875388,0.38327044,,0.3198,false
EVT-CON-0824,Agrarian Insurgency in Middle East & North Africa (MENA),1950,contemporary,revolution,Middle East,Middle East & North Africa (MENA),CHR-CON-0824,8382.2,0.598,0.4,0.3445,0.603,75.4,0.6785,83.9,18.8,0.801,548.8,44.1,0.6771,0.6312,0.4923,0.284,0.549,0.3562,0.4625,-0.275,0.4343,0.6135,0.69331,RMD,BRACKET_MEDIUM,false,false,0.4820187900000001,0.58975,0.918,,0.3808,false
EVT-CON-0825,Hydraulic Engineering Grid in USSR / Russian Federation,1989,contemporary,technological,Eurasia,USSR / Russian Federation,CHR-CON-0825,7862.3,0.412,0.115,0.4811,0.749,79.3,0.771,56.9,16.7,0.4976,117.5,64,0.665,0.5337,0.5916,0.675,0.8174,0.8107,0.6857,0.277,0.2809,0.5874,0.868733,RMD,BRACKET_HIGH,true,false,0.15554140000000002,0.39505391999999995,0.4163085,,0.3073,false
EVT-CON-0826,Peasant Rebellion against USSR / Russian Federation,2021,contemporary,revolution,Eurasia,USSR / Russian Federation,CHR-CON-0826,12536.4,0.469,0.448,0.4061,0.64,71.2,0.676,78.5,27.8,0.7968,465.2,67.4,0.7816,0.6722,0.5004,0.2027,0.3548,0.6932,0.4847,0.021,0.7088,0.5367,0.412126,CMN,BRACKET_BASE,false,true,0.68462282,0.6244969499999999,0.72507698,,0.3936,false
EVT-CON-0827,Caravan Route Pestilence in Latin America (Mercosur/Alliance),1989,contemporary,pandemic,Latin America,Latin America (Mercosur/Alliance),CHR-CON-0827,30514.4,0.495,0.422,0.5677,0.681,89.2,0.7865,73.1,17.1,0.6744,101.4,82.4,0.7463,0.7636,0.7246,0.2786,0.4568,0.5866,0.562,-0.177,0.8895,0.6437,0.66664,RMD,BRACKET_MEDIUM,false,true,0.41515008,0.6211467900000001,0.84812124,,0.4062,false
EVT-CON-0828,Agrarian Restructuring of USSR / Russian Federation,2026,contemporary,transformation,Eurasia,USSR / Russian Federation,CHR-CON-0828,6635,0.541,0.382,0.3513,0.462,94,0.701,61.2,29.4,0.6201,113.1,57.8,0.6312,0.4563,0.5264,0.3815,0.6156,0.7212,0.5402,0.2649,0.354,0.6107,0.692807,RMD,BRACKET_MEDIUM,false,false,0.39773104,0.39674876,0.36968085,,0.3618,false
EVT-CON-0829,Hydraulic Engineering Grid in Sub-Saharan Africa,2005,contemporary,technological,Africa,Sub-Saharan Africa,CHR-CON-0829,21579.5,0.605,0.227,0.5129,0.705,77.7,0.741,78.2,14.9,0.7162,407.7,83.6,0.8531,0.6461,0.689,0.7441,0.8108,0.8812,0.7542,0.2351,0.3159,0.5404,0.762347,RMD,BRACKET_HIGH,true,false,0.271737,0.38383984000000004,0.39857849999999995,,0.2992,false
EVT-CON-0830,Continental Standoff of Republic of India,1982,contemporary,war,South Asia,Republic of India,CHR-CON-0830,8568.5,0.307,0.688,0.3471,0.32,84.1,0.5805,63.7,26.6,0.6302,295.3,59.5,0.7092,0.6016,0.5048,0.2059,0.344,0.6062,0.4525,0.0046,0.6895,0.5712,0.723101,RMD,BRACKET_HIGH,false,false,0.38205027,0.40755312000000005,0.47971308,,0.4055,false
EVT-CON-0831,Territorial Rupture of Southeast Asia (ASEAN),1959,contemporary,collapse,Southeast Asia,Southeast Asia (ASEAN),CHR-CON-0831,44437.8,0.551,0.858,0.5453,0.407,78.6,0.5965,83.9,23.1,0.8268,206.6,61.2,0.6919,0.7658,0.6613,0.3857,0.4462,0.4383,0.5395,-0.3275,0.506,0.6381,0.442744,CMN,BRACKET_BASE,false,true,0.46973992000000003,0.586969,0.90236852,,0.3609,false
EVT-CON-0832,Epidemic Fever Outbreak across People's Republic of China,1956,contemporary,pandemic,East Asia,People's Republic of China,CHR-CON-0832,12740.7,0.423,0.462,0.4176,0.702,92.6,0.814,58,14.9,0.4986,384,55.5,0.7082,0.6644,0.6348,0.3047,0.4466,0.5043,0.511,-0.1601,0.69,0.6294,0.412071,CMN,BRACKET_BASE,false,true,0.4941324,0.40229119999999996,0.54719294,,0.3901,false
EVT-CON-0833,Metallurgical Innovation Surge in USSR / Russian Federation,2006,contemporary,technological,Eurasia,USSR / Russian Federation,CHR-CON-0833,28610.3,0.552,0.166,0.6103,0.711,76.6,0.7385,83.6,24,0.8289,378.8,41.7,0.6382,0.6638,0.704,0.7451,0.837,0.9691,0.7838,0.3053,0.4419,0.5787,0.747595,RMD,BRACKET_HIGH,true,false,0.22111411,0.55269822,0.58540626,,0.3204,false
EVT-CON-0834,Metallurgical Innovation Surge in Southeast Asia (ASEAN),2013,contemporary,technological,Southeast Asia,Southeast Asia (ASEAN),CHR-CON-0834,5608.3,0.603,0.824,0.1909,0.284,92.6,0.605,57.5,29.4,0.5802,313.2,82.7,0.8295,0.4536,0.4932,0.5446,0.6259,0.7169,0.5668,0.2633,0.4547,0.6794,0.804151,RMD,BRACKET_HIGH,true,false,0.374374,0.5294625,0.6095921599999999,,0.3096,false
EVT-CON-0835,Military Coup d’État in European Union / Western Europe,1994,contemporary,revolution,Europe,European Union / Western Europe,CHR-CON-0835,17212.1,0.612,0.48,0.3957,0.297,82,0.5585,71.7,19.8,0.6756,94.2,78.9,0.7235,0.6493,0.5287,0.218,0.4817,0.5866,0.4929,-0.0627,0.3678,0.5113,0.664681,RMD,BRACKET_MEDIUM,false,true,0.38983014,0.41569125,0.48892711999999994,,0.4043,false
EVT-CON-0836,Popular Uprising of Southeast Asia (ASEAN),2022,contemporary,revolution,Southeast Asia,Southeast Asia (ASEAN),CHR-CON-0836,15149.6,0.418,0.702,0.3687,0.722,93.2,0.827,69.5,24.7,0.6813,281.5,66.5,0.7407,0.7225,0.5804,0.2544,0.4356,0.6813,0.5348,-0.0412,0.4033,0.4715,0.54187,CMN,BRACKET_BASE,false,true,0.47100000000000003,0.636,0.801375,,0.3955,false
EVT-CON-0837,Decentralization Wave across People's Republic of China,1963,contemporary,collapse,East Asia,People's Republic of China,CHR-CON-0837,12997.8,0.373,0.826,0.3257,0.246,94.7,0.5965,56.4,27.4,0.5564,158.8,71.5,0.7243,0.6959,0.6357,0.2446,0.3431,0.4046,0.4648,-0.2913,0.5208,0.6957,0.604742,CMN,BRACKET_BASE,false,true,0.63473427,0.59953933,0.9037852399999999,,0.3962,false
EVT-CON-0838,Systemic Governance Breakdown in Global Transnational Institutions,1981,contemporary,collapse,Global,Global Transnational Institutions,CHR-CON-0838,24905.9,0.586,0.152,0.571,0.808,80,0.804,69.7,26,0.6912,177.7,67.5,0.7124,0.8406,0.73,0.3439,0.4101,0.5155,0.568,-0.3251,0.4516,0.6085,0.511436,CMN,BRACKET_BASE,false,true,0.38907308999999995,0.45042371,0.6093702,,0.4016,false
EVT-CON-0839,Grain Market Price Shock across United States,2002,contemporary,economic,North America,United States,CHR-CON-0839,24806.2,0.368,0.745,0.4576,0.643,82.5,0.734,77.8,23.8,0.7653,268,42.8,0.6187,0.6385,0.557,0.3421,0.4032,0.4201,0.4722,-0.2184,0.4129,0.5576,0.637269,RMD,BRACKET_MEDIUM,false,true,0.46796577,0.40044333,0.5382079999999999,,0.3524,false
EVT-CON-0840,Judicial Standard Reform in Republic of India,1992,contemporary,transformation,South Asia,Republic of India,CHR-CON-0840,12984,0.428,0.812,0.3132,0.508,65.6,0.582,55.7,26.5,0.5435,548.3,79.6,0.8545,0.4554,0.5023,0.4185,0.6662,0.6026,0.529,0.1472,0.3125,0.5718,0.784187,RMD,BRACKET_HIGH,true,false,0.40489558,0.56025,0.61275,,0.3225,false
EVT-CON-0841,Continental Standoff of Japan,1955,contemporary,war,East Asia,Japan,CHR-CON-0841,14611.7,0.578,0.572,0.3549,0.604,95.2,0.778,63.4,23,0.6054,356.5,49.5,0.6728,0.6609,0.5683,0.2612,0.3471,0.501,0.4677,-0.1599,0.5349,0.5893,0.598713,CMN,BRACKET_BASE,false,true,0.48124742,0.5121534,0.78753792,,0.4009,false
EVT-CON-0842,Harbor Incursion Sickness in European Union / Western Europe,2004,contemporary,pandemic,Europe,European Union / Western Europe,CHR-CON-0842,29839.2,0.504,0.186,0.6298,0.341,69.2,0.5165,80.8,17.8,0.7616,442.9,56.7,0.7246,0.7499,0.701,0.3109,0.4341,0.4215,0.5235,-0.3284,0.6393,0.681,0.601233,CMN,BRACKET_BASE,false,true,0.45140238,0.42521118,0.6122270000000001,,0.3872,false
EVT-CON-0843,Decentralization Wave across Republic of India,1968,contemporary,collapse,South Asia,Republic of India,CHR-CON-0843,18890.5,0.393,0.649,0.4257,0.699,67.8,0.6885,71.9,31.7,0.7491,439.2,56,0.7204,0.7308,0.6397,0.3582,0.4146,0.4051,0.5097,-0.3257,0.5352,0.6602,0.477677,CMN,BRACKET_BASE,false,true,0.50022228,0.50873448,0.86474085,,0.3591,false
EVT-CON-0844,Borderlands Pacification of Japan,1997,contemporary,war,East Asia,Japan,CHR-CON-0844,43054,0.451,0.478,0.6768,0.419,82,0.6195,84,18.4,0.7996,70,45.5,0.535,0.674,0.6295,0.3772,0.5227,0.7189,0.5845,0.0449,0.534,0.4734,0.673642,RMD,BRACKET_MEDIUM,false,true,0.51725,0.59975,0.751125,,0.3981,false
EVT-CON-0845,Frontier Fragmentation of Middle East & North Africa (MENA),2021,contemporary,collapse,Middle East,Middle East & North Africa (MENA),CHR-CON-0845,21524.6,0.588,0.308,0.4932,0.491,82.5,0.658,77,9.9,0.6732,402.4,84.3,0.8556,0.7464,0.6693,0.3587,0.4471,0.3793,0.5202,-0.3671,0.6618,0.72,0.596496,CMN,BRACKET_BASE,false,true,0.48063776,0.42006059999999995,0.63273911,,0.3667,false
EVT-CON-0846,Fiscal Modernization in Southeast Asia (ASEAN),2009,contemporary,transformation,Southeast Asia,Southeast Asia (ASEAN),CHR-CON-0846,34216.4,0.622,0.358,0.5821,0.771,78.7,0.779,62.7,16.5,0.5588,514.7,76.1,0.8324,0.5797,0.6573,0.5751,0.7487,0.8413,0.6804,0.2616,0.2607,0.5485,0.766344,RMD,BRACKET_HIGH,true,false,0.33494764,0.39152253,0.33029448,,0.336,false
EVT-CON-0847,Bureaucratic Consolidation of Global Transnational Institutions,1962,contemporary,transformation,Global,Global Transnational Institutions,CHR-CON-0847,28648.7,0.336,0.723,0.5084,0.355,97.5,0.665,59.8,22.2,0.5618,198.5,64.5,0.7055,0.5559,0.579,0.5126,0.6796,0.903,0.646,0.3471,0.1787,0.6018,0.786178,RMD,BRACKET_HIGH,true,false,0.27990758,0.4848264,0.46308544,,0.3552,false
EVT-CON-0848,Respiratory Virulence Wave across USSR / Russian Federation,1957,contemporary,pandemic,Eurasia,USSR / Russian Federation,CHR-CON-0848,43172.5,0.417,0.73,0.6125,0.574,69.2,0.633,55.8,22.8,0.5223,437.8,50.8,0.6942,0.6915,0.6619,0.2945,0.4305,0.5176,0.5192,-0.1739,0.6413,0.6191,0.647103,RMD,BRACKET_MEDIUM,false,true,0.44648492,0.42436944000000004,0.57266396,,0.3978,false
EVT-CON-0849,Debt Crisis Settlement of United States,1955,contemporary,economic,North America,United States,CHR-CON-0849,4101.2,0.339,0.698,0.2943,0.731,80.6,0.7685,66.4,13,0.5777,506.9,50.4,0.7028,0.6151,0.5809,0.3957,0.4797,0.8029,0.5749,0.1878,0.3946,0.584,0.767684,RMD,BRACKET_HIGH,true,false,0.3781228,0.4094685,0.40971424000000006,,0.3943,false
EVT-CON-0850,Palatial Collapse of Latin America (Mercosur/Alliance),1983,contemporary,collapse,Latin America,Latin America (Mercosur/Alliance),CHR-CON-0850,35404.5,0.336,0.692,0.5784,0.312,76.7,0.5395,56.4,26,0.548,105,58.1,0.6274,0.6828,0.609,0.2514,0.3322,0.2824,0.4316,-0.4004,0.7677,0.7883,0.50235,CMN,BRACKET_BASE,false,true,0.619894,0.5342753699999999,0.9382219,,0.3729,false
EVT-CON-0851,Constitutional Reorganization of European Union / Western Europe,2001,contemporary,transformation,Europe,European Union / Western Europe,CHR-CON-0851,18627.1,0.627,0.403,0.427,0.386,95.2,0.669,77.3,17.7,0.7233,511.8,77.5,0.839,0.5533,0.5899,0.5391,0.7721,0.7514,0.6412,0.1981,0.3487,0.5513,0.611659,CMN,BRACKET_BASE,false,true,0.39908936,0.38297224,0.35143528,,0.3242,false
EVT-CON-0852,Metallurgical Innovation Surge in People's Republic of China,1959,contemporary,technological,East Asia,People's Republic of China,CHR-CON-0852,43351.7,0.54,0.694,0.588,0.463,83.3,0.648,58.8,23.4,0.5582,239.1,68.1,0.7369,0.5734,0.6063,0.6733,0.8038,0.8451,0.7004,0.2717,0.2452,0.5689,0.892581,RMD,BRACKET_HIGH,true,false,0.16482576,0.38181983,0.37265105,,0.3127,false
EVT-CON-0853,Strategic Siege of Japan,1951,contemporary,war,East Asia,Japan,CHR-CON-0853,45605.5,0.604,0.626,0.6095,0.303,83.6,0.5695,81.8,31.7,0.8557,108.6,60.8,0.6433,0.7422,0.6341,0.422,0.5567,0.6444,0.5999,-0.0978,0.6587,0.5423,0.69491,RMD,BRACKET_MEDIUM,false,false,0.32646987,0.57800925,0.7962530499999999,,0.3854,false
EVT-CON-0854,Silver Flotilla Currency Shock in USSR / Russian Federation,1969,contemporary,economic,Eurasia,USSR / Russian Federation,CHR-CON-0854,24679.8,0.444,0.704,0.446,0.738,87,0.804,83.2,12.4,0.755,433.8,66.4,0.7715,0.7688,0.6751,0.5648,0.6566,0.7252,0.6781,-0.0436,0.53,0.4853,0.806128,RMD,BRACKET_HIGH,true,false,0.23148969,0.4011112,0.48422000000000004,,0.3489,false
EVT-CON-0855,Maritime Trade Hub Expansion in United States,1978,contemporary,economic,North America,United States,CHR-CON-0855,30488.6,0.458,0.352,0.5996,0.807,82.4,0.8155,76,23.5,0.7441,291.5,77.3,0.7973,0.7003,0.6607,0.3855,0.4677,0.825,0.6078,0.1247,0.4683,0.4905,0.534073,CMN,BRACKET_BASE,false,true,0.46743592,0.6172500000000001,0.72125,,0.4051,false
EVT-CON-0856,Maritime Hegemony Clash in Sub-Saharan Africa,1971,contemporary,war,Africa,Sub-Saharan Africa,CHR-CON-0856,30595.4,0.546,0.248,0.6054,0.25,72.7,0.4885,66.5,9.1,0.5554,68.8,39,0.5013,0.5581,0.4818,0.2123,0.3559,0.468,0.4152,-0.0901,0.4241,0.5373,0.618247,CMN,BRACKET_BASE,false,true,0.4672212,0.5868749999999999,0.8142499999999999,,0.3942,false
EVT-CON-0857,Continental Standoff of Republic of India,1967,contemporary,war,South Asia,Republic of India,CHR-CON-0857,45756.5,0.471,0.589,0.6618,0.576,84.5,0.7105,57.7,15.2,0.4972,514.9,43.1,0.6675,0.6702,0.6039,0.3436,0.4413,0.7826,0.5683,0.1124,0.6528,0.5735,0.909278,RMD,BRACKET_HIGH,true,false,0.3535546,0.42383187,0.4698918,,0.404,false
EVT-CON-0858,Systemic Governance Breakdown in USSR / Russian Federation,2019,contemporary,collapse,Eurasia,USSR / Russian Federation,CHR-CON-0858,26825.4,0.35,0.759,0.477,0.592,88.9,0.7405,60.6,18.5,0.5482,512.2,73.6,0.8196,0.7893,0.6914,0.4876,0.5537,0.5567,0.6157,-0.2326,0.464,0.6067,0.630458,RMD,BRACKET_MEDIUM,false,true,0.38029132,0.4030884,0.5477040799999999,,0.347,false
EVT-CON-0859,Imperial Unification of Japan,1975,contemporary,transformation,East Asia,Japan,CHR-CON-0859,46164,0.484,0.743,0.6154,0.315,65.5,0.485,66.8,20,0.624,273,43.9,0.6255,0.5234,0.5936,0.4501,0.5864,0.7515,0.581,0.2281,0.3475,0.5814,0.668136,RMD,BRACKET_MEDIUM,false,true,0.3225728,0.48599946000000005,0.53259147,,0.351,false
EVT-CON-0860,Canal Infrastructure Boom in People's Republic of China,1948,contemporary,economic,East Asia,People's Republic of China,CHR-CON-0860,45620.2,0.569,0.133,0.768,0.819,72.1,0.77,71,11.2,0.6164,532.4,53,0.7194,0.7116,0.6862,0.5855,0.648,0.5167,0.6296,-0.1949,0.3881,0.5091,0.779159,RMD,BRACKET_HIGH,true,false,0.40149999999999997,0.572125,0.8305,,0.3011,false
EVT-CON-0861,Agrarian Insurgency in European Union / Western Europe,1985,contemporary,revolution,Europe,European Union / Western Europe,CHR-CON-0861,42285.2,0.313,0.501,0.7044,0.273,85,0.5615,74.8,18.7,0.7024,143.6,49.8,0.6085,0.6692,0.5775,0.1951,0.327,0.4333,0.4404,-0.2359,0.4724,0.5802,0.78632,RMD,BRACKET_HIGH,true,false,0.35044224,0.43170126999999997,0.5806319999999999,,0.4058,false
EVT-CON-0862,Canal Infrastructure Boom in People's Republic of China,2009,contemporary,economic,East Asia,People's Republic of China,CHR-CON-0862,43124,0.46,0.319,0.7225,0.768,88.8,0.828,74.1,15.5,0.6756,244.7,43.5,0.6156,0.6861,0.6087,0.4845,0.556,0.6006,0.5872,-0.0855,0.2967,0.4164,0.641544,RMD,BRACKET_MEDIUM,false,true,0.496798,0.56273256,0.7078419199999999,,0.3376,false
EVT-CON-0863,Grain Market Price Shock across European Union / Western Europe,1979,contemporary,economic,Europe,European Union / Western Europe,CHR-CON-0863,44517.1,0.466,0.262,0.7503,0.562,71.4,0.638,70.2,25.4,0.693,308.2,52.3,0.6763,0.7663,0.6796,0.4937,0.6149,0.68,0.6469,-0.0863,0.3022,0.44,0.711677,RMD,BRACKET_HIGH,false,false,0.23986035000000003,0.57236078,0.71295658,,0.3706,false
EVT-CON-0864,Astronomical Standardization by USSR / Russian Federation,2007,contemporary,technological,Eurasia,USSR / Russian Federation,CHR-CON-0864,12968.9,0.328,0.853,0.3308,0.448,86.3,0.6555,63.6,25.3,0.6213,322.7,60.5,0.7206,0.5041,0.5383,0.6163,0.7471,0.8562,0.6524,0.3521,0.4671,0.6958,0.764322,RMD,BRACKET_HIGH,true,false,0.37577769,0.40104167999999996,0.40290487999999997,,0.3324,false
EVT-CON-0865,Metallurgical Innovation Surge in Latin America (Mercosur/Alliance),1984,contemporary,technological,Latin America,Latin America (Mercosur/Alliance),CHR-CON-0865,26174.5,0.292,0.805,0.4747,0.33,69.4,0.512,58.3,20.9,0.5379,306.3,65,0.7394,0.5238,0.5498,0.6685,0.8079,0.8504,0.6801,0.3266,0.1873,0.6245,0.716805,RMD,BRACKET_HIGH,false,false,0.35716092,0.39072643999999995,0.37961,,0.321,false
EVT-CON-0866,Maritime Trade Hub Expansion in Republic of India,1986,contemporary,economic,South Asia,Republic of India,CHR-CON-0866,5518.6,0.576,0.525,0.2878,0.281,92.9,0.605,70.4,12.7,0.619,170.5,75.8,0.751,0.5358,0.4914,0.3073,0.41,0.4945,0.4478,-0.0413,0.2952,0.4993,0.577671,CMN,BRACKET_BASE,false,true,0.38959047999999996,0.39974003999999996,0.4674428,,0.3622,false
EVT-CON-0867,Treaty System Implementation across Southeast Asia (ASEAN),1991,contemporary,transformation,Southeast Asia,Southeast Asia (ASEAN),CHR-CON-0867,22766.5,0.51,0.846,0.3664,0.349,76.7,0.558,75.8,17.3,0.7047,470.2,74.8,0.8194,0.5117,0.5906,0.5265,0.7013,0.7284,0.6117,0.2167,0.1653,0.544,0.692864,RMD,BRACKET_MEDIUM,false,false,0.24388896999999998,0.39463515,0.33950420000000003,,0.3199,false
EVT-CON-0868,Maritime Hegemony Clash in Japan,2007,contemporary,war,East Asia,Japan,CHR-CON-0868,18600,0.352,0.294,0.5419,0.449,71.3,0.581,78.8,23.5,0.7742,528.4,57.6,0.7418,0.699,0.6313,0.3177,0.495,0.6646,0.5615,-0.0344,0.6771,0.5333,0.574583,CMN,BRACKET_BASE,false,true,0.44511536,0.42018967999999995,0.51087411,,0.4039,false
EVT-CON-0869,Monastic Network Expansion of Middle East & North Africa (MENA),1955,contemporary,religious,Middle East,Middle East & North Africa (MENA),CHR-CON-0869,6386,0.584,0.778,0.2173,0.845,70.4,0.7745,76.8,16.5,0.7107,229.6,53.1,0.659,0.5853,0.5731,0.4864,0.6088,0.6104,0.5728,0.0251,0.3682,0.4802,0.67607,RMD,BRACKET_MEDIUM,false,true,0.31120539999999997,0.38101042,0.43032960000000003,,0.3065,false
EVT-CON-0870,Respiratory Virulence Wave across Japan,1998,contemporary,pandemic,East Asia,Japan,CHR-CON-0870,38840.5,0.436,0.349,0.6822,0.48,65.2,0.566,75.2,31.3,0.7823,396.2,44.2,0.654,0.6968,0.6392,0.1546,0.3024,0.4807,0.4547,-0.2161,0.7317,0.625,0.521053,CMN,BRACKET_BASE,false,true,0.51222682,0.6329141500000001,0.8456401800000001,,0.4041,false
EVT-CON-0871,Harbor Incursion Sickness in Global Transnational Institutions,1954,contemporary,pandemic,Global,Global Transnational Institutions,CHR-CON-0871,32030.3,0.588,0.126,0.6423,0.736,66.4,0.7,76.9,22.9,0.7502,218.8,46.1,0.6205,0.7529,0.7039,0.2762,0.3882,0.4275,0.5097,-0.3254,0.7478,0.6788,0.575986,CMN,BRACKET_BASE,false,true,0.5606409600000001,0.540753,0.8807533200000001,,0.3986,false
EVT-CON-0872,Maritime Trade Hub Expansion in European Union / Western Europe,2006,contemporary,economic,Europe,European Union / Western Europe,CHR-CON-0872,24665.8,0.494,0.62,0.4561,0.428,84.3,0.6355,56.2,29.4,0.5662,467.6,61.1,0.7505,0.5952,0.5165,0.3459,0.4966,0.508,0.4924,-0.0872,0.6266,0.5851,0.742033,RMD,BRACKET_HIGH,true,false,0.42558029999999997,0.47844356000000005,0.7324140600000001,,0.3592,false
EVT-CON-0873,Hydraulic Engineering Grid in United States,1968,contemporary,technological,North America,United States,CHR-CON-0873,23002.6,0.595,0.106,0.565,0.497,86.6,0.6815,57.1,16.1,0.4961,567.3,42,0.669,0.5272,0.5688,0.6421,0.7065,0.6587,0.6207,0.1315,0.4189,0.5443,0.497323,CMN,BRACKET_BASE,false,true,0.4920628,0.5342267199999999,0.69891768,,0.2682,false
EVT-CON-0874,Metallurgical Innovation Surge in Republic of India,1971,contemporary,technological,South Asia,Republic of India,CHR-CON-0874,4127.4,0.446,0.55,0.3068,0.407,66.2,0.5345,74.3,25.4,0.7372,349.8,44.6,0.647,0.4989,0.5273,0.5717,0.6529,0.6241,0.575,0.1252,0.217,0.5151,0.764127,RMD,BRACKET_HIGH,true,false,0.28714724,0.54725,0.66575,,0.2664,false
EVT-CON-0875,Epidemic Fever Outbreak across Global Transnational Institutions,2017,contemporary,pandemic,Global,Global Transnational Institutions,CHR-CON-0875,20487.6,0.578,0.164,0.5301,0.62,89.1,0.7555,73.3,15.6,0.6676,506.7,40.8,0.6548,0.7162,0.665,0.2953,0.5392,0.6726,0.5777,-0.0436,0.6786,0.5302,0.629293,CMN,BRACKET_BASE,false,true,0.41445804,0.42104832000000003,0.5081462800000001,,0.4041,false
EVT-CON-0876,Pantheon Reformation of Japan,1978,contemporary,religious,East Asia,Japan,CHR-CON-0876,24814.3,0.482,0.755,0.4205,0.376,92.9,0.6525,73.8,26.8,0.7402,394.3,69.3,0.7791,0.6171,0.5928,0.5033,0.5654,0.8263,0.621,0.2092,0.2254,0.5273,0.817867,RMD,BRACKET_HIGH,true,false,0.3298162,0.576875,0.5700000000000001,,0.3628,false
EVT-CON-0877,Fiscal Modernization in Middle East & North Africa (MENA),1995,contemporary,transformation,Middle East,Middle East & North Africa (MENA),CHR-CON-0877,41343.2,0.413,0.44,0.6843,0.48,99.1,0.7355,67.6,13.6,0.5942,137.1,50.5,0.6087,0.5751,0.6524,0.5344,0.6917,0.8102,0.6528,0.2351,0.2386,0.5145,0.801915,RMD,BRACKET_HIGH,true,false,0.20684070000000002,0.5536555000000001,0.50940848,,0.3389,false
EVT-CON-0878,Mercantile Tariff Overhaul across People's Republic of China,2005,contemporary,economic,East Asia,People's Republic of China,CHR-CON-0878,21680.5,0.346,0.281,0.5753,0.585,85.8,0.7215,58.1,28.6,0.5819,73,53.3,0.5771,0.6367,0.5707,0.3655,0.43,0.4719,0.495,-0.1648,0.5504,0.5748,0.71162,RMD,BRACKET_HIGH,false,false,0.45897522999999996,0.4959732,0.78055124,,0.3531,false
EVT-CON-0879,Sanitation & Medical Breakthrough in Japan,2016,contemporary,technological,East Asia,Japan,CHR-CON-0879,45271.7,0.381,0.485,0.7157,0.202,78.4,0.493,62.7,31.7,0.65,189.5,40,0.5796,0.5474,0.5947,0.6862,0.8073,0.709,0.6689,0.1616,0.3518,0.5264,0.624697,CMN,BRACKET_BASE,false,true,0.39439972,0.4729098,0.651567,,0.2802,false
EVT-CON-0880,Mechanical Power Harnessing in Sub-Saharan Africa,1967,contemporary,technological,Africa,Sub-Saharan Africa,CHR-CON-0880,7975.9,0.288,0.611,0.3705,0.32,86.4,0.592,74,16.7,0.6817,306.4,68.4,0.7564,0.5583,0.6117,0.6644,0.7838,0.9,0.7036,0.3417,0.34,0.6529,0.765394,RMD,BRACKET_HIGH,true,false,0.29511879,0.54466601,0.55895675,,0.3297,false
EVT-CON-0881,Temple Bureaucracy Reorganization of Republic of India,1964,contemporary,religious,South Asia,Republic of India,CHR-CON-0881,26727.1,0.419,0.59,0.5061,0.237,67.8,0.4575,56.3,14.5,0.4779,147.5,61.3,0.668,0.4924,0.4722,0.2802,0.3586,0.6608,0.4528,0.1684,0.282,0.5752,0.647488,RMD,BRACKET_MEDIUM,false,true,0.5490971199999999,0.49955724,0.5720822099999999,,0.3901,false
EVT-CON-0882,Temple Bureaucracy Reorganization of Global Transnational Institutions,1973,contemporary,religious,Global,Global Transnational Institutions,CHR-CON-0882,34633.8,0.294,0.171,0.7404,0.844,95.6,0.9,59.1,9.1,0.4757,218.4,40.5,0.5924,0.7105,0.7597,0.5703,0.698,0.7591,0.6995,0.0486,0.3425,0.4245,0.738837,RMD,BRACKET_HIGH,true,false,0.20693732,0.5024606699999999,0.62776584,,0.3451,false
EVT-CON-0883,Palatial Collapse of Sub-Saharan Africa,1999,contemporary,collapse,Africa,Sub-Saharan Africa,CHR-CON-0883,45839.1,0.587,0.37,0.6935,0.663,83.8,0.7505,77.3,16.3,0.7149,282.8,71.8,0.7676,0.8219,0.7444,0.4883,0.5515,0.4683,0.6149,-0.3536,0.727,0.6789,0.565385,CMN,BRACKET_BASE,false,true,0.42978464999999993,0.41404848,0.62155062,,0.3567,false
EVT-CON-0884,Agrarian Restructuring of Latin America (Mercosur/Alliance),2019,contemporary,transformation,Latin America,Latin America (Mercosur/Alliance),CHR-CON-0884,44221,0.564,0.193,0.7389,0.778,65.4,0.716,64.2,26.3,0.6338,491.4,64.8,0.7726,0.6122,0.6547,0.5083,0.7063,0.8571,0.6677,0.2449,0.2716,0.5168,0.922966,RMD,BRACKET_HIGH,true,false,0.27457248,0.49802454,0.52344159,,0.3681,false
EVT-CON-0885,Popular Uprising of Latin America (Mercosur/Alliance),2023,contemporary,revolution,Latin America,Latin America (Mercosur/Alliance),CHR-CON-0885,21195.6,0.532,0.87,0.3385,0.364,69.4,0.529,63.2,30.4,0.6476,385.8,64.3,0.7526,0.6558,0.494,0.1436,0.4056,0.8024,0.5003,0.1466,0.388,0.5789,0.702926,RMD,BRACKET_HIGH,false,false,0.4237456700000001,0.45964906999999994,0.47681072999999996,,0.4043,false
EVT-CON-0886,Canal Infrastructure Boom in Japan,1994,contemporary,economic,East Asia,Japan,CHR-CON-0886,44933.6,0.371,0.328,0.7627,0.721,91.6,0.8185,80.1,28.6,0.8188,155.5,65.6,0.6933,0.7499,0.6879,0.575,0.7335,0.5359,0.6564,-0.214,0.3927,0.4837,0.636273,RMD,BRACKET_MEDIUM,false,true,0.33630006000000007,0.50025822,0.76068992,,0.3278,false
EVT-CON-0887,Metallurgical Innovation Surge in USSR / Russian Federation,2018,contemporary,technological,Eurasia,USSR / Russian Federation,CHR-CON-0887,29180.9,0.33,0.419,0.6061,0.266,76.6,0.516,64.1,12.8,0.5517,339.6,84.3,0.8433,0.5421,0.5901,0.6733,0.7939,0.8609,0.6921,0.3188,0.3343,0.6347,0.960142,RMD,BRACKET_HIGH,true,false,0.25538901,0.384772,0.39428256,,0.3194,false
EVT-CON-0888,Judicial Standard Reform in Republic of India,1946,contemporary,transformation,South Asia,Republic of India,CHR-CON-0888,16398.7,0.352,0.113,0.5764,0.264,85.7,0.5605,73.7,23.2,0.7175,126.6,84.8,0.7744,0.5528,0.5961,0.5059,0.6583,0.7891,0.6204,0.2363,0.3006,0.5546,0.496126,CMN,BRACKET_BASE,false,true,0.5229561599999999,0.4768731,0.49868616,,0.3368,false
EVT-CON-0889,Epidemic Fever Outbreak across Global Transnational Institutions,1974,contemporary,pandemic,Global,Global Transnational Institutions,CHR-CON-0889,10117.2,0.283,0.274,0.4924,0.31,94,0.625,76,27,0.7651,320.5,59.8,0.7166,0.7244,0.694,0.3496,0.5095,0.4957,0.5546,-0.2287,0.8363,0.6802,0.675669,RMD,BRACKET_MEDIUM,false,true,0.5733826000000001,0.5965,0.94,,0.3844,false
EVT-CON-0890,Imperial Annexation War in People's Republic of China,1953,contemporary,war,East Asia,People's Republic of China,CHR-CON-0890,39252.6,0.437,0.306,0.6985,0.688,83.3,0.7605,80.1,12.7,0.7234,541.3,40.5,0.6581,0.7589,0.6578,0.3719,0.5484,0.7597,0.6193,0.0008,0.3201,0.3831,0.754414,RMD,BRACKET_HIGH,true,false,0.36919662000000003,0.6117602,0.69598646,,0.4053,false
EVT-CON-0891,Secular Legal Separation in Southeast Asia (ASEAN),2015,contemporary,religious,Southeast Asia,Southeast Asia (ASEAN),CHR-CON-0891,15368.3,0.412,0.756,0.3563,0.208,95,0.579,64.5,27.1,0.6418,231.6,71.2,0.7501,0.6281,0.5927,0.5119,0.6873,0.4826,0.5805,-0.1455,0.3583,0.5616,0.775068,RMD,BRACKET_HIGH,true,false,0.38624083000000003,0.39523572,0.49487559,,0.3076,false
EVT-CON-0892,Temple Bureaucracy Reorganization of Republic of India,1959,contemporary,religious,South Asia,Republic of India,CHR-CON-0892,45394.7,0.308,0.654,0.688,0.56,90.3,0.7315,68.2,17.5,0.6241,356.6,47.5,0.6629,0.6975,0.7353,0.5677,0.6694,0.5581,0.6456,-0.1394,0.2445,0.4599,0.709951,RMD,BRACKET_HIGH,false,false,0.23484518,0.574875,0.77225,,0.3071,false
EVT-CON-0893,Constitutional Reorganization of United States,1959,contemporary,transformation,North America,United States,CHR-CON-0893,45233.8,0.61,0.758,0.5647,0.704,95.5,0.8295,60.6,27.7,0.6034,352,70.9,0.7789,0.5935,0.6137,0.5023,0.6772,0.9202,0.6614,0.3267,0.1667,0.5485,0.673167,RMD,BRACKET_MEDIUM,false,true,0.30384750000000005,0.56886801,0.505133,,0.3731,false
EVT-CON-0894,Territorial Rupture of USSR / Russian Federation,2024,contemporary,collapse,Eurasia,USSR / Russian Federation,CHR-CON-0894,12986.4,0.439,0.255,0.4771,0.743,94.2,0.8425,78.6,20.3,0.7529,569.5,55.7,0.7377,0.8056,0.6894,0.4393,0.4843,0.5437,0.5925,-0.2619,0.7953,0.6594,0.600561,CMN,BRACKET_BASE,false,true,0.4033272,0.4106565,0.58224348,,0.3725,false
EVT-CON-0895,Decentralization Wave across Japan,1955,contemporary,collapse,East Asia,Japan,CHR-CON-0895,37549.8,0.34,0.671,0.6028,0.613,85.3,0.733,62.1,29,0.6274,268.2,71.7,0.7632,0.7537,0.6451,0.3675,0.4505,0.3957,0.5225,-0.358,0.7721,0.7219,0.434344,CMN,BRACKET_BASE,false,true,0.46664033,0.42152,0.6318004,,0.3642,false
EVT-CON-0896,Astronomical Standardization by People's Republic of China,1957,contemporary,technological,East Asia,People's Republic of China,CHR-CON-0896,42465.8,0.268,0.729,0.6512,0.737,99.5,0.866,62.6,13.3,0.5386,552,54.4,0.729,0.6139,0.6442,0.6977,0.7617,0.983,0.7401,0.3691,0.4692,0.6382,0.840087,RMD,BRACKET_HIGH,true,false,0.22659965999999998,0.38279108,0.36213144,,0.3352,false
EVT-CON-0897,Palatial Collapse of USSR / Russian Federation,1990,contemporary,collapse,Eurasia,USSR / Russian Federation,CHR-CON-0897,33826,0.568,0.337,0.6011,0.206,70.1,0.4535,56.5,14.9,0.4825,151.5,78.4,0.7554,0.6841,0.5831,0.3376,0.362,0.2936,0.4521,-0.3905,0.6462,0.7719,0.714099,RMD,BRACKET_HIGH,false,false,0.6539344,0.589,1,,0.3569,false
EVT-CON-0898,Synod Monotheistic Mandate in Middle East & North Africa (MENA),1986,contemporary,religious,Middle East,Middle East & North Africa (MENA),CHR-CON-0898,22105.6,0.581,0.312,0.4993,0.785,76.7,0.776,59.7,27.3,0.5913,193.5,65.5,0.7086,0.6793,0.745,0.588,0.7033,0.7169,0.6865,0.0376,0.5247,0.5015,0.797501,RMD,BRACKET_HIGH,true,false,0.25987288000000003,0.4738272,0.641654,,0.3122,false
EVT-CON-0899,Agricultural Plague Wave in Southeast Asia (ASEAN),1984,contemporary,pandemic,Southeast Asia,Southeast Asia (ASEAN),CHR-CON-0899,12142.1,0.267,0.685,0.3921,0.343,79.5,0.569,59.9,21.9,0.5611,74.9,61.8,0.6214,0.6275,0.6043,0.1162,0.2539,0.2926,0.3789,-0.3349,0.9417,0.8179,0.426137,CMN,BRACKET_BASE,false,true,0.7187843,0.53041341,0.8583158499999999,,0.4047,false
EVT-CON-0900,Urban Quarantine Emergency in Latin America (Mercosur/Alliance),1950,contemporary,pandemic,Latin America,Latin America (Mercosur/Alliance),CHR-CON-0900,37240.9,0.353,0.663,0.5985,0.706,97.7,0.8415,57.3,9.3,0.4575,211.1,64.4,0.7094,0.7388,0.6992,0.392,0.5595,0.3718,0.5523,-0.367,0.7259,0.725,0.427362,CMN,BRACKET_BASE,false,true,0.6548575600000001,0.51384616,0.9165820599999999,,0.3709,false
EVT-CON-0901,Provincial Autonomy Insurgency against Sub-Saharan Africa,1958,contemporary,revolution,Africa,Sub-Saharan Africa,CHR-CON-0901,38803.2,0.572,0.866,0.4859,0.313,85.1,0.582,60.2,10.9,0.4983,85.1,46.9,0.5562,0.5219,0.4399,0.0598,0.202,0.4435,0.3334,-0.0784,0.4151,0.5412,0.724061,RMD,BRACKET_HIGH,false,false,0.37972203000000004,0.43289268000000003,0.51931584,,0.407,false
EVT-CON-0902,Printing & Communications Diffusion in Latin America (Mercosur/Alliance),1992,contemporary,technological,Latin America,Latin America (Mercosur/Alliance),CHR-CON-0902,25763.1,0.463,0.259,0.5835,0.267,66.5,0.466,73,29.4,0.7472,424.4,46.4,0.67,0.5299,0.5629,0.651,0.7137,0.8053,0.6526,0.2754,0.4496,0.6216,0.886519,RMD,BRACKET_HIGH,true,false,0.21063125000000002,0.38556762,0.42396044,,0.3074,false
EVT-CON-0903,Coalition Defense of United States,2010,contemporary,war,North America,United States,CHR-CON-0903,18082.9,0.601,0.223,0.4839,0.808,85.8,0.833,64.4,19.3,0.594,452.5,54.7,0.7161,0.7367,0.6954,0.4671,0.5938,0.5644,0.6115,-0.1723,0.4224,0.542,0.71003,RMD,BRACKET_HIGH,false,false,0.31714595,0.5158731,0.7875888,,0.3529,false
EVT-CON-0904,Caravan Route Pestilence in People's Republic of China,2018,contemporary,pandemic,East Asia,People's Republic of China,CHR-CON-0904,4096,0.513,0.128,0.4131,0.807,66.9,0.738,83.2,26.9,0.842,194.9,49.5,0.6291,0.6988,0.6383,0.1754,0.3407,0.4918,0.469,-0.207,0.7276,0.6247,0.597287,CMN,BRACKET_BASE,false,true,0.5290604,0.5594961900000001,0.8295822899999999,,0.4044,false
EVT-CON-0905,Continental Standoff of Republic of India,1967,contemporary,war,South Asia,Republic of India,CHR-CON-0905,32147.1,0.504,0.602,0.5257,0.511,84.9,0.68,72.2,14.9,0.6516,299.6,76.3,0.7943,0.6279,0.5601,0.4013,0.5713,0.6506,0.5622,0.0227,0.455,0.4774,0.623787,CMN,BRACKET_BASE,false,true,0.36839681999999996,0.399415,0.45343584000000003,,0.3735,false
EVT-CON-0906,Fiscal Modernization in Southeast Asia (ASEAN),1959,contemporary,transformation,Southeast Asia,Southeast Asia (ASEAN),CHR-CON-0906,5678.1,0.317,0.887,0.2584,0.609,82.2,0.7155,82.9,31.8,0.8682,186.1,69.8,0.7273,0.5673,0.6331,0.5176,0.7113,0.7187,0.6296,0.1514,0.1544,0.474,0.707356,RMD,BRACKET_HIGH,false,false,0.23941956,0.54847639,0.52243152,,0.3225,false
EVT-CON-0907,Constitutional Reorganization of Sub-Saharan Africa,1993,contemporary,transformation,Africa,Sub-Saharan Africa,CHR-CON-0907,22135.8,0.307,0.287,0.5893,0.494,73.7,0.6155,80,12.9,0.7236,500.3,66.5,0.7824,0.6021,0.6331,0.5807,0.7876,0.7556,0.6718,0.1535,0.2588,0.4883,0.684156,RMD,BRACKET_MEDIUM,false,false,0.3099928,0.5059236,0.5481905,,0.3132,false
EVT-CON-0908,Temple Bureaucracy Reorganization of People's Republic of China,1949,contemporary,religious,East Asia,People's Republic of China,CHR-CON-0908,12241.3,0.475,0.398,0.4167,0.356,72.5,0.5405,55.8,25.5,0.5385,269.8,57.8,0.6942,0.5319,0.534,0.3664,0.4678,0.6385,0.5077,0.1066,0.5399,0.5982,0.77369,RMD,BRACKET_HIGH,true,false,0.31140770999999995,0.38105466,0.4224817,,0.3634,false
EVT-CON-0909,Judicial Standard Reform in Republic of India,1980,contemporary,transformation,South Asia,Republic of India,CHR-CON-0909,13264.4,0.575,0.235,0.4448,0.795,69,0.7425,73.7,23.5,0.7193,56.2,54.6,0.5646,0.5197,0.5525,0.5019,0.6528,0.6945,0.5843,0.1748,0.1645,0.4795,0.878939,RMD,BRACKET_HIGH,true,false,0.3097691,0.5485879200000001,0.5135856,,0.3138,false
EVT-CON-0910,Continental Standoff of USSR / Russian Federation,1970,contemporary,war,Eurasia,USSR / Russian Federation,CHR-CON-0910,13947.3,0.513,0.702,0.3294,0.356,77.3,0.5645,65.7,12.8,0.569,415.9,84.5,0.859,0.6544,0.554,0.239,0.4114,0.6369,0.4991,-0.0175,0.5139,0.5485,0.677116,RMD,BRACKET_MEDIUM,false,true,0.36338274000000004,0.53939237,0.7422599599999999,,0.4045,false
EVT-CON-0911,Maritime Hegemony Clash in Republic of India,1974,contemporary,war,South Asia,Republic of India,CHR-CON-0911,11866.2,0.521,0.715,0.3044,0.221,66.2,0.4415,72.6,16.7,0.6667,265,49.8,0.6529,0.5389,0.4461,0.1919,0.3839,0.6626,0.4447,0.1237,0.5137,0.6133,0.713292,RMD,BRACKET_HIGH,false,false,0.39863592,0.41031539999999994,0.45115406,,0.4022,false
EVT-CON-0912,Agricultural Plague Wave in Sub-Saharan Africa,2022,contemporary,pandemic,Africa,Sub-Saharan Africa,CHR-CON-0912,22980.8,0.64,0.227,0.515,0.809,76.9,0.789,59.7,23,0.5655,561.1,51.9,0.7177,0.6991,0.6776,0.3239,0.4389,0.6383,0.5556,-0.0608,0.7912,0.5802,0.394385,CMN,BRACKET_BASE,false,true,0.6403777600000001,0.5138878400000001,0.74882961,,0.4045,false
EVT-CON-0913,Debt Crisis Settlement of Latin America (Mercosur/Alliance),1947,contemporary,economic,Latin America,Latin America (Mercosur/Alliance),CHR-CON-0913,35427.6,0.504,0.869,0.4751,0.773,72.4,0.7485,60.5,13.6,0.5178,550.4,71.6,0.8148,0.6609,0.6363,0.4509,0.5627,0.4674,0.5556,-0.1935,0.6189,0.628,0.675738,RMD,BRACKET_MEDIUM,false,true,0.40490089999999995,0.5508382000000001,0.8238389500000001,,0.3261,false
EVT-CON-0914,Epidemic Fever Outbreak across European Union / Western Europe,2022,contemporary,pandemic,Europe,European Union / Western Europe,CHR-CON-0914,34555.7,0.328,0.222,0.7142,0.549,89.2,0.7205,66.9,29.7,0.6833,507.1,74.5,0.8233,0.8278,0.7777,0.3028,0.4317,0.7013,0.6083,-0.1265,0.8342,0.5892,0.370928,CMN,BRACKET_BASE,false,true,0.57591342,0.6496575,0.8083805999999999,,0.3938,false
EVT-CON-0915,Systemic Governance Breakdown in Republic of India,2015,contemporary,collapse,South Asia,Republic of India,CHR-CON-0915,40529.8,0.263,0.208,0.7916,0.313,85.3,0.583,78.5,25.5,0.783,407.2,51.5,0.6925,0.7767,0.6839,0.3706,0.4362,0.562,0.5659,-0.2147,0.6801,0.5923,0.484379,CMN,BRACKET_BASE,false,true,0.49232144,0.610625,0.9257500000000001,,0.3954,false
EVT-CON-0916,Monastic Network Expansion of Middle East & North Africa (MENA),2017,contemporary,religious,Middle East,Middle East & North Africa (MENA),CHR-CON-0916,3729.7,0.268,0.506,0.3699,0.561,93.5,0.748,73.7,13.1,0.6569,478.5,80.3,0.8481,0.6583,0.6835,0.5959,0.6918,0.6441,0.6547,-0.0142,0.5335,0.5048,0.648606,RMD,BRACKET_MEDIUM,false,true,0.32010031999999994,0.47286778000000007,0.6757317999999999,,0.2687,false
EVT-CON-0917,Maritime Hegemony Clash in Sub-Saharan Africa,1951,contemporary,war,Africa,Sub-Saharan Africa,CHR-CON-0917,6109.1,0.424,0.649,0.3016,0.354,76.1,0.5575,60.5,30.7,0.6204,414.9,78.7,0.8298,0.6325,0.5872,0.4116,0.5126,0.4872,0.5262,-0.1453,0.6629,0.6523,0.464474,CMN,BRACKET_BASE,false,true,0.55387983,0.3947761,0.5447637,,0.3305,false
EVT-CON-0918,Debt Crisis Settlement of Japan,2000,contemporary,economic,East Asia,Japan,CHR-CON-0918,44484.9,0.524,0.685,0.6057,0.228,82.5,0.5265,56.3,24.7,0.5391,142.2,74.8,0.7328,0.5732,0.5064,0.361,0.4278,0.3709,0.4479,-0.2023,0.3608,0.5787,0.624032,CMN,BRACKET_BASE,false,true,0.5732439600000001,0.5427785,0.77441224,,0.3221,false
EVT-CON-0919,Dynastic Disintegration of Southeast Asia (ASEAN),1956,contemporary,collapse,Southeast Asia,Southeast Asia (ASEAN),CHR-CON-0919,10740.6,0.419,0.323,0.4425,0.268,82.2,0.545,79.5,31.9,0.8322,487.4,48.5,0.6905,0.6846,0.5718,0.346,0.3724,0.4069,0.4763,-0.2777,0.4465,0.6186,0.523457,CMN,BRACKET_BASE,false,true,0.6348949,0.57699364,0.85923024,,0.3555,false
EVT-CON-0920,Bureaucratic Consolidation of Republic of India,2001,contemporary,transformation,South Asia,Republic of India,CHR-CON-0920,16001.4,0.3,0.239,0.5507,0.353,97.5,0.664,66.4,29.8,0.6785,355.6,48.8,0.6692,0.5772,0.6089,0.4644,0.7114,0.7955,0.6315,0.2183,0.2183,0.5185,0.902974,RMD,BRACKET_HIGH,true,false,0.21796219,0.39917241,0.3532017,,0.3676,false
EVT-CON-0921,Printing & Communications Diffusion in European Union / Western Europe,1953,contemporary,technological,Europe,European Union / Western Europe,CHR-CON-0921,28137.7,0.421,0.109,0.6625,0.648,89.9,0.7735,69.9,16.2,0.6346,534,81.6,0.8626,0.6394,0.6739,0.7796,0.893,0.8696,0.7711,0.2302,0.3198,0.5237,0.779417,RMD,BRACKET_HIGH,true,false,0.1663265,0.5482336,0.6425471999999999,,0.2922,false
EVT-CON-0922,Navigational Instrument Reform in USSR / Russian Federation,2000,contemporary,technological,Eurasia,USSR / Russian Federation,CHR-CON-0922,3943.6,0.403,0.214,0.4189,0.497,95.1,0.724,74.3,27.5,0.7498,276.7,63.3,0.7235,0.5662,0.5874,0.6625,0.8206,0.8363,0.6946,0.2701,0.4678,0.6089,0.71981,RMD,BRACKET_HIGH,false,false,0.35992726,0.563875,0.6601250000000001,,0.3152,false
EVT-CON-0923,Imperial Unification of European Union / Western Europe,2005,contemporary,transformation,Europe,European Union / Western Europe,CHR-CON-0923,13911.2,0.262,0.408,0.4926,0.642,99,0.816,69.8,20.7,0.6605,224.8,77.8,0.781,0.6193,0.6735,0.597,0.7245,0.8115,0.6852,0.1922,0.2444,0.4995,0.68972,RMD,BRACKET_MEDIUM,false,false,0.30303109999999994,0.38333544,0.34073102,,0.3203,false
EVT-CON-0924,Succession Conflict of USSR / Russian Federation,2017,contemporary,war,Eurasia,USSR / Russian Federation,CHR-CON-0924,34699.7,0.329,0.165,0.7322,0.772,81.5,0.7935,76.8,11.4,0.6801,151.1,56.3,0.6447,0.7047,0.6256,0.4624,0.6295,0.6362,0.6117,-0.0685,0.6428,0.4968,0.46747,CMN,BRACKET_BASE,false,true,0.5331287499999999,0.51018375,0.75703356,,0.3616,false
EVT-CON-0925,Agrarian Restructuring of Global Transnational Institutions,2002,contemporary,transformation,Global,Global Transnational Institutions,CHR-CON-0925,12732.9,0.383,0.147,0.524,0.661,70.6,0.6835,58.5,21.5,0.5436,278.2,45.2,0.6334,0.5008,0.5403,0.4039,0.5559,0.6732,0.5348,0.1724,0.139,0.4952,0.737789,RMD,BRACKET_HIGH,true,false,0.3652225499999999,0.48260069000000005,0.50047704,,0.3501,false
EVT-CON-0926,Guild Monopoly Reform in USSR / Russian Federation,1989,contemporary,economic,Eurasia,USSR / Russian Federation,CHR-CON-0926,5868.1,0.318,0.284,0.4407,0.653,98.9,0.821,79,19.7,0.7536,310.1,50.2,0.6663,0.6644,0.6347,0.5251,0.6848,0.784,0.6586,0.1196,0.4649,0.5085,0.766775,RMD,BRACKET_HIGH,true,false,0.29630999999999996,0.39307106999999997,0.40882979999999997,,0.3563,false
EVT-CON-0927,Caravan Route Pestilence in European Union / Western Europe,1987,contemporary,pandemic,Europe,European Union / Western Europe,CHR-CON-0927,6582.1,0.508,0.278,0.3919,0.509,87,0.6895,68.9,27.1,0.6892,343.9,43.7,0.6412,0.6744,0.65,0.2429,0.4211,0.6196,0.5216,-0.0548,0.8507,0.6067,0.60692,CMN,BRACKET_BASE,false,true,0.3956172,0.4271709,0.5189964,,0.4055,false
EVT-CON-0928,Epidemic Fever Outbreak across Sub-Saharan Africa,1963,contemporary,pandemic,Africa,Sub-Saharan Africa,CHR-CON-0928,23676.9,0.399,0.166,0.6119,0.764,70.1,0.7325,74.9,14.4,0.6776,190.4,60.5,0.6824,0.7566,0.7076,0.331,0.4959,0.424,0.543,-0.3326,0.7106,0.684,0.552137,CMN,BRACKET_BASE,false,true,0.47658824,0.4110045,0.6000727499999999,,0.3872,false
EVT-CON-0929,Harbor Incursion Sickness in Japan,1973,contemporary,pandemic,East Asia,Japan,CHR-CON-0929,21096.1,0.369,0.692,0.4399,0.447,70.3,0.575,80.3,30,0.8294,473.6,53.3,0.7124,0.6815,0.6605,0.3668,0.5783,0.5463,0.5667,-0.1352,0.8628,0.6421,0.359723,CMN,BRACKET_BASE,false,true,0.827342,0.584,0.889,,0.3819,false
EVT-CON-0930,Canal Infrastructure Boom in Sub-Saharan Africa,1987,contemporary,economic,Africa,Sub-Saharan Africa,CHR-CON-0930,24965.7,0.494,0.312,0.5512,0.583,98.7,0.785,61,27,0.6035,165.8,73.7,0.7384,0.6942,0.6238,0.4176,0.5764,0.4552,0.5534,-0.239,0.482,0.5886,0.662372,RMD,BRACKET_MEDIUM,false,true,0.39091487,0.5625086,0.83119654,,0.3476,false
EVT-CON-0931,Debt Crisis Settlement of United States,1953,contemporary,economic,North America,United States,CHR-CON-0931,18882.4,0.513,0.409,0.4617,0.28,93.1,0.6055,78.6,25.1,0.7817,274,82,0.8163,0.648,0.6073,0.4889,0.5961,0.6781,0.6037,0.0301,0.3679,0.4609,0.411727,CMN,BRACKET_BASE,false,true,0.57947764,0.5437918500000001,0.6435817,,0.3442,false
EVT-CON-0932,Pantheon Reformation of People's Republic of China,1957,contemporary,religious,East Asia,People's Republic of China,CHR-CON-0932,47144.1,0.448,0.808,0.6155,0.399,84,0.6195,56.1,16.3,0.4866,134.8,51.1,0.6104,0.5989,0.6762,0.5541,0.6577,0.5537,0.6081,-0.0452,0.246,0.4577,0.687196,RMD,BRACKET_MEDIUM,false,false,0.41119536,0.55925,0.7084999999999999,,0.276,false
EVT-CON-0933,Provincial Autonomy Insurgency against USSR / Russian Federation,1982,contemporary,revolution,Eurasia,USSR / Russian Federation,CHR-CON-0933,43363.7,0.639,0.378,0.6532,0.752,90.2,0.827,64.8,25.1,0.6331,203.2,72.1,0.7452,0.7626,0.5888,0.3139,0.5165,0.5553,0.5474,-0.2073,0.7396,0.6098,0.405227,CMN,BRACKET_BASE,false,true,0.72619274,0.6065,0.909125,,0.4004,false
EVT-CON-0934,Mercantile Tariff Overhaul across Middle East & North Africa (MENA),1961,contemporary,economic,Middle East,Middle East & North Africa (MENA),CHR-CON-0934,8200.9,0.333,0.824,0.2952,0.404,68.7,0.5455,58,22.5,0.5442,379.3,60,0.7298,0.4962,0.4438,0.2946,0.4286,0.6264,0.4579,0.1302,0.4095,0.5949,0.786021,RMD,BRACKET_HIGH,true,false,0.42559936,0.51065742,0.62134527,,0.3812,false
EVT-CON-0935,Printing & Communications Diffusion in Republic of India,1996,contemporary,technological,South Asia,Republic of India,CHR-CON-0935,9988.8,0.293,0.844,0.3172,0.322,83.5,0.5785,76.6,25.6,0.7631,79.7,70.7,0.6704,0.5379,0.5811,0.6397,0.7128,0.8878,0.6719,0.3499,0.183,0.6159,0.888083,RMD,BRACKET_HIGH,true,false,0.21148016,0.48820520000000006,0.5014808,,0.3327,false
EVT-CON-0936,Succession Conflict of Japan,1962,contemporary,war,East Asia,Japan,CHR-CON-0936,29644.1,0.469,0.338,0.5929,0.243,91.8,0.5805,64,12.9,0.5512,368.4,50.6,0.6807,0.6363,0.5897,0.3781,0.4981,0.7361,0.5677,0.0998,0.4217,0.5306,0.746005,RMD,BRACKET_HIGH,true,false,0.32064858,0.50984676,0.6280267,,0.3935,false
EVT-CON-0937,Dynastic Disintegration of Sub-Saharan Africa,2016,contemporary,collapse,Africa,Sub-Saharan Africa,CHR-CON-0937,26351.8,0.589,0.877,0.3656,0.415,86.5,0.64,77.7,30,0.8014,393.3,73.8,0.8015,0.757,0.6631,0.4427,0.4786,0.4018,0.5486,-0.3552,0.7505,0.7384,0.503102,CMN,BRACKET_BASE,false,true,0.5677313,0.5160203,0.92112356,,0.3515,false
EVT-CON-0938,Guild Monopoly Reform in USSR / Russian Federation,1972,contemporary,economic,Eurasia,USSR / Russian Federation,CHR-CON-0938,36245.9,0.535,0.626,0.546,0.823,95.7,0.89,59.8,30.6,0.6122,254,51,0.6558,0.7438,0.6864,0.5656,0.6639,0.5632,0.6446,-0.1806,0.4904,0.5429,0.582559,CMN,BRACKET_BASE,false,true,0.30861061000000006,0.396372,0.52834968,,0.3156,false
EVT-CON-0939,Guild Monopoly Reform in Sub-Saharan Africa,1989,contemporary,economic,Africa,Sub-Saharan Africa,CHR-CON-0939,9575.8,0.615,0.195,0.4116,0.282,67.1,0.4765,61.1,21.5,0.5716,475.2,57.4,0.7331,0.6147,0.5885,0.4202,0.5372,0.4104,0.5142,-0.2043,0.3605,0.6115,0.760121,RMD,BRACKET_HIGH,true,false,0.30882000000000004,0.48867489,0.7632834300000001,,0.324,false
EVT-CON-0940,Hydraulic Engineering Grid in USSR / Russian Federation,1994,contemporary,technological,Eurasia,USSR / Russian Federation,CHR-CON-0940,34424.2,0.649,0.286,0.5975,0.252,96.4,0.608,75.6,11.3,0.6666,151.2,38.4,0.5553,0.5318,0.5523,0.6226,0.7065,0.7796,0.6386,0.2478,0.3303,0.5656,0.736706,RMD,BRACKET_HIGH,true,false,0.37601228000000003,0.5567500000000001,0.6408750000000001,,0.3063,false
EVT-CON-0941,Hydraulic Engineering Grid in United States,1952,contemporary,technological,North America,United States,CHR-CON-0941,38146.8,0.596,0.619,0.5469,0.715,67.2,0.6935,81.2,15.8,0.7539,492.1,39,0.6437,0.5907,0.6427,0.6912,0.7764,0.7669,0.6936,0.1762,0.1929,0.4742,0.853758,RMD,BRACKET_HIGH,true,false,0.23942478,0.48844263000000004,0.59953782,,0.2784,false
EVT-CON-0942,Harbor Incursion Sickness in Sub-Saharan Africa,2009,contemporary,pandemic,Africa,Sub-Saharan Africa,CHR-CON-0942,29545.9,0.336,0.814,0.4891,0.721,71.4,0.7175,70,27.2,0.7017,571.3,61.2,0.7655,0.7127,0.69,0.2726,0.519,0.3981,0.5185,-0.3146,0.8357,0.7226,0.58194,CMN,BRACKET_BASE,false,true,0.674125,0.61275,0.98725,,0.4019,false
EVT-CON-0943,Frontier Fragmentation of Middle East & North Africa (MENA),1995,contemporary,collapse,Middle East,Middle East & North Africa (MENA),CHR-CON-0943,38373.3,0.339,0.337,0.7107,0.287,78.6,0.5365,75.2,30.2,0.7757,161,71.2,0.7238,0.7529,0.6332,0.2815,0.3377,0.3097,0.463,-0.4432,0.7112,0.7437,0.617195,CMN,BRACKET_BASE,false,true,0.40420619999999996,0.43742953999999995,0.6447742000000001,,0.3763,false
EVT-CON-0944,Urban Quarantine Emergency in Japan,1987,contemporary,pandemic,East Asia,Japan,CHR-CON-0944,27667.7,0.452,0.206,0.6198,0.611,65.1,0.631,80.1,26.4,0.8056,144.1,55.1,0.6353,0.7095,0.6832,0.3854,0.6332,0.6636,0.615,-0.0459,0.6404,0.5064,0.621122,CMN,BRACKET_BASE,false,true,0.44931901,0.4144308,0.51281944,,0.3946,false
EVT-CON-0945,Provincial Autonomy Insurgency against People's Republic of China,1947,contemporary,revolution,East Asia,People's Republic of China,CHR-CON-0945,23722.3,0.367,0.348,0.5673,0.707,91.4,0.8105,55.7,27.7,0.5507,408.4,42.5,0.6477,0.7371,0.6522,0.2707,0.4877,0.8264,0.5948,0.0893,0.5177,0.5184,0.608102,CMN,BRACKET_BASE,false,true,0.45326826,0.63590125,0.73279505,,0.3958,false
EVT-CON-0946,Succession Conflict of Republic of India,1985,contemporary,war,South Asia,Republic of India,CHR-CON-0946,41270.6,0.573,0.68,0.5636,0.313,75.9,0.536,64.8,12.6,0.5581,151.8,41.3,0.57,0.61,0.5522,0.3591,0.5419,0.6858,0.5498,0.0758,0.6003,0.5724,0.71307,RMD,BRACKET_HIGH,false,false,0.3388567,0.38867112,0.44065119,,0.3876,false
EVT-CON-0947,Canal Infrastructure Boom in Republic of India,1959,contemporary,economic,South Asia,Republic of India,CHR-CON-0947,24074.7,0.457,0.161,0.5995,0.804,80,0.802,64,23.2,0.613,351.7,57.5,0.7119,0.7156,0.6819,0.4379,0.5743,0.8334,0.6486,0.1178,0.4638,0.5074,0.813799,RMD,BRACKET_HIGH,true,false,0.19775385,0.42127697999999997,0.43824312,,0.3993,false
EVT-CON-0948,Coalition Defense of Middle East & North Africa (MENA),2003,contemporary,war,Middle East,Middle East & North Africa (MENA),CHR-CON-0948,20672,0.403,0.687,0.4274,0.613,75.2,0.6825,64.3,22.6,0.6127,238.8,79.1,0.7918,0.6118,0.5415,0.2215,0.3567,0.4672,0.4397,-0.1446,0.4989,0.5744,0.692912,RMD,BRACKET_MEDIUM,false,false,0.39963352,0.5035056400000001,0.7675416700000001,,0.3998,false
EVT-CON-0949,Palatial Collapse of Republic of India,1957,contemporary,collapse,South Asia,Republic of India,CHR-CON-0949,40886.1,0.34,0.832,0.5845,0.225,90.8,0.5665,58.3,14.4,0.4989,579.6,59,0.7555,0.6791,0.6072,0.391,0.4344,0.4742,0.5172,-0.2049,0.4889,0.6154,0.605881,CMN,BRACKET_BASE,false,true,0.4458575,0.41003680000000003,0.55599337,,0.3491,false
EVT-CON-0950,Sanitation & Medical Breakthrough in People's Republic of China,2026,contemporary,technological,East Asia,People's Republic of China,CHR-CON-0950,10052.2,0.389,0.322,0.4456,0.215,90.1,0.558,70.6,29.3,0.7207,367.2,53.4,0.6945,0.5492,0.5738,0.6433,0.7566,0.6845,0.6415,0.1353,0.3473,0.5312,0.860348,RMD,BRACKET_HIGH,true,false,0.2069584,0.39582225,0.45178199999999996,,0.2732,false
EVT-CON-0951,Maritime Trade Hub Expansion in United States,1989,contemporary,economic,North America,United States,CHR-CON-0951,28961.9,0.541,0.402,0.546,0.687,84.2,0.7645,68.2,29.7,0.6973,243.4,60.7,0.7012,0.7054,0.6433,0.4551,0.6299,0.846,0.6559,0.1406,0.3402,0.4898,0.54629,CMN,BRACKET_BASE,false,true,0.49297184,0.58085115,0.6115513699999999,,0.3961,false
EVT-CON-0952,Silver Flotilla Currency Shock in Japan,2001,contemporary,economic,East Asia,Japan,CHR-CON-0952,24682.9,0.267,0.385,0.5948,0.279,91.6,0.5975,70.9,12.8,0.625,561.3,50.9,0.7127,0.6646,0.6293,0.4536,0.5206,0.7773,0.6091,0.1127,0.4535,0.5316,0.770681,RMD,BRACKET_HIGH,true,false,0.3441969000000001,0.585125,0.68275,,0.3832,false
EVT-CON-0953,Succession Conflict of Latin America (Mercosur/Alliance),1965,contemporary,war,Latin America,Latin America (Mercosur/Alliance),CHR-CON-0953,7987.9,0.294,0.397,0.433,0.751,65.7,0.704,63.9,28,0.6408,523.1,55.6,0.7311,0.6785,0.59,0.3501,0.421,0.4506,0.498,-0.2279,0.5993,0.6362,0.52597,CMN,BRACKET_BASE,false,true,0.43305715,0.41212791,0.5780928599999999,,0.3639,false
EVT-CON-0954,Civic Restoration Revolt in Middle East & North Africa (MENA),1945,contemporary,revolution,Middle East,Middle East & North Africa (MENA),CHR-CON-0954,37032,0.438,0.22,0.704,0.531,92.1,0.726,56.8,21.4,0.5247,336.5,51.6,0.6792,0.6477,0.4922,0.224,0.4859,0.6679,0.5035,0.0202,0.7401,0.5327,0.531062,CMN,BRACKET_BASE,false,true,0.65776735,0.612375,0.779125,,0.3992,false
EVT-CON-0955,Military Coup d’État in Japan,1946,contemporary,revolution,East Asia,Japan,CHR-CON-0955,4240.2,0.361,0.107,0.4663,0.284,91.8,0.601,61.3,25.8,0.5996,377.7,71,0.7845,0.6483,0.5398,0.2162,0.4521,0.5054,0.4724,-0.1429,0.6929,0.6304,0.790437,RMD,BRACKET_HIGH,true,false,0.31115899999999996,0.40682579999999996,0.5344503,,0.4032,false
EVT-CON-0956,Urban Quarantine Emergency in Latin America (Mercosur/Alliance),1961,contemporary,pandemic,Latin America,Latin America (Mercosur/Alliance),CHR-CON-0956,20722.1,0.304,0.202,0.603,0.481,74.1,0.611,60.6,12,0.5092,522.2,47.3,0.6895,0.6797,0.6136,0.2632,0.3836,0.7003,0.5281,0.0206,0.894,0.6061,0.457308,CMN,BRACKET_BASE,false,true,0.69294722,0.5187717700000001,0.6901649999999999,,0.4032,false
EVT-CON-0957,Navigational Instrument Reform in Latin America (Mercosur/Alliance),1956,contemporary,technological,Latin America,Latin America (Mercosur/Alliance),CHR-CON-0957,8441.6,0.376,0.175,0.4791,0.366,77.8,0.572,62.2,31.7,0.6447,554.2,78.6,0.8503,0.5781,0.6285,0.728,0.8674,0.7947,0.7193,0.2166,0.2383,0.5522,0.565611,CMN,BRACKET_BASE,false,true,0.24610884,0.39476381000000005,0.43153908,,0.2892,false
EVT-CON-0958,Military Coup d’État in European Union / Western Europe,1946,contemporary,revolution,Europe,European Union / Western Europe,CHR-CON-0958,37864.5,0.589,0.207,0.6701,0.386,89.3,0.6395,57.2,21.9,0.532,319.5,72.1,0.7779,0.636,0.5456,0.2788,0.4403,0.5438,0.4889,-0.0922,0.7495,0.5909,0.553244,CMN,BRACKET_BASE,false,true,0.59307508,0.4932417,0.748566,,0.3955,false
EVT-CON-0959,Military Coup d’État in USSR / Russian Federation,2010,contemporary,revolution,Eurasia,USSR / Russian Federation,CHR-CON-0959,32699.6,0.385,0.736,0.5262,0.371,93.7,0.654,67.5,26.2,0.6687,537.7,70.8,0.8091,0.6938,0.5358,0.3143,0.4363,0.4111,0.4783,-0.2827,0.3583,0.5949,0.394024,CMN,BRACKET_BASE,false,true,0.73734213,0.594,0.91025,,0.3735,false
EVT-CON-0960,Metallurgical Innovation Surge in Sub-Saharan Africa,1964,contemporary,technological,Africa,Sub-Saharan Africa,CHR-CON-0960,24368,0.278,0.748,0.4798,0.748,91.8,0.833,81.9,20.6,0.7902,366.3,43,0.6423,0.5887,0.6355,0.7389,0.8672,0.8918,0.7444,0.3031,0.3427,0.5639,0.764737,RMD,BRACKET_HIGH,true,false,0.28413688,0.57075,0.671625,,0.3145,false
EVT-CON-0961,Sanitation & Medical Breakthrough in Japan,1952,contemporary,technological,East Asia,Japan,CHR-CON-0961,27742.4,0.447,0.363,0.5749,0.603,89.8,0.7505,66,18.5,0.6064,461.5,60.9,0.7485,0.6158,0.6407,0.7223,0.8776,0.8493,0.7411,0.2335,0.3308,0.549,0.68111,RMD,BRACKET_MEDIUM,false,false,0.43671153000000007,0.567875,0.66175,,0.304,false
EVT-CON-0962,Caravan Route Pestilence in Latin America (Mercosur/Alliance),2018,contemporary,pandemic,Latin America,Latin America (Mercosur/Alliance),CHR-CON-0962,34453,0.514,0.464,0.5848,0.385,89.4,0.6395,82.8,13.3,0.7561,502.5,56.7,0.7337,0.7202,0.649,0.1952,0.3339,0.7342,0.5265,0.014,0.8102,0.5431,0.488198,CMN,BRACKET_BASE,false,true,0.49554076,0.47963188,0.5059197200000001,,0.4026,false
EVT-CON-0963,Printing & Communications Diffusion in Republic of India,2021,contemporary,technological,South Asia,Republic of India,CHR-CON-0963,29944.9,0.468,0.492,0.5497,0.822,92.7,0.8745,58,26,0.5652,472.3,55,0.7207,0.6179,0.6755,0.7831,0.9285,0.7629,0.7536,0.145,0.4058,0.5113,0.720149,RMD,BRACKET_HIGH,false,false,0.26687136,0.40680012,0.49459800000000004,,0.2898,false
EVT-CON-0964,Synod Monotheistic Mandate in Republic of India,1980,contemporary,religious,South Asia,Republic of India,CHR-CON-0964,25076.1,0.355,0.243,0.6145,0.597,88.9,0.743,81.2,29.3,0.8349,358.6,54.9,0.7003,0.7177,0.7355,0.5804,0.6675,0.7154,0.6833,-0.0023,0.2563,0.3665,0.677693,RMD,BRACKET_MEDIUM,false,true,0.35945499999999997,0.5742499999999999,0.689375,,0.3269,false
EVT-CON-0965,Debt Crisis Settlement of Japan,2011,contemporary,economic,East Asia,Japan,CHR-CON-0965,12283.1,0.409,0.564,0.387,0.291,91.5,0.603,75.1,19.8,0.7122,86,43.7,0.5409,0.633,0.5736,0.4058,0.4979,0.3845,0.499,-0.2485,0.331,0.5916,0.806445,RMD,BRACKET_HIGH,true,false,0.29041259999999997,0.3915792,0.52853684,,0.3333,false
EVT-CON-0966,Fiscal Default Crisis in USSR / Russian Federation,2022,contemporary,collapse,Eurasia,USSR / Russian Federation,CHR-CON-0966,3813.6,0.328,0.198,0.445,0.287,95.8,0.6225,79,30.5,0.8184,353,41.5,0.6321,0.7183,0.6015,0.2734,0.3244,0.5207,0.4877,-0.1976,0.7895,0.6512,0.596364,CMN,BRACKET_BASE,false,true,0.48515093,0.42681,0.56316316,,0.4054,false
EVT-CON-0967,Palatial Collapse of Japan,2026,contemporary,collapse,East Asia,Japan,CHR-CON-0967,21562,0.386,0.857,0.3895,0.54,69.6,0.618,72.8,9.2,0.6238,319.5,57.7,0.7059,0.7293,0.6204,0.2846,0.3263,0.5259,0.4973,-0.2034,0.4682,0.6122,0.617097,CMN,BRACKET_BASE,false,true,0.396927,0.42219056,0.551412,,0.4052,false
EVT-CON-0968,Decentralization Wave across Japan,2003,contemporary,collapse,East Asia,Japan,CHR-CON-0968,35749.6,0.326,0.164,0.7429,0.633,65.2,0.6425,79.1,19.8,0.7553,223.5,82.5,0.804,0.8668,0.7971,0.5857,0.6469,0.6465,0.7086,-0.2203,0.8401,0.6379,0.474067,CMN,BRACKET_BASE,false,true,0.6441151999999999,0.587125,0.9355,,0.3393,false
EVT-CON-0969,Civic Restoration Revolt in People's Republic of China,1965,contemporary,revolution,East Asia,People's Republic of China,CHR-CON-0969,37899.7,0.36,0.717,0.5861,0.39,99.1,0.6905,80.2,12,0.7203,56.1,79.6,0.6895,0.674,0.5186,0.1609,0.4202,0.5893,0.4726,-0.0847,0.7907,0.5739,0.515858,CMN,BRACKET_BASE,false,true,0.45719379,0.43302189999999996,0.5125632,,0.3908,false
EVT-CON-0970,Hydraulic Engineering Grid in Middle East & North Africa (MENA),1945,contemporary,technological,Middle East,Middle East & North Africa (MENA),CHR-CON-0970,37093.2,0.479,0.211,0.695,0.573,81.3,0.693,63.8,27.7,0.6379,175.2,57.2,0.6599,0.5897,0.611,0.6728,0.8118,0.7543,0.6879,0.1646,0.4071,0.5168,0.492102,CMN,BRACKET_BASE,false,true,0.55516204,0.563125,0.69425,,0.2867,false
EVT-CON-0971,Guild Monopoly Reform in Latin America (Mercosur/Alliance),1955,contemporary,economic,Latin America,Latin America (Mercosur/Alliance),CHR-CON-0971,33212.4,0.54,0.328,0.6067,0.282,70.1,0.4915,78.1,11.6,0.6953,363.4,79.7,0.8252,0.6401,0.5474,0.3534,0.5026,0.4718,0.5031,-0.1683,0.4918,0.5748,0.549841,CMN,BRACKET_BASE,false,true,0.38476102,0.39626627999999997,0.52826175,,0.3605,false
EVT-CON-0972,Frontier Fragmentation of Republic of India,1998,contemporary,collapse,South Asia,Republic of India,CHR-CON-0972,9897.3,0.326,0.609,0.377,0.497,94.1,0.719,59.1,13.9,0.5045,534.2,39.3,0.6511,0.6984,0.6009,0.3223,0.3588,0.2874,0.4536,-0.411,0.6609,0.7771,0.438002,CMN,BRACKET_BASE,false,true,0.5289822399999999,0.507678,0.9186333299999999,,0.3648,false
EVT-CON-0973,Territorial Rupture of Latin America (Mercosur/Alliance),1987,contemporary,collapse,Latin America,Latin America (Mercosur/Alliance),CHR-CON-0973,31200.1,0.297,0.884,0.4947,0.425,67.7,0.551,77,18.4,0.7242,538.5,57.4,0.7422,0.6957,0.5808,0.3664,0.4327,0.2968,0.4745,-0.3989,0.8134,0.7833,0.478323,CMN,BRACKET_BASE,false,true,0.69531696,0.5885,1,,0.3603,false
EVT-CON-0974,Pantheon Reformation of United States,1978,contemporary,religious,North America,United States,CHR-CON-0974,15388,0.613,0.626,0.3352,0.497,74.1,0.619,65.1,18.6,0.5973,330,61.6,0.7278,0.5797,0.5552,0.4066,0.5613,0.642,0.549,0.0623,0.3643,0.522,0.49137,CMN,BRACKET_BASE,false,true,0.6127708199999999,0.55073775,0.6422891399999999,,0.3579,false
EVT-CON-0975,Temple Bureaucracy Reorganization of Southeast Asia (ASEAN),1995,contemporary,religious,Southeast Asia,Southeast Asia (ASEAN),CHR-CON-0975,21272.9,0.447,0.135,0.5852,0.445,80.1,0.623,82.4,20.8,0.7968,409.4,67.3,0.7719,0.6924,0.7308,0.5656,0.6536,0.6396,0.6564,-0.0528,0.3512,0.4456,0.641761,RMD,BRACKET_MEDIUM,false,true,0.29592156,0.54504,0.68569572,,0.306,false
EVT-CON-0976,Frontier Fragmentation of Middle East & North Africa (MENA),1997,contemporary,collapse,Middle East,Middle East & North Africa (MENA),CHR-CON-0976,17837.7,0.44,0.291,0.5096,0.622,93.2,0.777,75.3,14.6,0.6831,532.6,72.6,0.8174,0.8378,0.7552,0.4259,0.4553,0.5333,0.6015,-0.3045,0.6823,0.6696,0.71309,RMD,BRACKET_HIGH,false,false,0.3802094,0.4177758,0.59278518,,0.382,false
EVT-CON-0977,Coalition Defense of Global Transnational Institutions,2003,contemporary,war,Global,Global Transnational Institutions,CHR-CON-0977,10857,0.374,0.799,0.3142,0.448,81.5,0.6315,70.4,26.2,0.7,194.3,83,0.7964,0.5717,0.479,0.2669,0.4388,0.5726,0.4658,0.0009,0.5943,0.5322,0.586797,CMN,BRACKET_BASE,false,true,0.63590877,0.5188935199999999,0.72560712,,0.3946,false
EVT-CON-0978,Mechanical Power Harnessing in European Union / Western Europe,2025,contemporary,technological,Europe,European Union / Western Europe,CHR-CON-0978,22636.5,0.316,0.39,0.5602,0.342,87.7,0.6095,69.9,23.8,0.6802,539.8,44.9,0.6799,0.5364,0.5726,0.6847,0.798,0.899,0.6981,0.3626,0.1729,0.5915,0.604902,CMN,BRACKET_BASE,false,true,0.31060679999999996,0.54214565,0.5379484,,0.3307,false
EVT-CON-0979,Radical Assembly Schism in Japan,1965,contemporary,revolution,East Asia,Japan,CHR-CON-0979,15763.2,0.564,0.533,0.3811,0.365,89.8,0.6315,65.1,18.2,0.5949,246.9,56.4,0.6808,0.67,0.5884,0.3772,0.5411,0.8517,0.6057,0.1817,0.3769,0.5812,0.590351,CMN,BRACKET_BASE,false,true,0.52689018,0.53546847,0.63800188,,0.4012,false
EVT-CON-0980,Pantheon Reformation of Republic of India,1952,contemporary,religious,South Asia,Republic of India,CHR-CON-0980,16537.3,0.628,0.306,0.437,0.648,65.2,0.65,55.9,20.6,0.5102,114.2,50.7,0.5964,0.5395,0.523,0.384,0.4652,0.7023,0.5228,0.1628,0.35,0.5658,0.618178,CMN,BRACKET_BASE,false,true,0.4039897499999999,0.5491938,0.57696964,,0.3706,false
EVT-CON-0981,Maritime Trade Hub Expansion in Middle East & North Africa (MENA),1990,contemporary,economic,Middle East,Middle East & North Africa (MENA),CHR-CON-0981,47168,0.445,0.25,0.784,0.511,86.1,0.686,56.2,26.8,0.5506,287.5,48.1,0.6503,0.6604,0.6122,0.4639,0.5619,0.6339,0.5865,-0.0265,0.546,0.4777,0.587808,CMN,BRACKET_BASE,false,true,0.5886484999999999,0.570125,0.7735000000000001,,0.3486,false
EVT-CON-0982,Grain Market Price Shock across Japan,1980,contemporary,economic,East Asia,Japan,CHR-CON-0982,12486.7,0.457,0.599,0.364,0.79,80.5,0.7975,58.7,18.7,0.529,254.1,75.2,0.7768,0.5761,0.4945,0.3007,0.4336,0.5687,0.4747,-0.0074,0.3843,0.4765,0.589585,CMN,BRACKET_BASE,false,true,0.34026422,0.4014107,0.45972480000000004,,0.3864,false
EVT-CON-0983,Agrarian Insurgency in Republic of India,1946,contemporary,revolution,South Asia,Republic of India,CHR-CON-0983,35428.2,0.567,0.858,0.4595,0.596,66.1,0.6285,76.5,27.5,0.7735,174.4,77.5,0.7611,0.6725,0.5198,0.2676,0.3889,0.6025,0.4903,-0.07,0.4274,0.4954,0.426274,CMN,BRACKET_BASE,false,true,0.43787096000000003,0.43039712,0.5099654,,0.4057,false
EVT-CON-0984,Imperial Unification of USSR / Russian Federation,1960,contemporary,transformation,Eurasia,USSR / Russian Federation,CHR-CON-0984,27293,0.5,0.623,0.477,0.504,86.7,0.6855,60.2,18.1,0.5415,196.7,79.9,0.7818,0.535,0.5676,0.4452,0.5882,0.7727,0.5817,0.2377,0.3774,0.5971,0.736685,RMD,BRACKET_HIGH,true,false,0.32355388,0.39222888,0.37186299999999994,,0.358,false
EVT-CON-0985,Military Coup d’État in Middle East & North Africa (MENA),2019,contemporary,revolution,Middle East,Middle East & North Africa (MENA),CHR-CON-0985,39314.2,0.488,0.8,0.5355,0.849,95.1,0.9,60.9,24.1,0.5851,122.9,53,0.6133,0.7513,0.6265,0.3081,0.5136,0.4595,0.5318,-0.2918,0.6211,0.6398,0.670356,RMD,BRACKET_MEDIUM,false,true,0.35363807999999997,0.4222292,0.60069698,,0.3969,false
EVT-CON-0986,Continental Standoff of Japan,1998,contemporary,war,East Asia,Japan,CHR-CON-0986,16159,0.472,0.273,0.4903,0.297,73,0.5135,58.1,12.2,0.4835,133.2,66.2,0.6851,0.5695,0.4819,0.2297,0.3577,0.6862,0.465,0.1167,0.6377,0.6293,0.667434,RMD,BRACKET_MEDIUM,false,true,0.43344092,0.40603911,0.45529516000000003,,0.4035,false
EVT-CON-0987,Agrarian Restructuring of People's Republic of China,2024,contemporary,transformation,East Asia,People's Republic of China,CHR-CON-0987,13467.1,0.605,0.724,0.2909,0.739,77.7,0.758,80.6,16.7,0.7528,166.7,56,0.6503,0.4962,0.5307,0.4195,0.6347,0.6504,0.5463,0.1542,0.1671,0.4848,0.798735,RMD,BRACKET_HIGH,true,false,0.29316794,0.38806848,0.35101205,,0.3379,false
EVT-CON-0988,Navigational Instrument Reform in United States,2011,contemporary,technological,North America,United States,CHR-CON-0988,33593.9,0.57,0.812,0.4559,0.551,88.5,0.718,70.4,24.1,0.6874,542.6,85,0.8807,0.6027,0.66,0.7464,0.8305,0.9377,0.7555,0.335,0.1576,0.5711,0.591925,CMN,BRACKET_BASE,false,true,0.34092738,0.50126805,0.5511258,,0.3224,false
EVT-CON-0989,Guild Monopoly Reform in Japan,2002,contemporary,economic,East Asia,Japan,CHR-CON-0989,43870.6,0.463,0.715,0.6095,0.293,84.1,0.567,66.1,23.9,0.6399,573,52.9,0.7242,0.6836,0.6189,0.3653,0.5345,0.6283,0.5661,-0.0553,0.37,0.4799,0.484816,CMN,BRACKET_BASE,false,true,0.44547812999999997,0.594,0.7806250000000001,,0.391,false
EVT-CON-0990,Temple Bureaucracy Reorganization of Sub-Saharan Africa,2014,contemporary,religious,Africa,Sub-Saharan Africa,CHR-CON-0990,8954,0.606,0.637,0.2761,0.614,73.7,0.6755,63.7,17.9,0.578,113.6,65,0.6676,0.5627,0.6307,0.4655,0.5354,0.7914,0.5971,0.2287,0.2839,0.595,0.655663,RMD,BRACKET_MEDIUM,false,true,0.39590534000000005,0.40401555999999994,0.37108608,,0.3642,false
EVT-CON-0991,Borderlands Pacification of Southeast Asia (ASEAN),1959,contemporary,war,Southeast Asia,Southeast Asia (ASEAN),CHR-CON-0991,28026.6,0.416,0.76,0.4677,0.493,68.8,0.5905,60.6,23.2,0.5764,73.4,48.8,0.5549,0.5566,0.5047,0.3298,0.3861,0.2977,0.415,-0.2589,0.6124,0.6777,0.50536,CMN,BRACKET_BASE,false,true,0.7285245,0.5483713200000001,0.8491189199999999,,0.331,false
EVT-CON-0992,Imperial Unification of Southeast Asia (ASEAN),2006,contemporary,transformation,Southeast Asia,Southeast Asia (ASEAN),CHR-CON-0992,35125.2,0.416,0.775,0.527,0.636,69.2,0.664,56.5,27.5,0.5581,542.8,50.7,0.7093,0.5241,0.572,0.4682,0.618,0.6363,0.5637,0.1122,0.2314,0.4861,0.764249,RMD,BRACKET_HIGH,true,false,0.34067306999999997,0.53585589,0.56739332,,0.3099,false
EVT-CON-0993,Urban Quarantine Emergency in Southeast Asia (ASEAN),2022,contemporary,pandemic,Southeast Asia,Southeast Asia (ASEAN),CHR-CON-0993,30249.3,0.585,0.803,0.424,0.318,73.6,0.527,60.9,25.8,0.5953,559.5,80.2,0.859,0.6472,0.5985,0.2929,0.4274,0.4532,0.4838,-0.194,0.8962,0.7269,0.536734,CMN,BRACKET_BASE,false,true,0.7236548,0.56501088,0.84737576,,0.3807,false
EVT-CON-0994,Metallurgical Innovation Surge in Middle East & North Africa (MENA),2001,contemporary,technological,Middle East,Middle East & North Africa (MENA),CHR-CON-0994,32679.5,0.382,0.522,0.5911,0.218,95.8,0.588,77,11.2,0.681,150.5,49.9,0.6124,0.5565,0.6064,0.6783,0.7514,0.7438,0.6673,0.1873,0.4248,0.5583,0.740564,RMD,BRACKET_HIGH,true,false,0.31266353999999996,0.5372613500000001,0.6782627999999999,,0.2749,false
EVT-CON-0995,Agrarian Insurgency in Republic of India,1965,contemporary,revolution,South Asia,Republic of India,CHR-CON-0995,30201,0.285,0.67,0.5535,0.688,95.1,0.8195,61.1,31.7,0.6328,214.2,66.3,0.72,0.6877,0.5935,0.2786,0.413,0.6088,0.5163,-0.0789,0.5391,0.5065,0.365165,CMN,BRACKET_BASE,false,true,0.7969999999999999,0.613125,0.841,,0.4061,false
EVT-CON-0996,Fiscal Default Crisis in Sub-Saharan Africa,1975,contemporary,collapse,Africa,Sub-Saharan Africa,CHR-CON-0996,37499.1,0.649,0.592,0.5333,0.633,76.8,0.7005,63.2,30.4,0.6476,194.7,41.3,0.5881,0.6998,0.5946,0.3052,0.3259,0.2873,0.4426,-0.4125,0.6209,0.7258,0.628912,CMN,BRACKET_BASE,false,true,0.4367776,0.41855352,0.6349173,,0.3662,false
EVT-CON-0997,Astronomical Standardization by Sub-Saharan Africa,1999,contemporary,technological,Africa,Sub-Saharan Africa,CHR-CON-0997,41378.9,0.392,0.637,0.6318,0.24,80.2,0.521,61.6,19.2,0.5632,358.9,60.3,0.7273,0.5302,0.561,0.6669,0.7728,0.8479,0.6758,0.3177,0.3832,0.64,0.872957,RMD,BRACKET_HIGH,true,false,0.17379039999999998,0.38490684999999997,0.40523207999999994,,0.3184,false
EVT-CON-0998,Respiratory Virulence Wave across Global Transnational Institutions,2003,contemporary,pandemic,Global,Global Transnational Institutions,CHR-CON-0998,25394,0.564,0.147,0.5835,0.418,73.5,0.5765,62,21.1,0.5789,413.1,62.4,0.748,0.7212,0.6593,0.2305,0.4395,0.6665,0.5434,-0.0547,0.6463,0.5603,0.582309,CMN,BRACKET_BASE,false,true,0.47559015,0.62450182,0.7800071399999999,,0.394,false
EVT-CON-0999,Monastic Network Expansion of Global Transnational Institutions,2013,contemporary,religious,Global,Global Transnational Institutions,CHR-CON-0999,8905.3,0.485,0.595,0.3246,0.622,87.1,0.7465,82.7,10.1,0.7358,298.7,85.3,0.839,0.7056,0.7751,0.6874,0.8466,0.9542,0.7938,0.2486,0.2594,0.5581,0.648731,RMD,BRACKET_MEDIUM,false,true,0.29731232,0.55659198,0.50166802,,0.3346,false
EVT-CON-1000,Secular Legal Separation in United States,1964,contemporary,religious,North America,United States,CHR-CON-1000,35422.5,0.421,0.433,0.6307,0.678,66.3,0.6705,67.8,24.8,0.6636,218,80.5,0.7922,0.7106,0.6843,0.5928,0.6904,0.8703,0.7097,0.1597,0.3725,0.5146,0.808509,RMD,BRACKET_HIGH,true,false,0.26386432,0.38863306999999997,0.37534848,,0.3529,false
EVT-CON-1001,Hydraulic Engineering Grid in Republic of India,2023,contemporary,technological,South Asia,Republic of India,CHR-CON-1001,13550.7,0.503,0.865,0.2799,0.386,72.8,0.557,64.4,16.1,0.5748,538,70.7,0.8086,0.4872,0.5445,0.5899,0.6954,0.6497,0.5933,0.1625,0.4051,0.6073,0.85222,RMD,BRACKET_HIGH,true,false,0.22406895000000002,0.37513675,0.440334,,0.2748,false
EVT-CON-1002,Navigational Instrument Reform in USSR / Russian Federation,1995,contemporary,technological,Eurasia,USSR / Russian Federation,CHR-CON-1002,22490.3,0.433,0.298,0.5514,0.327,78.9,0.558,82.4,17.5,0.777,465.4,68.5,0.7871,0.6017,0.6443,0.6873,0.7477,0.8233,0.7009,0.2216,0.3715,0.5596,0.801407,RMD,BRACKET_HIGH,true,false,0.22626335,0.37924608,0.40340212000000003,,0.2967,false
EVT-CON-1003,Astronomical Standardization by Republic of India,2026,contemporary,technological,South Asia,Republic of India,CHR-CON-1003,30114.2,0.639,0.788,0.4111,0.478,73.1,0.6045,78.8,20.1,0.7538,498.8,53.4,0.7167,0.5434,0.5868,0.6324,0.6926,0.8145,0.6539,0.2711,0.4062,0.6125,0.826628,RMD,BRACKET_HIGH,true,false,0.36949999999999994,0.5539999999999999,0.6408750000000001,,0.3124,false
EVT-CON-1004,Succession Conflict of European Union / Western Europe,1976,contemporary,war,Europe,European Union / Western Europe,CHR-CON-1004,13640.2,0.274,0.871,0.3476,0.762,90.5,0.8335,78.8,25.1,0.7838,380.5,41.6,0.6381,0.656,0.602,0.3336,0.4997,0.5815,0.5346,-0.0745,0.5725,0.5186,0.584835,CMN,BRACKET_BASE,false,true,0.48100052000000004,0.40359984000000004,0.50650244,,0.3917,false
EVT-CON-1005,Borderlands Pacification of United States,2003,contemporary,war,North America,United States,CHR-CON-1005,33485.9,0.58,0.283,0.6106,0.363,81.8,0.5905,77.5,17.1,0.7218,150.5,83.4,0.7799,0.6287,0.5577,0.3057,0.3808,0.5004,0.4747,-0.1283,0.6162,0.5649,0.66798,RMD,BRACKET_MEDIUM,false,true,0.45677291,0.522255,0.8048901600000001,,0.3839,false
EVT-CON-1006,Pantheon Reformation of Global Transnational Institutions,1972,contemporary,religious,Global,Global Transnational Institutions,CHR-CON-1006,24768.2,0.618,0.156,0.559,0.586,79,0.688,84.4,10.4,0.7559,245.6,63,0.7134,0.6824,0.7421,0.5644,0.6512,0.5766,0.6433,-0.1058,0.459,0.5014,0.625309,CMN,BRACKET_BASE,false,true,0.37489961,0.569875,0.8018749999999999,,0.3018,false
EVT-CON-1007,Agrarian Restructuring of European Union / Western Europe,1973,contemporary,transformation,Europe,European Union / Western Europe,CHR-CON-1007,44083.8,0.538,0.356,0.6966,0.263,85.1,0.557,73.4,21.6,0.7047,237.8,83.1,0.8115,0.6017,0.6548,0.5927,0.8045,0.8437,0.6995,0.242,0.3901,0.5645,0.813702,RMD,BRACKET_HIGH,true,false,0.20365149999999999,0.39551358,0.35207032,,0.3309,false
EVT-CON-1008,Agricultural Plague Wave in European Union / Western Europe,1969,contemporary,pandemic,Europe,European Union / Western Europe,CHR-CON-1008,45611.9,0.327,0.137,0.8393,0.812,83.3,0.8225,65.4,25.7,0.6431,488.1,39.6,0.6461,0.7623,0.7113,0.4258,0.5263,0.6242,0.61,-0.1381,0.8975,0.5832,0.682224,RMD,BRACKET_MEDIUM,false,false,0.41354496,0.5230754,0.81256832,,0.3862,false
EVT-CON-1009,Institutional Dissolution of Southeast Asia (ASEAN),1978,contemporary,collapse,Southeast Asia,Southeast Asia (ASEAN),CHR-CON-1009,41804.4,0.311,0.557,0.6839,0.496,96.8,0.732,67.5,24.5,0.6585,61.2,66.2,0.6288,0.7648,0.6634,0.4581,0.517,0.4778,0.5762,-0.287,0.5641,0.6148,0.691426,RMD,BRACKET_MEDIUM,false,false,0.27063039,0.40674984,0.58051524,,0.3458,false
EVT-CON-1010,Monastic Network Expansion of Latin America (Mercosur/Alliance),1949,contemporary,religious,Latin America,Latin America (Mercosur/Alliance),CHR-CON-1010,41769.3,0.337,0.412,0.7193,0.811,66.2,0.7365,72.1,12.5,0.6361,540.1,75.7,0.8339,0.7034,0.7157,0.5664,0.6823,0.9181,0.7172,0.2147,0.3022,0.5077,0.778274,RMD,BRACKET_HIGH,true,false,0.24634998000000002,0.5099328,0.54867098,,0.3731,false
EVT-CON-1011,Hydraulic Engineering Grid in Latin America (Mercosur/Alliance),1983,contemporary,technological,Latin America,Latin America (Mercosur/Alliance),CHR-CON-1011,32799,0.521,0.892,0.4395,0.485,74.7,0.616,73,27.2,0.734,363.5,84.5,0.8493,0.5756,0.6273,0.7112,0.7713,0.9509,0.7273,0.3753,0.2805,0.6344,0.629857,CMN,BRACKET_BASE,false,true,0.4367184,0.5673750000000001,0.601125,,0.3336,false
EVT-CON-1012,Fiscal Default Crisis in USSR / Russian Federation,2008,contemporary,collapse,Eurasia,USSR / Russian Federation,CHR-CON-1012,47010.5,0.291,0.246,0.83,0.592,92.9,0.7605,81.5,17.4,0.7667,225.2,57.1,0.6776,0.837,0.7816,0.5594,0.6397,0.5325,0.67,-0.3045,0.4494,0.5532,0.622535,CMN,BRACKET_BASE,false,true,0.29181599999999996,0.41906791000000004,0.58115025,,0.3468,false
EVT-CON-1013,Decentralization Wave across Sub-Saharan Africa,1967,contemporary,collapse,Africa,Sub-Saharan Africa,CHR-CON-1013,5698,0.616,0.496,0.2862,0.371,89.2,0.6315,69.2,12.3,0.6036,69.9,80.3,0.7089,0.6448,0.5905,0.3178,0.3686,0.4049,0.4653,-0.2399,0.5228,0.6621,0.547166,CMN,BRACKET_BASE,false,true,0.49834752,0.5700329399999999,0.85165193,,0.3612,false
EVT-CON-1014,Sanitation & Medical Breakthrough in Middle East & North Africa (MENA),1976,contemporary,technological,Middle East,Middle East & North Africa (MENA),CHR-CON-1014,28772.5,0.276,0.89,0.4774,0.573,93.7,0.755,69.3,10.6,0.5945,252.1,41.1,0.6058,0.5432,0.5972,0.648,0.7383,0.7218,0.6497,0.1786,0.4043,0.5535,0.709394,RMD,BRACKET_HIGH,false,false,0.37325045999999995,0.38348832,0.44192152,,0.2782,false
EVT-CON-1015,Palatial Collapse of United States,2026,contemporary,collapse,North America,United States,CHR-CON-1015,13012.2,0.422,0.152,0.5133,0.215,78.7,0.501,73.4,24.9,0.7245,330.2,65.2,0.7458,0.7096,0.6531,0.2585,0.2786,0.329,0.4458,-0.3806,0.6468,0.7364,0.317921,CMN,BRACKET_BASE,false,true,0.6869429799999999,0.6264934400000001,0.96138655,,0.3804,false
EVT-CON-1016,Navigational Instrument Reform in Southeast Asia (ASEAN),1960,contemporary,technological,Southeast Asia,Southeast Asia (ASEAN),CHR-CON-1016,42751.8,0.451,0.533,0.6576,0.238,67.5,0.4565,72.4,12.6,0.6399,461.9,41.3,0.6506,0.5094,0.5535,0.6299,0.7619,0.6732,0.6256,0.1638,0.3057,0.5318,0.572053,CMN,BRACKET_BASE,false,true,0.32930208,0.39232490000000003,0.44544606000000003,,0.2791,false
EVT-CON-1017,Coalition Defense of People's Republic of China,1991,contemporary,war,East Asia,People's Republic of China,CHR-CON-1017,37239.5,0.424,0.345,0.6726,0.287,90.7,0.597,71.9,24,0.7029,161,76.4,0.7498,0.648,0.5877,0.3683,0.4482,0.4923,0.5089,-0.1557,0.6558,0.5822,0.613794,CMN,BRACKET_BASE,false,true,0.48385253,0.3943908,0.53638914,,0.3594,false
EVT-CON-1018,Maritime Hegemony Clash in Japan,1977,contemporary,war,East Asia,Japan,CHR-CON-1018,25473.7,0.56,0.536,0.4687,0.248,67.1,0.4595,66.6,29.7,0.68,498.3,78.4,0.8416,0.5975,0.5096,0.3294,0.4967,0.3575,0.4581,-0.24,0.5092,0.6457,0.601504,CMN,BRACKET_BASE,false,true,0.4660032,0.39342688000000003,0.55280159,,0.3464,false
EVT-CON-1019,Systemic Governance Breakdown in United States,1956,contemporary,collapse,North America,United States,CHR-CON-1019,44367.7,0.456,0.392,0.713,0.694,85.3,0.7735,55.4,10.5,0.4442,520.8,83.4,0.8698,0.7636,0.6648,0.378,0.4775,0.4383,0.5444,-0.3253,0.7926,0.7142,0.697546,RMD,BRACKET_MEDIUM,false,false,0.45112305999999996,0.57700797,0.9112432000000001,,0.3654,false
EVT-CON-1020,Administrative Codification of Republic of India,2018,contemporary,transformation,South Asia,Republic of India,CHR-CON-1020,37392.3,0.569,0.555,0.5674,0.433,68,0.5565,67,14.7,0.5944,375.7,42.7,0.6426,0.5033,0.5647,0.4248,0.6447,0.8413,0.5958,0.338,0.3965,0.6539,0.643892,RMD,BRACKET_MEDIUM,false,true,0.47954024,0.49444122,0.5404945999999999,,0.3717,false
EVT-CON-1021,Harbor Incursion Sickness in People's Republic of China,2004,contemporary,pandemic,East Asia,People's Republic of China,CHR-CON-1021,33882.1,0.425,0.801,0.5053,0.518,93.4,0.726,64.9,15.6,0.5771,64.3,57.5,0.5889,0.6946,0.6414,0.3147,0.4397,0.323,0.4827,-0.3716,0.7531,0.7477,0.536874,CMN,BRACKET_BASE,false,true,0.46723394999999995,0.41648139999999995,0.6331712,,0.3709,false
EVT-CON-1022,Mercantile Tariff Overhaul across Latin America (Mercosur/Alliance),1981,contemporary,economic,Latin America,Latin America (Mercosur/Alliance),CHR-CON-1022,14497.4,0.533,0.601,0.3587,0.841,82.5,0.833,70.5,28.3,0.7136,496.2,63.2,0.7653,0.6187,0.5463,0.3334,0.4341,0.4319,0.4729,-0.1868,0.4174,0.5494,0.392781,CMN,BRACKET_BASE,false,true,0.5898920999999999,0.55629237,0.789592,,0.3556,false
EVT-CON-1023,Temple Bureaucracy Reorganization of Southeast Asia (ASEAN),2020,contemporary,religious,Southeast Asia,Southeast Asia (ASEAN),CHR-CON-1023,47226.6,0.516,0.131,0.7989,0.692,95.1,0.8215,77.6,28.5,0.7913,544.9,51.6,0.7141,0.7791,0.7781,0.6538,0.8093,0.812,0.7665,0.0329,0.5079,0.413,0.757111,RMD,BRACKET_HIGH,true,false,0.20117468,0.49863495,0.6556839,,0.3272,false
EVT-CON-1024,Agrarian Insurgency in Southeast Asia (ASEAN),1999,contemporary,revolution,Southeast Asia,Southeast Asia (ASEAN),CHR-CON-1024,13855,0.332,0.858,0.3361,0.748,96.9,0.8585,80.5,9.9,0.7109,92.9,73.5,0.6955,0.7434,0.6101,0.3189,0.4459,0.6162,0.5469,-0.1272,0.4363,0.5219,0.523343,CMN,BRACKET_BASE,false,true,0.48121372999999995,0.614625,0.8502500000000001,,0.4048,false
EVT-CON-1025,Bureaucratic Consolidation of Middle East & North Africa (MENA),2023,contemporary,transformation,Middle East,Middle East & North Africa (MENA),CHR-CON-1025,30827.7,0.377,0.829,0.4838,0.624,99,0.807,75.9,25.4,0.7544,366.8,45.8,0.6564,0.6245,0.6954,0.5944,0.7892,0.7704,0.6948,0.1459,0.3834,0.4979,0.552752,CMN,BRACKET_BASE,false,true,0.48661052999999993,0.49415919,0.5689854000000001,,0.316,false
EVT-CON-1026,Secular Legal Separation in People's Republic of China,1999,contemporary,religious,East Asia,People's Republic of China,CHR-CON-1026,8015.1,0.553,0.851,0.2194,0.729,75.2,0.7405,56.6,22.8,0.531,263.3,71.3,0.7599,0.5836,0.5908,0.391,0.4846,0.6311,0.5362,0.0475,0.2687,0.4992,0.502512,CMN,BRACKET_BASE,false,true,0.5204659199999999,0.5025132,0.6286158900000001,,0.3663,false
EVT-CON-1027,Succession Conflict of Republic of India,1952,contemporary,war,South Asia,Republic of India,CHR-CON-1027,46936.4,0.271,0.743,0.6862,0.562,89.7,0.7295,81.1,9.8,0.7168,233.6,79.3,0.7912,0.7475,0.6585,0.3432,0.5394,0.7494,0.6076,0.0019,0.3305,0.3938,0.73996,RMD,BRACKET_HIGH,true,false,0.31188996,0.42613986,0.45616797,,0.4045,false
EVT-CON-1028,Epidemic Fever Outbreak across United States,1988,contemporary,pandemic,North America,United States,CHR-CON-1028,18070.5,0.428,0.794,0.3644,0.703,90.2,0.8025,64,22.6,0.6094,309.2,49,0.66,0.649,0.5923,0.3016,0.5386,0.2955,0.4754,-0.3535,0.707,0.7312,0.511747,CMN,BRACKET_BASE,false,true,0.54133296,0.40201668,0.61131726,,0.3785,false
EVT-CON-1029,Maritime Trade Hub Expansion in Southeast Asia (ASEAN),1951,contemporary,economic,Southeast Asia,Southeast Asia (ASEAN),CHR-CON-1029,18569.9,0.418,0.171,0.5588,0.536,67.3,0.6045,69,16.9,0.6291,146.6,68.3,0.7025,0.6561,0.5617,0.3455,0.4137,0.5549,0.5064,-0.1012,0.5389,0.5505,0.648656,RMD,BRACKET_MEDIUM,false,true,0.6085,0.5868749999999999,0.8326250000000001,,0.3831,false
EVT-CON-1030,Mechanical Power Harnessing in USSR / Russian Federation,2012,contemporary,technological,Eurasia,USSR / Russian Federation,CHR-CON-1030,36367.6,0.603,0.451,0.5792,0.453,69.9,0.576,75.2,26.9,0.7559,77.7,68.7,0.6586,0.5658,0.586,0.693,0.7935,0.758,0.6793,0.1922,0.1819,0.4926,0.86894,RMD,BRACKET_HIGH,true,false,0.20156239000000004,0.39486104,0.4190016899999999,,0.2818,false
EVT-CON-1031,Maritime Trade Hub Expansion in European Union / Western Europe,1992,contemporary,economic,Europe,European Union / Western Europe,CHR-CON-1031,3910.9,0.64,0.253,0.3358,0.223,73.7,0.48,59.1,22.7,0.5573,202.7,40.6,0.5875,0.5214,0.4721,0.2616,0.3539,0.4513,0.4121,-0.0701,0.3178,0.5413,0.676207,RMD,BRACKET_MEDIUM,false,true,0.46064406,0.38642725000000006,0.46602333,,0.3692,false
EVT-CON-1032,Metallurgical Innovation Surge in Southeast Asia (ASEAN),1983,contemporary,technological,Southeast Asia,Southeast Asia (ASEAN),CHR-CON-1032,31243,0.293,0.684,0.5563,0.426,71.6,0.571,63.8,19.9,0.5911,457.1,40.4,0.6453,0.4959,0.5534,0.6035,0.758,0.7708,0.6363,0.2749,0.4468,0.6324,0.520251,CMN,BRACKET_BASE,false,true,0.46235969,0.4644493,0.5824981,,0.3122,false
EVT-CON-1033,Navigational Instrument Reform in Latin America (Mercosur/Alliance),2023,contemporary,technological,Latin America,Latin America (Mercosur/Alliance),CHR-CON-1033,37040.9,0.54,0.63,0.5505,0.769,72.3,0.746,81.9,14.2,0.7518,406.9,51.6,0.6929,0.588,0.6159,0.7095,0.8156,0.9581,0.7374,0.3701,0.3149,0.6013,0.801837,RMD,BRACKET_HIGH,true,false,0.16391304,0.38764422,0.36180612,,0.3359,false
EVT-CON-1034,Monastic Network Expansion of European Union / Western Europe,2008,contemporary,religious,Europe,European Union / Western Europe,CHR-CON-1034,35215.1,0.421,0.155,0.7123,0.844,89.9,0.8715,61.1,30,0.6226,434.4,71.5,0.7971,0.7825,0.8095,0.6811,0.7582,0.942,0.7947,0.1595,0.2388,0.4449,0.67309,RMD,BRACKET_MEDIUM,false,true,0.28594111,0.5598562499999999,0.54085509,,0.3477,false
EVT-CON-1035,Provincial Autonomy Insurgency against USSR / Russian Federation,1950,contemporary,revolution,Eurasia,USSR / Russian Federation,CHR-CON-1035,46514.2,0.647,0.539,0.6308,0.537,90.9,0.723,74.3,9,0.6388,567.4,40.1,0.6595,0.6602,0.5583,0.3021,0.4293,0.7605,0.5421,0.1003,0.7796,0.5802,0.485287,CMN,BRACKET_BASE,false,true,0.62361222,0.6094999999999999,0.7625,,0.4028,false
EVT-CON-1036,Palatial Collapse of Latin America (Mercosur/Alliance),1991,contemporary,collapse,Latin America,Latin America (Mercosur/Alliance),CHR-CON-1036,10077.9,0.363,0.688,0.3438,0.605,68,0.6425,57.9,22.3,0.542,267.9,74.8,0.7787,0.7161,0.6244,0.3746,0.4191,0.4456,0.516,-0.2705,0.8392,0.7566,0.500036,CMN,BRACKET_BASE,false,true,0.46030424,0.41042670000000003,0.5997800799999999,,0.3569,false
EVT-CON-1037,Territorial Rupture of Southeast Asia (ASEAN),2014,contemporary,collapse,Southeast Asia,Southeast Asia (ASEAN),CHR-CON-1037,33917.2,0.303,0.431,0.6532,0.572,89,0.731,70.5,25.8,0.6986,144.5,58.5,0.6525,0.7498,0.6613,0.3528,0.4266,0.3598,0.5101,-0.39,0.5705,0.6708,0.707711,RMD,BRACKET_HIGH,false,false,0.38944136,0.42544524,0.63737387,,0.369,false
EVT-CON-1038,Civic Restoration Revolt in United States,2003,contemporary,revolution,North America,United States,CHR-CON-1038,39363.9,0.431,0.238,0.7217,0.718,67.2,0.695,82.3,8.8,0.7237,59.7,85,0.721,0.7557,0.6641,0.3628,0.4907,0.8544,0.6255,0.0987,0.7184,0.5418,0.551713,CMN,BRACKET_BASE,false,true,0.44283285,0.6159146000000001,0.7178604800000001,,0.3965,false
EVT-CON-1039,Synod Monotheistic Mandate in USSR / Russian Federation,2011,contemporary,religious,Eurasia,USSR / Russian Federation,CHR-CON-1039,21364.3,0.554,0.712,0.3808,0.78,89.4,0.837,83.2,8.6,0.7322,194.5,53.3,0.648,0.6291,0.6563,0.5613,0.6132,0.5248,0.5969,-0.1043,0.3179,0.4733,0.467456,CMN,BRACKET_BASE,false,true,0.46512122999999994,0.38647023999999996,0.46972433,,0.2761,false
EVT-CON-1040,Respiratory Virulence Wave across European Union / Western Europe,2011,contemporary,pandemic,Europe,European Union / Western Europe,CHR-CON-1040,41432,0.403,0.113,0.7862,0.229,78.8,0.5085,61.5,30.7,0.6311,257.3,72.2,0.7627,0.714,0.6532,0.3428,0.5619,0.4787,0.5501,-0.2353,0.9297,0.7006,0.467326,CMN,BRACKET_BASE,false,true,0.59573358,0.57135699,0.8676127199999999,,0.3862,false
EVT-CON-1041,Pantheon Reformation of United States,1974,contemporary,religious,North America,United States,CHR-CON-1041,9263.8,0.553,0.122,0.4493,0.793,82.1,0.807,61.8,13.4,0.5306,367.1,60.4,0.7295,0.6692,0.6836,0.5239,0.658,0.7143,0.6498,0.0451,0.4856,0.5077,0.582907,CMN,BRACKET_BASE,false,true,0.5361237,0.5650000000000001,0.719125,,0.3416,false
EVT-CON-1042,Educational Charter of United States,1951,contemporary,transformation,North America,United States,CHR-CON-1042,34542.7,0.57,0.817,0.4629,0.565,70.5,0.635,63.4,22,0.5994,178.1,59.3,0.6716,0.4728,0.5286,0.4344,0.645,0.6046,0.5371,0.1318,0.2127,0.4998,0.667197,RMD,BRACKET_MEDIUM,false,true,0.48228507000000004,0.47035742,0.5252494499999999,,0.3159,false
EVT-CON-1043,Constitutional Reorganization of Southeast Asia (ASEAN),1948,contemporary,transformation,Southeast Asia,Southeast Asia (ASEAN),CHR-CON-1043,45799.5,0.418,0.869,0.5941,0.711,70.5,0.708,68.5,27.6,0.6879,61.2,56,0.5778,0.5918,0.6629,0.5493,0.7721,0.7957,0.6744,0.2039,0.1679,0.4836,0.850138,RMD,BRACKET_HIGH,true,false,0.1364352,0.40255929,0.33684660000000005,,0.3339,false
EVT-CON-1044,Strategic Siege of Global Transnational Institutions,1994,contemporary,war,Global,Global Transnational Institutions,CHR-CON-1044,34971.5,0.381,0.299,0.6789,0.586,93.2,0.759,69.9,20.6,0.661,470.7,41.4,0.6525,0.7662,0.6567,0.3507,0.5336,0.5593,0.5733,-0.2069,0.3183,0.5065,0.48953,CMN,BRACKET_BASE,false,true,0.52663136,0.6026454800000001,0.82174642,,0.3968,false
EVT-CON-1045,Military Coup d’État in Middle East & North Africa (MENA),2023,contemporary,revolution,Middle East,Middle East & North Africa (MENA),CHR-CON-1045,45320.7,0.446,0.327,0.744,0.847,77.9,0.813,68.4,25.6,0.6748,532,38.1,0.6448,0.7241,0.6051,0.3941,0.5581,0.4757,0.5514,-0.2484,0.5693,0.5717,0.7578,RMD,BRACKET_HIGH,true,false,0.504625,0.591,0.925625,,0.3665,false
EVT-CON-1046,Frontier Fragmentation of United States,1997,contemporary,collapse,North America,United States,CHR-CON-1046,31026.5,0.398,0.18,0.674,0.586,71.2,0.649,57.5,17.2,0.507,260.5,62.5,0.7151,0.7164,0.6459,0.2528,0.325,0.5025,0.4885,-0.2139,0.799,0.6708,0.652463,RMD,BRACKET_MEDIUM,false,true,0.4966911,0.4251924,0.56170972,,0.4066,false
EVT-CON-1047,Continental Standoff of Japan,1978,contemporary,war,East Asia,Japan,CHR-CON-1047,20375.3,0.477,0.612,0.425,0.264,67.7,0.4705,69.3,23.3,0.6707,244.1,47.9,0.6374,0.5389,0.4451,0.286,0.4314,0.4407,0.4284,-0.0982,0.4159,0.5521,0.683858,RMD,BRACKET_MEDIUM,false,false,0.59104032,0.5414031,0.73078967,,0.3588,false
EVT-CON-1048,Frontier Campaign of Southeast Asia (ASEAN),1990,contemporary,war,Southeast Asia,Southeast Asia (ASEAN),CHR-CON-1048,35049.8,0.331,0.814,0.5401,0.697,88.2,0.7895,63.1,25.5,0.6172,104.3,45.3,0.5629,0.6084,0.5501,0.2168,0.3429,0.5661,0.4569,-0.0423,0.6053,0.5121,0.533636,CMN,BRACKET_BASE,false,true,0.7216101200000001,0.6094999999999999,0.82975,,0.4071,false
EVT-CON-1049,Military Coup d’État in USSR / Russian Federation,1955,contemporary,revolution,Eurasia,USSR / Russian Federation,CHR-CON-1049,9363.5,0.311,0.622,0.3728,0.776,79.9,0.7875,56.4,10.9,0.4574,357.7,60.4,0.7276,0.5972,0.4951,0.1798,0.3257,0.4562,0.4108,-0.141,0.4195,0.5684,0.470873,CMN,BRACKET_BASE,false,true,0.55833932,0.5154988199999999,0.76973745,,0.404,false
EVT-CON-1050,Synod Monotheistic Mandate in Latin America (Mercosur/Alliance),1963,contemporary,religious,Latin America,Latin America (Mercosur/Alliance),CHR-CON-1050,44133.1,0.498,0.583,0.6409,0.479,65.4,0.5665,58.5,22,0.5466,532.4,66.1,0.7849,0.5866,0.5715,0.4266,0.5598,0.8051,0.5899,0.2185,0.3232,0.5657,0.607237,CMN,BRACKET_BASE,false,true,0.45275335,0.38909066999999997,0.37104892,,0.3796,false
EVT-CON-1051,Agrarian Insurgency in Latin America (Mercosur/Alliance),1971,contemporary,revolution,Latin America,Latin America (Mercosur/Alliance),CHR-CON-1051,30881.9,0.507,0.108,0.6616,0.473,98.3,0.728,65.2,20.1,0.6074,145.4,57.8,0.6494,0.6919,0.6002,0.2174,0.4746,0.3831,0.4734,-0.3088,0.7071,0.674,0.598873,CMN,BRACKET_BASE,false,true,0.4681885,0.4249781,0.60645136,,0.4067,false
EVT-CON-1052,Navigational Instrument Reform in Japan,1968,contemporary,technological,East Asia,Japan,CHR-CON-1052,19140.1,0.408,0.502,0.4676,0.769,85.5,0.812,69,30.6,0.7113,226,82.5,0.8049,0.6192,0.64,0.6886,0.7763,0.8074,0.7063,0.1882,0.4884,0.5551,0.67873,RMD,BRACKET_MEDIUM,false,true,0.29946019999999995,0.46582664999999995,0.60211138,,0.2906,false
EVT-CON-1053,Synod Monotheistic Mandate in Middle East & North Africa (MENA),2003,contemporary,religious,Middle East,Middle East & North Africa (MENA),CHR-CON-1053,19190,0.343,0.231,0.5688,0.723,77.9,0.751,83.3,29.1,0.8563,143.7,53.7,0.6281,0.7204,0.6989,0.5307,0.6845,0.948,0.7165,0.2276,0.2985,0.5011,0.698986,RMD,BRACKET_MEDIUM,false,false,0.34585936,0.5178651999999999,0.5648894999999999,,0.3903,false
EVT-CON-1054,Monastic Network Expansion of Southeast Asia (ASEAN),1958,contemporary,religious,Southeast Asia,Southeast Asia (ASEAN),CHR-CON-1054,33738.7,0.565,0.737,0.4812,0.702,99.4,0.848,59,9.7,0.4782,409.2,48.1,0.6758,0.6337,0.672,0.5488,0.7199,0.6893,0.6527,0.0556,0.468,0.5059,0.567158,CMN,BRACKET_BASE,false,true,0.41812038,0.5589999999999999,0.70075,,0.3148,false
EVT-CON-1055,Hydraulic Engineering Grid in European Union / Western Europe,1967,contemporary,technological,Europe,European Union / Western Europe,CHR-CON-1055,20502.3,0.459,0.49,0.4681,0.308,98.5,0.6465,55.9,18.9,0.5,142.2,42.6,0.5718,0.4503,0.4865,0.6002,0.6641,0.6102,0.5623,0.1599,0.1566,0.5133,0.766359,RMD,BRACKET_HIGH,true,false,0.29049552,0.46977537999999996,0.6277671100000001,,0.2744,false
EVT-CON-1056,Secular Legal Separation in Latin America (Mercosur/Alliance),1963,contemporary,religious,Latin America,Latin America (Mercosur/Alliance),CHR-CON-1056,19284.1,0.501,0.721,0.3753,0.484,80.7,0.6455,79.8,17,0.746,399.2,41.6,0.6415,0.5987,0.6256,0.4903,0.5616,0.844,0.624,0.2453,0.3454,0.5838,0.837317,RMD,BRACKET_HIGH,true,false,0.30833022,0.49442984999999995,0.54086535,,0.3686,false
EVT-CON-1057,Agricultural Plague Wave in United States,1948,contemporary,pandemic,North America,United States,CHR-CON-1057,12915,0.398,0.623,0.3783,0.697,99.1,0.844,56,13.4,0.4681,212.8,40.3,0.5895,0.6239,0.5845,0.1164,0.2825,0.3867,0.3988,-0.2372,0.6771,0.6738,0.686877,RMD,BRACKET_MEDIUM,false,false,0.51541056,0.44629367999999997,0.59037126,,0.4087,false
EVT-CON-1058,Urban Quarantine Emergency in Global Transnational Institutions,1969,contemporary,pandemic,Global,Global Transnational Institutions,CHR-CON-1058,44087.4,0.633,0.828,0.5265,0.586,67.4,0.63,66.5,27,0.6628,526,73.6,0.8215,0.7311,0.665,0.2019,0.3421,0.5196,0.4919,-0.2115,0.6564,0.6354,0.721736,RMD,BRACKET_HIGH,false,false,0.44492958,0.45255322,0.57333969,,0.4052,false
EVT-CON-1059,Frontier Campaign of Global Transnational Institutions,1967,contemporary,war,Global,Global Transnational Institutions,CHR-CON-1059,16350.7,0.492,0.572,0.3963,0.483,72.7,0.605,71.3,29.4,0.7289,353.9,78.8,0.8188,0.6279,0.5236,0.318,0.4515,0.498,0.4838,-0.1299,0.6964,0.6147,0.689085,RMD,BRACKET_MEDIUM,false,false,0.5140076,0.40470747,0.54677016,,0.3762,false
EVT-CON-1060,Territorial Rupture of Southeast Asia (ASEAN),1989,contemporary,collapse,Southeast Asia,Southeast Asia (ASEAN),CHR-CON-1060,34643.1,0.426,0.3,0.6621,0.566,77.4,0.67,70.5,30,0.7238,96.4,45.2,0.5567,0.7033,0.623,0.4083,0.4859,0.3424,0.5126,-0.3609,0.8186,0.7212,0.6273,CMN,BRACKET_BASE,false,true,0.51743952,0.40223665,0.61687176,,0.3543,false
EVT-CON-1061,Frontier Campaign of Global Transnational Institutions,2007,contemporary,war,Global,Global Transnational Institutions,CHR-CON-1061,24376.5,0.425,0.703,0.4493,0.398,84.1,0.6195,68.5,23.3,0.6621,222.3,53.9,0.6607,0.5547,0.4975,0.1896,0.3502,0.3806,0.3945,-0.1741,0.6152,0.6182,0.466133,CMN,BRACKET_BASE,false,true,0.71275,0.585375,0.896625,,0.3897,true
EVT-CON-1062,Imperial Unification of People's Republic of China,1950,contemporary,transformation,East Asia,People's Republic of China,CHR-CON-1062,39792.5,0.625,0.501,0.5884,0.51,89.4,0.702,63.7,27.9,0.638,415,73.3,0.8028,0.6259,0.699,0.5812,0.7571,0.862,0.705,0.2361,0.295,0.542,0.729987,RMD,BRACKET_HIGH,false,false,0.41370744000000004,0.5716249999999999,0.563125,,0.3393,false
EVT-CON-1063,Succession Conflict of Middle East & North Africa (MENA),1959,contemporary,war,Middle East,Middle East & North Africa (MENA),CHR-CON-1063,25259.8,0.566,0.686,0.42,0.799,69.4,0.7465,84.5,20.1,0.8152,225,60.7,0.6955,0.729,0.6709,0.4323,0.6011,0.4423,0.5751,-0.2867,0.4997,0.6125,0.380858,CMN,BRACKET_BASE,false,true,0.5805716000000001,0.59175,0.9381249999999999,,0.3577,false
EVT-CON-1064,Administrative Codification of Global Transnational Institutions,2019,contemporary,transformation,Global,Global Transnational Institutions,CHR-CON-1064,15361.8,0.632,0.77,0.286,0.63,92.3,0.7765,77.3,12.3,0.6909,167.9,66.7,0.7043,0.5269,0.5842,0.479,0.6405,0.8034,0.6068,0.2765,0.3796,0.6112,0.835031,RMD,BRACKET_HIGH,true,false,0.31606493999999996,0.38217882,0.35158104,,0.3476,false
EVT-CON-1065,Synod Monotheistic Mandate in Republic of India,1991,contemporary,religious,South Asia,Republic of India,CHR-CON-1065,17583.2,0.39,0.282,0.525,0.372,70.5,0.5385,74.1,12.5,0.6576,273,54.8,0.68,0.5878,0.5963,0.5055,0.6082,0.8223,0.624,0.2345,0.3232,0.5793,0.652843,RMD,BRACKET_MEDIUM,false,true,0.43542665,0.4815427500000001,0.517704,,0.351,false
EVT-CON-1066,Continental Standoff of Middle East & North Africa (MENA),1972,contemporary,war,Middle East,Middle East & North Africa (MENA),CHR-CON-1066,13053.4,0.594,0.863,0.2488,0.582,77.7,0.6795,80.3,13.4,0.7298,286.3,59.7,0.708,0.5981,0.4863,0.2486,0.3913,0.348,0.4145,-0.2501,0.6002,0.6664,0.438506,CMN,BRACKET_BASE,false,true,0.7743820499999999,0.5648736000000001,0.8663136,,0.3719,false
EVT-CON-1067,Guild Monopoly Reform in People's Republic of China,1988,contemporary,economic,East Asia,People's Republic of China,CHR-CON-1067,15309.3,0.646,0.609,0.3297,0.464,93.5,0.6995,79.6,30.5,0.8248,131.9,51.4,0.6104,0.6921,0.6624,0.5528,0.6623,0.8032,0.6746,0.1111,0.5085,0.539,0.732304,RMD,BRACKET_HIGH,true,false,0.23246160000000002,0.39955684999999996,0.4261746,,0.3533,false
EVT-CON-1068,Debt Crisis Settlement of Middle East & North Africa (MENA),1989,contemporary,economic,Middle East,Middle East & North Africa (MENA),CHR-CON-1068,31080.8,0.35,0.587,0.5668,0.773,69.7,0.735,66,15.7,0.5896,290.1,73.4,0.7774,0.6415,0.5976,0.4812,0.5391,0.8154,0.615,0.1739,0.3546,0.5288,0.598064,CMN,BRACKET_BASE,false,true,0.36783596999999996,0.39961716999999997,0.38157829,,0.3756,false
EVT-CON-1069,Educational Charter of Global Transnational Institutions,1964,contemporary,transformation,Global,Global Transnational Institutions,CHR-CON-1069,13758.6,0.572,0.506,0.3688,0.697,71.4,0.7055,73.5,16.3,0.674,98.2,83.6,0.75,0.5316,0.5735,0.4427,0.6215,0.7331,0.5805,0.2015,0.3332,0.5599,0.623211,CMN,BRACKET_BASE,false,true,0.5541675,0.567625,0.594375,,0.3528,false
EVT-CON-1070,Judicial Standard Reform in Southeast Asia (ASEAN),1998,contemporary,transformation,Southeast Asia,Southeast Asia (ASEAN),CHR-CON-1070,13735.5,0.556,0.117,0.4901,0.758,76.4,0.761,82.1,26.3,0.8266,276.6,46.2,0.638,0.5864,0.6118,0.5031,0.7444,0.7238,0.6339,0.1374,0.2664,0.4591,0.83636,RMD,BRACKET_HIGH,true,false,0.2838915,0.56019236,0.56640384,,0.3401,false
EVT-CON-1071,Sanitation & Medical Breakthrough in United States,1947,contemporary,technological,North America,United States,CHR-CON-1071,10211.3,0.297,0.374,0.459,0.611,69.8,0.6545,55.1,18.4,0.4884,573.3,42.1,0.6702,0.5148,0.555,0.6149,0.7363,0.67,0.6182,0.1552,0.2933,0.5468,0.762561,RMD,BRACKET_HIGH,true,false,0.2451722,0.46444888,0.6081883000000001,,0.2764,false
EVT-CON-1072,Guild Monopoly Reform in Middle East & North Africa (MENA),2013,contemporary,economic,Middle East,Middle East & North Africa (MENA),CHR-CON-1072,36559.9,0.353,0.496,0.6425,0.247,71.5,0.481,66.2,27.2,0.6607,521.5,83.1,0.8684,0.6469,0.5953,0.3669,0.453,0.5327,0.519,-0.1142,0.431,0.5318,0.328488,CMN,BRACKET_BASE,false,true,0.63673866,0.58175,0.82075,,0.3686,false
EVT-CON-1073,Metallurgical Innovation Surge in People's Republic of China,2001,contemporary,technological,East Asia,People's Republic of China,CHR-CON-1073,9660.6,0.509,0.554,0.3365,0.723,79.8,0.7605,61.2,29.4,0.6201,100.1,42.1,0.5439,0.5068,0.5396,0.5874,0.7199,0.6843,0.6076,0.1775,0.4473,0.5801,0.565667,CMN,BRACKET_BASE,false,true,0.42075460000000003,0.53843218,0.64572844,,0.2895,false
EVT-CON-1074,Synod Monotheistic Mandate in European Union / Western Europe,1956,contemporary,religious,Europe,European Union / Western Europe,CHR-CON-1074,32088.3,0.492,0.689,0.5027,0.367,69.2,0.5295,67.8,25.4,0.6672,111.2,47.8,0.58,0.5248,0.4919,0.3794,0.4952,0.4804,0.4743,-0.0444,0.3842,0.4951,0.554767,CMN,BRACKET_BASE,false,true,0.5435804,0.47397541000000004,0.67341076,,0.3154,false
EVT-CON-1075,Temple Bureaucracy Reorganization of European Union / Western Europe,2017,contemporary,religious,Europe,European Union / Western Europe,CHR-CON-1075,23296.6,0.495,0.156,0.5826,0.605,85.7,0.731,80.5,27.8,0.8183,414.2,50.8,0.6902,0.6953,0.6846,0.5071,0.6536,0.8302,0.6742,0.1349,0.5329,0.5163,0.762172,RMD,BRACKET_HIGH,true,false,0.22647620000000002,0.3935124,0.40993743000000005,,0.3788,false
EVT-CON-1076,Astronomical Standardization by People's Republic of China,1986,contemporary,technological,East Asia,People's Republic of China,CHR-CON-1076,37495.8,0.405,0.772,0.5525,0.333,79.4,0.5635,80.8,11.9,0.7262,528.1,67,0.7888,0.5894,0.6168,0.699,0.8392,0.7305,0.695,0.1411,0.4584,0.5445,0.502329,CMN,BRACKET_BASE,false,true,0.4316851400000001,0.38892160000000003,0.45823968000000004,,0.2797,false
EVT-CON-1077,Succession Conflict of European Union / Western Europe,2017,contemporary,war,Europe,European Union / Western Europe,CHR-CON-1077,42482.4,0.408,0.461,0.6897,0.307,84.8,0.5775,69.6,20.7,0.6584,252.7,83.5,0.8179,0.6391,0.5696,0.41,0.5354,0.7511,0.581,0.112,0.3113,0.4795,0.527059,CMN,BRACKET_BASE,false,true,0.38330325000000004,0.41059161,0.40804368,,0.3882,false
EVT-CON-1078,Grain Market Price Shock across Southeast Asia (ASEAN),1983,contemporary,economic,Southeast Asia,Southeast Asia (ASEAN),CHR-CON-1078,30998.4,0.432,0.266,0.6378,0.362,97.1,0.6665,61.7,21.6,0.5787,154.2,77.7,0.7532,0.7313,0.6572,0.5401,0.6001,0.6259,0.6309,-0.1054,0.6424,0.5651,0.630565,RMD,BRACKET_MEDIUM,false,true,0.333688,0.3957258,0.52215196,,0.3216,false
EVT-CON-1079,Administrative Codification of Global Transnational Institutions,2003,contemporary,transformation,Global,Global Transnational Institutions,CHR-CON-1079,13968.2,0.376,0.425,0.4538,0.657,80.7,0.732,56.4,26,0.548,507.3,59.4,0.7479,0.5175,0.5953,0.4664,0.6678,0.6324,0.5759,0.1149,0.2975,0.5064,0.810461,RMD,BRACKET_HIGH,true,false,0.24655799999999997,0.38124526000000003,0.38362351,,0.3169,false
EVT-CON-1080,Secular Legal Separation in Republic of India,2020,contemporary,religious,South Asia,Republic of India,CHR-CON-1080,46747.7,0.333,0.871,0.6275,0.542,65.6,0.599,82.4,30.2,0.8532,143.6,70.8,0.7135,0.7289,0.7458,0.6521,0.7575,0.6313,0.7031,-0.0976,0.3624,0.4613,0.574884,CMN,BRACKET_BASE,false,true,0.28274600000000005,0.49147345,0.6944277600000001,,0.283,false
EVT-CON-1081,Harbor Incursion Sickness in United States,2016,contemporary,pandemic,North America,United States,CHR-CON-1081,11262.1,0.361,0.181,0.5072,0.543,66.8,0.6055,70.4,25.4,0.6952,375.9,63.3,0.7457,0.6859,0.6435,0.1662,0.4138,0.4672,0.4753,-0.2187,0.8257,0.6833,0.597147,CMN,BRACKET_BASE,false,true,0.52157952,0.631375,0.9217500000000001,,0.4054,false
EVT-CON-1082,Sanitation & Medical Breakthrough in European Union / Western Europe,1970,contemporary,technological,Europe,European Union / Western Europe,CHR-CON-1082,35301.9,0.598,0.2,0.6465,0.732,89.7,0.8145,56.5,19.6,0.5107,230.4,62.3,0.7052,0.5883,0.6183,0.6614,0.7278,0.9015,0.6995,0.3132,0.3409,0.5886,0.653771,RMD,BRACKET_MEDIUM,false,true,0.49246275,0.5635,0.584,,0.3275,false
EVT-CON-1083,Continental Standoff of Republic of India,1993,contemporary,war,South Asia,Republic of India,CHR-CON-1083,16113.7,0.524,0.53,0.3972,0.734,90.1,0.8175,75.4,31.1,0.7832,248.1,73.6,0.7671,0.6724,0.6192,0.3651,0.4199,0.557,0.5267,-0.1154,0.3599,0.4826,0.699943,RMD,BRACKET_MEDIUM,false,false,0.335256,0.597875,0.81625,,0.3836,false
EVT-CON-1084,Strategic Siege of Republic of India,1973,contemporary,war,South Asia,Republic of India,CHR-CON-1084,33305.1,0.465,0.239,0.6567,0.786,68.4,0.735,64.2,10,0.536,338.9,79.2,0.8177,0.7611,0.7083,0.4766,0.5595,0.8729,0.6757,0.1118,0.63,0.5587,0.809962,RMD,BRACKET_HIGH,true,false,0.27944944,0.415722,0.44968248,,0.3999,false
EVT-CON-1085,Popular Uprising of Republic of India,1967,contemporary,revolution,South Asia,Republic of India,CHR-CON-1085,32859.5,0.596,0.362,0.5765,0.844,81.5,0.8295,57.9,20.9,0.5336,163.6,66.4,0.701,0.7287,0.6142,0.3577,0.5967,0.5348,0.5664,-0.1939,0.756,0.6328,0.712002,RMD,BRACKET_HIGH,false,false,0.39186007999999994,0.5729241,0.8442419200000001,,0.3916,false
EVT-CON-1086,Caravan Route Pestilence in Southeast Asia (ASEAN),1972,contemporary,pandemic,Southeast Asia,Southeast Asia (ASEAN),CHR-CON-1086,18804.5,0.537,0.897,0.3074,0.615,95.4,0.7845,79.3,18.9,0.752,82,43.4,0.536,0.6709,0.6317,0.3788,0.5419,0.3379,0.5122,-0.333,0.6483,0.6953,0.456785,CMN,BRACKET_BASE,false,true,0.51410052,0.41070455999999994,0.61507888,,0.3623,false
EVT-CON-1087,Coalition Defense of USSR / Russian Federation,1987,contemporary,war,Eurasia,USSR / Russian Federation,CHR-CON-1087,20595.3,0.271,0.539,0.5107,0.802,89.5,0.8485,77.3,31.9,0.8085,475.9,67.3,0.7828,0.6967,0.6215,0.421,0.5326,0.5113,0.5566,-0.1854,0.5921,0.553,0.773572,RMD,BRACKET_HIGH,true,false,0.38148624000000003,0.50082445,0.80052672,,0.3523,false
EVT-CON-1088,Guild Monopoly Reform in USSR / Russian Federation,2025,contemporary,economic,Eurasia,USSR / Russian Federation,CHR-CON-1088,32959.5,0.405,0.799,0.5036,0.266,81.7,0.5415,59.7,30.3,0.6093,129.2,66.3,0.6834,0.6178,0.5791,0.3579,0.4899,0.8024,0.5694,0.1846,0.2916,0.5544,0.65543,RMD,BRACKET_MEDIUM,false,true,0.49053653,0.5226176400000001,0.6020558599999999,,0.3998,false
EVT-CON-1089,Urban Quarantine Emergency in USSR / Russian Federation,1946,contemporary,pandemic,Eurasia,USSR / Russian Federation,CHR-CON-1089,30175.2,0.642,0.124,0.61,0.453,70.1,0.577,57.4,31.7,0.593,106.9,53.7,0.6067,0.6418,0.6024,0.3353,0.5452,0.492,0.5233,-0.1498,0.6993,0.6187,0.621354,CMN,BRACKET_BASE,false,true,0.40651116,0.39835782,0.5467392,,0.3767,false
EVT-CON-1090,Mechanical Power Harnessing in United States,2005,contemporary,technological,North America,United States,CHR-CON-1090,8281.8,0.553,0.443,0.3442,0.374,90.9,0.6415,65.5,26.7,0.6502,205.5,40.4,0.5875,0.4608,0.5103,0.6124,0.7563,0.5943,0.5868,0.1335,0.2455,0.5181,0.826059,RMD,BRACKET_HIGH,true,false,0.21902562,0.39368708,0.46187024,,0.2889,false
EVT-CON-1091,Popular Uprising of Latin America (Mercosur/Alliance),1974,contemporary,revolution,Latin America,Latin America (Mercosur/Alliance),CHR-CON-1091,6057.5,0.389,0.881,0.242,0.504,81.9,0.6615,62.7,26.8,0.6206,537.7,71.6,0.8131,0.5934,0.4266,0.0776,0.199,0.3829,0.3359,-0.2105,0.3656,0.6065,0.543138,CMN,BRACKET_BASE,false,true,0.6871986,0.621,0.8905000000000001,,0.4065,false
EVT-CON-1092,Maritime Trade Hub Expansion in Southeast Asia (ASEAN),1954,contemporary,economic,Southeast Asia,Southeast Asia (ASEAN),CHR-CON-1092,22264.8,0.287,0.671,0.4813,0.846,99.4,0.92,83,27.1,0.8411,304.4,69.8,0.7629,0.7264,0.6668,0.4888,0.6091,0.8549,0.6692,0.1285,0.5816,0.5084,0.781177,RMD,BRACKET_HIGH,true,false,0.30449202,0.51203496,0.62921664,,0.3936,false
EVT-CON-1093,Hydraulic Engineering Grid in Sub-Saharan Africa,1950,contemporary,technological,Africa,Sub-Saharan Africa,CHR-CON-1093,20420.8,0.452,0.135,0.576,0.269,78,0.5245,76.3,18,0.7143,383.3,43,0.6456,0.5409,0.5987,0.6561,0.7983,0.9051,0.6998,0.3642,0.232,0.6124,0.82958,RMD,BRACKET_HIGH,true,false,0.18202548,0.54749452,0.5280343599999999,,0.3351,false
EVT-CON-1094,Agrarian Insurgency in European Union / Western Europe,2001,contemporary,revolution,Europe,European Union / Western Europe,CHR-CON-1094,33860,0.64,0.102,0.6503,0.51,71.9,0.6145,56.1,22.2,0.522,369,59.8,0.7268,0.6713,0.493,0.2467,0.3601,0.6956,0.4933,0.0243,0.6791,0.5449,0.411943,CMN,BRACKET_BASE,false,true,0.5364576,0.52740072,0.68789952,,0.4017,false
EVT-CON-1095,Mechanical Power Harnessing in People's Republic of China,1952,contemporary,technological,East Asia,People's Republic of China,CHR-CON-1095,33922.2,0.424,0.216,0.6815,0.402,77.7,0.5895,75.6,24.2,0.744,567.3,52.1,0.7195,0.6012,0.6599,0.7446,0.8929,0.8338,0.7465,0.2326,0.4425,0.564,0.537415,CMN,BRACKET_BASE,false,true,0.49549999999999994,0.56975,0.72675,,0.2964,false
EVT-CON-1096,Printing & Communications Diffusion in USSR / Russian Federation,2016,contemporary,technological,Eurasia,USSR / Russian Federation,CHR-CON-1096,13999.6,0.548,0.855,0.2735,0.79,71.5,0.7525,65.6,24.3,0.6369,325.1,84.9,0.8432,0.5704,0.6126,0.691,0.8205,0.937,0.7263,0.3666,0.3336,0.6619,0.838266,RMD,BRACKET_HIGH,true,false,0.30555627999999996,0.48384354999999996,0.53783334,,0.335,false
EVT-CON-1097,Frontier Campaign of Sub-Saharan Africa,1987,contemporary,war,Africa,Sub-Saharan Africa,CHR-CON-1097,45867,0.367,0.252,0.7951,0.392,85.7,0.6245,78.9,27.5,0.7993,164.1,44.4,0.5912,0.728,0.6685,0.4005,0.5624,0.7702,0.6259,0.0422,0.3884,0.4171,0.743304,RMD,BRACKET_HIGH,true,false,0.27970488,0.51196805,0.6378069699999999,,0.4027,false
EVT-CON-1098,Fiscal Modernization in USSR / Russian Federation,1971,contemporary,transformation,Eurasia,USSR / Russian Federation,CHR-CON-1098,11298.9,0.451,0.515,0.3803,0.242,70.7,0.4745,60.6,22,0.5692,69.1,81.3,0.7131,0.4231,0.4945,0.4155,0.5952,0.5281,0.4913,0.105,0.3696,0.5655,0.682316,RMD,BRACKET_MEDIUM,false,false,0.40100556,0.3842567,0.40507375999999995,,0.2987,false
EVT-CON-1099,Decentralization Wave across United States,2014,contemporary,collapse,North America,United States,CHR-CON-1099,23060.4,0.283,0.888,0.4245,0.596,75.1,0.6735,55,15.3,0.4687,207.3,48.2,0.6271,0.6286,0.5217,0.1362,0.1959,0.4032,0.3771,-0.2254,0.5163,0.6458,0.358531,CMN,BRACKET_BASE,false,true,0.7742960400000001,0.5980828,0.83840372,,0.4094,false
EVT-CON-1100,Bureaucratic Consolidation of Middle East & North Africa (MENA),1962,contemporary,transformation,Middle East,Middle East & North Africa (MENA),CHR-CON-1100,42464.5,0.264,0.411,0.7477,0.602,96.4,0.783,82.6,24.6,0.8218,56.9,68.6,0.6355,0.6578,0.7324,0.6527,0.7965,0.9684,0.7616,0.3106,0.3926,0.543,0.7632,RMD,BRACKET_HIGH,true,false,0.25380501,0.40723098,0.3568312,,0.3431,false
EVT-CON-1101,Agrarian Restructuring of Southeast Asia (ASEAN),1972,contemporary,transformation,Southeast Asia,Southeast Asia (ASEAN),CHR-CON-1101,35626.1,0.454,0.449,0.6179,0.638,83,0.734,75,12.2,0.6655,450.8,83.6,0.8603,0.6478,0.6892,0.5932,0.7868,0.9712,0.7376,0.3234,0.2598,0.567,0.768018,RMD,BRACKET_HIGH,true,false,0.19936158,0.40246464,0.34250496,,0.3566,false
EVT-CON-1102,Agrarian Insurgency in Sub-Saharan Africa,1958,contemporary,revolution,Africa,Sub-Saharan Africa,CHR-CON-1102,8825.9,0.354,0.649,0.347,0.702,97.5,0.8385,57.7,11.2,0.4732,63.7,51.8,0.5597,0.6125,0.4326,0.068,0.3287,0.3683,0.362,-0.2442,0.4907,0.6357,0.625372,CMN,BRACKET_BASE,false,true,0.49250474000000005,0.42027812000000003,0.5606899200000001,,0.4022,false
EVT-CON-1103,Popular Uprising of Global Transnational Institutions,1947,contemporary,revolution,Global,Global Transnational Institutions,CHR-CON-1103,32261,0.599,0.377,0.5657,0.492,87.7,0.6845,76.6,30.6,0.7931,364.1,51.8,0.6859,0.7482,0.652,0.3701,0.6465,0.4129,0.5659,-0.3353,0.7464,0.6912,0.54341,CMN,BRACKET_BASE,false,true,0.5427828,0.601375,0.996,,0.3824,false
EVT-CON-1104,Institutional Dissolution of Republic of India,1972,contemporary,collapse,South Asia,Republic of India,CHR-CON-1104,29577.8,0.431,0.681,0.5008,0.663,71.6,0.6895,73.1,16.3,0.6696,296.8,70,0.7621,0.7851,0.727,0.4215,0.5122,0.5655,0.6023,-0.2196,0.5446,0.6057,0.511354,CMN,BRACKET_BASE,false,true,0.45167893,0.59263551,0.8637712000000001,,0.3807,false
EVT-CON-1105,Succession Conflict of European Union / Western Europe,1977,contemporary,war,Europe,European Union / Western Europe,CHR-CON-1105,31647.4,0.568,0.277,0.5995,0.409,91.8,0.6635,66.7,14,0.5869,553.5,39.2,0.6532,0.6976,0.6441,0.4006,0.5409,0.7211,0.6009,0.0235,0.4712,0.483,0.407796,CMN,BRACKET_BASE,false,true,0.40045576,0.41833774999999995,0.47068497,,0.3951,false
EVT-CON-1106,Provincial Autonomy Insurgency against European Union / Western Europe,2025,contemporary,revolution,Europe,European Union / Western Europe,CHR-CON-1106,27295.4,0.291,0.523,0.5697,0.301,79.2,0.5465,82,20,0.7877,578.1,76,0.8403,0.7431,0.5749,0.2912,0.5447,0.5772,0.5462,-0.1659,0.449,0.5463,0.489186,CMN,BRACKET_BASE,false,true,0.46214818,0.42174471,0.53991493,,0.4029,false
EVT-CON-1107,Secular Legal Separation in European Union / Western Europe,2003,contemporary,religious,Europe,European Union / Western Europe,CHR-CON-1107,20735.9,0.367,0.109,0.6121,0.383,66.6,0.5245,68.6,20.7,0.6476,536.4,74.3,0.8264,0.608,0.6551,0.4892,0.63,0.5403,0.5845,-0.0677,0.3598,0.4889,0.641295,RMD,BRACKET_MEDIUM,false,true,0.31472189000000006,0.54518319,0.703152,,0.3032,false
EVT-CON-1108,Metallurgical Innovation Surge in Japan,1984,contemporary,technological,East Asia,Japan,CHR-CON-1108,23354,0.339,0.884,0.4116,0.4,73.7,0.5685,69.6,17.3,0.638,378.4,78.3,0.8212,0.5392,0.5753,0.6419,0.7078,0.7007,0.633,0.1615,0.2905,0.5471,0.602881,CMN,BRACKET_BASE,false,true,0.29217434000000003,0.37360448,0.42308307,,0.2694,false
EVT-CON-1109,Civic Restoration Revolt in Southeast Asia (ASEAN),2025,contemporary,revolution,Southeast Asia,Southeast Asia (ASEAN),CHR-CON-1109,21730.8,0.302,0.38,0.5593,0.299,93.1,0.615,74.3,14.9,0.6742,510,82.3,0.8628,0.7063,0.6156,0.4033,0.5484,0.8702,0.6288,0.1639,0.5717,0.5842,0.623615,CMN,BRACKET_BASE,false,true,0.4092246,0.58213025,0.66728903,,0.4015,false
EVT-CON-1110,Fiscal Default Crisis in Global Transnational Institutions,1992,contemporary,collapse,Global,Global Transnational Institutions,CHR-CON-1110,35570.6,0.6,0.16,0.6603,0.539,88.2,0.7105,56.5,25.1,0.5437,308.4,43.7,0.6334,0.762,0.6966,0.3096,0.3482,0.4412,0.5115,-0.3208,0.4859,0.6375,0.769019,RMD,BRACKET_HIGH,true,false,0.41476575,0.43866792000000004,0.6059513400000001,,0.3933,false
EVT-CON-1111,Fiscal Modernization in USSR / Russian Federation,2017,contemporary,transformation,Eurasia,USSR / Russian Federation,CHR-CON-1111,26030.5,0.6,0.841,0.3702,0.508,94.5,0.7265,67.8,14.6,0.6024,144.3,47.4,0.5969,0.4702,0.5453,0.4547,0.5949,0.7474,0.5625,0.2772,0.1735,0.5682,0.691858,RMD,BRACKET_MEDIUM,false,false,0.35943329999999996,0.38980650000000006,0.32110582,,0.342,false
EVT-CON-1112,Fiscal Default Crisis in Sub-Saharan Africa,2010,contemporary,collapse,Africa,Sub-Saharan Africa,CHR-CON-1112,20976.5,0.633,0.427,0.4391,0.438,89.4,0.666,68.2,15.4,0.6115,196.8,61.6,0.6903,0.6822,0.616,0.2647,0.325,0.4113,0.4598,-0.2709,0.41,0.6213,0.767239,RMD,BRACKET_HIGH,true,false,0.45659039999999995,0.5247389,0.8416625099999999,,0.3915,false
EVT-CON-1113,Radical Assembly Schism in European Union / Western Europe,1984,contemporary,revolution,Europe,European Union / Western Europe,CHR-CON-1113,12988.2,0.406,0.137,0.5224,0.835,67,0.7525,59.8,25,0.5786,345.9,75,0.7982,0.7116,0.5755,0.2278,0.4304,0.8638,0.5618,0.1522,0.4905,0.5568,0.49689,CMN,BRACKET_BASE,false,true,0.41607168000000005,0.46154019999999996,0.4813962,,0.4021,false
EVT-CON-1114,Agrarian Restructuring of United States,1948,contemporary,transformation,North America,United States,CHR-CON-1114,35152.7,0.52,0.188,0.6721,0.393,89,0.6415,70.8,18.3,0.6569,481.2,58.6,0.7401,0.6235,0.7005,0.6423,0.7674,0.944,0.7355,0.3205,0.1249,0.5387,0.576744,CMN,BRACKET_BASE,false,true,0.34956114,0.573875,0.49012500000000003,,0.3425,false
EVT-CON-1115,Temple Bureaucracy Reorganization of Global Transnational Institutions,1968,contemporary,religious,Global,Global Transnational Institutions,CHR-CON-1115,18831,0.622,0.379,0.4375,0.52,93.1,0.7255,55.9,25,0.5366,338.6,78.8,0.8156,0.5829,0.6281,0.5045,0.6141,0.5178,0.5695,-0.0651,0.2637,0.4761,0.479825,CMN,BRACKET_BASE,false,true,0.43517747999999995,0.5307096,0.6646092800000001,,0.2852,false
EVT-CON-1116,Frontier Campaign of USSR / Russian Federation,1948,contemporary,war,Eurasia,USSR / Russian Federation,CHR-CON-1116,23800.8,0.616,0.263,0.5188,0.252,73.4,0.493,68.2,18.1,0.6277,476.1,52.4,0.7083,0.6132,0.5235,0.2817,0.4723,0.4357,0.4653,-0.1775,0.3283,0.562,0.471852,CMN,BRACKET_BASE,false,true,0.5342193000000001,0.3954224,0.51049606,,0.3788,false
EVT-CON-1117,Orthodoxy & Heresy Trial Wave in People's Republic of China,1961,contemporary,religious,East Asia,People's Republic of China,CHR-CON-1117,11307.7,0.302,0.117,0.5445,0.421,81.8,0.6195,73.4,22.8,0.7119,337.2,40.4,0.6233,0.644,0.6873,0.5338,0.6812,0.6466,0.6386,0.0026,0.4881,0.472,0.615312,CMN,BRACKET_BASE,false,true,0.38507525000000004,0.48499072000000004,0.6681736300000001,,0.3159,false
EVT-CON-1118,Borderlands Pacification of Latin America (Mercosur/Alliance),1963,contemporary,war,Latin America,Latin America (Mercosur/Alliance),CHR-CON-1118,28204.2,0.315,0.144,0.6844,0.48,98.5,0.7325,73.2,24.6,0.7205,507.4,68,0.7909,0.6978,0.6398,0.3874,0.4776,0.6436,0.5692,-0.0542,0.6631,0.5044,0.568397,CMN,BRACKET_BASE,false,true,0.5493563600000001,0.597,0.830375,,0.3916,false
EVT-CON-1119,Imperial Unification of Global Transnational Institutions,2021,contemporary,transformation,Global,Global Transnational Institutions,CHR-CON-1119,40286.2,0.615,0.846,0.4924,0.56,94.3,0.7515,72.9,24.7,0.7179,277.1,60.6,0.7101,0.5572,0.6032,0.5308,0.7406,0.9013,0.6666,0.3441,0.2123,0.5746,0.600839,CMN,BRACKET_BASE,false,true,0.43232718,0.5645925599999999,0.49345893,,0.3557,false
EVT-CON-1120,Respiratory Virulence Wave across United States,2013,contemporary,pandemic,North America,United States,CHR-CON-1120,3748.6,0.483,0.641,0.265,0.242,75.8,0.5,76.1,11.6,0.6738,485.1,55.4,0.7246,0.5637,0.5273,0.1738,0.3564,0.3811,0.4005,-0.1826,0.8247,0.719,0.437806,CMN,BRACKET_BASE,false,true,0.7879999999999999,0.583625,0.900875,,0.3947,false
EVT-CON-1121,Metallurgical Innovation Surge in European Union / Western Europe,1993,contemporary,technological,Europe,European Union / Western Europe,CHR-CON-1121,28498.9,0.529,0.639,0.4743,0.55,71.4,0.632,70.2,27.2,0.7038,263.7,80.1,0.804,0.6085,0.6522,0.7018,0.8429,0.8498,0.731,0.2413,0.4824,0.6094,0.607727,CMN,BRACKET_BASE,false,true,0.2960175,0.37762365000000003,0.40925583,,0.3042,false
EVT-CON-1122,Civic Restoration Revolt in People's Republic of China,2017,contemporary,revolution,East Asia,People's Republic of China,CHR-CON-1122,41241.5,0.566,0.299,0.6797,0.651,74.5,0.698,73.5,25,0.7262,250.1,81.9,0.8092,0.8016,0.7158,0.4835,0.6693,0.9466,0.7234,0.145,0.5257,0.5241,0.790382,RMD,BRACKET_HIGH,true,false,0.23067599999999996,0.41623411,0.43863666,,0.401,false
EVT-CON-1123,Military Coup d’État in United States,2002,contemporary,revolution,North America,United States,CHR-CON-1123,37084.8,0.336,0.858,0.5437,0.687,93,0.8085,76,16.1,0.6997,362.3,38.3,0.618,0.7004,0.5541,0.317,0.5375,0.8055,0.5829,0.1051,0.6448,0.5402,0.518689,CMN,BRACKET_BASE,false,true,0.5612465600000001,0.60884,0.7199581199999999,,0.396,false
EVT-CON-1124,Coalition Defense of Sub-Saharan Africa,1948,contemporary,war,Africa,Sub-Saharan Africa,CHR-CON-1124,5679.1,0.515,0.783,0.2302,0.428,88,0.654,56,9.2,0.4429,409.6,43.7,0.6539,0.4792,0.3744,0.1347,0.3163,0.2664,0.3142,-0.2128,0.5434,0.6817,0.412719,CMN,BRACKET_BASE,false,true,0.6928860899999999,0.48593241000000004,0.7946769,,0.3787,false
EVT-CON-1125,Harbor Incursion Sickness in Sub-Saharan Africa,2025,contemporary,pandemic,Africa,Sub-Saharan Africa,CHR-CON-1125,27426.3,0.64,0.727,0.405,0.526,85.5,0.6905,64.6,20.9,0.6057,500.5,53.3,0.7164,0.6411,0.62,0.1432,0.2687,0.4358,0.4218,-0.2053,0.735,0.6694,0.553598,CMN,BRACKET_BASE,false,true,0.6617888399999999,0.639,0.91875,,0.4099,false
EVT-CON-1126,Silver Flotilla Currency Shock in Southeast Asia (ASEAN),1976,contemporary,economic,Southeast Asia,Southeast Asia (ASEAN),CHR-CON-1126,11894,0.5,0.27,0.4445,0.833,65.8,0.7455,76,25.7,0.7573,433.8,78.6,0.8325,0.6649,0.5976,0.3493,0.5133,0.8145,0.5879,0.1496,0.3599,0.5087,0.917692,RMD,BRACKET_HIGH,true,false,0.29469486,0.41715432,0.42578927999999994,,0.4024,false
EVT-CON-1127,Epidemic Fever Outbreak across Middle East & North Africa (MENA),1970,contemporary,pandemic,Middle East,Middle East & North Africa (MENA),CHR-CON-1127,22157.2,0.429,0.223,0.5721,0.831,66.1,0.746,79,11.6,0.705,389.3,75.4,0.8087,0.7752,0.7239,0.2598,0.483,0.7385,0.5961,-0.0367,0.6643,0.5124,0.825319,RMD,BRACKET_HIGH,true,false,0.31448266,0.44948324999999995,0.49696995,,0.3963,false
EVT-CON-1128,Grain Market Price Shock across European Union / Western Europe,1987,contemporary,economic,Europe,European Union / Western Europe,CHR-CON-1128,42947.8,0.307,0.615,0.678,0.46,90.4,0.682,80.2,22.6,0.7839,500.5,80.9,0.8544,0.7506,0.679,0.4492,0.5541,0.7796,0.6425,0.029,0.3685,0.4162,0.78091,RMD,BRACKET_HIGH,true,false,0.28393714999999997,0.5921678,0.6738968399999999,,0.3985,false
EVT-CON-1129,Systemic Governance Breakdown in Global Transnational Institutions,2022,contemporary,collapse,Global,Global Transnational Institutions,CHR-CON-1129,38058.3,0.402,0.338,0.6886,0.496,78.8,0.642,82.8,16.1,0.7729,575.8,60.2,0.761,0.8227,0.7564,0.5172,0.6086,0.5006,0.6411,-0.3221,0.684,0.6594,0.633387,RMD,BRACKET_MEDIUM,false,true,0.34483232,0.41465609999999997,0.614067,,0.3522,false
EVT-CON-1130,Harbor Incursion Sickness in United States,2024,contemporary,pandemic,North America,United States,CHR-CON-1130,24753.1,0.399,0.617,0.4862,0.818,93.8,0.878,57.6,28.1,0.5735,200.1,47.3,0.62,0.7122,0.6859,0.3899,0.6363,0.7394,0.6327,0.0272,0.8339,0.5625,0.454273,CMN,BRACKET_BASE,false,true,0.51378514,0.41824854,0.49704854,,0.3993,false
EVT-CON-1131,Agrarian Insurgency in Global Transnational Institutions,2004,contemporary,revolution,Global,Global Transnational Institutions,CHR-CON-1131,42992.6,0.337,0.128,0.8155,0.308,88.9,0.5985,82.9,31,0.8634,110.3,85.7,0.7689,0.783,0.7018,0.4853,0.616,0.7609,0.6694,-0.0221,0.4949,0.424,0.524421,CMN,BRACKET_BASE,false,true,0.4813004,0.5235349499999999,0.70601418,,0.3909,false
EVT-CON-1132,Temple Bureaucracy Reorganization of Japan,1952,contemporary,religious,East Asia,Japan,CHR-CON-1132,32989.9,0.408,0.112,0.7091,0.615,71.5,0.665,56.4,30.6,0.5756,269.1,44.4,0.627,0.6538,0.6521,0.5121,0.6546,0.5353,0.6016,-0.1185,0.2687,0.4687,0.597264,CMN,BRACKET_BASE,false,true,0.38871256,0.5666249999999999,0.7658750000000001,,0.3075,false
EVT-CON-1133,Frontier Campaign of People's Republic of China,2003,contemporary,war,East Asia,People's Republic of China,CHR-CON-1133,20987.6,0.484,0.163,0.5631,0.55,76.8,0.659,64,18.2,0.583,402.5,47.2,0.6701,0.5759,0.4855,0.3019,0.4687,0.6856,0.5035,0.1097,0.5578,0.5579,0.487215,CMN,BRACKET_BASE,false,true,0.5389838299999999,0.5057135899999999,0.6387255,,0.3977,false
EVT-CON-1134,Educational Charter of Global Transnational Institutions,1966,contemporary,transformation,Global,Global Transnational Institutions,CHR-CON-1134,13961.1,0.389,0.304,0.4861,0.678,74.5,0.7115,81,11.8,0.7277,401.2,58.1,0.7244,0.6031,0.6369,0.5061,0.6361,0.8541,0.6473,0.251,0.3918,0.5747,0.589801,CMN,BRACKET_BASE,false,true,0.38436975,0.5585015,0.56364032,,0.3648,false
EVT-CON-1135,Silver Flotilla Currency Shock in Southeast Asia (ASEAN),2015,contemporary,economic,Southeast Asia,Southeast Asia (ASEAN),CHR-CON-1135,29188.7,0.593,0.419,0.5273,0.68,82.2,0.751,84.4,15.1,0.7841,402.1,70.3,0.7856,0.7806,0.7397,0.4754,0.6121,0.6763,0.6568,-0.1043,0.3602,0.467,0.547701,CMN,BRACKET_BASE,false,true,0.31798555,0.57980921,0.7450566900000001,,0.3817,false
EVT-CON-1136,Debt Crisis Settlement of United States,1995,contemporary,economic,North America,United States,CHR-CON-1136,30888.2,0.285,0.772,0.5291,0.352,72.1,0.5365,67.3,25.7,0.6636,83.9,67,0.6556,0.6427,0.5976,0.3432,0.4822,0.5448,0.5221,-0.0979,0.6016,0.5739,0.775975,RMD,BRACKET_HIGH,true,false,0.3112618,0.39117771,0.5077058,,0.3787,false
EVT-CON-1137,Pantheon Reformation of Global Transnational Institutions,1978,contemporary,religious,Global,Global Transnational Institutions,CHR-CON-1137,45102.9,0.539,0.676,0.6095,0.719,79.5,0.757,72.5,25.2,0.7166,75.5,83.7,0.7315,0.7297,0.7088,0.6073,0.7373,0.9445,0.7455,0.2148,0.451,0.5463,0.571102,CMN,BRACKET_BASE,false,true,0.43983630000000007,0.579375,0.621625,,0.366,false
EVT-CON-1138,Fiscal Default Crisis in United States,1952,contemporary,collapse,North America,United States,CHR-CON-1138,19311.2,0.479,0.63,0.4094,0.421,96.3,0.692,75.6,26.5,0.7578,349.4,65.6,0.7519,0.7499,0.6987,0.3353,0.3691,0.4835,0.5273,-0.2664,0.4893,0.6173,0.466874,CMN,BRACKET_BASE,false,true,0.45049576,0.42122783999999996,0.574185,,0.3929,false
EVT-CON-1139,Fiscal Modernization in People's Republic of China,1945,contemporary,transformation,East Asia,People's Republic of China,CHR-CON-1139,46977.2,0.58,0.547,0.6527,0.277,70.3,0.49,70,30.3,0.7203,205.9,58.1,0.6761,0.5418,0.6072,0.5448,0.7082,0.6721,0.6148,0.1303,0.1689,0.4631,0.848076,RMD,BRACKET_HIGH,true,false,0.16173144,0.38942866,0.36033375,,0.2994,false
EVT-CON-1140,Maritime Hegemony Clash in Global Transnational Institutions,1993,contemporary,war,Global,Global Transnational Institutions,CHR-CON-1140,6512.1,0.629,0.368,0.328,0.267,73.3,0.5,63.9,13.2,0.552,306.1,44.6,0.6373,0.5461,0.4528,0.277,0.4176,0.3106,0.4008,-0.2355,0.5131,0.6784,0.41567,CMN,BRACKET_BASE,false,true,0.54309904,0.38684435,0.54582902,,0.3431,false
EVT-CON-1141,Sanitation & Medical Breakthrough in Latin America (Mercosur/Alliance),2010,contemporary,technological,Latin America,Latin America (Mercosur/Alliance),CHR-CON-1141,22215.3,0.421,0.727,0.4238,0.349,71.9,0.534,69.8,18.7,0.6485,555.4,83.9,0.8769,0.5619,0.6135,0.7201,0.8026,0.9344,0.7265,0.3725,0.301,0.6655,0.710928,RMD,BRACKET_HIGH,false,false,0.34504492000000003,0.565375,0.6332500000000001,,0.329,false
EVT-CON-1142,Systemic Governance Breakdown in Japan,1959,contemporary,collapse,East Asia,Japan,CHR-CON-1142,46758.5,0.571,0.884,0.5523,0.262,69.3,0.4775,70.2,23.3,0.6804,548.8,80.1,0.8571,0.7266,0.6219,0.377,0.4001,0.3677,0.4987,-0.3589,0.7207,0.7475,0.545624,CMN,BRACKET_BASE,false,true,0.3833064,0.40908140000000004,0.619946,,0.3544,false
EVT-CON-1143,Systemic Governance Breakdown in Latin America (Mercosur/Alliance),1980,contemporary,collapse,Latin America,Latin America (Mercosur/Alliance),CHR-CON-1143,31091,0.513,0.574,0.5219,0.728,84.5,0.7865,60,19.5,0.5478,288,65.1,0.7354,0.7567,0.6405,0.2429,0.3416,0.4832,0.493,-0.2735,0.8359,0.7082,0.481786,CMN,BRACKET_BASE,false,true,0.49457760000000006,0.52572534,0.82169296,,0.4058,false
EVT-CON-1144,Continental Standoff of People's Republic of China,1986,contemporary,war,East Asia,People's Republic of China,CHR-CON-1144,23937.5,0.606,0.314,0.5077,0.452,77.6,0.614,82.6,31.8,0.865,578,70.2,0.8113,0.6557,0.5426,0.3414,0.5276,0.555,0.5245,-0.1007,0.6215,0.5417,0.562134,CMN,BRACKET_BASE,false,true,0.4400842,0.57860514,0.7996910800000001,,0.3836,false
EVT-CON-1145,Urban Quarantine Emergency in Japan,1945,contemporary,pandemic,East Asia,Japan,CHR-CON-1145,32570.9,0.28,0.167,0.7272,0.71,72.9,0.7195,66.8,24.7,0.6522,340.8,65.4,0.7491,0.7525,0.7044,0.3982,0.5206,0.4223,0.5596,-0.3302,0.8836,0.7144,0.642269,RMD,BRACKET_MEDIUM,false,true,0.48577650000000006,0.5972500000000001,0.9957499999999999,,0.3633,false
EVT-CON-1146,Guild Monopoly Reform in Republic of India,2026,contemporary,economic,South Asia,Republic of India,CHR-CON-1146,19365.7,0.444,0.759,0.3817,0.44,77.5,0.6075,69.7,25.9,0.6906,442.9,53.2,0.7071,0.6643,0.5709,0.4378,0.5616,0.6155,0.57,-0.0488,0.5341,0.5379,0.467819,CMN,BRACKET_BASE,false,true,0.59091835,0.55936782,0.73842465,,0.3574,false
EVT-CON-1147,Monastic Network Expansion of Global Transnational Institutions,2026,contemporary,religious,Global,Global Transnational Institutions,CHR-CON-1147,33466,0.485,0.439,0.5922,0.511,94.9,0.73,69,26.2,0.6849,328.3,67.2,0.7554,0.6694,0.7285,0.6254,0.7364,0.7657,0.7051,0.0963,0.2735,0.4493,0.779477,RMD,BRACKET_HIGH,true,false,0.16121378,0.3770445,0.37762794,,0.2979,false
EVT-CON-1148,Administrative Codification of European Union / Western Europe,2018,contemporary,transformation,Europe,European Union / Western Europe,CHR-CON-1148,46485.5,0.618,0.383,0.6861,0.773,80.6,0.7895,66,11.6,0.565,440.1,70.4,0.7926,0.6555,0.6859,0.5991,0.8055,0.98,0.7452,0.3245,0.3559,0.5881,0.869688,RMD,BRACKET_HIGH,true,false,0.16568625,0.407624,0.3622726,,0.3554,false
EVT-CON-1149,Hydraulic Engineering Grid in Southeast Asia (ASEAN),1977,contemporary,technological,Southeast Asia,Southeast Asia (ASEAN),CHR-CON-1149,16802.9,0.437,0.781,0.3542,0.546,93.5,0.7405,67.3,24.4,0.6558,164.5,80.2,0.7704,0.5866,0.6203,0.7324,0.8018,0.9267,0.7336,0.3401,0.1572,0.5904,0.676004,RMD,BRACKET_MEDIUM,false,true,0.29670480000000005,0.38255265,0.3592435,,0.3239,false
EVT-CON-1150,Civic Restoration Revolt in Sub-Saharan Africa,1949,contemporary,revolution,Africa,Sub-Saharan Africa,CHR-CON-1150,4330.1,0.573,0.753,0.2097,0.328,89.3,0.6105,80.8,25.7,0.809,290.5,39.1,0.606,0.5991,0.5119,0.188,0.4047,0.2616,0.3931,-0.3375,0.7834,0.7637,0.405555,CMN,BRACKET_BASE,false,true,0.7096791,0.5695865600000001,0.9110487700000002,,0.3876,false
EVT-CON-1151,Fiscal Default Crisis in Republic of India,2014,contemporary,collapse,South Asia,Republic of India,CHR-CON-1151,36894.9,0.456,0.639,0.5717,0.739,85.6,0.7975,58.9,15,0.5089,123,39.2,0.5443,0.6649,0.591,0.3731,0.4509,0.3969,0.4954,-0.268,0.4626,0.6087,0.503767,CMN,BRACKET_BASE,false,true,0.5810428400000001,0.583875,0.914375,,0.3449,false
EVT-CON-1152,Institutional Dissolution of Middle East & North Africa (MENA),2025,contemporary,collapse,Middle East,Middle East & North Africa (MENA),CHR-CON-1152,25839.2,0.57,0.51,0.4768,0.289,90.8,0.5985,57.8,19.6,0.5247,478.8,49.6,0.6947,0.6535,0.5751,0.3333,0.3985,0.3498,0.462,-0.3037,0.7626,0.7446,0.423983,CMN,BRACKET_BASE,false,true,0.6504385399999999,0.56686416,0.9104926800000002,,0.3499,false
EVT-CON-1153,Agricultural Plague Wave in Latin America (Mercosur/Alliance),1976,contemporary,pandemic,Latin America,Latin America (Mercosur/Alliance),CHR-CON-1153,24003.1,0.455,0.834,0.3976,0.438,87.3,0.6555,77.8,16.2,0.7197,577.6,69.1,0.8058,0.7262,0.6938,0.365,0.5382,0.6965,0.6039,-0.0297,0.6825,0.5507,0.503894,CMN,BRACKET_BASE,false,true,0.46197915,0.41434118999999997,0.506945,,0.4023,false
EVT-CON-1154,Printing & Communications Diffusion in USSR / Russian Federation,1969,contemporary,technological,Eurasia,USSR / Russian Federation,CHR-CON-1154,22867.7,0.468,0.812,0.3901,0.64,98.3,0.8115,83.5,25.4,0.8362,140,51.2,0.6137,0.5691,0.6041,0.7227,0.795,0.8688,0.7119,0.2997,0.3733,0.5795,0.782227,RMD,BRACKET_HIGH,true,false,0.21959629999999997,0.56575,0.6856249999999999,,0.3112,false
EVT-CON-1155,Agrarian Insurgency in Republic of India,1977,contemporary,revolution,South Asia,Republic of India,CHR-CON-1155,39374.3,0.466,0.55,0.6177,0.454,89,0.672,62.1,19.3,0.5692,69.4,77,0.6919,0.685,0.53,0.1906,0.2987,0.6208,0.465,-0.0642,0.7453,0.5722,0.785039,RMD,BRACKET_HIGH,true,false,0.32464656,0.44873231999999996,0.5148108,,0.3948,false
EVT-CON-1156,Orthodoxy & Heresy Trial Wave in Global Transnational Institutions,1959,contemporary,religious,Global,Global Transnational Institutions,CHR-CON-1156,10324.5,0.523,0.824,0.2572,0.361,88.2,0.6215,75.4,16.1,0.6932,191.9,56.3,0.662,0.5557,0.5343,0.4207,0.5516,0.682,0.5489,0.1263,0.2051,0.5137,0.782492,RMD,BRACKET_HIGH,true,false,0.26116374000000003,0.5451720000000001,0.55999975,,0.3548,false
EVT-CON-1157,Coalition Defense of Japan,1958,contemporary,war,East Asia,Japan,CHR-CON-1157,36218.2,0.458,0.305,0.6652,0.822,94.1,0.8815,79.9,21.3,0.7729,518.8,46.2,0.6835,0.7514,0.6787,0.3582,0.5222,0.6958,0.6013,-0.0556,0.5076,0.439,0.586055,CMN,BRACKET_BASE,false,true,0.38114625,0.42402488,0.50128194,,0.4055,false
EVT-CON-1158,Administrative Codification of Southeast Asia (ASEAN),1969,contemporary,transformation,Southeast Asia,Southeast Asia (ASEAN),CHR-CON-1158,6851,0.277,0.834,0.2968,0.365,90,0.6325,82.8,25.7,0.8305,553.9,54.8,0.7312,0.5408,0.5992,0.5384,0.7417,0.7525,0.6345,0.2117,0.1703,0.5229,0.710841,RMD,BRACKET_HIGH,false,false,0.2739933,0.566,0.5265,,0.3236,false
EVT-CON-1159,Guild Monopoly Reform in Japan,1972,contemporary,economic,East Asia,Japan,CHR-CON-1159,13513.3,0.459,0.351,0.447,0.483,69.5,0.589,63.9,31.2,0.66,434.3,56.8,0.7236,0.572,0.5305,0.4081,0.5108,0.7512,0.5545,0.1792,0.6003,0.6224,0.652698,RMD,BRACKET_MEDIUM,false,true,0.5026904999999999,0.40072425,0.41893368000000003,,0.3758,false
EVT-CON-1160,Hydraulic Engineering Grid in European Union / Western Europe,2014,contemporary,technological,Europe,European Union / Western Europe,CHR-CON-1160,18567.7,0.542,0.84,0.3208,0.542,93.1,0.7365,60.8,12.5,0.5144,438.2,53.7,0.7088,0.4845,0.5168,0.6199,0.7787,0.7269,0.6254,0.2424,0.4327,0.6333,0.779234,RMD,BRACKET_HIGH,true,false,0.2811529,0.55925096,0.67716189,,0.3027,false
EVT-CON-1161,Popular Uprising of European Union / Western Europe,1973,contemporary,revolution,Europe,European Union / Western Europe,CHR-CON-1161,47299.5,0.43,0.496,0.7159,0.764,90.8,0.836,80.4,16.5,0.7495,371.1,73.9,0.7977,0.8112,0.6596,0.3196,0.4572,0.8638,0.6223,0.0526,0.727,0.4949,0.62493,CMN,BRACKET_BASE,false,true,0.4064544,0.5862688000000001,0.7157364900000001,,0.3994,false
EVT-CON-1162,Sanitation & Medical Breakthrough in Sub-Saharan Africa,2004,contemporary,technological,Africa,Sub-Saharan Africa,CHR-CON-1162,32225.2,0.583,0.487,0.5372,0.351,98.9,0.67,55.6,16.4,0.4818,415.7,67.4,0.7735,0.5593,0.6072,0.6811,0.7838,0.7226,0.6708,0.1633,0.4781,0.5844,0.510554,CMN,BRACKET_BASE,false,true,0.45616281,0.4789554,0.6796127399999999,,0.2734,false
EVT-CON-1163,Urban Quarantine Emergency in Middle East & North Africa (MENA),1956,contemporary,pandemic,Middle East,Middle East & North Africa (MENA),CHR-CON-1163,23995,0.369,0.744,0.4503,0.608,74,0.674,72.8,23.6,0.7102,84.6,72.5,0.6837,0.6752,0.6166,0.2816,0.4884,0.3711,0.4866,-0.3041,0.7557,0.708,0.533547,CMN,BRACKET_BASE,false,true,0.55467237,0.57975755,0.91044074,,0.3857,false
EVT-CON-1164,Administrative Codification of European Union / Western Europe,1963,contemporary,transformation,Europe,European Union / Western Europe,CHR-CON-1164,14363.1,0.581,0.557,0.3562,0.574,83.2,0.703,82.4,24.3,0.8178,93.4,81.3,0.7349,0.5886,0.6494,0.5208,0.7154,0.8303,0.6609,0.2417,0.293,0.5522,0.806676,RMD,BRACKET_HIGH,true,false,0.27269803,0.40311516000000003,0.36041832,,0.3528,false
EVT-CON-1165,Mechanical Power Harnessing in United States,1955,contemporary,technological,North America,United States,CHR-CON-1165,17162.3,0.324,0.313,0.5317,0.84,77.6,0.808,59.4,20.5,0.5473,540.1,74.7,0.8289,0.6059,0.6606,0.7099,0.8254,0.9724,0.7548,0.3665,0.3481,0.6319,0.903469,RMD,BRACKET_HIGH,true,false,0.23054400999999997,0.39858115,0.37262636000000005,,0.3337,false
EVT-CON-1166,Caravan Route Pestilence in Japan,2018,contemporary,pandemic,East Asia,Japan,CHR-CON-1166,35849.7,0.475,0.765,0.5188,0.297,76.8,0.5325,56.7,12.5,0.4702,407.3,63.7,0.7535,0.6104,0.5716,0.0801,0.2243,0.4974,0.3968,-0.113,0.9256,0.6942,0.581492,CMN,BRACKET_BASE,false,true,0.51420807,0.44267562,0.52067472,,0.395,false
EVT-CON-1167,Guild Monopoly Reform in Southeast Asia (ASEAN),1992,contemporary,economic,Southeast Asia,Southeast Asia (ASEAN),CHR-CON-1167,40708.7,0.438,0.461,0.6648,0.308,77,0.539,71.3,25.6,0.7061,218.5,71.3,0.7464,0.7055,0.6464,0.4642,0.5539,0.7717,0.6283,0.0662,0.6284,0.5364,0.67424,RMD,BRACKET_MEDIUM,false,true,0.4263174799999999,0.4084521,0.46192483999999995,,0.3852,false
EVT-CON-1168,Respiratory Virulence Wave across Japan,1970,contemporary,pandemic,East Asia,Japan,CHR-CON-1168,18214,0.522,0.787,0.3396,0.514,83.9,0.6765,83.9,16.2,0.7854,293.6,49.3,0.6578,0.6375,0.5891,0.3189,0.4774,0.2819,0.461,-0.3556,0.8962,0.7758,0.545338,CMN,BRACKET_BASE,false,true,0.60851924,0.41342913,0.63473916,,0.3671,false
EVT-CON-1169,Strategic Siege of Middle East & North Africa (MENA),1986,contemporary,war,Middle East,Middle East & North Africa (MENA),CHR-CON-1169,45632.5,0.435,0.499,0.6985,0.659,67.6,0.6675,65.7,25.8,0.647,369.5,67.1,0.7634,0.6943,0.5918,0.2611,0.3941,0.7306,0.5344,0.0363,0.3345,0.4313,0.444662,CMN,BRACKET_BASE,false,true,0.6346212,0.6432499999999999,0.7445,,0.3977,false
EVT-CON-1170,Harbor Incursion Sickness in USSR / Russian Federation,1998,contemporary,pandemic,Eurasia,USSR / Russian Federation,CHR-CON-1170,13540.6,0.332,0.33,0.4917,0.75,95.2,0.851,79.5,19.5,0.7578,402.1,65,0.7591,0.7904,0.752,0.2575,0.4201,0.8271,0.6094,0.0367,0.7641,0.5258,0.633075,RMD,BRACKET_MEDIUM,false,true,0.37727298,0.4918062,0.506747,,0.406,false
EVT-CON-1171,Astronomical Standardization by Middle East & North Africa (MENA),2025,contemporary,technological,Middle East,Middle East & North Africa (MENA),CHR-CON-1171,19794.4,0.273,0.548,0.5002,0.526,91.6,0.721,82,17.6,0.7733,390.4,51.3,0.6884,0.6162,0.6561,0.7725,0.8472,0.8855,0.7555,0.2693,0.2675,0.5431,0.779905,RMD,BRACKET_HIGH,true,false,0.134298,0.38866138999999994,0.41749421999999997,,0.2992,false
EVT-CON-1172,Succession Conflict of Sub-Saharan Africa,1946,contemporary,war,Africa,Sub-Saharan Africa,CHR-CON-1172,46131.5,0.629,0.266,0.7147,0.277,84.2,0.5595,75.2,20.6,0.7181,374.2,55.6,0.7069,0.6883,0.5775,0.2667,0.4332,0.5847,0.5101,-0.1036,0.4367,0.4963,0.581108,CMN,BRACKET_BASE,false,true,0.5181946000000001,0.5259292299999999,0.7545297,,0.4053,false
EVT-CON-1173,Constitutional Reorganization of USSR / Russian Federation,1990,contemporary,transformation,Eurasia,USSR / Russian Federation,CHR-CON-1173,8686.8,0.379,0.108,0.5005,0.563,78.7,0.675,58.5,12,0.4866,239.5,81.8,0.8056,0.5584,0.6193,0.5582,0.7116,0.7888,0.6473,0.2304,0.2044,0.5562,0.801052,RMD,BRACKET_HIGH,true,false,0.22741056000000004,0.560625,0.5285,,0.3243,false
EVT-CON-1174,Urban Quarantine Emergency in Republic of India,2014,contemporary,pandemic,South Asia,Republic of India,CHR-CON-1174,17210.3,0.631,0.674,0.3317,0.434,70.1,0.5675,67,30,0.6862,151.3,85.5,0.7908,0.6586,0.5868,0.3291,0.5317,0.6944,0.5601,0.0358,0.8656,0.6279,0.375964,CMN,BRACKET_BASE,false,true,0.74104896,0.5723944,0.7267399999999999,,0.3995,false
EVT-CON-1175,Palatial Collapse of United States,1972,contemporary,collapse,North America,United States,CHR-CON-1175,34967.5,0.316,0.6,0.6081,0.776,93.5,0.8555,59.6,26.2,0.5837,504.2,79.7,0.8489,0.8475,0.7342,0.4306,0.4865,0.6116,0.6221,-0.2359,0.4341,0.5588,0.792511,RMD,BRACKET_HIGH,true,false,0.26991666,0.43116872,0.56788599,,0.395,false
EVT-CON-1176,Fiscal Default Crisis in Republic of India,1960,contemporary,collapse,South Asia,Republic of India,CHR-CON-1176,22402.5,0.393,0.878,0.3886,0.698,86.4,0.781,75.8,27.6,0.7665,198.9,65.7,0.7116,0.8048,0.7235,0.378,0.4739,0.4078,0.5576,-0.397,0.4289,0.6612,0.541686,CMN,BRACKET_BASE,false,true,0.36294975,0.4322929999999999,0.62380458,,0.3743,false
EVT-CON-1177,Bureaucratic Consolidation of Sub-Saharan Africa,2020,contemporary,transformation,Africa,Sub-Saharan Africa,CHR-CON-1177,47016.1,0.606,0.108,0.777,0.297,88.2,0.5895,82.2,26.8,0.8306,376.1,79.9,0.8287,0.6465,0.7026,0.6233,0.8489,0.902,0.7447,0.2555,0.2489,0.5006,0.730199,RMD,BRACKET_HIGH,true,false,0.24155529,0.40112625,0.3325344,,0.3393,false
EVT-CON-1178,Frontier Fragmentation of Southeast Asia (ASEAN),2025,contemporary,collapse,Southeast Asia,Southeast Asia (ASEAN),CHR-CON-1178,36629.2,0.286,0.737,0.5909,0.849,65.8,0.7535,68,15.4,0.6093,167.8,51.3,0.6273,0.7878,0.7269,0.3395,0.4128,0.4397,0.5413,-0.3481,0.8223,0.7305,0.660593,RMD,BRACKET_MEDIUM,false,true,0.38011574,0.42928399999999994,0.61354464,,0.3852,false
EVT-CON-1179,Synod Monotheistic Mandate in Sub-Saharan Africa,1994,contemporary,religious,Africa,Sub-Saharan Africa,CHR-CON-1179,30114.7,0.532,0.355,0.5731,0.42,72.6,0.573,63.1,31.6,0.6538,530.7,78.4,0.8461,0.6571,0.7114,0.5835,0.726,0.5658,0.6488,-0.0913,0.4207,0.5145,0.5427,CMN,BRACKET_BASE,false,true,0.5567776400000001,0.565625,0.7758750000000001,,0.2916,false
EVT-CON-1180,Frontier Fragmentation of Republic of India,1946,contemporary,collapse,South Asia,Republic of India,CHR-CON-1180,46663.3,0.505,0.522,0.6799,0.591,96.2,0.7765,70.6,26.8,0.7057,74.5,58.2,0.603,0.7559,0.646,0.3066,0.3684,0.4569,0.5068,-0.299,0.8325,0.6753,0.380006,CMN,BRACKET_BASE,false,true,0.5825546100000001,0.5294611499999999,0.86797146,,0.3947,false
EVT-CON-1181,Frontier Fragmentation of Sub-Saharan Africa,2018,contemporary,collapse,Africa,Sub-Saharan Africa,CHR-CON-1181,14965.4,0.326,0.399,0.4856,0.617,65.3,0.635,66.3,20,0.6186,531.5,66,0.7843,0.7049,0.6538,0.2856,0.3757,0.4042,0.4848,-0.3007,0.8159,0.7355,0.422829,CMN,BRACKET_BASE,false,true,0.688916,0.5788827,0.89430744,,0.385,false
EVT-CON-1182,Agricultural Plague Wave in European Union / Western Europe,2026,contemporary,pandemic,Europe,European Union / Western Europe,CHR-CON-1182,40457.3,0.46,0.214,0.73,0.323,71.1,0.517,63.3,27.2,0.6295,374.8,61,0.734,0.6849,0.6222,0.1419,0.3172,0.4404,0.4413,-0.2445,0.8476,0.6925,0.60867,CMN,BRACKET_BASE,false,true,0.50337612,0.44647945000000006,0.5769537899999999,,0.406,false
EVT-CON-1183,Educational Charter of Republic of India,1990,contemporary,transformation,South Asia,Republic of India,CHR-CON-1183,21280.2,0.568,0.209,0.5267,0.718,86.3,0.7905,78,10.6,0.6882,336.1,53.7,0.6896,0.6047,0.6293,0.5303,0.7057,0.9158,0.6772,0.3111,0.1124,0.5253,0.830401,RMD,BRACKET_HIGH,true,false,0.16016456,0.39896163,0.3157728,,0.3647,false
EVT-CON-1184,Guild Monopoly Reform in Sub-Saharan Africa,2025,contemporary,economic,Africa,Sub-Saharan Africa,CHR-CON-1184,27239.1,0.288,0.578,0.5536,0.657,69,0.6735,72.5,22.5,0.7004,82.1,78.3,0.7106,0.6295,0.5796,0.338,0.5123,0.4881,0.5095,-0.1414,0.5545,0.5559,0.689609,RMD,BRACKET_MEDIUM,false,false,0.40903668,0.5637275700000001,0.7994467000000001,,0.3706,false
EVT-CON-1185,Caravan Route Pestilence in Sub-Saharan Africa,2015,contemporary,pandemic,Africa,Sub-Saharan Africa,CHR-CON-1185,14031.7,0.629,0.739,0.2843,0.307,96.4,0.6355,56.4,13.7,0.4742,98.3,70.2,0.6831,0.5435,0.4892,0.1869,0.2911,0.2857,0.3593,-0.2578,0.7268,0.7418,0.784148,RMD,BRACKET_HIGH,true,false,0.4923822199999999,0.40018324,0.58324644,,0.3704,false
EVT-CON-1186,Guild Monopoly Reform in Sub-Saharan Africa,1966,contemporary,economic,Africa,Sub-Saharan Africa,CHR-CON-1186,17319.1,0.378,0.608,0.4284,0.838,83.3,0.8355,61,31.7,0.6317,511.8,72,0.8115,0.6797,0.6415,0.3999,0.4808,0.6584,0.5721,-0.0213,0.4122,0.4602,0.677931,RMD,BRACKET_MEDIUM,false,true,0.33816447,0.40165632,0.461335,,0.3879,false
EVT-CON-1187,Mercantile Tariff Overhaul across Global Transnational Institutions,1971,contemporary,economic,Global,Global Transnational Institutions,CHR-CON-1187,29781.9,0.288,0.871,0.4885,0.536,94.2,0.739,79.2,19,0.7515,565.1,67.8,0.7977,0.7445,0.6931,0.4998,0.6682,0.783,0.6777,0.0385,0.3738,0.4474,0.680155,RMD,BRACKET_MEDIUM,false,false,0.29764566,0.39621713999999997,0.425775,,0.3831,false
EVT-CON-1188,Pantheon Reformation of United States,1983,contemporary,religious,North America,United States,CHR-CON-1188,17835.1,0.581,0.694,0.3464,0.608,84.6,0.727,63.7,14.5,0.5576,260,77.9,0.792,0.6479,0.6167,0.5319,0.5898,0.6331,0.6039,-0.0148,0.5272,0.5251,0.662699,RMD,BRACKET_MEDIUM,false,true,0.48922160000000003,0.5491250000000001,0.7505000000000001,,0.302,false
EVT-CON-1189,Pantheon Reformation of People's Republic of China,2015,contemporary,religious,East Asia,People's Republic of China,CHR-CON-1189,7723.1,0.645,0.257,0.3674,0.74,76.5,0.7525,65.9,24.9,0.6437,456.8,70.8,0.7973,0.6818,0.6621,0.5746,0.7251,0.9232,0.7134,0.2414,0.5027,0.6215,0.776906,RMD,BRACKET_HIGH,true,false,0.35075670000000003,0.54909184,0.57343032,,0.3633,false
EVT-CON-1190,Frontier Fragmentation of United States,1948,contemporary,collapse,North America,United States,CHR-CON-1190,46820.8,0.272,0.437,0.7767,0.4,98.9,0.6945,60.4,27.1,0.5977,124.3,76.2,0.7301,0.7606,0.6618,0.4485,0.5034,0.5037,0.5756,-0.2569,0.6612,0.6237,0.420419,CMN,BRACKET_BASE,false,true,0.5696711999999999,0.57860502,0.8847418800000001,,0.3454,false
EVT-CON-1191,Strategic Siege of Middle East & North Africa (MENA),1958,contemporary,war,Middle East,Middle East & North Africa (MENA),CHR-CON-1191,18327.6,0.451,0.109,0.5653,0.205,86.8,0.5365,70.4,16.5,0.6418,403.6,76.3,0.8158,0.6207,0.577,0.4188,0.4708,0.4865,0.5148,-0.1342,0.5292,0.5732,0.640912,RMD,BRACKET_MEDIUM,false,true,0.4165725,0.39129774,0.51819112,,0.3208,false
EVT-CON-1192,Respiratory Virulence Wave across European Union / Western Europe,1999,contemporary,pandemic,Europe,European Union / Western Europe,CHR-CON-1192,24791.3,0.312,0.232,0.6282,0.69,93.2,0.811,71.1,14.5,0.6373,579.5,62.9,0.775,0.7972,0.7485,0.2735,0.3769,0.7195,0.5831,-0.0777,0.7787,0.5552,0.53173,CMN,BRACKET_BASE,false,true,0.46470816,0.46889677999999996,0.5183045399999999,,0.398,false
EVT-CON-1193,Synod Monotheistic Mandate in Republic of India,1996,contemporary,religious,South Asia,Republic of India,CHR-CON-1193,41209.8,0.394,0.846,0.567,0.395,70.9,0.552,73.8,30.1,0.76,455.5,85,0.8681,0.6938,0.7577,0.5984,0.6497,0.816,0.7031,0.1222,0.48,0.5341,0.812066,RMD,BRACKET_HIGH,true,false,0.17916919999999997,0.39554353,0.41627856,,0.3392,false
EVT-CON-1194,Palatial Collapse of Global Transnational Institutions,1962,contemporary,collapse,Global,Global Transnational Institutions,CHR-CON-1194,41032.2,0.496,0.456,0.6518,0.424,68.7,0.5555,55.7,30.5,0.5675,296.5,65.9,0.7415,0.6938,0.6379,0.3599,0.3869,0.4546,0.5066,-0.2392,0.5575,0.6323,0.44261,CMN,BRACKET_BASE,false,true,0.44871876000000005,0.41723479999999996,0.57981272,,0.3647,false
EVT-CON-1195,Systemic Governance Breakdown in USSR / Russian Federation,1975,contemporary,collapse,Eurasia,USSR / Russian Federation,CHR-CON-1195,24120.7,0.293,0.812,0.4539,0.24,97.5,0.6075,56.5,29.1,0.5677,251,58.9,0.6944,0.6771,0.5687,0.3366,0.4109,0.2389,0.4464,-0.4382,0.541,0.7575,0.425097,CMN,BRACKET_BASE,false,true,0.56703375,0.42221848,0.64868141,,0.367,false
EVT-CON-1196,Peasant Rebellion against Japan,1969,contemporary,revolution,East Asia,Japan,CHR-CON-1196,21235.9,0.466,0.323,0.5227,0.779,73.2,0.7555,76.8,29.1,0.7863,312.8,69,0.7609,0.7617,0.64,0.3012,0.5071,0.6458,0.5712,-0.1159,0.6544,0.5465,0.702816,RMD,BRACKET_HIGH,false,false,0.30582353999999995,0.51477495,0.7520844,,0.4032,false
EVT-CON-1197,Judicial Standard Reform in Southeast Asia (ASEAN),1980,contemporary,transformation,Southeast Asia,Southeast Asia (ASEAN),CHR-CON-1197,19321.1,0.326,0.727,0.4263,0.219,78.2,0.5005,80.6,9.9,0.712,211.7,42.2,0.5986,0.4819,0.5216,0.4709,0.5996,0.773,0.5694,0.2911,0.1611,0.5816,0.70126,RMD,BRACKET_HIGH,false,false,0.35813705,0.39374047,0.3182994,,0.3399,false
EVT-CON-1198,Bureaucratic Consolidation of Southeast Asia (ASEAN),2023,contemporary,transformation,Southeast Asia,Southeast Asia (ASEAN),CHR-CON-1198,9583.1,0.456,0.526,0.3601,0.6,92.7,0.7635,76.4,27,0.7694,487.8,62.1,0.7585,0.5449,0.6197,0.515,0.6503,0.6596,0.5979,0.1147,0.1293,0.4403,0.777273,RMD,BRACKET_HIGH,true,false,0.32700588,0.56,0.576875,,0.303,false
EVT-CON-1199,Territorial Rupture of Latin America (Mercosur/Alliance),1967,contemporary,collapse,Latin America,Latin America (Mercosur/Alliance),CHR-CON-1199,26574.3,0.548,0.724,0.4258,0.629,77.1,0.7,55.9,12.2,0.4598,140,62,0.6677,0.6882,0.6048,0.379,0.4474,0.5028,0.5244,-0.1854,0.4326,0.6004,0.791911,RMD,BRACKET_HIGH,true,false,0.31325569999999997,0.39566826,0.5230199999999999,,0.3647,false
EVT-CON-1200,Educational Charter of Latin America (Mercosur/Alliance),1974,contemporary,transformation,Latin America,Latin America (Mercosur/Alliance),CHR-CON-1200,25598.4,0.366,0.655,0.4923,0.776,67,0.723,60.8,22.1,0.572,196.1,76.5,0.7646,0.5401,0.5658,0.4381,0.6039,0.706,0.5708,0.1659,0.2007,0.5017,0.588007,CMN,BRACKET_BASE,false,true,0.4289205,0.37985465,0.3492,,0.3501,false
EVT-CON-1201,Orthodoxy & Heresy Trial Wave in Japan,1975,contemporary,religious,East Asia,Japan,CHR-CON-1201,10068.2,0.467,0.658,0.3215,0.628,74.7,0.6875,56.2,24.6,0.5374,194,76.7,0.7648,0.5343,0.5964,0.4471,0.5826,0.4592,0.5239,-0.0751,0.2375,0.498,0.478909,CMN,BRACKET_BASE,false,true,0.6687143099999999,0.56025,0.7340000000000001,,0.2957,true
EVT-CON-1202,Hydraulic Engineering Grid in Sub-Saharan Africa,1989,contemporary,technological,Africa,Sub-Saharan Africa,CHR-CON-1202,21646.4,0.618,0.358,0.4703,0.629,98.6,0.8075,67.7,20.5,0.6367,245.2,57.4,0.6853,0.5547,0.5941,0.7132,0.7783,0.7263,0.6733,0.1716,0.2563,0.4996,0.621305,CMN,BRACKET_BASE,false,true,0.28337777999999997,0.4807698899999999,0.659556,,0.2754,false
EVT-CON-1203,Urban Quarantine Emergency in Southeast Asia (ASEAN),1999,contemporary,pandemic,Southeast Asia,Southeast Asia (ASEAN),CHR-CON-1203,32875.5,0.296,0.856,0.5184,0.729,98.1,0.855,61.7,22.2,0.5823,96.9,76.6,0.7141,0.7365,0.6677,0.3508,0.5212,0.6019,0.5756,-0.1346,0.7464,0.5959,0.61444,CMN,BRACKET_BASE,false,true,0.48844250000000006,0.60125,0.88275,,0.398,false
EVT-CON-1204,Maritime Hegemony Clash in Republic of India,2024,contemporary,war,South Asia,Republic of India,CHR-CON-1204,24068.7,0.553,0.536,0.4582,0.337,87.4,0.6055,69.5,10.7,0.5973,424.1,82.1,0.8484,0.5925,0.4937,0.3043,0.4001,0.3584,0.4298,-0.2341,0.3145,0.5859,0.540437,CMN,BRACKET_BASE,false,true,0.42820179999999997,0.38959047999999996,0.5212974,,0.3441,false
EVT-CON-1205,Mechanical Power Harnessing in Republic of India,1951,contemporary,technological,South Asia,Republic of India,CHR-CON-1205,4997.8,0.286,0.693,0.3198,0.326,87.9,0.6025,58.2,14.7,0.4996,536.5,60.9,0.7594,0.4708,0.4958,0.589,0.6868,0.8109,0.6107,0.3401,0.395,0.6991,0.607,CMN,BRACKET_BASE,false,true,0.627375,0.558,0.6320000000000001,,0.3275,false
EVT-CON-1206,Monastic Network Expansion of United States,2001,contemporary,religious,North America,United States,CHR-CON-1206,28206.8,0.509,0.578,0.496,0.465,91,0.6875,65.3,29.6,0.6654,467.4,73.1,0.8104,0.655,0.6878,0.5179,0.6486,0.7109,0.644,0.0559,0.3951,0.4816,0.75399,RMD,BRACKET_HIGH,true,false,0.2820588,0.48385925999999996,0.6213888,,0.3425,false
EVT-CON-1207,Mechanical Power Harnessing in Global Transnational Institutions,1955,contemporary,technological,Global,Global Transnational Institutions,CHR-CON-1207,30266.9,0.262,0.157,0.7149,0.609,93.6,0.7725,75.6,21.6,0.7284,367.1,68,0.7675,0.6459,0.6701,0.7797,0.8866,0.9393,0.7843,0.2934,0.1997,0.506,0.812191,RMD,BRACKET_HIGH,true,false,0.1541322,0.572875,0.619125,,0.3143,false
EVT-CON-1208,Synod Monotheistic Mandate in Republic of India,2012,contemporary,religious,South Asia,Republic of India,CHR-CON-1208,17213.4,0.502,0.376,0.4599,0.694,69.4,0.694,62.7,13.1,0.5384,243,78.1,0.7881,0.6122,0.6051,0.4064,0.4662,0.5034,0.5187,-0.1088,0.5329,0.5681,0.533154,CMN,BRACKET_BASE,false,true,0.57917632,0.5502019899999999,0.76692588,,0.3334,false
EVT-CON-1209,Caravan Route Pestilence in Sub-Saharan Africa,1948,contemporary,pandemic,Africa,Sub-Saharan Africa,CHR-CON-1209,36806,0.452,0.763,0.5349,0.789,93.2,0.8605,75.5,20.5,0.7207,410,47.7,0.674,0.795,0.7571,0.3488,0.5389,0.6664,0.6212,-0.1286,0.751,0.5698,0.597037,CMN,BRACKET_BASE,false,true,0.5863231000000001,0.62425,0.881875,,0.4059,false
EVT-CON-1210,Frontier Campaign of Latin America (Mercosur/Alliance),2025,contemporary,war,Latin America,Latin America (Mercosur/Alliance),CHR-CON-1210,30639.2,0.481,0.758,0.4722,0.589,94.9,0.769,68.1,18.7,0.6302,77.2,64.6,0.6376,0.6789,0.6345,0.4818,0.5871,0.5767,0.5918,-0.1022,0.3176,0.4839,0.440807,CMN,BRACKET_BASE,false,true,0.56276868,0.56571852,0.73625523,,0.3299,false
EVT-CON-1211,Continental Standoff of Sub-Saharan Africa,1963,contemporary,war,Africa,Sub-Saharan Africa,CHR-CON-1211,43537.4,0.36,0.236,0.7811,0.297,96.8,0.6325,79.4,10.6,0.7033,86.1,53.7,0.591,0.6322,0.5866,0.4335,0.5071,0.6569,0.5633,0.0247,0.6678,0.4928,0.701722,RMD,BRACKET_HIGH,false,false,0.59059346,0.5743750000000001,0.7642500000000001,,0.3631,false
EVT-CON-1212,Metallurgical Innovation Surge in United States,1954,contemporary,technological,North America,United States,CHR-CON-1212,37083.4,0.583,0.713,0.5131,0.438,83.9,0.6385,64.1,15.4,0.5673,313.8,85.7,0.8446,0.5974,0.6563,0.7333,0.846,0.7765,0.7219,0.1791,0.4388,0.5786,0.725057,RMD,BRACKET_HIGH,false,false,0.29939107,0.37795095,0.45172325,,0.2764,false
EVT-CON-1213,Educational Charter of United States,2019,contemporary,transformation,North America,United States,CHR-CON-1213,8266.7,0.372,0.182,0.4766,0.285,86.2,0.5735,67.7,8.8,0.5665,560.7,85.7,0.8866,0.5394,0.5599,0.4458,0.6785,0.7995,0.6046,0.2601,0.2249,0.5842,0.647077,RMD,BRACKET_MEDIUM,false,true,0.31622208,0.50507239,0.5210577,,0.3634,false
EVT-CON-1214,Epidemic Fever Outbreak across USSR / Russian Federation,1959,contemporary,pandemic,Eurasia,USSR / Russian Federation,CHR-CON-1214,24743.7,0.321,0.828,0.4463,0.76,68.7,0.7235,80,16.5,0.7452,366.5,40.6,0.6303,0.6634,0.6355,0.1774,0.3578,0.618,0.4904,-0.0454,0.6212,0.5226,0.67213,RMD,BRACKET_MEDIUM,false,true,0.46667070000000005,0.5555144000000001,0.7432819599999999,,0.3938,false
EVT-CON-1215,Caravan Route Pestilence in United States,1979,contemporary,pandemic,North America,United States,CHR-CON-1215,13339.9,0.414,0.112,0.5306,0.702,65.9,0.6805,81,9.2,0.7121,459.8,44.4,0.6658,0.7229,0.673,0.3078,0.528,0.3964,0.5256,-0.3265,0.924,0.7488,0.658245,RMD,BRACKET_MEDIUM,false,true,0.56430738,0.57917168,0.91162064,,0.39,false
EVT-CON-1216,Provincial Autonomy Insurgency against People's Republic of China,2002,contemporary,revolution,East Asia,People's Republic of China,CHR-CON-1216,36776.8,0.607,0.132,0.6774,0.671,73.9,0.705,61.2,15.2,0.5349,226.5,63.7,0.711,0.6857,0.512,0.2963,0.5124,0.6317,0.5276,-0.054,0.3796,0.4665,0.767658,RMD,BRACKET_HIGH,true,false,0.29199664,0.41311116,0.47723205,,0.4033,false
EVT-CON-1217,Dynastic Disintegration of People's Republic of China,1979,contemporary,collapse,East Asia,People's Republic of China,CHR-CON-1217,21654.8,0.294,0.146,0.6312,0.438,71.2,0.575,64,10.4,0.5362,180.6,40.6,0.5791,0.656,0.577,0.2528,0.2849,0.3667,0.4275,-0.2893,0.7387,0.7095,0.62311,CMN,BRACKET_BASE,false,true,0.7005,0.5972500000000001,0.960125,,0.3822,false
EVT-CON-1218,Borderlands Pacification of Republic of India,2006,contemporary,war,South Asia,Republic of India,CHR-CON-1218,6012.6,0.35,0.528,0.3592,0.409,67.8,0.5435,62.4,24.8,0.6054,533.8,58.9,0.7491,0.6307,0.5874,0.2968,0.4657,0.6737,0.5309,0.043,0.4395,0.5369,0.781878,RMD,BRACKET_HIGH,true,false,0.29999412,0.40559148,0.45110743999999997,,0.4024,false
EVT-CON-1219,Grain Market Price Shock across Republic of India,1953,contemporary,economic,South Asia,Republic of India,CHR-CON-1219,23077.6,0.63,0.393,0.4691,0.376,70.8,0.542,57.1,29.3,0.5753,269.9,56.4,0.6872,0.617,0.5525,0.4474,0.5961,0.544,0.5514,-0.073,0.3021,0.507,0.681728,RMD,BRACKET_MEDIUM,false,false,0.36242148,0.5463975000000001,0.69817062,,0.325,false
EVT-CON-1220,Frontier Campaign of Japan,2022,contemporary,war,East Asia,Japan,CHR-CON-1220,10540.2,0.262,0.806,0.3429,0.694,71.5,0.7045,74.5,15.7,0.6811,475.8,55.5,0.7237,0.6322,0.5225,0.2135,0.3934,0.7121,0.4947,0.0799,0.4587,0.5285,0.497647,CMN,BRACKET_BASE,false,true,0.5086117400000001,0.43546292000000003,0.47134272000000005,,0.3918,false
EVT-CON-1221,Agrarian Restructuring of United States,2026,contemporary,transformation,North America,United States,CHR-CON-1221,6469.4,0.485,0.732,0.2616,0.441,94.8,0.6945,70,30.7,0.7227,406.9,72.1,0.7954,0.4994,0.5454,0.4391,0.6362,0.626,0.5492,0.1266,0.2819,0.517,0.751526,RMD,BRACKET_HIGH,true,false,0.37846147999999996,0.38438018,0.38081550000000003,,0.321,false
EVT-CON-1222,Peasant Rebellion against Republic of India,1998,contemporary,revolution,South Asia,Republic of India,CHR-CON-1222,21525.7,0.619,0.532,0.4167,0.739,86.6,0.8025,76.2,29.3,0.781,90.4,57.5,0.6135,0.7517,0.574,0.3725,0.5804,0.4732,0.5504,-0.2785,0.4843,0.6014,0.632611,RMD,BRACKET_MEDIUM,false,true,0.31532236999999996,0.40927356000000004,0.5710590600000001,,0.3831,false
EVT-CON-1223,Temple Bureaucracy Reorganization of United States,1971,contemporary,religious,North America,United States,CHR-CON-1223,33726.7,0.393,0.465,0.6143,0.689,80.5,0.747,61.3,20,0.5648,531.5,79.6,0.8523,0.6525,0.6296,0.5286,0.6567,0.5634,0.6062,-0.0891,0.2927,0.4624,0.622829,CMN,BRACKET_BASE,false,true,0.5097543000000001,0.56,0.748625,,0.2972,false
EVT-CON-1224,Coalition Defense of Middle East & North Africa (MENA),1994,contemporary,war,Middle East,Middle East & North Africa (MENA),CHR-CON-1224,46120.7,0.604,0.205,0.7404,0.609,70.2,0.6555,62.8,17,0.5629,488.1,84.8,0.8721,0.7275,0.6388,0.294,0.3883,0.8656,0.5828,0.1381,0.5988,0.5605,0.577771,CMN,BRACKET_BASE,false,true,0.47273980000000004,0.65853652,0.7402002299999999,,0.3957,false
EVT-CON-1225,Epidemic Fever Outbreak across Latin America (Mercosur/Alliance),1951,contemporary,pandemic,Latin America,Latin America (Mercosur/Alliance),CHR-CON-1225,35384.8,0.634,0.872,0.4348,0.303,82.7,0.565,73.2,22.3,0.7067,102.3,72.4,0.697,0.6437,0.5828,0.2325,0.4174,0.6856,0.5124,0.0419,0.6629,0.5624,0.811505,RMD,BRACKET_HIGH,true,false,0.34022076,0.4237828,0.481081,,0.4005,false
EVT-CON-1226,Printing & Communications Diffusion in People's Republic of China,1969,contemporary,technological,East Asia,People's Republic of China,CHR-CON-1226,42499.2,0.54,0.268,0.7082,0.317,85.6,0.5865,76.3,32,0.7983,317.2,70.2,0.7679,0.635,0.659,0.7425,0.8274,0.9422,0.7612,0.3072,0.2604,0.547,0.866908,RMD,BRACKET_HIGH,true,false,0.12094179999999999,0.39692191,0.3761478,,0.3214,false
EVT-CON-1227,Respiratory Virulence Wave across USSR / Russian Federation,2018,contemporary,pandemic,Eurasia,USSR / Russian Federation,CHR-CON-1227,32587,0.365,0.474,0.6098,0.234,78.3,0.5085,69.8,8.9,0.5897,81.9,45.2,0.5449,0.585,0.5102,0.0986,0.3426,0.2305,0.3534,-0.3545,0.8423,0.7758,0.621536,CMN,BRACKET_BASE,false,true,0.687792,0.5065544,0.8617704,,0.4058,false
EVT-CON-1228,Synod Monotheistic Mandate in Japan,1987,contemporary,religious,East Asia,Japan,CHR-CON-1228,22205,0.407,0.502,0.4954,0.769,78.9,0.779,72.9,30.6,0.7533,176,41.5,0.5818,0.6454,0.6311,0.5252,0.6357,0.8864,0.6648,0.241,0.3034,0.5318,0.610716,CMN,BRACKET_BASE,false,true,0.49193832,0.5825,0.59275,,0.3708,false
EVT-CON-1229,Provincial Autonomy Insurgency against People's Republic of China,1998,contemporary,revolution,East Asia,People's Republic of China,CHR-CON-1229,14986.3,0.361,0.396,0.4761,0.254,74.4,0.499,59,29.1,0.5946,151.6,81.6,0.7714,0.5726,0.4071,0.1963,0.3298,0.4323,0.3876,-0.1403,0.7622,0.6609,0.714485,RMD,BRACKET_HIGH,false,false,0.5319920499999999,0.50672402,0.7907177400000001,,0.3942,false
EVT-CON-1230,Navigational Instrument Reform in European Union / Western Europe,1970,contemporary,technological,Europe,European Union / Western Europe,CHR-CON-1230,21135.8,0.596,0.496,0.4309,0.812,97.9,0.8955,64.1,28.6,0.6465,236.7,41.8,0.6047,0.5533,0.607,0.6974,0.846,0.7542,0.6916,0.2009,0.4655,0.5589,0.566124,CMN,BRACKET_BASE,false,true,0.36157483999999995,0.5636043000000001,0.70970274,,0.2878,false
EVT-CON-1231,Astronomical Standardization by Global Transnational Institutions,1948,contemporary,technological,Global,Global Transnational Institutions,CHR-CON-1231,44578,0.413,0.894,0.5771,0.47,68.2,0.576,83.5,8.9,0.7372,239.1,83.7,0.8149,0.6079,0.6607,0.7335,0.829,0.7574,0.7177,0.1495,0.3824,0.5228,0.583843,CMN,BRACKET_BASE,false,true,0.35943075999999996,0.38520109,0.45608312,,0.2738,false
EVT-CON-1232,Frontier Campaign of Southeast Asia (ASEAN),1950,contemporary,war,Southeast Asia,Southeast Asia (ASEAN),CHR-CON-1232,9904.6,0.386,0.219,0.4761,0.489,67.7,0.583,74.8,10.7,0.6544,546.6,53.2,0.7223,0.6614,0.5655,0.2697,0.4044,0.4357,0.4673,-0.2257,0.6394,0.6547,0.701841,RMD,BRACKET_HIGH,false,false,0.46445805000000007,0.41717312,0.58555378,,0.3875,false
EVT-CON-1233,Navigational Instrument Reform in Republic of India,1993,contemporary,technological,South Asia,Republic of India,CHR-CON-1233,29968.5,0.27,0.226,0.6891,0.467,78.9,0.628,76.2,29,0.7792,87.4,59.6,0.6216,0.5982,0.6388,0.7112,0.8335,0.7726,0.7109,0.1744,0.3444,0.4958,0.648577,RMD,BRACKET_MEDIUM,false,true,0.3245266,0.566,0.7063750000000001,,0.2812,false
EVT-CON-1234,Maritime Hegemony Clash in People's Republic of China,1972,contemporary,war,East Asia,People's Republic of China,CHR-CON-1234,17049.2,0.478,0.459,0.4407,0.671,73.7,0.704,75.9,28.1,0.7706,543.9,56.5,0.7384,0.6409,0.5872,0.3336,0.3921,0.6528,0.5213,0.0119,0.3968,0.4483,0.784435,RMD,BRACKET_HIGH,true,false,0.40613987999999995,0.52737825,0.68281164,,0.4006,false
EVT-CON-1235,Mechanical Power Harnessing in USSR / Russian Federation,2011,contemporary,technological,Eurasia,USSR / Russian Federation,CHR-CON-1235,44322.4,0.484,0.676,0.6189,0.496,98.7,0.7415,73.7,20.7,0.7025,572.1,82.8,0.8736,0.6388,0.6697,0.7306,0.8362,0.7609,0.7272,0.1221,0.3946,0.4851,0.72916,RMD,BRACKET_HIGH,false,false,0.227375,0.562125,0.72325,,0.2718,false
EVT-CON-1236,Navigational Instrument Reform in Southeast Asia (ASEAN),2008,contemporary,technological,Southeast Asia,Southeast Asia (ASEAN),CHR-CON-1236,45375.8,0.305,0.846,0.6311,0.566,72.8,0.647,55.5,22.8,0.5191,76,71.2,0.6695,0.536,0.5822,0.6302,0.7211,0.6776,0.6294,0.1416,0.4874,0.5587,0.693853,RMD,BRACKET_MEDIUM,false,false,0.33098075999999993,0.549625,0.73725,,0.2682,false
EVT-CON-1237,Mercantile Tariff Overhaul across USSR / Russian Federation,2016,contemporary,economic,Eurasia,USSR / Russian Federation,CHR-CON-1237,5102.4,0.356,0.211,0.4443,0.251,93.6,0.5935,72.2,16.3,0.66,394.6,46,0.6627,0.6465,0.5831,0.4333,0.5907,0.8344,0.6176,0.1879,0.6087,0.629,0.584463,CMN,BRACKET_BASE,false,true,0.392904,0.39481943999999997,0.4181786,,0.3905,false
EVT-CON-1238,Metallurgical Innovation Surge in United States,1964,contemporary,technological,North America,United States,CHR-CON-1238,22661.9,0.55,0.456,0.4704,0.221,67.8,0.4495,78.2,25,0.7768,198.8,75,0.7581,0.567,0.6187,0.667,0.7836,0.7406,0.6754,0.1736,0.273,0.5375,0.773584,RMD,BRACKET_HIGH,true,false,0.1724645,0.39038863,0.424886,,0.2813,false
EVT-CON-1239,Succession Conflict of European Union / Western Europe,2013,contemporary,war,Europe,European Union / Western Europe,CHR-CON-1239,40885.1,0.272,0.745,0.6309,0.68,89.6,0.788,69.3,18.2,0.6401,509,64.5,0.7736,0.7144,0.6493,0.338,0.4689,0.619,0.5579,-0.0954,0.328,0.4547,0.732132,RMD,BRACKET_HIGH,true,false,0.31963666,0.52420555,0.7248595899999999,,0.4021,false
EVT-CON-1240,Fiscal Modernization in Southeast Asia (ASEAN),1963,contemporary,transformation,Southeast Asia,Southeast Asia (ASEAN),CHR-CON-1240,43282.5,0.647,0.58,0.5895,0.658,83.9,0.7485,64.3,13.6,0.5587,491.5,54.2,0.7196,0.564,0.6052,0.4989,0.733,0.863,0.6528,0.299,0.2505,0.5696,0.594574,CMN,BRACKET_BASE,false,true,0.39402557999999993,0.5798749999999999,0.560125,,0.3597,false
EVT-CON-1241,Educational Charter of Global Transnational Institutions,1997,contemporary,transformation,Global,Global Transnational Institutions,CHR-CON-1241,30399.7,0.453,0.696,0.4971,0.547,79.8,0.6725,82.7,29.4,0.8516,343.2,70,0.7726,0.6253,0.6887,0.5685,0.7549,0.8937,0.7062,0.2684,0.2135,0.5251,0.692297,RMD,BRACKET_MEDIUM,false,false,0.26859299999999997,0.5622255,0.5068190400000001,,0.3522,false
EVT-CON-1242,Silver Flotilla Currency Shock in Global Transnational Institutions,1960,contemporary,economic,Global,Global Transnational Institutions,CHR-CON-1242,18099.4,0.42,0.873,0.3433,0.223,98.8,0.6055,59.9,9.7,0.4879,436.5,63.9,0.7595,0.5103,0.4581,0.3291,0.4728,0.3627,0.4266,-0.1476,0.2778,0.5636,0.682201,RMD,BRACKET_MEDIUM,false,false,0.47117616000000007,0.556125,0.788625,,0.319,false
EVT-CON-1243,Pantheon Reformation of Republic of India,1966,contemporary,religious,South Asia,Republic of India,CHR-CON-1243,39658.3,0.303,0.653,0.6382,0.526,89.9,0.7125,74.7,22.5,0.7241,112,76.1,0.722,0.7042,0.7074,0.5418,0.606,0.8131,0.6745,0.1089,0.4206,0.4827,0.587002,CMN,BRACKET_BASE,false,true,0.40447365,0.49529635000000005,0.59898902,,0.3654,false
EVT-CON-1244,Epidemic Fever Outbreak across Sub-Saharan Africa,1981,contemporary,pandemic,Africa,Sub-Saharan Africa,CHR-CON-1244,8940.2,0.263,0.305,0.4785,0.285,68.5,0.485,56.9,8.6,0.449,558.6,79.5,0.8554,0.6075,0.5818,0.2986,0.486,0.26,0.4468,-0.3475,0.7805,0.8009,0.607441,CMN,BRACKET_BASE,false,true,0.5543834400000001,0.40512386999999994,0.6237811200000001,,0.3662,false
EVT-CON-1245,Maritime Trade Hub Expansion in European Union / Western Europe,2008,contemporary,economic,Europe,European Union / Western Europe,CHR-CON-1245,36029.9,0.498,0.501,0.5927,0.755,75.6,0.7555,69.6,18.1,0.6428,236,51.1,0.651,0.6204,0.5842,0.4797,0.5999,0.6023,0.5773,-0.0181,0.5834,0.487,0.514765,CMN,BRACKET_BASE,false,true,0.51141123,0.5573750000000001,0.7658750000000001,,0.3194,false
EVT-CON-1246,Fiscal Default Crisis in USSR / Russian Federation,2001,contemporary,collapse,Eurasia,USSR / Russian Federation,CHR-CON-1246,40730.1,0.534,0.108,0.7421,0.768,94.9,0.8585,82,11.3,0.7355,109.5,71.6,0.6979,0.8109,0.7285,0.4094,0.4471,0.4537,0.5699,-0.3572,0.6057,0.6239,0.649665,RMD,BRACKET_MEDIUM,false,true,0.34502523999999996,0.53438049,0.9111690000000001,,0.3646,false
EVT-CON-1247,Imperial Unification of Japan,2008,contemporary,transformation,East Asia,Japan,CHR-CON-1247,42011,0.489,0.361,0.6912,0.414,78.7,0.6005,74.6,22.4,0.7224,308.3,81.4,0.8218,0.6292,0.6748,0.5823,0.8225,0.8021,0.7022,0.1729,0.2394,0.4811,0.838987,RMD,BRACKET_HIGH,true,false,0.13368812,0.38626372,0.34518822000000005,,0.3275,false
EVT-CON-1248,Imperial Unification of Republic of India,1972,contemporary,transformation,South Asia,Republic of India,CHR-CON-1248,6100.8,0.331,0.77,0.2931,0.685,83.3,0.759,74.1,19.5,0.6996,178.3,60.7,0.6787,0.4922,0.5644,0.4925,0.6378,0.6836,0.5741,0.1914,0.3,0.5456,0.732979,RMD,BRACKET_HIGH,true,false,0.27615226,0.540319,0.53679908,,0.316,false
EVT-CON-1249,Monastic Network Expansion of Sub-Saharan Africa,1971,contemporary,religious,Africa,Sub-Saharan Africa,CHR-CON-1249,6669.2,0.448,0.209,0.4314,0.556,81.8,0.687,63.1,19.1,0.5788,284.3,85.2,0.835,0.6169,0.6727,0.5164,0.5701,0.6601,0.6072,0.0432,0.212,0.4517,0.786275,RMD,BRACKET_HIGH,true,false,0.2004254,0.39132223,0.40742015,,0.32,false
EVT-CON-1250,Treaty System Implementation across Latin America (Mercosur/Alliance),1982,contemporary,transformation,Latin America,Latin America (Mercosur/Alliance),CHR-CON-1250,21122.5,0.367,0.425,0.5208,0.438,68.7,0.5625,58,9.3,0.465,531.1,53.1,0.7197,0.489,0.5173,0.4236,0.5799,0.6371,0.5294,0.1481,0.2167,0.5319,0.859688,RMD,BRACKET_HIGH,true,false,0.2743118,0.39227302,0.37450728,,0.3235,false
EVT-CON-1251,Printing & Communications Diffusion in Sub-Saharan Africa,1957,contemporary,technological,Africa,Sub-Saharan Africa,CHR-CON-1251,31945.3,0.525,0.154,0.652,0.727,91.7,0.822,62.3,24.5,0.6025,369,62.2,0.7388,0.6205,0.677,0.7768,0.928,0.9664,0.7937,0.3459,0.1856,0.5517,0.801826,RMD,BRACKET_HIGH,true,false,0.30463641,0.49523704999999996,0.55451982,,0.3232,false
EVT-CON-1252,Guild Monopoly Reform in Republic of India,2002,contemporary,economic,South Asia,Republic of India,CHR-CON-1252,15964.2,0.386,0.485,0.4507,0.358,86.5,0.6115,56.8,28.1,0.5649,479.8,56.8,0.7308,0.5464,0.4766,0.2749,0.3382,0.5761,0.4424,0.0297,0.4775,0.5213,0.648891,RMD,BRACKET_MEDIUM,false,true,0.49748118,0.58525,0.7430000000000001,,0.3915,false
EVT-CON-1253,Systemic Governance Breakdown in European Union / Western Europe,1955,contemporary,collapse,Europe,European Union / Western Europe,CHR-CON-1253,22586.8,0.535,0.642,0.4185,0.664,92.5,0.7945,66.2,30.5,0.6805,535.5,82.7,0.8683,0.7597,0.681,0.4026,0.4873,0.3329,0.5327,-0.4268,0.7963,0.7755,0.412426,CMN,BRACKET_BASE,false,true,0.53446932,0.4164322,0.6470866000000001,,0.3696,false
EVT-CON-1254,Grain Market Price Shock across Middle East & North Africa (MENA),1998,contemporary,economic,Middle East,Middle East & North Africa (MENA),CHR-CON-1254,38320.7,0.509,0.586,0.5845,0.339,86.3,0.601,74.4,26.6,0.7454,322.9,76.1,0.7987,0.6541,0.6077,0.4053,0.5502,0.4966,0.5428,-0.1575,0.406,0.5269,0.630651,RMD,BRACKET_MEDIUM,false,true,0.34607508,0.39065975000000003,0.5065174800000001,,0.3482,false
EVT-CON-1255,Orthodoxy & Heresy Trial Wave in Republic of India,2017,contemporary,religious,South Asia,Republic of India,CHR-CON-1255,43625.9,0.33,0.652,0.6661,0.524,80.8,0.666,70.2,25.8,0.6954,535.8,70,0.8048,0.6673,0.6634,0.4652,0.6065,0.5395,0.5884,-0.1278,0.2939,0.4684,0.548047,CMN,BRACKET_BASE,false,true,0.43757572,0.4919937,0.7066731599999999,,0.3325,false
EVT-CON-1256,Harbor Incursion Sickness in People's Republic of China,1957,contemporary,pandemic,East Asia,People's Republic of China,CHR-CON-1256,12128.3,0.439,0.886,0.2801,0.705,73.1,0.718,82.1,23.4,0.8092,424.9,60.4,0.74,0.7005,0.6407,0.2321,0.4396,0.4889,0.5004,-0.2116,0.8624,0.6888,0.772153,RMD,BRACKET_HIGH,true,false,0.41354948999999996,0.43179762,0.58157708,,0.405,false
EVT-CON-1257,Fiscal Modernization in Global Transnational Institutions,1976,contemporary,transformation,Global,Global Transnational Institutions,CHR-CON-1257,4396.7,0.324,0.218,0.4455,0.518,97.8,0.748,67,16,0.6022,102.3,43.1,0.5505,0.5245,0.6042,0.5531,0.686,0.8272,0.639,0.3027,0.2026,0.5748,0.737697,RMD,BRACKET_HIGH,true,false,0.26520884,0.39424945000000006,0.3238144,,0.3371,false
EVT-CON-1258,Bureaucratic Consolidation of Japan,1946,contemporary,transformation,East Asia,Japan,CHR-CON-1258,11958.7,0.462,0.677,0.3343,0.252,90.3,0.5775,64.2,18.4,0.5864,271.6,66.2,0.7367,0.4962,0.5748,0.4825,0.6304,0.7821,0.5932,0.2859,0.1028,0.5854,0.671245,RMD,BRACKET_MEDIUM,false,true,0.45961103999999997,0.5502591,0.46022859,,0.3427,false
EVT-CON-1259,Civic Restoration Revolt in United States,1988,contemporary,revolution,North America,United States,CHR-CON-1259,14275.2,0.411,0.33,0.4746,0.654,97.3,0.8135,64.1,14.5,0.5619,502,77.4,0.8371,0.6839,0.5623,0.2542,0.493,0.5955,0.5178,-0.0884,0.5409,0.5355,0.522191,CMN,BRACKET_BASE,false,true,0.55628784,0.5229018499999999,0.7619165,,0.4042,false
EVT-CON-1260,Strategic Siege of Sub-Saharan Africa,2001,contemporary,war,Africa,Sub-Saharan Africa,CHR-CON-1260,8812.6,0.638,0.697,0.2473,0.62,95,0.785,72.8,23.4,0.709,548,81.8,0.8655,0.6677,0.6257,0.3165,0.4871,0.7041,0.5602,0.0364,0.3567,0.4776,0.755005,RMD,BRACKET_HIGH,true,false,0.26704448000000003,0.5218554,0.6587669,,0.4045,false
EVT-CON-1261,Imperial Unification of Republic of India,2020,contemporary,transformation,South Asia,Republic of India,CHR-CON-1261,28531.9,0.596,0.673,0.4443,0.813,99,0.9015,73.9,31.5,0.7695,380.5,52.4,0.6921,0.5868,0.6585,0.5094,0.6929,0.7088,0.6313,0.122,0.2548,0.4423,0.64027,RMD,BRACKET_MEDIUM,false,true,0.3303926,0.55529939,0.57343255,,0.3334,false
EVT-CON-1262,Bureaucratic Consolidation of Republic of India,2007,contemporary,transformation,South Asia,Republic of India,CHR-CON-1262,40364.8,0.412,0.793,0.5699,0.288,90.2,0.595,71.6,20.3,0.6775,535.7,81.7,0.8633,0.6104,0.6333,0.5711,0.7828,0.7977,0.6791,0.1873,0.1854,0.5011,0.866432,RMD,BRACKET_HIGH,true,false,0.15077061,0.38451328,0.33123948000000003,,0.3233,false
EVT-CON-1263,Grain Market Price Shock across USSR / Russian Federation,2025,contemporary,economic,Eurasia,USSR / Russian Federation,CHR-CON-1263,28051.1,0.554,0.118,0.6191,0.78,86.7,0.8235,78,16.2,0.7218,333.9,67.3,0.7571,0.6892,0.6646,0.5344,0.6391,0.5295,0.6114,-0.1597,0.4728,0.5098,0.556888,CMN,BRACKET_BASE,false,true,0.40452159000000004,0.38768288,0.50874,,0.3103,false
EVT-CON-1264,Peasant Rebellion against Middle East & North Africa (MENA),1948,contemporary,revolution,Middle East,Middle East & North Africa (MENA),CHR-CON-1264,28816.7,0.547,0.834,0.4133,0.681,81.4,0.7475,75.7,23.1,0.7384,435,64.8,0.7637,0.7075,0.5461,0.1614,0.3801,0.8643,0.5319,0.1568,0.4752,0.5486,0.597263,CMN,BRACKET_BASE,false,true,0.4607614,0.6836939900000001,0.7449614800000001,,0.4126,false
EVT-CON-1265,Agricultural Plague Wave in Latin America (Mercosur/Alliance),1996,contemporary,pandemic,Latin America,Latin America (Mercosur/Alliance),CHR-CON-1265,44618.5,0.456,0.439,0.7011,0.757,87.1,0.814,62.8,22.2,0.5941,268.4,62.7,0.7183,0.7898,0.7551,0.2921,0.482,0.757,0.6152,-0.0328,0.7432,0.5171,0.36334,CMN,BRACKET_BASE,false,true,0.63276478,0.57832515,0.7511941,,0.3945,false
EVT-CON-1266,Navigational Instrument Reform in Global Transnational Institutions,1972,contemporary,technological,Global,Global Transnational Institutions,CHR-CON-1266,23927.5,0.546,0.193,0.5619,0.806,70.3,0.7545,82.6,17.8,0.781,495.3,59.2,0.7451,0.6657,0.7211,0.8259,0.979,0.8134,0.801,0.1477,0.1806,0.4403,0.613979,CMN,BRACKET_BASE,false,true,0.21141822000000002,0.5062467199999999,0.6559966800000001,,0.2875,false
EVT-CON-1267,Military Coup d’État in Republic of India,2023,contemporary,revolution,South Asia,Republic of India,CHR-CON-1267,10151.2,0.431,0.877,0.2674,0.747,74.7,0.747,83.5,20.8,0.8086,576.9,40.2,0.6612,0.7061,0.6112,0.3557,0.4725,0.7264,0.5744,0.0203,0.7897,0.5649,0.688158,RMD,BRACKET_MEDIUM,false,false,0.43235667,0.41646042,0.48570040000000003,,0.4034,false
EVT-CON-1268,Grain Market Price Shock across Republic of India,2011,contemporary,economic,South Asia,Republic of India,CHR-CON-1268,37800,0.648,0.579,0.5402,0.649,74.1,0.695,55.3,23.2,0.5194,303.4,43.3,0.6302,0.5573,0.469,0.322,0.4108,0.6497,0.4818,0.0924,0.4955,0.5406,0.73536,RMD,BRACKET_HIGH,true,false,0.445222,0.4022844,0.43400311999999996,,0.3881,false
EVT-CON-1269,Caravan Route Pestilence in USSR / Russian Federation,1948,contemporary,pandemic,Eurasia,USSR / Russian Federation,CHR-CON-1269,17556.1,0.515,0.757,0.3447,0.23,75.4,0.492,60,23,0.5688,410.8,53.7,0.7041,0.5782,0.5323,0.0962,0.2021,0.4963,0.381,-0.0819,0.7057,0.6398,0.565924,CMN,BRACKET_BASE,false,true,0.57709122,0.42875224999999995,0.51007491,,0.4051,false
EVT-CON-1270,Constitutional Reorganization of Global Transnational Institutions,1983,contemporary,transformation,Global,Global Transnational Institutions,CHR-CON-1270,27622,0.546,0.581,0.4787,0.677,79.4,0.7355,84.3,13.1,0.7711,122.7,45.7,0.5766,0.5823,0.6528,0.5883,0.7739,0.7685,0.6732,0.1862,0.2202,0.4878,0.439848,CMN,BRACKET_BASE,false,true,0.5747421699999999,0.56575,0.559375,,0.3151,false
EVT-CON-1271,Agricultural Plague Wave in Latin America (Mercosur/Alliance),1947,contemporary,pandemic,Latin America,Latin America (Mercosur/Alliance),CHR-CON-1271,33007.2,0.32,0.529,0.6105,0.641,85.1,0.746,72.5,30.4,0.7478,520.5,65.7,0.7812,0.77,0.705,0.2091,0.4189,0.8102,0.5826,0.0402,0.632,0.4941,0.586308,CMN,BRACKET_BASE,false,true,0.4247082,0.47925861,0.49279514999999996,,0.4089,false
EVT-CON-1272,Frontier Fragmentation of People's Republic of China,1946,contemporary,collapse,East Asia,People's Republic of China,CHR-CON-1272,36092.4,0.52,0.373,0.6251,0.208,84.5,0.5265,78.2,22.5,0.7618,372.6,49.4,0.6755,0.6984,0.6372,0.3027,0.3297,0.3458,0.4628,-0.3526,0.6897,0.7058,0.691271,RMD,BRACKET_MEDIUM,false,false,0.48011976,0.608625,1,,0.3641,false
EVT-CON-1273,Popular Uprising of People's Republic of China,1971,contemporary,revolution,East Asia,People's Republic of China,CHR-CON-1273,15232.6,0.468,0.232,0.4955,0.295,85.7,0.576,59.5,17.1,0.528,544.1,83.4,0.8729,0.697,0.53,0.1855,0.3742,0.3875,0.4348,-0.3095,0.7119,0.7352,0.806688,RMD,BRACKET_HIGH,true,false,0.46813023,0.40977776,0.5791726,,0.401,false
EVT-CON-1274,Imperial Annexation War in Latin America (Mercosur/Alliance),1946,contemporary,war,Latin America,Latin America (Mercosur/Alliance),CHR-CON-1274,44221.5,0.405,0.544,0.6813,0.61,76.6,0.688,80,21.1,0.7728,305.6,74.3,0.7857,0.7347,0.6651,0.4737,0.6419,0.5088,0.6048,-0.2259,0.6292,0.588,0.779241,RMD,BRACKET_HIGH,true,false,0.23380524,0.39678431999999997,0.5572536600000001,,0.3447,false
EVT-CON-1275,Borderlands Pacification of Latin America (Mercosur/Alliance),1977,contemporary,war,Latin America,Latin America (Mercosur/Alliance),CHR-CON-1275,4565.7,0.264,0.239,0.4587,0.526,67.4,0.6,69,28.6,0.6993,552.6,82.4,0.8691,0.6729,0.5898,0.2788,0.3582,0.6526,0.5105,-0.0203,0.4578,0.4917,0.569627,CMN,BRACKET_BASE,false,true,0.41205453000000003,0.42117084,0.48248551,,0.408,false
EVT-CON-1276,Dynastic Disintegration of USSR / Russian Federation,2014,contemporary,collapse,Eurasia,USSR / Russian Federation,CHR-CON-1276,20873.6,0.402,0.357,0.5285,0.64,66.4,0.652,57.7,23.4,0.5464,250.5,62.7,0.7133,0.7151,0.6612,0.3353,0.394,0.395,0.5001,-0.3201,0.735,0.7276,0.508311,CMN,BRACKET_BASE,false,true,0.53107026,0.40622019000000004,0.59939142,,0.3631,false
EVT-CON-1277,Guild Monopoly Reform in European Union / Western Europe,2022,contemporary,economic,Europe,European Union / Western Europe,CHR-CON-1277,40929.8,0.534,0.89,0.5092,0.236,93.7,0.5865,70.4,9.6,0.6004,402.3,81.7,0.8426,0.7119,0.6878,0.5459,0.6054,0.8437,0.6789,0.1318,0.6356,0.6057,0.767138,RMD,BRACKET_HIGH,true,false,0.37481766,0.5581002899999999,0.64742194,,0.3681,false
EVT-CON-1278,Synod Monotheistic Mandate in People's Republic of China,1990,contemporary,religious,East Asia,People's Republic of China,CHR-CON-1278,11339.8,0.337,0.38,0.4554,0.256,81,0.533,59.6,11.7,0.4967,210.9,50.4,0.6393,0.5191,0.5958,0.482,0.6357,0.5783,0.5622,0.0592,0.4967,0.5634,0.488883,CMN,BRACKET_BASE,false,true,0.61051309,0.47278307999999997,0.63387845,,0.291,false
EVT-CON-1279,Provincial Autonomy Insurgency against Republic of India,2026,contemporary,revolution,South Asia,Republic of India,CHR-CON-1279,11769.5,0.366,0.437,0.4334,0.403,91,0.6565,62.1,28.2,0.6226,491.3,76.3,0.8301,0.6494,0.5065,0.2669,0.538,0.4451,0.4812,-0.2043,0.4217,0.5889,0.479361,CMN,BRACKET_BASE,false,true,0.44683448,0.4056001,0.53896383,,0.3976,false
EVT-CON-1280,Sanitation & Medical Breakthrough in Republic of India,1979,contemporary,technological,South Asia,Republic of India,CHR-CON-1280,32180.1,0.394,0.804,0.4984,0.776,92.8,0.852,64.1,13.5,0.5559,163.5,64.9,0.6934,0.5678,0.6263,0.71,0.8509,0.8465,0.7203,0.2787,0.4659,0.611,0.77498,RMD,BRACKET_HIGH,true,false,0.38647145,0.49295499,0.64515634,,0.3073,false
EVT-CON-1281,Mechanical Power Harnessing in People's Republic of China,2005,contemporary,technological,East Asia,People's Republic of China,CHR-CON-1281,43598.4,0.346,0.245,0.7831,0.476,88.8,0.682,68.5,28.3,0.6921,74.3,72.7,0.6753,0.614,0.6383,0.7267,0.8152,0.9159,0.742,0.3019,0.163,0.5102,0.768091,RMD,BRACKET_HIGH,true,false,0.16405013999999998,0.3912024,0.35762202,,0.3197,false
EVT-CON-1282,Guild Monopoly Reform in Sub-Saharan Africa,2007,contemporary,economic,Africa,Sub-Saharan Africa,CHR-CON-1282,12081.3,0.347,0.764,0.3438,0.676,82,0.748,79.4,13.6,0.7213,410.2,78.6,0.8285,0.6639,0.5859,0.4368,0.578,0.8034,0.6136,0.1395,0.5353,0.5672,0.711627,RMD,BRACKET_HIGH,false,false,0.40754287,0.40645346,0.42433902,,0.3905,false
EVT-CON-1283,Frontier Campaign of United States,1996,contemporary,war,North America,United States,CHR-CON-1283,22483.2,0.327,0.452,0.5369,0.4,98.8,0.694,62.5,10.6,0.5213,86.7,78.6,0.716,0.6162,0.5097,0.2924,0.4202,0.3387,0.4354,-0.2775,0.525,0.6483,0.649816,RMD,BRACKET_MEDIUM,false,true,0.45914211000000005,0.5795,0.928625,,0.3542,false
EVT-CON-1284,Agricultural Plague Wave in Latin America (Mercosur/Alliance),2020,contemporary,pandemic,Latin America,Latin America (Mercosur/Alliance),CHR-CON-1284,17827.2,0.291,0.369,0.5308,0.204,73,0.467,61.7,10.9,0.5145,216.2,78.4,0.7811,0.5985,0.5685,0.2381,0.372,0.556,0.4666,-0.0425,0.8659,0.6426,0.361166,CMN,BRACKET_BASE,false,true,0.6366893400000001,0.56281736,0.75395936,,0.4016,false
EVT-CON-1285,Orthodoxy & Heresy Trial Wave in USSR / Russian Federation,1981,contemporary,religious,Eurasia,USSR / Russian Federation,CHR-CON-1285,16306.7,0.286,0.863,0.3704,0.781,68,0.7305,73.5,9.2,0.6314,557.8,79.1,0.8532,0.6472,0.6536,0.5007,0.5782,0.8341,0.6428,0.1869,0.472,0.5891,0.555245,CMN,BRACKET_BASE,false,true,0.46208498,0.49053232,0.57425868,,0.3718,false
EVT-CON-1286,Navigational Instrument Reform in People's Republic of China,1945,contemporary,technological,East Asia,People's Republic of China,CHR-CON-1286,21693.9,0.529,0.478,0.4614,0.565,67.1,0.618,82.7,30.8,0.86,142.9,83.9,0.7787,0.5833,0.6133,0.7106,0.8401,0.8422,0.7179,0.2589,0.4551,0.5927,0.657623,RMD,BRACKET_MEDIUM,false,true,0.3185875,0.38656539,0.42793020000000004,,0.3041,false
EVT-CON-1287,Hydraulic Engineering Grid in European Union / Western Europe,1976,contemporary,technological,Europe,European Union / Western Europe,CHR-CON-1287,18729.9,0.361,0.563,0.4597,0.75,81.5,0.7825,83.2,19.8,0.7994,142.5,60.9,0.6635,0.5774,0.626,0.7317,0.8347,0.8194,0.7178,0.242,0.2301,0.512,0.773928,RMD,BRACKET_HIGH,true,false,0.23787216,0.37964385,0.41047500000000003,,0.2926,false
EVT-CON-1288,Hydraulic Engineering Grid in European Union / Western Europe,1992,contemporary,technological,Europe,European Union / Western Europe,CHR-CON-1288,19956.9,0.38,0.314,0.5397,0.783,82.7,0.805,62.9,28.9,0.6354,298.1,39.7,0.6109,0.5479,0.5729,0.6294,0.7232,0.8029,0.6553,0.255,0.3747,0.5644,0.809786,RMD,BRACKET_HIGH,true,false,0.29951152000000003,0.5585,0.6348750000000001,,0.3111,false
EVT-CON-1289,Canal Infrastructure Boom in Southeast Asia (ASEAN),1994,contemporary,economic,Southeast Asia,Southeast Asia (ASEAN),CHR-CON-1289,15294.2,0.595,0.293,0.4396,0.837,99.1,0.914,81.2,21.4,0.7875,138.8,79.8,0.7561,0.7957,0.7388,0.5767,0.7289,0.9338,0.7548,0.1381,0.392,0.4814,0.624713,CMN,BRACKET_BASE,false,true,0.38035746000000004,0.52357408,0.5993584000000001,,0.3887,false
EVT-CON-1290,Frontier Fragmentation of European Union / Western Europe,1997,contemporary,collapse,Europe,European Union / Western Europe,CHR-CON-1290,42251.3,0.531,0.252,0.7134,0.749,88.6,0.8175,71.7,22.6,0.6924,322.7,46.5,0.6506,0.8654,0.7921,0.4634,0.5081,0.5337,0.6325,-0.3317,0.5674,0.6175,0.617454,CMN,BRACKET_BASE,false,true,0.31942403,0.59777532,0.91396745,,0.371,false
EVT-CON-1291,Pantheon Reformation of Middle East & North Africa (MENA),1968,contemporary,religious,Middle East,Middle East & North Africa (MENA),CHR-CON-1291,43230.5,0.605,0.645,0.5821,0.599,87.4,0.7365,83.7,22.8,0.8228,212.9,55.1,0.6635,0.6993,0.6683,0.5613,0.6964,0.9237,0.7098,0.2244,0.3504,0.5176,0.652146,RMD,BRACKET_MEDIUM,false,true,0.22737252000000002,0.49274430999999996,0.53567232,,0.3749,false
EVT-CON-1292,Strategic Siege of Japan,1962,contemporary,war,East Asia,Japan,CHR-CON-1292,40046.2,0.492,0.624,0.5937,0.298,73.6,0.517,77.3,11.6,0.6867,234.5,81.6,0.803,0.6111,0.5657,0.3489,0.4132,0.52,0.4918,-0.0911,0.4988,0.5343,0.455197,CMN,BRACKET_BASE,false,true,0.47766805,0.40818522,0.5152982399999999,,0.3671,false
EVT-CON-1293,Monastic Network Expansion of Southeast Asia (ASEAN),1990,contemporary,religious,Southeast Asia,Southeast Asia (ASEAN),CHR-CON-1293,32183.4,0.331,0.474,0.6163,0.72,84.1,0.7805,57.6,22.2,0.5381,205.4,70,0.7354,0.6438,0.6449,0.5572,0.6402,0.669,0.631,0.0252,0.2941,0.4269,0.709121,RMD,BRACKET_HIGH,false,false,0.4405,0.5535,0.676875,,0.2962,false
EVT-CON-1294,Mercantile Tariff Overhaul across Japan,1951,contemporary,economic,East Asia,Japan,CHR-CON-1294,10010,0.617,0.75,0.2484,0.468,89.7,0.6825,71.7,11.2,0.624,404.6,63.7,0.753,0.5432,0.4736,0.237,0.3449,0.6185,0.4434,0.0753,0.5322,0.5705,0.348683,CMN,BRACKET_BASE,false,true,0.73306635,0.5915,0.731875,,0.4021,false
EVT-CON-1295,Strategic Siege of USSR / Russian Federation,1964,contemporary,war,Eurasia,USSR / Russian Federation,CHR-CON-1295,8364.4,0.573,0.207,0.4097,0.73,80.6,0.768,78,24.9,0.774,513.4,73.3,0.8182,0.7061,0.6112,0.3286,0.4907,0.6224,0.5518,-0.0837,0.4667,0.4991,0.66695,RMD,BRACKET_MEDIUM,false,true,0.37630584000000006,0.50448996,0.71976996,,0.4016,false
EVT-CON-1296,Epidemic Fever Outbreak across Southeast Asia (ASEAN),1963,contemporary,pandemic,Southeast Asia,Southeast Asia (ASEAN),CHR-CON-1296,18338.6,0.605,0.568,0.3815,0.806,86.8,0.837,63.9,9.5,0.5298,436,41.2,0.6459,0.6277,0.5483,0.1609,0.3975,0.5254,0.452,-0.1023,0.918,0.6525,0.730054,RMD,BRACKET_HIGH,true,false,0.5271404000000001,0.42846258000000004,0.5365770799999999,,0.4031,false
EVT-CON-1297,Guild Monopoly Reform in Latin America (Mercosur/Alliance),2013,contemporary,economic,Latin America,Latin America (Mercosur/Alliance),CHR-CON-1297,19030,0.282,0.694,0.4468,0.222,65.5,0.4385,63.9,9.6,0.5304,110.6,40.4,0.5426,0.5088,0.4211,0.2034,0.2777,0.7045,0.4231,0.1957,0.5901,0.6708,0.681563,RMD,BRACKET_MEDIUM,false,false,0.381386,0.4139352,0.44365505,,0.4036,false
EVT-CON-1298,Strategic Siege of Republic of India,1987,contemporary,war,South Asia,Republic of India,CHR-CON-1298,28217.3,0.609,0.53,0.4805,0.287,82.3,0.555,69,12.3,0.6015,453.2,44.7,0.6662,0.5913,0.5491,0.2618,0.415,0.4803,0.4595,-0.111,0.6639,0.6104,0.766999,RMD,BRACKET_HIGH,true,false,0.5146734000000001,0.5742710400000001,0.81606766,,0.387,false
EVT-CON-1299,Civic Restoration Revolt in Latin America (Mercosur/Alliance),1977,contemporary,revolution,Latin America,Latin America (Mercosur/Alliance),CHR-CON-1299,17791.9,0.276,0.789,0.409,0.463,83.8,0.6505,75.3,14.6,0.6831,61.9,84.9,0.7231,0.6802,0.5588,0.1996,0.3346,0.4649,0.4476,-0.2153,0.6339,0.6433,0.492897,CMN,BRACKET_BASE,false,true,0.788625,0.613125,0.9167500000000001,,0.4057,false
EVT-CON-1300,Secular Legal Separation in United States,1989,contemporary,religious,North America,United States,CHR-CON-1300,18783.7,0.471,0.427,0.468,0.481,65.2,0.5665,74.9,22.3,0.725,283.3,43.2,0.6247,0.5544,0.5506,0.4253,0.4979,0.5627,0.5182,0.0083,0.4151,0.4743,0.715771,RMD,BRACKET_HIGH,false,false,0.3181172,0.47019807999999996,0.642292,,0.3207,false
EVT-CON-1301,Educational Charter of Japan,1975,contemporary,transformation,East Asia,Japan,CHR-CON-1301,21016.1,0.403,0.787,0.4004,0.735,67.3,0.704,55.6,10.1,0.444,205.8,44.3,0.6071,0.475,0.5172,0.379,0.5848,0.7163,0.5345,0.2413,0.1695,0.5704,0.52127,CMN,BRACKET_BASE,false,true,0.44191103000000004,0.39722885999999996,0.34570977999999997,,0.3635,false
EVT-CON-1302,Constitutional Reorganization of People's Republic of China,2011,contemporary,transformation,East Asia,People's Republic of China,CHR-CON-1302,20766.7,0.512,0.838,0.3502,0.661,71.6,0.6885,57,9.3,0.4543,466.8,54.9,0.7194,0.4993,0.5685,0.4932,0.7024,0.6774,0.5882,0.1781,0.3939,0.6007,0.686004,RMD,BRACKET_MEDIUM,false,false,0.41645835,0.46741548,0.53477138,,0.3173,false
EVT-CON-1303,Mechanical Power Harnessing in Global Transnational Institutions,2007,contemporary,technological,Global,Global Transnational Institutions,CHR-CON-1303,4107.1,0.434,0.732,0.2557,0.642,81.6,0.729,69.6,27.3,0.698,525.3,77.6,0.8414,0.5695,0.5929,0.7086,0.8385,0.8705,0.716,0.301,0.418,0.6446,0.804815,RMD,BRACKET_HIGH,true,false,0.203126,0.5003728000000001,0.6306083100000001,,0.3152,false
EVT-CON-1304,Judicial Standard Reform in Southeast Asia (ASEAN),1999,contemporary,transformation,Southeast Asia,Southeast Asia (ASEAN),CHR-CON-1304,9696,0.578,0.55,0.3173,0.312,95.2,0.632,78.3,24.8,0.7766,536.9,83.9,0.8745,0.534,0.595,0.5204,0.7151,0.7181,0.6165,0.1841,0.1589,0.5103,0.915639,RMD,BRACKET_HIGH,true,false,0.24350106,0.3777125,0.3255,,0.319,false
EVT-CON-1305,Pantheon Reformation of Sub-Saharan Africa,1954,contemporary,religious,Africa,Sub-Saharan Africa,CHR-CON-1305,26716.7,0.365,0.662,0.5006,0.528,90.8,0.718,57.6,28.5,0.5759,273.4,52.4,0.6681,0.6125,0.6396,0.4778,0.586,0.6566,0.5945,0.0441,0.5075,0.5115,0.646368,RMD,BRACKET_MEDIUM,false,true,0.50939361,0.561875,0.7245,,0.337,false
EVT-CON-1306,Agricultural Plague Wave in Global Transnational Institutions,1949,contemporary,pandemic,Global,Global Transnational Institutions,CHR-CON-1306,4724.8,0.473,0.244,0.3959,0.302,92.7,0.6145,63.8,27.2,0.6349,163.1,79.9,0.7682,0.6441,0.5928,0.3287,0.5261,0.4796,0.5143,-0.1645,0.9073,0.6989,0.619445,CMN,BRACKET_BASE,false,true,0.47088198000000003,0.5704,0.85173841,,0.3762,false
EVT-CON-1307,Caravan Route Pestilence in Global Transnational Institutions,1988,contemporary,pandemic,Global,Global Transnational Institutions,CHR-CON-1307,33511.9,0.492,0.491,0.5749,0.702,69.1,0.6965,56.8,9.6,0.4539,179.1,55.2,0.6515,0.6508,0.5891,0.2779,0.4343,0.5857,0.5076,-0.0651,0.9228,0.6371,0.440148,CMN,BRACKET_BASE,false,true,0.75920845,0.5720058,0.77187376,,0.4009,false
EVT-CON-1308,Civic Restoration Revolt in Republic of India,2006,contemporary,revolution,South Asia,Republic of India,CHR-CON-1308,20968.7,0.568,0.442,0.454,0.599,86.1,0.73,74,15.3,0.6733,447.2,59.6,0.7398,0.6388,0.463,0.1975,0.4625,0.3016,0.4127,-0.3372,0.7383,0.7181,0.549721,CMN,BRACKET_BASE,false,true,0.54929074,0.41271937000000003,0.60660312,,0.3991,false
EVT-CON-1309,Printing & Communications Diffusion in Republic of India,1948,contemporary,technological,South Asia,Republic of India,CHR-CON-1309,46992.8,0.609,0.846,0.5544,0.441,65,0.5455,69,20.4,0.6501,141.2,72.7,0.7218,0.5668,0.6104,0.6519,0.7466,0.8367,0.6825,0.2699,0.1675,0.5551,0.883307,RMD,BRACKET_HIGH,true,false,0.15353076000000002,0.39286359,0.36257301,,0.3133,false
EVT-CON-1310,Institutional Dissolution of Latin America (Mercosur/Alliance),2008,contemporary,collapse,Latin America,Latin America (Mercosur/Alliance),CHR-CON-1310,10379.4,0.559,0.783,0.2592,0.566,83.9,0.7025,71.5,24.1,0.6992,465.5,60.2,0.7457,0.6795,0.6244,0.2662,0.3075,0.3387,0.4433,-0.3408,0.7143,0.7435,0.53648,CMN,BRACKET_BASE,false,true,0.62747997,0.59943942,0.93550968,,0.3753,false
EVT-CON-1311,Frontier Campaign of Japan,1983,contemporary,war,East Asia,Japan,CHR-CON-1311,14130.5,0.648,0.881,0.2369,0.74,84.6,0.793,73.2,18.1,0.6815,314.3,70.6,0.7692,0.6812,0.5749,0.228,0.295,0.4274,0.4413,-0.2538,0.4354,0.6192,0.856404,RMD,BRACKET_HIGH,true,false,0.34045492,0.42985290000000004,0.57944435,,0.4027,false
EVT-CON-1312,Orthodoxy & Heresy Trial Wave in United States,2010,contemporary,religious,North America,United States,CHR-CON-1312,45803.8,0.343,0.857,0.6203,0.749,81.2,0.7805,63.9,25.5,0.6258,317.8,60.7,0.7205,0.7114,0.6738,0.5218,0.615,0.6063,0.6257,-0.1051,0.3757,0.4767,0.783411,RMD,BRACKET_HIGH,true,false,0.23135750000000002,0.39802644,0.4909620800000001,,0.324,false
EVT-CON-1313,Grain Market Price Shock across USSR / Russian Federation,2003,contemporary,economic,Eurasia,USSR / Russian Federation,CHR-CON-1313,10192.2,0.611,0.135,0.4364,0.754,81.5,0.7845,58.2,25.1,0.562,470.5,67.7,0.7839,0.6164,0.5915,0.4653,0.6451,0.3716,0.538,-0.2448,0.5675,0.6366,0.586486,CMN,BRACKET_BASE,false,true,0.48388777,0.39612544,0.5505624,,0.3291,false
EVT-CON-1314,Hydraulic Engineering Grid in People's Republic of China,2008,contemporary,technological,East Asia,People's Republic of China,CHR-CON-1314,23578.9,0.532,0.222,0.5543,0.849,82.8,0.8385,71.9,19.6,0.6765,184.5,46.2,0.6087,0.5768,0.6329,0.6787,0.7969,0.743,0.6857,0.1662,0.4209,0.5146,0.785011,RMD,BRACKET_HIGH,true,false,0.2461214,0.38202776,0.43651062,,0.2798,false
EVT-CON-1315,Institutional Dissolution of European Union / Western Europe,1983,contemporary,collapse,Europe,European Union / Western Europe,CHR-CON-1315,47703.5,0.543,0.85,0.5794,0.82,75.3,0.7865,73.5,24.5,0.7232,362.1,72.6,0.7895,0.8655,0.788,0.4688,0.5333,0.6343,0.658,-0.2312,0.5932,0.5898,0.604301,CMN,BRACKET_BASE,false,true,0.27955830000000004,0.42655424999999997,0.58087744,,0.3906,false
EVT-CON-1316,Popular Uprising of European Union / Western Europe,2014,contemporary,revolution,Europe,European Union / Western Europe,CHR-CON-1316,45044.4,0.568,0.808,0.5606,0.395,87,0.6325,64.9,14.5,0.5705,457.4,45.5,0.6709,0.7055,0.6145,0.2162,0.331,0.4394,0.4613,-0.2661,0.5386,0.6438,0.524094,CMN,BRACKET_BASE,false,true,0.5835274800000001,0.5459683,0.8688313,,0.4052,false
EVT-CON-1317,Mercantile Tariff Overhaul across Southeast Asia (ASEAN),2009,contemporary,economic,Southeast Asia,Southeast Asia (ASEAN),CHR-CON-1317,6962.1,0.503,0.232,0.4106,0.738,73.8,0.738,66.8,15.2,0.5952,262.6,77.4,0.7902,0.6232,0.5448,0.3943,0.5476,0.4032,0.5026,-0.22,0.3854,0.5836,0.537203,CMN,BRACKET_BASE,false,true,0.57797195,0.55807339,0.80367996,,0.337,false
EVT-CON-1318,Decentralization Wave across Middle East & North Africa (MENA),1953,contemporary,collapse,Middle East,Middle East & North Africa (MENA),CHR-CON-1318,24766.2,0.319,0.5,0.5455,0.638,72.2,0.68,64.6,24.9,0.6297,421.9,52,0.6975,0.7663,0.6556,0.3068,0.377,0.5288,0.5269,-0.2375,0.7495,0.6673,0.82416,RMD,BRACKET_HIGH,true,false,0.38052448,0.421476,0.56852498,,0.4031,false
EVT-CON-1319,Frontier Campaign of United States,2018,contemporary,war,North America,United States,CHR-CON-1319,5532.2,0.64,0.755,0.1998,0.302,75.1,0.5265,68.1,13,0.596,135.5,75.3,0.7318,0.5563,0.5137,0.1788,0.3,0.4475,0.3993,-0.1088,0.348,0.5774,0.474901,CMN,BRACKET_BASE,false,true,0.53369428,0.57817,0.7641300899999999,,0.4014,false
EVT-CON-1320,Monastic Network Expansion of Sub-Saharan Africa,1948,contemporary,religious,Africa,Sub-Saharan Africa,CHR-CON-1320,22819.6,0.579,0.841,0.3477,0.702,80.1,0.7515,63.6,20,0.5895,188.1,85.2,0.8051,0.6373,0.7162,0.5498,0.6454,0.6361,0.637,-0.0012,0.3534,0.4657,0.672107,RMD,BRACKET_MEDIUM,false,true,0.35073487,0.38246928,0.43477381,,0.3,false
EVT-CON-1321,Military Coup d’État in Japan,1963,contemporary,revolution,East Asia,Japan,CHR-CON-1321,5102.7,0.634,0.265,0.3447,0.825,80.9,0.817,60.7,12.2,0.5115,362.6,52.9,0.6911,0.6199,0.4832,0.2785,0.5143,0.4593,0.471,-0.1606,0.7957,0.6647,0.442251,CMN,BRACKET_BASE,false,true,0.7196370300000001,0.5021314899999999,0.8064550899999999,,0.3872,false
EVT-CON-1322,Hydraulic Engineering Grid in Republic of India,1993,contemporary,technological,South Asia,Republic of India,CHR-CON-1322,32225.4,0.36,0.175,0.6977,0.668,82.7,0.7475,79.9,19.3,0.7609,477.6,58.7,0.74,0.6794,0.7065,0.8185,0.9653,0.8561,0.8052,0.1767,0.1886,0.4417,0.752157,RMD,BRACKET_HIGH,true,false,0.13284813,0.581875,0.6861250000000001,,0.284,false
EVT-CON-1323,Canal Infrastructure Boom in Sub-Saharan Africa,1986,contemporary,economic,Africa,Sub-Saharan Africa,CHR-CON-1323,35662.5,0.297,0.548,0.6356,0.805,74.7,0.776,58.8,30.2,0.599,418,67.6,0.7749,0.7712,0.6846,0.4542,0.5671,0.7343,0.6423,-0.0369,0.5331,0.4816,0.459023,CMN,BRACKET_BASE,false,true,0.51577165,0.5795074800000001,0.73396012,,0.3935,false
EVT-CON-1324,Maritime Hegemony Clash in Global Transnational Institutions,1948,contemporary,war,Global,Global Transnational Institutions,CHR-CON-1324,19838.6,0.358,0.112,0.6059,0.305,96.8,0.6365,56.3,31.6,0.5805,182.4,77.3,0.7633,0.6891,0.583,0.3968,0.5549,0.4157,0.5279,-0.2734,0.4133,0.6075,0.574573,CMN,BRACKET_BASE,false,true,0.35840508,0.5011076400000001,0.81455517,,0.3517,false
EVT-CON-1325,Peasant Rebellion against Republic of India,2024,contemporary,revolution,South Asia,Republic of India,CHR-CON-1325,35017.9,0.33,0.276,0.7015,0.353,67.8,0.5155,60.7,11.3,0.5061,319.8,73.6,0.7855,0.6328,0.4655,0.258,0.4415,0.421,0.4438,-0.2118,0.7519,0.6739,0.622569,CMN,BRACKET_BASE,false,true,0.7393222199999999,0.579,0.9066249999999999,,0.3838,false
EVT-CON-1326,Pantheon Reformation of Global Transnational Institutions,2023,contemporary,religious,Global,Global Transnational Institutions,CHR-CON-1326,23694.3,0.399,0.512,0.5082,0.322,69.3,0.5075,76.6,16.6,0.7091,150.8,56.2,0.6441,0.5686,0.6236,0.5312,0.6776,0.6425,0.6087,0.0739,0.2483,0.4733,0.694381,RMD,BRACKET_MEDIUM,false,false,0.28781774,0.5543750000000001,0.637125,,0.2921,false
EVT-CON-1327,Constitutional Reorganization of European Union / Western Europe,2021,contemporary,transformation,Europe,European Union / Western Europe,CHR-CON-1327,25927.3,0.32,0.832,0.456,0.316,83,0.573,59.9,15.8,0.5245,87.2,52.4,0.5854,0.4525,0.4818,0.3772,0.5434,0.6356,0.4981,0.1831,0.3208,0.576,0.692158,RMD,BRACKET_MEDIUM,false,false,0.44614866,0.39471132,0.38001599999999996,,0.3389,false
EVT-CON-1328,Agrarian Insurgency in European Union / Western Europe,2018,contemporary,revolution,Europe,European Union / Western Europe,CHR-CON-1328,15294.8,0.487,0.6,0.3799,0.691,80.2,0.7465,60,17.6,0.5364,509,45.3,0.6776,0.6746,0.5154,0.1155,0.2575,0.547,0.422,-0.1276,0.536,0.5835,0.647454,RMD,BRACKET_MEDIUM,false,true,0.43654509999999996,0.44683452000000007,0.52391934,,0.3969,false
EVT-CON-1329,Epidemic Fever Outbreak across Latin America (Mercosur/Alliance),1983,contemporary,pandemic,Latin America,Latin America (Mercosur/Alliance),CHR-CON-1329,32941,0.375,0.154,0.7059,0.276,78.1,0.5285,61.7,18.9,0.5625,242.8,47.1,0.633,0.6866,0.6399,0.1876,0.3537,0.6434,0.5022,-0.0432,0.692,0.5568,0.60714,CMN,BRACKET_BASE,false,true,0.43600975000000003,0.44674224,0.50799456,,0.3936,false
EVT-CON-1330,Metallurgical Innovation Surge in USSR / Russian Federation,1992,contemporary,technological,Eurasia,USSR / Russian Federation,CHR-CON-1330,22112.9,0.387,0.656,0.4544,0.282,83.1,0.5565,77.4,11.4,0.6866,352.8,71.3,0.7811,0.5259,0.5817,0.6657,0.8113,0.891,0.6951,0.3651,0.1655,0.6139,0.72254,RMD,BRACKET_HIGH,false,false,0.27973134,0.38455560000000005,0.35008735999999996,,0.3325,false
EVT-CON-1331,Silver Flotilla Currency Shock in Republic of India,1962,contemporary,economic,South Asia,Republic of India,CHR-CON-1331,19088.8,0.309,0.604,0.4662,0.584,86.9,0.7265,82,25.3,0.8195,166.8,38.8,0.5644,0.6109,0.5312,0.3523,0.4544,0.492,0.4882,-0.1189,0.4964,0.5165,0.761867,RMD,BRACKET_HIGH,true,false,0.34957331,0.39910440999999997,0.51419055,,0.3592,false
EVT-CON-1332,Institutional Dissolution of Southeast Asia (ASEAN),1989,contemporary,collapse,Southeast Asia,Southeast Asia (ASEAN),CHR-CON-1332,6465.1,0.308,0.798,0.2949,0.823,98,0.9015,74.6,28.3,0.7578,546.3,44.5,0.6787,0.7326,0.631,0.4107,0.4489,0.5277,0.5502,-0.2049,0.7314,0.6304,0.356583,CMN,BRACKET_BASE,false,true,0.7163750000000001,0.59025,0.92275,,0.3684,false
EVT-CON-1333,Maritime Hegemony Clash in Latin America (Mercosur/Alliance),1965,contemporary,war,Latin America,Latin America (Mercosur/Alliance),CHR-CON-1333,8741.1,0.544,0.72,0.2679,0.215,89,0.5525,78.3,16.7,0.728,524.4,65.8,0.7823,0.6075,0.5666,0.3129,0.4432,0.718,0.5296,0.1105,0.682,0.6279,0.529951,CMN,BRACKET_BASE,false,true,0.6009984,0.49602481,0.65406528,,0.4007,false
EVT-CON-1334,Mercantile Tariff Overhaul across USSR / Russian Federation,1959,contemporary,economic,Eurasia,USSR / Russian Federation,CHR-CON-1334,19408,0.301,0.726,0.4349,0.763,98.3,0.873,83,23,0.8165,383.9,46.7,0.6642,0.7458,0.6915,0.5669,0.698,0.7519,0.6908,0.0061,0.4014,0.415,0.744583,RMD,BRACKET_HIGH,true,false,0.22146534999999998,0.55172325,0.6573981499999999,,0.35,false
EVT-CON-1335,Civic Restoration Revolt in Global Transnational Institutions,1996,contemporary,revolution,Global,Global Transnational Institutions,CHR-CON-1335,27448,0.308,0.844,0.4697,0.68,79.5,0.7375,56.6,26.7,0.5544,130.4,68,0.6925,0.6279,0.5035,0.2776,0.4979,0.67,0.5154,0.0421,0.7912,0.5863,0.36411,CMN,BRACKET_BASE,false,true,0.83294354,0.595625,0.77225,,0.4024,false
EVT-CON-1336,Astronomical Standardization by Republic of India,1982,contemporary,technological,South Asia,Republic of India,CHR-CON-1336,12216.7,0.478,0.619,0.3493,0.692,71.5,0.7035,74.3,20.6,0.7084,232.1,46.8,0.6283,0.5481,0.5852,0.6983,0.7936,0.8539,0.6958,0.3058,0.454,0.6445,0.69261,RMD,BRACKET_MEDIUM,false,false,0.46688198,0.5616249999999999,0.6963750000000001,,0.3129,false
EVT-CON-1337,Educational Charter of United States,1980,contemporary,transformation,North America,United States,CHR-CON-1337,14740.7,0.405,0.236,0.5087,0.205,86.3,0.534,77.8,24.9,0.7719,309.7,65.4,0.7422,0.5596,0.606,0.5228,0.6728,0.6908,0.6104,0.1312,0.2424,0.4893,0.846261,RMD,BRACKET_HIGH,true,false,0.17536111000000001,0.39007664,0.37638249999999995,,0.3066,false
EVT-CON-1338,Peasant Rebellion against Global Transnational Institutions,1955,contemporary,revolution,Global,Global Transnational Institutions,CHR-CON-1338,46336.7,0.402,0.662,0.6658,0.746,69.7,0.7215,82.1,14.8,0.7576,332.1,71.7,0.7787,0.7252,0.5636,0.225,0.3969,0.5494,0.492,-0.1758,0.6081,0.5552,0.297904,CMN,BRACKET_BASE,false,true,0.82612764,0.626,0.891875,,0.4032,false
EVT-CON-1339,Agricultural Plague Wave in People's Republic of China,2016,contemporary,pandemic,East Asia,People's Republic of China,CHR-CON-1339,19413.6,0.413,0.167,0.569,0.493,90.1,0.697,66.5,12.7,0.577,264.9,70.9,0.7583,0.7465,0.7193,0.3127,0.5531,0.5638,0.5791,-0.1827,0.6005,0.6023,0.683347,RMD,BRACKET_MEDIUM,false,false,0.47194512000000005,0.53947795,0.84505174,,0.4028,false
EVT-CON-1340,Radical Assembly Schism in United States,1959,contemporary,revolution,North America,United States,CHR-CON-1340,24756,0.605,0.243,0.5367,0.448,93.6,0.692,82.5,19.8,0.7919,147.3,47,0.5964,0.671,0.5744,0.3634,0.5459,0.5881,0.5486,-0.0829,0.7387,0.5564,0.597905,CMN,BRACKET_BASE,false,true,0.33630815999999997,0.39480375,0.51414759,,0.384,false
EVT-CON-1341,Monastic Network Expansion of Japan,2012,contemporary,religious,East Asia,Japan,CHR-CON-1341,26096.7,0.372,0.629,0.5028,0.736,89.7,0.8165,64.7,21.5,0.6104,445.5,79,0.8365,0.6965,0.7082,0.5496,0.7226,0.9076,0.7169,0.2111,0.4754,0.5734,0.772686,RMD,BRACKET_HIGH,true,false,0.2530308,0.4836486,0.56176806,,0.3755,false
EVT-CON-1342,Navigational Instrument Reform in Middle East & North Africa (MENA),1967,contemporary,technological,Middle East,Middle East & North Africa (MENA),CHR-CON-1342,40037.8,0.497,0.468,0.6389,0.572,78.9,0.6805,68.5,14.1,0.6069,381.1,82.8,0.8442,0.6198,0.6523,0.7603,0.86,0.9101,0.7605,0.2903,0.497,0.6221,0.890541,RMD,BRACKET_HIGH,true,false,0.16676876000000002,0.38188019999999995,0.42600692,,0.3092,false
EVT-CON-1343,Canal Infrastructure Boom in Sub-Saharan Africa,1993,contemporary,economic,Africa,Sub-Saharan Africa,CHR-CON-1343,16148.1,0.628,0.897,0.2562,0.368,91.6,0.642,75.5,21,0.7237,403.5,43.8,0.6533,0.5837,0.5077,0.339,0.4831,0.3359,0.4499,-0.2478,0.3137,0.599,0.503858,CMN,BRACKET_BASE,false,true,0.41838646,0.38874366,0.52494453,,0.3426,false
EVT-CON-1344,Sanitation & Medical Breakthrough in Sub-Saharan Africa,2000,contemporary,technological,Africa,Sub-Saharan Africa,CHR-CON-1344,34081.7,0.295,0.666,0.5866,0.782,79.9,0.7905,67.8,16.8,0.6156,162,69.3,0.7148,0.626,0.6806,0.7307,0.8156,0.9186,0.7543,0.2926,0.3546,0.5777,0.813659,RMD,BRACKET_HIGH,true,false,0.18736280000000002,0.54514912,0.5857396800000001,,0.3163,false
EVT-CON-1345,Borderlands Pacification of Global Transnational Institutions,1961,contemporary,war,Global,Global Transnational Institutions,CHR-CON-1345,32427.2,0.507,0.32,0.6119,0.736,77.8,0.757,62.5,19.1,0.5723,498,42.2,0.6605,0.6115,0.5154,0.3376,0.4926,0.4022,0.4719,-0.2093,0.5163,0.5809,0.55415,CMN,BRACKET_BASE,false,true,0.53947938,0.38547455,0.5303207,,0.3494,false
EVT-CON-1346,Succession Conflict of European Union / Western Europe,1967,contemporary,war,Europe,European Union / Western Europe,CHR-CON-1346,17563.4,0.317,0.489,0.4846,0.648,94.1,0.7945,71.5,9.5,0.6116,498.9,41.3,0.6562,0.6122,0.5192,0.3139,0.5071,0.6956,0.5296,0.0834,0.4156,0.4953,0.700491,RMD,BRACKET_HIGH,false,false,0.52113633,0.57087436,0.6443553300000001,,0.4003,false
EVT-CON-1347,Hydraulic Engineering Grid in Middle East & North Africa (MENA),1975,contemporary,technological,Middle East,Middle East & North Africa (MENA),CHR-CON-1347,25032.2,0.272,0.171,0.6606,0.818,80.8,0.813,71.2,17.1,0.654,173.5,80.8,0.7772,0.6736,0.7085,0.786,0.9289,1,0.8194,0.3576,0.2191,0.5587,0.892568,RMD,BRACKET_HIGH,true,false,0.15561931000000004,0.50919471,0.56129697,,0.3188,false
EVT-CON-1348,Synod Monotheistic Mandate in USSR / Russian Federation,2013,contemporary,religious,Eurasia,USSR / Russian Federation,CHR-CON-1348,38226.3,0.324,0.266,0.7351,0.662,90.3,0.7825,55.5,16.2,0.4795,179.6,52,0.6357,0.6098,0.6683,0.534,0.7021,0.5582,0.6145,-0.0516,0.2481,0.4203,0.603632,CMN,BRACKET_BASE,false,true,0.43493314,0.56975,0.7155,,0.2943,false
EVT-CON-1349,Urban Quarantine Emergency in Sub-Saharan Africa,1996,contemporary,pandemic,Africa,Sub-Saharan Africa,CHR-CON-1349,28487.5,0.493,0.349,0.572,0.414,79.1,0.6025,65.9,19.5,0.6113,562.8,85.5,0.8859,0.7154,0.6423,0.2677,0.4809,0.428,0.5069,-0.2874,0.7963,0.7164,0.499779,CMN,BRACKET_BASE,false,true,0.5323831600000001,0.42274848,0.60453144,,0.3985,false
EVT-CON-1350,Monastic Network Expansion of United States,2013,contemporary,religious,North America,United States,CHR-CON-1350,6791,0.528,0.556,0.3044,0.238,80.3,0.5205,67.3,10,0.5694,431.8,65.8,0.7682,0.5295,0.6045,0.4917,0.6617,0.6646,0.5904,0.1351,0.2534,0.5572,0.697422,RMD,BRACKET_MEDIUM,false,false,0.35155377,0.37669744,0.36905307000000004,,0.3106,false
EVT-CON-1351,Synod Monotheistic Mandate in United States,1947,contemporary,religious,North America,United States,CHR-CON-1351,37315.4,0.596,0.849,0.4705,0.563,86.6,0.7145,63.6,18.5,0.5805,257.3,49.7,0.6502,0.6062,0.6091,0.4779,0.5413,0.6941,0.5857,0.0879,0.2852,0.4839,0.559637,CMN,BRACKET_BASE,false,true,0.45015423999999993,0.5655,0.6505,,0.343,false
EVT-CON-1352,Urban Quarantine Emergency in Southeast Asia (ASEAN),1984,contemporary,pandemic,Southeast Asia,Southeast Asia (ASEAN),CHR-CON-1352,7999.7,0.393,0.332,0.4229,0.368,81.6,0.592,59.6,21.9,0.5579,347.5,80.3,0.825,0.6827,0.6162,0.1395,0.2528,0.4827,0.4348,-0.2,0.6151,0.6559,0.416357,CMN,BRACKET_BASE,false,true,0.63330606,0.54030999,0.78538818,,0.4038,false
EVT-CON-1353,Grain Market Price Shock across Japan,1951,contemporary,economic,East Asia,Japan,CHR-CON-1353,47824.1,0.414,0.269,0.7935,0.461,83.3,0.647,76.6,19.7,0.7277,342.4,52.3,0.6839,0.7378,0.6679,0.4901,0.5513,0.9291,0.6752,0.1913,0.5389,0.5428,0.724584,RMD,BRACKET_HIGH,false,false,0.3127743,0.60675,0.69475,,0.4,false
EVT-CON-1354,Radical Assembly Schism in People's Republic of China,1990,contemporary,revolution,East Asia,People's Republic of China,CHR-CON-1354,42737,0.474,0.238,0.7391,0.468,70.8,0.588,57.3,18.7,0.5139,62.5,61,0.6043,0.6306,0.4593,0.0667,0.2106,0.4604,0.3655,-0.1702,0.6631,0.6115,0.590787,CMN,BRACKET_BASE,false,true,0.60744981,0.5459841599999999,0.7781776,,0.3939,false
EVT-CON-1355,Dynastic Disintegration of Middle East & North Africa (MENA),2006,contemporary,collapse,Middle East,Middle East & North Africa (MENA),CHR-CON-1355,16944.5,0.354,0.427,0.4865,0.39,75,0.57,71.4,28.8,0.7263,97.7,58.3,0.6231,0.6534,0.5453,0.2047,0.2614,0.3418,0.4013,-0.3116,0.551,0.6686,0.616877,CMN,BRACKET_BASE,false,true,0.40945905,0.41446647,0.58980574,,0.3933,false
EVT-CON-1356,Debt Crisis Settlement of USSR / Russian Federation,2004,contemporary,economic,Eurasia,USSR / Russian Federation,CHR-CON-1356,8567.9,0.511,0.701,0.282,0.384,66.1,0.5225,66.9,11.8,0.5759,329.8,58.1,0.7102,0.5077,0.4837,0.3584,0.5321,0.5577,0.4879,0.05,0.2753,0.5188,0.746147,RMD,BRACKET_HIGH,true,false,0.31783594,0.3785427,0.40884333,,0.3437,false
EVT-CON-1357,Agricultural Plague Wave in Southeast Asia (ASEAN),2005,contemporary,pandemic,Southeast Asia,Southeast Asia (ASEAN),CHR-CON-1357,38464.1,0.488,0.52,0.6119,0.342,91.2,0.627,75.7,13.4,0.6802,178.2,65.9,0.7047,0.7423,0.6862,0.3888,0.6095,0.626,0.6106,-0.1163,0.7963,0.604,0.666805,RMD,BRACKET_MEDIUM,false,true,0.393824,0.593625,0.8740000000000001,,0.3915,false
EVT-CON-1358,Maritime Trade Hub Expansion in United States,1952,contemporary,economic,North America,United States,CHR-CON-1358,14423.1,0.533,0.236,0.4675,0.252,93.3,0.5925,78.7,11.3,0.7,319.9,74.6,0.7905,0.5972,0.5026,0.304,0.4836,0.602,0.4979,0.0048,0.2787,0.4383,0.493172,CMN,BRACKET_BASE,false,true,0.66708973,0.5912499999999999,0.7205,,0.3927,false
EVT-CON-1359,Imperial Annexation War in People's Republic of China,1964,contemporary,war,East Asia,People's Republic of China,CHR-CON-1359,41188.6,0.286,0.33,0.754,0.354,73.3,0.5435,56,30.3,0.5695,210.6,84.4,0.8092,0.6796,0.5702,0.2483,0.3503,0.5038,0.4704,-0.1758,0.6344,0.6035,0.475177,CMN,BRACKET_BASE,false,true,0.5061169200000001,0.41506297000000003,0.55077288,,0.4033,false
EVT-CON-1360,Maritime Trade Hub Expansion in Southeast Asia (ASEAN),1997,contemporary,economic,Southeast Asia,Southeast Asia (ASEAN),CHR-CON-1360,23829.9,0.302,0.423,0.5652,0.543,75.8,0.6505,76.4,27.9,0.7748,523.3,80.5,0.8556,0.7025,0.6186,0.3622,0.4359,0.5499,0.5338,-0.1526,0.593,0.5621,0.67384,RMD,BRACKET_MEDIUM,false,true,0.35429466,0.42109683,0.55627485,,0.3855,false
EVT-CON-1361,Imperial Unification of European Union / Western Europe,1999,contemporary,transformation,Europe,European Union / Western Europe,CHR-CON-1361,13816.4,0.391,0.14,0.5334,0.474,79.3,0.6335,60.9,29.9,0.6199,448.9,44.9,0.6665,0.5031,0.5531,0.4448,0.6776,0.6596,0.5676,0.1565,0.1705,0.4891,0.67595,RMD,BRACKET_MEDIUM,false,true,0.44930592,0.49326885,0.5213145,,0.33,false
EVT-CON-1362,Palatial Collapse of USSR / Russian Federation,2020,contemporary,collapse,Eurasia,USSR / Russian Federation,CHR-CON-1362,4065.9,0.314,0.366,0.4011,0.633,93.6,0.7845,64.1,15,0.5649,236.2,83.7,0.814,0.7045,0.6074,0.3313,0.3896,0.339,0.4744,-0.3655,0.4415,0.6752,0.678424,RMD,BRACKET_MEDIUM,false,true,0.37636416,0.5751362600000001,0.8975584800000002,,0.3627,false
EVT-CON-1363,Military Coup d’État in USSR / Russian Federation,1963,contemporary,revolution,Eurasia,USSR / Russian Federation,CHR-CON-1363,8300.1,0.583,0.577,0.2951,0.759,86.5,0.812,66.5,13.5,0.5818,71.1,81.5,0.7161,0.6322,0.4996,0.1063,0.239,0.4318,0.3818,-0.2004,0.56,0.6249,0.575901,CMN,BRACKET_BASE,false,true,0.5882899200000001,0.5633699999999999,0.8424233999999999,,0.4041,false
EVT-CON-1364,Harbor Incursion Sickness in Latin America (Mercosur/Alliance),1977,contemporary,pandemic,Latin America,Latin America (Mercosur/Alliance),CHR-CON-1364,19677.1,0.377,0.211,0.569,0.696,95.7,0.8265,57.7,23.1,0.5446,351.4,45.5,0.6518,0.7452,0.6853,0.4255,0.5465,0.7608,0.6327,0.0156,0.9115,0.5753,0.689234,RMD,BRACKET_MEDIUM,false,false,0.35914880000000005,0.57053808,0.7260525999999999,,0.3985,false
EVT-CON-1365,Administrative Codification of Middle East & North Africa (MENA),2005,contemporary,transformation,Middle East,Middle East & North Africa (MENA),CHR-CON-1365,33091.5,0.396,0.537,0.5861,0.301,76.3,0.532,74.5,28,0.7549,84.9,62,0.6315,0.5607,0.5861,0.4862,0.6988,0.8667,0.6397,0.306,0.3085,0.5914,0.573405,CMN,BRACKET_BASE,false,true,0.52165535,0.55997013,0.5345802000000001,,0.363,false
EVT-CON-1366,Harbor Incursion Sickness in United States,2017,contemporary,pandemic,North America,United States,CHR-CON-1366,35991,0.379,0.155,0.7319,0.727,80.5,0.766,66.4,11.4,0.5681,577.4,80.2,0.8612,0.7737,0.753,0.2953,0.4104,0.6742,0.5813,-0.0995,0.9163,0.6029,0.713436,RMD,BRACKET_HIGH,false,false,0.41645562,0.44169087999999995,0.5218690300000001,,0.4047,false
EVT-CON-1367,Strategic Siege of European Union / Western Europe,2003,contemporary,war,Europe,European Union / Western Europe,CHR-CON-1367,29582,0.472,0.215,0.6283,0.599,77.1,0.685,70.4,25.1,0.6934,526,62.6,0.7665,0.6768,0.6045,0.2823,0.3997,0.7234,0.5373,0.0466,0.6805,0.5243,0.752665,RMD,BRACKET_HIGH,true,false,0.5438118,0.6082089900000001,0.7250188,,0.4037,false
EVT-CON-1368,Systemic Governance Breakdown in Southeast Asia (ASEAN),1986,contemporary,collapse,Southeast Asia,Southeast Asia (ASEAN),CHR-CON-1368,36847.8,0.637,0.401,0.5884,0.468,73.1,0.5995,81.5,24.7,0.8105,453.3,79.6,0.8407,0.7602,0.6813,0.4793,0.5452,0.5643,0.6061,-0.1959,0.5174,0.5654,0.722721,RMD,BRACKET_HIGH,false,false,0.29313163,0.51032056,0.8035527,,0.3484,false
EVT-CON-1369,Navigational Instrument Reform in Republic of India,1949,contemporary,technological,South Asia,Republic of India,CHR-CON-1369,21669.8,0.468,0.569,0.4522,0.651,74.9,0.7,69.4,25.4,0.6844,324,46.4,0.6504,0.5223,0.5819,0.6374,0.7626,0.8305,0.6669,0.3082,0.2089,0.5732,0.456662,CMN,BRACKET_BASE,false,true,0.54335385,0.564875,0.600125,,0.321,false
EVT-CON-1370,Administrative Codification of European Union / Western Europe,1963,contemporary,transformation,Europe,European Union / Western Europe,CHR-CON-1370,32792.2,0.485,0.296,0.629,0.434,98.9,0.7115,74.9,29.3,0.767,454.5,47.1,0.6784,0.6176,0.6734,0.6056,0.7451,0.8471,0.6978,0.2295,0.1044,0.4639,0.84872,RMD,BRACKET_HIGH,true,false,0.24820128000000002,0.5614272,0.46142286,,0.3285,false
EVT-CON-1371,Secular Legal Separation in Global Transnational Institutions,2017,contemporary,religious,Global,Global Transnational Institutions,CHR-CON-1371,8851.1,0.581,0.888,0.2074,0.325,80.8,0.5665,71.3,10.6,0.6161,385,59.4,0.7279,0.5359,0.5329,0.4307,0.5443,0.6541,0.5396,0.1182,0.3742,0.5789,0.634939,RMD,BRACKET_MEDIUM,false,true,0.4225044,0.38241258000000006,0.4012643,,0.3357,false
EVT-CON-1372,Orthodoxy & Heresy Trial Wave in Middle East & North Africa (MENA),2000,contemporary,religious,Middle East,Middle East & North Africa (MENA),CHR-CON-1372,26211.3,0.632,0.358,0.5071,0.359,81.1,0.585,58.4,10.7,0.4777,490.5,50.3,0.6999,0.5202,0.518,0.4268,0.5516,0.7119,0.5457,0.1917,0.3331,0.5813,0.650498,RMD,BRACKET_MEDIUM,false,true,0.32773004,0.388987,0.370349,,0.3466,false
EVT-CON-1373,Mechanical Power Harnessing in People's Republic of China,1959,contemporary,technological,East Asia,People's Republic of China,CHR-CON-1373,31470.9,0.548,0.46,0.549,0.742,97.8,0.86,57.3,12.5,0.4767,544.1,75.5,0.8334,0.5913,0.6418,0.756,0.8317,0.7879,0.7217,0.1966,0.263,0.5191,0.654607,RMD,BRACKET_MEDIUM,false,true,0.34610675999999996,0.5646249999999999,0.7305,,0.2762,false
EVT-CON-1374,Orthodoxy & Heresy Trial Wave in People's Republic of China,2024,contemporary,religious,East Asia,People's Republic of China,CHR-CON-1374,30887.1,0.262,0.199,0.7079,0.579,98.4,0.7815,69.7,24.1,0.6798,228.3,47,0.6281,0.7206,0.7272,0.6454,0.7896,0.7784,0.7322,0.0578,0.2783,0.4054,0.674538,RMD,BRACKET_MEDIUM,false,true,0.1885827,0.50886,0.61166061,,0.3034,false
EVT-CON-1375,Radical Assembly Schism in Republic of India,2008,contemporary,revolution,South Asia,Republic of India,CHR-CON-1375,38415.6,0.631,0.751,0.4992,0.353,90.8,0.6305,62.6,8.6,0.5104,80.8,56.8,0.6019,0.5809,0.4136,0.1386,0.2695,0.4021,0.3609,-0.1788,0.6232,0.6363,0.467789,CMN,BRACKET_BASE,false,true,0.7322641299999999,0.5829427199999999,0.83140722,,0.4038,false
EVT-CON-1376,Synod Monotheistic Mandate in Middle East & North Africa (MENA),1989,contemporary,religious,Middle East,Middle East & North Africa (MENA),CHR-CON-1376,40443.4,0.543,0.679,0.5655,0.781,68.7,0.734,61.5,22.3,0.5807,176.2,52.6,0.6373,0.5998,0.6002,0.5118,0.6509,0.4542,0.5634,-0.1456,0.4311,0.5344,0.734262,RMD,BRACKET_HIGH,true,false,0.36283116,0.39066281999999997,0.49830976,,0.2958,false
EVT-CON-1377,Treaty System Implementation across People's Republic of China,1947,contemporary,transformation,East Asia,People's Republic of China,CHR-CON-1377,39506.5,0.28,0.205,0.7782,0.514,89.5,0.7045,75.4,19,0.7106,436.9,68.2,0.7811,0.6858,0.7298,0.6065,0.7752,0.8027,0.72,0.1169,0.3152,0.4429,0.798468,RMD,BRACKET_HIGH,true,false,0.28603344,0.396198,0.39097254000000004,,0.3273,false
EVT-CON-1378,Agricultural Plague Wave in Middle East & North Africa (MENA),2007,contemporary,pandemic,Middle East,Middle East & North Africa (MENA),CHR-CON-1378,6740.6,0.586,0.669,0.2526,0.386,83.4,0.61,57.9,13,0.4862,529.8,84.4,0.876,0.5936,0.5205,0.0447,0.2008,0.6179,0.3955,0.0243,0.6849,0.612,0.446586,CMN,BRACKET_BASE,false,true,0.772,0.6759999999999999,0.803875,,0.4053,false
EVT-CON-1379,Imperial Annexation War in Sub-Saharan Africa,2011,contemporary,war,Africa,Sub-Saharan Africa,CHR-CON-1379,47809.8,0.325,0.502,0.7502,0.538,77.9,0.6585,79.7,17.1,0.7455,213.7,65.8,0.7173,0.7196,0.6592,0.5022,0.6982,0.4265,0.6011,-0.2931,0.676,0.6341,0.635985,RMD,BRACKET_MEDIUM,false,true,0.37738219999999995,0.5618928,0.8705469400000001,,0.3485,false
EVT-CON-1380,Hydraulic Engineering Grid in USSR / Russian Federation,1968,contemporary,technological,Eurasia,USSR / Russian Federation,CHR-CON-1380,27678.7,0.306,0.117,0.6904,0.297,88.2,0.5895,65.6,14.4,0.5775,237.3,72.8,0.7599,0.5991,0.6365,0.7195,0.8127,0.7944,0.7124,0.1953,0.3759,0.5508,0.844174,RMD,BRACKET_HIGH,true,false,0.2834631,0.38076885,0.43429486,,0.2807,false
EVT-CON-1381,Astronomical Standardization by Republic of India,1952,contemporary,technological,South Asia,Republic of India,CHR-CON-1381,40418.9,0.45,0.776,0.5641,0.263,73,0.4965,76.3,9.5,0.6633,344.9,55.1,0.6984,0.5191,0.554,0.6231,0.7324,0.7717,0.6401,0.2526,0.2877,0.5797,0.583795,CMN,BRACKET_BASE,false,true,0.4816504,0.557125,0.642875,,0.3051,false
EVT-CON-1382,Popular Uprising of People's Republic of China,1987,contemporary,revolution,East Asia,People's Republic of China,CHR-CON-1382,11154.7,0.466,0.164,0.4798,0.799,75.2,0.7755,73.7,28.6,0.7499,470,85.9,0.8748,0.7783,0.6046,0.3536,0.4982,0.5045,0.5478,-0.2738,0.3786,0.5717,0.694388,RMD,BRACKET_MEDIUM,false,false,0.32654816000000003,0.60775,0.91875,,0.3891,false
EVT-CON-1383,Synod Monotheistic Mandate in Sub-Saharan Africa,2017,contemporary,religious,Africa,Sub-Saharan Africa,CHR-CON-1383,45151.3,0.492,0.326,0.729,0.815,70.6,0.7605,60.8,27.7,0.6056,258.2,74.7,0.7755,0.7585,0.7476,0.6258,0.6971,0.7252,0.7108,-0.0333,0.2801,0.4037,0.741117,RMD,BRACKET_HIGH,true,false,0.20184255,0.38568964000000006,0.43186608,,0.309,false
EVT-CON-1384,Sanitation & Medical Breakthrough in Republic of India,1999,contemporary,technological,South Asia,Republic of India,CHR-CON-1384,41350.9,0.328,0.164,0.7926,0.391,69.3,0.542,62.2,27.8,0.6213,151.3,65.1,0.6888,0.5999,0.6401,0.6963,0.7586,0.8709,0.7132,0.271,0.2381,0.5425,0.510198,CMN,BRACKET_BASE,false,true,0.47533725000000004,0.54533084,0.5668403399999999,,0.3107,false
EVT-CON-1385,Maritime Trade Hub Expansion in People's Republic of China,1979,contemporary,economic,East Asia,People's Republic of China,CHR-CON-1385,42936.9,0.304,0.6,0.6833,0.791,88.6,0.8385,60.1,15.6,0.5254,114.2,52.2,0.6039,0.6853,0.6034,0.3731,0.5293,0.4401,0.5262,-0.2452,0.5414,0.5907,0.616034,CMN,BRACKET_BASE,false,true,0.661,0.586375,0.91875,,0.3592,false
EVT-CON-1386,Hydraulic Engineering Grid in Middle East & North Africa (MENA),1975,contemporary,technological,Middle East,Middle East & North Africa (MENA),CHR-CON-1386,29650.1,0.352,0.446,0.5957,0.249,82.1,0.535,77.9,19.5,0.7405,347.9,66.2,0.7546,0.6016,0.6348,0.7296,0.8702,0.9388,0.755,0.3372,0.2783,0.601,0.615719,CMN,BRACKET_BASE,false,true,0.34167429000000005,0.55288296,0.56862316,,0.327,false
EVT-CON-1387,Navigational Instrument Reform in European Union / Western Europe,2015,contemporary,technological,Europe,European Union / Western Europe,CHR-CON-1387,32614.2,0.432,0.336,0.6313,0.76,93.8,0.849,60.1,30.6,0.6154,209.6,64.1,0.7074,0.6015,0.638,0.7153,0.786,0.9472,0.7376,0.3457,0.3138,0.5808,0.877684,RMD,BRACKET_HIGH,true,false,0.17909819999999999,0.39931122,0.37890144000000003,,0.3295,false
EVT-CON-1388,Pantheon Reformation of Middle East & North Africa (MENA),1975,contemporary,religious,Middle East,Middle East & North Africa (MENA),CHR-CON-1388,45057.6,0.327,0.844,0.6223,0.814,81.8,0.816,76.2,30.6,0.7888,130.4,62,0.6625,0.7689,0.8193,0.6827,0.8562,0.8689,0.7992,0.1,0.2143,0.4035,0.831548,RMD,BRACKET_HIGH,true,false,0.09678215999999999,0.39057174,0.3680665,,0.3289,false
EVT-CON-1389,Temple Bureaucracy Reorganization of USSR / Russian Federation,1993,contemporary,religious,Eurasia,USSR / Russian Federation,CHR-CON-1389,36302.2,0.609,0.808,0.4698,0.273,94.3,0.608,65.5,24.5,0.637,96.7,65.7,0.6594,0.5482,0.5396,0.4219,0.5583,0.7481,0.5632,0.1999,0.5139,0.6092,0.607157,CMN,BRACKET_BASE,false,true,0.45603570000000004,0.56151144,0.60685125,,0.3643,false
EVT-CON-1390,Maritime Trade Hub Expansion in Latin America (Mercosur/Alliance),1951,contemporary,economic,Latin America,Latin America (Mercosur/Alliance),CHR-CON-1390,21584.7,0.268,0.892,0.4146,0.792,75.3,0.7725,79.9,23.1,0.7837,120,81,0.7515,0.7196,0.6552,0.4993,0.5984,0.4813,0.5908,-0.2383,0.4548,0.5768,0.454787,CMN,BRACKET_BASE,false,true,0.5223161999999999,0.54802188,0.80254636,,0.3316,false
EVT-CON-1391,Treaty System Implementation across Southeast Asia (ASEAN),1971,contemporary,transformation,Southeast Asia,Southeast Asia (ASEAN),CHR-CON-1391,23635.9,0.432,0.497,0.5023,0.535,81.1,0.673,65.8,29.2,0.6684,209.5,43.5,0.6044,0.5087,0.5394,0.486,0.723,0.8517,0.6218,0.343,0.3598,0.6286,0.643954,RMD,BRACKET_MEDIUM,false,true,0.31516812,0.3937536,0.3453732,,0.3535,false
EVT-CON-1392,Monastic Network Expansion of United States,1976,contemporary,religious,North America,United States,CHR-CON-1392,15409,0.332,0.242,0.5348,0.292,71.2,0.502,57.4,24.2,0.548,257.7,43.1,0.6174,0.5811,0.6135,0.4187,0.5925,0.4531,0.5318,-0.128,0.4438,0.5723,0.509981,CMN,BRACKET_BASE,false,true,0.41589174,0.37852987,0.490425,,0.3215,false
EVT-CON-1393,Synod Monotheistic Mandate in Southeast Asia (ASEAN),1982,contemporary,religious,Southeast Asia,Southeast Asia (ASEAN),CHR-CON-1393,3847.5,0.581,0.14,0.3868,0.465,86.7,0.666,59.3,21.3,0.551,192.7,47.5,0.6183,0.6045,0.6602,0.5194,0.6253,0.6047,0.6028,0.0002,0.3952,0.4883,0.721931,RMD,BRACKET_HIGH,false,false,0.31068199,0.5362701,0.66718555,,0.2954,false
EVT-CON-1394,Frontier Campaign of Southeast Asia (ASEAN),1997,contemporary,war,Southeast Asia,Southeast Asia (ASEAN),CHR-CON-1394,23286.1,0.364,0.869,0.408,0.499,79.4,0.6465,76,23.6,0.7447,251.9,57.7,0.6887,0.6429,0.5679,0.2711,0.3387,0.5659,0.4773,-0.077,0.668,0.5687,0.578517,CMN,BRACKET_BASE,false,true,0.49919616,0.51645744,0.7610056,,0.4036,false
EVT-CON-1395,Military Coup d’État in European Union / Western Europe,1948,contemporary,revolution,Europe,European Union / Western Europe,CHR-CON-1395,22098.2,0.522,0.228,0.5422,0.651,92,0.7855,70.1,17.7,0.6457,143.7,78.4,0.7516,0.7038,0.54,0.2833,0.5336,0.6491,0.542,-0.0547,0.4827,0.4842,0.599745,CMN,BRACKET_BASE,false,true,0.6014702399999999,0.61325,0.8105,,0.4038,false
EVT-CON-1396,Borderlands Pacification of Latin America (Mercosur/Alliance),2013,contemporary,war,Latin America,Latin America (Mercosur/Alliance),CHR-CON-1396,33448.3,0.588,0.897,0.4237,0.638,94.1,0.7895,70.3,9.6,0.5993,311.4,69.5,0.7631,0.6555,0.5875,0.2878,0.4855,0.6967,0.5426,0.0412,0.3505,0.468,0.589028,CMN,BRACKET_BASE,false,true,0.46136334,0.54065275,0.6774820500000001,,0.4044,false
EVT-CON-1397,Pantheon Reformation of Middle East & North Africa (MENA),1988,contemporary,religious,Middle East,Middle East & North Africa (MENA),CHR-CON-1397,27529,0.299,0.58,0.5523,0.599,88.6,0.7425,64.6,21.9,0.6117,304.6,64.4,0.736,0.6335,0.6437,0.4814,0.589,0.5456,0.5786,-0.0879,0.4195,0.4964,0.639201,RMD,BRACKET_MEDIUM,false,true,0.41282948,0.56325,0.786125,,0.3105,false
EVT-CON-1398,Imperial Annexation War in Republic of India,2006,contemporary,war,South Asia,Republic of India,CHR-CON-1398,33593.5,0.27,0.248,0.7151,0.755,81.9,0.787,83.7,20.2,0.8072,151.1,41.1,0.5687,0.7788,0.6943,0.4042,0.4784,0.559,0.5829,-0.2198,0.6507,0.565,0.698198,RMD,BRACKET_MEDIUM,false,false,0.38642176000000006,0.42867345,0.5879972,,0.3859,false
EVT-CON-1399,Treaty System Implementation across United States,1997,contemporary,transformation,North America,United States,CHR-CON-1399,12850.6,0.338,0.459,0.445,0.742,71.4,0.728,71,20.6,0.6728,285.4,48.6,0.6522,0.5287,0.6085,0.5227,0.6982,0.6916,0.6099,0.1629,0.1666,0.4827,0.718594,RMD,BRACKET_HIGH,false,false,0.3411894,0.389025,0.3452991,,0.3124,false
EVT-CON-1400,Metallurgical Innovation Surge in United States,2008,contemporary,technological,North America,United States,CHR-CON-1400,21853.3,0.288,0.829,0.4299,0.76,91.2,0.836,62.5,20.5,0.5807,268,49,0.6497,0.558,0.5851,0.6708,0.7839,0.9157,0.7027,0.3577,0.4522,0.6592,0.854189,RMD,BRACKET_HIGH,true,false,0.2677878,0.55759132,0.5877971099999999,,0.3341,false
EVT-CON-1401,Systemic Governance Breakdown in People's Republic of China,1959,contemporary,collapse,East Asia,People's Republic of China,CHR-CON-1401,4345.6,0.438,0.236,0.4054,0.358,70.5,0.5315,78.5,12.8,0.7068,455,43,0.658,0.6865,0.6005,0.2902,0.3479,0.3796,0.4609,-0.3069,0.5074,0.676,0.713423,RMD,BRACKET_HIGH,false,false,0.57930041,0.59925,0.96,,0.3746,false
EVT-CON-1402,Printing & Communications Diffusion in Republic of India,1991,contemporary,technological,South Asia,Republic of India,CHR-CON-1402,34334,0.365,0.259,0.69,0.753,95.3,0.853,58.4,11.2,0.4807,541.6,58.6,0.7486,0.6221,0.6662,0.7582,0.8209,0.9605,0.7656,0.3384,0.1752,0.553,0.820041,RMD,BRACKET_HIGH,true,false,0.14143626,0.5511418699999999,0.55338162,,0.3217,false
EVT-CON-1403,Territorial Rupture of United States,1968,contemporary,collapse,North America,United States,CHR-CON-1403,24069,0.338,0.737,0.4624,0.308,84.6,0.577,78.3,18.9,0.7412,516.7,44.5,0.6747,0.752,0.6352,0.2762,0.3744,0.4714,0.5018,-0.2806,0.5602,0.6545,0.568876,CMN,BRACKET_BASE,false,true,0.64705716,0.620625,0.95725,,0.4014,false
EVT-CON-1404,Harbor Incursion Sickness in Southeast Asia (ASEAN),1980,contemporary,pandemic,Southeast Asia,Southeast Asia (ASEAN),CHR-CON-1404,42255.7,0.26,0.697,0.6613,0.395,67.3,0.534,63.9,18.3,0.5826,557.4,47.9,0.6972,0.6679,0.6299,0.3358,0.5296,0.4248,0.5176,-0.2431,0.8402,0.7046,0.300274,CMN,BRACKET_BASE,false,true,0.70321689,0.5664979400000001,0.87826875,,0.3709,false
EVT-CON-1405,Debt Crisis Settlement of Japan,1957,contemporary,economic,East Asia,Japan,CHR-CON-1405,19696.4,0.603,0.523,0.4078,0.334,91.2,0.623,76.7,21.2,0.7378,527.6,52.5,0.7162,0.6485,0.6,0.4751,0.6512,0.6173,0.5984,-0.0312,0.3538,0.47,0.516274,CMN,BRACKET_BASE,false,true,0.4418451,0.39153414000000003,0.45415967999999995,,0.34,false
EVT-CON-1406,Systemic Governance Breakdown in Southeast Asia (ASEAN),2001,contemporary,collapse,Southeast Asia,Southeast Asia (ASEAN),CHR-CON-1406,19882.1,0.382,0.751,0.4074,0.376,92.8,0.652,74.7,8.8,0.6419,515.7,68.3,0.7936,0.6746,0.6156,0.2818,0.3457,0.4463,0.4728,-0.2283,0.5838,0.644,0.482025,CMN,BRACKET_BASE,false,true,0.7357603500000001,0.59215328,0.8783168,,0.3909,false
EVT-CON-1407,Monastic Network Expansion of Global Transnational Institutions,1982,contemporary,religious,Global,Global Transnational Institutions,CHR-CON-1407,21565.2,0.448,0.171,0.5767,0.634,76.5,0.6995,84,13.3,0.769,513.8,60.3,0.7533,0.6749,0.7465,0.6254,0.7956,0.7262,0.7137,0.0513,0.3733,0.4442,0.580099,CMN,BRACKET_BASE,false,true,0.326016,0.56105475,0.6422834399999999,,0.2969,false
EVT-CON-1408,Military Coup d’État in Southeast Asia (ASEAN),1966,contemporary,revolution,Southeast Asia,Southeast Asia (ASEAN),CHR-CON-1408,31139.3,0.385,0.458,0.5955,0.377,79.8,0.5875,81,9.8,0.7157,225.6,57.3,0.6787,0.6345,0.526,0.2094,0.3824,0.7538,0.5012,0.1193,0.6337,0.568,0.424132,CMN,BRACKET_BASE,false,true,0.6221565600000001,0.6405,0.7803749999999999,,0.3918,false
EVT-CON-1409,Imperial Annexation War in Republic of India,2020,contemporary,war,South Asia,Republic of India,CHR-CON-1409,30859.6,0.377,0.557,0.5657,0.266,88,0.573,83.7,8.6,0.7376,247.4,77.4,0.7859,0.672,0.5634,0.3452,0.464,0.5629,0.5215,-0.1091,0.6863,0.579,0.460815,CMN,BRACKET_BASE,false,true,0.6539614799999999,0.4921124,0.7581756,,0.3857,false
EVT-CON-1410,Epidemic Fever Outbreak across Global Transnational Institutions,1981,contemporary,pandemic,Global,Global Transnational Institutions,CHR-CON-1410,10073.9,0.602,0.476,0.3357,0.344,66,0.502,71.7,12.9,0.6342,85.6,82.4,0.7341,0.5912,0.5507,0.1634,0.3994,0.5647,0.4539,-0.0265,0.9093,0.6508,0.567084,CMN,BRACKET_BASE,false,true,0.53417106,0.41854776000000005,0.505505,,0.4037,false
EVT-CON-1411,Temple Bureaucracy Reorganization of Japan,2026,contemporary,religious,East Asia,Japan,CHR-CON-1411,29290.5,0.497,0.792,0.4451,0.783,71.2,0.7475,83.1,14.3,0.7653,265.1,59.9,0.7034,0.6452,0.6322,0.4899,0.5983,0.7592,0.625,0.114,0.3078,0.4748,0.465591,CMN,BRACKET_BASE,false,true,0.43295408,0.40450744,0.40309136,,0.3627,false
EVT-CON-1412,Succession Conflict of USSR / Russian Federation,2001,contemporary,war,Eurasia,USSR / Russian Federation,CHR-CON-1412,44402.8,0.56,0.649,0.605,0.754,95.2,0.853,81.7,28.2,0.8337,213.7,59.4,0.6853,0.7696,0.661,0.5048,0.6104,0.5645,0.6221,-0.2051,0.6257,0.5534,0.869868,RMD,BRACKET_HIGH,true,false,0.28423332,0.39891965,0.5501925700000001,,0.3409,false
EVT-CON-1413,Astronomical Standardization by Sub-Saharan Africa,2021,contemporary,technological,Africa,Sub-Saharan Africa,CHR-CON-1413,16894,0.277,0.638,0.4459,0.671,98.8,0.8295,59.6,12.7,0.5027,144.5,73.6,0.728,0.5782,0.63,0.7497,0.8709,0.9423,0.7542,0.3641,0.4085,0.662,0.813774,RMD,BRACKET_HIGH,true,false,0.35189644,0.56875,0.67625,,0.3259,false
EVT-CON-1414,Printing & Communications Diffusion in Republic of India,2020,contemporary,technological,South Asia,Republic of India,CHR-CON-1414,31876.8,0.453,0.851,0.4639,0.316,79.9,0.5575,61.6,23.6,0.5896,284.1,43.2,0.6249,0.4789,0.5332,0.6505,0.7634,0.851,0.6554,0.3721,0.3562,0.6783,0.914703,RMD,BRACKET_HIGH,true,false,0.19310241,0.38807339999999996,0.40663971,,0.328,false
EVT-CON-1415,Metallurgical Innovation Surge in Global Transnational Institutions,1951,contemporary,technological,Global,Global Transnational Institutions,CHR-CON-1415,35900.6,0.647,0.13,0.6581,0.836,83.7,0.8365,62.3,10.2,0.5167,422.2,58.5,0.7301,0.6073,0.6551,0.7433,0.8113,0.8494,0.7333,0.2421,0.1619,0.4995,0.835358,RMD,BRACKET_HIGH,true,false,0.21653457999999998,0.48755663000000005,0.58365773,,0.2933,false
EVT-CON-1416,Hydraulic Engineering Grid in Latin America (Mercosur/Alliance),1963,contemporary,technological,Latin America,Latin America (Mercosur/Alliance),CHR-CON-1416,44797.3,0.485,0.425,0.6982,0.78,95.1,0.8655,58.9,22.5,0.5539,196.9,44.4,0.6044,0.5918,0.6407,0.7404,0.8772,0.7725,0.7245,0.1807,0.4124,0.513,0.728033,RMD,BRACKET_HIGH,false,false,0.26499825,0.39161166,0.460768,,0.2841,false
EVT-CON-1417,Decentralization Wave across Republic of India,2017,contemporary,collapse,South Asia,Republic of India,CHR-CON-1417,26896,0.29,0.114,0.6891,0.678,90.4,0.791,68.4,28.9,0.6946,181.7,54,0.6466,0.8172,0.6981,0.335,0.4298,0.4185,0.5397,-0.3987,0.8005,0.7192,0.523601,CMN,BRACKET_BASE,false,true,0.61956548,0.612234,0.9440816799999999,,0.385,false
EVT-CON-1418,Respiratory Virulence Wave across Middle East & North Africa (MENA),1955,contemporary,pandemic,Middle East,Middle East & North Africa (MENA),CHR-CON-1418,21836.5,0.383,0.219,0.5842,0.408,72.8,0.568,55.8,9.4,0.4419,348.2,46.1,0.6541,0.594,0.5374,0.0389,0.2798,0.4907,0.3882,-0.1033,0.644,0.6077,0.51423,CMN,BRACKET_BASE,false,true,0.5840484300000001,0.44049599999999994,0.5156536,,0.3971,false
EVT-CON-1419,Institutional Dissolution of Sub-Saharan Africa,2023,contemporary,collapse,Africa,Sub-Saharan Africa,CHR-CON-1419,14873.1,0.533,0.788,0.3059,0.405,92.1,0.663,56.1,19.7,0.507,537.8,71.6,0.8131,0.6434,0.5843,0.1925,0.2353,0.3947,0.41,-0.2487,0.5524,0.681,0.571734,CMN,BRACKET_BASE,false,true,0.46730044000000004,0.42527776,0.5781534,,0.4038,false
EVT-CON-1420,Epidemic Fever Outbreak across European Union / Western Europe,2001,contemporary,pandemic,Europe,European Union / Western Europe,CHR-CON-1420,13076.3,0.628,0.709,0.285,0.463,98.3,0.723,79.4,11.1,0.7063,129.2,79.6,0.7499,0.6629,0.6298,0.1586,0.3741,0.487,0.4625,-0.1759,0.621,0.6231,0.629704,CMN,BRACKET_BASE,false,true,0.49369709999999994,0.4375912,0.55824096,,0.4055,false
EVT-CON-1421,Maritime Trade Hub Expansion in European Union / Western Europe,1976,contemporary,economic,Europe,European Union / Western Europe,CHR-CON-1421,14663.9,0.405,0.708,0.3664,0.634,88.9,0.7615,82.3,22,0.8029,202.7,59.1,0.68,0.6923,0.6598,0.4299,0.4974,0.7359,0.6031,0.0436,0.6416,0.5243,0.389811,CMN,BRACKET_BASE,false,true,0.6217195799999999,0.51588332,0.6949086000000001,,0.3915,false
EVT-CON-1422,Agricultural Plague Wave in United States,1986,contemporary,pandemic,North America,United States,CHR-CON-1422,12950.5,0.439,0.262,0.4746,0.658,89.3,0.7755,62.4,15.7,0.5508,572.6,80.1,0.8601,0.7598,0.7211,0.3611,0.5838,0.7243,0.63,-0.0355,0.9429,0.6148,0.807186,RMD,BRACKET_HIGH,true,false,0.33570616000000003,0.42774948,0.51948325,,0.4034,false
EVT-CON-1423,Hydraulic Engineering Grid in Global Transnational Institutions,1976,contemporary,technological,Global,Global Transnational Institutions,CHR-CON-1423,40796.2,0.577,0.193,0.7042,0.721,82.7,0.774,56.1,10.8,0.4536,205.7,77.2,0.7715,0.6138,0.6496,0.761,0.8481,0.7914,0.7328,0.1776,0.4313,0.544,0.791253,RMD,BRACKET_HIGH,true,false,0.27016047,0.562875,0.7601249999999999,,0.2754,false
EVT-CON-1424,Constitutional Reorganization of Japan,1976,contemporary,transformation,East Asia,Japan,CHR-CON-1424,17817.4,0.647,0.174,0.4824,0.245,81.5,0.53,56.6,17,0.4962,451,58.2,0.7334,0.4443,0.5134,0.4369,0.6064,0.7556,0.5513,0.3113,0.3329,0.655,0.909993,RMD,BRACKET_HIGH,true,false,0.26345460000000004,0.38839129,0.34385754999999996,,0.3452,false
EVT-CON-1425,Printing & Communications Diffusion in Middle East & North Africa (MENA),2007,contemporary,technological,Middle East,Middle East & North Africa (MENA),CHR-CON-1425,26452.2,0.614,0.201,0.5618,0.636,77.5,0.7055,77.2,17.4,0.7204,193.3,72.7,0.7445,0.5913,0.6294,0.6995,0.8135,0.7899,0.7047,0.1986,0.2287,0.4963,0.877777,RMD,BRACKET_HIGH,true,false,0.14103149999999998,0.38995280000000004,0.4078453,,0.2886,false
EVT-CON-1426,Fiscal Default Crisis in People's Republic of China,1989,contemporary,collapse,East Asia,People's Republic of China,CHR-CON-1426,46241,0.448,0.787,0.6137,0.308,88.7,0.5975,74,14.4,0.6679,130.2,47.6,0.5904,0.7586,0.6975,0.348,0.4357,0.5205,0.5521,-0.2381,0.6968,0.6509,0.564962,CMN,BRACKET_BASE,false,true,0.51563312,0.5079376,0.82557572,,0.393,false
EVT-CON-1427,Metallurgical Innovation Surge in Republic of India,1945,contemporary,technological,South Asia,Republic of India,CHR-CON-1427,6069.3,0.485,0.735,0.2571,0.579,85.5,0.717,64,13.8,0.5566,367.6,60.5,0.7301,0.5128,0.5516,0.6262,0.7349,0.7177,0.6286,0.2049,0.4269,0.6178,0.69179,RMD,BRACKET_MEDIUM,false,false,0.3203015,0.39046272,0.44937704,,0.2875,false
EVT-CON-1428,Succession Conflict of Japan,1996,contemporary,war,East Asia,Japan,CHR-CON-1428,23502.5,0.54,0.8,0.3778,0.748,69.3,0.7205,83.2,11.7,0.7508,292.3,68.2,0.752,0.7078,0.6013,0.303,0.3868,0.6111,0.522,-0.0967,0.5549,0.5436,0.62405,CMN,BRACKET_BASE,false,true,0.56559594,0.52504704,0.7653724199999999,,0.406,false
EVT-CON-1429,Frontier Campaign of People's Republic of China,2021,contemporary,war,East Asia,People's Republic of China,CHR-CON-1429,29117.2,0.308,0.758,0.5105,0.647,67.3,0.66,84.2,16.8,0.7922,574.7,48.3,0.7014,0.6274,0.5166,0.176,0.2535,0.5642,0.4275,-0.0632,0.652,0.5327,0.663877,RMD,BRACKET_MEDIUM,false,true,0.417438,0.52847904,0.7273724899999999,,0.406,false
EVT-CON-1430,Agrarian Insurgency in Latin America (Mercosur/Alliance),1946,contemporary,revolution,Latin America,Latin America (Mercosur/Alliance),CHR-CON-1430,14926.1,0.501,0.14,0.5104,0.206,67.7,0.4415,58.6,18.8,0.5285,284.1,73.8,0.7779,0.6537,0.5052,0.2178,0.3391,0.7664,0.4964,0.1127,0.6356,0.6277,0.523245,CMN,BRACKET_BASE,false,true,0.55302352,0.444854,0.48101156999999994,,0.392,false
EVT-CON-1431,Pantheon Reformation of Southeast Asia (ASEAN),1988,contemporary,religious,Southeast Asia,Southeast Asia (ASEAN),CHR-CON-1431,10883.8,0.546,0.65,0.3076,0.649,92.2,0.7855,59.3,13.1,0.5018,90.1,71.2,0.6818,0.5317,0.5766,0.4094,0.5328,0.4539,0.5009,-0.0778,0.4326,0.5409,0.752924,RMD,BRACKET_HIGH,true,false,0.34120452,0.47567799999999993,0.7000558,,0.3027,false
EVT-CON-1432,Fiscal Default Crisis in People's Republic of China,1946,contemporary,collapse,East Asia,People's Republic of China,CHR-CON-1432,28567.3,0.592,0.748,0.4233,0.793,82.8,0.8105,74.3,29.5,0.7618,490.7,74.2,0.8195,0.8501,0.7459,0.4782,0.5509,0.666,0.6582,-0.1841,0.4259,0.5365,0.783051,RMD,BRACKET_HIGH,true,false,0.36752745000000003,0.610375,0.8716250000000001,,0.3901,false
EVT-CON-1433,Mercantile Tariff Overhaul across Latin America (Mercosur/Alliance),1977,contemporary,economic,Latin America,Latin America (Mercosur/Alliance),CHR-CON-1433,12086.5,0.596,0.378,0.385,0.834,98.2,0.908,70.1,27.6,0.7051,258.8,82.8,0.8162,0.7664,0.7346,0.5529,0.6554,0.6541,0.6727,-0.1123,0.5172,0.5202,0.627924,CMN,BRACKET_BASE,false,true,0.382875,0.57575,0.823875,,0.3365,false
EVT-CON-1434,Territorial Rupture of Sub-Saharan Africa,1992,contemporary,collapse,Africa,Sub-Saharan Africa,CHR-CON-1434,16213,0.592,0.275,0.4542,0.782,73.7,0.7595,66,30.2,0.6766,448.7,69.1,0.7875,0.7957,0.6787,0.413,0.4468,0.5743,0.5817,-0.2214,0.5717,0.6089,0.703157,RMD,BRACKET_HIGH,false,false,0.33006455999999995,0.5753606400000001,0.8358477599999999,,0.3876,false
EVT-CON-1435,Dynastic Disintegration of Global Transnational Institutions,1951,contemporary,collapse,Global,Global Transnational Institutions,CHR-CON-1435,18475.9,0.542,0.661,0.3737,0.236,66,0.448,69.3,25.7,0.6851,513.9,47.9,0.6913,0.6503,0.533,0.1383,0.2121,0.465,0.3997,-0.1853,0.6692,0.6713,0.663567,RMD,BRACKET_MEDIUM,false,true,0.44225265,0.54733238,0.80768247,,0.4073,false
EVT-CON-1436,Sanitation & Medical Breakthrough in Japan,1958,contemporary,technological,East Asia,Japan,CHR-CON-1436,23755.4,0.546,0.481,0.474,0.504,97.3,0.7385,71.6,11.3,0.6235,519.7,66.9,0.7871,0.5699,0.6013,0.6806,0.8264,0.7603,0.6877,0.1904,0.3936,0.5558,0.537906,CMN,BRACKET_BASE,false,true,0.39856595999999994,0.565375,0.7072499999999999,,0.2903,false
EVT-CON-1437,Territorial Rupture of USSR / Russian Federation,2019,contemporary,collapse,Eurasia,USSR / Russian Federation,CHR-CON-1437,28705.8,0.3,0.165,0.6871,0.29,74.5,0.5175,64.4,9.6,0.5358,297.8,64.4,0.7343,0.7117,0.6227,0.4017,0.4279,0.3904,0.5109,-0.3213,0.6931,0.7157,0.833964,RMD,BRACKET_HIGH,true,false,0.40160112000000003,0.3938876,0.58884309,,0.3458,false
EVT-CON-1438,Orthodoxy & Heresy Trial Wave in Middle East & North Africa (MENA),1964,contemporary,religious,Middle East,Middle East & North Africa (MENA),CHR-CON-1438,16860.3,0.639,0.513,0.3745,0.533,69.5,0.614,63,23,0.6011,414.6,64.6,0.7593,0.5744,0.5952,0.5123,0.684,0.8089,0.635,0.2345,0.2261,0.5747,0.897565,RMD,BRACKET_HIGH,true,false,0.21540908,0.39800304,0.34565454,,0.342,false
EVT-CON-1439,Canal Infrastructure Boom in Global Transnational Institutions,1952,contemporary,economic,Global,Global Transnational Institutions,CHR-CON-1439,4268.1,0.513,0.749,0.2283,0.672,93.1,0.8015,68.1,10.6,0.5816,515.7,39,0.6471,0.6314,0.579,0.4696,0.5883,0.4723,0.5481,-0.1591,0.436,0.5832,0.770235,RMD,BRACKET_HIGH,true,false,0.31885488,0.37990969,0.50158999,,0.3121,false
EVT-CON-1440,Agrarian Restructuring of Southeast Asia (ASEAN),2025,contemporary,transformation,Southeast Asia,Southeast Asia (ASEAN),CHR-CON-1440,28739.9,0.467,0.277,0.6037,0.227,94.4,0.5855,64.7,20.8,0.6062,85,70.8,0.6756,0.5556,0.6104,0.5586,0.7849,0.8663,0.6752,0.3107,0.3357,0.6124,0.823275,RMD,BRACKET_HIGH,true,false,0.28178941999999996,0.4027998,0.34692162,,0.3434,false
EVT-CON-1441,Temple Bureaucracy Reorganization of Middle East & North Africa (MENA),1985,contemporary,religious,Middle East,Middle East & North Africa (MENA),CHR-CON-1441,31642.7,0.277,0.305,0.6784,0.266,73.5,0.5005,67.6,17.8,0.6194,94.8,53.4,0.5965,0.6344,0.6065,0.4494,0.6091,0.5244,0.5648,-0.11,0.2462,0.4812,0.464996,CMN,BRACKET_BASE,false,true,0.5719786099999999,0.5502784000000001,0.7060448000000001,,0.3272,false
EVT-CON-1442,Caravan Route Pestilence in Middle East & North Africa (MENA),1963,contemporary,pandemic,Middle East,Middle East & North Africa (MENA),CHR-CON-1442,8284.7,0.336,0.238,0.4708,0.775,71,0.7425,67.6,16.1,0.6092,130.9,69,0.6978,0.6533,0.5916,0.2443,0.3647,0.3617,0.4431,-0.2916,0.8546,0.7277,0.505681,CMN,BRACKET_BASE,false,true,0.6042753099999999,0.57125124,0.8844517000000001,,0.3837,false
EVT-CON-1443,Epidemic Fever Outbreak across Southeast Asia (ASEAN),2021,contemporary,pandemic,Southeast Asia,Southeast Asia (ASEAN),CHR-CON-1443,14142.7,0.342,0.853,0.3372,0.416,71.9,0.5675,55.1,29.5,0.555,249.4,68.9,0.744,0.5875,0.5573,0.2359,0.4179,0.3295,0.4256,-0.258,0.7858,0.7468,0.682825,RMD,BRACKET_MEDIUM,false,false,0.56443553,0.579375,0.9481249999999999,,0.3759,false
EVT-CON-1444,Mechanical Power Harnessing in People's Republic of China,1995,contemporary,technological,East Asia,People's Republic of China,CHR-CON-1444,31095.1,0.433,0.262,0.6395,0.453,66,0.5565,73.9,27.5,0.7455,520.5,84,0.8727,0.6208,0.6709,0.7646,0.8679,0.9074,0.7663,0.2866,0.3797,0.5885,0.91471,RMD,BRACKET_HIGH,true,false,0.15390996,0.38214316,0.41388919,,0.3072,false
EVT-CON-1445,Monastic Network Expansion of European Union / Western Europe,1990,contemporary,religious,Europe,European Union / Western Europe,CHR-CON-1445,35652,0.374,0.223,0.7099,0.651,82.1,0.736,81.2,26.2,0.8163,570.8,76.3,0.8409,0.7626,0.822,0.6786,0.8481,0.7146,0.7652,-0.048,0.3579,0.4061,0.705174,RMD,BRACKET_HIGH,false,false,0.1961742,0.57625,0.73225,,0.2971,false
EVT-CON-1446,Urban Quarantine Emergency in United States,1966,contemporary,pandemic,North America,United States,CHR-CON-1446,13609,0.642,0.56,0.3303,0.487,87.7,0.682,63,26.5,0.6221,122.3,79.6,0.7459,0.6737,0.6287,0.375,0.6193,0.375,0.5343,-0.2987,0.8884,0.7682,0.733013,RMD,BRACKET_HIGH,true,false,0.4615875,0.39804905,0.5979171999999999,,0.3667,false
EVT-CON-1447,Secular Legal Separation in European Union / Western Europe,2005,contemporary,religious,Europe,European Union / Western Europe,CHR-CON-1447,47713.2,0.265,0.269,0.8372,0.252,77.1,0.5115,82.1,31.5,0.8578,515.9,63.1,0.7676,0.7669,0.7483,0.5492,0.7104,0.9057,0.7361,0.1388,0.5308,0.5067,0.774378,RMD,BRACKET_HIGH,true,false,0.21221910000000002,0.4989376000000001,0.60284094,,0.3873,false
EVT-CON-1448,Coalition Defense of Southeast Asia (ASEAN),1993,contemporary,war,Southeast Asia,Southeast Asia (ASEAN),CHR-CON-1448,18833.2,0.553,0.717,0.3568,0.295,73.3,0.514,72.9,29.3,0.7455,203.5,83.9,0.8043,0.5834,0.5039,0.2782,0.3399,0.3755,0.4162,-0.2079,0.3457,0.5862,0.723634,RMD,BRACKET_HIGH,false,false,0.48977752,0.5800000000000001,0.859,,0.3592,true
EVT-CON-1449,Mechanical Power Harnessing in European Union / Western Europe,1985,contemporary,technological,Europe,European Union / Western Europe,CHR-CON-1449,39633,0.362,0.232,0.7466,0.702,93.9,0.8205,78,29.1,0.7992,466,39.1,0.6402,0.7021,0.7246,0.7958,0.8939,1,0.8233,0.3251,0.4266,0.5573,0.838408,RMD,BRACKET_HIGH,true,false,0.12486376,0.39288105,0.40565196000000003,,0.3096,false
EVT-CON-1450,Silver Flotilla Currency Shock in Latin America (Mercosur/Alliance),1951,contemporary,economic,Latin America,Latin America (Mercosur/Alliance),CHR-CON-1450,32175.8,0.305,0.787,0.5302,0.335,98.8,0.6615,69.7,11.3,0.603,497.2,75.2,0.8254,0.6171,0.5709,0.3095,0.365,0.5822,0.4889,-0.0349,0.5468,0.5163,0.740876,RMD,BRACKET_HIGH,true,false,0.34133695999999997,0.50309487,0.7099190999999999,,0.3944,false
EVT-CON-1451,Navigational Instrument Reform in Middle East & North Africa (MENA),1978,contemporary,technological,Middle East,Middle East & North Africa (MENA),CHR-CON-1451,5086.9,0.618,0.36,0.3209,0.751,89.4,0.8225,65.2,23.4,0.6272,218.8,65.2,0.716,0.5786,0.628,0.7295,0.8073,0.8912,0.7269,0.3126,0.2406,0.5934,0.804795,RMD,BRACKET_HIGH,true,false,0.16755438,0.54726315,0.5965113,,0.3145,false
EVT-CON-1452,Continental Standoff of Southeast Asia (ASEAN),2023,contemporary,war,Southeast Asia,Southeast Asia (ASEAN),CHR-CON-1452,41838.1,0.561,0.572,0.6047,0.687,96.2,0.8245,70.6,26.6,0.7045,387.1,54.4,0.7033,0.691,0.5719,0.3132,0.4165,0.8229,0.5631,0.1319,0.5421,0.5167,0.562968,CMN,BRACKET_BASE,false,true,0.56501577,0.54916203,0.67817982,,0.3961,false
EVT-CON-1453,Harbor Incursion Sickness in Latin America (Mercosur/Alliance),1953,contemporary,pandemic,Latin America,Latin America (Mercosur/Alliance),CHR-CON-1453,41032.7,0.275,0.546,0.6911,0.219,89.6,0.5575,60.7,11.3,0.5061,434.8,48.4,0.6817,0.6672,0.6367,0.3274,0.429,0.6434,0.5407,-0.0238,0.7185,0.5593,0.380955,CMN,BRACKET_BASE,false,true,0.6186014100000001,0.51410856,0.74094825,,0.4004,false
EVT-CON-1454,Epidemic Fever Outbreak across United States,2019,contemporary,pandemic,North America,United States,CHR-CON-1454,18174.4,0.356,0.141,0.5828,0.65,93.3,0.7915,77,29.4,0.7902,311.6,71.5,0.7731,0.7825,0.7027,0.2497,0.352,0.5454,0.5265,-0.2371,0.779,0.6281,0.636241,RMD,BRACKET_MEDIUM,false,true,0.40386554999999996,0.45153918000000004,0.56807744,,0.4059,false
EVT-CON-1455,Strategic Siege of USSR / Russian Federation,1994,contemporary,war,Eurasia,USSR / Russian Federation,CHR-CON-1455,35735.1,0.403,0.142,0.7263,0.296,70.1,0.4985,78.8,10,0.6932,66.5,78.9,0.6983,0.6124,0.5099,0.23,0.3992,0.7472,0.4997,0.1348,0.4817,0.5355,0.398474,CMN,BRACKET_BASE,false,true,0.7522930699999999,0.624125,0.7468750000000001,,0.3961,false
EVT-CON-1456,Synod Monotheistic Mandate in Latin America (Mercosur/Alliance),1964,contemporary,religious,Latin America,Latin America (Mercosur/Alliance),CHR-CON-1456,26160.8,0.324,0.25,0.6315,0.433,70.9,0.571,59.9,20.1,0.5503,176.6,47.6,0.6125,0.5787,0.5472,0.3475,0.5202,0.6152,0.5218,0.0365,0.3169,0.466,0.55296,CMN,BRACKET_BASE,false,true,0.6473736,0.579,0.705875,,0.3772,false
EVT-CON-1457,Mercantile Tariff Overhaul across Southeast Asia (ASEAN),1977,contemporary,economic,Southeast Asia,Southeast Asia (ASEAN),CHR-CON-1457,41775.1,0.361,0.134,0.7955,0.818,91.7,0.8675,69.2,18.2,0.639,324.7,45.7,0.6471,0.7983,0.7059,0.5605,0.6191,0.5909,0.6549,-0.2074,0.4235,0.5026,0.650088,RMD,BRACKET_MEDIUM,false,true,0.4570416,0.5842499999999999,0.858375,,0.327,false
EVT-CON-1458,Printing & Communications Diffusion in European Union / Western Europe,1955,contemporary,technological,Europe,European Union / Western Europe,CHR-CON-1458,45655.7,0.406,0.153,0.8112,0.46,79.4,0.627,80,12,0.7182,233.1,42.6,0.6076,0.6229,0.6705,0.7212,0.8069,0.9515,0.7546,0.3286,0.3981,0.5835,0.745479,RMD,BRACKET_HIGH,true,false,0.32604208000000007,0.48464829000000004,0.54978744,,0.3275,false
EVT-CON-1459,Synod Monotheistic Mandate in Southeast Asia (ASEAN),1966,contemporary,religious,Southeast Asia,Southeast Asia (ASEAN),CHR-CON-1459,37213.9,0.59,0.143,0.6831,0.224,90.6,0.565,68.2,9,0.5731,340.8,80.9,0.8266,0.69,0.7591,0.6073,0.6691,0.8489,0.7149,0.1589,0.2783,0.5122,0.667636,RMD,BRACKET_MEDIUM,false,true,0.40069574999999996,0.55569745,0.5615901200000001,,0.3405,false
EVT-CON-1460,Debt Crisis Settlement of European Union / Western Europe,1997,contemporary,economic,Europe,European Union / Western Europe,CHR-CON-1460,10759,0.3,0.777,0.3421,0.689,75.3,0.721,81,27,0.8189,463.8,66.3,0.7759,0.7325,0.64,0.4531,0.5961,0.8123,0.6468,0.0798,0.552,0.5288,0.653824,RMD,BRACKET_MEDIUM,false,true,0.35196032,0.41539419,0.45065562,,0.3965,false
EVT-CON-1461,Bureaucratic Consolidation of Latin America (Mercosur/Alliance),2021,contemporary,transformation,Latin America,Latin America (Mercosur/Alliance),CHR-CON-1461,45020.9,0.582,0.537,0.6375,0.56,77.1,0.6655,66.1,23.6,0.6381,360.1,76.8,0.8101,0.5906,0.638,0.5686,0.7654,0.7714,0.6668,0.1808,0.2607,0.5016,0.627768,CMN,BRACKET_BASE,false,true,0.29786666,0.54995157,0.5323051,,0.3184,false
EVT-CON-1462,Guild Monopoly Reform in Latin America (Mercosur/Alliance),1977,contemporary,economic,Latin America,Latin America (Mercosur/Alliance),CHR-CON-1462,22332.4,0.267,0.18,0.6352,0.845,76.8,0.8065,57.3,18.5,0.5127,555.9,53.6,0.7255,0.6367,0.5635,0.4524,0.5737,0.5729,0.5598,-0.0638,0.4623,0.4869,0.646388,RMD,BRACKET_MEDIUM,false,true,0.314118,0.38840526000000003,0.47821718,,0.332,false
EVT-CON-1463,Territorial Rupture of Southeast Asia (ASEAN),1948,contemporary,collapse,Southeast Asia,Southeast Asia (ASEAN),CHR-CON-1463,44101.2,0.619,0.528,0.6209,0.357,98.5,0.671,77.4,28,0.7862,105,41.2,0.5429,0.7636,0.6805,0.287,0.3393,0.3734,0.4888,-0.3902,0.6155,0.6829,0.391276,CMN,BRACKET_BASE,false,true,0.6594084000000001,0.64525,1,,0.3869,false
EVT-CON-1464,Harbor Incursion Sickness in European Union / Western Europe,2014,contemporary,pandemic,Europe,European Union / Western Europe,CHR-CON-1464,18894.3,0.354,0.118,0.5968,0.489,74.8,0.6185,61.7,18,0.5571,533.2,47,0.6895,0.6904,0.6243,0.1858,0.3656,0.7223,0.5177,0.0319,0.6403,0.5414,0.661449,RMD,BRACKET_MEDIUM,false,true,0.37027284,0.45889583,0.49653669,,0.3983,false
EVT-CON-1465,Orthodoxy & Heresy Trial Wave in Southeast Asia (ASEAN),1999,contemporary,religious,Southeast Asia,Southeast Asia (ASEAN),CHR-CON-1465,8687.3,0.449,0.694,0.3037,0.755,91.2,0.8335,76.2,26.6,0.7648,284.1,77.1,0.7944,0.6725,0.7346,0.5684,0.6337,0.6549,0.6528,-0.0176,0.2497,0.4166,0.803701,RMD,BRACKET_HIGH,true,false,0.16713116,0.3969227,0.43621808999999995,,0.3051,false
EVT-CON-1466,Frontier Campaign of European Union / Western Europe,2015,contemporary,war,Europe,European Union / Western Europe,CHR-CON-1466,16687.5,0.284,0.281,0.549,0.548,79.6,0.672,59.5,27.4,0.5898,400.4,48.6,0.6767,0.6287,0.5742,0.3226,0.4841,0.7469,0.5513,0.1182,0.4379,0.5317,0.762258,RMD,BRACKET_HIGH,true,false,0.33748832,0.5281175499999999,0.6528438,,0.4023,false
EVT-CON-1467,Monastic Network Expansion of European Union / Western Europe,1986,contemporary,religious,Europe,European Union / Western Europe,CHR-CON-1467,10144.6,0.449,0.468,0.3846,0.24,82.7,0.5335,59.5,15.1,0.516,107.7,40.8,0.5427,0.4501,0.4619,0.2767,0.3491,0.6084,0.4292,0.1583,0.3137,0.5788,0.836823,RMD,BRACKET_HIGH,true,false,0.45782751000000005,0.50261704,0.5805646200000001,,0.3785,false
EVT-CON-1468,Fiscal Default Crisis in Latin America (Mercosur/Alliance),1961,contemporary,collapse,Latin America,Latin America (Mercosur/Alliance),CHR-CON-1468,33522.3,0.481,0.647,0.5315,0.525,70.2,0.6135,82.1,14.9,0.7582,65.2,39,0.4974,0.6511,0.552,0.2162,0.269,0.2839,0.3944,-0.3672,0.834,0.7513,0.617429,CMN,BRACKET_BASE,false,true,0.6821146,0.608125,0.998,,0.3761,false
EVT-CON-1469,Pantheon Reformation of Global Transnational Institutions,2008,contemporary,religious,Global,Global Transnational Institutions,CHR-CON-1469,44283.2,0.482,0.296,0.7332,0.342,89.4,0.618,80.9,14.9,0.7452,92.6,85,0.7528,0.735,0.7297,0.6304,0.7944,0.7975,0.7374,0.0625,0.202,0.3998,0.703336,RMD,BRACKET_HIGH,false,false,0.20211069,0.54389532,0.57263634,,0.3226,false
EVT-CON-1470,Guild Monopoly Reform in Southeast Asia (ASEAN),1975,contemporary,economic,Southeast Asia,Southeast Asia (ASEAN),CHR-CON-1470,4542.1,0.453,0.286,0.3877,0.451,92.5,0.688,83.1,10.5,0.7425,384.4,45.1,0.6563,0.6256,0.5546,0.4329,0.5761,0.7893,0.5957,0.1637,0.3565,0.5348,0.452455,CMN,BRACKET_BASE,false,true,0.6400463999999999,0.58375,0.635375,,0.3846,false
EVT-CON-1471,Debt Crisis Settlement of Latin America (Mercosur/Alliance),1954,contemporary,economic,Latin America,Latin America (Mercosur/Alliance),CHR-CON-1471,34234.9,0.338,0.34,0.6729,0.751,97.3,0.862,57.8,12.9,0.4845,220.7,59,0.6856,0.7161,0.6333,0.414,0.543,0.5423,0.5697,-0.1738,0.6444,0.582,0.620573,CMN,BRACKET_BASE,false,true,0.6096372,0.58325,0.8916250000000001,,0.3638,false
EVT-CON-1472,Imperial Unification of United States,1962,contemporary,transformation,North America,United States,CHR-CON-1472,23135.8,0.442,0.321,0.5476,0.714,76.8,0.741,60.7,29.9,0.6177,489.2,69.2,0.7942,0.562,0.5884,0.4452,0.691,0.8081,0.6189,0.2461,0.3426,0.5626,0.810447,RMD,BRACKET_HIGH,true,false,0.36522528,0.5564559,0.55681995,,0.3728,false
EVT-CON-1473,Treaty System Implementation across Middle East & North Africa (MENA),1965,contemporary,transformation,Middle East,Middle East & North Africa (MENA),CHR-CON-1473,3738.7,0.437,0.542,0.3084,0.225,74.4,0.4845,59.2,28.3,0.592,349.5,79.1,0.8194,0.4432,0.4925,0.3843,0.6177,0.7784,0.5432,0.3352,0.1794,0.6481,0.539735,CMN,BRACKET_BASE,false,true,0.576125,0.5736249999999999,0.539625,,0.362,false
EVT-CON-1474,Educational Charter of United States,2002,contemporary,transformation,North America,United States,CHR-CON-1474,32852.3,0.475,0.894,0.4531,0.597,71.6,0.6565,61.3,29.9,0.6242,162.3,60.8,0.6724,0.4947,0.5446,0.477,0.6179,0.6263,0.5521,0.1316,0.2664,0.5076,0.515431,CMN,BRACKET_BASE,false,true,0.580125,0.55175,0.60675,,0.3006,false
EVT-CON-1475,Respiratory Virulence Wave across Japan,1976,contemporary,pandemic,East Asia,Japan,CHR-CON-1475,44948.9,0.349,0.558,0.7005,0.261,98.6,0.6235,76.3,20.9,0.7317,227.8,72.7,0.7564,0.7978,0.7367,0.2773,0.4349,0.5095,0.5512,-0.2883,0.7456,0.6637,0.397707,CMN,BRACKET_BASE,false,true,0.67938852,0.61444296,0.8781956999999999,,0.4058,false
EVT-CON-1476,Epidemic Fever Outbreak across Latin America (Mercosur/Alliance),2003,contemporary,pandemic,Latin America,Latin America (Mercosur/Alliance),CHR-CON-1476,20147.4,0.519,0.27,0.5129,0.625,68.1,0.653,55.4,26.2,0.5384,297.6,51.5,0.6698,0.6296,0.5763,0.289,0.4367,0.6423,0.5148,0.0127,0.7135,0.5596,0.717081,RMD,BRACKET_HIGH,false,false,0.422712,0.40783274999999997,0.48899711,,0.402,false
EVT-CON-1477,Epidemic Fever Outbreak across Republic of India,2026,contemporary,pandemic,South Asia,Republic of India,CHR-CON-1477,11033.7,0.463,0.18,0.4748,0.447,71.7,0.582,74.1,16.4,0.681,207,85.9,0.8155,0.7212,0.6873,0.4096,0.5731,0.7614,0.6305,0.0402,0.719,0.5708,0.619624,CMN,BRACKET_BASE,false,true,0.36988436,0.4206186,0.4969127,,0.3982,false
EVT-CON-1478,Fiscal Modernization in Sub-Saharan Africa,1963,contemporary,transformation,Africa,Sub-Saharan Africa,CHR-CON-1478,29636.4,0.632,0.845,0.3918,0.22,97.1,0.5955,75.1,16.2,0.6906,207.9,67.8,0.7253,0.5262,0.6033,0.5199,0.6409,0.8408,0.6262,0.3146,0.3639,0.6392,0.811849,RMD,BRACKET_HIGH,true,false,0.33483125,0.38176925999999994,0.33957279,,0.3464,false
EVT-CON-1479,Coalition Defense of Middle East & North Africa (MENA),1989,contemporary,war,Middle East,Middle East & North Africa (MENA),CHR-CON-1479,16528,0.553,0.611,0.3679,0.488,69.6,0.592,57.5,18.1,0.5124,314.7,64.2,0.7373,0.5675,0.4792,0.2868,0.3474,0.3952,0.4152,-0.1723,0.5305,0.6348,0.559298,CMN,BRACKET_BASE,false,true,0.49712322,0.38667095999999995,0.5238609200000001,,0.3546,false
EVT-CON-1480,Peasant Rebellion against Japan,1947,contemporary,revolution,East Asia,Japan,CHR-CON-1480,42523.1,0.594,0.156,0.7258,0.347,91.3,0.63,74.1,16.1,0.6792,63.1,69.8,0.649,0.676,0.557,0.2279,0.4806,0.7525,0.5388,0.0765,0.7153,0.5449,0.485936,CMN,BRACKET_BASE,false,true,0.52255875,0.43224239000000003,0.47655981000000003,,0.3912,false
EVT-CON-1481,Institutional Dissolution of Global Transnational Institutions,2000,contemporary,collapse,Global,Global Transnational Institutions,CHR-CON-1481,35556.1,0.52,0.138,0.6907,0.557,80.9,0.683,73.2,19.6,0.6905,306,64.8,0.7383,0.8229,0.7293,0.3503,0.3743,0.5335,0.5621,-0.2894,0.7223,0.6572,0.330503,CMN,BRACKET_BASE,false,true,0.76465008,0.643125,0.9660000000000001,,0.4024,false
EVT-CON-1482,Hydraulic Engineering Grid in Middle East & North Africa (MENA),2001,contemporary,technological,Middle East,Middle East & North Africa (MENA),CHR-CON-1482,13055.3,0.372,0.394,0.4561,0.365,74.6,0.5555,67.9,13.4,0.5962,547.6,42.7,0.6699,0.5241,0.5618,0.64,0.7531,0.8767,0.6711,0.3526,0.4126,0.6824,0.754548,RMD,BRACKET_HIGH,true,false,0.37068762000000005,0.5446142,0.57956589,,0.3309,false
EVT-CON-1483,Respiratory Virulence Wave across Southeast Asia (ASEAN),2015,contemporary,pandemic,Southeast Asia,Southeast Asia (ASEAN),CHR-CON-1483,20285.3,0.602,0.494,0.4221,0.307,95.1,0.629,68.1,17.7,0.6242,365.7,75.2,0.8032,0.7101,0.6794,0.3992,0.5438,0.6914,0.6048,-0.0187,0.8162,0.5929,0.608302,CMN,BRACKET_BASE,false,true,0.44446116999999996,0.41282325,0.51371712,,0.3931,false
EVT-CON-1484,Constitutional Reorganization of Latin America (Mercosur/Alliance),1946,contemporary,transformation,Latin America,Latin America (Mercosur/Alliance),CHR-CON-1484,16502.5,0.326,0.826,0.3713,0.782,82.6,0.804,71.6,18.7,0.6679,481.2,74.6,0.8201,0.554,0.6267,0.5702,0.7603,0.6609,0.6344,0.1069,0.3407,0.4964,0.688218,RMD,BRACKET_MEDIUM,false,false,0.31021705000000005,0.54799248,0.60146471,,0.296,false
EVT-CON-1485,Maritime Hegemony Clash in Japan,2017,contemporary,war,East Asia,Japan,CHR-CON-1485,41743.3,0.53,0.613,0.6009,0.675,79.1,0.733,83.2,26.3,0.8384,542.9,51.3,0.7123,0.673,0.5707,0.3803,0.5488,0.6207,0.5587,-0.0523,0.6838,0.5033,0.612563,CMN,BRACKET_BASE,false,true,0.37882575,0.40590719999999997,0.508923,,0.3847,false
EVT-CON-1486,Maritime Trade Hub Expansion in Middle East & North Africa (MENA),2006,contemporary,economic,Middle East,Middle East & North Africa (MENA),CHR-CON-1486,39793.1,0.527,0.737,0.547,0.398,67.2,0.535,66.2,16.9,0.5989,309.1,49.5,0.6625,0.5596,0.4961,0.3726,0.4791,0.5966,0.5008,0.037,0.5137,0.5263,0.583055,CMN,BRACKET_BASE,false,true,0.49640672,0.47908665,0.6486769499999999,,0.3586,false
EVT-CON-1487,Epidemic Fever Outbreak across Southeast Asia (ASEAN),1962,contemporary,pandemic,Southeast Asia,Southeast Asia (ASEAN),CHR-CON-1487,5057.7,0.619,0.528,0.2699,0.769,85.2,0.8105,64.8,28.6,0.6541,455.1,71.8,0.802,0.6865,0.6335,0.1567,0.3894,0.4305,0.4593,-0.256,0.758,0.6976,0.552005,CMN,BRACKET_BASE,false,true,0.6356297399999999,0.636375,0.94125,,0.4056,false
EVT-CON-1488,Secular Legal Separation in Latin America (Mercosur/Alliance),2013,contemporary,religious,Latin America,Latin America (Mercosur/Alliance),CHR-CON-1488,47365.2,0.567,0.411,0.7009,0.616,90.3,0.7595,74,27.3,0.7453,518,65.7,0.7809,0.7775,0.7377,0.59,0.7388,0.9274,0.7543,0.1499,0.5488,0.5173,0.739052,RMD,BRACKET_HIGH,true,false,0.21888585,0.5615007200000001,0.6118795,,0.3799,false
EVT-CON-1489,Provincial Autonomy Insurgency against Global Transnational Institutions,1948,contemporary,revolution,Global,Global Transnational Institutions,CHR-CON-1489,35687.1,0.284,0.313,0.7102,0.283,94.8,0.6155,71.3,22.5,0.6875,141,39.5,0.5557,0.7397,0.5668,0.274,0.4331,0.86,0.5747,0.1203,0.613,0.5462,0.822661,RMD,BRACKET_HIGH,true,false,0.259694,0.4544949999999999,0.47629200000000005,,0.3976,false
EVT-CON-1490,Agrarian Restructuring of Middle East & North Africa (MENA),1994,contemporary,transformation,Middle East,Middle East & North Africa (MENA),CHR-CON-1490,45013.5,0.404,0.414,0.7278,0.672,92.1,0.7965,59.5,18,0.5334,504,62.5,0.7629,0.592,0.659,0.5905,0.7699,0.8167,0.6856,0.2247,0.3195,0.5226,0.46515,CMN,BRACKET_BASE,false,true,0.5268545099999999,0.55545529,0.5242694600000001,,0.3254,false
EVT-CON-1491,Succession Conflict of United States,2002,contemporary,war,North America,United States,CHR-CON-1491,12446.4,0.331,0.556,0.4143,0.579,68.6,0.6325,62.4,18,0.5646,325.4,70,0.7687,0.5967,0.5286,0.3578,0.4722,0.6999,0.531,0.1032,0.4758,0.563,0.620018,CMN,BRACKET_BASE,false,true,0.43724942000000006,0.4074577,0.43500196,,0.3892,false
EVT-CON-1492,Astronomical Standardization by People's Republic of China,2010,contemporary,technological,East Asia,People's Republic of China,CHR-CON-1492,16832,0.405,0.597,0.4192,0.337,72,0.5285,61.1,27.4,0.607,249,65.3,0.7259,0.5044,0.53,0.6012,0.7311,0.634,0.6001,0.1296,0.4834,0.5876,0.816981,RMD,BRACKET_HIGH,true,false,0.32604805,0.47142227999999997,0.66264462,,0.2763,false
EVT-CON-1493,Monastic Network Expansion of Republic of India,1955,contemporary,religious,South Asia,Republic of India,CHR-CON-1493,8006.7,0.601,0.55,0.2952,0.383,99.4,0.6885,76.5,23.1,0.7471,249.5,60.7,0.703,0.5842,0.5658,0.4479,0.5664,0.7134,0.5755,0.1292,0.4203,0.5452,0.697171,RMD,BRACKET_MEDIUM,false,false,0.37451629000000003,0.5552175,0.61454932,,0.3562,false
EVT-CON-1494,Harbor Incursion Sickness in USSR / Russian Federation,1947,contemporary,pandemic,Eurasia,USSR / Russian Federation,CHR-CON-1494,4288.4,0.546,0.327,0.3452,0.346,84,0.593,81.8,24.7,0.8137,521.5,66.5,0.7854,0.6825,0.6383,0.1577,0.3021,0.6233,0.4808,-0.0592,0.9267,0.6309,0.763353,RMD,BRACKET_HIGH,true,false,0.61339836,0.66525,0.825375,,0.3982,false
EVT-CON-1495,Respiratory Virulence Wave across European Union / Western Europe,1972,contemporary,pandemic,Europe,European Union / Western Europe,CHR-CON-1495,30711.1,0.525,0.493,0.5392,0.402,82.6,0.614,60.9,21.8,0.5713,503,71.2,0.8063,0.6692,0.6083,0.1162,0.226,0.5813,0.4402,-0.0879,0.6677,0.5857,0.621471,CMN,BRACKET_BASE,false,true,0.45905219999999997,0.45752617000000007,0.50789672,,0.4011,false
EVT-CON-1496,Temple Bureaucracy Reorganization of United States,2002,contemporary,religious,North America,United States,CHR-CON-1496,33309.1,0.309,0.807,0.5331,0.471,94.5,0.708,64.4,14.3,0.564,504.7,64.2,0.7715,0.6222,0.6116,0.4158,0.5782,0.5087,0.5473,-0.1135,0.2695,0.4879,0.663632,RMD,BRACKET_MEDIUM,false,true,0.38474262,0.3990554,0.48467811,,0.3396,false
EVT-CON-1497,Judicial Standard Reform in Southeast Asia (ASEAN),1973,contemporary,transformation,Southeast Asia,Southeast Asia (ASEAN),CHR-CON-1497,5919.5,0.29,0.25,0.4597,0.512,97.4,0.743,77.8,24.6,0.7701,497.5,60.9,0.754,0.609,0.6538,0.5113,0.6617,0.8088,0.6489,0.1998,0.1147,0.4706,0.96563,RMD,BRACKET_HIGH,true,false,0.17663918999999997,0.38797916,0.32032369000000005,,0.3582,false
EVT-CON-1498,Metallurgical Innovation Surge in Republic of India,1966,contemporary,technological,South Asia,Republic of India,CHR-CON-1498,13524,0.638,0.427,0.3706,0.37,85.8,0.614,76.7,26.4,0.769,465.3,69.5,0.7921,0.5497,0.577,0.662,0.8133,0.7496,0.6703,0.1999,0.1953,0.5237,0.885703,RMD,BRACKET_HIGH,true,false,0.20578248,0.39015722999999997,0.40177505999999996,,0.2946,false
EVT-CON-1499,Strategic Siege of People's Republic of China,1953,contemporary,war,East Asia,People's Republic of China,CHR-CON-1499,37311.8,0.443,0.428,0.6426,0.786,78.3,0.7845,68.4,14,0.6052,481,40.4,0.649,0.6427,0.549,0.3387,0.4491,0.5364,0.5032,-0.1063,0.5858,0.529,0.567038,CMN,BRACKET_BASE,false,true,0.42386732000000005,0.51051014,0.77081286,,0.3798,false
EVT-CON-1500,Hydraulic Engineering Grid in United States,1980,contemporary,technological,North America,United States,CHR-CON-1500,23813.4,0.499,0.64,0.4409,0.835,83.9,0.837,65,16.2,0.5818,497.5,40.9,0.654,0.5761,0.6058,0.7124,0.8038,0.7546,0.6905,0.1785,0.3907,0.5451,0.871013,RMD,BRACKET_HIGH,true,false,0.18555227,0.38730023999999996,0.45722079,,0.2751,false
EVT-CON-1501,Printing & Communications Diffusion in USSR / Russian Federation,1961,contemporary,technological,Eurasia,USSR / Russian Federation,CHR-CON-1501,44564.3,0.339,0.188,0.811,0.477,76.8,0.6225,68.6,8.9,0.5768,486.5,56.2,0.7288,0.5975,0.6198,0.6722,0.779,0.7644,0.6866,0.1669,0.2494,0.4809,0.662862,RMD,BRACKET_MEDIUM,false,true,0.44336612,0.5398383999999999,0.59934129,,0.2835,false
EVT-CON-1502,Provincial Autonomy Insurgency against Japan,2010,contemporary,revolution,East Asia,Japan,CHR-CON-1502,27530.8,0.445,0.885,0.417,0.315,75.1,0.533,74.7,14.9,0.6785,72.2,61.4,0.6168,0.6075,0.45,0.0849,0.2728,0.3964,0.3623,-0.2111,0.5945,0.6483,0.459229,CMN,BRACKET_BASE,false,true,0.5445054,0.41269963,0.5426522300000001,,0.4044,false
EVT-CON-1503,Navigational Instrument Reform in People's Republic of China,1947,contemporary,technological,East Asia,People's Republic of China,CHR-CON-1503,34715,0.465,0.258,0.6637,0.678,95.8,0.818,63.5,23,0.6065,558.4,76.5,0.8403,0.6432,0.6838,0.7816,0.9279,0.8434,0.776,0.2002,0.2747,0.4936,0.66969,RMD,BRACKET_MEDIUM,false,true,0.21818622,0.5585708399999999,0.6477852,,0.2885,false
EVT-CON-1504,Harbor Incursion Sickness in People's Republic of China,2008,contemporary,pandemic,East Asia,People's Republic of China,CHR-CON-1504,16038.3,0.529,0.689,0.3473,0.646,78,0.713,78.5,14.7,0.7182,507.4,65.5,0.7784,0.7211,0.6554,0.3842,0.5659,0.6151,0.5883,-0.106,0.87,0.638,0.714934,RMD,BRACKET_HIGH,false,false,0.33214328,0.41549662000000004,0.54801461,,0.3886,false
EVT-CON-1505,Institutional Dissolution of USSR / Russian Federation,1994,contemporary,collapse,Eurasia,USSR / Russian Federation,CHR-CON-1505,23756.8,0.35,0.521,0.5208,0.6,79,0.695,83.6,20.7,0.8091,536.8,49.7,0.7035,0.775,0.6758,0.4017,0.449,0.5428,0.5689,-0.2322,0.6769,0.6209,0.475162,CMN,BRACKET_BASE,false,true,0.69755265,0.603125,0.937125,,0.3826,false
EVT-CON-1506,Agrarian Insurgency in Middle East & North Africa (MENA),1960,contemporary,revolution,Middle East,Middle East & North Africa (MENA),CHR-CON-1506,32513.6,0.467,0.799,0.481,0.653,89.3,0.773,71.1,14.6,0.6379,307.9,57.1,0.7002,0.6548,0.5552,0.3071,0.5145,0.8267,0.5717,0.1719,0.5352,0.5728,0.426536,CMN,BRACKET_BASE,false,true,0.58414224,0.54326864,0.6823651,,0.3963,false
EVT-CON-1507,Agrarian Restructuring of Republic of India,2016,contemporary,transformation,South Asia,Republic of India,CHR-CON-1507,28705.7,0.38,0.646,0.5188,0.501,73,0.6155,69.8,24.6,0.6839,401,72.7,0.7974,0.5476,0.5712,0.4392,0.6772,0.814,0.6098,0.2664,0.2048,0.5523,0.864617,RMD,BRACKET_HIGH,true,false,0.23424911000000004,0.5044164999999999,0.5164710400000001,,0.3721,false
EVT-CON-1508,Frontier Campaign of USSR / Russian Federation,2003,contemporary,war,Eurasia,USSR / Russian Federation,CHR-CON-1508,44646.7,0.322,0.898,0.6039,0.766,74.4,0.755,82.1,12.4,0.7432,563.9,83.9,0.878,0.7495,0.6725,0.5006,0.583,0.4788,0.5969,-0.2707,0.3446,0.547,0.512242,CMN,BRACKET_BASE,false,true,0.44691031000000003,0.588,0.8855000000000001,,0.3383,false
EVT-CON-1509,Bureaucratic Consolidation of Japan,2020,contemporary,transformation,East Asia,Japan,CHR-CON-1509,5481.3,0.37,0.722,0.2902,0.23,67.5,0.4525,75.3,13.5,0.6765,334.8,69.1,0.7663,0.489,0.5592,0.4183,0.5822,0.6865,0.547,0.1975,0.15,0.5613,0.655866,RMD,BRACKET_MEDIUM,false,true,0.5370404999999999,0.54624512,0.509588,,0.3436,false
EVT-CON-1510,Navigational Instrument Reform in Latin America (Mercosur/Alliance),2023,contemporary,technological,Latin America,Latin America (Mercosur/Alliance),CHR-CON-1510,14876.6,0.637,0.472,0.3696,0.829,76.6,0.7975,60.6,13.3,0.517,214.9,43.1,0.6042,0.5185,0.5559,0.6109,0.71,0.669,0.6129,0.1505,0.4585,0.5733,0.796082,RMD,BRACKET_HIGH,true,false,0.33243616000000004,0.37298475000000003,0.43969331000000006,,0.2731,false
EVT-CON-1511,Navigational Instrument Reform in Southeast Asia (ASEAN),1998,contemporary,technological,Southeast Asia,Southeast Asia (ASEAN),CHR-CON-1511,43073,0.435,0.89,0.5582,0.215,78.4,0.4995,55.1,15.5,0.471,126.7,47.2,0.5865,0.4589,0.4925,0.6001,0.7486,0.5868,0.5774,0.1279,0.4544,0.5834,0.929896,RMD,BRACKET_HIGH,true,false,0.32107431999999997,0.3984147,0.49520484000000003,,0.2872,false
EVT-CON-1512,Grain Market Price Shock across Japan,1997,contemporary,economic,East Asia,Japan,CHR-CON-1512,6502.2,0.264,0.567,0.3777,0.448,99.1,0.7195,68.3,12.8,0.597,364.6,45.2,0.653,0.6666,0.6064,0.3635,0.4283,0.7226,0.5575,0.056,0.3303,0.4887,0.584123,CMN,BRACKET_BASE,false,true,0.53535117,0.604375,0.706875,,0.4017,false
EVT-CON-1513,Hydraulic Engineering Grid in Middle East & North Africa (MENA),1962,contemporary,technological,Middle East,Middle East & North Africa (MENA),CHR-CON-1513,17050,0.375,0.776,0.3765,0.357,78.9,0.573,75.6,14.6,0.6864,558.2,71.9,0.8173,0.5136,0.5386,0.6223,0.7611,0.8699,0.6611,0.3563,0.3804,0.6721,0.751713,RMD,BRACKET_HIGH,true,false,0.2411094,0.38467025,0.36986465999999996,,0.3346,false
EVT-CON-1514,Agrarian Insurgency in USSR / Russian Federation,1998,contemporary,revolution,Eurasia,USSR / Russian Federation,CHR-CON-1514,34370.3,0.576,0.694,0.4965,0.478,82.9,0.6535,74.6,16,0.684,96.5,84.5,0.7533,0.6393,0.5281,0.1481,0.3986,0.4418,0.4312,-0.1975,0.5529,0.5998,0.38483,CMN,BRACKET_BASE,false,true,0.56702134,0.5145294,0.8023898999999999,,0.4053,false
EVT-CON-1515,Peasant Rebellion against Sub-Saharan Africa,1961,contemporary,revolution,Africa,Sub-Saharan Africa,CHR-CON-1515,8662.1,0.361,0.69,0.3311,0.519,73.8,0.6285,78.8,21.8,0.764,393.7,81.4,0.8395,0.6321,0.4899,0.1132,0.3003,0.5142,0.4099,-0.1179,0.7476,0.622,0.704127,RMD,BRACKET_HIGH,false,false,0.47039274,0.44002193999999994,0.53289488,,0.3924,false
EVT-CON-1516,Frontier Campaign of Middle East & North Africa (MENA),1970,contemporary,war,Middle East,Middle East & North Africa (MENA),CHR-CON-1516,23174,0.397,0.373,0.5458,0.581,91.1,0.746,73.6,31.9,0.7686,554.3,85.1,0.8828,0.7863,0.6691,0.4152,0.4724,0.859,0.6404,0.0727,0.4668,0.4769,0.646821,RMD,BRACKET_MEDIUM,false,true,0.33732888000000005,0.62160065,0.688358,,0.405,false
EVT-CON-1517,Guild Monopoly Reform in Republic of India,1946,contemporary,economic,South Asia,Republic of India,CHR-CON-1517,24482.3,0.606,0.362,0.4982,0.651,77.3,0.712,56,11.7,0.4579,88.6,53.6,0.5926,0.6196,0.5988,0.4135,0.5511,0.4741,0.5314,-0.1455,0.3618,0.5488,0.388695,CMN,BRACKET_BASE,false,true,0.6385150799999999,0.5673750000000001,0.8145,,0.3279,false
EVT-CON-1518,Civic Restoration Revolt in USSR / Russian Federation,1982,contemporary,revolution,Eurasia,USSR / Russian Federation,CHR-CON-1518,8726.4,0.32,0.669,0.3503,0.314,82.3,0.5685,70.8,31.1,0.7337,200,51.1,0.639,0.5973,0.5147,0.1292,0.2843,0.4201,0.3891,-0.1772,0.5709,0.6205,0.444889,CMN,BRACKET_BASE,false,true,0.56637884,0.51177284,0.79128405,,0.4075,false
EVT-CON-1519,Printing & Communications Diffusion in Japan,1982,contemporary,technological,East Asia,Japan,CHR-CON-1519,43408,0.624,0.198,0.7121,0.571,82.3,0.697,59.7,11.4,0.4959,205.2,64.7,0.7089,0.5712,0.6259,0.7188,0.782,0.7982,0.6992,0.227,0.24,0.5268,0.701096,RMD,BRACKET_HIGH,false,false,0.3224186,0.38170902,0.4214563,,0.2833,false
EVT-CON-1520,Orthodoxy & Heresy Trial Wave in People's Republic of China,1980,contemporary,religious,East Asia,People's Republic of China,CHR-CON-1520,11176.8,0.415,0.514,0.3903,0.276,70.2,0.489,67.2,12.1,0.5809,368,60,0.7276,0.5014,0.4935,0.3445,0.4708,0.5438,0.4708,0.0424,0.4737,0.5523,0.545832,CMN,BRACKET_BASE,false,true,0.5651020900000001,0.555125,0.7205,,0.3448,false
EVT-CON-1521,Navigational Instrument Reform in Latin America (Mercosur/Alliance),1971,contemporary,technological,Latin America,Latin America (Mercosur/Alliance),CHR-CON-1521,19785.8,0.266,0.873,0.4047,0.343,80.4,0.5735,83,28,0.8465,451.5,83,0.8574,0.5768,0.6216,0.7099,0.7798,0.8793,0.7135,0.3025,0.2481,0.5817,0.638411,RMD,BRACKET_MEDIUM,false,true,0.45950379999999996,0.54861372,0.5892107999999999,,0.3145,false
EVT-CON-1522,Judicial Standard Reform in Middle East & North Africa (MENA),2017,contemporary,transformation,Middle East,Middle East & North Africa (MENA),CHR-CON-1522,29555.2,0.54,0.428,0.5438,0.632,77.2,0.702,68.7,10.7,0.5887,468.1,62.1,0.7556,0.5729,0.5974,0.4703,0.5991,0.7108,0.5901,0.1379,0.297,0.5035,0.497334,CMN,BRACKET_BASE,false,true,0.6297559400000001,0.564125,0.622375,,0.343,false
EVT-CON-1523,Frontier Campaign of Sub-Saharan Africa,2024,contemporary,war,Africa,Sub-Saharan Africa,CHR-CON-1523,4595.6,0.521,0.142,0.4109,0.693,91.7,0.805,74.7,16.4,0.6875,198,76.3,0.7643,0.7324,0.637,0.4038,0.4707,0.7069,0.5902,-0.0255,0.6451,0.5195,0.470718,CMN,BRACKET_BASE,false,true,0.49256064,0.5004363,0.70344774,,0.3992,false
EVT-CON-1524,Navigational Instrument Reform in United States,1954,contemporary,technological,North America,United States,CHR-CON-1524,19531.3,0.301,0.542,0.4912,0.431,97.4,0.7025,64.3,28.9,0.6505,424.5,43.1,0.6535,0.5288,0.5835,0.6902,0.8314,0.7795,0.6827,0.2507,0.4454,0.6001,0.605428,CMN,BRACKET_BASE,false,true,0.32186405999999995,0.49361472000000006,0.6727855999999999,,0.2981,false
EVT-CON-1525,Civic Restoration Revolt in Global Transnational Institutions,2009,contemporary,revolution,Global,Global Transnational Institutions,CHR-CON-1525,43442.7,0.342,0.19,0.7994,0.74,66.1,0.7005,78.7,12.5,0.7072,380.5,46.5,0.6626,0.7569,0.659,0.4106,0.5205,0.7193,0.6133,-0.0376,0.417,0.4235,0.551426,CMN,BRACKET_BASE,false,true,0.32993154,0.42192339,0.4804101,,0.401,false
EVT-CON-1526,Treaty System Implementation across Republic of India,1988,contemporary,transformation,South Asia,Republic of India,CHR-CON-1526,37903.4,0.594,0.154,0.6848,0.737,68.9,0.713,70.2,14.1,0.6252,236.1,73.2,0.7615,0.6015,0.6482,0.5286,0.7096,0.8932,0.6762,0.2917,0.168,0.5261,0.890501,RMD,BRACKET_HIGH,true,false,0.1376622,0.3992763,0.33073507999999996,,0.3623,false
EVT-CON-1527,Monastic Network Expansion of Southeast Asia (ASEAN),1951,contemporary,religious,Southeast Asia,Southeast Asia (ASEAN),CHR-CON-1527,9211,0.286,0.808,0.3231,0.518,69.2,0.605,74.7,23.7,0.7313,415.2,43.5,0.6539,0.5724,0.554,0.4129,0.4951,0.6224,0.5314,0.05,0.4326,0.5162,0.543176,CMN,BRACKET_BASE,false,true,0.5559858,0.5635,0.708125,,0.3497,false
EVT-CON-1528,Frontier Fragmentation of United States,2012,contemporary,collapse,North America,United States,CHR-CON-1528,12856.8,0.395,0.201,0.5053,0.764,66,0.712,68.6,14.6,0.611,161.7,43.3,0.5846,0.7529,0.6467,0.2827,0.3438,0.3286,0.4709,-0.4243,0.5625,0.7255,0.467475,CMN,BRACKET_BASE,false,true,0.6078477,0.6097612499999999,0.9549852,,0.3754,false
EVT-CON-1529,Secular Legal Separation in Middle East & North Africa (MENA),1961,contemporary,religious,Middle East,Middle East & North Africa (MENA),CHR-CON-1529,19031,0.417,0.672,0.4129,0.262,72.3,0.4925,63.5,23.4,0.6089,282.7,48.9,0.6531,0.5309,0.5456,0.415,0.5074,0.7091,0.5416,0.1782,0.3683,0.5912,0.788966,RMD,BRACKET_HIGH,true,false,0.4227957,0.54778078,0.5748562500000001,,0.3566,false
EVT-CON-1530,Monastic Network Expansion of European Union / Western Europe,2008,contemporary,religious,Europe,European Union / Western Europe,CHR-CON-1530,12996.4,0.638,0.274,0.4118,0.213,95.6,0.5845,84.1,16,0.7863,556.1,67.3,0.794,0.6918,0.6833,0.49,0.6533,0.5532,0.6143,-0.1386,0.4339,0.5459,0.699657,RMD,BRACKET_MEDIUM,false,false,0.2972244,0.572375,0.8250000000000001,,0.3312,false
EVT-CON-1531,Palatial Collapse of USSR / Russian Federation,1997,contemporary,collapse,Eurasia,USSR / Russian Federation,CHR-CON-1531,24878.3,0.473,0.477,0.5072,0.724,90.1,0.8125,60.7,21.9,0.5697,68.9,61.3,0.6129,0.7251,0.6617,0.3245,0.3941,0.4863,0.5183,-0.2388,0.4108,0.5782,0.413824,CMN,BRACKET_BASE,false,true,0.7392500000000001,0.610375,0.912625,,0.3919,false
EVT-CON-1532,Harbor Incursion Sickness in United States,1971,contemporary,pandemic,North America,United States,CHR-CON-1532,14331,0.53,0.82,0.2924,0.398,90.4,0.651,77.1,11.6,0.6845,536.4,53.9,0.7244,0.6708,0.5988,0.2238,0.397,0.3027,0.4386,-0.3681,0.8456,0.796,0.730559,RMD,BRACKET_HIGH,true,false,0.3914475,0.41963954,0.6233662200000001,,0.3886,false
EVT-CON-1533,Urban Quarantine Emergency in European Union / Western Europe,2010,contemporary,pandemic,Europe,European Union / Western Europe,CHR-CON-1533,44536.3,0.531,0.673,0.6077,0.286,83.9,0.5625,59.2,14.8,0.511,290.2,79.4,0.8074,0.7068,0.6305,0.2672,0.465,0.4217,0.4982,-0.2851,0.9149,0.7605,0.365974,CMN,BRACKET_BASE,false,true,0.77544477,0.569298,0.87424288,,0.3949,false
EVT-CON-1534,Orthodoxy & Heresy Trial Wave in Southeast Asia (ASEAN),1960,contemporary,religious,Southeast Asia,Southeast Asia (ASEAN),CHR-CON-1534,14312.4,0.486,0.734,0.3312,0.44,91,0.675,76.2,16,0.7012,413.3,63.8,0.755,0.6412,0.6388,0.4585,0.5883,0.5299,0.5713,-0.1113,0.5435,0.5699,0.63345,RMD,BRACKET_MEDIUM,false,true,0.28781721000000005,0.38408654,0.50384447,,0.3234,false
EVT-CON-1535,Debt Crisis Settlement of European Union / Western Europe,1971,contemporary,economic,Europe,European Union / Western Europe,CHR-CON-1535,26996.8,0.518,0.483,0.5109,0.432,76.4,0.598,62.8,10,0.5209,104.2,81.1,0.7418,0.5712,0.4724,0.3414,0.4012,0.6193,0.4811,0.0481,0.5305,0.5441,0.561346,CMN,BRACKET_BASE,false,true,0.44049407999999995,0.48326630000000004,0.64068988,,0.3797,false
EVT-CON-1536,Educational Charter of Republic of India,2012,contemporary,transformation,South Asia,Republic of India,CHR-CON-1536,20978.8,0.345,0.593,0.4757,0.507,98.1,0.744,60.1,26.6,0.5914,168.8,61.2,0.6772,0.5459,0.5937,0.4999,0.7339,0.774,0.6295,0.2281,0.1413,0.5168,0.825284,RMD,BRACKET_HIGH,true,false,0.23671879,0.49111474,0.46659820999999996,,0.3383,false
EVT-CON-1537,Maritime Hegemony Clash in Japan,2012,contemporary,war,East Asia,Japan,CHR-CON-1537,16032.8,0.484,0.862,0.3089,0.636,69.6,0.666,70.7,21.6,0.6756,387.3,55.8,0.7103,0.5909,0.4903,0.2437,0.369,0.5494,0.4487,-0.0415,0.5557,0.5438,0.660975,RMD,BRACKET_MEDIUM,false,true,0.45314126000000005,0.50895886,0.7263145500000001,,0.4003,false
EVT-CON-1538,Coalition Defense of European Union / Western Europe,2002,contemporary,war,Europe,European Union / Western Europe,CHR-CON-1538,6763.4,0.474,0.516,0.3323,0.452,89.9,0.6755,58.4,25.4,0.5659,277.5,39.8,0.6062,0.5459,0.4961,0.2477,0.3837,0.4103,0.4167,-0.1356,0.5439,0.6031,0.820423,RMD,BRACKET_HIGH,true,false,0.36549859999999995,0.40011030000000003,0.5320963799999999,,0.3722,false
EVT-CON-1539,Synod Monotheistic Mandate in Global Transnational Institutions,2001,contemporary,religious,Global,Global Transnational Institutions,CHR-CON-1539,3823.5,0.447,0.313,0.3749,0.681,96.6,0.8235,65.6,14.1,0.5757,59.1,44.3,0.5168,0.5887,0.5843,0.5021,0.668,0.7381,0.6162,0.1494,0.3031,0.5203,0.719319,RMD,BRACKET_HIGH,false,false,0.3684639,0.38708196,0.37432872,,0.3355,false
EVT-CON-1540,Agrarian Insurgency in Global Transnational Institutions,1978,contemporary,revolution,Global,Global Transnational Institutions,CHR-CON-1540,4875.5,0.596,0.482,0.289,0.585,67.1,0.628,76.1,18.6,0.7158,541.4,39.4,0.6526,0.6201,0.4962,0.2662,0.4934,0.7301,0.5212,0.11,0.5534,0.5828,0.606836,CMN,BRACKET_BASE,false,true,0.54356256,0.51700938,0.66754404,,0.4011,false
EVT-CON-1541,Agrarian Insurgency in Latin America (Mercosur/Alliance),1999,contemporary,revolution,Latin America,Latin America (Mercosur/Alliance),CHR-CON-1541,7038.8,0.416,0.823,0.2601,0.751,89.2,0.8215,77.6,17,0.7223,210.2,80.5,0.7896,0.68,0.5439,0.3231,0.4372,0.6292,0.5227,-0.0508,0.6405,0.547,0.777939,RMD,BRACKET_HIGH,true,false,0.28432434,0.42028998,0.517374,,0.4009,false
EVT-CON-1542,Urban Quarantine Emergency in European Union / Western Europe,1947,contemporary,pandemic,Europe,European Union / Western Europe,CHR-CON-1542,32880,0.317,0.222,0.7024,0.833,68.6,0.7595,65.6,9.1,0.5457,317.4,59.7,0.7154,0.722,0.6726,0.3816,0.4971,0.4207,0.5388,-0.3013,0.9403,0.7266,0.471161,CMN,BRACKET_BASE,false,true,0.6137998100000001,0.48364218,0.8387159000000001,,0.3581,false
EVT-CON-1543,Synod Monotheistic Mandate in United States,2005,contemporary,religious,North America,United States,CHR-CON-1543,36865.2,0.448,0.698,0.5561,0.552,84.3,0.6975,64.6,24.3,0.6261,268.6,55.3,0.6814,0.6456,0.6303,0.5062,0.5607,0.6868,0.6059,0.0412,0.2335,0.4287,0.462266,CMN,BRACKET_BASE,false,true,0.520995,0.55180845,0.61514061,,0.3371,false
EVT-CON-1544,Civic Restoration Revolt in Republic of India,1972,contemporary,revolution,South Asia,Republic of India,CHR-CON-1544,13475.6,0.367,0.891,0.3123,0.811,81.4,0.8125,67,17.5,0.6112,294.4,66.1,0.742,0.6451,0.5211,0.1661,0.2753,0.3534,0.3922,-0.2917,0.5881,0.6741,0.645587,RMD,BRACKET_MEDIUM,false,true,0.45460890000000004,0.58880127,0.88036368,,0.4019,false
EVT-CON-1545,Continental Standoff of Sub-Saharan Africa,1971,contemporary,war,Africa,Sub-Saharan Africa,CHR-CON-1545,34475.9,0.328,0.854,0.5238,0.628,92.6,0.777,55.7,15.3,0.4763,446.4,76.9,0.8261,0.7046,0.5967,0.3821,0.4918,0.652,0.5654,-0.0526,0.4239,0.4978,0.712665,RMD,BRACKET_HIGH,false,false,0.35090263,0.41134156,0.48523608999999995,,0.3927,false
EVT-CON-1546,Printing & Communications Diffusion in Sub-Saharan Africa,2012,contemporary,technological,Africa,Sub-Saharan Africa,CHR-CON-1546,16523.7,0.649,0.357,0.4153,0.297,65,0.4735,72.1,31.6,0.7507,159.9,55.3,0.6438,0.5276,0.5748,0.6472,0.7477,0.8653,0.6725,0.3377,0.4682,0.6835,0.600982,CMN,BRACKET_BASE,false,true,0.51726,0.5439041800000001,0.6031962300000001,,0.3262,false
EVT-CON-1547,Judicial Standard Reform in People's Republic of China,1995,contemporary,transformation,East Asia,People's Republic of China,CHR-CON-1547,27575.1,0.506,0.114,0.6304,0.569,83.4,0.7015,56.9,27.3,0.5612,120.2,61.6,0.6547,0.58,0.6256,0.519,0.757,0.7434,0.645,0.1634,0.2805,0.5044,0.61321,CMN,BRACKET_BASE,false,true,0.35735080999999996,0.39018786,0.36465664000000003,,0.332,false
EVT-CON-1548,Secular Legal Separation in Latin America (Mercosur/Alliance),2015,contemporary,religious,Latin America,Latin America (Mercosur/Alliance),CHR-CON-1548,37402.7,0.354,0.63,0.6095,0.454,78.2,0.618,66.3,26.2,0.6558,265.6,79.5,0.8015,0.6975,0.7285,0.5969,0.7114,0.8335,0.7136,0.136,0.4996,0.5458,0.874666,RMD,BRACKET_HIGH,true,false,0.23989061,0.38400598,0.40263851,,0.3404,false
EVT-CON-1549,Mercantile Tariff Overhaul across Sub-Saharan Africa,2019,contemporary,economic,Africa,Sub-Saharan Africa,CHR-CON-1549,33787.6,0.629,0.808,0.4411,0.354,72.3,0.5385,62.3,10.7,0.5197,544.3,56.5,0.7385,0.5395,0.4803,0.304,0.4276,0.5382,0.4579,-0.0013,0.3256,0.4872,0.504055,CMN,BRACKET_BASE,false,true,0.5036886399999999,0.55108848,0.66958677,,0.3719,false
EVT-CON-1550,Educational Charter of Republic of India,1981,contemporary,transformation,South Asia,Republic of India,CHR-CON-1550,6776.6,0.305,0.17,0.487,0.293,93.9,0.616,82.1,13.4,0.7492,382.1,60.1,0.7309,0.5566,0.6162,0.5099,0.711,0.7906,0.6369,0.234,0.2769,0.5478,0.723184,RMD,BRACKET_HIGH,false,false,0.35825868,0.40337484,0.35486616,,0.3393,false
EVT-CON-1551,Silver Flotilla Currency Shock in Republic of India,1993,contemporary,economic,South Asia,Republic of India,CHR-CON-1551,31968.9,0.46,0.664,0.5187,0.254,65.7,0.4555,76.3,10.8,0.6711,521.5,52.4,0.7149,0.5459,0.4571,0.3039,0.4586,0.6103,0.4752,0.0644,0.3146,0.4966,0.76199,RMD,BRACKET_HIGH,true,false,0.31176368000000004,0.39843799999999996,0.42166476,,0.3853,false
EVT-CON-1552,Strategic Siege of People's Republic of China,1992,contemporary,war,East Asia,People's Republic of China,CHR-CON-1552,37162.2,0.646,0.325,0.6113,0.574,97.1,0.7725,58.1,21.6,0.5399,104.5,62.3,0.648,0.7173,0.6338,0.315,0.4884,0.5963,0.5502,-0.121,0.3395,0.4917,0.766962,RMD,BRACKET_HIGH,true,false,0.24973599999999999,0.41549564,0.50397066,,0.4026,false
EVT-CON-1553,Dynastic Disintegration of Global Transnational Institutions,2001,contemporary,collapse,Global,Global Transnational Institutions,CHR-CON-1553,31395.4,0.393,0.113,0.6989,0.453,71,0.5815,67.7,31.3,0.7015,170.5,64.8,0.696,0.8095,0.7312,0.4251,0.4935,0.5673,0.6053,-0.2422,0.5476,0.6004,0.605521,CMN,BRACKET_BASE,false,true,0.32807775000000006,0.41070588999999996,0.5630741499999999,,0.3834,false
EVT-CON-1554,Coalition Defense of Republic of India,1993,contemporary,war,South Asia,Republic of India,CHR-CON-1554,35279.5,0.454,0.468,0.6091,0.647,67.7,0.662,77.6,15.9,0.7157,282.3,74.7,0.782,0.6959,0.6481,0.43,0.5141,0.5614,0.5699,-0.1345,0.5716,0.5475,0.547674,CMN,BRACKET_BASE,false,true,0.44068024,0.56063154,0.7888826000000001,,0.3583,false
EVT-CON-1555,Mechanical Power Harnessing in Global Transnational Institutions,1987,contemporary,technological,Global,Global Transnational Institutions,CHR-CON-1555,39903.8,0.567,0.332,0.6575,0.278,66.4,0.471,63.6,10.8,0.5343,499.7,73.8,0.8188,0.5443,0.5855,0.6366,0.7545,0.8509,0.6744,0.3066,0.3237,0.6271,0.830569,RMD,BRACKET_HIGH,true,false,0.30899575,0.54363574,0.5651102600000001,,0.3219,false
EVT-CON-1556,Monastic Network Expansion of Latin America (Mercosur/Alliance),2002,contemporary,religious,Latin America,Latin America (Mercosur/Alliance),CHR-CON-1556,41862.1,0.294,0.604,0.6754,0.625,95.1,0.788,55.9,21.5,0.5156,495.7,50.8,0.7032,0.698,0.6799,0.5831,0.6435,0.9367,0.7082,0.2387,0.2642,0.5281,0.813649,RMD,BRACKET_HIGH,true,false,0.19973772,0.57904938,0.5480244,,0.3674,false
EVT-CON-1557,Hydraulic Engineering Grid in United States,2008,contemporary,technological,North America,United States,CHR-CON-1557,24298.6,0.274,0.813,0.4609,0.233,67.6,0.4545,80.5,29,0.8255,439.6,72.5,0.803,0.5698,0.616,0.7289,0.8333,0.85,0.7196,0.2802,0.1625,0.5608,0.594794,CMN,BRACKET_BASE,false,true,0.39132016000000003,0.547646,0.59999616,,0.3027,false
EVT-CON-1558,Bureaucratic Consolidation of Middle East & North Africa (MENA),2024,contemporary,transformation,Middle East,Middle East & North Africa (MENA),CHR-CON-1558,17419.2,0.279,0.448,0.507,0.607,85.2,0.7295,73.4,28.3,0.7449,255.4,53.3,0.6677,0.5954,0.6743,0.5856,0.7631,0.8161,0.6869,0.2207,0.3431,0.5377,0.64629,RMD,BRACKET_MEDIUM,false,true,0.3218726,0.40121796,0.35997419999999997,,0.3281,false
EVT-CON-1559,Metallurgical Innovation Surge in Middle East & North Africa (MENA),1983,contemporary,technological,Middle East,Middle East & North Africa (MENA),CHR-CON-1559,4887.6,0.371,0.799,0.2615,0.283,81.7,0.55,77.4,17.3,0.722,556.1,42.2,0.6685,0.4507,0.4812,0.542,0.6246,0.6409,0.5479,0.1902,0.1768,0.5469,0.83869,RMD,BRACKET_HIGH,true,false,0.4149807,0.5491250000000001,0.637625,,0.2861,false
EVT-CON-1560,Respiratory Virulence Wave across European Union / Western Europe,1970,contemporary,pandemic,Europe,European Union / Western Europe,CHR-CON-1560,21652.9,0.53,0.793,0.3663,0.795,86.9,0.832,67,30.4,0.6886,482.8,58.6,0.7403,0.7301,0.6767,0.2086,0.3798,0.4078,0.4806,-0.3223,0.7913,0.7188,0.637975,RMD,BRACKET_MEDIUM,false,true,0.420763,0.45875753999999996,0.62549781,,0.4052,false
EVT-CON-1561,Silver Flotilla Currency Shock in People's Republic of China,1975,contemporary,economic,East Asia,People's Republic of China,CHR-CON-1561,22246.4,0.358,0.548,0.4967,0.58,86.6,0.723,59.3,12.1,0.4958,541.4,83.6,0.8736,0.705,0.6513,0.4936,0.6635,0.6441,0.6315,-0.0609,0.3428,0.4913,0.767774,RMD,BRACKET_HIGH,true,false,0.21677568,0.40085366,0.4736367,,0.3494,false
EVT-CON-1562,Palatial Collapse of USSR / Russian Federation,1998,contemporary,collapse,Eurasia,USSR / Russian Federation,CHR-CON-1562,5386.7,0.566,0.397,0.3281,0.335,74.3,0.539,65.2,20.5,0.6098,429.8,80,0.8389,0.6466,0.5891,0.3524,0.4382,0.4582,0.4969,-0.1884,0.6971,0.6845,0.42548,CMN,BRACKET_BASE,false,true,0.6202416000000001,0.49920321,0.8255464099999998,,0.3565,false
EVT-CON-1563,Succession Conflict of Southeast Asia (ASEAN),1961,contemporary,war,Southeast Asia,Southeast Asia (ASEAN),CHR-CON-1563,6909,0.449,0.208,0.4335,0.541,76,0.6505,64.2,10.8,0.5408,333.2,68.1,0.761,0.6366,0.5404,0.3686,0.4794,0.3543,0.4759,-0.2823,0.5352,0.6725,0.505087,CMN,BRACKET_BASE,false,true,0.515039,0.38261825000000005,0.554325,,0.344,false
EVT-CON-1564,Metallurgical Innovation Surge in USSR / Russian Federation,2021,contemporary,technological,Eurasia,USSR / Russian Federation,CHR-CON-1564,47722.7,0.387,0.86,0.6234,0.666,67.8,0.672,55.9,30.1,0.5672,517.7,60,0.7523,0.5832,0.6353,0.7297,0.864,0.9422,0.7509,0.359,0.3192,0.6243,0.61736,CMN,BRACKET_BASE,false,true,0.32824200000000003,0.5668536000000001,0.60061441,,0.329,false
EVT-CON-1565,Constitutional Reorganization of People's Republic of China,1968,contemporary,transformation,East Asia,People's Republic of China,CHR-CON-1565,7038,0.456,0.15,0.45,0.261,91.5,0.588,55.2,13.8,0.4619,225.9,79.8,0.7913,0.4619,0.5177,0.3743,0.6159,0.7403,0.542,0.2784,0.316,0.6344,0.589725,CMN,BRACKET_BASE,false,true,0.5330635,0.55033164,0.5440364999999999,,0.3668,false
EVT-CON-1566,Constitutional Reorganization of European Union / Western Europe,1955,contemporary,transformation,Europe,European Union / Western Europe,CHR-CON-1566,44255.6,0.479,0.672,0.621,0.624,97.9,0.8015,76.4,23.2,0.7466,480.5,45.6,0.6749,0.6051,0.6724,0.5548,0.7036,0.7465,0.6565,0.1414,0.1516,0.4189,0.6963,RMD,BRACKET_MEDIUM,false,false,0.22510065,0.39094106000000006,0.34900728,,0.3186,false
EVT-CON-1567,Fiscal Default Crisis in People's Republic of China,1986,contemporary,collapse,East Asia,People's Republic of China,CHR-CON-1567,41408,0.368,0.457,0.6932,0.814,77.2,0.793,59.5,27.3,0.5892,329.3,48.4,0.6616,0.7956,0.7074,0.439,0.4672,0.4578,0.5734,-0.3378,0.8389,0.7108,0.528608,CMN,BRACKET_BASE,false,true,0.595349,0.5024898600000001,0.87392053,,0.3546,false
EVT-CON-1568,Harbor Incursion Sickness in Global Transnational Institutions,2014,contemporary,pandemic,Global,Global Transnational Institutions,CHR-CON-1568,18809,0.462,0.756,0.3722,0.508,85.6,0.682,56.4,26.6,0.5516,462.5,46.8,0.6782,0.6204,0.5919,0.3021,0.5421,0.5306,0.5174,-0.0898,0.8664,0.6542,0.48664,CMN,BRACKET_BASE,false,true,0.58042194,0.40072954,0.53107671,,0.3874,false
EVT-CON-1569,Peasant Rebellion against Sub-Saharan Africa,1952,contemporary,revolution,Africa,Sub-Saharan Africa,CHR-CON-1569,19629.3,0.344,0.342,0.5392,0.32,91.4,0.617,61.4,9.3,0.5016,361.7,47.9,0.6659,0.5704,0.3911,0.0588,0.1688,0.2951,0.2968,-0.2753,0.7975,0.7294,0.471808,CMN,BRACKET_BASE,false,true,0.67230678,0.41210686,0.5605732600000001,,0.4062,false
EVT-CON-1570,Agrarian Insurgency in European Union / Western Europe,2023,contemporary,revolution,Europe,European Union / Western Europe,CHR-CON-1570,5854.4,0.591,0.424,0.3167,0.773,87.3,0.823,75.5,23.4,0.7381,412.3,69.8,0.7849,0.7522,0.6221,0.3387,0.5713,0.62,0.5809,-0.1322,0.6772,0.589,0.508005,CMN,BRACKET_BASE,false,true,0.5302268800000001,0.5306281799999999,0.80389509,,0.4012,false
EVT-CON-1571,Temple Bureaucracy Reorganization of Japan,2019,contemporary,religious,East Asia,Japan,CHR-CON-1571,6627,0.326,0.423,0.4034,0.354,70.8,0.531,83.4,17.7,0.789,206.6,80.3,0.7874,0.6633,0.6347,0.5115,0.6834,0.6974,0.6381,0.0341,0.4776,0.5093,0.728854,RMD,BRACKET_HIGH,false,false,0.35663143999999997,0.39574497,0.45166239999999996,,0.341,false
EVT-CON-1572,Popular Uprising of Southeast Asia (ASEAN),2002,contemporary,revolution,Southeast Asia,Southeast Asia (ASEAN),CHR-CON-1572,24311.5,0.612,0.275,0.521,0.653,72,0.6865,60.9,27.6,0.6061,281,41.5,0.6156,0.6705,0.569,0.2048,0.4419,0.6893,0.5151,0.0188,0.764,0.5591,0.759499,RMD,BRACKET_HIGH,true,false,0.420156,0.44478945,0.49656503999999996,,0.3905,false
EVT-CON-1573,Agrarian Restructuring of Southeast Asia (ASEAN),1961,contemporary,transformation,Southeast Asia,Southeast Asia (ASEAN),CHR-CON-1573,18351.5,0.632,0.622,0.3573,0.738,73.1,0.7345,59.8,19.5,0.5456,212.6,70.1,0.7384,0.5261,0.5696,0.4304,0.5847,0.6897,0.5601,0.1636,0.2335,0.5311,0.811766,RMD,BRACKET_HIGH,true,false,0.42646386000000003,0.5645,0.593875,,0.3476,false
EVT-CON-1574,Navigational Instrument Reform in Global Transnational Institutions,1985,contemporary,technological,Global,Global Transnational Institutions,CHR-CON-1574,8829.9,0.337,0.485,0.4013,0.512,85.9,0.6855,72.1,13.1,0.6397,140.2,46.3,0.5893,0.504,0.5388,0.5935,0.6938,0.7154,0.6091,0.2114,0.2582,0.5497,0.813545,RMD,BRACKET_HIGH,true,false,0.25605,0.54569709,0.60721472,,0.2948,false
EVT-CON-1575,Territorial Rupture of USSR / Russian Federation,1946,contemporary,collapse,Eurasia,USSR / Russian Federation,CHR-CON-1575,27710.7,0.406,0.294,0.6076,0.518,66.8,0.593,57.7,23.4,0.5464,540,45.5,0.6829,0.7334,0.6501,0.4214,0.5083,0.4949,0.5616,-0.2385,0.7838,0.6927,0.425542,CMN,BRACKET_BASE,false,true,0.58248972,0.580125,0.939875,,0.3513,false
EVT-CON-1576,Peasant Rebellion against European Union / Western Europe,2017,contemporary,revolution,Europe,European Union / Western Europe,CHR-CON-1576,22218.8,0.522,0.379,0.498,0.399,93,0.6645,58.2,19.5,0.5284,260.9,56.9,0.6872,0.6611,0.5488,0.3001,0.576,0.6925,0.5557,0.0314,0.7713,0.5861,0.748219,RMD,BRACKET_HIGH,true,false,0.41471919999999995,0.40864927999999995,0.47738887,,0.4022,false
EVT-CON-1577,Provincial Autonomy Insurgency against USSR / Russian Federation,1993,contemporary,revolution,Eurasia,USSR / Russian Federation,CHR-CON-1577,8171.7,0.394,0.842,0.2712,0.366,68.6,0.526,80.3,10.1,0.71,187.3,76.4,0.7608,0.5589,0.3883,0,0.2137,0.6765,0.3675,0.1176,0.38,0.5624,0.489123,CMN,BRACKET_BASE,false,true,0.54254904,0.5774587,0.7038246,,0.4119,false
EVT-CON-1578,Military Coup d’État in Sub-Saharan Africa,1968,contemporary,revolution,Africa,Sub-Saharan Africa,CHR-CON-1578,41926.4,0.449,0.663,0.6118,0.393,96.4,0.6785,59.9,14.3,0.5155,548.1,56.6,0.7395,0.7135,0.5656,0.3033,0.529,0.7018,0.5626,-0.0117,0.7805,0.5606,0.673812,RMD,BRACKET_MEDIUM,false,true,0.46291279999999996,0.4253956,0.50011746,,0.4026,false
EVT-CON-1579,Orthodoxy & Heresy Trial Wave in Republic of India,1989,contemporary,religious,South Asia,Republic of India,CHR-CON-1579,21046.3,0.436,0.793,0.389,0.621,68,0.6505,83.6,21.7,0.8151,289,39.2,0.6061,0.597,0.5756,0.4577,0.5161,0.6443,0.5581,0.0473,0.3387,0.462,0.422877,CMN,BRACKET_BASE,false,true,0.62550488,0.5506538400000001,0.6395578799999999,,0.3394,false
EVT-CON-1580,Treaty System Implementation across Republic of India,1963,contemporary,transformation,South Asia,Republic of India,CHR-CON-1580,13183.8,0.438,0.724,0.3384,0.661,95.7,0.809,67.7,17.6,0.6193,364.9,52.5,0.6895,0.562,0.6039,0.4765,0.6473,0.7232,0.6026,0.1612,0.1499,0.4895,0.61547,CMN,BRACKET_BASE,false,true,0.5258131199999999,0.55615406,0.529292,,0.3426,false
EVT-CON-1581,Fiscal Default Crisis in USSR / Russian Federation,1954,contemporary,collapse,Eurasia,USSR / Russian Federation,CHR-CON-1581,17548.9,0.635,0.531,0.3765,0.24,89.3,0.5665,68.2,24.5,0.6661,569,77.1,0.8447,0.7212,0.6421,0.254,0.2799,0.3944,0.4583,-0.3268,0.4142,0.6687,0.602367,CMN,BRACKET_BASE,false,true,0.37761537,0.43169919,0.58914252,,0.397,false
EVT-CON-1582,Fiscal Default Crisis in USSR / Russian Federation,1947,contemporary,collapse,Eurasia,USSR / Russian Federation,CHR-CON-1582,44128.9,0.302,0.284,0.7894,0.362,79.2,0.577,71.7,29.4,0.7332,441,55.2,0.7167,0.7641,0.6579,0.4126,0.4446,0.3292,0.5217,-0.4349,0.4245,0.656,0.384249,CMN,BRACKET_BASE,false,true,0.6222158999999999,0.52838943,0.91606216,,0.3642,false
EVT-CON-1583,Grain Market Price Shock across Latin America (Mercosur/Alliance),2015,contemporary,economic,Latin America,Latin America (Mercosur/Alliance),CHR-CON-1583,38962.6,0.415,0.496,0.6455,0.544,89.7,0.7205,65.3,22.4,0.6222,254.1,63.2,0.7168,0.6617,0.594,0.3884,0.5493,0.7062,0.5799,0.0445,0.3628,0.4465,0.735235,RMD,BRACKET_HIGH,true,false,0.31387638,0.41652017,0.44658783,,0.3921,false
EVT-CON-1584,Imperial Annexation War in United States,1960,contemporary,war,North America,United States,CHR-CON-1584,34208.3,0.263,0.324,0.6999,0.445,68.2,0.5635,56.6,12.6,0.4698,540.1,45.6,0.6834,0.6188,0.5374,0.3095,0.4357,0.405,0.4613,-0.2138,0.5985,0.6351,0.715566,RMD,BRACKET_HIGH,false,false,0.43915838000000007,0.40261515,0.56470008,,0.3592,false
EVT-CON-1585,Agricultural Plague Wave in European Union / Western Europe,1988,contemporary,pandemic,Europe,European Union / Western Europe,CHR-CON-1585,44566.7,0.558,0.894,0.5335,0.809,83.1,0.82,70.2,28,0.7086,517.3,69.2,0.7983,0.8096,0.7872,0.445,0.624,0.5191,0.637,-0.2905,0.858,0.6921,0.586681,CMN,BRACKET_BASE,false,true,0.4830243,0.5890615599999999,0.9156319199999999,,0.3753,false
EVT-CON-1586,Hydraulic Engineering Grid in USSR / Russian Federation,1948,contemporary,technological,Eurasia,USSR / Russian Federation,CHR-CON-1586,15442.9,0.501,0.616,0.3723,0.344,75.5,0.5495,58.6,12.6,0.4913,210,68.4,0.729,0.4876,0.5183,0.6318,0.7508,0.6288,0.6035,0.1412,0.2405,0.5544,0.691078,RMD,BRACKET_MEDIUM,false,false,0.27123558000000003,0.39331656,0.45928791999999996,,0.2823,false
EVT-CON-1587,Bureaucratic Consolidation of Sub-Saharan Africa,1986,contemporary,transformation,Africa,Sub-Saharan Africa,CHR-CON-1587,9027.9,0.419,0.218,0.4586,0.357,78.7,0.572,65.5,15.7,0.5842,336,58.5,0.7136,0.5038,0.534,0.4819,0.6142,0.8319,0.5932,0.3281,0.3764,0.6591,0.933919,RMD,BRACKET_HIGH,true,false,0.22968864,0.3896253,0.34955595,,0.3477,false
EVT-CON-1588,Synod Monotheistic Mandate in European Union / Western Europe,2002,contemporary,religious,Europe,European Union / Western Europe,CHR-CON-1588,18524.7,0.379,0.492,0.4738,0.784,87,0.827,73.7,16.3,0.6761,271.1,67.8,0.7445,0.6468,0.7207,0.5707,0.7402,0.8923,0.7141,0.2455,0.5029,0.5918,0.782003,RMD,BRACKET_HIGH,true,false,0.37975000000000003,0.5750000000000001,0.6228750000000001,,0.3577,false
EVT-CON-1589,Pantheon Reformation of Latin America (Mercosur/Alliance),1997,contemporary,religious,Latin America,Latin America (Mercosur/Alliance),CHR-CON-1589,16145.6,0.578,0.138,0.4989,0.644,75.7,0.7005,75.7,8.8,0.6526,187,72.7,0.7421,0.6507,0.7175,0.6042,0.6754,0.6169,0.6529,-0.0338,0.2644,0.4366,0.7098,RMD,BRACKET_HIGH,false,false,0.24212759999999997,0.5351554,0.64540794,,0.2688,false
EVT-CON-1590,Frontier Fragmentation of Republic of India,2014,contemporary,collapse,South Asia,Republic of India,CHR-CON-1590,10210.4,0.479,0.806,0.2748,0.299,87.6,0.5875,78.4,9.2,0.6841,60.6,52.9,0.5616,0.64,0.5313,0.2654,0.3538,0.4543,0.449,-0.1857,0.445,0.6096,0.709094,RMD,BRACKET_HIGH,false,false,0.48482875,0.41069811,0.5432623799999999,,0.3901,false
EVT-CON-1591,Harbor Incursion Sickness in Republic of India,1963,contemporary,pandemic,South Asia,Republic of India,CHR-CON-1591,29816.3,0.522,0.454,0.5438,0.428,72.8,0.578,68.7,11.9,0.5959,73.3,65.2,0.6369,0.6765,0.6156,0.1702,0.3985,0.3893,0.45,-0.2872,0.9297,0.7599,0.520404,CMN,BRACKET_BASE,false,true,0.69546918,0.54677275,0.8855806599999999,,0.4054,false
EVT-CON-1592,Navigational Instrument Reform in Latin America (Mercosur/Alliance),1951,contemporary,technological,Latin America,Latin America (Mercosur/Alliance),CHR-CON-1592,24382.9,0.616,0.592,0.4253,0.689,82.4,0.7565,57.9,17.7,0.5144,518.9,52.9,0.717,0.5214,0.5468,0.617,0.7656,0.8559,0.6613,0.3345,0.3561,0.6452,0.881022,RMD,BRACKET_HIGH,true,false,0.17380512,0.39151476,0.37226469,,0.3314,false
EVT-CON-1593,Secular Legal Separation in Middle East & North Africa (MENA),1977,contemporary,religious,Middle East,Middle East & North Africa (MENA),CHR-CON-1593,37766.8,0.421,0.231,0.7124,0.505,84,0.6725,69.7,13.7,0.6174,542.5,43.4,0.6727,0.7112,0.7415,0.6014,0.7168,0.7771,0.7096,0.0659,0.4803,0.4853,0.723427,RMD,BRACKET_HIGH,false,false,0.20295,0.38535312,0.42739083,,0.3276,false
EVT-CON-1594,Bureaucratic Consolidation of European Union / Western Europe,1971,contemporary,transformation,Europe,European Union / Western Europe,CHR-CON-1594,9484.6,0.441,0.784,0.2863,0.64,86.7,0.7535,79.5,29.3,0.8166,212.4,56.5,0.6704,0.5483,0.6163,0.4775,0.7256,0.8564,0.6448,0.3081,0.2707,0.5856,0.516924,CMN,BRACKET_BASE,false,true,0.522375,0.583375,0.572125,,0.368,false
EVT-CON-1595,Canal Infrastructure Boom in USSR / Russian Federation,1951,contemporary,economic,Eurasia,USSR / Russian Federation,CHR-CON-1595,37632.8,0.624,0.482,0.575,0.406,87.1,0.6385,81.2,19.1,0.7737,512.7,71.2,0.8076,0.7071,0.6774,0.5254,0.6626,0.8196,0.6784,0.1125,0.5778,0.5371,0.676652,RMD,BRACKET_MEDIUM,false,true,0.35692145,0.48450798000000006,0.6134652,,0.3715,false
EVT-CON-1596,Institutional Dissolution of Middle East & North Africa (MENA),2017,contemporary,collapse,Middle East,Middle East & North Africa (MENA),CHR-CON-1596,11581.5,0.548,0.543,0.3453,0.381,90,0.6405,55.4,16,0.4772,293,42.1,0.6216,0.6184,0.5306,0.1654,0.248,0.2516,0.3628,-0.3668,0.4678,0.7256,0.578182,CMN,BRACKET_BASE,false,true,0.5214280499999999,0.5861045,0.9100235999999999,,0.3829,false
EVT-CON-1597,Agrarian Insurgency in European Union / Western Europe,1990,contemporary,revolution,Europe,European Union / Western Europe,CHR-CON-1597,20759.8,0.59,0.178,0.5247,0.501,83,0.6655,59.8,15.3,0.5204,301.9,46.4,0.6453,0.683,0.5765,0.1776,0.3725,0.8759,0.5371,0.1929,0.3794,0.5724,0.524393,CMN,BRACKET_BASE,false,true,0.5421755,0.66650624,0.71801513,,0.4074,false
EVT-CON-1598,Printing & Communications Diffusion in Japan,1962,contemporary,technological,East Asia,Japan,CHR-CON-1598,36112.2,0.357,0.751,0.5607,0.799,75.6,0.7775,73.8,28.3,0.7492,109.7,42.6,0.553,0.6122,0.6673,0.7631,0.8436,0.9275,0.7627,0.3153,0.2274,0.544,0.823234,RMD,BRACKET_HIGH,true,false,0.24330108000000003,0.39079437,0.39019596,,0.3159,false
EVT-CON-1599,Agrarian Restructuring of Latin America (Mercosur/Alliance),1952,contemporary,transformation,Latin America,Latin America (Mercosur/Alliance),CHR-CON-1599,28315.1,0.526,0.683,0.4604,0.201,82.8,0.5145,83.9,24.3,0.834,350.4,83.7,0.8426,0.5791,0.6289,0.4836,0.7183,0.902,0.6624,0.3229,0.3881,0.6301,0.667765,RMD,BRACKET_MEDIUM,false,true,0.41542544,0.50003616,0.54572586,,0.3762,false
EVT-CON-1600,Bureaucratic Consolidation of Southeast Asia (ASEAN),1996,contemporary,transformation,Southeast Asia,Southeast Asia (ASEAN),CHR-CON-1600,46700.9,0.459,0.214,0.7864,0.584,76.2,0.673,80.4,25.7,0.8047,186.9,49.6,0.6266,0.6381,0.7027,0.5911,0.7532,0.8737,0.7118,0.2356,0.3659,0.5091,0.702092,RMD,BRACKET_HIGH,false,false,0.28086750000000005,0.39627844,0.35711190000000004,,0.3396,false
EVT-CON-1601,Systemic Governance Breakdown in Global Transnational Institutions,1984,contemporary,collapse,Global,Global Transnational Institutions,CHR-CON-1601,10335.2,0.412,0.704,0.3266,0.382,80.2,0.592,60.2,31.8,0.6237,75.5,76.1,0.6935,0.6593,0.6038,0.2212,0.2539,0.3169,0.411,-0.3424,0.6439,0.7445,0.664083,RMD,BRACKET_MEDIUM,false,true,0.46834424999999996,0.60546333,0.9301211500000001,,0.3849,false
EVT-CON-1602,Synod Monotheistic Mandate in Japan,1976,contemporary,religious,East Asia,Japan,CHR-CON-1602,41797,0.456,0.713,0.5935,0.415,74.2,0.5785,59.1,17.4,0.5255,110.6,46.5,0.5731,0.5912,0.6051,0.5153,0.5975,0.597,0.5812,0.0058,0.4123,0.4816,0.600673,CMN,BRACKET_BASE,false,true,0.34266958,0.47702916,0.65568416,,0.2809,false
EVT-CON-1603,Systemic Governance Breakdown in Sub-Saharan Africa,1972,contemporary,collapse,Africa,Sub-Saharan Africa,CHR-CON-1603,26855,0.334,0.299,0.62,0.385,76.5,0.575,73.1,24.3,0.7176,412.5,55.5,0.7134,0.7331,0.623,0.241,0.2992,0.4695,0.4732,-0.2636,0.8345,0.6941,0.432236,CMN,BRACKET_BASE,false,true,0.65905938,0.54176831,0.84490289,,0.4064,false
EVT-CON-1604,Treaty System Implementation across Southeast Asia (ASEAN),1987,contemporary,transformation,Southeast Asia,Southeast Asia (ASEAN),CHR-CON-1604,4627.7,0.503,0.437,0.3281,0.455,89.8,0.6765,73.8,19.8,0.6982,136.7,46.1,0.5865,0.4775,0.5146,0.402,0.6186,0.7559,0.5537,0.2784,0.1693,0.5672,0.738539,RMD,BRACKET_HIGH,true,false,0.3189518,0.3941613,0.33396538000000003,,0.3616,false
EVT-CON-1605,Continental Standoff of Southeast Asia (ASEAN),1953,contemporary,war,Southeast Asia,Southeast Asia (ASEAN),CHR-CON-1605,12166.6,0.377,0.618,0.3794,0.801,78.8,0.7945,74.9,30.2,0.7724,270.6,75.9,0.7849,0.6931,0.6211,0.3739,0.5314,0.4395,0.5318,-0.2536,0.3743,0.5686,0.570122,CMN,BRACKET_BASE,false,true,0.5601519,0.5920000000000001,0.8989999999999999,,0.3623,false
EVT-CON-1606,Grain Market Price Shock across USSR / Russian Federation,2012,contemporary,economic,Eurasia,USSR / Russian Federation,CHR-CON-1606,41042.5,0.418,0.465,0.6726,0.6,77.3,0.6865,57.2,29.3,0.5764,333.3,46.6,0.6535,0.6609,0.5626,0.3737,0.5293,0.8594,0.5972,0.1985,0.2762,0.5159,0.931669,RMD,BRACKET_HIGH,true,false,0.28619248,0.42299763999999995,0.40906020000000004,,0.402,false
EVT-CON-1607,Astronomical Standardization by People's Republic of China,1961,contemporary,technological,East Asia,People's Republic of China,CHR-CON-1607,32204.6,0.566,0.596,0.5094,0.275,72.6,0.5005,76.7,17,0.7126,223.9,80.6,0.7947,0.5608,0.6158,0.6902,0.7685,0.8739,0.7018,0.3131,0.1738,0.5841,0.582381,CMN,BRACKET_BASE,false,true,0.27762336,0.38259496000000004,0.36605656,,0.3175,false
EVT-CON-1608,Mechanical Power Harnessing in Japan,2013,contemporary,technological,East Asia,Japan,CHR-CON-1608,25577.9,0.328,0.195,0.6416,0.825,85.2,0.8385,65.5,23.7,0.6322,320,51.1,0.673,0.598,0.6496,0.7341,0.829,0.8575,0.7336,0.2595,0.308,0.5303,0.911806,RMD,BRACKET_HIGH,true,false,0.18545285,0.38337935,0.40927248,,0.3007,false
EVT-CON-1609,Printing & Communications Diffusion in United States,1945,contemporary,technological,North America,United States,CHR-CON-1609,39951.8,0.596,0.572,0.5773,0.282,68.6,0.484,76.6,21.8,0.7403,464.9,46.4,0.6766,0.5794,0.6088,0.7288,0.8085,0.8708,0.7193,0.2914,0.16,0.5571,0.811251,RMD,BRACKET_HIGH,true,false,0.15542669999999997,0.53853696,0.57419598,,0.3081,false
EVT-CON-1610,Borderlands Pacification of Sub-Saharan Africa,1972,contemporary,war,Africa,Sub-Saharan Africa,CHR-CON-1610,43497.1,0.352,0.705,0.6424,0.327,76,0.5435,83.8,24,0.8311,390.4,52.6,0.6949,0.6536,0.5466,0.3932,0.4726,0.5689,0.527,-0.0847,0.3762,0.4672,0.513025,CMN,BRACKET_BASE,false,true,0.42122262000000005,0.40253102999999996,0.48506184999999996,,0.3671,false
EVT-CON-1611,Territorial Rupture of Republic of India,2000,contemporary,collapse,South Asia,Republic of India,CHR-CON-1611,42261.7,0.289,0.416,0.7369,0.528,65.1,0.5895,67.7,12,0.5857,471.4,83.3,0.8621,0.7626,0.6723,0.2878,0.3702,0.4991,0.5184,-0.2635,0.836,0.6945,0.530667,CMN,BRACKET_BASE,false,true,0.45707420000000004,0.4240241,0.5753943,,0.4031,false
EVT-CON-1612,Imperial Annexation War in United States,1993,contemporary,war,North America,United States,CHR-CON-1612,16458,0.387,0.697,0.3913,0.7,83.9,0.7695,64.6,31.3,0.6681,68.3,47,0.5407,0.5522,0.4992,0.1532,0.2225,0.3318,0.3518,-0.2204,0.3144,0.5533,0.678219,RMD,BRACKET_MEDIUM,false,true,0.5022557,0.41759502,0.54749405,,0.397,false
EVT-CON-1613,Frontier Fragmentation of Latin America (Mercosur/Alliance),1973,contemporary,collapse,Latin America,Latin America (Mercosur/Alliance),CHR-CON-1613,5007.4,0.567,0.469,0.3027,0.374,87.5,0.6245,69.6,12,0.6062,208.1,52.3,0.6479,0.5967,0.5073,0.2217,0.2824,0.1883,0.3593,-0.4084,0.6718,0.7885,0.624413,CMN,BRACKET_BASE,false,true,0.61883856,0.58875,1,,0.3684,false
EVT-CON-1614,Printing & Communications Diffusion in European Union / Western Europe,1987,contemporary,technological,Europe,European Union / Western Europe,CHR-CON-1614,14851.5,0.55,0.469,0.3963,0.678,72.3,0.7005,79.8,9.5,0.701,200.4,57.5,0.6711,0.5745,0.6324,0.7471,0.8483,0.7479,0.71,0.1734,0.3251,0.5352,0.807783,RMD,BRACKET_HIGH,true,false,0.18196191,0.47575135999999996,0.6715800000000001,,0.2823,false
EVT-CON-1615,Provincial Autonomy Insurgency against USSR / Russian Federation,1990,contemporary,revolution,Eurasia,USSR / Russian Federation,CHR-CON-1615,8150.3,0.639,0.132,0.4105,0.39,86.6,0.628,62.6,31.5,0.6478,98.9,63.2,0.6485,0.5637,0.4731,0.1328,0.3946,0.7218,0.4572,0.1581,0.6044,0.6135,0.449116,CMN,BRACKET_BASE,false,true,0.4826805599999999,0.44527933000000003,0.48810755999999994,,0.3936,false
EVT-CON-1616,Provincial Autonomy Insurgency against European Union / Western Europe,1984,contemporary,revolution,Europe,European Union / Western Europe,CHR-CON-1616,12022.4,0.397,0.104,0.5263,0.5,71,0.605,63.8,15.3,0.5635,297,67.2,0.7481,0.6742,0.5048,0.2185,0.3765,0.603,0.4754,-0.0712,0.7614,0.6046,0.390244,CMN,BRACKET_BASE,false,true,0.7776132700000001,0.6088749999999999,0.8271249999999999,,0.403,false
EVT-CON-1617,Frontier Campaign of Southeast Asia (ASEAN),1954,contemporary,war,Southeast Asia,Southeast Asia (ASEAN),CHR-CON-1617,14576.8,0.469,0.239,0.4872,0.397,92.7,0.662,69.2,12.3,0.6036,291.5,40.2,0.6118,0.6149,0.5264,0.2748,0.4742,0.3969,0.4574,-0.218,0.5881,0.6318,0.388539,CMN,BRACKET_BASE,false,true,0.7010388000000001,0.58175,0.9117500000000001,,0.3784,false
EVT-CON-1618,Mechanical Power Harnessing in People's Republic of China,1965,contemporary,technological,East Asia,People's Republic of China,CHR-CON-1618,18559.9,0.576,0.77,0.3316,0.619,91.6,0.7675,74.6,27.4,0.7524,96.4,42.2,0.5417,0.5579,0.6139,0.6628,0.7553,0.8223,0.6824,0.2644,0.1925,0.5432,0.910996,RMD,BRACKET_HIGH,true,false,0.15545376,0.39083039999999997,0.37924608,,0.309,false
EVT-CON-1619,Metallurgical Innovation Surge in Japan,2020,contemporary,technological,East Asia,Japan,CHR-CON-1619,23038.6,0.567,0.556,0.4387,0.66,83.6,0.748,76.8,29.8,0.7905,527,47.9,0.6931,0.587,0.6316,0.7474,0.8829,0.9094,0.7517,0.3224,0.2539,0.571,0.7329,RMD,BRACKET_HIGH,true,false,0.3051727,0.55577734,0.60266808,,0.3186,false
EVT-CON-1620,Imperial Unification of Sub-Saharan Africa,1976,contemporary,transformation,Africa,Sub-Saharan Africa,CHR-CON-1620,18414.7,0.629,0.424,0.4182,0.337,69.5,0.516,80.4,21.7,0.7807,388,50.6,0.6845,0.5413,0.609,0.5194,0.6571,0.8417,0.6337,0.3004,0.3777,0.6294,0.639819,RMD,BRACKET_MEDIUM,false,true,0.45910276999999994,0.46860636,0.49558911999999994,,0.3462,false
EVT-CON-1621,Mechanical Power Harnessing in Middle East & North Africa (MENA),1990,contemporary,technological,Middle East,Middle East & North Africa (MENA),CHR-CON-1621,10156.5,0.372,0.246,0.4744,0.432,82.6,0.629,73.3,22.2,0.7072,506.8,68.9,0.7953,0.5767,0.6063,0.6713,0.82,0.9063,0.7161,0.3296,0.3046,0.6125,0.83453,RMD,BRACKET_HIGH,true,false,0.28573815,0.48487438999999993,0.52684872,,0.3304,false
EVT-CON-1622,Pantheon Reformation of Southeast Asia (ASEAN),1957,contemporary,religious,Southeast Asia,Southeast Asia (ASEAN),CHR-CON-1622,34284.7,0.343,0.439,0.6421,0.614,70.4,0.659,66.9,11,0.5711,158,41,0.5714,0.6076,0.626,0.5241,0.6539,0.6247,0.6073,0.0171,0.3842,0.4545,0.735038,RMD,BRACKET_HIGH,true,false,0.22637054999999998,0.38123532000000004,0.43344944,,0.2971,false
EVT-CON-1623,Succession Conflict of United States,1990,contemporary,war,North America,United States,CHR-CON-1623,38362,0.537,0.424,0.6251,0.227,97.1,0.599,59.8,18.5,0.5396,222.5,71.9,0.7507,0.6097,0.5186,0.2633,0.3984,0.402,0.4384,-0.2077,0.3406,0.5628,0.72471,RMD,BRACKET_HIGH,false,false,0.41960709,0.50995861,0.78732157,,0.3755,false
EVT-CON-1624,Palatial Collapse of Sub-Saharan Africa,2016,contemporary,collapse,Africa,Sub-Saharan Africa,CHR-CON-1624,19803.1,0.536,0.319,0.49,0.622,82,0.721,75.3,17.9,0.7029,543.2,78,0.8458,0.7479,0.6499,0.391,0.4129,0.3622,0.5128,-0.3857,0.496,0.6752,0.338078,CMN,BRACKET_BASE,false,true,0.7001167999999999,0.604625,0.9986250000000001,,0.3598,false
EVT-CON-1625,Silver Flotilla Currency Shock in People's Republic of China,1959,contemporary,economic,East Asia,People's Republic of China,CHR-CON-1625,46769.9,0.536,0.233,0.7582,0.795,88.7,0.841,77.2,15,0.706,547.8,74.1,0.8269,0.7466,0.7225,0.5136,0.6286,0.5128,0.6248,-0.2338,0.4052,0.5118,0.696924,RMD,BRACKET_MEDIUM,false,false,0.29983572000000003,0.588875,0.879625,,0.3371,false
EVT-CON-1626,Maritime Trade Hub Expansion in United States,1978,contemporary,economic,North America,United States,CHR-CON-1626,28087.7,0.414,0.833,0.4469,0.676,90.5,0.7905,56.1,20.6,0.5124,399.2,48.2,0.6745,0.6765,0.5917,0.3577,0.4852,0.4943,0.5211,-0.1822,0.4999,0.5909,0.614793,CMN,BRACKET_BASE,false,true,0.4456488,0.40003992,0.53680627,,0.3695,false
EVT-CON-1627,Harbor Incursion Sickness in Middle East & North Africa (MENA),2016,contemporary,pandemic,Middle East,Middle East & North Africa (MENA),CHR-CON-1627,13442.8,0.433,0.218,0.4941,0.827,95.2,0.8895,59.5,10.5,0.4884,248.2,78.6,0.7921,0.7227,0.6686,0.272,0.4703,0.3751,0.5017,-0.3476,0.6735,0.7053,0.853555,RMD,BRACKET_HIGH,true,false,0.34748496,0.42504000000000003,0.6191964799999999,,0.3953,false
EVT-CON-1628,Synod Monotheistic Mandate in Sub-Saharan Africa,1976,contemporary,religious,Africa,Sub-Saharan Africa,CHR-CON-1628,38945.7,0.594,0.569,0.5697,0.773,84.4,0.8085,69.2,16.8,0.6306,280.2,79.6,0.8059,0.6629,0.7234,0.5421,0.6176,0.8351,0.6762,0.1722,0.3615,0.512,0.763424,RMD,BRACKET_HIGH,true,false,0.29590406999999996,0.39112632,0.37411444,,0.3651,false
EVT-CON-1629,Military Coup d’État in United States,1995,contemporary,revolution,North America,United States,CHR-CON-1629,33243.7,0.539,0.678,0.5023,0.708,79.3,0.7505,76.4,10,0.6674,337.9,79.9,0.821,0.7749,0.6187,0.3097,0.4707,0.7736,0.5895,-0.0013,0.6689,0.5099,0.808786,RMD,BRACKET_HIGH,true,false,0.29768772000000004,0.44164692000000005,0.48603456000000006,,0.3903,false
EVT-CON-1630,Succession Conflict of Global Transnational Institutions,2022,contemporary,war,Global,Global Transnational Institutions,CHR-CON-1630,15016.6,0.471,0.235,0.4917,0.375,95,0.6625,76.6,30,0.7895,424.7,85.7,0.8665,0.7708,0.6991,0.5328,0.6163,0.7961,0.683,0.0253,0.6008,0.5023,0.505825,CMN,BRACKET_BASE,false,true,0.40332192,0.50556541,0.68240688,,0.3787,false
EVT-CON-1631,Secular Legal Separation in United States,1996,contemporary,religious,North America,United States,CHR-CON-1631,36124,0.586,0.327,0.6193,0.388,93.4,0.661,74.3,10.9,0.6502,80,38,0.5072,0.5664,0.5375,0.4435,0.5491,0.6391,0.5471,0.0727,0.2933,0.453,0.52339,CMN,BRACKET_BASE,false,true,0.4317571499999999,0.3931375,0.41154240000000003,,0.3356,false
EVT-CON-1632,Respiratory Virulence Wave across Global Transnational Institutions,1972,contemporary,pandemic,Global,Global Transnational Institutions,CHR-CON-1632,20147.1,0.483,0.317,0.5096,0.397,88.5,0.641,77.1,14.8,0.7037,150.7,85.2,0.789,0.7266,0.6927,0.3475,0.4922,0.5557,0.5629,-0.1709,0.652,0.6071,0.701408,RMD,BRACKET_HIGH,false,false,0.528471,0.58511641,0.84558816,,0.3937,false
EVT-CON-1633,Systemic Governance Breakdown in Southeast Asia (ASEAN),2023,contemporary,collapse,Southeast Asia,Southeast Asia (ASEAN),CHR-CON-1633,34166.1,0.594,0.252,0.6219,0.343,69.7,0.52,64.6,18.2,0.5895,399.5,50.4,0.6856,0.6854,0.6346,0.3325,0.3862,0.3125,0.4702,-0.3729,0.5558,0.7106,0.427419,CMN,BRACKET_BASE,false,true,0.6640005,0.5976250000000001,0.998375,,0.3613,false
EVT-CON-1634,Fiscal Modernization in Southeast Asia (ASEAN),1951,contemporary,transformation,Southeast Asia,Southeast Asia (ASEAN),CHR-CON-1634,43859.5,0.419,0.584,0.6619,0.747,91.5,0.831,66,16.3,0.5932,451.8,44.3,0.664,0.6089,0.6872,0.6243,0.8462,0.7145,0.6962,0.1056,0.2071,0.4259,0.563701,CMN,BRACKET_BASE,false,true,0.4188132,0.577125,0.6088749999999999,,0.3023,false
EVT-CON-1635,Printing & Communications Diffusion in USSR / Russian Federation,1991,contemporary,technological,Eurasia,USSR / Russian Federation,CHR-CON-1635,7660.2,0.552,0.129,0.4331,0.348,98.2,0.665,62.8,30.6,0.6445,385.4,58.5,0.7235,0.5598,0.6076,0.7177,0.8547,0.7364,0.6952,0.1766,0.3284,0.5461,0.736431,RMD,BRACKET_HIGH,true,false,0.33794,0.55655696,0.6983372800000001,,0.2856,false
EVT-CON-1636,Fiscal Default Crisis in Middle East & North Africa (MENA),2021,contemporary,collapse,Middle East,Middle East & North Africa (MENA),CHR-CON-1636,26192.4,0.48,0.846,0.4062,0.34,95.5,0.6475,76.6,20,0.7295,241.4,82,0.8071,0.7079,0.594,0.3895,0.4416,0.4781,0.5222,-0.2298,0.5084,0.6137,0.640175,RMD,BRACKET_MEDIUM,false,true,0.36515379000000003,0.5041886800000001,0.8120711999999999,,0.3582,false
EVT-CON-1637,Silver Flotilla Currency Shock in Japan,1996,contemporary,economic,East Asia,Japan,CHR-CON-1637,20332.5,0.281,0.874,0.4048,0.826,82.4,0.825,73,27.7,0.737,386.2,79.4,0.8281,0.6921,0.6135,0.4931,0.6031,0.6387,0.6081,-0.0534,0.4267,0.4705,0.77617,RMD,BRACKET_HIGH,true,false,0.2919675,0.39056984,0.46778228,,0.3442,false
EVT-CON-1638,Printing & Communications Diffusion in People's Republic of China,2025,contemporary,technological,East Asia,People's Republic of China,CHR-CON-1638,44966.6,0.506,0.581,0.6466,0.34,65.3,0.4965,81.2,9,0.7131,472,75,0.8207,0.5989,0.6529,0.7464,0.8183,0.8673,0.7368,0.2684,0.3005,0.5716,0.648464,RMD,BRACKET_MEDIUM,false,true,0.29956415999999997,0.47343029999999997,0.6023712,,0.2989,false
EVT-CON-1639,Maritime Trade Hub Expansion in People's Republic of China,1987,contemporary,economic,East Asia,People's Republic of China,CHR-CON-1639,9231.1,0.461,0.786,0.2774,0.486,77.9,0.6325,57.4,11.1,0.4694,186.4,40.9,0.5829,0.4827,0.4159,0.2485,0.3694,0.5905,0.4214,0.1078,0.6482,0.6434,0.661043,RMD,BRACKET_MEDIUM,false,true,0.6505231499999999,0.54567212,0.6541375999999999,,0.3882,false
EVT-CON-1640,Peasant Rebellion against United States,1996,contemporary,revolution,North America,United States,CHR-CON-1640,5968.9,0.535,0.216,0.3969,0.506,79.2,0.649,59.5,26,0.5814,174.8,46.8,0.6078,0.6176,0.4379,0.083,0.3205,0.3674,0.3653,-0.2502,0.7979,0.7205,0.563011,CMN,BRACKET_BASE,false,true,0.4915701,0.42104628000000005,0.56734698,,0.4035,false
EVT-CON-1641,Guild Monopoly Reform in Southeast Asia (ASEAN),2019,contemporary,economic,Southeast Asia,Southeast Asia (ASEAN),CHR-CON-1641,12607.1,0.57,0.841,0.2586,0.204,96.6,0.585,68.1,12.8,0.5948,330.9,38.9,0.6144,0.5615,0.4934,0.2695,0.4176,0.4654,0.4415,-0.0961,0.6493,0.6285,0.686312,RMD,BRACKET_MEDIUM,false,false,0.4706959400000001,0.50828291,0.7873488,,0.3757,false
EVT-CON-1642,Harbor Incursion Sickness in Latin America (Mercosur/Alliance),1982,contemporary,pandemic,Latin America,Latin America (Mercosur/Alliance),CHR-CON-1642,27162.1,0.474,0.589,0.4938,0.608,71.9,0.6635,59.5,15.7,0.5196,235.3,62.2,0.7063,0.6952,0.6709,0.1717,0.3302,0.3683,0.4473,-0.3269,0.9407,0.7902,0.396394,CMN,BRACKET_BASE,false,true,0.6408728399999999,0.6106603799999999,0.8893797499999999,,0.4061,false
EVT-CON-1643,Mercantile Tariff Overhaul across Republic of India,2026,contemporary,economic,South Asia,Republic of India,CHR-CON-1643,31071.2,0.547,0.337,0.5826,0.475,67.2,0.5735,69.4,24.6,0.6796,115.3,69,0.6886,0.6032,0.5304,0.2834,0.3602,0.7067,0.4968,0.1035,0.2901,0.4831,0.517581,CMN,BRACKET_BASE,false,true,0.43100394000000003,0.42845316,0.43076604999999996,,0.4058,false
EVT-CON-1644,Secular Legal Separation in European Union / Western Europe,2002,contemporary,religious,Europe,European Union / Western Europe,CHR-CON-1644,47111.1,0.603,0.702,0.6005,0.607,78.4,0.6955,72.2,31.1,0.7488,207.9,59.1,0.6818,0.7053,0.68,0.4883,0.6678,0.745,0.6573,0.0397,0.4778,0.4642,0.6002,CMN,BRACKET_BASE,false,true,0.415602,0.40590792,0.45361278,,0.3732,false
EVT-CON-1645,Respiratory Virulence Wave across European Union / Western Europe,1981,contemporary,pandemic,Europe,European Union / Western Europe,CHR-CON-1645,17755.6,0.277,0.727,0.4269,0.42,97.5,0.6975,62.7,31,0.6458,368.3,78.8,0.8217,0.7159,0.6787,0.2274,0.4598,0.388,0.494,-0.3279,0.6547,0.7052,0.603677,CMN,BRACKET_BASE,false,true,0.4304997,0.4322279,0.61018386,,0.4067,false
EVT-CON-1646,Popular Uprising of Republic of India,1956,contemporary,revolution,South Asia,Republic of India,CHR-CON-1646,8395.2,0.541,0.195,0.4232,0.233,94.8,0.5905,67.9,31.5,0.7048,246.6,83.1,0.8142,0.6313,0.4778,0.1722,0.3983,0.7726,0.4904,0.1413,0.3756,0.5424,0.467636,CMN,BRACKET_BASE,false,true,0.6566464,0.6389159100000001,0.70609196,,0.3977,false
EVT-CON-1647,Borderlands Pacification of Republic of India,2025,contemporary,war,South Asia,Republic of India,CHR-CON-1647,25832.1,0.362,0.267,0.612,0.212,72.9,0.4705,71.4,13.9,0.6369,497.5,52.5,0.712,0.6367,0.5671,0.3779,0.5401,0.4682,0.518,-0.1685,0.6142,0.6166,0.808997,RMD,BRACKET_HIGH,true,false,0.33057512,0.38929254,0.5348246400000001,,0.35,false
EVT-CON-1648,Frontier Campaign of Middle East & North Africa (MENA),2026,contemporary,war,Middle East,Middle East & North Africa (MENA),CHR-CON-1648,36631.9,0.404,0.77,0.5456,0.425,72.9,0.577,71.9,16.5,0.6579,532.3,77.6,0.8424,0.6916,0.6202,0.3914,0.5293,0.8152,0.6095,0.1236,0.3732,0.523,0.758347,RMD,BRACKET_HIGH,true,false,0.35068059000000007,0.58710982,0.64133935,,0.4018,false
EVT-CON-1649,Bureaucratic Consolidation of Global Transnational Institutions,1993,contemporary,transformation,Global,Global Transnational Institutions,CHR-CON-1649,11429.6,0.423,0.533,0.3845,0.246,69.9,0.4725,66.4,24.7,0.6479,72.6,69.7,0.6587,0.4891,0.5401,0.4296,0.6275,0.8075,0.5788,0.3184,0.3081,0.6532,0.790335,RMD,BRACKET_HIGH,true,false,0.46525459999999996,0.571375,0.574,,0.3589,false
EVT-CON-1650,Debt Crisis Settlement of Southeast Asia (ASEAN),2021,contemporary,economic,Southeast Asia,Southeast Asia (ASEAN),CHR-CON-1650,10402.5,0.51,0.638,0.3176,0.387,85.9,0.623,73.3,16.5,0.673,418.1,73.6,0.8049,0.6838,0.6482,0.5302,0.5955,0.6048,0.6125,-0.079,0.3536,0.519,0.509035,CMN,BRACKET_BASE,false,true,0.3589584,0.39162824999999996,0.47766448,,0.3065,false
EVT-CON-1651,Radical Assembly Schism in People's Republic of China,1983,contemporary,revolution,East Asia,People's Republic of China,CHR-CON-1651,12920.7,0.486,0.564,0.3697,0.28,77.8,0.529,83.2,12.3,0.7544,457,81.5,0.8508,0.6433,0.5056,0.1161,0.3028,0.7286,0.4593,0.0853,0.512,0.5561,0.586586,CMN,BRACKET_BASE,false,true,0.48575498999999994,0.47238838000000005,0.49951671,,0.4051,false
EVT-CON-1652,Constitutional Reorganization of Republic of India,1951,contemporary,transformation,South Asia,Republic of India,CHR-CON-1652,22123.3,0.417,0.331,0.543,0.227,82.7,0.527,81.4,19.9,0.7806,212.1,76.4,0.7698,0.5701,0.597,0.471,0.7118,0.7605,0.6221,0.1904,0.2621,0.5208,0.641445,RMD,BRACKET_MEDIUM,false,true,0.28407330000000003,0.40197499999999997,0.3642072,,0.3556,false
EVT-CON-1653,Provincial Autonomy Insurgency against People's Republic of China,1971,contemporary,revolution,East Asia,People's Republic of China,CHR-CON-1653,12105.7,0.435,0.38,0.4329,0.587,65.8,0.6225,67.9,15.1,0.6064,256.9,74.7,0.7751,0.6893,0.595,0.1951,0.3837,0.4177,0.4562,-0.2716,0.6242,0.6834,0.569382,CMN,BRACKET_BASE,false,true,0.72321254,0.6144999999999999,0.950875,,0.4038,false
EVT-CON-1654,Frontier Fragmentation of European Union / Western Europe,1968,contemporary,collapse,Europe,European Union / Western Europe,CHR-CON-1654,13782.3,0.418,0.569,0.3963,0.211,67.1,0.441,74.8,11.7,0.6604,504.7,53.4,0.7175,0.666,0.6136,0.2263,0.3175,0.227,0.4101,-0.439,0.6414,0.8028,0.719561,RMD,BRACKET_HIGH,false,false,0.6748750000000001,0.62025,1,,0.3793,false
EVT-CON-1655,Palatial Collapse of Southeast Asia (ASEAN),1961,contemporary,collapse,Southeast Asia,Southeast Asia (ASEAN),CHR-CON-1655,16178.4,0.269,0.422,0.5067,0.755,69.5,0.725,73.1,26.3,0.7296,167.7,79.9,0.7703,0.8005,0.6952,0.3281,0.378,0.552,0.5508,-0.2485,0.7258,0.6514,0.624881,CMN,BRACKET_BASE,false,true,0.35321899999999995,0.4418076,0.58561056,,0.4051,false
EVT-CON-1656,Pantheon Reformation of Middle East & North Africa (MENA),1964,contemporary,religious,Middle East,Middle East & North Africa (MENA),CHR-CON-1656,40739.8,0.544,0.207,0.7094,0.824,81.1,0.8175,70.5,17.1,0.6464,476.2,54.4,0.7183,0.7105,0.7749,0.6607,0.7506,0.9191,0.7632,0.2086,0.2124,0.4697,0.711364,RMD,BRACKET_HIGH,false,false,0.17328156000000003,0.5547543500000001,0.5017606,,0.3338,false
EVT-CON-1657,Harbor Incursion Sickness in Republic of India,1949,contemporary,pandemic,South Asia,Republic of India,CHR-CON-1657,33909.9,0.635,0.433,0.5529,0.674,67.2,0.673,72.4,13.4,0.6447,236.5,61.7,0.7041,0.7384,0.6735,0.4125,0.5577,0.4793,0.5723,-0.2591,0.9142,0.7179,0.71819,RMD,BRACKET_HIGH,false,false,0.36451265,0.39779879999999995,0.5806439600000001,,0.3599,false
EVT-CON-1658,Respiratory Virulence Wave across Latin America (Mercosur/Alliance),2007,contemporary,pandemic,Latin America,Latin America (Mercosur/Alliance),CHR-CON-1658,3501.4,0.368,0.157,0.4425,0.285,74.1,0.513,59.1,31.6,0.6107,279.4,65.6,0.7357,0.6379,0.6179,0.2385,0.4746,0.3803,0.4698,-0.2576,0.888,0.7562,0.466908,CMN,BRACKET_BASE,false,true,0.62385526,0.5126203199999999,0.8627557800000001,,0.3952,false
EVT-CON-1659,Harbor Incursion Sickness in USSR / Russian Federation,1979,contemporary,pandemic,Eurasia,USSR / Russian Federation,CHR-CON-1659,28895.9,0.435,0.401,0.5775,0.695,96.6,0.8305,68.6,15.5,0.6164,107.5,48.2,0.5796,0.7056,0.6638,0.4135,0.6524,0.4263,0.5723,-0.2793,0.7148,0.6559,0.44748,CMN,BRACKET_BASE,false,true,0.67590268,0.590125,0.96775,,0.3644,false
EVT-CON-1660,Strategic Siege of Sub-Saharan Africa,1963,contemporary,war,Africa,Sub-Saharan Africa,CHR-CON-1660,18798.8,0.381,0.145,0.5797,0.36,74.1,0.5505,60.2,18.5,0.5439,413.1,61,0.741,0.5688,0.4715,0.3028,0.4231,0.3704,0.4273,-0.1984,0.6258,0.6425,0.559474,CMN,BRACKET_BASE,false,true,0.6131286600000001,0.551592,0.82950142,,0.3429,false
EVT-CON-1661,Caravan Route Pestilence in Republic of India,1997,contemporary,pandemic,South Asia,Republic of India,CHR-CON-1661,28883.1,0.596,0.735,0.4289,0.838,69.2,0.765,79.4,16.7,0.7399,489.9,56.8,0.7324,0.7278,0.6791,0.4257,0.6736,0.5684,0.6149,-0.1594,0.9068,0.6527,0.661777,RMD,BRACKET_MEDIUM,false,true,0.4137763,0.57024288,0.8420211000000001,,0.3796,false
EVT-CON-1662,Orthodoxy & Heresy Trial Wave in Global Transnational Institutions,2010,contemporary,religious,Global,Global Transnational Institutions,CHR-CON-1662,23486.1,0.427,0.798,0.4122,0.848,76.5,0.8065,73.2,9.1,0.6275,162.1,56.1,0.6488,0.6726,0.6688,0.4884,0.6298,0.7344,0.6388,0.0618,0.5159,0.5154,0.70726,RMD,BRACKET_HIGH,false,false,0.36276381999999996,0.3958581,0.4448274,,0.3637,false
EVT-CON-1663,Educational Charter of United States,2000,contemporary,transformation,North America,United States,CHR-CON-1663,33279.3,0.389,0.418,0.6256,0.745,90.5,0.825,83.8,10.7,0.7513,226.5,84.1,0.813,0.6766,0.7289,0.6454,0.8735,0.7806,0.741,0.104,0.1997,0.4058,0.821106,RMD,BRACKET_HIGH,true,false,0.18775294000000003,0.3957685,0.36399592,,0.3125,false
EVT-CON-1664,Constitutional Reorganization of Global Transnational Institutions,1979,contemporary,transformation,Global,Global Transnational Institutions,CHR-CON-1664,44460,0.467,0.725,0.6106,0.634,90.1,0.7675,71.3,11.7,0.6227,547,62.6,0.7693,0.6074,0.6623,0.5894,0.8066,0.9149,0.7161,0.3075,0.272,0.5639,0.858241,RMD,BRACKET_HIGH,true,false,0.16957254000000002,0.40244820000000003,0.3376098,,0.3479,false
EVT-CON-1665,Mechanical Power Harnessing in Middle East & North Africa (MENA),1974,contemporary,technological,Middle East,Middle East & North Africa (MENA),CHR-CON-1665,29364.1,0.603,0.254,0.5754,0.463,87.2,0.6675,65.2,14.2,0.572,309.5,76.5,0.7976,0.5655,0.5901,0.7095,0.8601,0.8769,0.7204,0.3114,0.3861,0.6224,0.839036,RMD,BRACKET_HIGH,true,false,0.26522776,0.39376144,0.4161024,,0.3178,false
EVT-CON-1666,Urban Quarantine Emergency in People's Republic of China,2018,contemporary,pandemic,East Asia,People's Republic of China,CHR-CON-1666,36567.9,0.374,0.654,0.5888,0.506,89.9,0.7025,66.8,29.5,0.681,522.5,72,0.813,0.7836,0.7056,0.2606,0.4414,0.5325,0.5447,-0.2511,0.7234,0.6506,0.499041,CMN,BRACKET_BASE,false,true,0.445784,0.43811918,0.57674624,,0.4053,false
EVT-CON-1667,Fiscal Modernization in Southeast Asia (ASEAN),2022,contemporary,transformation,Southeast Asia,Southeast Asia (ASEAN),CHR-CON-1667,23609.5,0.431,0.16,0.6035,0.476,92.8,0.702,69.6,17.2,0.6374,498.1,55.5,0.7271,0.5618,0.6067,0.4959,0.733,0.8402,0.6475,0.2784,0.3106,0.5666,0.551378,CMN,BRACKET_BASE,false,true,0.36051825,0.40057125,0.35692095999999995,,0.3572,false
EVT-CON-1668,Systemic Governance Breakdown in European Union / Western Europe,1947,contemporary,collapse,Europe,European Union / Western Europe,CHR-CON-1668,36569.5,0.442,0.288,0.6783,0.22,73.5,0.4775,74.2,26.7,0.7439,506.1,58.6,0.7437,0.7706,0.7121,0.428,0.5186,0.4633,0.5785,-0.3073,0.8257,0.7174,0.772856,RMD,BRACKET_HIGH,true,false,0.36014816,0.4082862,0.60475645,,0.3555,false
EVT-CON-1669,Systemic Governance Breakdown in Japan,1999,contemporary,collapse,East Asia,Japan,CHR-CON-1669,44799.5,0.297,0.214,0.8179,0.63,80,0.715,78.4,30.6,0.8125,110.7,54.3,0.6122,0.8424,0.7493,0.5458,0.624,0.4919,0.6507,-0.3505,0.7332,0.6508,0.468363,CMN,BRACKET_BASE,false,true,0.41417375999999995,0.5212193900000001,0.91760256,,0.3524,false
EVT-CON-1670,Mechanical Power Harnessing in Global Transnational Institutions,1973,contemporary,technological,Global,Global Transnational Institutions,CHR-CON-1670,20184,0.383,0.859,0.3774,0.73,77.2,0.751,81.4,15.8,0.756,107.3,68.5,0.6809,0.5804,0.6071,0.6961,0.794,0.8574,0.707,0.277,0.3625,0.5875,0.688434,RMD,BRACKET_MEDIUM,false,false,0.29549840000000005,0.53381008,0.5951679599999999,,0.3115,false
EVT-CON-1671,Hydraulic Engineering Grid in Global Transnational Institutions,2003,contemporary,technological,Global,Global Transnational Institutions,CHR-CON-1671,37963.6,0.457,0.71,0.5597,0.362,91.7,0.6395,65,13.5,0.5656,251.8,56.8,0.6842,0.5604,0.5898,0.6309,0.7883,0.6852,0.6509,0.1248,0.2265,0.4893,0.49162,CMN,BRACKET_BASE,false,true,0.43646217,0.56575,0.662375,,0.2794,false
EVT-CON-1672,Orthodoxy & Heresy Trial Wave in Middle East & North Africa (MENA),1983,contemporary,religious,Middle East,Middle East & North Africa (MENA),CHR-CON-1672,24378.4,0.317,0.632,0.503,0.506,96.5,0.7355,75.8,14.3,0.6867,225.6,54.7,0.6657,0.686,0.7192,0.5599,0.7349,0.7874,0.6975,0.1014,0.3325,0.4791,0.81097,RMD,BRACKET_HIGH,true,false,0.15239793000000001,0.3930784,0.40018010000000004,,0.3485,false
EVT-CON-1673,Agricultural Plague Wave in People's Republic of China,1951,contemporary,pandemic,East Asia,People's Republic of China,CHR-CON-1673,34905.1,0.352,0.206,0.7149,0.375,98.8,0.6815,56.6,27.3,0.558,354.7,85.4,0.852,0.7813,0.7253,0.4558,0.6933,0.7359,0.6783,-0.0454,0.7685,0.5535,0.470662,CMN,BRACKET_BASE,false,true,0.5348126200000001,0.56936799,0.7633244699999999,,0.3924,false
EVT-CON-1674,Fiscal Modernization in Southeast Asia (ASEAN),1972,contemporary,transformation,Southeast Asia,Southeast Asia (ASEAN),CHR-CON-1674,27355.8,0.277,0.633,0.5414,0.738,79.2,0.765,66.9,26.8,0.6659,475.6,63.2,0.7622,0.5688,0.6301,0.4996,0.7224,0.6874,0.6217,0.1186,0.23,0.4557,0.587371,CMN,BRACKET_BASE,false,true,0.49032319,0.50823568,0.57032808,,0.3302,false
EVT-CON-1675,Maritime Trade Hub Expansion in United States,2004,contemporary,economic,North America,United States,CHR-CON-1675,36488.9,0.482,0.769,0.5212,0.333,91.3,0.623,64.7,11.5,0.5504,120.7,60.8,0.651,0.6311,0.5647,0.4524,0.6098,0.4299,0.5376,-0.2012,0.5093,0.6118,0.582864,CMN,BRACKET_BASE,false,true,0.43128159999999993,0.38596779000000003,0.52641841,,0.3247,false
EVT-CON-1676,Bureaucratic Consolidation of People's Republic of China,2016,contemporary,transformation,East Asia,People's Republic of China,CHR-CON-1676,38974.5,0.591,0.205,0.6801,0.306,72.5,0.5155,74.7,13.6,0.6707,81.8,85.5,0.7463,0.5911,0.6501,0.5038,0.6463,0.7668,0.6316,0.1757,0.2225,0.5006,0.617553,CMN,BRACKET_BASE,false,true,0.46478020000000003,0.48229816,0.5161285999999999,,0.3466,false
EVT-CON-1677,Imperial Annexation War in Republic of India,1976,contemporary,war,South Asia,Republic of India,CHR-CON-1677,25238,0.306,0.569,0.5329,0.3,83.6,0.568,74,26.4,0.7399,192.4,76.8,0.7647,0.6386,0.5569,0.3054,0.4925,0.3833,0.4753,-0.2553,0.4564,0.6058,0.49178,CMN,BRACKET_BASE,false,true,0.47070204,0.5699372399999999,0.84865176,,0.3695,false
EVT-CON-1678,Canal Infrastructure Boom in Middle East & North Africa (MENA),1953,contemporary,economic,Middle East,Middle East & North Africa (MENA),CHR-CON-1678,42593.6,0.576,0.543,0.6157,0.75,86.8,0.809,66.1,15.2,0.5877,354,46.8,0.6588,0.7315,0.6363,0.4131,0.4728,0.7544,0.6016,0.0229,0.3983,0.4401,0.682091,RMD,BRACKET_MEDIUM,false,false,0.26969891999999995,0.5281689,0.6662271999999999,,0.4023,false
EVT-CON-1679,Metallurgical Innovation Surge in Sub-Saharan Africa,1981,contemporary,technological,Africa,Sub-Saharan Africa,CHR-CON-1679,9347.4,0.621,0.262,0.3877,0.605,81,0.7075,62,29.4,0.6287,62.4,64.6,0.6222,0.5324,0.5652,0.6067,0.6948,0.8307,0.646,0.2983,0.3407,0.6177,0.781615,RMD,BRACKET_HIGH,true,false,0.25627336,0.53982376,0.55057548,,0.3237,false
EVT-CON-1680,Agricultural Plague Wave in Middle East & North Africa (MENA),1996,contemporary,pandemic,Middle East,Middle East & North Africa (MENA),CHR-CON-1680,7884.7,0.599,0.139,0.418,0.285,93.3,0.609,64.6,29.8,0.6591,213,63.7,0.7066,0.6644,0.5994,0.1234,0.2625,0.3038,0.3907,-0.3606,0.7834,0.7677,0.68533,RMD,BRACKET_MEDIUM,false,false,0.40298364,0.44845811,0.6170472,,0.4056,false
EVT-CON-1681,Succession Conflict of People's Republic of China,1945,contemporary,war,East Asia,People's Republic of China,CHR-CON-1681,41855.6,0.529,0.725,0.5686,0.826,82.5,0.8255,56.3,10.2,0.4521,120.1,61.3,0.6531,0.5968,0.5161,0.2502,0.3564,0.512,0.4463,-0.0848,0.4105,0.5015,0.559506,CMN,BRACKET_BASE,false,true,0.49533775,0.57734488,0.7527612699999999,,0.3969,false
EVT-CON-1682,Pantheon Reformation of Middle East & North Africa (MENA),1989,contemporary,religious,Middle East,Middle East & North Africa (MENA),CHR-CON-1682,7500.8,0.455,0.542,0.3369,0.485,76.2,0.6235,63.2,30.6,0.6488,183.5,79.1,0.7728,0.5952,0.5843,0.4268,0.4986,0.6349,0.548,0.0397,0.5251,0.5413,0.586336,CMN,BRACKET_BASE,false,true,0.45262032999999996,0.38454766,0.44643236999999997,,0.3514,false
EVT-CON-1683,Treaty System Implementation across Global Transnational Institutions,1996,contemporary,transformation,Global,Global Transnational Institutions,CHR-CON-1683,41073,0.581,0.321,0.6671,0.268,99.3,0.6305,59.8,24.4,0.575,175,76.3,0.7553,0.5564,0.6043,0.5354,0.6588,0.7355,0.6181,0.1791,0.2278,0.5028,0.588415,CMN,BRACKET_BASE,false,true,0.50381562,0.53877336,0.5241183300000001,,0.3148,false
EVT-CON-1684,Metallurgical Innovation Surge in Republic of India,1959,contemporary,technological,South Asia,Republic of India,CHR-CON-1684,10936.6,0.366,0.658,0.3596,0.31,72.4,0.517,66.3,14.3,0.5844,462.6,55,0.7192,0.4463,0.469,0.5741,0.7227,0.6502,0.5725,0.2039,0.1592,0.5608,0.536626,CMN,BRACKET_BASE,false,true,0.601375,0.56525,0.66275,,0.2923,false
EVT-CON-1685,Succession Conflict of Latin America (Mercosur/Alliance),1978,contemporary,war,Latin America,Latin America (Mercosur/Alliance),CHR-CON-1685,42369,0.48,0.147,0.7613,0.728,91.5,0.8215,69.2,20.1,0.6504,469.1,47.3,0.6817,0.795,0.746,0.5277,0.5864,0.5153,0.6341,-0.2797,0.4762,0.5651,0.709277,RMD,BRACKET_HIGH,false,false,0.2281188,0.41235021,0.5718169599999999,,0.3407,false
EVT-CON-1686,Decentralization Wave across Global Transnational Institutions,1956,contemporary,collapse,Global,Global Transnational Institutions,CHR-CON-1686,45976.3,0.306,0.432,0.7604,0.803,81.7,0.81,73.6,30.8,0.762,507.8,48.6,0.6939,0.8233,0.7569,0.3752,0.4047,0.4183,0.5557,-0.405,0.6665,0.6655,0.493248,CMN,BRACKET_BASE,false,true,0.5824962,0.55890626,0.9363621299999999,,0.3731,false
EVT-CON-1687,Continental Standoff of People's Republic of China,1979,contemporary,war,East Asia,People's Republic of China,CHR-CON-1687,24708.2,0.404,0.823,0.4225,0.333,75.9,0.546,84,26.5,0.8482,131.1,68.1,0.6934,0.6986,0.639,0.3005,0.48,0.8431,0.5922,0.1445,0.4226,0.5412,0.524075,CMN,BRACKET_BASE,false,true,0.5869758900000001,0.6163888000000001,0.6884894199999999,,0.3896,false
EVT-CON-1688,Temple Bureaucracy Reorganization of Middle East & North Africa (MENA),1995,contemporary,religious,Middle East,Middle East & North Africa (MENA),CHR-CON-1688,20589.5,0.485,0.801,0.3678,0.272,75.8,0.515,60,16.4,0.5292,410.6,59.3,0.7321,0.5592,0.623,0.4572,0.5456,0.7199,0.581,0.1607,0.3966,0.6041,0.680401,RMD,BRACKET_MEDIUM,false,false,0.47213567999999995,0.48383223000000003,0.5741447399999999,,0.3503,false
EVT-CON-1689,Mechanical Power Harnessing in People's Republic of China,2004,contemporary,technological,East Asia,People's Republic of China,CHR-CON-1689,31817.7,0.269,0.867,0.5137,0.43,66.2,0.546,83.3,17.1,0.7843,280.4,63.5,0.7255,0.595,0.6324,0.7518,0.8365,0.7575,0.7146,0.1625,0.4782,0.5607,0.820807,RMD,BRACKET_HIGH,true,false,0.17599582,0.39444460000000003,0.49406760000000005,,0.2773,false
EVT-CON-1690,Fiscal Modernization in People's Republic of China,1978,contemporary,transformation,East Asia,People's Republic of China,CHR-CON-1690,40038.8,0.319,0.18,0.7787,0.255,90.9,0.582,81.3,17.6,0.7658,561.6,77.8,0.8472,0.6763,0.7337,0.6787,0.8227,0.8819,0.7587,0.2056,0.3774,0.5164,0.555753,CMN,BRACKET_BASE,false,true,0.43864779,0.54291062,0.5350860599999999,,0.3164,false
EVT-CON-1691,Urban Quarantine Emergency in Sub-Saharan Africa,2015,contemporary,pandemic,Africa,Sub-Saharan Africa,CHR-CON-1691,20713.4,0.366,0.876,0.3821,0.535,77.2,0.6535,64.4,13.2,0.5574,535.3,79.4,0.8518,0.6393,0.6172,0.3236,0.4804,0.284,0.4689,-0.3553,0.8875,0.8048,0.695073,RMD,BRACKET_MEDIUM,false,false,0.58264001,0.49618292999999997,0.89489928,,0.3659,false
EVT-CON-1692,Mechanical Power Harnessing in Global Transnational Institutions,2006,contemporary,technological,Global,Global Transnational Institutions,CHR-CON-1692,41069.7,0.43,0.195,0.7502,0.796,74.1,0.7685,78.2,16.4,0.7252,141.5,67.2,0.6945,0.6576,0.6963,0.7672,0.9245,0.93,0.7951,0.2724,0.2372,0.4998,0.90341,RMD,BRACKET_HIGH,true,false,0.19458876,0.556956,0.5715699599999999,,0.3136,false
EVT-CON-1693,Succession Conflict of United States,2021,contemporary,war,North America,United States,CHR-CON-1693,28923,0.574,0.195,0.5978,0.45,78.8,0.619,73.3,12.4,0.6484,200.4,61.4,0.6906,0.6415,0.5705,0.3519,0.52,0.6785,0.5525,0.037,0.3995,0.4701,0.730978,RMD,BRACKET_HIGH,true,false,0.4081686399999999,0.593375,0.7277500000000001,,0.3948,false
EVT-CON-1694,Decentralization Wave across People's Republic of China,1961,contemporary,collapse,East Asia,People's Republic of China,CHR-CON-1694,32420.8,0.637,0.13,0.6299,0.592,66.3,0.6275,61.6,23.5,0.589,396.6,70.1,0.7836,0.8004,0.702,0.342,0.4287,0.4036,0.5353,-0.3968,0.5467,0.704,0.328638,CMN,BRACKET_BASE,false,true,0.6956427999999999,0.627,1,,0.3771,false
EVT-CON-1695,Radical Assembly Schism in Middle East & North Africa (MENA),2010,contemporary,revolution,Middle East,Middle East & North Africa (MENA),CHR-CON-1695,41764.8,0.416,0.648,0.6248,0.817,71,0.7635,74.1,13.9,0.666,193.7,44.5,0.6037,0.6698,0.4902,0.1897,0.3375,0.3289,0.4032,-0.3409,0.541,0.6412,0.299066,CMN,BRACKET_BASE,false,true,0.6903074100000001,0.58346583,0.9014881199999999,,0.3947,false
EVT-CON-1696,Urban Quarantine Emergency in Southeast Asia (ASEAN),2000,contemporary,pandemic,Southeast Asia,Southeast Asia (ASEAN),CHR-CON-1696,14272.8,0.52,0.212,0.4772,0.409,66.5,0.537,79.2,13.9,0.7209,428.8,70.9,0.7932,0.6725,0.6051,0.3203,0.4509,0.6586,0.5415,-0.0139,0.8019,0.5777,0.739667,RMD,BRACKET_HIGH,true,false,0.45400464999999995,0.4036054,0.48940863999999995,,0.402,false
EVT-CON-1697,Frontier Campaign of Southeast Asia (ASEAN),1979,contemporary,war,Southeast Asia,Southeast Asia (ASEAN),CHR-CON-1697,4398,0.359,0.14,0.4584,0.445,85.4,0.6495,75.4,17.2,0.6998,561.5,71.9,0.8177,0.7205,0.677,0.4945,0.5635,0.7376,0.6386,0.0171,0.6992,0.5429,0.669818,RMD,BRACKET_MEDIUM,false,true,0.33622772000000006,0.56579598,0.72698472,,0.3725,false
EVT-CON-1698,Synod Monotheistic Mandate in Southeast Asia (ASEAN),1974,contemporary,religious,Southeast Asia,Southeast Asia (ASEAN),CHR-CON-1698,6206.1,0.538,0.55,0.2979,0.351,68,0.5155,64.2,19.9,0.5954,565.4,73.6,0.8267,0.5501,0.5366,0.3563,0.4348,0.6217,0.4999,0.0716,0.2818,0.5278,0.779575,RMD,BRACKET_HIGH,true,false,0.25302270000000004,0.40210739999999995,0.4234764,,0.3699,false
EVT-CON-1699,Debt Crisis Settlement of Global Transnational Institutions,1995,contemporary,economic,Global,Global Transnational Institutions,CHR-CON-1699,13683.7,0.358,0.705,0.3726,0.366,93.2,0.649,70.7,19.8,0.6648,213,82.4,0.8001,0.6027,0.5402,0.3336,0.4856,0.6848,0.5294,0.0821,0.4086,0.5235,0.838985,RMD,BRACKET_HIGH,true,false,0.29081853,0.40013292,0.42637989000000004,,0.3948,false
EVT-CON-1700,Frontier Fragmentation of United States,1946,contemporary,collapse,North America,United States,CHR-CON-1700,28517.7,0.37,0.464,0.5747,0.219,86.4,0.5415,55.3,12.6,0.4558,95.8,54.3,0.6017,0.6404,0.541,0.3044,0.3817,0.2196,0.4174,-0.4208,0.6175,0.7758,0.469919,CMN,BRACKET_BASE,false,true,0.53112176,0.40162752,0.6217893,,0.3647,false
EVT-CON-1701,Sanitation & Medical Breakthrough in Japan,2005,contemporary,technological,East Asia,Japan,CHR-CON-1701,13119.2,0.483,0.225,0.4741,0.608,87.5,0.7415,71.8,27.3,0.7216,118.9,61.5,0.6534,0.601,0.6351,0.7118,0.8664,0.9228,0.7474,0.3218,0.3468,0.5999,0.813508,RMD,BRACKET_HIGH,true,false,0.30424815,0.39435815999999996,0.38308671999999994,,0.3268,false
EVT-CON-1702,Territorial Rupture of USSR / Russian Federation,2010,contemporary,collapse,Eurasia,USSR / Russian Federation,CHR-CON-1702,5909.2,0.447,0.143,0.4447,0.626,76.2,0.694,78.7,13.4,0.7126,340.3,79.1,0.8175,0.8118,0.7091,0.3979,0.4907,0.5518,0.5923,-0.26,0.7678,0.6847,0.541986,CMN,BRACKET_BASE,false,true,0.66908006,0.6051249999999999,0.949875,,0.3888,false
EVT-CON-1703,Fiscal Modernization in Southeast Asia (ASEAN),1950,contemporary,transformation,Southeast Asia,Southeast Asia (ASEAN),CHR-CON-1703,6364.3,0.587,0.873,0.1877,0.26,86.9,0.5645,58.4,10.5,0.4765,252.8,76.1,0.781,0.4349,0.5099,0.4323,0.5648,0.5679,0.502,0.133,0.2944,0.5911,0.704668,RMD,BRACKET_HIGH,false,false,0.38329424,0.5305761600000001,0.5737521299999999,,0.2969,false
EVT-CON-1704,Educational Charter of Latin America (Mercosur/Alliance),1981,contemporary,transformation,Latin America,Latin America (Mercosur/Alliance),CHR-CON-1704,42363.3,0.387,0.344,0.73,0.642,90.3,0.7725,67.3,14.7,0.5976,520.1,50.5,0.7052,0.6283,0.6972,0.579,0.8058,0.8109,0.7042,0.1826,0.1908,0.4613,0.583643,CMN,BRACKET_BASE,false,true,0.4333821,0.576,0.55625,,0.3305,false
EVT-CON-1705,Urban Quarantine Emergency in Japan,2000,contemporary,pandemic,East Asia,Japan,CHR-CON-1705,41090,0.372,0.586,0.6505,0.807,67.2,0.7395,81.2,25.6,0.8127,523.2,53.3,0.7196,0.7907,0.7315,0.2374,0.3748,0.5671,0.5403,-0.2236,0.8404,0.6304,0.465635,CMN,BRACKET_BASE,false,true,0.52482644,0.5670200900000001,0.8120976,,0.4,false
EVT-CON-1706,Synod Monotheistic Mandate in Japan,2014,contemporary,religious,East Asia,Japan,CHR-CON-1706,18020.3,0.521,0.569,0.4035,0.514,89,0.702,55.7,12.7,0.4607,298,39.9,0.6119,0.5625,0.5685,0.4797,0.6496,0.6861,0.5893,0.1236,0.3627,0.5525,0.64662,RMD,BRACKET_MEDIUM,false,true,0.54491426,0.555625,0.6395000000000001,,0.3257,false
EVT-CON-1707,Bureaucratic Consolidation of Latin America (Mercosur/Alliance),1975,contemporary,transformation,Latin America,Latin America (Mercosur/Alliance),CHR-CON-1707,38693.1,0.493,0.789,0.5317,0.31,75.1,0.5305,63.2,14.6,0.5528,214.5,73.2,0.7546,0.5179,0.5807,0.4917,0.67,0.7129,0.5946,0.195,0.2649,0.5593,0.724688,RMD,BRACKET_HIGH,false,false,0.28946855,0.54355896,0.53279832,,0.3231,false
EVT-CON-1708,Synod Monotheistic Mandate in Republic of India,1946,contemporary,religious,South Asia,Republic of India,CHR-CON-1708,37824.7,0.522,0.385,0.6364,0.261,85.5,0.558,84.4,31.6,0.8831,78.9,75.6,0.6942,0.73,0.7401,0.5563,0.7007,0.5925,0.6639,-0.1375,0.3713,0.4855,0.513131,CMN,BRACKET_BASE,false,true,0.49028,0.4985715,0.7310116,,0.3194,false
EVT-CON-1709,Pantheon Reformation of Global Transnational Institutions,1968,contemporary,religious,Global,Global Transnational Institutions,CHR-CON-1709,33750.3,0.322,0.825,0.5278,0.837,81.9,0.828,71.1,18.4,0.6607,209.8,78.5,0.7795,0.7408,0.7937,0.6556,0.7084,0.6293,0.7056,-0.1115,0.3627,0.4784,0.447464,CMN,BRACKET_BASE,false,true,0.43575,0.569375,0.7753749999999999,,0.2865,false
EVT-CON-1710,Canal Infrastructure Boom in Latin America (Mercosur/Alliance),1992,contemporary,economic,Latin America,Latin America (Mercosur/Alliance),CHR-CON-1710,19163.4,0.597,0.209,0.499,0.832,79.7,0.8145,55,27.2,0.5401,535,50.3,0.7062,0.6392,0.5806,0.3182,0.4147,0.5739,0.5053,-0.0653,0.4911,0.51,0.461199,CMN,BRACKET_BASE,false,true,0.43585752,0.41258300000000003,0.5037522,,0.3929,false
EVT-CON-1711,Maritime Trade Hub Expansion in Southeast Asia (ASEAN),1968,contemporary,economic,Southeast Asia,Southeast Asia (ASEAN),CHR-CON-1711,18574.6,0.367,0.54,0.4634,0.385,90,0.6425,60.8,10.2,0.5006,301.4,70.9,0.7677,0.647,0.5595,0.3683,0.478,0.474,0.5054,-0.173,0.3597,0.5724,0.708683,RMD,BRACKET_HIGH,false,false,0.36413165,0.5750000000000001,0.83525,,0.3527,false
EVT-CON-1712,Agrarian Restructuring of Republic of India,1991,contemporary,transformation,South Asia,Republic of India,CHR-CON-1712,15448.9,0.302,0.741,0.3945,0.517,66.2,0.5895,75.7,24.8,0.7486,315.5,49.3,0.663,0.499,0.5621,0.433,0.6763,0.6796,0.57,0.1806,0.1895,0.515,0.672052,RMD,BRACKET_MEDIUM,false,true,0.48960250000000005,0.57075,0.567625,,0.3405,false
EVT-CON-1713,Coalition Defense of Republic of India,1968,contemporary,war,South Asia,Republic of India,CHR-CON-1713,4811.7,0.316,0.326,0.4192,0.749,88.6,0.8175,56,30.5,0.5707,373.8,66.3,0.7603,0.6564,0.5644,0.2906,0.4628,0.4504,0.4849,-0.206,0.416,0.5741,0.79744,RMD,BRACKET_HIGH,true,false,0.26018286,0.4022364,0.5368510000000001,,0.3847,false
EVT-CON-1714,Canal Infrastructure Boom in United States,1960,contemporary,economic,North America,United States,CHR-CON-1714,32642.4,0.498,0.616,0.5278,0.416,93.8,0.677,55.4,26.9,0.5426,82.7,53.9,0.5891,0.583,0.5608,0.4452,0.5201,0.3713,0.4961,-0.2117,0.5115,0.6101,0.652637,RMD,BRACKET_MEDIUM,false,true,0.4064661,0.49648056,0.80004525,,0.3079,false
EVT-CON-1715,Epidemic Fever Outbreak across Global Transnational Institutions,2000,contemporary,pandemic,Global,Global Transnational Institutions,CHR-CON-1715,34308.4,0.632,0.772,0.4557,0.387,89.7,0.642,59.6,17.4,0.5309,394.3,67.3,0.7691,0.6864,0.6426,0.1477,0.3928,0.5686,0.4876,-0.1178,0.736,0.6333,0.73084,RMD,BRACKET_HIGH,true,false,0.58276945,0.646375,0.86225,,0.3933,false
EVT-CON-1716,Epidemic Fever Outbreak across Latin America (Mercosur/Alliance),1958,contemporary,pandemic,Latin America,Latin America (Mercosur/Alliance),CHR-CON-1716,11336.4,0.397,0.761,0.323,0.655,97.2,0.8135,67.3,29,0.6834,62.4,65,0.6242,0.6364,0.5816,0.1703,0.4182,0.2746,0.4162,-0.3618,0.8943,0.776,0.638158,RMD,BRACKET_MEDIUM,false,true,0.48953388000000003,0.41349216,0.6029127000000001,,0.4037,false
EVT-CON-1717,Astronomical Standardization by Latin America (Mercosur/Alliance),2019,contemporary,technological,Latin America,Latin America (Mercosur/Alliance),CHR-CON-1717,46923.9,0.324,0.316,0.7983,0.4,73.7,0.5685,72.8,16.2,0.6658,148.8,79.9,0.7616,0.6127,0.6624,0.7308,0.8777,0.7392,0.7246,0.1265,0.3748,0.4871,0.73006,RMD,BRACKET_HIGH,true,false,0.22991844,0.5742499999999999,0.74525,,0.2826,false
EVT-CON-1718,Dynastic Disintegration of USSR / Russian Federation,1947,contemporary,collapse,Eurasia,USSR / Russian Federation,CHR-CON-1718,45272.7,0.615,0.476,0.6482,0.664,88.5,0.7745,59.4,11.9,0.4957,75,51.7,0.571,0.7102,0.627,0.2782,0.2986,0.3125,0.4453,-0.3977,0.4773,0.6763,0.598668,CMN,BRACKET_BASE,false,true,0.3690927,0.42859256,0.61934162,,0.3701,false
EVT-CON-1719,Orthodoxy & Heresy Trial Wave in Southeast Asia (ASEAN),2026,contemporary,religious,Southeast Asia,Southeast Asia (ASEAN),CHR-CON-1719,23183.4,0.514,0.266,0.5429,0.379,96.9,0.674,79.2,12.2,0.7107,343,73.5,0.79,0.6338,0.6617,0.4652,0.5414,0.7715,0.6147,0.1377,0.4359,0.5242,0.596646,CMN,BRACKET_BASE,false,true,0.377604,0.4984434,0.5960064,,0.3759,false
EVT-CON-1720,Civic Restoration Revolt in People's Republic of China,1961,contemporary,revolution,East Asia,People's Republic of China,CHR-CON-1720,15819.4,0.578,0.56,0.3693,0.596,97.1,0.7835,66.3,32,0.6906,86.5,38.6,0.5158,0.6738,0.5576,0.2273,0.451,0.4934,0.4806,-0.1804,0.4348,0.5596,0.497402,CMN,BRACKET_BASE,false,true,0.6375761600000001,0.607875,0.8871249999999999,,0.4037,false
EVT-CON-1721,Agrarian Insurgency in Latin America (Mercosur/Alliance),1967,contemporary,revolution,Latin America,Latin America (Mercosur/Alliance),CHR-CON-1721,32100.5,0.552,0.139,0.6498,0.77,75,0.76,57,21.2,0.5257,243.9,68.8,0.7419,0.7114,0.5614,0.2832,0.4963,0.4091,0.4923,-0.3023,0.7181,0.6824,0.602896,CMN,BRACKET_BASE,false,true,0.553969,0.5844538499999999,0.9036579499999999,,0.3928,false
EVT-CON-1722,Printing & Communications Diffusion in Sub-Saharan Africa,1994,contemporary,technological,Africa,Sub-Saharan Africa,CHR-CON-1722,3520.9,0.408,0.139,0.4361,0.367,87.4,0.6205,73.5,16.6,0.6758,223.4,60.5,0.694,0.5078,0.5406,0.6016,0.7327,0.7786,0.6323,0.2708,0.3099,0.5938,0.501174,CMN,BRACKET_BASE,false,true,0.56476494,0.53576259,0.57355906,,0.3141,false
EVT-CON-1723,Synod Monotheistic Mandate in Middle East & North Africa (MENA),1990,contemporary,religious,Middle East,Middle East & North Africa (MENA),CHR-CON-1723,34780.5,0.313,0.353,0.6814,0.56,81.5,0.6875,66.1,25.9,0.6519,278.2,77.6,0.7954,0.6747,0.6716,0.5451,0.6258,0.8094,0.6653,0.1347,0.3454,0.486,0.783377,RMD,BRACKET_HIGH,true,false,0.23765916,0.49777656000000003,0.5763081600000001,,0.354,false
EVT-CON-1724,Harbor Incursion Sickness in USSR / Russian Federation,2019,contemporary,pandemic,Eurasia,USSR / Russian Federation,CHR-CON-1724,40632.7,0.364,0.152,0.779,0.377,91.2,0.6445,83.2,14.9,0.77,531.3,84.2,0.8752,0.8671,0.8086,0.3114,0.5572,0.5332,0.6155,-0.3339,0.756,0.6703,0.572103,CMN,BRACKET_BASE,false,true,0.53168094,0.57481424,0.8960261299999999,,0.4067,false
EVT-CON-1725,Metallurgical Innovation Surge in United States,2020,contemporary,technological,North America,United States,CHR-CON-1725,46960.1,0.584,0.468,0.6751,0.659,68,0.6695,63,25.3,0.6149,298.1,49.6,0.6604,0.6079,0.6294,0.7487,0.885,0.918,0.7578,0.3101,0.4852,0.6248,0.757301,RMD,BRACKET_HIGH,true,false,0.31510350000000004,0.567875,0.68825,,0.3173,false
EVT-CON-1726,Provincial Autonomy Insurgency against Middle East & North Africa (MENA),1988,contemporary,revolution,Middle East,Middle East & North Africa (MENA),CHR-CON-1726,30103.5,0.376,0.732,0.5067,0.717,98.1,0.849,79.1,19.8,0.7553,340.4,46.5,0.6545,0.7908,0.6301,0.3029,0.5059,0.6222,0.5704,-0.1686,0.4365,0.5135,0.726721,RMD,BRACKET_HIGH,false,false,0.34696875000000005,0.609216,0.82207908,,0.403,false
EVT-CON-1727,Succession Conflict of Global Transnational Institutions,1993,contemporary,war,Global,Global Transnational Institutions,CHR-CON-1727,3603.6,0.619,0.17,0.3642,0.316,82.2,0.569,62.3,24.2,0.6007,181.3,63.5,0.6939,0.5178,0.4316,0.1014,0.2981,0.4181,0.3534,-0.0997,0.5548,0.5925,0.542842,CMN,BRACKET_BASE,false,true,0.63089792,0.52207892,0.7830636799999999,,0.4057,false
EVT-CON-1728,Dynastic Disintegration of Sub-Saharan Africa,1963,contemporary,collapse,Africa,Sub-Saharan Africa,CHR-CON-1728,14038.8,0.539,0.665,0.3335,0.51,89.7,0.7035,78.5,22.2,0.7632,333.9,44.5,0.6431,0.7496,0.6391,0.3806,0.4678,0.5103,0.5495,-0.2393,0.8349,0.6979,0.704059,RMD,BRACKET_HIGH,false,false,0.37312212000000006,0.5142597,0.85318896,,0.3774,false
EVT-CON-1729,Grain Market Price Shock across USSR / Russian Federation,2009,contemporary,economic,Eurasia,USSR / Russian Federation,CHR-CON-1729,37962.9,0.367,0.7,0.5897,0.736,79.9,0.7675,71.8,23.7,0.7,541.4,53.7,0.7241,0.6633,0.581,0.4646,0.5216,0.4857,0.5432,-0.1776,0.6459,0.5788,0.562504,CMN,BRACKET_BASE,false,true,0.39685216,0.38470247,0.53253552,,0.3158,false
EVT-CON-1730,Territorial Rupture of Republic of India,2001,contemporary,collapse,South Asia,Republic of India,CHR-CON-1730,34315.7,0.28,0.513,0.6391,0.258,72.7,0.4925,62.9,21,0.588,405.2,71.5,0.7921,0.7737,0.6949,0.3604,0.3844,0.4442,0.5315,-0.3295,0.8075,0.7519,0.730336,RMD,BRACKET_HIGH,true,false,0.38993832000000006,0.5176496,0.8810435200000001,,0.3749,false
EVT-CON-1731,Constitutional Reorganization of USSR / Russian Federation,1981,contemporary,transformation,Eurasia,USSR / Russian Federation,CHR-CON-1731,3777.8,0.479,0.538,0.2974,0.272,70.4,0.488,62.3,11.2,0.5227,181.9,53,0.6416,0.3995,0.4352,0.3393,0.4809,0.6853,0.468,0.2858,0.1078,0.6151,0.597255,CMN,BRACKET_BASE,false,true,0.5647257000000001,0.5519719200000001,0.48215034,,0.3524,false
EVT-CON-1732,Palatial Collapse of United States,1959,contemporary,collapse,North America,United States,CHR-CON-1732,39991.4,0.322,0.386,0.7156,0.675,67.8,0.6765,81,18.2,0.7661,578.7,76,0.8404,0.8886,0.823,0.4978,0.5842,0.5774,0.6742,-0.3112,0.4589,0.589,0.517993,CMN,BRACKET_BASE,false,true,0.42714508,0.54634979,0.88845667,,0.3713,false
EVT-CON-1733,Metallurgical Innovation Surge in Japan,2026,contemporary,technological,East Asia,Japan,CHR-CON-1733,45444.8,0.612,0.459,0.6557,0.433,72,0.5765,78.3,22.4,0.7622,109.6,58.1,0.6305,0.5848,0.6177,0.7145,0.8497,0.7838,0.7101,0.199,0.2691,0.5056,0.748195,RMD,BRACKET_HIGH,true,false,0.345875,0.57075,0.69275,,0.2883,false
EVT-CON-1734,Treaty System Implementation across Japan,1995,contemporary,transformation,East Asia,Japan,CHR-CON-1734,36489.6,0.539,0.887,0.4687,0.642,99.4,0.818,59.2,30.8,0.607,147.6,81.3,0.768,0.5859,0.6097,0.5539,0.7127,0.8252,0.6575,0.2393,0.1888,0.5224,0.677058,RMD,BRACKET_MEDIUM,false,true,0.34295664,0.38950650000000003,0.32123296,,0.333,false
EVT-CON-1735,Guild Monopoly Reform in Republic of India,1972,contemporary,economic,South Asia,Republic of India,CHR-CON-1735,11684.8,0.548,0.846,0.2554,0.386,69.3,0.5395,66.8,13.7,0.5862,555,56.6,0.7404,0.5979,0.5649,0.2886,0.354,0.5708,0.4752,-0.0271,0.4593,0.5523,0.653058,RMD,BRACKET_MEDIUM,false,true,0.4435965,0.56753076,0.71976402,,0.3949,false
EVT-CON-1736,Peasant Rebellion against Republic of India,1980,contemporary,revolution,South Asia,Republic of India,CHR-CON-1736,11050.6,0.273,0.167,0.5359,0.782,83.4,0.808,81.5,21.6,0.7919,228.1,70.5,0.7455,0.7314,0.62,0.4184,0.5837,0.488,0.5683,-0.2434,0.5121,0.5691,0.596996,CMN,BRACKET_BASE,false,true,0.36512711999999997,0.49736048,0.80602662,,0.3614,false
EVT-CON-1737,Popular Uprising of USSR / Russian Federation,1962,contemporary,revolution,Eurasia,USSR / Russian Federation,CHR-CON-1737,13382.3,0.285,0.865,0.3438,0.625,74.3,0.684,71,26,0.7052,240.6,77.8,0.7859,0.6923,0.611,0.2194,0.3684,0.3481,0.4478,-0.3442,0.5869,0.7026,0.454268,CMN,BRACKET_BASE,false,true,0.54928926,0.5999348,0.9235636,,0.3952,false
EVT-CON-1738,Monastic Network Expansion of USSR / Russian Federation,1954,contemporary,religious,Eurasia,USSR / Russian Federation,CHR-CON-1738,46105.3,0.535,0.339,0.7208,0.676,89,0.783,81,11.5,0.7259,308.5,79.7,0.8134,0.8001,0.7897,0.6484,0.7406,0.7031,0.7364,-0.097,0.4544,0.4615,0.699366,RMD,BRACKET_MEDIUM,false,false,0.2075226,0.54939456,0.7285202,,0.3038,false
EVT-CON-1739,Coalition Defense of Global Transnational Institutions,2001,contemporary,war,Global,Global Transnational Institutions,CHR-CON-1739,38026,0.545,0.739,0.5251,0.297,83.9,0.568,78.5,24.7,0.7782,525.7,70.5,0.806,0.6889,0.5976,0.4212,0.5028,0.7094,0.584,0.0205,0.6274,0.5172,0.658816,RMD,BRACKET_MEDIUM,false,true,0.38085236,0.5109976,0.6985690699999999,,0.3878,false
EVT-CON-1740,Provincial Autonomy Insurgency against United States,1995,contemporary,revolution,North America,United States,CHR-CON-1740,23383.5,0.448,0.131,0.605,0.822,94.5,0.8835,82.7,29.5,0.8522,104.3,75.6,0.7144,0.8219,0.7058,0.3302,0.5412,0.5996,0.5997,-0.2223,0.4795,0.5188,0.703726,RMD,BRACKET_HIGH,false,false,0.26952805,0.54910828,0.83916474,,0.4043,false
EVT-CON-1741,Borderlands Pacification of People's Republic of China,1979,contemporary,war,East Asia,People's Republic of China,CHR-CON-1741,41939.9,0.293,0.683,0.6527,0.51,96.8,0.739,81.4,8.5,0.7122,236.1,83.6,0.8135,0.7086,0.6578,0.4671,0.5663,0.5816,0.5963,-0.127,0.6947,0.5567,0.513775,CMN,BRACKET_BASE,false,true,0.5643221999999999,0.492414,0.7756628,,0.347,false
EVT-CON-1742,Silver Flotilla Currency Shock in People's Republic of China,1997,contemporary,economic,East Asia,People's Republic of China,CHR-CON-1742,35203.6,0.575,0.3,0.6225,0.517,92.2,0.7195,84.3,23.2,0.8317,514.5,45.7,0.6804,0.7324,0.6788,0.4869,0.5549,0.9094,0.6725,0.177,0.4222,0.5051,0.854262,RMD,BRACKET_HIGH,true,false,0.23071355999999998,0.40905315,0.40599504,,0.3996,false
EVT-CON-1743,Maritime Trade Hub Expansion in Global Transnational Institutions,2013,contemporary,economic,Global,Global Transnational Institutions,CHR-CON-1743,33431,0.358,0.185,0.7061,0.49,94.3,0.7165,61.3,19.8,0.5636,368.4,76.5,0.8102,0.7744,0.6919,0.5217,0.6131,0.9545,0.7111,0.1801,0.3428,0.515,0.441809,CMN,BRACKET_BASE,false,true,0.38208753,0.5840585500000001,0.6027683199999999,,0.3991,false
EVT-CON-1744,Frontier Campaign of Sub-Saharan Africa,1975,contemporary,war,Africa,Sub-Saharan Africa,CHR-CON-1744,27313.1,0.57,0.219,0.5774,0.636,81.3,0.7245,71.2,21.8,0.6822,151.4,47,0.5984,0.6487,0.6038,0.4361,0.6198,0.4523,0.5521,-0.1964,0.4035,0.5393,0.625652,CMN,BRACKET_BASE,false,true,0.31641138,0.39820596,0.52617708,,0.3365,false
EVT-CON-1745,Urban Quarantine Emergency in Global Transnational Institutions,1967,contemporary,pandemic,Global,Global Transnational Institutions,CHR-CON-1745,47481.5,0.296,0.21,0.8435,0.668,75,0.709,75.8,28.7,0.7731,453.5,43.7,0.6613,0.7785,0.7383,0.4442,0.6738,0.5247,0.6319,-0.2538,0.866,0.6347,0.406151,CMN,BRACKET_BASE,false,true,0.64222404,0.5849286,0.8956666000000001,,0.3755,false
EVT-CON-1746,Fiscal Modernization in Sub-Saharan Africa,2003,contemporary,transformation,Africa,Sub-Saharan Africa,CHR-CON-1746,25873.1,0.266,0.805,0.4798,0.306,80.1,0.5535,63.2,9.8,0.524,387.3,71.8,0.7903,0.4709,0.5163,0.4323,0.607,0.7678,0.5589,0.2969,0.1666,0.5984,0.920124,RMD,BRACKET_HIGH,true,false,0.22684992,0.38150032,0.31602636,,0.3476,false
EVT-CON-1747,Agrarian Restructuring of USSR / Russian Federation,1994,contemporary,transformation,Eurasia,USSR / Russian Federation,CHR-CON-1747,6354.1,0.569,0.521,0.2987,0.409,66.6,0.5375,66.1,20.6,0.6201,392.8,62.9,0.7469,0.494,0.5252,0.3981,0.6107,0.7986,0.5653,0.3046,0.3156,0.6549,0.826221,RMD,BRACKET_HIGH,true,false,0.32615856,0.39276005,0.36156823000000005,,0.3714,false
EVT-CON-1748,Radical Assembly Schism in Middle East & North Africa (MENA),1994,contemporary,revolution,Middle East,Middle East & North Africa (MENA),CHR-CON-1748,5999.6,0.511,0.509,0.3165,0.244,86.6,0.555,70.9,15.3,0.64,337.7,65.8,0.7504,0.5577,0.4437,0.1841,0.3918,0.5272,0.4209,-0.0305,0.6119,0.5727,0.510743,CMN,BRACKET_BASE,false,true,0.65440756,0.5014989599999999,0.72016872,,0.403,false
EVT-CON-1749,Astronomical Standardization by USSR / Russian Federation,1989,contemporary,technological,Eurasia,USSR / Russian Federation,CHR-CON-1749,30849.6,0.278,0.417,0.6373,0.381,84.1,0.611,60.1,22.2,0.565,475.5,65.1,0.7717,0.5561,0.6042,0.6501,0.7511,0.7695,0.6662,0.2134,0.4562,0.5873,0.805966,RMD,BRACKET_HIGH,true,false,0.24649056000000003,0.46995531000000007,0.61608339,,0.2926,false
EVT-CON-1750,Maritime Trade Hub Expansion in People's Republic of China,2006,contemporary,economic,East Asia,People's Republic of China,CHR-CON-1750,10210.2,0.617,0.761,0.2469,0.473,66.5,0.569,82.4,10.5,0.735,139.3,58.9,0.6518,0.5959,0.5128,0.3379,0.4549,0.6143,0.5032,0.0184,0.5575,0.5467,0.767874,RMD,BRACKET_HIGH,true,false,0.42197909999999994,0.40911934,0.47973608,,0.384,false
EVT-CON-1751,Maritime Hegemony Clash in Sub-Saharan Africa,1960,contemporary,war,Africa,Sub-Saharan Africa,CHR-CON-1751,46624.8,0.617,0.451,0.6672,0.211,77.3,0.492,56.7,25.1,0.5458,517.2,46.5,0.6848,0.5887,0.4873,0.1506,0.2208,0.4556,0.3806,-0.1331,0.6919,0.6191,0.471123,CMN,BRACKET_BASE,false,true,0.6467292,0.42550005,0.5463802400000001,,0.4081,false
EVT-CON-1752,Navigational Instrument Reform in Latin America (Mercosur/Alliance),1949,contemporary,technological,Latin America,Latin America (Mercosur/Alliance),CHR-CON-1752,27966.6,0.633,0.654,0.4338,0.226,73.1,0.4785,58.6,24.5,0.5627,466.1,47.1,0.6802,0.4939,0.5368,0.6461,0.7385,0.7112,0.6253,0.2173,0.2212,0.5814,0.782607,RMD,BRACKET_HIGH,true,false,0.3413853,0.3863226,0.43236912,,0.2817,false
EVT-CON-1753,Orthodoxy & Heresy Trial Wave in United States,1961,contemporary,religious,North America,United States,CHR-CON-1753,29842.2,0.266,0.212,0.6934,0.217,93.9,0.578,66.4,31.7,0.6899,159.1,46.8,0.6009,0.6011,0.6759,0.4823,0.6223,0.8391,0.6441,0.238,0.3933,0.5627,0.823164,RMD,BRACKET_HIGH,true,false,0.19992400000000002,0.39896278,0.3826831,,0.3756,false
EVT-CON-1754,Urban Quarantine Emergency in Middle East & North Africa (MENA),2009,contemporary,pandemic,Middle East,Middle East & North Africa (MENA),CHR-CON-1754,10776.4,0.516,0.284,0.4254,0.697,75.1,0.724,62.4,31.6,0.6462,186.5,44.3,0.5999,0.6669,0.6393,0.3509,0.5687,0.5461,0.5544,-0.1208,0.849,0.6381,0.685062,RMD,BRACKET_MEDIUM,false,false,0.43680563999999994,0.55949344,0.80731064,,0.3836,false
EVT-CON-1755,Civic Restoration Revolt in Southeast Asia (ASEAN),1958,contemporary,revolution,Southeast Asia,Southeast Asia (ASEAN),CHR-CON-1755,3646.3,0.317,0.401,0.3859,0.666,75.2,0.709,67.2,24.9,0.6577,59.8,41.8,0.5051,0.6055,0.514,0.2014,0.3105,0.6701,0.4603,0.0646,0.7612,0.5923,0.605902,CMN,BRACKET_BASE,false,true,0.5581056,0.5312853,0.6898749000000001,,0.4003,false
EVT-CON-1756,Synod Monotheistic Mandate in Global Transnational Institutions,1963,contemporary,religious,Global,Global Transnational Institutions,CHR-CON-1756,19807.3,0.473,0.364,0.4955,0.535,89.7,0.716,63.4,27.8,0.6342,64.2,50.4,0.5533,0.6493,0.6167,0.4625,0.5934,0.5844,0.5813,-0.0649,0.4537,0.5016,0.737972,RMD,BRACKET_HIGH,true,false,0.45753059,0.49757523000000003,0.7198515000000001,,0.3346,false
EVT-CON-1757,Succession Conflict of USSR / Russian Federation,1960,contemporary,war,Eurasia,USSR / Russian Federation,CHR-CON-1757,44442.6,0.644,0.525,0.6173,0.231,68.2,0.4565,83.3,18.4,0.7921,373,41.2,0.6346,0.5857,0.501,0.1646,0.3103,0.3378,0.3799,-0.2479,0.5357,0.6179,0.528381,CMN,BRACKET_BASE,false,true,0.6096012000000001,0.51068784,0.83757366,,0.3947,false
EVT-CON-1758,Synod Monotheistic Mandate in Middle East & North Africa (MENA),1955,contemporary,religious,Middle East,Middle East & North Africa (MENA),CHR-CON-1758,22200,0.509,0.317,0.5203,0.512,89.7,0.7045,84.2,21.3,0.8192,494,43.2,0.665,0.6426,0.6055,0.425,0.5583,0.5367,0.5536,-0.1059,0.265,0.4468,0.798146,RMD,BRACKET_HIGH,true,false,0.20245248000000002,0.39922038000000004,0.47785193,,0.344,false
EVT-CON-1759,Dynastic Disintegration of Sub-Saharan Africa,1998,contemporary,collapse,Africa,Sub-Saharan Africa,CHR-CON-1759,47857.4,0.418,0.801,0.633,0.432,83.4,0.633,62.4,11.8,0.5274,134.6,79.1,0.7503,0.7172,0.6427,0.4017,0.4453,0.3561,0.5126,-0.3611,0.8018,0.7564,0.568835,CMN,BRACKET_BASE,false,true,0.4986537,0.41061076,0.62850816,,0.3527,false
EVT-CON-1760,Popular Uprising of USSR / Russian Federation,1987,contemporary,revolution,Eurasia,USSR / Russian Federation,CHR-CON-1760,6531.5,0.596,0.682,0.2438,0.802,77.1,0.7865,67.9,17.4,0.6202,184.8,50.1,0.6283,0.6135,0.4505,0.2356,0.4197,0.7038,0.4846,0.0903,0.7729,0.6244,0.3729,CMN,BRACKET_BASE,false,true,0.68157348,0.604125,0.758375,,0.3999,false
EVT-CON-1761,Mechanical Power Harnessing in Sub-Saharan Africa,2025,contemporary,technological,Africa,Sub-Saharan Africa,CHR-CON-1761,11980.7,0.558,0.891,0.2415,0.57,80.5,0.6875,83.5,29,0.8578,365.3,42.9,0.6416,0.5201,0.5653,0.6144,0.6851,0.6637,0.6097,0.1436,0.3344,0.5231,0.524181,CMN,BRACKET_BASE,false,true,0.43755360000000004,0.37727279999999996,0.4338432,,0.2664,false
EVT-CON-1762,Decentralization Wave across Japan,2012,contemporary,collapse,East Asia,Japan,CHR-CON-1762,30696.4,0.464,0.594,0.5271,0.824,95.1,0.8875,70,19.9,0.6579,498.1,71,0.8046,0.8461,0.7884,0.539,0.6207,0.6569,0.6902,-0.1892,0.6429,0.582,0.604698,CMN,BRACKET_BASE,false,true,0.47750387999999994,0.57591996,0.83804308,,0.364,false
EVT-CON-1763,Strategic Siege of United States,1952,contemporary,war,North America,United States,CHR-CON-1763,17700.8,0.313,0.895,0.3652,0.458,71.3,0.5855,59.4,18.7,0.5365,146.2,46.8,0.5948,0.4906,0.4085,0.0629,0.2051,0.2224,0.2779,-0.2682,0.5403,0.6868,0.391095,CMN,BRACKET_BASE,false,true,0.9241230600000001,0.5850000000000001,0.931,,0.3942,true
EVT-CON-1764,Educational Charter of Southeast Asia (ASEAN),2014,contemporary,transformation,Southeast Asia,Southeast Asia (ASEAN),CHR-CON-1764,20640.2,0.435,0.381,0.5093,0.841,98.5,0.913,78.3,11.1,0.6944,151.6,59.4,0.6604,0.584,0.6638,0.6119,0.8018,0.7859,0.6895,0.2019,0.192,0.4695,0.848276,RMD,BRACKET_HIGH,true,false,0.1285935,0.39042504,0.34341782,,0.3161,false
EVT-CON-1765,Metallurgical Innovation Surge in USSR / Russian Federation,1965,contemporary,technological,Eurasia,USSR / Russian Federation,CHR-CON-1765,9531.2,0.556,0.826,0.2396,0.359,89.3,0.626,79.5,13.6,0.7224,380.2,40.6,0.633,0.4789,0.5385,0.5835,0.7417,0.6928,0.6071,0.2139,0.3115,0.5852,0.878889,RMD,BRACKET_HIGH,true,false,0.23933232000000002,0.39481781,0.42328125,,0.2993,false
EVT-CON-1766,Dynastic Disintegration of People's Republic of China,1991,contemporary,collapse,East Asia,People's Republic of China,CHR-CON-1766,7905.3,0.338,0.357,0.4311,0.547,85.3,0.7,63.1,20.9,0.5896,56.2,68.5,0.6341,0.6494,0.5851,0.3837,0.4353,0.4503,0.5008,-0.1991,0.5326,0.6126,0.651182,RMD,BRACKET_MEDIUM,false,true,0.41888504,0.55649692,0.8159241999999999,,0.3394,false
EVT-CON-1767,Strategic Siege of Republic of India,2012,contemporary,war,South Asia,Republic of India,CHR-CON-1767,4465.3,0.481,0.86,0.2064,0.791,77.6,0.7835,72.2,12.8,0.639,482.3,61.7,0.7557,0.6561,0.5386,0.2218,0.3955,0.4052,0.4434,-0.2509,0.4645,0.6373,0.701401,RMD,BRACKET_HIGH,false,false,0.430128,0.40937013,0.56674177,,0.3961,false
EVT-CON-1768,Frontier Fragmentation of USSR / Russian Federation,1958,contemporary,collapse,Eurasia,USSR / Russian Federation,CHR-CON-1768,4637.8,0.261,0.428,0.4035,0.843,98.8,0.9155,83.6,20.9,0.8103,266.8,67.9,0.7439,0.8193,0.7468,0.4444,0.5241,0.5252,0.612,-0.2941,0.4152,0.5732,0.548025,CMN,BRACKET_BASE,false,true,0.39057594,0.53830944,0.8661915800000001,,0.37,false
EVT-CON-1769,Urban Quarantine Emergency in Latin America (Mercosur/Alliance),1998,contemporary,pandemic,Latin America,Latin America (Mercosur/Alliance),CHR-CON-1769,26479.3,0.534,0.889,0.3797,0.674,65.8,0.666,80.8,10.2,0.716,429.1,81.8,0.8478,0.6817,0.6162,0.2758,0.4446,0.3642,0.4765,-0.3175,0.8155,0.7411,0.609729,CMN,BRACKET_BASE,false,true,0.6169878,0.5172274800000001,0.8935414399999999,,0.3834,false
EVT-CON-1770,Harbor Incursion Sickness in European Union / Western Europe,1979,contemporary,pandemic,Europe,European Union / Western Europe,CHR-CON-1770,9068.7,0.555,0.899,0.2139,0.311,97.5,0.643,67.6,26.6,0.6722,432.2,84.4,0.8613,0.63,0.5646,0.0881,0.2713,0.4344,0.3977,-0.1956,0.8257,0.7127,0.406415,CMN,BRACKET_BASE,false,true,0.82402292,0.62726997,0.8430542099999999,,0.4008,false
EVT-CON-1771,Radical Assembly Schism in Southeast Asia (ASEAN),2003,contemporary,revolution,Southeast Asia,Southeast Asia (ASEAN),CHR-CON-1771,10493.7,0.561,0.619,0.3089,0.52,69.5,0.6075,69.5,28.6,0.7047,534.9,62.4,0.7667,0.6733,0.5789,0.3213,0.5255,0.6574,0.5513,-0.0159,0.5966,0.5446,0.742256,RMD,BRACKET_HIGH,true,false,0.39075334,0.41372702,0.49649445999999997,,0.4007,false
EVT-CON-1772,Fiscal Modernization in Middle East & North Africa (MENA),2002,contemporary,transformation,Middle East,Middle East & North Africa (MENA),CHR-CON-1772,42818.2,0.308,0.849,0.6063,0.278,68.3,0.4805,79.2,31.4,0.8259,104.3,84.4,0.7584,0.5717,0.6328,0.5129,0.723,0.8418,0.6564,0.2701,0.3083,0.566,0.550841,CMN,BRACKET_BASE,false,true,0.51005323,0.5517893999999999,0.5263122400000001,,0.3526,false
EVT-CON-1773,Debt Crisis Settlement of Southeast Asia (ASEAN),1959,contemporary,economic,Southeast Asia,Southeast Asia (ASEAN),CHR-CON-1773,40805.8,0.486,0.898,0.5201,0.65,66.1,0.6555,73.5,26.6,0.7358,423.2,59.9,0.7373,0.7204,0.6786,0.4624,0.5982,0.6964,0.6312,-0.024,0.2576,0.4207,0.757585,RMD,BRACKET_HIGH,true,false,0.20032844,0.49318740999999994,0.6331037500000001,,0.3781,false
EVT-CON-1774,Dynastic Disintegration of Republic of India,1974,contemporary,collapse,South Asia,Republic of India,CHR-CON-1774,27196.6,0.514,0.336,0.558,0.624,96.4,0.794,65.5,11.8,0.5608,255.6,76.1,0.7818,0.8131,0.6963,0.3629,0.4447,0.4827,0.5599,-0.3304,0.4209,0.6267,0.520016,CMN,BRACKET_BASE,false,true,0.36595807,0.603612,0.9006274999999999,,0.3879,false
EVT-CON-1775,Popular Uprising of Sub-Saharan Africa,1982,contemporary,revolution,Africa,Sub-Saharan Africa,CHR-CON-1775,42873.2,0.432,0.146,0.7805,0.733,69.8,0.7155,83.1,17.5,0.7845,212.7,72.5,0.7505,0.7593,0.5869,0.2293,0.5051,0.6226,0.5406,-0.1367,0.5773,0.5061,0.505714,CMN,BRACKET_BASE,false,true,0.42459614999999995,0.440576,0.53373278,,0.3897,false
EVT-CON-1776,Printing & Communications Diffusion in European Union / Western Europe,2017,contemporary,technological,Europe,European Union / Western Europe,CHR-CON-1776,23286,0.296,0.128,0.6507,0.531,73.5,0.633,67.5,20.6,0.6351,516.8,58.1,0.7427,0.6204,0.663,0.7056,0.8629,0.7868,0.7277,0.1664,0.3419,0.5175,0.646328,RMD,BRACKET_MEDIUM,false,true,0.35852544000000003,0.49334397,0.6206442900000001,,0.2887,false
EVT-CON-1777,Dynastic Disintegration of Middle East & North Africa (MENA),2000,contemporary,collapse,Middle East,Middle East & North Africa (MENA),CHR-CON-1777,31275,0.401,0.212,0.6658,0.675,91.8,0.7965,60,16.9,0.5322,184,52.3,0.639,0.7989,0.7284,0.3345,0.4283,0.6122,0.5805,-0.1867,0.8119,0.6346,0.577654,CMN,BRACKET_BASE,false,true,0.5765,0.629875,0.908625,,0.4067,false
EVT-CON-1778,Fiscal Modernization in USSR / Russian Federation,1998,contemporary,transformation,Eurasia,USSR / Russian Federation,CHR-CON-1778,22496.2,0.491,0.869,0.3628,0.248,93.4,0.591,72.9,31,0.7557,425.7,45.4,0.6652,0.4762,0.5079,0.3678,0.5663,0.6974,0.5231,0.2212,0.3063,0.5696,0.774539,RMD,BRACKET_HIGH,true,false,0.32142656,0.55174196,0.5530582900000001,,0.3655,false
EVT-CON-1779,Palatial Collapse of Latin America (Mercosur/Alliance),1963,contemporary,collapse,Latin America,Latin America (Mercosur/Alliance),CHR-CON-1779,13350.9,0.474,0.636,0.3555,0.767,88.9,0.828,81.6,24.4,0.8098,112.6,45.7,0.5704,0.737,0.6618,0.4314,0.4911,0.5515,0.5746,-0.1855,0.61,0.5837,0.368605,CMN,BRACKET_BASE,false,true,0.56728625,0.57281175,0.83294068,,0.3659,false
EVT-CON-1780,Continental Standoff of Sub-Saharan Africa,1956,contemporary,war,Africa,Sub-Saharan Africa,CHR-CON-1780,22798.4,0.397,0.284,0.5692,0.223,83,0.5265,77.2,15.5,0.709,293.3,41.5,0.6187,0.588,0.4836,0.1799,0.3024,0.6039,0.4316,0.0159,0.6954,0.5417,0.627666,CMN,BRACKET_BASE,false,true,0.509864,0.41344512,0.47567538,,0.4049,false
EVT-CON-1781,Epidemic Fever Outbreak across Sub-Saharan Africa,2001,contemporary,pandemic,Africa,Sub-Saharan Africa,CHR-CON-1781,13826.5,0.366,0.344,0.4798,0.724,76.5,0.7445,56.9,26.5,0.5564,77.5,79.6,0.7129,0.7148,0.6504,0.2644,0.42,0.3734,0.4846,-0.3414,0.8628,0.763,0.635904,RMD,BRACKET_MEDIUM,false,true,0.64351929,0.5984510599999999,0.9330294000000001,,0.3907,false
EVT-CON-1782,Secular Legal Separation in Sub-Saharan Africa,1987,contemporary,religious,Africa,Sub-Saharan Africa,CHR-CON-1782,23460.5,0.592,0.16,0.5538,0.714,68.7,0.7005,69.5,29.6,0.7107,559.2,84.7,0.8814,0.7529,0.8146,0.7074,0.8723,0.9745,0.8243,0.2216,0.5122,0.583,0.685263,RMD,BRACKET_MEDIUM,false,false,0.32512042,0.5492341399999999,0.5643787499999999,,0.3313,false
EVT-CON-1783,Administrative Codification of United States,2013,contemporary,transformation,North America,United States,CHR-CON-1783,27842.5,0.394,0.542,0.538,0.292,97.9,0.6355,56,15,0.4777,375.4,43.5,0.6466,0.5019,0.5411,0.4175,0.6656,0.6052,0.5463,0.1033,0.3115,0.516,0.524216,CMN,BRACKET_BASE,false,true,0.65369148,0.5650000000000001,0.646,,0.3351,false
EVT-CON-1784,Systemic Governance Breakdown in European Union / Western Europe,1950,contemporary,collapse,Europe,European Union / Western Europe,CHR-CON-1784,3638.8,0.44,0.167,0.4191,0.243,70.3,0.473,71.5,16.9,0.656,58.9,56.3,0.5765,0.6066,0.5415,0.1745,0.2094,0.2402,0.3544,-0.3664,0.7532,0.7839,0.75576,RMD,BRACKET_HIGH,true,false,0.656625,0.607875,0.99525,,0.376,true
EVT-CON-1785,Caravan Route Pestilence in United States,1976,contemporary,pandemic,North America,United States,CHR-CON-1785,23603.5,0.54,0.813,0.3748,0.309,65.6,0.4825,74.7,18,0.6971,525.4,42,0.6634,0.5759,0.529,0.2464,0.4421,0.3027,0.4192,-0.2732,0.8999,0.7693,0.48886,CMN,BRACKET_BASE,false,true,0.71953038,0.49898352,0.8664355299999998,,0.3652,false
EVT-CON-1786,Administrative Codification of Sub-Saharan Africa,1996,contemporary,transformation,Africa,Sub-Saharan Africa,CHR-CON-1786,29142.1,0.649,0.276,0.553,0.315,96.1,0.638,62.5,30.7,0.6419,166.9,66.6,0.7034,0.5197,0.5676,0.4375,0.6511,0.6604,0.5673,0.1407,0.324,0.512,0.523468,CMN,BRACKET_BASE,false,true,0.43450200000000005,0.47972496000000003,0.55700526,,0.337,false
EVT-CON-1787,Urban Quarantine Emergency in European Union / Western Europe,1993,contemporary,pandemic,Europe,European Union / Western Europe,CHR-CON-1787,13524.3,0.378,0.654,0.3805,0.436,82.3,0.6295,65.6,24.3,0.6369,480.7,64.9,0.7715,0.6872,0.6317,0.3157,0.521,0.3638,0.5039,-0.3234,0.6693,0.7249,0.564434,CMN,BRACKET_BASE,false,true,0.49323626,0.4066265,0.6075330800000001,,0.3728,false
EVT-CON-1788,Monastic Network Expansion of Global Transnational Institutions,2009,contemporary,religious,Global,Global Transnational Institutions,CHR-CON-1788,3858.2,0.54,0.492,0.2936,0.641,94.7,0.794,64.5,30.7,0.6634,413.1,49.2,0.682,0.6246,0.6819,0.5481,0.7238,0.6865,0.653,0.0619,0.2167,0.455,0.555601,CMN,BRACKET_BASE,false,true,0.27663665000000004,0.38502395999999994,0.39001661000000004,,0.3157,false
EVT-CON-1789,Metallurgical Innovation Surge in Southeast Asia (ASEAN),1983,contemporary,technological,Southeast Asia,Southeast Asia (ASEAN),CHR-CON-1789,19670.3,0.295,0.102,0.6263,0.788,79.2,0.79,81,29.7,0.8351,351.5,71.6,0.7823,0.6814,0.7276,0.8201,0.9641,1,0.8386,0.3343,0.2139,0.5263,0.811528,RMD,BRACKET_HIGH,true,false,0.10592941000000002,0.5017860000000001,0.58458246,,0.3085,false
EVT-CON-1790,Hydraulic Engineering Grid in Middle East & North Africa (MENA),1966,contemporary,technological,Middle East,Middle East & North Africa (MENA),CHR-CON-1790,31758.8,0.371,0.612,0.5591,0.701,84.5,0.773,74.4,10.5,0.6488,545.6,64.4,0.7781,0.6453,0.6999,0.798,0.9107,0.8431,0.7794,0.1978,0.3276,0.5216,0.830814,RMD,BRACKET_HIGH,true,false,0.26433016,0.569875,0.7298749999999999,,0.2795,false
EVT-CON-1791,Military Coup d’État in Global Transnational Institutions,1994,contemporary,revolution,Global,Global Transnational Institutions,CHR-CON-1791,45627.4,0.266,0.619,0.7132,0.575,83.9,0.707,55.7,31.4,0.5729,269.6,63.1,0.7206,0.7751,0.662,0.366,0.5783,0.8858,0.6534,0.1107,0.7745,0.5844,0.834853,RMD,BRACKET_HIGH,true,false,0.2914985,0.43681785000000006,0.47997278,,0.3878,false
EVT-CON-1792,Agrarian Restructuring of Sub-Saharan Africa,1972,contemporary,transformation,Africa,Sub-Saharan Africa,CHR-CON-1792,10844.9,0.552,0.374,0.3882,0.225,67.6,0.4505,66.5,30.2,0.682,338.7,47.5,0.6591,0.4673,0.5309,0.4737,0.664,0.5794,0.5431,0.1121,0.1255,0.4938,0.85125,RMD,BRACKET_HIGH,true,false,0.19372941,0.3849182,0.35772731999999996,,0.2985,false
EVT-CON-1793,Borderlands Pacification of Middle East & North Africa (MENA),1978,contemporary,war,Middle East,Middle East & North Africa (MENA),CHR-CON-1793,12099.7,0.28,0.228,0.5249,0.574,91,0.742,73.4,27.3,0.7389,354.4,64.2,0.7459,0.7245,0.6658,0.3498,0.4243,0.6475,0.5624,-0.077,0.5757,0.5146,0.712661,RMD,BRACKET_HIGH,false,false,0.3339618,0.42681086,0.52471419,,0.4045,false
EVT-CON-1794,Coalition Defense of Sub-Saharan Africa,1978,contemporary,war,Africa,Sub-Saharan Africa,CHR-CON-1794,44905.3,0.324,0.658,0.6776,0.665,70.9,0.687,65.4,27.4,0.6533,357.1,60.1,0.726,0.7121,0.6103,0.4416,0.5873,0.6057,0.5914,-0.1064,0.5293,0.5171,0.563169,CMN,BRACKET_BASE,false,true,0.43196165999999997,0.50894469,0.75888279,,0.3648,false
EVT-CON-1795,Grain Market Price Shock across Japan,2024,contemporary,economic,East Asia,Japan,CHR-CON-1795,32675.8,0.313,0.676,0.5656,0.55,81,0.68,66.3,30.7,0.6828,511.6,69.1,0.797,0.6371,0.5414,0.4306,0.5496,0.8163,0.595,0.1792,0.534,0.571,0.650802,RMD,BRACKET_MEDIUM,false,true,0.46332284,0.56709558,0.62094388,,0.39,false
EVT-CON-1796,Dynastic Disintegration of United States,1983,contemporary,collapse,North America,United States,CHR-CON-1796,9809,0.537,0.485,0.3501,0.831,96,0.8955,75.8,26.5,0.7599,464.7,61.1,0.75,0.7599,0.7018,0.3848,0.4484,0.3515,0.5293,-0.4084,0.6565,0.7138,0.617252,CMN,BRACKET_BASE,false,true,0.48644253,0.59762385,0.9686991399999999,,0.3697,false
EVT-CON-1797,Metallurgical Innovation Surge in Middle East & North Africa (MENA),2023,contemporary,technological,Middle East,Middle East & North Africa (MENA),CHR-CON-1797,10234.8,0.296,0.802,0.3311,0.568,77.2,0.67,72.1,15.3,0.6529,252.3,45.6,0.6283,0.4953,0.5509,0.6567,0.7845,0.6473,0.6269,0.152,0.2429,0.5247,0.759232,RMD,BRACKET_HIGH,true,false,0.2618025,0.39789606,0.46680668000000003,,0.2865,false
EVT-CON-1798,Astronomical Standardization by Southeast Asia (ASEAN),2015,contemporary,technological,Southeast Asia,Southeast Asia (ASEAN),CHR-CON-1798,33769.4,0.528,0.232,0.6441,0.569,80.6,0.6875,66.4,25,0.6497,568.5,52.9,0.7236,0.6042,0.6609,0.7503,0.842,0.8962,0.7507,0.292,0.178,0.535,0.862263,RMD,BRACKET_HIGH,true,false,0.10546751999999998,0.38004672,0.378,,0.3089,false
EVT-CON-1799,Printing & Communications Diffusion in Global Transnational Institutions,1973,contemporary,technological,Global,Global Transnational Institutions,CHR-CON-1799,11035.6,0.584,0.209,0.4298,0.727,79.8,0.7625,67.9,23.1,0.6544,417,68.7,0.7802,0.615,0.6662,0.7414,0.8591,0.8947,0.7553,0.2797,0.2226,0.5597,0.650831,RMD,BRACKET_MEDIUM,false,true,0.30859452,0.39292705000000006,0.39095446,,0.3098,false
EVT-CON-1800,Silver Flotilla Currency Shock in United States,1959,contemporary,economic,North America,United States,CHR-CON-1800,42392.6,0.622,0.166,0.7132,0.794,91.5,0.8545,74.1,13.5,0.6636,150.6,56.4,0.645,0.734,0.6685,0.4299,0.5153,0.6161,0.5928,-0.1179,0.5286,0.4911,0.694908,RMD,BRACKET_MEDIUM,false,false,0.52124667,0.5955,0.8440000000000001,,0.3795,false
EVT-CON-1801,Frontier Fragmentation of Southeast Asia (ASEAN),1969,contemporary,collapse,Southeast Asia,Southeast Asia (ASEAN),CHR-CON-1801,25054.7,0.397,0.663,0.4758,0.262,67.8,0.47,55.2,17.8,0.4859,378.3,63.9,0.7491,0.6689,0.5632,0.3049,0.3436,0.4109,0.4583,-0.258,0.5226,0.6852,0.624357,CMN,BRACKET_BASE,false,true,0.52768896,0.40859203,0.57316082,,0.3709,false
EVT-CON-1802,Printing & Communications Diffusion in Japan,1967,contemporary,technological,East Asia,Japan,CHR-CON-1802,10875.9,0.556,0.218,0.4341,0.75,94.5,0.8475,75.1,26.2,0.7506,438.2,58.8,0.7343,0.6512,0.7026,0.7526,0.831,0.8776,0.763,0.2264,0.2934,0.5208,0.848778,RMD,BRACKET_HIGH,true,false,0.12374855,0.39104296,0.40640339000000003,,0.2961,false
EVT-CON-1803,Respiratory Virulence Wave across Japan,2005,contemporary,pandemic,East Asia,Japan,CHR-CON-1803,41266.8,0.423,0.895,0.5441,0.242,76.7,0.5045,58.2,9,0.4654,125.1,56.8,0.6335,0.6117,0.5791,0.2065,0.3585,0.6439,0.4799,0.0322,0.9179,0.6498,0.740681,RMD,BRACKET_HIGH,true,false,0.42244909,0.50663844,0.6847971900000001,,0.4039,false
EVT-CON-1804,Military Coup d’État in Southeast Asia (ASEAN),2021,contemporary,revolution,Southeast Asia,Southeast Asia (ASEAN),CHR-CON-1804,32741.1,0.315,0.854,0.5121,0.706,71.1,0.7085,82.1,23.7,0.811,65.8,53.7,0.5715,0.6747,0.5093,0.2143,0.4398,0.5199,0.4716,-0.1548,0.4581,0.5234,0.498284,CMN,BRACKET_BASE,false,true,0.7202500000000001,0.611875,0.873625,,0.4044,false
EVT-CON-1805,Mechanical Power Harnessing in USSR / Russian Federation,1953,contemporary,technological,Eurasia,USSR / Russian Federation,CHR-CON-1805,13698.6,0.296,0.585,0.4274,0.244,68.6,0.465,75.6,13.1,0.6774,209.4,38.7,0.5803,0.4823,0.5195,0.5841,0.6987,0.6683,0.5906,0.186,0.1771,0.5392,0.511075,CMN,BRACKET_BASE,false,true,0.5773944400000001,0.55575,0.6501250000000001,,0.2855,false
EVT-CON-1806,Strategic Siege of Middle East & North Africa (MENA),2006,contemporary,war,Middle East,Middle East & North Africa (MENA),CHR-CON-1806,38007.2,0.446,0.65,0.5814,0.803,86.3,0.833,67.5,31.8,0.7023,484.3,83.4,0.8645,0.7921,0.7182,0.4968,0.6038,0.8038,0.6829,0.0117,0.3636,0.4097,0.479513,CMN,BRACKET_BASE,false,true,0.49491494,0.58555809,0.67190883,,0.3954,false
EVT-CON-1807,Temple Bureaucracy Reorganization of USSR / Russian Federation,1989,contemporary,religious,Eurasia,USSR / Russian Federation,CHR-CON-1807,44896.6,0.289,0.832,0.6358,0.448,76.8,0.608,83.9,23.7,0.8304,579.6,83.4,0.8775,0.7528,0.7151,0.6099,0.7415,0.9852,0.7609,0.2324,0.203,0.4951,0.803182,RMD,BRACKET_HIGH,true,false,0.14119182000000002,0.5193664800000001,0.526617,,0.3745,false
EVT-CON-1808,Urban Quarantine Emergency in Latin America (Mercosur/Alliance),1971,contemporary,pandemic,Latin America,Latin America (Mercosur/Alliance),CHR-CON-1808,39496.6,0.503,0.335,0.6722,0.47,99,0.73,72,24.5,0.707,542.5,72.5,0.8182,0.771,0.7495,0.4839,0.6915,0.6189,0.663,-0.1521,0.8451,0.607,0.514375,CMN,BRACKET_BASE,false,true,0.5781013300000001,0.50725602,0.81733596,,0.3708,false
EVT-CON-1809,Coalition Defense of Sub-Saharan Africa,1954,contemporary,war,Africa,Sub-Saharan Africa,CHR-CON-1809,21328.9,0.373,0.73,0.4294,0.308,79.2,0.55,64,30.2,0.655,120.2,58.8,0.6407,0.5438,0.4583,0.1118,0.2877,0.4749,0.3753,-0.0689,0.3748,0.5157,0.640256,RMD,BRACKET_MEDIUM,false,true,0.4693158,0.41274688,0.49342113,,0.407,false
EVT-CON-1810,Silver Flotilla Currency Shock in Latin America (Mercosur/Alliance),1965,contemporary,economic,Latin America,Latin America (Mercosur/Alliance),CHR-CON-1810,19572.8,0.277,0.379,0.5477,0.305,67.5,0.49,72.7,25.3,0.7193,157.8,62.1,0.6769,0.6439,0.5444,0.2928,0.3431,0.5777,0.4804,-0.0662,0.3982,0.5017,0.605069,CMN,BRACKET_BASE,false,true,0.4970698599999999,0.58456794,0.7394706000000001,,0.4006,false
EVT-CON-1811,Epidemic Fever Outbreak across European Union / Western Europe,1950,contemporary,pandemic,Europe,European Union / Western Europe,CHR-CON-1811,20354,0.585,0.648,0.3816,0.603,85,0.7265,68.2,26.6,0.6787,160.5,67.7,0.7061,0.6755,0.6471,0.1836,0.341,0.3047,0.4304,-0.3708,0.691,0.735,0.361968,CMN,BRACKET_BASE,false,true,0.54593604,0.43993599,0.62500482,,0.3996,false
EVT-CON-1812,Educational Charter of Middle East & North Africa (MENA),1985,contemporary,transformation,Middle East,Middle East & North Africa (MENA),CHR-CON-1812,45800.4,0.606,0.18,0.7444,0.651,68.8,0.6695,70.1,22.8,0.6763,287.6,49,0.6548,0.6014,0.6333,0.5828,0.8058,0.9194,0.7085,0.318,0.3819,0.5837,0.847469,RMD,BRACKET_HIGH,true,false,0.18490914,0.39803768,0.3487233,,0.3479,false
EVT-CON-1813,Agricultural Plague Wave in USSR / Russian Federation,1975,contemporary,pandemic,Eurasia,USSR / Russian Federation,CHR-CON-1813,30136.9,0.326,0.354,0.6354,0.765,93.6,0.8505,74.9,10.5,0.6542,281.7,47.6,0.6463,0.7253,0.6642,0.2065,0.4031,0.3559,0.471,-0.3694,0.893,0.7317,0.734099,RMD,BRACKET_HIGH,true,false,0.4128741,0.43902477,0.61539366,,0.4049,false
EVT-CON-1814,Mercantile Tariff Overhaul across Latin America (Mercosur/Alliance),1947,contemporary,economic,Latin America,Latin America (Mercosur/Alliance),CHR-CON-1814,29327.8,0.262,0.36,0.6456,0.383,84,0.6115,60.6,19.8,0.556,118.5,66.8,0.6796,0.6776,0.5804,0.3354,0.4647,0.7979,0.5712,0.1203,0.2766,0.4921,0.715606,RMD,BRACKET_HIGH,false,false,0.30716502,0.4235366,0.42305804999999996,,0.4038,false
EVT-CON-1815,Peasant Rebellion against Sub-Saharan Africa,1962,contemporary,revolution,Africa,Sub-Saharan Africa,CHR-CON-1815,19935.6,0.361,0.364,0.5302,0.284,65.8,0.471,68.8,27.3,0.6893,172.5,82.7,0.7863,0.7062,0.6118,0.377,0.595,0.5528,0.5686,-0.1534,0.6467,0.6209,0.659655,RMD,BRACKET_MEDIUM,false,true,0.36918280000000003,0.40330962,0.5460136499999999,,0.3817,false
EVT-CON-1816,Respiratory Virulence Wave across Republic of India,2023,contemporary,pandemic,South Asia,Republic of India,CHR-CON-1816,12514,0.552,0.893,0.2475,0.479,87.1,0.675,56.8,23.3,0.5361,171.7,50.3,0.624,0.6079,0.5557,0.1223,0.2814,0.6167,0.4368,0.0088,0.6004,0.5661,0.412705,CMN,BRACKET_BASE,false,true,0.77999472,0.65,0.80075,,0.3957,false
EVT-CON-1817,Dynastic Disintegration of Middle East & North Africa (MENA),1951,contemporary,collapse,Middle East,Middle East & North Africa (MENA),CHR-CON-1817,15421.3,0.557,0.23,0.4711,0.401,82.3,0.612,81.8,30.7,0.8497,210,79,0.782,0.7811,0.7139,0.4777,0.5471,0.5666,0.6173,-0.2145,0.4685,0.573,0.557194,CMN,BRACKET_BASE,false,true,0.29256689,0.4048814,0.5429959599999999,,0.3557,false
EVT-CON-1818,Synod Monotheistic Mandate in Global Transnational Institutions,2023,contemporary,religious,Global,Global Transnational Institutions,CHR-CON-1818,9962.3,0.555,0.791,0.2543,0.537,85.6,0.6965,75.5,17.9,0.7051,249.5,75.5,0.777,0.6291,0.6072,0.4842,0.6442,0.7837,0.6297,0.1546,0.3352,0.5489,0.894438,RMD,BRACKET_HIGH,true,false,0.2600932,0.3941926,0.38342325000000005,,0.3647,false
EVT-CON-1819,Mechanical Power Harnessing in Middle East & North Africa (MENA),1946,contemporary,technological,Middle East,Middle East & North Africa (MENA),CHR-CON-1819,37291.7,0.451,0.409,0.6457,0.437,82.2,0.6295,63.3,10.6,0.5299,443.4,45.4,0.6681,0.5293,0.5523,0.6478,0.7476,0.6969,0.6348,0.1676,0.2298,0.5072,0.777899,RMD,BRACKET_HIGH,true,false,0.24342912,0.54986976,0.6488191999999999,,0.2744,false
EVT-CON-1820,Frontier Fragmentation of Republic of India,1967,contemporary,collapse,South Asia,Republic of India,CHR-CON-1820,40995.7,0.621,0.305,0.6592,0.604,88.8,0.746,71.8,8.8,0.6106,141.9,68.6,0.7017,0.7685,0.7016,0.4811,0.5766,0.5583,0.6172,-0.2102,0.4074,0.543,0.367525,CMN,BRACKET_BASE,false,true,0.6042039300000001,0.5741651999999999,0.8111895,,0.3493,false
EVT-CON-1821,Succession Conflict of Sub-Saharan Africa,1996,contemporary,war,Africa,Sub-Saharan Africa,CHR-CON-1821,7794.3,0.541,0.493,0.3284,0.305,68.8,0.4965,62.3,31.4,0.6439,496.2,48,0.6893,0.6107,0.5219,0.3385,0.4635,0.3299,0.4529,-0.2808,0.3918,0.6593,0.624396,CMN,BRACKET_BASE,false,true,0.6229136300000001,0.55042925,0.82539804,,0.3464,false
EVT-CON-1822,Guild Monopoly Reform in Global Transnational Institutions,1960,contemporary,economic,Global,Global Transnational Institutions,CHR-CON-1822,10211.3,0.498,0.155,0.4644,0.837,79,0.8135,57.1,23.2,0.5387,421.2,61.3,0.7439,0.6068,0.5076,0.3263,0.4391,0.4627,0.4685,-0.1441,0.5993,0.5851,0.527078,CMN,BRACKET_BASE,false,true,0.5769270999999999,0.5725,0.859875,,0.3617,false
EVT-CON-1823,Military Coup d’État in United States,1950,contemporary,revolution,North America,United States,CHR-CON-1823,10553.5,0.472,0.366,0.412,0.328,74.3,0.5355,79.3,9.7,0.6968,548.1,68.9,0.801,0.6995,0.5699,0.3337,0.514,0.5029,0.524,-0.1966,0.515,0.6183,0.86696,RMD,BRACKET_HIGH,true,false,0.37110790000000005,0.39887985000000004,0.5395921800000001,,0.3836,false
EVT-CON-1824,Synod Monotheistic Mandate in USSR / Russian Federation,2009,contemporary,religious,Eurasia,USSR / Russian Federation,CHR-CON-1824,13393.2,0.444,0.566,0.3859,0.696,83.1,0.7635,55.5,24.5,0.5293,537.8,81.1,0.8606,0.6616,0.6949,0.6058,0.6757,0.7572,0.679,0.0956,0.3333,0.5131,0.773737,RMD,BRACKET_HIGH,true,false,0.19965056,0.4738488,0.57875144,,0.3,false
EVT-CON-1825,Harbor Incursion Sickness in Republic of India,1975,contemporary,pandemic,South Asia,Republic of India,CHR-CON-1825,16194.9,0.646,0.392,0.4027,0.819,74.7,0.783,56.6,11.7,0.4644,509.7,50,0.7012,0.6301,0.5767,0.2998,0.4822,0.4188,0.4815,-0.2113,0.8659,0.7131,0.440922,CMN,BRACKET_BASE,false,true,0.56183424,0.39577584000000005,0.56598078,,0.3743,false
EVT-CON-1826,Borderlands Pacification of United States,2008,contemporary,war,North America,United States,CHR-CON-1826,43757.6,0.589,0.385,0.6697,0.317,87.2,0.5945,61,31.2,0.6287,126.6,57.5,0.6379,0.6613,0.5612,0.3464,0.4595,0.5792,0.5215,-0.0821,0.5833,0.5362,0.624706,CMN,BRACKET_BASE,false,true,0.38968147,0.40592224,0.5123664,,0.3863,false
EVT-CON-1827,Judicial Standard Reform in Global Transnational Institutions,1966,contemporary,transformation,Global,Global Transnational Institutions,CHR-CON-1827,23840,0.302,0.442,0.5596,0.833,91.4,0.8735,76.8,19.4,0.7281,248.2,50.8,0.6531,0.6051,0.676,0.5504,0.6888,0.834,0.6709,0.2289,0.2561,0.4935,0.803268,RMD,BRACKET_HIGH,true,false,0.24765226,0.495466,0.50450764,,0.3438,false
EVT-CON-1828,Orthodoxy & Heresy Trial Wave in European Union / Western Europe,1988,contemporary,religious,Europe,European Union / Western Europe,CHR-CON-1828,47538,0.533,0.449,0.7012,0.323,90.6,0.6145,56.8,26.9,0.5577,321.8,66.4,0.7499,0.6655,0.6778,0.5379,0.7109,0.8441,0.6872,0.1786,0.417,0.5497,0.764444,RMD,BRACKET_HIGH,true,false,0.34953513,0.40111640000000004,0.39201986000000005,,0.3614,false
EVT-CON-1829,Dynastic Disintegration of Latin America (Mercosur/Alliance),1960,contemporary,collapse,Latin America,Latin America (Mercosur/Alliance),CHR-CON-1829,33513.6,0.302,0.225,0.7117,0.519,97.1,0.745,67.9,11.2,0.583,170.9,53.1,0.6376,0.728,0.6334,0.371,0.3977,0.4213,0.5103,-0.3067,0.4202,0.5947,0.523339,CMN,BRACKET_BASE,false,true,0.53107432,0.5319009299999999,0.8690056199999999,,0.3559,false
EVT-CON-1830,Temple Bureaucracy Reorganization of Latin America (Mercosur/Alliance),1958,contemporary,religious,Latin America,Latin America (Mercosur/Alliance),CHR-CON-1830,44827.5,0.458,0.205,0.7726,0.742,68,0.711,69.6,8.6,0.5858,62.3,65.2,0.6251,0.6677,0.6978,0.5656,0.6734,0.7879,0.6785,0.1202,0.5272,0.5163,0.56814,CMN,BRACKET_BASE,false,true,0.39250662,0.564125,0.67625,,0.3379,false
EVT-CON-1831,Harbor Incursion Sickness in People's Republic of China,1962,contemporary,pandemic,East Asia,People's Republic of China,CHR-CON-1831,44514.1,0.328,0.451,0.735,0.592,76.9,0.6805,58.9,14.7,0.5071,224.4,64.5,0.7143,0.7327,0.6832,0.3614,0.5087,0.4782,0.5528,-0.2545,0.6474,0.6409,0.593936,CMN,BRACKET_BASE,false,true,0.36775583999999995,0.51592844,0.8631056,,0.3782,false
EVT-CON-1832,Harbor Incursion Sickness in Global Transnational Institutions,2014,contemporary,pandemic,Global,Global Transnational Institutions,CHR-CON-1832,44153.3,0.437,0.333,0.7344,0.655,85.6,0.7555,59.3,15.4,0.5156,91.1,62.7,0.6401,0.6991,0.6608,0.3956,0.5532,0.5806,0.5779,-0.1185,0.8144,0.5968,0.530952,CMN,BRACKET_BASE,false,true,0.7113447,0.58375,0.878,,0.3762,false
EVT-CON-1833,Institutional Dissolution of Japan,2016,contemporary,collapse,East Asia,Japan,CHR-CON-1833,46258.9,0.329,0.36,0.7776,0.416,83,0.623,64.8,28.4,0.6529,370.3,50.5,0.6806,0.7974,0.6872,0.3634,0.4614,0.3922,0.5403,-0.4052,0.6332,0.6991,0.522681,CMN,BRACKET_BASE,false,true,0.49005390000000004,0.42639630000000006,0.63644203,,0.3736,false
EVT-CON-1834,Debt Crisis Settlement of United States,1975,contemporary,economic,North America,United States,CHR-CON-1834,6000.3,0.641,0.476,0.2874,0.366,90.6,0.636,62.5,14.4,0.5441,464.9,62.4,0.7566,0.6289,0.5619,0.4418,0.5956,0.7116,0.588,0.0827,0.641,0.6148,0.707214,RMD,BRACKET_HIGH,false,false,0.4251759600000001,0.3947768,0.4518085,,0.3668,false
EVT-CON-1835,Guild Monopoly Reform in Latin America (Mercosur/Alliance),1972,contemporary,economic,Latin America,Latin America (Mercosur/Alliance),CHR-CON-1835,13179.6,0.358,0.894,0.3114,0.36,71.4,0.537,70.9,15.3,0.64,106,59,0.6326,0.5752,0.553,0.4505,0.5831,0.3474,0.5018,-0.2278,0.3095,0.6071,0.478392,CMN,BRACKET_BASE,false,true,0.62406522,0.54552366,0.7637902799999999,,0.3141,false
EVT-CON-1836,Civic Restoration Revolt in USSR / Russian Federation,1988,contemporary,revolution,Eurasia,USSR / Russian Federation,CHR-CON-1836,41710.1,0.565,0.173,0.7221,0.824,90.1,0.8625,68.7,25.1,0.6751,542.1,79.9,0.8552,0.8277,0.6872,0.3257,0.4725,0.7178,0.6062,-0.1099,0.3942,0.4489,0.634832,RMD,BRACKET_MEDIUM,false,true,0.38254056,0.6548750000000001,0.84375,,0.3966,false
EVT-CON-1837,Military Coup d’État in Southeast Asia (ASEAN),2017,contemporary,revolution,Southeast Asia,Southeast Asia (ASEAN),CHR-CON-1837,25320.3,0.587,0.421,0.4937,0.481,82.1,0.651,57.2,31,0.5866,419.4,67,0.7721,0.7131,0.59,0.3491,0.4886,0.753,0.5788,0.0399,0.4087,0.494,0.692833,RMD,BRACKET_MEDIUM,false,false,0.40145703,0.42631020000000003,0.45857985,,0.4043,false
EVT-CON-1838,Canal Infrastructure Boom in USSR / Russian Federation,2009,contemporary,economic,Eurasia,USSR / Russian Federation,CHR-CON-1838,38883.2,0.435,0.785,0.5521,0.837,78.2,0.8095,80.2,10.3,0.7101,64.4,52,0.5615,0.6154,0.5706,0.3998,0.5599,0.3994,0.509,-0.216,0.6469,0.5976,0.61519,CMN,BRACKET_BASE,false,true,0.453856,0.39480672,0.55843062,,0.3367,false
EVT-CON-1839,Dynastic Disintegration of Latin America (Mercosur/Alliance),1983,contemporary,collapse,Latin America,Latin America (Mercosur/Alliance),CHR-CON-1839,46535.9,0.266,0.516,0.7522,0.443,87.8,0.6605,77,24.7,0.762,384.8,71.6,0.7889,0.8254,0.7218,0.4102,0.4736,0.4535,0.5769,-0.3719,0.6184,0.6592,0.644093,RMD,BRACKET_MEDIUM,false,true,0.38073996000000004,0.43196055,0.6358625,,0.3666,false
EVT-CON-1840,Caravan Route Pestilence in USSR / Russian Federation,1959,contemporary,pandemic,Eurasia,USSR / Russian Federation,CHR-CON-1840,34894.4,0.437,0.62,0.5651,0.442,93.9,0.6905,83.7,16.4,0.7844,319.3,69,0.7624,0.7567,0.7212,0.266,0.4092,0.6353,0.5577,-0.1214,0.8236,0.5955,0.70105,RMD,BRACKET_HIGH,false,false,0.46590586,0.447356,0.53797848,,0.4032,false
EVT-CON-1841,Fiscal Modernization in Middle East & North Africa (MENA),1950,contemporary,transformation,Middle East,Middle East & North Africa (MENA),CHR-CON-1841,19506.5,0.547,0.325,0.4823,0.493,75.5,0.624,77.3,31.6,0.8067,497.1,81.5,0.8569,0.6375,0.6901,0.5937,0.8334,0.7833,0.7076,0.1458,0.1629,0.4625,0.913373,RMD,BRACKET_HIGH,true,false,0.16632428999999999,0.40759498,0.35889898000000003,,0.3239,false
EVT-CON-1842,Borderlands Pacification of People's Republic of China,1981,contemporary,war,East Asia,People's Republic of China,CHR-CON-1842,20422.2,0.613,0.319,0.4725,0.51,87.6,0.693,83.1,21.7,0.8097,175.1,48.2,0.6149,0.6878,0.6184,0.3053,0.4148,0.4407,0.4934,-0.2471,0.6424,0.6278,0.633959,RMD,BRACKET_MEDIUM,false,true,0.40455688,0.58290246,0.8823276600000001,,0.3833,false
EVT-CON-1843,Radical Assembly Schism in European Union / Western Europe,1982,contemporary,revolution,Europe,European Union / Western Europe,CHR-CON-1843,34832.7,0.508,0.149,0.6845,0.371,93.3,0.652,66.1,9.3,0.5523,232.7,58.8,0.6885,0.7339,0.6085,0.2589,0.4062,0.8035,0.5622,0.0696,0.4871,0.506,0.580987,CMN,BRACKET_BASE,false,true,0.602798,0.663625,0.7889999999999999,,0.3965,false
EVT-CON-1844,Borderlands Pacification of European Union / Western Europe,1981,contemporary,war,Europe,European Union / Western Europe,CHR-CON-1844,15268.4,0.594,0.803,0.2867,0.5,70.1,0.6005,76.2,27.5,0.7702,457.2,74,0.8134,0.6551,0.5745,0.2425,0.3023,0.4727,0.4494,-0.1824,0.4821,0.6004,0.416352,CMN,BRACKET_BASE,false,true,0.62972172,0.60625,0.89175,,0.4025,false
EVT-CON-1845,Borderlands Pacification of Middle East & North Africa (MENA),1964,contemporary,war,Middle East,Middle East & North Africa (MENA),CHR-CON-1845,39664.5,0.389,0.264,0.7292,0.414,94.5,0.6795,82.1,19.1,0.7834,389,77.1,0.8172,0.7089,0.6335,0.4809,0.5796,0.7409,0.6288,0.032,0.5611,0.4587,0.697018,RMD,BRACKET_MEDIUM,false,false,0.324125,0.585875,0.744,,0.3767,false
EVT-CON-1846,Monastic Network Expansion of United States,1980,contemporary,religious,North America,United States,CHR-CON-1846,11749.5,0.357,0.256,0.4903,0.229,71.5,0.472,61,19.9,0.5609,201.4,57.2,0.67,0.5474,0.5188,0.4255,0.5351,0.7926,0.5639,0.2452,0.4914,0.6568,0.689102,RMD,BRACKET_MEDIUM,false,false,0.48762671999999996,0.5619899199999999,0.59576405,,0.3689,false
EVT-CON-1847,Sanitation & Medical Breakthrough in Southeast Asia (ASEAN),1960,contemporary,technological,Southeast Asia,Southeast Asia (ASEAN),CHR-CON-1847,18292.1,0.311,0.406,0.5179,0.348,93,0.639,68.8,15.4,0.6179,171.8,47.8,0.6115,0.5488,0.5934,0.708,0.8303,0.8653,0.7092,0.3165,0.4931,0.658,0.731479,RMD,BRACKET_HIGH,true,false,0.4391641,0.5635,0.7074999999999999,,0.3145,false
EVT-CON-1848,Military Coup d’État in Middle East & North Africa (MENA),1965,contemporary,revolution,Middle East,Middle East & North Africa (MENA),CHR-CON-1848,24840.3,0.335,0.141,0.649,0.816,87.5,0.8455,60.8,26.1,0.596,183.6,74.2,0.7483,0.7946,0.686,0.3973,0.5353,0.6645,0.6155,-0.1301,0.7154,0.5655,0.781363,RMD,BRACKET_HIGH,true,false,0.34207374,0.42212923999999996,0.5436276499999999,,0.4002,false
EVT-CON-1849,Frontier Campaign of Southeast Asia (ASEAN),2023,contemporary,war,Southeast Asia,Southeast Asia (ASEAN),CHR-CON-1849,10809.2,0.288,0.114,0.5451,0.266,74.8,0.507,66.4,13.8,0.5825,122.6,66.1,0.6786,0.5328,0.4729,0.3027,0.4632,0.3714,0.4286,-0.1614,0.5243,0.603,0.850204,RMD,BRACKET_HIGH,true,false,0.42276779999999997,0.381201,0.5158843599999999,,0.3388,false
EVT-CON-1850,Mercantile Tariff Overhaul across United States,2013,contemporary,economic,North America,United States,CHR-CON-1850,22089.3,0.497,0.315,0.5235,0.373,78.2,0.5775,61.7,8.9,0.5025,363.6,73.7,0.7953,0.6395,0.5883,0.4773,0.5933,0.7169,0.6031,0.0774,0.3377,0.5157,0.506596,CMN,BRACKET_BASE,false,true,0.42733151999999996,0.38865942000000003,0.41003116000000006,,0.3549,false
EVT-CON-1851,Frontier Fragmentation of Republic of India,2018,contemporary,collapse,South Asia,Republic of India,CHR-CON-1851,23490.1,0.452,0.224,0.5769,0.27,78.8,0.529,66.3,13.5,0.5796,302.4,71.6,0.7714,0.7061,0.6487,0.3096,0.3835,0.4282,0.4952,-0.2779,0.4189,0.632,0.570145,CMN,BRACKET_BASE,false,true,0.5647540999999999,0.603625,0.931375,,0.3815,false
EVT-CON-1852,Imperial Unification of People's Republic of China,2022,contemporary,transformation,East Asia,People's Republic of China,CHR-CON-1852,24375.2,0.268,0.491,0.5599,0.222,81.2,0.517,69.4,26.7,0.6922,480.6,49.5,0.6945,0.5032,0.5813,0.4654,0.6346,0.6834,0.5736,0.1802,0.362,0.5524,0.689599,RMD,BRACKET_MEDIUM,false,false,0.4421472,0.4782606,0.54414034,,0.3244,false
EVT-CON-1853,Printing & Communications Diffusion in USSR / Russian Federation,1998,contemporary,technological,Eurasia,USSR / Russian Federation,CHR-CON-1853,36317.7,0.349,0.56,0.6223,0.262,76.5,0.5135,63.6,24.3,0.6153,356.2,85.5,0.8528,0.6034,0.6349,0.7539,0.8591,0.7817,0.7266,0.1783,0.3863,0.5602,0.745219,RMD,BRACKET_HIGH,true,false,0.32058396,0.38788776,0.4626431,,0.2788,false
EVT-CON-1854,Administrative Codification of Japan,1951,contemporary,transformation,East Asia,Japan,CHR-CON-1854,15371.5,0.287,0.697,0.4115,0.606,91.9,0.7625,78.6,30.9,0.8165,285,75.9,0.7886,0.6172,0.6491,0.5,0.6889,0.926,0.6762,0.3088,0.2545,0.5618,0.755152,RMD,BRACKET_HIGH,true,false,0.32684,0.3999534,0.35434066999999997,,0.3815,false
EVT-CON-1855,Silver Flotilla Currency Shock in Global Transnational Institutions,2003,contemporary,economic,Global,Global Transnational Institutions,CHR-CON-1855,9815.1,0.428,0.245,0.4549,0.747,95.4,0.8505,78.5,28.5,0.801,152.4,40,0.5638,0.7093,0.6279,0.5001,0.5922,0.5056,0.587,-0.2037,0.4783,0.5436,0.628539,CMN,BRACKET_BASE,false,true,0.391872,0.48116970000000003,0.76083296,,0.325,false
EVT-CON-1856,Frontier Campaign of Republic of India,1969,contemporary,war,South Asia,Republic of India,CHR-CON-1856,12411.1,0.483,0.393,0.4173,0.607,94.4,0.7755,66.1,14.3,0.5823,433.8,40.1,0.64,0.5556,0.4712,0.3051,0.3611,0.4985,0.4383,-0.0571,0.3789,0.4893,0.539282,CMN,BRACKET_BASE,false,true,0.4417644,0.3920904,0.46852128000000004,,0.3703,false
EVT-CON-1857,Agricultural Plague Wave in United States,1950,contemporary,pandemic,North America,United States,CHR-CON-1857,27867.8,0.628,0.425,0.5031,0.813,92.6,0.8695,70.8,21.3,0.6749,512.7,80.5,0.8541,0.8058,0.7322,0.4626,0.5697,0.7757,0.6692,-0.0301,0.6788,0.5088,0.671556,RMD,BRACKET_MEDIUM,false,true,0.3818402,0.5219758,0.7376105499999999,,0.4005,false
EVT-CON-1858,Agrarian Insurgency in Japan,2025,contemporary,revolution,East Asia,Japan,CHR-CON-1858,44826.3,0.36,0.863,0.6046,0.284,72.2,0.503,70.6,19.4,0.6613,57.7,64.9,0.618,0.6335,0.5249,0.1992,0.3722,0.3394,0.4138,-0.2941,0.7608,0.7137,0.532365,CMN,BRACKET_BASE,false,true,0.5635308600000001,0.40703270999999996,0.587904,,0.3921,false
EVT-CON-1859,Mercantile Tariff Overhaul across Global Transnational Institutions,2020,contemporary,economic,Global,Global Transnational Institutions,CHR-CON-1859,8744.6,0.647,0.817,0.2079,0.302,66.9,0.4855,74.1,12,0.6546,565.7,40.7,0.6623,0.4651,0.4241,0.2777,0.393,0.5618,0.4243,0.0967,0.5606,0.6202,0.837796,RMD,BRACKET_HIGH,true,false,0.33537402,0.38209487000000003,0.4283925599999999,,0.371,false
EVT-CON-1860,Harbor Incursion Sickness in Latin America (Mercosur/Alliance),1995,contemporary,pandemic,Latin America,Latin America (Mercosur/Alliance),CHR-CON-1860,41062.8,0.41,0.536,0.6538,0.508,87,0.689,76.9,19,0.7268,405.5,85.1,0.8602,0.7928,0.7382,0.2656,0.4001,0.4909,0.5375,-0.3019,0.7041,0.6586,0.604766,CMN,BRACKET_BASE,false,true,0.50505807,0.64604852,0.9159831,,0.4069,false
EVT-CON-1861,Succession Conflict of Southeast Asia (ASEAN),2000,contemporary,war,Southeast Asia,Southeast Asia (ASEAN),CHR-CON-1861,35426.9,0.371,0.894,0.5075,0.254,92.1,0.5875,64.6,25.2,0.6315,130.1,83.1,0.7679,0.5886,0.4743,0.1507,0.2976,0.4192,0.3861,-0.1694,0.3184,0.5421,0.562441,CMN,BRACKET_BASE,false,true,0.41921479999999994,0.42196427000000003,0.53432082,,0.4051,false
EVT-CON-1862,Harbor Incursion Sickness in United States,1993,contemporary,pandemic,North America,United States,CHR-CON-1862,11458.3,0.481,0.379,0.4135,0.258,69.3,0.4755,68.2,25.6,0.6727,565.6,59.1,0.7543,0.6601,0.6262,0.2935,0.4577,0.6972,0.5469,0.0371,0.6551,0.5796,0.812655,RMD,BRACKET_HIGH,true,false,0.30652632,0.40403461,0.47392500000000004,,0.4042,false
EVT-CON-1863,Radical Assembly Schism in Republic of India,1968,contemporary,revolution,South Asia,Republic of India,CHR-CON-1863,15808.5,0.409,0.606,0.4061,0.633,68.1,0.657,61.5,29.9,0.6263,303.1,45.8,0.6426,0.5931,0.4672,0.1157,0.3162,0.2788,0.3542,-0.3143,0.6861,0.7178,0.807554,RMD,BRACKET_HIGH,true,false,0.4369664,0.41110608000000004,0.59359278,,0.4014,false
EVT-CON-1864,Popular Uprising of Sub-Saharan Africa,1977,contemporary,revolution,Africa,Sub-Saharan Africa,CHR-CON-1864,8328,0.329,0.593,0.3668,0.497,71.6,0.6065,81.4,10.5,0.7242,472.4,78.2,0.8367,0.6436,0.5342,0.2608,0.4802,0.4254,0.4688,-0.2182,0.7716,0.6861,0.628448,CMN,BRACKET_BASE,false,true,0.51396672,0.5639668800000001,0.8488578400000001,,0.3911,false
EVT-CON-1865,Frontier Fragmentation of People's Republic of China,1983,contemporary,collapse,East Asia,People's Republic of China,CHR-CON-1865,41718.7,0.401,0.311,0.7299,0.628,91.2,0.77,69.9,8.6,0.589,104.9,47.6,0.5748,0.7212,0.6352,0.2392,0.2605,0.4019,0.4516,-0.3193,0.4348,0.5978,0.454086,CMN,BRACKET_BASE,false,true,0.68074512,0.649,0.975625,,0.4028,false
EVT-CON-1866,Respiratory Virulence Wave across USSR / Russian Federation,1996,contemporary,pandemic,Eurasia,USSR / Russian Federation,CHR-CON-1866,21923,0.648,0.866,0.3114,0.43,92.8,0.679,64.7,30.7,0.6656,494.9,65.2,0.7751,0.6614,0.5923,0.1201,0.2206,0.6735,0.4536,0.0121,0.6247,0.5443,0.400424,CMN,BRACKET_BASE,false,true,0.6978947999999999,0.60352708,0.7360951400000001,,0.4066,false
EVT-CON-1867,Frontier Fragmentation of Southeast Asia (ASEAN),1971,contemporary,collapse,Southeast Asia,Southeast Asia (ASEAN),CHR-CON-1867,7230.6,0.551,0.405,0.3467,0.807,77.9,0.793,78.9,22,0.7663,114.2,72.2,0.7039,0.7526,0.6334,0.2789,0.3706,0.452,0.4975,-0.3006,0.6684,0.6735,0.423083,CMN,BRACKET_BASE,false,true,0.5668193300000001,0.60032637,0.8930609,,0.3995,false
EVT-CON-1868,Strategic Siege of United States,1966,contemporary,war,North America,United States,CHR-CON-1868,7728.4,0.65,0.549,0.2783,0.534,70,0.617,73.9,17,0.6825,552.3,68.4,0.799,0.5982,0.4833,0.1829,0.3683,0.4379,0.4141,-0.1603,0.3324,0.563,0.5247,CMN,BRACKET_BASE,false,true,0.43974645,0.40340299999999996,0.512229,,0.4016,false
EVT-CON-1869,Maritime Hegemony Clash in Republic of India,1973,contemporary,war,South Asia,Republic of India,CHR-CON-1869,43724.6,0.57,0.248,0.7162,0.205,87.1,0.538,77.1,30.2,0.7961,114,63.8,0.6618,0.6342,0.5401,0.2174,0.3596,0.4255,0.4354,-0.2087,0.5399,0.5701,0.529324,CMN,BRACKET_BASE,false,true,0.6767989799999999,0.60175,0.914875,,0.3983,false
EVT-CON-1870,Imperial Unification of Japan,1974,contemporary,transformation,East Asia,Japan,CHR-CON-1870,18455,0.575,0.299,0.4722,0.642,75.8,0.7,73.9,21.9,0.7119,197.4,57.3,0.6691,0.5531,0.5871,0.4954,0.7227,0.79,0.6297,0.2369,0.1857,0.5217,0.713435,RMD,BRACKET_HIGH,false,false,0.36415496,0.5745,0.53825,,0.3447,false
EVT-CON-1871,Administrative Codification of Sub-Saharan Africa,1997,contemporary,transformation,Africa,Sub-Saharan Africa,CHR-CON-1871,19364.8,0.562,0.133,0.5341,0.395,91,0.6525,72.4,21.1,0.6909,389.9,81.2,0.8378,0.6284,0.6973,0.6351,0.7647,0.7678,0.6987,0.1394,0.2519,0.4866,0.750509,RMD,BRACKET_HIGH,true,false,0.28990364,0.37634961,0.36041621,,0.2955,false
EVT-CON-1872,Debt Crisis Settlement of Republic of India,1970,contemporary,economic,South Asia,Republic of India,CHR-CON-1872,24749.1,0.301,0.675,0.4982,0.817,81,0.8135,62.9,29.7,0.6402,372.5,63.3,0.745,0.6729,0.6457,0.5182,0.6321,0.7208,0.6379,0.0479,0.5216,0.4935,0.494554,CMN,BRACKET_BASE,false,true,0.600408,0.55394636,0.67375233,,0.3461,false
EVT-CON-1873,Silver Flotilla Currency Shock in United States,2021,contemporary,economic,North America,United States,CHR-CON-1873,8897.4,0.288,0.521,0.4058,0.299,78.1,0.54,82.5,30.2,0.8543,179.8,46.4,0.6078,0.5837,0.4896,0.2222,0.3924,0.4573,0.429,-0.1264,0.5784,0.5728,0.638716,RMD,BRACKET_MEDIUM,false,true,0.38885539999999996,0.40318818999999995,0.5289616500000001,,0.3943,false
EVT-CON-1874,Agricultural Plague Wave in Middle East & North Africa (MENA),2017,contemporary,pandemic,Middle East,Middle East & North Africa (MENA),CHR-CON-1874,34621,0.469,0.686,0.5332,0.216,79.9,0.5075,67.5,26.1,0.6681,125.9,56.4,0.632,0.6213,0.5562,0.2937,0.4056,0.4562,0.4666,-0.1651,0.9481,0.6999,0.53657,CMN,BRACKET_BASE,false,true,0.6230190499999999,0.575875,0.891,,0.3764,false
EVT-CON-1875,Grain Market Price Shock across United States,1983,contemporary,economic,North America,United States,CHR-CON-1875,17670.1,0.393,0.395,0.491,0.532,90.4,0.718,75.3,9.5,0.6525,164.8,66.6,0.7025,0.6554,0.5608,0.3084,0.4697,0.8164,0.5621,0.161,0.4039,0.5387,0.734603,RMD,BRACKET_HIGH,true,false,0.36921958,0.42076918,0.43508968000000003,,0.3991,false
EVT-CON-1876,Pantheon Reformation of Southeast Asia (ASEAN),2017,contemporary,religious,Southeast Asia,Southeast Asia (ASEAN),CHR-CON-1876,5660.7,0.291,0.873,0.2702,0.256,87.7,0.5665,76.7,17.5,0.7156,192.6,78.7,0.7743,0.5738,0.5919,0.4712,0.5518,0.7207,0.5819,0.1469,0.4435,0.5874,0.717144,RMD,BRACKET_HIGH,false,false,0.42315981,0.5452016399999999,0.6033663199999999,,0.3438,false
EVT-CON-1877,Astronomical Standardization by Japan,1994,contemporary,technological,East Asia,Japan,CHR-CON-1877,16894.5,0.5,0.257,0.4933,0.814,92.7,0.8705,61.4,19.9,0.5652,299.2,76,0.7927,0.6001,0.6598,0.7147,0.8459,0.8678,0.7377,0.2677,0.3846,0.5814,0.645538,RMD,BRACKET_MEDIUM,false,true,0.31044924,0.38337392,0.40452943999999996,,0.3084,false
EVT-CON-1878,Fiscal Default Crisis in Sub-Saharan Africa,1970,contemporary,collapse,Africa,Sub-Saharan Africa,CHR-CON-1878,38795.5,0.271,0.761,0.6077,0.809,98.9,0.899,70.9,16.5,0.6472,67.5,79.1,0.7004,0.7904,0.6823,0.3967,0.4535,0.3977,0.5441,-0.3927,0.7358,0.7029,0.378185,CMN,BRACKET_BASE,false,true,0.69178425,0.5932145400000001,0.95708882,,0.3666,false
EVT-CON-1879,Bureaucratic Consolidation of European Union / Western Europe,1953,contemporary,transformation,Europe,European Union / Western Europe,CHR-CON-1879,5089.2,0.48,0.218,0.4049,0.489,83.3,0.661,70.9,28.4,0.7186,119.7,72.4,0.7083,0.5451,0.5987,0.4898,0.7329,0.6952,0.6123,0.1501,0.14,0.4784,0.755042,RMD,BRACKET_HIGH,true,false,0.28155335000000004,0.55382236,0.5222454,,0.3299,false
EVT-CON-1880,Navigational Instrument Reform in Middle East & North Africa (MENA),1971,contemporary,technological,Middle East,Middle East & North Africa (MENA),CHR-CON-1880,44936.2,0.304,0.332,0.7817,0.537,70.7,0.622,77,22.9,0.7512,171,41.7,0.5807,0.5859,0.6354,0.7193,0.7833,0.8336,0.7115,0.2477,0.1736,0.4839,0.737554,RMD,BRACKET_HIGH,true,false,0.19774719999999998,0.54459516,0.59284808,,0.2963,false
EVT-CON-1881,Strategic Siege of People's Republic of China,1950,contemporary,war,East Asia,People's Republic of China,CHR-CON-1881,18757.5,0.488,0.681,0.3864,0.741,88.9,0.815,73.9,15.7,0.6747,65.6,83.3,0.7193,0.612,0.5572,0.2753,0.3333,0.5538,0.4663,-0.0582,0.6635,0.5459,0.570919,CMN,BRACKET_BASE,false,true,0.48478389,0.41106780000000004,0.51388029,,0.3999,false
EVT-CON-1882,Pantheon Reformation of USSR / Russian Federation,1988,contemporary,religious,Eurasia,USSR / Russian Federation,CHR-CON-1882,29383.1,0.478,0.748,0.4649,0.427,70.4,0.5655,56.9,31.9,0.5888,282.5,70.9,0.763,0.5996,0.6531,0.5468,0.6053,0.5368,0.5883,-0.0628,0.4102,0.5236,0.426812,CMN,BRACKET_BASE,false,true,0.7129658999999999,0.5497500000000001,0.75525,,0.2688,false
EVT-CON-1883,Succession Conflict of European Union / Western Europe,2020,contemporary,war,Europe,European Union / Western Europe,CHR-CON-1883,29824.9,0.641,0.32,0.5483,0.523,65.3,0.588,55.5,11.5,0.4513,289,85.6,0.8381,0.6097,0.5354,0.2343,0.3435,0.5861,0.4618,-0.0236,0.6023,0.5552,0.649579,RMD,BRACKET_MEDIUM,false,true,0.6242757,0.591507,0.7634308500000001,,0.4052,false
EVT-CON-1884,Administrative Codification of Republic of India,1995,contemporary,transformation,South Asia,Republic of India,CHR-CON-1884,3597.5,0.477,0.245,0.3843,0.48,72.6,0.603,69.4,17.3,0.6358,74.9,77.4,0.6994,0.5153,0.5879,0.473,0.7215,0.6313,0.5858,0.116,0.2505,0.5118,0.615164,CMN,BRACKET_BASE,false,true,0.5948268299999999,0.567125,0.618125,,0.3213,false
EVT-CON-1885,Debt Crisis Settlement of European Union / Western Europe,2002,contemporary,economic,Europe,European Union / Western Europe,CHR-CON-1885,36094.8,0.543,0.723,0.5132,0.441,75.8,0.5995,62.4,13.6,0.5382,341.8,74.7,0.7958,0.5867,0.5565,0.4291,0.5093,0.3759,0.4915,-0.2108,0.6172,0.6505,0.411744,CMN,BRACKET_BASE,false,true,0.62418864,0.47591625,0.7870002400000001,,0.3124,false
EVT-CON-1886,Agrarian Restructuring of United States,1952,contemporary,transformation,North America,United States,CHR-CON-1886,33436.5,0.334,0.802,0.5283,0.477,94.7,0.712,77.2,11.4,0.6844,538.7,48.9,0.6997,0.5606,0.6067,0.5418,0.7204,0.8092,0.6477,0.2486,0.1541,0.5141,0.608461,CMN,BRACKET_BASE,false,true,0.36497071999999997,0.48957478,0.45885655999999997,,0.3346,false
EVT-CON-1887,Urban Quarantine Emergency in Middle East & North Africa (MENA),1960,contemporary,pandemic,Middle East,Middle East & North Africa (MENA),CHR-CON-1887,30630.1,0.555,0.724,0.4602,0.461,65.4,0.5575,83.9,18.3,0.798,110.9,49.3,0.5873,0.6811,0.6595,0.2504,0.4848,0.688,0.5528,0.0069,0.8765,0.5805,0.71711,RMD,BRACKET_HIGH,false,false,0.42645967,0.5206731,0.7034875199999999,,0.3997,false
EVT-CON-1888,Imperial Unification of Southeast Asia (ASEAN),1997,contemporary,transformation,Southeast Asia,Southeast Asia (ASEAN),CHR-CON-1888,17953.3,0.281,0.503,0.4947,0.676,90.1,0.7885,61.8,17,0.5522,113.3,42.2,0.5534,0.5066,0.5653,0.487,0.682,0.8121,0.6106,0.3055,0.1882,0.5667,0.650003,RMD,BRACKET_MEDIUM,false,true,0.38210985,0.5674577700000001,0.49639435,,0.3481,false
EVT-CON-1889,Astronomical Standardization by Japan,1992,contemporary,technological,East Asia,Japan,CHR-CON-1889,31946.5,0.568,0.731,0.466,0.809,96.2,0.8855,58.1,23.4,0.5507,249.8,47.7,0.6381,0.543,0.5975,0.6487,0.7977,0.873,0.692,0.33,0.421,0.6281,0.837787,RMD,BRACKET_HIGH,true,false,0.18986609999999998,0.38602775,0.3825442,,0.3288,false
EVT-CON-1890,Frontier Campaign of Republic of India,2008,contemporary,war,South Asia,Republic of India,CHR-CON-1890,27442.1,0.623,0.595,0.4498,0.393,70.8,0.5505,81.1,27.5,0.823,508.3,66.4,0.783,0.6396,0.559,0.3538,0.4631,0.6024,0.5236,-0.0372,0.4685,0.4937,0.604053,CMN,BRACKET_BASE,false,true,0.37328955999999996,0.39821166,0.47426736,,0.3853,false
EVT-CON-1891,Silver Flotilla Currency Shock in Japan,1999,contemporary,economic,East Asia,Japan,CHR-CON-1891,47354.7,0.307,0.888,0.6357,0.563,82.7,0.695,60.3,19.7,0.5522,188.1,61.3,0.6856,0.6921,0.5985,0.3369,0.4515,0.7223,0.5603,0.0302,0.5708,0.5066,0.907867,RMD,BRACKET_HIGH,true,false,0.32957123,0.42430248000000004,0.48053577,,0.4046,false
EVT-CON-1892,Guild Monopoly Reform in United States,1978,contemporary,economic,North America,United States,CHR-CON-1892,31814.2,0.623,0.721,0.4513,0.842,99.2,0.917,57.4,30.4,0.5852,126.3,56.2,0.6312,0.6282,0.5341,0.2827,0.3682,0.6971,0.5021,0.0689,0.483,0.4949,0.627398,CMN,BRACKET_BASE,false,true,0.47967056999999996,0.42442299000000006,0.4548663,,0.4063,false
EVT-CON-1893,Harbor Incursion Sickness in People's Republic of China,2010,contemporary,pandemic,East Asia,People's Republic of China,CHR-CON-1893,31136,0.401,0.172,0.6765,0.389,94.4,0.6665,75.1,27,0.7554,197.9,51.3,0.6392,0.7102,0.658,0.1973,0.2996,0.706,0.5142,-0.0042,0.7637,0.5084,0.701843,RMD,BRACKET_HIGH,false,false,0.32211816,0.48036026,0.50481144,,0.4018,false
EVT-CON-1894,Agrarian Insurgency in USSR / Russian Federation,2003,contemporary,revolution,Eurasia,USSR / Russian Federation,CHR-CON-1894,32673.3,0.399,0.471,0.6012,0.713,77.1,0.742,81.9,30.2,0.8478,407.1,54.9,0.7095,0.783,0.6509,0.35,0.4822,0.775,0.6082,-0.008,0.3777,0.4001,0.756806,RMD,BRACKET_HIGH,true,false,0.29618897,0.447006,0.4772416500000001,,0.4013,false
EVT-CON-1895,Frontier Fragmentation of Middle East & North Africa (MENA),2019,contemporary,collapse,Middle East,Middle East & North Africa (MENA),CHR-CON-1895,45115.6,0.408,0.354,0.7455,0.291,85.8,0.5745,74.3,19,0.6988,534.7,67.1,0.7902,0.8048,0.7209,0.4964,0.5486,0.4887,0.6119,-0.3161,0.8146,0.7015,0.561504,CMN,BRACKET_BASE,false,true,0.37200025000000003,0.40257928,0.6012942,,0.3472,false
EVT-CON-1896,Navigational Instrument Reform in Southeast Asia (ASEAN),2012,contemporary,technological,Southeast Asia,Southeast Asia (ASEAN),CHR-CON-1896,11895.5,0.512,0.123,0.485,0.439,74.7,0.593,70.3,21.6,0.6713,275.6,58.8,0.7007,0.5283,0.5808,0.6507,0.794,0.7418,0.6591,0.2135,0.4001,0.5829,0.716761,RMD,BRACKET_HIGH,false,false,0.378954,0.48360738,0.6394022500000001,,0.2938,false
EVT-CON-1897,Frontier Fragmentation of Japan,1993,contemporary,collapse,East Asia,Japan,CHR-CON-1897,11037.7,0.299,0.212,0.5145,0.806,83.4,0.82,68.2,30,0.6991,274.4,41.3,0.6129,0.7466,0.686,0.3307,0.4021,0.3385,0.5008,-0.4081,0.5699,0.6878,0.567738,CMN,BRACKET_BASE,false,true,0.46074942,0.43863631000000003,0.65154695,,0.3736,false
EVT-CON-1898,Imperial Unification of Japan,1958,contemporary,transformation,East Asia,Japan,CHR-CON-1898,25632.9,0.548,0.794,0.3963,0.556,69.9,0.6275,74.5,9.4,0.6433,354.7,44.3,0.6465,0.4701,0.5211,0.4154,0.5894,0.6321,0.5256,0.162,0.1529,0.5056,0.530158,CMN,BRACKET_BASE,false,true,0.35818296,0.3909176,0.35265831,,0.325,false
EVT-CON-1899,Treaty System Implementation across People's Republic of China,2010,contemporary,transformation,East Asia,People's Republic of China,CHR-CON-1899,35582.2,0.364,0.481,0.6349,0.549,75.9,0.654,57.5,23.3,0.5436,188.4,49.4,0.6262,0.5242,0.5856,0.5035,0.7413,0.7582,0.6226,0.234,0.2968,0.5557,0.816742,RMD,BRACKET_HIGH,true,false,0.32842960000000004,0.49324374,0.50410278,,0.3341,false
EVT-CON-1900,Frontier Fragmentation of Sub-Saharan Africa,1986,contemporary,collapse,Africa,Sub-Saharan Africa,CHR-CON-1900,25244.3,0.434,0.634,0.4751,0.278,85.1,0.5645,72.2,13.1,0.6408,206.5,68.8,0.7298,0.6871,0.6292,0.2662,0.2892,0.3894,0.4522,-0.2977,0.689,0.7109,0.546907,CMN,BRACKET_BASE,false,true,0.6619998,0.6125,0.97075,,0.3883,false
EVT-CON-1901,Constitutional Reorganization of Latin America (Mercosur/Alliance),1982,contemporary,transformation,Latin America,Latin America (Mercosur/Alliance),CHR-CON-1901,29316.6,0.536,0.668,0.4709,0.464,67,0.567,76.1,12.8,0.681,265.6,59.6,0.702,0.4921,0.5208,0.4379,0.6062,0.6762,0.5466,0.1841,0.2081,0.5236,0.819978,RMD,BRACKET_HIGH,true,false,0.2524806,0.38368758,0.34617969000000004,,0.3276,false
EVT-CON-1902,Astronomical Standardization by USSR / Russian Federation,1975,contemporary,technological,Eurasia,USSR / Russian Federation,CHR-CON-1902,27236.2,0.601,0.363,0.5242,0.263,70.5,0.484,57.8,29.8,0.5859,223.1,73.3,0.7579,0.5199,0.5782,0.6901,0.8234,0.8071,0.6837,0.2872,0.2532,0.6093,0.761905,RMD,BRACKET_HIGH,true,false,0.24511265999999998,0.39878825,0.4313512,,0.3043,false
EVT-CON-1903,Administrative Codification of Global Transnational Institutions,1985,contemporary,transformation,Global,Global Transnational Institutions,CHR-CON-1903,32996,0.455,0.88,0.4646,0.809,90.1,0.855,77.1,26.4,0.7733,577.2,46.3,0.6917,0.6368,0.7032,0.5947,0.799,0.8547,0.7177,0.2179,0.2414,0.4941,0.800067,RMD,BRACKET_HIGH,true,false,0.17102288,0.39391824,0.334305,,0.3365,false
EVT-CON-1904,Orthodoxy & Heresy Trial Wave in Southeast Asia (ASEAN),2019,contemporary,religious,Southeast Asia,Southeast Asia (ASEAN),CHR-CON-1904,36150.7,0.478,0.107,0.718,0.386,66.4,0.525,79.5,30.6,0.8244,87.6,59.5,0.6213,0.6965,0.7008,0.6079,0.7583,0.9202,0.7367,0.2237,0.3841,0.5367,0.764709,RMD,BRACKET_HIGH,true,false,0.25335077,0.49676256,0.53911081,,0.3521,false
EVT-CON-1905,Fiscal Default Crisis in Southeast Asia (ASEAN),2026,contemporary,collapse,Southeast Asia,Southeast Asia (ASEAN),CHR-CON-1905,42818.1,0.332,0.204,0.7926,0.835,78.8,0.8115,55.2,10.5,0.4421,338.5,75.3,0.7981,0.7668,0.6641,0.4321,0.4569,0.3421,0.5324,-0.4247,0.428,0.6594,0.536511,CMN,BRACKET_BASE,false,true,0.33717269,0.42446251999999995,0.62510649,,0.3603,false
EVT-CON-1906,Palatial Collapse of Japan,2019,contemporary,collapse,East Asia,Japan,CHR-CON-1906,33504,0.308,0.488,0.6309,0.695,87.7,0.786,80.2,21.2,0.7755,290.1,74.5,0.7829,0.8692,0.7861,0.5155,0.6044,0.6274,0.6805,-0.2418,0.8066,0.6334,0.756254,RMD,BRACKET_HIGH,true,false,0.28130004,0.42583859999999996,0.5979273399999999,,0.3711,false
EVT-CON-1907,Epidemic Fever Outbreak across USSR / Russian Federation,2023,contemporary,pandemic,Eurasia,USSR / Russian Federation,CHR-CON-1907,16663.5,0.544,0.304,0.4639,0.261,94.6,0.6035,55.8,24.5,0.5325,456.9,64.5,0.7658,0.6252,0.5506,0.2249,0.4316,0.2764,0.4217,-0.3488,0.9018,0.8038,0.369423,CMN,BRACKET_BASE,false,true,0.8481093399999999,0.5709137,0.9201462899999999,,0.3784,false
EVT-CON-1908,Urban Quarantine Emergency in Latin America (Mercosur/Alliance),2006,contemporary,pandemic,Latin America,Latin America (Mercosur/Alliance),CHR-CON-1908,47630.8,0.482,0.42,0.7261,0.617,97.1,0.794,66.1,25.1,0.6471,237.7,50.4,0.648,0.7417,0.6828,0.4076,0.6012,0.7449,0.6356,0.0032,0.9368,0.5408,0.757955,RMD,BRACKET_HIGH,true,false,0.27823701,0.41689221,0.49707163,,0.3994,false
EVT-CON-1909,Harbor Incursion Sickness in Japan,1976,contemporary,pandemic,East Asia,Japan,CHR-CON-1909,39913.9,0.317,0.876,0.5694,0.435,87.4,0.6545,70.4,20.2,0.664,510.7,39.8,0.6504,0.6801,0.636,0.2707,0.417,0.567,0.5142,-0.1131,0.7104,0.5855,0.762044,RMD,BRACKET_HIGH,true,false,0.39902922,0.41510437,0.53259774,,0.4051,false
EVT-CON-1910,Fiscal Modernization in Middle East & North Africa (MENA),2003,contemporary,transformation,Middle East,Middle East & North Africa (MENA),CHR-CON-1910,40168.5,0.406,0.798,0.5684,0.537,65.8,0.5975,56.1,14.1,0.4734,526.7,78.2,0.8446,0.527,0.5714,0.4843,0.7228,0.7174,0.6046,0.1904,0.2138,0.5404,0.725663,RMD,BRACKET_HIGH,false,false,0.3444738,0.38708333,0.34378638,,0.3279,false
EVT-CON-1911,Military Coup d’État in USSR / Russian Federation,2011,contemporary,revolution,Eurasia,USSR / Russian Federation,CHR-CON-1911,38293.2,0.377,0.813,0.5557,0.564,76.7,0.6655,72,23.4,0.7004,295.9,59.9,0.7114,0.6788,0.5726,0.2507,0.3979,0.5074,0.4815,-0.1714,0.7606,0.6245,0.849419,RMD,BRACKET_HIGH,true,false,0.39724116,0.41989789000000005,0.5576607,,0.4025,false
EVT-CON-1912,Peasant Rebellion against Global Transnational Institutions,1974,contemporary,revolution,Global,Global Transnational Institutions,CHR-CON-1912,22190.7,0.568,0.198,0.5382,0.277,71.2,0.4945,75.2,26.1,0.7511,382.3,71.2,0.7864,0.6598,0.5121,0.245,0.4211,0.4898,0.4656,-0.17,0.5784,0.5988,0.606147,CMN,BRACKET_BASE,false,true,0.38204575,0.41707266000000004,0.5576095,,0.3991,false
EVT-CON-1913,Sanitation & Medical Breakthrough in Republic of India,2013,contemporary,technological,South Asia,Republic of India,CHR-CON-1913,7232.8,0.36,0.706,0.3138,0.481,78.1,0.631,69,25,0.6777,308.7,46.4,0.6469,0.5025,0.5468,0.6181,0.736,0.6375,0.6082,0.135,0.4039,0.5605,0.765162,RMD,BRACKET_HIGH,true,false,0.32666976,0.38964066,0.46667491,,0.2772,false
EVT-CON-1914,Imperial Annexation War in Republic of India,1985,contemporary,war,South Asia,Republic of India,CHR-CON-1914,24211.5,0.625,0.201,0.5384,0.297,89.3,0.595,55.2,9.4,0.4355,148.7,83.4,0.7791,0.6522,0.588,0.3935,0.578,0.4504,0.5324,-0.2018,0.5602,0.6437,0.783289,RMD,BRACKET_HIGH,true,false,0.34498233,0.38657736,0.53593125,,0.3447,false
EVT-CON-1915,Caravan Route Pestilence in Southeast Asia (ASEAN),1952,contemporary,pandemic,Southeast Asia,Southeast Asia (ASEAN),CHR-CON-1915,45165.7,0.457,0.58,0.6634,0.818,94.2,0.88,74.7,26.2,0.7463,511.7,75.1,0.827,0.8494,0.77,0.2705,0.4833,0.7373,0.6221,-0.1121,0.7972,0.5464,0.492058,CMN,BRACKET_BASE,false,true,0.3804556,0.47116685999999997,0.5181669499999999,,0.4013,false
EVT-CON-1916,Urban Quarantine Emergency in Middle East & North Africa (MENA),2003,contemporary,pandemic,Middle East,Middle East & North Africa (MENA),CHR-CON-1916,6708.6,0.566,0.478,0.3156,0.302,90.4,0.603,82.4,16.6,0.7716,236.9,46.7,0.6293,0.6585,0.6319,0.3677,0.5249,0.518,0.5402,-0.1405,0.7488,0.6395,0.747685,RMD,BRACKET_HIGH,true,false,0.35217036,0.4083537,0.56406,,0.3684,false
EVT-CON-1917,Coalition Defense of Middle East & North Africa (MENA),1949,contemporary,war,Middle East,Middle East & North Africa (MENA),CHR-CON-1917,19331.5,0.295,0.567,0.4837,0.231,77,0.5005,66.4,9.5,0.5567,149.7,66.2,0.6935,0.5098,0.458,0.265,0.3272,0.4864,0.4093,-0.0234,0.6238,0.5675,0.738205,RMD,BRACKET_HIGH,true,false,0.4113251,0.39290453999999997,0.48659208,,0.3729,false
EVT-CON-1918,Provincial Autonomy Insurgency against Latin America (Mercosur/Alliance),1971,contemporary,revolution,Latin America,Latin America (Mercosur/Alliance),CHR-CON-1918,23485.9,0.487,0.645,0.44,0.401,81.4,0.6075,59.6,19.3,0.5423,247.1,59.7,0.6973,0.5972,0.4393,0.1273,0.3706,0.5692,0.4207,-0.028,0.4095,0.509,0.510244,CMN,BRACKET_BASE,false,true,0.6651927999999999,0.5441296299999999,0.73135317,,0.396,false
EVT-CON-1919,Agricultural Plague Wave in Global Transnational Institutions,1959,contemporary,pandemic,Global,Global Transnational Institutions,CHR-CON-1919,24756,0.352,0.13,0.6465,0.22,90.8,0.564,63.9,17.4,0.5772,147.2,59.5,0.6588,0.6464,0.6201,0.3064,0.5386,0.4385,0.51,-0.2079,0.631,0.6319,0.490041,CMN,BRACKET_BASE,false,true,0.6637500000000001,0.588,0.9203749999999999,,0.3838,false
EVT-CON-1920,Navigational Instrument Reform in Middle East & North Africa (MENA),2018,contemporary,technological,Middle East,Middle East & North Africa (MENA),CHR-CON-1920,7395,0.403,0.66,0.3161,0.696,76.5,0.7305,56.5,29.8,0.5719,97.7,50.3,0.5831,0.4512,0.5105,0.5572,0.6951,0.6777,0.5783,0.2265,0.4376,0.6189,0.697485,RMD,BRACKET_MEDIUM,false,false,0.44593893000000007,0.5346567000000001,0.63988392,,0.2988,false
EVT-CON-1921,Monastic Network Expansion of Southeast Asia (ASEAN),2017,contemporary,religious,Southeast Asia,Southeast Asia (ASEAN),CHR-CON-1921,38985.5,0.622,0.677,0.5293,0.499,65.5,0.577,72,31.4,0.7484,337.3,39.3,0.6178,0.5714,0.5816,0.3868,0.5364,0.5968,0.5346,0.0254,0.305,0.4418,0.555046,CMN,BRACKET_BASE,false,true,0.5116141499999999,0.5475778,0.6438624,,0.3585,false
EVT-CON-1922,Navigational Instrument Reform in Middle East & North Africa (MENA),1993,contemporary,technological,Middle East,Middle East & North Africa (MENA),CHR-CON-1922,21693.6,0.344,0.297,0.5712,0.436,72.8,0.582,81.7,20.9,0.7899,367.9,77.1,0.8131,0.6119,0.6494,0.6984,0.8291,0.8778,0.7333,0.2659,0.4063,0.5837,0.850715,RMD,BRACKET_HIGH,true,false,0.27860330000000005,0.48817875,0.5819544400000001,,0.3133,false
EVT-CON-1923,Frontier Fragmentation of Southeast Asia (ASEAN),2023,contemporary,collapse,Southeast Asia,Southeast Asia (ASEAN),CHR-CON-1923,19549.9,0.344,0.604,0.4599,0.632,82.6,0.729,56.4,14.7,0.4802,79.1,60.8,0.6204,0.6964,0.6284,0.3986,0.4856,0.4807,0.5379,-0.2157,0.6242,0.6522,0.474135,CMN,BRACKET_BASE,false,true,0.6586057499999999,0.579375,0.9115,,0.3511,false
EVT-CON-1924,Educational Charter of Sub-Saharan Africa,1997,contemporary,transformation,Africa,Sub-Saharan Africa,CHR-CON-1924,17418.3,0.534,0.691,0.3576,0.342,81.4,0.578,80.7,15.8,0.7485,248.8,39,0.5943,0.4521,0.5101,0.4216,0.5862,0.6972,0.5334,0.2451,0.2792,0.5795,0.711948,RMD,BRACKET_HIGH,false,false,0.5156019599999999,0.55172468,0.52230864,,0.3372,false
EVT-CON-1925,Systemic Governance Breakdown in United States,1989,contemporary,collapse,North America,United States,CHR-CON-1925,5903.4,0.396,0.583,0.3279,0.823,87.1,0.847,68.3,26.6,0.6798,515.8,57.1,0.7376,0.7731,0.7014,0.3803,0.4039,0.4633,0.5444,-0.3098,0.6081,0.6711,0.518647,CMN,BRACKET_BASE,false,true,0.6808749999999999,0.610375,0.985125,,0.3742,false
EVT-CON-1926,Coalition Defense of Middle East & North Africa (MENA),1990,contemporary,war,Middle East,Middle East & North Africa (MENA),CHR-CON-1926,24616.5,0.626,0.61,0.419,0.265,88.4,0.5745,66.5,18.3,0.6106,515.7,43.9,0.6716,0.576,0.4753,0.2284,0.41,0.6299,0.4639,0.0539,0.6906,0.5911,0.507098,CMN,BRACKET_BASE,false,true,0.6928489800000001,0.56463216,0.70013125,,0.4032,false
EVT-CON-1927,Provincial Autonomy Insurgency against Latin America (Mercosur/Alliance),2022,contemporary,revolution,Latin America,Latin America (Mercosur/Alliance),CHR-CON-1927,16921,0.352,0.84,0.363,0.809,91.4,0.8615,77.7,28,0.7894,284.3,48.6,0.652,0.7072,0.5446,0.2357,0.4299,0.7908,0.5416,0.0836,0.7401,0.5581,0.609416,CMN,BRACKET_BASE,false,true,0.53158389,0.6379296,0.7272190799999999,,0.3971,false
EVT-CON-1928,Mercantile Tariff Overhaul across Japan,1946,contemporary,economic,East Asia,Japan,CHR-CON-1928,32404.9,0.403,0.812,0.4953,0.655,86.6,0.7605,80,15.7,0.7404,229.2,69.5,0.7409,0.6876,0.6153,0.4307,0.5791,0.7045,0.6034,0.0169,0.6025,0.4903,0.711716,RMD,BRACKET_HIGH,false,false,0.31969485,0.56761835,0.7098738400000001,,0.3838,false
EVT-CON-1929,Fiscal Modernization in European Union / Western Europe,1955,contemporary,transformation,Europe,European Union / Western Europe,CHR-CON-1929,46295.8,0.495,0.721,0.6199,0.627,96.4,0.7955,65.2,10.2,0.548,463.8,45.1,0.6699,0.6053,0.6847,0.6172,0.749,0.7514,0.6815,0.1461,0.2649,0.4806,0.691183,RMD,BRACKET_MEDIUM,false,false,0.32369932,0.53500458,0.55225469,,0.2974,false
EVT-CON-1930,Decentralization Wave across Sub-Saharan Africa,1967,contemporary,collapse,Africa,Sub-Saharan Africa,CHR-CON-1930,12626.9,0.436,0.679,0.3475,0.652,90.1,0.7765,72.4,14.3,0.6501,240.3,79.4,0.7938,0.7459,0.6877,0.429,0.5025,0.5381,0.5806,-0.2078,0.6468,0.6378,0.595613,CMN,BRACKET_BASE,false,true,0.37569282000000004,0.41403061999999996,0.5771955,,0.3641,false
EVT-CON-1931,Decentralization Wave across Southeast Asia (ASEAN),1955,contemporary,collapse,Southeast Asia,Southeast Asia (ASEAN),CHR-CON-1931,41561.2,0.289,0.237,0.7843,0.839,69.5,0.767,74.9,9.3,0.647,244.2,85.2,0.824,0.8612,0.746,0.3749,0.4567,0.5334,0.5944,-0.3278,0.7651,0.6685,0.440034,CMN,BRACKET_BASE,false,true,0.49217419999999995,0.62023808,0.9163199200000001,,0.3977,false
EVT-CON-1932,Fiscal Default Crisis in Middle East & North Africa (MENA),1963,contemporary,collapse,Middle East,Middle East & North Africa (MENA),CHR-CON-1932,33651.6,0.447,0.795,0.4984,0.389,98.5,0.687,66.3,12.9,0.576,180.9,84.1,0.7967,0.7046,0.6081,0.2164,0.3139,0.5215,0.4729,-0.1831,0.794,0.6632,0.510755,CMN,BRACKET_BASE,false,true,0.64691595,0.5389814999999999,0.8074908199999999,,0.4075,false
EVT-CON-1933,Succession Conflict of Southeast Asia (ASEAN),1971,contemporary,war,Southeast Asia,Southeast Asia (ASEAN),CHR-CON-1933,23853.2,0.294,0.648,0.5004,0.609,76.7,0.688,84.4,8.8,0.7463,82.7,52.8,0.5836,0.6487,0.577,0.3946,0.5691,0.7882,0.5955,0.1395,0.596,0.5641,0.417905,CMN,BRACKET_BASE,false,true,0.724375,0.591125,0.709125,,0.3961,false
EVT-CON-1934,Respiratory Virulence Wave across Latin America (Mercosur/Alliance),1996,contemporary,pandemic,Latin America,Latin America (Mercosur/Alliance),CHR-CON-1934,44122.8,0.277,0.558,0.7146,0.53,75.8,0.644,80.6,27.1,0.8152,243.9,68.8,0.7419,0.7518,0.7087,0.4246,0.6373,0.5756,0.6196,-0.1762,0.8766,0.6182,0.647257,RMD,BRACKET_MEDIUM,false,true,0.45059298,0.3965953,0.5463728400000001,,0.3812,false
EVT-CON-1935,Debt Crisis Settlement of Latin America (Mercosur/Alliance),1983,contemporary,economic,Latin America,Latin America (Mercosur/Alliance),CHR-CON-1935,32581.2,0.643,0.217,0.6034,0.409,69.9,0.554,65.2,21.3,0.6146,149.5,78.4,0.7544,0.7112,0.6753,0.5718,0.7224,0.5884,0.6538,-0.1228,0.4929,0.5537,0.693923,RMD,BRACKET_MEDIUM,false,false,0.31197712,0.560375,0.8089999999999999,,0.3059,false
EVT-CON-1936,Strategic Siege of European Union / Western Europe,1982,contemporary,war,Europe,European Union / Western Europe,CHR-CON-1936,19009.6,0.355,0.831,0.3836,0.269,74,0.5045,76.5,12,0.6805,334.3,50.8,0.6747,0.5588,0.4424,0.1051,0.1876,0.5261,0.364,-0.0327,0.4105,0.515,0.56651,CMN,BRACKET_BASE,false,true,0.7257787200000001,0.630625,0.7956249999999999,,0.4047,false
EVT-CON-1937,Agrarian Insurgency in People's Republic of China,1978,contemporary,revolution,East Asia,People's Republic of China,CHR-CON-1937,22311.4,0.447,0.421,0.5087,0.702,97.7,0.8395,82.3,26.4,0.8293,248.5,53.9,0.6687,0.7508,0.632,0.3918,0.6705,0.93,0.675,0.1792,0.4298,0.5076,0.735693,RMD,BRACKET_HIGH,true,false,0.25400196,0.6265872,0.682651,,0.389,false
EVT-CON-1938,Systemic Governance Breakdown in Southeast Asia (ASEAN),1993,contemporary,collapse,Southeast Asia,Southeast Asia (ASEAN),CHR-CON-1938,39163.7,0.526,0.147,0.7187,0.589,98.6,0.7875,60,13.8,0.5136,529.2,72.8,0.8179,0.798,0.6956,0.4736,0.4991,0.4763,0.5885,-0.3217,0.8341,0.7093,0.607237,CMN,BRACKET_BASE,false,true,0.48618877,0.49932717000000004,0.8711822700000001,,0.3477,false
EVT-CON-1939,Orthodoxy & Heresy Trial Wave in People's Republic of China,1988,contemporary,religious,East Asia,People's Republic of China,CHR-CON-1939,33024.4,0.636,0.456,0.5378,0.691,96.4,0.8275,74.7,12.7,0.6653,173.3,47.6,0.6111,0.6583,0.669,0.5399,0.6163,0.8008,0.6569,0.1425,0.4373,0.5117,0.614963,CMN,BRACKET_BASE,false,true,0.30926097999999996,0.39335570999999997,0.39875778,,0.3519,false
EVT-CON-1940,Educational Charter of United States,1951,contemporary,transformation,North America,United States,CHR-CON-1940,39027.5,0.474,0.789,0.5404,0.546,82.9,0.6875,81.6,9.4,0.7198,64.8,48.9,0.5464,0.5468,0.5839,0.4382,0.6812,0.8936,0.6287,0.3468,0.309,0.6024,0.979158,RMD,BRACKET_HIGH,true,false,0.24942899999999998,0.39994486,0.361566,,0.383,false
EVT-CON-1941,Printing & Communications Diffusion in Southeast Asia (ASEAN),1959,contemporary,technological,Southeast Asia,Southeast Asia (ASEAN),CHR-CON-1941,23411,0.382,0.627,0.4763,0.277,97.4,0.6255,63.3,20.5,0.5893,546,51.8,0.7152,0.5178,0.57,0.6871,0.8289,0.8369,0.6881,0.3191,0.4885,0.6708,0.86917,RMD,BRACKET_HIGH,true,false,0.18831504999999998,0.39086355,0.4436568,,0.3139,false
EVT-CON-1942,Frontier Campaign of United States,1956,contemporary,war,North America,United States,CHR-CON-1942,29704.4,0.606,0.5,0.5037,0.235,84.2,0.5385,65.7,11.7,0.5624,264.6,66.9,0.7383,0.5704,0.4745,0.1479,0.2541,0.4417,0.3777,-0.1287,0.4276,0.5657,0.429389,CMN,BRACKET_BASE,false,true,0.6762800000000001,0.57909929,0.7813272000000001,,0.4065,false
EVT-CON-1943,Strategic Siege of Sub-Saharan Africa,2001,contemporary,war,Africa,Sub-Saharan Africa,CHR-CON-1943,29159.5,0.351,0.668,0.5249,0.275,77,0.5225,80.3,29.7,0.8276,463,67.4,0.7813,0.7232,0.6469,0.4264,0.5938,0.6044,0.5989,-0.1188,0.4759,0.5319,0.520355,CMN,BRACKET_BASE,false,true,0.51738192,0.5855,0.83175,,0.3733,false
EVT-CON-1944,Printing & Communications Diffusion in Sub-Saharan Africa,1978,contemporary,technological,Africa,Sub-Saharan Africa,CHR-CON-1944,29063,0.436,0.386,0.5832,0.72,89.1,0.8055,60.7,16.2,0.5355,188.5,53.9,0.6487,0.5629,0.5991,0.7027,0.7672,0.8153,0.6894,0.2524,0.4174,0.582,0.764641,RMD,BRACKET_HIGH,true,false,0.27876004,0.557625,0.7084999999999999,,0.2959,false
EVT-CON-1945,Monastic Network Expansion of Latin America (Mercosur/Alliance),1953,contemporary,religious,Latin America,Latin America (Mercosur/Alliance),CHR-CON-1945,36678.4,0.283,0.728,0.5949,0.507,76.2,0.6345,83.2,17.5,0.7856,539.4,42.8,0.6693,0.7018,0.7704,0.6189,0.7051,0.9046,0.7402,0.2028,0.285,0.5085,0.796121,RMD,BRACKET_HIGH,true,false,0.14713065,0.39343920000000004,0.35115767999999997,,0.3522,false
EVT-CON-1946,Temple Bureaucracy Reorganization of Global Transnational Institutions,1978,contemporary,religious,Global,Global Transnational Institutions,CHR-CON-1946,27450.3,0.419,0.2,0.6296,0.527,89.4,0.7105,67.8,17.3,0.6186,473.7,38.2,0.6369,0.63,0.6309,0.4862,0.5872,0.6966,0.6062,0.0666,0.2895,0.4445,0.717928,RMD,BRACKET_HIGH,false,false,0.37318060000000003,0.39839104,0.41629,,0.3457,false
EVT-CON-1947,Dynastic Disintegration of Republic of India,1996,contemporary,collapse,South Asia,Republic of India,CHR-CON-1947,34046.1,0.468,0.551,0.5689,0.464,69.3,0.5785,83.5,27.9,0.8512,430.8,73.8,0.808,0.8442,0.7283,0.4904,0.5318,0.5468,0.6283,-0.2974,0.732,0.6738,0.273028,CMN,BRACKET_BASE,false,true,0.7390054200000001,0.59925,0.9728749999999999,,0.3548,false
EVT-CON-1948,Sanitation & Medical Breakthrough in Global Transnational Institutions,1961,contemporary,technological,Global,Global Transnational Institutions,CHR-CON-1948,40199.9,0.52,0.611,0.5906,0.451,84.8,0.6495,58.8,22.8,0.5546,219.5,44.3,0.6117,0.5533,0.5767,0.6423,0.7079,0.7884,0.6537,0.2351,0.433,0.596,0.659051,RMD,BRACKET_MEDIUM,false,true,0.43605608000000007,0.55175,0.667625,,0.301,false
EVT-CON-1949,Palatial Collapse of Southeast Asia (ASEAN),1957,contemporary,collapse,Southeast Asia,Southeast Asia (ASEAN),CHR-CON-1949,35085.6,0.635,0.438,0.562,0.571,93.3,0.752,83.7,26.8,0.8468,338,78.1,0.812,0.8282,0.7121,0.4636,0.559,0.3935,0.5913,-0.4347,0.6944,0.7142,0.709457,RMD,BRACKET_HIGH,false,false,0.38741,0.4129779,0.63752606,,0.3711,false
EVT-CON-1950,Continental Standoff of Japan,2012,contemporary,war,East Asia,Japan,CHR-CON-1950,6482.5,0.622,0.416,0.3154,0.46,67.9,0.5695,71.9,21.2,0.6861,287.9,38.4,0.6019,0.5926,0.5162,0.2291,0.4114,0.4996,0.4498,-0.093,0.3597,0.5345,0.497933,CMN,BRACKET_BASE,false,true,0.6189134599999999,0.57394546,0.7501523999999999,,0.3982,false
EVT-CON-1951,Debt Crisis Settlement of Sub-Saharan Africa,1976,contemporary,economic,Africa,Sub-Saharan Africa,CHR-CON-1951,41989,0.35,0.255,0.7645,0.299,86.8,0.5835,72.2,30.8,0.747,256.1,67.3,0.7379,0.7748,0.6918,0.5869,0.6466,0.7389,0.6878,-0.0359,0.3929,0.4334,0.527076,CMN,BRACKET_BASE,false,true,0.41453958,0.47861994,0.6450834599999999,,0.3421,false
EVT-CON-1952,Imperial Unification of Middle East & North Africa (MENA),1985,contemporary,transformation,Middle East,Middle East & North Africa (MENA),CHR-CON-1952,14431.8,0.424,0.535,0.4106,0.837,78,0.8085,55.1,29.5,0.555,293.1,63.6,0.7292,0.5174,0.5788,0.5202,0.6797,0.6687,0.593,0.1513,0.1966,0.4947,0.587167,CMN,BRACKET_BASE,false,true,0.5395284,0.556875,0.5743750000000001,,0.3036,false
EVT-CON-1953,Peasant Rebellion against Global Transnational Institutions,2013,contemporary,revolution,Global,Global Transnational Institutions,CHR-CON-1953,40766.2,0.364,0.193,0.7679,0.318,78.3,0.5505,70.4,10.5,0.6058,546.8,50.7,0.7098,0.6749,0.5112,0.2199,0.4668,0.7568,0.5259,0.0819,0.7538,0.574,0.577658,CMN,BRACKET_BASE,false,true,0.5118657000000001,0.44552495,0.48785325,,0.3916,false
EVT-CON-1954,Provincial Autonomy Insurgency against Southeast Asia (ASEAN),1993,contemporary,revolution,Southeast Asia,Southeast Asia (ASEAN),CHR-CON-1954,19427.1,0.374,0.496,0.4822,0.827,81,0.8185,63.8,12.2,0.5449,207.4,46.8,0.6201,0.6514,0.4723,0.1598,0.2914,0.8466,0.4843,0.1952,0.6252,0.6149,0.375943,CMN,BRACKET_BASE,false,true,0.764157,0.698,0.788125,,0.4075,false
EVT-CON-1955,Strategic Siege of Latin America (Mercosur/Alliance),1950,contemporary,war,Latin America,Latin America (Mercosur/Alliance),CHR-CON-1955,25623.4,0.41,0.777,0.4428,0.834,86.7,0.8505,72.8,23.6,0.7102,291.6,57.2,0.6968,0.6969,0.6239,0.3488,0.4082,0.4831,0.5122,-0.2138,0.4376,0.5543,0.753145,RMD,BRACKET_HIGH,true,false,0.41063022000000005,0.4237765,0.56428541,,0.3788,false
EVT-CON-1956,Orthodoxy & Heresy Trial Wave in USSR / Russian Federation,1955,contemporary,religious,Eurasia,USSR / Russian Federation,CHR-CON-1956,40696.7,0.367,0.648,0.6299,0.839,65.9,0.749,65.2,21.3,0.6146,265.9,69.9,0.7536,0.6997,0.7338,0.5924,0.6553,0.8207,0.7004,0.121,0.4112,0.4991,0.8115,RMD,BRACKET_HIGH,true,false,0.16572134,0.3926717,0.40302096,,0.3426,false
EVT-CON-1957,Harbor Incursion Sickness in Sub-Saharan Africa,1992,contemporary,pandemic,Africa,Sub-Saharan Africa,CHR-CON-1957,4093.3,0.462,0.215,0.4022,0.732,73.4,0.733,58.1,26.9,0.5717,249.5,47.5,0.637,0.6325,0.6018,0.2168,0.4357,0.3511,0.4476,-0.2814,0.6474,0.6878,0.608525,CMN,BRACKET_BASE,false,true,0.5364051,0.420562,0.60735336,,0.3967,false
EVT-CON-1958,Administrative Codification of Southeast Asia (ASEAN),1992,contemporary,transformation,Southeast Asia,Southeast Asia (ASEAN),CHR-CON-1958,32065.2,0.634,0.538,0.5052,0.775,70.7,0.741,61.3,27.4,0.6092,220.7,83.7,0.8091,0.5683,0.6417,0.579,0.8248,0.8425,0.6913,0.2742,0.1743,0.5433,0.80278,RMD,BRACKET_HIGH,true,false,0.27400999,0.39255732,0.31042401,,0.3379,false
EVT-CON-1959,Fiscal Default Crisis in United States,2011,contemporary,collapse,North America,United States,CHR-CON-1959,24999.7,0.321,0.672,0.4954,0.676,79.5,0.7355,63.7,10.8,0.5354,500.1,64.3,0.7713,0.7319,0.6682,0.4528,0.4866,0.4942,0.5667,-0.2377,0.4538,0.6069,0.662408,RMD,BRACKET_MEDIUM,false,true,0.44231382,0.5705393000000001,0.8329035,,0.3364,false
EVT-CON-1960,Epidemic Fever Outbreak across USSR / Russian Federation,1998,contemporary,pandemic,Eurasia,USSR / Russian Federation,CHR-CON-1960,36975.5,0.571,0.863,0.4707,0.717,99,0.8535,82,22.1,0.8003,183.9,43.8,0.5964,0.7465,0.7187,0.2819,0.4478,0.3744,0.5139,-0.3721,0.6924,0.6854,0.564986,CMN,BRACKET_BASE,false,true,0.50207344,0.6407499999999999,1,,0.3951,false
EVT-CON-1961,Fiscal Default Crisis in United States,1972,contemporary,collapse,North America,United States,CHR-CON-1961,20549.6,0.3,0.257,0.5862,0.832,74.8,0.79,74.2,18.2,0.6929,200.4,52.5,0.6461,0.8073,0.7518,0.53,0.5942,0.3823,0.6131,-0.425,0.5924,0.6972,0.493585,CMN,BRACKET_BASE,false,true,0.64275068,0.60875,1,,0.3581,false
EVT-CON-1962,Continental Standoff of Global Transnational Institutions,1984,contemporary,war,Global,Global Transnational Institutions,CHR-CON-1962,6909.5,0.536,0.351,0.3645,0.271,80.2,0.5365,56.1,27.3,0.5526,191.4,65,0.7053,0.5998,0.5246,0.3033,0.4155,0.676,0.5038,0.0762,0.3822,0.5487,0.566647,CMN,BRACKET_BASE,false,true,0.6263652399999999,0.5752078,0.6542059999999998,,0.3995,false
EVT-CON-1963,Borderlands Pacification of Global Transnational Institutions,2020,contemporary,war,Global,Global Transnational Institutions,CHR-CON-1963,33158.1,0.381,0.85,0.4973,0.665,86.9,0.767,56,13.2,0.4669,74.2,80,0.7117,0.5667,0.4698,0.2774,0.4668,0.3339,0.4229,-0.2328,0.5494,0.6334,0.601495,CMN,BRACKET_BASE,false,true,0.4408261,0.39357066,0.55430957,,0.3549,false
EVT-CON-1964,Caravan Route Pestilence in People's Republic of China,2020,contemporary,pandemic,East Asia,People's Republic of China,CHR-CON-1964,39789.3,0.322,0.709,0.6169,0.434,99.5,0.7145,57.4,25.1,0.5534,142.7,69.6,0.7071,0.7436,0.7002,0.3013,0.5348,0.612,0.5784,-0.1316,0.7807,0.6135,0.678343,RMD,BRACKET_MEDIUM,false,true,0.44079228,0.41497533,0.5346015,,0.4048,false
EVT-CON-1965,Harbor Incursion Sickness in Middle East & North Africa (MENA),1960,contemporary,pandemic,Middle East,Middle East & North Africa (MENA),CHR-CON-1965,16942.6,0.343,0.714,0.4037,0.245,70.2,0.4735,73.3,29.7,0.7522,160.2,57.5,0.6549,0.6635,0.6096,0.2504,0.3558,0.3933,0.4545,-0.2702,0.7821,0.727,0.467378,CMN,BRACKET_BASE,false,true,0.51899526,0.41449592,0.59262346,,0.3887,false
EVT-CON-1966,Fiscal Default Crisis in European Union / Western Europe,2018,contemporary,collapse,Europe,European Union / Western Europe,CHR-CON-1966,20893.8,0.569,0.48,0.4416,0.454,92.8,0.691,82.5,13,0.7511,75.1,55.4,0.5896,0.7677,0.6787,0.4278,0.5143,0.515,0.5807,-0.2527,0.4265,0.5905,0.687304,RMD,BRACKET_MEDIUM,false,false,0.32125665,0.59675,0.908,,0.3625,false
EVT-CON-1967,Respiratory Virulence Wave across Latin America (Mercosur/Alliance),2026,contemporary,pandemic,Latin America,Latin America (Mercosur/Alliance),CHR-CON-1967,16811.4,0.513,0.668,0.3654,0.692,65.7,0.6745,66.6,23.2,0.641,155.7,82.9,0.7799,0.6858,0.6296,0.1575,0.2627,0.6422,0.4756,-0.0436,0.9395,0.6363,0.641049,RMD,BRACKET_MEDIUM,false,true,0.3866594,0.45703308,0.49468306000000006,,0.4002,false
EVT-CON-1968,Maritime Hegemony Clash in USSR / Russian Federation,2011,contemporary,war,Eurasia,USSR / Russian Federation,CHR-CON-1968,24056.4,0.275,0.679,0.4986,0.662,76.5,0.7135,76.7,17.2,0.7138,317.4,66.8,0.7509,0.6375,0.5396,0.3707,0.5035,0.684,0.5471,0.0465,0.4664,0.4828,0.854175,RMD,BRACKET_HIGH,true,false,0.32897655,0.39825631000000006,0.43897435,,0.3911,false
EVT-CON-1969,Military Coup d’État in Sub-Saharan Africa,1965,contemporary,revolution,Africa,Sub-Saharan Africa,CHR-CON-1969,7646.9,0.601,0.384,0.3418,0.543,80.3,0.673,66.4,13.2,0.5789,440,63.5,0.7581,0.5895,0.4572,0.1842,0.4352,0.3589,0.405,-0.2306,0.6259,0.6719,0.520273,CMN,BRACKET_BASE,false,true,0.7076440799999999,0.57955132,0.87377805,,0.3982,false
EVT-CON-1970,Silver Flotilla Currency Shock in Southeast Asia (ASEAN),1999,contemporary,economic,Southeast Asia,Southeast Asia (ASEAN),CHR-CON-1970,35450.2,0.283,0.696,0.5935,0.457,79.3,0.625,65.9,10.8,0.5591,286.3,52.4,0.6715,0.6376,0.5628,0.4114,0.5318,0.6053,0.5498,-0.0323,0.5803,0.5259,0.665503,RMD,BRACKET_MEDIUM,false,true,0.44373431999999996,0.39201795,0.4830022499999999,,0.3609,false
EVT-CON-1971,Fiscal Default Crisis in USSR / Russian Federation,1992,contemporary,collapse,Eurasia,USSR / Russian Federation,CHR-CON-1971,21378,0.494,0.693,0.4046,0.364,93.4,0.649,70.9,10.6,0.6118,93.3,80.8,0.7323,0.6963,0.6315,0.3116,0.3745,0.3193,0.4666,-0.377,0.5574,0.7231,0.45153,CMN,BRACKET_BASE,false,true,0.66529894,0.5048133,0.88741378,,0.3662,false
EVT-CON-1972,Agrarian Restructuring of Latin America (Mercosur/Alliance),2025,contemporary,transformation,Latin America,Latin America (Mercosur/Alliance),CHR-CON-1972,11894.9,0.431,0.637,0.3551,0.518,73.3,0.6255,56.1,21.1,0.5154,499.8,62.9,0.7643,0.5128,0.5594,0.4473,0.6069,0.6159,0.5485,0.1031,0.2445,0.5224,0.686557,RMD,BRACKET_MEDIUM,false,false,0.3232661600000001,0.4732308,0.5612402400000001,,0.3132,false
EVT-CON-1973,Caravan Route Pestilence in United States,1959,contemporary,pandemic,North America,United States,CHR-CON-1973,30175.8,0.562,0.778,0.4378,0.618,92.6,0.772,69.1,14.5,0.6158,526.2,43,0.6685,0.6459,0.6007,0.1415,0.2638,0.5409,0.4386,-0.105,0.935,0.6466,0.459705,CMN,BRACKET_BASE,false,true,0.6830496,0.55864384,0.7698154400000001,,0.3988,false
EVT-CON-1974,Temple Bureaucracy Reorganization of Japan,1989,contemporary,religious,East Asia,Japan,CHR-CON-1974,16371.4,0.553,0.417,0.4247,0.532,98,0.756,55.2,26.2,0.5363,566.8,76.5,0.8414,0.5982,0.585,0.4769,0.6148,0.5648,0.5679,-0.0334,0.2588,0.4552,0.507904,CMN,BRACKET_BASE,false,true,0.38136574,0.53284848,0.6504790599999999,,0.3074,false
EVT-CON-1975,Grain Market Price Shock across People's Republic of China,1998,contemporary,economic,East Asia,People's Republic of China,CHR-CON-1975,9232.3,0.41,0.519,0.3728,0.471,86.6,0.6685,56.8,31.5,0.5853,392.2,65.7,0.7608,0.5556,0.5098,0.3978,0.4868,0.4623,0.4825,-0.0933,0.316,0.5154,0.483848,CMN,BRACKET_BASE,false,true,0.54170928,0.553875,0.764375,,0.3076,false
EVT-CON-1976,Constitutional Reorganization of United States,1969,contemporary,transformation,North America,United States,CHR-CON-1976,38582.4,0.371,0.253,0.7281,0.652,90.9,0.7805,74.5,12.4,0.6613,182.7,85.9,0.8065,0.6662,0.7308,0.6188,0.8337,0.7891,0.7277,0.1229,0.2075,0.4228,0.676814,RMD,BRACKET_MEDIUM,false,true,0.22231836000000002,0.574,0.591375,,0.3181,false
EVT-CON-1977,Fiscal Default Crisis in Latin America (Mercosur/Alliance),1952,contemporary,collapse,Latin America,Latin America (Mercosur/Alliance),CHR-CON-1977,37514.2,0.639,0.649,0.5193,0.307,94,0.6235,67.4,26.5,0.6695,387.8,43.9,0.6509,0.691,0.621,0.3529,0.3785,0.3866,0.486,-0.3044,0.5784,0.6671,0.394848,CMN,BRACKET_BASE,false,true,0.6826528599999999,0.5790993900000001,0.897743,,0.3516,false
EVT-CON-1978,Mechanical Power Harnessing in Global Transnational Institutions,1955,contemporary,technological,Global,Global Transnational Institutions,CHR-CON-1978,43982.9,0.634,0.881,0.5094,0.655,90.2,0.7785,64,25.9,0.6292,563.3,61.3,0.765,0.6096,0.656,0.7531,0.9091,0.9452,0.7746,0.3356,0.1735,0.567,0.726327,RMD,BRACKET_HIGH,false,false,0.24723842000000001,0.39096793999999996,0.36479194,,0.3253,false
EVT-CON-1979,Agrarian Insurgency in Latin America (Mercosur/Alliance),1949,contemporary,revolution,Latin America,Latin America (Mercosur/Alliance),CHR-CON-1979,25663.9,0.415,0.24,0.6027,0.403,91.4,0.6585,75.2,30.1,0.7751,433.6,64.9,0.764,0.7005,0.5571,0.2097,0.4515,0.7529,0.5343,0.0524,0.633,0.5111,0.424906,CMN,BRACKET_BASE,false,true,0.70825,0.65625,0.79375,,0.3969,false
EVT-CON-1980,Secular Legal Separation in Southeast Asia (ASEAN),1999,contemporary,religious,Southeast Asia,Southeast Asia (ASEAN),CHR-CON-1980,44508.2,0.598,0.179,0.7355,0.277,67.1,0.474,65.5,19.8,0.6088,366.6,62.2,0.7384,0.6356,0.6534,0.5339,0.6359,0.712,0.6342,0.0764,0.3598,0.4885,0.831001,RMD,BRACKET_HIGH,true,false,0.31624467,0.38930544,0.41745138,,0.3234,false
EVT-CON-1981,Mechanical Power Harnessing in United States,1988,contemporary,technological,North America,United States,CHR-CON-1981,35766.1,0.555,0.647,0.5294,0.707,71.6,0.7115,63.9,14.9,0.5622,225.8,48.5,0.6348,0.5168,0.5645,0.67,0.7761,0.878,0.6811,0.3612,0.2234,0.6104,0.776957,RMD,BRACKET_HIGH,true,false,0.35070994,0.56925,0.615375,,0.3288,false
EVT-CON-1982,Harbor Incursion Sickness in United States,1994,contemporary,pandemic,North America,United States,CHR-CON-1982,20771.6,0.649,0.315,0.4661,0.217,92.1,0.569,81.2,13.7,0.7413,201.8,53.9,0.6537,0.6833,0.6136,0.1596,0.378,0.4956,0.466,-0.1877,0.7841,0.6609,0.491204,CMN,BRACKET_BASE,false,true,0.7741643000000001,0.632125,0.903375,,0.4024,false
EVT-CON-1983,Fiscal Modernization in Republic of India,1988,contemporary,transformation,South Asia,Republic of India,CHR-CON-1983,7664.5,0.55,0.752,0.2468,0.493,87.4,0.6835,70.6,29.7,0.7231,177.6,54.9,0.6494,0.4865,0.5552,0.4689,0.6344,0.6212,0.5532,0.1347,0.1948,0.5034,0.703794,RMD,BRACKET_HIGH,false,false,0.34458362000000003,0.47761849999999995,0.5281306800000001,,0.3066,false
EVT-CON-1984,Metallurgical Innovation Surge in Latin America (Mercosur/Alliance),1958,contemporary,technological,Latin America,Latin America (Mercosur/Alliance),CHR-CON-1984,40079.5,0.483,0.515,0.6294,0.344,67.3,0.5085,83.3,20.1,0.8023,515.3,70.5,0.8045,0.5981,0.6541,0.7018,0.8066,0.7346,0.699,0.1365,0.4045,0.5138,0.801098,RMD,BRACKET_HIGH,true,false,0.2864295,0.539994,0.6762525,,0.2721,false
EVT-CON-1985,Frontier Fragmentation of Sub-Saharan Africa,1962,contemporary,collapse,Africa,Sub-Saharan Africa,CHR-CON-1985,10296.1,0.351,0.571,0.3845,0.792,68.3,0.7375,63.2,18.7,0.5774,329.9,81.2,0.8257,0.719,0.6183,0.2513,0.3219,0.5236,0.4868,-0.1954,0.7895,0.678,0.584215,CMN,BRACKET_BASE,false,true,0.43505584,0.42980334,0.56028952,,0.4071,false
EVT-CON-1986,Epidemic Fever Outbreak across People's Republic of China,1997,contemporary,pandemic,East Asia,People's Republic of China,CHR-CON-1986,18746.8,0.327,0.733,0.419,0.651,77.7,0.714,80.1,14.5,0.7342,179.6,51.9,0.6352,0.6673,0.5892,0.1818,0.3041,0.356,0.4197,-0.3113,0.6312,0.6758,0.508787,CMN,BRACKET_BASE,false,true,0.7482700800000001,0.626375,0.9765,,0.4021,false
EVT-CON-1987,Astronomical Standardization by USSR / Russian Federation,2025,contemporary,technological,Eurasia,USSR / Russian Federation,CHR-CON-1987,30282.7,0.312,0.681,0.5428,0.206,87.5,0.5405,79.7,10.4,0.7053,493.2,42.3,0.6603,0.5562,0.5853,0.6317,0.7459,0.7205,0.6479,0.1643,0.289,0.5227,0.586843,CMN,BRACKET_BASE,false,true,0.40508823999999993,0.47863829999999996,0.5983420799999999,,0.2834,false
EVT-CON-1988,Judicial Standard Reform in Middle East & North Africa (MENA),2008,contemporary,transformation,Middle East,Middle East & North Africa (MENA),CHR-CON-1988,11666,0.425,0.504,0.3947,0.478,94.3,0.7105,61.2,19.7,0.5619,498.8,65.8,0.7787,0.5589,0.6125,0.5463,0.743,0.8048,0.6531,0.2459,0.1012,0.538,0.617819,CMN,BRACKET_BASE,false,true,0.42120374999999993,0.4871622400000001,0.43905888000000004,,0.3329,false
EVT-CON-1989,Printing & Communications Diffusion in Latin America (Mercosur/Alliance),1960,contemporary,technological,Latin America,Latin America (Mercosur/Alliance),CHR-CON-1989,40171.5,0.419,0.718,0.5885,0.52,76.2,0.641,73.3,23.7,0.7162,213.2,57.7,0.6766,0.5924,0.6183,0.662,0.7736,0.9135,0.712,0.3211,0.3408,0.5967,0.824105,RMD,BRACKET_HIGH,true,false,0.2463996,0.48305997999999994,0.514372,,0.3309,false
EVT-CON-1990,Hydraulic Engineering Grid in Southeast Asia (ASEAN),2005,contemporary,technological,Southeast Asia,Southeast Asia (ASEAN),CHR-CON-1990,5929,0.51,0.409,0.3461,0.662,65.5,0.6585,70.9,18.7,0.6604,401.8,59.1,0.7295,0.5505,0.5906,0.6799,0.756,0.8432,0.684,0.2927,0.2325,0.5964,0.871539,RMD,BRACKET_HIGH,true,false,0.14283452000000002,0.38625876,0.38899888,,0.3121,false
EVT-CON-1991,Hydraulic Engineering Grid in Sub-Saharan Africa,1976,contemporary,technological,Africa,Sub-Saharan Africa,CHR-CON-1991,16415.6,0.451,0.718,0.3654,0.828,77.4,0.801,65.3,17.1,0.5904,563.3,53.8,0.7275,0.5225,0.5727,0.6658,0.744,0.8959,0.6802,0.3734,0.3402,0.6532,0.597803,CMN,BRACKET_BASE,false,true,0.35283455999999996,0.47482036000000005,0.5502483,,0.3328,false
EVT-CON-1992,Sanitation & Medical Breakthrough in Global Transnational Institutions,1965,contemporary,technological,Global,Global Transnational Institutions,CHR-CON-1992,26796.8,0.395,0.389,0.5742,0.248,70,0.474,83.3,14.4,0.7681,162.8,72.1,0.7291,0.5888,0.6115,0.6515,0.714,0.752,0.6636,0.1632,0.3529,0.5339,0.751542,RMD,BRACKET_HIGH,true,false,0.2983936,0.47029247999999996,0.5972172800000001,,0.2811,false
EVT-CON-1993,Decentralization Wave across United States,2019,contemporary,collapse,North America,United States,CHR-CON-1993,32832.2,0.587,0.604,0.5064,0.629,78.1,0.705,57.5,16.5,0.5028,529.5,84.5,0.8765,0.7345,0.6641,0.4086,0.4424,0.5319,0.5563,-0.2026,0.6466,0.6439,0.723191,RMD,BRACKET_HIGH,false,false,0.58637817,0.590125,0.9131250000000001,,0.3691,false
EVT-CON-1994,Dynastic Disintegration of People's Republic of China,1986,contemporary,collapse,East Asia,People's Republic of China,CHR-CON-1994,16493,0.421,0.654,0.3943,0.56,66.6,0.613,69.6,19,0.6482,92.2,46.2,0.5585,0.6054,0.5064,0.2903,0.3357,0.3906,0.4257,-0.2148,0.8196,0.7026,0.653976,RMD,BRACKET_MEDIUM,false,true,0.5705954999999999,0.55465068,0.8474968700000001,,0.3611,false
EVT-CON-1995,Fiscal Default Crisis in Latin America (Mercosur/Alliance),1950,contemporary,collapse,Latin America,Latin America (Mercosur/Alliance),CHR-CON-1995,38527.8,0.267,0.759,0.6071,0.651,77,0.7105,77,16.8,0.7146,397.8,76.1,0.8138,0.8289,0.7622,0.3887,0.4198,0.6118,0.6023,-0.2171,0.7294,0.6248,0.318029,CMN,BRACKET_BASE,false,true,0.74870341,0.633875,0.929625,,0.4043,false
EVT-CON-1996,Secular Legal Separation in Republic of India,2003,contemporary,religious,South Asia,Republic of India,CHR-CON-1996,28941.8,0.357,0.168,0.6712,0.521,69.3,0.607,75,20.6,0.7159,325.2,77.5,0.8062,0.6673,0.6691,0.5179,0.6829,0.7289,0.6532,0.0616,0.5288,0.4963,0.678665,RMD,BRACKET_MEDIUM,false,true,0.35864525,0.5445276,0.65723088,,0.3468,false
EVT-CON-1997,Agricultural Plague Wave in Global Transnational Institutions,1980,contemporary,pandemic,Global,Global Transnational Institutions,CHR-CON-1997,35044.9,0.309,0.558,0.6234,0.531,73.5,0.633,73.8,21.2,0.7066,379.4,55.5,0.7073,0.758,0.7162,0.28,0.4906,0.6232,0.5736,-0.1348,0.9273,0.6402,0.616014,CMN,BRACKET_BASE,false,true,0.529053,0.62625,0.879125,,0.4042,false
EVT-CON-1998,Orthodoxy & Heresy Trial Wave in Japan,2021,contemporary,religious,East Asia,Japan,CHR-CON-1998,15711.1,0.522,0.535,0.3927,0.478,75.7,0.6175,72.3,16.4,0.6616,295,39.4,0.6086,0.6031,0.6424,0.5374,0.6764,0.7257,0.637,0.1226,0.5158,0.5744,0.749008,RMD,BRACKET_HIGH,true,false,0.3243158,0.553,0.668625,,0.3169,false
EVT-CON-1999,Debt Crisis Settlement of Japan,1992,contemporary,economic,East Asia,Japan,CHR-CON-1999,37916.5,0.483,0.217,0.6994,0.729,93.5,0.832,78.4,16.2,0.7261,339.9,47,0.6569,0.7875,0.7314,0.6231,0.6853,0.6738,0.7002,-0.1137,0.4272,0.4596,0.71646,RMD,BRACKET_HIGH,false,false,0.28165646,0.39209940000000004,0.48773164999999996,,0.3033,false
EVT-CON-2000,Civic Restoration Revolt in Japan,1954,contemporary,revolution,East Asia,Japan,CHR-CON-2000,24842.1,0.369,0.592,0.5035,0.833,98.9,0.911,64.5,22.1,0.6118,201.6,78.1,0.7746,0.6833,0.5466,0.2985,0.4247,0.6326,0.5171,-0.0507,0.7204,0.5335,0.666803,RMD,BRACKET_MEDIUM,false,true,0.41528156,0.5888869999999999,0.7659433,,0.4043,false
